bin,R2_mean,dist
,0.09011591439414778,0.0
"[0.0, 0.001)",0.07539204248568311,0.001
"[0.001, 0.002)",0.0744595079860112,0.002
"[0.002, 0.003)",0.07312559845037553,0.003
"[0.003, 0.004)",0.07384850346941622,0.004
"[0.004, 0.005)",0.06524590482336105,0.005
"[0.005, 0.006)",0.06797918560507121,0.006
"[0.006, 0.007)",0.06261968715687058,0.007
"[0.007, 0.008)",0.06267072959862464,0.008
"[0.008, 0.009000000000000001)",0.05980900471567435,0.009000000000000001
"[0.009000000000000001, 0.01)",0.060445505087177664,0.01
"[0.01, 0.011)",0.059849550142099715,0.011
"[0.011, 0.012)",0.05867742772397236,0.012
"[0.012, 0.013000000000000001)",0.06033187872084681,0.013000000000000001
"[0.013000000000000001, 0.014)",0.06002873588212461,0.014
"[0.014, 0.015)",0.06322929979948691,0.015
"[0.015, 0.016)",0.05521885280839276,0.016
"[0.016, 0.017)",0.06512961601706152,0.017
"[0.017, 0.018000000000000002)",0.05380192885066986,0.018000000000000002
"[0.018000000000000002, 0.019)",0.0545982090542126,0.019
"[0.019, 0.02)",0.05650127550196863,0.02
"[0.02, 0.021)",0.05564323843358735,0.021
"[0.021, 0.022)",0.05295907672465961,0.022
"[0.022, 0.023)",0.053403567670156075,0.023
"[0.023, 0.024)",0.05227561490070228,0.024
"[0.024, 0.025)",0.05417084805828418,0.025
"[0.025, 0.026000000000000002)",0.05458295434445296,0.026000000000000002
"[0.026000000000000002, 0.027)",0.052710784054977436,0.027
"[0.027, 0.028)",0.05185607524802444,0.028
"[0.028, 0.029)",0.0515473571550361,0.029
"[0.029, 0.03)",0.049311202263638505,0.03
"[0.03, 0.031)",0.050391930023491745,0.031
"[0.031, 0.032)",0.04352856965795954,0.032
"[0.032, 0.033)",0.04805354921338097,0.033
"[0.033, 0.034)",0.04999100499292297,0.034
"[0.034, 0.035)",0.046537515243894274,0.035
"[0.035, 0.036000000000000004)",0.052519042321898184,0.036000000000000004
"[0.036000000000000004, 0.037)",0.05077912847438825,0.037
"[0.037, 0.038)",0.04999436631201027,0.038
"[0.038, 0.039)",0.04863266554104908,0.039
"[0.039, 0.04)",0.04447744273247161,0.04
"[0.04, 0.041)",0.046450728523951386,0.041
"[0.041, 0.042)",0.04383884215944282,0.042
"[0.042, 0.043000000000000003)",0.05172179431047659,0.043000000000000003
"[0.043000000000000003, 0.044)",0.04228816214547313,0.044
"[0.044, 0.045)",0.04163285251415309,0.045
"[0.045, 0.046)",0.0467809842450289,0.046
"[0.046, 0.047)",0.04445342776836821,0.047
"[0.047, 0.048)",0.04420259158215454,0.048
"[0.048, 0.049)",0.04506101764562874,0.049
"[0.049, 0.05)",0.04937487092500001,0.05
"[0.05, 0.051000000000000004)",0.04707717313397426,0.051000000000000004
"[0.051000000000000004, 0.052000000000000005)",0.0388139963785035,0.052000000000000005
"[0.052000000000000005, 0.053)",0.04660264402872454,0.053
"[0.053, 0.054)",0.045886546576146506,0.054
"[0.054, 0.055)",0.04198968101537217,0.055
"[0.055, 0.056)",0.041832761329667796,0.056
"[0.056, 0.057)",0.04464841128623189,0.057
"[0.057, 0.058)",0.04085549086728983,0.058
"[0.058, 0.059000000000000004)",0.04041023333746245,0.059000000000000004
"[0.059000000000000004, 0.06)",0.04326095330321662,0.06
"[0.06, 0.061)",0.04456768262835948,0.061
"[0.061, 0.062)",0.04236860871132453,0.062
"[0.062, 0.063)",0.04353605260067718,0.063
"[0.063, 0.064)",0.03844012189836885,0.064
"[0.064, 0.065)",0.03895579418197,0.065
"[0.065, 0.066)",0.04459739258871326,0.066
"[0.066, 0.067)",0.04288638842518626,0.067
"[0.067, 0.068)",0.037551927474547185,0.068
"[0.068, 0.069)",0.042536546600612526,0.069
"[0.069, 0.07)",0.040811317219767204,0.07
"[0.07, 0.07100000000000001)",0.04542249811782905,0.07100000000000001
"[0.07100000000000001, 0.07200000000000001)",0.042471940605345614,0.07200000000000001
"[0.07200000000000001, 0.073)",0.03985453859489771,0.073
"[0.073, 0.074)",0.04223408769064785,0.074
"[0.074, 0.075)",0.041896321272185774,0.075
"[0.075, 0.076)",0.045230540293172604,0.076
"[0.076, 0.077)",0.04445342890496632,0.077
"[0.077, 0.078)",0.04234020619750158,0.078
"[0.078, 0.079)",0.039188230197255015,0.079
"[0.079, 0.08)",0.038825510748967104,0.08
"[0.08, 0.081)",0.04418900341286902,0.081
"[0.081, 0.082)",0.0444978137471826,0.082
"[0.082, 0.083)",0.03876075698368091,0.083
"[0.083, 0.084)",0.03801492845049322,0.084
"[0.084, 0.085)",0.03949377597563123,0.085
"[0.085, 0.08600000000000001)",0.03672563777516338,0.08600000000000001
"[0.08600000000000001, 0.08700000000000001)",0.03930035524406847,0.08700000000000001
"[0.08700000000000001, 0.088)",0.03414648473008829,0.088
"[0.088, 0.089)",0.03964430621347538,0.089
"[0.089, 0.09)",0.03652143650980386,0.09
"[0.09, 0.091)",0.04211559968725334,0.091
"[0.091, 0.092)",0.03509021726891786,0.092
"[0.092, 0.093)",0.039633900575344015,0.093
"[0.093, 0.094)",0.03794586852588095,0.094
"[0.094, 0.095)",0.03613374203237077,0.095
"[0.095, 0.096)",0.039378513766235246,0.096
"[0.096, 0.097)",0.040243918843046414,0.097
"[0.097, 0.098)",0.03777855502718297,0.098
"[0.098, 0.099)",0.038783621079468145,0.099
"[0.099, 0.1)",0.033408334691264946,0.1
"[0.1, 0.101)",0.040713871903599305,0.101
"[0.101, 0.10200000000000001)",0.03736036768783025,0.10200000000000001
"[0.10200000000000001, 0.10300000000000001)",0.03777611625524622,0.10300000000000001
"[0.10300000000000001, 0.10400000000000001)",0.03539049159541087,0.10400000000000001
"[0.10400000000000001, 0.105)",0.04079876650449997,0.105
"[0.105, 0.106)",0.03825300713249596,0.106
"[0.106, 0.107)",0.035795553153499186,0.107
"[0.107, 0.108)",0.03167326488046209,0.108
"[0.108, 0.109)",0.037108332415927675,0.109
"[0.109, 0.11)",0.03530973679010479,0.11
"[0.11, 0.111)",0.03109372278334409,0.111
"[0.111, 0.112)",0.03976481980294056,0.112
"[0.112, 0.113)",0.031173770685161216,0.113
"[0.113, 0.114)",0.03633343626341768,0.114
"[0.114, 0.115)",0.03740101431586891,0.115
"[0.115, 0.116)",0.03696229360476983,0.116
"[0.116, 0.117)",0.03569870640896512,0.117
"[0.117, 0.11800000000000001)",0.03658773294214802,0.11800000000000001
"[0.11800000000000001, 0.11900000000000001)",0.038039740046366434,0.11900000000000001
"[0.11900000000000001, 0.12)",0.040255304999903124,0.12
"[0.12, 0.121)",0.03397829646346149,0.121
"[0.121, 0.122)",0.03848801204771277,0.122
"[0.122, 0.123)",0.035868434775117496,0.123
"[0.123, 0.124)",0.034165413871114554,0.124
"[0.124, 0.125)",0.03800430777542763,0.125
"[0.125, 0.126)",0.03379791123385688,0.126
"[0.126, 0.127)",0.040035742601099746,0.127
"[0.127, 0.128)",0.036008479226791436,0.128
"[0.128, 0.129)",0.03839660397294571,0.129
"[0.129, 0.13)",0.03480216411504987,0.13
"[0.13, 0.131)",0.03788451764625293,0.131
"[0.131, 0.132)",0.03189059040713246,0.132
"[0.132, 0.133)",0.033962335008078375,0.133
"[0.133, 0.134)",0.042724974194468725,0.134
"[0.134, 0.135)",0.037257630154580314,0.135
"[0.135, 0.136)",0.03453387949972979,0.136
"[0.136, 0.137)",0.03598468621676824,0.137
"[0.137, 0.138)",0.038662934832230766,0.138
"[0.138, 0.139)",0.030305862429431403,0.139
"[0.139, 0.14)",0.039085980361971764,0.14
"[0.14, 0.14100000000000001)",0.037839777107532044,0.14100000000000001
"[0.14100000000000001, 0.14200000000000002)",0.03202168447570995,0.14200000000000002
"[0.14200000000000002, 0.14300000000000002)",0.032710171021958494,0.14300000000000002
"[0.14300000000000002, 0.14400000000000002)",0.03343880767518075,0.14400000000000002
"[0.14400000000000002, 0.145)",0.03200059320767361,0.145
"[0.145, 0.146)",0.03800270089879069,0.146
"[0.146, 0.147)",0.04049400292327441,0.147
"[0.147, 0.148)",0.04040869874952242,0.148
"[0.148, 0.149)",0.03144576403133528,0.149
"[0.149, 0.15)",0.033707450871135546,0.15
"[0.15, 0.151)",0.03448650413221367,0.151
"[0.151, 0.152)",0.03136625198153491,0.152
"[0.152, 0.153)",0.03723836553433041,0.153
"[0.153, 0.154)",0.035681735996848964,0.154
"[0.154, 0.155)",0.03239902807984366,0.155
"[0.155, 0.156)",0.036673490595018586,0.156
"[0.156, 0.157)",0.03380723061642576,0.157
"[0.157, 0.158)",0.03606535176053211,0.158
"[0.158, 0.159)",0.037152844449716574,0.159
"[0.159, 0.16)",0.036326323008619855,0.16
"[0.16, 0.161)",0.03200464778188628,0.161
"[0.161, 0.162)",0.03706768481554664,0.162
"[0.162, 0.163)",0.03329011670034318,0.163
"[0.163, 0.164)",0.040703451289953375,0.164
"[0.164, 0.165)",0.03537256029278794,0.165
"[0.165, 0.166)",0.03685040794107331,0.166
"[0.166, 0.167)",0.03574671136665882,0.167
"[0.167, 0.168)",0.03898912968851397,0.168
"[0.168, 0.169)",0.03299110025107738,0.169
"[0.169, 0.17)",0.03251841276300082,0.17
"[0.17, 0.171)",0.03151459359940378,0.171
"[0.171, 0.17200000000000001)",0.03353002216895389,0.17200000000000001
"[0.17200000000000001, 0.17300000000000001)",0.03693315230202334,0.17300000000000001
"[0.17300000000000001, 0.17400000000000002)",0.035716572163857034,0.17400000000000002
"[0.17400000000000002, 0.17500000000000002)",0.03347783793823275,0.17500000000000002
"[0.17500000000000002, 0.176)",0.03647026700724134,0.176
"[0.176, 0.177)",0.0370598802227773,0.177
"[0.177, 0.178)",0.03335102534635469,0.178
"[0.178, 0.179)",0.027282557119504378,0.179
"[0.179, 0.18)",0.03384491808703823,0.18
"[0.18, 0.181)",0.031258020292328687,0.181
"[0.181, 0.182)",0.03151229661693447,0.182
"[0.182, 0.183)",0.0341150601080671,0.183
"[0.183, 0.184)",0.03636233964498465,0.184
"[0.184, 0.185)",0.03602082694522636,0.185
"[0.185, 0.186)",0.03622666604164,0.186
"[0.186, 0.187)",0.03544147085444185,0.187
"[0.187, 0.188)",0.03356517867368421,0.188
"[0.188, 0.189)",0.03473171305237034,0.189
"[0.189, 0.19)",0.03665992224894808,0.19
"[0.19, 0.191)",0.03816340816618474,0.191
"[0.191, 0.192)",0.03442177698579591,0.192
"[0.192, 0.193)",0.030450110845782134,0.193
"[0.193, 0.194)",0.036835529421649665,0.194
"[0.194, 0.195)",0.035771982945693385,0.195
"[0.195, 0.196)",0.03222892547456552,0.196
"[0.196, 0.197)",0.024591918578477832,0.197
"[0.197, 0.198)",0.032079120982139796,0.198
"[0.198, 0.199)",0.032334159598477345,0.199
"[0.199, 0.2)",0.032794334985236824,0.2
"[0.2, 0.201)",0.03249365625784465,0.201
"[0.201, 0.202)",0.03433093784853674,0.202
"[0.202, 0.203)",0.03213762343340392,0.203
"[0.203, 0.20400000000000001)",0.02660476455698155,0.20400000000000001
"[0.20400000000000001, 0.20500000000000002)",0.029042164504180006,0.20500000000000002
"[0.20500000000000002, 0.20600000000000002)",0.03310332416286535,0.20600000000000002
"[0.20600000000000002, 0.20700000000000002)",0.030793304082271624,0.20700000000000002
"[0.20700000000000002, 0.20800000000000002)",0.02990231485797164,0.20800000000000002
"[0.20800000000000002, 0.209)",0.027428572890726376,0.209
"[0.209, 0.21)",0.032256663429953106,0.21
"[0.21, 0.211)",0.031310362980434395,0.211
"[0.211, 0.212)",0.029282901403455543,0.212
"[0.212, 0.213)",0.02813542014491688,0.213
"[0.213, 0.214)",0.0367520801674325,0.214
"[0.214, 0.215)",0.03887850176229335,0.215
"[0.215, 0.216)",0.0372075393336319,0.216
"[0.216, 0.217)",0.031913742109382116,0.217
"[0.217, 0.218)",0.03083381058906214,0.218
"[0.218, 0.219)",0.026616240252294362,0.219
"[0.219, 0.22)",0.03460561224864104,0.22
"[0.22, 0.221)",0.029824308912386036,0.221
"[0.221, 0.222)",0.0338197227579711,0.222
"[0.222, 0.223)",0.03419038983931196,0.223
"[0.223, 0.224)",0.03218412825466429,0.224
"[0.224, 0.225)",0.03289345746246172,0.225
"[0.225, 0.226)",0.03073821516028389,0.226
"[0.226, 0.227)",0.03277670084113579,0.227
"[0.227, 0.228)",0.03085351753487845,0.228
"[0.228, 0.229)",0.03521378811049201,0.229
"[0.229, 0.23)",0.03566510528997354,0.23
"[0.23, 0.231)",0.02883627224230319,0.231
"[0.231, 0.232)",0.03020219295586692,0.232
"[0.232, 0.233)",0.03680126670241064,0.233
"[0.233, 0.234)",0.03655231715431521,0.234
"[0.234, 0.23500000000000001)",0.03180482089615028,0.23500000000000001
"[0.23500000000000001, 0.23600000000000002)",0.030375670386669704,0.23600000000000002
"[0.23600000000000002, 0.23700000000000002)",0.03412955446763634,0.23700000000000002
"[0.23700000000000002, 0.23800000000000002)",0.034863865295864875,0.23800000000000002
"[0.23800000000000002, 0.23900000000000002)",0.03138749000850323,0.23900000000000002
"[0.23900000000000002, 0.24)",0.030343042710979613,0.24
"[0.24, 0.241)",0.03252397447476089,0.241
"[0.241, 0.242)",0.03350038641701286,0.242
"[0.242, 0.243)",0.03217734970346821,0.243
"[0.243, 0.244)",0.029143790116191816,0.244
"[0.244, 0.245)",0.031574172006071426,0.245
"[0.245, 0.246)",0.03493536105848479,0.246
"[0.246, 0.247)",0.035084131268521605,0.247
"[0.247, 0.248)",0.02743422980898663,0.248
"[0.248, 0.249)",0.034217410417488256,0.249
"[0.249, 0.25)",0.02702091808668852,0.25
"[0.25, 0.251)",0.0333158473429406,0.251
"[0.251, 0.252)",0.03675486036766935,0.252
"[0.252, 0.253)",0.027195025096449197,0.253
"[0.253, 0.254)",0.026145708616161556,0.254
"[0.254, 0.255)",0.03205901756433521,0.255
"[0.255, 0.256)",0.03390959643970935,0.256
"[0.256, 0.257)",0.0334513400364603,0.257
"[0.257, 0.258)",0.033975201405674296,0.258
"[0.258, 0.259)",0.032727701259619,0.259
"[0.259, 0.26)",0.032291037851932394,0.26
"[0.26, 0.261)",0.03670619304801049,0.261
"[0.261, 0.262)",0.03254208990259732,0.262
"[0.262, 0.263)",0.031161995301703504,0.263
"[0.263, 0.264)",0.030136787956651534,0.264
"[0.264, 0.265)",0.025519572407967737,0.265
"[0.265, 0.266)",0.0354680745203977,0.266
"[0.266, 0.267)",0.032760388513345305,0.267
"[0.267, 0.268)",0.032395519119158424,0.268
"[0.268, 0.269)",0.03498931267406768,0.269
"[0.269, 0.27)",0.029474024093699258,0.27
"[0.27, 0.271)",0.03177806099743116,0.271
"[0.271, 0.272)",0.026433962201350164,0.272
"[0.272, 0.273)",0.027978195741659287,0.273
"[0.273, 0.274)",0.03259313616910864,0.274
"[0.274, 0.275)",0.038112809152450015,0.275
"[0.275, 0.276)",0.03489341921181647,0.276
"[0.276, 0.277)",0.03346836223769733,0.277
"[0.277, 0.278)",0.03440945949720178,0.278
"[0.278, 0.279)",0.0347749975766051,0.279
"[0.279, 0.28)",0.03585627545591702,0.28
"[0.28, 0.281)",0.029599208781768697,0.281
"[0.281, 0.28200000000000003)",0.028276743409158877,0.28200000000000003
"[0.28200000000000003, 0.28300000000000003)",0.02937313915731903,0.28300000000000003
"[0.28300000000000003, 0.28400000000000003)",0.027338050629518645,0.28400000000000003
"[0.28400000000000003, 0.28500000000000003)",0.03787754011892853,0.28500000000000003
"[0.28500000000000003, 0.28600000000000003)",0.032856774430890544,0.28600000000000003
"[0.28600000000000003, 0.28700000000000003)",0.03260178982289034,0.28700000000000003
"[0.28700000000000003, 0.28800000000000003)",0.032918764555664046,0.28800000000000003
"[0.28800000000000003, 0.289)",0.030366300160623177,0.289
"[0.289, 0.29)",0.03318431432101659,0.29
"[0.29, 0.291)",0.03221472519350048,0.291
"[0.291, 0.292)",0.029414368244400024,0.292
"[0.292, 0.293)",0.028104941884240897,0.293
"[0.293, 0.294)",0.03570526871907509,0.294
"[0.294, 0.295)",0.030384910961642395,0.295
"[0.295, 0.296)",0.030519382693903512,0.296
"[0.296, 0.297)",0.029987130266319332,0.297
"[0.297, 0.298)",0.029843758259759764,0.298
"[0.298, 0.299)",0.03327894866067114,0.299
"[0.299, 0.3)",0.031639746309802076,0.3
"[0.3, 0.301)",0.03293720404589878,0.301
"[0.301, 0.302)",0.031874487765782215,0.302
"[0.302, 0.303)",0.032526460494836894,0.303
"[0.303, 0.304)",0.03426156770625905,0.304
"[0.304, 0.305)",0.03027633925785207,0.305
"[0.305, 0.306)",0.030358737983605857,0.306
"[0.306, 0.307)",0.03336711365554135,0.307
"[0.307, 0.308)",0.028748329159218898,0.308
"[0.308, 0.309)",0.03270092402473116,0.309
"[0.309, 0.31)",0.03484878751117343,0.31
"[0.31, 0.311)",0.036355831731505174,0.311
"[0.311, 0.312)",0.034278833517317704,0.312
"[0.312, 0.313)",0.024942674759855055,0.313
"[0.313, 0.314)",0.02906078024984022,0.314
"[0.314, 0.315)",0.028325517616171393,0.315
"[0.315, 0.316)",0.0294649733370018,0.316
"[0.316, 0.317)",0.031315829450405175,0.317
"[0.317, 0.318)",0.02916479567599274,0.318
"[0.318, 0.319)",0.031041682303594425,0.319
"[0.319, 0.32)",0.03219791543568197,0.32
"[0.32, 0.321)",0.029647132697132234,0.321
"[0.321, 0.322)",0.03128901260706357,0.322
"[0.322, 0.323)",0.02936488331667516,0.323
"[0.323, 0.324)",0.037886197659749536,0.324
"[0.324, 0.325)",0.03235713193580965,0.325
"[0.325, 0.326)",0.031769040231677606,0.326
"[0.326, 0.327)",0.027153678757220124,0.327
"[0.327, 0.328)",0.028089318187485147,0.328
"[0.328, 0.329)",0.02913259191727842,0.329
"[0.329, 0.33)",0.026092068727057795,0.33
"[0.33, 0.331)",0.026064132061513454,0.331
"[0.331, 0.332)",0.029170254399999977,0.332
"[0.332, 0.333)",0.030464182430855108,0.333
"[0.333, 0.334)",0.026645357754590274,0.334
"[0.334, 0.335)",0.029173209008286693,0.335
"[0.335, 0.336)",0.029049384557807586,0.336
"[0.336, 0.337)",0.0311361750800785,0.337
"[0.337, 0.338)",0.0300665195718257,0.338
"[0.338, 0.339)",0.029879460797495497,0.339
"[0.339, 0.34)",0.027381863162616264,0.34
"[0.34, 0.341)",0.02883564976447252,0.341
"[0.341, 0.342)",0.029991216235081577,0.342
"[0.342, 0.343)",0.029213339314703327,0.343
"[0.343, 0.34400000000000003)",0.029372749610327265,0.34400000000000003
"[0.34400000000000003, 0.34500000000000003)",0.028909848147289124,0.34500000000000003
"[0.34500000000000003, 0.34600000000000003)",0.02937618259601709,0.34600000000000003
"[0.34600000000000003, 0.34700000000000003)",0.028200142841031523,0.34700000000000003
"[0.34700000000000003, 0.34800000000000003)",0.026718810902504064,0.34800000000000003
"[0.34800000000000003, 0.34900000000000003)",0.03010082729930738,0.34900000000000003
"[0.34900000000000003, 0.35000000000000003)",0.02919905772878738,0.35000000000000003
"[0.35000000000000003, 0.35100000000000003)",0.03021177884889981,0.35100000000000003
"[0.35100000000000003, 0.352)",0.03264089139461337,0.352
"[0.352, 0.353)",0.031871645261890694,0.353
"[0.353, 0.354)",0.026682083977181963,0.354
"[0.354, 0.355)",0.026916606644350492,0.355
"[0.355, 0.356)",0.029238019825628573,0.356
"[0.356, 0.357)",0.027448987164999963,0.357
"[0.357, 0.358)",0.027169663712744357,0.358
"[0.358, 0.359)",0.026053763890528613,0.359
"[0.359, 0.36)",0.03143522522744387,0.36
"[0.36, 0.361)",0.03043244171883651,0.361
"[0.361, 0.362)",0.029032442627848293,0.362
"[0.362, 0.363)",0.028189763861896026,0.363
"[0.363, 0.364)",0.03014427870621111,0.364
"[0.364, 0.365)",0.033031829162855825,0.365
"[0.365, 0.366)",0.03097671621939417,0.366
"[0.366, 0.367)",0.024962414398513644,0.367
"[0.367, 0.368)",0.029212669022959437,0.368
"[0.368, 0.369)",0.028480645512562172,0.369
"[0.369, 0.37)",0.030528328114930718,0.37
"[0.37, 0.371)",0.032013208588740696,0.371
"[0.371, 0.372)",0.030934165280662305,0.372
"[0.372, 0.373)",0.031866883365301274,0.373
"[0.373, 0.374)",0.033732288917072,0.374
"[0.374, 0.375)",0.029360656807284148,0.375
"[0.375, 0.376)",0.02738169640190729,0.376
"[0.376, 0.377)",0.03256926140790833,0.377
"[0.377, 0.378)",0.03156975505664888,0.378
"[0.378, 0.379)",0.028131876535567434,0.379
"[0.379, 0.38)",0.027338663969200778,0.38
"[0.38, 0.381)",0.028663148506285416,0.381
"[0.381, 0.382)",0.032635308287784395,0.382
"[0.382, 0.383)",0.028164657424129578,0.383
"[0.383, 0.384)",0.03171043331892221,0.384
"[0.384, 0.385)",0.03357695780271957,0.385
"[0.385, 0.386)",0.033908646467612505,0.386
"[0.386, 0.387)",0.029680791149454912,0.387
"[0.387, 0.388)",0.02876372715275144,0.388
"[0.388, 0.389)",0.03220187357145572,0.389
"[0.389, 0.39)",0.03150900489045791,0.39
"[0.39, 0.391)",0.03024461934601846,0.391
"[0.391, 0.392)",0.030612692573663336,0.392
"[0.392, 0.393)",0.028501577011688293,0.393
"[0.393, 0.394)",0.03606538026815961,0.394
"[0.394, 0.395)",0.026129744259990494,0.395
"[0.395, 0.396)",0.030596205252519708,0.396
"[0.396, 0.397)",0.027287789286332388,0.397
"[0.397, 0.398)",0.02904726228427713,0.398
"[0.398, 0.399)",0.028228376928165006,0.399
"[0.399, 0.4)",0.02888261595097558,0.4
"[0.4, 0.401)",0.02881999261087993,0.401
"[0.401, 0.402)",0.028316580965318472,0.402
"[0.402, 0.403)",0.03480998077018009,0.403
"[0.403, 0.404)",0.02890369575548897,0.404
"[0.404, 0.405)",0.037841786714087174,0.405
"[0.405, 0.406)",0.030433795937118147,0.406
"[0.406, 0.40700000000000003)",0.03346866749285004,0.40700000000000003
"[0.40700000000000003, 0.40800000000000003)",0.03169696972959926,0.40800000000000003
"[0.40800000000000003, 0.40900000000000003)",0.031955516952751624,0.40900000000000003
"[0.40900000000000003, 0.41000000000000003)",0.032210702753076144,0.41000000000000003
"[0.41000000000000003, 0.41100000000000003)",0.031016282131509365,0.41100000000000003
"[0.41100000000000003, 0.41200000000000003)",0.029041555389099995,0.41200000000000003
"[0.41200000000000003, 0.41300000000000003)",0.030983778028917067,0.41300000000000003
"[0.41300000000000003, 0.41400000000000003)",0.03048762942779998,0.41400000000000003
"[0.41400000000000003, 0.41500000000000004)",0.027011630516897173,0.41500000000000004
"[0.41500000000000004, 0.41600000000000004)",0.027935478509473144,0.41600000000000004
"[0.41600000000000004, 0.417)",0.033073401542801105,0.417
"[0.417, 0.418)",0.030894328954040293,0.418
"[0.418, 0.419)",0.03182867384701853,0.419
"[0.419, 0.42)",0.026271671892878254,0.42
"[0.42, 0.421)",0.02868864812823998,0.421
"[0.421, 0.422)",0.028680996344891976,0.422
"[0.422, 0.423)",0.03038584932256332,0.423
"[0.423, 0.424)",0.03100019523095425,0.424
"[0.424, 0.425)",0.02658123327970734,0.425
"[0.425, 0.426)",0.032329408241024114,0.426
"[0.426, 0.427)",0.029613794983746257,0.427
"[0.427, 0.428)",0.030216378540147484,0.428
"[0.428, 0.429)",0.028613681604930954,0.429
"[0.429, 0.43)",0.02849105890167527,0.43
"[0.43, 0.431)",0.03048511706762821,0.431
"[0.431, 0.432)",0.027589681233162897,0.432
"[0.432, 0.433)",0.028965196497360405,0.433
"[0.433, 0.434)",0.02827311401187117,0.434
"[0.434, 0.435)",0.028837429969027745,0.435
"[0.435, 0.436)",0.02877516829340971,0.436
"[0.436, 0.437)",0.02916689961410655,0.437
"[0.437, 0.438)",0.032397085641512495,0.438
"[0.438, 0.439)",0.0351492430483974,0.439
"[0.439, 0.44)",0.028055403530863457,0.44
"[0.44, 0.441)",0.03694859928947245,0.441
"[0.441, 0.442)",0.03333622946998915,0.442
"[0.442, 0.443)",0.0368284692669893,0.443
"[0.443, 0.444)",0.031177235407111557,0.444
"[0.444, 0.445)",0.032538887132712524,0.445
"[0.445, 0.446)",0.03195017776012319,0.446
"[0.446, 0.447)",0.034039352141237086,0.447
"[0.447, 0.448)",0.026513020973543272,0.448
"[0.448, 0.449)",0.029874087117905367,0.449
"[0.449, 0.45)",0.03187961324023993,0.45
"[0.45, 0.451)",0.03165938935040212,0.451
"[0.451, 0.452)",0.032233115278882334,0.452
"[0.452, 0.453)",0.025059841834515085,0.453
"[0.453, 0.454)",0.026414072849204866,0.454
"[0.454, 0.455)",0.02883305351769509,0.455
"[0.455, 0.456)",0.03485531030057293,0.456
"[0.456, 0.457)",0.034417756412798685,0.457
"[0.457, 0.458)",0.030924225708780208,0.458
"[0.458, 0.459)",0.026081916404455244,0.459
"[0.459, 0.46)",0.030399199968757812,0.46
"[0.46, 0.461)",0.030546022701759806,0.461
"[0.461, 0.462)",0.026791817749491364,0.462
"[0.462, 0.463)",0.03218231583074624,0.463
"[0.463, 0.464)",0.03286889800729612,0.464
"[0.464, 0.465)",0.031569805529474165,0.465
"[0.465, 0.466)",0.029889474094826545,0.466
"[0.466, 0.467)",0.03208617791342593,0.467
"[0.467, 0.468)",0.030872676426783943,0.468
"[0.468, 0.46900000000000003)",0.029625490598536572,0.46900000000000003
"[0.46900000000000003, 0.47000000000000003)",0.03263389571292408,0.47000000000000003
"[0.47000000000000003, 0.47100000000000003)",0.029294251212917396,0.47100000000000003
"[0.47100000000000003, 0.47200000000000003)",0.0273596628736706,0.47200000000000003
"[0.47200000000000003, 0.47300000000000003)",0.029513086276848698,0.47300000000000003
"[0.47300000000000003, 0.47400000000000003)",0.02795402607792691,0.47400000000000003
"[0.47400000000000003, 0.47500000000000003)",0.029055009665054362,0.47500000000000003
"[0.47500000000000003, 0.47600000000000003)",0.029556127845812272,0.47600000000000003
"[0.47600000000000003, 0.47700000000000004)",0.03577063619459724,0.47700000000000004
"[0.47700000000000004, 0.47800000000000004)",0.027725242512425394,0.47800000000000004
"[0.47800000000000004, 0.47900000000000004)",0.03529880395681816,0.47900000000000004
"[0.47900000000000004, 0.48)",0.03259357780767014,0.48
"[0.48, 0.481)",0.032923656259434504,0.481
"[0.481, 0.482)",0.03277194604961992,0.482
"[0.482, 0.483)",0.031790823031206304,0.483
"[0.483, 0.484)",0.032265344790465084,0.484
"[0.484, 0.485)",0.023339506817597482,0.485
"[0.485, 0.486)",0.03049355616552102,0.486
"[0.486, 0.487)",0.02704125809313665,0.487
"[0.487, 0.488)",0.028176486816753894,0.488
"[0.488, 0.489)",0.03483333286437096,0.489
"[0.489, 0.49)",0.029145406728055257,0.49
"[0.49, 0.491)",0.03542212686106556,0.491
"[0.491, 0.492)",0.027358067044535743,0.492
"[0.492, 0.493)",0.023990106506905005,0.493
"[0.493, 0.494)",0.028863195810379282,0.494
"[0.494, 0.495)",0.028790050367295025,0.495
"[0.495, 0.496)",0.032718039351033686,0.496
"[0.496, 0.497)",0.032207382477476,0.497
"[0.497, 0.498)",0.027014797406109292,0.498
"[0.498, 0.499)",0.034097855974514736,0.499
"[0.499, 0.5)",0.031148266284495556,0.5
"[0.5, 0.501)",0.02837865066087046,0.501
"[0.501, 0.502)",0.031142478909284947,0.502
"[0.502, 0.503)",0.03525100921674311,0.503
"[0.503, 0.504)",0.031921963257065755,0.504
"[0.504, 0.505)",0.03354302573577485,0.505
"[0.505, 0.506)",0.030821420279280174,0.506
"[0.506, 0.507)",0.02574087730907172,0.507
"[0.507, 0.508)",0.026807384469965074,0.508
"[0.508, 0.509)",0.03198654426874299,0.509
"[0.509, 0.51)",0.030804450651796007,0.51
"[0.51, 0.511)",0.033820084709043095,0.511
"[0.511, 0.512)",0.02869709111413041,0.512
"[0.512, 0.513)",0.026887618734111243,0.513
"[0.513, 0.514)",0.031617599882268,0.514
"[0.514, 0.515)",0.027957776839876686,0.515
"[0.515, 0.516)",0.03179481819759296,0.516
"[0.516, 0.517)",0.026468856885350087,0.517
"[0.517, 0.518)",0.028643160112184127,0.518
"[0.518, 0.519)",0.03269561503336744,0.519
"[0.519, 0.52)",0.03050072580109285,0.52
"[0.52, 0.521)",0.03013548383530076,0.521
"[0.521, 0.522)",0.026086085165733647,0.522
"[0.522, 0.523)",0.028972784069537048,0.523
"[0.523, 0.524)",0.02631419618518524,0.524
"[0.524, 0.525)",0.029566455223901878,0.525
"[0.525, 0.526)",0.03414789142442011,0.526
"[0.526, 0.527)",0.03475738999235952,0.527
"[0.527, 0.528)",0.03284020353443554,0.528
"[0.528, 0.529)",0.030854085492217333,0.529
"[0.529, 0.53)",0.03277239258665339,0.53
"[0.53, 0.531)",0.034351325899692524,0.531
"[0.531, 0.532)",0.027728106278314485,0.532
"[0.532, 0.533)",0.03211717670141148,0.533
"[0.533, 0.534)",0.02872300122044945,0.534
"[0.534, 0.535)",0.03307378469911695,0.535
"[0.535, 0.536)",0.03195535446020635,0.536
"[0.536, 0.537)",0.027790170303301356,0.537
"[0.537, 0.538)",0.025680231601126098,0.538
"[0.538, 0.539)",0.02791097735697779,0.539
"[0.539, 0.54)",0.030803000604101637,0.54
"[0.54, 0.541)",0.029408444707702416,0.541
"[0.541, 0.542)",0.02865008854127183,0.542
"[0.542, 0.543)",0.028849864172706133,0.543
"[0.543, 0.544)",0.030072379473569683,0.544
"[0.544, 0.545)",0.029338995368688125,0.545
"[0.545, 0.546)",0.031379029657124365,0.546
"[0.546, 0.547)",0.03045558479618226,0.547
"[0.547, 0.548)",0.029510621632638075,0.548
"[0.548, 0.549)",0.02651953590249711,0.549
"[0.549, 0.55)",0.03302986083935788,0.55
"[0.55, 0.551)",0.029998356258311997,0.551
"[0.551, 0.552)",0.033449241879743304,0.552
"[0.552, 0.553)",0.02865409667279392,0.553
"[0.553, 0.554)",0.027954082466394574,0.554
"[0.554, 0.555)",0.031525462267505695,0.555
"[0.555, 0.556)",0.02802780166186266,0.556
"[0.556, 0.557)",0.032481598093361534,0.557
"[0.557, 0.558)",0.03159516207892598,0.558
"[0.558, 0.559)",0.031131288058919182,0.559
"[0.559, 0.56)",0.0324545152178679,0.56
"[0.56, 0.561)",0.032928904798360234,0.561
"[0.561, 0.562)",0.029160780302924547,0.562
"[0.562, 0.5630000000000001)",0.02699455022064594,0.5630000000000001
"[0.5630000000000001, 0.5640000000000001)",0.02613309906707202,0.5640000000000001
"[0.5640000000000001, 0.5650000000000001)",0.030773495147421236,0.5650000000000001
"[0.5650000000000001, 0.5660000000000001)",0.03451096492715172,0.5660000000000001
"[0.5660000000000001, 0.5670000000000001)",0.028787430679520984,0.5670000000000001
"[0.5670000000000001, 0.5680000000000001)",0.02684464625390893,0.5680000000000001
"[0.5680000000000001, 0.5690000000000001)",0.02769983034906468,0.5690000000000001
"[0.5690000000000001, 0.5700000000000001)",0.02532633098226545,0.5700000000000001
"[0.5700000000000001, 0.5710000000000001)",0.029418446743838807,0.5710000000000001
"[0.5710000000000001, 0.5720000000000001)",0.0333584501832181,0.5720000000000001
"[0.5720000000000001, 0.5730000000000001)",0.03189077732120746,0.5730000000000001
"[0.5730000000000001, 0.5740000000000001)",0.022035081196387116,0.5740000000000001
"[0.5740000000000001, 0.5750000000000001)",0.028980100130165103,0.5750000000000001
"[0.5750000000000001, 0.5760000000000001)",0.03038500703800976,0.5760000000000001
"[0.5760000000000001, 0.577)",0.027263125098400988,0.577
"[0.577, 0.578)",0.03046047566539225,0.578
"[0.578, 0.579)",0.028542504995698402,0.579
"[0.579, 0.58)",0.030254369748972176,0.58
"[0.58, 0.581)",0.03464872399912297,0.581
"[0.581, 0.582)",0.028202053857654185,0.582
"[0.582, 0.583)",0.028802468441302805,0.583
"[0.583, 0.584)",0.0280318025449346,0.584
"[0.584, 0.585)",0.027578528414873082,0.585
"[0.585, 0.586)",0.027101088185465142,0.586
"[0.586, 0.587)",0.028555468366918628,0.587
"[0.587, 0.588)",0.02820147658705082,0.588
"[0.588, 0.589)",0.027401157152582782,0.589
"[0.589, 0.59)",0.027240296602074776,0.59
"[0.59, 0.591)",0.030735911486351675,0.591
"[0.591, 0.592)",0.027365774503515638,0.592
"[0.592, 0.593)",0.028120640424851014,0.593
"[0.593, 0.594)",0.029441171446326277,0.594
"[0.594, 0.595)",0.02932418444191175,0.595
"[0.595, 0.596)",0.037078032292359536,0.596
"[0.596, 0.597)",0.028742243857142913,0.597
"[0.597, 0.598)",0.03327494002774006,0.598
"[0.598, 0.599)",0.026176317892469103,0.599
"[0.599, 0.6)",0.02952888400313512,0.6
"[0.6, 0.601)",0.026327301552330745,0.601
"[0.601, 0.602)",0.030546357332849796,0.602
"[0.602, 0.603)",0.027869915376374177,0.603
"[0.603, 0.604)",0.028821651409315936,0.604
"[0.604, 0.605)",0.029646654882482727,0.605
"[0.605, 0.606)",0.030662827772506302,0.606
"[0.606, 0.607)",0.0298073079763038,0.607
"[0.607, 0.608)",0.02535096138816223,0.608
"[0.608, 0.609)",0.028760486988032585,0.609
"[0.609, 0.61)",0.027842739596020537,0.61
"[0.61, 0.611)",0.03232092785402229,0.611
"[0.611, 0.612)",0.02577577593801551,0.612
"[0.612, 0.613)",0.032594691573809495,0.613
"[0.613, 0.614)",0.025196774831108163,0.614
"[0.614, 0.615)",0.02959414311586537,0.615
"[0.615, 0.616)",0.029689401742183593,0.616
"[0.616, 0.617)",0.027950993578120854,0.617
"[0.617, 0.618)",0.028243494763064134,0.618
"[0.618, 0.619)",0.025975724915653337,0.619
"[0.619, 0.62)",0.030341050937500037,0.62
"[0.62, 0.621)",0.025554422560026487,0.621
"[0.621, 0.622)",0.026151418908491767,0.622
"[0.622, 0.623)",0.030840176811139885,0.623
"[0.623, 0.624)",0.03126965138047615,0.624
"[0.624, 0.625)",0.030478134794678192,0.625
"[0.625, 0.626)",0.033671984634346085,0.626
"[0.626, 0.627)",0.028103848163863875,0.627
"[0.627, 0.628)",0.0329457067743536,0.628
"[0.628, 0.629)",0.03222452036738822,0.629
"[0.629, 0.63)",0.031670989597562385,0.63
"[0.63, 0.631)",0.029546390677920545,0.631
"[0.631, 0.632)",0.033328195869522605,0.632
"[0.632, 0.633)",0.02985885457412034,0.633
"[0.633, 0.634)",0.030648341424999958,0.634
"[0.634, 0.635)",0.024198902506233303,0.635
"[0.635, 0.636)",0.027053100382147314,0.636
"[0.636, 0.637)",0.03048105186646631,0.637
"[0.637, 0.638)",0.03276388431798489,0.638
"[0.638, 0.639)",0.030000711627509252,0.639
"[0.639, 0.64)",0.028046754656410267,0.64
"[0.64, 0.641)",0.030347954331690675,0.641
"[0.641, 0.642)",0.03259904244800244,0.642
"[0.642, 0.643)",0.025268731932142876,0.643
"[0.643, 0.644)",0.02686012814803548,0.644
"[0.644, 0.645)",0.027549528304700824,0.645
"[0.645, 0.646)",0.027042977938416233,0.646
"[0.646, 0.647)",0.03355649640481646,0.647
"[0.647, 0.648)",0.02747072209302717,0.648
"[0.648, 0.649)",0.030483812257888022,0.649
"[0.649, 0.65)",0.029929556322007715,0.65
"[0.65, 0.651)",0.024332775580748697,0.651
"[0.651, 0.652)",0.02488751111276318,0.652
"[0.652, 0.653)",0.033484000233916913,0.653
"[0.653, 0.654)",0.02939666073607745,0.654
"[0.654, 0.655)",0.03274711739482321,0.655
"[0.655, 0.656)",0.023117043350201927,0.656
"[0.656, 0.657)",0.03028868579705884,0.657
"[0.657, 0.658)",0.03382242973824561,0.658
"[0.658, 0.659)",0.027838207500272816,0.659
"[0.659, 0.66)",0.02848849783741591,0.66
"[0.66, 0.661)",0.02713600258294993,0.661
"[0.661, 0.662)",0.027805197866804986,0.662
"[0.662, 0.663)",0.028674617275105493,0.663
"[0.663, 0.664)",0.030367163863080412,0.664
"[0.664, 0.665)",0.02896580362234741,0.665
"[0.665, 0.666)",0.02943731734476965,0.666
"[0.666, 0.667)",0.030566572729535866,0.667
"[0.667, 0.668)",0.027784806277689235,0.668
"[0.668, 0.669)",0.03229077486218623,0.669
"[0.669, 0.67)",0.02516040061564749,0.67
"[0.67, 0.671)",0.030504936037860076,0.671
"[0.671, 0.672)",0.029083747629560598,0.672
"[0.672, 0.673)",0.022359317287132904,0.673
"[0.673, 0.674)",0.028282608135059225,0.674
"[0.674, 0.675)",0.028474625770014358,0.675
"[0.675, 0.676)",0.030634598685733493,0.676
"[0.676, 0.677)",0.027847282207274004,0.677
"[0.677, 0.678)",0.030458075716643565,0.678
"[0.678, 0.679)",0.025973901584322053,0.679
"[0.679, 0.68)",0.0336284380597655,0.68
"[0.68, 0.681)",0.02766965017351721,0.681
"[0.681, 0.682)",0.029960953114925616,0.682
"[0.682, 0.683)",0.03137127449843307,0.683
"[0.683, 0.684)",0.03338912876760961,0.684
"[0.684, 0.685)",0.03249021189437037,0.685
"[0.685, 0.686)",0.025206881586853812,0.686
"[0.686, 0.687)",0.03227792774479132,0.687
"[0.687, 0.6880000000000001)",0.030727381095518685,0.6880000000000001
"[0.6880000000000001, 0.6890000000000001)",0.027322124367944067,0.6890000000000001
"[0.6890000000000001, 0.6900000000000001)",0.029874896904632152,0.6900000000000001
"[0.6900000000000001, 0.6910000000000001)",0.03515727270965033,0.6910000000000001
"[0.6910000000000001, 0.6920000000000001)",0.028974121824777432,0.6920000000000001
"[0.6920000000000001, 0.6930000000000001)",0.030452093598823497,0.6930000000000001
"[0.6930000000000001, 0.6940000000000001)",0.02896822743453909,0.6940000000000001
"[0.6940000000000001, 0.6950000000000001)",0.03291827988747802,0.6950000000000001
"[0.6950000000000001, 0.6960000000000001)",0.027570390819336245,0.6960000000000001
"[0.6960000000000001, 0.6970000000000001)",0.0249154544670015,0.6970000000000001
"[0.6970000000000001, 0.6980000000000001)",0.024338799034612103,0.6980000000000001
"[0.6980000000000001, 0.6990000000000001)",0.025199669945505668,0.6990000000000001
"[0.6990000000000001, 0.7000000000000001)",0.03191619915915682,0.7000000000000001
"[0.7000000000000001, 0.7010000000000001)",0.028708898366334244,0.7010000000000001
"[0.7010000000000001, 0.7020000000000001)",0.02994907045789165,0.7020000000000001
"[0.7020000000000001, 0.7030000000000001)",0.026142294614524872,0.7030000000000001
"[0.7030000000000001, 0.704)",0.029870580353937613,0.704
"[0.704, 0.705)",0.026244182355292512,0.705
"[0.705, 0.706)",0.028346361067037095,0.706
"[0.706, 0.707)",0.02596164418266476,0.707
"[0.707, 0.708)",0.02896570115580685,0.708
"[0.708, 0.709)",0.025890288911889447,0.709
"[0.709, 0.71)",0.024104637530042373,0.71
"[0.71, 0.711)",0.029553396662233156,0.711
"[0.711, 0.712)",0.02696255393949226,0.712
"[0.712, 0.713)",0.026530087449932536,0.713
"[0.713, 0.714)",0.02385918233911215,0.714
"[0.714, 0.715)",0.025229741616286182,0.715
"[0.715, 0.716)",0.029193552584239026,0.716
"[0.716, 0.717)",0.027358492619011788,0.717
"[0.717, 0.718)",0.02759552527142855,0.718
"[0.718, 0.719)",0.02828737013289475,0.719
"[0.719, 0.72)",0.029316284374355333,0.72
"[0.72, 0.721)",0.0316331691654023,0.721
"[0.721, 0.722)",0.029643609239130477,0.722
"[0.722, 0.723)",0.0324494963655275,0.723
"[0.723, 0.724)",0.02906023380562592,0.724
"[0.724, 0.725)",0.02448609583369738,0.725
"[0.725, 0.726)",0.02934171223069622,0.726
"[0.726, 0.727)",0.028817741699029672,0.727
"[0.727, 0.728)",0.02921993063446056,0.728
"[0.728, 0.729)",0.030210588698662243,0.729
"[0.729, 0.73)",0.030069159840664574,0.73
"[0.73, 0.731)",0.03205444588805032,0.731
"[0.731, 0.732)",0.024373004797418326,0.732
"[0.732, 0.733)",0.02279543017798168,0.733
"[0.733, 0.734)",0.02839820558209196,0.734
"[0.734, 0.735)",0.034257993553794275,0.735
"[0.735, 0.736)",0.034078932256697836,0.736
"[0.736, 0.737)",0.03051586340466777,0.737
"[0.737, 0.738)",0.023289396650413276,0.738
"[0.738, 0.739)",0.030326402045605366,0.739
"[0.739, 0.74)",0.023443203665939643,0.74
"[0.74, 0.741)",0.02862727282781357,0.741
"[0.741, 0.742)",0.034741573299965876,0.742
"[0.742, 0.743)",0.023754774895890448,0.743
"[0.743, 0.744)",0.030708430144166705,0.744
"[0.744, 0.745)",0.025913408842756218,0.745
"[0.745, 0.746)",0.02585051638123562,0.746
"[0.746, 0.747)",0.02823362501643114,0.747
"[0.747, 0.748)",0.032516751493274376,0.748
"[0.748, 0.749)",0.025715422322117217,0.749
"[0.749, 0.75)",0.030341448822026607,0.75
"[0.75, 0.751)",0.02651903779833338,0.751
"[0.751, 0.752)",0.02985665800052454,0.752
"[0.752, 0.753)",0.030737404694511177,0.753
"[0.753, 0.754)",0.028145333395179144,0.754
"[0.754, 0.755)",0.029715632920910694,0.755
"[0.755, 0.756)",0.03299346624095084,0.756
"[0.756, 0.757)",0.023645758068918936,0.757
"[0.757, 0.758)",0.03065195042400003,0.758
"[0.758, 0.759)",0.02642595499879108,0.759
"[0.759, 0.76)",0.036672869531333335,0.76
"[0.76, 0.761)",0.027080788793266027,0.761
"[0.761, 0.762)",0.035075868861217975,0.762
"[0.762, 0.763)",0.03208875930032316,0.763
"[0.763, 0.764)",0.031972972282218674,0.764
"[0.764, 0.765)",0.026209702234390647,0.765
"[0.765, 0.766)",0.029399427979510305,0.766
"[0.766, 0.767)",0.028124472042400626,0.767
"[0.767, 0.768)",0.031331682668322286,0.768
"[0.768, 0.769)",0.028768207475878584,0.769
"[0.769, 0.77)",0.028608037857165886,0.77
"[0.77, 0.771)",0.02377380374884744,0.771
"[0.771, 0.772)",0.025305535301001717,0.772
"[0.772, 0.773)",0.023230049345280064,0.773
"[0.773, 0.774)",0.024908779326732695,0.774
"[0.774, 0.775)",0.03008663688429753,0.775
"[0.775, 0.776)",0.026862464369096683,0.776
"[0.776, 0.777)",0.02760705011086361,0.777
"[0.777, 0.778)",0.024251778946987986,0.778
"[0.778, 0.779)",0.03179844697703705,0.779
"[0.779, 0.78)",0.029377450679877008,0.78
"[0.78, 0.781)",0.034817457315160186,0.781
"[0.781, 0.782)",0.031165709192945496,0.782
"[0.782, 0.783)",0.03167733010651165,0.783
"[0.783, 0.784)",0.02387949852167494,0.784
"[0.784, 0.785)",0.0251890184085739,0.785
"[0.785, 0.786)",0.030585705874696778,0.786
"[0.786, 0.787)",0.02639362400504523,0.787
"[0.787, 0.788)",0.028809868323719214,0.788
"[0.788, 0.789)",0.026851243963622966,0.789
"[0.789, 0.79)",0.026487448851950392,0.79
"[0.79, 0.791)",0.028199384479844977,0.791
"[0.791, 0.792)",0.031768381292883945,0.792
"[0.792, 0.793)",0.021469644775432804,0.793
"[0.793, 0.794)",0.030299046932232346,0.794
"[0.794, 0.795)",0.028806139717448453,0.795
"[0.795, 0.796)",0.025795644070337527,0.796
"[0.796, 0.797)",0.03399582844533583,0.797
"[0.797, 0.798)",0.02785920477796483,0.798
"[0.798, 0.799)",0.027949297609621376,0.799
"[0.799, 0.8)",0.03142962017565924,0.8
"[0.8, 0.801)",0.026208834739586958,0.801
"[0.801, 0.802)",0.029919181868959168,0.802
"[0.802, 0.803)",0.023319054516517123,0.803
"[0.803, 0.804)",0.03216921941679249,0.804
"[0.804, 0.805)",0.02911226093707667,0.805
"[0.805, 0.806)",0.028184548100910783,0.806
"[0.806, 0.807)",0.02275505765579122,0.807
"[0.807, 0.808)",0.03096063772576032,0.808
"[0.808, 0.809)",0.029506415183664148,0.809
"[0.809, 0.81)",0.02929382831769949,0.81
"[0.81, 0.811)",0.023366478299119735,0.811
"[0.811, 0.812)",0.028780041570157105,0.812
"[0.812, 0.8130000000000001)",0.02855548792727278,0.8130000000000001
"[0.8130000000000001, 0.8140000000000001)",0.03157358094424955,0.8140000000000001
"[0.8140000000000001, 0.8150000000000001)",0.027774691280897462,0.8150000000000001
"[0.8150000000000001, 0.8160000000000001)",0.02300008109432015,0.8160000000000001
"[0.8160000000000001, 0.8170000000000001)",0.029726689673513593,0.8170000000000001
"[0.8170000000000001, 0.8180000000000001)",0.023854786617405963,0.8180000000000001
"[0.8180000000000001, 0.8190000000000001)",0.032741897524136775,0.8190000000000001
"[0.8190000000000001, 0.8200000000000001)",0.02587183134258413,0.8200000000000001
"[0.8200000000000001, 0.8210000000000001)",0.026376624339072008,0.8210000000000001
"[0.8210000000000001, 0.8220000000000001)",0.029758393649084294,0.8220000000000001
"[0.8220000000000001, 0.8230000000000001)",0.028567011961619745,0.8230000000000001
"[0.8230000000000001, 0.8240000000000001)",0.03003662620055975,0.8240000000000001
"[0.8240000000000001, 0.8250000000000001)",0.027385848257952327,0.8250000000000001
"[0.8250000000000001, 0.8260000000000001)",0.030251468569904794,0.8260000000000001
"[0.8260000000000001, 0.8270000000000001)",0.02715419794438103,0.8270000000000001
"[0.8270000000000001, 0.8280000000000001)",0.028947115635623903,0.8280000000000001
"[0.8280000000000001, 0.8290000000000001)",0.036055295621236765,0.8290000000000001
"[0.8290000000000001, 0.8300000000000001)",0.03175618978781927,0.8300000000000001
"[0.8300000000000001, 0.8310000000000001)",0.031931160534256084,0.8310000000000001
"[0.8310000000000001, 0.8320000000000001)",0.028947580421003757,0.8320000000000001
"[0.8320000000000001, 0.833)",0.032018042430866325,0.833
"[0.833, 0.834)",0.027160174409664718,0.834
"[0.834, 0.835)",0.031662915657085906,0.835
"[0.835, 0.836)",0.026329541327309254,0.836
"[0.836, 0.837)",0.036405962571508396,0.837
"[0.837, 0.838)",0.031400691740080186,0.838
"[0.838, 0.839)",0.030734912831886934,0.839
"[0.839, 0.84)",0.030313593106719727,0.84
"[0.84, 0.841)",0.02447026502232958,0.841
"[0.841, 0.842)",0.031538951822382706,0.842
"[0.842, 0.843)",0.038276117438624316,0.843
"[0.843, 0.844)",0.027989014313645276,0.844
"[0.844, 0.845)",0.03565828340011239,0.845
"[0.845, 0.846)",0.027175009537037075,0.846
"[0.846, 0.847)",0.026464615494433442,0.847
"[0.847, 0.848)",0.027416180223656172,0.848
"[0.848, 0.849)",0.03322117819345855,0.849
"[0.849, 0.85)",0.03188809894908759,0.85
"[0.85, 0.851)",0.031062684235528618,0.851
"[0.851, 0.852)",0.026499160156603824,0.852
"[0.852, 0.853)",0.028889136556848084,0.853
"[0.853, 0.854)",0.022382363108348336,0.854
"[0.854, 0.855)",0.030919870374500974,0.855
"[0.855, 0.856)",0.03133831495000005,0.856
"[0.856, 0.857)",0.02857224795456174,0.857
"[0.857, 0.858)",0.023107380444438216,0.858
"[0.858, 0.859)",0.023503466190603315,0.859
"[0.859, 0.86)",0.027339808193347238,0.86
"[0.86, 0.861)",0.032428083502895826,0.861
"[0.861, 0.862)",0.024721816925375967,0.862
"[0.862, 0.863)",0.02827649297203886,0.863
"[0.863, 0.864)",0.02884463962557989,0.864
"[0.864, 0.865)",0.02151038389996244,0.865
"[0.865, 0.866)",0.029181909699602424,0.866
"[0.866, 0.867)",0.03042830578456885,0.867
"[0.867, 0.868)",0.024998882948943448,0.868
"[0.868, 0.869)",0.030931672391064667,0.869
"[0.869, 0.87)",0.030999124412633642,0.87
"[0.87, 0.871)",0.02901781939006089,0.871
"[0.871, 0.872)",0.03517874354432333,0.872
"[0.872, 0.873)",0.02816406165822102,0.873
"[0.873, 0.874)",0.02601607533210527,0.874
"[0.874, 0.875)",0.029854467007220047,0.875
"[0.875, 0.876)",0.025749439626454092,0.876
"[0.876, 0.877)",0.035133714319186014,0.877
"[0.877, 0.878)",0.03067462339815957,0.878
"[0.878, 0.879)",0.03413991564440931,0.879
"[0.879, 0.88)",0.026873819081855727,0.88
"[0.88, 0.881)",0.027172333824703562,0.881
"[0.881, 0.882)",0.029793958760635002,0.882
"[0.882, 0.883)",0.02792379466281617,0.883
"[0.883, 0.884)",0.02396142213892102,0.884
"[0.884, 0.885)",0.024505093410246728,0.885
"[0.885, 0.886)",0.03126802942684214,0.886
"[0.886, 0.887)",0.028709175327945993,0.887
"[0.887, 0.888)",0.03292335280469699,0.888
"[0.888, 0.889)",0.024756067280410562,0.889
"[0.889, 0.89)",0.02583462242663767,0.89
"[0.89, 0.891)",0.02588770516270137,0.891
"[0.891, 0.892)",0.02336898587799648,0.892
"[0.892, 0.893)",0.027353970777720255,0.893
"[0.893, 0.894)",0.027733213515315183,0.894
"[0.894, 0.895)",0.03476785606431487,0.895
"[0.895, 0.896)",0.028765277610000053,0.896
"[0.896, 0.897)",0.026575744620000015,0.897
"[0.897, 0.898)",0.027358844598464546,0.898
"[0.898, 0.899)",0.03064974641000005,0.899
"[0.899, 0.9)",0.02609109618422781,0.9
"[0.9, 0.901)",0.030703527931484547,0.901
"[0.901, 0.902)",0.030367129198816605,0.902
"[0.902, 0.903)",0.02907839799255729,0.903
"[0.903, 0.904)",0.025902984259938446,0.904
"[0.904, 0.905)",0.028493458319444512,0.905
"[0.905, 0.906)",0.027168462221988578,0.906
"[0.906, 0.907)",0.03710028206722846,0.907
"[0.907, 0.908)",0.03055386119893848,0.908
"[0.908, 0.909)",0.031537157183716136,0.909
"[0.909, 0.91)",0.02783156572336053,0.91
"[0.91, 0.911)",0.03432311722274198,0.911
"[0.911, 0.912)",0.028975668387214683,0.912
"[0.912, 0.913)",0.02348367115637713,0.913
"[0.913, 0.914)",0.032201817276913076,0.914
"[0.914, 0.915)",0.027566684177163903,0.915
"[0.915, 0.916)",0.03496885381754758,0.916
"[0.916, 0.917)",0.0321841807028281,0.917
"[0.917, 0.918)",0.02855153608329722,0.918
"[0.918, 0.919)",0.026739382847131208,0.919
"[0.919, 0.92)",0.03428360503508778,0.92
"[0.92, 0.921)",0.023367497471438386,0.921
"[0.921, 0.922)",0.0271915529486957,0.922
"[0.922, 0.923)",0.036481401713729544,0.923
"[0.923, 0.924)",0.030146086500669685,0.924
"[0.924, 0.925)",0.032476712299318276,0.925
"[0.925, 0.926)",0.02575607020645657,0.926
"[0.926, 0.927)",0.028891750980439584,0.927
"[0.927, 0.928)",0.031486823621126835,0.928
"[0.928, 0.929)",0.027593962847085228,0.929
"[0.929, 0.93)",0.03350287972027724,0.93
"[0.93, 0.931)",0.027931133575111174,0.931
"[0.931, 0.932)",0.026646081712449015,0.932
"[0.932, 0.933)",0.024062847086542438,0.933
"[0.933, 0.934)",0.02395668027829619,0.934
"[0.934, 0.935)",0.030974410563578993,0.935
"[0.935, 0.936)",0.02404179790775684,0.936
"[0.936, 0.937)",0.02571279508968754,0.937
"[0.937, 0.9380000000000001)",0.03180237029474674,0.9380000000000001
"[0.9380000000000001, 0.9390000000000001)",0.03193294085495837,0.9390000000000001
"[0.9390000000000001, 0.9400000000000001)",0.029883788832355422,0.9400000000000001
"[0.9400000000000001, 0.9410000000000001)",0.02783770755494955,0.9410000000000001
"[0.9410000000000001, 0.9420000000000001)",0.028005193732121896,0.9420000000000001
"[0.9420000000000001, 0.9430000000000001)",0.025944881347578972,0.9430000000000001
"[0.9430000000000001, 0.9440000000000001)",0.026833793900104833,0.9440000000000001
"[0.9440000000000001, 0.9450000000000001)",0.034692140354186614,0.9450000000000001
"[0.9450000000000001, 0.9460000000000001)",0.02428785482703391,0.9460000000000001
"[0.9460000000000001, 0.9470000000000001)",0.02296162833325777,0.9470000000000001
"[0.9470000000000001, 0.9480000000000001)",0.02677625611450898,0.9480000000000001
"[0.9480000000000001, 0.9490000000000001)",0.028831320659633057,0.9490000000000001
"[0.9490000000000001, 0.9500000000000001)",0.030645752522435926,0.9500000000000001
"[0.9500000000000001, 0.9510000000000001)",0.03230651259119055,0.9510000000000001
"[0.9510000000000001, 0.9520000000000001)",0.033755534453620326,0.9520000000000001
"[0.9520000000000001, 0.9530000000000001)",0.02402642800877945,0.9530000000000001
"[0.9530000000000001, 0.9540000000000001)",0.02809028899836832,0.9540000000000001
"[0.9540000000000001, 0.9550000000000001)",0.026052597638132828,0.9550000000000001
"[0.9550000000000001, 0.9560000000000001)",0.026422347404842134,0.9560000000000001
"[0.9560000000000001, 0.9570000000000001)",0.03303973600326088,0.9570000000000001
"[0.9570000000000001, 0.9580000000000001)",0.024575505229838417,0.9580000000000001
"[0.9580000000000001, 0.9590000000000001)",0.03055208726941656,0.9590000000000001
"[0.9590000000000001, 0.96)",0.024813582400448127,0.96
"[0.96, 0.961)",0.02462194172016465,0.961
"[0.961, 0.962)",0.029360778426340366,0.962
"[0.962, 0.963)",0.03198358732629312,0.963
"[0.963, 0.964)",0.03126994088422182,0.964
"[0.964, 0.965)",0.037003254729095034,0.965
"[0.965, 0.966)",0.029297410035317852,0.966
"[0.966, 0.967)",0.023706717068552645,0.967
"[0.967, 0.968)",0.021284183189800434,0.968
"[0.968, 0.969)",0.025473185550539974,0.969
"[0.969, 0.97)",0.025289284215525124,0.97
"[0.97, 0.971)",0.03233801158405178,0.971
"[0.971, 0.972)",0.024057154012555104,0.972
"[0.972, 0.973)",0.02254927424740262,0.973
"[0.973, 0.974)",0.0325515622706494,0.974
"[0.974, 0.975)",0.03865320884383886,0.975
"[0.975, 0.976)",0.032912833241600034,0.976
"[0.976, 0.977)",0.023404557343890162,0.977
"[0.977, 0.978)",0.030144625253995704,0.978
"[0.978, 0.979)",0.02879052031785718,0.979
"[0.979, 0.98)",0.02796285018050104,0.98
"[0.98, 0.981)",0.02533930374894616,0.981
"[0.981, 0.982)",0.03190301898615389,0.982
"[0.982, 0.983)",0.030185517493286077,0.983
"[0.983, 0.984)",0.026656011402907315,0.984
"[0.984, 0.985)",0.03214435586497679,0.985
"[0.985, 0.986)",0.02565533973608248,0.986
"[0.986, 0.987)",0.031575443774371915,0.987
"[0.987, 0.988)",0.02695772590616118,0.988
"[0.988, 0.989)",0.03432035103175353,0.989
"[0.989, 0.99)",0.0288507699989446,0.99
"[0.99, 0.991)",0.0349461623372198,0.991
"[0.991, 0.992)",0.03983143316606338,0.992
"[0.992, 0.993)",0.02407328039906105,0.993
"[0.993, 0.994)",0.029512177519852967,0.994
"[0.994, 0.995)",0.026928713928139572,0.995
"[0.995, 0.996)",0.027076432178619058,0.996
"[0.996, 0.997)",0.02623720218844908,0.997
"[0.997, 0.998)",0.032859482429472314,0.998
"[0.998, 0.999)",0.02974565348682169,0.999
"[0.999, 1.0)",0.026119861574913587,1.0
"[1.0, 1.0010000000000001)",0.030309503496335072,1.0010000000000001
"[1.0010000000000001, 1.002)",0.03554838147702353,1.002
"[1.002, 1.0030000000000001)",0.02911038699434346,1.0030000000000001
"[1.0030000000000001, 1.004)",0.032140298929695464,1.004
"[1.004, 1.0050000000000001)",0.02886253165302163,1.0050000000000001
"[1.0050000000000001, 1.006)",0.026448770768407324,1.006
"[1.006, 1.0070000000000001)",0.024281518993750008,1.0070000000000001
"[1.0070000000000001, 1.008)",0.033061772151262415,1.008
"[1.008, 1.0090000000000001)",0.02813466950153063,1.0090000000000001
"[1.0090000000000001, 1.01)",0.027528300769225182,1.01
"[1.01, 1.0110000000000001)",0.03164347751082355,1.0110000000000001
"[1.0110000000000001, 1.012)",0.029833013982720643,1.012
"[1.012, 1.0130000000000001)",0.029643699419036124,1.0130000000000001
"[1.0130000000000001, 1.014)",0.027042114559708754,1.014
"[1.014, 1.0150000000000001)",0.024439452573958378,1.0150000000000001
"[1.0150000000000001, 1.016)",0.033621814497551576,1.016
"[1.016, 1.0170000000000001)",0.03000995631019421,1.0170000000000001
"[1.0170000000000001, 1.018)",0.025245615569656977,1.018
"[1.018, 1.0190000000000001)",0.02697099379346638,1.0190000000000001
"[1.0190000000000001, 1.02)",0.03214143690639688,1.02
"[1.02, 1.0210000000000001)",0.02660393408688121,1.0210000000000001
"[1.0210000000000001, 1.022)",0.03667611424501282,1.022
"[1.022, 1.0230000000000001)",0.023647127984893133,1.0230000000000001
"[1.0230000000000001, 1.024)",0.03220093037207639,1.024
"[1.024, 1.025)",0.029640458911548595,1.025
"[1.025, 1.026)",0.025435645293984954,1.026
"[1.026, 1.027)",0.03225030114463138,1.027
"[1.027, 1.028)",0.024199696175689237,1.028
"[1.028, 1.029)",0.030470820613051293,1.029
"[1.029, 1.03)",0.031142949006097573,1.03
"[1.03, 1.031)",0.026406544764524417,1.031
"[1.031, 1.032)",0.029774750568208556,1.032
"[1.032, 1.033)",0.0309627791215026,1.033
"[1.033, 1.034)",0.03075057588291378,1.034
"[1.034, 1.035)",0.035049299637837865,1.035
"[1.035, 1.036)",0.023429923186879986,1.036
"[1.036, 1.037)",0.030151745462216654,1.037
"[1.037, 1.038)",0.02401555647506631,1.038
"[1.038, 1.039)",0.02708562619618321,1.039
"[1.039, 1.04)",0.031132496891945832,1.04
"[1.04, 1.041)",0.02779863579894739,1.041
"[1.041, 1.042)",0.0232627718638191,1.042
"[1.042, 1.043)",0.02619692110743905,1.043
"[1.043, 1.044)",0.0265086686591584,1.044
"[1.044, 1.045)",0.02782902000257733,1.045
"[1.045, 1.046)",0.024775815252428574,1.046
"[1.046, 1.047)",0.0307147167296236,1.047
"[1.047, 1.048)",0.03299978878086356,1.048
"[1.048, 1.049)",0.039788956878791824,1.049
"[1.049, 1.05)",0.03548584508401086,1.05
"[1.05, 1.051)",0.02772054430816003,1.051
"[1.051, 1.052)",0.029697718024289457,1.052
"[1.052, 1.053)",0.027431766930855618,1.053
"[1.053, 1.054)",0.03201177968411912,1.054
"[1.054, 1.055)",0.030143540610817962,1.055
"[1.055, 1.056)",0.025277943173645304,1.056
"[1.056, 1.057)",0.031000121546039143,1.057
"[1.057, 1.058)",0.029949418979517806,1.058
"[1.058, 1.059)",0.02656543149479228,1.059
"[1.059, 1.06)",0.024145174082968388,1.06
"[1.06, 1.061)",0.02858112251821247,1.061
"[1.061, 1.062)",0.03010002788484696,1.062
"[1.062, 1.063)",0.03349206224847553,1.063
"[1.063, 1.064)",0.02647703562113208,1.064
"[1.064, 1.065)",0.026248437917563747,1.065
"[1.065, 1.066)",0.025971456918306046,1.066
"[1.066, 1.067)",0.027544325580776696,1.067
"[1.067, 1.068)",0.02362748624489248,1.068
"[1.068, 1.069)",0.03232943672956993,1.069
"[1.069, 1.07)",0.029136800306686927,1.07
"[1.07, 1.071)",0.024679573769627507,1.071
"[1.071, 1.072)",0.030947665336887628,1.072
"[1.072, 1.073)",0.025573543599703267,1.073
"[1.073, 1.074)",0.02347841008618619,1.074
"[1.074, 1.075)",0.03328958277668716,1.075
"[1.075, 1.076)",0.02438624164598764,1.076
"[1.076, 1.077)",0.030184677062146944,1.077
"[1.077, 1.078)",0.026336834648656732,1.078
"[1.078, 1.079)",0.02894367884690267,1.079
"[1.079, 1.08)",0.02651468174324789,1.08
"[1.08, 1.081)",0.02861586207052309,1.081
"[1.081, 1.082)",0.02619136013098269,1.082
"[1.082, 1.083)",0.032839708328529414,1.083
"[1.083, 1.084)",0.027942291762011174,1.084
"[1.084, 1.085)",0.022466708909887004,1.085
"[1.085, 1.086)",0.02504957799027439,1.086
"[1.086, 1.087)",0.02637410232153393,1.087
"[1.087, 1.088)",0.030962687175204364,1.088
"[1.088, 1.089)",0.02728168433433244,1.089
"[1.089, 1.09)",0.02507524908640213,1.09
"[1.09, 1.091)",0.027164148300320882,1.091
"[1.091, 1.092)",0.030006453712394385,1.092
"[1.092, 1.093)",0.028168482274193597,1.093
"[1.093, 1.094)",0.034319147742647084,1.094
"[1.094, 1.095)",0.04088719228933721,1.095
"[1.095, 1.096)",0.029909020844492783,1.096
"[1.096, 1.097)",0.027607338174424567,1.097
"[1.097, 1.098)",0.025871835290149272,1.098
"[1.098, 1.099)",0.02508760152407409,1.099
"[1.099, 1.1)",0.03817933537988341,1.1
"[1.1, 1.101)",0.022066843173978785,1.101
"[1.101, 1.102)",0.03380887848300533,1.102
"[1.102, 1.103)",0.02888445909790576,1.103
"[1.103, 1.104)",0.04068093099484539,1.104
"[1.104, 1.105)",0.035391625405970205,1.105
"[1.105, 1.106)",0.02636848114744381,1.106
"[1.106, 1.107)",0.028519001737101445,1.107
"[1.107, 1.108)",0.0317710037594521,1.108
"[1.108, 1.109)",0.029865611327987446,1.109
"[1.109, 1.11)",0.0362076461901235,1.11
"[1.11, 1.111)",0.037085285163052345,1.111
"[1.111, 1.112)",0.033981117667134,1.112
"[1.112, 1.113)",0.02832214109532709,1.113
"[1.113, 1.114)",0.034668798797471936,1.114
"[1.114, 1.115)",0.026740965239814236,1.115
"[1.115, 1.116)",0.025438459657627113,1.116
"[1.116, 1.117)",0.030107982964139943,1.117
"[1.117, 1.118)",0.03202004052132078,1.118
"[1.118, 1.119)",0.024172521663242432,1.119
"[1.119, 1.12)",0.026063516956862768,1.12
"[1.12, 1.121)",0.030474292480170483,1.121
"[1.121, 1.122)",0.026287702890674496,1.122
"[1.122, 1.123)",0.03328519292354653,1.123
"[1.123, 1.124)",0.03210634949820987,1.124
"[1.124, 1.125)",0.02273678218250824,1.125
"[1.125, 1.1260000000000001)",0.02512915726301366,1.1260000000000001
"[1.1260000000000001, 1.127)",0.03713422822325586,1.127
"[1.127, 1.1280000000000001)",0.029455860543189345,1.1280000000000001
"[1.1280000000000001, 1.129)",0.024453710688372095,1.129
"[1.129, 1.1300000000000001)",0.02410341209442623,1.1300000000000001
"[1.1300000000000001, 1.131)",0.03362894745643275,1.131
"[1.131, 1.1320000000000001)",0.025889786459865772,1.1320000000000001
"[1.1320000000000001, 1.133)",0.04002675451470591,1.133
"[1.133, 1.1340000000000001)",0.02466272047000002,1.1340000000000001
"[1.1340000000000001, 1.135)",0.022260853689504655,1.135
"[1.135, 1.1360000000000001)",0.0330756232434132,1.1360000000000001
"[1.1360000000000001, 1.137)",0.029691537378288297,1.137
"[1.137, 1.1380000000000001)",0.028395889975379954,1.1380000000000001
"[1.1380000000000001, 1.139)",0.03572562768051951,1.139
"[1.139, 1.1400000000000001)",0.03707527985750832,1.1400000000000001
"[1.1400000000000001, 1.141)",0.03169961652262458,1.141
"[1.141, 1.1420000000000001)",0.02873687868971831,1.1420000000000001
"[1.1420000000000001, 1.143)",0.029165840105135152,1.143
"[1.143, 1.1440000000000001)",0.028292257079148935,1.1440000000000001
"[1.1440000000000001, 1.145)",0.028763843194603168,1.145
"[1.145, 1.1460000000000001)",0.025717882354333317,1.1460000000000001
"[1.1460000000000001, 1.147)",0.028690112432110105,1.147
"[1.147, 1.1480000000000001)",0.030954142400602423,1.1480000000000001
"[1.1480000000000001, 1.149)",0.03213607744313728,1.149
"[1.149, 1.1500000000000001)",0.025915281450165,1.1500000000000001
"[1.1500000000000001, 1.151)",0.03150137458189712,1.151
"[1.151, 1.1520000000000001)",0.03136650439057756,1.1520000000000001
"[1.1520000000000001, 1.153)",0.028804808748112594,1.153
"[1.153, 1.154)",0.024449154278091873,1.154
"[1.154, 1.155)",0.029568163607063193,1.155
"[1.155, 1.156)",0.031594643211821094,1.156
"[1.156, 1.157)",0.0321586888876712,1.157
"[1.157, 1.158)",0.028202221843405578,1.158
"[1.158, 1.159)",0.024242177928070183,1.159
"[1.159, 1.16)",0.0287346691892473,1.16
"[1.16, 1.161)",0.025817079205276868,1.161
"[1.161, 1.162)",0.030706605194247494,1.162
"[1.162, 1.163)",0.036728242081226055,1.163
"[1.163, 1.164)",0.0330071760819788,1.164
"[1.164, 1.165)",0.03707588455640682,1.165
"[1.165, 1.166)",0.024187766908361205,1.166
"[1.166, 1.167)",0.03074417875360828,1.167
"[1.167, 1.168)",0.020981572311870502,1.168
"[1.168, 1.169)",0.03089486487364342,1.169
"[1.169, 1.17)",0.041441090652805296,1.17
"[1.17, 1.171)",0.030097554462902104,1.171
"[1.171, 1.172)",0.02861437690687022,1.172
"[1.172, 1.173)",0.0358776413711806,1.173
"[1.173, 1.174)",0.02896276403603896,1.174
"[1.174, 1.175)",0.02881237736459854,1.175
"[1.175, 1.176)",0.02787825832230768,1.176
"[1.176, 1.177)",0.02802822264960628,1.177
"[1.177, 1.178)",0.030608150687166664,1.178
"[1.178, 1.179)",0.018247127980851076,1.179
"[1.179, 1.18)",0.029748751479738572,1.18
"[1.18, 1.181)",0.02993837645884617,1.181
"[1.181, 1.182)",0.02753870428697184,1.182
"[1.182, 1.183)",0.032465354847368434,1.183
"[1.183, 1.184)",0.025431841912903225,1.184
"[1.184, 1.185)",0.02767340566503761,1.185
"[1.185, 1.186)",0.032192618716723555,1.186
"[1.186, 1.187)",0.024640727323134312,1.187
"[1.187, 1.188)",0.021858364947957745,1.188
"[1.188, 1.189)",0.0237803244299578,1.189
"[1.189, 1.19)",0.03448207505642857,1.19
"[1.19, 1.191)",0.02862912984112,1.191
"[1.191, 1.192)",0.03510216353453817,1.192
"[1.192, 1.193)",0.029256549801673647,1.193
"[1.193, 1.194)",0.03760049403872184,1.194
"[1.194, 1.195)",0.029370045150549005,1.195
"[1.195, 1.196)",0.027770570316605153,1.196
"[1.196, 1.197)",0.024715728997826068,1.197
"[1.197, 1.198)",0.03555788639035714,1.198
"[1.198, 1.199)",0.03154309915091576,1.199
"[1.199, 1.2)",0.025377182716250005,1.2
"[1.2, 1.201)",0.028142624415194346,1.201
"[1.201, 1.202)",0.02372766172328123,1.202
"[1.202, 1.203)",0.031507237859236946,1.203
"[1.203, 1.204)",0.03919636814216949,1.204
"[1.204, 1.205)",0.03178643069759998,1.205
"[1.205, 1.206)",0.03308992039778599,1.206
"[1.206, 1.207)",0.029523906567509018,1.207
"[1.207, 1.208)",0.03192338900898436,1.208
"[1.208, 1.209)",0.02336506022023344,1.209
"[1.209, 1.21)",0.03663236232563219,1.21
"[1.21, 1.211)",0.027291569397824542,1.211
"[1.211, 1.212)",0.03418953655710438,1.212
"[1.212, 1.213)",0.023015668222758606,1.213
"[1.213, 1.214)",0.03578183305018051,1.214
"[1.214, 1.215)",0.033181565745627375,1.215
"[1.215, 1.216)",0.028843963937323937,1.216
"[1.216, 1.217)",0.019290506224436097,1.217
"[1.217, 1.218)",0.02688491739444444,1.218
"[1.218, 1.219)",0.030598091120154432,1.219
"[1.219, 1.22)",0.03169192000534295,1.22
"[1.22, 1.221)",0.026467062319230766,1.221
"[1.221, 1.222)",0.023181728807196975,1.222
"[1.222, 1.223)",0.02930210244257026,1.223
"[1.223, 1.224)",0.02720578169695816,1.224
"[1.224, 1.225)",0.029928292677396225,1.225
"[1.225, 1.226)",0.026793831139840622,1.226
"[1.226, 1.227)",0.035950218709885906,1.227
"[1.227, 1.228)",0.02506157062690972,1.228
"[1.228, 1.229)",0.03141646990048384,1.229
"[1.229, 1.23)",0.02460953423889327,1.23
"[1.23, 1.231)",0.030404385091902825,1.231
"[1.231, 1.232)",0.02041277424888889,1.232
"[1.232, 1.233)",0.031598685869565206,1.233
"[1.233, 1.234)",0.033607055336693566,1.234
"[1.234, 1.235)",0.041447640710545505,1.235
"[1.235, 1.236)",0.036899386543183664,1.236
"[1.236, 1.237)",0.02869188327636716,1.237
"[1.237, 1.238)",0.030414379237867637,1.238
"[1.238, 1.239)",0.05076184465949822,1.239
"[1.239, 1.24)",0.031227689675378794,1.24
"[1.24, 1.241)",0.030361427453461532,1.241
"[1.241, 1.242)",0.030112690818545458,1.242
"[1.242, 1.243)",0.029858220347810206,1.243
"[1.243, 1.244)",0.027740116912464294,1.244
"[1.244, 1.245)",0.03520613118786765,1.245
"[1.245, 1.246)",0.02157141160903844,1.246
"[1.246, 1.247)",0.030631127354183246,1.247
"[1.247, 1.248)",0.02860625950203251,1.248
"[1.248, 1.249)",0.03294364961015628,1.249
"[1.249, 1.25)",0.03402521010142858,1.25
"[1.25, 1.2510000000000001)",0.031004364794047612,1.2510000000000001
"[1.2510000000000001, 1.252)",0.02403513790962343,1.252
"[1.252, 1.2530000000000001)",0.035116000326504034,1.2530000000000001
"[1.2530000000000001, 1.254)",0.02894448124133858,1.254
"[1.254, 1.2550000000000001)",0.040840946893333396,1.2550000000000001
"[1.2550000000000001, 1.256)",0.018752931742460312,1.256
"[1.256, 1.2570000000000001)",0.029123019633333337,1.2570000000000001
"[1.2570000000000001, 1.258)",0.020141593113043477,1.258
"[1.258, 1.2590000000000001)",0.04029339996898959,1.2590000000000001
"[1.2590000000000001, 1.26)",0.02459240925926573,1.26
"[1.26, 1.2610000000000001)",0.042458739629729736,1.2610000000000001
"[1.2610000000000001, 1.262)",0.03638684072075473,1.262
"[1.262, 1.2630000000000001)",0.026384177587481458,1.2630000000000001
"[1.2630000000000001, 1.264)",0.02964725260576131,1.264
"[1.264, 1.2650000000000001)",0.034289789407744645,1.2650000000000001
"[1.2650000000000001, 1.266)",0.024613886167634852,1.266
"[1.266, 1.2670000000000001)",0.02954425373027888,1.2670000000000001
"[1.2670000000000001, 1.268)",0.034718671530530966,1.268
"[1.268, 1.2690000000000001)",0.022364399246399994,1.2690000000000001
"[1.2690000000000001, 1.27)",0.04475868238661415,1.27
"[1.27, 1.2710000000000001)",0.03128312058892858,1.2710000000000001
"[1.2710000000000001, 1.272)",0.019812735486770434,1.272
"[1.272, 1.2730000000000001)",0.02532441485333335,1.2730000000000001
"[1.2730000000000001, 1.274)",0.034653829443992076,1.274
"[1.274, 1.2750000000000001)",0.028427590003673456,1.2750000000000001
"[1.2750000000000001, 1.276)",0.0235633498064257,1.276
"[1.276, 1.2770000000000001)",0.026169643455405397,1.2770000000000001
"[1.2770000000000001, 1.278)",0.03400161484144488,1.278
"[1.278, 1.2790000000000001)",0.0324113868275862,1.2790000000000001
"[1.2790000000000001, 1.28)",0.03438527514152545,1.28
"[1.28, 1.281)",0.029652901760958916,1.281
"[1.281, 1.282)",0.01999347748302582,1.282
"[1.282, 1.283)",0.030896817053947395,1.283
"[1.283, 1.284)",0.03775874604398344,1.284
"[1.284, 1.285)",0.03274773354201681,1.285
"[1.285, 1.286)",0.04012125163362446,1.286
"[1.286, 1.287)",0.03309645520389611,1.287
"[1.287, 1.288)",0.0368113586658,1.288
"[1.288, 1.289)",0.024953755286111094,1.289
"[1.289, 1.29)",0.026822894311600006,1.29
"[1.29, 1.291)",0.036402810464666695,1.291
"[1.291, 1.292)",0.028048701061990935,1.292
"[1.292, 1.293)",0.02787098231232229,1.293
"[1.293, 1.294)",0.03407612116359223,1.294
"[1.294, 1.295)",0.03165808722489715,1.295
"[1.295, 1.296)",0.029975308332075467,1.296
"[1.296, 1.297)",0.028754402815813943,1.297
"[1.297, 1.298)",0.024048695853846152,1.298
"[1.298, 1.299)",0.03478615098251044,1.299
"[1.299, 1.3)",0.02322715106280001,1.3
"[1.3, 1.301)",0.035185767320866146,1.301
"[1.301, 1.302)",0.026947367770886046,1.302
"[1.302, 1.303)",0.030673634440329205,1.303
"[1.303, 1.304)",0.03524997038446971,1.304
"[1.304, 1.305)",0.02074104449442061,1.305
"[1.305, 1.306)",0.03352512609787233,1.306
"[1.306, 1.307)",0.0270731243788938,1.307
"[1.307, 1.308)",0.042697111927426167,1.308
"[1.308, 1.309)",0.030425605115720504,1.309
"[1.309, 1.31)",0.03312644070823834,1.31
"[1.31, 1.311)",0.03727572215558685,1.311
"[1.311, 1.312)",0.03487457140215515,1.312
"[1.312, 1.313)",0.02621975696973685,1.313
"[1.313, 1.314)",0.027512506604824547,1.314
"[1.314, 1.315)",0.023830859181165908,1.315
"[1.315, 1.316)",0.026938600272765942,1.316
"[1.316, 1.317)",0.03788310627629917,1.317
"[1.317, 1.318)",0.027326883371982746,1.318
"[1.318, 1.319)",0.022238575033333315,1.319
"[1.319, 1.32)",0.023924963895528444,1.32
"[1.32, 1.321)",0.016133265634101387,1.321
"[1.321, 1.322)",0.030989936224377904,1.322
"[1.322, 1.323)",0.025765920393625484,1.323
"[1.323, 1.324)",0.03021136367310923,1.324
"[1.324, 1.325)",0.028824073442832613,1.325
"[1.325, 1.326)",0.02691215507990197,1.326
"[1.326, 1.327)",0.02895061843628316,1.327
"[1.327, 1.328)",0.033420066279868405,1.328
"[1.328, 1.329)",0.02755916378018433,1.329
"[1.329, 1.33)",0.03196630133487391,1.33
"[1.33, 1.331)",0.02248810030347824,1.331
"[1.331, 1.332)",0.02586003161317795,1.332
"[1.332, 1.333)",0.030875624999122803,1.333
"[1.333, 1.334)",0.02545291674318182,1.334
"[1.334, 1.335)",0.024318882047881334,1.335
"[1.335, 1.336)",0.026175805123414633,1.336
"[1.336, 1.337)",0.02066251333086956,1.337
"[1.337, 1.338)",0.02602036188644066,1.338
"[1.338, 1.339)",0.040213258204186066,1.339
"[1.339, 1.34)",0.028413732761160704,1.34
"[1.34, 1.341)",0.035310337166954524,1.341
"[1.341, 1.342)",0.025124821587499974,1.342
"[1.342, 1.343)",0.04997898913920705,1.343
"[1.343, 1.344)",0.02057585680714894,1.344
"[1.344, 1.345)",0.035563297376829256,1.345
"[1.345, 1.346)",0.02909105457209303,1.346
"[1.346, 1.347)",0.03243540985999996,1.347
"[1.347, 1.348)",0.023146306649468075,1.348
"[1.348, 1.349)",0.031927907773873845,1.349
"[1.349, 1.35)",0.031231139388732364,1.35
"[1.35, 1.351)",0.024703472586725644,1.351
"[1.351, 1.352)",0.031005095511004797,1.352
"[1.352, 1.353)",0.03544783880165289,1.353
"[1.353, 1.354)",0.03131072427642855,1.354
"[1.354, 1.355)",0.026744193030222217,1.355
"[1.355, 1.356)",0.03307288092150233,1.356
"[1.356, 1.357)",0.03902218118780485,1.357
"[1.357, 1.358)",0.026262267115920394,1.358
"[1.358, 1.359)",0.030282327652153076,1.359
"[1.359, 1.36)",0.033375306165094314,1.36
"[1.36, 1.361)",0.022227406869369384,1.361
"[1.361, 1.362)",0.03083309261486484,1.362
"[1.362, 1.363)",0.026577000623902437,1.363
"[1.363, 1.364)",0.034170967926388886,1.364
"[1.364, 1.365)",0.03504858363714285,1.365
"[1.365, 1.366)",0.028818512254368926,1.366
"[1.366, 1.367)",0.024512586399069777,1.367
"[1.367, 1.368)",0.026244256709459464,1.368
"[1.368, 1.369)",0.03155871108333331,1.369
"[1.369, 1.37)",0.025046510874684673,1.37
"[1.37, 1.371)",0.024652423298755177,1.371
"[1.371, 1.372)",0.027631341527669908,1.372
"[1.372, 1.373)",0.02182799662905982,1.373
"[1.373, 1.374)",0.023428891431696432,1.374
"[1.374, 1.375)",0.02300666567236181,1.375
"[1.375, 1.3760000000000001)",0.041912282968620714,1.3760000000000001
"[1.3760000000000001, 1.377)",0.03074217931619046,1.377
"[1.377, 1.3780000000000001)",0.031604834953418794,1.3780000000000001
"[1.3780000000000001, 1.379)",0.0323491120342222,1.379
"[1.379, 1.3800000000000001)",0.028518631115094343,1.3800000000000001
"[1.3800000000000001, 1.381)",0.028108996525515694,1.381
"[1.381, 1.3820000000000001)",0.029417309060714276,1.3820000000000001
"[1.3820000000000001, 1.383)",0.0274978352287958,1.383
"[1.383, 1.3840000000000001)",0.02896929357749999,1.3840000000000001
"[1.3840000000000001, 1.385)",0.04013456777451923,1.385
"[1.385, 1.3860000000000001)",0.02643631795135134,1.3860000000000001
"[1.3860000000000001, 1.387)",0.029520789039380515,1.387
"[1.387, 1.3880000000000001)",0.028701739506576573,1.3880000000000001
"[1.3880000000000001, 1.389)",0.018829406102912626,1.389
"[1.389, 1.3900000000000001)",0.026731341056338027,1.3900000000000001
"[1.3900000000000001, 1.391)",0.024181865577560947,1.391
"[1.391, 1.3920000000000001)",0.020596927844278613,1.3920000000000001
"[1.3920000000000001, 1.393)",0.029681155699061025,1.393
"[1.393, 1.3940000000000001)",0.03532678313364485,1.3940000000000001
"[1.3940000000000001, 1.395)",0.027824602788586957,1.395
"[1.395, 1.3960000000000001)",0.02338041319068628,1.3960000000000001
"[1.3960000000000001, 1.397)",0.023606275289999996,1.397
"[1.397, 1.3980000000000001)",0.031272278017553175,1.3980000000000001
"[1.3980000000000001, 1.399)",0.02230917270765551,1.399
"[1.399, 1.4000000000000001)",0.02302924337537735,1.4000000000000001
"[1.4000000000000001, 1.401)",0.032086579764039405,1.401
"[1.401, 1.4020000000000001)",0.03220036621226602,1.4020000000000001
"[1.4020000000000001, 1.403)",0.017412981300505056,1.403
"[1.403, 1.4040000000000001)",0.04290444212060747,1.4040000000000001
"[1.4040000000000001, 1.405)",0.026586901731958747,1.405
"[1.405, 1.4060000000000001)",0.03334187717313431,1.4060000000000001
"[1.4060000000000001, 1.407)",0.030577493061413046,1.407
"[1.407, 1.408)",0.033240633465656574,1.408
"[1.408, 1.409)",0.02910272301813189,1.409
"[1.409, 1.41)",0.0439035923819672,1.41
"[1.41, 1.411)",0.0275017563699029,1.411
"[1.411, 1.412)",0.031854418659622644,1.412
"[1.412, 1.413)",0.027099218723222757,1.413
"[1.413, 1.414)",0.028968499412878778,1.414
"[1.414, 1.415)",0.04348616524603174,1.415
"[1.415, 1.416)",0.024434963222797937,1.416
"[1.416, 1.417)",0.027615542696842115,1.417
"[1.417, 1.418)",0.02932756555380711,1.418
"[1.418, 1.419)",0.03178451487979274,1.419
"[1.419, 1.42)",0.03125979379268294,1.42
"[1.42, 1.421)",0.028281493764356444,1.421
"[1.421, 1.422)",0.03299704614561403,1.422
"[1.422, 1.423)",0.02344772643456221,1.423
"[1.423, 1.424)",0.022615704119276006,1.424
"[1.424, 1.425)",0.03774433372762431,1.425
"[1.425, 1.426)",0.032264218791323525,1.426
"[1.426, 1.427)",0.027649030476836152,1.427
"[1.427, 1.428)",0.037754726148469364,1.428
"[1.428, 1.429)",0.017838646585500006,1.429
"[1.429, 1.43)",0.02650385747945945,1.43
"[1.43, 1.431)",0.027677828262272722,1.431
"[1.431, 1.432)",0.030260549086243368,1.432
"[1.432, 1.433)",0.033325708075531896,1.433
"[1.433, 1.434)",0.02653664157541667,1.434
"[1.434, 1.435)",0.03124696135333334,1.435
"[1.435, 1.436)",0.02707464007853108,1.436
"[1.436, 1.437)",0.03090750350094786,1.437
"[1.437, 1.438)",0.0335791659847619,1.438
"[1.438, 1.439)",0.04094160014137932,1.439
"[1.439, 1.44)",0.01994022647075472,1.44
"[1.44, 1.441)",0.02488694315094339,1.441
"[1.441, 1.442)",0.02704125055751297,1.442
"[1.442, 1.443)",0.028132334146153827,1.443
"[1.443, 1.444)",0.027297714166363635,1.444
"[1.444, 1.445)",0.02291363416037737,1.445
"[1.445, 1.446)",0.026447853178260868,1.446
"[1.446, 1.447)",0.04199607008636364,1.447
"[1.447, 1.448)",0.03765829755714286,1.448
"[1.448, 1.449)",0.027873415142857134,1.449
"[1.449, 1.45)",0.0285602368260204,1.45
"[1.45, 1.451)",0.02673851809804256,1.451
"[1.451, 1.452)",0.02885010456310681,1.452
"[1.452, 1.453)",0.034044114167567564,1.453
"[1.453, 1.454)",0.02274163061698114,1.454
"[1.454, 1.455)",0.03165666169242424,1.455
"[1.455, 1.456)",0.04192839394567309,1.456
"[1.456, 1.457)",0.030056856091052627,1.457
"[1.457, 1.458)",0.030463911522404366,1.458
"[1.458, 1.459)",0.03849505597336956,1.459
"[1.459, 1.46)",0.02493790693045974,1.46
"[1.46, 1.461)",0.030119028881791927,1.461
"[1.461, 1.462)",0.028238974559638547,1.462
"[1.462, 1.463)",0.018881008414465415,1.463
"[1.463, 1.464)",0.025309648745445033,1.464
"[1.464, 1.465)",0.03460016581546392,1.465
"[1.465, 1.466)",0.021708429900653588,1.466
"[1.466, 1.467)",0.02554918764210526,1.467
"[1.467, 1.468)",0.03255951805989583,1.468
"[1.468, 1.469)",0.02657833623686869,1.469
"[1.469, 1.47)",0.03140974007837838,1.47
"[1.47, 1.471)",0.025445996286934666,1.471
"[1.471, 1.472)",0.03951482960356723,1.472
"[1.472, 1.473)",0.0450859445749198,1.473
"[1.473, 1.474)",0.025139759059537546,1.474
"[1.474, 1.475)",0.026036395073953486,1.475
"[1.475, 1.476)",0.03144701635381166,1.476
"[1.476, 1.477)",0.04061861672553191,1.477
"[1.477, 1.478)",0.027777871899999973,1.478
"[1.478, 1.479)",0.03842739160681616,1.479
"[1.479, 1.48)",0.04020990273657407,1.48
"[1.48, 1.481)",0.02629006439641147,1.481
"[1.481, 1.482)",0.020980381299487174,1.482
"[1.482, 1.483)",0.031950287840425536,1.483
"[1.483, 1.484)",0.02601819573502824,1.484
"[1.484, 1.485)",0.02465561451155779,1.485
"[1.485, 1.486)",0.023460398807558146,1.486
"[1.486, 1.487)",0.0300907972989071,1.487
"[1.487, 1.488)",0.03436739671170212,1.488
"[1.488, 1.489)",0.02558019435333334,1.489
"[1.489, 1.49)",0.026109505146236573,1.49
"[1.49, 1.491)",0.020769770403108817,1.491
"[1.491, 1.492)",0.035757091535638275,1.492
"[1.492, 1.493)",0.019436177275999993,1.493
"[1.493, 1.494)",0.017994018913793108,1.494
"[1.494, 1.495)",0.022084507603809516,1.495
"[1.495, 1.496)",0.02491720777729728,1.496
"[1.496, 1.497)",0.0306492509240964,1.497
"[1.497, 1.498)",0.031268632187209294,1.498
"[1.498, 1.499)",0.029240282874999992,1.499
"[1.499, 1.5)",0.031010453045459466,1.5
"[1.5, 1.5010000000000001)",0.023697250895,1.5010000000000001
"[1.5010000000000001, 1.502)",0.026478625736548224,1.502
"[1.502, 1.5030000000000001)",0.023260387954545467,1.5030000000000001
"[1.5030000000000001, 1.504)",0.033222665077500005,1.504
"[1.504, 1.5050000000000001)",0.035355474564245815,1.5050000000000001
"[1.5050000000000001, 1.506)",0.03371596477225434,1.506
"[1.506, 1.5070000000000001)",0.021413687033879792,1.5070000000000001
"[1.5070000000000001, 1.508)",0.03138774729711864,1.508
"[1.508, 1.5090000000000001)",0.026104980134920627,1.5090000000000001
"[1.5090000000000001, 1.51)",0.026571524840740744,1.51
"[1.51, 1.5110000000000001)",0.027319916298802382,1.5110000000000001
"[1.5110000000000001, 1.512)",0.02566090132445652,1.512
"[1.512, 1.5130000000000001)",0.025757212484705888,1.5130000000000001
"[1.5130000000000001, 1.514)",0.018990998273821984,1.514
"[1.514, 1.5150000000000001)",0.02063852205191257,1.5150000000000001
"[1.5150000000000001, 1.516)",0.03149762685064937,1.516
"[1.516, 1.5170000000000001)",0.035222108952469106,1.5170000000000001
"[1.5170000000000001, 1.518)",0.021013030267455622,1.518
"[1.518, 1.5190000000000001)",0.025770728213636376,1.5190000000000001
"[1.5190000000000001, 1.52)",0.026879345203144653,1.52
"[1.52, 1.5210000000000001)",0.02103445768353659,1.5210000000000001
"[1.5210000000000001, 1.522)",0.04452415911193183,1.522
"[1.522, 1.5230000000000001)",0.023745670279999995,1.5230000000000001
"[1.5230000000000001, 1.524)",0.028871440679753092,1.524
"[1.524, 1.5250000000000001)",0.023954033879662162,1.5250000000000001
"[1.5250000000000001, 1.526)",0.022013593072,1.526
"[1.526, 1.5270000000000001)",0.032661358878343934,1.5270000000000001
"[1.5270000000000001, 1.528)",0.041469049727118616,1.528
"[1.528, 1.5290000000000001)",0.030944727879329587,1.5290000000000001
"[1.5290000000000001, 1.53)",0.027827752836363635,1.53
"[1.53, 1.5310000000000001)",0.026736107682872948,1.5310000000000001
"[1.5310000000000001, 1.532)",0.03376132253878787,1.532
"[1.532, 1.5330000000000001)",0.03599148002312498,1.5330000000000001
"[1.5330000000000001, 1.534)",0.027419525470967734,1.534
"[1.534, 1.5350000000000001)",0.034916551968108125,1.5350000000000001
"[1.5350000000000001, 1.536)",0.04591168390962964,1.536
"[1.536, 1.537)",0.028978567632978725,1.537
"[1.537, 1.538)",0.028723392176470568,1.538
"[1.538, 1.539)",0.029879811404635748,1.539
"[1.539, 1.54)",0.0247264660422619,1.54
"[1.54, 1.541)",0.027160290927777785,1.541
"[1.541, 1.542)",0.03215806688315217,1.542
"[1.542, 1.543)",0.03392626352115386,1.543
"[1.543, 1.544)",0.02077680332078431,1.544
"[1.544, 1.545)",0.016735870836184212,1.545
"[1.545, 1.546)",0.035051452236809805,1.546
"[1.546, 1.547)",0.023290157715428573,1.547
"[1.547, 1.548)",0.03170522327030302,1.548
"[1.548, 1.549)",0.0320189905942857,1.549
"[1.549, 1.55)",0.030571751620606054,1.55
"[1.55, 1.551)",0.03643694195454544,1.551
"[1.551, 1.552)",0.03916416418043477,1.552
"[1.552, 1.553)",0.025364327151428553,1.553
"[1.553, 1.554)",0.030849344348603362,1.554
"[1.554, 1.555)",0.0400748390512195,1.555
"[1.555, 1.556)",0.02256310856907284,1.556
"[1.556, 1.557)",0.024101183868047334,1.557
"[1.557, 1.558)",0.018338925019354843,1.558
"[1.558, 1.559)",0.026642355354285722,1.559
"[1.559, 1.56)",0.029279310344941866,1.56
"[1.56, 1.561)",0.021713548463855422,1.561
"[1.561, 1.562)",0.01962546835105882,1.562
"[1.562, 1.563)",0.03132281506566264,1.563
"[1.563, 1.564)",0.02659526610843374,1.564
"[1.564, 1.565)",0.029181160584353754,1.565
"[1.565, 1.566)",0.029331218876404483,1.566
"[1.566, 1.567)",0.02953239022952941,1.567
"[1.567, 1.568)",0.03282091003869048,1.568
"[1.568, 1.569)",0.027267831933132532,1.569
"[1.569, 1.57)",0.025350951543016753,1.57
"[1.57, 1.571)",0.02410709040594059,1.571
"[1.571, 1.572)",0.040081392500680255,1.572
"[1.572, 1.573)",0.02058576899938652,1.573
"[1.573, 1.574)",0.04009823553559321,1.574
"[1.574, 1.575)",0.02508848575287355,1.575
"[1.575, 1.576)",0.02984965349113923,1.576
"[1.576, 1.577)",0.030132811297931033,1.577
"[1.577, 1.578)",0.029826673797468374,1.578
"[1.578, 1.579)",0.024438132906806274,1.579
"[1.579, 1.58)",0.021360970526315796,1.58
"[1.58, 1.581)",0.0375484318574074,1.581
"[1.581, 1.582)",0.027870235089171976,1.582
"[1.582, 1.583)",0.034694030957142866,1.583
"[1.583, 1.584)",0.03196102514102566,1.584
"[1.584, 1.585)",0.03192020539451222,1.585
"[1.585, 1.586)",0.01952299070754717,1.586
"[1.586, 1.587)",0.0289498135011043,1.587
"[1.587, 1.588)",0.022599010623877546,1.588
"[1.588, 1.589)",0.029640399921637403,1.589
"[1.589, 1.59)",0.024002453743749996,1.59
"[1.59, 1.591)",0.03338562577999999,1.591
"[1.591, 1.592)",0.038002542393251536,1.592
"[1.592, 1.593)",0.02359725032894737,1.593
"[1.593, 1.594)",0.0215472914189781,1.594
"[1.594, 1.595)",0.02685400948046875,1.595
"[1.595, 1.596)",0.024199857683823534,1.596
"[1.596, 1.597)",0.018015375704071433,1.597
"[1.597, 1.598)",0.023974813477692317,1.598
"[1.598, 1.599)",0.03773184569929577,1.599
"[1.599, 1.6)",0.026387499463030296,1.6
"[1.6, 1.601)",0.01812499575472974,1.601
"[1.601, 1.602)",0.045455027639160824,1.602
"[1.602, 1.603)",0.022862864899199992,1.603
"[1.603, 1.604)",0.02536057610335665,1.604
"[1.604, 1.605)",0.032971927714285726,1.605
"[1.605, 1.606)",0.027495837351176475,1.606
"[1.606, 1.607)",0.03026768819141105,1.607
"[1.607, 1.608)",0.026285958000000012,1.608
"[1.608, 1.609)",0.04326781731866667,1.609
"[1.609, 1.61)",0.025367693496688746,1.61
"[1.61, 1.611)",0.029869318958263474,1.611
"[1.611, 1.612)",0.024334745314792915,1.612
"[1.612, 1.613)",0.02533917728461539,1.613
"[1.613, 1.614)",0.023043193361184208,1.614
"[1.614, 1.615)",0.030177445074342068,1.615
"[1.615, 1.616)",0.03862236729930068,1.616
"[1.616, 1.617)",0.024707423171428586,1.617
"[1.617, 1.618)",0.03262169984383562,1.618
"[1.618, 1.619)",0.030611105882417573,1.619
"[1.619, 1.62)",0.01945154196617648,1.62
"[1.62, 1.621)",0.043722119657142844,1.621
"[1.621, 1.622)",0.035740034527464805,1.622
"[1.622, 1.623)",0.029905427250387598,1.623
"[1.623, 1.624)",0.033835459187820494,1.624
"[1.624, 1.625)",0.02849297629074325,1.625
"[1.625, 1.6260000000000001)",0.03093985863478263,1.6260000000000001
"[1.6260000000000001, 1.627)",0.025518615323899374,1.627
"[1.627, 1.6280000000000001)",0.02879201919424462,1.6280000000000001
"[1.6280000000000001, 1.629)",0.026588726306643835,1.629
"[1.629, 1.6300000000000001)",0.023963374965000003,1.6300000000000001
"[1.6300000000000001, 1.631)",0.03410396849735103,1.631
"[1.631, 1.6320000000000001)",0.03279442420993867,1.6320000000000001
"[1.6320000000000001, 1.633)",0.034106707714503824,1.633
"[1.633, 1.6340000000000001)",0.023070928482222215,1.6340000000000001
"[1.6340000000000001, 1.635)",0.04127028820149253,1.635
"[1.635, 1.6360000000000001)",0.021839434285785136,1.6360000000000001
"[1.6360000000000001, 1.637)",0.030337989473354032,1.637
"[1.637, 1.6380000000000001)",0.031730206373026315,1.6380000000000001
"[1.6380000000000001, 1.639)",0.02723765708740158,1.639
"[1.639, 1.6400000000000001)",0.03804475002080539,1.6400000000000001
"[1.6400000000000001, 1.641)",0.031783421450649336,1.641
"[1.641, 1.6420000000000001)",0.031235319626056333,1.6420000000000001
"[1.6420000000000001, 1.643)",0.03003237956833332,1.643
"[1.643, 1.6440000000000001)",0.024457053613496926,1.6440000000000001
"[1.6440000000000001, 1.645)",0.026188742776335896,1.645
"[1.645, 1.6460000000000001)",0.03596410873880594,1.6460000000000001
"[1.6460000000000001, 1.647)",0.033936539377777776,1.647
"[1.647, 1.6480000000000001)",0.028513473796874994,1.6480000000000001
"[1.6480000000000001, 1.649)",0.023545226364285722,1.649
"[1.649, 1.6500000000000001)",0.028950803032352954,1.6500000000000001
"[1.6500000000000001, 1.651)",0.026526759884353743,1.651
"[1.651, 1.6520000000000001)",0.031115355768211936,1.6520000000000001
"[1.6520000000000001, 1.653)",0.04546631875844155,1.653
"[1.653, 1.6540000000000001)",0.026741725310909088,1.6540000000000001
"[1.6540000000000001, 1.655)",0.02683567099806451,1.655
"[1.655, 1.6560000000000001)",0.018621341955714292,1.6560000000000001
"[1.6560000000000001, 1.657)",0.02172065891356165,1.657
"[1.657, 1.6580000000000001)",0.02750093569807693,1.6580000000000001
"[1.6580000000000001, 1.659)",0.02610237048129497,1.659
"[1.659, 1.6600000000000001)",0.03688331794468084,1.6600000000000001
"[1.6600000000000001, 1.661)",0.03779348909499999,1.661
"[1.661, 1.6620000000000001)",0.032840499948905116,1.6620000000000001
"[1.6620000000000001, 1.663)",0.02306903972160495,1.663
"[1.663, 1.6640000000000001)",0.029216836726582287,1.6640000000000001
"[1.6640000000000001, 1.665)",0.025732126505223878,1.665
"[1.665, 1.666)",0.031445693447841705,1.666
"[1.666, 1.667)",0.03210916105328948,1.667
"[1.667, 1.668)",0.027969956823766243,1.668
"[1.668, 1.669)",0.025823306305732485,1.669
"[1.669, 1.67)",0.02476648910592106,1.67
"[1.67, 1.671)",0.021773973883225797,1.671
"[1.671, 1.672)",0.0297662880883117,1.672
"[1.672, 1.673)",0.0310419679658385,1.673
"[1.673, 1.674)",0.02288512420915032,1.674
"[1.674, 1.675)",0.020923378021787703,1.675
"[1.675, 1.676)",0.027491146334057973,1.676
"[1.676, 1.677)",0.03166191443966216,1.677
"[1.677, 1.678)",0.023786003560810808,1.678
"[1.678, 1.679)",0.020122250170895518,1.679
"[1.679, 1.68)",0.030526901135036515,1.68
"[1.68, 1.681)",0.027375103658385087,1.681
"[1.681, 1.682)",0.029996035485093178,1.682
"[1.682, 1.683)",0.033115760858904095,1.683
"[1.683, 1.684)",0.027864100959183673,1.684
"[1.684, 1.685)",0.02776817930625,1.685
"[1.685, 1.686)",0.021218864211761,1.686
"[1.686, 1.687)",0.034878568137499996,1.687
"[1.687, 1.688)",0.024513209487755108,1.688
"[1.688, 1.689)",0.023538541970422537,1.689
"[1.689, 1.69)",0.016980487063636356,1.69
"[1.69, 1.691)",0.02464988327045455,1.691
"[1.691, 1.692)",0.03239106647469138,1.692
"[1.692, 1.693)",0.027390866750420167,1.693
"[1.693, 1.694)",0.030309593164238424,1.694
"[1.694, 1.695)",0.044754818191333326,1.695
"[1.695, 1.696)",0.037830213691836735,1.696
"[1.696, 1.697)",0.02645546513463577,1.697
"[1.697, 1.698)",0.026351920067407414,1.698
"[1.698, 1.699)",0.035699878927972044,1.699
"[1.699, 1.7)",0.026146349205424833,1.7
"[1.7, 1.701)",0.04300093081078429,1.701
"[1.701, 1.702)",0.02291778227556214,1.702
"[1.702, 1.703)",0.024769124931726637,1.703
"[1.703, 1.704)",0.025688395148888904,1.704
"[1.704, 1.705)",0.024897015318987362,1.705
"[1.705, 1.706)",0.041518894913103434,1.706
"[1.706, 1.707)",0.020585409083221477,1.707
"[1.707, 1.708)",0.022878528681875003,1.708
"[1.708, 1.709)",0.032187187055769235,1.709
"[1.709, 1.71)",0.03827737503076923,1.71
"[1.71, 1.711)",0.03095460311428573,1.711
"[1.711, 1.712)",0.029485534039436635,1.712
"[1.712, 1.713)",0.03687297172166666,1.713
"[1.713, 1.714)",0.018068947232857152,1.714
"[1.714, 1.715)",0.0450043538976744,1.715
"[1.715, 1.716)",0.028673970713385823,1.716
"[1.716, 1.717)",0.02955116636734695,1.717
"[1.717, 1.718)",0.016204468215714304,1.718
"[1.718, 1.719)",0.05043427836662163,1.719
"[1.719, 1.72)",0.018321719089102573,1.72
"[1.72, 1.721)",0.026643118911688312,1.721
"[1.721, 1.722)",0.03486603071323528,1.722
"[1.722, 1.723)",0.03700961397625808,1.723
"[1.723, 1.724)",0.02557345033428571,1.724
"[1.724, 1.725)",0.03868606117857146,1.725
"[1.725, 1.726)",0.029048079009848488,1.726
"[1.726, 1.727)",0.023611838868595043,1.727
"[1.727, 1.728)",0.032311556378787874,1.728
"[1.728, 1.729)",0.035826175569718295,1.729
"[1.729, 1.73)",0.02707835285034013,1.73
"[1.73, 1.731)",0.03667867510845637,1.731
"[1.731, 1.732)",0.05860051398102188,1.732
"[1.732, 1.733)",0.022693810268613127,1.733
"[1.733, 1.734)",0.020777750250544232,1.734
"[1.734, 1.735)",0.028698094736956524,1.735
"[1.735, 1.736)",0.02632545647181208,1.736
"[1.736, 1.737)",0.022488646146206912,1.737
"[1.737, 1.738)",0.037836803424277435,1.738
"[1.738, 1.739)",0.021807028061363642,1.739
"[1.739, 1.74)",0.02824483527318843,1.74
"[1.74, 1.741)",0.02088251289360001,1.741
"[1.741, 1.742)",0.0276329323804348,1.742
"[1.742, 1.743)",0.025584462826388873,1.743
"[1.743, 1.744)",0.027305782591304346,1.744
"[1.744, 1.745)",0.02797933477536233,1.745
"[1.745, 1.746)",0.022960589271296305,1.746
"[1.746, 1.747)",0.024849800758125005,1.747
"[1.747, 1.748)",0.02366282035125,1.748
"[1.748, 1.749)",0.03172782111627908,1.749
"[1.749, 1.75)",0.02488899864675325,1.75
"[1.75, 1.7510000000000001)",0.045646109640259724,1.7510000000000001
"[1.7510000000000001, 1.752)",0.042422423384183686,1.752
"[1.752, 1.7530000000000001)",0.03259730244518073,1.7530000000000001
"[1.7530000000000001, 1.754)",0.02278318025178572,1.754
"[1.754, 1.7550000000000001)",0.028327562690476184,1.7550000000000001
"[1.7550000000000001, 1.756)",0.030885335503947352,1.756
"[1.756, 1.7570000000000001)",0.030599434834210525,1.7570000000000001
"[1.7570000000000001, 1.758)",0.03667386652849465,1.758
"[1.758, 1.7590000000000001)",0.023093415555066683,1.7590000000000001
"[1.7590000000000001, 1.76)",0.026582921866470592,1.76
"[1.76, 1.7610000000000001)",0.030194667786015608,1.7610000000000001
"[1.7610000000000001, 1.762)",0.022358748392585046,1.762
"[1.762, 1.7630000000000001)",0.03881681469921052,1.7630000000000001
"[1.7630000000000001, 1.764)",0.029541055015703133,1.764
"[1.764, 1.7650000000000001)",0.028256096361585367,1.7650000000000001
"[1.7650000000000001, 1.766)",0.023869057082191784,1.766
"[1.766, 1.7670000000000001)",0.02160142725743244,1.7670000000000001
"[1.7670000000000001, 1.768)",0.02615731279452053,1.768
"[1.768, 1.7690000000000001)",0.02589136512962962,1.7690000000000001
"[1.7690000000000001, 1.77)",0.030133610023880604,1.77
"[1.77, 1.7710000000000001)",0.037347044850000004,1.7710000000000001
"[1.7710000000000001, 1.772)",0.020536931904,1.772
"[1.772, 1.7730000000000001)",0.02258979021171874,1.7730000000000001
"[1.7730000000000001, 1.774)",0.018039265515646264,1.774
"[1.774, 1.7750000000000001)",0.02221214792291666,1.7750000000000001
"[1.7750000000000001, 1.776)",0.04243242661428573,1.776
"[1.776, 1.7770000000000001)",0.025073990509333344,1.7770000000000001
"[1.7770000000000001, 1.778)",0.03594761148391609,1.778
"[1.778, 1.7790000000000001)",0.03140000923448277,1.7790000000000001
"[1.7790000000000001, 1.78)",0.03986026867457628,1.78
"[1.78, 1.7810000000000001)",0.03350310131617646,1.7810000000000001
"[1.7810000000000001, 1.782)",0.02334307031221478,1.782
"[1.782, 1.7830000000000001)",0.03212224575815603,1.7830000000000001
"[1.7830000000000001, 1.784)",0.03587595296296297,1.784
"[1.784, 1.7850000000000001)",0.023908820004651173,1.7850000000000001
"[1.7850000000000001, 1.786)",0.03169698613148148,1.786
"[1.786, 1.7870000000000001)",0.02654386613846155,1.7870000000000001
"[1.7870000000000001, 1.788)",0.022844447446043185,1.788
"[1.788, 1.7890000000000001)",0.019203851649107154,1.7890000000000001
"[1.7890000000000001, 1.79)",0.0499218681144144,1.79
"[1.79, 1.7910000000000001)",0.022864821276576592,1.7910000000000001
"[1.7910000000000001, 1.792)",0.019593302810091754,1.792
"[1.792, 1.793)",0.018131486007751944,1.793
"[1.793, 1.794)",0.031541140564655186,1.794
"[1.794, 1.795)",0.0245425459159292,1.795
"[1.795, 1.796)",0.039406068952,1.796
"[1.796, 1.797)",0.03315776397819549,1.797
"[1.797, 1.798)",0.024404608378740162,1.798
"[1.798, 1.799)",0.02046252561992754,1.799
"[1.799, 1.8)",0.028890580370869584,1.8
"[1.8, 1.801)",0.028016881351612906,1.801
"[1.801, 1.802)",0.021857134999315075,1.802
"[1.802, 1.803)",0.028778386007627114,1.803
"[1.803, 1.804)",0.035478289999285706,1.804
"[1.804, 1.805)",0.02177369819689076,1.805
"[1.805, 1.806)",0.0268667569826087,1.806
"[1.806, 1.807)",0.023937923900000012,1.807
"[1.807, 1.808)",0.024575319103478252,1.808
"[1.808, 1.809)",0.01948821510813009,1.809
"[1.809, 1.81)",0.022142370392561988,1.81
"[1.81, 1.811)",0.02232519110852714,1.811
"[1.811, 1.812)",0.03315755025413533,1.812
"[1.812, 1.813)",0.024753844539416058,1.813
"[1.813, 1.814)",0.03603193827704919,1.814
"[1.814, 1.815)",0.03925604869527029,1.815
"[1.815, 1.816)",0.022757725939259264,1.816
"[1.816, 1.817)",0.028259334983196712,1.817
"[1.817, 1.818)",0.037196778070312485,1.818
"[1.818, 1.819)",0.028045029593333323,1.819
"[1.819, 1.82)",0.025637411028346466,1.82
"[1.82, 1.821)",0.02082639607928572,1.821
"[1.821, 1.822)",0.04798947586393442,1.822
"[1.822, 1.823)",0.023133254908640006,1.823
"[1.823, 1.824)",0.03114241772797203,1.824
"[1.824, 1.825)",0.024168913564393935,1.825
"[1.825, 1.826)",0.023673224170731703,1.826
"[1.826, 1.827)",0.03130859656766918,1.827
"[1.827, 1.828)",0.0220151172255639,1.828
"[1.828, 1.829)",0.028526483429752066,1.829
"[1.829, 1.83)",0.016519817451369875,1.83
"[1.83, 1.831)",0.03299140493467741,1.831
"[1.831, 1.832)",0.026346882732116786,1.832
"[1.832, 1.833)",0.03513057953963964,1.833
"[1.833, 1.834)",0.021536577731937994,1.834
"[1.834, 1.835)",0.027522309985106394,1.835
"[1.835, 1.836)",0.03077366293070865,1.836
"[1.836, 1.837)",0.035240166721311444,1.837
"[1.837, 1.838)",0.018710284666923076,1.838
"[1.838, 1.839)",0.024136539862295095,1.839
"[1.839, 1.84)",0.036292253582191784,1.84
"[1.84, 1.841)",0.024756740118248185,1.841
"[1.841, 1.842)",0.018851670784276735,1.842
"[1.842, 1.843)",0.029327725555192287,1.843
"[1.843, 1.844)",0.01869330256716417,1.844
"[1.844, 1.845)",0.029555796272868213,1.845
"[1.845, 1.846)",0.030194745952702697,1.846
"[1.846, 1.847)",0.024636699328461537,1.847
"[1.847, 1.848)",0.02163716357748344,1.848
"[1.848, 1.849)",0.0297582329046154,1.849
"[1.849, 1.85)",0.028223588123076928,1.85
"[1.85, 1.851)",0.023526257351714295,1.851
"[1.851, 1.852)",0.026833579300615373,1.852
"[1.852, 1.853)",0.022178426700653585,1.853
"[1.853, 1.854)",0.0305008111053435,1.854
"[1.854, 1.855)",0.022542871225892873,1.855
"[1.855, 1.856)",0.02081134002940398,1.856
"[1.856, 1.857)",0.02470013098226951,1.857
"[1.857, 1.858)",0.02493628708333334,1.858
"[1.858, 1.859)",0.029158194383974358,1.859
"[1.859, 1.86)",0.017226954631818187,1.86
"[1.86, 1.861)",0.03159091198814817,1.861
"[1.861, 1.862)",0.01813123776267606,1.862
"[1.862, 1.863)",0.02927223530814815,1.863
"[1.863, 1.864)",0.03408672252404763,1.864
"[1.864, 1.865)",0.036123389473983705,1.865
"[1.865, 1.866)",0.03397319699076924,1.866
"[1.866, 1.867)",0.0430193463340909,1.867
"[1.867, 1.868)",0.02512767842000001,1.868
"[1.868, 1.869)",0.02061753400840338,1.869
"[1.869, 1.87)",0.028800332545522396,1.87
"[1.87, 1.871)",0.03702257618945945,1.871
"[1.871, 1.872)",0.031764622204895114,1.872
"[1.872, 1.873)",0.0357477396984,1.873
"[1.873, 1.874)",0.023707046024590162,1.874
"[1.874, 1.875)",0.029191025821848737,1.875
"[1.875, 1.8760000000000001)",0.03903560261590912,1.8760000000000001
"[1.8760000000000001, 1.877)",0.025637110858119642,1.877
"[1.877, 1.8780000000000001)",0.029783095402083324,1.8780000000000001
"[1.8780000000000001, 1.879)",0.028791825618581086,1.879
"[1.879, 1.8800000000000001)",0.023309147842105277,1.8800000000000001
"[1.8800000000000001, 1.881)",0.03533630283790847,1.881
"[1.881, 1.8820000000000001)",0.02684453808888889,1.8820000000000001
"[1.8820000000000001, 1.883)",0.03622674869230771,1.883
"[1.883, 1.8840000000000001)",0.042153967048275884,1.8840000000000001
"[1.8840000000000001, 1.885)",0.02219045554918034,1.885
"[1.885, 1.8860000000000001)",0.029431207768750002,1.8860000000000001
"[1.8860000000000001, 1.887)",0.036682615143362844,1.887
"[1.887, 1.8880000000000001)",0.031238011848739488,1.8880000000000001
"[1.8880000000000001, 1.889)",0.0172381880616,1.889
"[1.889, 1.8900000000000001)",0.039216468231503744,1.8900000000000001
"[1.8900000000000001, 1.891)",0.0328512088159091,1.891
"[1.891, 1.8920000000000001)",0.0359374662782609,1.8920000000000001
"[1.8920000000000001, 1.893)",0.027741519213740462,1.893
"[1.893, 1.8940000000000001)",0.03126004662592593,1.8940000000000001
"[1.8940000000000001, 1.895)",0.021383885376363657,1.895
"[1.895, 1.8960000000000001)",0.029168712674074084,1.8960000000000001
"[1.8960000000000001, 1.897)",0.021282732493495937,1.897
"[1.897, 1.8980000000000001)",0.02884865873495935,1.8980000000000001
"[1.8980000000000001, 1.899)",0.039244313807142855,1.899
"[1.899, 1.9000000000000001)",0.027284360436885244,1.9000000000000001
"[1.9000000000000001, 1.901)",0.031393507564814814,1.901
"[1.901, 1.9020000000000001)",0.022056406189843763,1.9020000000000001
"[1.9020000000000001, 1.903)",0.015153346504587164,1.903
"[1.903, 1.9040000000000001)",0.028002460190434793,1.9040000000000001
"[1.9040000000000001, 1.905)",0.027124630261344533,1.905
"[1.905, 1.9060000000000001)",0.039344338033050846,1.9060000000000001
"[1.9060000000000001, 1.907)",0.026892901844696976,1.907
"[1.907, 1.9080000000000001)",0.02932898054153845,1.9080000000000001
"[1.9080000000000001, 1.909)",0.020076028263281254,1.909
"[1.909, 1.9100000000000001)",0.038576196373015896,1.9100000000000001
"[1.9100000000000001, 1.911)",0.02753231316178862,1.911
"[1.911, 1.9120000000000001)",0.03137967611128206,1.9120000000000001
"[1.9120000000000001, 1.913)",0.03190561941499997,1.913
"[1.913, 1.9140000000000001)",0.026351366726829282,1.9140000000000001
"[1.9140000000000001, 1.915)",0.030288582672173908,1.915
"[1.915, 1.9160000000000001)",0.024619044164191174,1.9160000000000001
"[1.9160000000000001, 1.917)",0.03075672068531468,1.917
"[1.917, 1.9180000000000001)",0.018947440091129034,1.9180000000000001
"[1.9180000000000001, 1.919)",0.029586067881147524,1.919
"[1.919, 1.92)",0.04539423880419581,1.92
"[1.92, 1.921)",0.028863445960000015,1.921
"[1.921, 1.922)",0.030285155472519084,1.922
"[1.922, 1.923)",0.02835859572086208,1.923
"[1.923, 1.924)",0.02262952070035715,1.924
"[1.924, 1.925)",0.023768956391489376,1.925
"[1.925, 1.926)",0.017443675544576275,1.926
"[1.926, 1.927)",0.02040906386885246,1.927
"[1.927, 1.928)",0.031762343814159294,1.928
"[1.928, 1.929)",0.026356091225196856,1.929
"[1.929, 1.93)",0.021623059680434785,1.93
"[1.93, 1.931)",0.027760785403247865,1.931
"[1.931, 1.932)",0.028834411561870502,1.932
"[1.932, 1.933)",0.037515434040322586,1.933
"[1.933, 1.934)",0.025263783754471553,1.934
"[1.934, 1.935)",0.027628302841666667,1.935
"[1.935, 1.936)",0.025820156537815137,1.936
"[1.936, 1.937)",0.0214235443537415,1.937
"[1.937, 1.938)",0.030295306242741942,1.938
"[1.938, 1.939)",0.02844558674,1.939
"[1.939, 1.94)",0.037676436241538463,1.94
"[1.94, 1.941)",0.020715235725984243,1.941
"[1.941, 1.942)",0.022494870650458715,1.942
"[1.942, 1.943)",0.02635503567424242,1.943
"[1.943, 1.944)",0.0387588696106383,1.944
"[1.944, 1.945)",0.03779900794017095,1.945
"[1.945, 1.946)",0.03633498282357145,1.946
"[1.946, 1.947)",0.029129821272000013,1.947
"[1.947, 1.948)",0.026231607963779522,1.948
"[1.948, 1.949)",0.03471237643374999,1.949
"[1.949, 1.95)",0.024745304337777763,1.95
"[1.95, 1.951)",0.028815395932352942,1.951
"[1.951, 1.952)",0.021134025135271333,1.952
"[1.952, 1.953)",0.029751490926923082,1.953
"[1.953, 1.954)",0.031373972380530975,1.954
"[1.954, 1.955)",0.025916272156198347,1.955
"[1.955, 1.956)",0.023409920030833347,1.956
"[1.956, 1.957)",0.027121235145299155,1.957
"[1.957, 1.958)",0.025422774148760346,1.958
"[1.958, 1.959)",0.030602888340163937,1.959
"[1.959, 1.96)",0.028811640618548403,1.96
"[1.96, 1.961)",0.036100436967521354,1.961
"[1.961, 1.962)",0.022173493700787385,1.962
"[1.962, 1.963)",0.020376360216923083,1.963
"[1.963, 1.964)",0.03313713364386794,1.964
"[1.964, 1.965)",0.02471575013023257,1.965
"[1.965, 1.966)",0.030998302687,1.966
"[1.966, 1.967)",0.03668983956857142,1.967
"[1.967, 1.968)",0.034234203152727294,1.968
"[1.968, 1.969)",0.02981794332075472,1.969
"[1.969, 1.97)",0.03478004471415094,1.97
"[1.97, 1.971)",0.037846508307155975,1.971
"[1.971, 1.972)",0.021658585690341882,1.972
"[1.972, 1.973)",0.03824938781355931,1.973
"[1.973, 1.974)",0.017465932674015763,1.974
"[1.974, 1.975)",0.03452440594375001,1.975
"[1.975, 1.976)",0.0316940987892562,1.976
"[1.976, 1.977)",0.03592292195967742,1.977
"[1.977, 1.978)",0.0445786028153846,1.978
"[1.978, 1.979)",0.027955936486725647,1.979
"[1.979, 1.98)",0.020486170201834877,1.98
"[1.98, 1.981)",0.028734826015454545,1.981
"[1.981, 1.982)",0.037649255730158704,1.982
"[1.982, 1.983)",0.03641801390272729,1.983
"[1.983, 1.984)",0.029516870575384616,1.984
"[1.984, 1.985)",0.03195935582564103,1.985
"[1.985, 1.986)",0.020669939737614686,1.986
"[1.986, 1.987)",0.03372787473043478,1.987
"[1.987, 1.988)",0.04057723145204083,1.988
"[1.988, 1.989)",0.023452396145121946,1.989
"[1.989, 1.99)",0.029570251190183493,1.99
"[1.99, 1.991)",0.027092019458636374,1.991
"[1.991, 1.992)",0.025543349200000016,1.992
"[1.992, 1.993)",0.02918558130303032,1.993
"[1.993, 1.994)",0.025951013000000002,1.994
"[1.994, 1.995)",0.035315837376530615,1.995
"[1.995, 1.996)",0.0309918700733945,1.996
"[1.996, 1.997)",0.03288778924711539,1.997
"[1.997, 1.998)",0.028834582242718437,1.998
"[1.998, 1.999)",0.02259563258269231,1.999
"[1.999, 2.0)",0.02721120763157896,2.0
"[2.0, 2.001)",0.024021729786915892,2.001
"[2.001, 2.0020000000000002)",0.014074332869158886,2.0020000000000002
"[2.0020000000000002, 2.003)",0.027867838541509433,2.003
"[2.003, 2.004)",0.03443586511546876,2.004
"[2.004, 2.005)",0.025352751691818193,2.005
"[2.005, 2.0060000000000002)",0.01776192424330276,2.0060000000000002
"[2.0060000000000002, 2.007)",0.02897006197967479,2.007
"[2.007, 2.008)",0.022236502545217408,2.008
"[2.008, 2.009)",0.04765978195204082,2.009
"[2.009, 2.0100000000000002)",0.026336923189473692,2.0100000000000002
"[2.0100000000000002, 2.011)",0.043036280138947364,2.011
"[2.011, 2.012)",0.03993184037659573,2.012
"[2.012, 2.013)",0.02817502135909092,2.013
"[2.013, 2.0140000000000002)",0.039309951307692305,2.0140000000000002
"[2.0140000000000002, 2.015)",0.02150033635952382,2.015
"[2.015, 2.016)",0.021873459362745092,2.016
"[2.016, 2.017)",0.025909458477777782,2.017
"[2.017, 2.0180000000000002)",0.033159626680188695,2.0180000000000002
"[2.0180000000000002, 2.019)",0.020134942425531915,2.019
"[2.019, 2.02)",0.022846479420168073,2.02
"[2.02, 2.021)",0.028361685853211003,2.021
"[2.021, 2.0220000000000002)",0.04866264716413045,2.0220000000000002
"[2.0220000000000002, 2.023)",0.02613617563917526,2.023
"[2.023, 2.024)",0.023943675728571437,2.024
"[2.024, 2.025)",0.034615731437962954,2.025
"[2.025, 2.0260000000000002)",0.030345443321359238,2.0260000000000002
"[2.0260000000000002, 2.027)",0.018089558915384624,2.027
"[2.027, 2.028)",0.04747905377894737,2.028
"[2.028, 2.029)",0.02417256458392858,2.029
"[2.029, 2.0300000000000002)",0.03483606533942308,2.0300000000000002
"[2.0300000000000002, 2.031)",0.03156817813703705,2.031
"[2.031, 2.032)",0.024504002073000016,2.032
"[2.032, 2.033)",0.020233915671559646,2.033
"[2.033, 2.0340000000000003)",0.02513048985701753,2.0340000000000003
"[2.0340000000000003, 2.035)",0.03042437732637362,2.035
"[2.035, 2.036)",0.025220795403658552,2.036
"[2.036, 2.037)",0.03172221612323233,2.037
"[2.037, 2.0380000000000003)",0.031616417933333335,2.0380000000000003
"[2.0380000000000003, 2.039)",0.02370568793398059,2.039
"[2.039, 2.04)",0.02493372719191919,2.04
"[2.04, 2.041)",0.04308550274333331,2.041
"[2.041, 2.0420000000000003)",0.022450400000000006,2.0420000000000003
"[2.0420000000000003, 2.043)",0.059219558,2.043
"[2.043, 2.044)",0.020892207539560437,2.044
"[2.044, 2.045)",0.021263070962025322,2.045
"[2.045, 2.0460000000000003)",0.030248442860465106,2.0460000000000003
"[2.0460000000000003, 2.047)",0.03864146213766232,2.047
"[2.047, 2.048)",0.026197410859183683,2.048
"[2.048, 2.049)",0.026039629845999994,2.049
"[2.049, 2.05)",0.042399398190322575,2.05
"[2.05, 2.051)",0.02868358319076924,2.051
"[2.051, 2.052)",0.0165803846319149,2.052
"[2.052, 2.053)",0.023188386390361457,2.053
"[2.053, 2.054)",0.019313464044186057,2.054
"[2.054, 2.055)",0.04746600026265058,2.055
"[2.055, 2.056)",0.02479913755753425,2.056
"[2.056, 2.057)",0.020154654715841585,2.057
"[2.057, 2.058)",0.02562448024038462,2.058
"[2.058, 2.059)",0.0390423002609756,2.059
"[2.059, 2.06)",0.02167659248478261,2.06
"[2.06, 2.061)",0.021684543571428568,2.061
"[2.061, 2.062)",0.03135083473076924,2.062
"[2.062, 2.063)",0.027029540987128706,2.063
"[2.063, 2.064)",0.02616124836708861,2.064
"[2.064, 2.065)",0.04045741194500001,2.065
"[2.065, 2.066)",0.03956366054534883,2.066
"[2.066, 2.067)",0.022981809452941176,2.067
"[2.067, 2.068)",0.040822526364788725,2.068
"[2.068, 2.069)",0.01472511260588236,2.069
"[2.069, 2.07)",0.018228401594047625,2.07
"[2.07, 2.071)",0.025856855836781628,2.071
"[2.071, 2.072)",0.034109609048780486,2.072
"[2.072, 2.073)",0.04086529841025642,2.073
"[2.073, 2.074)",0.019058582442424244,2.074
"[2.074, 2.075)",0.028208315333333345,2.075
"[2.075, 2.076)",0.037309302504523814,2.076
"[2.076, 2.077)",0.040035577207142854,2.077
"[2.077, 2.078)",0.02813527498829788,2.078
"[2.078, 2.079)",0.01960298483333333,2.079
"[2.079, 2.08)",0.026543075567901232,2.08
"[2.08, 2.081)",0.0506965163269663,2.081
"[2.081, 2.082)",0.02021918080657895,2.082
"[2.082, 2.083)",0.04161559653783782,2.083
"[2.083, 2.084)",0.040828123266265046,2.084
"[2.084, 2.085)",0.029269946453424654,2.085
"[2.085, 2.086)",0.01530651154242424,2.086
"[2.086, 2.087)",0.025305086942391322,2.087
"[2.087, 2.088)",0.041308973641975305,2.088
"[2.088, 2.089)",0.015470571390540533,2.089
"[2.089, 2.09)",0.015285300414285713,2.09
"[2.09, 2.091)",0.029010633720512817,2.091
"[2.091, 2.092)",0.01833058816049383,2.092
"[2.092, 2.093)",0.03893402224137932,2.093
"[2.093, 2.094)",0.02688304229200001,2.094
"[2.094, 2.095)",0.014063501311842103,2.095
"[2.095, 2.096)",0.016765188875257735,2.096
"[2.096, 2.097)",0.019283838813333336,2.097
"[2.097, 2.098)",0.02062609124868421,2.098
"[2.098, 2.099)",0.023450303331250016,2.099
"[2.099, 2.1)",0.03470891922535212,2.1
"[2.1, 2.101)",0.022048227209000005,2.101
"[2.101, 2.102)",0.027049425889041096,2.102
"[2.102, 2.103)",0.02239628806410256,2.103
"[2.103, 2.104)",0.03549943919191919,2.104
"[2.104, 2.105)",0.021349167875000016,2.105
"[2.105, 2.106)",0.02117785865298702,2.106
"[2.106, 2.107)",0.022196798182795706,2.107
"[2.107, 2.108)",0.028627287609756094,2.108
"[2.108, 2.109)",0.022361265586363643,2.109
"[2.109, 2.11)",0.039344120614457856,2.11
"[2.11, 2.111)",0.014124482281690137,2.111
"[2.111, 2.112)",0.03872711784712643,2.112
"[2.112, 2.113)",0.044658061347368404,2.113
"[2.113, 2.114)",0.02499654129518073,2.114
"[2.114, 2.115)",0.02226021006781611,2.115
"[2.115, 2.116)",0.027770020219178092,2.116
"[2.116, 2.117)",0.021078613579439263,2.117
"[2.117, 2.118)",0.026670925955056185,2.118
"[2.118, 2.119)",0.027852651950561795,2.119
"[2.119, 2.12)",0.02260425845,2.12
"[2.12, 2.121)",0.02845843402183908,2.121
"[2.121, 2.122)",0.0319982373863158,2.122
"[2.122, 2.123)",0.031986110858823524,2.123
"[2.123, 2.124)",0.031899855680555526,2.124
"[2.124, 2.125)",0.025121439753846165,2.125
"[2.125, 2.126)",0.02550433428086421,2.126
"[2.126, 2.1270000000000002)",0.02350760314946237,2.1270000000000002
"[2.1270000000000002, 2.128)",0.018007152571428583,2.128
"[2.128, 2.129)",0.020877098544594606,2.129
"[2.129, 2.13)",0.026187943558441576,2.13
"[2.13, 2.1310000000000002)",0.02177318505555557,2.1310000000000002
"[2.1310000000000002, 2.132)",0.016158137022727274,2.132
"[2.132, 2.133)",0.026418849647126444,2.133
"[2.133, 2.134)",0.04283634422458823,2.134
"[2.134, 2.1350000000000002)",0.03802200381000001,2.1350000000000002
"[2.1350000000000002, 2.136)",0.029195545279571446,2.136
"[2.136, 2.137)",0.02217154471035715,2.137
"[2.137, 2.138)",0.019001191260273973,2.138
"[2.138, 2.1390000000000002)",0.030056368626865684,2.1390000000000002
"[2.1390000000000002, 2.14)",0.025860607525714285,2.14
"[2.14, 2.141)",0.024743896106666673,2.141
"[2.141, 2.142)",0.026689425286250006,2.142
"[2.142, 2.1430000000000002)",0.026224738233333343,2.1430000000000002
"[2.1430000000000002, 2.144)",0.0330240059974359,2.144
"[2.144, 2.145)",0.026001657732911396,2.145
"[2.145, 2.146)",0.05118700649647059,2.146
"[2.146, 2.1470000000000002)",0.012428240186440679,2.1470000000000002
"[2.1470000000000002, 2.148)",0.03432937304482758,2.148
"[2.148, 2.149)",0.018692231215384613,2.149
"[2.149, 2.15)",0.04763779736231885,2.15
"[2.15, 2.1510000000000002)",0.0261192581857143,2.1510000000000002
"[2.1510000000000002, 2.152)",0.023521253125757577,2.152
"[2.152, 2.153)",0.03306807220512821,2.153
"[2.153, 2.154)",0.014476865422727274,2.154
"[2.154, 2.1550000000000002)",0.03731223740447763,2.1550000000000002
"[2.1550000000000002, 2.156)",0.03826616440895525,2.156
"[2.156, 2.157)",0.01843662977794118,2.157
"[2.157, 2.158)",0.0163266987,2.158
"[2.158, 2.1590000000000003)",0.029740676870512833,2.1590000000000003
"[2.1590000000000003, 2.16)",0.029086584835820897,2.16
"[2.16, 2.161)",0.019831709600000004,2.161
"[2.161, 2.162)",0.027675238989062496,2.162
"[2.162, 2.1630000000000003)",0.02389057579729731,2.1630000000000003
"[2.1630000000000003, 2.164)",0.03139210597058823,2.164
"[2.164, 2.165)",0.02067836103833335,2.165
"[2.165, 2.166)",0.025439742542857146,2.166
"[2.166, 2.1670000000000003)",0.02895771952745098,2.1670000000000003
"[2.1670000000000003, 2.168)",0.023290436406349216,2.168
"[2.168, 2.169)",0.023685652382638894,2.169
"[2.169, 2.17)",0.027757603842187506,2.17
"[2.17, 2.1710000000000003)",0.012356930945084737,2.1710000000000003
"[2.1710000000000003, 2.172)",0.026813393882857143,2.172
"[2.172, 2.173)",0.03301152544603174,2.173
"[2.173, 2.174)",0.02232648310298508,2.174
"[2.174, 2.1750000000000003)",0.02489833554098361,2.1750000000000003
"[2.1750000000000003, 2.176)",0.03536118810441178,2.176
"[2.176, 2.177)",0.019680759839358977,2.177
"[2.177, 2.178)",0.02928309083333334,2.178
"[2.178, 2.179)",0.019912772409090913,2.179
"[2.179, 2.18)",0.01478508396078431,2.18
"[2.18, 2.181)",0.01671553654237288,2.181
"[2.181, 2.182)",0.02538085223417722,2.182
"[2.182, 2.183)",0.029193343333648664,2.183
"[2.183, 2.184)",0.03396340759705883,2.184
"[2.184, 2.185)",0.03833176032816666,2.185
"[2.185, 2.186)",0.018558881361111113,2.186
"[2.186, 2.187)",0.032888166823529415,2.187
"[2.187, 2.188)",0.03814439256477273,2.188
"[2.188, 2.189)",0.023388538092307704,2.189
"[2.189, 2.19)",0.026136725764788742,2.19
"[2.19, 2.191)",0.025865353470769233,2.191
"[2.191, 2.192)",0.026383173914285712,2.192
"[2.192, 2.193)",0.03693472658333334,2.193
"[2.193, 2.194)",0.020109417185714296,2.194
"[2.194, 2.195)",0.02678284105571429,2.195
"[2.195, 2.196)",0.05153917550943397,2.196
"[2.196, 2.197)",0.023584059738461553,2.197
"[2.197, 2.198)",0.033939757186666676,2.198
"[2.198, 2.199)",0.0327379838,2.199
"[2.199, 2.2)",0.013916939227777774,2.2
"[2.2, 2.201)",0.039736362939705894,2.201
"[2.201, 2.202)",0.025478972442857146,2.202
"[2.202, 2.203)",0.023998665854430386,2.203
"[2.203, 2.204)",0.030899725774193556,2.204
"[2.204, 2.205)",0.03260546709090909,2.205
"[2.205, 2.206)",0.040102234393055575,2.206
"[2.206, 2.207)",0.025452242924285717,2.207
"[2.207, 2.208)",0.02050600770909091,2.208
"[2.208, 2.209)",0.050551858288311685,2.209
"[2.209, 2.21)",0.021696019052631594,2.21
"[2.21, 2.211)",0.014791445314285714,2.211
"[2.211, 2.212)",0.03433489336538463,2.212
"[2.212, 2.213)",0.03940460478524591,2.213
"[2.213, 2.214)",0.020421148561764715,2.214
"[2.214, 2.215)",0.06649145626721312,2.215
"[2.215, 2.216)",0.042602824330158745,2.216
"[2.216, 2.217)",0.03153278518644068,2.217
"[2.217, 2.218)",0.023485539730645173,2.218
"[2.218, 2.219)",0.02272896804347826,2.219
"[2.219, 2.22)",0.022667688240149274,2.22
"[2.22, 2.221)",0.02363319532424243,2.221
"[2.221, 2.222)",0.0360137034147059,2.222
"[2.222, 2.223)",0.01788188893108108,2.223
"[2.223, 2.224)",0.020953000797101457,2.224
"[2.224, 2.225)",0.013091831157142856,2.225
"[2.225, 2.226)",0.03754931173545457,2.226
"[2.226, 2.227)",0.021890755422289156,2.227
"[2.227, 2.228)",0.02915230636111111,2.228
"[2.228, 2.229)",0.046097657358974364,2.229
"[2.229, 2.23)",0.03243609973787879,2.23
"[2.23, 2.231)",0.036133926803030306,2.231
"[2.231, 2.232)",0.03441398969444444,2.232
"[2.232, 2.233)",0.023056896768292694,2.233
"[2.233, 2.234)",0.03644292939344262,2.234
"[2.234, 2.235)",0.03601632629821429,2.235
"[2.235, 2.236)",0.020082335922388058,2.236
"[2.236, 2.237)",0.044477903050847464,2.237
"[2.237, 2.238)",0.030685954466129033,2.238
"[2.238, 2.239)",0.014261237898484847,2.239
"[2.239, 2.24)",0.03143581911290324,2.24
"[2.24, 2.241)",0.01429000268852459,2.241
"[2.241, 2.242)",0.020984738893548394,2.242
"[2.242, 2.243)",0.027661894570909094,2.243
"[2.243, 2.244)",0.02427306417647058,2.244
"[2.244, 2.245)",0.035187230121311475,2.245
"[2.245, 2.246)",0.03656669222739726,2.246
"[2.246, 2.247)",0.02446091288235294,2.247
"[2.247, 2.248)",0.052564603654545454,2.248
"[2.248, 2.249)",0.02584097771034483,2.249
"[2.249, 2.25)",0.04438127231589285,2.25
"[2.25, 2.251)",0.041833580914893614,2.251
"[2.251, 2.2520000000000002)",0.008784628447619047,2.2520000000000002
"[2.2520000000000002, 2.253)",0.049513241464285714,2.253
"[2.253, 2.254)",0.024409990934782612,2.254
"[2.254, 2.255)",0.04977924599620254,2.255
"[2.255, 2.2560000000000002)",0.017163426579,2.2560000000000002
"[2.2560000000000002, 2.257)",0.05270363666666666,2.257
"[2.257, 2.258)",0.03931310875535714,2.258
"[2.258, 2.259)",0.03880265281132076,2.259
"[2.259, 2.2600000000000002)",0.04984274674310344,2.2600000000000002
"[2.2600000000000002, 2.261)",0.011121185964285718,2.261
"[2.261, 2.262)",0.027664791991071438,2.262
"[2.262, 2.263)",0.03199999089841269,2.263
"[2.263, 2.2640000000000002)",0.024701828874999995,2.2640000000000002
"[2.2640000000000002, 2.265)",0.02928712673035715,2.265
"[2.265, 2.266)",0.05244054385294119,2.266
"[2.266, 2.267)",0.01916889197674419,2.267
"[2.267, 2.2680000000000002)",0.03782785795744681,2.2680000000000002
"[2.2680000000000002, 2.269)",0.029188126439622646,2.269
"[2.269, 2.27)",0.036239271141509447,2.27
"[2.27, 2.271)",0.024131751600000015,2.271
"[2.271, 2.2720000000000002)",0.02299782298679246,2.2720000000000002
"[2.2720000000000002, 2.273)",0.013898075338108112,2.273
"[2.273, 2.274)",0.025992184463768116,2.274
"[2.274, 2.275)",0.026707520380952383,2.275
"[2.275, 2.2760000000000002)",0.0243326112509434,2.2760000000000002
"[2.2760000000000002, 2.277)",0.024717774545454544,2.277
"[2.277, 2.278)",0.007742761529787237,2.278
"[2.278, 2.279)",0.024595778185714283,2.279
"[2.279, 2.2800000000000002)",0.04910207485322581,2.2800000000000002
"[2.2800000000000002, 2.281)",0.03124517727499999,2.281
"[2.281, 2.282)",0.023636952947499994,2.282
"[2.282, 2.283)",0.05223098851136365,2.283
"[2.283, 2.2840000000000003)",0.05390817761904762,2.2840000000000003
"[2.2840000000000003, 2.285)",0.04053224936425532,2.285
"[2.285, 2.286)",0.02315869188163265,2.286
"[2.286, 2.287)",0.01861787135294117,2.287
"[2.287, 2.2880000000000003)",0.03917758780357145,2.2880000000000003
"[2.2880000000000003, 2.289)",0.0174942409325,2.289
"[2.289, 2.29)",0.03351216773684211,2.29
"[2.29, 2.291)",0.01723525314634147,2.291
"[2.291, 2.2920000000000003)",0.015148397732692305,2.2920000000000003
"[2.2920000000000003, 2.293)",0.013918387833333332,2.293
"[2.293, 2.294)",0.026119863740384622,2.294
"[2.294, 2.295)",0.02510658692857143,2.295
"[2.295, 2.2960000000000003)",0.023026954736170214,2.2960000000000003
"[2.2960000000000003, 2.297)",0.03483960612500001,2.297
"[2.297, 2.298)",0.04831897608695651,2.298
"[2.298, 2.299)",0.029433063008333343,2.299
"[2.299, 2.3000000000000003)",0.020549759589795914,2.3000000000000003
"[2.3000000000000003, 2.301)",0.0274101277296875,2.301
"[2.301, 2.302)",0.01376096165789474,2.302
"[2.302, 2.303)",0.03011444012500001,2.303
"[2.303, 2.3040000000000003)",0.033767455940816336,2.3040000000000003
"[2.3040000000000003, 2.305)",0.02274779498148148,2.305
"[2.305, 2.306)",0.04690890142000002,2.306
"[2.306, 2.307)",0.030469949795918376,2.307
"[2.307, 2.308)",0.019633070678723403,2.308
"[2.308, 2.309)",0.029344032095555552,2.309
"[2.309, 2.31)",0.05524340890740742,2.31
"[2.31, 2.311)",0.04877611197368421,2.311
"[2.311, 2.312)",0.04858872837209302,2.312
"[2.312, 2.313)",0.019874958490196076,2.313
"[2.313, 2.314)",0.05129292795263157,2.314
"[2.314, 2.315)",0.014210400714285714,2.315
"[2.315, 2.316)",0.023450509951219518,2.316
"[2.316, 2.317)",0.018186420762745095,2.317
"[2.317, 2.318)",0.02733197999027027,2.318
"[2.318, 2.319)",0.02964023700731706,2.319
"[2.319, 2.32)",0.035442006488888886,2.32
"[2.32, 2.321)",0.05656012081818184,2.321
"[2.321, 2.322)",0.021220719058181823,2.322
"[2.322, 2.323)",0.025419852438297884,2.323
"[2.323, 2.324)",0.028722974390196082,2.324
"[2.324, 2.325)",0.04917051961702128,2.325
"[2.325, 2.326)",0.028945647863636362,2.326
"[2.326, 2.327)",0.03943108785365854,2.327
"[2.327, 2.328)",0.024170153700000002,2.328
"[2.328, 2.329)",0.017167571605882354,2.329
"[2.329, 2.33)",0.04198511559411765,2.33
"[2.33, 2.331)",0.024005163488000004,2.331
"[2.331, 2.332)",0.0389878536875,2.332
"[2.332, 2.333)",0.04976203981698116,2.333
"[2.333, 2.334)",0.022788723189189185,2.334
"[2.334, 2.335)",0.05563857505116277,2.335
"[2.335, 2.336)",0.013353240135135138,2.336
"[2.336, 2.337)",0.013512574250000004,2.337
"[2.337, 2.338)",0.03217502200000001,2.338
"[2.338, 2.339)",0.04346910314864866,2.339
"[2.339, 2.34)",0.05312723510638297,2.34
"[2.34, 2.341)",0.029644727620512824,2.341
"[2.341, 2.342)",0.029205051263157894,2.342
"[2.342, 2.343)",0.016610815480769224,2.343
"[2.343, 2.344)",0.018771794212820513,2.344
"[2.344, 2.345)",0.045797931075,2.345
"[2.345, 2.346)",0.009736766456521745,2.346
"[2.346, 2.347)",0.02704891028372093,2.347
"[2.347, 2.348)",0.022157433833333327,2.348
"[2.348, 2.349)",0.030479760579999994,2.349
"[2.349, 2.35)",0.024586949642857143,2.35
"[2.35, 2.351)",0.015475399704545457,2.351
"[2.351, 2.352)",0.02907958442000001,2.352
"[2.352, 2.353)",0.03255944936956524,2.353
"[2.353, 2.354)",0.02331952093023256,2.354
"[2.354, 2.355)",0.03941607403846155,2.355
"[2.355, 2.356)",0.04474283277142858,2.356
"[2.356, 2.357)",0.027638184450980402,2.357
"[2.357, 2.358)",0.020957430342857145,2.358
"[2.358, 2.359)",0.0310680137617647,2.359
"[2.359, 2.36)",0.01686256532258065,2.36
"[2.36, 2.361)",0.023476759693877566,2.361
"[2.361, 2.362)",0.027541890108695653,2.362
"[2.362, 2.363)",0.017315292714285706,2.363
"[2.363, 2.364)",0.017952805511111117,2.364
"[2.364, 2.365)",0.01731646183333333,2.365
"[2.365, 2.366)",0.043351747346153865,2.366
"[2.366, 2.367)",0.013843789750000002,2.367
"[2.367, 2.368)",0.04811003747872342,2.368
"[2.368, 2.369)",0.015284855844444441,2.369
"[2.369, 2.37)",0.043267268617021286,2.37
"[2.37, 2.371)",0.018014117642222216,2.371
"[2.371, 2.372)",0.014106264431372546,2.372
"[2.372, 2.373)",0.02355626757777777,2.373
"[2.373, 2.374)",0.02704706466666667,2.374
"[2.374, 2.375)",0.030441831399999997,2.375
"[2.375, 2.376)",0.050048996810810806,2.376
"[2.376, 2.3770000000000002)",0.04897858113333334,2.3770000000000002
"[2.3770000000000002, 2.378)",0.03756668384255319,2.378
"[2.378, 2.379)",0.03515569842291667,2.379
"[2.379, 2.38)",0.02602333413207547,2.38
"[2.38, 2.3810000000000002)",0.02776334590196078,2.3810000000000002
"[2.3810000000000002, 2.382)",0.009779514202777777,2.382
"[2.382, 2.383)",0.0157548631725,2.383
"[2.383, 2.384)",0.013909251272727274,2.384
"[2.384, 2.3850000000000002)",0.026765870111111114,2.3850000000000002
"[2.3850000000000002, 2.386)",0.016329918604651158,2.386
"[2.386, 2.387)",0.028189226591666672,2.387
"[2.387, 2.388)",0.028043512902439033,2.388
"[2.388, 2.3890000000000002)",0.01843581953658536,2.3890000000000002
"[2.3890000000000002, 2.39)",0.03618960916078432,2.39
"[2.39, 2.391)",0.02223482749019607,2.391
"[2.391, 2.392)",0.03151638693478263,2.392
"[2.392, 2.3930000000000002)",0.035061070695454555,2.3930000000000002
"[2.3930000000000002, 2.394)",0.032281635531250005,2.394
"[2.394, 2.395)",0.04540597071860466,2.395
"[2.395, 2.396)",0.016707572536585363,2.396
"[2.396, 2.3970000000000002)",0.018377960608695645,2.3970000000000002
"[2.3970000000000002, 2.398)",0.021583446709090914,2.398
"[2.398, 2.399)",0.022511474795454536,2.399
"[2.399, 2.4)",0.0180806915,2.4
"[2.4, 2.4010000000000002)",0.01566586879545455,2.4010000000000002
"[2.4010000000000002, 2.402)",0.01957737038913043,2.402
"[2.402, 2.403)",0.021228746457142855,2.403
"[2.403, 2.404)",0.0317139377975,2.404
"[2.404, 2.4050000000000002)",0.035159750566000014,2.4050000000000002
"[2.4050000000000002, 2.406)",0.05500106493220339,2.406
"[2.406, 2.407)",0.028818229613636368,2.407
"[2.407, 2.408)",0.018306637563636364,2.408
"[2.408, 2.4090000000000003)",0.031077009714285703,2.4090000000000003
"[2.4090000000000003, 2.41)",0.023013360549999994,2.41
"[2.41, 2.411)",0.015253916930357145,2.411
"[2.411, 2.412)",0.022459313999999994,2.412
"[2.412, 2.4130000000000003)",0.024522107044444446,2.4130000000000003
"[2.4130000000000003, 2.414)",0.04928236144528303,2.414
"[2.414, 2.415)",0.0278650525018868,2.415
"[2.415, 2.416)",0.021582449133333324,2.416
"[2.416, 2.4170000000000003)",0.03391342007142858,2.4170000000000003
"[2.4170000000000003, 2.418)",0.022628238840909087,2.418
"[2.418, 2.419)",0.015913329185185177,2.419
"[2.419, 2.42)",0.021595738772727274,2.42
"[2.42, 2.4210000000000003)",0.03192927818867925,2.4210000000000003
"[2.4210000000000003, 2.422)",0.014263383024390244,2.422
"[2.422, 2.423)",0.023915695659615384,2.423
"[2.423, 2.424)",0.027632455999999993,2.424
"[2.424, 2.4250000000000003)",0.025433605086666672,2.4250000000000003
"[2.4250000000000003, 2.426)",0.018849528948979587,2.426
"[2.426, 2.427)",0.0400680516709091,2.427
"[2.427, 2.428)",0.03685254239534885,2.428
"[2.428, 2.4290000000000003)",0.040369586428571434,2.4290000000000003
"[2.4290000000000003, 2.43)",0.02496778518867924,2.43
"[2.43, 2.431)",0.042735380847826104,2.431
"[2.431, 2.432)",0.03139967540476191,2.432
"[2.432, 2.433)",0.034368826054761915,2.433
"[2.433, 2.434)",0.051348584,2.434
"[2.434, 2.435)",0.018533766060606065,2.435
"[2.435, 2.436)",0.02603605328888889,2.436
"[2.436, 2.437)",0.03568178155333335,2.437
"[2.437, 2.438)",0.034888106243243254,2.438
"[2.438, 2.439)",0.03822517724444445,2.439
"[2.439, 2.44)",0.026919971729729722,2.44
"[2.44, 2.441)",0.016499842931818186,2.441
"[2.441, 2.442)",0.03125490227777777,2.442
"[2.442, 2.443)",0.0441751432883721,2.443
"[2.443, 2.444)",0.027914491629729744,2.444
"[2.444, 2.445)",0.02022491935294117,2.445
"[2.445, 2.446)",0.0395667998,2.446
"[2.446, 2.447)",0.03413178703225807,2.447
"[2.447, 2.448)",0.038688831965625003,2.448
"[2.448, 2.449)",0.02253833721875,2.449
"[2.449, 2.45)",0.04124597661538461,2.45
"[2.45, 2.451)",0.009177003888235292,2.451
"[2.451, 2.452)",0.0861180276148718,2.452
"[2.452, 2.453)",0.029788633255813945,2.453
"[2.453, 2.454)",0.009016867875,2.454
"[2.454, 2.455)",0.0434517986,2.455
"[2.455, 2.456)",0.014479839096774192,2.456
"[2.456, 2.457)",0.023575073058823528,2.457
"[2.457, 2.458)",0.04197767437037038,2.458
"[2.458, 2.459)",0.03839728836,2.459
"[2.459, 2.46)",0.02953356088888888,2.46
"[2.46, 2.461)",0.022516699034482755,2.461
"[2.461, 2.462)",0.027452892361111102,2.462
"[2.462, 2.463)",0.04703460991176471,2.463
"[2.463, 2.464)",0.02319985503571428,2.464
"[2.464, 2.465)",0.05378655276538461,2.465
"[2.465, 2.466)",0.02457446445833333,2.466
"[2.466, 2.467)",0.03489591759655173,2.467
"[2.467, 2.468)",0.018838151181818193,2.468
"[2.468, 2.469)",0.06772743861764707,2.469
"[2.469, 2.47)",0.01814950677096774,2.47
"[2.47, 2.471)",0.02306897244827586,2.471
"[2.471, 2.472)",0.026218694018918912,2.472
"[2.472, 2.473)",0.022415671451612898,2.473
"[2.473, 2.474)",0.015156089757575757,2.474
"[2.474, 2.475)",0.01513020446571429,2.475
"[2.475, 2.476)",0.012728562518518517,2.476
"[2.476, 2.477)",0.01774275939333334,2.477
"[2.477, 2.478)",0.019974188710526315,2.478
"[2.478, 2.479)",0.05802826869181819,2.479
"[2.479, 2.48)",0.02961179341025642,2.48
"[2.48, 2.481)",0.06013193214545456,2.481
"[2.481, 2.482)",0.02155802046279069,2.482
"[2.482, 2.483)",0.02498586917241379,2.483
"[2.483, 2.484)",0.029652508357142848,2.484
"[2.484, 2.485)",0.03693361297674418,2.485
"[2.485, 2.486)",0.01795952045365853,2.486
"[2.486, 2.487)",0.02443221641333333,2.487
"[2.487, 2.488)",0.03633505420318183,2.488
"[2.488, 2.489)",0.02882008172000001,2.489
"[2.489, 2.49)",0.022279596840909088,2.49
"[2.49, 2.491)",0.028821882278947383,2.491
"[2.491, 2.492)",0.036310959045454554,2.492
"[2.492, 2.493)",0.031706104028571436,2.493
"[2.493, 2.494)",0.03244716502857144,2.494
"[2.494, 2.495)",0.014837440228571428,2.495
"[2.495, 2.496)",0.019564126548387097,2.496
"[2.496, 2.497)",0.023403232533333332,2.497
"[2.497, 2.498)",0.029292418817499992,2.498
"[2.498, 2.499)",0.049720914093750006,2.499
"[2.499, 2.5)",0.019861908103448275,2.5
"[2.5, 2.501)",0.021188750597222212,2.501
"[2.501, 2.5020000000000002)",0.02777055722500002,2.5020000000000002
"[2.5020000000000002, 2.503)",0.024717313605263153,2.503
"[2.503, 2.504)",0.09796109018709676,2.504
"[2.504, 2.505)",0.015302965,2.505
"[2.505, 2.5060000000000002)",0.014033289037037041,2.5060000000000002
"[2.5060000000000002, 2.507)",0.033935937804651164,2.507
"[2.507, 2.508)",0.014683358269230774,2.508
"[2.508, 2.509)",0.025589746095555553,2.509
"[2.509, 2.5100000000000002)",0.02491182282352941,2.5100000000000002
"[2.5100000000000002, 2.511)",0.013985427266666668,2.511
"[2.511, 2.512)",0.02273361139393939,2.512
"[2.512, 2.513)",0.012393366089583331,2.513
"[2.513, 2.5140000000000002)",0.05647205687096774,2.5140000000000002
"[2.5140000000000002, 2.515)",0.029825635657142868,2.515
"[2.515, 2.516)",0.022199038424999998,2.516
"[2.516, 2.517)",0.018092878585526318,2.517
"[2.517, 2.5180000000000002)",0.014389807173913045,2.5180000000000002
"[2.5180000000000002, 2.519)",0.0199643511875,2.519
"[2.519, 2.52)",0.02588657291621622,2.52
"[2.52, 2.521)",0.038857969721875,2.521
"[2.521, 2.5220000000000002)",0.02723950368292682,2.5220000000000002
"[2.5220000000000002, 2.523)",0.03714521600571429,2.523
"[2.523, 2.524)",0.04031832255185185,2.524
"[2.524, 2.525)",0.06007812660882353,2.525
"[2.525, 2.5260000000000002)",0.08460314230689653,2.5260000000000002
"[2.5260000000000002, 2.527)",0.03423973720689656,2.527
"[2.527, 2.528)",0.019779047199999997,2.528
"[2.528, 2.529)",0.04835536596666668,2.529
"[2.529, 2.5300000000000002)",0.02799990357142858,2.5300000000000002
"[2.5300000000000002, 2.531)",0.017536156594594586,2.531
"[2.531, 2.532)",0.04160023912903226,2.532
"[2.532, 2.533)",0.0251215387483871,2.533
"[2.533, 2.5340000000000003)",0.01652233510645161,2.5340000000000003
"[2.5340000000000003, 2.535)",0.024966090849999997,2.535
"[2.535, 2.536)",0.007961826023809524,2.536
"[2.536, 2.537)",0.0628759021875,2.537
"[2.537, 2.5380000000000003)",0.026422234421052637,2.5380000000000003
"[2.5380000000000003, 2.539)",0.022713850724137934,2.539
"[2.539, 2.54)",0.01832251190357143,2.54
"[2.54, 2.541)",0.04231433511111113,2.541
"[2.541, 2.5420000000000003)",0.017346978600000004,2.5420000000000003
"[2.5420000000000003, 2.543)",0.040473103258064524,2.543
"[2.543, 2.544)",0.030482150409090893,2.544
"[2.544, 2.545)",0.04332824383333333,2.545
"[2.545, 2.5460000000000003)",0.08718608754838712,2.5460000000000003
"[2.5460000000000003, 2.547)",0.02705703096666666,2.547
"[2.547, 2.548)",0.019272505996428577,2.548
"[2.548, 2.549)",0.020825452333333334,2.549
"[2.549, 2.5500000000000003)",0.030153930374999992,2.5500000000000003
"[2.5500000000000003, 2.551)",0.024780223183333328,2.551
"[2.551, 2.552)",0.03388153039750001,2.552
"[2.552, 2.553)",0.05489989042857142,2.553
"[2.553, 2.5540000000000003)",0.013487516130434783,2.5540000000000003
"[2.5540000000000003, 2.555)",0.020647438047826087,2.555
"[2.555, 2.556)",0.024752693384999996,2.556
"[2.556, 2.557)",0.04095385730000001,2.557
"[2.557, 2.5580000000000003)",0.037741727481481475,2.5580000000000003
"[2.5580000000000003, 2.559)",0.017741469033333332,2.559
"[2.559, 2.56)",0.013872051564705888,2.56
"[2.56, 2.561)",0.0233615845,2.561
"[2.561, 2.562)",0.021943391400000005,2.562
"[2.562, 2.563)",0.020708738212121214,2.563
"[2.563, 2.564)",0.027521381800000005,2.564
"[2.564, 2.565)",0.03221400887878788,2.565
"[2.565, 2.566)",0.01234702076666667,2.566
"[2.566, 2.567)",0.04021624570967742,2.567
"[2.567, 2.568)",0.011008002976190477,2.568
"[2.568, 2.569)",0.052669927199999994,2.569
"[2.569, 2.57)",0.03492834573428571,2.57
"[2.57, 2.571)",0.02282311568749999,2.571
"[2.571, 2.572)",0.045959882379310354,2.572
"[2.572, 2.573)",0.020205743255555558,2.573
"[2.573, 2.574)",0.06216830230769231,2.574
"[2.574, 2.575)",0.02184136007142857,2.575
"[2.575, 2.576)",0.02312993977777778,2.576
"[2.576, 2.577)",0.020700571549999994,2.577
"[2.577, 2.578)",0.021085965958333338,2.578
"[2.578, 2.579)",0.04994588694736842,2.579
"[2.579, 2.58)",0.031134165590909087,2.58
"[2.58, 2.581)",0.008333197826086955,2.581
"[2.581, 2.582)",0.014918549170588236,2.582
"[2.582, 2.583)",0.02189817246875,2.583
"[2.583, 2.584)",0.020210104691666664,2.584
"[2.584, 2.585)",0.03712536963142858,2.585
"[2.585, 2.586)",0.0191933684,2.586
"[2.586, 2.587)",0.018149918142857147,2.587
"[2.587, 2.588)",0.01952187558064516,2.588
"[2.588, 2.589)",0.034323460612,2.589
"[2.589, 2.59)",0.01946486611538462,2.59
"[2.59, 2.591)",0.01984046414285714,2.591
"[2.591, 2.592)",0.017343249043999996,2.592
"[2.592, 2.593)",0.01772366519047619,2.593
"[2.593, 2.594)",0.016416412239090905,2.594
"[2.594, 2.595)",0.026446831000000004,2.595
"[2.595, 2.596)",0.03352591257142857,2.596
"[2.596, 2.597)",0.029811649718750003,2.597
"[2.597, 2.598)",0.06252863202857144,2.598
"[2.598, 2.599)",0.0308266527037037,2.599
"[2.599, 2.6)",0.01913686346153846,2.6
"[2.6, 2.601)",0.029436281709677412,2.601
"[2.601, 2.602)",0.07126550907692307,2.602
"[2.602, 2.603)",0.037046112625,2.603
"[2.603, 2.604)",0.011449716781481482,2.604
"[2.604, 2.605)",0.035289888230769235,2.605
"[2.605, 2.606)",0.03451042645724139,2.606
"[2.606, 2.607)",0.032230128799999994,2.607
"[2.607, 2.608)",0.017512376000000007,2.608
"[2.608, 2.609)",0.01496569066666667,2.609
"[2.609, 2.61)",0.03526670062857143,2.61
"[2.61, 2.611)",0.045908165099999995,2.611
"[2.611, 2.612)",0.024621829682758625,2.612
"[2.612, 2.613)",0.027328459166666666,2.613
"[2.613, 2.614)",0.02724166234146342,2.614
"[2.614, 2.615)",0.05159012864,2.615
"[2.615, 2.616)",0.030506931999999994,2.616
"[2.616, 2.617)",0.016899170787878788,2.617
"[2.617, 2.618)",0.015515088634146345,2.618
"[2.618, 2.619)",0.03704312566666667,2.619
"[2.619, 2.62)",0.0307776329236842,2.62
"[2.62, 2.621)",0.01380064556410256,2.621
"[2.621, 2.622)",0.040099897163333335,2.622
"[2.622, 2.623)",0.04695725713513514,2.623
"[2.623, 2.624)",0.014364671188888893,2.624
"[2.624, 2.625)",0.02760796948148148,2.625
"[2.625, 2.626)",0.01940658375757576,2.626
"[2.626, 2.6270000000000002)",0.022503787333333337,2.6270000000000002
"[2.6270000000000002, 2.628)",0.022144431900000004,2.628
"[2.628, 2.629)",0.01589421829411765,2.629
"[2.629, 2.63)",0.03907108290909089,2.63
"[2.63, 2.6310000000000002)",0.04671888369444444,2.6310000000000002
"[2.6310000000000002, 2.632)",0.01991770754,2.632
"[2.632, 2.633)",0.029099082884375002,2.633
"[2.633, 2.634)",0.017553017735294118,2.634
"[2.634, 2.6350000000000002)",0.03353679979310345,2.6350000000000002
"[2.6350000000000002, 2.636)",0.016026741166666667,2.636
"[2.636, 2.637)",0.02004502421951219,2.637
"[2.637, 2.638)",0.030191863589473678,2.638
"[2.638, 2.6390000000000002)",0.016004065705882347,2.6390000000000002
"[2.6390000000000002, 2.64)",0.026840787531250004,2.64
"[2.64, 2.641)",0.01991866231578947,2.641
"[2.641, 2.642)",0.04326768248648649,2.642
"[2.642, 2.6430000000000002)",0.014647479171428574,2.6430000000000002
"[2.6430000000000002, 2.644)",0.018808030920000003,2.644
"[2.644, 2.645)",0.017494860541176462,2.645
"[2.645, 2.646)",0.045245718208823546,2.646
"[2.646, 2.6470000000000002)",0.04205185331034481,2.6470000000000002
"[2.6470000000000002, 2.648)",0.025997548706451615,2.648
"[2.648, 2.649)",0.03655559673870967,2.649
"[2.649, 2.65)",0.046662434650000015,2.65
"[2.65, 2.6510000000000002)",0.0279678732,2.6510000000000002
"[2.6510000000000002, 2.652)",0.02921251870833333,2.652
"[2.652, 2.653)",0.024117371095238097,2.653
"[2.653, 2.654)",0.023447155875757582,2.654
"[2.654, 2.6550000000000002)",0.014832587870967742,2.6550000000000002
"[2.6550000000000002, 2.656)",0.029170520689655168,2.656
"[2.656, 2.657)",0.021989047137931036,2.657
"[2.657, 2.658)",0.03757315513793103,2.658
"[2.658, 2.6590000000000003)",0.028615261762424238,2.6590000000000003
"[2.6590000000000003, 2.66)",0.033194135791666655,2.66
"[2.66, 2.661)",0.030224496818181814,2.661
"[2.661, 2.662)",0.04152944225714287,2.662
"[2.662, 2.6630000000000003)",0.05908549858620692,2.6630000000000003
"[2.6630000000000003, 2.664)",0.029965574923076926,2.664
"[2.664, 2.665)",0.047533552699999995,2.665
"[2.665, 2.666)",0.02870456344,2.666
"[2.666, 2.6670000000000003)",0.03586576530303031,2.6670000000000003
"[2.6670000000000003, 2.668)",0.04381007438095238,2.668
"[2.668, 2.669)",0.01677117216363637,2.669
"[2.669, 2.67)",0.01722607935172414,2.67
"[2.67, 2.6710000000000003)",0.019876190593749992,2.6710000000000003
"[2.6710000000000003, 2.672)",0.023696291438235293,2.672
"[2.672, 2.673)",0.010105378772727271,2.673
"[2.673, 2.674)",0.015565657664516135,2.674
"[2.674, 2.6750000000000003)",0.03100857482666666,2.6750000000000003
"[2.6750000000000003, 2.676)",0.03742369287647057,2.676
"[2.676, 2.677)",0.03270620532258064,2.677
"[2.677, 2.678)",0.036544015740740725,2.678
"[2.678, 2.6790000000000003)",0.03899104823333334,2.6790000000000003
"[2.6790000000000003, 2.68)",0.05502632981481482,2.68
"[2.68, 2.681)",0.028327992107142857,2.681
"[2.681, 2.682)",0.021518559499999992,2.682
"[2.682, 2.6830000000000003)",0.03427934615,2.6830000000000003
"[2.6830000000000003, 2.684)",0.023248594016129026,2.684
"[2.684, 2.685)",0.03971727159999999,2.685
"[2.685, 2.686)",0.06747832652,2.686
"[2.686, 2.6870000000000003)",0.02559851835483871,2.6870000000000003
"[2.6870000000000003, 2.688)",0.016122577679166663,2.688
"[2.688, 2.689)",0.012538099137931037,2.689
"[2.689, 2.69)",0.053277192380952375,2.69
"[2.69, 2.691)",0.009796113793103448,2.691
"[2.691, 2.692)",0.018515314576923073,2.692
"[2.692, 2.693)",0.022751611793103445,2.693
"[2.693, 2.694)",0.012078387499999997,2.694
"[2.694, 2.695)",0.05759533281785715,2.695
"[2.695, 2.696)",0.04314128365517242,2.696
"[2.696, 2.697)",0.03599927023999999,2.697
"[2.697, 2.698)",0.014560298776923072,2.698
"[2.698, 2.699)",0.012977090049999997,2.699
"[2.699, 2.7)",0.037032812530434785,2.7
"[2.7, 2.701)",0.015496301320000001,2.701
"[2.701, 2.702)",0.029133978774074067,2.702
"[2.702, 2.703)",0.0466662729047619,2.703
"[2.703, 2.704)",0.024752556818181816,2.704
"[2.704, 2.705)",0.022157833281249994,2.705
"[2.705, 2.706)",0.027705021069999988,2.706
"[2.706, 2.707)",0.028106538052631583,2.707
"[2.707, 2.708)",0.02098516895,2.708
"[2.708, 2.709)",0.012245897384000002,2.709
"[2.709, 2.71)",0.0294543585909091,2.71
"[2.71, 2.711)",0.007919055368421054,2.711
"[2.711, 2.712)",0.0103660743,2.712
"[2.712, 2.713)",0.013992260909999998,2.713
"[2.713, 2.714)",0.029490697303030302,2.714
"[2.714, 2.715)",0.019241914772727273,2.715
"[2.715, 2.716)",0.009563320715000004,2.716
"[2.716, 2.717)",0.014588449333333335,2.717
"[2.717, 2.718)",0.027483538318181813,2.718
"[2.718, 2.719)",0.014733587967857145,2.719
"[2.719, 2.72)",0.02877978169565217,2.72
"[2.72, 2.721)",0.03134934631818182,2.721
"[2.721, 2.722)",0.029469272529411762,2.722
"[2.722, 2.723)",0.032968375978571426,2.723
"[2.723, 2.724)",0.011401982263157895,2.724
"[2.724, 2.725)",0.06532389889285715,2.725
"[2.725, 2.726)",0.02022109285434783,2.726
"[2.726, 2.727)",0.035057072266666676,2.727
"[2.727, 2.728)",0.04610013520000001,2.728
"[2.728, 2.729)",0.02044655429411765,2.729
"[2.729, 2.73)",0.012521900777777782,2.73
"[2.73, 2.731)",0.042800305909090904,2.731
"[2.731, 2.732)",0.0114628774,2.732
"[2.732, 2.733)",0.055283715,2.733
"[2.733, 2.734)",0.03520391892307692,2.734
"[2.734, 2.735)",0.006911333891999999,2.735
"[2.735, 2.736)",0.06464505090909091,2.736
"[2.736, 2.737)",0.08485620161428574,2.737
"[2.737, 2.738)",0.010175712135,2.738
"[2.738, 2.739)",0.011883218136363637,2.739
"[2.739, 2.74)",0.022829261458947366,2.74
"[2.74, 2.741)",0.012018276277777776,2.741
"[2.741, 2.742)",0.03294751738095238,2.742
"[2.742, 2.743)",0.04559697623529411,2.743
"[2.743, 2.744)",0.035008261611111105,2.744
"[2.744, 2.745)",0.04153332768749999,2.745
"[2.745, 2.746)",0.03524308045,2.746
"[2.746, 2.747)",0.05938518494444443,2.747
"[2.747, 2.748)",0.05084968958947369,2.748
"[2.748, 2.749)",0.028554533937499998,2.749
"[2.749, 2.75)",0.04484809352941177,2.75
"[2.75, 2.751)",0.04067251518333333,2.751
"[2.751, 2.7520000000000002)",0.015244047411764706,2.7520000000000002
"[2.7520000000000002, 2.753)",0.005141563833333334,2.753
"[2.753, 2.754)",0.026638090888888896,2.754
"[2.754, 2.755)",0.028164094777777784,2.755
"[2.755, 2.7560000000000002)",0.08369945248,2.7560000000000002
"[2.7560000000000002, 2.757)",0.0148066439,2.757
"[2.757, 2.758)",0.04095660118499998,2.758
"[2.758, 2.759)",0.021637882525,2.759
"[2.759, 2.7600000000000002)",0.018848237931818185,2.7600000000000002
"[2.7600000000000002, 2.761)",0.031699093222222224,2.761
"[2.761, 2.762)",0.027226814000000005,2.762
"[2.762, 2.763)",0.022433273866666666,2.763
"[2.763, 2.7640000000000002)",0.02530166452631579,2.7640000000000002
"[2.7640000000000002, 2.765)",0.01449324811111111,2.765
"[2.765, 2.766)",0.027379150375000005,2.766
"[2.766, 2.767)",0.02195540714285715,2.767
"[2.767, 2.7680000000000002)",0.020456998684210533,2.7680000000000002
"[2.7680000000000002, 2.769)",0.035555029999999994,2.769
"[2.769, 2.77)",0.024330166666666667,2.77
"[2.77, 2.771)",0.013739220764705882,2.771
"[2.771, 2.7720000000000002)",0.026257053533333335,2.7720000000000002
"[2.7720000000000002, 2.773)",0.05215357707692307,2.773
"[2.773, 2.774)",0.017178087361111108,2.774
"[2.774, 2.775)",0.01152294323076923,2.775
"[2.775, 2.7760000000000002)",0.07804369721428571,2.7760000000000002
"[2.7760000000000002, 2.777)",0.027990746058823526,2.777
"[2.777, 2.778)",0.033615518692307694,2.778
"[2.778, 2.779)",0.040517222857142855,2.779
"[2.779, 2.7800000000000002)",0.05145518699999999,2.7800000000000002
"[2.7800000000000002, 2.781)",0.01881170172727273,2.781
"[2.781, 2.782)",0.05430678257142857,2.782
"[2.782, 2.783)",0.06917329831764707,2.783
"[2.783, 2.7840000000000003)",0.015587965777777777,2.7840000000000003
"[2.7840000000000003, 2.785)",0.03362983486666667,2.785
"[2.785, 2.786)",0.02325106023076923,2.786
"[2.786, 2.787)",0.03328197835294118,2.787
"[2.787, 2.7880000000000003)",0.016915837200000006,2.7880000000000003
"[2.7880000000000003, 2.789)",0.0405947163,2.789
"[2.789, 2.79)",0.027848662647058826,2.79
"[2.79, 2.791)",0.04484168005624999,2.791
"[2.791, 2.7920000000000003)",0.0690495255,2.7920000000000003
"[2.7920000000000003, 2.793)",0.03640598483333333,2.793
"[2.793, 2.794)",0.036931900428571425,2.794
"[2.794, 2.795)",0.008122644242105263,2.795
"[2.795, 2.7960000000000003)",0.023099967291666662,2.7960000000000003
"[2.7960000000000003, 2.797)",0.04808784838461539,2.797
"[2.797, 2.798)",0.028919326875000005,2.798
"[2.798, 2.799)",0.031410964470588235,2.799
"[2.799, 2.8000000000000003)",0.00717800195652174,2.8000000000000003
"[2.8000000000000003, 2.801)",0.018038137882352943,2.801
"[2.801, 2.802)",0.02144360173333333,2.802
"[2.802, 2.803)",0.0171412115375,2.803
"[2.803, 2.8040000000000003)",0.03362712953888889,2.8040000000000003
"[2.8040000000000003, 2.805)",0.05632824144444445,2.805
"[2.805, 2.806)",0.012395014999999999,2.806
"[2.806, 2.807)",0.034209243070588244,2.807
"[2.807, 2.8080000000000003)",0.014692504810000001,2.8080000000000003
"[2.8080000000000003, 2.809)",0.012924128606249998,2.809
"[2.809, 2.81)",0.021487854761904762,2.81
"[2.81, 2.811)",0.05130933481818181,2.811
"[2.811, 2.8120000000000003)",0.007099058181818182,2.8120000000000003
"[2.8120000000000003, 2.813)",0.04089108785714285,2.813
"[2.813, 2.814)",0.05067059857142856,2.814
"[2.814, 2.815)",0.03204481823333334,2.815
"[2.815, 2.816)",0.0146277429,2.816
"[2.816, 2.817)",0.04404837931249999,2.817
"[2.817, 2.818)",0.019523678153846154,2.818
"[2.818, 2.819)",0.03688337999999999,2.819
"[2.819, 2.82)",0.04157506329444444,2.82
"[2.82, 2.821)",0.027426490512499995,2.821
"[2.821, 2.822)",0.023679216333333336,2.822
"[2.822, 2.823)",0.04774899333333334,2.823
"[2.823, 2.824)",0.021317905583333338,2.824
"[2.824, 2.825)",0.0154696615,2.825
"[2.825, 2.826)",0.015274846062499996,2.826
"[2.826, 2.827)",0.015901998785714286,2.827
"[2.827, 2.828)",0.029991481625000004,2.828
"[2.828, 2.829)",0.0200507433,2.829
"[2.829, 2.83)",0.03097311923076923,2.83
"[2.83, 2.831)",0.04868851446666666,2.831
"[2.831, 2.832)",0.012082524555555552,2.832
"[2.832, 2.833)",0.03600459783333334,2.833
"[2.833, 2.834)",0.0182589814,2.834
"[2.834, 2.835)",0.05357178571428572,2.835
"[2.835, 2.836)",0.021976015666666668,2.836
"[2.836, 2.837)",0.044604421333333324,2.837
"[2.837, 2.838)",0.025270217,2.838
"[2.838, 2.839)",0.034586350800000006,2.839
"[2.839, 2.84)",0.03480526092857143,2.84
"[2.84, 2.841)",0.03354151477777778,2.841
"[2.841, 2.842)",0.044047586849999994,2.842
"[2.842, 2.843)",0.014519495200000001,2.843
"[2.843, 2.844)",0.03141788765217391,2.844
"[2.844, 2.845)",0.022410232905555556,2.845
"[2.845, 2.846)",0.017890267,2.846
"[2.846, 2.847)",0.053979112373684204,2.847
"[2.847, 2.848)",0.00990813315,2.848
"[2.848, 2.849)",0.04126283007407408,2.849
"[2.849, 2.85)",0.01161428475,2.85
"[2.85, 2.851)",0.02271737855,2.851
"[2.851, 2.852)",0.019082004846153845,2.852
"[2.852, 2.853)",0.07358673782352942,2.853
"[2.853, 2.854)",0.027044714260869566,2.854
"[2.854, 2.855)",0.027370085400000004,2.855
"[2.855, 2.856)",0.02316847194117647,2.856
"[2.856, 2.857)",0.03317709866666667,2.857
"[2.857, 2.858)",0.02194095786363636,2.858
"[2.858, 2.859)",0.03373482015789473,2.859
"[2.859, 2.86)",0.025452911749999998,2.86
"[2.86, 2.861)",0.04795357475,2.861
"[2.861, 2.862)",0.02804423323529412,2.862
"[2.862, 2.863)",0.023509084894736847,2.863
"[2.863, 2.864)",0.009382870714285715,2.864
"[2.864, 2.865)",0.02000531818181818,2.865
"[2.865, 2.866)",0.02409660203999999,2.866
"[2.866, 2.867)",0.03199487848,2.867
"[2.867, 2.868)",0.0299691382,2.868
"[2.868, 2.869)",0.030155251956521738,2.869
"[2.869, 2.87)",0.020393222750000002,2.87
"[2.87, 2.871)",0.035756699714285724,2.871
"[2.871, 2.872)",0.006250437374999999,2.872
"[2.872, 2.873)",0.02451618506666666,2.873
"[2.873, 2.874)",0.013065644400000001,2.874
"[2.874, 2.875)",0.020104228273684212,2.875
"[2.875, 2.876)",0.03425718790476189,2.876
"[2.876, 2.8770000000000002)",0.05828851515384614,2.8770000000000002
"[2.8770000000000002, 2.878)",0.009015024288235295,2.878
"[2.878, 2.879)",0.038323054055555555,2.879
"[2.879, 2.88)",0.06958911703478261,2.88
"[2.88, 2.8810000000000002)",0.015235791409500002,2.8810000000000002
"[2.8810000000000002, 2.882)",0.03138689229166666,2.882
"[2.882, 2.883)",0.02585330363157895,2.883
"[2.883, 2.884)",0.01647056473684211,2.884
"[2.884, 2.8850000000000002)",0.021433603000000006,2.8850000000000002
"[2.8850000000000002, 2.886)",0.009935012285714287,2.886
"[2.886, 2.887)",0.031087417545454545,2.887
"[2.887, 2.888)",0.018130462823529418,2.888
"[2.888, 2.8890000000000002)",0.021633118684210525,2.8890000000000002
"[2.8890000000000002, 2.89)",0.01943991906666666,2.89
"[2.89, 2.891)",0.03876848831999998,2.891
"[2.891, 2.892)",0.04988251176923075,2.892
"[2.892, 2.8930000000000002)",0.04397355557894737,2.8930000000000002
"[2.8930000000000002, 2.894)",0.08211635007631582,2.894
"[2.894, 2.895)",0.08124295989473687,2.895
"[2.895, 2.896)",0.009450768866666666,2.896
"[2.896, 2.8970000000000002)",0.02499194988235294,2.8970000000000002
"[2.8970000000000002, 2.898)",0.0082360515,2.898
"[2.898, 2.899)",0.035933373,2.899
"[2.899, 2.9)",0.021925043823529413,2.9
"[2.9, 2.9010000000000002)",0.011570594076923079,2.9010000000000002
"[2.9010000000000002, 2.902)",0.009206328416666664,2.902
"[2.902, 2.903)",0.024633110437500008,2.903
"[2.903, 2.904)",0.05370947283333333,2.904
"[2.904, 2.9050000000000002)",0.011000189176470585,2.9050000000000002
"[2.9050000000000002, 2.906)",0.03339101433333333,2.906
"[2.906, 2.907)",0.023618596105263154,2.907
"[2.907, 2.908)",0.0077601465000000005,2.908
"[2.908, 2.9090000000000003)",0.040536251133333326,2.9090000000000003
"[2.9090000000000003, 2.91)",0.014908199909090907,2.91
"[2.91, 2.911)",0.03320955266666668,2.911
"[2.911, 2.912)",0.05384939340000001,2.912
"[2.912, 2.9130000000000003)",0.024756041000000006,2.9130000000000003
"[2.9130000000000003, 2.914)",0.025888716000000003,2.914
"[2.914, 2.915)",0.00446649725,2.915
"[2.915, 2.916)",0.01069285875,2.916
"[2.916, 2.9170000000000003)",0.037039169846153845,2.9170000000000003
"[2.9170000000000003, 2.918)",0.020539547900000003,2.918
"[2.918, 2.919)",0.0246855479,2.919
"[2.919, 2.92)",0.042268099425000004,2.92
"[2.92, 2.9210000000000003)",0.05576734400000001,2.9210000000000003
"[2.9210000000000003, 2.922)",0.020693276083333333,2.922
"[2.922, 2.923)",0.05810964572727273,2.923
"[2.923, 2.924)",0.010785365363636364,2.924
"[2.924, 2.9250000000000003)",0.0874573533266667,2.9250000000000003
"[2.9250000000000003, 2.926)",0.0122226023,2.926
"[2.926, 2.927)",0.05765017069999998,2.927
"[2.927, 2.928)",0.0417286478,2.928
"[2.928, 2.9290000000000003)",0.044521090299999996,2.9290000000000003
"[2.9290000000000003, 2.93)",0.041222223071428574,2.93
"[2.93, 2.931)",0.042309335200000006,2.931
"[2.931, 2.932)",0.025544911124999993,2.932
"[2.932, 2.9330000000000003)",0.0217125345,2.9330000000000003
"[2.9330000000000003, 2.934)",0.027390498642857142,2.934
"[2.934, 2.935)",0.035687724000000004,2.935
"[2.935, 2.936)",0.0165539335,2.936
"[2.936, 2.9370000000000003)",0.05020563071428571,2.9370000000000003
"[2.9370000000000003, 2.938)",0.04370976571428571,2.938
"[2.938, 2.939)",0.024130698,2.939
"[2.939, 2.94)",0.005726779555555557,2.94
"[2.94, 2.9410000000000003)",0.022322157733333334,2.9410000000000003
"[2.9410000000000003, 2.942)",0.012776918250000002,2.942
"[2.942, 2.943)",0.016076105833333333,2.943
"[2.943, 2.944)",0.018882934777777777,2.944
"[2.944, 2.945)",0.11722406660000002,2.945
"[2.945, 2.946)",0.044223891437499996,2.946
"[2.946, 2.947)",0.008288461444444443,2.947
"[2.947, 2.948)",0.03506989738181818,2.948
"[2.948, 2.949)",0.026418795,2.949
"[2.949, 2.95)",0.006784493300000001,2.95
"[2.95, 2.951)",0.013543764600000003,2.951
"[2.951, 2.952)",0.03035181175,2.952
"[2.952, 2.953)",0.006117337688181818,2.953
"[2.953, 2.954)",0.008093010857142856,2.954
"[2.954, 2.955)",0.023410572000000004,2.955
"[2.955, 2.956)",0.011239822071428571,2.956
"[2.956, 2.957)",0.019811143428571428,2.957
"[2.957, 2.958)",0.03629492324999999,2.958
"[2.958, 2.959)",0.04400647285714286,2.959
"[2.959, 2.96)",0.013773003,2.96
"[2.96, 2.961)",0.008594316636363635,2.961
"[2.961, 2.962)",0.020986729692307693,2.962
"[2.962, 2.963)",0.03799537712500001,2.963
"[2.963, 2.964)",0.005296306999999999,2.964
"[2.964, 2.965)",0.011046339542727272,2.965
"[2.965, 2.966)",0.007347785000000001,2.966
"[2.966, 2.967)",0.04165587775,2.967
"[2.967, 2.968)",0.020905386399999996,2.968
"[2.968, 2.969)",0.0857138725,2.969
"[2.969, 2.97)",0.044429843888888904,2.97
"[2.97, 2.971)",0.029652216153846153,2.971
"[2.971, 2.972)",0.009697215166666667,2.972
"[2.972, 2.973)",0.025989289125000002,2.973
"[2.973, 2.974)",0.023868005499999997,2.974
"[2.974, 2.975)",0.026641593444444445,2.975
"[2.975, 2.976)",0.025645418000000003,2.976
"[2.976, 2.977)",0.03718496555555555,2.977
"[2.977, 2.978)",0.0061740855,2.978
"[2.978, 2.979)",0.011261305,2.979
"[2.979, 2.98)",0.009959794999999999,2.98
"[2.98, 2.981)",0.021979581625000005,2.981
"[2.981, 2.982)",0.046800464888888886,2.982
"[2.982, 2.983)",0.0181050455,2.983
"[2.983, 2.984)",0.00919566302222222,2.984
"[2.984, 2.985)",0.03297647833333333,2.985
"[2.985, 2.986)",0.03970191496666667,2.986
"[2.986, 2.987)",0.05360328571428572,2.987
"[2.987, 2.988)",0.03862707471428572,2.988
"[2.988, 2.989)",0.00986118575,2.989
"[2.989, 2.99)",0.012030277875000004,2.99
"[2.99, 2.991)",0.03574821833333334,2.991
"[2.991, 2.992)",0.008949522499999998,2.992
"[2.992, 2.993)",0.0261519075,2.993
"[2.993, 2.994)",0.0019351739999999998,2.994
"[2.994, 2.995)",0.028104091666666664,2.995
"[2.995, 2.996)",0.09395119625000001,2.996
"[2.996, 2.997)",0.053078926666666665,2.997
"[2.997, 2.998)",0.03858532333333333,2.998
"[2.998, 2.999)",0.04818597755555556,2.999
"[2.999, 3.0)",0.010423174545454545,3.0
"[3.0, 3.001)",0.33469631,3.001
"[3.001, 3.0020000000000002)",0.01984798125,3.0020000000000002
"[3.0020000000000002, 3.003)",0.030565299999999997,3.003
"[3.003, 3.004)",0.014003344125,3.004
"[3.004, 3.005)",0.27227708325,3.005
"[3.005, 3.0060000000000002)",0.010525261857142861,3.0060000000000002
"[3.0060000000000002, 3.007)",0.0115064886,3.007
"[3.007, 3.008)",0.009722417666666667,3.008
"[3.008, 3.009)",0.002851089075,3.009
"[3.009, 3.0100000000000002)",0.0042939005,3.0100000000000002
"[3.0100000000000002, 3.011)",0.0191705015,3.011
"[3.011, 3.012)",0.04856076659999999,3.012
"[3.012, 3.013)",0.021693115142857138,3.013
"[3.013, 3.0140000000000002)",0.0009185576666666667,3.0140000000000002
"[3.0140000000000002, 3.015)",0.0125141388,3.015
"[3.015, 3.016)",0.00687422325,3.016
"[3.016, 3.017)",0.04283344,3.017
"[3.017, 3.0180000000000002)",0.025456784333333333,3.0180000000000002
"[3.0180000000000002, 3.019)",0.037415380375,3.019
"[3.019, 3.02)",0.029012991857142862,3.02
"[3.02, 3.021)",0.0402295469,3.021
"[3.021, 3.0220000000000002)",0.04124542714285715,3.0220000000000002
"[3.0220000000000002, 3.023)",0.000540833,3.023
"[3.023, 3.024)",0.016429071857142857,3.024
"[3.024, 3.025)",0.019052537166666668,3.025
"[3.025, 3.0260000000000002)",0.2129767775,3.0260000000000002
"[3.0260000000000002, 3.027)",0.0031973843333333338,3.027
"[3.027, 3.028)",0.0017314057500000001,3.028
"[3.028, 3.029)",0.008048587375,3.029
"[3.029, 3.0300000000000002)",0.011091773333333332,3.0300000000000002
"[3.0300000000000002, 3.031)",0.011991878125,3.031
"[3.031, 3.032)",0.0381327575,3.032
"[3.032, 3.033)",0.064109844,3.033
"[3.033, 3.0340000000000003)",0.008160315,3.0340000000000003
"[3.0340000000000003, 3.035)",0.0023981043333333335,3.035
"[3.035, 3.036)",0.02535092285714285,3.036
"[3.036, 3.037)",0.004918361499999999,3.037
"[3.037, 3.0380000000000003)",0.04094692357142856,3.0380000000000003
"[3.0380000000000003, 3.039)",0.07230095857142857,3.039
"[3.039, 3.04)",0.04574301,3.04
"[3.04, 3.041)",0.008848331428571428,3.041
"[3.041, 3.0420000000000003)",0.01470014386,3.0420000000000003
"[3.0420000000000003, 3.043)",0.02127636225,3.043
"[3.043, 3.044)",0.03572109216666666,3.044
"[3.044, 3.045)",0.0179608706,3.045
"[3.045, 3.0460000000000003)",0.04682110162500001,3.0460000000000003
"[3.0460000000000003, 3.047)",0.0164150655,3.047
"[3.047, 3.048)",0.0215817755,3.048
"[3.048, 3.049)",0.0458244295,3.049
"[3.049, 3.0500000000000003)",0.009032767777777777,3.0500000000000003
"[3.0500000000000003, 3.051)",0.015566591857142858,3.051
"[3.051, 3.052)",0.01297091,3.052
"[3.052, 3.053)",0.043435449125,3.053
"[3.053, 3.0540000000000003)",0.016440763333333334,3.0540000000000003
"[3.0540000000000003, 3.055)",0.03930869666666667,3.055
"[3.055, 3.056)",0.027660364285714285,3.056
"[3.056, 3.057)",0.01903087575,3.057
"[3.057, 3.0580000000000003)",0.0678896,3.0580000000000003
"[3.0580000000000003, 3.059)",0.00628986502,3.059
"[3.059, 3.06)",0.05228164275,3.06
"[3.06, 3.061)",0.004299767666666667,3.061
"[3.061, 3.0620000000000003)",0.011428190999999997,3.0620000000000003
"[3.0620000000000003, 3.063)",0.0158119,3.063
"[3.063, 3.064)",0.0147206165,3.064
"[3.064, 3.065)",0.015430603833333334,3.065
"[3.065, 3.0660000000000003)",0.022182874874999998,3.0660000000000003
"[3.0660000000000003, 3.067)",0.03377145,3.067
"[3.067, 3.068)",0.002883958333333334,3.068
"[3.068, 3.069)",0.008087137999999999,3.069
"[3.069, 3.0700000000000003)",0.0062137165,3.0700000000000003
"[3.0700000000000003, 3.071)",0.012052374999999999,3.071
"[3.071, 3.072)",0.03703222857142857,3.072
"[3.072, 3.073)",0.030076185499999995,3.073
"[3.073, 3.074)",0.013355661999999999,3.074
"[3.074, 3.075)",0.0010737049999999999,3.075
"[3.075, 3.076)",0.0587788,3.076
"[3.076, 3.077)",0.06765780225,3.077
"[3.077, 3.078)",0.012095805,3.078
"[3.078, 3.079)",0.0684252555,3.079
"[3.079, 3.08)",0.0355573665,3.08
"[3.08, 3.081)",0.00300351,3.081
"[3.081, 3.082)",0.0449895,3.082
"[3.082, 3.083)",0.00588457,3.083
"[3.083, 3.084)",0.00608325375,3.084
"[3.084, 3.085)",0.00470689,3.085
"[3.085, 3.086)",0.01348984,3.086
"[3.086, 3.087)",0.0007199130000000001,3.087
"[3.087, 3.088)",0.00226757,3.088
"[3.088, 3.089)",0.01120268075,3.089
"[3.089, 3.09)",0.009277146666666666,3.09
"[3.09, 3.091)",0.00232558,3.091
"[3.091, 3.092)",0.01880379,3.092
"[3.092, 3.093)",0.006604884333333334,3.093
"[3.093, 3.094)",0.021750555,3.094
"[3.094, 3.095)",0.00731267,3.095
"[3.096, 3.097)",0.05345831799999999,3.096
"[3.097, 3.098)",0.03837525924285714,3.097
"[3.098, 3.099)",0.027658000000000002,3.098
"[3.099, 3.1)",0.01378308,3.099
"[3.1, 3.101)",0.0134639,3.1
"[3.101, 3.102)",0.0056713,3.101
"[3.102, 3.103)",0.0286167866,3.102
"[3.103, 3.104)",0.01515312,3.103
"[3.104, 3.105)",0.0166857525,3.104
"[3.105, 3.106)",0.0020903,3.105
"[3.106, 3.107)",0.0390903165,3.106
"[3.107, 3.108)",0.0195221,3.107
"[3.108, 3.109)",0.111375,3.108
"[3.109, 3.11)",0.019037606666666665,3.109
"[3.11, 3.111)",0.012465059499999999,3.11
"[3.111, 3.112)",0.0131728,3.111
"[3.112, 3.113)",0.03630474433333333,3.112
"[3.113, 3.114)",0.00110742,3.113
"[3.114, 3.115)",0.00343939575,3.114
"[3.115, 3.116)",0.045824348666666674,3.115
"[3.116, 3.117)",0.0091831375,3.116
"[3.117, 3.118)",0.00059450965,3.117
"[3.118, 3.119)",0.015556155,3.118
"[3.119, 3.12)",0.010758426000000001,3.119
"[3.12, 3.121)",0.000540833,3.12
"[3.121, 3.122)",0.0602764425,3.121
"[3.122, 3.123)",0.07766277,3.122
"[3.123, 3.124)",0.00265794,3.123
"[3.124, 3.125)",0.069729325,3.124
"[3.125, 3.126)",0.009816165,3.125
"[3.126, 3.1270000000000002)",0.017860794333333332,3.126
"[3.1270000000000002, 3.128)",0.06251932333333333,3.1270000000000002
"[3.128, 3.129)",0.024878997874999996,3.128
"[3.129, 3.13)",0.050400800999999995,3.129
"[3.13, 3.1310000000000002)",0.010536183333333332,3.13
"[3.1310000000000002, 3.132)",0.01058418325,3.1310000000000002
"[3.132, 3.133)",0.008447794,3.132
"[3.133, 3.134)",0.011610669999999998,3.133
"[3.134, 3.1350000000000002)",0.017932475,3.134
"[3.1350000000000002, 3.136)",0.041573004000000004,3.1350000000000002
"[3.136, 3.137)",0.015030862,3.136
"[3.137, 3.138)",0.05982843,3.137
"[3.138, 3.1390000000000002)",0.020895278999999996,3.138
"[3.1390000000000002, 3.14)",0.03701115,3.1390000000000002
"[3.14, 3.141)",0.02168396725,3.14
"[3.141, 3.142)",0.17611234866666667,3.141
"[3.142, 3.1430000000000002)",0.008707072166666668,3.142
"[3.1430000000000002, 3.144)",0.04167803333333333,3.1430000000000002
"[3.144, 3.145)",0.038333565,3.144
"[3.145, 3.146)",0.0342289,3.145
"[3.146, 3.1470000000000002)",0.032967,3.146
"[3.1470000000000002, 3.148)",0.054317466,3.1470000000000002
"[3.148, 3.149)",0.00535396,3.148
"[3.149, 3.15)",0.00222011,3.149
"[3.1510000000000002, 3.152)",0.037269814799999995,3.15
"[3.152, 3.153)",0.00947398,3.1510000000000002
"[3.153, 3.154)",0.04604704500000001,3.152
"[3.154, 3.1550000000000002)",0.04022965,3.153
"[3.1550000000000002, 3.156)",0.001869915,3.154
"[3.156, 3.157)",0.0128205,3.1550000000000002
"[3.157, 3.158)",0.000218316,3.156
"[3.158, 3.1590000000000003)",0.017329713333333333,3.157
"[3.1590000000000003, 3.16)",0.00137812,3.158
"[3.16, 3.161)",0.01773177316666667,3.1590000000000003
"[3.161, 3.162)",0.018743806733333333,3.16
"[3.162, 3.1630000000000003)",0.04101838333333333,3.161
"[3.1630000000000003, 3.164)",0.02383491,3.162
"[3.164, 3.165)",0.00200634,3.1630000000000003
"[3.165, 3.166)",0.01617182766666667,3.164
"[3.166, 3.1670000000000003)",0.003164055,3.165
"[3.1670000000000003, 3.168)",0.017978409999999997,3.166
"[3.168, 3.169)",0.11269410666666668,3.1670000000000003
"[3.169, 3.17)",0.11190703999999999,3.168
"[3.17, 3.1710000000000003)",0.031877800000000005,3.169
"[3.1710000000000003, 3.172)",0.01620941757142857,3.17
"[3.172, 3.173)",0.0351603,3.1710000000000003
"[3.173, 3.174)",0.0846873037142857,3.172
"[3.174, 3.1750000000000003)",0.06353097666666667,3.173
"[3.1750000000000003, 3.176)",0.00229587,3.174
"[3.176, 3.177)",0.008131177,3.1750000000000003
"[3.177, 3.178)",0.014309899999999999,3.176
"[3.178, 3.1790000000000003)",0.11154240500000001,3.177
"[3.1790000000000003, 3.18)",0.030841066666666667,3.178
"[3.18, 3.181)",0.03261298125,3.1790000000000003
"[3.181, 3.182)",0.012606210000000001,3.18
"[3.182, 3.1830000000000003)",0.047788360999999994,3.181
"[3.1830000000000003, 3.184)",0.01913039285714286,3.182
"[3.184, 3.185)",0.05906657883333333,3.1830000000000003
"[3.185, 3.186)",0.0027845473333333332,3.184
"[3.186, 3.1870000000000003)",0.0008801715000000001,3.185
"[3.1870000000000003, 3.188)",0.010886599285714284,3.186
"[3.188, 3.189)",0.028669412875000005,3.1870000000000003
"[3.189, 3.19)",0.0107565766,3.188
"[3.19, 3.1910000000000003)",0.01901859,3.189
"[3.1910000000000003, 3.192)",0.00226757,3.19
"[3.192, 3.193)",0.006813287499999999,3.1910000000000003
"[3.193, 3.194)",0.17969628,3.192
"[3.194, 3.1950000000000003)",0.00759586325,3.193
"[3.1950000000000003, 3.196)",0.051113056666666656,3.194
"[3.196, 3.197)",0.0961735,3.1950000000000003
"[3.197, 3.198)",0.0044185276666666665,3.196
"[3.198, 3.1990000000000003)",0.00508468075,3.197
"[3.1990000000000003, 3.2)",0.11484339999999998,3.198
"[3.2, 3.201)",0.04993895,3.1990000000000003
"[3.201, 3.202)",0.000430663,3.2
"[3.202, 3.203)",0.002799578666666667,3.201
"[3.203, 3.204)",0.0239444,3.202
"[3.205, 3.206)",0.07572406749999999,3.203
"[3.206, 3.207)",0.014305170999999998,3.204
"[3.207, 3.208)",0.13976,3.205
"[3.208, 3.209)",0.042001328571428576,3.206
"[3.209, 3.21)",0.0545865425,3.207
"[3.21, 3.211)",0.0008159780000000001,3.208
"[3.211, 3.212)",0.014400857666666664,3.209
"[3.212, 3.213)",0.02116548325,3.21
"[3.213, 3.214)",0.030438191999999996,3.211
"[3.214, 3.215)",0.0171652525,3.212
"[3.215, 3.216)",0.01827558,3.213
"[3.216, 3.217)",0.00868733,3.214
"[3.217, 3.218)",0.029728622,3.215
"[3.218, 3.219)",0.02493237666666667,3.216
"[3.219, 3.22)",0.05886141714285714,3.217
"[3.22, 3.221)",0.0166030475,3.218
"[3.221, 3.222)",0.0574143,3.219
"[3.222, 3.223)",0.06068385333333334,3.22
"[3.223, 3.224)",0.036941933333333336,3.221
"[3.224, 3.225)",0.013380224999999999,3.222
"[3.225, 3.226)",0.0166270714,3.223
"[3.226, 3.227)",0.0592373,3.224
"[3.227, 3.228)",0.03514261,3.225
"[3.228, 3.229)",0.042743449999999995,3.226
"[3.229, 3.23)",0.03174446,3.227
"[3.23, 3.231)",0.161316495,3.228
"[3.231, 3.232)",0.0100049,3.229
"[3.232, 3.233)",0.07941271,3.23
"[3.233, 3.234)",0.030707123333333333,3.231
"[3.234, 3.235)",0.015410277666666666,3.232
"[3.235, 3.236)",0.074333815,3.233
"[3.236, 3.237)",0.011687895666666665,3.234
"[3.237, 3.238)",0.008521357666666668,3.235
"[3.238, 3.239)",0.0688498,3.236
"[3.239, 3.24)",0.16463402333333332,3.237
"[3.24, 3.241)",0.007521212,3.238
"[3.241, 3.242)",0.13976,3.239
"[3.242, 3.243)",0.0057163125,3.24
"[3.243, 3.244)",0.039942635000000004,3.241
"[3.244, 3.245)",0.00796903,3.242
"[3.245, 3.246)",0.040691017499999996,3.243
"[3.247, 3.248)",0.01917977,3.244
"[3.248, 3.249)",0.01658359,3.245
"[3.249, 3.25)",0.0122413778,3.246
"[3.25, 3.251)",0.0459482,3.247
"[3.251, 3.2520000000000002)",0.07666211099999999,3.248
"[3.2520000000000002, 3.253)",0.014465003333333332,3.249
"[3.253, 3.254)",0.028667010999999996,3.25
"[3.254, 3.255)",0.000289967,3.251
"[3.255, 3.2560000000000002)",0.028882031500000002,3.2520000000000002
"[3.2560000000000002, 3.257)",0.021845605,3.253
"[3.257, 3.258)",0.01902156,3.254
"[3.259, 3.2600000000000002)",0.1163775,3.255
"[3.2600000000000002, 3.261)",0.0369357,3.2560000000000002
"[3.261, 3.262)",0.0020544,3.257
"[3.262, 3.263)",0.008708985,3.258
"[3.263, 3.2640000000000002)",0.0392567,3.259
"[3.2640000000000002, 3.265)",0.0542023,3.2600000000000002
"[3.265, 3.266)",0.04807485,3.261
"[3.266, 3.267)",0.08508398,3.262
"[3.267, 3.2680000000000002)",0.03969449,3.263
"[3.2680000000000002, 3.269)",0.00066834,3.2640000000000002
"[3.269, 3.27)",0.10103228459999998,3.265
"[3.27, 3.271)",0.005339244999999999,3.266
"[3.271, 3.2720000000000002)",0.045454174,3.267
"[3.2720000000000002, 3.273)",0.019223984,3.2680000000000002
"[3.273, 3.274)",0.02120851,3.269
"[3.274, 3.275)",0.021936732,3.27
"[3.275, 3.2760000000000002)",0.0082655525,3.271
"[3.2760000000000002, 3.277)",0.0096641165,3.2720000000000002
"[3.277, 3.278)",0.04035629999999999,3.273
"[3.278, 3.279)",0.01675015,3.274
"[3.279, 3.2800000000000002)",0.045877127499999996,3.275
"[3.2800000000000002, 3.281)",0.063890475,3.2760000000000002
"[3.281, 3.282)",0.01872024166666667,3.277
"[3.282, 3.283)",0.008564912333333332,3.278
"[3.283, 3.2840000000000003)",0.020381494,3.279
"[3.2840000000000003, 3.285)",0.0280835,3.2800000000000002
"[3.287, 3.2880000000000003)",0.000824611,3.281
"[3.2880000000000003, 3.289)",0.024725665,3.282
"[3.289, 3.29)",0.00139237,3.283
"[3.29, 3.291)",0.01213849,3.2840000000000003
"[3.291, 3.2920000000000003)",0.018848325,3.285
"[3.293, 3.294)",0.0201887,3.286
"[3.294, 3.295)",0.0159235,3.287
"[3.295, 3.2960000000000003)",0.000902151,3.2880000000000003
"[3.2960000000000003, 3.297)",0.019034817666666665,3.289
"[3.298, 3.299)",0.0498339,3.29
"[3.299, 3.3000000000000003)",0.0028807615,3.291
"[3.3000000000000003, 3.301)",0.00786709,3.2920000000000003
"[3.302, 3.303)",0.0224745,3.293
"[3.3040000000000003, 3.305)",0.0688498,3.294
"[3.305, 3.306)",0.00110176,3.295
"[3.306, 3.307)",0.03046531766666667,3.2960000000000003
"[3.307, 3.3080000000000003)",0.027998516499999997,3.297
"[3.3080000000000003, 3.309)",0.016336006666666666,3.298
"[3.309, 3.31)",0.020495377666666665,3.299
"[3.311, 3.3120000000000003)",0.0031798,3.3000000000000003
"[3.313, 3.314)",0.010345356666666666,3.301
"[3.314, 3.315)",0.049454613999999994,3.302
"[3.3160000000000003, 3.317)",0.0287807,3.303
"[3.318, 3.319)",0.0449612,3.3040000000000003
"[3.319, 3.3200000000000003)",0.0388424625,3.305
"[3.3200000000000003, 3.321)",0.0669975,3.306
"[3.321, 3.322)",0.00468675,3.307
"[3.322, 3.323)",0.00298151,3.3080000000000003
"[3.325, 3.326)",0.024184353999999998,3.309
"[3.33, 3.331)",0.00170164,3.31
"[3.332, 3.333)",0.018874755,3.311
"[3.334, 3.335)",0.00170164,3.3120000000000003
"[3.335, 3.336)",0.001964585,3.313
"[3.337, 3.338)",0.12044689666666668,3.314
"[3.339, 3.34)",0.0012078015,3.315
"[3.341, 3.342)",0.115162311,3.3160000000000003
"[3.344, 3.345)",0.046671149999999995,3.317
"[3.345, 3.346)",0.00598007,3.318
"[3.346, 3.347)",0.01607513,3.319
"[3.348, 3.349)",0.0312729,3.3200000000000003
"[3.35, 3.351)",0.02404681,3.321
"[3.353, 3.354)",0.001908931,3.322
"[3.354, 3.355)",0.0028807615,3.323
"[3.356, 3.357)",0.04008861,3.3240000000000003
"[3.357, 3.358)",0.008623785,3.325
"[3.358, 3.359)",0.047721,3.326
"[3.359, 3.36)",0.00522069,3.327
"[3.36, 3.361)",0.03446375,3.3280000000000003
"[3.361, 3.362)",0.0898052,3.329
"[3.362, 3.363)",0.020775405,3.33
"[3.363, 3.364)",0.029719866666666664,3.331
"[3.364, 3.365)",0.0014332065,3.332
"[3.365, 3.366)",0.0013657515,3.333
"[3.366, 3.367)",0.010130221,3.334
"[3.367, 3.368)",0.05656350000000001,3.335
"[3.368, 3.369)",0.002686805,3.336
"[3.369, 3.37)",0.0014802415000000001,3.337
"[3.37, 3.371)",0.0055624665,3.338
"[3.371, 3.372)",0.020951877666666664,3.339
"[3.372, 3.373)",0.043837135,3.34
"[3.373, 3.374)",0.00367197,3.341
"[3.374, 3.375)",0.0449612,3.342
"[3.375, 3.376)",0.0258691,3.343
"[3.376, 3.3770000000000002)",0.00482155,3.344
"[3.3770000000000002, 3.378)",0.0249188485,3.345
"[3.378, 3.379)",0.0066788,3.346
"[3.379, 3.38)",0.0064116165,3.347
"[3.38, 3.3810000000000002)",0.06480832,3.348
"[3.3810000000000002, 3.382)",0.06829350000000001,3.349
"[3.382, 3.383)",0.005449953333333334,3.35
"[3.383, 3.384)",0.0464124,3.351
"[3.384, 3.3850000000000002)",0.0237489,3.352
"[3.3850000000000002, 3.386)",0.012282211000000001,3.353
"[3.387, 3.388)",0.02965735825,3.354
"[3.388, 3.3890000000000002)",0.0038508415,3.355
"[3.3890000000000002, 3.39)",0.00298151,3.356
"[3.39, 3.391)",0.00957854,3.357
"[3.396, 3.3970000000000002)",0.052746749999999995,3.358
"[3.398, 3.399)",0.0195733,3.359
"[3.4, 3.4010000000000002)",0.00589951,3.36
"[3.402, 3.403)",0.00116144,3.361
"[3.403, 3.404)",0.0189673,3.362
"[3.404, 3.4050000000000002)",0.00140453,3.363
"[3.406, 3.407)",0.0056162165,3.364
"[3.411, 3.412)",0.007623455333333334,3.365
"[3.4170000000000003, 3.418)",0.010531309999999999,3.366
"[3.422, 3.423)",0.00298151,3.367
"[3.426, 3.427)",0.00232558,3.368
"[3.4330000000000003, 3.434)",0.00305927,3.369
"[3.4370000000000003, 3.438)",0.00232558,3.37
"[3.4410000000000003, 3.442)",0.009478175,3.371
"[3.443, 3.444)",0.00100047,3.372
"[3.4450000000000003, 3.446)",0.00110742,3.373
"[3.447, 3.448)",0.000540833,3.374
"[3.448, 3.4490000000000003)",0.00755651,3.375
"[3.45, 3.451)",0.0014332065,3.376
"[3.451, 3.452)",0.02064525,3.3770000000000002
"[3.452, 3.4530000000000003)",0.494848,3.378
"[3.4530000000000003, 3.454)",0.00683995,3.379
"[3.456, 3.457)",0.00110742,3.38
"[3.459, 3.46)",0.03729286,3.3810000000000002
"[3.46, 3.461)",0.00110742,3.382
"[3.461, 3.462)",0.000540833,3.383
"[3.463, 3.464)",0.00110742,3.384
"[3.464, 3.465)",0.0075188,3.3850000000000002
"[3.465, 3.466)",1.0,3.386
"[3.466, 3.467)",0.00298151,3.387
"[3.467, 3.468)",0.006471875,3.388
"[3.468, 3.469)",0.113104,3.3890000000000002
"[3.469, 3.47)",0.002107478,3.39
"[3.47, 3.471)",0.011503886666666666,3.391
"[3.472, 3.473)",0.01995345,3.392
"[3.474, 3.475)",5.70288e-5,3.3930000000000002
"[3.475, 3.476)",0.127248,3.394
"[3.476, 3.477)",0.0372575,3.395
"[3.477, 3.478)",0.00298151,3.396
"[3.48, 3.481)",0.0111114,3.3970000000000002
"[3.481, 3.482)",0.00298151,3.398
"[3.485, 3.486)",0.01750413,3.399
"[3.488, 3.489)",0.01676233,3.4
"[3.489, 3.49)",0.00318079,3.4010000000000002
"[3.491, 3.492)",0.00068874,3.402
"[3.493, 3.494)",0.0111114,3.403
"[3.494, 3.495)",0.00683995,3.404
"[3.496, 3.497)",0.008579816666666667,3.4050000000000002
"[3.499, 3.5)",0.004148785,3.406
"[3.5, 3.501)",0.00666395,3.407
"[3.501, 3.5020000000000002)",0.00610501,3.408
"[3.5020000000000002, 3.503)",0.000540833,3.4090000000000003
"[3.503, 3.504)",0.030122925,3.41
"[3.504, 3.505)",0.0452447,3.411
"[3.5060000000000002, 3.507)",0.0020544,3.412
"[3.507, 3.508)",0.26374645,3.4130000000000003
"[3.509, 3.5100000000000002)",0.0463561,3.414
"[3.5100000000000002, 3.511)",0.00110742,3.415
"[3.511, 3.512)",0.00189657,3.416
"[3.512, 3.513)",0.00170164,3.4170000000000003
"[3.5140000000000002, 3.515)",0.00535396,3.418
"[3.516, 3.517)",0.032627416666666666,3.419
"[3.517, 3.5180000000000002)",0.00170164,3.42
"[3.519, 3.52)",0.0237489,3.4210000000000003
"[3.52, 3.521)",0.0231848,3.422
"[3.521, 3.5220000000000002)",0.00110742,3.423
"[3.523, 3.524)",0.00182512,3.424
"[3.525, 3.5260000000000002)",0.000540833,3.4250000000000003
"[3.527, 3.528)",0.0149922,3.426
"[3.528, 3.529)",0.0127871,3.427
"[3.5300000000000002, 3.531)",0.02664955,3.428
"[3.531, 3.532)",0.00522069,3.4290000000000003
"[3.532, 3.533)",0.032963,3.43
"[3.5340000000000003, 3.535)",0.02327156,3.431
"[3.535, 3.536)",0.00232558,3.432
"[3.536, 3.537)",0.032542145,3.4330000000000003
"[3.537, 3.5380000000000003)",0.000540833,3.434
"[3.539, 3.54)",0.006222857666666667,3.435
"[3.541, 3.5420000000000003)",0.0266984,3.436
"[3.5420000000000003, 3.543)",0.0469862,3.4370000000000003
"[3.544, 3.545)",0.0216316,3.438
"[3.545, 3.5460000000000003)",0.0100049,3.439
"[3.5460000000000003, 3.547)",0.000540833,3.44
"[3.548, 3.549)",0.0464124,3.4410000000000003
"[3.549, 3.5500000000000003)",0.00170164,3.442
"[3.5500000000000003, 3.551)",0.002863185,3.443
"[3.551, 3.552)",0.0195853,3.444
"[3.552, 3.553)",0.000540833,3.4450000000000003
"[3.553, 3.5540000000000003)",0.011370046666666666,3.446
"[3.561, 3.5620000000000003)",0.00598007,3.447
"[3.597, 3.598)",0.0520325,3.448
"[3.603, 3.604)",0.00883392,3.4490000000000003
"[3.624, 3.625)",0.00731707,3.45
"[3.6350000000000002, 3.636)",0.105446,3.451
"[3.6390000000000002, 3.64)",0.0349602,3.452
"[3.646, 3.6470000000000002)",0.233564,3.4530000000000003
