bin,R2_mean,dist
,0.07774219081720432,0.0
"[0.0, 0.001)",0.07118272607313236,0.001
"[0.001, 0.002)",0.07013418373255698,0.002
"[0.002, 0.003)",0.06338570909738259,0.003
"[0.003, 0.004)",0.061304347833912955,0.004
"[0.004, 0.005)",0.06360218197480154,0.005
"[0.005, 0.006)",0.05526391729581204,0.006
"[0.006, 0.007)",0.053932798350924294,0.007
"[0.007, 0.008)",0.05222408503575298,0.008
"[0.008, 0.009000000000000001)",0.054636374071774366,0.009
"[0.009000000000000001, 0.01)",0.047887813643088396,0.01
"[0.01, 0.011)",0.050258305940716105,0.011
"[0.011, 0.012)",0.05101098433625197,0.012
"[0.012, 0.013000000000000001)",0.050630783734351176,0.013
"[0.013000000000000001, 0.014)",0.048618148196996454,0.014
"[0.014, 0.015)",0.052613677864278625,0.015
"[0.015, 0.016)",0.05129610108519929,0.016
"[0.016, 0.017)",0.05078937708510635,0.017
"[0.017, 0.018000000000000002)",0.04945602541613505,0.018
"[0.018000000000000002, 0.019)",0.03734216179664313,0.019
"[0.019, 0.02)",0.05351723297095151,0.02
"[0.02, 0.021)",0.04534279101347517,0.021
"[0.021, 0.022)",0.05174766456027025,0.022
"[0.022, 0.023)",0.04367294220801904,0.023
"[0.023, 0.024)",0.045959336473913016,0.024
"[0.024, 0.025)",0.04886899960699587,0.025
"[0.025, 0.026000000000000002)",0.038963710032445295,0.026
"[0.026000000000000002, 0.027)",0.04271923666678903,0.027
"[0.027, 0.028)",0.04356916610262626,0.028
"[0.028, 0.029)",0.04526383018976746,0.029
"[0.029, 0.03)",0.057588715118661024,0.03
"[0.03, 0.031)",0.04893607719676764,0.031
"[0.031, 0.032)",0.0438841535018562,0.032
"[0.032, 0.033)",0.043156282844671184,0.033
"[0.033, 0.034)",0.046851043981840784,0.034
"[0.034, 0.035)",0.03738884576774197,0.035
"[0.035, 0.036000000000000004)",0.03899096342777784,0.036
"[0.036000000000000004, 0.037)",0.03875997759125007,0.037
"[0.037, 0.038)",0.04623197812578123,0.038
"[0.038, 0.039)",0.04160143406949681,0.039
"[0.039, 0.04)",0.047654442111090586,0.04
"[0.04, 0.041)",0.046940124358726916,0.041
"[0.041, 0.042)",0.03204260308500008,0.042
"[0.042, 0.043000000000000003)",0.041892260554617235,0.043
"[0.043000000000000003, 0.044)",0.04536529712875006,0.044
"[0.044, 0.045)",0.03976340738630325,0.045
"[0.045, 0.046)",0.049118935505316444,0.046
"[0.046, 0.047)",0.0360596099569712,0.047
"[0.047, 0.048)",0.03794787953412076,0.048
"[0.048, 0.049)",0.038984237405026524,0.049
"[0.049, 0.05)",0.050335057927328924,0.05
"[0.05, 0.051000000000000004)",0.052151617135849045,0.051
"[0.051000000000000004, 0.052000000000000005)",0.03324584544934384,0.052
"[0.052000000000000005, 0.053)",0.04248825535891479,0.053
"[0.053, 0.054)",0.03913771642115874,0.054
"[0.054, 0.055)",0.03704162133333335,0.055
"[0.055, 0.056)",0.03963535809308512,0.056
"[0.056, 0.057)",0.03185098451758336,0.057
"[0.057, 0.058)",0.038502623947948796,0.058
"[0.058, 0.059000000000000004)",0.02955220380175444,0.059
"[0.059000000000000004, 0.06)",0.04143704484988071,0.06
"[0.06, 0.061)",0.04565529428709679,0.061
"[0.061, 0.062)",0.046510833154545406,0.062
"[0.062, 0.063)",0.03949362700170738,0.063
"[0.063, 0.064)",0.04160172535738916,0.064
"[0.064, 0.065)",0.04839025320891569,0.065
"[0.065, 0.066)",0.04461195790281695,0.066
"[0.066, 0.067)",0.04627496171701268,0.067
"[0.067, 0.068)",0.03797494515329952,0.068
"[0.068, 0.069)",0.048825059364334136,0.069
"[0.069, 0.07)",0.048342871065983395,0.07
"[0.07, 0.07100000000000001)",0.045313997864752466,0.071
"[0.07100000000000001, 0.07200000000000001)",0.04040147163712987,0.072
"[0.07200000000000001, 0.073)",0.039394898051204316,0.073
"[0.073, 0.074)",0.048205388362387365,0.074
"[0.074, 0.075)",0.040052254812465375,0.075
"[0.075, 0.076)",0.05037768876657827,0.076
"[0.076, 0.077)",0.04304886883058521,0.077
"[0.077, 0.078)",0.03187620362553767,0.078
"[0.078, 0.079)",0.04964555726929354,0.079
"[0.079, 0.08)",0.04633418880696058,0.08
"[0.08, 0.081)",0.044879301272011736,0.081
"[0.081, 0.082)",0.04981554547513817,0.082
"[0.082, 0.083)",0.04341148404985126,0.083
"[0.083, 0.084)",0.03602944781129837,0.084
"[0.084, 0.085)",0.032897189798441584,0.085
"[0.085, 0.08600000000000001)",0.03891261794244253,0.086
"[0.08600000000000001, 0.08700000000000001)",0.03352174203447293,0.087
"[0.08700000000000001, 0.088)",0.04326561419116724,0.088
"[0.088, 0.089)",0.05658696564498389,0.089
"[0.089, 0.09)",0.04842223963994174,0.09
"[0.09, 0.091)",0.04131853680281697,0.091
"[0.091, 0.092)",0.03705891218208098,0.092
"[0.092, 0.093)",0.03749256553313257,0.093
"[0.093, 0.094)",0.03717108338416154,0.094
"[0.094, 0.095)",0.04322039441628207,0.095
"[0.095, 0.096)",0.043145931446666744,0.096
"[0.096, 0.097)",0.029923808148897044,0.097
"[0.097, 0.098)",0.042531955057661316,0.098
"[0.098, 0.099)",0.04042433123590737,0.099
"[0.099, 0.1)",0.05359563908535825,0.1
"[0.1, 0.101)",0.044821364051212176,0.101
"[0.101, 0.10200000000000001)",0.04458555308816799,0.102
"[0.10200000000000001, 0.10300000000000001)",0.045056731861417385,0.103
"[0.10300000000000001, 0.10400000000000001)",0.03549791547614382,0.104
"[0.10400000000000001, 0.105)",0.05043377439845564,0.105
"[0.105, 0.106)",0.04248127467568498,0.106
"[0.106, 0.107)",0.04269568931950473,0.107
"[0.107, 0.108)",0.04403005296470971,0.108
"[0.108, 0.109)",0.03992047501815288,0.109
"[0.109, 0.11)",0.048325321859891635,0.11
"[0.11, 0.111)",0.05024904708690813,0.111
"[0.111, 0.112)",0.04630990506906911,0.112
"[0.112, 0.113)",0.04897221724188934,0.113
"[0.113, 0.114)",0.03422343298801371,0.114
"[0.114, 0.115)",0.03120030474980394,0.115
"[0.115, 0.116)",0.0347266606859922,0.116
"[0.116, 0.117)",0.03238477428320312,0.117
"[0.117, 0.11800000000000001)",0.03508894445365854,0.118
"[0.11800000000000001, 0.11900000000000001)",0.0423508170746154,0.119
"[0.11900000000000001, 0.12)",0.04253928329133338,0.12
"[0.12, 0.121)",0.05750524475714286,0.121
"[0.121, 0.122)",0.03853057535960474,0.122
"[0.122, 0.123)",0.03677903602131781,0.123
"[0.123, 0.124)",0.040390933958122766,0.124
"[0.124, 0.125)",0.03756804525167287,0.125
"[0.125, 0.126)",0.03801946849804689,0.126
"[0.126, 0.127)",0.040272144552573545,0.127
"[0.127, 0.128)",0.04963672157755779,0.128
"[0.128, 0.129)",0.025595263125000007,0.129
"[0.129, 0.13)",0.047243311224080306,0.13
"[0.13, 0.131)",0.05647428663562872,0.131
"[0.131, 0.132)",0.030949145667796635,0.132
"[0.132, 0.133)",0.056652593462995615,0.133
"[0.133, 0.134)",0.03805552915524194,0.134
"[0.134, 0.135)",0.03531517576724137,0.135
"[0.135, 0.136)",0.04857279169009903,0.136
"[0.136, 0.137)",0.036836688549367114,0.137
"[0.137, 0.138)",0.04226389733178294,0.138
"[0.138, 0.139)",0.02491828062350427,0.139
"[0.139, 0.14)",0.05530417185830263,0.14
"[0.14, 0.14100000000000001)",0.03987644276174502,0.141
"[0.14100000000000001, 0.14200000000000002)",0.04050042562954551,0.142
"[0.14200000000000002, 0.14300000000000002)",0.03252022661584506,0.143
"[0.14300000000000002, 0.14400000000000002)",0.03696418510769229,0.144
"[0.14400000000000002, 0.145)",0.026218463048473292,0.145
"[0.145, 0.146)",0.03467112526260164,0.146
"[0.146, 0.147)",0.03702364289912087,0.147
"[0.147, 0.148)",0.03614130287777777,0.148
"[0.148, 0.149)",0.033421815522545445,0.149
"[0.149, 0.15)",0.045829194834504865,0.15
"[0.15, 0.151)",0.03246380904465413,0.151
"[0.151, 0.152)",0.02659892180421454,0.152
"[0.152, 0.153)",0.02131066335931032,0.153
"[0.153, 0.154)",0.042756327561169365,0.154
"[0.154, 0.155)",0.04121410988849207,0.155
"[0.155, 0.156)",0.03588716694915254,0.156
"[0.156, 0.157)",0.025856696769758037,0.157
"[0.157, 0.158)",0.04187316276979592,0.158
"[0.158, 0.159)",0.03791467625021553,0.159
"[0.159, 0.16)",0.03411040098357665,0.16
"[0.16, 0.161)",0.04318981658871595,0.161
"[0.161, 0.162)",0.023033407601315788,0.162
"[0.162, 0.163)",0.042871025501851796,0.163
"[0.163, 0.164)",0.026897020752155974,0.164
"[0.164, 0.165)",0.03995136653367875,0.165
"[0.165, 0.166)",0.036565605602643186,0.166
"[0.166, 0.167)",0.028768261142259405,0.167
"[0.167, 0.168)",0.03930790405837321,0.168
"[0.168, 0.169)",0.031949404330097075,0.169
"[0.169, 0.17)",0.03963897983079709,0.17
"[0.17, 0.171)",0.036030396822047214,0.171
"[0.171, 0.17200000000000001)",0.030444209776233157,0.172
"[0.17200000000000001, 0.17300000000000001)",0.037567061472277216,0.173
"[0.17300000000000001, 0.17400000000000002)",0.041320198961538476,0.174
"[0.17400000000000002, 0.17500000000000002)",0.03295020721153843,0.175
"[0.17500000000000002, 0.176)",0.042926403549742274,0.176
"[0.176, 0.177)",0.02926763726502242,0.177
"[0.177, 0.178)",0.03480456039893615,0.178
"[0.178, 0.179)",0.053465487902715006,0.179
"[0.179, 0.18)",0.04538420713750001,0.18
"[0.18, 0.181)",0.03439261988736641,0.181
"[0.181, 0.182)",0.03979807332956522,0.182
"[0.182, 0.183)",0.03698819717878786,0.183
"[0.183, 0.184)",0.038623642650900875,0.184
"[0.184, 0.185)",0.037497286470338974,0.185
"[0.185, 0.186)",0.0405223392972477,0.186
"[0.186, 0.187)",0.03549619745448276,0.187
"[0.187, 0.188)",0.027003302031924865,0.188
"[0.188, 0.189)",0.029293384538793123,0.189
"[0.189, 0.19)",0.0319176950084559,0.19
"[0.19, 0.191)",0.0412437432546304,0.191
"[0.191, 0.192)",0.03194811117639486,0.192
"[0.192, 0.193)",0.031894719044635186,0.193
"[0.193, 0.194)",0.03120100457291666,0.194
"[0.194, 0.195)",0.028999694668224284,0.195
"[0.195, 0.196)",0.045090965825527615,0.196
"[0.196, 0.197)",0.03937229206089107,0.197
"[0.197, 0.198)",0.036269442592075464,0.198
"[0.198, 0.199)",0.04129815025287959,0.199
"[0.199, 0.2)",0.04942175471306533,0.2
"[0.2, 0.201)",0.0454822609017094,0.201
"[0.201, 0.202)",0.03446792503058251,0.202
"[0.202, 0.203)",0.03492743370219249,0.203
"[0.203, 0.20400000000000001)",0.04301753063819097,0.204
"[0.20400000000000001, 0.20500000000000002)",0.04080132864942528,0.205
"[0.20500000000000002, 0.20600000000000002)",0.040431248290666674,0.206
"[0.20600000000000002, 0.20700000000000002)",0.03560521797750003,0.207
"[0.20700000000000002, 0.20800000000000002)",0.032828580588578446,0.208
"[0.20800000000000002, 0.209)",0.033531984659293475,0.209
"[0.209, 0.21)",0.04994197917539176,0.21
"[0.21, 0.211)",0.03577708052018777,0.211
"[0.211, 0.212)",0.03515753280820511,0.212
"[0.212, 0.213)",0.03244628022317074,0.213
"[0.213, 0.214)",0.04454767940776701,0.214
"[0.214, 0.215)",0.03511654744632769,0.215
"[0.215, 0.216)",0.02720003205240384,0.216
"[0.216, 0.217)",0.03503096905023923,0.217
"[0.217, 0.218)",0.03380709748923766,0.218
"[0.218, 0.219)",0.027765405145539893,0.219
"[0.219, 0.22)",0.048825356958921144,0.22
"[0.22, 0.221)",0.0341447982144144,0.221
"[0.221, 0.222)",0.03136306337398374,0.222
"[0.222, 0.223)",0.03545079114500001,0.223
"[0.223, 0.224)",0.03422385879900494,0.224
"[0.224, 0.225)",0.03665482125179485,0.225
"[0.225, 0.226)",0.026077406827751188,0.226
"[0.226, 0.227)",0.03312093068047617,0.227
"[0.227, 0.228)",0.027832261751381197,0.228
"[0.228, 0.229)",0.035507878551794894,0.229
"[0.229, 0.23)",0.04467458200178572,0.23
"[0.23, 0.231)",0.0396742763907834,0.231
"[0.231, 0.232)",0.03721070387567567,0.232
"[0.232, 0.233)",0.03144171646478871,0.233
"[0.233, 0.234)",0.025392611028070153,0.234
"[0.234, 0.23500000000000001)",0.042304358728914034,0.235
"[0.23500000000000001, 0.23600000000000002)",0.027517110260921646,0.236
"[0.23600000000000002, 0.23700000000000002)",0.04358775995984255,0.237
"[0.23700000000000002, 0.23800000000000002)",0.03994483228773585,0.238
"[0.23800000000000002, 0.23900000000000002)",0.042717321591866045,0.239
"[0.23900000000000002, 0.24)",0.033006679139910296,0.24
"[0.24, 0.241)",0.04260317518410046,0.241
"[0.241, 0.242)",0.03445658041164019,0.242
"[0.242, 0.243)",0.0329579471408867,0.243
"[0.243, 0.244)",0.03761876633090907,0.244
"[0.244, 0.245)",0.030074464769170965,0.245
"[0.245, 0.246)",0.030839390501690135,0.246
"[0.246, 0.247)",0.03858796679192825,0.247
"[0.247, 0.248)",0.02942282581516587,0.248
"[0.248, 0.249)",0.029362501808571428,0.249
"[0.249, 0.25)",0.03113854854079423,0.25
"[0.25, 0.251)",0.03877420204811722,0.251
"[0.251, 0.252)",0.03634349899402984,0.252
"[0.252, 0.253)",0.03928092310648644,0.253
"[0.253, 0.254)",0.02779607497264421,0.254
"[0.254, 0.255)",0.032124591266666655,0.255
"[0.255, 0.256)",0.052827410160115634,0.256
"[0.256, 0.257)",0.036261888079487166,0.257
"[0.257, 0.258)",0.029129287313350002,0.258
"[0.258, 0.259)",0.036456714465656556,0.259
"[0.259, 0.26)",0.04367802257314814,0.26
"[0.26, 0.261)",0.03587598393945454,0.261
"[0.261, 0.262)",0.03445247563589743,0.262
"[0.262, 0.263)",0.033920737934285704,0.263
"[0.263, 0.264)",0.029658965601352654,0.264
"[0.264, 0.265)",0.03593896910707964,0.265
"[0.265, 0.266)",0.03371896993588515,0.266
"[0.266, 0.267)",0.03876542719411763,0.267
"[0.267, 0.268)",0.025917214611235934,0.268
"[0.268, 0.269)",0.029880456298173527,0.269
"[0.269, 0.27)",0.04421776332480317,0.27
"[0.27, 0.271)",0.030641207224796765,0.271
"[0.271, 0.272)",0.035612792794472374,0.272
"[0.272, 0.273)",0.03590000674487802,0.273
"[0.273, 0.274)",0.033605663394736834,0.274
"[0.274, 0.275)",0.028457821614545454,0.275
"[0.275, 0.276)",0.040931641830890035,0.276
"[0.276, 0.277)",0.05297317580000006,0.277
"[0.277, 0.278)",0.026173958123316063,0.278
"[0.278, 0.279)",0.038642697124359006,0.279
"[0.279, 0.28)",0.037444701144090896,0.28
"[0.28, 0.281)",0.03532421406694563,0.281
"[0.281, 0.28200000000000003)",0.02860269272010584,0.282
"[0.28200000000000003, 0.28300000000000003)",0.03157384731834862,0.283
"[0.28300000000000003, 0.28400000000000003)",0.046919160092467535,0.284
"[0.28400000000000003, 0.28500000000000003)",0.026263439299499987,0.285
"[0.28500000000000003, 0.28600000000000003)",0.029990441344444438,0.286
"[0.28600000000000003, 0.28700000000000003)",0.036813836967039104,0.287
"[0.28700000000000003, 0.28800000000000003)",0.0379100854117647,0.288
"[0.28800000000000003, 0.289)",0.04216838610233646,0.289
"[0.289, 0.29)",0.04429233362009805,0.29
"[0.29, 0.291)",0.022624167614285713,0.291
"[0.291, 0.292)",0.027966532721463405,0.292
"[0.292, 0.293)",0.026338255947428568,0.293
"[0.293, 0.294)",0.04589139304351853,0.294
"[0.294, 0.295)",0.02868772554796378,0.295
"[0.295, 0.296)",0.036884015636842085,0.296
"[0.296, 0.297)",0.031917853681428555,0.297
"[0.297, 0.298)",0.024618887224162146,0.298
"[0.298, 0.299)",0.05056228404329899,0.299
"[0.299, 0.3)",0.032804812954741365,0.3
"[0.3, 0.301)",0.035212622737312765,0.301
"[0.301, 0.302)",0.036679242577528096,0.302
"[0.302, 0.303)",0.038406887001116274,0.303
"[0.303, 0.304)",0.04260123590691489,0.304
"[0.304, 0.305)",0.03412068003405403,0.305
"[0.305, 0.306)",0.03358350760994152,0.306
"[0.306, 0.307)",0.041250762598870054,0.307
"[0.307, 0.308)",0.032711110076732636,0.308
"[0.308, 0.309)",0.03541092404021162,0.309
"[0.309, 0.31)",0.0314950248179372,0.31
"[0.31, 0.311)",0.05327851213599998,0.311
"[0.311, 0.312)",0.03582591544252874,0.312
"[0.312, 0.313)",0.04508823660726256,0.313
"[0.313, 0.314)",0.033463274060515,0.314
"[0.314, 0.315)",0.026149535962051277,0.315
"[0.315, 0.316)",0.03738117347359835,0.316
"[0.316, 0.317)",0.03872067691145833,0.317
"[0.317, 0.318)",0.04003658285729165,0.318
"[0.318, 0.319)",0.028156075748592954,0.319
"[0.319, 0.32)",0.041527452080932205,0.32
"[0.32, 0.321)",0.03747597718014422,0.321
"[0.321, 0.322)",0.034074042651933686,0.322
"[0.322, 0.323)",0.027455448338571425,0.323
"[0.323, 0.324)",0.022807662850561804,0.324
"[0.324, 0.325)",0.0394217548830409,0.325
"[0.325, 0.326)",0.027427724584756095,0.326
"[0.326, 0.327)",0.0372116999768208,0.327
"[0.327, 0.328)",0.03760588117012194,0.328
"[0.328, 0.329)",0.04311881597042252,0.329
"[0.329, 0.33)",0.03273707283650794,0.33
"[0.33, 0.331)",0.04541023957936508,0.331
"[0.331, 0.332)",0.03964947315849055,0.332
"[0.332, 0.333)",0.03357626033128835,0.333
"[0.333, 0.334)",0.029400310473584903,0.334
"[0.334, 0.335)",0.04014656603493974,0.335
"[0.335, 0.336)",0.03501974832857142,0.336
"[0.336, 0.337)",0.026069364535170426,0.337
"[0.337, 0.338)",0.04210312776564415,0.338
"[0.338, 0.339)",0.023020279403174592,0.339
"[0.339, 0.34)",0.03188146104257484,0.34
"[0.34, 0.341)",0.04255052834999997,0.341
"[0.341, 0.342)",0.03990186710259739,0.342
"[0.342, 0.343)",0.050869735701307206,0.343
"[0.343, 0.34400000000000003)",0.03287593587861632,0.344
"[0.34400000000000003, 0.34500000000000003)",0.04183953133407643,0.345
"[0.34500000000000003, 0.34600000000000003)",0.03630500058085105,0.346
"[0.34600000000000003, 0.34700000000000003)",0.04793813175106247,0.347
"[0.34700000000000003, 0.34800000000000003)",0.04695482252083332,0.348
"[0.34800000000000003, 0.34900000000000003)",0.03604632150817608,0.349
"[0.34900000000000003, 0.35000000000000003)",0.05973356034202132,0.35
"[0.35000000000000003, 0.35100000000000003)",0.03719324403096297,0.351
"[0.35100000000000003, 0.352)",0.024610841409933783,0.352
"[0.352, 0.353)",0.043958521882142845,0.353
"[0.353, 0.354)",0.03566166211328001,0.354
"[0.354, 0.355)",0.036467508771428556,0.355
"[0.355, 0.356)",0.035508167295302005,0.356
"[0.356, 0.357)",0.02421696518911565,0.357
"[0.357, 0.358)",0.028845582189855074,0.358
"[0.358, 0.359)",0.031401138633870965,0.359
"[0.359, 0.36)",0.03468135718823528,0.36
"[0.36, 0.361)",0.034117583200675636,0.361
"[0.361, 0.362)",0.043995123157857134,0.362
"[0.362, 0.363)",0.01935589123455883,0.363
"[0.363, 0.364)",0.03484708985519999,0.364
"[0.364, 0.365)",0.027511194753623194,0.365
"[0.365, 0.366)",0.04331758633648645,0.366
"[0.366, 0.367)",0.03492638629457365,0.367
"[0.367, 0.368)",0.03456746414117645,0.368
"[0.368, 0.369)",0.04395500651714286,0.369
"[0.369, 0.37)",0.04932470014827589,0.37
"[0.37, 0.371)",0.027290930747637363,0.371
"[0.371, 0.372)",0.04368166236815287,0.372
"[0.372, 0.373)",0.025287124307812506,0.373
"[0.373, 0.374)",0.03858735902774194,0.374
"[0.374, 0.375)",0.04421301744242038,0.375
"[0.375, 0.376)",0.029046272867808226,0.376
"[0.376, 0.377)",0.018739387715894052,0.377
"[0.377, 0.378)",0.040996084290697635,0.378
"[0.378, 0.379)",0.03831387925306747,0.379
"[0.379, 0.38)",0.040034495314044946,0.38
"[0.38, 0.381)",0.0258566054319728,0.381
"[0.381, 0.382)",0.04594721457055214,0.382
"[0.382, 0.383)",0.025165161131372543,0.383
"[0.383, 0.384)",0.04859485667701862,0.384
"[0.384, 0.385)",0.02767062291118422,0.385
"[0.385, 0.386)",0.02863879378323354,0.386
"[0.386, 0.387)",0.03316769572553191,0.387
"[0.387, 0.388)",0.029242546688385086,0.388
"[0.388, 0.389)",0.03437382839420288,0.389
"[0.389, 0.39)",0.026399196112962944,0.39
"[0.39, 0.391)",0.030700719137058814,0.391
"[0.391, 0.392)",0.0246921238630137,0.392
"[0.392, 0.393)",0.042205740981045764,0.393
"[0.393, 0.394)",0.03406128441496596,0.394
"[0.394, 0.395)",0.027495877172727275,0.395
"[0.395, 0.396)",0.04842416712380115,0.396
"[0.396, 0.397)",0.03961099242384106,0.397
"[0.397, 0.398)",0.028301255176923085,0.398
"[0.398, 0.399)",0.04657173529533784,0.399
"[0.399, 0.4)",0.04277062658058819,0.4
"[0.4, 0.401)",0.04808220252469878,0.401
"[0.401, 0.402)",0.04506185608819445,0.402
"[0.402, 0.403)",0.021797809980985926,0.403
"[0.403, 0.404)",0.03758176111730771,0.404
"[0.404, 0.405)",0.030688070384971084,0.405
"[0.405, 0.406)",0.029953759574850306,0.406
"[0.406, 0.40700000000000003)",0.034154491155882344,0.407
"[0.40700000000000003, 0.40800000000000003)",0.02567780674101123,0.408
"[0.40800000000000003, 0.40900000000000003)",0.030839379962732904,0.409
"[0.40900000000000003, 0.41000000000000003)",0.04287432721912568,0.41
"[0.41000000000000003, 0.41100000000000003)",0.0406593255597826,0.411
"[0.41100000000000003, 0.41200000000000003)",0.052289578113750027,0.412
"[0.41200000000000003, 0.41300000000000003)",0.05819840145759498,0.413
"[0.41300000000000003, 0.41400000000000003)",0.04333039325979995,0.414
"[0.41400000000000003, 0.41500000000000004)",0.033564170459693864,0.415
"[0.41500000000000004, 0.41600000000000004)",0.02690492683049646,0.416
"[0.41600000000000004, 0.417)",0.027647061488125003,0.417
"[0.417, 0.418)",0.04014038906428573,0.418
"[0.418, 0.419)",0.03549311604765099,0.419
"[0.419, 0.42)",0.05924011924839811,0.42
"[0.42, 0.421)",0.03589512601827409,0.421
"[0.421, 0.422)",0.035633503828749996,0.422
"[0.422, 0.423)",0.042527501461046474,0.423
"[0.423, 0.424)",0.01593004260828729,0.424
"[0.424, 0.425)",0.04509801844295299,0.425
"[0.425, 0.426)",0.03152324150810808,0.426
"[0.426, 0.427)",0.03652074006280486,0.427
"[0.427, 0.428)",0.03807673921290325,0.428
"[0.428, 0.429)",0.01901172021165643,0.429
"[0.429, 0.43)",0.04736779107512956,0.43
"[0.43, 0.431)",0.02933492816778523,0.431
"[0.431, 0.432)",0.03954026580264897,0.432
"[0.432, 0.433)",0.025551990969784177,0.433
"[0.433, 0.434)",0.033288780826946106,0.434
"[0.434, 0.435)",0.047975820062658214,0.435
"[0.435, 0.436)",0.034660320660240954,0.436
"[0.436, 0.437)",0.020166588409859142,0.437
"[0.437, 0.438)",0.039462242469642826,0.438
"[0.438, 0.439)",0.037044303151724134,0.439
"[0.439, 0.44)",0.03228113804255319,0.44
"[0.44, 0.441)",0.03333888671187499,0.441
"[0.441, 0.442)",0.026599967537931014,0.442
"[0.442, 0.443)",0.02402358714593024,0.443
"[0.443, 0.444)",0.036313196153448295,0.444
"[0.444, 0.445)",0.026337747992682927,0.445
"[0.445, 0.446)",0.02882121057637363,0.446
"[0.446, 0.447)",0.02753638717746268,0.447
"[0.447, 0.448)",0.03365195015760867,0.448
"[0.448, 0.449)",0.03232887312151162,0.449
"[0.449, 0.45)",0.03788331356146787,0.45
"[0.45, 0.451)",0.021344077813664587,0.451
"[0.451, 0.452)",0.04944816471345032,0.452
"[0.452, 0.453)",0.03394597385736525,0.453
"[0.453, 0.454)",0.030082112886826346,0.454
"[0.454, 0.455)",0.0312768338822222,0.455
"[0.455, 0.456)",0.033985779512738845,0.456
"[0.456, 0.457)",0.0493303356640845,0.457
"[0.457, 0.458)",0.03818062719096047,0.458
"[0.458, 0.459)",0.020588529619393937,0.459
"[0.459, 0.46)",0.031563332216492136,0.46
"[0.46, 0.461)",0.035295464924210505,0.461
"[0.461, 0.462)",0.028903705324999984,0.462
"[0.462, 0.463)",0.02878825249481252,0.463
"[0.463, 0.464)",0.025943213465454546,0.464
"[0.464, 0.465)",0.03263700873756905,0.465
"[0.465, 0.466)",0.038007286500657905,0.466
"[0.466, 0.467)",0.03747604660980518,0.467
"[0.467, 0.468)",0.02661431745562501,0.468
"[0.468, 0.46900000000000003)",0.025507683339655175,0.469
"[0.46900000000000003, 0.47000000000000003)",0.034406686628313254,0.47
"[0.47000000000000003, 0.47100000000000003)",0.03552420158994083,0.471
"[0.47100000000000003, 0.47200000000000003)",0.027650133838181802,0.472
"[0.47200000000000003, 0.47300000000000003)",0.040647596560389625,0.473
"[0.47300000000000003, 0.47400000000000003)",0.035399944092429386,0.474
"[0.47400000000000003, 0.47500000000000003)",0.03102713833050847,0.475
"[0.47500000000000003, 0.47600000000000003)",0.029968299726708083,0.476
"[0.47600000000000003, 0.47700000000000004)",0.025884751629834245,0.477
"[0.47700000000000004, 0.47800000000000004)",0.0267899274724551,0.478
"[0.47800000000000004, 0.47900000000000004)",0.03884431919433731,0.479
"[0.47900000000000004, 0.48)",0.02895537670487806,0.48
"[0.48, 0.481)",0.02984396337895602,0.481
"[0.481, 0.482)",0.028632044154497348,0.482
"[0.482, 0.483)",0.021485946560568184,0.483
"[0.483, 0.484)",0.02374132955818182,0.484
"[0.484, 0.485)",0.03569340309272725,0.485
"[0.485, 0.486)",0.03376498535751629,0.486
"[0.486, 0.487)",0.03374078014044945,0.487
"[0.487, 0.488)",0.03344109971675391,0.488
"[0.488, 0.489)",0.031195975524175815,0.489
"[0.489, 0.49)",0.030769162319999988,0.49
"[0.49, 0.491)",0.03075283252029701,0.491
"[0.491, 0.492)",0.04703906983052632,0.492
"[0.492, 0.493)",0.03562982398532608,0.493
"[0.493, 0.494)",0.03283954422962962,0.494
"[0.494, 0.495)",0.03009128819148934,0.495
"[0.495, 0.496)",0.028413100361627898,0.496
"[0.496, 0.497)",0.03063309316842102,0.497
"[0.497, 0.498)",0.04337477303390804,0.498
"[0.498, 0.499)",0.0338775756169697,0.499
"[0.499, 0.5)",0.041749647625925916,0.5
"[0.5, 0.501)",0.04149719311384143,0.501
"[0.501, 0.502)",0.040115802565789484,0.502
"[0.502, 0.503)",0.04788491638620689,0.503
"[0.503, 0.504)",0.04397250964753085,0.504
"[0.504, 0.505)",0.03707866197071825,0.505
"[0.505, 0.506)",0.03231023552710841,0.506
"[0.506, 0.507)",0.025616562469938268,0.507
"[0.507, 0.508)",0.038626270205142844,0.508
"[0.508, 0.509)",0.054015375675641034,0.509
"[0.509, 0.51)",0.030940183966590904,0.51
"[0.51, 0.511)",0.03369689075314286,0.511
"[0.511, 0.512)",0.028099769533112596,0.512
"[0.512, 0.513)",0.026215324412499994,0.513
"[0.513, 0.514)",0.03638769121124257,0.514
"[0.514, 0.515)",0.03663266377307692,0.515
"[0.515, 0.516)",0.036406924805649714,0.516
"[0.516, 0.517)",0.02013639017533334,0.517
"[0.517, 0.518)",0.0413387225852349,0.518
"[0.518, 0.519)",0.024262622420111745,0.519
"[0.519, 0.52)",0.026883977423243242,0.52
"[0.52, 0.521)",0.03071683769633505,0.521
"[0.521, 0.522)",0.03298756558088235,0.522
"[0.522, 0.523)",0.029715419624503296,0.523
"[0.523, 0.524)",0.028923156538129484,0.524
"[0.524, 0.525)",0.02642599454421347,0.525
"[0.525, 0.526)",0.026303253161971837,0.526
"[0.526, 0.527)",0.02582522122450331,0.527
"[0.527, 0.528)",0.025544672449101788,0.528
"[0.528, 0.529)",0.03333558481849316,0.529
"[0.529, 0.53)",0.028528244549142847,0.53
"[0.53, 0.531)",0.028855460012234026,0.531
"[0.531, 0.532)",0.025461921132352933,0.532
"[0.532, 0.533)",0.03847591372916667,0.533
"[0.533, 0.534)",0.04341533654545455,0.534
"[0.534, 0.535)",0.032993537612676066,0.535
"[0.535, 0.536)",0.02958157428804347,0.536
"[0.536, 0.537)",0.027579283954014575,0.537
"[0.537, 0.538)",0.03906860994724406,0.538
"[0.538, 0.539)",0.026726952689830528,0.539
"[0.539, 0.54)",0.026554302298255825,0.54
"[0.54, 0.541)",0.02590107809790209,0.541
"[0.541, 0.542)",0.03484459891240311,0.542
"[0.542, 0.543)",0.03408067837753625,0.543
"[0.543, 0.544)",0.035136496696621604,0.544
"[0.544, 0.545)",0.03517343321678321,0.545
"[0.545, 0.546)",0.030654523794630868,0.546
"[0.546, 0.547)",0.034558846447368424,0.547
"[0.547, 0.548)",0.03274586362790697,0.548
"[0.548, 0.549)",0.04517365208450705,0.549
"[0.549, 0.55)",0.034629437626896534,0.55
"[0.55, 0.551)",0.03763665424999999,0.551
"[0.551, 0.552)",0.03214630518842976,0.552
"[0.552, 0.553)",0.019516024481196582,0.553
"[0.553, 0.554)",0.036417768147286804,0.554
"[0.554, 0.555)",0.0237703521969697,0.555
"[0.555, 0.556)",0.01816639935555556,0.556
"[0.556, 0.557)",0.04049106327702703,0.557
"[0.557, 0.558)",0.030049303058682624,0.558
"[0.558, 0.559)",0.022582929071420458,0.559
"[0.559, 0.56)",0.03088991610652173,0.56
"[0.56, 0.561)",0.03209006865497381,0.561
"[0.561, 0.562)",0.029710566449681498,0.562
"[0.562, 0.5630000000000001)",0.03918554140158732,0.563
"[0.5630000000000001, 0.5640000000000001)",0.03435918926577539,0.564
"[0.5640000000000001, 0.5650000000000001)",0.030289675764397905,0.565
"[0.5650000000000001, 0.5660000000000001)",0.03373644690909089,0.566
"[0.5660000000000001, 0.5670000000000001)",0.03349961337008544,0.567
"[0.5670000000000001, 0.5680000000000001)",0.03964148194205607,0.568
"[0.5680000000000001, 0.5690000000000001)",0.030998234925388595,0.569
"[0.5690000000000001, 0.5700000000000001)",0.03945872027989949,0.57
"[0.5700000000000001, 0.5710000000000001)",0.02823970004887641,0.571
"[0.5710000000000001, 0.5720000000000001)",0.02939179168270937,0.572
"[0.5720000000000001, 0.5730000000000001)",0.03189780486344086,0.573
"[0.5730000000000001, 0.5740000000000001)",0.032589879284302306,0.574
"[0.5740000000000001, 0.5750000000000001)",0.028309372598882672,0.575
"[0.5750000000000001, 0.5760000000000001)",0.027408528090909098,0.576
"[0.5760000000000001, 0.577)",0.03414616726878306,0.577
"[0.577, 0.578)",0.030142440389444417,0.578
"[0.578, 0.579)",0.03194029463246072,0.579
"[0.579, 0.58)",0.03141448510331491,0.58
"[0.58, 0.581)",0.028605551551791057,0.581
"[0.581, 0.582)",0.028469317565714282,0.582
"[0.582, 0.583)",0.022235277650806465,0.583
"[0.583, 0.584)",0.03237770054478526,0.584
"[0.584, 0.585)",0.03176122938734939,0.585
"[0.585, 0.586)",0.04651467729383563,0.586
"[0.586, 0.587)",0.04229878671910112,0.587
"[0.587, 0.588)",0.0502255280767857,0.588
"[0.588, 0.589)",0.04285733273581081,0.589
"[0.589, 0.59)",0.03441666612388888,0.59
"[0.59, 0.591)",0.03811758981568629,0.591
"[0.591, 0.592)",0.04507369682464789,0.592
"[0.592, 0.593)",0.02233517080921987,0.593
"[0.593, 0.594)",0.03205583958809524,0.594
"[0.594, 0.595)",0.043931735284713384,0.595
"[0.595, 0.596)",0.025697081486131392,0.596
"[0.596, 0.597)",0.029270000827973857,0.597
"[0.597, 0.598)",0.03078223151767122,0.598
"[0.598, 0.599)",0.03352016390538463,0.599
"[0.599, 0.6)",0.03253147030278145,0.6
"[0.6, 0.601)",0.04466423872444446,0.601
"[0.601, 0.602)",0.027094050336241612,0.602
"[0.602, 0.603)",0.02323973752160494,0.603
"[0.603, 0.604)",0.035644210257480304,0.604
"[0.604, 0.605)",0.021216151435036513,0.605
"[0.605, 0.606)",0.02879467079594592,0.606
"[0.606, 0.607)",0.024284648739215688,0.607
"[0.607, 0.608)",0.04434924692714285,0.608
"[0.608, 0.609)",0.03747822600403226,0.609
"[0.609, 0.61)",0.02996336268642856,0.61
"[0.61, 0.611)",0.03735252519617834,0.611
"[0.611, 0.612)",0.020501795326771658,0.612
"[0.612, 0.613)",0.03262368979675324,0.613
"[0.613, 0.614)",0.03237054952125001,0.614
"[0.614, 0.615)",0.03628849273741934,0.615
"[0.615, 0.616)",0.0253319003235294,0.616
"[0.616, 0.617)",0.02468347436350746,0.617
"[0.617, 0.618)",0.02807377054408536,0.618
"[0.618, 0.619)",0.02460713598456791,0.619
"[0.619, 0.62)",0.036444546656643366,0.62
"[0.62, 0.621)",0.027077410575680493,0.621
"[0.621, 0.622)",0.02701976986768292,0.622
"[0.622, 0.623)",0.028740427762658238,0.623
"[0.623, 0.624)",0.03792987801679388,0.624
"[0.624, 0.625)",0.030491525359863936,0.625
"[0.625, 0.626)",0.022000733581884067,0.626
"[0.626, 0.627)",0.03733897864461538,0.627
"[0.627, 0.628)",0.06646987057364345,0.628
"[0.628, 0.629)",0.04217815339931506,0.629
"[0.629, 0.63)",0.0325629573185185,0.63
"[0.63, 0.631)",0.02153951254468086,0.631
"[0.631, 0.632)",0.017744445122695043,0.632
"[0.632, 0.633)",0.04372313760132447,0.633
"[0.633, 0.634)",0.03276496894202898,0.634
"[0.634, 0.635)",0.03436620805974026,0.635
"[0.635, 0.636)",0.04394441862307693,0.636
"[0.636, 0.637)",0.040153335893984954,0.637
"[0.637, 0.638)",0.03282123322664472,0.638
"[0.638, 0.639)",0.036501288743199994,0.639
"[0.639, 0.64)",0.028807098131159413,0.64
"[0.64, 0.641)",0.026620745995918366,0.641
"[0.641, 0.642)",0.03336815778590603,0.642
"[0.642, 0.643)",0.04551497491583335,0.643
"[0.643, 0.644)",0.03683681667534248,0.644
"[0.644, 0.645)",0.03102059311447367,0.645
"[0.645, 0.646)",0.04880527470152671,0.646
"[0.646, 0.647)",0.045278264510000006,0.647
"[0.647, 0.648)",0.022926717985906033,0.648
"[0.648, 0.649)",0.04221022355405406,0.649
"[0.649, 0.65)",0.038615726956153854,0.65
"[0.65, 0.651)",0.03845451988255815,0.651
"[0.651, 0.652)",0.023944716129090913,0.652
"[0.652, 0.653)",0.03365059403983739,0.653
"[0.653, 0.654)",0.031459550284677416,0.654
"[0.654, 0.655)",0.04778896848630136,0.655
"[0.655, 0.656)",0.02611645242857143,0.656
"[0.656, 0.657)",0.03848247747794118,0.657
"[0.657, 0.658)",0.04799257500536912,0.658
"[0.658, 0.659)",0.03189357368363635,0.659
"[0.659, 0.66)",0.04076288258914728,0.66
"[0.66, 0.661)",0.0379242920332,0.661
"[0.661, 0.662)",0.03688459477077922,0.662
"[0.662, 0.663)",0.0293180911119403,0.663
"[0.663, 0.664)",0.025848970440816337,0.664
"[0.664, 0.665)",0.028645277491935482,0.665
"[0.665, 0.666)",0.033369189272108836,0.666
"[0.666, 0.667)",0.031237605514285716,0.667
"[0.667, 0.668)",0.028027251501503765,0.668
"[0.668, 0.669)",0.028926190010483858,0.669
"[0.669, 0.67)",0.024460511296575338,0.67
"[0.67, 0.671)",0.030003864316091953,0.671
"[0.671, 0.672)",0.029608625781578943,0.672
"[0.672, 0.673)",0.03422684739200002,0.673
"[0.673, 0.674)",0.04021982897671234,0.674
"[0.674, 0.675)",0.03931551590921054,0.675
"[0.675, 0.676)",0.02836292363,0.676
"[0.676, 0.677)",0.02149651307538462,0.677
"[0.677, 0.678)",0.027058095145546884,0.678
"[0.678, 0.679)",0.037830797923437506,0.679
"[0.679, 0.68)",0.020531359726751592,0.68
"[0.68, 0.681)",0.03975144991285714,0.681
"[0.681, 0.682)",0.03698631684357143,0.682
"[0.682, 0.683)",0.03986606101578947,0.683
"[0.683, 0.684)",0.035095289967164184,0.684
"[0.684, 0.685)",0.035470438218897636,0.685
"[0.685, 0.686)",0.022200159793525194,0.686
"[0.686, 0.687)",0.02630917508455881,0.687
"[0.687, 0.6880000000000001)",0.030275411962790714,0.688
"[0.6880000000000001, 0.6890000000000001)",0.026553204229365076,0.689
"[0.6890000000000001, 0.6900000000000001)",0.03619448964982145,0.69
"[0.6900000000000001, 0.6910000000000001)",0.035260820325757565,0.691
"[0.6910000000000001, 0.6920000000000001)",0.029293401521739124,0.692
"[0.6920000000000001, 0.6930000000000001)",0.029727141013461536,0.693
"[0.6930000000000001, 0.6940000000000001)",0.03317578659615381,0.694
"[0.6940000000000001, 0.6950000000000001)",0.03007018050760232,0.695
"[0.6950000000000001, 0.6960000000000001)",0.029303381855384617,0.696
"[0.6960000000000001, 0.6970000000000001)",0.037712882240993784,0.697
"[0.6970000000000001, 0.6980000000000001)",0.028249738408588958,0.698
"[0.6980000000000001, 0.6990000000000001)",0.04005226781118423,0.699
"[0.6990000000000001, 0.7000000000000001)",0.03616893137345678,0.7
"[0.7000000000000001, 0.7010000000000001)",0.03357945395548387,0.701
"[0.7010000000000001, 0.7020000000000001)",0.039559129631550796,0.702
"[0.7020000000000001, 0.7030000000000001)",0.0450270098068323,0.703
"[0.7030000000000001, 0.704)",0.027536810538068182,0.704
"[0.704, 0.705)",0.036027867577952746,0.705
"[0.705, 0.706)",0.025052294449704145,0.706
"[0.706, 0.707)",0.05149678916358025,0.707
"[0.707, 0.708)",0.027622133764367816,0.708
"[0.708, 0.709)",0.038205424879157304,0.709
"[0.709, 0.71)",0.05061075924142858,0.71
"[0.71, 0.711)",0.03481305331319444,0.711
"[0.711, 0.712)",0.037802070258041956,0.712
"[0.712, 0.713)",0.03258695524367088,0.713
"[0.713, 0.714)",0.034047650897267745,0.714
"[0.714, 0.715)",0.03679519472193548,0.715
"[0.715, 0.716)",0.017379467823699424,0.716
"[0.716, 0.717)",0.026246947413636354,0.717
"[0.717, 0.718)",0.030016877733333325,0.718
"[0.718, 0.719)",0.02804084155987654,0.719
"[0.719, 0.72)",0.025143933985789475,0.72
"[0.72, 0.721)",0.029976838508187137,0.721
"[0.721, 0.722)",0.028718628819999998,0.722
"[0.722, 0.723)",0.03304058610469798,0.723
"[0.723, 0.724)",0.028811381560377353,0.724
"[0.724, 0.725)",0.029983215546478873,0.725
"[0.725, 0.726)",0.031111822551700682,0.726
"[0.726, 0.727)",0.024422934013793116,0.727
"[0.727, 0.728)",0.023080987925874142,0.728
"[0.728, 0.729)",0.03742187882660254,0.729
"[0.729, 0.73)",0.020349540123900712,0.73
"[0.73, 0.731)",0.030685131176642327,0.731
"[0.731, 0.732)",0.03147805754379562,0.732
"[0.732, 0.733)",0.02730255467826087,0.733
"[0.733, 0.734)",0.029829604139830525,0.734
"[0.734, 0.735)",0.03577324113311257,0.735
"[0.735, 0.736)",0.028312744674999998,0.736
"[0.736, 0.737)",0.052089193086956545,0.737
"[0.737, 0.738)",0.028080917883333313,0.738
"[0.738, 0.739)",0.03380368600615999,0.739
"[0.739, 0.74)",0.032137176772238804,0.74
"[0.74, 0.741)",0.038320523887500006,0.741
"[0.741, 0.742)",0.025926466247945208,0.742
"[0.742, 0.743)",0.026844364970000006,0.743
"[0.743, 0.744)",0.031061873263380297,0.744
"[0.744, 0.745)",0.02888863373085714,0.745
"[0.745, 0.746)",0.03052577800057805,0.746
"[0.746, 0.747)",0.030993791386144588,0.747
"[0.747, 0.748)",0.02918928322903226,0.748
"[0.748, 0.749)",0.03286342231294117,0.749
"[0.749, 0.75)",0.029399392391907513,0.75
"[0.75, 0.751)",0.03074149535344827,0.751
"[0.751, 0.752)",0.03596113118562874,0.752
"[0.752, 0.753)",0.030758271838944105,0.753
"[0.753, 0.754)",0.043927381784662566,0.754
"[0.754, 0.755)",0.04310566367682929,0.755
"[0.755, 0.756)",0.015367015265822787,0.756
"[0.756, 0.757)",0.03110603632153846,0.757
"[0.757, 0.758)",0.022258898690322583,0.758
"[0.758, 0.759)",0.03156250250064103,0.759
"[0.759, 0.76)",0.037729645786666675,0.76
"[0.76, 0.761)",0.03497014146232875,0.761
"[0.761, 0.762)",0.030223549571774193,0.762
"[0.762, 0.763)",0.0302298901125,0.763
"[0.763, 0.764)",0.03303501981815791,0.764
"[0.764, 0.765)",0.02150966999948905,0.765
"[0.765, 0.766)",0.02814604159918034,0.766
"[0.766, 0.767)",0.04126922514817074,0.767
"[0.767, 0.768)",0.02710960411048388,0.768
"[0.768, 0.769)",0.035929834099275366,0.769
"[0.769, 0.77)",0.04235844988109754,0.77
"[0.77, 0.771)",0.030138535858108113,0.771
"[0.771, 0.772)",0.02444962685136987,0.772
"[0.772, 0.773)",0.024477126074929585,0.773
"[0.773, 0.774)",0.027742693702068975,0.774
"[0.774, 0.775)",0.044570055508391604,0.775
"[0.775, 0.776)",0.043454846354268314,0.776
"[0.776, 0.777)",0.03296148300175439,0.777
"[0.777, 0.778)",0.028770039636363643,0.778
"[0.778, 0.779)",0.0282602111473684,0.779
"[0.779, 0.78)",0.03440926196787233,0.78
"[0.78, 0.781)",0.027170258797575748,0.781
"[0.781, 0.782)",0.04113933018351647,0.782
"[0.782, 0.783)",0.025402110277575763,0.783
"[0.783, 0.784)",0.023881862250506338,0.784
"[0.784, 0.785)",0.0413285559081081,0.785
"[0.785, 0.786)",0.031861991775757575,0.786
"[0.786, 0.787)",0.03606263677440477,0.787
"[0.787, 0.788)",0.03932500871656804,0.788
"[0.788, 0.789)",0.026987791051496998,0.789
"[0.789, 0.79)",0.03296035263893082,0.79
"[0.79, 0.791)",0.022566451370945963,0.791
"[0.791, 0.792)",0.026931599967440475,0.792
"[0.792, 0.793)",0.03368924131772153,0.793
"[0.793, 0.794)",0.04137736973231707,0.794
"[0.794, 0.795)",0.03132124697812501,0.795
"[0.795, 0.796)",0.04819507552481012,0.796
"[0.796, 0.797)",0.0353488751717791,0.797
"[0.797, 0.798)",0.035833355755395695,0.798
"[0.798, 0.799)",0.02298439389698795,0.799
"[0.799, 0.8)",0.042681937772972973,0.8
"[0.8, 0.801)",0.03041444120191083,0.801
"[0.801, 0.802)",0.028741705308333348,0.802
"[0.802, 0.803)",0.03218150263527948,0.803
"[0.803, 0.804)",0.02821028791428572,0.804
"[0.804, 0.805)",0.030996005744387104,0.805
"[0.805, 0.806)",0.0343549066629139,0.806
"[0.806, 0.807)",0.04502757569090906,0.807
"[0.807, 0.808)",0.053328917872262745,0.808
"[0.808, 0.809)",0.033848975981102376,0.809
"[0.809, 0.81)",0.02680585271118012,0.81
"[0.81, 0.811)",0.030890398733333338,0.811
"[0.811, 0.812)",0.01995626413613446,0.812
"[0.812, 0.8130000000000001)",0.04042072800694444,0.813
"[0.8130000000000001, 0.8140000000000001)",0.030982809325850322,0.814
"[0.8140000000000001, 0.8150000000000001)",0.04496356976726618,0.815
"[0.8150000000000001, 0.8160000000000001)",0.02809931321052633,0.816
"[0.8160000000000001, 0.8170000000000001)",0.04631807706337278,0.817
"[0.8170000000000001, 0.8180000000000001)",0.0244418663,0.818
"[0.8180000000000001, 0.8190000000000001)",0.031522411566666665,0.819
"[0.8190000000000001, 0.8200000000000001)",0.04785608387230766,0.82
"[0.8200000000000001, 0.8210000000000001)",0.05465016386131385,0.821
"[0.8210000000000001, 0.8220000000000001)",0.032413411355999996,0.822
"[0.8220000000000001, 0.8230000000000001)",0.023450262601626012,0.823
"[0.8230000000000001, 0.8240000000000001)",0.034228288429729754,0.824
"[0.8240000000000001, 0.8250000000000001)",0.03433710717840001,0.825
"[0.8250000000000001, 0.8260000000000001)",0.03733799815865079,0.826
"[0.8260000000000001, 0.8270000000000001)",0.04294498817669565,0.827
"[0.8270000000000001, 0.8280000000000001)",0.040776987984246595,0.828
"[0.8280000000000001, 0.8290000000000001)",0.026773731222413777,0.829
"[0.8290000000000001, 0.8300000000000001)",0.04025707164161488,0.83
"[0.8300000000000001, 0.8310000000000001)",0.035718039413939404,0.831
"[0.8310000000000001, 0.8320000000000001)",0.04498056912535211,0.832
"[0.8320000000000001, 0.833)",0.02966352556129031,0.833
"[0.833, 0.834)",0.02938285959549382,0.834
"[0.834, 0.835)",0.030342071916560503,0.835
"[0.835, 0.836)",0.04810447766312503,0.836
"[0.836, 0.837)",0.050592517041958024,0.837
"[0.837, 0.838)",0.03534053855063291,0.838
"[0.838, 0.839)",0.030125797139999976,0.839
"[0.839, 0.84)",0.032066514209459454,0.84
"[0.84, 0.841)",0.03680098311751822,0.841
"[0.841, 0.842)",0.0310877073446565,0.842
"[0.842, 0.843)",0.04253677387075471,0.843
"[0.843, 0.844)",0.038334876598540145,0.844
"[0.844, 0.845)",0.017465858993793108,0.845
"[0.845, 0.846)",0.030854946638461545,0.846
"[0.846, 0.847)",0.031034934029323304,0.847
"[0.847, 0.848)",0.02656615171729323,0.848
"[0.848, 0.849)",0.023638582035714284,0.849
"[0.849, 0.85)",0.029435722302673786,0.85
"[0.85, 0.851)",0.0334692707962766,0.851
"[0.851, 0.852)",0.04266904978859813,0.852
"[0.852, 0.853)",0.03644145989256198,0.853
"[0.853, 0.854)",0.03380190350785714,0.854
"[0.854, 0.855)",0.02152728178699187,0.855
"[0.855, 0.856)",0.036666374657272724,0.856
"[0.856, 0.857)",0.04259156559347824,0.857
"[0.857, 0.858)",0.03279805026296297,0.858
"[0.858, 0.859)",0.04277052960952379,0.859
"[0.859, 0.86)",0.04840540335658911,0.86
"[0.86, 0.861)",0.027219959029906534,0.861
"[0.861, 0.862)",0.048352931377450975,0.862
"[0.862, 0.863)",0.03288800652427185,0.863
"[0.863, 0.864)",0.0238280369159091,0.864
"[0.864, 0.865)",0.02908254139425196,0.865
"[0.865, 0.866)",0.0330384657614679,0.866
"[0.866, 0.867)",0.03217787181651376,0.867
"[0.867, 0.868)",0.04368881176978417,0.868
"[0.868, 0.869)",0.024414110232476187,0.869
"[0.869, 0.87)",0.021204926799166666,0.87
"[0.87, 0.871)",0.028322985634782614,0.871
"[0.871, 0.872)",0.035288579682031244,0.872
"[0.872, 0.873)",0.019955564903508777,0.873
"[0.873, 0.874)",0.03744082846666666,0.874
"[0.874, 0.875)",0.03209760419457364,0.875
"[0.875, 0.876)",0.03777828810714285,0.876
"[0.876, 0.877)",0.03894385506504587,0.877
"[0.877, 0.878)",0.027404760787878797,0.878
"[0.878, 0.879)",0.021957907396396387,0.879
"[0.879, 0.88)",0.0411721393023256,0.88
"[0.88, 0.881)",0.028423336326785727,0.881
"[0.881, 0.882)",0.029059639196428576,0.882
"[0.882, 0.883)",0.030340039517699112,0.883
"[0.883, 0.884)",0.03438606085604395,0.884
"[0.884, 0.885)",0.039330192140952375,0.885
"[0.885, 0.886)",0.032945891080898876,0.886
"[0.886, 0.887)",0.038717950174038465,0.887
"[0.887, 0.888)",0.027039375571875007,0.888
"[0.888, 0.889)",0.024320342721100924,0.889
"[0.889, 0.89)",0.07152921151403509,0.89
"[0.89, 0.891)",0.022166240591739134,0.891
"[0.891, 0.892)",0.026773963629310348,0.892
"[0.892, 0.893)",0.028675475429365084,0.893
"[0.893, 0.894)",0.028081151344705912,0.894
"[0.894, 0.895)",0.021592955753508777,0.895
"[0.895, 0.896)",0.039904335169642834,0.896
"[0.896, 0.897)",0.027082586109776118,0.897
"[0.897, 0.898)",0.03586252602586206,0.898
"[0.898, 0.899)",0.04645594276238532,0.899
"[0.899, 0.9)",0.04514030508166662,0.9
"[0.9, 0.901)",0.017171436178504692,0.901
"[0.901, 0.902)",0.029465884525619837,0.902
"[0.902, 0.903)",0.019195400253465368,0.903
"[0.903, 0.904)",0.03198922461965813,0.904
"[0.904, 0.905)",0.03344335467889907,0.905
"[0.905, 0.906)",0.032791117475247544,0.906
"[0.906, 0.907)",0.02577111646465516,0.907
"[0.907, 0.908)",0.04744391605756523,0.908
"[0.908, 0.909)",0.043167087041322307,0.909
"[0.909, 0.91)",0.049441851367567576,0.91
"[0.91, 0.911)",0.0468437281827957,0.911
"[0.911, 0.912)",0.019312066149724777,0.912
"[0.912, 0.913)",0.042472849865873026,0.913
"[0.913, 0.914)",0.028834931819565233,0.914
"[0.914, 0.915)",0.05139578313553719,0.915
"[0.915, 0.916)",0.03396532806311476,0.916
"[0.916, 0.917)",0.03282806032293578,0.917
"[0.917, 0.918)",0.043082233940384615,0.918
"[0.918, 0.919)",0.022358749839622653,0.919
"[0.919, 0.92)",0.054487196211403514,0.92
"[0.92, 0.921)",0.032349130719999994,0.921
"[0.921, 0.922)",0.04236130245130436,0.922
"[0.922, 0.923)",0.042884466340650414,0.923
"[0.923, 0.924)",0.04163860441683168,0.924
"[0.924, 0.925)",0.01933182311214953,0.925
"[0.925, 0.926)",0.03680260980782608,0.926
"[0.926, 0.927)",0.03721568059055114,0.927
"[0.927, 0.928)",0.03172012357033898,0.928
"[0.928, 0.929)",0.04410398613588234,0.929
"[0.929, 0.93)",0.05030919035478257,0.93
"[0.93, 0.931)",0.021986358489090915,0.931
"[0.931, 0.932)",0.03606659711819671,0.932
"[0.932, 0.933)",0.02680067608198198,0.933
"[0.933, 0.934)",0.021374851668461543,0.934
"[0.934, 0.935)",0.029353412527559058,0.935
"[0.935, 0.936)",0.028173140396825412,0.936
"[0.936, 0.937)",0.037060624349494954,0.937
"[0.937, 0.9380000000000001)",0.02770631427523811,0.938
"[0.9380000000000001, 0.9390000000000001)",0.032468323555445544,0.939
"[0.9390000000000001, 0.9400000000000001)",0.030214064913392853,0.94
"[0.9400000000000001, 0.9410000000000001)",0.02793932941851851,0.941
"[0.9410000000000001, 0.9420000000000001)",0.020194231111111127,0.942
"[0.9420000000000001, 0.9430000000000001)",0.038352315021739136,0.943
"[0.9430000000000001, 0.9440000000000001)",0.03268753295793477,0.944
"[0.9440000000000001, 0.9450000000000001)",0.03876343691803281,0.945
"[0.9450000000000001, 0.9460000000000001)",0.029557771944565218,0.946
"[0.9460000000000001, 0.9470000000000001)",0.03271517247572815,0.947
"[0.9470000000000001, 0.9480000000000001)",0.03669922975,0.948
"[0.9480000000000001, 0.9490000000000001)",0.023299610745945956,0.949
"[0.9490000000000001, 0.9500000000000001)",0.031349791154918046,0.95
"[0.9500000000000001, 0.9510000000000001)",0.029061513396850397,0.951
"[0.9510000000000001, 0.9520000000000001)",0.027769904333000004,0.952
"[0.9520000000000001, 0.9530000000000001)",0.03136846150000002,0.953
"[0.9530000000000001, 0.9540000000000001)",0.05429503799659094,0.954
"[0.9540000000000001, 0.9550000000000001)",0.02465529005346535,0.955
"[0.9550000000000001, 0.9560000000000001)",0.03336580546809092,0.956
"[0.9560000000000001, 0.9570000000000001)",0.03523820464485981,0.957
"[0.9570000000000001, 0.9580000000000001)",0.04788741604158414,0.958
"[0.9580000000000001, 0.9590000000000001)",0.03261777116016949,0.959
"[0.9590000000000001, 0.96)",0.03753209277211539,0.96
"[0.96, 0.961)",0.03499233617272726,0.961
"[0.961, 0.962)",0.030115800155172418,0.962
"[0.962, 0.963)",0.027340504726562492,0.963
"[0.963, 0.964)",0.038664661625892834,0.964
"[0.964, 0.965)",0.03288035482620965,0.965
"[0.965, 0.966)",0.03671265993495934,0.966
"[0.966, 0.967)",0.031966886175324664,0.967
"[0.967, 0.968)",0.04721256652252251,0.968
"[0.968, 0.969)",0.028246494854166655,0.969
"[0.969, 0.97)",0.03243672105913044,0.97
"[0.97, 0.971)",0.029628109473770505,0.971
"[0.971, 0.972)",0.017881962920338987,0.972
"[0.972, 0.973)",0.03905710859999999,0.973
"[0.973, 0.974)",0.03215124448396946,0.974
"[0.974, 0.975)",0.036479310412380964,0.975
"[0.975, 0.976)",0.04366468306960785,0.976
"[0.976, 0.977)",0.03428045320943397,0.977
"[0.977, 0.978)",0.02457937234677418,0.978
"[0.978, 0.979)",0.020471355620952376,0.979
"[0.979, 0.98)",0.05959008969754094,0.98
"[0.98, 0.981)",0.039371592703199974,0.981
"[0.981, 0.982)",0.037855894113592234,0.982
"[0.982, 0.983)",0.03142951592307692,0.983
"[0.983, 0.984)",0.03963712204592918,0.984
"[0.984, 0.985)",0.03027748743211008,0.985
"[0.985, 0.986)",0.04356407943478261,0.986
"[0.986, 0.987)",0.033534680458035704,0.987
"[0.987, 0.988)",0.04431296114296873,0.988
"[0.988, 0.989)",0.04887960725714282,0.989
"[0.989, 0.99)",0.03182480378956524,0.99
"[0.99, 0.991)",0.027953348859259257,0.991
"[0.991, 0.992)",0.041017719257936534,0.992
"[0.992, 0.993)",0.027830259201492534,0.993
"[0.993, 0.994)",0.03208967418257576,0.994
"[0.994, 0.995)",0.028270555072932326,0.995
"[0.995, 0.996)",0.04945962800176988,0.996
"[0.996, 0.997)",0.04847584885046728,0.997
"[0.997, 0.998)",0.0276076490496124,0.998
"[0.998, 0.999)",0.030104580607438022,0.999
"[0.999, 1.0)",0.05699855015225224,1.0
"[1.0, 1.0010000000000001)",0.037800688327586214,1.001
"[1.0010000000000001, 1.002)",0.04559505549433961,1.002
"[1.002, 1.0030000000000001)",0.054184209038999995,1.003
"[1.0030000000000001, 1.004)",0.02950166736666666,1.004
"[1.004, 1.0050000000000001)",0.04762313590775194,1.005
"[1.0050000000000001, 1.006)",0.06131897042533331,1.006
"[1.006, 1.0070000000000001)",0.04508091059398493,1.007
"[1.0070000000000001, 1.008)",0.025033929799999997,1.008
"[1.008, 1.0090000000000001)",0.03596035282705884,1.009
"[1.0090000000000001, 1.01)",0.027535464991596637,1.01
"[1.01, 1.0110000000000001)",0.026288077940677966,1.011
"[1.0110000000000001, 1.012)",0.04421960041983472,1.012
"[1.012, 1.0130000000000001)",0.04560225580270269,1.013
"[1.0130000000000001, 1.014)",0.027667906043795622,1.014
"[1.014, 1.0150000000000001)",0.030047065617361104,1.015
"[1.0150000000000001, 1.016)",0.033320615745918374,1.016
"[1.016, 1.0170000000000001)",0.03828697102631579,1.017
"[1.0170000000000001, 1.018)",0.020931076720720716,1.018
"[1.018, 1.0190000000000001)",0.02905481079823009,1.019
"[1.0190000000000001, 1.02)",0.04403186971641789,1.02
"[1.02, 1.0210000000000001)",0.028424427984057987,1.021
"[1.0210000000000001, 1.022)",0.03224400973230768,1.022
"[1.022, 1.0230000000000001)",0.022677342709322052,1.023
"[1.0230000000000001, 1.024)",0.03931044396818182,1.024
"[1.024, 1.025)",0.03491500488235293,1.025
"[1.025, 1.026)",0.03136974424786326,1.026
"[1.026, 1.027)",0.028579275139041113,1.027
"[1.027, 1.028)",0.033710227818367335,1.028
"[1.028, 1.029)",0.02090195255887097,1.029
"[1.029, 1.03)",0.03191363179067798,1.03
"[1.03, 1.031)",0.025483619967288134,1.031
"[1.031, 1.032)",0.048158846547368434,1.032
"[1.032, 1.033)",0.03491331221612901,1.033
"[1.033, 1.034)",0.03556119124409447,1.034
"[1.034, 1.035)",0.01809338653867925,1.035
"[1.035, 1.036)",0.037761042035398255,1.036
"[1.036, 1.037)",0.03186399399042553,1.037
"[1.037, 1.038)",0.024208369661956535,1.038
"[1.038, 1.039)",0.036552785612359556,1.039
"[1.039, 1.04)",0.03283102685714285,1.04
"[1.04, 1.041)",0.03015712484336281,1.041
"[1.041, 1.042)",0.031967131175840706,1.042
"[1.042, 1.043)",0.028572277043089435,1.043
"[1.043, 1.044)",0.04250982924062502,1.044
"[1.044, 1.045)",0.028680610743137262,1.045
"[1.045, 1.046)",0.033640891489915975,1.046
"[1.046, 1.047)",0.028529837307954543,1.047
"[1.047, 1.048)",0.03214848236842106,1.048
"[1.048, 1.049)",0.03346703123942309,1.049
"[1.049, 1.05)",0.0180308125773196,1.05
"[1.05, 1.051)",0.028893527612499994,1.051
"[1.051, 1.052)",0.01985155454054055,1.052
"[1.052, 1.053)",0.039119566285227274,1.053
"[1.053, 1.054)",0.05089408109456524,1.054
"[1.054, 1.055)",0.03205212278505747,1.055
"[1.055, 1.056)",0.03870351614051725,1.056
"[1.056, 1.057)",0.02066720256907217,1.057
"[1.057, 1.058)",0.03208942749148936,1.058
"[1.058, 1.059)",0.026999605255555552,1.059
"[1.059, 1.06)",0.027819240473118283,1.06
"[1.06, 1.061)",0.025950158995876292,1.061
"[1.061, 1.062)",0.02471416916262628,1.062
"[1.062, 1.063)",0.034515901990000014,1.063
"[1.063, 1.064)",0.019461011501369863,1.064
"[1.064, 1.065)",0.03015274145783134,1.065
"[1.065, 1.066)",0.0317317519402062,1.066
"[1.066, 1.067)",0.03847418123431372,1.067
"[1.067, 1.068)",0.03047324930102038,1.068
"[1.068, 1.069)",0.023862394855405412,1.069
"[1.069, 1.07)",0.021517722090322575,1.07
"[1.07, 1.071)",0.03737182505393257,1.071
"[1.071, 1.072)",0.02719596691381818,1.072
"[1.072, 1.073)",0.051640074522340436,1.073
"[1.073, 1.074)",0.03412961386666668,1.074
"[1.074, 1.075)",0.030483859570204077,1.075
"[1.075, 1.076)",0.03484141774869564,1.076
"[1.076, 1.077)",0.03962213246371681,1.077
"[1.077, 1.078)",0.019443453166666673,1.078
"[1.078, 1.079)",0.044167409347368396,1.079
"[1.079, 1.08)",0.049106708032258056,1.08
"[1.08, 1.081)",0.03263827097602041,1.081
"[1.081, 1.082)",0.03915537027362638,1.082
"[1.082, 1.083)",0.01846127051025642,1.083
"[1.083, 1.084)",0.015328863805737718,1.084
"[1.084, 1.085)",0.054362852560952364,1.085
"[1.085, 1.086)",0.025603872588235304,1.086
"[1.086, 1.087)",0.030112444123232333,1.087
"[1.087, 1.088)",0.02783543384205607,1.088
"[1.088, 1.089)",0.03054974060185185,1.089
"[1.089, 1.09)",0.02772519805688075,1.09
"[1.09, 1.091)",0.031435928132291666,1.091
"[1.091, 1.092)",0.024129741935443046,1.092
"[1.092, 1.093)",0.019354077479761915,1.093
"[1.093, 1.094)",0.03284552812222224,1.094
"[1.094, 1.095)",0.04162329574000001,1.095
"[1.095, 1.096)",0.02794888569368421,1.096
"[1.096, 1.097)",0.028010313861224493,1.097
"[1.097, 1.098)",0.030290847993069317,1.098
"[1.098, 1.099)",0.016952885265060242,1.099
"[1.099, 1.1)",0.045307494386999984,1.1
"[1.1, 1.101)",0.03212706850000001,1.101
"[1.101, 1.102)",0.02417632667575758,1.102
"[1.102, 1.103)",0.02215202568316832,1.103
"[1.103, 1.104)",0.019348106045454554,1.104
"[1.104, 1.105)",0.0578474725876289,1.105
"[1.105, 1.106)",0.020157618243157895,1.106
"[1.106, 1.107)",0.021549439021978034,1.107
"[1.107, 1.108)",0.03773793919090909,1.108
"[1.108, 1.109)",0.04198510638018691,1.109
"[1.109, 1.11)",0.03067043480373833,1.11
"[1.11, 1.111)",0.024784171586904765,1.111
"[1.111, 1.112)",0.0338188194623656,1.112
"[1.112, 1.113)",0.031722982138297884,1.113
"[1.113, 1.114)",0.02811462162523811,1.114
"[1.114, 1.115)",0.020678298742000018,1.115
"[1.115, 1.116)",0.058555703480681814,1.116
"[1.116, 1.117)",0.02849615177083334,1.117
"[1.117, 1.118)",0.036079150188679236,1.118
"[1.118, 1.119)",0.026708069032967022,1.119
"[1.119, 1.12)",0.02730687995876289,1.12
"[1.12, 1.121)",0.05025708710215055,1.121
"[1.121, 1.122)",0.02608180844554457,1.122
"[1.122, 1.123)",0.030942918169901003,1.123
"[1.123, 1.124)",0.030740631256626513,1.124
"[1.124, 1.125)",0.033163178747757004,1.125
"[1.125, 1.1260000000000001)",0.028545687701086963,1.126
"[1.1260000000000001, 1.127)",0.04120588925490197,1.127
"[1.127, 1.1280000000000001)",0.05117275639080458,1.128
"[1.1280000000000001, 1.129)",0.044644890108910866,1.129
"[1.129, 1.1300000000000001)",0.04041388355813953,1.13
"[1.1300000000000001, 1.131)",0.031781774866,1.131
"[1.131, 1.1320000000000001)",0.032747971279569896,1.132
"[1.1320000000000001, 1.133)",0.03634199418509091,1.133
"[1.133, 1.1340000000000001)",0.023146223895238106,1.134
"[1.1340000000000001, 1.135)",0.031104805293577988,1.135
"[1.135, 1.1360000000000001)",0.02929088000851064,1.136
"[1.1360000000000001, 1.137)",0.03588587181250001,1.137
"[1.137, 1.1380000000000001)",0.04191921104099999,1.138
"[1.1380000000000001, 1.139)",0.040746203993043476,1.139
"[1.139, 1.1400000000000001)",0.03415345552808334,1.14
"[1.1400000000000001, 1.141)",0.039914741888392835,1.141
"[1.141, 1.1420000000000001)",0.031034832297478998,1.142
"[1.1420000000000001, 1.143)",0.0423507385068376,1.143
"[1.143, 1.1440000000000001)",0.022657715257943935,1.144
"[1.1440000000000001, 1.145)",0.02518745826717558,1.145
"[1.145, 1.1460000000000001)",0.03678033329911503,1.146
"[1.1460000000000001, 1.147)",0.027308531405132758,1.147
"[1.147, 1.1480000000000001)",0.022741599537735857,1.148
"[1.1480000000000001, 1.149)",0.025588290679611672,1.149
"[1.149, 1.1500000000000001)",0.03663587575166668,1.15
"[1.1500000000000001, 1.151)",0.03661323559646018,1.151
"[1.151, 1.1520000000000001)",0.03625239497959183,1.152
"[1.1520000000000001, 1.153)",0.03528660290577319,1.153
"[1.153, 1.154)",0.03103451960677966,1.154
"[1.154, 1.155)",0.03362736093859649,1.155
"[1.155, 1.156)",0.020256473915094355,1.156
"[1.156, 1.157)",0.029026476066071446,1.157
"[1.157, 1.158)",0.020505868902912623,1.158
"[1.158, 1.159)",0.03701799478,1.159
"[1.159, 1.16)",0.03271041461428573,1.16
"[1.16, 1.161)",0.03604059725252524,1.161
"[1.161, 1.162)",0.03372667292500001,1.162
"[1.162, 1.163)",0.05094504762727273,1.163
"[1.163, 1.164)",0.057813292073513524,1.164
"[1.164, 1.165)",0.026682909422222234,1.165
"[1.165, 1.166)",0.031320984313793106,1.166
"[1.166, 1.167)",0.04242749620052174,1.167
"[1.167, 1.168)",0.045141910517592566,1.168
"[1.168, 1.169)",0.05487471031075271,1.169
"[1.169, 1.17)",0.044266087975268834,1.17
"[1.17, 1.171)",0.04526773782808988,1.171
"[1.171, 1.172)",0.05003798630588237,1.172
"[1.172, 1.173)",0.038480373547619066,1.173
"[1.173, 1.174)",0.03742871005128206,1.174
"[1.174, 1.175)",0.02698887256785716,1.175
"[1.175, 1.176)",0.021400455861111122,1.176
"[1.176, 1.177)",0.035282119131818175,1.177
"[1.177, 1.178)",0.03636817503209877,1.178
"[1.178, 1.179)",0.024915537682352953,1.179
"[1.179, 1.18)",0.029341120895833326,1.18
"[1.18, 1.181)",0.0229628630586207,1.181
"[1.181, 1.182)",0.039445973719642875,1.182
"[1.182, 1.183)",0.031806665593277314,1.183
"[1.183, 1.184)",0.02305562447166669,1.184
"[1.184, 1.185)",0.04908825190180181,1.185
"[1.185, 1.186)",0.02470983276595746,1.186
"[1.186, 1.187)",0.03263225197032257,1.187
"[1.187, 1.188)",0.048868238970873785,1.188
"[1.188, 1.189)",0.030018760905504597,1.189
"[1.189, 1.19)",0.030900557152830202,1.19
"[1.19, 1.191)",0.022560837546017704,1.191
"[1.191, 1.192)",0.04403370364526316,1.192
"[1.192, 1.193)",0.02675558407669905,1.193
"[1.193, 1.194)",0.04050220768867922,1.194
"[1.194, 1.195)",0.03854787706021507,1.195
"[1.195, 1.196)",0.0496665986475728,1.196
"[1.196, 1.197)",0.03329968556216215,1.197
"[1.197, 1.198)",0.03625933169607843,1.198
"[1.198, 1.199)",0.028807455563636373,1.199
"[1.199, 1.2)",0.034532603034482766,1.2
"[1.2, 1.201)",0.02450097967777777,1.201
"[1.201, 1.202)",0.029053178030337082,1.202
"[1.202, 1.203)",0.04697724203960397,1.203
"[1.203, 1.204)",0.03270016298695652,1.204
"[1.204, 1.205)",0.04005893998765433,1.205
"[1.205, 1.206)",0.018168496508247433,1.206
"[1.206, 1.207)",0.041899525698850575,1.207
"[1.207, 1.208)",0.05726959458749997,1.208
"[1.208, 1.209)",0.028174473932222232,1.209
"[1.209, 1.21)",0.03363206147222223,1.21
"[1.21, 1.211)",0.045453156295061733,1.211
"[1.211, 1.212)",0.05048052437471266,1.212
"[1.212, 1.213)",0.049198803692307704,1.213
"[1.213, 1.214)",0.031005890471621625,1.214
"[1.214, 1.215)",0.03380577288505745,1.215
"[1.215, 1.216)",0.0386572205659091,1.216
"[1.216, 1.217)",0.04016855790000002,1.217
"[1.217, 1.218)",0.03781838456976745,1.218
"[1.218, 1.219)",0.052186998146067434,1.219
"[1.219, 1.22)",0.03314768393114755,1.22
"[1.22, 1.221)",0.037981916115384616,1.221
"[1.221, 1.222)",0.043902015867415725,1.222
"[1.222, 1.223)",0.05267304244623658,1.223
"[1.223, 1.224)",0.04007789657499998,1.224
"[1.224, 1.225)",0.05033369679224137,1.225
"[1.225, 1.226)",0.03920653173571428,1.226
"[1.226, 1.227)",0.02986675712298852,1.227
"[1.227, 1.228)",0.04836066409652172,1.228
"[1.228, 1.229)",0.03203117061188119,1.229
"[1.229, 1.23)",0.033285916261052644,1.23
"[1.23, 1.231)",0.0330166538,1.231
"[1.231, 1.232)",0.052312833999999996,1.232
"[1.232, 1.233)",0.05080226837699999,1.233
"[1.233, 1.234)",0.03666538996666664,1.234
"[1.234, 1.235)",0.054006523342528735,1.235
"[1.235, 1.236)",0.037733495905737706,1.236
"[1.236, 1.237)",0.02604936608977273,1.237
"[1.237, 1.238)",0.026923851000000006,1.238
"[1.238, 1.239)",0.02375150358947369,1.239
"[1.239, 1.24)",0.04930382910114941,1.24
"[1.24, 1.241)",0.03173365750602411,1.241
"[1.241, 1.242)",0.030819290996,1.242
"[1.242, 1.243)",0.03694745080808082,1.243
"[1.243, 1.244)",0.03014992595903613,1.244
"[1.244, 1.245)",0.03435013546078431,1.245
"[1.245, 1.246)",0.04292310440846154,1.246
"[1.246, 1.247)",0.024921713093749995,1.247
"[1.247, 1.248)",0.04458697039622642,1.248
"[1.248, 1.249)",0.03083628991470588,1.249
"[1.249, 1.25)",0.02554736763400002,1.25
"[1.25, 1.2510000000000001)",0.028418932610686273,1.251
"[1.2510000000000001, 1.252)",0.022685805223404267,1.252
"[1.252, 1.2530000000000001)",0.03991127056265062,1.253
"[1.2530000000000001, 1.254)",0.038774806716814145,1.254
"[1.254, 1.2550000000000001)",0.02570595621030928,1.255
"[1.2550000000000001, 1.256)",0.024124093040909105,1.256
"[1.256, 1.2570000000000001)",0.03778629436734694,1.257
"[1.2570000000000001, 1.258)",0.04149546582173913,1.258
"[1.258, 1.2590000000000001)",0.02495084939080461,1.259
"[1.2590000000000001, 1.26)",0.043368893062500004,1.26
"[1.26, 1.2610000000000001)",0.021361556876595755,1.261
"[1.2610000000000001, 1.262)",0.04137169726235293,1.262
"[1.262, 1.2630000000000001)",0.03717653756043956,1.263
"[1.2630000000000001, 1.264)",0.03026675212307693,1.264
"[1.264, 1.2650000000000001)",0.030415625301075267,1.265
"[1.2650000000000001, 1.266)",0.04534344659999998,1.266
"[1.266, 1.2670000000000001)",0.03368162845192308,1.267
"[1.2670000000000001, 1.268)",0.06027333797708335,1.268
"[1.268, 1.2690000000000001)",0.04506068575306123,1.269
"[1.2690000000000001, 1.27)",0.03576096976344086,1.27
"[1.27, 1.2710000000000001)",0.06198325744615388,1.271
"[1.2710000000000001, 1.272)",0.02235035357088608,1.272
"[1.272, 1.2730000000000001)",0.04094045609,1.273
"[1.2730000000000001, 1.274)",0.029198542603773584,1.274
"[1.274, 1.2750000000000001)",0.05058225667864078,1.275
"[1.2750000000000001, 1.276)",0.03220309977555554,1.276
"[1.276, 1.2770000000000001)",0.01926384593684211,1.277
"[1.2770000000000001, 1.278)",0.03864680498131867,1.278
"[1.278, 1.2790000000000001)",0.03325274710465116,1.279
"[1.2790000000000001, 1.28)",0.053420241416666646,1.28
"[1.28, 1.281)",0.03335167587142859,1.281
"[1.281, 1.282)",0.041827101017948703,1.282
"[1.282, 1.283)",0.0290810639883721,1.283
"[1.283, 1.284)",0.029585041152688167,1.284
"[1.284, 1.285)",0.025968344170114926,1.285
"[1.285, 1.286)",0.034107618182000025,1.286
"[1.286, 1.287)",0.034199540318043474,1.287
"[1.287, 1.288)",0.03515357465607478,1.288
"[1.288, 1.289)",0.02197796695978023,1.289
"[1.289, 1.29)",0.0571637973707865,1.29
"[1.29, 1.291)",0.02697032994975904,1.291
"[1.291, 1.292)",0.039208473871568617,1.292
"[1.292, 1.293)",0.026424399500000015,1.293
"[1.293, 1.294)",0.03671025970103093,1.294
"[1.294, 1.295)",0.025606741229896913,1.295
"[1.295, 1.296)",0.026606325567901244,1.296
"[1.296, 1.297)",0.0393646015007619,1.297
"[1.297, 1.298)",0.049198120562777774,1.298
"[1.298, 1.299)",0.025809434613978506,1.299
"[1.299, 1.3)",0.03384354084347825,1.3
"[1.3, 1.301)",0.03438706947677778,1.301
"[1.301, 1.302)",0.03526583547864079,1.302
"[1.302, 1.303)",0.022711302989130436,1.303
"[1.303, 1.304)",0.05353970225575,1.304
"[1.304, 1.305)",0.024968854721519,1.305
"[1.305, 1.306)",0.03447232162131147,1.306
"[1.306, 1.307)",0.03251396723414636,1.307
"[1.307, 1.308)",0.022649736965333334,1.308
"[1.308, 1.309)",0.0354479332247191,1.309
"[1.309, 1.31)",0.026095140107142856,1.31
"[1.31, 1.311)",0.03084072655714285,1.311
"[1.311, 1.312)",0.03028523083586956,1.312
"[1.312, 1.313)",0.06162790578205129,1.313
"[1.313, 1.314)",0.037045264333333314,1.314
"[1.314, 1.315)",0.026747323927710853,1.315
"[1.315, 1.316)",0.022023744525675678,1.316
"[1.316, 1.317)",0.02727331555425533,1.317
"[1.317, 1.318)",0.02826531370722892,1.318
"[1.318, 1.319)",0.0386975834530864,1.319
"[1.319, 1.32)",0.03369600182820514,1.32
"[1.32, 1.321)",0.024605278572151897,1.321
"[1.321, 1.322)",0.04146815500860217,1.322
"[1.322, 1.323)",0.044460458912643684,1.323
"[1.323, 1.324)",0.06136666457446807,1.324
"[1.324, 1.325)",0.06203651019999998,1.325
"[1.325, 1.326)",0.025928776562376243,1.326
"[1.326, 1.327)",0.038865320084,1.327
"[1.327, 1.328)",0.054264551939999996,1.328
"[1.328, 1.329)",0.033345382992660544,1.329
"[1.329, 1.33)",0.03776132450689653,1.33
"[1.33, 1.331)",0.03632996069479168,1.331
"[1.331, 1.332)",0.02453432347272728,1.332
"[1.332, 1.333)",0.015418846540594068,1.333
"[1.333, 1.334)",0.031688091816730775,1.334
"[1.334, 1.335)",0.038385125269662916,1.335
"[1.335, 1.336)",0.03653298595867769,1.336
"[1.336, 1.337)",0.04872035534857142,1.337
"[1.337, 1.338)",0.04377448539694653,1.338
"[1.338, 1.339)",0.05127477475714284,1.339
"[1.339, 1.34)",0.05370284111049506,1.34
"[1.34, 1.341)",0.050790439089615405,1.341
"[1.341, 1.342)",0.03747798021296296,1.342
"[1.342, 1.343)",0.024834576062500006,1.343
"[1.343, 1.344)",0.04688430435241934,1.344
"[1.344, 1.345)",0.017022999594166675,1.345
"[1.345, 1.346)",0.03176526864646464,1.346
"[1.346, 1.347)",0.04120912145979383,1.347
"[1.347, 1.348)",0.025052704668518524,1.348
"[1.348, 1.349)",0.032677711009,1.349
"[1.349, 1.35)",0.025719050830851076,1.35
"[1.35, 1.351)",0.02490015360480771,1.351
"[1.351, 1.352)",0.02596026329008695,1.352
"[1.352, 1.353)",0.02103320997826087,1.353
"[1.353, 1.354)",0.02480599834948454,1.354
"[1.354, 1.355)",0.03979809927749999,1.355
"[1.355, 1.356)",0.029896319776283164,1.356
"[1.356, 1.357)",0.026384386825000005,1.357
"[1.357, 1.358)",0.03985621185567008,1.358
"[1.358, 1.359)",0.02595341801680672,1.359
"[1.359, 1.36)",0.02193254495500001,1.36
"[1.36, 1.361)",0.030335012710891087,1.361
"[1.361, 1.362)",0.026070481349999987,1.362
"[1.362, 1.363)",0.029733196414141412,1.363
"[1.363, 1.364)",0.031077028966999997,1.364
"[1.364, 1.365)",0.02441390140000001,1.365
"[1.365, 1.366)",0.0289422888019608,1.366
"[1.366, 1.367)",0.04350054581990096,1.367
"[1.367, 1.368)",0.028581300892436965,1.368
"[1.368, 1.369)",0.031484945690909094,1.369
"[1.369, 1.37)",0.04984251527657655,1.37
"[1.37, 1.371)",0.03822492929504951,1.371
"[1.371, 1.372)",0.038361184313131305,1.372
"[1.372, 1.373)",0.03011546926666665,1.373
"[1.373, 1.374)",0.03570686808988767,1.374
"[1.374, 1.375)",0.04464186176727274,1.375
"[1.375, 1.3760000000000001)",0.035526952797674434,1.376
"[1.3760000000000001, 1.377)",0.039055091018556726,1.377
"[1.377, 1.3780000000000001)",0.05155023011149424,1.378
"[1.3780000000000001, 1.379)",0.042552145723577205,1.379
"[1.379, 1.3800000000000001)",0.041007570721153845,1.38
"[1.3800000000000001, 1.381)",0.04471573392620253,1.381
"[1.381, 1.3820000000000001)",0.025419264961363642,1.382
"[1.3820000000000001, 1.383)",0.059522270535585585,1.383
"[1.383, 1.3840000000000001)",0.025312319000000014,1.384
"[1.3840000000000001, 1.385)",0.05094227017200001,1.385
"[1.385, 1.3860000000000001)",0.040329688141666674,1.386
"[1.3860000000000001, 1.387)",0.04082420304000002,1.387
"[1.387, 1.3880000000000001)",0.026055946520588246,1.388
"[1.3880000000000001, 1.389)",0.032398200955,1.389
"[1.389, 1.3900000000000001)",0.028377604923809512,1.39
"[1.3900000000000001, 1.391)",0.02417465772826087,1.391
"[1.391, 1.3920000000000001)",0.03431159302439023,1.392
"[1.3920000000000001, 1.393)",0.022851947642105276,1.393
"[1.393, 1.3940000000000001)",0.024955635114285703,1.394
"[1.3940000000000001, 1.395)",0.05543939968865974,1.395
"[1.395, 1.3960000000000001)",0.021954706808139546,1.396
"[1.3960000000000001, 1.397)",0.02233711151649484,1.397
"[1.397, 1.3980000000000001)",0.033222283978124996,1.398
"[1.3980000000000001, 1.399)",0.04935598570588234,1.399
"[1.399, 1.4000000000000001)",0.0192017700411215,1.4
"[1.4000000000000001, 1.401)",0.03616211886363636,1.401
"[1.401, 1.4020000000000001)",0.05453780842666663,1.402
"[1.4020000000000001, 1.403)",0.04522151611904762,1.403
"[1.403, 1.4040000000000001)",0.030551282322916675,1.404
"[1.4040000000000001, 1.405)",0.044009831213483154,1.405
"[1.405, 1.4060000000000001)",0.055186873465555564,1.406
"[1.4060000000000001, 1.407)",0.027167682451724146,1.407
"[1.407, 1.408)",0.039111783853260876,1.408
"[1.408, 1.409)",0.025580415648101266,1.409
"[1.409, 1.41)",0.032761743684403696,1.41
"[1.41, 1.411)",0.04226470544117644,1.411
"[1.411, 1.412)",0.03922413794183675,1.412
"[1.412, 1.413)",0.025836248625510212,1.413
"[1.413, 1.414)",0.03935703564698795,1.414
"[1.414, 1.415)",0.04151484443333334,1.415
"[1.415, 1.416)",0.031492563502815527,1.416
"[1.416, 1.417)",0.017635377517441868,1.417
"[1.417, 1.418)",0.03364039492272728,1.418
"[1.418, 1.419)",0.03075062995747127,1.419
"[1.419, 1.42)",0.03970487479268293,1.42
"[1.42, 1.421)",0.019005950795698934,1.421
"[1.421, 1.422)",0.058750602674999985,1.422
"[1.422, 1.423)",0.029317612074468084,1.423
"[1.423, 1.424)",0.023298084578061252,1.424
"[1.424, 1.425)",0.04652917573541666,1.425
"[1.425, 1.426)",0.05483352035287352,1.426
"[1.426, 1.427)",0.01985043752173914,1.427
"[1.427, 1.428)",0.02680126967882353,1.428
"[1.428, 1.429)",0.024347670804878048,1.429
"[1.429, 1.43)",0.02848436902720432,1.43
"[1.43, 1.431)",0.0430378345350877,1.431
"[1.431, 1.432)",0.027821698930666675,1.432
"[1.432, 1.433)",0.026941906046315793,1.433
"[1.433, 1.434)",0.022719506379545465,1.434
"[1.434, 1.435)",0.02298015758,1.435
"[1.435, 1.436)",0.03390210392391303,1.436
"[1.436, 1.437)",0.038298626613861395,1.437
"[1.437, 1.438)",0.04715978704587152,1.438
"[1.438, 1.439)",0.02182339740731709,1.439
"[1.439, 1.44)",0.021526412673913052,1.44
"[1.44, 1.441)",0.02056258167228916,1.441
"[1.441, 1.442)",0.02807656560470588,1.442
"[1.442, 1.443)",0.03993853975197532,1.443
"[1.443, 1.444)",0.06742468770249996,1.444
"[1.444, 1.445)",0.029773189950450453,1.445
"[1.445, 1.446)",0.032928623956842096,1.446
"[1.446, 1.447)",0.04480628466826924,1.447
"[1.447, 1.448)",0.029292536672000002,1.448
"[1.448, 1.449)",0.046397997308490556,1.449
"[1.449, 1.45)",0.026368401359433954,1.45
"[1.45, 1.451)",0.02707028035725,1.451
"[1.451, 1.452)",0.03614670665353533,1.452
"[1.452, 1.453)",0.025898356561627915,1.453
"[1.453, 1.454)",0.018652507364485985,1.454
"[1.454, 1.455)",0.022298861438181827,1.455
"[1.455, 1.456)",0.03867205290804598,1.456
"[1.456, 1.457)",0.041394902577669895,1.457
"[1.457, 1.458)",0.04544075472696629,1.458
"[1.458, 1.459)",0.03362604352627909,1.459
"[1.459, 1.46)",0.03020392822844037,1.46
"[1.46, 1.461)",0.030130671932584268,1.461
"[1.461, 1.462)",0.023623778555102046,1.462
"[1.462, 1.463)",0.040533663009901,1.463
"[1.463, 1.464)",0.018600973379347834,1.464
"[1.464, 1.465)",0.0359183999773196,1.465
"[1.465, 1.466)",0.044425310209113916,1.466
"[1.466, 1.467)",0.02119570223,1.467
"[1.467, 1.468)",0.02628861418918919,1.468
"[1.468, 1.469)",0.05370260450537632,1.469
"[1.469, 1.47)",0.024441588959459474,1.47
"[1.47, 1.471)",0.030834774819148918,1.471
"[1.471, 1.472)",0.033169139322916666,1.472
"[1.472, 1.473)",0.034305025628205144,1.473
"[1.473, 1.474)",0.032046827246753236,1.474
"[1.474, 1.475)",0.027654857913333334,1.475
"[1.475, 1.476)",0.026061210026923076,1.476
"[1.476, 1.477)",0.042073218035454524,1.477
"[1.477, 1.478)",0.046254289799999945,1.478
"[1.478, 1.479)",0.028012394329787242,1.479
"[1.479, 1.48)",0.04701664155833335,1.48
"[1.48, 1.481)",0.03221420082352941,1.481
"[1.481, 1.482)",0.04980619715681816,1.482
"[1.482, 1.483)",0.024940887197802214,1.483
"[1.483, 1.484)",0.03780311565517242,1.484
"[1.484, 1.485)",0.04433288056153849,1.485
"[1.485, 1.486)",0.030978365176404492,1.486
"[1.486, 1.487)",0.03543445696767677,1.487
"[1.487, 1.488)",0.07316720790410955,1.488
"[1.488, 1.489)",0.04018649566666666,1.489
"[1.489, 1.49)",0.027522281706422017,1.49
"[1.49, 1.491)",0.032937751811764705,1.491
"[1.491, 1.492)",0.02112557108804349,1.492
"[1.492, 1.493)",0.03494634824691359,1.493
"[1.493, 1.494)",0.016772343833333335,1.494
"[1.494, 1.495)",0.041178320862745095,1.495
"[1.495, 1.496)",0.019751011652475257,1.496
"[1.496, 1.497)",0.04205346518840578,1.497
"[1.497, 1.498)",0.03258422474117647,1.498
"[1.498, 1.499)",0.04330923482692306,1.499
"[1.499, 1.5)",0.029974781626436794,1.5
"[1.5, 1.5010000000000001)",0.037694051203125,1.501
"[1.5010000000000001, 1.502)",0.021770922554023003,1.502
"[1.502, 1.5030000000000001)",0.030826564246913574,1.503
"[1.5030000000000001, 1.504)",0.03542769104819278,1.504
"[1.504, 1.5050000000000001)",0.027050807591397854,1.505
"[1.5050000000000001, 1.506)",0.02560943503512196,1.506
"[1.506, 1.5070000000000001)",0.030398330510112377,1.507
"[1.5070000000000001, 1.508)",0.029706260980000003,1.508
"[1.508, 1.5090000000000001)",0.05205888814947368,1.509
"[1.5090000000000001, 1.51)",0.036088092965909105,1.51
"[1.51, 1.5110000000000001)",0.03656515279069768,1.511
"[1.5110000000000001, 1.512)",0.029478627430232555,1.512
"[1.512, 1.5130000000000001)",0.03609991608490565,1.513
"[1.5130000000000001, 1.514)",0.032876457075280884,1.514
"[1.514, 1.5150000000000001)",0.051885976143617035,1.515
"[1.5150000000000001, 1.516)",0.05179427480952381,1.516
"[1.516, 1.5170000000000001)",0.02976076655129034,1.517
"[1.5170000000000001, 1.518)",0.035643828518666675,1.518
"[1.518, 1.5190000000000001)",0.038083782913684194,1.519
"[1.5190000000000001, 1.52)",0.02418374119101125,1.52
"[1.52, 1.5210000000000001)",0.043892093897727254,1.521
"[1.5210000000000001, 1.522)",0.023234158107142872,1.522
"[1.522, 1.5230000000000001)",0.033452350530120474,1.523
"[1.5230000000000001, 1.524)",0.04112100159550562,1.524
"[1.524, 1.5250000000000001)",0.04813997875000001,1.525
"[1.5250000000000001, 1.526)",0.024057768514563118,1.526
"[1.526, 1.5270000000000001)",0.024365880970329674,1.527
"[1.5270000000000001, 1.528)",0.038336149253763434,1.528
"[1.528, 1.5290000000000001)",0.03316682242560975,1.529
"[1.5290000000000001, 1.53)",0.05246252284415585,1.53
"[1.53, 1.5310000000000001)",0.031098981965909097,1.531
"[1.5310000000000001, 1.532)",0.037734370792079204,1.532
"[1.532, 1.5330000000000001)",0.043356867847619066,1.533
"[1.5330000000000001, 1.534)",0.03867867704033897,1.534
"[1.534, 1.5350000000000001)",0.042835687431428564,1.535
"[1.5350000000000001, 1.536)",0.04017735274117648,1.536
"[1.536, 1.537)",0.03145831812388431,1.537
"[1.537, 1.538)",0.04844159662499998,1.538
"[1.538, 1.539)",0.03474298031632653,1.539
"[1.539, 1.54)",0.0522249053186813,1.54
"[1.54, 1.541)",0.02244002617910448,1.541
"[1.541, 1.542)",0.04757496635473683,1.542
"[1.542, 1.543)",0.037405880606122446,1.543
"[1.543, 1.544)",0.02562591074040404,1.544
"[1.544, 1.545)",0.02829175354444445,1.545
"[1.545, 1.546)",0.03514596222209303,1.546
"[1.546, 1.547)",0.03070270561132076,1.547
"[1.547, 1.548)",0.02169529714210528,1.548
"[1.548, 1.549)",0.0452060254125,1.549
"[1.549, 1.55)",0.024442190600000017,1.55
"[1.55, 1.551)",0.024371046931707326,1.551
"[1.551, 1.552)",0.021779712932352938,1.552
"[1.552, 1.553)",0.03270553489191921,1.553
"[1.553, 1.554)",0.036849192999999995,1.554
"[1.554, 1.555)",0.026141282834862393,1.555
"[1.555, 1.556)",0.050460375976744194,1.556
"[1.556, 1.557)",0.02774442753398059,1.557
"[1.557, 1.558)",0.027285622672839516,1.558
"[1.558, 1.559)",0.031060090138613865,1.559
"[1.559, 1.56)",0.02147023516818182,1.56
"[1.56, 1.561)",0.026118298066666667,1.561
"[1.561, 1.562)",0.0207174176146789,1.562
"[1.562, 1.563)",0.02806805029873417,1.563
"[1.563, 1.564)",0.036711318314285694,1.564
"[1.564, 1.565)",0.036809319828282845,1.565
"[1.565, 1.566)",0.033393363302702705,1.566
"[1.566, 1.567)",0.03524896224444444,1.567
"[1.567, 1.568)",0.063199299601,1.568
"[1.568, 1.569)",0.03147521530947368,1.569
"[1.569, 1.57)",0.039430453525641014,1.57
"[1.57, 1.571)",0.0355328762051282,1.571
"[1.571, 1.572)",0.03169268076705264,1.572
"[1.572, 1.573)",0.04012382976476187,1.573
"[1.573, 1.574)",0.04023483526904762,1.574
"[1.574, 1.575)",0.03297511962352944,1.575
"[1.575, 1.576)",0.022893788450000018,1.576
"[1.576, 1.577)",0.029150770199999988,1.577
"[1.577, 1.578)",0.035014282458333344,1.578
"[1.578, 1.579)",0.025739542717391303,1.579
"[1.579, 1.58)",0.028329600902912592,1.58
"[1.58, 1.581)",0.019473968371111115,1.581
"[1.581, 1.582)",0.024545038107619044,1.582
"[1.582, 1.583)",0.04301102004772728,1.583
"[1.583, 1.584)",0.03339653081971631,1.584
"[1.584, 1.585)",0.03321383827419354,1.585
"[1.585, 1.586)",0.021888013435185188,1.586
"[1.586, 1.587)",0.04508312266386553,1.587
"[1.587, 1.588)",0.02825995730879119,1.588
"[1.588, 1.589)",0.01982567301681417,1.589
"[1.589, 1.59)",0.027583962977777782,1.59
"[1.59, 1.591)",0.02636633085882353,1.591
"[1.591, 1.592)",0.023159691453195873,1.592
"[1.592, 1.593)",0.027822319404494377,1.593
"[1.593, 1.594)",0.01572219147916667,1.594
"[1.594, 1.595)",0.03623467865909091,1.595
"[1.595, 1.596)",0.031442546772222225,1.596
"[1.596, 1.597)",0.021027404819819816,1.597
"[1.597, 1.598)",0.029278536772972975,1.598
"[1.598, 1.599)",0.07330311688108332,1.599
"[1.599, 1.6)",0.02935965682477063,1.6
"[1.6, 1.601)",0.02715138786606839,1.601
"[1.601, 1.602)",0.03732526334639998,1.602
"[1.602, 1.603)",0.03905716477115384,1.603
"[1.603, 1.604)",0.03278608885185185,1.604
"[1.604, 1.605)",0.02443651763636364,1.605
"[1.605, 1.606)",0.035298889631775694,1.606
"[1.606, 1.607)",0.055843393598290596,1.607
"[1.607, 1.608)",0.03724027082276424,1.608
"[1.608, 1.609)",0.03543449233285715,1.609
"[1.609, 1.61)",0.045319418622377615,1.61
"[1.61, 1.611)",0.05156005728113206,1.611
"[1.611, 1.612)",0.03405313325833333,1.612
"[1.612, 1.613)",0.05391788932916667,1.613
"[1.613, 1.614)",0.02760430295238095,1.614
"[1.614, 1.615)",0.03506521318393162,1.615
"[1.615, 1.616)",0.03136672791855671,1.616
"[1.616, 1.617)",0.03640450308108107,1.617
"[1.617, 1.618)",0.028283898560975615,1.618
"[1.618, 1.619)",0.03680414104854369,1.619
"[1.619, 1.62)",0.030056671597826087,1.62
"[1.62, 1.621)",0.028988647424528297,1.621
"[1.621, 1.622)",0.02522329196144579,1.622
"[1.622, 1.623)",0.02218838227058824,1.623
"[1.623, 1.624)",0.0462183689,1.624
"[1.624, 1.625)",0.04126693316250001,1.625
"[1.625, 1.6260000000000001)",0.039069602017525774,1.626
"[1.6260000000000001, 1.627)",0.033290882954081634,1.627
"[1.627, 1.6280000000000001)",0.03852968116962026,1.628
"[1.6280000000000001, 1.629)",0.03527252650337079,1.629
"[1.629, 1.6300000000000001)",0.026390050529411763,1.63
"[1.6300000000000001, 1.631)",0.05284115747874999,1.631
"[1.631, 1.6320000000000001)",0.030177532999999996,1.632
"[1.6320000000000001, 1.633)",0.02591783529898991,1.633
"[1.633, 1.6340000000000001)",0.04174818226511628,1.634
"[1.6340000000000001, 1.635)",0.0202868717443038,1.635
"[1.635, 1.6360000000000001)",0.04502585652777778,1.636
"[1.6360000000000001, 1.637)",0.03233274167606837,1.637
"[1.637, 1.6380000000000001)",0.03846049055053765,1.638
"[1.6380000000000001, 1.639)",0.03171553982176471,1.639
"[1.639, 1.6400000000000001)",0.01834620382142858,1.64
"[1.6400000000000001, 1.641)",0.023523680048181818,1.641
"[1.641, 1.6420000000000001)",0.036545933577777766,1.642
"[1.6420000000000001, 1.643)",0.031544594242718445,1.643
"[1.643, 1.6440000000000001)",0.059304954185567,1.644
"[1.6440000000000001, 1.645)",0.0239130169059406,1.645
"[1.645, 1.6460000000000001)",0.05232058659245284,1.646
"[1.6460000000000001, 1.647)",0.04391231131293099,1.647
"[1.647, 1.6480000000000001)",0.022820105444680862,1.648
"[1.6480000000000001, 1.649)",0.03159088720510203,1.649
"[1.649, 1.6500000000000001)",0.02947026336956523,1.65
"[1.6500000000000001, 1.651)",0.031112682114942537,1.651
"[1.651, 1.6520000000000001)",0.03154501449789474,1.652
"[1.6520000000000001, 1.653)",0.03507680274222223,1.653
"[1.653, 1.6540000000000001)",0.028140439516883126,1.654
"[1.6540000000000001, 1.655)",0.032753320142857145,1.655
"[1.655, 1.6560000000000001)",0.048351746944000004,1.656
"[1.6560000000000001, 1.657)",0.03537148482857144,1.657
"[1.657, 1.6580000000000001)",0.04406148851265823,1.658
"[1.6580000000000001, 1.659)",0.02346719802738096,1.659
"[1.659, 1.6600000000000001)",0.027639252402127664,1.66
"[1.6600000000000001, 1.661)",0.039507807417241365,1.661
"[1.661, 1.6620000000000001)",0.052642793848837195,1.662
"[1.6620000000000001, 1.663)",0.0207765145882353,1.663
"[1.663, 1.6640000000000001)",0.03858601587978725,1.664
"[1.6640000000000001, 1.665)",0.03407420569512195,1.665
"[1.665, 1.666)",0.04961685181044776,1.666
"[1.666, 1.667)",0.040742498020833344,1.667
"[1.667, 1.668)",0.05793751602597403,1.668
"[1.668, 1.669)",0.017606670518987344,1.669
"[1.669, 1.67)",0.06238720944615385,1.67
"[1.67, 1.671)",0.03803250313586956,1.671
"[1.671, 1.672)",0.02197753497260275,1.672
"[1.672, 1.673)",0.026973781802631592,1.673
"[1.673, 1.674)",0.04215820814084507,1.674
"[1.674, 1.675)",0.035670890125842694,1.675
"[1.675, 1.676)",0.022900682124637695,1.676
"[1.676, 1.677)",0.038212786944444424,1.677
"[1.677, 1.678)",0.03119454075949366,1.678
"[1.678, 1.679)",0.02771829639859156,1.679
"[1.679, 1.68)",0.030456140039473688,1.68
"[1.68, 1.681)",0.033846254280459766,1.681
"[1.681, 1.682)",0.0541701383849315,1.682
"[1.682, 1.683)",0.02080542506013515,1.683
"[1.683, 1.684)",0.021944947846103898,1.684
"[1.684, 1.685)",0.02856645679268292,1.685
"[1.685, 1.686)",0.03812467080860215,1.686
"[1.686, 1.687)",0.025739610547826097,1.687
"[1.687, 1.688)",0.03492657802564102,1.688
"[1.688, 1.689)",0.026400069150000004,1.689
"[1.689, 1.69)",0.029066655043589754,1.69
"[1.69, 1.691)",0.02508736380714286,1.691
"[1.691, 1.692)",0.048636161797101445,1.692
"[1.692, 1.693)",0.04514433091165048,1.693
"[1.693, 1.694)",0.03455520844155845,1.694
"[1.694, 1.695)",0.02390753076404495,1.695
"[1.695, 1.696)",0.0414497558281818,1.696
"[1.696, 1.697)",0.03424717911065573,1.697
"[1.697, 1.698)",0.0586449995255814,1.698
"[1.698, 1.699)",0.02863039650000001,1.699
"[1.699, 1.7)",0.027343174832911394,1.7
"[1.7, 1.701)",0.03617460743066666,1.701
"[1.701, 1.702)",0.03963266340000001,1.702
"[1.702, 1.703)",0.0424411936,1.703
"[1.703, 1.704)",0.026372196307692324,1.704
"[1.704, 1.705)",0.05537282285154641,1.705
"[1.705, 1.706)",0.0364777712305263,1.706
"[1.706, 1.707)",0.03257855302258065,1.707
"[1.707, 1.708)",0.04513301706999999,1.708
"[1.708, 1.709)",0.03738665757142856,1.709
"[1.709, 1.71)",0.03393605775641025,1.71
"[1.71, 1.711)",0.03310110120560749,1.711
"[1.711, 1.712)",0.025174795072164947,1.712
"[1.712, 1.713)",0.041698738355769205,1.713
"[1.713, 1.714)",0.04780732143835618,1.714
"[1.714, 1.715)",0.03558559253157895,1.715
"[1.715, 1.716)",0.027373317389473687,1.716
"[1.716, 1.717)",0.038744770338461534,1.717
"[1.717, 1.718)",0.041886948758241734,1.718
"[1.718, 1.719)",0.03297152731578946,1.719
"[1.719, 1.72)",0.029733980238461535,1.72
"[1.72, 1.721)",0.035049397686046514,1.721
"[1.721, 1.722)",0.032535681152173916,1.722
"[1.722, 1.723)",0.047291959127678584,1.723
"[1.723, 1.724)",0.04700359338666666,1.724
"[1.724, 1.725)",0.029704625090090093,1.725
"[1.725, 1.726)",0.04215381262096772,1.726
"[1.726, 1.727)",0.02773029646454545,1.727
"[1.727, 1.728)",0.06225145284453781,1.728
"[1.728, 1.729)",0.025560099664516136,1.729
"[1.729, 1.73)",0.027883111722999995,1.73
"[1.73, 1.731)",0.031506929826250016,1.731
"[1.731, 1.732)",0.029490020546938774,1.732
"[1.732, 1.733)",0.03832570399074075,1.733
"[1.733, 1.734)",0.05061649991898733,1.734
"[1.734, 1.735)",0.03077388450900899,1.735
"[1.735, 1.736)",0.05379501225531917,1.736
"[1.736, 1.737)",0.04147724543820225,1.737
"[1.737, 1.738)",0.035714051733333335,1.738
"[1.738, 1.739)",0.08134933774698794,1.739
"[1.739, 1.74)",0.057893800048387074,1.74
"[1.74, 1.741)",0.0345568091625,1.741
"[1.741, 1.742)",0.053412900748474594,1.742
"[1.742, 1.743)",0.05212783309307692,1.743
"[1.743, 1.744)",0.02344679663606557,1.744
"[1.744, 1.745)",0.027764087278651695,1.745
"[1.745, 1.746)",0.03066367108875,1.746
"[1.746, 1.747)",0.03183419316470588,1.747
"[1.747, 1.748)",0.04145592249999999,1.748
"[1.748, 1.749)",0.026999207405617988,1.749
"[1.749, 1.75)",0.029095886414285715,1.75
"[1.75, 1.7510000000000001)",0.050899269600000005,1.751
"[1.7510000000000001, 1.752)",0.026862633828037375,1.752
"[1.752, 1.7530000000000001)",0.03306715667741935,1.753
"[1.7530000000000001, 1.754)",0.032963726609756105,1.754
"[1.754, 1.7550000000000001)",0.03587009366111112,1.755
"[1.7550000000000001, 1.756)",0.01970359565294119,1.756
"[1.756, 1.7570000000000001)",0.05150733986346154,1.757
"[1.7570000000000001, 1.758)",0.03198568552577318,1.758
"[1.758, 1.7590000000000001)",0.03380616687,1.759
"[1.7590000000000001, 1.76)",0.0288241013918919,1.76
"[1.76, 1.7610000000000001)",0.0280474558038961,1.761
"[1.7610000000000001, 1.762)",0.021971806739436623,1.762
"[1.762, 1.7630000000000001)",0.02650993770426831,1.763
"[1.7630000000000001, 1.764)",0.03804415264556963,1.764
"[1.764, 1.7650000000000001)",0.04155580228658536,1.765
"[1.7650000000000001, 1.766)",0.020977177897647064,1.766
"[1.766, 1.7670000000000001)",0.020928908394565224,1.767
"[1.7670000000000001, 1.768)",0.028443709666666674,1.768
"[1.768, 1.7690000000000001)",0.04770578141111113,1.769
"[1.7690000000000001, 1.77)",0.03793000644444443,1.77
"[1.77, 1.7710000000000001)",0.03522749523076925,1.771
"[1.7710000000000001, 1.772)",0.048478475238095245,1.772
"[1.772, 1.7730000000000001)",0.03549166691686746,1.773
"[1.7730000000000001, 1.774)",0.03232582243283583,1.774
"[1.774, 1.7750000000000001)",0.03513998217792209,1.775
"[1.7750000000000001, 1.776)",0.09435780896603772,1.776
"[1.776, 1.7770000000000001)",0.03054721453012048,1.777
"[1.7770000000000001, 1.778)",0.0236970356060606,1.778
"[1.778, 1.7790000000000001)",0.03133932591780823,1.779
"[1.7790000000000001, 1.78)",0.04557999009846154,1.78
"[1.78, 1.7810000000000001)",0.02967141257971015,1.781
"[1.7810000000000001, 1.782)",0.04214990923228071,1.782
"[1.782, 1.7830000000000001)",0.041382038035416686,1.783
"[1.7830000000000001, 1.784)",0.03908005795591399,1.784
"[1.784, 1.7850000000000001)",0.03241449855670103,1.785
"[1.7850000000000001, 1.786)",0.03924573491511628,1.786
"[1.786, 1.7870000000000001)",0.020018123227586213,1.787
"[1.7870000000000001, 1.788)",0.023972730373626377,1.788
"[1.788, 1.7890000000000001)",0.046228554129708735,1.789
"[1.7890000000000001, 1.79)",0.0459207844161017,1.79
"[1.79, 1.7910000000000001)",0.04480441834531249,1.791
"[1.7910000000000001, 1.792)",0.05080346257196262,1.792
"[1.792, 1.793)",0.02755675582222223,1.793
"[1.793, 1.794)",0.02937546001041667,1.794
"[1.794, 1.795)",0.03139184138053095,1.795
"[1.795, 1.796)",0.024582479152293592,1.796
"[1.796, 1.797)",0.026590334024561412,1.797
"[1.797, 1.798)",0.03287050645500001,1.798
"[1.798, 1.799)",0.03868914662500002,1.799
"[1.799, 1.8)",0.024755989220000014,1.8
"[1.8, 1.801)",0.039659943252427186,1.801
"[1.801, 1.802)",0.032480938569148944,1.802
"[1.802, 1.803)",0.023911993785657896,1.803
"[1.803, 1.804)",0.03623214459102565,1.804
"[1.804, 1.805)",0.04038564870855769,1.805
"[1.805, 1.806)",0.018202553198360654,1.806
"[1.806, 1.807)",0.020732516585106393,1.807
"[1.807, 1.808)",0.03832734922727272,1.808
"[1.808, 1.809)",0.051764171324324315,1.809
"[1.809, 1.81)",0.029127138144736858,1.81
"[1.81, 1.811)",0.02405913514533333,1.811
"[1.811, 1.812)",0.031033878162162177,1.812
"[1.812, 1.813)",0.03491384424074075,1.813
"[1.813, 1.814)",0.02065920614545454,1.814
"[1.814, 1.815)",0.02013497867272728,1.815
"[1.815, 1.816)",0.03619309668115941,1.816
"[1.816, 1.817)",0.020069442189873433,1.817
"[1.817, 1.818)",0.029240969324615392,1.818
"[1.818, 1.819)",0.04657212724777777,1.819
"[1.819, 1.82)",0.02966635022857143,1.82
"[1.82, 1.821)",0.018969562650602408,1.821
"[1.821, 1.822)",0.020512009525423733,1.822
"[1.822, 1.823)",0.021870238021052632,1.823
"[1.823, 1.824)",0.046854859625000016,1.824
"[1.824, 1.825)",0.03529355495303032,1.825
"[1.825, 1.826)",0.03635399401694916,1.826
"[1.826, 1.827)",0.03363375787179486,1.827
"[1.827, 1.828)",0.046833997146153855,1.828
"[1.828, 1.829)",0.015861719029411765,1.829
"[1.829, 1.83)",0.022970408682926838,1.83
"[1.83, 1.831)",0.03673730282191781,1.831
"[1.831, 1.832)",0.04313454469072163,1.832
"[1.832, 1.833)",0.02284197294090911,1.833
"[1.833, 1.834)",0.029558753528947365,1.834
"[1.834, 1.835)",0.033748424932142834,1.835
"[1.835, 1.836)",0.036011412433333334,1.836
"[1.836, 1.837)",0.029301096406666692,1.837
"[1.837, 1.838)",0.05545020676000001,1.838
"[1.838, 1.839)",0.04179258217892856,1.839
"[1.839, 1.84)",0.05276335972000001,1.84
"[1.84, 1.841)",0.03724956302043011,1.841
"[1.841, 1.842)",0.027262219346052646,1.842
"[1.842, 1.843)",0.042114892770454534,1.843
"[1.843, 1.844)",0.029663441557439024,1.844
"[1.844, 1.845)",0.07209161797260273,1.845
"[1.845, 1.846)",0.04745345302777779,1.846
"[1.846, 1.847)",0.0639435877307692,1.847
"[1.847, 1.848)",0.04632361491830986,1.848
"[1.848, 1.849)",0.026392651082857155,1.849
"[1.849, 1.85)",0.04547605869014084,1.85
"[1.85, 1.851)",0.03413182247191013,1.851
"[1.851, 1.852)",0.027149146394366195,1.852
"[1.852, 1.853)",0.027363165656756765,1.853
"[1.853, 1.854)",0.06159505231951216,1.854
"[1.854, 1.855)",0.03750925392307691,1.855
"[1.855, 1.856)",0.06127593820694445,1.856
"[1.856, 1.857)",0.06841157459873415,1.857
"[1.857, 1.858)",0.038805611845833345,1.858
"[1.858, 1.859)",0.03571548905797102,1.859
"[1.859, 1.86)",0.04705924408452381,1.86
"[1.86, 1.861)",0.017932839379069778,1.861
"[1.861, 1.862)",0.03967862118510638,1.862
"[1.862, 1.863)",0.021434266682089566,1.863
"[1.863, 1.864)",0.02656959069565217,1.864
"[1.864, 1.865)",0.03604501222597402,1.865
"[1.865, 1.866)",0.04616877689014084,1.866
"[1.866, 1.867)",0.04696814820144929,1.867
"[1.867, 1.868)",0.022047864140845082,1.868
"[1.868, 1.869)",0.027940804183333338,1.869
"[1.869, 1.87)",0.049424060633333336,1.87
"[1.87, 1.871)",0.03761212124174758,1.871
"[1.871, 1.872)",0.024746094298837205,1.872
"[1.872, 1.873)",0.02510484460142858,1.873
"[1.873, 1.874)",0.02550401027500001,1.874
"[1.874, 1.875)",0.054059614639655175,1.875
"[1.875, 1.8760000000000001)",0.03611805366000002,1.876
"[1.8760000000000001, 1.877)",0.029163774130434774,1.877
"[1.877, 1.8780000000000001)",0.0191679527826087,1.878
"[1.8780000000000001, 1.879)",0.024557982642857152,1.879
"[1.879, 1.8800000000000001)",0.032853979016949156,1.88
"[1.8800000000000001, 1.881)",0.03386155237878788,1.881
"[1.881, 1.8820000000000001)",0.021717289964,1.882
"[1.8820000000000001, 1.883)",0.020644430658620684,1.883
"[1.883, 1.8840000000000001)",0.047512033905172425,1.884
"[1.8840000000000001, 1.885)",0.04027788852702703,1.885
"[1.885, 1.8860000000000001)",0.03652076116666667,1.886
"[1.8860000000000001, 1.887)",0.03383349283018867,1.887
"[1.887, 1.8880000000000001)",0.037968907035714296,1.888
"[1.8880000000000001, 1.889)",0.02334692745977012,1.889
"[1.889, 1.8900000000000001)",0.05911965277777777,1.89
"[1.8900000000000001, 1.891)",0.05266089395161289,1.891
"[1.891, 1.8920000000000001)",0.03313951897424244,1.892
"[1.8920000000000001, 1.893)",0.038981511824561416,1.893
"[1.893, 1.8940000000000001)",0.0431681699111111,1.894
"[1.8940000000000001, 1.895)",0.03463350980597015,1.895
"[1.895, 1.8960000000000001)",0.03111167433962265,1.896
"[1.8960000000000001, 1.897)",0.05986786014464286,1.897
"[1.897, 1.8980000000000001)",0.024045846232075473,1.898
"[1.8980000000000001, 1.899)",0.04023157936363635,1.899
"[1.899, 1.9000000000000001)",0.03753809135714286,1.9
"[1.9000000000000001, 1.901)",0.03897830441562497,1.901
"[1.901, 1.9020000000000001)",0.0329668737063492,1.902
"[1.9020000000000001, 1.903)",0.041638072322077904,1.903
"[1.903, 1.9040000000000001)",0.030103587618604655,1.904
"[1.9040000000000001, 1.905)",0.040207657040000004,1.905
"[1.905, 1.9060000000000001)",0.0382907763257143,1.906
"[1.9060000000000001, 1.907)",0.023428595126984135,1.907
"[1.907, 1.9080000000000001)",0.031672830260869575,1.908
"[1.9080000000000001, 1.909)",0.027168671117647064,1.909
"[1.909, 1.9100000000000001)",0.032004565590163944,1.91
"[1.9100000000000001, 1.911)",0.025996687071428583,1.911
"[1.911, 1.9120000000000001)",0.019150144508196715,1.912
"[1.9120000000000001, 1.913)",0.02930369406349208,1.913
"[1.913, 1.9140000000000001)",0.0239944616557377,1.914
"[1.9140000000000001, 1.915)",0.029835125418750007,1.915
"[1.915, 1.9160000000000001)",0.04978404167192985,1.916
"[1.9160000000000001, 1.917)",0.046725208231884065,1.917
"[1.917, 1.9180000000000001)",0.03840400503472223,1.918
"[1.9180000000000001, 1.919)",0.023649255402597418,1.919
"[1.919, 1.92)",0.022578716952380964,1.92
"[1.92, 1.921)",0.04164357364323078,1.921
"[1.921, 1.922)",0.027636982513432853,1.922
"[1.922, 1.923)",0.024324788887499994,1.923
"[1.923, 1.924)",0.05772331271071429,1.924
"[1.924, 1.925)",0.03347447108108108,1.925
"[1.925, 1.926)",0.03280420871525424,1.926
"[1.926, 1.927)",0.0356738302147541,1.927
"[1.927, 1.928)",0.040151179465671656,1.928
"[1.928, 1.929)",0.029619006687500005,1.929
"[1.929, 1.93)",0.037894611773529416,1.93
"[1.93, 1.931)",0.04128650055074626,1.931
"[1.931, 1.932)",0.029314277436363622,1.932
"[1.932, 1.933)",0.019373455382608696,1.933
"[1.933, 1.934)",0.026112085930769226,1.934
"[1.934, 1.935)",0.033646603855882334,1.935
"[1.935, 1.936)",0.028503672828571445,1.936
"[1.936, 1.937)",0.024829397890625004,1.937
"[1.937, 1.938)",0.03550311503846155,1.938
"[1.938, 1.939)",0.039035994893939406,1.939
"[1.939, 1.94)",0.04453143111290323,1.94
"[1.94, 1.941)",0.026673044911392416,1.941
"[1.941, 1.942)",0.025545519092537317,1.942
"[1.942, 1.943)",0.03808193655555557,1.943
"[1.943, 1.944)",0.03472068943333335,1.944
"[1.944, 1.945)",0.024541810879245278,1.945
"[1.945, 1.946)",0.017626154071428573,1.946
"[1.946, 1.947)",0.04000163869866668,1.947
"[1.947, 1.948)",0.026310371009677418,1.948
"[1.948, 1.949)",0.046964526060606054,1.949
"[1.949, 1.95)",0.06555579127936507,1.95
"[1.95, 1.951)",0.03468935133928571,1.951
"[1.951, 1.952)",0.042361878885245896,1.952
"[1.952, 1.953)",0.02437956255072464,1.953
"[1.953, 1.954)",0.03330802252542375,1.954
"[1.954, 1.955)",0.023542779541269845,1.955
"[1.955, 1.956)",0.047744165200877195,1.956
"[1.956, 1.957)",0.04974920196923077,1.957
"[1.957, 1.958)",0.033805198684337345,1.958
"[1.958, 1.959)",0.024839652642253532,1.959
"[1.959, 1.96)",0.021482775305479453,1.96
"[1.96, 1.961)",0.032072727672131145,1.961
"[1.961, 1.962)",0.02089868488679247,1.962
"[1.962, 1.963)",0.05076599766666667,1.963
"[1.963, 1.964)",0.03921697527777778,1.964
"[1.964, 1.965)",0.028681366438571436,1.965
"[1.965, 1.966)",0.03323421158064517,1.966
"[1.966, 1.967)",0.031537202676470616,1.967
"[1.967, 1.968)",0.03486452646500001,1.968
"[1.968, 1.969)",0.023822164567796608,1.969
"[1.969, 1.97)",0.041197100247142855,1.97
"[1.97, 1.971)",0.018970260034482756,1.971
"[1.971, 1.972)",0.048076691163934426,1.972
"[1.972, 1.973)",0.03197314288745098,1.973
"[1.973, 1.974)",0.029443645981481477,1.974
"[1.974, 1.975)",0.035752369197183095,1.975
"[1.975, 1.976)",0.021123421943396222,1.976
"[1.976, 1.977)",0.01984915709000001,1.977
"[1.977, 1.978)",0.03145605351190475,1.978
"[1.978, 1.979)",0.03949237776451613,1.979
"[1.979, 1.98)",0.021808879105263152,1.98
"[1.98, 1.981)",0.02663202313043479,1.981
"[1.981, 1.982)",0.04178036793709678,1.982
"[1.982, 1.983)",0.013929879638000003,1.983
"[1.983, 1.984)",0.03662000540754717,1.984
"[1.984, 1.985)",0.03899022876545455,1.985
"[1.985, 1.986)",0.04992966217659573,1.986
"[1.986, 1.987)",0.05549480883076923,1.987
"[1.987, 1.988)",0.02808485296984128,1.988
"[1.988, 1.989)",0.034247111509433964,1.989
"[1.989, 1.99)",0.027523349833333342,1.99
"[1.99, 1.991)",0.01037376601549295,1.991
"[1.991, 1.992)",0.026723209602985083,1.992
"[1.992, 1.993)",0.02148677687692308,1.993
"[1.993, 1.994)",0.028101104288135597,1.994
"[1.994, 1.995)",0.024301059586153858,1.995
"[1.995, 1.996)",0.03686052781311476,1.996
"[1.996, 1.997)",0.02786728204468086,1.997
"[1.997, 1.998)",0.029198378949152552,1.998
"[1.998, 1.999)",0.04117671310555555,1.999
"[1.999, 2.0)",0.03454045096666668,2.0
"[2.0, 2.001)",0.017449944575757586,2.001
"[2.001, 2.0020000000000002)",0.017915160828548386,2.002
"[2.0020000000000002, 2.003)",0.021183014099999994,2.003
"[2.003, 2.004)",0.023076567135576917,2.004
"[2.004, 2.005)",0.01707907092121213,2.005
"[2.005, 2.0060000000000002)",0.026186304265079372,2.006
"[2.0060000000000002, 2.007)",0.02671034605172414,2.007
"[2.007, 2.008)",0.04983283246,2.008
"[2.008, 2.009)",0.023359937028169048,2.009
"[2.009, 2.0100000000000002)",0.053757636374468086,2.01
"[2.0100000000000002, 2.011)",0.04842333981555557,2.011
"[2.011, 2.012)",0.04086671518035714,2.012
"[2.012, 2.013)",0.0272116150862069,2.013
"[2.013, 2.0140000000000002)",0.02900588256250002,2.014
"[2.0140000000000002, 2.015)",0.025911820393939394,2.015
"[2.015, 2.016)",0.023892589775510203,2.016
"[2.016, 2.017)",0.01614378071739131,2.017
"[2.017, 2.0180000000000002)",0.018051131135820898,2.018
"[2.0180000000000002, 2.019)",0.021502208197368426,2.019
"[2.019, 2.02)",0.024427099009615386,2.02
"[2.02, 2.021)",0.01634922344,2.021
"[2.021, 2.0220000000000002)",0.028085380403225814,2.022
"[2.0220000000000002, 2.023)",0.04781677526190479,2.023
"[2.023, 2.024)",0.03690825554166668,2.024
"[2.024, 2.025)",0.06640910111111112,2.025
"[2.025, 2.0260000000000002)",0.032843642642857135,2.026
"[2.0260000000000002, 2.027)",0.04236134624242424,2.027
"[2.027, 2.028)",0.0412984185652778,2.028
"[2.028, 2.029)",0.05399189009999999,2.029
"[2.029, 2.0300000000000002)",0.019889095500000006,2.03
"[2.0300000000000002, 2.031)",0.02964793525581395,2.031
"[2.031, 2.032)",0.017658677927272725,2.032
"[2.032, 2.033)",0.03561533803205129,2.033
"[2.033, 2.0340000000000003)",0.046697495508474574,2.034
"[2.0340000000000003, 2.035)",0.023697456815000014,2.035
"[2.035, 2.036)",0.05909297485000001,2.036
"[2.036, 2.037)",0.04194497163235295,2.037
"[2.037, 2.0380000000000003)",0.026493530989855088,2.038
"[2.0380000000000003, 2.039)",0.042854731918367354,2.039
"[2.039, 2.04)",0.06599178108076922,2.04
"[2.04, 2.041)",0.02784620589166668,2.041
"[2.041, 2.0420000000000003)",0.012184292344444445,2.042
"[2.0420000000000003, 2.043)",0.0167999765882353,2.043
"[2.043, 2.044)",0.05320952810196077,2.044
"[2.044, 2.045)",0.06383777423529413,2.045
"[2.045, 2.0460000000000003)",0.054389314255319156,2.046
"[2.0460000000000003, 2.047)",0.04372745164912282,2.047
"[2.047, 2.048)",0.0401343202637931,2.048
"[2.048, 2.049)",0.03437369663731344,2.049
"[2.049, 2.05)",0.04127957693442624,2.05
"[2.05, 2.051)",0.01514778888196721,2.051
"[2.051, 2.052)",0.024931827162500014,2.052
"[2.052, 2.053)",0.022544641195652183,2.053
"[2.053, 2.054)",0.03638088923333334,2.054
"[2.054, 2.055)",0.04617654572575756,2.055
"[2.055, 2.056)",0.01901739937723077,2.056
"[2.056, 2.057)",0.016671009491228066,2.057
"[2.057, 2.058)",0.019915032209999996,2.058
"[2.058, 2.059)",0.04174032218169015,2.059
"[2.059, 2.06)",0.025259690625000004,2.06
"[2.06, 2.061)",0.02047325119298245,2.061
"[2.061, 2.062)",0.044664317015384626,2.062
"[2.062, 2.063)",0.025920582265625006,2.063
"[2.063, 2.064)",0.02408915754761905,2.064
"[2.064, 2.065)",0.030995712894366197,2.065
"[2.065, 2.066)",0.03507721174615386,2.066
"[2.066, 2.067)",0.01957142516363637,2.067
"[2.067, 2.068)",0.012226531327272727,2.068
"[2.068, 2.069)",0.026509589476470592,2.069
"[2.069, 2.07)",0.029637654979661036,2.07
"[2.07, 2.071)",0.031242904513513536,2.071
"[2.071, 2.072)",0.03782516819642857,2.072
"[2.072, 2.073)",0.04356540225000001,2.073
"[2.073, 2.074)",0.015436883282456133,2.074
"[2.074, 2.075)",0.03332506193150686,2.075
"[2.075, 2.076)",0.04622093825,2.076
"[2.076, 2.077)",0.03347148904084507,2.077
"[2.077, 2.078)",0.019807376393442634,2.078
"[2.078, 2.079)",0.034695700625,2.079
"[2.079, 2.08)",0.016158381018181813,2.08
"[2.08, 2.081)",0.032977566562500005,2.081
"[2.081, 2.082)",0.03773568354705885,2.082
"[2.082, 2.083)",0.02595927947710527,2.083
"[2.083, 2.084)",0.044631516106451614,2.084
"[2.084, 2.085)",0.032655002430645175,2.085
"[2.085, 2.086)",0.03451039938333334,2.086
"[2.086, 2.087)",0.017568046253333327,2.087
"[2.087, 2.088)",0.037295181018867925,2.088
"[2.088, 2.089)",0.023236343700000016,2.089
"[2.089, 2.09)",0.03941481414285714,2.09
"[2.09, 2.091)",0.04712229052173914,2.091
"[2.091, 2.092)",0.033390944603773606,2.092
"[2.092, 2.093)",0.015371063746874998,2.093
"[2.093, 2.094)",0.041730574769230755,2.094
"[2.094, 2.095)",0.021578211592592576,2.095
"[2.095, 2.096)",0.021139354180327884,2.096
"[2.096, 2.097)",0.032472979671641776,2.097
"[2.097, 2.098)",0.02591170146607143,2.098
"[2.098, 2.099)",0.047648486230645166,2.099
"[2.099, 2.1)",0.022705288709677432,2.1
"[2.1, 2.101)",0.03438243782352943,2.101
"[2.101, 2.102)",0.023373779979999995,2.102
"[2.102, 2.103)",0.019643108099999997,2.103
"[2.103, 2.104)",0.047856141689347834,2.104
"[2.104, 2.105)",0.020025063554901957,2.105
"[2.105, 2.106)",0.026522721394528295,2.106
"[2.106, 2.107)",0.021987095940000003,2.107
"[2.107, 2.108)",0.03819980675,2.108
"[2.108, 2.109)",0.02862426617307693,2.109
"[2.109, 2.11)",0.02281313906382978,2.11
"[2.11, 2.111)",0.023456775928275858,2.111
"[2.111, 2.112)",0.021323689335833337,2.112
"[2.112, 2.113)",0.02648121227777778,2.113
"[2.113, 2.114)",0.048278398779629625,2.114
"[2.114, 2.115)",0.07008236187555557,2.115
"[2.115, 2.116)",0.022956035874999996,2.116
"[2.116, 2.117)",0.024609321683461544,2.117
"[2.117, 2.118)",0.03267230854642859,2.118
"[2.118, 2.119)",0.03795283826612903,2.119
"[2.119, 2.12)",0.03152274172461539,2.12
"[2.12, 2.121)",0.05671928030217391,2.121
"[2.121, 2.122)",0.022948114821428577,2.122
"[2.122, 2.123)",0.048816120839215674,2.123
"[2.123, 2.124)",0.047622806503773596,2.124
"[2.124, 2.125)",0.02454313506666666,2.125
"[2.125, 2.126)",0.038539312200000016,2.126
"[2.126, 2.1270000000000002)",0.06167861544117644,2.127
"[2.1270000000000002, 2.128)",0.02531571027906977,2.128
"[2.128, 2.129)",0.013855285716981124,2.129
"[2.129, 2.13)",0.017596272346153838,2.13
"[2.13, 2.1310000000000002)",0.014326234042857143,2.131
"[2.1310000000000002, 2.132)",0.04145398088235292,2.132
"[2.132, 2.133)",0.03249778109302324,2.133
"[2.133, 2.134)",0.021589888138148158,2.134
"[2.134, 2.1350000000000002)",0.03315876965909091,2.135
"[2.1350000000000002, 2.136)",0.055761670897959185,2.136
"[2.136, 2.137)",0.04882158315384617,2.137
"[2.137, 2.138)",0.02444894334146342,2.138
"[2.138, 2.1390000000000002)",0.06111822839215688,2.139
"[2.1390000000000002, 2.14)",0.01729837865384615,2.14
"[2.14, 2.141)",0.013664796687500001,2.141
"[2.141, 2.142)",0.04577274261702129,2.142
"[2.142, 2.1430000000000002)",0.028220585957142868,2.143
"[2.1430000000000002, 2.144)",0.029842559756756756,2.144
"[2.144, 2.145)",0.06481309996857143,2.145
"[2.145, 2.146)",0.02330202341463414,2.146
"[2.146, 2.1470000000000002)",0.07075979355000003,2.147
"[2.1470000000000002, 2.148)",0.03322194217142857,2.148
"[2.148, 2.149)",0.03745927446393442,2.149
"[2.149, 2.15)",0.02960119279166668,2.15
"[2.15, 2.1510000000000002)",0.033643693104166685,2.151
"[2.1510000000000002, 2.152)",0.030228386384615398,2.152
"[2.152, 2.153)",0.019932481483870966,2.153
"[2.153, 2.154)",0.064155806125,2.154
"[2.154, 2.1550000000000002)",0.024995328900000002,2.155
"[2.1550000000000002, 2.156)",0.0397548826018868,2.156
"[2.156, 2.157)",0.017951900100000005,2.157
"[2.157, 2.158)",0.025803008186046503,2.158
"[2.158, 2.1590000000000003)",0.01836036705,2.159
"[2.1590000000000003, 2.16)",0.0428304840425532,2.16
"[2.16, 2.161)",0.033727946901428565,2.161
"[2.161, 2.162)",0.02716542327796611,2.162
"[2.162, 2.1630000000000003)",0.05197168120000001,2.163
"[2.1630000000000003, 2.164)",0.03322899788461539,2.164
"[2.164, 2.165)",0.022210821709677427,2.165
"[2.165, 2.166)",0.023280774168750008,2.166
"[2.166, 2.1670000000000003)",0.022394838074999993,2.167
"[2.1670000000000003, 2.168)",0.02361885887058823,2.168
"[2.168, 2.169)",0.050143873158333324,2.169
"[2.169, 2.17)",0.049384774794871814,2.17
"[2.17, 2.1710000000000003)",0.027812648953488374,2.171
"[2.1710000000000003, 2.172)",0.02043825180888889,2.172
"[2.172, 2.173)",0.06348232157894737,2.173
"[2.173, 2.174)",0.027482447270270275,2.174
"[2.174, 2.1750000000000003)",0.031479807411764704,2.175
"[2.1750000000000003, 2.176)",0.03632193518444445,2.176
"[2.176, 2.177)",0.033765096378431364,2.177
"[2.177, 2.178)",0.025856774794117646,2.178
"[2.178, 2.179)",0.04057557141842106,2.179
"[2.179, 2.18)",0.03299525128846155,2.18
"[2.18, 2.181)",0.01944541447222222,2.181
"[2.181, 2.182)",0.0787227617948718,2.182
"[2.182, 2.183)",0.0559785564893617,2.183
"[2.183, 2.184)",0.03395745602222224,2.184
"[2.184, 2.185)",0.01839239664864864,2.185
"[2.185, 2.186)",0.031164713486046512,2.186
"[2.186, 2.187)",0.031426634354166684,2.187
"[2.187, 2.188)",0.023932582285714276,2.188
"[2.188, 2.189)",0.0362751634097561,2.189
"[2.189, 2.19)",0.024502067174137943,2.19
"[2.19, 2.191)",0.029148924929411766,2.191
"[2.191, 2.192)",0.031200602235294125,2.192
"[2.192, 2.193)",0.03123403490017544,2.193
"[2.193, 2.194)",0.037569853754717,2.194
"[2.194, 2.195)",0.03403219427499999,2.195
"[2.195, 2.196)",0.04382932221851853,2.196
"[2.196, 2.197)",0.01921375997674419,2.197
"[2.197, 2.198)",0.025354302,2.198
"[2.198, 2.199)",0.027400955549999995,2.199
"[2.199, 2.2)",0.030828386528301895,2.2
"[2.2, 2.201)",0.028831518290196072,2.201
"[2.201, 2.202)",0.018428390553333333,2.202
"[2.202, 2.203)",0.030543856318181836,2.203
"[2.203, 2.204)",0.03653893299636363,2.204
"[2.204, 2.205)",0.023296112608695657,2.205
"[2.205, 2.206)",0.05041197619565218,2.206
"[2.206, 2.207)",0.016210419205128213,2.207
"[2.207, 2.208)",0.03679957317363637,2.208
"[2.208, 2.209)",0.05940313665714288,2.209
"[2.209, 2.21)",0.010363760842222224,2.21
"[2.21, 2.211)",0.026142595602380952,2.211
"[2.211, 2.212)",0.03322600899555556,2.212
"[2.212, 2.213)",0.04208404617826087,2.213
"[2.213, 2.214)",0.0240664108051282,2.214
"[2.214, 2.215)",0.02182564034210526,2.215
"[2.215, 2.216)",0.04047293228000001,2.216
"[2.216, 2.217)",0.030450911081034485,2.217
"[2.217, 2.218)",0.028806485412244905,2.218
"[2.218, 2.219)",0.021027563444444442,2.219
"[2.219, 2.22)",0.02427219218421052,2.22
"[2.22, 2.221)",0.022178733560975605,2.221
"[2.221, 2.222)",0.02685798954358974,2.222
"[2.222, 2.223)",0.02685449840476191,2.223
"[2.223, 2.224)",0.03189995640476189,2.224
"[2.224, 2.225)",0.04468530778000001,2.225
"[2.225, 2.226)",0.020439215997674412,2.226
"[2.226, 2.227)",0.04624122702942309,2.227
"[2.227, 2.228)",0.03552515369148937,2.228
"[2.228, 2.229)",0.025534612904761923,2.229
"[2.229, 2.23)",0.03246855309375001,2.23
"[2.23, 2.231)",0.08189621842857142,2.231
"[2.231, 2.232)",0.023252412065217384,2.232
"[2.232, 2.233)",0.01966087235333334,2.233
"[2.233, 2.234)",0.02725400118888888,2.234
"[2.234, 2.235)",0.056653779341463435,2.235
"[2.235, 2.236)",0.02828598747727273,2.236
"[2.236, 2.237)",0.04620281822727275,2.237
"[2.237, 2.238)",0.02441668765283019,2.238
"[2.238, 2.239)",0.039395187427118644,2.239
"[2.239, 2.24)",0.031980709989189185,2.24
"[2.24, 2.241)",0.02930170226086956,2.241
"[2.241, 2.242)",0.023777977035714278,2.242
"[2.242, 2.243)",0.027995985105263157,2.243
"[2.243, 2.244)",0.031234029744680862,2.244
"[2.244, 2.245)",0.021581924268292682,2.245
"[2.245, 2.246)",0.03612047368749999,2.246
"[2.246, 2.247)",0.034867589428571426,2.247
"[2.247, 2.248)",0.05802820207317075,2.248
"[2.248, 2.249)",0.014719460454545459,2.249
"[2.249, 2.25)",0.053975946723404264,2.25
"[2.25, 2.251)",0.05299166551219512,2.251
"[2.251, 2.2520000000000002)",0.020213297242424242,2.252
"[2.2520000000000002, 2.253)",0.04870127488000001,2.253
"[2.253, 2.254)",0.06594502426470589,2.254
"[2.254, 2.255)",0.04527961272000001,2.255
"[2.255, 2.2560000000000002)",0.048500851384615414,2.256
"[2.2560000000000002, 2.257)",0.04335803151351351,2.257
"[2.257, 2.258)",0.02109198311568628,2.258
"[2.258, 2.259)",0.025117717773529398,2.259
"[2.259, 2.2600000000000002)",0.056263186925,2.26
"[2.2600000000000002, 2.261)",0.033978198781249996,2.261
"[2.261, 2.262)",0.023906266730769232,2.262
"[2.262, 2.263)",0.0480219906585366,2.263
"[2.263, 2.2640000000000002)",0.027802604750000008,2.264
"[2.2640000000000002, 2.265)",0.023663642871794868,2.265
"[2.265, 2.266)",0.03822615506129032,2.266
"[2.266, 2.267)",0.03311959712195123,2.267
"[2.267, 2.2680000000000002)",0.03020631842857142,2.268
"[2.2680000000000002, 2.269)",0.030768830162162156,2.269
"[2.269, 2.27)",0.02086332552692308,2.27
"[2.27, 2.271)",0.014485359378378377,2.271
"[2.271, 2.2720000000000002)",0.03726439770512821,2.272
"[2.2720000000000002, 2.273)",0.03454664027083334,2.273
"[2.273, 2.274)",0.01777355792592593,2.274
"[2.274, 2.275)",0.04237569116216217,2.275
"[2.275, 2.2760000000000002)",0.04521694402941178,2.276
"[2.2760000000000002, 2.277)",0.03608688778536586,2.277
"[2.277, 2.278)",0.030460103000000002,2.278
"[2.278, 2.279)",0.012588018152000002,2.279
"[2.279, 2.2800000000000002)",0.024259108386486487,2.28
"[2.2800000000000002, 2.281)",0.02716790903333333,2.281
"[2.281, 2.282)",0.020876562241379314,2.282
"[2.282, 2.283)",0.04899155063200001,2.283
"[2.283, 2.2840000000000003)",0.020769777300000004,2.284
"[2.2840000000000003, 2.285)",0.05457088519714289,2.285
"[2.285, 2.286)",0.024854910485714286,2.286
"[2.286, 2.287)",0.03974694834285715,2.287
"[2.287, 2.2880000000000003)",0.0339880411111111,2.288
"[2.2880000000000003, 2.289)",0.0777785779714286,2.289
"[2.289, 2.29)",0.027775824891176464,2.29
"[2.29, 2.291)",0.05516546113157895,2.291
"[2.291, 2.2920000000000003)",0.04563085272051284,2.292
"[2.2920000000000003, 2.293)",0.027238003961538457,2.293
"[2.293, 2.294)",0.06911963781489361,2.294
"[2.294, 2.295)",0.016633299874999997,2.295
"[2.295, 2.2960000000000003)",0.05375844503846155,2.296
"[2.2960000000000003, 2.297)",0.03675004228125001,2.297
"[2.297, 2.298)",0.01883844528,2.298
"[2.298, 2.299)",0.08376834997692309,2.299
"[2.299, 2.3000000000000003)",0.03792788490243903,2.3
"[2.3000000000000003, 2.301)",0.055673869902439034,2.301
"[2.301, 2.302)",0.015397116200000002,2.302
"[2.302, 2.303)",0.10991311899999998,2.303
"[2.303, 2.3040000000000003)",0.04511283347058826,2.304
"[2.3040000000000003, 2.305)",0.08710526846785717,2.305
"[2.305, 2.306)",0.086419769,2.306
"[2.306, 2.307)",0.05393217077777779,2.307
"[2.307, 2.308)",0.06434314923500004,2.308
"[2.308, 2.309)",0.04613927155000001,2.309
"[2.309, 2.31)",0.017950792875,2.31
"[2.31, 2.311)",0.024989988211162793,2.311
"[2.311, 2.312)",0.020611756111111115,2.312
"[2.312, 2.313)",0.03348381210526316,2.313
"[2.313, 2.314)",0.057145889437500014,2.314
"[2.314, 2.315)",0.05329422404782608,2.315
"[2.315, 2.316)",0.032137400676470584,2.316
"[2.316, 2.317)",0.027556083613953487,2.317
"[2.317, 2.318)",0.020957704963636362,2.318
"[2.318, 2.319)",0.03456349946808512,2.319
"[2.319, 2.32)",0.07320763400000002,2.32
"[2.32, 2.321)",0.03914728830303029,2.321
"[2.321, 2.322)",0.03199703848275861,2.322
"[2.322, 2.323)",0.044454924382352934,2.323
"[2.323, 2.324)",0.037527896225,2.324
"[2.324, 2.325)",0.03952477099999999,2.325
"[2.325, 2.326)",0.017390840858823538,2.326
"[2.326, 2.327)",0.017764753281481485,2.327
"[2.327, 2.328)",0.016563259487179488,2.328
"[2.328, 2.329)",0.09443663358333333,2.329
"[2.329, 2.33)",0.052346907799999995,2.33
"[2.33, 2.331)",0.019709479338461542,2.331
"[2.331, 2.332)",0.013732154272727275,2.332
"[2.332, 2.333)",0.04551493837499999,2.333
"[2.333, 2.334)",0.08056080875757575,2.334
"[2.334, 2.335)",0.0449349164263158,2.335
"[2.335, 2.336)",0.05977211323076925,2.336
"[2.336, 2.337)",0.019860666392857145,2.337
"[2.337, 2.338)",0.016408182242424237,2.338
"[2.338, 2.339)",0.03912729145714286,2.339
"[2.339, 2.34)",0.05216149482142857,2.34
"[2.34, 2.341)",0.025224741965714285,2.341
"[2.341, 2.342)",0.01854633854545455,2.342
"[2.342, 2.343)",0.03991138884772727,2.343
"[2.343, 2.344)",0.04194140107073173,2.344
"[2.344, 2.345)",0.030644594580645165,2.345
"[2.345, 2.346)",0.017004951958333337,2.346
"[2.346, 2.347)",0.037467795162745114,2.347
"[2.347, 2.348)",0.015420126342307699,2.348
"[2.348, 2.349)",0.026690913813953488,2.349
"[2.349, 2.35)",0.05306352961290321,2.35
"[2.35, 2.351)",0.0326109612121212,2.351
"[2.351, 2.352)",0.08200183692,2.352
"[2.352, 2.353)",0.06319778861666667,2.353
"[2.353, 2.354)",0.04055806600967742,2.354
"[2.354, 2.355)",0.03351674131428571,2.355
"[2.355, 2.356)",0.03769641176190476,2.356
"[2.356, 2.357)",0.02330349572321429,2.357
"[2.357, 2.358)",0.04413136725806452,2.358
"[2.358, 2.359)",0.07044074605405408,2.359
"[2.359, 2.36)",0.01823383307142857,2.36
"[2.36, 2.361)",0.024348893755555545,2.361
"[2.361, 2.362)",0.039583042214285734,2.362
"[2.362, 2.363)",0.048807696441176475,2.363
"[2.363, 2.364)",0.023643765192857134,2.364
"[2.364, 2.365)",0.02984540557837837,2.365
"[2.365, 2.366)",0.03465039776190477,2.366
"[2.366, 2.367)",0.04567282614000002,2.367
"[2.367, 2.368)",0.04654133013636363,2.368
"[2.368, 2.369)",0.02218970057575757,2.369
"[2.369, 2.37)",0.04408250438285716,2.37
"[2.37, 2.371)",0.04410687074285716,2.371
"[2.371, 2.372)",0.05586087300000001,2.372
"[2.372, 2.373)",0.04711625951515152,2.373
"[2.373, 2.374)",0.07576586786206897,2.374
"[2.374, 2.375)",0.04863991812820513,2.375
"[2.375, 2.376)",0.07272490010851065,2.376
"[2.376, 2.3770000000000002)",0.04278172882222223,2.377
"[2.3770000000000002, 2.378)",0.024417619588235295,2.378
"[2.378, 2.379)",0.027333780665384614,2.379
"[2.379, 2.38)",0.026131166413793105,2.38
"[2.38, 2.3810000000000002)",0.0342174376875,2.381
"[2.3810000000000002, 2.382)",0.045961250419354845,2.382
"[2.382, 2.383)",0.049600810270270294,2.383
"[2.383, 2.384)",0.039491206000000015,2.384
"[2.384, 2.3850000000000002)",0.0457391805116279,2.385
"[2.3850000000000002, 2.386)",0.03569839829411766,2.386
"[2.386, 2.387)",0.03313631954761905,2.387
"[2.387, 2.388)",0.039112703100000014,2.388
"[2.388, 2.3890000000000002)",0.036030656909090915,2.389
"[2.3890000000000002, 2.39)",0.026189074875000003,2.39
"[2.39, 2.391)",0.05222768691891892,2.391
"[2.391, 2.392)",0.019662772521739123,2.392
"[2.392, 2.3930000000000002)",0.052323458041935514,2.393
"[2.3930000000000002, 2.394)",0.08385736183333337,2.394
"[2.394, 2.395)",0.030113230661403513,2.395
"[2.395, 2.396)",0.027968335081578945,2.396
"[2.396, 2.3970000000000002)",0.05750345852083335,2.397
"[2.3970000000000002, 2.398)",0.05140908360714285,2.398
"[2.398, 2.399)",0.04305820713888889,2.399
"[2.399, 2.4)",0.06102164020689657,2.4
"[2.4, 2.4010000000000002)",0.029624434209302324,2.401
"[2.4010000000000002, 2.402)",0.022301952741935475,2.402
"[2.402, 2.403)",0.034355687787878786,2.403
"[2.403, 2.404)",0.023784022444444445,2.404
"[2.404, 2.4050000000000002)",0.05639543738214287,2.405
"[2.4050000000000002, 2.406)",0.02727622009999999,2.406
"[2.406, 2.407)",0.03531584583783784,2.407
"[2.407, 2.408)",0.04149737205882354,2.408
"[2.408, 2.4090000000000003)",0.024858396437500006,2.409
"[2.4090000000000003, 2.41)",0.0460639602,2.41
"[2.41, 2.411)",0.08190917144250001,2.411
"[2.411, 2.412)",0.023463421771428572,2.412
"[2.412, 2.4130000000000003)",0.03680825343243243,2.413
"[2.4130000000000003, 2.414)",0.07383322302857145,2.414
"[2.414, 2.415)",0.015949388933333333,2.415
"[2.415, 2.416)",0.03453712192222222,2.416
"[2.416, 2.4170000000000003)",0.058121039055555546,2.417
"[2.4170000000000003, 2.418)",0.03629804540000001,2.418
"[2.418, 2.419)",0.03458626946499999,2.419
"[2.419, 2.42)",0.0336768013030303,2.42
"[2.42, 2.4210000000000003)",0.04693826805263159,2.421
"[2.4210000000000003, 2.422)",0.02354735136578948,2.422
"[2.422, 2.423)",0.028046405758620687,2.423
"[2.423, 2.424)",0.054052920432432434,2.424
"[2.424, 2.4250000000000003)",0.08162229631785713,2.425
"[2.4250000000000003, 2.426)",0.05345229249189191,2.426
"[2.426, 2.427)",0.03815148946875001,2.427
"[2.427, 2.428)",0.0618484122413793,2.428
"[2.428, 2.4290000000000003)",0.036086978250000006,2.429
"[2.4290000000000003, 2.43)",0.01786337682857143,2.43
"[2.43, 2.431)",0.017660220969696962,2.431
"[2.431, 2.432)",0.05057597166969698,2.432
"[2.432, 2.433)",0.013491705137931038,2.433
"[2.433, 2.434)",0.028119276446875,2.434
"[2.434, 2.435)",0.0710591756666667,2.435
"[2.435, 2.436)",0.041203402567567576,2.436
"[2.436, 2.437)",0.031332228564102574,2.437
"[2.437, 2.438)",0.027428909777777784,2.438
"[2.438, 2.439)",0.022786429375000004,2.439
"[2.439, 2.44)",0.06235038514285713,2.44
"[2.44, 2.441)",0.029416869936170213,2.441
"[2.441, 2.442)",0.023481742659574475,2.442
"[2.442, 2.443)",0.029768504048780498,2.443
"[2.443, 2.444)",0.016328213129032258,2.444
"[2.444, 2.445)",0.03653365183333335,2.445
"[2.445, 2.446)",0.06549834355227273,2.446
"[2.446, 2.447)",0.07596922670833335,2.447
"[2.447, 2.448)",0.048512517250000005,2.448
"[2.448, 2.449)",0.03875953043846153,2.449
"[2.449, 2.45)",0.021420206574999996,2.45
"[2.45, 2.451)",0.02520227090465116,2.451
"[2.451, 2.452)",0.04338446812195123,2.452
"[2.452, 2.453)",0.025251028783333327,2.453
"[2.453, 2.454)",0.06650282663414635,2.454
"[2.454, 2.455)",0.08199740074418602,2.455
"[2.455, 2.456)",0.04362788002083334,2.456
"[2.456, 2.457)",0.027744842400000004,2.457
"[2.457, 2.458)",0.046047485525000015,2.458
"[2.458, 2.459)",0.02829108204651161,2.459
"[2.459, 2.46)",0.058390402181818186,2.46
"[2.46, 2.461)",0.09282386908064515,2.461
"[2.461, 2.462)",0.05457367544912282,2.462
"[2.462, 2.463)",0.017768913697674416,2.463
"[2.463, 2.464)",0.10084532647727272,2.464
"[2.464, 2.465)",0.04029470851063831,2.465
"[2.465, 2.466)",0.03774338711794872,2.466
"[2.466, 2.467)",0.03821243383333334,2.467
"[2.467, 2.468)",0.0345027787857143,2.468
"[2.468, 2.469)",0.03525443790566039,2.469
"[2.469, 2.47)",0.05375427088461539,2.47
"[2.47, 2.471)",0.03915883680454547,2.471
"[2.471, 2.472)",0.053146783000000024,2.472
"[2.472, 2.473)",0.01543453696875,2.473
"[2.473, 2.474)",0.06606572860000001,2.474
"[2.474, 2.475)",0.06567651636764707,2.475
"[2.475, 2.476)",0.05607499582758622,2.476
"[2.476, 2.477)",0.06128447505882357,2.477
"[2.477, 2.478)",0.021010192289473685,2.478
"[2.478, 2.479)",0.02619311565517241,2.479
"[2.479, 2.48)",0.022878483866666664,2.48
"[2.48, 2.481)",0.04231231465625,2.481
"[2.481, 2.482)",0.0514900313076923,2.482
"[2.482, 2.483)",0.05182961014705883,2.483
"[2.483, 2.484)",0.06224595800000002,2.484
"[2.484, 2.485)",0.019125922228571433,2.485
"[2.485, 2.486)",0.018891456125,2.486
"[2.486, 2.487)",0.02303366932142856,2.487
"[2.487, 2.488)",0.02813423903999999,2.488
"[2.488, 2.489)",0.03415363514285714,2.489
"[2.489, 2.49)",0.0140837587,2.49
"[2.49, 2.491)",0.07870836532083335,2.491
"[2.491, 2.492)",0.031055140241379304,2.492
"[2.492, 2.493)",0.03236212144444444,2.493
"[2.493, 2.494)",0.0306432355510204,2.494
"[2.494, 2.495)",0.0588677701875,2.495
"[2.495, 2.496)",0.08759488175714283,2.496
"[2.496, 2.497)",0.030728056812857136,2.497
"[2.497, 2.498)",0.06483192645000001,2.498
"[2.498, 2.499)",0.020579964835,2.499
"[2.499, 2.5)",0.026740735468181842,2.5
"[2.5, 2.501)",0.05132886034750002,2.501
"[2.501, 2.5020000000000002)",0.02976441309814816,2.502
"[2.5020000000000002, 2.503)",0.02675163704878049,2.503
"[2.503, 2.504)",0.03301337201428571,2.504
"[2.504, 2.505)",0.02031325664285714,2.505
"[2.505, 2.5060000000000002)",0.02841271718750001,2.506
"[2.5060000000000002, 2.507)",0.03227271229268293,2.507
"[2.507, 2.508)",0.02201703192,2.508
"[2.508, 2.509)",0.07573348411764706,2.509
"[2.509, 2.5100000000000002)",0.04556593789285716,2.51
"[2.5100000000000002, 2.511)",0.03349743466363636,2.511
"[2.511, 2.512)",0.04446474321951219,2.512
"[2.512, 2.513)",0.09159156839583336,2.513
"[2.513, 2.5140000000000002)",0.027937021993939392,2.514
"[2.5140000000000002, 2.515)",0.030479755645161293,2.515
"[2.515, 2.516)",0.030963458108108115,2.516
"[2.516, 2.517)",0.026381384,2.517
"[2.517, 2.5180000000000002)",0.025141834172413793,2.518
"[2.5180000000000002, 2.519)",0.06766561761290324,2.519
"[2.519, 2.52)",0.009263958885000001,2.52
"[2.52, 2.521)",0.011346116086956522,2.521
"[2.521, 2.5220000000000002)",0.045521377705882375,2.522
"[2.5220000000000002, 2.523)",0.07691186848275863,2.523
"[2.523, 2.524)",0.02602357374121212,2.524
"[2.524, 2.525)",0.020997123247222225,2.525
"[2.525, 2.5260000000000002)",0.06004247116216218,2.526
"[2.5260000000000002, 2.527)",0.027146746487179484,2.527
"[2.527, 2.528)",0.028783063236842106,2.528
"[2.528, 2.529)",0.03199440966666666,2.529
"[2.529, 2.5300000000000002)",0.031403608935483864,2.53
"[2.5300000000000002, 2.531)",0.03260832134375,2.531
"[2.531, 2.532)",0.02894998665000001,2.532
"[2.532, 2.533)",0.0288158913877551,2.533
"[2.533, 2.5340000000000003)",0.02065629264,2.534
"[2.5340000000000003, 2.535)",0.051302508105161286,2.535
"[2.535, 2.536)",0.038116476418604654,2.536
"[2.536, 2.537)",0.03557364394444446,2.537
"[2.537, 2.5380000000000003)",0.019642925805555555,2.538
"[2.5380000000000003, 2.539)",0.028034385325581397,2.539
"[2.539, 2.54)",0.05079994546766667,2.54
"[2.54, 2.541)",0.040194346974375,2.541
"[2.541, 2.5420000000000003)",0.03881974628947371,2.542
"[2.5420000000000003, 2.543)",0.0460172717857143,2.543
"[2.543, 2.544)",0.026830367919999997,2.544
"[2.544, 2.545)",0.012499840007407411,2.545
"[2.545, 2.5460000000000003)",0.04829393848648647,2.546
"[2.5460000000000003, 2.547)",0.061004810186818206,2.547
"[2.547, 2.548)",0.030432288149999993,2.548
"[2.548, 2.549)",0.0465992957037037,2.549
"[2.549, 2.5500000000000003)",0.027879934444444435,2.55
"[2.5500000000000003, 2.551)",0.02742177505882352,2.551
"[2.551, 2.552)",0.06504122792857145,2.552
"[2.552, 2.553)",0.03125807566666667,2.553
"[2.553, 2.5540000000000003)",0.026704703,2.554
"[2.5540000000000003, 2.555)",0.030071350782608697,2.555
"[2.555, 2.556)",0.04008523757142857,2.556
"[2.556, 2.557)",0.023390600249999997,2.557
"[2.557, 2.5580000000000003)",0.015088741705714285,2.558
"[2.5580000000000003, 2.559)",0.05994885090625002,2.559
"[2.559, 2.56)",0.07732357114285715,2.56
"[2.56, 2.561)",0.05478847910714286,2.561
"[2.561, 2.562)",0.0280325037368421,2.562
"[2.562, 2.563)",0.03426908669047621,2.563
"[2.563, 2.564)",0.013448723821428574,2.564
"[2.564, 2.565)",0.028736732809523817,2.565
"[2.565, 2.566)",0.061272932173913046,2.566
"[2.566, 2.567)",0.03057831406444444,2.567
"[2.567, 2.568)",0.03317844742500001,2.568
"[2.568, 2.569)",0.014000400190909092,2.569
"[2.569, 2.57)",0.02810906005128204,2.57
"[2.57, 2.571)",0.02735566268292683,2.571
"[2.571, 2.572)",0.035698228659090905,2.572
"[2.572, 2.573)",0.01772913291578947,2.573
"[2.573, 2.574)",0.01635215192592593,2.574
"[2.574, 2.575)",0.025572102918918916,2.575
"[2.575, 2.576)",0.04947218268421052,2.576
"[2.576, 2.577)",0.02816375445833333,2.577
"[2.577, 2.578)",0.026515810999999997,2.578
"[2.578, 2.579)",0.024084581283809525,2.579
"[2.579, 2.58)",0.03628137505128205,2.58
"[2.58, 2.581)",0.06100459188,2.581
"[2.581, 2.582)",0.059322787285714294,2.582
"[2.582, 2.583)",0.016338597151515154,2.583
"[2.583, 2.584)",0.016392590228571435,2.584
"[2.584, 2.585)",0.0168996674054054,2.585
"[2.585, 2.586)",0.021608445259259267,2.586
"[2.586, 2.587)",0.018466630422727278,2.587
"[2.587, 2.588)",0.02386229765217392,2.588
"[2.588, 2.589)",0.052675411035714305,2.589
"[2.589, 2.59)",0.04892532018750002,2.59
"[2.59, 2.591)",0.025103183374999997,2.591
"[2.591, 2.592)",0.10544143743750001,2.592
"[2.592, 2.593)",0.031931035406249995,2.593
"[2.593, 2.594)",0.030195087838709663,2.594
"[2.594, 2.595)",0.02425318456190476,2.595
"[2.595, 2.596)",0.05094884961470591,2.596
"[2.596, 2.597)",0.022965784599999994,2.597
"[2.597, 2.598)",0.04291243546341464,2.598
"[2.598, 2.599)",0.01816520736266667,2.599
"[2.599, 2.6)",0.02493641444761905,2.6
"[2.6, 2.601)",0.0822997766764706,2.601
"[2.601, 2.602)",0.0595788281707317,2.602
"[2.602, 2.603)",0.01574725066666667,2.603
"[2.603, 2.604)",0.039327015884090905,2.604
"[2.604, 2.605)",0.03478619924666668,2.605
"[2.605, 2.606)",0.0446429635074074,2.606
"[2.606, 2.607)",0.03345315227777777,2.607
"[2.607, 2.608)",0.057979970236842066,2.608
"[2.608, 2.609)",0.028978679789473678,2.609
"[2.609, 2.61)",0.014464846304545453,2.61
"[2.61, 2.611)",0.015631323132432432,2.611
"[2.611, 2.612)",0.025440592806451615,2.612
"[2.612, 2.613)",0.020317213946875003,2.613
"[2.613, 2.614)",0.021794045187755108,2.614
"[2.614, 2.615)",0.03814157530227274,2.615
"[2.615, 2.616)",0.026212171275675666,2.616
"[2.616, 2.617)",0.02547765853333334,2.617
"[2.617, 2.618)",0.020773160851111108,2.618
"[2.618, 2.619)",0.018551812416666667,2.619
"[2.619, 2.62)",0.02077950041625,2.62
"[2.62, 2.621)",0.026377303862068963,2.621
"[2.621, 2.622)",0.018971873029411765,2.622
"[2.622, 2.623)",0.022071101361111106,2.623
"[2.623, 2.624)",0.04649320061764707,2.624
"[2.624, 2.625)",0.03601373810344827,2.625
"[2.625, 2.626)",0.0272370745151515,2.626
"[2.626, 2.6270000000000002)",0.02549002215625,2.627
"[2.6270000000000002, 2.628)",0.04227811573333335,2.628
"[2.628, 2.629)",0.048304767000000026,2.629
"[2.629, 2.63)",0.04575772305942858,2.63
"[2.63, 2.6310000000000002)",0.03253246046666667,2.631
"[2.6310000000000002, 2.632)",0.018743401292307692,2.632
"[2.632, 2.633)",0.029326581331578942,2.633
"[2.633, 2.634)",0.03184171402777777,2.634
"[2.634, 2.6350000000000002)",0.04985679705250001,2.635
"[2.6350000000000002, 2.636)",0.02624472165789473,2.636
"[2.636, 2.637)",0.045302438909090914,2.637
"[2.637, 2.638)",0.03713895451724137,2.638
"[2.638, 2.6390000000000002)",0.04785416218181818,2.639
"[2.6390000000000002, 2.64)",0.01807791985294118,2.64
"[2.64, 2.641)",0.030867641566666663,2.641
"[2.641, 2.642)",0.04465860739473686,2.642
"[2.642, 2.6430000000000002)",0.03646974996296297,2.643
"[2.6430000000000002, 2.644)",0.030401073357142854,2.644
"[2.644, 2.645)",0.017085112777777776,2.645
"[2.645, 2.646)",0.021912866088235294,2.646
"[2.646, 2.6470000000000002)",0.02942687542800001,2.647
"[2.6470000000000002, 2.648)",0.04809306451428574,2.648
"[2.648, 2.649)",0.028888526580769232,2.649
"[2.649, 2.65)",0.05193486816666667,2.65
"[2.65, 2.6510000000000002)",0.024449121435897433,2.651
"[2.6510000000000002, 2.652)",0.02438171076315789,2.652
"[2.652, 2.653)",0.035414553865945955,2.653
"[2.653, 2.654)",0.0598591931,2.654
"[2.654, 2.6550000000000002)",0.051969685103448286,2.655
"[2.6550000000000002, 2.656)",0.0146528052,2.656
"[2.656, 2.657)",0.03075552617391304,2.657
"[2.657, 2.658)",0.01906202553571429,2.658
"[2.658, 2.6590000000000003)",0.030780942687500003,2.659
"[2.6590000000000003, 2.66)",0.01955981796,2.66
"[2.66, 2.661)",0.022444645685714283,2.661
"[2.661, 2.662)",0.10170020273076925,2.662
"[2.662, 2.6630000000000003)",0.12340182544000003,2.663
"[2.6630000000000003, 2.664)",0.0487918188228,2.664
"[2.664, 2.665)",0.0369156477111111,2.665
"[2.665, 2.666)",0.06878519443749999,2.666
"[2.666, 2.6670000000000003)",0.02942660291351351,2.667
"[2.6670000000000003, 2.668)",0.04022325317621623,2.668
"[2.668, 2.669)",0.03571312003448276,2.669
"[2.669, 2.67)",0.019212780758333332,2.67
"[2.67, 2.6710000000000003)",0.033398226451612896,2.671
"[2.6710000000000003, 2.672)",0.07499474556521739,2.672
"[2.672, 2.673)",0.020761601723529408,2.673
"[2.673, 2.674)",0.05416518510416667,2.674
"[2.674, 2.6750000000000003)",0.041044801473333344,2.675
"[2.6750000000000003, 2.676)",0.030436426724137933,2.676
"[2.676, 2.677)",0.06173985857894738,2.677
"[2.677, 2.678)",0.030001981405405404,2.678
"[2.678, 2.6790000000000003)",0.023759176034482757,2.679
"[2.6790000000000003, 2.68)",0.033079601665624986,2.68
"[2.68, 2.681)",0.031152537818181815,2.681
"[2.681, 2.682)",0.028128578992307692,2.682
"[2.682, 2.6830000000000003)",0.034218672240000005,2.683
"[2.6830000000000003, 2.684)",0.044038794314285694,2.684
"[2.684, 2.685)",0.0259084252,2.685
"[2.685, 2.686)",0.04737093474999999,2.686
"[2.686, 2.6870000000000003)",0.03487307746153846,2.687
"[2.6870000000000003, 2.688)",0.034004890400000015,2.688
"[2.688, 2.689)",0.08148544071875,2.689
"[2.689, 2.69)",0.025975205071428566,2.69
"[2.69, 2.691)",0.037173044567567565,2.691
"[2.691, 2.692)",0.028140600133333336,2.692
"[2.692, 2.693)",0.041793204612903236,2.693
"[2.693, 2.694)",0.049816222366666656,2.694
"[2.694, 2.695)",0.022481691428571433,2.695
"[2.695, 2.696)",0.018753674396,2.696
"[2.696, 2.697)",0.017644146593750003,2.697
"[2.697, 2.698)",0.02471241503928572,2.698
"[2.698, 2.699)",0.01748618280967742,2.699
"[2.699, 2.7)",0.03811953184375,2.7
"[2.7, 2.701)",0.011925013513333338,2.701
"[2.701, 2.702)",0.10114395273913045,2.702
"[2.702, 2.703)",0.021430964535714282,2.703
"[2.703, 2.704)",0.03158670734482759,2.704
"[2.704, 2.705)",0.03601526121538461,2.705
"[2.705, 2.706)",0.06256705305555557,2.706
"[2.706, 2.707)",0.02146570366666667,2.707
"[2.707, 2.708)",0.03727175037931034,2.708
"[2.708, 2.709)",0.023341060107142857,2.709
"[2.709, 2.71)",0.028100895909090907,2.71
"[2.71, 2.711)",0.04816311107142857,2.711
"[2.711, 2.712)",0.01910822165517241,2.712
"[2.712, 2.713)",0.029756249679411758,2.713
"[2.713, 2.714)",0.05413019007407406,2.714
"[2.714, 2.715)",0.02067629128571429,2.715
"[2.715, 2.716)",0.03249875555813953,2.716
"[2.716, 2.717)",0.021381136148148152,2.717
"[2.717, 2.718)",0.02360722925,2.718
"[2.718, 2.719)",0.03442596088461538,2.719
"[2.719, 2.72)",0.021393323150000004,2.72
"[2.72, 2.721)",0.02604245274666666,2.721
"[2.721, 2.722)",0.027404486277777772,2.722
"[2.722, 2.723)",0.016990043000000003,2.723
"[2.723, 2.724)",0.03138619659375,2.724
"[2.724, 2.725)",0.01744187144,2.725
"[2.725, 2.726)",0.015486394444444447,2.726
"[2.726, 2.727)",0.021024246129032264,2.727
"[2.727, 2.728)",0.014767543921739134,2.728
"[2.728, 2.729)",0.03199973012758621,2.729
"[2.729, 2.73)",0.10013341800370368,2.73
"[2.73, 2.731)",0.01203497343235294,2.731
"[2.731, 2.732)",0.013011443137931036,2.732
"[2.732, 2.733)",0.06666699792916668,2.733
"[2.733, 2.734)",0.03093605322222223,2.734
"[2.734, 2.735)",0.014950372460000003,2.735
"[2.735, 2.736)",0.0328474508095238,2.736
"[2.736, 2.737)",0.041995518149999994,2.737
"[2.737, 2.738)",0.07463922425454544,2.738
"[2.738, 2.739)",0.02662522914347826,2.739
"[2.739, 2.74)",0.05120443225925926,2.74
"[2.74, 2.741)",0.03256577308,2.741
"[2.741, 2.742)",0.0262751162962963,2.742
"[2.742, 2.743)",0.007793306214285713,2.743
"[2.743, 2.744)",0.021077078966666673,2.744
"[2.744, 2.745)",0.029073029178571425,2.745
"[2.745, 2.746)",0.01575780654545455,2.746
"[2.746, 2.747)",0.06263691627586207,2.747
"[2.747, 2.748)",0.02392955491666666,2.748
"[2.748, 2.749)",0.0667911367777778,2.749
"[2.749, 2.75)",0.04605935683333335,2.75
"[2.75, 2.751)",0.13157278211764703,2.751
"[2.751, 2.7520000000000002)",0.05092711557586206,2.752
"[2.7520000000000002, 2.753)",0.029843691727272734,2.753
"[2.753, 2.754)",0.04714479709999999,2.754
"[2.754, 2.755)",0.08103660330434784,2.755
"[2.755, 2.7560000000000002)",0.041050873470588244,2.756
"[2.7560000000000002, 2.757)",0.017519885840000006,2.757
"[2.757, 2.758)",0.04724676913793102,2.758
"[2.758, 2.759)",0.05116614696296299,2.759
"[2.759, 2.7600000000000002)",0.06144568250000001,2.76
"[2.7600000000000002, 2.761)",0.03941500697142857,2.761
"[2.761, 2.762)",0.05187167954166669,2.762
"[2.762, 2.763)",0.069570153,2.763
"[2.763, 2.7640000000000002)",0.004270160666666666,2.764
"[2.7640000000000002, 2.765)",0.05699085457368422,2.765
"[2.765, 2.766)",0.019092265,2.766
"[2.766, 2.767)",0.06926040011538462,2.767
"[2.767, 2.7680000000000002)",0.03851130565217391,2.768
"[2.7680000000000002, 2.769)",0.014816837222222224,2.769
"[2.769, 2.77)",0.02511295960869565,2.77
"[2.77, 2.771)",0.07246957482608697,2.771
"[2.771, 2.7720000000000002)",0.028950293727272734,2.772
"[2.7720000000000002, 2.773)",0.025344822000000003,2.773
"[2.773, 2.774)",0.028881578631578943,2.774
"[2.774, 2.775)",0.01718831025,2.775
"[2.775, 2.7760000000000002)",0.03906438826086956,2.776
"[2.7760000000000002, 2.777)",0.046500367285714286,2.777
"[2.777, 2.778)",0.04725689145161294,2.778
"[2.778, 2.779)",0.07127684629166667,2.779
"[2.779, 2.7800000000000002)",0.0612911170967742,2.78
"[2.7800000000000002, 2.781)",0.030095536037037032,2.781
"[2.781, 2.782)",0.02661225595365855,2.782
"[2.782, 2.783)",0.030370200090909082,2.783
"[2.783, 2.7840000000000003)",0.018091266892592592,2.784
"[2.7840000000000003, 2.785)",0.07623255529411765,2.785
"[2.785, 2.786)",0.03315174460869565,2.786
"[2.786, 2.787)",0.02279541704761905,2.787
"[2.787, 2.7880000000000003)",0.024718722467777777,2.788
"[2.7880000000000003, 2.789)",0.02957647065,2.789
"[2.789, 2.79)",0.02368235803125,2.79
"[2.79, 2.791)",0.02223390827272728,2.791
"[2.791, 2.7920000000000003)",0.024626849200000005,2.792
"[2.7920000000000003, 2.793)",0.07585915248387097,2.793
"[2.793, 2.794)",0.021156604087096773,2.794
"[2.794, 2.795)",0.09197196136363636,2.795
"[2.795, 2.7960000000000003)",0.0760301871666667,2.796
"[2.7960000000000003, 2.797)",0.033124681,2.797
"[2.797, 2.798)",0.014838592029411764,2.798
"[2.798, 2.799)",0.044463368981818185,2.799
"[2.799, 2.8000000000000003)",0.03555923956250002,2.8
"[2.8000000000000003, 2.801)",0.03668360500000001,2.801
"[2.801, 2.802)",0.11177052738666668,2.802
"[2.802, 2.803)",0.061863714400000006,2.803
"[2.803, 2.8040000000000003)",0.036216650821428574,2.804
"[2.8040000000000003, 2.805)",0.08153415420588236,2.805
"[2.805, 2.806)",0.014012059041666669,2.806
"[2.806, 2.807)",0.027029467181818177,2.807
"[2.807, 2.8080000000000003)",0.010053063115384618,2.808
"[2.8080000000000003, 2.809)",0.03305952345454546,2.809
"[2.809, 2.81)",0.009245837333333331,2.81
"[2.81, 2.811)",0.015911864128571426,2.811
"[2.811, 2.8120000000000003)",0.10490033219523807,2.812
"[2.8120000000000003, 2.813)",0.03362339871428571,2.813
"[2.813, 2.814)",0.072327649164,2.814
"[2.814, 2.815)",0.038228981161290324,2.815
"[2.815, 2.816)",0.028366197781249998,2.816
"[2.816, 2.817)",0.03817146617241381,2.817
"[2.817, 2.818)",0.023375872999999995,2.818
"[2.818, 2.819)",0.025141360206451614,2.819
"[2.819, 2.82)",0.02502090181481482,2.82
"[2.82, 2.821)",0.028396200590909085,2.821
"[2.821, 2.822)",0.08055669175862068,2.822
"[2.822, 2.823)",0.024858183500000006,2.823
"[2.823, 2.824)",0.04846026478947368,2.824
"[2.824, 2.825)",0.043550921321428564,2.825
"[2.825, 2.826)",0.05049719825000001,2.826
"[2.826, 2.827)",0.020711214275862064,2.827
"[2.827, 2.828)",0.02286140840909091,2.828
"[2.828, 2.829)",0.02126260866666667,2.829
"[2.829, 2.83)",0.0626729945,2.83
"[2.83, 2.831)",0.04654877958333334,2.831
"[2.831, 2.832)",0.03639435331904762,2.832
"[2.832, 2.833)",0.01152052491666667,2.833
"[2.833, 2.834)",0.040503680272727265,2.834
"[2.834, 2.835)",0.017804238789473684,2.835
"[2.835, 2.836)",0.016329336625,2.836
"[2.836, 2.837)",0.011045182199999998,2.837
"[2.837, 2.838)",0.023018448500000007,2.838
"[2.838, 2.839)",0.012908371214285716,2.839
"[2.839, 2.84)",0.017573796313888886,2.84
"[2.84, 2.841)",0.01942349825961539,2.841
"[2.841, 2.842)",0.08506044611538463,2.842
"[2.842, 2.843)",0.0453728905,2.843
"[2.843, 2.844)",0.05603516105000002,2.844
"[2.844, 2.845)",0.015368093739130433,2.845
"[2.845, 2.846)",0.07957780949999997,2.846
"[2.846, 2.847)",0.03671040456249999,2.847
"[2.847, 2.848)",0.05244516766666665,2.848
"[2.848, 2.849)",0.016978743933333335,2.849
"[2.849, 2.85)",0.02049262630909091,2.85
"[2.85, 2.851)",0.02352808328947369,2.851
"[2.851, 2.852)",0.014574703388461544,2.852
"[2.852, 2.853)",0.0370314598125,2.853
"[2.853, 2.854)",0.07126522528571429,2.854
"[2.854, 2.855)",0.11331312276923078,2.855
"[2.855, 2.856)",0.022371491863157896,2.856
"[2.856, 2.857)",0.0515433623826087,2.857
"[2.857, 2.858)",0.01902081795,2.858
"[2.858, 2.859)",0.012044688500000001,2.859
"[2.859, 2.86)",0.020111909500000004,2.86
"[2.86, 2.861)",0.0163138188,2.861
"[2.861, 2.862)",0.025214490004545453,2.862
"[2.862, 2.863)",0.019002535435000002,2.863
"[2.863, 2.864)",0.040061181913043475,2.864
"[2.864, 2.865)",0.025858566277777776,2.865
"[2.865, 2.866)",0.0423221164736842,2.866
"[2.866, 2.867)",0.0233859009,2.867
"[2.867, 2.868)",0.06551546538095239,2.868
"[2.868, 2.869)",0.017902005999999998,2.869
"[2.869, 2.87)",0.059879311200000014,2.87
"[2.87, 2.871)",0.015528126946153846,2.871
"[2.871, 2.872)",0.015048146090000006,2.872
"[2.872, 2.873)",0.02323824161923077,2.873
"[2.873, 2.874)",0.040815314250000005,2.874
"[2.874, 2.875)",0.011867151533333332,2.875
"[2.875, 2.876)",0.014049654346153852,2.876
"[2.876, 2.8770000000000002)",0.022903078342105265,2.877
"[2.8770000000000002, 2.878)",0.0359207444,2.878
"[2.878, 2.879)",0.023261402521739135,2.879
"[2.879, 2.88)",0.03802038442857143,2.88
"[2.88, 2.8810000000000002)",0.045328045111111104,2.881
"[2.8810000000000002, 2.882)",0.020645293260869568,2.882
"[2.882, 2.883)",0.036767741845454546,2.883
"[2.883, 2.884)",0.01711072521363637,2.884
"[2.884, 2.8850000000000002)",0.020375605245454547,2.885
"[2.8850000000000002, 2.886)",0.031788848380952375,2.886
"[2.886, 2.887)",0.02926821751519999,2.887
"[2.887, 2.888)",0.04373598125,2.888
"[2.888, 2.8890000000000002)",0.017623152608695652,2.889
"[2.8890000000000002, 2.89)",0.025348153181818187,2.89
"[2.89, 2.891)",0.020246933604347834,2.891
"[2.891, 2.892)",0.02719638008571428,2.892
"[2.892, 2.8930000000000002)",0.014626808210526318,2.893
"[2.8930000000000002, 2.894)",0.0299924156368421,2.894
"[2.894, 2.895)",0.0921651307647059,2.895
"[2.895, 2.896)",0.026538536874999994,2.896
"[2.896, 2.8970000000000002)",0.026396566933333334,2.897
"[2.8970000000000002, 2.898)",0.02723176904444445,2.898
"[2.898, 2.899)",0.041115636812499995,2.899
"[2.899, 2.9)",0.011864630916666665,2.9
"[2.9, 2.9010000000000002)",0.03065232763636364,2.901
"[2.9010000000000002, 2.902)",0.04411456950499999,2.902
"[2.902, 2.903)",0.009994995384615384,2.903
"[2.903, 2.904)",0.02704867411111112,2.904
"[2.904, 2.9050000000000002)",0.03439891322631579,2.905
"[2.9050000000000002, 2.906)",0.03695826401515151,2.906
"[2.906, 2.907)",0.03628686768181818,2.907
"[2.907, 2.908)",0.013852344357142858,2.908
"[2.908, 2.9090000000000003)",0.026744225416666666,2.909
"[2.9090000000000003, 2.91)",0.014068317296296297,2.91
"[2.91, 2.911)",0.03336421795,2.911
"[2.911, 2.912)",0.012230321541666665,2.912
"[2.912, 2.9130000000000003)",0.037329900619047625,2.913
"[2.9130000000000003, 2.914)",0.02919498736842106,2.914
"[2.914, 2.915)",0.028022514150000004,2.915
"[2.915, 2.916)",0.02335938588461539,2.916
"[2.916, 2.9170000000000003)",0.029382754470588232,2.917
"[2.9170000000000003, 2.918)",0.017204789772727273,2.918
"[2.918, 2.919)",0.012636295210526314,2.919
"[2.919, 2.92)",0.07507082347619047,2.92
"[2.92, 2.9210000000000003)",0.02070432284210526,2.921
"[2.9210000000000003, 2.922)",0.027256176647058827,2.922
"[2.922, 2.923)",0.046764264178571435,2.923
"[2.923, 2.924)",0.020887164708333336,2.924
"[2.924, 2.9250000000000003)",0.00813382,2.925
"[2.9250000000000003, 2.926)",0.014422914764705882,2.926
"[2.926, 2.927)",0.012804476090909095,2.927
"[2.927, 2.928)",0.02219362494736842,2.928
"[2.928, 2.9290000000000003)",0.06993304700000001,2.929
"[2.9290000000000003, 2.93)",0.02792067453571429,2.93
"[2.93, 2.931)",0.030020947105263162,2.931
"[2.931, 2.932)",0.04303720311764706,2.932
"[2.932, 2.9330000000000003)",0.07289130950000001,2.933
"[2.9330000000000003, 2.934)",0.02559670516129033,2.934
"[2.934, 2.935)",0.009875218555172413,2.935
"[2.935, 2.936)",0.017009197750000003,2.936
"[2.936, 2.9370000000000003)",0.04183351376470587,2.937
"[2.9370000000000003, 2.938)",0.03659110882142857,2.938
"[2.938, 2.939)",0.012262728217391305,2.939
"[2.939, 2.94)",0.03921601540740741,2.94
"[2.94, 2.9410000000000003)",0.02429568203181818,2.941
"[2.9410000000000003, 2.942)",0.03534402764705882,2.942
"[2.942, 2.943)",0.01435703568181818,2.943
"[2.943, 2.944)",0.0509054169130435,2.944
"[2.944, 2.945)",0.018862182920000005,2.945
"[2.945, 2.946)",0.06266017555172414,2.946
"[2.946, 2.947)",0.04254396106451613,2.947
"[2.947, 2.948)",0.0313247719047619,2.948
"[2.948, 2.949)",0.06556979926129033,2.949
"[2.949, 2.95)",0.028133497153846148,2.95
"[2.95, 2.951)",0.010369424166666667,2.951
"[2.951, 2.952)",0.0494247001875,2.952
"[2.952, 2.953)",0.02791190082352941,2.953
"[2.953, 2.954)",0.016653138096428575,2.954
"[2.954, 2.955)",0.02182969818181818,2.955
"[2.955, 2.956)",0.05221196092307693,2.956
"[2.956, 2.957)",0.08670953750000002,2.957
"[2.957, 2.958)",0.059519249768,2.958
"[2.958, 2.959)",0.018622687237037038,2.959
"[2.959, 2.96)",0.01976450404166667,2.96
"[2.96, 2.961)",0.06054032229999999,2.961
"[2.961, 2.962)",0.06817857333333334,2.962
"[2.962, 2.963)",0.01616980652941177,2.963
"[2.963, 2.964)",0.015228727806250002,2.964
"[2.964, 2.965)",0.021966396277777783,2.965
"[2.965, 2.966)",0.07040643416,2.966
"[2.966, 2.967)",0.033562002,2.967
"[2.967, 2.968)",0.03203737668181819,2.968
"[2.968, 2.969)",0.028908218294736842,2.969
"[2.969, 2.97)",0.04366639307692309,2.97
"[2.97, 2.971)",0.018374352117647062,2.971
"[2.971, 2.972)",0.021064645965517242,2.972
"[2.972, 2.973)",0.02489390277777778,2.973
"[2.973, 2.974)",0.030743107333333335,2.974
"[2.974, 2.975)",0.014406618058823529,2.975
"[2.975, 2.976)",0.02016222794444445,2.976
"[2.976, 2.977)",0.022803716181818187,2.977
"[2.977, 2.978)",0.005519639449999999,2.978
"[2.978, 2.979)",0.019374555458333338,2.979
"[2.979, 2.98)",0.07815201000000001,2.98
"[2.98, 2.981)",0.045422174785714274,2.981
"[2.981, 2.982)",0.01881355265384615,2.982
"[2.982, 2.983)",0.03093540286111112,2.983
"[2.983, 2.984)",0.022613319172413795,2.984
"[2.984, 2.985)",0.08918178475,2.985
"[2.985, 2.986)",0.028387687333333328,2.986
"[2.986, 2.987)",0.030075452266666667,2.987
"[2.987, 2.988)",0.03378406026086956,2.988
"[2.988, 2.989)",0.0654756958,2.989
"[2.989, 2.99)",0.021496161434782612,2.99
"[2.99, 2.991)",0.01564480442857143,2.991
"[2.991, 2.992)",0.040169557333333335,2.992
"[2.992, 2.993)",0.014698333635000001,2.993
"[2.993, 2.994)",0.02987089833333333,2.994
"[2.994, 2.995)",0.015541312736842111,2.995
"[2.995, 2.996)",0.07288317529411763,2.996
"[2.996, 2.997)",0.01408108393333333,2.997
"[2.997, 2.998)",0.07257273096296296,2.998
"[2.998, 2.999)",0.04014611495652175,2.999
"[2.999, 3.0)",0.02168268233333334,3.0
"[3.0, 3.001)",0.015757988833333333,3.001
"[3.001, 3.0020000000000002)",0.01819387342857143,3.002
"[3.0020000000000002, 3.003)",0.07008257284615384,3.003
"[3.003, 3.004)",0.009059042234615384,3.004
"[3.004, 3.005)",0.020404227733333336,3.005
"[3.005, 3.0060000000000002)",0.0441348368,3.006
"[3.0060000000000002, 3.007)",0.07646030117241381,3.007
"[3.007, 3.008)",0.02844121630769231,3.008
"[3.008, 3.009)",0.03748703976,3.009
"[3.009, 3.0100000000000002)",0.036490356392307695,3.01
"[3.0100000000000002, 3.011)",0.008960214656521737,3.011
"[3.011, 3.012)",0.05544737770967742,3.012
"[3.012, 3.013)",0.028089814999999997,3.013
"[3.013, 3.0140000000000002)",0.06432460740909093,3.014
"[3.0140000000000002, 3.015)",0.06334171661111114,3.015
"[3.015, 3.016)",0.02146415553157895,3.016
"[3.016, 3.017)",0.020413503923076923,3.017
"[3.017, 3.0180000000000002)",0.02832780949999999,3.018
"[3.0180000000000002, 3.019)",0.014268150680000004,3.019
"[3.019, 3.02)",0.05394598538888888,3.02
"[3.02, 3.021)",0.036118279772727274,3.021
"[3.021, 3.0220000000000002)",0.035762985500000004,3.022
"[3.0220000000000002, 3.023)",0.009303398299999998,3.023
"[3.023, 3.024)",0.04868787003076923,3.024
"[3.024, 3.025)",0.03288831871999999,3.025
"[3.025, 3.0260000000000002)",0.02099264355925926,3.026
"[3.0260000000000002, 3.027)",0.03825438529999999,3.027
"[3.027, 3.028)",0.035364281517241386,3.028
"[3.028, 3.029)",0.06856783205200001,3.029
"[3.029, 3.0300000000000002)",0.06088989306666666,3.03
"[3.0300000000000002, 3.031)",0.06308756210714288,3.031
"[3.031, 3.032)",0.024629974074074076,3.032
"[3.032, 3.033)",0.07202772048,3.033
"[3.033, 3.0340000000000003)",0.028342859833333327,3.034
"[3.0340000000000003, 3.035)",0.0383690058076923,3.035
"[3.035, 3.036)",0.03868119301351351,3.036
"[3.036, 3.037)",0.02686942114705882,3.037
"[3.037, 3.0380000000000003)",0.029768449985714283,3.038
"[3.0380000000000003, 3.039)",0.029775805227272724,3.039
"[3.039, 3.04)",0.06875982183333335,3.04
"[3.04, 3.041)",0.0362364178,3.041
"[3.041, 3.0420000000000003)",0.04740965419999999,3.042
"[3.0420000000000003, 3.043)",0.020171198857142855,3.043
"[3.043, 3.044)",0.022225547315789473,3.044
"[3.044, 3.045)",0.025855109,3.045
"[3.045, 3.0460000000000003)",0.014787271439999998,3.046
"[3.0460000000000003, 3.047)",0.036753274999999995,3.047
"[3.047, 3.048)",0.037834286374999984,3.048
"[3.048, 3.049)",0.039756135775,3.049
"[3.049, 3.0500000000000003)",0.015200186842105265,3.05
"[3.0500000000000003, 3.051)",0.017631546576470584,3.051
"[3.051, 3.052)",0.027993827652173925,3.052
"[3.052, 3.053)",0.03355689369444445,3.053
"[3.053, 3.0540000000000003)",0.014502665416666671,3.054
"[3.0540000000000003, 3.055)",0.019892325789473687,3.055
"[3.055, 3.056)",0.025099645891999995,3.056
"[3.056, 3.057)",0.016851953150000005,3.057
"[3.057, 3.0580000000000003)",0.03959727476190476,3.058
"[3.0580000000000003, 3.059)",0.030574801766666666,3.059
"[3.059, 3.06)",0.04508801194117647,3.06
"[3.06, 3.061)",0.03543100136363637,3.061
"[3.061, 3.0620000000000003)",0.06565021453333333,3.062
"[3.0620000000000003, 3.063)",0.023690107416666665,3.063
"[3.063, 3.064)",0.014960236642857144,3.064
"[3.064, 3.065)",0.02520184443478261,3.065
"[3.065, 3.0660000000000003)",0.08396224475000001,3.066
"[3.0660000000000003, 3.067)",0.03472847323999999,3.067
"[3.067, 3.068)",0.03897786889666668,3.068
"[3.068, 3.069)",0.07135725976190475,3.069
"[3.069, 3.0700000000000003)",0.012293298666666667,3.07
"[3.0700000000000003, 3.071)",0.020583176853333333,3.071
"[3.071, 3.072)",0.043290526592592596,3.072
"[3.072, 3.073)",0.02325408707142857,3.073
"[3.073, 3.074)",0.025398942363636358,3.074
"[3.074, 3.075)",0.03611228039285713,3.075
"[3.075, 3.076)",0.030758592293548378,3.076
"[3.076, 3.077)",0.04579063862499999,3.077
"[3.077, 3.078)",0.05834759938095239,3.078
"[3.078, 3.079)",0.035329106799999996,3.079
"[3.079, 3.08)",0.03273728796,3.08
"[3.08, 3.081)",0.03199898917647058,3.081
"[3.081, 3.082)",0.015593612687500001,3.082
"[3.082, 3.083)",0.013579720250000002,3.083
"[3.083, 3.084)",0.02078041982608696,3.084
"[3.084, 3.085)",0.025405231437500002,3.085
"[3.085, 3.086)",0.029250830588235292,3.086
"[3.086, 3.087)",0.05331969455,3.087
"[3.087, 3.088)",0.028716043288000006,3.088
"[3.088, 3.089)",0.032668917500000005,3.089
"[3.089, 3.09)",0.022155807273333335,3.09
"[3.09, 3.091)",0.0234997406,3.091
"[3.091, 3.092)",0.01938700761111111,3.092
"[3.092, 3.093)",0.013927331368181816,3.093
"[3.093, 3.094)",0.026640081050000004,3.094
"[3.094, 3.095)",0.045698830695652164,3.095
"[3.095, 3.096)",0.030558093595833325,3.096
"[3.096, 3.097)",0.04271238588235296,3.097
"[3.097, 3.098)",0.02482127470833333,3.098
"[3.098, 3.099)",0.02030715128,3.099
"[3.099, 3.1)",0.013504667960000003,3.1
"[3.1, 3.101)",0.05028482668181819,3.101
"[3.101, 3.102)",0.032714077249999994,3.102
"[3.102, 3.103)",0.04219704364285716,3.103
"[3.103, 3.104)",0.026216216318181818,3.104
"[3.104, 3.105)",0.027642189777777777,3.105
"[3.105, 3.106)",0.04643413604761905,3.106
"[3.106, 3.107)",0.020838943526315788,3.107
"[3.107, 3.108)",0.08087784977777777,3.108
"[3.108, 3.109)",0.038112876999999996,3.109
"[3.109, 3.11)",0.04037991881666666,3.11
"[3.11, 3.111)",0.023980569672222223,3.111
"[3.111, 3.112)",0.04524111445454545,3.112
"[3.112, 3.113)",0.017245225727272728,3.113
"[3.113, 3.114)",0.010178014357142856,3.114
"[3.114, 3.115)",0.0513463786,3.115
"[3.115, 3.116)",0.06503607742307695,3.116
"[3.116, 3.117)",0.02374110911851852,3.117
"[3.117, 3.118)",0.030790759249999994,3.118
"[3.118, 3.119)",0.008719657,3.119
"[3.119, 3.12)",0.049543289379310344,3.12
"[3.12, 3.121)",0.07202763890384614,3.121
"[3.121, 3.122)",0.04450101002105265,3.122
"[3.122, 3.123)",0.026156484665714283,3.123
"[3.123, 3.124)",0.0215610746,3.124
"[3.124, 3.125)",0.09794218926086959,3.125
"[3.125, 3.126)",0.02658254369047618,3.126
"[3.126, 3.1270000000000002)",0.020009611428571432,3.127
"[3.1270000000000002, 3.128)",0.020232568229166668,3.128
"[3.128, 3.129)",0.021299634058823534,3.129
"[3.129, 3.13)",0.0532804414375,3.13
"[3.13, 3.1310000000000002)",0.036479954714285716,3.131
"[3.1310000000000002, 3.132)",0.05024039290000001,3.132
"[3.132, 3.133)",0.02047843772222223,3.133
"[3.133, 3.134)",0.022350247714285714,3.134
"[3.134, 3.1350000000000002)",0.018577756269230774,3.135
"[3.1350000000000002, 3.136)",0.066461149875,3.136
"[3.136, 3.137)",0.022499711513636365,3.137
"[3.137, 3.138)",0.033389791447058836,3.138
"[3.138, 3.1390000000000002)",0.022538775559999998,3.139
"[3.1390000000000002, 3.14)",0.015596215514285722,3.14
"[3.14, 3.141)",0.014841234227272727,3.141
"[3.141, 3.142)",0.0408435251875,3.142
"[3.142, 3.1430000000000002)",0.02719602058333333,3.143
"[3.1430000000000002, 3.144)",0.023557810666666665,3.144
"[3.144, 3.145)",0.03568477064705883,3.145
"[3.145, 3.146)",0.0146071941875,3.146
"[3.146, 3.1470000000000002)",0.019371666470588234,3.147
"[3.1470000000000002, 3.148)",0.011542609857142856,3.148
"[3.148, 3.149)",0.021373457300000002,3.149
"[3.149, 3.15)",0.025786534791666663,3.15
"[3.15, 3.1510000000000002)",0.022178792374999996,3.151
"[3.1510000000000002, 3.152)",0.011584371857142858,3.152
"[3.152, 3.153)",0.03054366452631579,3.153
"[3.153, 3.154)",0.01933543008333333,3.154
"[3.154, 3.1550000000000002)",0.020360711705882356,3.155
"[3.1550000000000002, 3.156)",0.009282190866666666,3.156
"[3.156, 3.157)",0.03802634088888889,3.157
"[3.157, 3.158)",0.027288768285714284,3.158
"[3.158, 3.1590000000000003)",0.05243818976470588,3.159
"[3.1590000000000003, 3.16)",0.0770382409230769,3.16
"[3.16, 3.161)",0.04946668136842104,3.161
"[3.161, 3.162)",0.0666391503,3.162
"[3.162, 3.1630000000000003)",0.04192397325,3.163
"[3.1630000000000003, 3.164)",0.04909462899999999,3.164
"[3.164, 3.165)",0.026853960666666666,3.165
"[3.165, 3.166)",0.03697703662500001,3.166
"[3.166, 3.1670000000000003)",0.022308128,3.167
"[3.1670000000000003, 3.168)",0.037465980850000004,3.168
"[3.168, 3.169)",0.025025925944444447,3.169
"[3.169, 3.17)",0.0082210313,3.17
"[3.17, 3.1710000000000003)",0.09466561092857144,3.171
"[3.1710000000000003, 3.172)",0.227882578,3.172
"[3.172, 3.173)",0.027601251888888886,3.173
"[3.173, 3.174)",0.08893334,3.174
"[3.174, 3.1750000000000003)",0.039703616894736844,3.175
"[3.1750000000000003, 3.176)",0.051075182045454554,3.176
"[3.176, 3.177)",0.013498039615384615,3.177
"[3.177, 3.178)",0.020227804333333335,3.178
"[3.178, 3.1790000000000003)",0.09977629307692305,3.179
"[3.1790000000000003, 3.18)",0.020200497142857144,3.18
"[3.18, 3.181)",0.0189506495,3.181
"[3.181, 3.182)",0.05022093004999999,3.182
"[3.182, 3.1830000000000003)",0.06768615609523809,3.183
"[3.1830000000000003, 3.184)",0.025704402727272733,3.184
"[3.184, 3.185)",0.037636377222222225,3.185
"[3.185, 3.186)",0.029276786399999997,3.186
"[3.186, 3.1870000000000003)",0.02624715373333333,3.187
"[3.1870000000000003, 3.188)",0.020579689600000003,3.188
"[3.188, 3.189)",0.06595964332000002,3.189
"[3.189, 3.19)",0.007884192857142858,3.19
"[3.19, 3.1910000000000003)",0.03322316107407407,3.191
"[3.1910000000000003, 3.192)",0.03641565373333333,3.192
"[3.192, 3.193)",0.07622702135294118,3.193
"[3.193, 3.194)",0.05172748604761904,3.194
"[3.194, 3.1950000000000003)",0.018435260000000002,3.195
"[3.1950000000000003, 3.196)",0.06461294833333334,3.196
"[3.196, 3.197)",0.04776143463636365,3.197
"[3.197, 3.198)",0.009802664714705884,3.198
"[3.198, 3.1990000000000003)",0.02550357327777778,3.199
"[3.1990000000000003, 3.2)",0.026960633666666664,3.2
"[3.2, 3.201)",0.01870454334782609,3.201
"[3.201, 3.202)",0.030599598299999996,3.202
"[3.202, 3.203)",0.04465068857142857,3.203
"[3.203, 3.204)",0.05937020883333334,3.204
"[3.204, 3.205)",0.015431287166666667,3.205
"[3.205, 3.206)",0.025573641978571426,3.206
"[3.206, 3.207)",0.0051400509090909095,3.207
"[3.207, 3.208)",0.027648203600000004,3.208
"[3.208, 3.209)",0.03680467888888889,3.209
"[3.209, 3.21)",0.015927096624999998,3.21
"[3.21, 3.211)",0.018952342583333337,3.211
"[3.211, 3.212)",0.11201450985714287,3.212
"[3.212, 3.213)",0.01213081111111111,3.213
"[3.213, 3.214)",0.03595221438888889,3.214
"[3.214, 3.215)",0.04097923994736843,3.215
"[3.215, 3.216)",0.009284867777777778,3.216
"[3.216, 3.217)",0.00424858025,3.217
"[3.217, 3.218)",0.09003543580000001,3.218
"[3.218, 3.219)",0.018874106299999995,3.219
"[3.219, 3.22)",0.08086521218750001,3.22
"[3.22, 3.221)",0.07955290615652175,3.221
"[3.221, 3.222)",0.0075151961428571445,3.222
"[3.222, 3.223)",0.0403473005,3.223
"[3.223, 3.224)",0.02756418752631579,3.224
"[3.224, 3.225)",0.13086630127272728,3.225
"[3.225, 3.226)",0.0049838275,3.226
"[3.226, 3.227)",0.0041357975,3.227
"[3.227, 3.228)",0.040775030663157893,3.228
"[3.228, 3.229)",0.027841236166666665,3.229
"[3.229, 3.23)",0.027730238319999993,3.23
"[3.23, 3.231)",0.019707082294117644,3.231
"[3.231, 3.232)",0.03437174686666667,3.232
"[3.232, 3.233)",0.035834956631578936,3.233
"[3.233, 3.234)",0.1119923053846154,3.234
"[3.234, 3.235)",0.0895383620625,3.235
"[3.235, 3.236)",0.020089337733333337,3.236
"[3.236, 3.237)",0.015522705555555556,3.237
"[3.237, 3.238)",0.01104573135882353,3.238
"[3.238, 3.239)",0.0392899717142857,3.239
"[3.239, 3.24)",0.039074957071428565,3.24
"[3.24, 3.241)",0.02845845080555555,3.241
"[3.241, 3.242)",0.026522902250000004,3.242
"[3.242, 3.243)",0.014655772124999997,3.243
"[3.243, 3.244)",0.01866532361304348,3.244
"[3.244, 3.245)",0.052020082473684205,3.245
"[3.245, 3.246)",0.026753820866666667,3.246
"[3.246, 3.247)",0.031085834444444446,3.247
"[3.247, 3.248)",0.040153017388888886,3.248
"[3.248, 3.249)",0.01414104065,3.249
"[3.249, 3.25)",0.050352165,3.25
"[3.25, 3.251)",0.010146173210526313,3.251
"[3.251, 3.2520000000000002)",0.03790738751851852,3.252
"[3.2520000000000002, 3.253)",0.023536970799999998,3.253
"[3.253, 3.254)",0.02316829013043479,3.254
"[3.254, 3.255)",0.05779863242105263,3.255
"[3.255, 3.2560000000000002)",0.004491271444444443,3.256
"[3.2560000000000002, 3.257)",0.02032172542857143,3.257
"[3.257, 3.258)",0.0250872274375,3.258
"[3.258, 3.259)",0.015283789588235293,3.259
"[3.259, 3.2600000000000002)",0.028159019222222224,3.26
"[3.2600000000000002, 3.261)",0.041176607971714296,3.261
"[3.261, 3.262)",0.01667986555555556,3.262
"[3.262, 3.263)",0.020711382728333335,3.263
"[3.263, 3.2640000000000002)",0.022684433421212125,3.264
"[3.2640000000000002, 3.265)",0.02190832406451612,3.265
"[3.265, 3.266)",0.057277305391304344,3.266
"[3.266, 3.267)",0.014426689,3.267
"[3.267, 3.2680000000000002)",0.07987018818181818,3.268
"[3.2680000000000002, 3.269)",0.008495669411764706,3.269
"[3.269, 3.27)",0.05289212884375,3.27
"[3.27, 3.271)",0.06225571944444445,3.271
"[3.271, 3.2720000000000002)",0.01861365370588235,3.272
"[3.2720000000000002, 3.273)",0.03664540711111111,3.273
"[3.273, 3.274)",0.028627335476190483,3.274
"[3.274, 3.275)",0.023195774450000005,3.275
"[3.275, 3.2760000000000002)",0.009006762523809525,3.276
"[3.2760000000000002, 3.277)",0.0160378476875,3.277
"[3.277, 3.278)",0.045634490914285716,3.278
"[3.278, 3.279)",0.03378768577599999,3.279
"[3.279, 3.2800000000000002)",0.013793244076923073,3.28
"[3.2800000000000002, 3.281)",0.07506788715789474,3.281
"[3.281, 3.282)",0.03007047023076922,3.282
"[3.282, 3.283)",0.07330574445000002,3.283
"[3.283, 3.2840000000000003)",0.054573002714285744,3.284
"[3.2840000000000003, 3.285)",0.01649089377777778,3.285
"[3.285, 3.286)",0.0461887115,3.286
"[3.286, 3.287)",0.041950127228125016,3.287
"[3.287, 3.2880000000000003)",0.017599029666666672,3.288
"[3.2880000000000003, 3.289)",0.0724486245,3.289
"[3.289, 3.29)",0.032211675852380946,3.29
"[3.29, 3.291)",0.01774435585294118,3.291
"[3.291, 3.2920000000000003)",0.04035587765384615,3.292
"[3.2920000000000003, 3.293)",0.020706106833333335,3.293
"[3.293, 3.294)",0.010079509068750004,3.294
"[3.294, 3.295)",0.06808940565,3.295
"[3.295, 3.2960000000000003)",0.017108569857142857,3.296
"[3.2960000000000003, 3.297)",0.011615457458333334,3.297
"[3.297, 3.298)",0.045148220749999995,3.298
"[3.298, 3.299)",0.01776392513636364,3.299
"[3.299, 3.3000000000000003)",0.01758109635,3.3
"[3.3000000000000003, 3.301)",0.017701157817857145,3.301
"[3.301, 3.302)",0.013155757789473681,3.302
"[3.302, 3.303)",0.039822508962068966,3.303
"[3.303, 3.3040000000000003)",0.014507927747619049,3.304
"[3.3040000000000003, 3.305)",0.02703791219047618,3.305
"[3.305, 3.306)",0.047749297421052626,3.306
"[3.306, 3.307)",0.03419475118181819,3.307
"[3.307, 3.3080000000000003)",0.07458258715384615,3.308
"[3.3080000000000003, 3.309)",0.016108494185185184,3.309
"[3.309, 3.31)",0.014778469723999998,3.31
"[3.31, 3.311)",0.03150402345454545,3.311
"[3.311, 3.3120000000000003)",0.02643552220833333,3.312
"[3.3120000000000003, 3.313)",0.048331422503448275,3.313
"[3.313, 3.314)",0.015422159727272726,3.314
"[3.314, 3.315)",0.05624096022222223,3.315
"[3.315, 3.3160000000000003)",0.016523436599999997,3.316
"[3.3160000000000003, 3.317)",0.017530284949999995,3.317
"[3.317, 3.318)",0.01973571123076923,3.318
"[3.318, 3.319)",0.020097707692307693,3.319
"[3.319, 3.3200000000000003)",0.009673169374999999,3.32
"[3.3200000000000003, 3.321)",0.020021227736842107,3.321
"[3.321, 3.322)",0.02242897408333333,3.322
"[3.322, 3.323)",0.02335689941666667,3.323
"[3.323, 3.3240000000000003)",0.026711997176470586,3.324
"[3.3240000000000003, 3.325)",0.03716236481818182,3.325
"[3.325, 3.326)",0.006695318899999999,3.326
"[3.326, 3.327)",0.03315081799999999,3.327
"[3.327, 3.3280000000000003)",0.06550090053333332,3.328
"[3.3280000000000003, 3.329)",0.055255358,3.329
"[3.329, 3.33)",0.015241824217391304,3.33
"[3.33, 3.331)",0.00907678,3.331
"[3.331, 3.332)",0.018014375066666664,3.332
"[3.332, 3.333)",0.04515271293333334,3.333
"[3.333, 3.334)",0.054031845599999996,3.334
"[3.334, 3.335)",0.18462449449999999,3.335
"[3.335, 3.336)",0.010194809533333333,3.336
"[3.336, 3.337)",0.03812541716666667,3.337
"[3.337, 3.338)",0.045459398636363633,3.338
"[3.338, 3.339)",0.0210662375,3.339
"[3.339, 3.34)",0.026151264199999996,3.34
"[3.34, 3.341)",0.030263652407142853,3.341
"[3.341, 3.342)",0.028797639197500002,3.342
"[3.342, 3.343)",0.021458490842105268,3.343
"[3.343, 3.344)",0.009885292,3.344
"[3.344, 3.345)",0.03948651733333333,3.345
"[3.345, 3.346)",0.02232371135294118,3.346
"[3.346, 3.347)",0.022603948692307693,3.347
"[3.347, 3.348)",0.0530508787142857,3.348
"[3.348, 3.349)",0.008661889105263158,3.349
"[3.349, 3.35)",0.021448807941176467,3.35
"[3.35, 3.351)",0.06901517648333333,3.351
"[3.351, 3.352)",0.05718369492,3.352
"[3.352, 3.353)",0.04719950041379309,3.353
"[3.353, 3.354)",0.04041559537499999,3.354
"[3.354, 3.355)",0.04252051966249999,3.355
"[3.355, 3.356)",0.032976920650000005,3.356
"[3.356, 3.357)",0.02479672327272727,3.357
"[3.357, 3.358)",0.04162988344444443,3.358
"[3.358, 3.359)",0.025084718157894738,3.359
"[3.359, 3.36)",0.037944587857142865,3.36
"[3.36, 3.361)",0.06561311383333333,3.361
"[3.361, 3.362)",0.007669226142857143,3.362
"[3.362, 3.363)",0.011303423066666669,3.363
"[3.363, 3.364)",0.033011561611111115,3.364
"[3.364, 3.365)",0.04839925366666665,3.365
"[3.365, 3.366)",0.045311051857142855,3.366
"[3.366, 3.367)",0.058722618384615385,3.367
"[3.367, 3.368)",0.013182534124999997,3.368
"[3.368, 3.369)",0.029299703933333334,3.369
"[3.369, 3.37)",0.02584552653846154,3.37
"[3.37, 3.371)",0.009374213999999999,3.371
"[3.371, 3.372)",0.009701568352941177,3.372
"[3.372, 3.373)",0.01666381125,3.373
"[3.373, 3.374)",0.026316392875,3.374
"[3.374, 3.375)",0.0194879559375,3.375
"[3.375, 3.376)",0.0302582576875,3.376
"[3.376, 3.3770000000000002)",0.06703953752941177,3.377
"[3.3770000000000002, 3.378)",0.052279657874999996,3.378
"[3.378, 3.379)",0.033735146623076924,3.379
"[3.379, 3.38)",0.024373208136363636,3.38
"[3.38, 3.3810000000000002)",0.01627659130769231,3.381
"[3.3810000000000002, 3.382)",0.011315107153846152,3.382
"[3.382, 3.383)",0.030493978947368418,3.383
"[3.383, 3.384)",0.026389559222222227,3.384
"[3.384, 3.3850000000000002)",0.012533732662499998,3.385
"[3.3850000000000002, 3.386)",0.0190998268,3.386
"[3.386, 3.387)",0.012422389636363636,3.387
"[3.387, 3.388)",0.01009585111764706,3.388
"[3.388, 3.3890000000000002)",0.017917331181818184,3.389
"[3.3890000000000002, 3.39)",0.03505716614285715,3.39
"[3.39, 3.391)",0.01592232665,3.391
"[3.391, 3.392)",0.03849361416666667,3.392
"[3.392, 3.3930000000000002)",0.019610747000000005,3.393
"[3.3930000000000002, 3.394)",0.020102571454545456,3.394
"[3.394, 3.395)",0.02951956311764706,3.395
"[3.395, 3.396)",0.06749605099999997,3.396
"[3.396, 3.3970000000000002)",0.0105031,3.397
"[3.3970000000000002, 3.398)",0.031699829230769236,3.398
"[3.398, 3.399)",0.018941458916666664,3.399
"[3.399, 3.4)",0.07634811257142857,3.4
"[3.4, 3.4010000000000002)",0.00821530181818182,3.401
"[3.4010000000000002, 3.402)",0.024652055809523815,3.402
"[3.402, 3.403)",0.016655192764705885,3.403
"[3.403, 3.404)",0.029943733876923083,3.404
"[3.404, 3.4050000000000002)",0.01852751257142857,3.405
"[3.4050000000000002, 3.406)",0.017645291222222224,3.406
"[3.406, 3.407)",0.052085341874999996,3.407
"[3.407, 3.408)",0.05874025752173913,3.408
"[3.408, 3.4090000000000003)",0.03851966908333333,3.409
"[3.4090000000000003, 3.41)",0.02576078784210527,3.41
"[3.41, 3.411)",0.017061501863636367,3.411
"[3.411, 3.412)",0.014591540588235292,3.412
"[3.412, 3.4130000000000003)",0.028078017000000004,3.413
"[3.4130000000000003, 3.414)",0.011195488333333335,3.414
"[3.414, 3.415)",0.02595812835714286,3.415
"[3.415, 3.416)",0.007800006153846155,3.416
"[3.416, 3.4170000000000003)",0.026338854499999998,3.417
"[3.4170000000000003, 3.418)",0.0718808397625,3.418
"[3.418, 3.419)",0.03422599358333333,3.419
"[3.419, 3.42)",0.08901553141176471,3.42
"[3.42, 3.4210000000000003)",0.011253392787499998,3.421
"[3.4210000000000003, 3.422)",0.02798185908941177,3.422
"[3.422, 3.423)",0.024863450428571434,3.423
"[3.423, 3.424)",0.0059472044545454536,3.424
"[3.424, 3.4250000000000003)",0.045417662364285696,3.425
"[3.4250000000000003, 3.426)",0.015486306625,3.426
"[3.426, 3.427)",0.02612814685714287,3.427
"[3.427, 3.428)",0.029118982933333332,3.428
"[3.428, 3.4290000000000003)",0.029690233473684192,3.429
"[3.4290000000000003, 3.43)",0.03919219086666668,3.43
"[3.43, 3.431)",0.012285569714285715,3.431
"[3.431, 3.432)",0.013684999758333332,3.432
"[3.432, 3.4330000000000003)",0.012273250242105264,3.433
"[3.4330000000000003, 3.434)",0.03169369522727273,3.434
"[3.434, 3.435)",0.061854924882352946,3.435
"[3.435, 3.436)",0.038650825891666664,3.436
"[3.436, 3.4370000000000003)",0.005212123666666666,3.437
"[3.4370000000000003, 3.438)",0.015967184416666665,3.438
"[3.438, 3.439)",0.036898457842105256,3.439
"[3.439, 3.44)",0.011497012624999999,3.44
"[3.44, 3.4410000000000003)",0.009202311857142858,3.441
"[3.4410000000000003, 3.442)",0.0501859270909091,3.442
"[3.442, 3.443)",0.03809323123076923,3.443
"[3.443, 3.444)",0.052256614166666666,3.444
"[3.444, 3.4450000000000003)",0.03862664885714285,3.445
"[3.4450000000000003, 3.446)",0.044725073733333336,3.446
"[3.446, 3.447)",0.02754297208333333,3.447
"[3.447, 3.448)",0.03760538750000001,3.448
"[3.448, 3.4490000000000003)",0.052757620714285705,3.449
"[3.4490000000000003, 3.45)",0.018915324111111114,3.45
"[3.45, 3.451)",0.05826114080952381,3.451
"[3.451, 3.452)",0.043692178312499996,3.452
"[3.452, 3.4530000000000003)",0.047563696111111116,3.453
"[3.4530000000000003, 3.454)",0.04268091052941177,3.454
"[3.454, 3.455)",0.016314634375,3.455
"[3.455, 3.456)",0.03348638429411764,3.456
"[3.456, 3.457)",0.0473139475,3.457
"[3.457, 3.458)",0.02208952327272727,3.458
"[3.458, 3.459)",0.0034433523333333334,3.459
"[3.459, 3.46)",0.012565177491666668,3.46
"[3.46, 3.461)",0.039361299,3.461
"[3.461, 3.462)",0.07667550792307692,3.462
"[3.462, 3.463)",0.024054455333333336,3.463
"[3.463, 3.464)",0.03852894638666667,3.464
"[3.464, 3.465)",0.014434831833333333,3.465
"[3.465, 3.466)",0.023280912,3.466
"[3.466, 3.467)",0.055287350000000006,3.467
"[3.467, 3.468)",0.04207102399999999,3.468
"[3.468, 3.469)",0.0055481196,3.469
"[3.469, 3.47)",0.039899435000000004,3.47
"[3.47, 3.471)",0.02945051822222222,3.471
"[3.471, 3.472)",0.00968468009090909,3.472
"[3.472, 3.473)",0.021175694622222224,3.473
"[3.473, 3.474)",0.022969883071428564,3.474
"[3.474, 3.475)",0.052007333727272724,3.475
"[3.475, 3.476)",0.040556919999999996,3.476
"[3.476, 3.477)",0.04024371285714285,3.477
"[3.477, 3.478)",0.06603960915384616,3.478
"[3.478, 3.479)",0.02631505888888889,3.479
"[3.479, 3.48)",0.0296799325,3.48
"[3.48, 3.481)",0.009762096625000001,3.481
"[3.481, 3.482)",0.014236146300000002,3.482
"[3.482, 3.483)",0.019847890416666666,3.483
"[3.483, 3.484)",0.01298541327272727,3.484
"[3.484, 3.485)",0.00821353111111111,3.485
"[3.485, 3.486)",0.006878055,3.486
"[3.486, 3.487)",0.037145028833333336,3.487
"[3.487, 3.488)",0.026745425384615384,3.488
"[3.488, 3.489)",0.018691434777777776,3.489
"[3.489, 3.49)",0.03933748824666667,3.49
"[3.49, 3.491)",0.02811427181818182,3.491
"[3.491, 3.492)",0.017061152222222223,3.492
"[3.492, 3.493)",0.0028192686,3.493
"[3.493, 3.494)",0.06853375789473683,3.494
"[3.494, 3.495)",0.0051456025,3.495
"[3.495, 3.496)",0.012269549266666667,3.496
"[3.496, 3.497)",0.08403902287500001,3.497
"[3.497, 3.498)",0.02757513166666667,3.498
"[3.498, 3.499)",0.018678081441666668,3.499
"[3.499, 3.5)",0.005796568777777778,3.5
"[3.5, 3.501)",0.029522906090909094,3.501
"[3.501, 3.5020000000000002)",0.06470036164285715,3.502
"[3.5020000000000002, 3.503)",0.0436269264,3.503
"[3.503, 3.504)",0.006287466222222222,3.504
"[3.504, 3.505)",0.06149643444444444,3.505
"[3.505, 3.5060000000000002)",0.030770393666666673,3.506
"[3.5060000000000002, 3.507)",0.024302394,3.507
"[3.507, 3.508)",0.04306271230000001,3.508
"[3.508, 3.509)",0.03370687330769231,3.509
"[3.509, 3.5100000000000002)",0.03262048208666666,3.51
"[3.5100000000000002, 3.511)",0.0343622722,3.511
"[3.511, 3.512)",0.0802324364,3.512
"[3.512, 3.513)",0.0925148940769231,3.513
"[3.513, 3.5140000000000002)",0.13171388560000002,3.514
"[3.5140000000000002, 3.515)",0.03452469461538461,3.515
"[3.515, 3.516)",0.0959216939090909,3.516
"[3.516, 3.517)",0.08247324371428574,3.517
"[3.517, 3.5180000000000002)",0.011496857999999999,3.518
"[3.5180000000000002, 3.519)",0.032650546263157894,3.519
"[3.519, 3.52)",0.08908263733333333,3.52
"[3.52, 3.521)",0.07886222799999999,3.521
"[3.521, 3.5220000000000002)",0.0261527849047619,3.522
"[3.5220000000000002, 3.523)",0.035891408199999995,3.523
"[3.523, 3.524)",0.028941612,3.524
"[3.524, 3.525)",0.040808977923076924,3.525
"[3.525, 3.5260000000000002)",0.11323601500000002,3.526
"[3.5260000000000002, 3.527)",0.03338596222222222,3.527
"[3.527, 3.528)",0.06428029157894737,3.528
"[3.528, 3.529)",0.0069548855,3.529
"[3.529, 3.5300000000000002)",0.00473491625,3.53
"[3.5300000000000002, 3.531)",0.08796741778571429,3.531
"[3.531, 3.532)",0.012143338285714287,3.532
"[3.532, 3.533)",0.01870729221,3.533
"[3.533, 3.5340000000000003)",0.019058378249999997,3.534
"[3.5340000000000003, 3.535)",0.022388783238461538,3.535
"[3.535, 3.536)",0.008870206100000002,3.536
"[3.536, 3.537)",0.012263906545454546,3.537
"[3.537, 3.5380000000000003)",0.016057636999999996,3.538
"[3.5380000000000003, 3.539)",0.11986166085714287,3.539
"[3.539, 3.54)",0.039913942499999994,3.54
"[3.54, 3.541)",0.035236474725,3.541
"[3.541, 3.5420000000000003)",0.01493182857142857,3.542
"[3.5420000000000003, 3.543)",0.0382372845,3.543
"[3.543, 3.544)",0.05695581816000002,3.544
"[3.544, 3.545)",0.0536322999117647,3.545
"[3.545, 3.5460000000000003)",0.00796987592857143,3.546
"[3.5460000000000003, 3.547)",0.03320209031818182,3.547
"[3.547, 3.548)",0.018719680076923078,3.548
"[3.548, 3.549)",0.020021479000000002,3.549
"[3.549, 3.5500000000000003)",0.025066303583333338,3.55
"[3.5500000000000003, 3.551)",0.01575876185714286,3.551
"[3.551, 3.552)",0.0249393575,3.552
"[3.552, 3.553)",0.04679444714285714,3.553
"[3.553, 3.5540000000000003)",0.022952657545454547,3.554
"[3.5540000000000003, 3.555)",0.023853356500000002,3.555
"[3.555, 3.556)",0.015027896666666667,3.556
"[3.556, 3.557)",0.084822338,3.557
"[3.557, 3.5580000000000003)",0.025578862675,3.558
"[3.5580000000000003, 3.559)",0.05825710366666667,3.559
"[3.559, 3.56)",0.042665512888888896,3.56
"[3.56, 3.561)",0.0577654903,3.561
"[3.561, 3.5620000000000003)",0.008199262555555555,3.562
"[3.5620000000000003, 3.563)",0.005895578435714285,3.563
"[3.563, 3.564)",0.046287220000000004,3.564
"[3.564, 3.565)",0.030072626666666664,3.565
"[3.565, 3.5660000000000003)",0.011599236909090909,3.566
"[3.5660000000000003, 3.567)",0.03961676521428571,3.567
"[3.567, 3.568)",0.0429038335,3.568
"[3.568, 3.569)",0.04749774909090909,3.569
"[3.569, 3.5700000000000003)",0.03747650333333333,3.57
"[3.5700000000000003, 3.571)",0.0213379188,3.571
"[3.571, 3.572)",0.007000373785714284,3.572
"[3.572, 3.573)",0.00923613,3.573
"[3.573, 3.5740000000000003)",0.08037670233333337,3.574
"[3.5740000000000003, 3.575)",0.032575214117647064,3.575
"[3.575, 3.576)",0.02543796090909091,3.576
"[3.576, 3.577)",0.018981699454545455,3.577
"[3.577, 3.5780000000000003)",0.028790273315789473,3.578
"[3.5780000000000003, 3.579)",0.021813710928571428,3.579
"[3.579, 3.58)",0.049684015066666656,3.58
"[3.58, 3.581)",0.028473040428571426,3.581
"[3.581, 3.5820000000000003)",0.043125141625,3.582
"[3.5820000000000003, 3.583)",0.014907369500000002,3.583
"[3.583, 3.584)",0.05342239893749999,3.584
"[3.584, 3.585)",0.05549930294444443,3.585
"[3.585, 3.586)",0.011319941470588237,3.586
"[3.586, 3.587)",0.022537544460000003,3.587
"[3.587, 3.588)",0.03954500090909092,3.588
"[3.588, 3.589)",0.031618704076923076,3.589
"[3.589, 3.59)",0.006274389416666667,3.59
"[3.59, 3.591)",0.05013083833333334,3.591
"[3.591, 3.592)",0.04157802936363636,3.592
"[3.592, 3.593)",0.031531399990909086,3.593
"[3.593, 3.594)",0.015024641416666666,3.594
"[3.594, 3.595)",0.0117051325,3.595
"[3.595, 3.596)",0.018331783642857143,3.596
"[3.596, 3.597)",0.023326497899999996,3.597
"[3.597, 3.598)",0.017322184615384616,3.598
"[3.598, 3.599)",0.012349985235294118,3.599
"[3.599, 3.6)",0.04935090946153846,3.6
"[3.6, 3.601)",0.00791393,3.601
"[3.601, 3.602)",0.020626208454545457,3.602
"[3.602, 3.603)",0.04395847716666667,3.603
"[3.603, 3.604)",0.005386951374999999,3.604
"[3.604, 3.605)",0.032424791,3.605
"[3.605, 3.606)",0.028573586,3.606
"[3.606, 3.607)",0.02162895811111111,3.607
"[3.607, 3.608)",0.0199160825875,3.608
"[3.608, 3.609)",0.01371220142857143,3.609
"[3.609, 3.61)",0.024312759999999996,3.61
"[3.61, 3.611)",0.12227668024999999,3.611
"[3.611, 3.612)",0.097275996,3.612
"[3.612, 3.613)",0.05341260466666666,3.613
"[3.613, 3.614)",0.035033654045,3.614
"[3.614, 3.615)",0.021693417142857142,3.615
"[3.615, 3.616)",0.01056470010769231,3.616
"[3.616, 3.617)",0.0049653105,3.617
"[3.617, 3.618)",0.027731077142857143,3.618
"[3.618, 3.619)",0.022941246258333336,3.619
"[3.619, 3.62)",0.0406083453,3.62
"[3.62, 3.621)",0.0295801203,3.621
"[3.621, 3.622)",0.039177796300000005,3.622
"[3.622, 3.623)",0.019004313666666665,3.623
"[3.623, 3.624)",0.016072960666666667,3.624
"[3.624, 3.625)",0.026342793885714286,3.625
"[3.625, 3.626)",0.00619147025,3.626
"[3.626, 3.6270000000000002)",0.054854177166666664,3.627
"[3.6270000000000002, 3.628)",0.050537649999999996,3.628
"[3.628, 3.629)",0.04503323,3.629
"[3.629, 3.63)",0.028826730400000007,3.63
"[3.63, 3.6310000000000002)",0.02459255225,3.631
"[3.6310000000000002, 3.632)",0.02228751383333333,3.632
"[3.632, 3.633)",0.03808543477777778,3.633
"[3.633, 3.634)",0.007335543333333333,3.634
"[3.634, 3.6350000000000002)",0.018603653571428576,3.635
"[3.6350000000000002, 3.636)",0.05188960025,3.636
"[3.636, 3.637)",0.015538890833333333,3.637
"[3.637, 3.638)",0.01671319027272727,3.638
"[3.638, 3.6390000000000002)",0.040498001454545456,3.639
"[3.6390000000000002, 3.64)",0.01531502433333333,3.64
"[3.64, 3.641)",0.007922718888888888,3.641
"[3.641, 3.642)",0.006881743266666666,3.642
"[3.642, 3.6430000000000002)",0.011324339484615384,3.643
"[3.6430000000000002, 3.644)",0.037762011160000004,3.644
"[3.644, 3.645)",0.020890704181818185,3.645
"[3.645, 3.646)",0.011068837142857143,3.646
"[3.646, 3.6470000000000002)",0.05275302471428572,3.647
"[3.6470000000000002, 3.648)",0.014177118333333334,3.648
"[3.648, 3.649)",0.0455092625,3.649
"[3.649, 3.65)",0.1428701406,3.65
"[3.65, 3.6510000000000002)",0.021018578727272728,3.651
"[3.6510000000000002, 3.652)",0.0463066661,3.652
"[3.652, 3.653)",0.021022498333333334,3.653
"[3.653, 3.654)",0.0322988563,3.654
"[3.654, 3.6550000000000002)",0.0153900989375,3.655
"[3.6550000000000002, 3.656)",0.06345430079090908,3.656
"[3.656, 3.657)",0.05620029555555555,3.657
"[3.657, 3.658)",0.0432306722923077,3.658
"[3.658, 3.6590000000000003)",0.015557168,3.659
"[3.6590000000000003, 3.66)",0.012912273909090909,3.66
"[3.66, 3.661)",0.04059177846153846,3.661
"[3.661, 3.662)",0.02352357475,3.662
"[3.662, 3.6630000000000003)",0.025973883333333333,3.663
"[3.6630000000000003, 3.664)",0.08165926330769231,3.664
"[3.664, 3.665)",0.041132676033333336,3.665
"[3.665, 3.666)",0.029119081272727276,3.666
"[3.666, 3.6670000000000003)",0.03229414466666667,3.667
"[3.6670000000000003, 3.668)",0.016587265249999997,3.668
"[3.668, 3.669)",0.010711087875,3.669
"[3.669, 3.67)",0.0080526292,3.67
"[3.67, 3.6710000000000003)",0.051784258066666665,3.671
"[3.6710000000000003, 3.672)",0.05100472916666666,3.672
"[3.672, 3.673)",0.16056731537500002,3.673
"[3.673, 3.674)",0.028661886999999997,3.674
"[3.674, 3.6750000000000003)",0.009881591625,3.675
"[3.6750000000000003, 3.676)",0.04205090118181818,3.676
"[3.676, 3.677)",0.0005388425666666667,3.677
"[3.677, 3.678)",0.019716444857142856,3.678
"[3.678, 3.6790000000000003)",0.030870913,3.679
"[3.6790000000000003, 3.68)",0.0273061789,3.68
"[3.68, 3.681)",0.02357786723076923,3.681
"[3.681, 3.682)",0.017102757,3.682
"[3.682, 3.6830000000000003)",0.01858627090909091,3.683
"[3.6830000000000003, 3.684)",0.011063573785714284,3.684
"[3.684, 3.685)",0.01682295725,3.685
"[3.685, 3.686)",0.008149997599999998,3.686
"[3.686, 3.6870000000000003)",0.0068088735,3.687
"[3.6870000000000003, 3.688)",0.030055222000000003,3.688
"[3.688, 3.689)",0.04616905428571429,3.689
"[3.689, 3.69)",0.01666941593333333,3.69
"[3.69, 3.6910000000000003)",0.0623385,3.691
"[3.6910000000000003, 3.692)",0.12123365458333335,3.692
"[3.692, 3.693)",0.00471823111111111,3.693
"[3.693, 3.694)",0.006869724999999999,3.694
"[3.694, 3.6950000000000003)",0.08873511715714287,3.695
"[3.6950000000000003, 3.696)",0.0315903117,3.696
"[3.696, 3.697)",0.04178216691666667,3.697
"[3.697, 3.698)",0.043505759090909084,3.698
"[3.698, 3.6990000000000003)",0.027625125470588235,3.699
"[3.6990000000000003, 3.7)",0.0287106089375,3.7
"[3.7, 3.701)",0.05868746358333333,3.701
"[3.701, 3.702)",0.020172932090909094,3.702
"[3.702, 3.7030000000000003)",0.028599602500000005,3.703
"[3.7030000000000003, 3.704)",0.026275162110000007,3.704
"[3.704, 3.705)",0.017878828025,3.705
"[3.705, 3.706)",0.051011412699999995,3.706
"[3.706, 3.7070000000000003)",0.040314717090909086,3.707
"[3.7070000000000003, 3.708)",0.0665551377647059,3.708
"[3.708, 3.709)",0.022862811666666667,3.709
"[3.709, 3.71)",0.033330534,3.71
"[3.71, 3.7110000000000003)",0.027663679416666666,3.711
"[3.7110000000000003, 3.712)",0.033224099727272735,3.712
"[3.712, 3.713)",0.0333918671,3.713
"[3.713, 3.714)",0.03648557108333334,3.714
"[3.714, 3.715)",0.053246406083333336,3.715
"[3.715, 3.716)",0.041509840000000006,3.716
"[3.716, 3.717)",0.037569871818181826,3.717
"[3.717, 3.718)",0.020618219777777773,3.718
"[3.718, 3.719)",0.03817436,3.719
"[3.719, 3.72)",0.017680495999999997,3.72
"[3.72, 3.721)",0.23971778575999997,3.721
"[3.721, 3.722)",0.0114429115375,3.722
"[3.722, 3.723)",0.11294538390909091,3.723
"[3.723, 3.724)",0.025791377875,3.724
"[3.724, 3.725)",0.0575241093,3.725
"[3.725, 3.726)",0.0326004425,3.726
"[3.726, 3.727)",0.016719644444444445,3.727
"[3.727, 3.728)",0.03667417183333333,3.728
"[3.728, 3.729)",0.0995352186,3.729
"[3.729, 3.73)",0.10007311142857142,3.73
"[3.73, 3.731)",0.02436206144444444,3.731
"[3.731, 3.732)",0.01798514,3.732
"[3.732, 3.733)",0.03987675357142857,3.733
"[3.733, 3.734)",0.03502280766666666,3.734
"[3.734, 3.735)",0.002517955,3.735
"[3.735, 3.736)",0.1306614058875,3.736
"[3.736, 3.737)",0.0351481275,3.737
"[3.737, 3.738)",0.064898082645,3.738
"[3.738, 3.739)",0.024693276083333337,3.739
"[3.739, 3.74)",0.035962772500000004,3.74
"[3.74, 3.741)",0.03754643922222223,3.741
"[3.741, 3.742)",0.032039852,3.742
"[3.742, 3.743)",0.0051765349999999995,3.743
"[3.743, 3.744)",0.03791077,3.744
"[3.744, 3.745)",0.014403252166666665,3.745
"[3.745, 3.746)",0.023063313999999998,3.746
"[3.746, 3.747)",0.009311771800000002,3.747
"[3.747, 3.748)",0.0090568825,3.748
"[3.748, 3.749)",0.0098646813,3.749
"[3.749, 3.75)",0.020602614714285712,3.75
"[3.75, 3.751)",0.03283107090909091,3.751
"[3.751, 3.7520000000000002)",0.021255062522222225,3.752
"[3.7520000000000002, 3.753)",0.0122099803,3.753
"[3.753, 3.754)",0.05519265733333334,3.754
"[3.754, 3.755)",0.0277317485,3.755
"[3.755, 3.7560000000000002)",0.176530085,3.756
"[3.7560000000000002, 3.757)",0.01586645325,3.757
"[3.757, 3.758)",0.017112481428571427,3.758
"[3.758, 3.759)",0.006325201428571429,3.759
"[3.759, 3.7600000000000002)",0.02602894075,3.76
"[3.7600000000000002, 3.761)",0.10627355691666668,3.761
"[3.761, 3.762)",0.027848237999999997,3.762
"[3.762, 3.763)",0.0075700526222222215,3.763
"[3.763, 3.7640000000000002)",0.055624240000000005,3.764
"[3.7640000000000002, 3.765)",0.012449121666666667,3.765
"[3.765, 3.766)",0.02862519307692308,3.766
"[3.766, 3.767)",0.028219863249999998,3.767
"[3.767, 3.7680000000000002)",0.019376181428571428,3.768
"[3.7680000000000002, 3.769)",0.07629613037500001,3.769
"[3.769, 3.77)",0.016424524833333332,3.77
"[3.77, 3.771)",0.05776348757142857,3.771
"[3.771, 3.7720000000000002)",0.061449479166666675,3.772
"[3.7720000000000002, 3.773)",0.0442940206,3.773
"[3.773, 3.774)",0.022121413200000002,3.774
"[3.774, 3.775)",0.011853116166666665,3.775
"[3.775, 3.7760000000000002)",0.07569970772000002,3.776
"[3.7760000000000002, 3.777)",0.015192288299999999,3.777
"[3.777, 3.778)",0.013414981600000002,3.778
"[3.778, 3.779)",0.11053558857142858,3.779
"[3.779, 3.7800000000000002)",0.10244293614285715,3.78
"[3.7800000000000002, 3.781)",0.010202486399999999,3.781
"[3.781, 3.782)",0.0058636614,3.782
"[3.782, 3.783)",0.06771490909090909,3.783
"[3.783, 3.7840000000000003)",0.05310384675,3.784
"[3.7840000000000003, 3.785)",0.059149945375000006,3.785
"[3.785, 3.786)",0.06094100914285714,3.786
"[3.786, 3.787)",0.017241072555555556,3.787
"[3.787, 3.7880000000000003)",0.0322228388,3.788
"[3.7880000000000003, 3.789)",0.018080307714285714,3.789
"[3.789, 3.79)",0.019461449999999998,3.79
"[3.79, 3.791)",0.06302700266666666,3.791
"[3.791, 3.7920000000000003)",0.011614317916666667,3.792
"[3.7920000000000003, 3.793)",0.01372472592307692,3.793
"[3.793, 3.794)",0.006173646,3.794
"[3.794, 3.795)",0.007671166666666666,3.795
"[3.795, 3.7960000000000003)",0.078468571625,3.796
"[3.7960000000000003, 3.797)",0.02107067363636364,3.797
"[3.797, 3.798)",0.030126427875,3.798
"[3.798, 3.799)",0.01836245811111111,3.799
"[3.799, 3.8000000000000003)",0.040231814777777784,3.8
"[3.8000000000000003, 3.801)",0.025255106625000003,3.801
"[3.801, 3.802)",0.010355706666666667,3.802
"[3.802, 3.803)",0.03008473166666666,3.803
"[3.803, 3.8040000000000003)",0.036783236,3.804
"[3.8040000000000003, 3.805)",0.022962443750000002,3.805
"[3.805, 3.806)",0.024721981857142857,3.806
"[3.806, 3.807)",0.008062252666666667,3.807
"[3.807, 3.8080000000000003)",0.025874968749999998,3.808
"[3.8080000000000003, 3.809)",0.035065193333333335,3.809
"[3.809, 3.81)",0.007029140014285715,3.81
"[3.81, 3.811)",0.018096731916666668,3.811
"[3.811, 3.8120000000000003)",0.00920468875,3.812
"[3.8120000000000003, 3.813)",0.0158100089625,3.813
"[3.813, 3.814)",0.026756927999999996,3.814
"[3.814, 3.815)",0.014494489999999999,3.815
"[3.815, 3.8160000000000003)",0.0189187738,3.816
"[3.8160000000000003, 3.817)",0.12860009285714286,3.817
"[3.817, 3.818)",0.021365697875000002,3.818
"[3.818, 3.819)",0.008118254,3.819
"[3.819, 3.8200000000000003)",0.037626286545454544,3.82
"[3.8200000000000003, 3.821)",0.0106872713,3.821
"[3.821, 3.822)",0.021751221857142854,3.822
"[3.822, 3.823)",0.05577570941666667,3.823
"[3.823, 3.8240000000000003)",0.013914124666666665,3.824
"[3.8240000000000003, 3.825)",0.027500028,3.825
"[3.825, 3.826)",0.030626138454545457,3.826
"[3.826, 3.827)",0.025721782,3.827
"[3.827, 3.8280000000000003)",0.02043684535,3.828
"[3.8280000000000003, 3.829)",0.02834980266666667,3.829
"[3.829, 3.83)",0.008579110333333332,3.83
"[3.83, 3.831)",0.006054279499999998,3.831
"[3.831, 3.8320000000000003)",0.043474226916666664,3.832
"[3.8320000000000003, 3.833)",0.04112012735714287,3.833
"[3.833, 3.834)",0.006174501428571428,3.834
"[3.834, 3.835)",0.015985146714285713,3.835
"[3.835, 3.8360000000000003)",0.013400952090909092,3.836
"[3.8360000000000003, 3.837)",0.039430153333333336,3.837
"[3.837, 3.838)",0.027744435300000002,3.838
"[3.838, 3.839)",0.025656621428571426,3.839
"[3.839, 3.84)",0.013689314000000001,3.84
"[3.84, 3.841)",0.029405905,3.841
"[3.841, 3.842)",0.044236073181818186,3.842
"[3.842, 3.843)",0.009622275199999999,3.843
"[3.843, 3.844)",0.0085575984,3.844
"[3.844, 3.845)",0.0214023575,3.845
"[3.845, 3.846)",0.0122669583,3.846
"[3.846, 3.847)",0.014743148179999999,3.847
"[3.847, 3.848)",0.026593828158333332,3.848
"[3.848, 3.849)",0.056074245058823524,3.849
"[3.849, 3.85)",0.028460169637499998,3.85
"[3.85, 3.851)",0.01845570144444444,3.851
"[3.851, 3.852)",0.015452542857142856,3.852
"[3.852, 3.853)",0.005958727799999999,3.853
"[3.853, 3.854)",0.025215749125,3.854
"[3.854, 3.855)",0.016696864999999998,3.855
"[3.855, 3.856)",0.005274591599999999,3.856
"[3.856, 3.857)",0.038367037000000014,3.857
"[3.857, 3.858)",0.0263290901,3.858
"[3.858, 3.859)",0.02760080242857144,3.859
"[3.859, 3.86)",0.030872694285714288,3.86
"[3.86, 3.861)",0.11160885999999999,3.861
"[3.861, 3.862)",0.03385341444444446,3.862
"[3.862, 3.863)",0.007229690666666667,3.863
"[3.863, 3.864)",0.030406076199999996,3.864
"[3.864, 3.865)",0.03540746666666667,3.865
"[3.865, 3.866)",0.08389516142857142,3.866
"[3.866, 3.867)",0.011354667185714287,3.867
"[3.867, 3.868)",0.013976671090909092,3.868
"[3.868, 3.869)",0.019246483285714287,3.869
"[3.869, 3.87)",0.033133494444444446,3.87
"[3.87, 3.871)",0.0328726801,3.871
"[3.871, 3.872)",0.06290574946153846,3.872
"[3.872, 3.873)",0.08880963153333335,3.873
"[3.873, 3.874)",0.013645007671428571,3.874
"[3.874, 3.875)",0.018881317690000003,3.875
"[3.875, 3.876)",0.019992650600000002,3.876
"[3.876, 3.8770000000000002)",0.10369428,3.877
"[3.8770000000000002, 3.878)",0.015383894166666667,3.878
"[3.878, 3.879)",0.087371944,3.879
"[3.879, 3.88)",0.06240531027272726,3.88
"[3.88, 3.8810000000000002)",0.015191173933333333,3.881
"[3.8810000000000002, 3.882)",0.02071996475,3.882
"[3.882, 3.883)",0.0840178138181818,3.883
"[3.883, 3.884)",0.03569395100000001,3.884
"[3.884, 3.8850000000000002)",0.04764013499999999,3.885
"[3.8850000000000002, 3.886)",0.010772067666666668,3.886
"[3.886, 3.887)",0.012620665111111111,3.887
"[3.887, 3.888)",0.10853495216666666,3.888
"[3.888, 3.8890000000000002)",0.01627255946153846,3.889
"[3.8890000000000002, 3.89)",0.038878414,3.89
"[3.89, 3.891)",0.0097607373,3.891
"[3.891, 3.892)",0.02967965288888889,3.892
"[3.892, 3.8930000000000002)",0.010858111500000002,3.893
"[3.8930000000000002, 3.894)",0.010188810000000001,3.894
"[3.894, 3.895)",0.0224875738,3.895
"[3.895, 3.896)",0.016846336083333333,3.896
"[3.896, 3.8970000000000002)",0.219147149,3.897
"[3.8970000000000002, 3.898)",0.006929922222222221,3.898
"[3.898, 3.899)",0.09261321659999999,3.899
"[3.899, 3.9)",0.0326245705,3.9
"[3.9, 3.9010000000000002)",0.008298886625,3.901
"[3.9010000000000002, 3.902)",0.039788355425000005,3.902
"[3.902, 3.903)",0.02801451508888889,3.903
"[3.903, 3.904)",0.016582205,3.904
"[3.904, 3.9050000000000002)",0.0526861602142857,3.905
"[3.9050000000000002, 3.906)",0.08768181144444445,3.906
"[3.906, 3.907)",0.05290581891666666,3.907
"[3.907, 3.908)",0.04854646727272727,3.908
"[3.908, 3.9090000000000003)",0.012597274300000003,3.909
"[3.9090000000000003, 3.91)",0.024882196199999998,3.91
"[3.91, 3.911)",0.050681211999999996,3.911
"[3.911, 3.912)",0.028614337999999993,3.912
"[3.912, 3.9130000000000003)",0.10634859399999999,3.913
"[3.9130000000000003, 3.914)",0.03685002545454546,3.914
"[3.914, 3.915)",0.02128337093333333,3.915
"[3.915, 3.916)",0.024079810230769234,3.916
"[3.916, 3.9170000000000003)",0.038316894125,3.917
"[3.9170000000000003, 3.918)",0.020963622166666668,3.918
"[3.918, 3.919)",0.017398106,3.919
"[3.919, 3.92)",0.039144316333333345,3.92
"[3.92, 3.9210000000000003)",0.05156948714285714,3.921
"[3.9210000000000003, 3.922)",0.013948493999999997,3.922
"[3.922, 3.923)",0.029788566666666665,3.923
"[3.923, 3.924)",0.126929835,3.924
"[3.924, 3.9250000000000003)",0.017883728885714288,3.925
"[3.9250000000000003, 3.926)",0.046798417142857145,3.926
"[3.926, 3.927)",0.0428142014,3.927
"[3.927, 3.928)",0.11050064124999999,3.928
"[3.928, 3.9290000000000003)",0.12209495221666666,3.929
"[3.9290000000000003, 3.93)",0.06751412259999999,3.93
"[3.93, 3.931)",0.0667303,3.931
"[3.931, 3.932)",0.01329309,3.932
"[3.932, 3.9330000000000003)",0.05619238617333333,3.933
"[3.9330000000000003, 3.934)",0.038273261428571424,3.934
"[3.934, 3.935)",0.027132036708333335,3.935
"[3.935, 3.936)",0.03615848333333333,3.936
"[3.936, 3.9370000000000003)",0.0345572375,3.937
"[3.9370000000000003, 3.938)",0.018382823444444446,3.938
"[3.938, 3.939)",0.03887901225,3.939
"[3.939, 3.94)",0.0431238100909091,3.94
"[3.94, 3.9410000000000003)",0.0955660126,3.941
"[3.9410000000000003, 3.942)",0.013611251625,3.942
"[3.942, 3.943)",0.05529115625,3.943
"[3.943, 3.944)",0.1143847513,3.944
"[3.944, 3.9450000000000003)",0.12288496072727276,3.945
"[3.9450000000000003, 3.946)",0.0051009598,3.946
"[3.946, 3.947)",0.037272877,3.947
"[3.947, 3.948)",0.13493838312500003,3.948
"[3.948, 3.9490000000000003)",0.022186171,3.949
"[3.9490000000000003, 3.95)",0.07320163,3.95
"[3.95, 3.951)",0.22095319575000005,3.951
"[3.951, 3.952)",0.013318821429999999,3.952
"[3.952, 3.9530000000000003)",0.04044115714285714,3.953
"[3.9530000000000003, 3.954)",0.14625006000000002,3.954
"[3.954, 3.955)",0.0308517616,3.955
"[3.955, 3.956)",0.053935769828571435,3.956
"[3.956, 3.9570000000000003)",0.1662141942857143,3.957
"[3.9570000000000003, 3.958)",0.07788682799999999,3.958
"[3.958, 3.959)",0.2239864204,3.959
"[3.959, 3.96)",0.01416535375,3.96
"[3.96, 3.9610000000000003)",0.012096677166666667,3.961
"[3.9610000000000003, 3.962)",0.06804310216666666,3.962
"[3.962, 3.963)",0.030170375,3.963
"[3.963, 3.964)",0.0190806118,3.964
"[3.964, 3.9650000000000003)",0.01900226957142857,3.965
"[3.9650000000000003, 3.966)",0.05548860666666667,3.966
"[3.966, 3.967)",0.034348677999999994,3.967
"[3.967, 3.968)",0.00512618,3.968
"[3.968, 3.969)",0.022960177142857148,3.969
"[3.969, 3.97)",0.07143976125,3.97
"[3.97, 3.971)",0.00424774,3.971
"[3.971, 3.972)",0.010923759222222223,3.972
"[3.972, 3.973)",0.07660355228571428,3.973
"[3.973, 3.974)",0.015695482166666667,3.974
"[3.974, 3.975)",0.011791196314285714,3.975
"[3.975, 3.976)",0.008225203428571429,3.976
"[3.976, 3.977)",0.030520924083333335,3.977
"[3.977, 3.978)",0.025237982,3.978
"[3.978, 3.979)",0.070356733375,3.979
"[3.979, 3.98)",0.03542596042857143,3.98
"[3.98, 3.981)",0.018013829999999998,3.981
"[3.981, 3.982)",0.015164293833333333,3.982
"[3.982, 3.983)",0.029007256729999997,3.983
"[3.983, 3.984)",0.026964263999999995,3.984
"[3.984, 3.985)",0.01070658575,3.985
"[3.985, 3.986)",0.11225533333333333,3.986
"[3.986, 3.987)",0.03800466857142857,3.987
"[3.987, 3.988)",0.024231327333333334,3.988
"[3.988, 3.989)",0.013915459600000003,3.989
"[3.989, 3.99)",0.0281300915,3.99
"[3.99, 3.991)",0.032054092500000006,3.991
"[3.991, 3.992)",0.001687495,3.992
"[3.992, 3.993)",0.013495458333333333,3.993
"[3.993, 3.994)",0.070076834,3.994
"[3.994, 3.995)",0.009605031777777778,3.995
"[3.995, 3.996)",0.040402742,3.996
"[3.996, 3.997)",0.16540233999999998,3.997
"[3.997, 3.998)",0.16724722,3.998
"[3.998, 3.999)",0.00879106,3.999
"[3.999, 4.0)",0.012667133333333335,4.0
"[4.0, 4.001)",0.01896383733333333,4.001
"[4.001, 4.002)",0.04128313766666667,4.002
"[4.002, 4.003)",0.012708426142857141,4.003
"[4.003, 4.0040000000000004)",0.047142395,4.004
"[4.0040000000000004, 4.005)",0.12834573566666665,4.005
"[4.005, 4.006)",0.003562036833333334,4.006
"[4.006, 4.007)",0.0130890146,4.007
"[4.007, 4.008)",0.028162560000000003,4.008
"[4.008, 4.009)",0.031405612,4.009
"[4.009, 4.01)",0.020214463285714284,4.01
"[4.01, 4.011)",0.0152315786,4.011
"[4.011, 4.0120000000000005)",0.006323666499999999,4.012
"[4.0120000000000005, 4.013)",0.020567760599999995,4.013
"[4.013, 4.014)",0.022482479555555556,4.014
"[4.014, 4.015)",0.03541421944444444,4.015
"[4.015, 4.016)",0.0026371759999999998,4.016
"[4.016, 4.017)",0.07593405999999998,4.017
"[4.017, 4.018)",0.013410109500000001,4.018
"[4.018, 4.019)",0.035890856,4.019
"[4.019, 4.0200000000000005)",0.04402918075,4.02
"[4.0200000000000005, 4.021)",0.0084807502,4.021
"[4.021, 4.022)",0.008200624333333333,4.022
"[4.022, 4.023)",0.019516576,4.023
"[4.023, 4.024)",0.09004619666666665,4.024
"[4.024, 4.025)",0.055479679999999996,4.025
"[4.025, 4.026)",0.08516472216666665,4.026
"[4.026, 4.027)",0.049080588875,4.027
"[4.027, 4.0280000000000005)",0.010496536,4.028
"[4.0280000000000005, 4.029)",0.005879988000000001,4.029
"[4.029, 4.03)",0.018190416600000002,4.03
"[4.03, 4.031)",0.006410802857142857,4.031
"[4.031, 4.032)",0.0207992675,4.032
"[4.032, 4.033)",0.0661640239,4.033
"[4.033, 4.034)",0.007944249428571429,4.034
"[4.034, 4.035)",0.03445240511111111,4.035
"[4.035, 4.0360000000000005)",0.005081538,4.036
"[4.0360000000000005, 4.037)",0.017646557636363636,4.037
"[4.037, 4.038)",0.04445387374999999,4.038
"[4.038, 4.039)",0.007509737,4.039
"[4.039, 4.04)",0.001667193428571428,4.04
"[4.04, 4.041)",0.05012323154545455,4.041
"[4.041, 4.042)",0.0078214752,4.042
"[4.042, 4.043)",0.07909561674999999,4.043
"[4.043, 4.0440000000000005)",0.015626646,4.044
"[4.0440000000000005, 4.045)",0.016870794333333335,4.045
"[4.045, 4.046)",0.01723734042857143,4.046
"[4.046, 4.047)",0.0094204726,4.047
"[4.047, 4.048)",0.026698562555555555,4.048
"[4.048, 4.049)",0.0057893711111111105,4.049
"[4.049, 4.05)",0.0056269407142857135,4.05
"[4.05, 4.051)",0.03003809,4.051
"[4.051, 4.0520000000000005)",0.06218351033333333,4.052
"[4.0520000000000005, 4.053)",0.012377233333333335,4.053
"[4.053, 4.054)",0.150546595,4.054
"[4.054, 4.055)",0.03835143375,4.055
"[4.055, 4.056)",0.03532025133333333,4.056
"[4.056, 4.057)",0.01733929433333333,4.057
"[4.057, 4.058)",0.051582385499999994,4.058
"[4.058, 4.059)",0.00991588825,4.059
"[4.059, 4.0600000000000005)",0.0125031,4.06
"[4.0600000000000005, 4.061)",0.00728459,4.061
"[4.061, 4.062)",0.027611103999999997,4.062
"[4.062, 4.063)",0.03934429666666667,4.063
"[4.063, 4.064)",0.00695779,4.064
"[4.064, 4.065)",0.0160549846,4.065
"[4.065, 4.066)",0.00475273,4.066
"[4.066, 4.067)",0.00146822,4.067
"[4.067, 4.0680000000000005)",0.0197661,4.068
"[4.0680000000000005, 4.069)",0.039193525166666666,4.069
"[4.069, 4.07)",0.0013467969999999998,4.07
"[4.07, 4.071)",0.016825945000000002,4.071
"[4.071, 4.072)",0.0030987143333333334,4.072
"[4.072, 4.073)",0.07344921614285714,4.073
"[4.073, 4.074)",0.015029899299999996,4.074
"[4.074, 4.075)",0.0296022775,4.075
"[4.075, 4.0760000000000005)",0.024885351500000003,4.076
"[4.0760000000000005, 4.077)",0.0211932866,4.077
"[4.077, 4.078)",0.009038111,4.078
"[4.078, 4.079)",0.0031137331999999997,4.079
"[4.079, 4.08)",0.037347087999999994,4.08
"[4.08, 4.081)",0.00056374055,4.081
"[4.081, 4.082)",0.031128506,4.082
"[4.082, 4.083)",0.209468282,4.083
"[4.083, 4.0840000000000005)",0.012816146019999999,4.084
"[4.0840000000000005, 4.085)",0.0059993506,4.085
"[4.085, 4.086)",0.0317748006,4.086
"[4.086, 4.087)",0.012746224500000002,4.087
"[4.087, 4.088)",0.037227950499999996,4.088
"[4.088, 4.089)",0.0042648200925,4.089
"[4.089, 4.09)",0.00882111,4.09
"[4.09, 4.091)",0.00616279,4.091
"[4.091, 4.0920000000000005)",0.055327525,4.092
"[4.0920000000000005, 4.093)",0.01011974,4.093
"[4.093, 4.094)",0.01774333724,4.094
"[4.094, 4.095)",0.11216481380000003,4.095
"[4.095, 4.096)",0.012797606666666668,4.096
"[4.096, 4.097)",0.01599691857142857,4.097
"[4.097, 4.098)",0.05160755,4.098
"[4.098, 4.099)",0.0375383782,4.099
"[4.099, 4.1)",0.02067313568571429,4.1
"[4.1, 4.101)",0.016717805366666668,4.101
"[4.101, 4.102)",0.00824629,4.102
"[4.102, 4.103)",0.014672936799999998,4.103
"[4.103, 4.104)",0.02333367325,4.104
"[4.104, 4.105)",0.011366857875000002,4.105
"[4.105, 4.106)",0.010604693833333333,4.106
"[4.106, 4.107)",0.002272995777777778,4.107
"[4.107, 4.108)",0.015483750999999999,4.108
"[4.108, 4.109)",0.03626329666666667,4.109
"[4.109, 4.11)",0.009929175,4.11
"[4.11, 4.111)",0.014448274777777777,4.111
"[4.111, 4.112)",0.02228262609090909,4.112
"[4.112, 4.113)",0.0949715665,4.113
"[4.113, 4.114)",0.04017533066666667,4.114
"[4.114, 4.115)",0.00518991,4.115
"[4.115, 4.116)",0.00946694625,4.116
"[4.116, 4.117)",0.0081927746,4.117
"[4.117, 4.118)",0.010163093833333333,4.118
"[4.118, 4.119)",0.048004516000000004,4.119
"[4.119, 4.12)",0.024885123333333332,4.12
"[4.12, 4.121)",0.10353914900000001,4.121
"[4.121, 4.122)",0.017344633333333335,4.122
"[4.122, 4.123)",0.014126075750000001,4.123
"[4.123, 4.124)",0.008614152000000002,4.124
"[4.124, 4.125)",0.012694316375,4.125
"[4.125, 4.126)",0.003942035,4.126
"[4.126, 4.127)",0.022219499999999996,4.127
"[4.127, 4.128)",0.09602168716666665,4.128
"[4.128, 4.1290000000000004)",0.02875538142857143,4.129
"[4.1290000000000004, 4.13)",0.04166176,4.13
"[4.13, 4.131)",0.014082088000000001,4.131
"[4.131, 4.132)",0.04135488811111111,4.132
"[4.132, 4.133)",0.00452556744,4.133
"[4.133, 4.134)",0.035283993333333326,4.134
"[4.134, 4.135)",0.005783460000000001,4.135
"[4.135, 4.136)",0.0054645862000000005,4.136
"[4.136, 4.1370000000000005)",0.0014042015,4.137
"[4.1370000000000005, 4.138)",0.018160839,4.138
"[4.138, 4.139)",0.015846812600000003,4.139
"[4.139, 4.14)",0.013435484857142858,4.14
"[4.14, 4.141)",0.0106169075,4.141
"[4.141, 4.142)",0.00186352,4.142
"[4.142, 4.143)",0.013065615000000001,4.143
"[4.143, 4.144)",0.0157798866,4.144
"[4.144, 4.1450000000000005)",0.02922377766666667,4.145
"[4.1450000000000005, 4.146)",0.06731525575,4.146
"[4.146, 4.147)",0.019257480857142854,4.147
"[4.147, 4.148)",0.20561914539999998,4.148
"[4.148, 4.149)",0.010547451828571428,4.149
"[4.149, 4.15)",0.14852616649999997,4.15
"[4.15, 4.151)",0.09267042216666667,4.151
"[4.151, 4.152)",0.013220140545454546,4.152
"[4.152, 4.1530000000000005)",0.01236404075,4.153
"[4.1530000000000005, 4.154)",0.0331565126,4.154
"[4.154, 4.155)",0.10121863333333332,4.155
"[4.155, 4.156)",0.0329027203,4.156
"[4.156, 4.157)",0.0196230795,4.157
"[4.157, 4.158)",0.014529093249999998,4.158
"[4.158, 4.159)",0.03791179,4.159
"[4.159, 4.16)",0.0992543352,4.16
"[4.16, 4.1610000000000005)",0.0338992,4.161
"[4.1610000000000005, 4.162)",0.019107805,4.162
"[4.162, 4.163)",0.018785723333333334,4.163
"[4.163, 4.164)",0.136330475,4.164
"[4.164, 4.165)",0.012647831857142857,4.165
"[4.165, 4.166)",0.08198766575,4.166
"[4.166, 4.167)",0.01791818,4.167
"[4.167, 4.168)",0.018331549142857142,4.168
"[4.168, 4.1690000000000005)",0.010658038888888888,4.169
"[4.1690000000000005, 4.17)",0.008267907666666666,4.17
"[4.17, 4.171)",0.06117586588888889,4.171
"[4.171, 4.172)",0.01237397645,4.172
"[4.172, 4.173)",0.023534455750000002,4.173
"[4.173, 4.174)",0.006228645444444444,4.174
"[4.174, 4.175)",0.0472747858,4.175
"[4.175, 4.176)",0.07449242075000001,4.176
"[4.176, 4.1770000000000005)",0.022936933200000002,4.177
"[4.1770000000000005, 4.178)",0.01198053757142857,4.178
"[4.178, 4.179)",0.026974565571428567,4.179
"[4.179, 4.18)",0.030542812285714285,4.18
"[4.18, 4.181)",0.018633555714285713,4.181
"[4.181, 4.182)",0.027642069999999998,4.182
"[4.182, 4.183)",0.017344275714285717,4.183
"[4.183, 4.184)",0.01812842166666667,4.184
"[4.184, 4.1850000000000005)",0.00986386,4.185
"[4.1850000000000005, 4.186)",0.013557798400000001,4.186
"[4.186, 4.187)",0.00484681375,4.187
"[4.187, 4.188)",0.0024070297500000002,4.188
"[4.188, 4.189)",0.017999790857142862,4.189
"[4.189, 4.19)",0.106508732,4.19
"[4.19, 4.191)",0.02856769588888888,4.191
"[4.191, 4.192)",0.007428515,4.192
"[4.192, 4.1930000000000005)",0.21334746460000004,4.193
"[4.1930000000000005, 4.194)",0.035975861666666664,4.194
"[4.194, 4.195)",0.02533641,4.195
"[4.195, 4.196)",0.01675741,4.196
"[4.196, 4.197)",0.02245184,4.197
"[4.197, 4.198)",0.00232558,4.198
"[4.198, 4.199)",0.0082730665,4.199
"[4.199, 4.2)",0.006574617666666667,4.2
"[4.2, 4.2010000000000005)",0.03445250075,4.201
"[4.2010000000000005, 4.202)",0.0037367999999999998,4.202
"[4.202, 4.203)",0.022480623333333335,4.203
"[4.203, 4.204)",0.01828778325,4.204
"[4.204, 4.205)",0.014517477516666667,4.205
"[4.205, 4.206)",0.030664195,4.206
"[4.206, 4.207)",0.02457981,4.207
"[4.207, 4.208)",0.012910324333333334,4.208
"[4.208, 4.2090000000000005)",0.034721,4.209
"[4.2090000000000005, 4.21)",0.00348432,4.21
"[4.21, 4.211)",0.014077679966666666,4.211
"[4.211, 4.212)",0.01617293,4.212
"[4.212, 4.213)",0.1495273,4.213
"[4.213, 4.214)",0.028060679999999994,4.214
"[4.214, 4.215)",0.027742752600000004,4.215
"[4.215, 4.216)",0.00215666,4.216
"[4.216, 4.2170000000000005)",0.06163637442857143,4.217
"[4.2170000000000005, 4.218)",0.06494399333333332,4.218
"[4.218, 4.219)",0.029470328,4.219
"[4.219, 4.22)",0.010677768666666665,4.22
"[4.22, 4.221)",0.022472708400000003,4.221
"[4.221, 4.222)",0.007309222457142856,4.222
"[4.222, 4.223)",0.03461984666666667,4.223
"[4.223, 4.224)",0.028899983333333337,4.224
"[4.224, 4.225)",0.029178609999999997,4.225
"[4.225, 4.226)",0.03354962799999999,4.226
"[4.226, 4.227)",0.07978513333333333,4.227
"[4.227, 4.228)",0.08916416599999999,4.228
"[4.228, 4.229)",0.00908754645,4.229
"[4.229, 4.23)",0.015736214499999998,4.23
"[4.23, 4.231)",0.035453099999999994,4.231
"[4.231, 4.232)",0.005289196750000001,4.232
"[4.232, 4.233)",0.018880623333333332,4.233
"[4.233, 4.234)",0.067320975,4.234
"[4.234, 4.235)",0.08395098999999999,4.235
"[4.235, 4.236)",0.07639862133333333,4.236
"[4.236, 4.237)",0.008403356666666667,4.237
"[4.237, 4.238)",0.00201361,4.238
"[4.238, 4.239)",0.02781573075,4.239
"[4.239, 4.24)",0.0017297883333333335,4.24
"[4.24, 4.241)",0.07229648250000001,4.241
"[4.241, 4.242)",0.0243473446,4.242
"[4.242, 4.243)",0.018108663249999997,4.243
"[4.243, 4.244)",0.0044466585,4.244
"[4.244, 4.245)",0.044454893999999995,4.245
"[4.245, 4.246)",0.006401795,4.246
"[4.246, 4.247)",0.02660767166666667,4.247
"[4.247, 4.248)",0.018207365000000003,4.248
"[4.248, 4.249)",0.08174305800000001,4.249
"[4.249, 4.25)",0.05064601666666666,4.25
"[4.25, 4.251)",0.0050218006,4.251
"[4.251, 4.252)",0.018495769999999998,4.252
"[4.252, 4.253)",0.010324723333333334,4.253
"[4.253, 4.2540000000000004)",0.0036105300000000002,4.254
"[4.2540000000000004, 4.255)",0.0042087275,4.255
"[4.255, 4.256)",0.015044933,4.256
"[4.256, 4.257)",0.024086029999999998,4.257
"[4.257, 4.258)",0.016450948,4.258
"[4.258, 4.259)",0.34166807666666665,4.259
"[4.259, 4.26)",0.037981380428571444,4.26
"[4.26, 4.261)",0.014846045499999998,4.261
"[4.261, 4.2620000000000005)",0.0064742557499999995,4.262
"[4.2620000000000005, 4.263)",0.011006848833333333,4.263
"[4.263, 4.264)",0.00803889,4.264
"[4.264, 4.265)",0.02835009625,4.265
"[4.265, 4.266)",0.06711865666666665,4.266
"[4.266, 4.267)",0.05825220825000001,4.267
"[4.267, 4.268)",0.1312216332,4.268
"[4.268, 4.269)",0.0117715546,4.269
"[4.269, 4.2700000000000005)",0.00646766,4.27
"[4.2700000000000005, 4.271)",0.0136387665,4.271
"[4.271, 4.272)",0.07847455,4.272
"[4.272, 4.273)",0.006974646333333334,4.273
"[4.273, 4.274)",0.0254970665,4.274
"[4.274, 4.275)",0.0166183,4.275
"[4.275, 4.276)",0.00917757325,4.276
"[4.276, 4.277)",0.0336354732,4.277
"[4.277, 4.2780000000000005)",0.00758339,4.278
"[4.2780000000000005, 4.279)",0.006427224599999999,4.279
"[4.279, 4.28)",0.0030442326,4.28
"[4.28, 4.281)",0.0063493314999999995,4.281
"[4.281, 4.282)",0.015418705199999999,4.282
"[4.282, 4.283)",0.01648402575,4.283
"[4.283, 4.284)",0.0040214175,4.284
"[4.284, 4.285)",0.02632762716666667,4.285
"[4.285, 4.2860000000000005)",0.0031486757499999997,4.286
"[4.2860000000000005, 4.287)",0.007518587142857143,4.287
"[4.287, 4.288)",0.010240266666666666,4.288
"[4.288, 4.289)",0.014057724600000002,4.289
"[4.289, 4.29)",0.00237640135,4.29
"[4.29, 4.291)",0.0019877672428571425,4.291
"[4.291, 4.292)",0.016811494,4.292
"[4.292, 4.293)",0.0139430675,4.293
"[4.2940000000000005, 4.295)",0.0387973067,4.294
"[4.295, 4.296)",0.02612757428571429,4.295
"[4.296, 4.297)",0.0031376900000000003,4.296
"[4.297, 4.298)",0.003098757666666667,4.297
"[4.298, 4.299)",0.007116993333333333,4.298
"[4.299, 4.3)",0.013040212500000002,4.299
"[4.3, 4.301)",0.10433675666666666,4.3
"[4.301, 4.3020000000000005)",0.03196028,4.301
"[4.3020000000000005, 4.303)",0.00412311,4.302
"[4.303, 4.304)",0.0019639836666666666,4.303
"[4.304, 4.305)",0.014729875142857143,4.304
"[4.305, 4.306)",0.17774099999999998,4.305
"[4.306, 4.307)",0.0161241925,4.306
"[4.307, 4.308)",0.0062820375000000005,4.307
"[4.308, 4.309)",0.00551654075,4.308
"[4.309, 4.3100000000000005)",0.00367197,4.309
"[4.3100000000000005, 4.311)",0.4112470266666666,4.31
"[4.311, 4.312)",0.012008326000000003,4.311
"[4.312, 4.313)",0.045772404999999995,4.312
"[4.313, 4.314)",0.029108850000000002,4.313
"[4.314, 4.315)",0.008460658,4.314
"[4.315, 4.316)",0.04629139000000001,4.315
"[4.316, 4.317)",0.000540833,4.316
"[4.317, 4.3180000000000005)",0.004531926666666666,4.317
"[4.3180000000000005, 4.319)",0.004898588666666666,4.318
"[4.319, 4.32)",0.032599923999999995,4.319
"[4.32, 4.321)",0.016026129999999996,4.32
"[4.321, 4.322)",0.04414965,4.321
"[4.322, 4.323)",0.01675560666666667,4.322
"[4.323, 4.324)",0.07744025757142857,4.323
"[4.324, 4.325)",0.02837885625,4.324
"[4.325, 4.3260000000000005)",0.11853246999999999,4.325
"[4.3260000000000005, 4.327)",0.021259225,4.326
"[4.327, 4.328)",0.009476625,4.327
"[4.328, 4.329)",0.13456163999999998,4.328
"[4.329, 4.33)",0.011283369833333336,4.329
"[4.33, 4.331)",0.091039251625,4.33
"[4.331, 4.332)",0.008415263249999999,4.331
"[4.332, 4.333)",0.04422981571428571,4.332
"[4.333, 4.3340000000000005)",0.020629793666666667,4.333
"[4.3340000000000005, 4.335)",0.013326245142857143,4.334
"[4.335, 4.336)",0.046963028,4.335
"[4.336, 4.337)",0.026049080000000002,4.336
"[4.337, 4.338)",0.026779477166666666,4.337
"[4.338, 4.339)",0.03350812166666667,4.338
"[4.339, 4.34)",0.014194470666666667,4.339
"[4.34, 4.341)",0.0029428003285714285,4.34
"[4.341, 4.3420000000000005)",0.009447753333333333,4.341
"[4.3420000000000005, 4.343)",0.021493962999999998,4.342
"[4.343, 4.344)",0.07381304328571428,4.343
"[4.344, 4.345)",0.15637326659999998,4.344
"[4.345, 4.346)",0.0043346855,4.345
"[4.346, 4.347)",0.00185401025,4.346
"[4.347, 4.348)",0.046599799,4.347
"[4.348, 4.349)",0.0008241265000000001,4.348
"[4.349, 4.3500000000000005)",0.020835524999999997,4.349
"[4.3500000000000005, 4.351)",0.12174246000000002,4.35
"[4.351, 4.352)",0.017954751,4.351
"[4.352, 4.353)",0.0171839006,4.352
"[4.353, 4.354)",0.03079676666666667,4.353
"[4.354, 4.355)",0.008673302599999998,4.354
"[4.355, 4.356)",0.010140091625,4.355
"[4.356, 4.357)",0.017151648,4.356
"[4.357, 4.358)",0.0058478926,4.357
"[4.358, 4.359)",0.008787505000000001,4.358
"[4.359, 4.36)",0.014212870000000002,4.359
"[4.36, 4.361)",0.019643578,4.36
"[4.361, 4.362)",0.019523582166666664,4.361
"[4.362, 4.363)",0.0027393374866666667,4.362
"[4.363, 4.364)",0.009641783333333332,4.363
"[4.364, 4.365)",0.008633953249999998,4.364
"[4.365, 4.366)",0.038997475840000004,4.365
"[4.366, 4.367)",0.025252197142857143,4.366
"[4.367, 4.368)",0.0120347665,4.367
"[4.368, 4.369)",0.013381814333333334,4.368
"[4.369, 4.37)",0.0067243,4.369
"[4.37, 4.371)",0.016383429999999997,4.37
"[4.371, 4.372)",0.016563249999999998,4.371
"[4.372, 4.373)",0.020382325,4.372
"[4.373, 4.374)",0.028879813333333334,4.373
"[4.374, 4.375)",0.00685487,4.374
"[4.375, 4.376)",0.012600185,4.375
"[4.376, 4.377)",0.03856824666666667,4.376
"[4.377, 4.378)",0.00232558,4.377
"[4.378, 4.3790000000000004)",0.011435368,4.378
"[4.3790000000000004, 4.38)",0.01066844,4.379
"[4.38, 4.381)",0.0012932915,4.38
"[4.381, 4.382)",0.0003539585,4.381
"[4.382, 4.383)",0.0616147,4.382
"[4.383, 4.384)",0.062344744333333334,4.383
"[4.384, 4.385)",0.014699520599999998,4.384
"[4.385, 4.386)",0.018429166666666667,4.385
"[4.386, 4.3870000000000005)",0.08899865600000001,4.386
"[4.3870000000000005, 4.388)",0.0061043872,4.387
"[4.388, 4.389)",0.0143304448,4.388
"[4.389, 4.39)",0.016999776,4.389
"[4.39, 4.391)",0.006360449999999999,4.39
"[4.391, 4.392)",0.013575935,4.391
"[4.392, 4.393)",0.027064355999999994,4.392
"[4.393, 4.394)",0.014744037500000001,4.393
"[4.394, 4.3950000000000005)",0.008077362599999999,4.394
"[4.3950000000000005, 4.396)",0.012295849999999999,4.395
"[4.396, 4.397)",0.05896748,4.396
"[4.397, 4.398)",0.010731828249999999,4.397
"[4.398, 4.399)",0.0395805,4.398
"[4.399, 4.4)",0.016429159999999998,4.399
"[4.4, 4.401)",0.0008241265000000001,4.4
"[4.401, 4.402)",0.0014306565,4.401
"[4.402, 4.4030000000000005)",0.0027759300000000002,4.402
"[4.4030000000000005, 4.404)",0.01091117425,4.403
"[4.404, 4.405)",0.012153531,4.404
"[4.405, 4.406)",0.0503100266,4.405
"[4.406, 4.407)",0.03338016666666667,4.406
"[4.407, 4.408)",0.032760464724999994,4.407
"[4.408, 4.409)",0.0046359765,4.408
"[4.409, 4.41)",0.018161029999999998,4.409
"[4.41, 4.4110000000000005)",0.06656583825000001,4.41
"[4.4110000000000005, 4.412)",0.0033795176666666666,4.411
"[4.412, 4.413)",0.0123211155,4.412
"[4.413, 4.414)",0.08354461549999999,4.413
"[4.414, 4.415)",0.03315405,4.414
"[4.415, 4.416)",0.03790575,4.415
"[4.416, 4.417)",0.009693113333333333,4.416
"[4.417, 4.418)",0.034164348,4.417
"[4.418, 4.4190000000000005)",0.10921938866666665,4.418
"[4.4190000000000005, 4.42)",0.053705495,4.419
"[4.42, 4.421)",0.042044685500000005,4.42
"[4.421, 4.422)",0.0050618566,4.421
"[4.422, 4.423)",0.004070050733333334,4.422
"[4.423, 4.424)",0.04403196,4.423
"[4.425, 4.426)",0.07318825666666666,4.424
"[4.426, 4.4270000000000005)",0.01604246242857143,4.425
"[4.4270000000000005, 4.428)",0.013509981499999999,4.426
"[4.428, 4.429)",0.0155077,4.427
"[4.429, 4.43)",0.027075019999999998,4.428
"[4.43, 4.431)",0.0156712386,4.429
"[4.431, 4.432)",0.2542865175,4.43
"[4.432, 4.433)",0.066078755,4.431
"[4.433, 4.434)",0.0025852315,4.432
"[4.434, 4.4350000000000005)",0.007188639799999999,4.433
"[4.4350000000000005, 4.436)",0.0193846,4.434
"[4.436, 4.437)",0.021943572857142855,4.435
"[4.437, 4.438)",0.07192539,4.436
"[4.438, 4.439)",0.082283495,4.437
"[4.439, 4.44)",0.066461242,4.438
"[4.44, 4.441)",0.0023448406,4.439
"[4.441, 4.442)",0.00226757,4.44
"[4.442, 4.4430000000000005)",0.007193988600000001,4.441
"[4.4430000000000005, 4.444)",0.052975797666666664,4.442
"[4.444, 4.445)",0.011632668,4.443
"[4.445, 4.446)",0.024499439999999997,4.444
"[4.446, 4.447)",0.06732643333333334,4.445
"[4.447, 4.448)",0.017451358333333333,4.446
"[4.448, 4.449)",0.021356772566666668,4.447
"[4.449, 4.45)",0.0221963305,4.448
"[4.45, 4.4510000000000005)",0.0157316875,4.449
"[4.4510000000000005, 4.452)",0.027871485,4.45
"[4.452, 4.453)",0.006253058600000002,4.451
"[4.453, 4.454)",0.007467829999999999,4.452
"[4.454, 4.455)",0.01053836,4.453
"[4.455, 4.456)",0.009590893333333333,4.454
"[4.456, 4.457)",0.07014645,4.455
"[4.457, 4.458)",0.017908894,4.456
"[4.458, 4.4590000000000005)",0.02067298,4.457
"[4.4590000000000005, 4.46)",0.001049687,4.458
"[4.46, 4.461)",0.00598007,4.459
"[4.461, 4.462)",0.0034962215,4.46
"[4.462, 4.463)",0.015371696499999999,4.461
"[4.463, 4.464)",0.0013743158,4.462
"[4.464, 4.465)",0.010822941333333334,4.463
"[4.465, 4.466)",0.042246761,4.464
"[4.466, 4.4670000000000005)",0.011101775333333333,4.465
"[4.4670000000000005, 4.468)",0.00110742,4.466
"[4.468, 4.469)",0.07465042499999999,4.467
"[4.469, 4.47)",0.00861869,4.468
"[4.47, 4.471)",0.0210773,4.469
"[4.471, 4.472)",0.012480511,4.47
"[4.472, 4.473)",0.006431034600000001,4.471
"[4.473, 4.474)",0.00598007,4.472
"[4.474, 4.4750000000000005)",0.04040867116,4.473
"[4.4750000000000005, 4.476)",0.003973032,4.474
"[4.476, 4.477)",0.073051122,4.475
"[4.477, 4.478)",0.008600275,4.476
"[4.478, 4.479)",0.0404804925,4.477
"[4.479, 4.48)",0.04426403325,4.478
"[4.48, 4.481)",0.010467963249999998,4.479
"[4.481, 4.482)",0.00015124,4.48
"[4.482, 4.483)",0.0134742284,4.481
"[4.483, 4.484)",0.00500601325,4.482
"[4.484, 4.485)",0.0062904664999999995,4.483
"[4.485, 4.486)",0.012219615500000001,4.484
"[4.486, 4.487)",0.01548657111111111,4.485
"[4.487, 4.488)",0.0551655625,4.486
"[4.488, 4.489)",0.0217132965,4.487
"[4.489, 4.49)",0.044854450000000004,4.488
"[4.49, 4.491)",0.005982017500000001,4.489
"[4.491, 4.492)",0.022173798600000003,4.49
"[4.492, 4.493)",0.02119552,4.491
"[4.493, 4.494)",0.05823655800000001,4.492
"[4.494, 4.495)",0.01784445825,4.493
"[4.496, 4.497)",0.006959318,4.494
"[4.497, 4.498)",0.10923660679999998,4.495
"[4.498, 4.499)",0.026717405,4.496
"[4.499, 4.5)",0.029454078249999998,4.497
"[4.5, 4.501)",0.009525190999999999,4.498
"[4.501, 4.502)",0.017761686,4.499
"[4.502, 4.503)",0.021714610999999998,4.5
"[4.503, 4.5040000000000004)",0.023339677833333336,4.501
"[4.5040000000000004, 4.505)",0.010669826074000001,4.502
"[4.505, 4.506)",0.007360355000000001,4.503
"[4.506, 4.507)",0.014219388,4.504
"[4.507, 4.508)",0.0064089665,4.505
"[4.508, 4.509)",0.02268769333333333,4.506
"[4.509, 4.51)",0.0047619,4.507
"[4.51, 4.511)",0.019839613333333336,4.508
"[4.511, 4.5120000000000005)",0.004434400749999999,4.509
"[4.5120000000000005, 4.513)",0.0035279004999999998,4.51
"[4.513, 4.514)",0.02579534216666667,4.511
"[4.514, 4.515)",0.0709351,4.512
"[4.515, 4.516)",0.0072978826,4.513
"[4.516, 4.517)",0.015746793999999998,4.514
"[4.517, 4.518)",0.008953015,4.515
"[4.519, 4.5200000000000005)",0.053520470714285714,4.516
"[4.5200000000000005, 4.521)",0.012157656666666667,4.517
"[4.522, 4.523)",0.038230839999999995,4.518
"[4.523, 4.524)",0.05943930203333333,4.519
"[4.524, 4.525)",0.0063902156499999994,4.52
"[4.525, 4.526)",0.10576859599999999,4.521
"[4.526, 4.527)",0.008454235632000002,4.522
"[4.527, 4.5280000000000005)",0.014354195,4.523
"[4.5280000000000005, 4.529)",0.03173592333333333,4.524
"[4.529, 4.53)",0.015063537166666667,4.525
"[4.53, 4.531)",0.008626455000000002,4.526
"[4.531, 4.532)",0.051902458,4.527
"[4.532, 4.533)",0.004813472166666667,4.528
"[4.533, 4.534)",0.012741904000000002,4.529
"[4.534, 4.535)",0.0093417,4.53
"[4.535, 4.5360000000000005)",0.01588566666666667,4.531
"[4.5360000000000005, 4.537)",0.018396803999999996,4.532
"[4.537, 4.538)",0.019751219999999996,4.533
"[4.538, 4.539)",0.00454619,4.534
"[4.539, 4.54)",0.023453915,4.535
"[4.54, 4.541)",0.0252525575,4.536
"[4.541, 4.542)",0.02240142666666667,4.537
"[4.542, 4.543)",0.00781012,4.538
"[4.543, 4.5440000000000005)",0.015511747875,4.539
"[4.5440000000000005, 4.545)",0.111252002,4.54
"[4.545, 4.546)",0.037751187,4.541
"[4.546, 4.547)",0.011869291499999999,4.542
"[4.547, 4.548)",0.06535181500000001,4.543
"[4.548, 4.549)",0.0036552233333333336,4.544
"[4.549, 4.55)",0.011736637375,4.545
"[4.55, 4.551)",0.030698849,4.546
"[4.551, 4.5520000000000005)",0.03846996185714286,4.547
"[4.5520000000000005, 4.553)",0.00232558,4.548
"[4.553, 4.554)",0.006508615200000001,4.549
"[4.554, 4.555)",0.027208476142857145,4.55
"[4.555, 4.556)",0.005267086333333334,4.551
"[4.556, 4.557)",0.09166936666666665,4.552
"[4.557, 4.558)",0.0350636,4.553
"[4.558, 4.559)",0.04390026049999999,4.554
"[4.559, 4.5600000000000005)",0.006589686666666667,4.555
"[4.5600000000000005, 4.561)",0.00742205973375,4.556
"[4.561, 4.562)",0.039910038777777775,4.557
"[4.562, 4.563)",0.016990497,4.558
"[4.563, 4.564)",0.0079858,4.559
"[4.564, 4.565)",0.02800759,4.56
"[4.565, 4.566)",0.012205878566666668,4.561
"[4.566, 4.567)",0.0137662972,4.562
"[4.567, 4.5680000000000005)",0.000540833,4.563
"[4.5680000000000005, 4.569)",0.05486723328571429,4.564
"[4.569, 4.57)",0.005876316666666667,4.565
"[4.57, 4.571)",0.008017281666666666,4.566
"[4.571, 4.572)",0.00170164,4.567
"[4.572, 4.573)",0.006046531000000001,4.568
"[4.573, 4.574)",0.030647366666666672,4.569
"[4.574, 4.575)",0.0556183,4.57
"[4.575, 4.5760000000000005)",0.01604251,4.571
"[4.5760000000000005, 4.577)",0.01835706975,4.572
"[4.577, 4.578)",0.029951133333333334,4.573
"[4.578, 4.579)",0.020405773333333335,4.574
"[4.579, 4.58)",0.189225705,4.575
"[4.58, 4.581)",0.019943,4.576
"[4.581, 4.582)",0.027094797666666667,4.577
"[4.582, 4.583)",0.025331970333333332,4.578
"[4.583, 4.5840000000000005)",0.02248064,4.579
"[4.5840000000000005, 4.585)",0.032387,4.58
"[4.585, 4.586)",0.0092584886,4.581
"[4.586, 4.587)",0.05711625550000001,4.582
"[4.587, 4.588)",0.011939950599999999,4.583
"[4.588, 4.589)",0.0081004165,4.584
"[4.589, 4.59)",0.0192204255,4.585
"[4.59, 4.591)",0.0010256619999999999,4.586
"[4.591, 4.5920000000000005)",0.0285858765,4.587
"[4.5920000000000005, 4.593)",0.036894170000000004,4.588
"[4.593, 4.594)",0.009379762499999998,4.589
"[4.594, 4.595)",0.03914629666666666,4.59
"[4.595, 4.596)",0.0255611665,4.591
"[4.596, 4.597)",0.0678478,4.592
"[4.597, 4.598)",0.03003771333333333,4.593
"[4.598, 4.599)",0.012674630375,4.594
"[4.599, 4.6000000000000005)",0.00444452,4.595
"[4.6000000000000005, 4.601)",0.019893006666666668,4.596
"[4.601, 4.602)",0.0009440835333333333,4.597
"[4.602, 4.603)",0.007676411166666667,4.598
"[4.603, 4.604)",0.011865540375,4.599
"[4.604, 4.605)",0.019732306114285714,4.6
"[4.605, 4.606)",0.03852525,4.601
"[4.606, 4.607)",0.0166055,4.602
"[4.607, 4.6080000000000005)",0.07060814060000001,4.603
"[4.6080000000000005, 4.609)",0.022150773833333335,4.604
"[4.609, 4.61)",0.009585891666666667,4.605
"[4.61, 4.611)",0.007093442500000001,4.606
"[4.611, 4.612)",0.08530415766666667,4.607
"[4.612, 4.613)",0.00110742,4.608
"[4.613, 4.614)",0.13624097175,4.609
"[4.614, 4.615)",0.09347257883333333,4.61
"[4.616, 4.617)",0.04190362757142858,4.611
"[4.617, 4.618)",0.0171172,4.612
"[4.618, 4.619)",0.04348593,4.613
"[4.619, 4.62)",0.0203748952,4.614
"[4.62, 4.621)",0.007598705,4.615
"[4.621, 4.622)",0.015004623333333333,4.616
"[4.622, 4.623)",0.0007383820000000001,4.617
"[4.623, 4.624)",0.005389629999999999,4.618
"[4.624, 4.625)",0.015754815999999998,4.619
"[4.625, 4.626)",0.0070938525,4.62
"[4.626, 4.627)",0.02709528333333333,4.621
"[4.627, 4.628)",0.012137093333333333,4.622
"[4.628, 4.6290000000000004)",0.00420663,4.623
"[4.6290000000000004, 4.63)",0.0052916533333333335,4.624
"[4.63, 4.631)",0.002711826666666667,4.625
"[4.631, 4.632)",0.00858075725,4.626
"[4.632, 4.633)",0.003204944333333333,4.627
"[4.633, 4.634)",0.0015398131000000002,4.628
"[4.634, 4.635)",0.0018944266666666666,4.629
"[4.635, 4.636)",0.027431570000000002,4.63
"[4.636, 4.6370000000000005)",0.00205215005,4.631
"[4.6370000000000005, 4.638)",0.014003846,4.632
"[4.638, 4.639)",0.03400194166666667,4.633
"[4.639, 4.64)",0.0279367592,4.634
"[4.64, 4.641)",0.08195229999999999,4.635
"[4.641, 4.642)",0.008147001599999999,4.636
"[4.642, 4.643)",0.00683995,4.637
"[4.643, 4.644)",0.0171546,4.638
"[4.644, 4.6450000000000005)",0.010186730000000001,4.639
"[4.6450000000000005, 4.646)",0.000540833,4.64
"[4.646, 4.647)",0.049185686666666666,4.641
"[4.647, 4.648)",0.06408538999999999,4.642
"[4.648, 4.649)",0.024453520500000003,4.643
"[4.649, 4.65)",0.0027693600000000002,4.644
"[4.65, 4.651)",0.000540833,4.645
"[4.651, 4.652)",0.004167195,4.646
"[4.652, 4.6530000000000005)",0.007608453333333334,4.647
"[4.654, 4.655)",0.069877285,4.648
"[4.655, 4.656)",0.000540833,4.649
"[4.656, 4.657)",0.06292922883333335,4.65
"[4.657, 4.658)",0.0303826,4.651
"[4.658, 4.659)",0.019063311,4.652
"[4.659, 4.66)",0.0008241265000000001,4.653
"[4.66, 4.6610000000000005)",0.0017611715000000001,4.654
"[4.6610000000000005, 4.662)",0.023197549999999997,4.655
"[4.662, 4.663)",0.0017611715000000001,4.656
"[4.663, 4.664)",0.0048996906,4.657
"[4.664, 4.665)",0.0008241265000000001,4.658
"[4.665, 4.666)",0.022975585,4.659
"[4.666, 4.667)",0.00115123,4.66
"[4.667, 4.668)",0.006792925,4.661
"[4.668, 4.6690000000000005)",0.00298151,4.662
"[4.6690000000000005, 4.67)",0.008785225,4.663
"[4.67, 4.671)",0.181395,4.664
"[4.671, 4.672)",0.0202557616,4.665
"[4.672, 4.673)",0.005637835440000001,4.666
"[4.673, 4.674)",0.00182194,4.667
"[4.674, 4.675)",0.0120294546,4.668
"[4.675, 4.676)",0.000540833,4.669
"[4.676, 4.6770000000000005)",0.006412773950000001,4.67
"[4.6770000000000005, 4.678)",0.017927866,4.671
"[4.678, 4.679)",0.000540833,4.672
"[4.679, 4.68)",0.0061283399999999995,4.673
"[4.68, 4.681)",0.0023272081666666665,4.674
"[4.681, 4.682)",0.013739578249999999,4.675
"[4.683, 4.684)",0.11554370259999999,4.676
"[4.684, 4.6850000000000005)",0.02138624,4.677
"[4.6850000000000005, 4.686)",0.00232558,4.678
"[4.686, 4.687)",0.0020544,4.679
"[4.687, 4.688)",0.007052062666666665,4.68
"[4.688, 4.689)",0.0332359,4.681
"[4.689, 4.69)",0.0033660543333333334,4.682
"[4.69, 4.691)",0.0043348382500000004,4.683
"[4.692, 4.6930000000000005)",0.010732324333333333,4.684
"[4.6930000000000005, 4.694)",0.02291463,4.685
"[4.694, 4.695)",0.014530514,4.686
"[4.695, 4.696)",0.0119153325,4.687
"[4.696, 4.697)",0.037082856666666664,4.688
"[4.698, 4.699)",0.00164658,4.689
"[4.699, 4.7)",0.025448784666666665,4.69
"[4.7, 4.7010000000000005)",0.005681876571428571,4.691
"[4.7010000000000005, 4.702)",0.000540833,4.692
"[4.702, 4.703)",0.1003033,4.693
"[4.703, 4.704)",0.056014166666666663,4.694
"[4.704, 4.705)",0.00411014,4.695
"[4.705, 4.706)",0.00384478,4.696
"[4.706, 4.707)",0.00925932,4.697
"[4.707, 4.708)",0.03416464,4.698
"[4.708, 4.7090000000000005)",0.005324135,4.699
"[4.7090000000000005, 4.71)",0.00110742,4.7
"[4.71, 4.711)",0.0288872,4.701
"[4.711, 4.712)",0.05200017075,4.702
"[4.712, 4.713)",0.02353343325,4.703
"[4.713, 4.714)",0.011372499999999999,4.704
"[4.714, 4.715)",0.005833366499999999,4.705
"[4.715, 4.716)",0.0013426176666666665,4.706
"[4.716, 4.7170000000000005)",0.055977849999999996,4.707
"[4.7170000000000005, 4.718)",0.0054930299999999994,4.708
"[4.718, 4.719)",0.0150628,4.709
"[4.719, 4.72)",0.00328396,4.71
"[4.72, 4.721)",0.2626894375,4.711
"[4.721, 4.722)",0.00398847575,4.712
"[4.722, 4.723)",0.00669716,4.713
"[4.723, 4.724)",0.0042768966,4.714
"[4.724, 4.7250000000000005)",0.02793002,4.715
"[4.7250000000000005, 4.726)",0.00232558,4.716
"[4.726, 4.727)",0.00395673325,4.717
"[4.727, 4.728)",0.011755292499999999,4.718
"[4.729, 4.73)",0.014054414999999999,4.719
"[4.73, 4.731)",0.0102550665,4.72
"[4.731, 4.732)",0.008245918599999999,4.721
"[4.732, 4.7330000000000005)",0.08365145,4.722
"[4.7330000000000005, 4.734)",0.011558313333333334,4.723
"[4.734, 4.735)",0.0022376143333333333,4.724
"[4.735, 4.736)",0.00827683,4.725
"[4.736, 4.737)",0.0038365,4.726
"[4.737, 4.738)",0.006373756666666667,4.727
"[4.738, 4.739)",0.016254493333333335,4.728
"[4.739, 4.74)",0.0065349965,4.729
"[4.74, 4.741)",0.003928636666666666,4.73
"[4.741, 4.742)",0.004103523833333333,4.731
"[4.742, 4.743)",0.09374745666666667,4.732
"[4.743, 4.744)",0.0184615,4.733
"[4.744, 4.745)",0.016336646,4.734
"[4.745, 4.746)",0.03498205,4.735
"[4.746, 4.747)",0.009859631999999998,4.736
"[4.747, 4.748)",0.01044273055,4.737
"[4.748, 4.749)",0.004101205,4.738
"[4.75, 4.751)",0.0022338125,4.739
"[4.751, 4.752)",0.03971614400000001,4.74
"[4.752, 4.753)",0.0069687433333333335,4.741
"[4.753, 4.7540000000000004)",0.002653545,4.742
"[4.7540000000000004, 4.755)",0.007759256333333332,4.743
"[4.755, 4.756)",0.00440508678,4.744
"[4.756, 4.757)",0.02843475,4.745
"[4.757, 4.758)",0.0007663934999999999,4.746
"[4.758, 4.759)",0.013791334333333334,4.747
"[4.759, 4.76)",0.03492275,4.748
"[4.76, 4.761)",0.017464,4.749
"[4.761, 4.7620000000000005)",0.010655038833333332,4.75
"[4.7620000000000005, 4.763)",0.00737809575,4.751
"[4.763, 4.764)",0.005654795000000001,4.752
"[4.764, 4.765)",0.0125031,4.753
"[4.765, 4.766)",0.03070085,4.754
"[4.766, 4.767)",0.014264396666666667,4.755
"[4.767, 4.768)",0.004134666666666667,4.756
"[4.768, 4.769)",0.06233295,4.757
"[4.769, 4.7700000000000005)",0.007878358333333333,4.758
"[4.7700000000000005, 4.771)",0.01361063,4.759
"[4.771, 4.772)",0.0039021466666666663,4.76
"[4.772, 4.773)",0.16142120999999998,4.761
"[4.773, 4.774)",0.02173016,4.762
"[4.774, 4.775)",0.0352803,4.763
"[4.775, 4.776)",0.0241604,4.764
"[4.776, 4.777)",0.012458575,4.765
"[4.777, 4.7780000000000005)",0.0252558,4.766
"[4.7780000000000005, 4.779)",0.0023991826,4.767
"[4.779, 4.78)",0.07164076999999999,4.768
"[4.78, 4.781)",0.01271415,4.769
"[4.781, 4.782)",0.0377830215,4.77
"[4.782, 4.783)",0.00911738,4.771
"[4.783, 4.784)",0.001741327666666667,4.772
"[4.784, 4.785)",0.04698185,4.773
"[4.7860000000000005, 4.787)",0.1026523332,4.774
"[4.787, 4.788)",0.000540833,4.775
"[4.788, 4.789)",0.51008405,4.776
"[4.789, 4.79)",0.0072828664999999996,4.777
"[4.79, 4.791)",0.00610501,4.778
"[4.791, 4.792)",0.050513812333333345,4.779
"[4.792, 4.793)",0.00232558,4.78
"[4.793, 4.7940000000000005)",0.014274016666666667,4.781
"[4.7940000000000005, 4.795)",0.004184283333333333,4.782
"[4.795, 4.796)",0.009667447666666667,4.783
"[4.796, 4.797)",0.017341342,4.784
"[4.797, 4.798)",0.00170164,4.785
"[4.798, 4.799)",0.00598007,4.786
"[4.799, 4.8)",0.0065797582500000005,4.787
"[4.8, 4.801)",0.008420653857142857,4.788
"[4.801, 4.8020000000000005)",0.029492989999999997,4.789
"[4.8020000000000005, 4.803)",0.00709499,4.79
"[4.803, 4.804)",0.007245065499999999,4.791
"[4.804, 4.805)",0.006423825,4.792
"[4.805, 4.806)",0.013809601999999999,4.793
"[4.806, 4.807)",0.014535521999999997,4.794
"[4.807, 4.808)",0.0404317,4.795
"[4.808, 4.809)",0.000540833,4.796
"[4.809, 4.8100000000000005)",0.004011857666666666,4.797
"[4.8100000000000005, 4.811)",0.01673997,4.798
"[4.811, 4.812)",0.05230842,4.799
"[4.812, 4.813)",0.028285244333333334,4.8
"[4.813, 4.814)",0.02310428666666667,4.801
"[4.814, 4.815)",0.013146855,4.802
"[4.815, 4.816)",0.0037626582499999998,4.803
"[4.816, 4.817)",0.01316373,4.804
"[4.817, 4.8180000000000005)",0.008126293833333334,4.805
"[4.8180000000000005, 4.819)",0.002489437666666667,4.806
"[4.819, 4.82)",0.048639625,4.807
"[4.82, 4.821)",0.006712974333333333,4.808
"[4.822, 4.823)",0.027527456,4.809
"[4.823, 4.824)",0.023090433,4.81
"[4.824, 4.825)",0.0793282,4.811
"[4.825, 4.8260000000000005)",0.059501319999999996,4.812
"[4.8260000000000005, 4.827)",0.0315596,4.813
"[4.827, 4.828)",0.47619,4.814
"[4.828, 4.829)",0.012159383199999999,4.815
"[4.829, 4.83)",0.0022799825,4.816
"[4.83, 4.831)",0.0437181,4.817
"[4.831, 4.832)",0.010714948833333335,4.818
"[4.832, 4.833)",0.003547046,4.819
"[4.833, 4.8340000000000005)",0.003903325,4.82
"[4.8340000000000005, 4.835)",0.18157554666666667,4.821
"[4.835, 4.836)",0.007213807666666666,4.822
"[4.836, 4.837)",0.002047776666666667,4.823
"[4.837, 4.838)",0.03668965,4.824
"[4.838, 4.839)",0.0071001651999999995,4.825
"[4.839, 4.84)",0.024105,4.826
"[4.84, 4.841)",0.023032140000000003,4.827
"[4.841, 4.8420000000000005)",0.0014332065,4.828
"[4.8420000000000005, 4.843)",0.019804745,4.829
"[4.843, 4.844)",0.0100888,4.83
"[4.844, 4.845)",0.00939284575,4.831
"[4.845, 4.846)",0.0201681,4.832
"[4.846, 4.847)",0.01586516325,4.833
"[4.847, 4.848)",0.014638195750000001,4.834
"[4.848, 4.849)",0.000540833,4.835
"[4.849, 4.8500000000000005)",0.0054336,4.836
"[4.8500000000000005, 4.851)",0.0023169764,4.837
"[4.852, 4.853)",0.00110742,4.838
"[4.853, 4.854)",0.03736768475,4.839
"[4.854, 4.855)",0.10852939333333332,4.84
"[4.855, 4.856)",0.042665604999999995,4.841
"[4.856, 4.857)",0.04876700666666667,4.842
"[4.857, 4.8580000000000005)",0.29579645,4.843
"[4.8580000000000005, 4.859)",0.019125315,4.844
"[4.859, 4.86)",0.0635204,4.845
"[4.86, 4.861)",0.009283696666666667,4.846
"[4.861, 4.862)",0.0038179115,4.847
"[4.862, 4.863)",0.0145005,4.848
"[4.863, 4.864)",0.03872505666666667,4.849
"[4.864, 4.865)",0.12304874999999998,4.85
"[4.865, 4.866)",0.004207555,4.851
"[4.866, 4.867)",0.0038660900000000004,4.852
"[4.867, 4.868)",0.0007028925,4.853
"[4.868, 4.869)",0.0052309274999999995,4.854
"[4.869, 4.87)",0.00709499,4.855
"[4.87, 4.871)",0.005976215,4.856
"[4.871, 4.872)",0.122253,4.857
"[4.873, 4.874)",0.01728467325,4.858
"[4.874, 4.875)",0.0038891833333333336,4.859
"[4.875, 4.876)",0.031676616500000004,4.86
"[4.876, 4.877)",0.019880005,4.861
"[4.877, 4.878)",0.045517,4.862
"[4.878, 4.8790000000000004)",0.009551603333333334,4.863
"[4.8790000000000004, 4.88)",0.05137145,4.864
"[4.88, 4.881)",0.0145278,4.865
"[4.882, 4.883)",0.03894359,4.866
"[4.883, 4.884)",0.013618775,4.867
"[4.884, 4.885)",0.004983005,4.868
"[4.885, 4.886)",0.013796182,4.869
"[4.886, 4.8870000000000005)",0.24503682,4.87
"[4.8870000000000005, 4.888)",0.05743115,4.871
"[4.888, 4.889)",0.00420663,4.872
"[4.889, 4.89)",0.00709499,4.873
"[4.891, 4.892)",0.015372709600000001,4.874
"[4.892, 4.893)",0.002937965,4.875
"[4.894, 4.8950000000000005)",0.004582823333333333,4.876
"[4.8950000000000005, 4.896)",0.02291462,4.877
"[4.896, 4.897)",0.00178295965,4.878
"[4.897, 4.898)",0.0194012,4.879
"[4.898, 4.899)",0.00380704,4.88
"[4.899, 4.9)",0.00110742,4.881
"[4.9, 4.901)",0.0551654,4.882
"[4.901, 4.902)",0.00720070825,4.883
"[4.904, 4.905)",0.0008229615,4.884
"[4.905, 4.906)",0.0465757,4.885
"[4.906, 4.907)",0.016576677666666668,4.886
"[4.907, 4.908)",0.00536622075,4.887
"[4.908, 4.909)",0.00232558,4.888
"[4.91, 4.9110000000000005)",0.00367197,4.889
"[4.9110000000000005, 4.912)",0.0014332065,4.89
"[4.912, 4.913)",0.00232558,4.891
"[4.913, 4.914)",0.01713878,4.892
"[4.914, 4.915)",0.00355035,4.893
"[4.915, 4.916)",0.00110742,4.894
"[4.917, 4.918)",0.000540833,4.895
"[4.9190000000000005, 4.92)",0.00229587,4.896
"[4.92, 4.921)",0.00216949,4.897
"[4.921, 4.922)",0.00755651,4.898
"[4.922, 4.923)",0.20703079,4.899
"[4.923, 4.924)",0.00367197,4.9
"[4.924, 4.925)",0.04754067000000001,4.901
"[4.925, 4.926)",0.00690951575,4.902
"[4.926, 4.9270000000000005)",0.035414890600000005,4.903
"[4.9270000000000005, 4.928)",0.000540833,4.904
"[4.928, 4.929)",0.024414875,4.905
"[4.929, 4.93)",0.00651357,4.906
"[4.93, 4.931)",0.01768234,4.907
"[4.931, 4.932)",0.037469503333333334,4.908
"[4.932, 4.933)",0.000540833,4.909
"[4.934, 4.9350000000000005)",0.008880366666666667,4.91
"[4.9350000000000005, 4.936)",0.0223522,4.911
"[4.936, 4.937)",0.02470481,4.912
"[4.937, 4.938)",0.08353189999999999,4.913
"[4.938, 4.939)",0.031504686,4.914
"[4.94, 4.941)",0.00867886,4.915
"[4.941, 4.942)",0.14705600000000002,4.916
"[4.942, 4.9430000000000005)",0.022662213333333334,4.917
"[4.9430000000000005, 4.944)",0.025769628600000004,4.918
"[4.944, 4.945)",0.017840984999999997,4.919
"[4.945, 4.946)",0.01443222,4.92
"[4.946, 4.947)",0.00110742,4.921
"[4.947, 4.948)",0.007606053333333332,4.922
"[4.948, 4.949)",0.000540833,4.923
"[4.949, 4.95)",0.0016037515,4.924
"[4.95, 4.9510000000000005)",0.0048739049999999996,4.925
"[4.9510000000000005, 4.952)",0.029097329999999998,4.926
"[4.952, 4.953)",0.00612268,4.927
"[4.953, 4.954)",0.0844221616,4.928
"[4.954, 4.955)",0.0060392,4.929
"[4.955, 4.956)",0.0218878,4.93
"[4.956, 4.957)",0.004555984999999999,4.931
"[4.957, 4.958)",0.226757,4.932
"[4.9590000000000005, 4.96)",0.0134863,4.933
"[4.96, 4.961)",0.022506875000000003,4.934
"[4.962, 4.963)",0.020500525000000002,4.935
"[4.963, 4.964)",0.00328396,4.936
"[4.964, 4.965)",0.0065806575,4.937
"[4.965, 4.966)",0.000540833,4.938
"[4.966, 4.9670000000000005)",0.0036170946,4.939
"[4.9670000000000005, 4.968)",0.00196227,4.94
"[4.968, 4.969)",0.00110742,4.941
"[4.969, 4.97)",0.0448621665,4.942
"[4.97, 4.971)",0.08582829333333332,4.943
"[4.971, 4.972)",0.00110742,4.944
"[4.972, 4.973)",0.004961184333333333,4.945
"[4.974, 4.9750000000000005)",0.009224993333333334,4.946
"[4.976, 4.977)",0.000625,4.947
"[4.977, 4.978)",0.000540833,4.948
"[4.978, 4.979)",1.04444e-5,4.949
"[4.979, 4.98)",0.000824839,4.95
"[4.98, 4.981)",0.0016711955,4.951
"[4.981, 4.982)",0.027147748333333332,4.952
"[4.982, 4.9830000000000005)",0.0504533,4.953
"[4.9830000000000005, 4.984)",0.12523974999999998,4.954
"[4.984, 4.985)",0.0300752,4.955
"[4.985, 4.986)",0.000540833,4.956
"[4.986, 4.987)",0.0052951050000000005,4.957
"[4.987, 4.988)",0.17169784666666665,4.958
"[4.988, 4.989)",0.004960565,4.959
"[4.989, 4.99)",0.0013877115,4.96
"[4.9910000000000005, 4.992)",0.247733495,4.961
"[4.992, 4.993)",0.00436571,4.962
"[4.994, 4.995)",0.0016607089999999998,4.963
"[4.995, 4.996)",0.012695143333333332,4.964
"[4.997, 4.998)",0.004021565,4.965
"[4.998, 4.999)",0.000540833,4.966
"[4.999, 5.0)",0.009652609999999999,4.967
"[5.0, 5.001)",0.0005095365000000001,4.968
"[5.002, 5.003)",0.00545553,4.969
"[5.003, 5.0040000000000004)",0.0038838799999999997,4.97
"[5.0040000000000004, 5.005)",0.021065176,4.971
"[5.005, 5.006)",0.000540833,4.972
"[5.006, 5.007)",0.00110742,4.973
"[5.007, 5.008)",0.054897775,4.974
"[5.008, 5.009)",0.0117001,4.975
"[5.009, 5.01)",0.2498319,4.976
"[5.013, 5.014)",0.0344196,4.977
"[5.016, 5.017)",0.0012612165,4.978
"[5.017, 5.018)",0.00170164,4.979
"[5.019, 5.0200000000000005)",0.00825326,4.98
"[5.021, 5.022)",0.0008241265000000001,4.981
"[5.022, 5.023)",0.502081705,4.982
"[5.023, 5.024)",0.000540833,4.983
"[5.025, 5.026)",0.000540833,4.984
"[5.026, 5.027)",0.0012976165,4.985
"[5.027, 5.0280000000000005)",0.0841809,4.986
"[5.0280000000000005, 5.029)",0.003029544333333333,4.987
"[5.029, 5.03)",0.016199895,4.988
"[5.031, 5.032)",0.208672,4.989
"[5.034, 5.035)",0.00307798,4.99
"[5.035, 5.0360000000000005)",0.00110742,4.991
"[5.0360000000000005, 5.037)",0.000540833,4.992
"[5.041, 5.042)",0.023708884333333333,4.993
"[5.042, 5.043)",0.0031376900000000003,4.994
"[5.043, 5.0440000000000005)",0.502081705,4.995
"[5.0440000000000005, 5.045)",0.000540833,4.996
"[5.047, 5.048)",0.0027693600000000002,4.997
"[5.049, 5.05)",0.0033927243333333333,4.998
"[5.05, 5.051)",0.00731707,4.999
"[5.051, 5.0520000000000005)",0.011100252666666666,5.0
"[5.0520000000000005, 5.053)",0.0183711,5.001
"[5.053, 5.054)",0.00420663,5.002
"[5.055, 5.056)",0.0023034200000000005,5.003
"[5.056, 5.057)",0.00222241,5.004
"[5.058, 5.059)",0.000540833,5.005
"[5.059, 5.0600000000000005)",0.00416341,5.006
"[5.0600000000000005, 5.061)",0.0046873765,5.007
"[5.061, 5.062)",0.0315249,5.008
"[5.062, 5.063)",0.00232558,5.009
"[5.063, 5.064)",0.0012976165,5.01
"[5.064, 5.065)",0.09399698,5.011
"[5.0680000000000005, 5.069)",0.10320379,5.012
"[5.072, 5.073)",0.0023521215,5.013
"[5.074, 5.075)",0.314228,5.014
"[5.075, 5.0760000000000005)",0.3354218233333333,5.015
"[5.077, 5.078)",0.000540833,5.016
"[5.078, 5.079)",0.002071475,5.017
"[5.08, 5.081)",0.0013587,5.018
"[5.082, 5.083)",0.03366055,5.019
"[5.0840000000000005, 5.085)",0.002044465,5.02
"[5.085, 5.086)",0.0038619199999999996,5.021
"[5.086, 5.087)",0.0157596,5.022
"[5.089, 5.09)",0.00425861,5.023
"[5.0920000000000005, 5.093)",0.00110742,5.024
"[5.093, 5.094)",0.00137586,5.025
"[5.095, 5.096)",0.0017611715000000001,5.026
"[5.096, 5.097)",0.0964286,5.027
"[5.098, 5.099)",0.00298151,5.028
"[5.099, 5.1000000000000005)",0.0393391,5.029
"[5.101, 5.102)",0.0357143,5.03
"[5.102, 5.103)",0.00110742,5.031
"[5.105, 5.106)",0.007991119999999999,5.032
"[5.107, 5.1080000000000005)",0.026863929999999998,5.033
"[5.1080000000000005, 5.109)",0.00731707,5.034
"[5.109, 5.11)",0.0008241265000000001,5.035
"[5.113, 5.114)",0.013272546666666664,5.036
"[5.114, 5.115)",0.00348432,5.037
"[5.115, 5.1160000000000005)",0.00110742,5.038
"[5.1160000000000005, 5.117)",0.04751966666666666,5.039
"[5.119, 5.12)",0.0319308675,5.04
"[5.12, 5.121)",0.00298151,5.041
"[5.122, 5.123)",0.00455139,5.042
"[5.123, 5.124)",0.00654225,5.043
"[5.124, 5.125)",0.000540833,5.044
"[5.125, 5.126)",0.003004462,5.045
"[5.127, 5.128)",0.010094535,5.046
"[5.128, 5.1290000000000004)",0.0051413299999999995,5.047
"[5.1290000000000004, 5.13)",0.002811701,5.048
"[5.13, 5.131)",0.00365854,5.049
"[5.131, 5.132)",0.00222342545,5.05
"[5.133, 5.134)",0.00226757,5.051
"[5.134, 5.135)",0.402474,5.052
"[5.135, 5.136)",0.0699584,5.053
"[5.136, 5.1370000000000005)",0.00867478,5.054
"[5.138, 5.139)",0.014096675749999999,5.055
"[5.14, 5.141)",0.00126243,5.056
"[5.142, 5.143)",0.00348432,5.057
"[5.144, 5.1450000000000005)",0.00170164,5.058
"[5.146, 5.147)",0.00537198,5.059
"[5.147, 5.148)",0.13976,5.06
"[5.148, 5.149)",0.00178571,5.061
"[5.151, 5.152)",0.00170164,5.062
"[5.152, 5.1530000000000005)",0.00170164,5.063
"[5.1530000000000005, 5.154)",0.00140453,5.064
"[5.155, 5.156)",0.0057461249999999995,5.065
"[5.156, 5.157)",0.010369310000000001,5.066
"[5.157, 5.158)",0.00279745,5.067
"[5.16, 5.1610000000000005)",0.03083863,5.068
"[5.162, 5.163)",0.004468440000000001,5.069
"[5.165, 5.166)",0.00610501,5.07
"[5.166, 5.167)",0.00885705,5.071
"[5.1690000000000005, 5.17)",0.0499852,5.072
"[5.175, 5.176)",0.000585938,5.073
"[5.176, 5.1770000000000005)",0.07073082,5.074
"[5.179, 5.18)",0.02715026,5.075
"[5.18, 5.181)",0.000540833,5.076
"[5.181, 5.182)",0.0194954,5.077
"[5.183, 5.184)",0.00110742,5.078
"[5.187, 5.188)",0.0117001,5.079
"[5.188, 5.189)",0.00516796,5.08
"[5.189, 5.19)",0.1298,5.081
"[5.192, 5.1930000000000005)",0.0223233,5.082
"[5.196, 5.197)",0.000540833,5.083
"[5.2, 5.2010000000000005)",0.00178571,5.084
"[5.204, 5.205)",0.0125031,5.085
"[5.206, 5.207)",0.0211864,5.086
"[5.207, 5.208)",0.0048626125,5.087
"[5.208, 5.2090000000000005)",0.00298151,5.088
"[5.21, 5.211)",0.00170164,5.089
"[5.211, 5.212)",0.00348432,5.09
"[5.219, 5.22)",0.00623936,5.091
"[5.223, 5.224)",0.027623099999999998,5.092
"[5.224, 5.2250000000000005)",0.0047619,5.093
"[5.227, 5.228)",0.000540833,5.094
"[5.228, 5.229)",0.0363787,5.095
"[5.231, 5.232)",0.03534557,5.096
"[5.232, 5.2330000000000005)",0.000540833,5.097
"[5.2330000000000005, 5.234)",0.0223233,5.098
"[5.235, 5.236)",0.0122869,5.099
"[5.24, 5.2410000000000005)",0.00170164,5.1
"[5.2410000000000005, 5.242)",0.00516796,5.101
"[5.242, 5.243)",0.07299968,5.102
"[5.243, 5.244)",0.0329229,5.103
"[5.245, 5.246)",0.00623936,5.104
"[5.246, 5.247)",0.0127758,5.105
"[5.247, 5.248)",0.000540833,5.106
"[5.248, 5.249)",0.000540833,5.107
"[5.249, 5.25)",0.00516796,5.108
"[5.251, 5.252)",0.004552376499999999,5.109
"[5.252, 5.253)",0.13976,5.11
"[5.253, 5.2540000000000004)",0.0014332065,5.111
"[5.255, 5.256)",0.01427355,5.112
"[5.259, 5.26)",0.005164055,5.113
"[5.268, 5.269)",0.00916667,5.114
"[5.271, 5.272)",0.00170164,5.115
"[5.274, 5.275)",0.00249259,5.116
"[5.275, 5.276)",0.0561543,5.117
"[5.281, 5.282)",0.00170164,5.118
"[5.287, 5.288)",0.00709499,5.119
"[5.288, 5.289)",0.00610501,5.12
"[5.29, 5.291)",0.00986842,5.121
"[5.291, 5.292)",0.313131,5.122
"[5.296, 5.297)",0.00170164,5.123
"[5.297, 5.298)",0.00293255,5.124
"[5.298, 5.299)",0.0378329,5.125
"[5.3, 5.301)",0.0249164,5.126
"[5.305, 5.306)",0.00190913,5.127
"[5.306, 5.307)",0.00293255,5.128
"[5.307, 5.308)",0.00682927,5.129
"[5.309, 5.3100000000000005)",0.00604839,5.13
"[5.3100000000000005, 5.311)",0.00709499,5.131
"[5.314, 5.315)",0.000820793,5.132
"[5.315, 5.316)",0.0355573665,5.133
"[5.316, 5.317)",0.0047619,5.134
"[5.3180000000000005, 5.319)",0.000540833,5.135
"[5.321, 5.322)",0.00938086,5.136
"[5.323, 5.324)",0.009590183249999999,5.137
"[5.3260000000000005, 5.327)",0.0309936,5.138
"[5.329, 5.33)",0.00232558,5.139
"[5.331, 5.332)",0.0047619,5.14
"[5.338, 5.339)",0.00110742,5.141
"[5.339, 5.34)",0.00348432,5.142
"[5.344, 5.345)",0.027429877666666668,5.143
"[5.348, 5.349)",0.00232558,5.144
"[5.3500000000000005, 5.351)",0.0239574,5.145
"[5.352, 5.353)",0.00110742,5.146
"[5.353, 5.354)",0.0103325,5.147
"[5.357, 5.3580000000000005)",0.00348432,5.148
"[5.361, 5.362)",0.003903325,5.149
"[5.363, 5.364)",0.0184615,5.15
"[5.37, 5.371)",0.0218718165,5.151
"[5.371, 5.372)",0.000540833,5.152
"[5.3740000000000006, 5.375)",0.0218221,5.153
"[5.376, 5.377)",0.0573317,5.154
"[5.377, 5.378)",0.00110742,5.155
"[5.3790000000000004, 5.38)",1.0,5.156
"[5.386, 5.3870000000000005)",0.10276,5.157
"[5.389, 5.39)",0.0403061,5.158
"[5.392, 5.393)",0.13976,5.159
"[5.3950000000000005, 5.396)",0.034441150000000004,5.16
"[5.398, 5.399)",0.000177525,5.161
"[5.4, 5.401)",0.00232558,5.162
"[5.405, 5.406)",0.00110742,5.163
"[5.406, 5.407)",0.00670546,5.164
"[5.407, 5.408)",0.00425861,5.165
"[5.408, 5.409)",0.01,5.166
"[5.409, 5.41)",0.00897272,5.167
"[5.4110000000000005, 5.412)",0.029306119999999998,5.168
"[5.412, 5.413)",0.0159741,5.169
"[5.413, 5.414)",0.00170164,5.17
"[5.417, 5.418)",0.00425861,5.171
"[5.422, 5.423)",0.000540833,5.172
"[5.424, 5.425)",0.00348432,5.173
"[5.4270000000000005, 5.428)",0.006832415,5.174
"[5.428, 5.429)",0.0127758,5.175
"[5.438, 5.439)",0.0311329,5.176
"[5.441, 5.442)",0.217014,5.177
"[5.442, 5.4430000000000005)",0.03201,5.178
"[5.4430000000000005, 5.444)",0.00178571,5.179
"[5.444, 5.445)",0.000566893,5.18
"[5.448, 5.449)",0.00178571,5.181
"[5.449, 5.45)",0.010582,5.182
"[5.45, 5.4510000000000005)",0.000540833,5.183
"[5.456, 5.457)",0.060750399999999996,5.184
"[5.4590000000000005, 5.46)",0.127785,5.185
"[5.464, 5.465)",0.0324074,5.186
"[5.465, 5.466)",0.00170164,5.187
"[5.468, 5.469)",0.013164655,5.188
"[5.469, 5.47)",0.0306392,5.189
"[5.47, 5.471)",0.0324881,5.19
"[5.472, 5.473)",0.00110742,5.191
"[5.473, 5.474)",0.00298151,5.192
"[5.474, 5.4750000000000005)",0.004189983333333334,5.193
"[5.477, 5.478)",0.00110742,5.194
"[5.479, 5.48)",0.00110742,5.195
"[5.48, 5.481)",0.00535396,5.196
"[5.481, 5.482)",0.104651,5.197
"[5.482, 5.4830000000000005)",0.0188034,5.198
"[5.485, 5.486)",2.30028e-5,5.199
"[5.486, 5.487)",0.027,5.2
"[5.488, 5.489)",0.00110742,5.201
"[5.4910000000000005, 5.492)",0.009861964999999999,5.202
"[5.496, 5.497)",0.0033359515,5.203
"[5.4990000000000006, 5.5)",0.00562475,5.204
"[5.5, 5.501)",0.0681818,5.205
"[5.508, 5.509)",0.16129544999999998,5.206
"[5.509, 5.51)",0.0136179,5.207
"[5.51, 5.511)",0.00935807,5.208
"[5.5120000000000005, 5.513)",0.00298151,5.209
"[5.518, 5.519)",0.0528143,5.21
"[5.525, 5.526)",0.00298151,5.211
"[5.5280000000000005, 5.529)",0.00916667,5.212
"[5.533, 5.534)",0.02108073,5.213
"[5.535, 5.5360000000000005)",0.0117001,5.214
"[5.537, 5.538)",0.0465806,5.215
"[5.538, 5.539)",0.0677219,5.216
"[5.549, 5.55)",0.000566893,5.217
"[5.5520000000000005, 5.553)",0.00916667,5.218
"[5.555, 5.556)",0.0303826,5.219
"[5.557, 5.558)",0.000566893,5.22
"[5.5600000000000005, 5.561)",0.02901012,5.221
"[5.563, 5.564)",0.00178571,5.222
"[5.578, 5.579)",0.00298151,5.223
"[5.581, 5.582)",0.0579635,5.224
"[5.586, 5.587)",0.002044465,5.225
"[5.587, 5.588)",0.0117001,5.226
"[5.589, 5.59)",0.0465806,5.227
"[5.5920000000000005, 5.593)",0.00938086,5.228
"[5.598, 5.599)",0.0465806,5.229
"[5.604, 5.605)",0.0177639,5.23
"[5.607, 5.6080000000000005)",0.0633908,5.231
"[5.612, 5.613)",0.00170164,5.232
"[5.621, 5.622)",0.00170164,5.233
"[5.6240000000000006, 5.625)",0.0410256,5.234
"[5.627, 5.628)",0.0809703,5.235
"[5.639, 5.64)",0.01839905,5.236
"[5.647, 5.648)",0.0244114,5.237
"[5.6530000000000005, 5.654)",0.0011849249999999999,5.238
"[5.658, 5.659)",0.00110742,5.239
"[5.659, 5.66)",0.0633908,5.24
"[5.66, 5.6610000000000005)",0.00110742,5.241
"[5.664, 5.665)",0.0168498,5.242
"[5.665, 5.666)",0.00731707,5.243
"[5.668, 5.6690000000000005)",0.0320704,5.244
"[5.674, 5.675)",0.00348432,5.245
"[5.68, 5.681)",0.00170164,5.246
"[5.681, 5.682)",0.00298151,5.247
"[5.688, 5.689)",0.00348432,5.248
"[5.706, 5.707)",0.00170164,5.249
"[5.707, 5.708)",0.0351547,5.25
"[5.7330000000000005, 5.734)",0.070037755,5.251
"[5.7490000000000006, 5.75)",0.002442,5.252
"[5.7540000000000004, 5.755)",0.0244114,5.253
"[5.757000000000001, 5.758)",0.00116144,5.254
"[5.764, 5.765)",0.000566893,5.255
"[5.771, 5.772)",1.0,5.256
"[5.772, 5.773)",0.00116144,5.257
"[5.7780000000000005, 5.779)",0.402051,5.258
"[5.785, 5.7860000000000005)",0.00298151,5.259
"[5.7860000000000005, 5.787)",0.00610501,5.26
"[5.789, 5.79)",0.0264456465,5.261
"[5.793, 5.7940000000000005)",0.00298151,5.262
"[5.7940000000000005, 5.795)",0.00298151,5.263
"[5.797, 5.798)",0.0013033,5.264
"[5.798, 5.799)",0.0249164,5.265
"[5.801, 5.8020000000000005)",0.00610501,5.266
"[5.804, 5.805)",0.0465806,5.267
"[5.812, 5.813)",0.00731707,5.268
"[5.821, 5.822)",0.0820857,5.269
"[5.823, 5.824)",0.000540833,5.27
"[5.8260000000000005, 5.827)",0.0244114,5.271
"[5.828, 5.829)",0.0117001,5.272
"[5.835, 5.836)",0.0004,5.273
"[5.838, 5.839)",0.000540833,5.274
"[5.843, 5.844)",0.000540833,5.275
"[5.845, 5.846)",0.000540833,5.276
"[5.864, 5.865)",0.0013033,5.277
