bin,R2_mean,dist
,0.07017250063787377,0.0
"[0.0, 0.001)",0.08861202202065185,0.001
"[0.001, 0.002)",0.07189097867083132,0.002
"[0.002, 0.003)",0.07210913381605391,0.003
"[0.003, 0.004)",0.07026583320033832,0.004
"[0.004, 0.005)",0.06582348707410805,0.005
"[0.005, 0.006)",0.06215179416997274,0.006
"[0.006, 0.007)",0.06044127855873977,0.007
"[0.007, 0.008)",0.053395287360804865,0.008
"[0.008, 0.009000000000000001)",0.053036896437148165,0.009
"[0.009000000000000001, 0.01)",0.05567416290175201,0.01
"[0.01, 0.011)",0.05525903559880586,0.011
"[0.011, 0.012)",0.04942234390660072,0.012
"[0.012, 0.013000000000000001)",0.05424613052932473,0.013
"[0.013000000000000001, 0.014)",0.05378417538036321,0.014
"[0.014, 0.015)",0.04792635509470674,0.015
"[0.015, 0.016)",0.04378826257588761,0.016
"[0.016, 0.017)",0.04992073317854109,0.017
"[0.017, 0.018000000000000002)",0.04866403639781784,0.018
"[0.018000000000000002, 0.019)",0.047152770501737246,0.019
"[0.019, 0.02)",0.04277082514183797,0.02
"[0.02, 0.021)",0.04848647425030115,0.021
"[0.021, 0.022)",0.045580731204711726,0.022
"[0.022, 0.023)",0.04987576069752096,0.023
"[0.023, 0.024)",0.04956982581875076,0.024
"[0.024, 0.025)",0.03919187049248177,0.025
"[0.025, 0.026000000000000002)",0.04749208703322371,0.026
"[0.026000000000000002, 0.027)",0.04385654032057217,0.027
"[0.027, 0.028)",0.04426136257314868,0.028
"[0.028, 0.029)",0.04011622110064738,0.029
"[0.029, 0.03)",0.04192817168101248,0.03
"[0.03, 0.031)",0.03976280254794324,0.031
"[0.031, 0.032)",0.041289149187094656,0.032
"[0.032, 0.033)",0.042354681748630635,0.033
"[0.033, 0.034)",0.03873301469751066,0.034
"[0.034, 0.035)",0.044658030865546386,0.035
"[0.035, 0.036000000000000004)",0.03928927717347501,0.036
"[0.036000000000000004, 0.037)",0.03961194614365343,0.037
"[0.037, 0.038)",0.040642099240368004,0.038
"[0.038, 0.039)",0.0406729521572951,0.039
"[0.039, 0.04)",0.04611112634790534,0.04
"[0.04, 0.041)",0.03941826275249242,0.041
"[0.041, 0.042)",0.04190201811510815,0.042
"[0.042, 0.043000000000000003)",0.04017562378178909,0.043
"[0.043000000000000003, 0.044)",0.040600548350117005,0.044
"[0.044, 0.045)",0.04142440308620469,0.045
"[0.045, 0.046)",0.038381436157572196,0.046
"[0.046, 0.047)",0.03351839950949417,0.047
"[0.047, 0.048)",0.037256561379334405,0.048
"[0.048, 0.049)",0.04243167232233328,0.049
"[0.049, 0.05)",0.03796784655163882,0.05
"[0.05, 0.051000000000000004)",0.04146075200238087,0.051
"[0.051000000000000004, 0.052000000000000005)",0.04058116357785528,0.052
"[0.052000000000000005, 0.053)",0.03595515453374436,0.053
"[0.053, 0.054)",0.03812368690762317,0.054
"[0.054, 0.055)",0.040788802884649825,0.055
"[0.055, 0.056)",0.03780410878234302,0.056
"[0.056, 0.057)",0.043925535368619165,0.057
"[0.057, 0.058)",0.03855512899735698,0.058
"[0.058, 0.059000000000000004)",0.04154129323793328,0.059
"[0.059000000000000004, 0.06)",0.04157750525025669,0.06
"[0.06, 0.061)",0.0392979198331797,0.061
"[0.061, 0.062)",0.03655465728957023,0.062
"[0.062, 0.063)",0.03727811910565162,0.063
"[0.063, 0.064)",0.03642933631411522,0.064
"[0.064, 0.065)",0.037583587874682016,0.065
"[0.065, 0.066)",0.03455700217401872,0.066
"[0.066, 0.067)",0.042167318927492044,0.067
"[0.067, 0.068)",0.033017022344134575,0.068
"[0.068, 0.069)",0.04525134972479476,0.069
"[0.069, 0.07)",0.039537075477460534,0.07
"[0.07, 0.07100000000000001)",0.042313263143273015,0.071
"[0.07100000000000001, 0.07200000000000001)",0.03935193182114846,0.072
"[0.07200000000000001, 0.073)",0.037951480114229066,0.073
"[0.073, 0.074)",0.03827333005471993,0.074
"[0.074, 0.075)",0.039534225714299535,0.075
"[0.075, 0.076)",0.03690150720284589,0.076
"[0.076, 0.077)",0.034918339174937606,0.077
"[0.077, 0.078)",0.040375959599576676,0.078
"[0.078, 0.079)",0.03990451456448595,0.079
"[0.079, 0.08)",0.04317851621939778,0.08
"[0.08, 0.081)",0.041022817617985596,0.081
"[0.081, 0.082)",0.04244702205189475,0.082
"[0.082, 0.083)",0.035866334390746844,0.083
"[0.083, 0.084)",0.04149437809658807,0.084
"[0.084, 0.085)",0.03267677027738674,0.085
"[0.085, 0.08600000000000001)",0.037296144066423134,0.086
"[0.08600000000000001, 0.08700000000000001)",0.04213044529985597,0.087
"[0.08700000000000001, 0.088)",0.036553288807189194,0.088
"[0.088, 0.089)",0.04727599706677988,0.089
"[0.089, 0.09)",0.03626873709210761,0.09
"[0.09, 0.091)",0.034317623326178597,0.091
"[0.091, 0.092)",0.037590799973552504,0.092
"[0.092, 0.093)",0.038777141822586125,0.093
"[0.093, 0.094)",0.04245782958226695,0.094
"[0.094, 0.095)",0.04423606265363931,0.095
"[0.095, 0.096)",0.04266225292697724,0.096
"[0.096, 0.097)",0.03854558974609668,0.097
"[0.097, 0.098)",0.041009802422096585,0.098
"[0.098, 0.099)",0.037316569497472266,0.099
"[0.099, 0.1)",0.03377097895525404,0.1
"[0.1, 0.101)",0.035096016493448214,0.101
"[0.101, 0.10200000000000001)",0.041254686418973056,0.102
"[0.10200000000000001, 0.10300000000000001)",0.03738061808714902,0.103
"[0.10300000000000001, 0.10400000000000001)",0.03824452571341325,0.104
"[0.10400000000000001, 0.105)",0.034800883084940976,0.105
"[0.105, 0.106)",0.03947555140876277,0.106
"[0.106, 0.107)",0.043914784368326264,0.107
"[0.107, 0.108)",0.03760424512912443,0.108
"[0.108, 0.109)",0.03832209988834841,0.109
"[0.109, 0.11)",0.037972577341219,0.11
"[0.11, 0.111)",0.03545043695014924,0.111
"[0.111, 0.112)",0.03293179321388128,0.112
"[0.112, 0.113)",0.03589477864325948,0.113
"[0.113, 0.114)",0.0319750030184261,0.114
"[0.114, 0.115)",0.04038289960750524,0.115
"[0.115, 0.116)",0.03339024987560158,0.116
"[0.116, 0.117)",0.03636486391739329,0.117
"[0.117, 0.11800000000000001)",0.03554977358028789,0.118
"[0.11800000000000001, 0.11900000000000001)",0.03817324655130987,0.119
"[0.11900000000000001, 0.12)",0.03438779672911329,0.12
"[0.12, 0.121)",0.03985468680117155,0.121
"[0.121, 0.122)",0.041271971552533405,0.122
"[0.122, 0.123)",0.02828774850309552,0.123
"[0.123, 0.124)",0.03596772400085482,0.124
"[0.124, 0.125)",0.03039603623937501,0.125
"[0.125, 0.126)",0.03647913680881934,0.126
"[0.126, 0.127)",0.03730911982824917,0.127
"[0.127, 0.128)",0.039051964473089326,0.128
"[0.128, 0.129)",0.03512818687740534,0.129
"[0.129, 0.13)",0.044496201987688944,0.13
"[0.13, 0.131)",0.036914607556931156,0.131
"[0.131, 0.132)",0.03926805173676145,0.132
"[0.132, 0.133)",0.03616988504688596,0.133
"[0.133, 0.134)",0.03429358023566216,0.134
"[0.134, 0.135)",0.03488548738871899,0.135
"[0.135, 0.136)",0.033523611842339505,0.136
"[0.136, 0.137)",0.03144928768942304,0.137
"[0.137, 0.138)",0.03551308783003318,0.138
"[0.138, 0.139)",0.034561312873799085,0.139
"[0.139, 0.14)",0.03723012742197801,0.14
"[0.14, 0.14100000000000001)",0.03269389947052282,0.141
"[0.14100000000000001, 0.14200000000000002)",0.03462790415066516,0.142
"[0.14200000000000002, 0.14300000000000002)",0.03387223935235911,0.143
"[0.14300000000000002, 0.14400000000000002)",0.03350434433656437,0.144
"[0.14400000000000002, 0.145)",0.03065148363139809,0.145
"[0.145, 0.146)",0.0363662347166086,0.146
"[0.146, 0.147)",0.03354660409047554,0.147
"[0.147, 0.148)",0.032247386503426234,0.148
"[0.148, 0.149)",0.033282518553028766,0.149
"[0.149, 0.15)",0.04212470352098357,0.15
"[0.15, 0.151)",0.0325708611020224,0.151
"[0.151, 0.152)",0.03257000885038929,0.152
"[0.152, 0.153)",0.034840451839024296,0.153
"[0.153, 0.154)",0.028658104811534003,0.154
"[0.154, 0.155)",0.03255352733397228,0.155
"[0.155, 0.156)",0.034672087134329954,0.156
"[0.156, 0.157)",0.035877101490723935,0.157
"[0.157, 0.158)",0.032825664290383715,0.158
"[0.158, 0.159)",0.0326210732111674,0.159
"[0.159, 0.16)",0.03306530077625547,0.16
"[0.16, 0.161)",0.037327112114333295,0.161
"[0.161, 0.162)",0.040497388961335624,0.162
"[0.162, 0.163)",0.03652760330123172,0.163
"[0.163, 0.164)",0.03342038783131307,0.164
"[0.164, 0.165)",0.03570852099377719,0.165
"[0.165, 0.166)",0.03428859613116607,0.166
"[0.166, 0.167)",0.03042226215472864,0.167
"[0.167, 0.168)",0.03507058863042525,0.168
"[0.168, 0.169)",0.036166349695218196,0.169
"[0.169, 0.17)",0.03424451636382015,0.17
"[0.17, 0.171)",0.032947469516649175,0.171
"[0.171, 0.17200000000000001)",0.03316737641589961,0.172
"[0.17200000000000001, 0.17300000000000001)",0.034152090005155504,0.173
"[0.17300000000000001, 0.17400000000000002)",0.033327996182282806,0.174
"[0.17400000000000002, 0.17500000000000002)",0.0340515068228386,0.175
"[0.17500000000000002, 0.176)",0.03571968180091898,0.176
"[0.176, 0.177)",0.031460862324815216,0.177
"[0.177, 0.178)",0.03617914902029309,0.178
"[0.178, 0.179)",0.034954891027152296,0.179
"[0.179, 0.18)",0.03496601630135922,0.18
"[0.18, 0.181)",0.03836861477854183,0.181
"[0.181, 0.182)",0.039439522677765966,0.182
"[0.182, 0.183)",0.040025248408808244,0.183
"[0.183, 0.184)",0.03371361796960777,0.184
"[0.184, 0.185)",0.031237604995011433,0.185
"[0.185, 0.186)",0.029032648210596354,0.186
"[0.186, 0.187)",0.023861537123700347,0.187
"[0.187, 0.188)",0.03253213561336842,0.188
"[0.188, 0.189)",0.037610932410522234,0.189
"[0.189, 0.19)",0.029921835190679834,0.19
"[0.19, 0.191)",0.032169070818699685,0.191
"[0.191, 0.192)",0.032532496610416586,0.192
"[0.192, 0.193)",0.029365121361059652,0.193
"[0.193, 0.194)",0.035662758114074815,0.194
"[0.194, 0.195)",0.026097726382416937,0.195
"[0.195, 0.196)",0.034676427617745274,0.196
"[0.196, 0.197)",0.036255896254303054,0.197
"[0.197, 0.198)",0.03489396684716784,0.198
"[0.198, 0.199)",0.03112582423535029,0.199
"[0.199, 0.2)",0.02878639481053371,0.2
"[0.2, 0.201)",0.03277119878656828,0.201
"[0.201, 0.202)",0.037264364835451785,0.202
"[0.202, 0.203)",0.03292344805275422,0.203
"[0.203, 0.20400000000000001)",0.02760802331504353,0.204
"[0.20400000000000001, 0.20500000000000002)",0.030195247115571956,0.205
"[0.20500000000000002, 0.20600000000000002)",0.030895668743399204,0.206
"[0.20600000000000002, 0.20700000000000002)",0.0297622476088079,0.207
"[0.20700000000000002, 0.20800000000000002)",0.02973955238518863,0.208
"[0.20800000000000002, 0.209)",0.02756938757267785,0.209
"[0.209, 0.21)",0.03159391056243038,0.21
"[0.21, 0.211)",0.034439234078096514,0.211
"[0.211, 0.212)",0.03126468059924343,0.212
"[0.212, 0.213)",0.030590861122870627,0.213
"[0.213, 0.214)",0.03452180150611105,0.214
"[0.214, 0.215)",0.03615941208008575,0.215
"[0.215, 0.216)",0.026302081566699054,0.216
"[0.216, 0.217)",0.03345890119661687,0.217
"[0.217, 0.218)",0.029376378961625895,0.218
"[0.218, 0.219)",0.030670106200345843,0.219
"[0.219, 0.22)",0.033652902913801644,0.22
"[0.22, 0.221)",0.033735484688864656,0.221
"[0.221, 0.222)",0.03238827372516623,0.222
"[0.222, 0.223)",0.027530474207088214,0.223
"[0.223, 0.224)",0.03488573490040197,0.224
"[0.224, 0.225)",0.036287264296035626,0.225
"[0.225, 0.226)",0.03322001430145673,0.226
"[0.226, 0.227)",0.0334531168612648,0.227
"[0.227, 0.228)",0.026995946535862424,0.228
"[0.228, 0.229)",0.03437233643632765,0.229
"[0.229, 0.23)",0.03360610224972136,0.23
"[0.23, 0.231)",0.03312146714220512,0.231
"[0.231, 0.232)",0.03357853713077815,0.232
"[0.232, 0.233)",0.03402592778190233,0.233
"[0.233, 0.234)",0.033137127490041426,0.234
"[0.234, 0.23500000000000001)",0.029205507660563214,0.235
"[0.23500000000000001, 0.23600000000000002)",0.032158468678470324,0.236
"[0.23600000000000002, 0.23700000000000002)",0.03286857120935635,0.237
"[0.23700000000000002, 0.23800000000000002)",0.03635724020133326,0.238
"[0.23800000000000002, 0.23900000000000002)",0.03673633114837531,0.239
"[0.23900000000000002, 0.24)",0.030737319836642754,0.24
"[0.24, 0.241)",0.033439569309178296,0.241
"[0.241, 0.242)",0.035150681428939165,0.242
"[0.242, 0.243)",0.0282905394247725,0.243
"[0.243, 0.244)",0.028347927707030367,0.244
"[0.244, 0.245)",0.03451611302272999,0.245
"[0.245, 0.246)",0.030668882548984294,0.246
"[0.246, 0.247)",0.030901673558002277,0.247
"[0.247, 0.248)",0.02876151567503466,0.248
"[0.248, 0.249)",0.03151348346269926,0.249
"[0.249, 0.25)",0.032434488126950295,0.25
"[0.25, 0.251)",0.02902688061280936,0.251
"[0.251, 0.252)",0.02754673342220551,0.252
"[0.252, 0.253)",0.03736641212640267,0.253
"[0.253, 0.254)",0.03706317337280893,0.254
"[0.254, 0.255)",0.029865155731144982,0.255
"[0.255, 0.256)",0.03442206664208786,0.256
"[0.256, 0.257)",0.03550234142944671,0.257
"[0.257, 0.258)",0.03250015288030925,0.258
"[0.258, 0.259)",0.029954684990073116,0.259
"[0.259, 0.26)",0.02886636810987652,0.26
"[0.26, 0.261)",0.03058545790257202,0.261
"[0.261, 0.262)",0.028446646170892646,0.262
"[0.262, 0.263)",0.033863938407959586,0.263
"[0.263, 0.264)",0.03574677287821385,0.264
"[0.264, 0.265)",0.031566407117911956,0.265
"[0.265, 0.266)",0.031000609732611012,0.266
"[0.266, 0.267)",0.03227530845434495,0.267
"[0.267, 0.268)",0.03420896870811896,0.268
"[0.268, 0.269)",0.037832903637239804,0.269
"[0.269, 0.27)",0.03267561544285712,0.27
"[0.27, 0.271)",0.027380065691459156,0.271
"[0.271, 0.272)",0.029549452598418628,0.272
"[0.272, 0.273)",0.029527781303036602,0.273
"[0.273, 0.274)",0.0327039091376247,0.274
"[0.274, 0.275)",0.036273297451501554,0.275
"[0.275, 0.276)",0.026031685289379585,0.276
"[0.276, 0.277)",0.029077370241274766,0.277
"[0.277, 0.278)",0.03260130119916931,0.278
"[0.278, 0.279)",0.0331267875296397,0.279
"[0.279, 0.28)",0.03551100001984284,0.28
"[0.28, 0.281)",0.03636565779104665,0.281
"[0.281, 0.28200000000000003)",0.026042204291919193,0.282
"[0.28200000000000003, 0.28300000000000003)",0.03286647870062093,0.283
"[0.28300000000000003, 0.28400000000000003)",0.0362070644364124,0.284
"[0.28400000000000003, 0.28500000000000003)",0.029363527404651146,0.285
"[0.28500000000000003, 0.28600000000000003)",0.03296272702080191,0.286
"[0.28600000000000003, 0.28700000000000003)",0.04095714007323868,0.287
"[0.28700000000000003, 0.28800000000000003)",0.0322279113986111,0.288
"[0.28800000000000003, 0.289)",0.03813111766046504,0.289
"[0.289, 0.29)",0.03258642609993953,0.29
"[0.29, 0.291)",0.03556081436421792,0.291
"[0.291, 0.292)",0.025479613389900218,0.292
"[0.292, 0.293)",0.03060488928430655,0.293
"[0.293, 0.294)",0.034420432096727245,0.294
"[0.294, 0.295)",0.033306550053567405,0.295
"[0.295, 0.296)",0.029631665315852734,0.296
"[0.296, 0.297)",0.027855509208513644,0.297
"[0.297, 0.298)",0.029758939545928877,0.298
"[0.298, 0.299)",0.035848094851341716,0.299
"[0.299, 0.3)",0.0251683829722581,0.3
"[0.3, 0.301)",0.03407126938642399,0.301
"[0.301, 0.302)",0.02969601610430504,0.302
"[0.302, 0.303)",0.02852602915004815,0.303
"[0.303, 0.304)",0.03272241120807741,0.304
"[0.304, 0.305)",0.026815693634665145,0.305
"[0.305, 0.306)",0.031607259870179955,0.306
"[0.306, 0.307)",0.029094150827177707,0.307
"[0.307, 0.308)",0.03295227190283018,0.308
"[0.308, 0.309)",0.03288442681982758,0.309
"[0.309, 0.31)",0.032720387405690665,0.31
"[0.31, 0.311)",0.034817016799420446,0.311
"[0.311, 0.312)",0.03652691244219726,0.312
"[0.312, 0.313)",0.03589853327615761,0.313
"[0.313, 0.314)",0.026742579571817,0.314
"[0.314, 0.315)",0.028771395182750292,0.315
"[0.315, 0.316)",0.030041391128549515,0.316
"[0.316, 0.317)",0.025311118769174766,0.317
"[0.317, 0.318)",0.030181949112095766,0.318
"[0.318, 0.319)",0.02664364058927254,0.319
"[0.319, 0.32)",0.030978093151455444,0.32
"[0.32, 0.321)",0.028401159549385446,0.321
"[0.321, 0.322)",0.03618081196473363,0.322
"[0.322, 0.323)",0.02357118634549814,0.323
"[0.323, 0.324)",0.02976507068358581,0.324
"[0.324, 0.325)",0.031155318147764705,0.325
"[0.325, 0.326)",0.033081954422738334,0.326
"[0.326, 0.327)",0.029208434159746555,0.327
"[0.327, 0.328)",0.033870212937866136,0.328
"[0.328, 0.329)",0.029562865228701454,0.329
"[0.329, 0.33)",0.03181052387083434,0.33
"[0.33, 0.331)",0.029694066922058466,0.331
"[0.331, 0.332)",0.031890565766906825,0.332
"[0.332, 0.333)",0.030693185884595655,0.333
"[0.333, 0.334)",0.03013743658281604,0.334
"[0.334, 0.335)",0.034212027353300915,0.335
"[0.335, 0.336)",0.029963919352503064,0.336
"[0.336, 0.337)",0.027541159899936427,0.337
"[0.337, 0.338)",0.028419708977945497,0.338
"[0.338, 0.339)",0.033472538894061266,0.339
"[0.339, 0.34)",0.03449861151518469,0.34
"[0.34, 0.341)",0.039902057254258994,0.341
"[0.341, 0.342)",0.028267477996860888,0.342
"[0.342, 0.343)",0.02655246189387966,0.343
"[0.343, 0.34400000000000003)",0.029125361605889567,0.344
"[0.34400000000000003, 0.34500000000000003)",0.033697310041554726,0.345
"[0.34500000000000003, 0.34600000000000003)",0.03610881740960828,0.346
"[0.34600000000000003, 0.34700000000000003)",0.030930800100623452,0.347
"[0.34700000000000003, 0.34800000000000003)",0.031226968545325928,0.348
"[0.34800000000000003, 0.34900000000000003)",0.031536750417228455,0.349
"[0.34900000000000003, 0.35000000000000003)",0.02449829435117041,0.35
"[0.35000000000000003, 0.35100000000000003)",0.03158027965401891,0.351
"[0.35100000000000003, 0.352)",0.029487840973582497,0.352
"[0.352, 0.353)",0.037691344131515175,0.353
"[0.353, 0.354)",0.03108970951572905,0.354
"[0.354, 0.355)",0.03614839998255161,0.355
"[0.355, 0.356)",0.03561176879711818,0.356
"[0.356, 0.357)",0.03415382793167462,0.357
"[0.357, 0.358)",0.03306125760000003,0.358
"[0.358, 0.359)",0.024634910770871293,0.359
"[0.359, 0.36)",0.03550638223764223,0.36
"[0.36, 0.361)",0.03210130829133333,0.361
"[0.361, 0.362)",0.03284107118628427,0.362
"[0.362, 0.363)",0.027613233220832267,0.363
"[0.363, 0.364)",0.02606450727679489,0.364
"[0.364, 0.365)",0.03155417445170313,0.365
"[0.365, 0.366)",0.029928462880823684,0.366
"[0.366, 0.367)",0.02778619734053707,0.367
"[0.367, 0.368)",0.03464954683840305,0.368
"[0.368, 0.369)",0.02840775243596492,0.369
"[0.369, 0.37)",0.03163030761985894,0.37
"[0.37, 0.371)",0.022064022650245714,0.371
"[0.371, 0.372)",0.03357767998672725,0.372
"[0.372, 0.373)",0.032124128265217926,0.373
"[0.373, 0.374)",0.03197253732176228,0.374
"[0.374, 0.375)",0.034520526590424275,0.375
"[0.375, 0.376)",0.029349670344638475,0.376
"[0.376, 0.377)",0.02588981395018363,0.377
"[0.377, 0.378)",0.03465002063959132,0.378
"[0.378, 0.379)",0.026996221513694522,0.379
"[0.379, 0.38)",0.026003769947095634,0.38
"[0.38, 0.381)",0.0373100421822208,0.381
"[0.381, 0.382)",0.026397859905926867,0.382
"[0.382, 0.383)",0.02819648612506236,0.383
"[0.383, 0.384)",0.02789317861257034,0.384
"[0.384, 0.385)",0.027235572076437516,0.385
"[0.385, 0.386)",0.02802904770305552,0.386
"[0.386, 0.387)",0.03700530615391193,0.387
"[0.387, 0.388)",0.03275275230723354,0.388
"[0.388, 0.389)",0.02892046788497536,0.389
"[0.389, 0.39)",0.02735778432238264,0.39
"[0.39, 0.391)",0.03411938391510252,0.391
"[0.391, 0.392)",0.028858425793114744,0.392
"[0.392, 0.393)",0.02743904529577671,0.393
"[0.393, 0.394)",0.029452215130451105,0.394
"[0.394, 0.395)",0.036882463087732326,0.395
"[0.395, 0.396)",0.031277643310871676,0.396
"[0.396, 0.397)",0.03126238664540714,0.397
"[0.397, 0.398)",0.035170128712834266,0.398
"[0.398, 0.399)",0.03457920818253768,0.399
"[0.399, 0.4)",0.028505224277723343,0.4
"[0.4, 0.401)",0.028411173683457386,0.401
"[0.401, 0.402)",0.03357934303228153,0.402
"[0.402, 0.403)",0.031202770216311137,0.403
"[0.403, 0.404)",0.02682576286248508,0.404
"[0.404, 0.405)",0.02834267005463538,0.405
"[0.405, 0.406)",0.027073401571662527,0.406
"[0.406, 0.40700000000000003)",0.028423708448731856,0.407
"[0.40700000000000003, 0.40800000000000003)",0.026352201235818166,0.408
"[0.40800000000000003, 0.40900000000000003)",0.029061585525454514,0.409
"[0.40900000000000003, 0.41000000000000003)",0.027938601885309246,0.41
"[0.41000000000000003, 0.41100000000000003)",0.025496035027836424,0.411
"[0.41100000000000003, 0.41200000000000003)",0.031181289264918834,0.412
"[0.41200000000000003, 0.41300000000000003)",0.028844809866202532,0.413
"[0.41300000000000003, 0.41400000000000003)",0.026629643230961522,0.414
"[0.41400000000000003, 0.41500000000000004)",0.03245456819332409,0.415
"[0.41500000000000004, 0.41600000000000004)",0.02900943530905615,0.416
"[0.41600000000000004, 0.417)",0.03168817535324604,0.417
"[0.417, 0.418)",0.027844737271468932,0.418
"[0.418, 0.419)",0.03016093295987161,0.419
"[0.419, 0.42)",0.029767854099335054,0.42
"[0.42, 0.421)",0.03118833598797885,0.421
"[0.421, 0.422)",0.03237975148346885,0.422
"[0.422, 0.423)",0.02953564095593871,0.423
"[0.423, 0.424)",0.02975772708685822,0.424
"[0.424, 0.425)",0.026464218911795557,0.425
"[0.425, 0.426)",0.027007988303530187,0.426
"[0.426, 0.427)",0.03396638211632653,0.427
"[0.427, 0.428)",0.02382941537224971,0.428
"[0.428, 0.429)",0.027204315109019606,0.429
"[0.429, 0.43)",0.028080196762431484,0.43
"[0.43, 0.431)",0.029503916226937998,0.431
"[0.431, 0.432)",0.03120470217885407,0.432
"[0.432, 0.433)",0.02846063946538988,0.433
"[0.433, 0.434)",0.032224966426611566,0.434
"[0.434, 0.435)",0.03125901203257066,0.435
"[0.435, 0.436)",0.029101595748064077,0.436
"[0.436, 0.437)",0.026147551474757325,0.437
"[0.437, 0.438)",0.027763377741398275,0.438
"[0.438, 0.439)",0.031806538028362634,0.439
"[0.439, 0.44)",0.028519737821874204,0.44
"[0.44, 0.441)",0.02549378876969874,0.441
"[0.441, 0.442)",0.03214975084933509,0.442
"[0.442, 0.443)",0.0284903119005618,0.443
"[0.443, 0.444)",0.031841494173950755,0.444
"[0.444, 0.445)",0.034170458825531616,0.445
"[0.445, 0.446)",0.02814271219645667,0.446
"[0.446, 0.447)",0.028172366639215664,0.447
"[0.447, 0.448)",0.029765148242337638,0.448
"[0.448, 0.449)",0.031117770710027855,0.449
"[0.449, 0.45)",0.028920245921295256,0.45
"[0.45, 0.451)",0.02967703851627427,0.451
"[0.451, 0.452)",0.028501847165310314,0.452
"[0.452, 0.453)",0.029171753425769192,0.453
"[0.453, 0.454)",0.026085717271934653,0.454
"[0.454, 0.455)",0.03031449945721714,0.455
"[0.455, 0.456)",0.03137738720271005,0.456
"[0.456, 0.457)",0.025857676439003007,0.457
"[0.457, 0.458)",0.030266571702450236,0.458
"[0.458, 0.459)",0.03296086302176894,0.459
"[0.459, 0.46)",0.029664756773094266,0.46
"[0.46, 0.461)",0.033757963952039394,0.461
"[0.461, 0.462)",0.027222463665569293,0.462
"[0.462, 0.463)",0.033065784373085085,0.463
"[0.463, 0.464)",0.026677563628449544,0.464
"[0.464, 0.465)",0.032159490027943244,0.465
"[0.465, 0.466)",0.025936657044807156,0.466
"[0.466, 0.467)",0.024615652827488788,0.467
"[0.467, 0.468)",0.030511271869931043,0.468
"[0.468, 0.46900000000000003)",0.03235754648348627,0.469
"[0.46900000000000003, 0.47000000000000003)",0.031087860944992593,0.47
"[0.47000000000000003, 0.47100000000000003)",0.03296646903448281,0.471
"[0.47100000000000003, 0.47200000000000003)",0.027854191217428576,0.472
"[0.47200000000000003, 0.47300000000000003)",0.03071391825230518,0.473
"[0.47300000000000003, 0.47400000000000003)",0.031370182417687686,0.474
"[0.47400000000000003, 0.47500000000000003)",0.029043047715254202,0.475
"[0.47500000000000003, 0.47600000000000003)",0.03692527096502183,0.476
"[0.47600000000000003, 0.47700000000000004)",0.03128315384501509,0.477
"[0.47700000000000004, 0.47800000000000004)",0.03427915564326462,0.478
"[0.47800000000000004, 0.47900000000000004)",0.022362353472519147,0.479
"[0.47900000000000004, 0.48)",0.030747047340327828,0.48
"[0.48, 0.481)",0.034730932391637694,0.481
"[0.481, 0.482)",0.028309929909688007,0.482
"[0.482, 0.483)",0.031318906176314235,0.483
"[0.483, 0.484)",0.03198401315785606,0.484
"[0.484, 0.485)",0.028954696455987552,0.485
"[0.485, 0.486)",0.032806963194436566,0.486
"[0.486, 0.487)",0.023552160218447516,0.487
"[0.487, 0.488)",0.030585612006204903,0.488
"[0.488, 0.489)",0.027180415429692333,0.489
"[0.489, 0.49)",0.027846565304008718,0.49
"[0.49, 0.491)",0.0279171442021962,0.491
"[0.491, 0.492)",0.031529017243535684,0.492
"[0.492, 0.493)",0.03197942178081159,0.493
"[0.493, 0.494)",0.034993827266898064,0.494
"[0.494, 0.495)",0.03519262565209272,0.495
"[0.495, 0.496)",0.03192071707970804,0.496
"[0.496, 0.497)",0.03376863507929087,0.497
"[0.497, 0.498)",0.029087893907710986,0.498
"[0.498, 0.499)",0.03272960221231228,0.499
"[0.499, 0.5)",0.03022862894279477,0.5
"[0.5, 0.501)",0.03217482980149255,0.501
"[0.501, 0.502)",0.03150241792456142,0.502
"[0.502, 0.503)",0.027327414212795866,0.503
"[0.503, 0.504)",0.027778752483099762,0.504
"[0.504, 0.505)",0.030075763863667702,0.505
"[0.505, 0.506)",0.03460061159357948,0.506
"[0.506, 0.507)",0.030253996640091756,0.507
"[0.507, 0.508)",0.03233759266003132,0.508
"[0.508, 0.509)",0.031026533099569587,0.509
"[0.509, 0.51)",0.03211980072425109,0.51
"[0.51, 0.511)",0.03218818370690961,0.511
"[0.511, 0.512)",0.027056959280153878,0.512
"[0.512, 0.513)",0.028283599491873052,0.513
"[0.513, 0.514)",0.027342919842452563,0.514
"[0.514, 0.515)",0.03021782765676517,0.515
"[0.515, 0.516)",0.03242886938033537,0.516
"[0.516, 0.517)",0.03011937611242234,0.517
"[0.517, 0.518)",0.03163168641284378,0.518
"[0.518, 0.519)",0.03775229018795632,0.519
"[0.519, 0.52)",0.030553569840595624,0.52
"[0.52, 0.521)",0.03367803086480892,0.521
"[0.521, 0.522)",0.031302715949111486,0.522
"[0.522, 0.523)",0.026402466896983896,0.523
"[0.523, 0.524)",0.035734113067904284,0.524
"[0.524, 0.525)",0.02428517120507347,0.525
"[0.525, 0.526)",0.028069972400966675,0.526
"[0.526, 0.527)",0.036488943221819656,0.527
"[0.527, 0.528)",0.03174876768807951,0.528
"[0.528, 0.529)",0.0355971823949676,0.529
"[0.529, 0.53)",0.033544868515035,0.53
"[0.53, 0.531)",0.028631413805811114,0.531
"[0.531, 0.532)",0.04090853240118828,0.532
"[0.532, 0.533)",0.033385982824186936,0.533
"[0.533, 0.534)",0.0320571363337349,0.534
"[0.534, 0.535)",0.028037093314784253,0.535
"[0.535, 0.536)",0.028580261564186884,0.536
"[0.536, 0.537)",0.030808318257043475,0.537
"[0.537, 0.538)",0.03426362609104052,0.538
"[0.538, 0.539)",0.02968255078080991,0.539
"[0.539, 0.54)",0.03782270136296355,0.54
"[0.54, 0.541)",0.036163010209333366,0.541
"[0.541, 0.542)",0.02622078425782379,0.542
"[0.542, 0.543)",0.028159193957032074,0.543
"[0.543, 0.544)",0.0329514046083045,0.544
"[0.544, 0.545)",0.03995193150381918,0.545
"[0.545, 0.546)",0.03714741418192983,0.546
"[0.546, 0.547)",0.02460212749027686,0.547
"[0.547, 0.548)",0.026099640761879445,0.548
"[0.548, 0.549)",0.026935527299127543,0.549
"[0.549, 0.55)",0.027284084093143878,0.55
"[0.55, 0.551)",0.031176192137828202,0.551
"[0.551, 0.552)",0.030508961003756746,0.552
"[0.552, 0.553)",0.026905985085153374,0.553
"[0.553, 0.554)",0.03186593285946484,0.554
"[0.554, 0.555)",0.02615754782076181,0.555
"[0.555, 0.556)",0.03037474166675887,0.556
"[0.556, 0.557)",0.02234494199099238,0.557
"[0.557, 0.558)",0.028831238187897953,0.558
"[0.558, 0.559)",0.03341267237227717,0.559
"[0.559, 0.56)",0.03460116709349053,0.56
"[0.56, 0.561)",0.030283995705974873,0.561
"[0.561, 0.562)",0.029762933854666714,0.562
"[0.562, 0.5630000000000001)",0.030508620234525458,0.563
"[0.5630000000000001, 0.5640000000000001)",0.029093758325252742,0.564
"[0.5640000000000001, 0.5650000000000001)",0.028998904270212834,0.565
"[0.5650000000000001, 0.5660000000000001)",0.027228642565148044,0.566
"[0.5660000000000001, 0.5670000000000001)",0.025580647006277896,0.567
"[0.5670000000000001, 0.5680000000000001)",0.033891564786819,0.568
"[0.5680000000000001, 0.5690000000000001)",0.027886481298793148,0.569
"[0.5690000000000001, 0.5700000000000001)",0.031038535163134612,0.57
"[0.5700000000000001, 0.5710000000000001)",0.027915318844385178,0.571
"[0.5710000000000001, 0.5720000000000001)",0.02719386636133772,0.572
"[0.5720000000000001, 0.5730000000000001)",0.028275012609442665,0.573
"[0.5730000000000001, 0.5740000000000001)",0.027411580935405914,0.574
"[0.5740000000000001, 0.5750000000000001)",0.02768189176000003,0.575
"[0.5750000000000001, 0.5760000000000001)",0.027694393069218032,0.576
"[0.5760000000000001, 0.577)",0.029366917870756015,0.577
"[0.577, 0.578)",0.028516363764770514,0.578
"[0.578, 0.579)",0.02654907077340619,0.579
"[0.579, 0.58)",0.027971160970464315,0.58
"[0.58, 0.581)",0.028344636411034477,0.581
"[0.581, 0.582)",0.030324669061419264,0.582
"[0.582, 0.583)",0.02633990142255089,0.583
"[0.583, 0.584)",0.034670087407985876,0.584
"[0.584, 0.585)",0.028426972106844747,0.585
"[0.585, 0.586)",0.030292495981822702,0.586
"[0.586, 0.587)",0.03162964002320536,0.587
"[0.587, 0.588)",0.02896271901651165,0.588
"[0.588, 0.589)",0.02988724691044252,0.589
"[0.589, 0.59)",0.03323156319857653,0.59
"[0.59, 0.591)",0.02394722352304966,0.591
"[0.591, 0.592)",0.027622964354513932,0.592
"[0.592, 0.593)",0.03028664335445234,0.593
"[0.593, 0.594)",0.03710753640994943,0.594
"[0.594, 0.595)",0.03357958488799322,0.595
"[0.595, 0.596)",0.034192774832053435,0.596
"[0.596, 0.597)",0.029455975108166724,0.597
"[0.597, 0.598)",0.028512145081445218,0.598
"[0.598, 0.599)",0.030088001128384976,0.599
"[0.599, 0.6)",0.02764355141172978,0.6
"[0.6, 0.601)",0.028568168872869466,0.601
"[0.601, 0.602)",0.03238491387313171,0.602
"[0.602, 0.603)",0.031302362305693984,0.603
"[0.603, 0.604)",0.025636811357140264,0.604
"[0.604, 0.605)",0.025964964681663823,0.605
"[0.605, 0.606)",0.034707034638504705,0.606
"[0.606, 0.607)",0.027803871208555205,0.607
"[0.607, 0.608)",0.03021189025411988,0.608
"[0.608, 0.609)",0.030746858844333366,0.609
"[0.609, 0.61)",0.03236672370000003,0.61
"[0.61, 0.611)",0.03284652634916823,0.611
"[0.611, 0.612)",0.03021952687768384,0.612
"[0.612, 0.613)",0.030940863189038516,0.613
"[0.613, 0.614)",0.031987717488170045,0.614
"[0.614, 0.615)",0.024611674428443975,0.615
"[0.615, 0.616)",0.03212902868682836,0.616
"[0.616, 0.617)",0.036477397444020815,0.617
"[0.617, 0.618)",0.02787094071221809,0.618
"[0.618, 0.619)",0.027719595047428595,0.619
"[0.619, 0.62)",0.030227149566090235,0.62
"[0.62, 0.621)",0.029016510246654775,0.621
"[0.621, 0.622)",0.03148554929046697,0.622
"[0.622, 0.623)",0.030430450393474966,0.623
"[0.623, 0.624)",0.028140681779382257,0.624
"[0.624, 0.625)",0.026598142954980843,0.625
"[0.625, 0.626)",0.030088456088469627,0.626
"[0.626, 0.627)",0.02832562922398455,0.627
"[0.627, 0.628)",0.028616979675396875,0.628
"[0.628, 0.629)",0.027253930273780525,0.629
"[0.629, 0.63)",0.03147002045243449,0.63
"[0.63, 0.631)",0.027595853372475235,0.631
"[0.631, 0.632)",0.034109922412145756,0.632
"[0.632, 0.633)",0.038570701344522285,0.633
"[0.633, 0.634)",0.03512872649540328,0.634
"[0.634, 0.635)",0.03765445475796463,0.635
"[0.635, 0.636)",0.02840981501404614,0.636
"[0.636, 0.637)",0.030813560842361403,0.637
"[0.637, 0.638)",0.025990250599386526,0.638
"[0.638, 0.639)",0.03261436426447108,0.639
"[0.639, 0.64)",0.03478438853603237,0.64
"[0.64, 0.641)",0.027096306891146896,0.641
"[0.641, 0.642)",0.03813912961145036,0.642
"[0.642, 0.643)",0.03167496807978892,0.643
"[0.643, 0.644)",0.029335611519368428,0.644
"[0.644, 0.645)",0.0366955609362956,0.645
"[0.645, 0.646)",0.02799493858636365,0.646
"[0.646, 0.647)",0.02920871516327347,0.647
"[0.647, 0.648)",0.025876354835185213,0.648
"[0.648, 0.649)",0.0271353160465887,0.649
"[0.649, 0.65)",0.029311379616772906,0.65
"[0.65, 0.651)",0.033901513772088755,0.651
"[0.651, 0.652)",0.028608199541983122,0.652
"[0.652, 0.653)",0.03045149704912961,0.653
"[0.653, 0.654)",0.02990958895508441,0.654
"[0.654, 0.655)",0.025298067613180937,0.655
"[0.655, 0.656)",0.030900647713899013,0.656
"[0.656, 0.657)",0.030303294319958873,0.657
"[0.657, 0.658)",0.03250218407745835,0.658
"[0.658, 0.659)",0.02945552849954994,0.659
"[0.659, 0.66)",0.028478928688131875,0.66
"[0.66, 0.661)",0.028149210490021812,0.661
"[0.661, 0.662)",0.027296374113062113,0.662
"[0.662, 0.663)",0.029023637883469396,0.663
"[0.663, 0.664)",0.023912886523395453,0.664
"[0.664, 0.665)",0.0328949917227791,0.665
"[0.665, 0.666)",0.039540310985812364,0.666
"[0.666, 0.667)",0.02895769164592277,0.667
"[0.667, 0.668)",0.030033647134318203,0.668
"[0.668, 0.669)",0.035523242532240616,0.669
"[0.669, 0.67)",0.03673786937989015,0.67
"[0.67, 0.671)",0.03275035992686922,0.671
"[0.671, 0.672)",0.028010037620666697,0.672
"[0.672, 0.673)",0.03398595514427929,0.673
"[0.673, 0.674)",0.03019549098632319,0.674
"[0.674, 0.675)",0.02386874625537935,0.675
"[0.675, 0.676)",0.03367471814967747,0.676
"[0.676, 0.677)",0.034541427022482474,0.677
"[0.677, 0.678)",0.02974973710517859,0.678
"[0.678, 0.679)",0.026184812648661827,0.679
"[0.679, 0.68)",0.023198301356036885,0.68
"[0.68, 0.681)",0.032215876867595535,0.681
"[0.681, 0.682)",0.029909547814565274,0.682
"[0.682, 0.683)",0.032268439278960406,0.683
"[0.683, 0.684)",0.024362097783552656,0.684
"[0.684, 0.685)",0.03335993581598611,0.685
"[0.685, 0.686)",0.026701882510585584,0.686
"[0.686, 0.687)",0.026209629424324362,0.687
"[0.687, 0.6880000000000001)",0.026159485515437814,0.688
"[0.6880000000000001, 0.6890000000000001)",0.019521230659574482,0.689
"[0.6890000000000001, 0.6900000000000001)",0.02739233274564337,0.69
"[0.6900000000000001, 0.6910000000000001)",0.032802298712773126,0.691
"[0.6910000000000001, 0.6920000000000001)",0.03886398744041571,0.692
"[0.6920000000000001, 0.6930000000000001)",0.030109318119743628,0.693
"[0.6930000000000001, 0.6940000000000001)",0.02583045227018062,0.694
"[0.6940000000000001, 0.6950000000000001)",0.02695430414205819,0.695
"[0.6950000000000001, 0.6960000000000001)",0.028487752060665266,0.696
"[0.6960000000000001, 0.6970000000000001)",0.024454651596796332,0.697
"[0.6970000000000001, 0.6980000000000001)",0.032825690108936253,0.698
"[0.6980000000000001, 0.6990000000000001)",0.03276481739082359,0.699
"[0.6990000000000001, 0.7000000000000001)",0.03432700596426971,0.7
"[0.7000000000000001, 0.7010000000000001)",0.02665461177900426,0.701
"[0.7010000000000001, 0.7020000000000001)",0.03058047439555282,0.702
"[0.7020000000000001, 0.7030000000000001)",0.03417564373965148,0.703
"[0.7030000000000001, 0.704)",0.027837217963255806,0.704
"[0.704, 0.705)",0.031044700392427644,0.705
"[0.705, 0.706)",0.025891025596867484,0.706
"[0.706, 0.707)",0.028976908963549198,0.707
"[0.707, 0.708)",0.038118065308184054,0.708
"[0.708, 0.709)",0.032749310120594975,0.709
"[0.709, 0.71)",0.030075892141388182,0.71
"[0.71, 0.711)",0.025287617182168664,0.711
"[0.711, 0.712)",0.028303492792938475,0.712
"[0.712, 0.713)",0.02766533515784063,0.713
"[0.713, 0.714)",0.025277590651470616,0.714
"[0.714, 0.715)",0.02708701268195489,0.715
"[0.715, 0.716)",0.03431863579572452,0.716
"[0.716, 0.717)",0.026094842455476202,0.717
"[0.717, 0.718)",0.026580118845913474,0.718
"[0.718, 0.719)",0.037885706517623595,0.719
"[0.719, 0.72)",0.03190696571722598,0.72
"[0.72, 0.721)",0.020534857086966295,0.721
"[0.721, 0.722)",0.029912256766636617,0.722
"[0.722, 0.723)",0.022178107088789274,0.723
"[0.723, 0.724)",0.034899552594686016,0.724
"[0.724, 0.725)",0.036216898252322785,0.725
"[0.725, 0.726)",0.03457670472847688,0.726
"[0.726, 0.727)",0.025714217258480755,0.727
"[0.727, 0.728)",0.024905886583962287,0.728
"[0.728, 0.729)",0.032046715335012,0.729
"[0.729, 0.73)",0.02730234755195458,0.73
"[0.73, 0.731)",0.03538539292941177,0.731
"[0.731, 0.732)",0.027562604759902205,0.732
"[0.732, 0.733)",0.02316016464538652,0.733
"[0.733, 0.734)",0.025737353908764315,0.734
"[0.734, 0.735)",0.03354359718384237,0.735
"[0.735, 0.736)",0.030592111195327117,0.736
"[0.736, 0.737)",0.030016905216397265,0.737
"[0.737, 0.738)",0.030643643486467916,0.738
"[0.738, 0.739)",0.03161584243844341,0.739
"[0.739, 0.74)",0.02719606572585371,0.74
"[0.74, 0.741)",0.03574924398257761,0.741
"[0.741, 0.742)",0.03012680629748288,0.742
"[0.742, 0.743)",0.026705895139664447,0.743
"[0.743, 0.744)",0.0283465889080087,0.744
"[0.744, 0.745)",0.022959567357030163,0.745
"[0.745, 0.746)",0.020795228782535872,0.746
"[0.746, 0.747)",0.024576248169837594,0.747
"[0.747, 0.748)",0.024377885819369588,0.748
"[0.748, 0.749)",0.027339402012451948,0.749
"[0.749, 0.75)",0.031434611507256266,0.75
"[0.75, 0.751)",0.03291839908447092,0.751
"[0.751, 0.752)",0.0340993138043982,0.752
"[0.752, 0.753)",0.027778627802625844,0.753
"[0.753, 0.754)",0.028147924758666735,0.754
"[0.754, 0.755)",0.03561005870405984,0.755
"[0.755, 0.756)",0.03256578318510106,0.756
"[0.756, 0.757)",0.028701062603293283,0.757
"[0.757, 0.758)",0.025449485503977288,0.758
"[0.758, 0.759)",0.027715546551234597,0.759
"[0.759, 0.76)",0.02783500737621484,0.76
"[0.76, 0.761)",0.036263003841404386,0.761
"[0.761, 0.762)",0.025969661131650005,0.762
"[0.762, 0.763)",0.026164769106182314,0.763
"[0.763, 0.764)",0.03157784048270143,0.764
"[0.764, 0.765)",0.025870531876684488,0.765
"[0.765, 0.766)",0.02973246911802819,0.766
"[0.766, 0.767)",0.021699044664986754,0.767
"[0.767, 0.768)",0.031317729417745806,0.768
"[0.768, 0.769)",0.020882945005303872,0.769
"[0.769, 0.77)",0.029399473386597937,0.77
"[0.77, 0.771)",0.02553081089195251,0.771
"[0.771, 0.772)",0.029530093650415527,0.772
"[0.772, 0.773)",0.034157925645696564,0.773
"[0.773, 0.774)",0.02672973856115111,0.774
"[0.774, 0.775)",0.030147756307889205,0.775
"[0.775, 0.776)",0.026115478852894763,0.776
"[0.776, 0.777)",0.02509372922109049,0.777
"[0.777, 0.778)",0.03222438450156252,0.778
"[0.778, 0.779)",0.021675445100248165,0.779
"[0.779, 0.78)",0.03082757278118815,0.78
"[0.78, 0.781)",0.0334119268273924,0.781
"[0.781, 0.782)",0.0350575930319307,0.782
"[0.782, 0.783)",0.03791066083134615,0.783
"[0.783, 0.784)",0.02029254102056739,0.784
"[0.784, 0.785)",0.027131908267175604,0.785
"[0.785, 0.786)",0.026252458675835467,0.786
"[0.786, 0.787)",0.029092826210387418,0.787
"[0.787, 0.788)",0.03145059508558537,0.788
"[0.788, 0.789)",0.029536441229411785,0.789
"[0.789, 0.79)",0.03143654159804879,0.79
"[0.79, 0.791)",0.028492108893475043,0.791
"[0.791, 0.792)",0.03140819039134943,0.792
"[0.792, 0.793)",0.02598711716675002,0.793
"[0.793, 0.794)",0.035716874905724484,0.794
"[0.794, 0.795)",0.034212938848934,0.795
"[0.795, 0.796)",0.030088926638188438,0.796
"[0.796, 0.797)",0.0295139058375854,0.797
"[0.797, 0.798)",0.029769333690267928,0.798
"[0.798, 0.799)",0.029941940909892505,0.799
"[0.799, 0.8)",0.024541496131220683,0.8
"[0.8, 0.801)",0.02701881086040273,0.801
"[0.801, 0.802)",0.03144317088048167,0.802
"[0.802, 0.803)",0.032630853408524715,0.803
"[0.803, 0.804)",0.029974529568048802,0.804
"[0.804, 0.805)",0.0328153907225182,0.805
"[0.805, 0.806)",0.035312388224480414,0.806
"[0.806, 0.807)",0.03293250522263282,0.807
"[0.807, 0.808)",0.031977653180862896,0.808
"[0.808, 0.809)",0.028698156792166335,0.809
"[0.809, 0.81)",0.02658214034811529,0.81
"[0.81, 0.811)",0.0281550397029724,0.811
"[0.811, 0.812)",0.030482331668472567,0.812
"[0.812, 0.8130000000000001)",0.023724890056321852,0.813
"[0.8130000000000001, 0.8140000000000001)",0.03356372770334076,0.814
"[0.8140000000000001, 0.8150000000000001)",0.027646010255128868,0.815
"[0.8150000000000001, 0.8160000000000001)",0.02635626019820799,0.816
"[0.8160000000000001, 0.8170000000000001)",0.03242913048048249,0.817
"[0.8170000000000001, 0.8180000000000001)",0.02700103044570139,0.818
"[0.8180000000000001, 0.8190000000000001)",0.020843182846929823,0.819
"[0.8190000000000001, 0.8200000000000001)",0.02541285278897812,0.82
"[0.8200000000000001, 0.8210000000000001)",0.02299041932900232,0.821
"[0.8210000000000001, 0.8220000000000001)",0.027614109075156646,0.822
"[0.8220000000000001, 0.8230000000000001)",0.024927086192048187,0.823
"[0.8230000000000001, 0.8240000000000001)",0.025909210202505875,0.824
"[0.8240000000000001, 0.8250000000000001)",0.030727874075990133,0.825
"[0.8250000000000001, 0.8260000000000001)",0.03644780771890662,0.826
"[0.8260000000000001, 0.8270000000000001)",0.02415778247624706,0.827
"[0.8270000000000001, 0.8280000000000001)",0.026592368086186036,0.828
"[0.8280000000000001, 0.8290000000000001)",0.026027058054503453,0.829
"[0.8290000000000001, 0.8300000000000001)",0.03260216670052503,0.83
"[0.8300000000000001, 0.8310000000000001)",0.031002538368965587,0.831
"[0.8310000000000001, 0.8320000000000001)",0.025886787138873213,0.832
"[0.8320000000000001, 0.833)",0.03291440849919711,0.833
"[0.833, 0.834)",0.03157581080483012,0.834
"[0.834, 0.835)",0.03275445636467539,0.835
"[0.835, 0.836)",0.026760415237401428,0.836
"[0.836, 0.837)",0.03280396907253017,0.837
"[0.837, 0.838)",0.03388946094428233,0.838
"[0.838, 0.839)",0.02522935039103615,0.839
"[0.839, 0.84)",0.026256457319117674,0.84
"[0.84, 0.841)",0.0314005176697619,0.841
"[0.841, 0.842)",0.02709048267529262,0.842
"[0.842, 0.843)",0.02870937521048664,0.843
"[0.843, 0.844)",0.03487122136939766,0.844
"[0.844, 0.845)",0.027446873306403965,0.845
"[0.845, 0.846)",0.02832831465995207,0.846
"[0.846, 0.847)",0.02637383091630171,0.847
"[0.847, 0.848)",0.029483032831058863,0.848
"[0.848, 0.849)",0.03365840514206354,0.849
"[0.849, 0.85)",0.02768080558525772,0.85
"[0.85, 0.851)",0.026784482323958345,0.851
"[0.851, 0.852)",0.02590917750077521,0.852
"[0.852, 0.853)",0.028651655574615385,0.853
"[0.853, 0.854)",0.024194496382825465,0.854
"[0.854, 0.855)",0.030820782992857183,0.855
"[0.855, 0.856)",0.04332185523248594,0.856
"[0.856, 0.857)",0.024474449448076953,0.857
"[0.857, 0.858)",0.027725971304126237,0.858
"[0.858, 0.859)",0.029788905765374702,0.859
"[0.859, 0.86)",0.02699657510918114,0.86
"[0.86, 0.861)",0.027684625053968268,0.861
"[0.861, 0.862)",0.025714446524697336,0.862
"[0.862, 0.863)",0.031439939333007406,0.863
"[0.863, 0.864)",0.024593099322666657,0.864
"[0.864, 0.865)",0.028670585996376154,0.865
"[0.865, 0.866)",0.025235337425356278,0.866
"[0.866, 0.867)",0.020686826737440746,0.867
"[0.867, 0.868)",0.028530514217516637,0.868
"[0.868, 0.869)",0.032539975517123294,0.869
"[0.869, 0.87)",0.029344057388494407,0.87
"[0.87, 0.871)",0.031398345544892105,0.871
"[0.871, 0.872)",0.0275959589506438,0.872
"[0.872, 0.873)",0.023730001737435915,0.873
"[0.873, 0.874)",0.022678762011932398,0.874
"[0.874, 0.875)",0.02454039805720828,0.875
"[0.875, 0.876)",0.02538335132287948,0.876
"[0.876, 0.877)",0.03377044439544006,0.877
"[0.877, 0.878)",0.02571137622777507,0.878
"[0.878, 0.879)",0.027339483952873618,0.879
"[0.879, 0.88)",0.028318629464772767,0.88
"[0.88, 0.881)",0.03243632259461731,0.881
"[0.881, 0.882)",0.028443045376483518,0.882
"[0.882, 0.883)",0.02463859603969467,0.883
"[0.883, 0.884)",0.027557226350645204,0.884
"[0.884, 0.885)",0.030777287593220376,0.885
"[0.885, 0.886)",0.03081294179335134,0.886
"[0.886, 0.887)",0.028363653277179487,0.887
"[0.887, 0.888)",0.025714633767119563,0.888
"[0.888, 0.889)",0.03044522485024877,0.889
"[0.889, 0.89)",0.02593704452889516,0.89
"[0.89, 0.891)",0.0349257705522703,0.891
"[0.891, 0.892)",0.02195459456180903,0.892
"[0.892, 0.893)",0.029814772646522988,0.893
"[0.893, 0.894)",0.02240507787671231,0.894
"[0.894, 0.895)",0.023775158299710965,0.895
"[0.895, 0.896)",0.02947753143181819,0.896
"[0.896, 0.897)",0.025821813404381454,0.897
"[0.897, 0.898)",0.029087465892961878,0.898
"[0.898, 0.899)",0.036825395712027024,0.899
"[0.899, 0.9)",0.028455790387466682,0.9
"[0.9, 0.901)",0.02527218883359333,0.901
"[0.901, 0.902)",0.0327211987374566,0.902
"[0.902, 0.903)",0.035091412513682745,0.903
"[0.903, 0.904)",0.02771314949699453,0.904
"[0.904, 0.905)",0.024138412709195416,0.905
"[0.905, 0.906)",0.030133346384054065,0.906
"[0.906, 0.907)",0.02910313655448172,0.907
"[0.907, 0.908)",0.03682691674376813,0.908
"[0.908, 0.909)",0.027626669298076927,0.909
"[0.909, 0.91)",0.03531619347150604,0.91
"[0.91, 0.911)",0.02727356499589441,0.911
"[0.911, 0.912)",0.03347273317254233,0.912
"[0.912, 0.913)",0.02908519454233983,0.913
"[0.913, 0.914)",0.02706499879999999,0.914
"[0.914, 0.915)",0.028063560649469958,0.915
"[0.915, 0.916)",0.03162102438761329,0.916
"[0.916, 0.917)",0.03329474892944626,0.917
"[0.917, 0.918)",0.033821579464973286,0.918
"[0.918, 0.919)",0.0328008310163889,0.919
"[0.919, 0.92)",0.03789497785163045,0.92
"[0.92, 0.921)",0.029729152322691316,0.921
"[0.921, 0.922)",0.021391532467849445,0.922
"[0.922, 0.923)",0.03724437720038238,0.923
"[0.923, 0.924)",0.03205908270844686,0.924
"[0.924, 0.925)",0.028216055951176457,0.925
"[0.925, 0.926)",0.03376347644783509,0.926
"[0.926, 0.927)",0.031185383829032267,0.927
"[0.927, 0.928)",0.02713542609327731,0.928
"[0.928, 0.929)",0.030007932947430975,0.929
"[0.929, 0.93)",0.025288975219148937,0.93
"[0.93, 0.931)",0.033940400892592607,0.931
"[0.931, 0.932)",0.04145264879223722,0.932
"[0.932, 0.933)",0.03757466559582091,0.933
"[0.933, 0.934)",0.02444135022085563,0.934
"[0.934, 0.935)",0.033703333434335854,0.935
"[0.935, 0.936)",0.0374476749525281,0.936
"[0.936, 0.937)",0.0292723071130435,0.937
"[0.937, 0.9380000000000001)",0.03261887676717328,0.938
"[0.9380000000000001, 0.9390000000000001)",0.029820029458452753,0.939
"[0.9390000000000001, 0.9400000000000001)",0.03862053345124654,0.94
"[0.9400000000000001, 0.9410000000000001)",0.031612788993313955,0.941
"[0.9410000000000001, 0.9420000000000001)",0.02673567202745854,0.942
"[0.9420000000000001, 0.9430000000000001)",0.023600378787714277,0.943
"[0.9430000000000001, 0.9440000000000001)",0.024724871941277784,0.944
"[0.9440000000000001, 0.9450000000000001)",0.027579473531444767,0.945
"[0.9450000000000001, 0.9460000000000001)",0.025267699073976618,0.946
"[0.9460000000000001, 0.9470000000000001)",0.03217118718964501,0.947
"[0.9470000000000001, 0.9480000000000001)",0.03532965570376347,0.948
"[0.9480000000000001, 0.9490000000000001)",0.025274356058508737,0.949
"[0.9490000000000001, 0.9500000000000001)",0.028271886693527506,0.95
"[0.9500000000000001, 0.9510000000000001)",0.032746694790379005,0.951
"[0.9510000000000001, 0.9520000000000001)",0.0231568728404,0.952
"[0.9520000000000001, 0.9530000000000001)",0.022008147821262456,0.953
"[0.9530000000000001, 0.9540000000000001)",0.025189720688121548,0.954
"[0.9540000000000001, 0.9550000000000001)",0.033252015272727274,0.955
"[0.9550000000000001, 0.9560000000000001)",0.036111622105228586,0.956
"[0.9560000000000001, 0.9570000000000001)",0.02965532107873847,0.957
"[0.9570000000000001, 0.9580000000000001)",0.0290736511471698,0.958
"[0.9580000000000001, 0.9590000000000001)",0.027417918256782324,0.959
"[0.9590000000000001, 0.96)",0.039130892956342214,0.96
"[0.96, 0.961)",0.02437180452530486,0.961
"[0.961, 0.962)",0.035832840264210505,0.962
"[0.962, 0.963)",0.03792312499085175,0.963
"[0.963, 0.964)",0.03484847823284455,0.964
"[0.964, 0.965)",0.02568599277214521,0.965
"[0.965, 0.966)",0.028048627223492044,0.966
"[0.966, 0.967)",0.0209543874254762,0.967
"[0.967, 0.968)",0.029721211624949156,0.968
"[0.968, 0.969)",0.021617193151388905,0.969
"[0.969, 0.97)",0.024849108459050445,0.97
"[0.97, 0.971)",0.033591569384876556,0.971
"[0.971, 0.972)",0.03967722729363057,0.972
"[0.972, 0.973)",0.027074128501424054,0.973
"[0.973, 0.974)",0.03639191606038965,0.974
"[0.974, 0.975)",0.03036537828691588,0.975
"[0.975, 0.976)",0.03628331364381248,0.976
"[0.976, 0.977)",0.03509080982788345,0.977
"[0.977, 0.978)",0.04614600083606561,0.978
"[0.978, 0.979)",0.02703193821706589,0.979
"[0.979, 0.98)",0.030576514997621942,0.98
"[0.98, 0.981)",0.030309508463414615,0.981
"[0.981, 0.982)",0.030470341781100033,0.982
"[0.982, 0.983)",0.025374013144717586,0.983
"[0.983, 0.984)",0.03552746569680513,0.984
"[0.984, 0.985)",0.02903836563142857,0.985
"[0.985, 0.986)",0.03171155826768294,0.986
"[0.986, 0.987)",0.02780260654828661,0.987
"[0.987, 0.988)",0.029575230370414242,0.988
"[0.988, 0.989)",0.024804547938658526,0.989
"[0.989, 0.99)",0.02816063943258065,0.99
"[0.99, 0.991)",0.030986883347928998,0.991
"[0.991, 0.992)",0.02104952155031054,0.992
"[0.992, 0.993)",0.03544671270275864,0.993
"[0.993, 0.994)",0.026519403907284748,0.994
"[0.994, 0.995)",0.02406601992573286,0.995
"[0.995, 0.996)",0.02381786248668941,0.996
"[0.996, 0.997)",0.021535269925925922,0.997
"[0.997, 0.998)",0.033724939065217424,0.998
"[0.998, 0.999)",0.030609685002642145,0.999
"[0.999, 1.0)",0.03857690930677424,1.0
"[1.0, 1.0010000000000001)",0.02656071240743033,1.001
"[1.0010000000000001, 1.002)",0.03281251665626824,1.002
"[1.002, 1.0030000000000001)",0.030343246538881378,1.003
"[1.0030000000000001, 1.004)",0.02835503977272727,1.004
"[1.004, 1.0050000000000001)",0.02298564365698925,1.005
"[1.0050000000000001, 1.006)",0.026111594965825536,1.006
"[1.006, 1.0070000000000001)",0.024943004461470592,1.007
"[1.0070000000000001, 1.008)",0.02317119260313478,1.008
"[1.008, 1.0090000000000001)",0.02929792362218749,1.009
"[1.0090000000000001, 1.01)",0.018325997851230284,1.01
"[1.01, 1.0110000000000001)",0.04104324213433657,1.011
"[1.0110000000000001, 1.012)",0.030783093493639255,1.012
"[1.012, 1.0130000000000001)",0.02873145239091464,1.013
"[1.0130000000000001, 1.014)",0.030050561847508334,1.014
"[1.014, 1.0150000000000001)",0.031713648441032,1.015
"[1.0150000000000001, 1.016)",0.03207905511511251,1.016
"[1.016, 1.0170000000000001)",0.02743067371818181,1.017
"[1.0170000000000001, 1.018)",0.034705665587540985,1.018
"[1.018, 1.0190000000000001)",0.023180207730981575,1.019
"[1.0190000000000001, 1.02)",0.031552256321958454,1.02
"[1.02, 1.0210000000000001)",0.03017664764166668,1.021
"[1.0210000000000001, 1.022)",0.027013219723708206,1.022
"[1.022, 1.0230000000000001)",0.031339340223665725,1.023
"[1.0230000000000001, 1.024)",0.027469041448857142,1.024
"[1.024, 1.025)",0.0329429176510574,1.025
"[1.025, 1.026)",0.022096281945721927,1.026
"[1.026, 1.027)",0.03797556674746954,1.027
"[1.027, 1.028)",0.02977054399020773,1.028
"[1.028, 1.029)",0.026515074105877192,1.029
"[1.029, 1.03)",0.03224229696094674,1.03
"[1.03, 1.031)",0.023632725688787867,1.031
"[1.031, 1.032)",0.023761095206145263,1.032
"[1.032, 1.033)",0.03270784243834308,1.033
"[1.033, 1.034)",0.02077422522651299,1.034
"[1.034, 1.035)",0.020676485966101693,1.035
"[1.035, 1.036)",0.0311698475449527,1.036
"[1.036, 1.037)",0.03098661003157894,1.037
"[1.037, 1.038)",0.02088989940226537,1.038
"[1.038, 1.039)",0.02862843747361962,1.039
"[1.039, 1.04)",0.02458320315428572,1.04
"[1.04, 1.041)",0.03548582515346536,1.041
"[1.041, 1.042)",0.025929361915664532,1.042
"[1.042, 1.043)",0.030056320415723304,1.043
"[1.043, 1.044)",0.02851509888924051,1.044
"[1.044, 1.045)",0.030067614588000023,1.045
"[1.045, 1.046)",0.02436443663159608,1.046
"[1.046, 1.047)",0.02977712941007461,1.047
"[1.047, 1.048)",0.026497258676529203,1.048
"[1.048, 1.049)",0.030540205148942606,1.049
"[1.049, 1.05)",0.03621431168831649,1.05
"[1.05, 1.051)",0.028074569849290777,1.051
"[1.051, 1.052)",0.032012452755516015,1.052
"[1.052, 1.053)",0.03798178616214287,1.053
"[1.053, 1.054)",0.020243924222222227,1.054
"[1.054, 1.055)",0.02345183822029521,1.055
"[1.055, 1.056)",0.025015734360779654,1.056
"[1.056, 1.057)",0.030504609488316133,1.057
"[1.057, 1.058)",0.02895920209680514,1.058
"[1.058, 1.059)",0.0339093553823881,1.059
"[1.059, 1.06)",0.025448330325294106,1.06
"[1.06, 1.061)",0.04522486587138162,1.061
"[1.061, 1.062)",0.03369636766042944,1.062
"[1.062, 1.063)",0.03177898356613924,1.063
"[1.063, 1.064)",0.027808178411949682,1.064
"[1.064, 1.065)",0.026536803424281143,1.065
"[1.065, 1.066)",0.02188500135404531,1.066
"[1.066, 1.067)",0.029959780433729363,1.067
"[1.067, 1.068)",0.03082375054666668,1.068
"[1.068, 1.069)",0.037166114875107695,1.069
"[1.069, 1.07)",0.036643173698611115,1.07
"[1.07, 1.071)",0.02452427356588627,1.071
"[1.071, 1.072)",0.02388859106173285,1.072
"[1.072, 1.073)",0.026961223384516116,1.073
"[1.073, 1.074)",0.030741320723986502,1.074
"[1.074, 1.075)",0.024721983077570092,1.075
"[1.075, 1.076)",0.02797855840637582,1.076
"[1.076, 1.077)",0.031588246554285715,1.077
"[1.077, 1.078)",0.024847881463696354,1.078
"[1.078, 1.079)",0.032425131133554816,1.079
"[1.079, 1.08)",0.0261517568476094,1.08
"[1.08, 1.081)",0.023668540849934847,1.081
"[1.081, 1.082)",0.027657486080851047,1.082
"[1.082, 1.083)",0.03093404495563141,1.083
"[1.083, 1.084)",0.03305250516241612,1.084
"[1.084, 1.085)",0.03557123127026024,1.085
"[1.085, 1.086)",0.03570337520530036,1.086
"[1.086, 1.087)",0.023456851516666676,1.087
"[1.087, 1.088)",0.03037943709448818,1.088
"[1.088, 1.089)",0.04157971865512368,1.089
"[1.089, 1.09)",0.030414194187213108,1.09
"[1.09, 1.091)",0.024572707362452102,1.091
"[1.091, 1.092)",0.030977775078091862,1.092
"[1.092, 1.093)",0.029348049329793794,1.093
"[1.093, 1.094)",0.03584795483625498,1.094
"[1.094, 1.095)",0.03178767262375465,1.095
"[1.095, 1.096)",0.028510275654999973,1.096
"[1.096, 1.097)",0.029300946870777764,1.097
"[1.097, 1.098)",0.030962894593725483,1.098
"[1.098, 1.099)",0.024638472795351526,1.099
"[1.099, 1.1)",0.033514296162545504,1.1
"[1.1, 1.101)",0.028174133982868516,1.101
"[1.101, 1.102)",0.022429369625102873,1.102
"[1.102, 1.103)",0.0417827624983849,1.103
"[1.103, 1.104)",0.029876468489333338,1.104
"[1.104, 1.105)",0.035683759164285705,1.105
"[1.105, 1.106)",0.02849243292877191,1.106
"[1.106, 1.107)",0.028840531148275856,1.107
"[1.107, 1.108)",0.03991308647580643,1.108
"[1.108, 1.109)",0.03838843999999998,1.109
"[1.109, 1.11)",0.027997392742000006,1.11
"[1.11, 1.111)",0.030396074480632432,1.111
"[1.111, 1.112)",0.03153548963515869,1.112
"[1.112, 1.113)",0.026780142588412697,1.113
"[1.113, 1.114)",0.04349596882084945,1.114
"[1.114, 1.115)",0.02624268761879998,1.115
"[1.115, 1.116)",0.04698634598790328,1.116
"[1.116, 1.117)",0.034065815363295865,1.117
"[1.117, 1.118)",0.027438946819583327,1.118
"[1.118, 1.119)",0.044387122766793886,1.119
"[1.119, 1.12)",0.033657245367836736,1.12
"[1.12, 1.121)",0.03265008422527472,1.121
"[1.121, 1.122)",0.04178811674607508,1.122
"[1.122, 1.123)",0.028895894973003818,1.123
"[1.123, 1.124)",0.029319466928719725,1.124
"[1.124, 1.125)",0.030277456125337842,1.125
"[1.125, 1.1260000000000001)",0.023356120415129165,1.126
"[1.1260000000000001, 1.127)",0.027824026309756084,1.127
"[1.127, 1.1280000000000001)",0.03522564056294873,1.128
"[1.1280000000000001, 1.129)",0.03151351077372261,1.129
"[1.129, 1.1300000000000001)",0.022609477959498324,1.13
"[1.1300000000000001, 1.131)",0.0369694838220077,1.131
"[1.131, 1.1320000000000001)",0.025328551946785724,1.132
"[1.1320000000000001, 1.133)",0.02351260215189394,1.133
"[1.133, 1.1340000000000001)",0.031113299217515936,1.134
"[1.1340000000000001, 1.135)",0.0232265774663333,1.135
"[1.135, 1.1360000000000001)",0.02053587538557691,1.136
"[1.1360000000000001, 1.137)",0.023929576771171152,1.137
"[1.137, 1.1380000000000001)",0.0330229965324074,1.138
"[1.1380000000000001, 1.139)",0.038570876774166665,1.139
"[1.139, 1.1400000000000001)",0.029558648745666667,1.14
"[1.1400000000000001, 1.141)",0.026915541560456266,1.141
"[1.141, 1.1420000000000001)",0.03841624157500004,1.142
"[1.1420000000000001, 1.143)",0.03398522289163497,1.143
"[1.143, 1.1440000000000001)",0.027524221764233563,1.144
"[1.1440000000000001, 1.145)",0.024886212534736846,1.145
"[1.145, 1.1460000000000001)",0.02650045908029196,1.146
"[1.1460000000000001, 1.147)",0.02930769831147539,1.147
"[1.147, 1.1480000000000001)",0.02584070252777778,1.148
"[1.1480000000000001, 1.149)",0.030849127918055545,1.149
"[1.149, 1.1500000000000001)",0.027976519136163537,1.15
"[1.1500000000000001, 1.151)",0.0335576590159736,1.151
"[1.151, 1.1520000000000001)",0.027579996551446957,1.152
"[1.1520000000000001, 1.153)",0.03456663078679869,1.153
"[1.153, 1.154)",0.03091775716013746,1.154
"[1.154, 1.155)",0.03547426564243056,1.155
"[1.155, 1.156)",0.018973462577121777,1.156
"[1.156, 1.157)",0.02437302862286688,1.157
"[1.157, 1.158)",0.028830801563735846,1.158
"[1.158, 1.159)",0.02435839517490909,1.159
"[1.159, 1.16)",0.024438881510943408,1.16
"[1.16, 1.161)",0.03499420966507246,1.161
"[1.161, 1.162)",0.026900177080656368,1.162
"[1.162, 1.163)",0.02451209319711934,1.163
"[1.163, 1.164)",0.035460007123381314,1.164
"[1.164, 1.165)",0.02290425958398574,1.165
"[1.165, 1.166)",0.027228374377315172,1.166
"[1.166, 1.167)",0.027052789615859323,1.167
"[1.167, 1.168)",0.03855422452222223,1.168
"[1.168, 1.169)",0.035581927198880585,1.169
"[1.169, 1.17)",0.040566247770270285,1.17
"[1.17, 1.171)",0.02628293182988505,1.171
"[1.171, 1.172)",0.029806536181568633,1.172
"[1.172, 1.173)",0.026857934128444422,1.173
"[1.173, 1.174)",0.019214378592399998,1.174
"[1.174, 1.175)",0.024513012158399978,1.175
"[1.175, 1.176)",0.026382914108494186,1.176
"[1.176, 1.177)",0.028011897546181816,1.177
"[1.177, 1.178)",0.023706819125769232,1.178
"[1.178, 1.179)",0.0261946241002847,1.179
"[1.179, 1.18)",0.025306161220346138,1.18
"[1.18, 1.181)",0.030706760305327884,1.181
"[1.181, 1.182)",0.030288144992712533,1.182
"[1.182, 1.183)",0.035972134879333324,1.183
"[1.183, 1.184)",0.03445273233370373,1.184
"[1.184, 1.185)",0.029660847379353743,1.185
"[1.185, 1.186)",0.027902264628524596,1.186
"[1.186, 1.187)",0.031306806260606064,1.187
"[1.187, 1.188)",0.04431469532973065,1.188
"[1.188, 1.189)",0.03652725248514288,1.189
"[1.189, 1.19)",0.031300419429699244,1.19
"[1.19, 1.191)",0.03371852337711268,1.191
"[1.191, 1.192)",0.03820972483893477,1.192
"[1.192, 1.193)",0.03061020815907473,1.193
"[1.193, 1.194)",0.03064268156336997,1.194
"[1.194, 1.195)",0.030910705884800004,1.195
"[1.195, 1.196)",0.024580898348436363,1.196
"[1.196, 1.197)",0.03604234556030532,1.197
"[1.197, 1.198)",0.03247963601444868,1.198
"[1.198, 1.199)",0.027034579123076902,1.199
"[1.199, 1.2)",0.031228845224218753,1.2
"[1.2, 1.201)",0.022150766624686173,1.201
"[1.201, 1.202)",0.03106650642448979,1.202
"[1.202, 1.203)",0.026450831922000005,1.203
"[1.203, 1.204)",0.02817241368487085,1.204
"[1.204, 1.205)",0.020380701950950562,1.205
"[1.205, 1.206)",0.03574498286150625,1.206
"[1.206, 1.207)",0.032940927570387926,1.207
"[1.207, 1.208)",0.03261081060737703,1.208
"[1.208, 1.209)",0.0263946913404151,1.209
"[1.209, 1.21)",0.032518289123412716,1.21
"[1.21, 1.211)",0.02678669156044776,1.211
"[1.211, 1.212)",0.028723065860229872,1.212
"[1.212, 1.213)",0.02609126657184872,1.213
"[1.213, 1.214)",0.028432145887431926,1.214
"[1.214, 1.215)",0.028168483180672256,1.215
"[1.215, 1.216)",0.0380693716955102,1.216
"[1.216, 1.217)",0.025338248039062507,1.217
"[1.217, 1.218)",0.027096510043733337,1.218
"[1.218, 1.219)",0.023417145662259393,1.219
"[1.219, 1.22)",0.020896078905533605,1.22
"[1.22, 1.221)",0.03500547552489449,1.221
"[1.221, 1.222)",0.022915057126470573,1.222
"[1.222, 1.223)",0.03824508343333333,1.223
"[1.223, 1.224)",0.02717375901083332,1.224
"[1.224, 1.225)",0.024272977885514035,1.225
"[1.225, 1.226)",0.023521312640073518,1.226
"[1.226, 1.227)",0.02625627661614284,1.227
"[1.227, 1.228)",0.044095413768776404,1.228
"[1.228, 1.229)",0.022049074433056745,1.229
"[1.229, 1.23)",0.03031742248600938,1.23
"[1.23, 1.231)",0.03109256682720522,1.231
"[1.231, 1.232)",0.031552673692660536,1.232
"[1.232, 1.233)",0.03550271748663673,1.233
"[1.233, 1.234)",0.01988233647317074,1.234
"[1.234, 1.235)",0.02786327637511961,1.235
"[1.235, 1.236)",0.024566943979166686,1.236
"[1.236, 1.237)",0.023735796464215687,1.237
"[1.237, 1.238)",0.042305467984688976,1.238
"[1.238, 1.239)",0.02194721046208532,1.239
"[1.239, 1.24)",0.049063048070353985,1.24
"[1.24, 1.241)",0.027005236812315293,1.241
"[1.241, 1.242)",0.02595840441555555,1.242
"[1.242, 1.243)",0.018853768688020845,1.243
"[1.243, 1.244)",0.0318287290529126,1.244
"[1.244, 1.245)",0.022730649538620692,1.245
"[1.245, 1.246)",0.017975160445539907,1.246
"[1.246, 1.247)",0.028117944198418968,1.247
"[1.247, 1.248)",0.025138887683121953,1.248
"[1.248, 1.249)",0.025858442572888888,1.249
"[1.249, 1.25)",0.029687878950761415,1.25
"[1.25, 1.2510000000000001)",0.03745578673799999,1.251
"[1.2510000000000001, 1.252)",0.03725259108738737,1.252
"[1.252, 1.2530000000000001)",0.02373024797136361,1.253
"[1.2530000000000001, 1.254)",0.02511817342930233,1.254
"[1.254, 1.2550000000000001)",0.01882587912809524,1.255
"[1.2550000000000001, 1.256)",0.018251764268867928,1.256
"[1.256, 1.2570000000000001)",0.03033027120125524,1.257
"[1.2570000000000001, 1.258)",0.03545934063045452,1.258
"[1.258, 1.2590000000000001)",0.026925126104630517,1.259
"[1.2590000000000001, 1.26)",0.03221943596728972,1.26
"[1.26, 1.2610000000000001)",0.022300625563674407,1.261
"[1.2610000000000001, 1.262)",0.018533536480392153,1.262
"[1.262, 1.2630000000000001)",0.016088232431623932,1.263
"[1.2630000000000001, 1.264)",0.023792556999555535,1.264
"[1.264, 1.2650000000000001)",0.03116940790614753,1.265
"[1.2650000000000001, 1.266)",0.020441721117567552,1.266
"[1.266, 1.2670000000000001)",0.03271866510338163,1.267
"[1.2670000000000001, 1.268)",0.026660248009008986,1.268
"[1.268, 1.2690000000000001)",0.022733718061071422,1.269
"[1.2690000000000001, 1.27)",0.03178962112662433,1.27
"[1.27, 1.2710000000000001)",0.02475953811598171,1.271
"[1.2710000000000001, 1.272)",0.02652005802155079,1.272
"[1.272, 1.2730000000000001)",0.03713121396834171,1.273
"[1.2730000000000001, 1.274)",0.024310292444262305,1.274
"[1.274, 1.2750000000000001)",0.03154940624999997,1.275
"[1.2750000000000001, 1.276)",0.03167213925940596,1.276
"[1.276, 1.2770000000000001)",0.026830695212908158,1.277
"[1.2770000000000001, 1.278)",0.024379274072946842,1.278
"[1.278, 1.2790000000000001)",0.03409040107456853,1.279
"[1.2790000000000001, 1.28)",0.02420942386868688,1.28
"[1.28, 1.281)",0.03241851433359788,1.281
"[1.281, 1.282)",0.03329398772760417,1.282
"[1.282, 1.283)",0.021560909863567568,1.283
"[1.283, 1.284)",0.021440309619892472,1.284
"[1.284, 1.285)",0.02733186296282724,1.285
"[1.285, 1.286)",0.02648213711627906,1.286
"[1.286, 1.287)",0.02356002423369564,1.287
"[1.287, 1.288)",0.02404138838047337,1.288
"[1.288, 1.289)",0.029136604375714272,1.289
"[1.289, 1.29)",0.024323710593367322,1.29
"[1.29, 1.291)",0.03203414678214285,1.291
"[1.291, 1.292)",0.0320341213617801,1.292
"[1.292, 1.293)",0.027790324961244003,1.293
"[1.293, 1.294)",0.04162595540251255,1.294
"[1.294, 1.295)",0.02349874440871922,1.295
"[1.295, 1.296)",0.029426937190710368,1.296
"[1.296, 1.297)",0.024094276595580118,1.297
"[1.297, 1.298)",0.025874113559238573,1.298
"[1.298, 1.299)",0.027345734771573583,1.299
"[1.299, 1.3)",0.030371194521243504,1.3
"[1.3, 1.301)",0.028227843224137905,1.301
"[1.301, 1.302)",0.022575987844390247,1.302
"[1.302, 1.303)",0.02772881204948455,1.303
"[1.303, 1.304)",0.023363424432524267,1.304
"[1.304, 1.305)",0.02769825202945273,1.305
"[1.305, 1.306)",0.02413929347445651,1.306
"[1.306, 1.307)",0.017303351771370566,1.307
"[1.307, 1.308)",0.030308626244897937,1.308
"[1.308, 1.309)",0.02126630397333333,1.309
"[1.309, 1.31)",0.024968852406326528,1.31
"[1.31, 1.311)",0.02756584135833332,1.311
"[1.311, 1.312)",0.034777377406883705,1.312
"[1.312, 1.313)",0.03348777281279072,1.313
"[1.313, 1.314)",0.028118066200526304,1.314
"[1.314, 1.315)",0.03256984705990101,1.315
"[1.315, 1.316)",0.03482096956918918,1.316
"[1.316, 1.317)",0.027577707878640764,1.317
"[1.317, 1.318)",0.040041983436969714,1.318
"[1.318, 1.319)",0.026273183011764692,1.319
"[1.319, 1.32)",0.0247978717056338,1.32
"[1.32, 1.321)",0.021438164258638308,1.321
"[1.321, 1.322)",0.031461287373604055,1.322
"[1.322, 1.323)",0.02991129725073169,1.323
"[1.323, 1.324)",0.023554728782324567,1.324
"[1.324, 1.325)",0.027265557439593913,1.325
"[1.325, 1.326)",0.03326912689959183,1.326
"[1.326, 1.327)",0.02403848823692308,1.327
"[1.327, 1.328)",0.02055309064867724,1.328
"[1.328, 1.329)",0.023499347136320754,1.329
"[1.329, 1.33)",0.029637165603819075,1.33
"[1.33, 1.331)",0.026384584541747563,1.331
"[1.331, 1.332)",0.028616783637019198,1.332
"[1.332, 1.333)",0.029691505560747664,1.333
"[1.333, 1.334)",0.024945737094923866,1.334
"[1.334, 1.335)",0.037144130943877564,1.335
"[1.335, 1.336)",0.02426857269768518,1.336
"[1.336, 1.337)",0.02470471388651164,1.337
"[1.337, 1.338)",0.03331840156225491,1.338
"[1.338, 1.339)",0.04965534622511848,1.339
"[1.339, 1.34)",0.026047978360732974,1.34
"[1.34, 1.341)",0.02013862767415731,1.341
"[1.341, 1.342)",0.03922344948079098,1.342
"[1.342, 1.343)",0.03497048915226131,1.343
"[1.343, 1.344)",0.037674373422395796,1.344
"[1.344, 1.345)",0.026035113646976735,1.345
"[1.345, 1.346)",0.03177365474189943,1.346
"[1.346, 1.347)",0.032512819498648635,1.347
"[1.347, 1.348)",0.03409345036934674,1.348
"[1.348, 1.349)",0.028173087774242402,1.349
"[1.349, 1.35)",0.034947430896764727,1.35
"[1.35, 1.351)",0.02427832326470587,1.351
"[1.351, 1.352)",0.023205768338383823,1.352
"[1.352, 1.353)",0.023698127892682927,1.353
"[1.353, 1.354)",0.044640146893119285,1.354
"[1.354, 1.355)",0.027530665760000014,1.355
"[1.355, 1.356)",0.032583989052132695,1.356
"[1.356, 1.357)",0.027059589776255687,1.357
"[1.357, 1.358)",0.03676946339826839,1.358
"[1.358, 1.359)",0.023529246543147208,1.359
"[1.359, 1.36)",0.021723174266169147,1.36
"[1.36, 1.361)",0.03269967563665159,1.361
"[1.361, 1.362)",0.02790371645824175,1.362
"[1.362, 1.363)",0.0393540770359813,1.363
"[1.363, 1.364)",0.030088159557419343,1.364
"[1.364, 1.365)",0.029462772386473407,1.365
"[1.365, 1.366)",0.02346342307468354,1.366
"[1.366, 1.367)",0.02883189438995633,1.367
"[1.367, 1.368)",0.026742156137109372,1.368
"[1.368, 1.369)",0.02481938827272726,1.369
"[1.369, 1.37)",0.03065035274110133,1.37
"[1.37, 1.371)",0.0318818738660465,1.371
"[1.371, 1.372)",0.025440063921757308,1.372
"[1.372, 1.373)",0.023587186930964458,1.373
"[1.373, 1.374)",0.029589480810599086,1.374
"[1.374, 1.375)",0.023185470764912283,1.375
"[1.375, 1.3760000000000001)",0.026192289899568965,1.376
"[1.3760000000000001, 1.377)",0.03438583436523438,1.377
"[1.377, 1.3780000000000001)",0.02986232160485831,1.378
"[1.3780000000000001, 1.379)",0.024151328269767427,1.379
"[1.379, 1.3800000000000001)",0.028102310423492087,1.38
"[1.3800000000000001, 1.381)",0.023061513295215295,1.381
"[1.381, 1.3820000000000001)",0.030365287671929805,1.382
"[1.3820000000000001, 1.383)",0.03368166684178404,1.383
"[1.383, 1.3840000000000001)",0.032121373504907416,1.384
"[1.3840000000000001, 1.385)",0.02670488603456141,1.385
"[1.385, 1.3860000000000001)",0.029515162474528307,1.386
"[1.3860000000000001, 1.387)",0.028222610699004974,1.387
"[1.387, 1.3880000000000001)",0.030013552020100503,1.388
"[1.3880000000000001, 1.389)",0.023472514614150952,1.389
"[1.389, 1.3900000000000001)",0.024674712072361812,1.39
"[1.3900000000000001, 1.391)",0.034011202070333334,1.391
"[1.391, 1.3920000000000001)",0.03313358437644231,1.392
"[1.3920000000000001, 1.393)",0.020629398373545445,1.393
"[1.393, 1.3940000000000001)",0.03050351206885247,1.394
"[1.3940000000000001, 1.395)",0.019070350315813958,1.395
"[1.395, 1.3960000000000001)",0.02743434467533632,1.396
"[1.3960000000000001, 1.397)",0.025953251768341713,1.397
"[1.397, 1.3980000000000001)",0.031210516181818172,1.398
"[1.3980000000000001, 1.399)",0.03229380298939253,1.399
"[1.399, 1.4000000000000001)",0.02374592319798996,1.4
"[1.4000000000000001, 1.401)",0.026733631609625663,1.401
"[1.401, 1.4020000000000001)",0.03491262664825396,1.402
"[1.4020000000000001, 1.403)",0.034779079443678744,1.403
"[1.403, 1.4040000000000001)",0.029623639561309516,1.404
"[1.4040000000000001, 1.405)",0.02909378238048779,1.405
"[1.405, 1.4060000000000001)",0.03344931523080804,1.406
"[1.4060000000000001, 1.407)",0.03955661705447764,1.407
"[1.407, 1.408)",0.029087412260000015,1.408
"[1.408, 1.409)",0.03469329369462365,1.409
"[1.409, 1.41)",0.03233327982802196,1.41
"[1.41, 1.411)",0.02923306515873017,1.411
"[1.411, 1.412)",0.023331567140199013,1.412
"[1.412, 1.413)",0.025237369179894175,1.413
"[1.413, 1.414)",0.035830029479787216,1.414
"[1.414, 1.415)",0.023846504923958334,1.415
"[1.415, 1.416)",0.02430941415088755,1.416
"[1.416, 1.417)",0.019950912756593418,1.417
"[1.417, 1.418)",0.029637377685148514,1.418
"[1.418, 1.419)",0.032970117939252315,1.419
"[1.419, 1.42)",0.030075167253475955,1.42
"[1.42, 1.421)",0.03133768647438421,1.421
"[1.421, 1.422)",0.022034009713450306,1.422
"[1.422, 1.423)",0.028172605729729728,1.423
"[1.423, 1.424)",0.035223086831463406,1.424
"[1.424, 1.425)",0.03109539558733334,1.425
"[1.425, 1.426)",0.02444272652975902,1.426
"[1.426, 1.427)",0.02141161966818182,1.427
"[1.427, 1.428)",0.030668614499999976,1.428
"[1.428, 1.429)",0.02043004490324325,1.429
"[1.429, 1.43)",0.028051569891477276,1.43
"[1.43, 1.431)",0.03172527085476188,1.431
"[1.431, 1.432)",0.03482667821965317,1.432
"[1.432, 1.433)",0.02334195148562875,1.433
"[1.433, 1.434)",0.036757092552727265,1.434
"[1.434, 1.435)",0.03921450705485714,1.435
"[1.435, 1.436)",0.02072418068728324,1.436
"[1.436, 1.437)",0.031070536305194803,1.437
"[1.437, 1.438)",0.021377640205109495,1.438
"[1.438, 1.439)",0.04017786657884616,1.439
"[1.439, 1.44)",0.03086820446285714,1.44
"[1.44, 1.441)",0.027429840849056614,1.441
"[1.441, 1.442)",0.02577281678263474,1.442
"[1.442, 1.443)",0.030384657559999983,1.443
"[1.443, 1.444)",0.03700350784316903,1.444
"[1.444, 1.445)",0.03477162717103448,1.445
"[1.445, 1.446)",0.04343731619347825,1.446
"[1.446, 1.447)",0.028857379882320434,1.447
"[1.447, 1.448)",0.023855264625142855,1.448
"[1.448, 1.449)",0.02619472477419353,1.449
"[1.449, 1.45)",0.027189744250724634,1.45
"[1.45, 1.451)",0.03266584618543046,1.451
"[1.451, 1.452)",0.02694061601290324,1.452
"[1.452, 1.453)",0.03554560425526315,1.453
"[1.453, 1.454)",0.028560363632214775,1.454
"[1.454, 1.455)",0.0412884878537415,1.455
"[1.455, 1.456)",0.022945503221768717,1.456
"[1.456, 1.457)",0.03006242159481011,1.457
"[1.457, 1.458)",0.030263014506211165,1.458
"[1.458, 1.459)",0.02405812906927632,1.459
"[1.459, 1.46)",0.03019166659333331,1.46
"[1.46, 1.461)",0.023179629189189185,1.461
"[1.461, 1.462)",0.020779952947615386,1.462
"[1.462, 1.463)",0.024563719493113773,1.463
"[1.463, 1.464)",0.03985915702580643,1.464
"[1.464, 1.465)",0.04075298993866667,1.465
"[1.465, 1.466)",0.02833683511419356,1.466
"[1.466, 1.467)",0.02337633233043478,1.467
"[1.467, 1.468)",0.03537611375290325,1.468
"[1.468, 1.469)",0.030397447474285712,1.469
"[1.469, 1.47)",0.02708383047887323,1.47
"[1.47, 1.471)",0.02046399571772152,1.471
"[1.471, 1.472)",0.028739164070921978,1.472
"[1.472, 1.473)",0.026070687646706593,1.473
"[1.473, 1.474)",0.036622577803846146,1.474
"[1.474, 1.475)",0.02725828669753087,1.475
"[1.475, 1.476)",0.02468742341496064,1.476
"[1.476, 1.477)",0.030671352132812493,1.477
"[1.477, 1.478)",0.024648474186939884,1.478
"[1.478, 1.479)",0.029987905964052274,1.479
"[1.479, 1.48)",0.027566477303267972,1.48
"[1.48, 1.481)",0.021965789394999997,1.481
"[1.481, 1.482)",0.05274589006111658,1.482
"[1.482, 1.483)",0.024609922320208328,1.483
"[1.483, 1.484)",0.019957662165340923,1.484
"[1.484, 1.485)",0.02407689864458333,1.485
"[1.485, 1.486)",0.023437004921693115,1.486
"[1.486, 1.487)",0.027184730484705877,1.487
"[1.487, 1.488)",0.029525760624571434,1.488
"[1.488, 1.489)",0.03799936216411763,1.489
"[1.489, 1.49)",0.02902316175872093,1.49
"[1.49, 1.491)",0.023449616082584276,1.491
"[1.491, 1.492)",0.02560329135858894,1.492
"[1.492, 1.493)",0.022392946771069185,1.493
"[1.493, 1.494)",0.027946191616463407,1.494
"[1.494, 1.495)",0.027379275719480522,1.495
"[1.495, 1.496)",0.03357039469886363,1.496
"[1.496, 1.497)",0.033844466066887416,1.497
"[1.497, 1.498)",0.025655607114569528,1.498
"[1.498, 1.499)",0.03802220066789473,1.499
"[1.499, 1.5)",0.024632206899363063,1.5
"[1.5, 1.5010000000000001)",0.023059658743243238,1.501
"[1.5010000000000001, 1.502)",0.02912551953821656,1.502
"[1.502, 1.5030000000000001)",0.027785051315923563,1.503
"[1.5030000000000001, 1.504)",0.02050739869275364,1.504
"[1.504, 1.5050000000000001)",0.032463165147651,1.505
"[1.5050000000000001, 1.506)",0.02179104527552449,1.506
"[1.506, 1.5070000000000001)",0.024151219373333345,1.507
"[1.5070000000000001, 1.508)",0.04101829205103448,1.508
"[1.508, 1.5090000000000001)",0.023665771227272734,1.509
"[1.5090000000000001, 1.51)",0.029916470239520924,1.51
"[1.51, 1.5110000000000001)",0.031763781398372104,1.511
"[1.5110000000000001, 1.512)",0.025695058993197274,1.512
"[1.512, 1.5130000000000001)",0.02729324081901408,1.513
"[1.5130000000000001, 1.514)",0.031202639009395964,1.514
"[1.514, 1.5150000000000001)",0.02850276522337661,1.515
"[1.5150000000000001, 1.516)",0.023998642968553457,1.516
"[1.516, 1.5170000000000001)",0.023692352744720493,1.517
"[1.5170000000000001, 1.518)",0.03287575970810811,1.518
"[1.518, 1.5190000000000001)",0.04970377543492061,1.519
"[1.5190000000000001, 1.52)",0.023971960474011303,1.52
"[1.52, 1.5210000000000001)",0.03561518883941177,1.521
"[1.5210000000000001, 1.522)",0.02923329934863388,1.522
"[1.522, 1.5230000000000001)",0.021913503461428563,1.523
"[1.5230000000000001, 1.524)",0.03711479984556215,1.524
"[1.524, 1.5250000000000001)",0.02458082735784531,1.525
"[1.5250000000000001, 1.526)",0.02592292238435756,1.526
"[1.526, 1.5270000000000001)",0.03061493326946106,1.527
"[1.5270000000000001, 1.528)",0.030052269222929938,1.528
"[1.528, 1.5290000000000001)",0.023533333399408288,1.529
"[1.5290000000000001, 1.53)",0.0433347854656051,1.53
"[1.53, 1.5310000000000001)",0.02450537389000001,1.531
"[1.5310000000000001, 1.532)",0.0381424018226994,1.532
"[1.532, 1.5330000000000001)",0.03664115105804595,1.533
"[1.5330000000000001, 1.534)",0.02303147906216868,1.534
"[1.534, 1.5350000000000001)",0.03335379254143751,1.535
"[1.5350000000000001, 1.536)",0.02849325011117646,1.536
"[1.536, 1.537)",0.027828111202366865,1.537
"[1.537, 1.538)",0.02066165001225806,1.538
"[1.538, 1.539)",0.03695825304838708,1.539
"[1.539, 1.54)",0.032546777019269654,1.54
"[1.54, 1.541)",0.0294076374081761,1.541
"[1.541, 1.542)",0.029448550808502984,1.542
"[1.542, 1.543)",0.029095170621787715,1.543
"[1.543, 1.544)",0.02993335485806452,1.544
"[1.544, 1.545)",0.046009348251219495,1.545
"[1.545, 1.546)",0.030320296046708082,1.546
"[1.546, 1.547)",0.029774522849162002,1.547
"[1.547, 1.548)",0.03958371946062501,1.548
"[1.548, 1.549)",0.03335309049214287,1.549
"[1.549, 1.55)",0.03469063923988437,1.55
"[1.55, 1.551)",0.03263854147108433,1.551
"[1.551, 1.552)",0.027189434319871798,1.552
"[1.552, 1.553)",0.0335099805869281,1.553
"[1.553, 1.554)",0.03876831798690475,1.554
"[1.554, 1.555)",0.02728314109375001,1.555
"[1.555, 1.556)",0.04685790211710143,1.556
"[1.556, 1.557)",0.03512699271235955,1.557
"[1.557, 1.558)",0.03287593413641619,1.558
"[1.558, 1.559)",0.035420828463687944,1.559
"[1.559, 1.56)",0.025981677537647067,1.56
"[1.56, 1.561)",0.03344598663405229,1.561
"[1.561, 1.562)",0.022828986893750004,1.562
"[1.562, 1.563)",0.04351823010690325,1.563
"[1.563, 1.564)",0.0302654310816092,1.564
"[1.564, 1.565)",0.027499256046745548,1.565
"[1.565, 1.566)",0.02684139968773008,1.566
"[1.566, 1.567)",0.029275007999999998,1.567
"[1.567, 1.568)",0.041850014536000006,1.568
"[1.568, 1.569)",0.04256180599151513,1.569
"[1.569, 1.57)",0.02533687877720589,1.57
"[1.57, 1.571)",0.0337881185408284,1.571
"[1.571, 1.572)",0.03179106587839508,1.572
"[1.572, 1.573)",0.0347339081381579,1.573
"[1.573, 1.574)",0.02939971108012422,1.574
"[1.574, 1.575)",0.028066909012195124,1.575
"[1.575, 1.576)",0.02462593907018632,1.576
"[1.576, 1.577)",0.03861299211575757,1.577
"[1.577, 1.578)",0.028727124530459777,1.578
"[1.578, 1.579)",0.019948633318382356,1.579
"[1.579, 1.58)",0.035019854630769225,1.58
"[1.58, 1.581)",0.02760077523143791,1.581
"[1.581, 1.582)",0.03266827250653594,1.582
"[1.582, 1.583)",0.0246137380316129,1.583
"[1.583, 1.584)",0.02872472981818183,1.584
"[1.584, 1.585)",0.02521684964596274,1.585
"[1.585, 1.586)",0.028433068515172414,1.586
"[1.586, 1.587)",0.012703941536723166,1.587
"[1.587, 1.588)",0.031674141476948046,1.588
"[1.588, 1.589)",0.028889933811764704,1.589
"[1.589, 1.59)",0.03173470157142857,1.59
"[1.59, 1.591)",0.0322932633890244,1.591
"[1.591, 1.592)",0.03290284054452055,1.592
"[1.592, 1.593)",0.026196197971317833,1.593
"[1.593, 1.594)",0.03180644235542374,1.594
"[1.594, 1.595)",0.019885581270731714,1.595
"[1.595, 1.596)",0.026444664168639054,1.596
"[1.596, 1.597)",0.025413404657142855,1.597
"[1.597, 1.598)",0.04529495045963015,1.598
"[1.598, 1.599)",0.023624921280368093,1.599
"[1.599, 1.6)",0.03405417341739128,1.6
"[1.6, 1.601)",0.02431752061768708,1.601
"[1.601, 1.602)",0.038203760482857146,1.602
"[1.602, 1.603)",0.02467603607885713,1.603
"[1.603, 1.604)",0.017377200165789478,1.604
"[1.604, 1.605)",0.027446626211267606,1.605
"[1.605, 1.606)",0.022371810911612906,1.606
"[1.606, 1.607)",0.019982879963690487,1.607
"[1.607, 1.608)",0.026147670604878052,1.608
"[1.608, 1.609)",0.03275263924217686,1.609
"[1.609, 1.61)",0.018111418943918926,1.61
"[1.61, 1.611)",0.03217339411849313,1.611
"[1.611, 1.612)",0.021074572570512828,1.612
"[1.612, 1.613)",0.04516862881319999,1.613
"[1.613, 1.614)",0.04923040344117645,1.614
"[1.614, 1.615)",0.02840551153931035,1.615
"[1.615, 1.616)",0.02676259414859155,1.616
"[1.616, 1.617)",0.04056330264583333,1.617
"[1.617, 1.618)",0.04075909051449276,1.618
"[1.618, 1.619)",0.03451759549154929,1.619
"[1.619, 1.62)",0.02599960621705427,1.62
"[1.62, 1.621)",0.028076232307228898,1.621
"[1.621, 1.622)",0.03715458449866667,1.622
"[1.622, 1.623)",0.029595136182052978,1.623
"[1.623, 1.624)",0.05287758417903447,1.624
"[1.624, 1.625)",0.027993762534161488,1.625
"[1.625, 1.6260000000000001)",0.03936549522923077,1.626
"[1.6260000000000001, 1.627)",0.022071160578723416,1.627
"[1.627, 1.6280000000000001)",0.025354005344531257,1.628
"[1.6280000000000001, 1.629)",0.037945988061883096,1.629
"[1.629, 1.6300000000000001)",0.049467469738805954,1.63
"[1.6300000000000001, 1.631)",0.032100063914473696,1.631
"[1.631, 1.6320000000000001)",0.028428942773949608,1.632
"[1.6320000000000001, 1.633)",0.03854902973917294,1.633
"[1.633, 1.6340000000000001)",0.030833071094814826,1.634
"[1.6340000000000001, 1.635)",0.041090888519736836,1.635
"[1.635, 1.6360000000000001)",0.024057017321875006,1.636
"[1.6360000000000001, 1.637)",0.05800659456462582,1.637
"[1.637, 1.6380000000000001)",0.024569846148854966,1.638
"[1.6380000000000001, 1.639)",0.0314861025952381,1.639
"[1.639, 1.6400000000000001)",0.02272590983239669,1.64
"[1.6400000000000001, 1.641)",0.03664837865430465,1.641
"[1.641, 1.6420000000000001)",0.02390590180027027,1.642
"[1.6420000000000001, 1.643)",0.03795276085915493,1.643
"[1.643, 1.6440000000000001)",0.026835583953289478,1.644
"[1.6440000000000001, 1.645)",0.04088196078499999,1.645
"[1.645, 1.6460000000000001)",0.035692468222699385,1.646
"[1.6460000000000001, 1.647)",0.053899550028160936,1.647
"[1.647, 1.6480000000000001)",0.031802743619655176,1.648
"[1.6480000000000001, 1.649)",0.031052787758503415,1.649
"[1.649, 1.6500000000000001)",0.033329612594771234,1.65
"[1.6500000000000001, 1.651)",0.021471002000000003,1.651
"[1.651, 1.6520000000000001)",0.03295238469785715,1.652
"[1.6520000000000001, 1.653)",0.026724237619657535,1.653
"[1.653, 1.6540000000000001)",0.043474725924523824,1.654
"[1.6540000000000001, 1.655)",0.02617942019536424,1.655
"[1.655, 1.6560000000000001)",0.027196213563461535,1.656
"[1.6560000000000001, 1.657)",0.040404799827450995,1.657
"[1.657, 1.6580000000000001)",0.04473930314482758,1.658
"[1.6580000000000001, 1.659)",0.02873706566466166,1.659
"[1.659, 1.6600000000000001)",0.027996085565189864,1.66
"[1.6600000000000001, 1.661)",0.030449540606874985,1.661
"[1.661, 1.6620000000000001)",0.03618986268827586,1.662
"[1.6620000000000001, 1.663)",0.020748987646451608,1.663
"[1.663, 1.6640000000000001)",0.03212288525970804,1.664
"[1.6640000000000001, 1.665)",0.035775282900000004,1.665
"[1.665, 1.666)",0.04309244591970804,1.666
"[1.666, 1.667)",0.05645217660000001,1.667
"[1.667, 1.668)",0.0533992391453988,1.668
"[1.668, 1.669)",0.040927924191082814,1.669
"[1.669, 1.67)",0.031487250378160914,1.67
"[1.67, 1.671)",0.043047514841428554,1.671
"[1.671, 1.672)",0.02849337055945946,1.672
"[1.672, 1.673)",0.03575945139333335,1.673
"[1.673, 1.674)",0.04200588925833332,1.674
"[1.674, 1.675)",0.03853137915929033,1.675
"[1.675, 1.676)",0.03683057417573529,1.676
"[1.676, 1.677)",0.03249130551037596,1.677
"[1.677, 1.678)",0.034093564845985386,1.678
"[1.678, 1.679)",0.037617429083381296,1.679
"[1.679, 1.68)",0.03915468868181818,1.68
"[1.68, 1.681)",0.03360011469121623,1.681
"[1.681, 1.682)",0.047380073333333335,1.682
"[1.682, 1.683)",0.037858124824592596,1.683
"[1.683, 1.684)",0.033621958090909086,1.684
"[1.684, 1.685)",0.043288181693023266,1.685
"[1.685, 1.686)",0.04307179633576644,1.686
"[1.686, 1.687)",0.041465619292734394,1.687
"[1.687, 1.688)",0.04461885007443609,1.688
"[1.688, 1.689)",0.030812331121641803,1.689
"[1.689, 1.69)",0.03567538854492538,1.69
"[1.69, 1.691)",0.030593012814173228,1.691
"[1.691, 1.692)",0.029524257176923085,1.692
"[1.692, 1.693)",0.016178433412403114,1.693
"[1.693, 1.694)",0.025686741825961548,1.694
"[1.694, 1.695)",0.019229660135593213,1.695
"[1.695, 1.696)",0.03307998200677418,1.696
"[1.696, 1.697)",0.022172132520155034,1.697
"[1.697, 1.698)",0.023219477670000006,1.698
"[1.698, 1.699)",0.03648380778016527,1.699
"[1.699, 1.7)",0.02913415469642857,1.7
"[1.7, 1.701)",0.04441049546833332,1.701
"[1.701, 1.702)",0.03608000004958677,1.702
"[1.702, 1.703)",0.02621717911304347,1.703
"[1.703, 1.704)",0.02275425655905511,1.704
"[1.704, 1.705)",0.02109151397280001,1.705
"[1.705, 1.706)",0.02094063422985076,1.706
"[1.706, 1.707)",0.021792588548888884,1.707
"[1.707, 1.708)",0.022560145302564106,1.708
"[1.708, 1.709)",0.015264416862499996,1.709
"[1.709, 1.71)",0.028347452,1.71
"[1.71, 1.711)",0.04031119006810344,1.711
"[1.711, 1.712)",0.0298482480416,1.712
"[1.712, 1.713)",0.016693856419469032,1.713
"[1.713, 1.714)",0.045155024864000005,1.714
"[1.714, 1.715)",0.03288652680917432,1.715
"[1.715, 1.716)",0.021012797578640788,1.716
"[1.716, 1.717)",0.022966108239805834,1.717
"[1.717, 1.718)",0.04365578074237287,1.718
"[1.718, 1.719)",0.01930598952100001,1.719
"[1.719, 1.72)",0.029210499817006814,1.72
"[1.72, 1.721)",0.033015515456896564,1.721
"[1.721, 1.722)",0.02850909476344087,1.722
"[1.722, 1.723)",0.03745131498962963,1.723
"[1.723, 1.724)",0.03247178865725807,1.724
"[1.724, 1.725)",0.02138814437722773,1.725
"[1.725, 1.726)",0.04135105057037035,1.726
"[1.726, 1.727)",0.04370761867741934,1.727
"[1.727, 1.728)",0.02472405561579832,1.728
"[1.728, 1.729)",0.02366448868956521,1.729
"[1.729, 1.73)",0.03579091148,1.73
"[1.73, 1.731)",0.021952434515596333,1.731
"[1.731, 1.732)",0.03528639065,1.732
"[1.732, 1.733)",0.04144844477767857,1.733
"[1.733, 1.734)",0.03520973183307693,1.734
"[1.734, 1.735)",0.04153670151782947,1.735
"[1.735, 1.736)",0.0277887239544776,1.736
"[1.736, 1.737)",0.02404967929631069,1.737
"[1.737, 1.738)",0.028285696127350435,1.738
"[1.738, 1.739)",0.03561851666534654,1.739
"[1.739, 1.74)",0.025108449477477493,1.74
"[1.74, 1.741)",0.03480133184134616,1.741
"[1.741, 1.742)",0.03374258609256198,1.742
"[1.742, 1.743)",0.029355403223846162,1.743
"[1.743, 1.744)",0.02707254429009901,1.744
"[1.744, 1.745)",0.021746297025862074,1.745
"[1.745, 1.746)",0.02525353478571429,1.746
"[1.746, 1.747)",0.035637677977368415,1.747
"[1.747, 1.748)",0.03834254546890757,1.748
"[1.748, 1.749)",0.021979182155000002,1.749
"[1.749, 1.75)",0.028039154850434775,1.75
"[1.75, 1.7510000000000001)",0.03140201663669726,1.751
"[1.7510000000000001, 1.752)",0.032090303371287134,1.752
"[1.752, 1.7530000000000001)",0.03366033870967742,1.753
"[1.7530000000000001, 1.754)",0.030723787958771925,1.754
"[1.754, 1.7550000000000001)",0.047491564350000015,1.755
"[1.7550000000000001, 1.756)",0.03768164027699115,1.756
"[1.756, 1.7570000000000001)",0.02840338041851853,1.757
"[1.7570000000000001, 1.758)",0.03825733790917432,1.758
"[1.758, 1.7590000000000001)",0.029823384282258048,1.759
"[1.7590000000000001, 1.76)",0.05368483755809522,1.76
"[1.76, 1.7610000000000001)",0.020039917803030303,1.761
"[1.7610000000000001, 1.762)",0.05314124047751937,1.762
"[1.762, 1.7630000000000001)",0.048167422055118134,1.763
"[1.7630000000000001, 1.764)",0.04689386453593752,1.764
"[1.764, 1.7650000000000001)",0.03764677631496062,1.765
"[1.7650000000000001, 1.766)",0.03518744416214285,1.766
"[1.766, 1.7670000000000001)",0.02494489544959349,1.767
"[1.7670000000000001, 1.768)",0.0284200699319149,1.768
"[1.768, 1.7690000000000001)",0.030185080559310358,1.769
"[1.7690000000000001, 1.77)",0.031812443243137256,1.77
"[1.77, 1.7710000000000001)",0.03657311836126583,1.771
"[1.7710000000000001, 1.772)",0.03640849977397259,1.772
"[1.772, 1.7730000000000001)",0.026270688862820534,1.773
"[1.7730000000000001, 1.774)",0.03211489724294872,1.774
"[1.774, 1.7750000000000001)",0.04333700655131579,1.775
"[1.7750000000000001, 1.776)",0.03378163163445946,1.776
"[1.776, 1.7770000000000001)",0.03505671036814814,1.777
"[1.7770000000000001, 1.778)",0.02261266670807407,1.778
"[1.778, 1.7790000000000001)",0.02953374701176471,1.779
"[1.7790000000000001, 1.78)",0.030269203860655746,1.78
"[1.78, 1.7810000000000001)",0.024354477613636377,1.781
"[1.7810000000000001, 1.782)",0.04901194022280703,1.782
"[1.782, 1.7830000000000001)",0.05395496947567567,1.783
"[1.7830000000000001, 1.784)",0.046113835311475414,1.784
"[1.784, 1.7850000000000001)",0.02232675333333334,1.785
"[1.7850000000000001, 1.786)",0.030571214748031487,1.786
"[1.786, 1.7870000000000001)",0.05307857602142858,1.787
"[1.7870000000000001, 1.788)",0.03299899387226277,1.788
"[1.788, 1.7890000000000001)",0.02185273461261261,1.789
"[1.7890000000000001, 1.79)",0.039767215932142864,1.79
"[1.79, 1.7910000000000001)",0.049733305540322605,1.791
"[1.7910000000000001, 1.792)",0.03421838483783785,1.792
"[1.792, 1.793)",0.03324286702912622,1.793
"[1.793, 1.794)",0.023965786306363642,1.794
"[1.794, 1.795)",0.04573115773214287,1.795
"[1.795, 1.796)",0.02321932756416666,1.796
"[1.796, 1.797)",0.020054696893103442,1.797
"[1.797, 1.798)",0.028653418179831934,1.798
"[1.798, 1.799)",0.04394395887931034,1.799
"[1.799, 1.8)",0.03288757295932204,1.8
"[1.8, 1.801)",0.031871294306000005,1.801
"[1.801, 1.802)",0.022090465947311837,1.802
"[1.802, 1.803)",0.03300913288055557,1.803
"[1.803, 1.804)",0.030395899153153154,1.804
"[1.804, 1.805)",0.01553377973281251,1.805
"[1.805, 1.806)",0.02272199055175438,1.806
"[1.806, 1.807)",0.046070778485593204,1.807
"[1.807, 1.808)",0.03740197978181817,1.808
"[1.808, 1.809)",0.029494111160162616,1.809
"[1.809, 1.81)",0.023432098229508203,1.81
"[1.81, 1.811)",0.021361411935245902,1.811
"[1.811, 1.812)",0.029704442561206905,1.812
"[1.812, 1.813)",0.02657475437433628,1.813
"[1.813, 1.814)",0.03541304617747747,1.814
"[1.814, 1.815)",0.04166625253679244,1.815
"[1.815, 1.816)",0.030331662450400008,1.816
"[1.816, 1.817)",0.03376705002871288,1.817
"[1.817, 1.818)",0.02168811220483872,1.818
"[1.818, 1.819)",0.03440981665624998,1.819
"[1.819, 1.82)",0.03388203934090908,1.82
"[1.82, 1.821)",0.030518180599104494,1.821
"[1.821, 1.822)",0.032074182787301585,1.822
"[1.822, 1.823)",0.016904413937762233,1.823
"[1.823, 1.824)",0.023111650961864412,1.824
"[1.824, 1.825)",0.02398326686923078,1.825
"[1.825, 1.826)",0.01862247260194691,1.826
"[1.826, 1.827)",0.030383212900840346,1.827
"[1.827, 1.828)",0.03724534495344827,1.828
"[1.828, 1.829)",0.019551831945238102,1.829
"[1.829, 1.83)",0.03506257777154472,1.83
"[1.83, 1.831)",0.017508936308653848,1.831
"[1.831, 1.832)",0.03381533988602149,1.832
"[1.832, 1.833)",0.021865786621848755,1.833
"[1.833, 1.834)",0.040189861533333336,1.834
"[1.834, 1.835)",0.027917958666666673,1.835
"[1.835, 1.836)",0.036315404859459464,1.836
"[1.836, 1.837)",0.0235344905531915,1.837
"[1.837, 1.838)",0.027179859896491226,1.838
"[1.838, 1.839)",0.03667019372321428,1.839
"[1.839, 1.84)",0.024337680487951808,1.84
"[1.84, 1.841)",0.042635599403448285,1.841
"[1.841, 1.842)",0.024887200672815534,1.842
"[1.842, 1.843)",0.02819590772222222,1.843
"[1.843, 1.844)",0.02272073229999999,1.844
"[1.844, 1.845)",0.014406850636792454,1.845
"[1.845, 1.846)",0.03631169196382981,1.846
"[1.846, 1.847)",0.016864334085304352,1.847
"[1.847, 1.848)",0.03407525542395831,1.848
"[1.848, 1.849)",0.028246919465714296,1.849
"[1.849, 1.85)",0.024021998973404256,1.85
"[1.85, 1.851)",0.03127471693877551,1.851
"[1.851, 1.852)",0.02755119553636363,1.852
"[1.852, 1.853)",0.030262042856310695,1.853
"[1.853, 1.854)",0.03232636051789474,1.854
"[1.854, 1.855)",0.025098347118487407,1.855
"[1.855, 1.856)",0.025767142012359544,1.856
"[1.856, 1.857)",0.04119084796262628,1.857
"[1.857, 1.858)",0.03144306603030302,1.858
"[1.858, 1.859)",0.04235813187938146,1.859
"[1.859, 1.86)",0.03235740228301887,1.86
"[1.86, 1.861)",0.018611288355752216,1.861
"[1.861, 1.862)",0.01626696930769231,1.862
"[1.862, 1.863)",0.035982777339090916,1.863
"[1.863, 1.864)",0.036185845979591826,1.864
"[1.864, 1.865)",0.03185980328888888,1.865
"[1.865, 1.866)",0.023924322253061223,1.866
"[1.866, 1.867)",0.03325864681341463,1.867
"[1.867, 1.868)",0.025815865545348846,1.868
"[1.868, 1.869)",0.02316136866226415,1.869
"[1.869, 1.87)",0.034484382373737375,1.87
"[1.87, 1.871)",0.021640046340963864,1.871
"[1.871, 1.872)",0.024951072483809535,1.872
"[1.872, 1.873)",0.024203821965909103,1.873
"[1.873, 1.874)",0.022539697119658128,1.874
"[1.874, 1.875)",0.024443744447368423,1.875
"[1.875, 1.8760000000000001)",0.018868256006779657,1.876
"[1.8760000000000001, 1.877)",0.020520935325959604,1.877
"[1.877, 1.8780000000000001)",0.032203629199074074,1.878
"[1.8780000000000001, 1.879)",0.030928107075206605,1.879
"[1.879, 1.8800000000000001)",0.02525605659473685,1.88
"[1.8800000000000001, 1.881)",0.03668721878571428,1.881
"[1.881, 1.8820000000000001)",0.029913629110569107,1.882
"[1.8820000000000001, 1.883)",0.02304278468888889,1.883
"[1.883, 1.8840000000000001)",0.023179174675229355,1.884
"[1.8840000000000001, 1.885)",0.02462755847454546,1.885
"[1.885, 1.8860000000000001)",0.030820684989473702,1.886
"[1.8860000000000001, 1.887)",0.01769426486458334,1.887
"[1.887, 1.8880000000000001)",0.026832932380952385,1.888
"[1.8880000000000001, 1.889)",0.01969631923431374,1.889
"[1.889, 1.8900000000000001)",0.03491942779761906,1.89
"[1.8900000000000001, 1.891)",0.03666517127777778,1.891
"[1.891, 1.8920000000000001)",0.03457385484444445,1.892
"[1.8920000000000001, 1.893)",0.026055160617021296,1.893
"[1.893, 1.8940000000000001)",0.03334656206483517,1.894
"[1.8940000000000001, 1.895)",0.025881917291954028,1.895
"[1.895, 1.8960000000000001)",0.03025221840322581,1.896
"[1.8960000000000001, 1.897)",0.03264032631855669,1.897
"[1.897, 1.8980000000000001)",0.032603838503488386,1.898
"[1.8980000000000001, 1.899)",0.017702733789999994,1.899
"[1.899, 1.9000000000000001)",0.017445975400000004,1.9
"[1.9000000000000001, 1.901)",0.024022036191176474,1.901
"[1.901, 1.9020000000000001)",0.018101260947619054,1.902
"[1.9020000000000001, 1.903)",0.031068572726470598,1.903
"[1.903, 1.9040000000000001)",0.037702659707964596,1.904
"[1.9040000000000001, 1.905)",0.03524215258513762,1.905
"[1.905, 1.9060000000000001)",0.028328967275641038,1.906
"[1.9060000000000001, 1.907)",0.044225222155882336,1.907
"[1.907, 1.9080000000000001)",0.030053192360465105,1.908
"[1.9080000000000001, 1.909)",0.020111993394505506,1.909
"[1.909, 1.9100000000000001)",0.019346194731182813,1.91
"[1.9100000000000001, 1.911)",0.02344904072826088,1.911
"[1.911, 1.9120000000000001)",0.022189503500000003,1.912
"[1.9120000000000001, 1.913)",0.029465985648936203,1.913
"[1.913, 1.9140000000000001)",0.021454832679487185,1.914
"[1.9140000000000001, 1.915)",0.01611345617191011,1.915
"[1.915, 1.9160000000000001)",0.040302338702884605,1.916
"[1.9160000000000001, 1.917)",0.017269258395698935,1.917
"[1.917, 1.9180000000000001)",0.020746341438541673,1.918
"[1.9180000000000001, 1.919)",0.026852919234939758,1.919
"[1.919, 1.92)",0.02894113179569893,1.92
"[1.92, 1.921)",0.034189813333333346,1.921
"[1.921, 1.922)",0.03366764468256882,1.922
"[1.922, 1.923)",0.027962205198969074,1.923
"[1.923, 1.924)",0.023427873568910896,1.924
"[1.924, 1.925)",0.02140907662000001,1.925
"[1.925, 1.926)",0.043797654817339444,1.926
"[1.926, 1.927)",0.04964332765764708,1.927
"[1.927, 1.928)",0.023505032802105263,1.928
"[1.928, 1.929)",0.02248341178043479,1.929
"[1.929, 1.93)",0.024191883073170738,1.93
"[1.93, 1.931)",0.013231965012328763,1.931
"[1.931, 1.932)",0.015785420600000016,1.932
"[1.932, 1.933)",0.012472000831168829,1.933
"[1.933, 1.934)",0.04066923414938273,1.934
"[1.934, 1.935)",0.029172421592592587,1.935
"[1.935, 1.936)",0.01926831631818184,1.936
"[1.936, 1.937)",0.02899373004761905,1.937
"[1.937, 1.938)",0.039990963415306106,1.938
"[1.938, 1.939)",0.0369788665932184,1.939
"[1.939, 1.94)",0.04315418919404762,1.94
"[1.94, 1.941)",0.021691230329126208,1.941
"[1.941, 1.942)",0.03829280200581397,1.942
"[1.942, 1.943)",0.05898381947901236,1.943
"[1.943, 1.944)",0.022554642882795697,1.944
"[1.944, 1.945)",0.02153877413253013,1.945
"[1.945, 1.946)",0.04161968015555555,1.946
"[1.946, 1.947)",0.020649823885057473,1.947
"[1.947, 1.948)",0.043549241492708356,1.948
"[1.948, 1.949)",0.027778943361415932,1.949
"[1.949, 1.95)",0.019160619661702138,1.95
"[1.95, 1.951)",0.024283470350526325,1.951
"[1.951, 1.952)",0.030983669445217403,1.952
"[1.952, 1.953)",0.03400474195098038,1.953
"[1.953, 1.954)",0.032691004281372546,1.954
"[1.954, 1.955)",0.027558249194565225,1.955
"[1.955, 1.956)",0.02904651700978261,1.956
"[1.956, 1.957)",0.03170493085053764,1.957
"[1.957, 1.958)",0.02348087253208335,1.958
"[1.958, 1.959)",0.030245552648913047,1.959
"[1.959, 1.96)",0.02434559684042554,1.96
"[1.96, 1.961)",0.038326446257575746,1.961
"[1.961, 1.962)",0.02234594571153847,1.962
"[1.962, 1.963)",0.02666839356285714,1.963
"[1.963, 1.964)",0.029673215380952366,1.964
"[1.964, 1.965)",0.029544931879310336,1.965
"[1.965, 1.966)",0.022829382762878797,1.966
"[1.966, 1.967)",0.02534681252389381,1.967
"[1.967, 1.968)",0.03219526729531251,1.968
"[1.968, 1.969)",0.02901629164999999,1.969
"[1.969, 1.97)",0.021018804738888903,1.97
"[1.97, 1.971)",0.03456282532692308,1.971
"[1.971, 1.972)",0.020818627267835045,1.972
"[1.972, 1.973)",0.04636171279405941,1.973
"[1.973, 1.974)",0.033821347525252524,1.974
"[1.974, 1.975)",0.02084293846779661,1.975
"[1.975, 1.976)",0.04905081184883722,1.976
"[1.976, 1.977)",0.02084158011376147,1.977
"[1.977, 1.978)",0.024925449875757576,1.978
"[1.978, 1.979)",0.050817676989130416,1.979
"[1.979, 1.98)",0.025107876223364505,1.98
"[1.98, 1.981)",0.03431844704081633,1.981
"[1.981, 1.982)",0.023432330827184468,1.982
"[1.982, 1.983)",0.02062117293333335,1.983
"[1.983, 1.984)",0.029106516489583345,1.984
"[1.984, 1.985)",0.029816787195180737,1.985
"[1.985, 1.986)",0.031794325596341474,1.986
"[1.986, 1.987)",0.033555167921568645,1.987
"[1.987, 1.988)",0.025003074710112354,1.988
"[1.988, 1.989)",0.025169815503853218,1.989
"[1.989, 1.99)",0.03475360142894737,1.99
"[1.99, 1.991)",0.0262048658872549,1.991
"[1.991, 1.992)",0.018527618024752477,1.992
"[1.992, 1.993)",0.030706471356097578,1.993
"[1.993, 1.994)",0.022651130618604656,1.994
"[1.994, 1.995)",0.039814749129,1.995
"[1.995, 1.996)",0.028002915120000006,1.996
"[1.996, 1.997)",0.04511760515999999,1.997
"[1.997, 1.998)",0.023006973152173923,1.998
"[1.998, 1.999)",0.032314256666666666,1.999
"[1.999, 2.0)",0.02235735735977013,2.0
"[2.0, 2.001)",0.023511051958181824,2.001
"[2.001, 2.0020000000000002)",0.027617740412526307,2.002
"[2.0020000000000002, 2.003)",0.019999782870370377,2.003
"[2.003, 2.004)",0.037432701683168326,2.004
"[2.004, 2.005)",0.03659400789175259,2.005
"[2.005, 2.0060000000000002)",0.031288419299772725,2.006
"[2.0060000000000002, 2.007)",0.024033971840259745,2.007
"[2.007, 2.008)",0.030481075277528087,2.008
"[2.008, 2.009)",0.02266078573506495,2.009
"[2.009, 2.0100000000000002)",0.016112315114444446,2.01
"[2.0100000000000002, 2.011)",0.041957473239999994,2.011
"[2.011, 2.012)",0.0335858743231579,2.012
"[2.012, 2.013)",0.023116692573170734,2.013
"[2.013, 2.0140000000000002)",0.023936110685393242,2.014
"[2.0140000000000002, 2.015)",0.03716906065217393,2.015
"[2.015, 2.016)",0.016971041633974372,2.016
"[2.016, 2.017)",0.03708350536578948,2.017
"[2.017, 2.0180000000000002)",0.03902414443611111,2.018
"[2.0180000000000002, 2.019)",0.04537229530712768,2.019
"[2.019, 2.02)",0.01925600521571429,2.02
"[2.02, 2.021)",0.027046754280612244,2.021
"[2.021, 2.0220000000000002)",0.04382866311142857,2.022
"[2.0220000000000002, 2.023)",0.02402664370229886,2.023
"[2.023, 2.024)",0.017845342044871787,2.024
"[2.024, 2.025)",0.030999713702325595,2.025
"[2.025, 2.0260000000000002)",0.030770687397727283,2.026
"[2.0260000000000002, 2.027)",0.0230530201125,2.027
"[2.027, 2.028)",0.019162150522222234,2.028
"[2.028, 2.029)",0.018403771822891574,2.029
"[2.029, 2.0300000000000002)",0.023564366657714296,2.03
"[2.0300000000000002, 2.031)",0.030006281501492545,2.031
"[2.031, 2.032)",0.026012366303376624,2.032
"[2.032, 2.033)",0.03113213889024391,2.033
"[2.033, 2.0340000000000003)",0.027601385898275863,2.034
"[2.0340000000000003, 2.035)",0.03165621384210526,2.035
"[2.035, 2.036)",0.030865527849333337,2.036
"[2.036, 2.037)",0.02064533502054055,2.037
"[2.037, 2.0380000000000003)",0.024439551235526328,2.038
"[2.0380000000000003, 2.039)",0.02061278483896104,2.039
"[2.039, 2.04)",0.0240784926923077,2.04
"[2.04, 2.041)",0.04592263907160495,2.041
"[2.041, 2.0420000000000003)",0.029888583962469125,2.042
"[2.0420000000000003, 2.043)",0.02969705064927537,2.043
"[2.043, 2.044)",0.035688897234328366,2.044
"[2.044, 2.045)",0.03555600840298506,2.045
"[2.045, 2.0460000000000003)",0.03600506428709677,2.046
"[2.0460000000000003, 2.047)",0.028288975436231895,2.047
"[2.047, 2.048)",0.01962397777142858,2.048
"[2.048, 2.049)",0.021176810450769225,2.049
"[2.049, 2.05)",0.027038365112903223,2.05
"[2.05, 2.051)",0.022357787672131143,2.051
"[2.051, 2.052)",0.02020150441857143,2.052
"[2.052, 2.053)",0.02602062397014927,2.053
"[2.053, 2.054)",0.0322929071983871,2.054
"[2.054, 2.055)",0.02587682665128205,2.055
"[2.055, 2.056)",0.02999964990882354,2.056
"[2.056, 2.057)",0.030127487246875004,2.057
"[2.057, 2.058)",0.04287408256790123,2.058
"[2.058, 2.059)",0.030112068714556954,2.059
"[2.059, 2.06)",0.017297110585714284,2.06
"[2.06, 2.061)",0.04927031712181818,2.061
"[2.061, 2.062)",0.019664685412698415,2.062
"[2.062, 2.063)",0.021293778473118283,2.063
"[2.063, 2.064)",0.022806291083561647,2.064
"[2.064, 2.065)",0.022025791022033912,2.065
"[2.065, 2.066)",0.014858637525757579,2.066
"[2.066, 2.067)",0.03628224395857144,2.067
"[2.067, 2.068)",0.02088673596875001,2.068
"[2.068, 2.069)",0.02490957965593221,2.069
"[2.069, 2.07)",0.03585689907017545,2.07
"[2.07, 2.071)",0.014259056311111103,2.071
"[2.071, 2.072)",0.014971287060606053,2.072
"[2.072, 2.073)",0.02921929155079365,2.073
"[2.073, 2.074)",0.031231051420000027,2.074
"[2.074, 2.075)",0.021982416490566037,2.075
"[2.075, 2.076)",0.019242775710294115,2.076
"[2.076, 2.077)",0.021608839062068973,2.077
"[2.077, 2.078)",0.016496742528571435,2.078
"[2.078, 2.079)",0.02899720204545455,2.079
"[2.079, 2.08)",0.02140091436956523,2.08
"[2.08, 2.081)",0.033698461672727276,2.081
"[2.081, 2.082)",0.02156849984745763,2.082
"[2.082, 2.083)",0.017217729596491232,2.083
"[2.083, 2.084)",0.021082048859999997,2.084
"[2.084, 2.085)",0.01948492819285714,2.085
"[2.085, 2.086)",0.025477693376000025,2.086
"[2.086, 2.087)",0.01667170700677966,2.087
"[2.087, 2.088)",0.02098399011904762,2.088
"[2.088, 2.089)",0.03764291947037038,2.089
"[2.089, 2.09)",0.04403544921372548,2.09
"[2.09, 2.091)",0.015266697159999999,2.091
"[2.091, 2.092)",0.04603550585714285,2.092
"[2.092, 2.093)",0.021039483561403515,2.093
"[2.093, 2.094)",0.026455055138,2.094
"[2.094, 2.095)",0.01280828898571428,2.095
"[2.095, 2.096)",0.0152955455745098,2.096
"[2.096, 2.097)",0.019874941069767428,2.097
"[2.097, 2.098)",0.016522216864406778,2.098
"[2.098, 2.099)",0.045372043481250006,2.099
"[2.099, 2.1)",0.011183209235294122,2.1
"[2.1, 2.101)",0.025723478686274507,2.101
"[2.101, 2.102)",0.01712497238214285,2.102
"[2.102, 2.103)",0.024586026184090906,2.103
"[2.103, 2.104)",0.011757480900000002,2.104
"[2.104, 2.105)",0.030306590730508478,2.105
"[2.105, 2.106)",0.020085891786379317,2.106
"[2.106, 2.107)",0.039096501088524596,2.107
"[2.107, 2.108)",0.027616178490909096,2.108
"[2.108, 2.109)",0.0539817650714286,2.109
"[2.109, 2.11)",0.023773487152542377,2.11
"[2.11, 2.111)",0.02552553214,2.111
"[2.111, 2.112)",0.012084421903225801,2.112
"[2.112, 2.113)",0.022502266348571442,2.113
"[2.113, 2.114)",0.038447415487037034,2.114
"[2.114, 2.115)",0.024714403414285702,2.115
"[2.115, 2.116)",0.03637864639999999,2.116
"[2.116, 2.117)",0.04299611553818181,2.117
"[2.117, 2.118)",0.01652140947272727,2.118
"[2.118, 2.119)",0.03633644516000001,2.119
"[2.119, 2.12)",0.0241429414032258,2.12
"[2.12, 2.121)",0.039619635997014936,2.121
"[2.121, 2.122)",0.029938593354166657,2.122
"[2.122, 2.123)",0.026547913589285713,2.123
"[2.123, 2.124)",0.026436821852656254,2.124
"[2.124, 2.125)",0.047930959188333344,2.125
"[2.125, 2.126)",0.029681444355932212,2.126
"[2.126, 2.1270000000000002)",0.03428648488636363,2.127
"[2.1270000000000002, 2.128)",0.04062179610606062,2.128
"[2.128, 2.129)",0.05084855765373135,2.129
"[2.129, 2.13)",0.036079767926153854,2.13
"[2.13, 2.1310000000000002)",0.020300266924528305,2.131
"[2.1310000000000002, 2.132)",0.02548346793650794,2.132
"[2.132, 2.133)",0.04068188751666668,2.133
"[2.133, 2.134)",0.020529440368421057,2.134
"[2.134, 2.1350000000000002)",0.02452727561702129,2.135
"[2.1350000000000002, 2.136)",0.01913242126349207,2.136
"[2.136, 2.137)",0.0304257285,2.137
"[2.137, 2.138)",0.019117110932692298,2.138
"[2.138, 2.1390000000000002)",0.03186058216071429,2.139
"[2.1390000000000002, 2.14)",0.01634473593617021,2.14
"[2.14, 2.141)",0.01742558902431372,2.141
"[2.141, 2.142)",0.03953487804347827,2.142
"[2.142, 2.1430000000000002)",0.021556772377777776,2.143
"[2.1430000000000002, 2.144)",0.023895965785714294,2.144
"[2.144, 2.145)",0.04403178776800001,2.145
"[2.145, 2.146)",0.031866380331578986,2.146
"[2.146, 2.1470000000000002)",0.04571366119642857,2.147
"[2.1470000000000002, 2.148)",0.0279771187725,2.148
"[2.148, 2.149)",0.029206786741379335,2.149
"[2.149, 2.15)",0.020677475326086953,2.15
"[2.15, 2.1510000000000002)",0.018751329380645165,2.151
"[2.1510000000000002, 2.152)",0.024914421482758638,2.152
"[2.152, 2.153)",0.062331934215909095,2.153
"[2.153, 2.154)",0.03857035533275861,2.154
"[2.154, 2.1550000000000002)",0.023188679534482767,2.155
"[2.1550000000000002, 2.156)",0.03658480056268656,2.156
"[2.156, 2.157)",0.020624544231372548,2.157
"[2.157, 2.158)",0.01770308055606061,2.158
"[2.158, 2.1590000000000003)",0.03766476553508773,2.159
"[2.1590000000000003, 2.16)",0.029157206296875005,2.16
"[2.16, 2.161)",0.03414694765765627,2.161
"[2.161, 2.162)",0.013827285702127661,2.162
"[2.162, 2.1630000000000003)",0.022985819862407404,2.163
"[2.1630000000000003, 2.164)",0.014548194672131145,2.164
"[2.164, 2.165)",0.01775015625614036,2.165
"[2.165, 2.166)",0.015612976234042546,2.166
"[2.166, 2.1670000000000003)",0.02395578384482759,2.167
"[2.1670000000000003, 2.168)",0.02010112061016949,2.168
"[2.168, 2.169)",0.020418676886666657,2.169
"[2.169, 2.17)",0.01542882641698113,2.17
"[2.17, 2.1710000000000003)",0.019126942047619055,2.171
"[2.1710000000000003, 2.172)",0.022786405094137943,2.172
"[2.172, 2.173)",0.027735619542678582,2.173
"[2.173, 2.174)",0.02296312307352942,2.174
"[2.174, 2.1750000000000003)",0.028553972520333353,2.175
"[2.1750000000000003, 2.176)",0.03560728973469389,2.176
"[2.176, 2.177)",0.018426871564583332,2.177
"[2.177, 2.178)",0.028369460040425544,2.178
"[2.178, 2.179)",0.012969710600000002,2.179
"[2.179, 2.18)",0.020445693961403506,2.18
"[2.18, 2.181)",0.020509243718309863,2.181
"[2.181, 2.182)",0.03689287836911764,2.182
"[2.182, 2.183)",0.05207927407547171,2.183
"[2.183, 2.184)",0.038071621271186455,2.184
"[2.184, 2.185)",0.02771277728636363,2.185
"[2.185, 2.186)",0.027906218392857157,2.186
"[2.186, 2.187)",0.03274467626800001,2.187
"[2.187, 2.188)",0.0352196637852459,2.188
"[2.188, 2.189)",0.03814816391489363,2.189
"[2.189, 2.19)",0.019768990400000002,2.19
"[2.19, 2.191)",0.040763678981481484,2.191
"[2.191, 2.192)",0.02738891605454545,2.192
"[2.192, 2.193)",0.02638106135849057,2.193
"[2.193, 2.194)",0.014681136867924518,2.194
"[2.194, 2.195)",0.019329260622641505,2.195
"[2.195, 2.196)",0.01758603812244897,2.196
"[2.196, 2.197)",0.017161709502380953,2.197
"[2.197, 2.198)",0.039068547688888886,2.198
"[2.198, 2.199)",0.01745918634545455,2.199
"[2.199, 2.2)",0.02868131912,2.2
"[2.2, 2.201)",0.016543711290000002,2.201
"[2.201, 2.202)",0.02325696448717949,2.202
"[2.202, 2.203)",0.026255277433333335,2.203
"[2.203, 2.204)",0.03167982311777779,2.204
"[2.204, 2.205)",0.02528572155333334,2.205
"[2.205, 2.206)",0.0289636967368421,2.206
"[2.206, 2.207)",0.0319199102225,2.207
"[2.207, 2.208)",0.03390664211132076,2.208
"[2.208, 2.209)",0.022993888032352944,2.209
"[2.209, 2.21)",0.018878926799999998,2.21
"[2.21, 2.211)",0.026834263762711873,2.211
"[2.211, 2.212)",0.06645923547826085,2.212
"[2.212, 2.213)",0.020707618082499997,2.213
"[2.213, 2.214)",0.025051174415,2.214
"[2.214, 2.215)",0.022402151808510642,2.215
"[2.215, 2.216)",0.041330836464249995,2.216
"[2.216, 2.217)",0.02448445027073172,2.217
"[2.217, 2.218)",0.009435535076923077,2.218
"[2.218, 2.219)",0.013764460323684207,2.219
"[2.219, 2.22)",0.029078236477272715,2.22
"[2.22, 2.221)",0.01679475702,2.221
"[2.221, 2.222)",0.013943333145833334,2.222
"[2.222, 2.223)",0.027302802134090906,2.223
"[2.223, 2.224)",0.0218256472,2.224
"[2.224, 2.225)",0.02332838978571428,2.225
"[2.225, 2.226)",0.026039613694285712,2.226
"[2.226, 2.227)",0.03719157427234042,2.227
"[2.227, 2.228)",0.023398975217391295,2.228
"[2.228, 2.229)",0.01153816680232558,2.229
"[2.229, 2.23)",0.018872153318181813,2.23
"[2.23, 2.231)",0.022152516432558136,2.231
"[2.231, 2.232)",0.012315513472222227,2.232
"[2.232, 2.233)",0.02414833766666667,2.233
"[2.233, 2.234)",0.015414636176470594,2.234
"[2.234, 2.235)",0.026234081499999992,2.235
"[2.235, 2.236)",0.026198427636363625,2.236
"[2.236, 2.237)",0.028292843748648655,2.237
"[2.237, 2.238)",0.06480145269444444,2.238
"[2.238, 2.239)",0.01769750979999999,2.239
"[2.239, 2.24)",0.041030351166666666,2.24
"[2.24, 2.241)",0.019457403271794866,2.241
"[2.241, 2.242)",0.04771847123076923,2.242
"[2.242, 2.243)",0.025553067292682936,2.243
"[2.243, 2.244)",0.02170633093181817,2.244
"[2.244, 2.245)",0.028091722699999985,2.245
"[2.245, 2.246)",0.014579662876923074,2.246
"[2.246, 2.247)",0.027578899971428567,2.247
"[2.247, 2.248)",0.026059884903921558,2.248
"[2.248, 2.249)",0.030003184379310335,2.249
"[2.249, 2.25)",0.03774836656603775,2.25
"[2.25, 2.251)",0.023333072048979584,2.251
"[2.251, 2.2520000000000002)",0.020110727028,2.252
"[2.2520000000000002, 2.253)",0.038355535222222216,2.253
"[2.253, 2.254)",0.021789608705882348,2.254
"[2.254, 2.255)",0.058988185580000005,2.255
"[2.255, 2.2560000000000002)",0.014514695476744189,2.256
"[2.2560000000000002, 2.257)",0.0426990506,2.257
"[2.257, 2.258)",0.0267685118,2.258
"[2.258, 2.259)",0.012826950014634152,2.259
"[2.259, 2.2600000000000002)",0.01473262292857143,2.26
"[2.2600000000000002, 2.261)",0.027377756275609753,2.261
"[2.261, 2.262)",0.032686217923076924,2.262
"[2.262, 2.263)",0.08251341093548388,2.263
"[2.263, 2.2640000000000002)",0.019446618999999988,2.264
"[2.2640000000000002, 2.265)",0.01890814888461538,2.265
"[2.265, 2.266)",0.027335528307894735,2.266
"[2.266, 2.267)",0.04863590548292683,2.267
"[2.267, 2.2680000000000002)",0.061328378699999984,2.268
"[2.2680000000000002, 2.269)",0.06070004521470589,2.269
"[2.269, 2.27)",0.08920394059259261,2.27
"[2.27, 2.271)",0.0222125681707317,2.271
"[2.271, 2.2720000000000002)",0.038851945343750006,2.272
"[2.2720000000000002, 2.273)",0.03968258492978723,2.273
"[2.273, 2.274)",0.02200996427366667,2.274
"[2.274, 2.275)",0.03600514564864865,2.275
"[2.275, 2.2760000000000002)",0.028690874617647064,2.276
"[2.2760000000000002, 2.277)",0.015858047885294112,2.277
"[2.277, 2.278)",0.01019211473529412,2.278
"[2.278, 2.279)",0.02507854908,2.279
"[2.279, 2.2800000000000002)",0.017798057330000006,2.28
"[2.2800000000000002, 2.281)",0.02230662846875,2.281
"[2.281, 2.282)",0.015319301085714297,2.282
"[2.282, 2.283)",0.02596381202857142,2.283
"[2.283, 2.2840000000000003)",0.023509115424242413,2.284
"[2.2840000000000003, 2.285)",0.0638126163075,2.285
"[2.285, 2.286)",0.022190141250000003,2.286
"[2.286, 2.287)",0.04362473711111112,2.287
"[2.287, 2.2880000000000003)",0.025654815804878054,2.288
"[2.2880000000000003, 2.289)",0.02317040694883721,2.289
"[2.289, 2.29)",0.03713167207500002,2.29
"[2.29, 2.291)",0.0265291634375,2.291
"[2.291, 2.2920000000000003)",0.02570018895609756,2.292
"[2.2920000000000003, 2.293)",0.04282345453125,2.293
"[2.293, 2.294)",0.030388992641025642,2.294
"[2.294, 2.295)",0.01671206739088235,2.295
"[2.295, 2.2960000000000003)",0.009700986391176468,2.296
"[2.2960000000000003, 2.297)",0.03802729836842106,2.297
"[2.297, 2.298)",0.03158203767058824,2.298
"[2.298, 2.299)",0.016489662342105263,2.299
"[2.299, 2.3000000000000003)",0.023534608363636363,2.3
"[2.3000000000000003, 2.301)",0.01248308831764706,2.301
"[2.301, 2.302)",0.015235614588235295,2.302
"[2.302, 2.303)",0.025055166811904762,2.303
"[2.303, 2.3040000000000003)",0.035893152206896546,2.304
"[2.3040000000000003, 2.305)",0.03192320061363638,2.305
"[2.305, 2.306)",0.019314026476190474,2.306
"[2.306, 2.307)",0.0589393729310345,2.307
"[2.307, 2.308)",0.01697854943243244,2.308
"[2.308, 2.309)",0.018954195971428573,2.309
"[2.309, 2.31)",0.04290716213513514,2.31
"[2.31, 2.311)",0.023143284999999993,2.311
"[2.311, 2.312)",0.03708335186206895,2.312
"[2.312, 2.313)",0.04484196068421055,2.313
"[2.313, 2.314)",0.01670325261612903,2.314
"[2.314, 2.315)",0.042774094642857155,2.315
"[2.315, 2.316)",0.020543035474418606,2.316
"[2.316, 2.317)",0.0532371912423077,2.317
"[2.317, 2.318)",0.03286312834285715,2.318
"[2.318, 2.319)",0.017837531566037738,2.319
"[2.319, 2.32)",0.0316755346585366,2.32
"[2.32, 2.321)",0.031685653714285715,2.321
"[2.321, 2.322)",0.04864059239534884,2.322
"[2.322, 2.323)",0.02679889985185185,2.323
"[2.323, 2.324)",0.016215146395833335,2.324
"[2.324, 2.325)",0.0504733674375,2.325
"[2.325, 2.326)",0.023474109427272728,2.326
"[2.326, 2.327)",0.014732617192307696,2.327
"[2.327, 2.328)",0.03430626994782608,2.328
"[2.328, 2.329)",0.02523724139574467,2.329
"[2.329, 2.33)",0.026315644237499998,2.33
"[2.33, 2.331)",0.04030813985714286,2.331
"[2.331, 2.332)",0.030089406474634137,2.332
"[2.332, 2.333)",0.038136243357142864,2.333
"[2.333, 2.334)",0.021489768699999995,2.334
"[2.334, 2.335)",0.03598815971063831,2.335
"[2.335, 2.336)",0.042978519486486504,2.336
"[2.336, 2.337)",0.03974431358974359,2.337
"[2.337, 2.338)",0.01708681581818182,2.338
"[2.338, 2.339)",0.024117420840243906,2.339
"[2.339, 2.34)",0.023405148037499993,2.34
"[2.34, 2.341)",0.020501860735294114,2.341
"[2.341, 2.342)",0.0239057105957447,2.342
"[2.342, 2.343)",0.01738221409756098,2.343
"[2.343, 2.344)",0.03425844122368421,2.344
"[2.344, 2.345)",0.05450483572222224,2.345
"[2.345, 2.346)",0.06131368564318182,2.346
"[2.346, 2.347)",0.015657685660526315,2.347
"[2.347, 2.348)",0.027317866181818185,2.348
"[2.348, 2.349)",0.010504744903030307,2.349
"[2.349, 2.35)",0.016612587399999997,2.35
"[2.35, 2.351)",0.043780965412195116,2.351
"[2.351, 2.352)",0.015653662027777782,2.352
"[2.352, 2.353)",0.023055719415384614,2.353
"[2.353, 2.354)",0.03435633700000001,2.354
"[2.354, 2.355)",0.016406678400000006,2.355
"[2.355, 2.356)",0.024306366739999995,2.356
"[2.356, 2.357)",0.0177538164117647,2.357
"[2.357, 2.358)",0.024900111153846154,2.358
"[2.358, 2.359)",0.03616183512121213,2.359
"[2.359, 2.36)",0.021369888923076917,2.36
"[2.36, 2.361)",0.048122099528125,2.361
"[2.361, 2.362)",0.025067063000000004,2.362
"[2.362, 2.363)",0.028256872870967745,2.363
"[2.363, 2.364)",0.017917037032258068,2.364
"[2.364, 2.365)",0.017978473463157892,2.365
"[2.365, 2.366)",0.017853247599999997,2.366
"[2.366, 2.367)",0.014686213124242425,2.367
"[2.367, 2.368)",0.0233283861275,2.368
"[2.368, 2.369)",0.029060969588235296,2.369
"[2.369, 2.37)",0.019743960944444448,2.37
"[2.37, 2.371)",0.01942778617142857,2.371
"[2.371, 2.372)",0.01579076217948718,2.372
"[2.372, 2.373)",0.032792109456249996,2.373
"[2.373, 2.374)",0.016773632627027028,2.374
"[2.374, 2.375)",0.02953693141025641,2.375
"[2.375, 2.376)",0.019298769468085102,2.376
"[2.376, 2.3770000000000002)",0.0366023742972973,2.377
"[2.3770000000000002, 2.378)",0.017685227421388887,2.378
"[2.378, 2.379)",0.04868488208571428,2.379
"[2.379, 2.38)",0.011817869952380954,2.38
"[2.38, 2.3810000000000002)",0.01967116723255814,2.381
"[2.3810000000000002, 2.382)",0.018803231555555553,2.382
"[2.382, 2.383)",0.022416129342857142,2.383
"[2.383, 2.384)",0.013195391310000002,2.384
"[2.384, 2.3850000000000002)",0.04403602162499999,2.385
"[2.3850000000000002, 2.386)",0.015627985271052625,2.386
"[2.386, 2.387)",0.027429670926829273,2.387
"[2.387, 2.388)",0.057433431675,2.388
"[2.388, 2.3890000000000002)",0.056843404033333336,2.389
"[2.3890000000000002, 2.39)",0.049301598025641026,2.39
"[2.39, 2.391)",0.041450554270833335,2.391
"[2.391, 2.392)",0.048819716784782606,2.392
"[2.392, 2.3930000000000002)",0.023129977377777777,2.393
"[2.3930000000000002, 2.394)",0.02081919416666667,2.394
"[2.394, 2.395)",0.04945170639024389,2.395
"[2.395, 2.396)",0.016670979974999993,2.396
"[2.396, 2.3970000000000002)",0.04745544755813954,2.397
"[2.3970000000000002, 2.398)",0.08573899373913045,2.398
"[2.398, 2.399)",0.020321996599999996,2.399
"[2.399, 2.4)",0.04618362206315789,2.4
"[2.4, 2.4010000000000002)",0.00975177542857143,2.401
"[2.4010000000000002, 2.402)",0.030599830536585364,2.402
"[2.402, 2.403)",0.029721068495555558,2.403
"[2.403, 2.404)",0.034676271159999994,2.404
"[2.404, 2.4050000000000002)",0.0339294872826087,2.405
"[2.4050000000000002, 2.406)",0.02613216379411765,2.406
"[2.406, 2.407)",0.03659283316216215,2.407
"[2.407, 2.408)",0.038090529063829794,2.408
"[2.408, 2.4090000000000003)",0.028377628999999994,2.409
"[2.4090000000000003, 2.41)",0.0455309959325,2.41
"[2.41, 2.411)",0.052665146780555554,2.411
"[2.411, 2.412)",0.019705011504761904,2.412
"[2.412, 2.4130000000000003)",0.024131811235294124,2.413
"[2.4130000000000003, 2.414)",0.008874102880000002,2.414
"[2.414, 2.415)",0.015070182647058825,2.415
"[2.415, 2.416)",0.017845088137931037,2.416
"[2.416, 2.4170000000000003)",0.028760677347826082,2.417
"[2.4170000000000003, 2.418)",0.02728922119032258,2.418
"[2.418, 2.419)",0.012402296625000003,2.419
"[2.419, 2.42)",0.01938229345454545,2.42
"[2.42, 2.4210000000000003)",0.03367843822682927,2.421
"[2.4210000000000003, 2.422)",0.028636779222222224,2.422
"[2.422, 2.423)",0.023873119355882357,2.423
"[2.423, 2.424)",0.028957477000000002,2.424
"[2.424, 2.4250000000000003)",0.04258686984615384,2.425
"[2.4250000000000003, 2.426)",0.024629906095238102,2.426
"[2.426, 2.427)",0.027453692432432435,2.427
"[2.427, 2.428)",0.025243335023255816,2.428
"[2.428, 2.4290000000000003)",0.02489508047272726,2.429
"[2.4290000000000003, 2.43)",0.04945143320000001,2.43
"[2.43, 2.431)",0.01710368985882353,2.431
"[2.431, 2.432)",0.02110289,2.432
"[2.432, 2.433)",0.06974145725000001,2.433
"[2.433, 2.434)",0.016336680737500005,2.434
"[2.434, 2.435)",0.015735369391304342,2.435
"[2.435, 2.436)",0.0290264645,2.436
"[2.436, 2.437)",0.022321922533333337,2.437
"[2.437, 2.438)",0.026591096230769225,2.438
"[2.438, 2.439)",0.017873260760000002,2.439
"[2.439, 2.44)",0.030941579,2.44
"[2.44, 2.441)",0.019220762048387102,2.441
"[2.441, 2.442)",0.04414764135969696,2.442
"[2.442, 2.443)",0.023786322790322577,2.443
"[2.443, 2.444)",0.047311123882352944,2.444
"[2.444, 2.445)",0.0207321812,2.445
"[2.445, 2.446)",0.019549724256666665,2.446
"[2.446, 2.447)",0.04288668474285717,2.447
"[2.447, 2.448)",0.04452154379310345,2.448
"[2.448, 2.449)",0.03004361018518518,2.449
"[2.449, 2.45)",0.02830711554285715,2.45
"[2.45, 2.451)",0.04987352695833333,2.451
"[2.451, 2.452)",0.011086259117647062,2.452
"[2.452, 2.453)",0.0197884374375,2.453
"[2.453, 2.454)",0.022636005096774197,2.454
"[2.454, 2.455)",0.016397553565217392,2.455
"[2.455, 2.456)",0.040603695412,2.456
"[2.456, 2.457)",0.06269134444827587,2.457
"[2.457, 2.458)",0.018722808823529412,2.458
"[2.458, 2.459)",0.016873491750000004,2.459
"[2.459, 2.46)",0.012251754287499994,2.46
"[2.46, 2.461)",0.021292418386666668,2.461
"[2.461, 2.462)",0.02048159795333333,2.462
"[2.462, 2.463)",0.009480858325,2.463
"[2.463, 2.464)",0.01911363455555556,2.464
"[2.464, 2.465)",0.01773297951212121,2.465
"[2.465, 2.466)",0.013740558446875006,2.466
"[2.466, 2.467)",0.026353795900000004,2.467
"[2.467, 2.468)",0.009764982722500004,2.468
"[2.468, 2.469)",0.02611590384615384,2.469
"[2.469, 2.47)",0.027409704259259256,2.47
"[2.47, 2.471)",0.026361714928571426,2.471
"[2.471, 2.472)",0.019168363200000007,2.472
"[2.472, 2.473)",0.01674981674193549,2.473
"[2.473, 2.474)",0.026123692689655163,2.474
"[2.474, 2.475)",0.03882795131612903,2.475
"[2.475, 2.476)",0.009576589250000002,2.476
"[2.476, 2.477)",0.02037826031034482,2.477
"[2.477, 2.478)",0.01066587275757576,2.478
"[2.478, 2.479)",0.021817013703703696,2.479
"[2.479, 2.48)",0.03137825963999999,2.48
"[2.48, 2.481)",0.014327090433333333,2.481
"[2.481, 2.482)",0.021171637675862068,2.482
"[2.482, 2.483)",0.014816967325000001,2.483
"[2.483, 2.484)",0.014250814157142858,2.484
"[2.484, 2.485)",0.020190845862857142,2.485
"[2.485, 2.486)",0.020182368350000004,2.486
"[2.486, 2.487)",0.02868072027857143,2.487
"[2.487, 2.488)",0.07162938255555555,2.488
"[2.488, 2.489)",0.015477644286111116,2.489
"[2.489, 2.49)",0.04292360257142858,2.49
"[2.49, 2.491)",0.03371284928484848,2.491
"[2.491, 2.492)",0.04568004505263159,2.492
"[2.492, 2.493)",0.017030168953125004,2.493
"[2.493, 2.494)",0.03974239161290322,2.494
"[2.494, 2.495)",0.012120870684210527,2.495
"[2.495, 2.496)",0.016547831929411765,2.496
"[2.496, 2.497)",0.05862735975454546,2.497
"[2.497, 2.498)",0.029709673133333326,2.498
"[2.498, 2.499)",0.03937441395454545,2.499
"[2.499, 2.5)",0.01776780503703704,2.5
"[2.5, 2.501)",0.02597804887096774,2.501
"[2.501, 2.5020000000000002)",0.05162068300000002,2.502
"[2.5020000000000002, 2.503)",0.03257689952631578,2.503
"[2.503, 2.504)",0.020459966814814816,2.504
"[2.504, 2.505)",0.033608854759999994,2.505
"[2.505, 2.5060000000000002)",0.02329407696296295,2.506
"[2.5060000000000002, 2.507)",0.022786836269230764,2.507
"[2.507, 2.508)",0.014813436275862069,2.508
"[2.508, 2.509)",0.030438987238095246,2.509
"[2.509, 2.5100000000000002)",0.009761126235999997,2.51
"[2.5100000000000002, 2.511)",0.08018388253571428,2.511
"[2.511, 2.512)",0.068652281125,2.512
"[2.512, 2.513)",0.014382417400000005,2.513
"[2.513, 2.5140000000000002)",0.014089116959259265,2.514
"[2.5140000000000002, 2.515)",0.03127044143333333,2.515
"[2.515, 2.516)",0.0288205948,2.516
"[2.516, 2.517)",0.034027293785714285,2.517
"[2.517, 2.5180000000000002)",0.026554473673529404,2.518
"[2.5180000000000002, 2.519)",0.01922102070370371,2.519
"[2.519, 2.52)",0.07000450647222221,2.52
"[2.52, 2.521)",0.031057000124999998,2.521
"[2.521, 2.5220000000000002)",0.030926276619047607,2.522
"[2.5220000000000002, 2.523)",0.04147299075000001,2.523
"[2.523, 2.524)",0.061695217454545495,2.524
"[2.524, 2.525)",0.01711887941666667,2.525
"[2.525, 2.5260000000000002)",0.021567517428571426,2.526
"[2.5260000000000002, 2.527)",0.009247290863636364,2.527
"[2.527, 2.528)",0.015321834416666666,2.528
"[2.528, 2.529)",0.028035023962962966,2.529
"[2.529, 2.5300000000000002)",0.011858486934482758,2.53
"[2.5300000000000002, 2.531)",0.02549388428571428,2.531
"[2.531, 2.532)",0.034257701380952375,2.532
"[2.532, 2.533)",0.011009178423076926,2.533
"[2.533, 2.5340000000000003)",0.018184094988235294,2.534
"[2.5340000000000003, 2.535)",0.009271626275862069,2.535
"[2.535, 2.536)",0.016500033666666667,2.536
"[2.536, 2.537)",0.026302234142857144,2.537
"[2.537, 2.5380000000000003)",0.017586303010526317,2.538
"[2.5380000000000003, 2.539)",0.014611356761904766,2.539
"[2.539, 2.54)",0.014552311833333333,2.54
"[2.54, 2.541)",0.040240304812500016,2.541
"[2.541, 2.5420000000000003)",0.026142846540909093,2.542
"[2.5420000000000003, 2.543)",0.012198707454545455,2.543
"[2.543, 2.544)",0.020028882600000006,2.544
"[2.544, 2.545)",0.011092677518181817,2.545
"[2.545, 2.5460000000000003)",0.013197370999999998,2.546
"[2.5460000000000003, 2.547)",0.02848436781739131,2.547
"[2.547, 2.548)",0.13461706013333333,2.548
"[2.548, 2.549)",0.014669289824137932,2.549
"[2.549, 2.5500000000000003)",0.03746400236842105,2.55
"[2.5500000000000003, 2.551)",0.07768090877419352,2.551
"[2.551, 2.552)",0.024626047037037038,2.552
"[2.552, 2.553)",0.06522388233333334,2.553
"[2.553, 2.5540000000000003)",0.030164515090909085,2.554
"[2.5540000000000003, 2.555)",0.02899442658333333,2.555
"[2.555, 2.556)",0.031112420475999998,2.556
"[2.556, 2.557)",0.031011541913043474,2.557
"[2.557, 2.5580000000000003)",0.01530532661904762,2.558
"[2.5580000000000003, 2.559)",0.01340585870769231,2.559
"[2.559, 2.56)",0.007169056894736843,2.56
"[2.56, 2.561)",0.017525014325,2.561
"[2.561, 2.562)",0.011945192894736839,2.562
"[2.562, 2.563)",0.011027748296296302,2.563
"[2.563, 2.564)",0.020554808639999998,2.564
"[2.564, 2.565)",0.012229569988000004,2.565
"[2.565, 2.566)",0.028527721,2.566
"[2.566, 2.567)",0.010040631458333333,2.567
"[2.567, 2.568)",0.015139182684210524,2.568
"[2.568, 2.569)",0.023112120863636364,2.569
"[2.569, 2.57)",0.013582550960000005,2.57
"[2.57, 2.571)",0.01401400594736842,2.571
"[2.571, 2.572)",0.0120819628765,2.572
"[2.572, 2.573)",0.01064105433333333,2.573
"[2.573, 2.574)",0.05937340360000002,2.574
"[2.574, 2.575)",0.013777939368421054,2.575
"[2.575, 2.576)",0.01733765580952381,2.576
"[2.576, 2.577)",0.027998580888888888,2.577
"[2.577, 2.578)",0.016174588447826085,2.578
"[2.578, 2.579)",0.07543652683333336,2.579
"[2.579, 2.58)",0.017583978937499998,2.58
"[2.58, 2.581)",0.01003208063333333,2.581
"[2.581, 2.582)",0.02184104361904762,2.582
"[2.582, 2.583)",0.022329920125000003,2.583
"[2.583, 2.584)",0.058132051760000004,2.584
"[2.584, 2.585)",0.02645654733333333,2.585
"[2.585, 2.586)",0.03377144625,2.586
"[2.586, 2.587)",0.02175369725,2.587
"[2.587, 2.588)",0.06250406981818181,2.588
"[2.588, 2.589)",0.03438341815,2.589
"[2.589, 2.59)",0.013940206699999999,2.59
"[2.59, 2.591)",0.035135137238095235,2.591
"[2.591, 2.592)",0.07050264808695653,2.592
"[2.592, 2.593)",0.03958902033333333,2.593
"[2.593, 2.594)",0.009863698538461538,2.594
"[2.594, 2.595)",0.019306780052000004,2.595
"[2.595, 2.596)",0.019188400791666668,2.596
"[2.596, 2.597)",0.09022229307058822,2.597
"[2.597, 2.598)",0.03837897993333333,2.598
"[2.598, 2.599)",0.013360027681818182,2.599
"[2.599, 2.6)",0.038372421181818175,2.6
"[2.6, 2.601)",0.057470335799999994,2.601
"[2.601, 2.602)",0.06232442755172413,2.602
"[2.602, 2.603)",0.028134555270588234,2.603
"[2.603, 2.604)",0.03208029040909091,2.604
"[2.604, 2.605)",0.02281043895,2.605
"[2.605, 2.606)",0.01972174700588235,2.606
"[2.606, 2.607)",0.01080447275,2.607
"[2.607, 2.608)",0.03473370968181818,2.608
"[2.608, 2.609)",0.04944041638888888,2.609
"[2.609, 2.61)",0.02638024960714286,2.61
"[2.61, 2.611)",0.05941082757142858,2.611
"[2.611, 2.612)",0.020875220849999997,2.612
"[2.612, 2.613)",0.029454878919999997,2.613
"[2.613, 2.614)",0.1286941163,2.614
"[2.614, 2.615)",0.05447409526129033,2.615
"[2.615, 2.616)",0.08340629708571429,2.616
"[2.616, 2.617)",0.0777390535185185,2.617
"[2.617, 2.618)",0.0227138894,2.618
"[2.618, 2.619)",0.0757920815847619,2.619
"[2.619, 2.62)",0.08159032679166665,2.62
"[2.62, 2.621)",0.05663068182000001,2.621
"[2.621, 2.622)",0.14166231030714285,2.622
"[2.622, 2.623)",0.05254148635937499,2.623
"[2.623, 2.624)",0.029966987739130438,2.624
"[2.624, 2.625)",0.025557873584615386,2.625
"[2.625, 2.626)",0.09413113086956523,2.626
"[2.626, 2.6270000000000002)",0.03088980108333333,2.627
"[2.6270000000000002, 2.628)",0.06177777336842105,2.628
"[2.628, 2.629)",0.022640985799999996,2.629
"[2.629, 2.63)",0.09480526339285715,2.63
"[2.63, 2.6310000000000002)",0.06428174922222223,2.631
"[2.6310000000000002, 2.632)",0.1331535482608696,2.632
"[2.632, 2.633)",0.06646076304,2.633
"[2.633, 2.634)",0.07263839979285713,2.634
"[2.634, 2.6350000000000002)",0.11624170048148148,2.635
"[2.6350000000000002, 2.636)",0.12859031995833334,2.636
"[2.636, 2.637)",0.04780812957826087,2.637
"[2.637, 2.638)",0.124544925776,2.638
"[2.638, 2.6390000000000002)",0.03033326051851852,2.639
"[2.6390000000000002, 2.64)",0.10927239728571429,2.64
"[2.64, 2.641)",0.041498096,2.641
"[2.641, 2.642)",0.036549936285714284,2.642
"[2.642, 2.6430000000000002)",0.04810372757142857,2.643
"[2.6430000000000002, 2.644)",0.0873916395625,2.644
"[2.644, 2.645)",0.06377399543846154,2.645
"[2.645, 2.646)",0.012046259666666668,2.646
"[2.646, 2.6470000000000002)",0.1038478949419355,2.647
"[2.6470000000000002, 2.648)",0.06156990119354839,2.648
"[2.648, 2.649)",0.0369657626875,2.649
"[2.649, 2.65)",0.08707229244444445,2.65
"[2.65, 2.6510000000000002)",0.04276633472727272,2.651
"[2.6510000000000002, 2.652)",0.01304138717647059,2.652
"[2.652, 2.653)",0.014962473263157895,2.653
"[2.653, 2.654)",0.03781363728571429,2.654
"[2.654, 2.6550000000000002)",0.03253061819565218,2.655
"[2.6550000000000002, 2.656)",0.10512291244666666,2.656
"[2.656, 2.657)",0.0290096278,2.657
"[2.657, 2.658)",0.02659458082380952,2.658
"[2.658, 2.6590000000000003)",0.024671583529411765,2.659
"[2.6590000000000003, 2.66)",0.0635795593,2.66
"[2.66, 2.661)",0.016597260423076927,2.661
"[2.661, 2.662)",0.017850353687499997,2.662
"[2.662, 2.6630000000000003)",0.0223337337,2.663
"[2.6630000000000003, 2.664)",0.07318193983333333,2.664
"[2.664, 2.665)",0.021749772166666667,2.665
"[2.665, 2.666)",0.026158630888888892,2.666
"[2.666, 2.6670000000000003)",0.013530584450000003,2.667
"[2.6670000000000003, 2.668)",0.007707245915384616,2.668
"[2.668, 2.669)",0.013534113863636366,2.669
"[2.669, 2.67)",0.015694910666666666,2.67
"[2.67, 2.6710000000000003)",0.040370160089999996,2.671
"[2.6710000000000003, 2.672)",0.021491106,2.672
"[2.672, 2.673)",0.05644911266470587,2.673
"[2.673, 2.674)",0.04287574733333332,2.674
"[2.674, 2.6750000000000003)",0.027945893909090913,2.675
"[2.6750000000000003, 2.676)",0.015910614928571428,2.676
"[2.676, 2.677)",0.019957332545454544,2.677
"[2.677, 2.678)",0.028209116440000005,2.678
"[2.678, 2.6790000000000003)",0.12119411989473686,2.679
"[2.6790000000000003, 2.68)",0.00985961425,2.68
"[2.68, 2.681)",0.04386371486666666,2.681
"[2.681, 2.682)",0.02222171939130435,2.682
"[2.682, 2.6830000000000003)",0.085563297875,2.683
"[2.6830000000000003, 2.684)",0.011208880499999999,2.684
"[2.684, 2.685)",0.029736142347826088,2.685
"[2.685, 2.686)",0.004668251333333333,2.686
"[2.686, 2.6870000000000003)",0.014247107107142856,2.687
"[2.6870000000000003, 2.688)",0.026986375789473688,2.688
"[2.688, 2.689)",0.011209466642857142,2.689
"[2.689, 2.69)",0.01182627821428571,2.69
"[2.69, 2.691)",0.0227714286,2.691
"[2.691, 2.692)",0.02414621529411765,2.692
"[2.692, 2.693)",0.04038951363157895,2.693
"[2.693, 2.694)",0.023649609538461538,2.694
"[2.694, 2.695)",0.030224984421052627,2.695
"[2.695, 2.696)",0.04385123316666666,2.696
"[2.696, 2.697)",0.019215531499999997,2.697
"[2.697, 2.698)",0.03249573149999999,2.698
"[2.698, 2.699)",0.019976458176470594,2.699
"[2.699, 2.7)",0.04862866858333333,2.7
"[2.7, 2.701)",0.013674733687500003,2.701
"[2.701, 2.702)",0.011835729166666668,2.702
"[2.702, 2.703)",0.026301959826086962,2.703
"[2.703, 2.704)",0.060274535150000016,2.704
"[2.704, 2.705)",0.0179731892,2.705
"[2.705, 2.706)",0.026535349500000006,2.706
"[2.706, 2.707)",0.016967027176470587,2.707
"[2.707, 2.708)",0.037228399209090914,2.708
"[2.708, 2.709)",0.03803702193333334,2.709
"[2.709, 2.71)",0.05313352405555556,2.71
"[2.71, 2.711)",0.04481684703999999,2.711
"[2.711, 2.712)",0.04459365809899999,2.712
"[2.712, 2.713)",0.009711195173913043,2.713
"[2.713, 2.714)",0.04714404931818181,2.714
"[2.714, 2.715)",0.013283366555555556,2.715
"[2.715, 2.716)",0.02611759249411765,2.716
"[2.716, 2.717)",0.04361930893749999,2.717
"[2.717, 2.718)",0.028758986360000006,2.718
"[2.718, 2.719)",0.021361511927777785,2.719
"[2.719, 2.72)",0.03855078228333333,2.72
"[2.72, 2.721)",0.017207227692307696,2.721
"[2.721, 2.722)",0.03130979153333333,2.722
"[2.722, 2.723)",0.023578750238095244,2.723
"[2.723, 2.724)",0.018324621277777776,2.724
"[2.724, 2.725)",0.02503974511764706,2.725
"[2.725, 2.726)",0.0831606987368421,2.726
"[2.726, 2.727)",0.067267818,2.727
"[2.727, 2.728)",0.040957084388888884,2.728
"[2.728, 2.729)",0.07552291372222224,2.729
"[2.729, 2.73)",0.01702876745,2.73
"[2.73, 2.731)",0.034264335800000004,2.731
"[2.731, 2.732)",0.05369360176923077,2.732
"[2.732, 2.733)",0.0212531289,2.733
"[2.733, 2.734)",0.02804717942307692,2.734
"[2.734, 2.735)",0.025987417345454553,2.735
"[2.735, 2.736)",0.049105140115384624,2.736
"[2.736, 2.737)",0.09753919908518517,2.737
"[2.737, 2.738)",0.06339615150000001,2.738
"[2.738, 2.739)",0.018610362363636362,2.739
"[2.739, 2.74)",0.028035450262068957,2.74
"[2.74, 2.741)",0.08610876153846155,2.741
"[2.741, 2.742)",0.05319213837037037,2.742
"[2.742, 2.743)",0.04025852892000001,2.743
"[2.743, 2.744)",0.13040775477777777,2.744
"[2.744, 2.745)",0.026881415688461537,2.745
"[2.745, 2.746)",0.026426811793103452,2.746
"[2.746, 2.747)",0.07028218274999999,2.747
"[2.747, 2.748)",0.03604356229411765,2.748
"[2.748, 2.749)",0.036869395959999995,2.749
"[2.749, 2.75)",0.07494846803703704,2.75
"[2.75, 2.751)",0.01506670453846154,2.751
"[2.751, 2.7520000000000002)",0.03214301514814815,2.752
"[2.7520000000000002, 2.753)",0.038762903704,2.753
"[2.753, 2.754)",0.10481510023076925,2.754
"[2.754, 2.755)",0.04007602221052632,2.755
"[2.755, 2.7560000000000002)",0.0729316988888889,2.756
"[2.7560000000000002, 2.757)",0.10847300456249999,2.757
"[2.757, 2.758)",0.07914446758636363,2.758
"[2.758, 2.759)",0.05548937750000001,2.759
"[2.759, 2.7600000000000002)",0.049798254,2.76
"[2.7600000000000002, 2.761)",0.02285617328181818,2.761
"[2.761, 2.762)",0.08536666823809524,2.762
"[2.762, 2.763)",0.039764795704,2.763
"[2.763, 2.7640000000000002)",0.017802830258333333,2.764
"[2.7640000000000002, 2.765)",0.06716182336842107,2.765
"[2.765, 2.766)",0.07535466594594596,2.766
"[2.766, 2.767)",0.1848820937647059,2.767
"[2.767, 2.7680000000000002)",0.02619143097894737,2.768
"[2.7680000000000002, 2.769)",0.0911522980952381,2.769
"[2.769, 2.77)",0.02811550833333333,2.77
"[2.77, 2.771)",0.06390041361538462,2.771
"[2.771, 2.7720000000000002)",0.030274399444444447,2.772
"[2.7720000000000002, 2.773)",0.025802004210526315,2.773
"[2.773, 2.774)",0.020181914214285716,2.774
"[2.774, 2.775)",0.033776892071428574,2.775
"[2.775, 2.7760000000000002)",0.022273112041,2.776
"[2.7760000000000002, 2.777)",0.010122815799999999,2.777
"[2.777, 2.778)",0.008396193375,2.778
"[2.778, 2.779)",0.048006775166666654,2.779
"[2.779, 2.7800000000000002)",0.05554826089999999,2.78
"[2.7800000000000002, 2.781)",0.01399731094117647,2.781
"[2.781, 2.782)",0.022481686176470592,2.782
"[2.782, 2.783)",0.02010554594736842,2.783
"[2.783, 2.7840000000000003)",0.02517498022307692,2.784
"[2.7840000000000003, 2.785)",0.016691928213333332,2.785
"[2.785, 2.786)",0.013099620200000002,2.786
"[2.786, 2.787)",0.010779427333333333,2.787
"[2.787, 2.7880000000000003)",0.012161356555555555,2.788
"[2.7880000000000003, 2.789)",0.019406992005555554,2.789
"[2.789, 2.79)",0.008244273214285716,2.79
"[2.79, 2.791)",0.024771056371428568,2.791
"[2.791, 2.7920000000000003)",0.03812128426666666,2.792
"[2.7920000000000003, 2.793)",0.04816545106666667,2.793
"[2.793, 2.794)",0.017943535,2.794
"[2.794, 2.795)",0.056823157545454535,2.795
"[2.795, 2.7960000000000003)",0.047671509333333334,2.796
"[2.7960000000000003, 2.797)",0.008454882,2.797
"[2.797, 2.798)",0.03029104270588235,2.798
"[2.798, 2.799)",0.021734902294117647,2.799
"[2.799, 2.8000000000000003)",0.1528691707923077,2.8
"[2.8000000000000003, 2.801)",0.054376867399999994,2.801
"[2.801, 2.802)",0.016971970833333332,2.802
"[2.802, 2.803)",0.033023391975,2.803
"[2.803, 2.8040000000000003)",0.061645228909090924,2.804
"[2.8040000000000003, 2.805)",0.009834053538461536,2.805
"[2.805, 2.806)",0.00912232023076923,2.806
"[2.806, 2.807)",0.011466649999999998,2.807
"[2.807, 2.8080000000000003)",0.028845299040000005,2.808
"[2.8080000000000003, 2.809)",0.020904241562500002,2.809
"[2.809, 2.81)",0.007779421176470589,2.81
"[2.81, 2.811)",0.006786315375,2.811
"[2.811, 2.8120000000000003)",0.014864205538461543,2.812
"[2.8120000000000003, 2.813)",0.029486076199999992,2.813
"[2.813, 2.814)",0.00931712176923077,2.814
"[2.814, 2.815)",0.017163435500000004,2.815
"[2.815, 2.816)",0.04669251914615385,2.816
"[2.816, 2.817)",0.022259505937500004,2.817
"[2.817, 2.818)",0.0229997820625,2.818
"[2.818, 2.819)",0.017383909222222223,2.819
"[2.819, 2.82)",0.06536778215000001,2.82
"[2.82, 2.821)",0.020049152,2.821
"[2.821, 2.822)",0.09601420640000004,2.822
"[2.822, 2.823)",0.013113496666666665,2.823
"[2.823, 2.824)",0.06000789252941178,2.824
"[2.824, 2.825)",0.049549884999999995,2.825
"[2.825, 2.826)",0.015915082733333332,2.826
"[2.826, 2.827)",0.08240828739047619,2.827
"[2.827, 2.828)",0.056362903611111105,2.828
"[2.828, 2.829)",0.007463340833333333,2.829
"[2.829, 2.83)",0.024798537818181823,2.83
"[2.83, 2.831)",0.021961329363636366,2.831
"[2.831, 2.832)",0.027976161876470593,2.832
"[2.832, 2.833)",0.11043184122333331,2.833
"[2.833, 2.834)",0.020467267249999997,2.834
"[2.834, 2.835)",0.025967018285714287,2.835
"[2.835, 2.836)",0.010954373846153848,2.836
"[2.836, 2.837)",0.06228690176923076,2.837
"[2.837, 2.838)",0.02153624036363636,2.838
"[2.838, 2.839)",0.027244375214285715,2.839
"[2.839, 2.84)",0.0374759795,2.84
"[2.84, 2.841)",0.11569428799999999,2.841
"[2.841, 2.842)",0.037425834708333335,2.842
"[2.842, 2.843)",0.042390956375,2.843
"[2.843, 2.844)",0.012317083900000001,2.844
"[2.844, 2.845)",0.08439873847058824,2.845
"[2.845, 2.846)",0.0158539571,2.846
"[2.846, 2.847)",0.03330595666666667,2.847
"[2.847, 2.848)",0.030065447034000003,2.848
"[2.848, 2.849)",0.03567359263076923,2.849
"[2.849, 2.85)",0.041692209416666674,2.85
"[2.85, 2.851)",0.0236012935,2.851
"[2.851, 2.852)",0.012480389875,2.852
"[2.852, 2.853)",0.0105473938,2.853
"[2.853, 2.854)",0.024462729461538466,2.854
"[2.854, 2.855)",0.02910218488888889,2.855
"[2.855, 2.856)",0.029668112000000003,2.856
"[2.856, 2.857)",0.05455936524999999,2.857
"[2.857, 2.858)",0.010103230873333332,2.858
"[2.858, 2.859)",0.03019094857142857,2.859
"[2.859, 2.86)",0.018402218900000007,2.86
"[2.86, 2.861)",0.020464145066666665,2.861
"[2.861, 2.862)",0.07738140888888889,2.862
"[2.862, 2.863)",0.010168908125,2.863
"[2.863, 2.864)",0.049414800999999994,2.864
"[2.864, 2.865)",0.019804647330769233,2.865
"[2.865, 2.866)",0.04327550706666665,2.866
"[2.866, 2.867)",0.03684803159999999,2.867
"[2.867, 2.868)",0.019487455000000004,2.868
"[2.868, 2.869)",0.012489201,2.869
"[2.869, 2.87)",0.059094541300000004,2.87
"[2.87, 2.871)",0.020014333714285713,2.871
"[2.871, 2.872)",0.016574033476923076,2.872
"[2.872, 2.873)",0.014746355142857142,2.873
"[2.873, 2.874)",0.03658290402307693,2.874
"[2.874, 2.875)",0.039757132466666664,2.875
"[2.875, 2.876)",0.027632716857142862,2.876
"[2.876, 2.8770000000000002)",0.09064433573333333,2.877
"[2.8770000000000002, 2.878)",0.0086363968,2.878
"[2.878, 2.879)",0.09646456,2.879
"[2.879, 2.88)",0.0414795091,2.88
"[2.88, 2.8810000000000002)",0.01465327010909091,2.881
"[2.8810000000000002, 2.882)",0.06199923883333334,2.882
"[2.882, 2.883)",0.071115848,2.883
"[2.883, 2.884)",0.0456116075125,2.884
"[2.884, 2.8850000000000002)",0.005530293142857142,2.885
"[2.8850000000000002, 2.886)",0.037074327,2.886
"[2.886, 2.887)",0.04443009366666667,2.887
"[2.887, 2.888)",0.05380178941666667,2.888
"[2.888, 2.8890000000000002)",0.023185483785714278,2.889
"[2.8890000000000002, 2.89)",0.02771570330769231,2.89
"[2.89, 2.891)",0.09440768333333334,2.891
"[2.891, 2.892)",0.052002141642857144,2.892
"[2.892, 2.8930000000000002)",0.04640195663636364,2.893
"[2.8930000000000002, 2.894)",0.05930573991666666,2.894
"[2.894, 2.895)",0.0113587525,2.895
"[2.895, 2.896)",0.01457479430769231,2.896
"[2.896, 2.8970000000000002)",0.009383898825454547,2.897
"[2.8970000000000002, 2.898)",0.05774433346153847,2.898
"[2.898, 2.899)",0.013886810000000003,2.899
"[2.899, 2.9)",0.026705555818181823,2.9
"[2.9, 2.9010000000000002)",0.011431219850000002,2.901
"[2.9010000000000002, 2.902)",0.013615382428571429,2.902
"[2.902, 2.903)",0.045693022727272735,2.903
"[2.903, 2.904)",0.024319742270588234,2.904
"[2.904, 2.9050000000000002)",0.04194396300000001,2.905
"[2.9050000000000002, 2.906)",0.06410435453846154,2.906
"[2.906, 2.907)",0.07104076407692307,2.907
"[2.907, 2.908)",0.00895547,2.908
"[2.908, 2.9090000000000003)",0.015031788,2.909
"[2.9090000000000003, 2.91)",0.0138617813,2.91
"[2.91, 2.911)",0.016847881333333332,2.911
"[2.911, 2.912)",0.009692320375,2.912
"[2.912, 2.9130000000000003)",0.010165205,2.913
"[2.9130000000000003, 2.914)",0.03427425893000001,2.914
"[2.914, 2.915)",0.030228772199999997,2.915
"[2.915, 2.916)",0.011590906583333331,2.916
"[2.916, 2.9170000000000003)",0.021996071529411767,2.917
"[2.9170000000000003, 2.918)",0.02002034363636364,2.918
"[2.918, 2.919)",0.024415931181818177,2.919
"[2.919, 2.92)",0.04776410662500001,2.92
"[2.92, 2.9210000000000003)",0.004319446625,2.921
"[2.9210000000000003, 2.922)",0.034193961484615384,2.922
"[2.922, 2.923)",0.025502961875,2.923
"[2.923, 2.924)",0.043044008823529406,2.924
"[2.924, 2.9250000000000003)",0.01203427911,2.925
"[2.9250000000000003, 2.926)",0.02377001906666667,2.926
"[2.926, 2.927)",0.01493794,2.927
"[2.927, 2.928)",0.01266164008235294,2.928
"[2.928, 2.9290000000000003)",0.0940994392142857,2.929
"[2.9290000000000003, 2.93)",0.016889626574999997,2.93
"[2.93, 2.931)",0.023083271029999998,2.931
"[2.931, 2.932)",0.012381760266666668,2.932
"[2.932, 2.9330000000000003)",0.051566305714285714,2.933
"[2.9330000000000003, 2.934)",0.0029361990100000004,2.934
"[2.934, 2.935)",0.04349311509090909,2.935
"[2.935, 2.936)",0.01794155,2.936
"[2.936, 2.9370000000000003)",0.060850495299999995,2.937
"[2.9370000000000003, 2.938)",0.02034446588888889,2.938
"[2.938, 2.939)",0.014233450990000002,2.939
"[2.939, 2.94)",0.12211358550000005,2.94
"[2.94, 2.9410000000000003)",0.07151125847692308,2.941
"[2.9410000000000003, 2.942)",0.04709768918333333,2.942
"[2.942, 2.943)",0.0487930153,2.943
"[2.943, 2.944)",0.06344912833333333,2.944
"[2.944, 2.945)",0.10405934858823529,2.945
"[2.945, 2.946)",0.11873321506842102,2.946
"[2.946, 2.947)",0.010040855874999996,2.947
"[2.947, 2.948)",0.046608820833333335,2.948
"[2.948, 2.949)",0.029666251605882352,2.949
"[2.949, 2.95)",0.050619373333333335,2.95
"[2.95, 2.951)",0.022307924083333333,2.951
"[2.951, 2.952)",0.01257391045,2.952
"[2.952, 2.953)",0.07788639392307693,2.953
"[2.953, 2.954)",0.008778412642857144,2.954
"[2.954, 2.955)",0.035246441315789474,2.955
"[2.955, 2.956)",0.028081955375,2.956
"[2.956, 2.957)",0.06264313928571429,2.957
"[2.957, 2.958)",0.041515411545454545,2.958
"[2.958, 2.959)",0.021394467166666667,2.959
"[2.959, 2.96)",0.02530317383333333,2.96
"[2.96, 2.961)",0.00600292,2.961
"[2.961, 2.962)",0.005022906999999999,2.962
"[2.962, 2.963)",0.018752810749999998,2.963
"[2.963, 2.964)",0.01489035943,2.964
"[2.964, 2.965)",0.04022521844444444,2.965
"[2.965, 2.966)",0.0104683545,2.966
"[2.966, 2.967)",0.02571248716666667,2.967
"[2.967, 2.968)",0.02205829603083333,2.968
"[2.968, 2.969)",0.010696009955555554,2.969
"[2.969, 2.97)",0.028763985500000002,2.97
"[2.97, 2.971)",0.010879603312142857,2.971
"[2.971, 2.972)",0.02193277481818182,2.972
"[2.972, 2.973)",0.10334514441666666,2.973
"[2.973, 2.974)",0.008672472888888888,2.974
"[2.974, 2.975)",0.007522492083333333,2.975
"[2.975, 2.976)",0.043320973420000006,2.976
"[2.976, 2.977)",0.014655419309999997,2.977
"[2.977, 2.978)",0.010568360333333332,2.978
"[2.978, 2.979)",0.009651869545454545,2.979
"[2.979, 2.98)",0.009227292100000001,2.98
"[2.98, 2.981)",0.027194322775,2.981
"[2.981, 2.982)",0.004471055200000001,2.982
"[2.982, 2.983)",0.0062896808571428564,2.983
"[2.983, 2.984)",0.029698854818181818,2.984
"[2.984, 2.985)",0.0059207127000000005,2.985
"[2.985, 2.986)",0.0017814157500000002,2.986
"[2.986, 2.987)",0.01658007845454546,2.987
"[2.987, 2.988)",0.029272273,2.988
"[2.988, 2.989)",0.0136162448,2.989
"[2.989, 2.99)",0.008224933666666667,2.99
"[2.99, 2.991)",0.016704902857142857,2.991
"[2.991, 2.992)",0.0057299631999999994,2.992
"[2.992, 2.993)",0.010545352866666668,2.993
"[2.993, 2.994)",0.020835626666666666,2.994
"[2.994, 2.995)",0.012913129363636361,2.995
"[2.995, 2.996)",0.06116512333333333,2.996
"[2.996, 2.997)",0.03027934575,2.997
"[2.997, 2.998)",0.030731787142857146,2.998
"[2.998, 2.999)",0.014186952499999999,2.999
"[2.999, 3.0)",0.12056109858333335,3.0
"[3.0, 3.001)",0.069366204,3.001
"[3.001, 3.0020000000000002)",0.010514138999999999,3.002
"[3.0020000000000002, 3.003)",0.03489139333333333,3.003
"[3.003, 3.004)",0.023040804999999998,3.004
"[3.004, 3.005)",0.11925144818181818,3.005
"[3.005, 3.0060000000000002)",0.0554103477875,3.006
"[3.0060000000000002, 3.007)",0.13386335104444444,3.007
"[3.007, 3.008)",0.10831048916666668,3.008
"[3.008, 3.009)",0.008203259999999999,3.009
"[3.009, 3.0100000000000002)",0.03184654575,3.01
"[3.0100000000000002, 3.011)",0.012478834333333334,3.011
"[3.011, 3.012)",0.034728731062500004,3.012
"[3.012, 3.013)",0.0042702725,3.013
"[3.013, 3.0140000000000002)",0.0113961406,3.014
"[3.0140000000000002, 3.015)",0.016519111299999997,3.015
"[3.015, 3.016)",0.014356636142857144,3.016
"[3.016, 3.017)",0.11681457399999999,3.017
"[3.017, 3.0180000000000002)",0.01651021,3.018
"[3.0180000000000002, 3.019)",0.03327066185714286,3.019
"[3.019, 3.02)",0.016190246999999998,3.02
"[3.02, 3.021)",0.018142875615384614,3.021
"[3.021, 3.0220000000000002)",0.03363198691666667,3.022
"[3.0220000000000002, 3.023)",0.10857498400000001,3.023
"[3.023, 3.024)",0.06618020733333334,3.024
"[3.024, 3.025)",0.042706760999999996,3.025
"[3.025, 3.0260000000000002)",0.011914615499999998,3.026
"[3.0260000000000002, 3.027)",0.07110554111111111,3.027
"[3.027, 3.028)",0.05416975615384616,3.028
"[3.028, 3.029)",0.034136834666666664,3.029
"[3.029, 3.0300000000000002)",0.0570439912,3.03
"[3.0300000000000002, 3.031)",0.024122640181818176,3.031
"[3.031, 3.032)",0.042704117875,3.032
"[3.032, 3.033)",0.020987077259999997,3.033
"[3.033, 3.0340000000000003)",0.02345349383333333,3.034
"[3.0340000000000003, 3.035)",0.013783775111111111,3.035
"[3.035, 3.036)",0.0227447288875,3.036
"[3.036, 3.037)",0.0457407623,3.037
"[3.037, 3.0380000000000003)",0.022842008589999997,3.038
"[3.0380000000000003, 3.039)",0.0103327484,3.039
"[3.039, 3.04)",0.007998918111111112,3.04
"[3.04, 3.041)",0.013310337875000001,3.041
"[3.041, 3.0420000000000003)",0.016995017299999998,3.042
"[3.0420000000000003, 3.043)",0.042288044777777783,3.043
"[3.043, 3.044)",0.035906239166666666,3.044
"[3.044, 3.045)",0.04078466915384616,3.045
"[3.045, 3.0460000000000003)",0.02803816787142857,3.046
"[3.0460000000000003, 3.047)",0.03880923716666667,3.047
"[3.047, 3.048)",0.0108674624,3.048
"[3.048, 3.049)",0.035676384285714284,3.049
"[3.049, 3.0500000000000003)",0.040282654545454544,3.05
"[3.0500000000000003, 3.051)",0.08132237533333335,3.051
"[3.051, 3.052)",0.05156940538461538,3.052
"[3.052, 3.053)",0.0542235373,3.053
"[3.053, 3.0540000000000003)",0.10113805663636363,3.054
"[3.0540000000000003, 3.055)",0.03231143588235294,3.055
"[3.055, 3.056)",0.05057948093333333,3.056
"[3.056, 3.057)",0.05273089029411765,3.057
"[3.057, 3.0580000000000003)",0.06773875144827586,3.058
"[3.0580000000000003, 3.059)",0.1325484393,3.059
"[3.059, 3.06)",0.13957494999999998,3.06
"[3.06, 3.061)",0.06873386061538461,3.061
"[3.061, 3.0620000000000003)",0.08400820958823528,3.062
"[3.0620000000000003, 3.063)",0.15247764666666663,3.063
"[3.063, 3.064)",0.085183476875,3.064
"[3.064, 3.065)",0.08677930340500001,3.065
"[3.065, 3.0660000000000003)",0.20086692625,3.066
"[3.0660000000000003, 3.067)",0.10219522476190476,3.067
"[3.067, 3.068)",0.08975871313571428,3.068
"[3.068, 3.069)",0.12200885869230768,3.069
"[3.069, 3.0700000000000003)",0.07567565614285712,3.07
"[3.0700000000000003, 3.071)",0.046276974866666674,3.071
"[3.071, 3.072)",0.10761494470588236,3.072
"[3.072, 3.073)",0.129729375,3.073
"[3.073, 3.074)",0.1381396395625,3.074
"[3.074, 3.075)",0.04992415013043478,3.075
"[3.075, 3.076)",0.18184395486666668,3.076
"[3.076, 3.077)",0.08043170738888888,3.077
"[3.077, 3.078)",0.07767597239130435,3.078
"[3.078, 3.079)",0.020551565454545454,3.079
"[3.079, 3.08)",0.07126445405882353,3.08
"[3.08, 3.081)",0.14323844541666667,3.081
"[3.081, 3.082)",0.106877555,3.082
"[3.082, 3.083)",0.030271843299999997,3.083
"[3.083, 3.084)",0.09953241734375,3.084
"[3.084, 3.085)",0.12755496077777778,3.085
"[3.085, 3.086)",0.029043019230769233,3.086
"[3.086, 3.087)",0.05221650076470588,3.087
"[3.087, 3.088)",0.01624185392307692,3.088
"[3.088, 3.089)",0.0249795555,3.089
"[3.089, 3.09)",0.03402707754545455,3.09
"[3.09, 3.091)",0.02143901632941177,3.091
"[3.091, 3.092)",0.024680366666666665,3.092
"[3.092, 3.093)",0.009184283333333333,3.093
"[3.093, 3.094)",0.017898708444444442,3.094
"[3.094, 3.095)",0.020200865000000002,3.095
"[3.095, 3.096)",0.058826399999999994,3.096
"[3.096, 3.097)",0.040322035099999994,3.097
"[3.097, 3.098)",0.013602874857142858,3.098
"[3.098, 3.099)",0.023101349255555556,3.099
"[3.099, 3.1)",0.00860381,3.1
"[3.1, 3.101)",0.09064116883333333,3.101
"[3.101, 3.102)",0.016990934124999996,3.102
"[3.102, 3.103)",0.013442336222222222,3.103
"[3.103, 3.104)",0.03453329215833333,3.104
"[3.104, 3.105)",0.005700531444444444,3.105
"[3.105, 3.106)",0.0275180895,3.106
"[3.106, 3.107)",0.01275427355,3.107
"[3.107, 3.108)",0.00914427325,3.108
"[3.108, 3.109)",0.017472739499999997,3.109
"[3.109, 3.11)",0.020207032166666666,3.11
"[3.11, 3.111)",0.0113139245625,3.111
"[3.111, 3.112)",0.02147984011111111,3.112
"[3.112, 3.113)",0.011753561000000001,3.113
"[3.113, 3.114)",0.11406514499999999,3.114
"[3.114, 3.115)",0.016774613833333334,3.115
"[3.115, 3.116)",0.0169280195,3.116
"[3.116, 3.117)",0.00769792725,3.117
"[3.117, 3.118)",0.017171739000000002,3.118
"[3.118, 3.119)",0.018151880000000002,3.119
"[3.119, 3.12)",0.0183980613,3.12
"[3.12, 3.121)",0.07846166299090908,3.121
"[3.121, 3.122)",0.027924587571428572,3.122
"[3.122, 3.123)",0.01223545988888889,3.123
"[3.123, 3.124)",0.06206009455555555,3.124
"[3.124, 3.125)",0.006035912700000001,3.125
"[3.125, 3.126)",0.047839634416666665,3.126
"[3.126, 3.1270000000000002)",0.0254153325,3.127
"[3.1270000000000002, 3.128)",0.023241332857142857,3.128
"[3.128, 3.129)",0.011932503799999997,3.129
"[3.129, 3.13)",0.018815373000000003,3.13
"[3.13, 3.1310000000000002)",0.025770300272727274,3.131
"[3.1310000000000002, 3.132)",0.061368914,3.132
"[3.132, 3.133)",0.12872698051,3.133
"[3.133, 3.134)",0.03749804833333333,3.134
"[3.134, 3.1350000000000002)",0.01241180657142857,3.135
"[3.1350000000000002, 3.136)",0.044264742166666676,3.136
"[3.136, 3.137)",0.01411156575,3.137
"[3.137, 3.138)",0.0362947313,3.138
"[3.138, 3.1390000000000002)",0.006504442500000001,3.139
"[3.1390000000000002, 3.14)",0.01915058,3.14
"[3.14, 3.141)",0.01477691775,3.141
"[3.141, 3.142)",0.13088076037500002,3.142
"[3.142, 3.1430000000000002)",0.017588086600000004,3.143
"[3.1430000000000002, 3.144)",0.0130788895,3.144
"[3.144, 3.145)",0.01658758876923077,3.145
"[3.145, 3.146)",0.014437763499999997,3.146
"[3.146, 3.1470000000000002)",0.021622037533333336,3.147
"[3.1470000000000002, 3.148)",0.018653796999999996,3.148
"[3.148, 3.149)",0.012628104222222223,3.149
"[3.149, 3.15)",0.009760597285714285,3.15
"[3.15, 3.1510000000000002)",0.0163958995625,3.151
"[3.1510000000000002, 3.152)",0.02376508588,3.152
"[3.152, 3.153)",0.10139083833333333,3.153
"[3.153, 3.154)",0.0309453881,3.154
"[3.154, 3.1550000000000002)",0.0066594440000000005,3.155
"[3.1550000000000002, 3.156)",0.045091561625,3.156
"[3.156, 3.157)",0.01734052142857143,3.157
"[3.157, 3.158)",0.042634435,3.158
"[3.158, 3.1590000000000003)",0.01017851244285714,3.159
"[3.1590000000000003, 3.16)",0.011695322499999999,3.16
"[3.16, 3.161)",0.00705997611111111,3.161
"[3.161, 3.162)",0.0291350275,3.162
"[3.162, 3.1630000000000003)",0.023850587272727274,3.163
"[3.1630000000000003, 3.164)",0.06376680333333334,3.164
"[3.164, 3.165)",0.0024507056333333333,3.165
"[3.165, 3.166)",0.023548324299999996,3.166
"[3.166, 3.1670000000000003)",0.027301018999999992,3.167
"[3.1670000000000003, 3.168)",0.07031028333333332,3.168
"[3.168, 3.169)",0.011544110444444445,3.169
"[3.169, 3.17)",0.009135922272727273,3.17
"[3.17, 3.1710000000000003)",0.0222961816,3.171
"[3.1710000000000003, 3.172)",0.009493780714285716,3.172
"[3.172, 3.173)",0.016308668064285714,3.173
"[3.173, 3.174)",0.011118512875,3.174
"[3.174, 3.1750000000000003)",0.04713355042857143,3.175
"[3.1750000000000003, 3.176)",0.024680247,3.176
"[3.176, 3.177)",0.006524146624999999,3.177
"[3.177, 3.178)",0.013046914666666666,3.178
"[3.178, 3.1790000000000003)",0.07071343093124999,3.179
"[3.1790000000000003, 3.18)",0.04227427657142857,3.18
"[3.18, 3.181)",0.020543141181818183,3.181
"[3.181, 3.182)",0.007820333285714286,3.182
"[3.182, 3.1830000000000003)",0.023758894571428574,3.183
"[3.1830000000000003, 3.184)",0.03724781404444444,3.184
"[3.184, 3.185)",0.014842788333333334,3.185
"[3.185, 3.186)",0.008426121372727273,3.186
"[3.186, 3.1870000000000003)",0.016752051674999997,3.187
"[3.1870000000000003, 3.188)",0.019267517666666668,3.188
"[3.188, 3.189)",0.10760128383333335,3.189
"[3.189, 3.19)",0.020572957766666664,3.19
"[3.19, 3.1910000000000003)",0.0367283520909091,3.191
"[3.1910000000000003, 3.192)",0.03486790555555556,3.192
"[3.192, 3.193)",0.0108677398,3.193
"[3.193, 3.194)",0.036481931999999995,3.194
"[3.194, 3.1950000000000003)",0.005853355374999999,3.195
"[3.1950000000000003, 3.196)",0.03840339285714286,3.196
"[3.196, 3.197)",0.00754985,3.197
"[3.197, 3.198)",0.03283712375,3.198
"[3.198, 3.1990000000000003)",0.059366262,3.199
"[3.1990000000000003, 3.2)",0.011605139857142857,3.2
"[3.2, 3.201)",0.018165316666666664,3.201
"[3.201, 3.202)",0.01925599211111111,3.202
"[3.202, 3.203)",0.07341851383333334,3.203
"[3.203, 3.204)",0.022497864,3.204
"[3.204, 3.205)",0.07896222659999999,3.205
"[3.205, 3.206)",0.0894309,3.206
"[3.206, 3.207)",0.02965534777777777,3.207
"[3.207, 3.208)",0.014053630333333332,3.208
"[3.208, 3.209)",0.012473783333333334,3.209
"[3.209, 3.21)",0.022661006166666664,3.21
"[3.21, 3.211)",0.011414498399999999,3.211
"[3.211, 3.212)",0.07353884000000001,3.212
"[3.212, 3.213)",0.04974146858333334,3.213
"[3.213, 3.214)",0.0660129395,3.214
"[3.214, 3.215)",0.007506275,3.215
"[3.215, 3.216)",0.05042396110909091,3.216
"[3.216, 3.217)",0.06904736957222223,3.217
"[3.217, 3.218)",0.04812107460000001,3.218
"[3.218, 3.219)",0.024916377875,3.219
"[3.219, 3.22)",0.016464820428571426,3.22
"[3.22, 3.221)",0.006659082875,3.221
"[3.221, 3.222)",0.02062437766666667,3.222
"[3.222, 3.223)",0.014096848571428571,3.223
"[3.223, 3.224)",0.053245256666666664,3.224
"[3.224, 3.225)",0.00864902,3.225
"[3.225, 3.226)",0.07652478352307691,3.226
"[3.226, 3.227)",0.0564751213,3.227
"[3.227, 3.228)",0.02200161375,3.228
"[3.228, 3.229)",0.019131683333333333,3.229
"[3.229, 3.23)",0.07825676499999998,3.23
"[3.23, 3.231)",0.024621108888888892,3.231
"[3.231, 3.232)",0.03451096666666666,3.232
"[3.232, 3.233)",0.11098699141999999,3.233
"[3.233, 3.234)",0.015711538571428568,3.234
"[3.234, 3.235)",0.06036955059999999,3.235
"[3.235, 3.236)",0.0157856665,3.236
"[3.236, 3.237)",0.016942725714285713,3.237
"[3.237, 3.238)",0.07070134433333333,3.238
"[3.238, 3.239)",0.007249997657142857,3.239
"[3.239, 3.24)",0.004980886200000001,3.24
"[3.24, 3.241)",0.0316259706,3.241
"[3.241, 3.242)",0.02140898575,3.242
"[3.242, 3.243)",0.1485981777777778,3.243
"[3.243, 3.244)",0.012109827666666665,3.244
"[3.244, 3.245)",0.025095772299999996,3.245
"[3.245, 3.246)",0.033905057,3.246
"[3.246, 3.247)",0.054660721999999995,3.247
"[3.247, 3.248)",0.036627520000000004,3.248
"[3.248, 3.249)",0.019365501666666667,3.249
"[3.249, 3.25)",0.16454672266666667,3.25
"[3.25, 3.251)",0.02281945,3.251
"[3.251, 3.2520000000000002)",0.05907891999999999,3.252
"[3.2520000000000002, 3.253)",0.016593865571428574,3.253
"[3.253, 3.254)",0.005471051857142857,3.254
"[3.254, 3.255)",0.019575685375,3.255
"[3.255, 3.2560000000000002)",0.12379705325,3.256
"[3.2560000000000002, 3.257)",0.0049803516,3.257
"[3.257, 3.258)",0.0064870366,3.258
"[3.258, 3.259)",0.00858452625,3.259
"[3.259, 3.2600000000000002)",0.0219252135,3.26
"[3.2600000000000002, 3.261)",0.017028942875,3.261
"[3.261, 3.262)",0.01216416075,3.262
"[3.262, 3.263)",0.014760460932727272,3.263
"[3.263, 3.2640000000000002)",0.0134502,3.264
"[3.2640000000000002, 3.265)",0.06171405666666666,3.265
"[3.265, 3.266)",0.010673595749999999,3.266
"[3.266, 3.267)",0.01068579375,3.267
"[3.267, 3.2680000000000002)",0.074777866,3.268
"[3.2680000000000002, 3.269)",0.030217209999999998,3.269
"[3.269, 3.27)",0.0055653426,3.27
"[3.27, 3.271)",0.01574478825,3.271
"[3.271, 3.2720000000000002)",0.0008829076666666668,3.272
"[3.2720000000000002, 3.273)",0.017701537,3.273
"[3.273, 3.274)",0.09563556666666667,3.274
"[3.274, 3.275)",0.016553255,3.275
"[3.275, 3.2760000000000002)",0.011017896,3.276
"[3.2760000000000002, 3.277)",0.005349115,3.277
"[3.277, 3.278)",0.00407287,3.278
"[3.278, 3.279)",0.03912037227272727,3.279
"[3.279, 3.2800000000000002)",0.01932429125,3.28
"[3.2800000000000002, 3.281)",0.015344916,3.281
"[3.281, 3.282)",0.020355047666666664,3.282
"[3.282, 3.283)",0.04123170375,3.283
"[3.283, 3.2840000000000003)",0.017434656,3.284
"[3.2840000000000003, 3.285)",0.023922545,3.285
"[3.285, 3.286)",0.04672094433333333,3.286
"[3.286, 3.287)",0.041038859999999996,3.287
"[3.287, 3.2880000000000003)",0.03808572,3.288
"[3.2880000000000003, 3.289)",0.0020125765,3.289
"[3.289, 3.29)",0.012243086900000002,3.29
"[3.29, 3.291)",0.005925819999999999,3.291
"[3.291, 3.2920000000000003)",0.008584866,3.292
"[3.2920000000000003, 3.293)",0.012680018333333334,3.293
"[3.293, 3.294)",0.003917795066666666,3.294
"[3.294, 3.295)",0.1278902,3.295
"[3.295, 3.2960000000000003)",0.011168952,3.296
"[3.2960000000000003, 3.297)",0.0145245575,3.297
"[3.297, 3.298)",0.00468675,3.298
"[3.298, 3.299)",0.02509532,3.299
"[3.299, 3.3000000000000003)",0.0058983675000000005,3.3
"[3.3000000000000003, 3.301)",0.05435008166666666,3.301
"[3.301, 3.302)",0.025514146666666668,3.302
"[3.302, 3.303)",0.031224812,3.303
"[3.303, 3.3040000000000003)",0.017723524,3.304
"[3.3040000000000003, 3.305)",0.047543511775,3.305
"[3.305, 3.306)",0.00276907,3.306
"[3.306, 3.307)",0.009799626666666665,3.307
"[3.307, 3.3080000000000003)",0.017459648333333334,3.308
"[3.3080000000000003, 3.309)",0.11646010833333333,3.309
"[3.309, 3.31)",0.024306005,3.31
"[3.31, 3.311)",0.015096433333333334,3.311
"[3.311, 3.3120000000000003)",0.04448926166666667,3.312
"[3.3120000000000003, 3.313)",0.006351608428571427,3.313
"[3.313, 3.314)",0.017849025,3.314
"[3.314, 3.315)",0.03348801333333334,3.315
"[3.315, 3.3160000000000003)",0.015261944999999999,3.316
"[3.3160000000000003, 3.317)",0.02951236,3.317
"[3.317, 3.318)",0.023227480499999998,3.318
"[3.318, 3.319)",0.007741248250000001,3.319
"[3.319, 3.3200000000000003)",0.019610153333333335,3.32
"[3.3200000000000003, 3.321)",0.009168,3.321
"[3.321, 3.322)",0.00421297,3.322
"[3.322, 3.323)",0.02733865875,3.323
"[3.323, 3.3240000000000003)",0.07069046749999999,3.324
"[3.3240000000000003, 3.325)",0.35971166666666665,3.325
"[3.325, 3.326)",0.076814876,3.326
"[3.326, 3.327)",0.01048417175,3.327
"[3.327, 3.3280000000000003)",0.0357909665,3.328
"[3.3280000000000003, 3.329)",0.0090266928,3.329
"[3.329, 3.33)",0.024235598833333333,3.33
"[3.33, 3.331)",0.019619411666666666,3.331
"[3.331, 3.332)",0.0239501845,3.332
"[3.332, 3.333)",0.08388275099999999,3.333
"[3.333, 3.334)",0.0017611715000000001,3.334
"[3.334, 3.335)",0.005291422666666667,3.335
"[3.335, 3.336)",0.02256687888888889,3.336
"[3.336, 3.337)",0.23323527766666663,3.337
"[3.337, 3.338)",0.0311777,3.338
"[3.338, 3.339)",0.02212253642222222,3.339
"[3.339, 3.34)",0.05253910575,3.34
"[3.34, 3.341)",0.0016981398333333333,3.341
"[3.341, 3.342)",0.0486345075,3.342
"[3.342, 3.343)",0.009582383333333333,3.343
"[3.343, 3.344)",0.0010343095,3.344
"[3.344, 3.345)",0.019022889999999997,3.345
"[3.345, 3.346)",0.028652755,3.346
"[3.346, 3.347)",0.00289010075,3.347
"[3.347, 3.348)",0.0075260146,3.348
"[3.348, 3.349)",0.03623545500000001,3.349
"[3.349, 3.35)",0.010179306666666667,3.35
"[3.35, 3.351)",0.010520603333333335,3.351
"[3.351, 3.352)",0.008114375,3.352
"[3.352, 3.353)",0.0035239189999999995,3.353
"[3.353, 3.354)",0.05787337325,3.354
"[3.354, 3.355)",0.005542735,3.355
"[3.355, 3.356)",0.01,3.356
"[3.356, 3.357)",0.0107949,3.357
"[3.357, 3.358)",0.030997759999999996,3.358
"[3.358, 3.359)",0.023371776666666667,3.359
"[3.359, 3.36)",0.027318086599999996,3.36
"[3.36, 3.361)",0.0210838525,3.361
"[3.361, 3.362)",0.008547096666666667,3.362
"[3.362, 3.363)",0.0145376,3.363
"[3.363, 3.364)",0.0012523753333333334,3.364
"[3.364, 3.365)",0.0007807197500000001,3.365
"[3.366, 3.367)",0.0184937305,3.366
"[3.367, 3.368)",0.004413266557142857,3.367
"[3.368, 3.369)",0.00602069225,3.368
"[3.369, 3.37)",0.045598586499999996,3.369
"[3.37, 3.371)",0.02533100075,3.37
"[3.371, 3.372)",0.0015828507499999998,3.371
"[3.372, 3.373)",0.055622507999999994,3.372
"[3.373, 3.374)",0.024874315,3.373
"[3.374, 3.375)",0.03449978661666667,3.374
"[3.376, 3.3770000000000002)",0.0735052,3.375
"[3.3770000000000002, 3.378)",0.03126273844,3.376
"[3.378, 3.379)",0.047666352499999995,3.377
"[3.379, 3.38)",0.00522069,3.378
"[3.38, 3.3810000000000002)",0.00458610325,3.379
"[3.3810000000000002, 3.382)",0.00322859575,3.38
"[3.382, 3.383)",0.074396005,3.381
"[3.383, 3.384)",0.00126243,3.382
"[3.384, 3.3850000000000002)",0.04144830091666666,3.383
"[3.3850000000000002, 3.386)",0.0274788546,3.384
"[3.386, 3.387)",0.012189674,3.385
"[3.387, 3.388)",0.020549828599999997,3.386
"[3.388, 3.3890000000000002)",0.009354275,3.387
"[3.3890000000000002, 3.39)",0.03460772375,3.388
"[3.39, 3.391)",0.03913316,3.389
"[3.391, 3.392)",0.0072150586,3.39
"[3.392, 3.3930000000000002)",0.005739427666666667,3.391
"[3.3930000000000002, 3.394)",0.04722871,3.392
"[3.394, 3.395)",0.009860417166666665,3.393
"[3.395, 3.396)",0.009769385,3.394
"[3.396, 3.3970000000000002)",0.006717793333333333,3.395
"[3.3970000000000002, 3.398)",0.0553347,3.396
"[3.398, 3.399)",0.05865847,3.397
"[3.399, 3.4)",0.029395825,3.398
"[3.4, 3.4010000000000002)",0.017141160000000003,3.399
"[3.4010000000000002, 3.402)",0.232558,3.4
"[3.402, 3.403)",0.06655847493333333,3.401
"[3.403, 3.404)",0.0164713,3.402
"[3.404, 3.4050000000000002)",0.0342174665,3.403
"[3.4050000000000002, 3.406)",0.0035511400000000004,3.404
"[3.406, 3.407)",0.028626244333333332,3.405
"[3.407, 3.408)",0.0145602,3.406
"[3.408, 3.4090000000000003)",0.0603114,3.407
"[3.4090000000000003, 3.41)",0.153238,3.408
"[3.41, 3.411)",0.06283172000000001,3.409
"[3.411, 3.412)",0.0036325665,3.41
"[3.412, 3.4130000000000003)",0.010053393333333334,3.411
"[3.4130000000000003, 3.414)",0.01668786575,3.412
"[3.414, 3.415)",0.008669822000000002,3.413
"[3.415, 3.416)",0.026439373333333335,3.414
"[3.416, 3.4170000000000003)",0.0140056,3.415
"[3.4170000000000003, 3.418)",0.00637628,3.416
"[3.418, 3.419)",0.0036731976666666663,3.417
"[3.419, 3.42)",0.00937609,3.418
"[3.42, 3.4210000000000003)",0.00911575,3.419
"[3.4210000000000003, 3.422)",0.011263366666666668,3.42
"[3.422, 3.423)",0.01531249366666667,3.421
"[3.423, 3.424)",0.005986446666666667,3.422
"[3.424, 3.4250000000000003)",0.00370674785,3.423
"[3.4250000000000003, 3.426)",0.01094116,3.424
"[3.426, 3.427)",0.0071610071428571415,3.425
"[3.427, 3.428)",0.017359662166666668,3.426
"[3.428, 3.4290000000000003)",0.028177465999999995,3.427
"[3.4290000000000003, 3.43)",0.00270595325,3.428
"[3.43, 3.431)",0.00439975,3.429
"[3.431, 3.432)",0.02942365333333333,3.43
"[3.432, 3.4330000000000003)",0.016168106075,3.431
"[3.4330000000000003, 3.434)",0.013925833333333333,3.432
"[3.434, 3.435)",0.029846792500000004,3.433
"[3.435, 3.436)",0.0093722215,3.434
"[3.4370000000000003, 3.438)",0.0164366,3.435
"[3.438, 3.439)",0.0118519875,3.436
"[3.439, 3.44)",0.026786519999999998,3.437
"[3.44, 3.4410000000000003)",0.05490740666666666,3.438
"[3.4410000000000003, 3.442)",0.0075223,3.439
"[3.442, 3.443)",0.027724201,3.44
"[3.444, 3.4450000000000003)",0.044495,3.441
"[3.4450000000000003, 3.446)",0.022031549333333334,3.442
"[3.446, 3.447)",0.009379743833333332,3.443
"[3.447, 3.448)",0.03640975825,3.444
"[3.448, 3.4490000000000003)",0.003916796666666667,3.445
"[3.4490000000000003, 3.45)",0.014672774333333333,3.446
"[3.45, 3.451)",0.06722395666666665,3.447
"[3.451, 3.452)",0.0233119306,3.448
"[3.452, 3.4530000000000003)",0.021648936666666663,3.449
"[3.4530000000000003, 3.454)",0.0669509,3.45
"[3.454, 3.455)",0.0095217025,3.451
"[3.455, 3.456)",0.011806524333333334,3.452
"[3.456, 3.457)",0.010118044999999999,3.453
"[3.458, 3.459)",0.023183794,3.454
"[3.459, 3.46)",0.030592291075,3.455
"[3.46, 3.461)",0.011732190000000002,3.456
"[3.461, 3.462)",0.17694418,3.457
"[3.462, 3.463)",0.0491967,3.458
"[3.463, 3.464)",0.023620354333333333,3.459
"[3.464, 3.465)",0.021891514333333334,3.46
"[3.465, 3.466)",0.24503682,3.461
"[3.466, 3.467)",0.04569429,3.462
"[3.467, 3.468)",0.04231679,3.463
"[3.468, 3.469)",0.255931,3.464
"[3.469, 3.47)",0.002320483333333333,3.465
"[3.47, 3.471)",0.0035347399999999998,3.466
"[3.471, 3.472)",0.0526253,3.467
"[3.472, 3.473)",0.01862507,3.468
"[3.473, 3.474)",0.016128280000000002,3.469
"[3.474, 3.475)",0.00627022415,3.47
"[3.475, 3.476)",0.03006013,3.471
"[3.476, 3.477)",0.029294849999999997,3.472
"[3.477, 3.478)",0.015308215,3.473
"[3.478, 3.479)",0.000540833,3.474
"[3.479, 3.48)",0.00170164,3.475
"[3.48, 3.481)",0.006395283333333334,3.476
"[3.481, 3.482)",0.0280781,3.477
"[3.482, 3.483)",0.020024757499999997,3.478
"[3.483, 3.484)",0.00232558,3.479
"[3.484, 3.485)",0.005863633333333333,3.48
"[3.486, 3.487)",0.05646936375,3.481
"[3.487, 3.488)",0.0397557,3.482
"[3.488, 3.489)",0.036168240549999994,3.483
"[3.489, 3.49)",0.019148456666666668,3.484
"[3.49, 3.491)",0.0263032,3.485
"[3.491, 3.492)",0.019856139999999998,3.486
"[3.492, 3.493)",0.040921799999999994,3.487
"[3.493, 3.494)",0.00503446,3.488
"[3.494, 3.495)",0.0012510479999999998,3.489
"[3.495, 3.496)",0.02165895,3.49
"[3.496, 3.497)",0.118308,3.491
"[3.497, 3.498)",0.039832099999999995,3.492
"[3.498, 3.499)",0.0375707375,3.493
"[3.499, 3.5)",0.0934991,3.494
"[3.5, 3.501)",0.021133426,3.495
"[3.501, 3.5020000000000002)",0.376118,3.496
"[3.5020000000000002, 3.503)",0.00616004,3.497
"[3.503, 3.504)",0.02316238,3.498
"[3.504, 3.505)",0.0369418,3.499
"[3.505, 3.5060000000000002)",0.0600014165,3.5
"[3.5060000000000002, 3.507)",0.009487983857142857,3.501
"[3.508, 3.509)",0.01377361,3.502
"[3.509, 3.5100000000000002)",0.2421815,3.503
"[3.5100000000000002, 3.511)",0.0075443674999999995,3.504
"[3.511, 3.512)",0.0170378,3.505
"[3.512, 3.513)",0.001238222,3.506
"[3.5140000000000002, 3.515)",0.016306533249999998,3.507
"[3.515, 3.516)",0.030324067666666666,3.508
"[3.516, 3.517)",0.0170543,3.509
"[3.517, 3.5180000000000002)",0.018858886,3.51
"[3.5180000000000002, 3.519)",0.0044647386666666665,3.511
"[3.519, 3.52)",0.0734105,3.512
"[3.52, 3.521)",0.005075568333333333,3.513
"[3.521, 3.5220000000000002)",0.059021300000000006,3.514
"[3.5220000000000002, 3.523)",0.0254379,3.515
"[3.523, 3.524)",0.009041730999999999,3.516
"[3.524, 3.525)",0.0117244,3.517
"[3.525, 3.5260000000000002)",0.009057641499999998,3.518
"[3.5260000000000002, 3.527)",0.019730333250000003,3.519
"[3.527, 3.528)",0.016665310807777778,3.52
"[3.528, 3.529)",0.00298151,3.521
"[3.529, 3.5300000000000002)",2.38882e-6,3.522
"[3.5300000000000002, 3.531)",0.00983103,3.523
"[3.531, 3.532)",0.038599,3.524
"[3.532, 3.533)",0.007393906859999999,3.525
"[3.533, 3.5340000000000003)",0.005336186666666667,3.526
"[3.5340000000000003, 3.535)",0.01917400825,3.527
"[3.535, 3.536)",0.0022765635,3.528
"[3.536, 3.537)",0.00110742,3.529
"[3.537, 3.5380000000000003)",0.00598007,3.53
"[3.5380000000000003, 3.539)",0.013913496000000001,3.531
"[3.539, 3.54)",0.10718556099999998,3.532
"[3.54, 3.541)",0.0038365,3.533
"[3.541, 3.5420000000000003)",0.04276152400000001,3.534
"[3.5420000000000003, 3.543)",0.06130216,3.535
"[3.543, 3.544)",0.027304533333333336,3.536
"[3.544, 3.545)",0.11949415,3.537
"[3.545, 3.5460000000000003)",0.000295652,3.538
"[3.5460000000000003, 3.547)",0.00110742,3.539
"[3.547, 3.548)",0.04942022,3.54
"[3.549, 3.5500000000000003)",0.006743311000000001,3.541
"[3.5500000000000003, 3.551)",0.10124595433333332,3.542
"[3.551, 3.552)",0.014822773333333332,3.543
"[3.552, 3.553)",0.037421685,3.544
"[3.553, 3.5540000000000003)",0.11695650499999999,3.545
"[3.5540000000000003, 3.555)",0.003671725,3.546
"[3.555, 3.556)",0.0747221,3.547
"[3.556, 3.557)",0.00880716075,3.548
"[3.557, 3.5580000000000003)",0.0231038165,3.549
"[3.5580000000000003, 3.559)",0.25364545,3.55
"[3.559, 3.56)",1.82399e-5,3.551
"[3.56, 3.561)",0.00788991325,3.552
"[3.561, 3.5620000000000003)",0.00466418,3.553
"[3.5620000000000003, 3.563)",0.0112290246,3.554
"[3.563, 3.564)",0.00731707,3.555
"[3.564, 3.565)",0.0139196984,3.556
"[3.565, 3.5660000000000003)",0.08798157666666666,3.557
"[3.5660000000000003, 3.567)",0.0139896,3.558
"[3.568, 3.569)",0.014189132799999999,3.559
"[3.569, 3.5700000000000003)",0.009367485,3.56
"[3.5700000000000003, 3.571)",0.0036644015,3.561
"[3.572, 3.573)",0.024785835000000003,3.562
"[3.573, 3.5740000000000003)",0.017269094999999998,3.563
"[3.5740000000000003, 3.575)",0.0038376582499999997,3.564
"[3.575, 3.576)",0.03111143333333333,3.565
"[3.576, 3.577)",0.0013741695,3.566
"[3.577, 3.5780000000000003)",0.0699469345,3.567
"[3.5780000000000003, 3.579)",0.015899797200000003,3.568
"[3.579, 3.58)",0.0121618,3.569
"[3.58, 3.581)",0.00436910575,3.57
"[3.581, 3.5820000000000003)",0.037312533333333335,3.571
"[3.5820000000000003, 3.583)",0.01991196,3.572
"[3.583, 3.584)",0.007156422,3.573
"[3.584, 3.585)",0.0012502315,3.574
"[3.585, 3.586)",0.0065336165,3.575
"[3.586, 3.587)",0.03119519,3.576
"[3.587, 3.588)",0.0183715125,3.577
"[3.588, 3.589)",0.00110742,3.578
"[3.589, 3.59)",0.010867114399999999,3.579
"[3.59, 3.591)",0.007948076,3.58
"[3.591, 3.592)",0.00460598,3.581
"[3.592, 3.593)",0.011474136666666667,3.582
"[3.593, 3.594)",0.00900901,3.583
"[3.594, 3.595)",0.00870269,3.584
"[3.595, 3.596)",0.021160993333333336,3.585
"[3.596, 3.597)",0.015053168600000003,3.586
"[3.597, 3.598)",0.02184449266666667,3.587
"[3.598, 3.599)",0.045976311,3.588
"[3.599, 3.6)",0.017631118,3.589
"[3.6, 3.601)",0.01799139,3.59
"[3.601, 3.602)",0.00128109,3.591
"[3.602, 3.603)",0.01446,3.592
"[3.603, 3.604)",0.011240277666666668,3.593
"[3.604, 3.605)",0.03929791,3.594
"[3.606, 3.607)",0.00395844,3.595
"[3.607, 3.608)",0.009533033333333335,3.596
"[3.608, 3.609)",0.005811939999999999,3.597
"[3.609, 3.61)",0.00725456,3.598
"[3.61, 3.611)",0.006184380000000001,3.599
"[3.611, 3.612)",0.006195369,3.6
"[3.612, 3.613)",0.0027203274200000003,3.601
"[3.613, 3.614)",0.00666395,3.602
"[3.614, 3.615)",0.008229344,3.603
"[3.615, 3.616)",0.0275689,3.604
"[3.616, 3.617)",0.00965777975,3.605
"[3.617, 3.618)",0.0232621765,3.606
"[3.618, 3.619)",0.0112821868,3.607
"[3.619, 3.62)",0.00845338,3.608
"[3.62, 3.621)",0.003165634999999999,3.609
"[3.621, 3.622)",0.071063,3.61
"[3.622, 3.623)",0.00610501,3.611
"[3.623, 3.624)",0.017382375,3.612
"[3.624, 3.625)",0.038318354799999996,3.613
"[3.625, 3.626)",0.00661151,3.614
"[3.626, 3.6270000000000002)",0.0082847328,3.615
"[3.6270000000000002, 3.628)",0.0243314965,3.616
"[3.628, 3.629)",0.021239915749999998,3.617
"[3.629, 3.63)",0.008328361000000001,3.618
"[3.63, 3.6310000000000002)",0.00174485058,3.619
"[3.6310000000000002, 3.632)",0.021304072,3.62
"[3.632, 3.633)",0.005541249999999999,3.621
"[3.633, 3.634)",0.003742684333333333,3.622
"[3.6350000000000002, 3.636)",0.12792518575,3.623
"[3.636, 3.637)",0.00201361,3.624
"[3.637, 3.638)",0.06223725,3.625
"[3.638, 3.6390000000000002)",0.00765384,3.626
"[3.6390000000000002, 3.64)",0.0089441,3.627
"[3.64, 3.641)",0.00215474,3.628
"[3.641, 3.642)",0.0027170815000000003,3.629
"[3.642, 3.6430000000000002)",0.029954144333333335,3.63
"[3.6430000000000002, 3.644)",0.0324354,3.631
"[3.644, 3.645)",0.0456305,3.632
"[3.645, 3.646)",0.03359363325,3.633
"[3.646, 3.6470000000000002)",0.0145937,3.634
"[3.6470000000000002, 3.648)",0.010515060000000001,3.635
"[3.648, 3.649)",0.012327699999999999,3.636
"[3.649, 3.65)",0.006230195,3.637
"[3.65, 3.6510000000000002)",0.02163797,3.638
"[3.6510000000000002, 3.652)",0.0292177665,3.639
"[3.654, 3.6550000000000002)",0.0201791,3.64
"[3.6550000000000002, 3.656)",0.00802334,3.641
"[3.656, 3.657)",0.0112694,3.642
"[3.657, 3.658)",0.0182698,3.643
"[3.658, 3.6590000000000003)",0.00685279,3.644
"[3.6590000000000003, 3.66)",0.017104646666666667,3.645
"[3.66, 3.661)",0.00170164,3.646
"[3.661, 3.662)",0.0050114825,3.647
"[3.662, 3.6630000000000003)",0.00212573,3.648
"[3.6630000000000003, 3.664)",0.0177624,3.649
"[3.664, 3.665)",0.0014006962666666667,3.65
"[3.665, 3.666)",0.00731707,3.651
"[3.666, 3.6670000000000003)",0.008340324999999999,3.652
"[3.6670000000000003, 3.668)",0.004509355,3.653
"[3.668, 3.669)",0.00863335,3.654
"[3.669, 3.67)",0.10678381099999999,3.655
"[3.67, 3.6710000000000003)",0.09437073333333333,3.656
"[3.6710000000000003, 3.672)",0.010458192500000001,3.657
"[3.672, 3.673)",0.0292495,3.658
"[3.673, 3.674)",0.008642898500000001,3.659
"[3.674, 3.6750000000000003)",0.009030297,3.66
"[3.6750000000000003, 3.676)",0.07015041649999999,3.661
"[3.676, 3.677)",0.0873724165,3.662
"[3.677, 3.678)",0.0017460212,3.663
"[3.678, 3.6790000000000003)",0.00298151,3.664
"[3.6790000000000003, 3.68)",0.046555280000000004,3.665
"[3.68, 3.681)",0.021845299999999998,3.666
"[3.681, 3.682)",0.03946777,3.667
"[3.682, 3.6830000000000003)",0.000540833,3.668
"[3.6830000000000003, 3.684)",0.053556809999999996,3.669
"[3.684, 3.685)",0.0206821266,3.67
"[3.685, 3.686)",0.0027254633333333327,3.671
"[3.686, 3.6870000000000003)",0.0665119726,3.672
"[3.6870000000000003, 3.688)",0.007817610000000001,3.673
"[3.688, 3.689)",0.0555979,3.674
"[3.689, 3.69)",0.015496440749999998,3.675
"[3.69, 3.6910000000000003)",0.0674176,3.676
"[3.6910000000000003, 3.692)",0.13434184999999998,3.677
"[3.692, 3.693)",0.013339485,3.678
"[3.693, 3.694)",0.0035054065,3.679
"[3.694, 3.6950000000000003)",0.045089,3.68
"[3.6950000000000003, 3.696)",0.05439443000000001,3.681
"[3.696, 3.697)",0.000540833,3.682
"[3.697, 3.698)",0.0332640226,3.683
"[3.698, 3.6990000000000003)",0.019586406,3.684
"[3.6990000000000003, 3.7)",0.03980927,3.685
"[3.7, 3.701)",0.006544351666666667,3.686
"[3.701, 3.702)",0.006673437999999999,3.687
"[3.702, 3.7030000000000003)",0.010974690525,3.688
"[3.7030000000000003, 3.704)",0.00575632288,3.689
"[3.704, 3.705)",0.018186083999999998,3.69
"[3.705, 3.706)",0.018453975,3.691
"[3.706, 3.7070000000000003)",0.00628494825,3.692
"[3.7070000000000003, 3.708)",0.007500793199999999,3.693
"[3.708, 3.709)",0.009662218666666667,3.694
"[3.709, 3.71)",0.038258505,3.695
"[3.71, 3.7110000000000003)",0.06537821922222223,3.696
"[3.7110000000000003, 3.712)",0.0833207225,3.697
"[3.712, 3.713)",0.02470343371428571,3.698
"[3.713, 3.714)",0.01901301328571428,3.699
"[3.714, 3.715)",0.0224762932,3.7
"[3.715, 3.716)",0.0503203,3.701
"[3.716, 3.717)",0.009000925,3.702
"[3.717, 3.718)",0.0184615,3.703
"[3.718, 3.719)",0.005805490999999999,3.704
"[3.719, 3.72)",0.008856627866666666,3.705
"[3.72, 3.721)",0.054492179,3.706
"[3.721, 3.722)",0.0021051685,3.707
"[3.722, 3.723)",0.0017025033333333336,3.708
"[3.723, 3.724)",0.025212856500000002,3.709
"[3.724, 3.725)",0.05574152000000001,3.71
"[3.725, 3.726)",0.0227259,3.711
"[3.726, 3.727)",0.046371,3.712
"[3.727, 3.728)",0.00646969,3.713
"[3.728, 3.729)",0.266109925,3.714
"[3.729, 3.73)",0.010750765999999998,3.715
"[3.73, 3.731)",0.00814072,3.716
"[3.731, 3.732)",0.005118104333333333,3.717
"[3.732, 3.733)",0.003935585,3.718
"[3.733, 3.734)",0.02824562,3.719
"[3.734, 3.735)",0.033280310475000005,3.72
"[3.735, 3.736)",0.015187318249999998,3.721
"[3.736, 3.737)",0.040551390500000006,3.722
"[3.737, 3.738)",0.010458611,3.723
"[3.738, 3.739)",0.05919315,3.724
"[3.739, 3.74)",0.0028400870000000003,3.725
"[3.74, 3.741)",0.06577309766666667,3.726
"[3.741, 3.742)",0.00126984,3.727
"[3.742, 3.743)",0.0014631665,3.728
"[3.743, 3.744)",0.016990360000000003,3.729
"[3.745, 3.746)",0.013567037499999999,3.73
"[3.746, 3.747)",0.029157805000000002,3.731
"[3.747, 3.748)",0.011941496666666667,3.732
"[3.748, 3.749)",0.04692628,3.733
"[3.749, 3.75)",0.012182067,3.734
"[3.751, 3.7520000000000002)",0.0119292,3.735
"[3.7520000000000002, 3.753)",0.022523876666666665,3.736
"[3.754, 3.755)",0.04159576166666667,3.737
"[3.7560000000000002, 3.757)",0.008754966500000001,3.738
"[3.757, 3.758)",0.00836164,3.739
"[3.758, 3.759)",0.00653753,3.74
"[3.759, 3.7600000000000002)",1.0,3.741
"[3.7600000000000002, 3.761)",0.0002912759,3.742
"[3.762, 3.763)",0.009862045,3.743
"[3.763, 3.7640000000000002)",0.013685916666666667,3.744
"[3.7640000000000002, 3.765)",0.01094578,3.745
"[3.765, 3.766)",0.0195583,3.746
"[3.766, 3.767)",0.000566893,3.747
"[3.767, 3.7680000000000002)",0.0126817665,3.748
"[3.7680000000000002, 3.769)",0.0420486,3.749
"[3.769, 3.77)",0.03219483333333333,3.75
"[3.77, 3.771)",0.0140231412,3.751
"[3.7720000000000002, 3.773)",0.011661443333333334,3.752
"[3.774, 3.775)",0.0578200775,3.753
"[3.775, 3.7760000000000002)",0.024378388333333334,3.754
"[3.7760000000000002, 3.777)",0.005526293333333334,3.755
"[3.777, 3.778)",0.004606395,3.756
"[3.778, 3.779)",0.00780142,3.757
"[3.779, 3.7800000000000002)",0.00423269,3.758
"[3.7800000000000002, 3.781)",0.177734,3.759
"[3.781, 3.782)",0.00666395,3.76
"[3.782, 3.783)",0.01144647,3.761
"[3.783, 3.7840000000000003)",0.03179593333333333,3.762
"[3.7840000000000003, 3.785)",0.0136452,3.763
"[3.785, 3.786)",0.036802499999999995,3.764
"[3.786, 3.787)",0.153736,3.765
"[3.787, 3.7880000000000003)",0.018513250000000002,3.766
"[3.7880000000000003, 3.789)",0.0170543,3.767
"[3.789, 3.79)",0.011586331,3.768
"[3.7920000000000003, 3.793)",0.000792184,3.769
"[3.793, 3.794)",0.00379902,3.77
"[3.794, 3.795)",0.0634080175,3.771
"[3.7960000000000003, 3.797)",0.000345132,3.772
"[3.797, 3.798)",0.0111073,3.773
"[3.798, 3.799)",0.003260332333333333,3.774
"[3.799, 3.8000000000000003)",0.0109815,3.775
"[3.8000000000000003, 3.801)",0.00672103,3.776
"[3.801, 3.802)",0.048282552500000006,3.777
"[3.802, 3.803)",0.07290735920000001,3.778
"[3.803, 3.8040000000000003)",0.11060983325000001,3.779
"[3.8040000000000003, 3.805)",0.0017611715000000001,3.78
"[3.805, 3.806)",0.0068460299999999995,3.781
"[3.806, 3.807)",0.00665188,3.782
"[3.807, 3.8080000000000003)",0.00469602,3.783
"[3.8080000000000003, 3.809)",0.008272194,3.784
"[3.809, 3.81)",0.008900021000000001,3.785
"[3.81, 3.811)",0.0397889135,3.786
"[3.811, 3.8120000000000003)",0.0801583,3.787
"[3.8120000000000003, 3.813)",0.01549978,3.788
"[3.813, 3.814)",0.012568,3.789
"[3.814, 3.815)",0.00598007,3.79
"[3.817, 3.818)",0.009758,3.791
"[3.818, 3.819)",0.00328396,3.792
"[3.8200000000000003, 3.821)",0.0571148,3.793
"[3.821, 3.822)",0.0060948999999999995,3.794
"[3.822, 3.823)",0.000540833,3.795
"[3.8240000000000003, 3.825)",0.0799674,3.796
"[3.825, 3.826)",0.00105213,3.797
"[3.826, 3.827)",0.06044,3.798
"[3.827, 3.8280000000000003)",0.178052,3.799
"[3.8280000000000003, 3.829)",0.018662526999999998,3.8
"[3.829, 3.83)",0.0392508,3.801
"[3.83, 3.831)",0.017549195,3.802
"[3.831, 3.8320000000000003)",0.02285100766666667,3.803
"[3.8320000000000003, 3.833)",0.047343170000000004,3.804
"[3.833, 3.834)",0.009546375333333334,3.805
"[3.834, 3.835)",0.0194864,3.806
"[3.835, 3.8360000000000003)",0.0075188,3.807
"[3.8360000000000003, 3.837)",1.82399e-5,3.808
"[3.837, 3.838)",0.0329229,3.809
"[3.838, 3.839)",0.0040769075,3.81
"[3.84, 3.841)",0.0319421,3.811
"[3.841, 3.842)",0.0009044423333333333,3.812
"[3.842, 3.843)",0.00818684,3.813
"[3.843, 3.844)",0.0406504,3.814
"[3.844, 3.845)",0.0072632849999999995,3.815
"[3.845, 3.846)",0.00516796,3.816
"[3.847, 3.848)",0.010088093333333333,3.817
"[3.848, 3.849)",0.05890408433333333,3.818
"[3.849, 3.85)",0.229444185,3.819
"[3.85, 3.851)",0.00450694,3.82
"[3.851, 3.852)",0.0329229,3.821
"[3.852, 3.853)",0.00800874,3.822
"[3.856, 3.857)",0.0047619,3.823
"[3.858, 3.859)",0.004101205,3.824
"[3.859, 3.86)",0.01786314,3.825
"[3.861, 3.862)",0.034058311,3.826
"[3.863, 3.864)",0.015109953333333334,3.827
"[3.864, 3.865)",0.000792184,3.828
"[3.865, 3.866)",0.010854475,3.829
"[3.866, 3.867)",0.01325204,3.83
"[3.868, 3.869)",0.009434370000000001,3.831
"[3.869, 3.87)",0.02361385,3.832
"[3.873, 3.874)",0.0193294,3.833
"[3.879, 3.88)",0.0117001,3.834
"[3.8810000000000002, 3.882)",0.00150038,3.835
"[3.882, 3.883)",0.0470872,3.836
"[3.883, 3.884)",0.0111807,3.837
"[3.8850000000000002, 3.886)",0.0137293,3.838
"[3.89, 3.891)",0.00328396,3.839
"[3.892, 3.8930000000000002)",0.0605705,3.84
"[3.8930000000000002, 3.894)",0.11391224999999999,3.841
"[3.895, 3.896)",0.031135,3.842
"[3.8970000000000002, 3.898)",0.00395844,3.843
"[3.898, 3.899)",0.006005864999999999,3.844
"[3.899, 3.9)",0.00395844,3.845
"[3.9, 3.9010000000000002)",0.000218221,3.846
"[3.9010000000000002, 3.902)",0.0157566,3.847
"[3.903, 3.904)",0.0561543,3.848
"[3.904, 3.9050000000000002)",0.00395844,3.849
"[3.9050000000000002, 3.906)",0.144619,3.85
"[3.906, 3.907)",0.0109649,3.851
"[3.907, 3.908)",0.15387784999999998,3.852
"[3.908, 3.9090000000000003)",0.00764789,3.853
"[3.9090000000000003, 3.91)",0.02372654,3.854
"[3.912, 3.9130000000000003)",0.00212125,3.855
"[3.914, 3.915)",0.0127758,3.856
"[3.9170000000000003, 3.918)",0.00395844,3.857
"[3.918, 3.919)",0.000517496,3.858
"[3.92, 3.9210000000000003)",0.000540833,3.859
"[3.9210000000000003, 3.922)",0.00239362,3.86
"[3.923, 3.924)",0.00367197,3.861
"[3.926, 3.927)",0.0100136,3.862
"[3.927, 3.928)",0.01566,3.863
"[3.928, 3.9290000000000003)",0.0014395,3.864
"[3.931, 3.932)",0.0017165,3.865
"[3.932, 3.9330000000000003)",0.0175639,3.866
"[3.9330000000000003, 3.934)",0.0176458,3.867
"[3.936, 3.9370000000000003)",0.0551845,3.868
"[3.9370000000000003, 3.938)",0.045772459999999994,3.869
"[3.938, 3.939)",0.007588635,3.87
"[3.939, 3.94)",0.01218299,3.871
"[3.94, 3.9410000000000003)",0.0238362,3.872
"[3.943, 3.944)",0.0218221,3.873
"[3.944, 3.9450000000000003)",0.00748578,3.874
"[3.9450000000000003, 3.946)",0.0373576,3.875
"[3.947, 3.948)",0.0192945665,3.876
"[3.948, 3.9490000000000003)",0.0033381,3.877
"[3.9490000000000003, 3.95)",0.0100325,3.878
"[3.954, 3.955)",0.000966708,3.879
"[3.958, 3.959)",0.00748578,3.88
"[3.96, 3.9610000000000003)",0.0047619,3.881
"[3.967, 3.968)",0.00216949,3.882
"[3.969, 3.97)",0.00665188,3.883
"[3.973, 3.974)",0.041638937,3.884
"[3.977, 3.978)",0.000793365,3.885
"[3.979, 3.98)",0.00665188,3.886
"[3.98, 3.981)",0.00761529,3.887
"[3.983, 3.984)",0.000918274,3.888
"[3.984, 3.985)",0.136251,3.889
"[3.991, 3.992)",0.012905,3.89
"[3.995, 3.996)",0.00226757,3.891
"[3.996, 3.997)",0.0052704165,3.892
"[3.997, 3.998)",0.0130897,3.893
"[3.998, 3.999)",0.0512759,3.894
"[4.001, 4.002)",0.00232558,3.895
"[4.0040000000000004, 4.005)",0.0329229,3.896
"[4.006, 4.007)",0.0122449,3.897
"[4.007, 4.008)",0.011373,3.898
"[4.008, 4.009)",0.0383171,3.899
"[4.011, 4.0120000000000005)",0.00110742,3.9
"[4.0120000000000005, 4.013)",0.12294345999999999,3.901
"[4.013, 4.014)",0.00450694,3.902
"[4.014, 4.015)",0.0569995,3.903
"[4.015, 4.016)",0.000767355,3.904
"[4.017, 4.018)",0.281953,3.905
"[4.018, 4.019)",0.1039169165,3.906
"[4.021, 4.022)",0.00110742,3.907
"[4.022, 4.023)",0.0170543,3.908
"[4.023, 4.024)",0.000540833,3.909
"[4.024, 4.025)",0.274202,3.91
"[4.025, 4.026)",0.0171391,3.911
"[4.026, 4.027)",0.00073114,3.912
"[4.027, 4.0280000000000005)",0.041677233333333334,3.913
"[4.0280000000000005, 4.029)",0.00439975,3.914
"[4.031, 4.032)",0.03671971666666667,3.915
"[4.032, 4.033)",0.02186360666666667,3.916
"[4.034, 4.035)",0.000540833,3.917
"[4.035, 4.0360000000000005)",2.97615e-5,3.918
"[4.037, 4.038)",0.030125,3.919
"[4.038, 4.039)",0.00343365,3.92
"[4.039, 4.04)",0.00665188,3.921
"[4.042, 4.043)",0.01775935,3.922
"[4.0440000000000005, 4.045)",0.075478137,3.923
"[4.046, 4.047)",0.00648518,3.924
"[4.047, 4.048)",0.0137293,3.925
"[4.048, 4.049)",0.0126073,3.926
"[4.05, 4.051)",0.0262482,3.927
"[4.051, 4.0520000000000005)",0.0051199105,3.928
"[4.053, 4.054)",0.01452072,3.929
"[4.054, 4.055)",0.00150038,3.93
"[4.056, 4.057)",0.0161002,3.931
"[4.057, 4.058)",0.0690292,3.932
"[4.058, 4.059)",0.0085494275,3.933
"[4.062, 4.063)",0.0390563,3.934
"[4.063, 4.064)",0.00328396,3.935
"[4.065, 4.066)",0.106559,3.936
"[4.066, 4.067)",0.0162602,3.937
"[4.069, 4.07)",0.00348432,3.938
"[4.071, 4.072)",0.0141804,3.939
"[4.072, 4.073)",0.00368408,3.94
"[4.075, 4.0760000000000005)",0.0569995,3.941
"[4.079, 4.08)",0.00432614,3.942
"[4.08, 4.081)",0.0536585,3.943
"[4.082, 4.083)",0.001116631,3.944
"[4.0840000000000005, 4.085)",0.00450694,3.945
"[4.085, 4.086)",0.0286583,3.946
"[4.086, 4.087)",0.0166055,3.947
"[4.089, 4.09)",0.000653595,3.948
"[4.09, 4.091)",0.000242689,3.949
"[4.0920000000000005, 4.093)",0.04222036,3.95
"[4.093, 4.094)",0.0170543,3.951
"[4.094, 4.095)",0.000540833,3.952
"[4.096, 4.097)",0.000881834,3.953
"[4.098, 4.099)",0.0822056,3.954
"[4.1, 4.101)",0.00126243,3.955
"[4.102, 4.103)",0.007913995,3.956
"[4.104, 4.105)",0.0351782,3.957
"[4.106, 4.107)",0.040227349999999995,3.958
"[4.107, 4.108)",0.00339506,3.959
"[4.108, 4.109)",0.0430663,3.96
"[4.111, 4.112)",0.0599601,3.961
"[4.112, 4.113)",0.0601316,3.962
"[4.113, 4.114)",0.0244114,3.963
"[4.115, 4.116)",0.00150038,3.964
"[4.116, 4.117)",0.00124378,3.965
"[4.117, 4.118)",0.0111807,3.966
"[4.126, 4.127)",0.00121212,3.967
"[4.127, 4.128)",0.000460087,3.968
"[4.128, 4.1290000000000004)",0.00290328,3.969
"[4.13, 4.131)",0.042626920000000006,3.97
"[4.131, 4.132)",0.05972061,3.971
"[4.132, 4.133)",0.11941,3.972
"[4.133, 4.134)",0.028016,3.973
"[4.134, 4.135)",0.000918274,3.974
"[4.135, 4.136)",0.0046477820000000005,3.975
"[4.136, 4.1370000000000005)",0.00665188,3.976
"[4.1370000000000005, 4.138)",0.009066587000000001,3.977
"[4.138, 4.139)",3.42407e-5,3.978
"[4.139, 4.14)",0.00136193,3.979
"[4.14, 4.141)",0.028383949999999998,3.98
"[4.141, 4.142)",0.005338137,3.981
"[4.142, 4.143)",0.029659719999999997,3.982
"[4.143, 4.144)",0.01031613,3.983
"[4.144, 4.1450000000000005)",0.00515639,3.984
"[4.1450000000000005, 4.146)",0.000918274,3.985
"[4.148, 4.149)",0.012905,3.986
"[4.149, 4.15)",0.00686521,3.987
"[4.151, 4.152)",0.0268857,3.988
"[4.1610000000000005, 4.162)",3.9737e-5,3.989
"[4.164, 4.165)",0.00742549,3.99
"[4.165, 4.166)",0.0359178965,3.991
"[4.166, 4.167)",0.0167546515,3.992
"[4.167, 4.168)",0.040857030999999995,3.993
"[4.168, 4.1690000000000005)",0.05822993,3.994
"[4.1690000000000005, 4.17)",0.00516796,3.995
"[4.17, 4.171)",0.015829453333333333,3.996
"[4.171, 4.172)",0.05615764,3.997
"[4.172, 4.173)",0.010139404333333334,3.998
"[4.173, 4.174)",0.01647013,3.999
"[4.174, 4.175)",0.0022405933333333335,4.0
"[4.175, 4.176)",0.032383379999999996,4.001
"[4.176, 4.1770000000000005)",0.00709541,4.002
"[4.1770000000000005, 4.178)",0.024846,4.003
"[4.178, 4.179)",0.00929086,4.004
"[4.179, 4.18)",0.01324106,4.005
"[4.18, 4.181)",0.088645,4.006
"[4.181, 4.182)",0.158137,4.007
"[4.182, 4.183)",0.005118025,4.008
"[4.183, 4.184)",0.009152536666666667,4.009
"[4.184, 4.1850000000000005)",0.017992542166666667,4.01
"[4.1850000000000005, 4.186)",0.012423311000000001,4.011
"[4.186, 4.187)",0.0443676,4.012
"[4.187, 4.188)",0.0544759,4.013
"[4.188, 4.189)",0.0064974559999999995,4.014
"[4.189, 4.19)",0.00439975,4.015
