bin,R2_mean,dist
,0.0832835563725078,0.0
"[0.0, 0.001)",0.07988541430070645,0.001
"[0.001, 0.002)",0.07456559854908461,0.002
"[0.002, 0.003)",0.06548828430205382,0.003
"[0.003, 0.004)",0.06362034350320249,0.004
"[0.004, 0.005)",0.05910128636763573,0.005
"[0.005, 0.006)",0.06017890872425698,0.006
"[0.006, 0.007)",0.06242477716334888,0.007
"[0.007, 0.008)",0.05624155024842318,0.008
"[0.008, 0.009000000000000001)",0.05746937046813881,0.009
"[0.009000000000000001, 0.01)",0.055195170993399316,0.01
"[0.01, 0.011)",0.053720912797492186,0.011
"[0.011, 0.012)",0.05845449853178987,0.012
"[0.012, 0.013000000000000001)",0.050274271704415945,0.013
"[0.013000000000000001, 0.014)",0.051307864036310165,0.014
"[0.014, 0.015)",0.055342078904019106,0.015
"[0.015, 0.016)",0.054112905190159176,0.016
"[0.016, 0.017)",0.05210820416488278,0.017
"[0.017, 0.018000000000000002)",0.0502610477065168,0.018
"[0.018000000000000002, 0.019)",0.04888570809758127,0.019
"[0.019, 0.02)",0.04930054511858645,0.02
"[0.02, 0.021)",0.047393568644163844,0.021
"[0.021, 0.022)",0.05031949864752915,0.022
"[0.022, 0.023)",0.04526514390246778,0.023
"[0.023, 0.024)",0.044974156354347046,0.024
"[0.024, 0.025)",0.04947019261997497,0.025
"[0.025, 0.026000000000000002)",0.05078709410191732,0.026
"[0.026000000000000002, 0.027)",0.051279260905802086,0.027
"[0.027, 0.028)",0.04361873248735638,0.028
"[0.028, 0.029)",0.053313517151925,0.029
"[0.029, 0.03)",0.046292892598041376,0.03
"[0.03, 0.031)",0.045633762905692626,0.031
"[0.031, 0.032)",0.050541802793062994,0.032
"[0.032, 0.033)",0.04603457285376385,0.033
"[0.033, 0.034)",0.0458425941242727,0.034
"[0.034, 0.035)",0.04372104788459782,0.035
"[0.035, 0.036000000000000004)",0.04456172175009352,0.036
"[0.036000000000000004, 0.037)",0.04268624254006475,0.037
"[0.037, 0.038)",0.04283220421185565,0.038
"[0.038, 0.039)",0.05197422547731325,0.039
"[0.039, 0.04)",0.04529233264964917,0.04
"[0.04, 0.041)",0.04103690340223381,0.041
"[0.041, 0.042)",0.04219825077682883,0.042
"[0.042, 0.043000000000000003)",0.04782439022001408,0.043
"[0.043000000000000003, 0.044)",0.042355292319682616,0.044
"[0.044, 0.045)",0.04537932815879756,0.045
"[0.045, 0.046)",0.04398386787947966,0.046
"[0.046, 0.047)",0.04820784403654054,0.047
"[0.047, 0.048)",0.04570075558133119,0.048
"[0.048, 0.049)",0.04249729835755625,0.049
"[0.049, 0.05)",0.04228336572882228,0.05
"[0.05, 0.051000000000000004)",0.043031635668986726,0.051
"[0.051000000000000004, 0.052000000000000005)",0.04273600674399566,0.052
"[0.052000000000000005, 0.053)",0.04122503473818796,0.053
"[0.053, 0.054)",0.04196087711270499,0.054
"[0.054, 0.055)",0.04534191472873122,0.055
"[0.055, 0.056)",0.04324479045350103,0.056
"[0.056, 0.057)",0.04342513304141995,0.057
"[0.057, 0.058)",0.043537035343255315,0.058
"[0.058, 0.059000000000000004)",0.04480825887387276,0.059
"[0.059000000000000004, 0.06)",0.04430710539274983,0.06
"[0.06, 0.061)",0.03809525130088976,0.061
"[0.061, 0.062)",0.041357282089406,0.062
"[0.062, 0.063)",0.04369184868878695,0.063
"[0.063, 0.064)",0.04267186800330805,0.064
"[0.064, 0.065)",0.04124894749213994,0.065
"[0.065, 0.066)",0.04291439450331241,0.066
"[0.066, 0.067)",0.03973533190972937,0.067
"[0.067, 0.068)",0.04252615451316021,0.068
"[0.068, 0.069)",0.039507504749733864,0.069
"[0.069, 0.07)",0.04333361378588731,0.07
"[0.07, 0.07100000000000001)",0.04363650255371128,0.071
"[0.07100000000000001, 0.07200000000000001)",0.038650824232474054,0.072
"[0.07200000000000001, 0.073)",0.045260682210796016,0.073
"[0.073, 0.074)",0.0440496279873984,0.074
"[0.074, 0.075)",0.04489970242947252,0.075
"[0.075, 0.076)",0.044411758179962145,0.076
"[0.076, 0.077)",0.034782736886515585,0.077
"[0.077, 0.078)",0.0416795004248223,0.078
"[0.078, 0.079)",0.03950399390058469,0.079
"[0.079, 0.08)",0.041506076552066944,0.08
"[0.08, 0.081)",0.04176270462358296,0.081
"[0.081, 0.082)",0.039509024281496954,0.082
"[0.082, 0.083)",0.03939269441182792,0.083
"[0.083, 0.084)",0.03773454181659279,0.084
"[0.084, 0.085)",0.04605208093900198,0.085
"[0.085, 0.08600000000000001)",0.037443693123153245,0.086
"[0.08600000000000001, 0.08700000000000001)",0.03483438915355326,0.087
"[0.08700000000000001, 0.088)",0.03326234285928001,0.088
"[0.088, 0.089)",0.03710663330104968,0.089
"[0.089, 0.09)",0.04329848528934813,0.09
"[0.09, 0.091)",0.041137610652894736,0.091
"[0.091, 0.092)",0.04154599409789284,0.092
"[0.092, 0.093)",0.04056527499803228,0.093
"[0.093, 0.094)",0.03693350961213651,0.094
"[0.094, 0.095)",0.03800255726928449,0.095
"[0.095, 0.096)",0.03555970978637469,0.096
"[0.096, 0.097)",0.039393408246349806,0.097
"[0.097, 0.098)",0.036344395180878224,0.098
"[0.098, 0.099)",0.03693937609315263,0.099
"[0.099, 0.1)",0.03822808214933219,0.1
"[0.1, 0.101)",0.041026418611094365,0.101
"[0.101, 0.10200000000000001)",0.03881259499577359,0.102
"[0.10200000000000001, 0.10300000000000001)",0.03900239195135236,0.103
"[0.10300000000000001, 0.10400000000000001)",0.038278177608438435,0.104
"[0.10400000000000001, 0.105)",0.04287861495351404,0.105
"[0.105, 0.106)",0.0379261662270253,0.106
"[0.106, 0.107)",0.04005855706763153,0.107
"[0.107, 0.108)",0.03980124667511765,0.108
"[0.108, 0.109)",0.03815149420557333,0.109
"[0.109, 0.11)",0.03877195785817626,0.11
"[0.11, 0.111)",0.03897879437607784,0.111
"[0.111, 0.112)",0.038684290398926326,0.112
"[0.112, 0.113)",0.0420902708281763,0.113
"[0.113, 0.114)",0.04456552485183545,0.114
"[0.114, 0.115)",0.04101062274135319,0.115
"[0.115, 0.116)",0.03680334820503735,0.116
"[0.116, 0.117)",0.04218064614357235,0.117
"[0.117, 0.11800000000000001)",0.03850841518376805,0.118
"[0.11800000000000001, 0.11900000000000001)",0.04005767044172758,0.119
"[0.11900000000000001, 0.12)",0.035529803744241154,0.12
"[0.12, 0.121)",0.03432909663817956,0.121
"[0.121, 0.122)",0.03903202176204051,0.122
"[0.122, 0.123)",0.03563412123866362,0.123
"[0.123, 0.124)",0.03370426359136626,0.124
"[0.124, 0.125)",0.03557433853775851,0.125
"[0.125, 0.126)",0.035044359178790986,0.126
"[0.126, 0.127)",0.0395918495587579,0.127
"[0.127, 0.128)",0.03946541227904191,0.128
"[0.128, 0.129)",0.03461234549256482,0.129
"[0.129, 0.13)",0.030426759117451865,0.13
"[0.13, 0.131)",0.03712350649792776,0.131
"[0.131, 0.132)",0.028975874775571238,0.132
"[0.132, 0.133)",0.0352058345243539,0.133
"[0.133, 0.134)",0.03367175186527322,0.134
"[0.134, 0.135)",0.03493323721971742,0.135
"[0.135, 0.136)",0.036014803731199946,0.136
"[0.136, 0.137)",0.03976288649059555,0.137
"[0.137, 0.138)",0.03719055535785155,0.138
"[0.138, 0.139)",0.03223165532101217,0.139
"[0.139, 0.14)",0.0407382031958287,0.14
"[0.14, 0.14100000000000001)",0.033196076117090315,0.141
"[0.14100000000000001, 0.14200000000000002)",0.03942922379543145,0.142
"[0.14200000000000002, 0.14300000000000002)",0.03453868675580043,0.143
"[0.14300000000000002, 0.14400000000000002)",0.03490011220184447,0.144
"[0.14400000000000002, 0.145)",0.03717137219992363,0.145
"[0.145, 0.146)",0.03061253217469172,0.146
"[0.146, 0.147)",0.04228138066726132,0.147
"[0.147, 0.148)",0.03837644060049019,0.148
"[0.148, 0.149)",0.03690881287314359,0.149
"[0.149, 0.15)",0.04113793699724875,0.15
"[0.15, 0.151)",0.039217931450139056,0.151
"[0.151, 0.152)",0.03610825271204815,0.152
"[0.152, 0.153)",0.03795056894870963,0.153
"[0.153, 0.154)",0.03536122834753153,0.154
"[0.154, 0.155)",0.034983743280307934,0.155
"[0.155, 0.156)",0.03455573567568982,0.156
"[0.156, 0.157)",0.037796736221708364,0.157
"[0.157, 0.158)",0.03624933502645444,0.158
"[0.158, 0.159)",0.038197411688975655,0.159
"[0.159, 0.16)",0.03787823564884827,0.16
"[0.16, 0.161)",0.03718183687081676,0.161
"[0.161, 0.162)",0.04131427582761208,0.162
"[0.162, 0.163)",0.034214536664761215,0.163
"[0.163, 0.164)",0.03463882647452361,0.164
"[0.164, 0.165)",0.034419218467530745,0.165
"[0.165, 0.166)",0.035784929365625724,0.166
"[0.166, 0.167)",0.033944954896438125,0.167
"[0.167, 0.168)",0.03277071026997437,0.168
"[0.168, 0.169)",0.0332924856622077,0.169
"[0.169, 0.17)",0.032614118888888086,0.17
"[0.17, 0.171)",0.03499109618375648,0.171
"[0.171, 0.17200000000000001)",0.03377128381187727,0.172
"[0.17200000000000001, 0.17300000000000001)",0.036126191625387945,0.173
"[0.17300000000000001, 0.17400000000000002)",0.03372773889708376,0.174
"[0.17400000000000002, 0.17500000000000002)",0.037662830581286465,0.175
"[0.17500000000000002, 0.176)",0.03492775006142282,0.176
"[0.176, 0.177)",0.029626906669499548,0.177
"[0.177, 0.178)",0.03274865603419256,0.178
"[0.178, 0.179)",0.035917636297603826,0.179
"[0.179, 0.18)",0.03430702870060192,0.18
"[0.18, 0.181)",0.03790296925611223,0.181
"[0.181, 0.182)",0.03549325463942032,0.182
"[0.182, 0.183)",0.03763259372399588,0.183
"[0.183, 0.184)",0.03126180495014545,0.184
"[0.184, 0.185)",0.032548039889152294,0.185
"[0.185, 0.186)",0.03532143300622037,0.186
"[0.186, 0.187)",0.03528962852299517,0.187
"[0.187, 0.188)",0.03808171315011929,0.188
"[0.188, 0.189)",0.03687364654538452,0.189
"[0.189, 0.19)",0.03490732904173169,0.19
"[0.19, 0.191)",0.03913388125409927,0.191
"[0.191, 0.192)",0.036274212421082586,0.192
"[0.192, 0.193)",0.035344945739319907,0.193
"[0.193, 0.194)",0.031005545822566573,0.194
"[0.194, 0.195)",0.035919189237316636,0.195
"[0.195, 0.196)",0.03503046557579995,0.196
"[0.196, 0.197)",0.03654158999848793,0.197
"[0.197, 0.198)",0.03426924424872939,0.198
"[0.198, 0.199)",0.03556005700757891,0.199
"[0.199, 0.2)",0.03072748690449856,0.2
"[0.2, 0.201)",0.034481996585636734,0.201
"[0.201, 0.202)",0.03021048503365279,0.202
"[0.202, 0.203)",0.034363560725697,0.203
"[0.203, 0.20400000000000001)",0.03771188617694139,0.204
"[0.20400000000000001, 0.20500000000000002)",0.03089581568924184,0.205
"[0.20500000000000002, 0.20600000000000002)",0.026814891552482692,0.206
"[0.20600000000000002, 0.20700000000000002)",0.028924385029136277,0.207
"[0.20700000000000002, 0.20800000000000002)",0.03168265329146399,0.208
"[0.20800000000000002, 0.209)",0.03479958287409804,0.209
"[0.209, 0.21)",0.03306632995592534,0.21
"[0.21, 0.211)",0.03541067926838664,0.211
"[0.211, 0.212)",0.03050233326779408,0.212
"[0.212, 0.213)",0.03514439505489218,0.213
"[0.213, 0.214)",0.03316257782268995,0.214
"[0.214, 0.215)",0.03301774998232584,0.215
"[0.215, 0.216)",0.03301794835694664,0.216
"[0.216, 0.217)",0.030454326598205902,0.217
"[0.217, 0.218)",0.03122389316762716,0.218
"[0.218, 0.219)",0.033230250131719034,0.219
"[0.219, 0.22)",0.034164664407579856,0.22
"[0.22, 0.221)",0.030776166749780547,0.221
"[0.221, 0.222)",0.0294286439107691,0.222
"[0.222, 0.223)",0.0316981833400804,0.223
"[0.223, 0.224)",0.03649199931648072,0.224
"[0.224, 0.225)",0.035094615635250105,0.225
"[0.225, 0.226)",0.03438587053858463,0.226
"[0.226, 0.227)",0.03318355384805101,0.227
"[0.227, 0.228)",0.0334900089361475,0.228
"[0.228, 0.229)",0.03591513626500967,0.229
"[0.229, 0.23)",0.03345523079725988,0.23
"[0.23, 0.231)",0.03602132343188678,0.231
"[0.231, 0.232)",0.03142004613874406,0.232
"[0.232, 0.233)",0.033205289785977574,0.233
"[0.233, 0.234)",0.03520900649718707,0.234
"[0.234, 0.23500000000000001)",0.03162583949854551,0.235
"[0.23500000000000001, 0.23600000000000002)",0.034022855771401656,0.236
"[0.23600000000000002, 0.23700000000000002)",0.033917472881195426,0.237
"[0.23700000000000002, 0.23800000000000002)",0.0341127565855052,0.238
"[0.23800000000000002, 0.23900000000000002)",0.033389140087323646,0.239
"[0.23900000000000002, 0.24)",0.03285165180984885,0.24
"[0.24, 0.241)",0.03336249441496008,0.241
"[0.241, 0.242)",0.033792568265487,0.242
"[0.242, 0.243)",0.029719939825087742,0.243
"[0.243, 0.244)",0.031165999646638055,0.244
"[0.244, 0.245)",0.0338452363759361,0.245
"[0.245, 0.246)",0.03314864148385741,0.246
"[0.246, 0.247)",0.02854306773114478,0.247
"[0.247, 0.248)",0.033288875702958874,0.248
"[0.248, 0.249)",0.029440442002751095,0.249
"[0.249, 0.25)",0.028028871420818786,0.25
"[0.25, 0.251)",0.03129713180174078,0.251
"[0.251, 0.252)",0.035674637760309956,0.252
"[0.252, 0.253)",0.0350607149473347,0.253
"[0.253, 0.254)",0.027556417541417196,0.254
"[0.254, 0.255)",0.030627755393328845,0.255
"[0.255, 0.256)",0.03255703653818244,0.256
"[0.256, 0.257)",0.03112528356008287,0.257
"[0.257, 0.258)",0.03137189138621868,0.258
"[0.258, 0.259)",0.031434708770780063,0.259
"[0.259, 0.26)",0.03468589829292337,0.26
"[0.26, 0.261)",0.03135680623799154,0.261
"[0.261, 0.262)",0.033037303522748744,0.262
"[0.262, 0.263)",0.035354823913314015,0.263
"[0.263, 0.264)",0.03196931659199723,0.264
"[0.264, 0.265)",0.03165535791360265,0.265
"[0.265, 0.266)",0.03176665395598907,0.266
"[0.266, 0.267)",0.03686869329041092,0.267
"[0.267, 0.268)",0.03493543602684527,0.268
"[0.268, 0.269)",0.03578165015031312,0.269
"[0.269, 0.27)",0.032615492660882706,0.27
"[0.27, 0.271)",0.03198630464048877,0.271
"[0.271, 0.272)",0.03550301343577401,0.272
"[0.272, 0.273)",0.033970131213690545,0.273
"[0.273, 0.274)",0.03308159358552125,0.274
"[0.274, 0.275)",0.0330690348331589,0.275
"[0.275, 0.276)",0.036294358122614806,0.276
"[0.276, 0.277)",0.03020417773672902,0.277
"[0.277, 0.278)",0.03284279599675672,0.278
"[0.278, 0.279)",0.03325895374126401,0.279
"[0.279, 0.28)",0.0294250661283189,0.28
"[0.28, 0.281)",0.033596136916656714,0.281
"[0.281, 0.28200000000000003)",0.03434266176111818,0.282
"[0.28200000000000003, 0.28300000000000003)",0.03541007436423642,0.283
"[0.28300000000000003, 0.28400000000000003)",0.034644566649208855,0.284
"[0.28400000000000003, 0.28500000000000003)",0.0269733575069346,0.285
"[0.28500000000000003, 0.28600000000000003)",0.031131819042899994,0.286
"[0.28600000000000003, 0.28700000000000003)",0.032733495208961745,0.287
"[0.28700000000000003, 0.28800000000000003)",0.03510088044971215,0.288
"[0.28800000000000003, 0.289)",0.037172509824196634,0.289
"[0.289, 0.29)",0.035126918120101276,0.29
"[0.29, 0.291)",0.029651486977003576,0.291
"[0.291, 0.292)",0.03348515616877313,0.292
"[0.292, 0.293)",0.03466993355610188,0.293
"[0.293, 0.294)",0.03327698160838563,0.294
"[0.294, 0.295)",0.032884886103259243,0.295
"[0.295, 0.296)",0.030480923500567015,0.296
"[0.296, 0.297)",0.033583572869999904,0.297
"[0.297, 0.298)",0.03128600655698677,0.298
"[0.298, 0.299)",0.02789327102946857,0.299
"[0.299, 0.3)",0.029715499976901347,0.3
"[0.3, 0.301)",0.03226329828230818,0.301
"[0.301, 0.302)",0.03105559976888179,0.302
"[0.302, 0.303)",0.0316752808015061,0.303
"[0.303, 0.304)",0.032708822297873925,0.304
"[0.304, 0.305)",0.030167699798297525,0.305
"[0.305, 0.306)",0.03439111986876256,0.306
"[0.306, 0.307)",0.02907859971339534,0.307
"[0.307, 0.308)",0.03257982395590996,0.308
"[0.308, 0.309)",0.03455155502649164,0.309
"[0.309, 0.31)",0.034715466453230814,0.31
"[0.31, 0.311)",0.032516638732453224,0.311
"[0.311, 0.312)",0.032203436111083755,0.312
"[0.312, 0.313)",0.03074860710545579,0.313
"[0.313, 0.314)",0.03416843989749042,0.314
"[0.314, 0.315)",0.03158524840118449,0.315
"[0.315, 0.316)",0.031387519359130055,0.316
"[0.316, 0.317)",0.033497395061813894,0.317
"[0.317, 0.318)",0.03381013129881505,0.318
"[0.318, 0.319)",0.027954957405517632,0.319
"[0.319, 0.32)",0.0320280843978354,0.32
"[0.32, 0.321)",0.03153143448058617,0.321
"[0.321, 0.322)",0.03254724252237372,0.322
"[0.322, 0.323)",0.030648417353527715,0.323
"[0.323, 0.324)",0.034438719013262675,0.324
"[0.324, 0.325)",0.032843810932321735,0.325
"[0.325, 0.326)",0.03191987498854324,0.326
"[0.326, 0.327)",0.03154026193543759,0.327
"[0.327, 0.328)",0.03202274922947289,0.328
"[0.328, 0.329)",0.028477330054321015,0.329
"[0.329, 0.33)",0.031339417025614595,0.33
"[0.33, 0.331)",0.03552208045346037,0.331
"[0.331, 0.332)",0.03131101184142746,0.332
"[0.332, 0.333)",0.030750170782693705,0.333
"[0.333, 0.334)",0.03347055391944237,0.334
"[0.334, 0.335)",0.03532314525832137,0.335
"[0.335, 0.336)",0.03382764346517334,0.336
"[0.336, 0.337)",0.031804385188710795,0.337
"[0.337, 0.338)",0.0338619840573119,0.338
"[0.338, 0.339)",0.03578314857553794,0.339
"[0.339, 0.34)",0.030895675808247865,0.34
"[0.34, 0.341)",0.027108496383295804,0.341
"[0.341, 0.342)",0.0307237935464439,0.342
"[0.342, 0.343)",0.032219840823830406,0.343
"[0.343, 0.34400000000000003)",0.03510136828852724,0.344
"[0.34400000000000003, 0.34500000000000003)",0.03297917596160425,0.345
"[0.34500000000000003, 0.34600000000000003)",0.031039759475431618,0.346
"[0.34600000000000003, 0.34700000000000003)",0.029524974970500318,0.347
"[0.34700000000000003, 0.34800000000000003)",0.03023629466857972,0.348
"[0.34800000000000003, 0.34900000000000003)",0.03023454803709297,0.349
"[0.34900000000000003, 0.35000000000000003)",0.031799698309116,0.35
"[0.35000000000000003, 0.35100000000000003)",0.03315551270558791,0.351
"[0.35100000000000003, 0.352)",0.025675739234118495,0.352
"[0.352, 0.353)",0.03012793642448489,0.353
"[0.353, 0.354)",0.027598831549709883,0.354
"[0.354, 0.355)",0.03408236329129849,0.355
"[0.355, 0.356)",0.030572310814939593,0.356
"[0.356, 0.357)",0.03522403390606055,0.357
"[0.357, 0.358)",0.02972447707895137,0.358
"[0.358, 0.359)",0.03162077414518277,0.359
"[0.359, 0.36)",0.031915964372199866,0.36
"[0.36, 0.361)",0.02665552040622021,0.361
"[0.361, 0.362)",0.03254973672995168,0.362
"[0.362, 0.363)",0.0342740258800635,0.363
"[0.363, 0.364)",0.03000816840183836,0.364
"[0.364, 0.365)",0.033466922661680686,0.365
"[0.365, 0.366)",0.03229533139779045,0.366
"[0.366, 0.367)",0.03354637578654774,0.367
"[0.367, 0.368)",0.026720098937940633,0.368
"[0.368, 0.369)",0.03029402121112445,0.369
"[0.369, 0.37)",0.029679881335278158,0.37
"[0.37, 0.371)",0.028076185729577062,0.371
"[0.371, 0.372)",0.032746824787479804,0.372
"[0.372, 0.373)",0.032867992831150494,0.373
"[0.373, 0.374)",0.029246767901783096,0.374
"[0.374, 0.375)",0.030298978810556675,0.375
"[0.375, 0.376)",0.028249513705551243,0.376
"[0.376, 0.377)",0.02967569617687247,0.377
"[0.377, 0.378)",0.028095556221161114,0.378
"[0.378, 0.379)",0.03225264999977739,0.379
"[0.379, 0.38)",0.028493599601815942,0.38
"[0.38, 0.381)",0.029579497925096586,0.381
"[0.381, 0.382)",0.03172901041834706,0.382
"[0.382, 0.383)",0.03449662112957107,0.383
"[0.383, 0.384)",0.029957380251809884,0.384
"[0.384, 0.385)",0.029262092096142427,0.385
"[0.385, 0.386)",0.03310233751799683,0.386
"[0.386, 0.387)",0.02731393502149181,0.387
"[0.387, 0.388)",0.030224672482286347,0.388
"[0.388, 0.389)",0.032045830241964404,0.389
"[0.389, 0.39)",0.029877380433833006,0.39
"[0.39, 0.391)",0.02976332722747909,0.391
"[0.391, 0.392)",0.029222259243619327,0.392
"[0.392, 0.393)",0.03040063788574814,0.393
"[0.393, 0.394)",0.03885541820093135,0.394
"[0.394, 0.395)",0.03139163023492978,0.395
"[0.395, 0.396)",0.029586446887939412,0.396
"[0.396, 0.397)",0.025641207207156496,0.397
"[0.397, 0.398)",0.033622195328507506,0.398
"[0.398, 0.399)",0.031263315685398196,0.399
"[0.399, 0.4)",0.029018905273998225,0.4
"[0.4, 0.401)",0.028708840061208392,0.401
"[0.401, 0.402)",0.03113722843485631,0.402
"[0.402, 0.403)",0.02677587118942805,0.403
"[0.403, 0.404)",0.0283969783112586,0.404
"[0.404, 0.405)",0.028853268514209118,0.405
"[0.405, 0.406)",0.03175148844686744,0.406
"[0.406, 0.40700000000000003)",0.03168856641101469,0.407
"[0.40700000000000003, 0.40800000000000003)",0.03412266946502121,0.408
"[0.40800000000000003, 0.40900000000000003)",0.031788741231093244,0.409
"[0.40900000000000003, 0.41000000000000003)",0.028293905200615085,0.41
"[0.41000000000000003, 0.41100000000000003)",0.02969127370417385,0.411
"[0.41100000000000003, 0.41200000000000003)",0.02692401629095964,0.412
"[0.41200000000000003, 0.41300000000000003)",0.03415525613876002,0.413
"[0.41300000000000003, 0.41400000000000003)",0.037593916490406186,0.414
"[0.41400000000000003, 0.41500000000000004)",0.03268784766973014,0.415
"[0.41500000000000004, 0.41600000000000004)",0.02989440758580383,0.416
"[0.41600000000000004, 0.417)",0.03241974492423614,0.417
"[0.417, 0.418)",0.030867895228786666,0.418
"[0.418, 0.419)",0.026896650528027723,0.419
"[0.419, 0.42)",0.034228283977546556,0.42
"[0.42, 0.421)",0.030477547987579377,0.421
"[0.421, 0.422)",0.031107328028354156,0.422
"[0.422, 0.423)",0.030822620252487345,0.423
"[0.423, 0.424)",0.029385485638556256,0.424
"[0.424, 0.425)",0.03433920015751708,0.425
"[0.425, 0.426)",0.029636585088980615,0.426
"[0.426, 0.427)",0.030706066054080144,0.427
"[0.427, 0.428)",0.028516619722213248,0.428
"[0.428, 0.429)",0.03136114187948712,0.429
"[0.429, 0.43)",0.029478596828054496,0.43
"[0.43, 0.431)",0.032424463771638594,0.431
"[0.431, 0.432)",0.03147848848840451,0.432
"[0.432, 0.433)",0.03770971628424182,0.433
"[0.433, 0.434)",0.030868388830133094,0.434
"[0.434, 0.435)",0.029718857829583296,0.435
"[0.435, 0.436)",0.02912826988098624,0.436
"[0.436, 0.437)",0.028213638708296573,0.437
"[0.437, 0.438)",0.026825719635389843,0.438
"[0.438, 0.439)",0.03237158028814689,0.439
"[0.439, 0.44)",0.03590797045974398,0.44
"[0.44, 0.441)",0.026134238655681784,0.441
"[0.441, 0.442)",0.028307380078994828,0.442
"[0.442, 0.443)",0.029428658898408625,0.443
"[0.443, 0.444)",0.03150978978932731,0.444
"[0.444, 0.445)",0.0304015052542229,0.445
"[0.445, 0.446)",0.02676491671369666,0.446
"[0.446, 0.447)",0.03566557558855891,0.447
"[0.447, 0.448)",0.03636458005642733,0.448
"[0.448, 0.449)",0.030977346818921274,0.449
"[0.449, 0.45)",0.033649720388370656,0.45
"[0.45, 0.451)",0.027554036381972527,0.451
"[0.451, 0.452)",0.0285810276430907,0.452
"[0.452, 0.453)",0.03795869614220754,0.453
"[0.453, 0.454)",0.03074570522394597,0.454
"[0.454, 0.455)",0.03416411695479343,0.455
"[0.455, 0.456)",0.03403379856743439,0.456
"[0.456, 0.457)",0.029881184805294544,0.457
"[0.457, 0.458)",0.02874276751836178,0.458
"[0.458, 0.459)",0.027574923329774296,0.459
"[0.459, 0.46)",0.02965684938048548,0.46
"[0.46, 0.461)",0.031591105442038164,0.461
"[0.461, 0.462)",0.02867990869197271,0.462
"[0.462, 0.463)",0.032300748280481455,0.463
"[0.463, 0.464)",0.026804564390145606,0.464
"[0.464, 0.465)",0.032883969004324776,0.465
"[0.465, 0.466)",0.029166203185200572,0.466
"[0.466, 0.467)",0.034472388813679804,0.467
"[0.467, 0.468)",0.030250345556362,0.468
"[0.468, 0.46900000000000003)",0.03623302940573457,0.469
"[0.46900000000000003, 0.47000000000000003)",0.029120697989064935,0.47
"[0.47000000000000003, 0.47100000000000003)",0.031910000213101274,0.471
"[0.47100000000000003, 0.47200000000000003)",0.0321940644879145,0.472
"[0.47200000000000003, 0.47300000000000003)",0.02887830069657654,0.473
"[0.47300000000000003, 0.47400000000000003)",0.02890518994329114,0.474
"[0.47400000000000003, 0.47500000000000003)",0.03308025895417233,0.475
"[0.47500000000000003, 0.47600000000000003)",0.030930031948203263,0.476
"[0.47600000000000003, 0.47700000000000004)",0.032756069354595255,0.477
"[0.47700000000000004, 0.47800000000000004)",0.03393789972972261,0.478
"[0.47800000000000004, 0.47900000000000004)",0.029914079559770677,0.479
"[0.47900000000000004, 0.48)",0.030950979619215977,0.48
"[0.48, 0.481)",0.0323813901703286,0.481
"[0.481, 0.482)",0.032670777909019906,0.482
"[0.482, 0.483)",0.030253615530938242,0.483
"[0.483, 0.484)",0.030898984246452436,0.484
"[0.484, 0.485)",0.03142173809146776,0.485
"[0.485, 0.486)",0.027355133204366663,0.486
"[0.486, 0.487)",0.027479254344451094,0.487
"[0.487, 0.488)",0.026766861804863713,0.488
"[0.488, 0.489)",0.02723865232243463,0.489
"[0.489, 0.49)",0.02986665140482695,0.49
"[0.49, 0.491)",0.030188943047111862,0.491
"[0.491, 0.492)",0.030988481319298464,0.492
"[0.492, 0.493)",0.031196879936015116,0.493
"[0.493, 0.494)",0.03270032523150649,0.494
"[0.494, 0.495)",0.027499843145764646,0.495
"[0.495, 0.496)",0.03570700510846775,0.496
"[0.496, 0.497)",0.0324252975642175,0.497
"[0.497, 0.498)",0.03236085589305549,0.498
"[0.498, 0.499)",0.028719597263128945,0.499
"[0.499, 0.5)",0.033826295121578864,0.5
"[0.5, 0.501)",0.03259724708796476,0.501
"[0.501, 0.502)",0.03120094275714279,0.502
"[0.502, 0.503)",0.030265345580406378,0.503
"[0.503, 0.504)",0.027523113394117598,0.504
"[0.504, 0.505)",0.03301212764830778,0.505
"[0.505, 0.506)",0.030955591674051142,0.506
"[0.506, 0.507)",0.029879955240265838,0.507
"[0.507, 0.508)",0.029756540213731045,0.508
"[0.508, 0.509)",0.03322094648831344,0.509
"[0.509, 0.51)",0.03429277324378043,0.51
"[0.51, 0.511)",0.028785788803923414,0.511
"[0.511, 0.512)",0.03410696024931769,0.512
"[0.512, 0.513)",0.031147424003266068,0.513
"[0.513, 0.514)",0.028521817740284113,0.514
"[0.514, 0.515)",0.030924490301729616,0.515
"[0.515, 0.516)",0.0313494301877165,0.516
"[0.516, 0.517)",0.03404231253409309,0.517
"[0.517, 0.518)",0.03422827462838247,0.518
"[0.518, 0.519)",0.030254932983712537,0.519
"[0.519, 0.52)",0.03204831992794168,0.52
"[0.52, 0.521)",0.03108239075830068,0.521
"[0.521, 0.522)",0.034938794203467384,0.522
"[0.522, 0.523)",0.031092403878423585,0.523
"[0.523, 0.524)",0.02874596263399023,0.524
"[0.524, 0.525)",0.02749037591442492,0.525
"[0.525, 0.526)",0.031318190129679895,0.526
"[0.526, 0.527)",0.03655929509790177,0.527
"[0.527, 0.528)",0.03468131585203534,0.528
"[0.528, 0.529)",0.02774621196343567,0.529
"[0.529, 0.53)",0.0324363715908912,0.53
"[0.53, 0.531)",0.02921347353666664,0.531
"[0.531, 0.532)",0.03161435196047802,0.532
"[0.532, 0.533)",0.03162632469880237,0.533
"[0.533, 0.534)",0.029541363412921986,0.534
"[0.534, 0.535)",0.027709343792865555,0.535
"[0.535, 0.536)",0.02999029282693624,0.536
"[0.536, 0.537)",0.02925291202884525,0.537
"[0.537, 0.538)",0.03189751331894403,0.538
"[0.538, 0.539)",0.029711382472646045,0.539
"[0.539, 0.54)",0.025843430061322628,0.54
"[0.54, 0.541)",0.02820991443265245,0.541
"[0.541, 0.542)",0.026293869649958317,0.542
"[0.542, 0.543)",0.029612164013782027,0.543
"[0.543, 0.544)",0.028721356906431475,0.544
"[0.544, 0.545)",0.028581461724328183,0.545
"[0.545, 0.546)",0.03112067631855892,0.546
"[0.546, 0.547)",0.031236021681516405,0.547
"[0.547, 0.548)",0.029857160937395245,0.548
"[0.548, 0.549)",0.02791778333512471,0.549
"[0.549, 0.55)",0.030893655363754963,0.55
"[0.55, 0.551)",0.03202693275799787,0.551
"[0.551, 0.552)",0.024772838816429298,0.552
"[0.552, 0.553)",0.029856601807233128,0.553
"[0.553, 0.554)",0.032332782682411985,0.554
"[0.554, 0.555)",0.03137287043600626,0.555
"[0.555, 0.556)",0.02529167630688774,0.556
"[0.556, 0.557)",0.030116343090670745,0.557
"[0.557, 0.558)",0.03396884081691129,0.558
"[0.558, 0.559)",0.030358536954797954,0.559
"[0.559, 0.56)",0.03250734433612523,0.56
"[0.56, 0.561)",0.030219861597378966,0.561
"[0.561, 0.562)",0.0311003115924612,0.562
"[0.562, 0.5630000000000001)",0.02884191242893078,0.563
"[0.5630000000000001, 0.5640000000000001)",0.028847610354486918,0.564
"[0.5640000000000001, 0.5650000000000001)",0.02739053684452573,0.565
"[0.5650000000000001, 0.5660000000000001)",0.029829527099451098,0.566
"[0.5660000000000001, 0.5670000000000001)",0.029790458752196585,0.567
"[0.5670000000000001, 0.5680000000000001)",0.028583587517669515,0.568
"[0.5680000000000001, 0.5690000000000001)",0.02975305899114028,0.569
"[0.5690000000000001, 0.5700000000000001)",0.031219919473076892,0.57
"[0.5700000000000001, 0.5710000000000001)",0.026427660064951345,0.571
"[0.5710000000000001, 0.5720000000000001)",0.03395715570736137,0.572
"[0.5720000000000001, 0.5730000000000001)",0.025068240326290788,0.573
"[0.5730000000000001, 0.5740000000000001)",0.0255023985398264,0.574
"[0.5740000000000001, 0.5750000000000001)",0.026001662596535087,0.575
"[0.5750000000000001, 0.5760000000000001)",0.02845228340329558,0.576
"[0.5760000000000001, 0.577)",0.03505413066908637,0.577
"[0.577, 0.578)",0.031050001292719162,0.578
"[0.578, 0.579)",0.03092590007231372,0.579
"[0.579, 0.58)",0.02846627606835816,0.58
"[0.58, 0.581)",0.02736383873150935,0.581
"[0.581, 0.582)",0.028263029426096604,0.582
"[0.582, 0.583)",0.03031729184040693,0.583
"[0.583, 0.584)",0.031660837067413745,0.584
"[0.584, 0.585)",0.0336381850871654,0.585
"[0.585, 0.586)",0.031830721397678875,0.586
"[0.586, 0.587)",0.03322351468749498,0.587
"[0.587, 0.588)",0.02760999012992097,0.588
"[0.588, 0.589)",0.029766834476943803,0.589
"[0.589, 0.59)",0.03185203172030356,0.59
"[0.59, 0.591)",0.033300906866102965,0.591
"[0.591, 0.592)",0.0335325751148832,0.592
"[0.592, 0.593)",0.028617148190037946,0.593
"[0.593, 0.594)",0.03135125290122263,0.594
"[0.594, 0.595)",0.029153134377330674,0.595
"[0.595, 0.596)",0.03171762616388715,0.596
"[0.596, 0.597)",0.034962943220020505,0.597
"[0.597, 0.598)",0.03334855147528555,0.598
"[0.598, 0.599)",0.03421572975734124,0.599
"[0.599, 0.6)",0.03210827755435729,0.6
"[0.6, 0.601)",0.03166566178426327,0.601
"[0.601, 0.602)",0.02824529437550109,0.602
"[0.602, 0.603)",0.03292790500844436,0.603
"[0.603, 0.604)",0.03549619350405084,0.604
"[0.604, 0.605)",0.03022715469854159,0.605
"[0.605, 0.606)",0.03476630491378983,0.606
"[0.606, 0.607)",0.034868744860031005,0.607
"[0.607, 0.608)",0.03134523631662419,0.608
"[0.608, 0.609)",0.031864456739595676,0.609
"[0.609, 0.61)",0.03452237438117702,0.61
"[0.61, 0.611)",0.031348471405463194,0.611
"[0.611, 0.612)",0.03271115262753937,0.612
"[0.612, 0.613)",0.030395329219370847,0.613
"[0.613, 0.614)",0.034651737917054996,0.614
"[0.614, 0.615)",0.03239824686473308,0.615
"[0.615, 0.616)",0.03303183622785106,0.616
"[0.616, 0.617)",0.0300416770827922,0.617
"[0.617, 0.618)",0.031705858100531,0.618
"[0.618, 0.619)",0.03010062101946319,0.619
"[0.619, 0.62)",0.030078174161180304,0.62
"[0.62, 0.621)",0.02986019990042147,0.621
"[0.621, 0.622)",0.03224609365374997,0.622
"[0.622, 0.623)",0.02987050070364385,0.623
"[0.623, 0.624)",0.033251799828427346,0.624
"[0.624, 0.625)",0.03006094848500522,0.625
"[0.625, 0.626)",0.03299072241075485,0.626
"[0.626, 0.627)",0.038686218373239344,0.627
"[0.627, 0.628)",0.03202387946427058,0.628
"[0.628, 0.629)",0.03689066851636176,0.629
"[0.629, 0.63)",0.03510374696740265,0.63
"[0.63, 0.631)",0.035529255033748604,0.631
"[0.631, 0.632)",0.031407196333810866,0.632
"[0.632, 0.633)",0.02981205060322899,0.633
"[0.633, 0.634)",0.028972139786530942,0.634
"[0.634, 0.635)",0.03381374821844856,0.635
"[0.635, 0.636)",0.03099147716876252,0.636
"[0.636, 0.637)",0.03543105120412568,0.637
"[0.637, 0.638)",0.027884345726175916,0.638
"[0.638, 0.639)",0.029655347575371534,0.639
"[0.639, 0.64)",0.028620582845087877,0.64
"[0.64, 0.641)",0.030502988118034383,0.641
"[0.641, 0.642)",0.032378729818426405,0.642
"[0.642, 0.643)",0.0304962582833876,0.643
"[0.643, 0.644)",0.032437153906963105,0.644
"[0.644, 0.645)",0.036200553194425264,0.645
"[0.645, 0.646)",0.028271596973164906,0.646
"[0.646, 0.647)",0.02767846451258274,0.647
"[0.647, 0.648)",0.02946422460007252,0.648
"[0.648, 0.649)",0.030947374224926223,0.649
"[0.649, 0.65)",0.03163384889834977,0.65
"[0.65, 0.651)",0.03210593123836821,0.651
"[0.651, 0.652)",0.027634974660378314,0.652
"[0.652, 0.653)",0.029886810498700393,0.653
"[0.653, 0.654)",0.029344374181329087,0.654
"[0.654, 0.655)",0.03052440888613531,0.655
"[0.655, 0.656)",0.030558495536070256,0.656
"[0.656, 0.657)",0.0362572667194787,0.657
"[0.657, 0.658)",0.030376882012159025,0.658
"[0.658, 0.659)",0.03217475642194318,0.659
"[0.659, 0.66)",0.03188420998933543,0.66
"[0.66, 0.661)",0.03434411193599319,0.661
"[0.661, 0.662)",0.029991779907786682,0.662
"[0.662, 0.663)",0.03429428056296724,0.663
"[0.663, 0.664)",0.030886624703621045,0.664
"[0.664, 0.665)",0.03052777606396808,0.665
"[0.665, 0.666)",0.02536809292654458,0.666
"[0.666, 0.667)",0.031323634616132516,0.667
"[0.667, 0.668)",0.02863804364508664,0.668
"[0.668, 0.669)",0.031131792634660906,0.669
"[0.669, 0.67)",0.03192366060930993,0.67
"[0.67, 0.671)",0.03128167182148229,0.671
"[0.671, 0.672)",0.03367133052013052,0.672
"[0.672, 0.673)",0.03123021690508625,0.673
"[0.673, 0.674)",0.03689797122584008,0.674
"[0.674, 0.675)",0.030520047092800866,0.675
"[0.675, 0.676)",0.032818069564873695,0.676
"[0.676, 0.677)",0.0326260498102402,0.677
"[0.677, 0.678)",0.031884746027529866,0.678
"[0.678, 0.679)",0.031968056639646115,0.679
"[0.679, 0.68)",0.03299587240092629,0.68
"[0.68, 0.681)",0.03436370373250538,0.681
"[0.681, 0.682)",0.026510759917200824,0.682
"[0.682, 0.683)",0.032772931579259645,0.683
"[0.683, 0.684)",0.02905945720522647,0.684
"[0.684, 0.685)",0.03069216009260574,0.685
"[0.685, 0.686)",0.03476991345201362,0.686
"[0.686, 0.687)",0.032342008048629065,0.687
"[0.687, 0.6880000000000001)",0.03624893444754086,0.688
"[0.6880000000000001, 0.6890000000000001)",0.032081164588359745,0.689
"[0.6890000000000001, 0.6900000000000001)",0.035302187302791645,0.69
"[0.6900000000000001, 0.6910000000000001)",0.03669130054923409,0.691
"[0.6910000000000001, 0.6920000000000001)",0.028947954939335403,0.692
"[0.6920000000000001, 0.6930000000000001)",0.037727608378585874,0.693
"[0.6930000000000001, 0.6940000000000001)",0.03283090267435316,0.694
"[0.6940000000000001, 0.6950000000000001)",0.031468343269807866,0.695
"[0.6950000000000001, 0.6960000000000001)",0.038635795661413536,0.696
"[0.6960000000000001, 0.6970000000000001)",0.032294738589789894,0.697
"[0.6970000000000001, 0.6980000000000001)",0.02863106598647755,0.698
"[0.6980000000000001, 0.6990000000000001)",0.031705893916032006,0.699
"[0.6990000000000001, 0.7000000000000001)",0.03249014057933777,0.7
"[0.7000000000000001, 0.7010000000000001)",0.03465941174391473,0.701
"[0.7010000000000001, 0.7020000000000001)",0.03198290384622078,0.702
"[0.7020000000000001, 0.7030000000000001)",0.036409471317844534,0.703
"[0.7030000000000001, 0.704)",0.029767414077948397,0.704
"[0.704, 0.705)",0.034593756472713136,0.705
"[0.705, 0.706)",0.03076858772490416,0.706
"[0.706, 0.707)",0.03283017277193477,0.707
"[0.707, 0.708)",0.03754949419434177,0.708
"[0.708, 0.709)",0.03514606197150773,0.709
"[0.709, 0.71)",0.03055114701272521,0.71
"[0.71, 0.711)",0.0337956113908361,0.711
"[0.711, 0.712)",0.02856221321713314,0.712
"[0.712, 0.713)",0.028591492135665923,0.713
"[0.713, 0.714)",0.028608567307047115,0.714
"[0.714, 0.715)",0.03078708335245712,0.715
"[0.715, 0.716)",0.029440206935209958,0.716
"[0.716, 0.717)",0.02991943541170729,0.717
"[0.717, 0.718)",0.03434655974553083,0.718
"[0.718, 0.719)",0.03271836106794843,0.719
"[0.719, 0.72)",0.03340784954950856,0.72
"[0.72, 0.721)",0.03311708116790223,0.721
"[0.721, 0.722)",0.034913171046078356,0.722
"[0.722, 0.723)",0.02944984595525209,0.723
"[0.723, 0.724)",0.028869275617157446,0.724
"[0.724, 0.725)",0.031865149610110936,0.725
"[0.725, 0.726)",0.024902353875808414,0.726
"[0.726, 0.727)",0.03408321686370366,0.727
"[0.727, 0.728)",0.029662565142251802,0.728
"[0.728, 0.729)",0.03123704380653202,0.729
"[0.729, 0.73)",0.026111878764673947,0.73
"[0.73, 0.731)",0.030669349592052787,0.731
"[0.731, 0.732)",0.029938133345070905,0.732
"[0.732, 0.733)",0.03546158468676939,0.733
"[0.733, 0.734)",0.03559637072303795,0.734
"[0.734, 0.735)",0.032387990926721746,0.735
"[0.735, 0.736)",0.03273258004936548,0.736
"[0.736, 0.737)",0.03281871474072225,0.737
"[0.737, 0.738)",0.030661239862484608,0.738
"[0.738, 0.739)",0.034988048303743365,0.739
"[0.739, 0.74)",0.033345312597222176,0.74
"[0.74, 0.741)",0.034534414568560955,0.741
"[0.741, 0.742)",0.030879957172710203,0.742
"[0.742, 0.743)",0.031771540985819434,0.743
"[0.743, 0.744)",0.03733938587172203,0.744
"[0.744, 0.745)",0.032092200808355745,0.745
"[0.745, 0.746)",0.026456240168621557,0.746
"[0.746, 0.747)",0.028448947829719403,0.747
"[0.747, 0.748)",0.02802851876741892,0.748
"[0.748, 0.749)",0.026824845596766133,0.749
"[0.749, 0.75)",0.029316225680487782,0.75
"[0.75, 0.751)",0.03460126187460659,0.751
"[0.751, 0.752)",0.03327171983672056,0.752
"[0.752, 0.753)",0.023457765149815953,0.753
"[0.753, 0.754)",0.027385308811428588,0.754
"[0.754, 0.755)",0.031184709090352595,0.755
"[0.755, 0.756)",0.03109144655064867,0.756
"[0.756, 0.757)",0.03477596068869257,0.757
"[0.757, 0.758)",0.027470892988961087,0.758
"[0.758, 0.759)",0.033454984481178555,0.759
"[0.759, 0.76)",0.030972925146273363,0.76
"[0.76, 0.761)",0.03250293981585203,0.761
"[0.761, 0.762)",0.033028374623907196,0.762
"[0.762, 0.763)",0.02800803929758708,0.763
"[0.763, 0.764)",0.03003377560376608,0.764
"[0.764, 0.765)",0.02935816682361809,0.765
"[0.765, 0.766)",0.02912603472093352,0.766
"[0.766, 0.767)",0.028856479671686863,0.767
"[0.767, 0.768)",0.03249620984886217,0.768
"[0.768, 0.769)",0.030968371455364182,0.769
"[0.769, 0.77)",0.037819536979896824,0.77
"[0.77, 0.771)",0.03516810907420579,0.771
"[0.771, 0.772)",0.030974575953385406,0.772
"[0.772, 0.773)",0.03113712255337104,0.773
"[0.773, 0.774)",0.03514549331105546,0.774
"[0.774, 0.775)",0.03023863207018404,0.775
"[0.775, 0.776)",0.032829251013552635,0.776
"[0.776, 0.777)",0.0315144905412283,0.777
"[0.777, 0.778)",0.029766425363589723,0.778
"[0.778, 0.779)",0.029410455679422298,0.779
"[0.779, 0.78)",0.029265068669879976,0.78
"[0.78, 0.781)",0.02822850268793854,0.781
"[0.781, 0.782)",0.03551697228588079,0.782
"[0.782, 0.783)",0.029070141950860932,0.783
"[0.783, 0.784)",0.031702738449959585,0.784
"[0.784, 0.785)",0.031085019042083887,0.785
"[0.785, 0.786)",0.029986292127357428,0.786
"[0.786, 0.787)",0.024843435227623223,0.787
"[0.787, 0.788)",0.03081890305635463,0.788
"[0.788, 0.789)",0.026697277275143233,0.789
"[0.789, 0.79)",0.02776258541101623,0.79
"[0.79, 0.791)",0.03398465406719998,0.791
"[0.791, 0.792)",0.029452530395422307,0.792
"[0.792, 0.793)",0.030290147125816146,0.793
"[0.793, 0.794)",0.028267217035776795,0.794
"[0.794, 0.795)",0.03081266386327683,0.795
"[0.795, 0.796)",0.02730293125811324,0.796
"[0.796, 0.797)",0.036255251314202847,0.797
"[0.797, 0.798)",0.03996782193741116,0.798
"[0.798, 0.799)",0.027591841377193012,0.799
"[0.799, 0.8)",0.027855580939277893,0.8
"[0.8, 0.801)",0.029761462801413997,0.801
"[0.801, 0.802)",0.029722140626646264,0.802
"[0.802, 0.803)",0.02756979016841322,0.803
"[0.803, 0.804)",0.03660389177556492,0.804
"[0.804, 0.805)",0.026757829384548987,0.805
"[0.805, 0.806)",0.02776246784603426,0.806
"[0.806, 0.807)",0.027584849171971855,0.807
"[0.807, 0.808)",0.02466336307435553,0.808
"[0.808, 0.809)",0.028159536602168023,0.809
"[0.809, 0.81)",0.02732641929274968,0.81
"[0.81, 0.811)",0.03506132522071708,0.811
"[0.811, 0.812)",0.028375920861649934,0.812
"[0.812, 0.8130000000000001)",0.028013951502503482,0.813
"[0.8130000000000001, 0.8140000000000001)",0.029293170593784973,0.814
"[0.8140000000000001, 0.8150000000000001)",0.0281031659407953,0.815
"[0.8150000000000001, 0.8160000000000001)",0.029633314653145598,0.816
"[0.8160000000000001, 0.8170000000000001)",0.027390733646550734,0.817
"[0.8170000000000001, 0.8180000000000001)",0.027703248546374647,0.818
"[0.8180000000000001, 0.8190000000000001)",0.027146819345829586,0.819
"[0.8190000000000001, 0.8200000000000001)",0.02992088744632354,0.82
"[0.8200000000000001, 0.8210000000000001)",0.02883878143136182,0.821
"[0.8210000000000001, 0.8220000000000001)",0.0235336572372715,0.822
"[0.8220000000000001, 0.8230000000000001)",0.030853427868685657,0.823
"[0.8230000000000001, 0.8240000000000001)",0.027411841584764503,0.824
"[0.8240000000000001, 0.8250000000000001)",0.02816747679720108,0.825
"[0.8250000000000001, 0.8260000000000001)",0.030875927188380146,0.826
"[0.8260000000000001, 0.8270000000000001)",0.026450231536902062,0.827
"[0.8270000000000001, 0.8280000000000001)",0.031138527122122738,0.828
"[0.8280000000000001, 0.8290000000000001)",0.029018463569798904,0.829
"[0.8290000000000001, 0.8300000000000001)",0.03380296712992904,0.83
"[0.8300000000000001, 0.8310000000000001)",0.024517968232211678,0.831
"[0.8310000000000001, 0.8320000000000001)",0.034750506009052905,0.832
"[0.8320000000000001, 0.833)",0.030186571734473294,0.833
"[0.833, 0.834)",0.029974127015374944,0.834
"[0.834, 0.835)",0.029614091231076698,0.835
"[0.835, 0.836)",0.028391601516358497,0.836
"[0.836, 0.837)",0.03133429809824997,0.837
"[0.837, 0.838)",0.028119948474677425,0.838
"[0.838, 0.839)",0.033251966954093604,0.839
"[0.839, 0.84)",0.02764884540005547,0.84
"[0.84, 0.841)",0.031532188271506695,0.841
"[0.841, 0.842)",0.029905400315471176,0.842
"[0.842, 0.843)",0.03281652782994374,0.843
"[0.843, 0.844)",0.026663783436530933,0.844
"[0.844, 0.845)",0.033279478375428564,0.845
"[0.845, 0.846)",0.03097703576201997,0.846
"[0.846, 0.847)",0.027616271719001377,0.847
"[0.847, 0.848)",0.022783739211419043,0.848
"[0.848, 0.849)",0.030027871765649562,0.849
"[0.849, 0.85)",0.030640219326111124,0.85
"[0.85, 0.851)",0.0357568688598461,0.851
"[0.851, 0.852)",0.0315681618068017,0.852
"[0.852, 0.853)",0.028806690164114114,0.853
"[0.853, 0.854)",0.03072504549037307,0.854
"[0.854, 0.855)",0.03124094486419213,0.855
"[0.855, 0.856)",0.028240512803229603,0.856
"[0.856, 0.857)",0.028147027454808918,0.857
"[0.857, 0.858)",0.027667664364939015,0.858
"[0.858, 0.859)",0.029473974407234014,0.859
"[0.859, 0.86)",0.029337460263848418,0.86
"[0.86, 0.861)",0.03371727203367729,0.861
"[0.861, 0.862)",0.03234075181805117,0.862
"[0.862, 0.863)",0.026238144680506535,0.863
"[0.863, 0.864)",0.03136866585328748,0.864
"[0.864, 0.865)",0.037015024917675485,0.865
"[0.865, 0.866)",0.02505595057471067,0.866
"[0.866, 0.867)",0.026544491205531623,0.867
"[0.867, 0.868)",0.034194581103642784,0.868
"[0.868, 0.869)",0.035592334674767814,0.869
"[0.869, 0.87)",0.028006433211624455,0.87
"[0.87, 0.871)",0.034430797905689904,0.871
"[0.871, 0.872)",0.030153964637651184,0.872
"[0.872, 0.873)",0.031716593388685044,0.873
"[0.873, 0.874)",0.033668154322940326,0.874
"[0.874, 0.875)",0.03489396277215569,0.875
"[0.875, 0.876)",0.03734682835403456,0.876
"[0.876, 0.877)",0.03110926034465315,0.877
"[0.877, 0.878)",0.03226147155416303,0.878
"[0.878, 0.879)",0.028543469568782592,0.879
"[0.879, 0.88)",0.036218952516049355,0.88
"[0.88, 0.881)",0.03004386200094615,0.881
"[0.881, 0.882)",0.026939491510762387,0.882
"[0.882, 0.883)",0.02586033497434403,0.883
"[0.883, 0.884)",0.03077091284081121,0.884
"[0.884, 0.885)",0.034034087661790356,0.885
"[0.885, 0.886)",0.034011356096830245,0.886
"[0.886, 0.887)",0.03343310620957442,0.887
"[0.887, 0.888)",0.032119761772248935,0.888
"[0.888, 0.889)",0.02797470398981683,0.889
"[0.889, 0.89)",0.030576985283891408,0.89
"[0.89, 0.891)",0.03076931850830675,0.891
"[0.891, 0.892)",0.027592198192303286,0.892
"[0.892, 0.893)",0.03188982018724726,0.893
"[0.893, 0.894)",0.032061327683531156,0.894
"[0.894, 0.895)",0.034070613604002986,0.895
"[0.895, 0.896)",0.025208001091219547,0.896
"[0.896, 0.897)",0.029495912409968475,0.897
"[0.897, 0.898)",0.03542171208957875,0.898
"[0.898, 0.899)",0.03230427104037854,0.899
"[0.899, 0.9)",0.034299163615424,0.9
"[0.9, 0.901)",0.03159796122330384,0.901
"[0.901, 0.902)",0.033147406224354824,0.902
"[0.902, 0.903)",0.030077261340589967,0.903
"[0.903, 0.904)",0.029952489604576808,0.904
"[0.904, 0.905)",0.03071342527591489,0.905
"[0.905, 0.906)",0.033670259846728945,0.906
"[0.906, 0.907)",0.0304043362347874,0.907
"[0.907, 0.908)",0.028458712088943145,0.908
"[0.908, 0.909)",0.03198525702746668,0.909
"[0.909, 0.91)",0.0347421898175155,0.91
"[0.91, 0.911)",0.030638308495207666,0.911
"[0.911, 0.912)",0.029171941124592874,0.912
"[0.912, 0.913)",0.030244605895869577,0.913
"[0.913, 0.914)",0.03194017395963317,0.914
"[0.914, 0.915)",0.03266571305505001,0.915
"[0.915, 0.916)",0.03044339236147265,0.916
"[0.916, 0.917)",0.025140122739789803,0.917
"[0.917, 0.918)",0.030294726079673897,0.918
"[0.918, 0.919)",0.028491258807413003,0.919
"[0.919, 0.92)",0.0317268807237519,0.92
"[0.92, 0.921)",0.030357509731065865,0.921
"[0.921, 0.922)",0.026023225477795047,0.922
"[0.922, 0.923)",0.03249814672347694,0.923
"[0.923, 0.924)",0.027904161683482167,0.924
"[0.924, 0.925)",0.026596647197852603,0.925
"[0.925, 0.926)",0.029857301327406226,0.926
"[0.926, 0.927)",0.028617131853647837,0.927
"[0.927, 0.928)",0.02599162387605829,0.928
"[0.928, 0.929)",0.03586798145555199,0.929
"[0.929, 0.93)",0.032334061699660445,0.93
"[0.93, 0.931)",0.028708798889457383,0.931
"[0.931, 0.932)",0.031330975254146284,0.932
"[0.932, 0.933)",0.030003366573203613,0.933
"[0.933, 0.934)",0.03321161508108105,0.934
"[0.934, 0.935)",0.03043496465977567,0.935
"[0.935, 0.936)",0.03516171406540358,0.936
"[0.936, 0.937)",0.036520665863983864,0.937
"[0.937, 0.9380000000000001)",0.02946388328776864,0.938
"[0.9380000000000001, 0.9390000000000001)",0.03479200762062596,0.939
"[0.9390000000000001, 0.9400000000000001)",0.0405990440283642,0.94
"[0.9400000000000001, 0.9410000000000001)",0.028240660284958686,0.941
"[0.9410000000000001, 0.9420000000000001)",0.025147971586774693,0.942
"[0.9420000000000001, 0.9430000000000001)",0.035262218939412664,0.943
"[0.9430000000000001, 0.9440000000000001)",0.028500415285606095,0.944
"[0.9440000000000001, 0.9450000000000001)",0.02706684508070178,0.945
"[0.9450000000000001, 0.9460000000000001)",0.026336114943220607,0.946
"[0.9460000000000001, 0.9470000000000001)",0.028559011525877896,0.947
"[0.9470000000000001, 0.9480000000000001)",0.03078789461218183,0.948
"[0.9480000000000001, 0.9490000000000001)",0.03126383094767202,0.949
"[0.9490000000000001, 0.9500000000000001)",0.030552411818749983,0.95
"[0.9500000000000001, 0.9510000000000001)",0.03413258958628123,0.951
"[0.9510000000000001, 0.9520000000000001)",0.03408551979222715,0.952
"[0.9520000000000001, 0.9530000000000001)",0.03591716785908395,0.953
"[0.9530000000000001, 0.9540000000000001)",0.024747131686453632,0.954
"[0.9540000000000001, 0.9550000000000001)",0.030845973543661996,0.955
"[0.9550000000000001, 0.9560000000000001)",0.032447071419595595,0.956
"[0.9560000000000001, 0.9570000000000001)",0.027927438907743022,0.957
"[0.9570000000000001, 0.9580000000000001)",0.03091687471393194,0.958
"[0.9580000000000001, 0.9590000000000001)",0.031908964685406986,0.959
"[0.9590000000000001, 0.96)",0.029490307891174634,0.96
"[0.96, 0.961)",0.026692335208354897,0.961
"[0.961, 0.962)",0.029103837796319025,0.962
"[0.962, 0.963)",0.029450132440291387,0.963
"[0.963, 0.964)",0.029469477458540633,0.964
"[0.964, 0.965)",0.03251116735053187,0.965
"[0.965, 0.966)",0.030386821155646514,0.966
"[0.966, 0.967)",0.030948844377265767,0.967
"[0.967, 0.968)",0.027880151823647645,0.968
"[0.968, 0.969)",0.034710567872713406,0.969
"[0.969, 0.97)",0.028581115600097278,0.97
"[0.97, 0.971)",0.023023729426324052,0.971
"[0.971, 0.972)",0.0288415542479936,0.972
"[0.972, 0.973)",0.02352109562854895,0.973
"[0.973, 0.974)",0.026574114998527985,0.974
"[0.974, 0.975)",0.033585446571769366,0.975
"[0.975, 0.976)",0.034136385987377046,0.976
"[0.976, 0.977)",0.038809013699999985,0.977
"[0.977, 0.978)",0.029459701173303293,0.978
"[0.978, 0.979)",0.02686322143955641,0.979
"[0.979, 0.98)",0.0341793626002166,0.98
"[0.98, 0.981)",0.030238619973415506,0.981
"[0.981, 0.982)",0.03601400667844442,0.982
"[0.982, 0.983)",0.029842883019581816,0.983
"[0.983, 0.984)",0.031106277782173116,0.984
"[0.984, 0.985)",0.03169137646939785,0.985
"[0.985, 0.986)",0.029797006721647572,0.986
"[0.986, 0.987)",0.025366091780863097,0.987
"[0.987, 0.988)",0.02649735940730703,0.988
"[0.988, 0.989)",0.03683164831561941,0.989
"[0.989, 0.99)",0.030755509963043562,0.99
"[0.99, 0.991)",0.02177927330979558,0.991
"[0.991, 0.992)",0.02889209187181988,0.992
"[0.992, 0.993)",0.03485067269522939,0.993
"[0.993, 0.994)",0.035338441244854385,0.994
"[0.994, 0.995)",0.033030940947628706,0.995
"[0.995, 0.996)",0.02705601955419851,0.996
"[0.996, 0.997)",0.023541040204332127,0.997
"[0.997, 0.998)",0.03134628711687506,0.998
"[0.998, 0.999)",0.034586930439043866,0.999
"[0.999, 1.0)",0.03548615307529659,1.0
"[1.0, 1.0010000000000001)",0.0378778188529115,1.001
"[1.0010000000000001, 1.002)",0.027479173143699232,1.002
"[1.002, 1.0030000000000001)",0.02992472911924754,1.003
"[1.0030000000000001, 1.004)",0.03215573222125004,1.004
"[1.004, 1.0050000000000001)",0.028467501944318217,1.005
"[1.0050000000000001, 1.006)",0.02948237224132079,1.006
"[1.006, 1.0070000000000001)",0.035785194306012826,1.007
"[1.0070000000000001, 1.008)",0.028761727697830426,1.008
"[1.008, 1.0090000000000001)",0.030212326609349627,1.009
"[1.0090000000000001, 1.01)",0.026998214130791127,1.01
"[1.01, 1.0110000000000001)",0.029892854852631615,1.011
"[1.0110000000000001, 1.012)",0.03136379388766861,1.012
"[1.012, 1.0130000000000001)",0.027358265783300598,1.013
"[1.0130000000000001, 1.014)",0.029067456819031657,1.014
"[1.014, 1.0150000000000001)",0.028754446780000022,1.015
"[1.0150000000000001, 1.016)",0.03515833804015751,1.016
"[1.016, 1.0170000000000001)",0.02898665516316837,1.017
"[1.0170000000000001, 1.018)",0.03007496631613482,1.018
"[1.018, 1.0190000000000001)",0.03763633304800005,1.019
"[1.0190000000000001, 1.02)",0.02487040617025052,1.02
"[1.02, 1.0210000000000001)",0.03708365148787882,1.021
"[1.0210000000000001, 1.022)",0.03440885453737273,1.022
"[1.022, 1.0230000000000001)",0.0314146416480164,1.023
"[1.0230000000000001, 1.024)",0.039934327697987965,1.024
"[1.024, 1.025)",0.0346113610497065,1.025
"[1.025, 1.026)",0.03413108945568827,1.026
"[1.026, 1.027)",0.030613751659761,1.027
"[1.027, 1.028)",0.03486461284741552,1.028
"[1.028, 1.029)",0.03447229466049901,1.029
"[1.029, 1.03)",0.02869065740929297,1.03
"[1.03, 1.031)",0.03156143500040654,1.031
"[1.031, 1.032)",0.0312408008669388,1.032
"[1.032, 1.033)",0.0306043795930948,1.033
"[1.033, 1.034)",0.03260589978411412,1.034
"[1.034, 1.035)",0.03570283889030303,1.035
"[1.035, 1.036)",0.030107112785971987,1.036
"[1.036, 1.037)",0.029847642427327976,1.037
"[1.037, 1.038)",0.029845128507113048,1.038
"[1.038, 1.039)",0.02612624232744683,1.039
"[1.039, 1.04)",0.02560190242575758,1.04
"[1.04, 1.041)",0.032874210179389005,1.041
"[1.041, 1.042)",0.02637350879180043,1.042
"[1.042, 1.043)",0.02694391122697532,1.043
"[1.043, 1.044)",0.026261748604272956,1.044
"[1.044, 1.045)",0.03373780967423231,1.045
"[1.045, 1.046)",0.032243952695974624,1.046
"[1.046, 1.047)",0.027677879062705125,1.047
"[1.047, 1.048)",0.031198817116890605,1.048
"[1.048, 1.049)",0.03550988943475669,1.049
"[1.049, 1.05)",0.02607741931023673,1.05
"[1.05, 1.051)",0.03425168398780292,1.051
"[1.051, 1.052)",0.027316925371428595,1.052
"[1.052, 1.053)",0.034187576938986816,1.053
"[1.053, 1.054)",0.03443646030733932,1.054
"[1.054, 1.055)",0.029229547343711835,1.055
"[1.055, 1.056)",0.030935121934161532,1.056
"[1.056, 1.057)",0.02873872816502123,1.057
"[1.057, 1.058)",0.030884493967659594,1.058
"[1.058, 1.059)",0.03084089001778661,1.059
"[1.059, 1.06)",0.029003366098210765,1.06
"[1.06, 1.061)",0.027837941396800025,1.061
"[1.061, 1.062)",0.03254862946637933,1.062
"[1.062, 1.063)",0.025885045041923915,1.063
"[1.063, 1.064)",0.032601516118651745,1.064
"[1.064, 1.065)",0.028911196451199158,1.065
"[1.065, 1.066)",0.03088127019726896,1.066
"[1.066, 1.067)",0.030416033523041525,1.067
"[1.067, 1.068)",0.03379636227460676,1.068
"[1.068, 1.069)",0.029291989217161037,1.069
"[1.069, 1.07)",0.029290011789333353,1.07
"[1.07, 1.071)",0.02509293538893711,1.071
"[1.071, 1.072)",0.034021503145258696,1.072
"[1.072, 1.073)",0.024204233920892514,1.073
"[1.073, 1.074)",0.03279993411885247,1.074
"[1.074, 1.075)",0.029062422880000015,1.075
"[1.075, 1.076)",0.028312375020895262,1.076
"[1.076, 1.077)",0.025502958030830004,1.077
"[1.077, 1.078)",0.03000625247661799,1.078
"[1.078, 1.079)",0.031293730506072925,1.079
"[1.079, 1.08)",0.024169385495830076,1.08
"[1.08, 1.081)",0.030889232588531778,1.081
"[1.081, 1.082)",0.02871186611903413,1.082
"[1.082, 1.083)",0.029046802143867,1.083
"[1.083, 1.084)",0.025034439526403177,1.084
"[1.084, 1.085)",0.034800275097023804,1.085
"[1.085, 1.086)",0.02967840890310978,1.086
"[1.086, 1.087)",0.03067246162782265,1.087
"[1.087, 1.088)",0.03138226061897537,1.088
"[1.088, 1.089)",0.0295119812621053,1.089
"[1.089, 1.09)",0.026286295459371105,1.09
"[1.09, 1.091)",0.037413746335021064,1.091
"[1.091, 1.092)",0.028000367533298785,1.092
"[1.092, 1.093)",0.02969507589954461,1.093
"[1.093, 1.094)",0.03073204726388239,1.094
"[1.094, 1.095)",0.03242626238020004,1.095
"[1.095, 1.096)",0.038235862961099355,1.096
"[1.096, 1.097)",0.03529552750019574,1.097
"[1.097, 1.098)",0.026165924572537896,1.098
"[1.098, 1.099)",0.03836085978172271,1.099
"[1.099, 1.1)",0.02984784963795183,1.1
"[1.1, 1.101)",0.03193107719089033,1.101
"[1.101, 1.102)",0.03284856779816701,1.102
"[1.102, 1.103)",0.02648209614274666,1.103
"[1.103, 1.104)",0.028996469307975517,1.104
"[1.104, 1.105)",0.025764982840275102,1.105
"[1.105, 1.106)",0.037505252134907636,1.106
"[1.106, 1.107)",0.02469847695525773,1.107
"[1.107, 1.108)",0.027442547234273383,1.108
"[1.108, 1.109)",0.02994979165228219,1.109
"[1.109, 1.11)",0.024870172028548965,1.11
"[1.11, 1.111)",0.03809377238607597,1.111
"[1.111, 1.112)",0.025962425460633518,1.112
"[1.112, 1.113)",0.02558448734383337,1.113
"[1.113, 1.114)",0.027236886881932806,1.114
"[1.114, 1.115)",0.028431422818538873,1.115
"[1.115, 1.116)",0.023684736546313614,1.116
"[1.116, 1.117)",0.03253858266898154,1.117
"[1.117, 1.118)",0.0327761361157113,1.118
"[1.118, 1.119)",0.0378974448054422,1.119
"[1.119, 1.12)",0.03102522496566824,1.12
"[1.12, 1.121)",0.036877487591067556,1.121
"[1.121, 1.122)",0.025729544312328784,1.122
"[1.122, 1.123)",0.025477125157103615,1.123
"[1.123, 1.124)",0.025929102027539536,1.124
"[1.124, 1.125)",0.029185342643203913,1.125
"[1.125, 1.1260000000000001)",0.02952822466331711,1.126
"[1.1260000000000001, 1.127)",0.03073539330408657,1.127
"[1.127, 1.1280000000000001)",0.030174779451535138,1.128
"[1.1280000000000001, 1.129)",0.029293965252570133,1.129
"[1.129, 1.1300000000000001)",0.026103957693430695,1.13
"[1.1300000000000001, 1.131)",0.028567247015368002,1.131
"[1.131, 1.1320000000000001)",0.02773739994802633,1.132
"[1.1320000000000001, 1.133)",0.02854984255234043,1.133
"[1.133, 1.1340000000000001)",0.0304910578265659,1.134
"[1.1340000000000001, 1.135)",0.030284706440983637,1.135
"[1.135, 1.1360000000000001)",0.029548747095205503,1.136
"[1.1360000000000001, 1.137)",0.026450108947663576,1.137
"[1.137, 1.1380000000000001)",0.035480434631380196,1.138
"[1.1380000000000001, 1.139)",0.03345278672172755,1.139
"[1.139, 1.1400000000000001)",0.030351354291048065,1.14
"[1.1400000000000001, 1.141)",0.028799146450759233,1.141
"[1.141, 1.1420000000000001)",0.02444139386482305,1.142
"[1.1420000000000001, 1.143)",0.02776475828135701,1.143
"[1.143, 1.1440000000000001)",0.027792594832696922,1.144
"[1.1440000000000001, 1.145)",0.0316467903354249,1.145
"[1.145, 1.1460000000000001)",0.03892649361047838,1.146
"[1.1460000000000001, 1.147)",0.027550887754965406,1.147
"[1.147, 1.1480000000000001)",0.03672181384476199,1.148
"[1.1480000000000001, 1.149)",0.023510236066206912,1.149
"[1.149, 1.1500000000000001)",0.029725837968292715,1.15
"[1.1500000000000001, 1.151)",0.025772601509719262,1.151
"[1.151, 1.1520000000000001)",0.0285945519684071,1.152
"[1.1520000000000001, 1.153)",0.03234838454516134,1.153
"[1.153, 1.154)",0.027188243490170263,1.154
"[1.154, 1.155)",0.023615831062638613,1.155
"[1.155, 1.156)",0.03154910591757052,1.156
"[1.156, 1.157)",0.027866222472873604,1.157
"[1.157, 1.158)",0.028323278064988036,1.158
"[1.158, 1.159)",0.025229186369107565,1.159
"[1.159, 1.16)",0.031508870863311,1.16
"[1.16, 1.161)",0.02612007943052396,1.161
"[1.161, 1.162)",0.029736050279025567,1.162
"[1.162, 1.163)",0.02874056301988768,1.163
"[1.163, 1.164)",0.04298223464568712,1.164
"[1.164, 1.165)",0.037133382241503476,1.165
"[1.165, 1.166)",0.027964494556444477,1.166
"[1.166, 1.167)",0.029534437358849596,1.167
"[1.167, 1.168)",0.029906250760869606,1.168
"[1.168, 1.169)",0.02524164323189449,1.169
"[1.169, 1.17)",0.03174352553724607,1.17
"[1.17, 1.171)",0.03264724357960187,1.171
"[1.171, 1.172)",0.03267784790270274,1.172
"[1.172, 1.173)",0.03271866192990591,1.173
"[1.173, 1.174)",0.031083788857528136,1.174
"[1.174, 1.175)",0.03331633390368424,1.175
"[1.175, 1.176)",0.03275175191981359,1.176
"[1.176, 1.177)",0.030211297782238473,1.177
"[1.177, 1.178)",0.040155331007323276,1.178
"[1.178, 1.179)",0.028288377192070523,1.179
"[1.179, 1.18)",0.031166188515466705,1.18
"[1.18, 1.181)",0.024350694749455365,1.181
"[1.181, 1.182)",0.04075623985671643,1.182
"[1.182, 1.183)",0.02718239227021278,1.183
"[1.183, 1.184)",0.02588515273525747,1.184
"[1.184, 1.185)",0.0266933083731458,1.185
"[1.185, 1.186)",0.022282099827131762,1.186
"[1.186, 1.187)",0.03269170341670954,1.187
"[1.187, 1.188)",0.0281309094580153,1.188
"[1.188, 1.189)",0.03095673901274366,1.189
"[1.189, 1.19)",0.023614796213769235,1.19
"[1.19, 1.191)",0.031189080510762735,1.191
"[1.191, 1.192)",0.030050041612628888,1.192
"[1.192, 1.193)",0.028267894246482444,1.193
"[1.193, 1.194)",0.026437811158097693,1.194
"[1.194, 1.195)",0.023870975268393813,1.195
"[1.195, 1.196)",0.025886613558333337,1.196
"[1.196, 1.197)",0.03487260751538465,1.197
"[1.197, 1.198)",0.028376541361246635,1.198
"[1.198, 1.199)",0.031836547666846425,1.199
"[1.199, 1.2)",0.023935499337801605,1.2
"[1.2, 1.201)",0.02922051113740526,1.201
"[1.201, 1.202)",0.02543663545246379,1.202
"[1.202, 1.203)",0.03939188330805799,1.203
"[1.203, 1.204)",0.029760226954768397,1.204
"[1.204, 1.205)",0.03326494343817927,1.205
"[1.205, 1.206)",0.027298140490723273,1.206
"[1.206, 1.207)",0.023324289020473375,1.207
"[1.207, 1.208)",0.028640336841470656,1.208
"[1.208, 1.209)",0.03381543365418996,1.209
"[1.209, 1.21)",0.02520195887653632,1.21
"[1.21, 1.211)",0.039699291797006035,1.211
"[1.211, 1.212)",0.033456997573953505,1.212
"[1.212, 1.213)",0.025369112983734957,1.213
"[1.213, 1.214)",0.024461216022164937,1.214
"[1.214, 1.215)",0.038938942727680295,1.215
"[1.215, 1.216)",0.025572314186132598,1.216
"[1.216, 1.217)",0.028942086238514304,1.217
"[1.217, 1.218)",0.027997459387567602,1.218
"[1.218, 1.219)",0.019670984303672305,1.219
"[1.219, 1.22)",0.027528015431741583,1.22
"[1.22, 1.221)",0.029555265508635135,1.221
"[1.221, 1.222)",0.029103039371745187,1.222
"[1.222, 1.223)",0.02900824767177468,1.223
"[1.223, 1.224)",0.0333440604478142,1.224
"[1.224, 1.225)",0.03305675687681568,1.225
"[1.225, 1.226)",0.025986770692790675,1.226
"[1.226, 1.227)",0.029607620120809284,1.227
"[1.227, 1.228)",0.025938440009735476,1.228
"[1.228, 1.229)",0.02895647110211645,1.229
"[1.229, 1.23)",0.03414800995758429,1.23
"[1.23, 1.231)",0.0339290043652446,1.231
"[1.231, 1.232)",0.028767815368783124,1.232
"[1.232, 1.233)",0.03140533706695157,1.233
"[1.233, 1.234)",0.03369730077535019,1.234
"[1.234, 1.235)",0.025448886284595306,1.235
"[1.235, 1.236)",0.026560963566568944,1.236
"[1.236, 1.237)",0.032865346684084105,1.237
"[1.237, 1.238)",0.03825707733583818,1.238
"[1.238, 1.239)",0.04145727560028176,1.239
"[1.239, 1.24)",0.02595887719553072,1.24
"[1.24, 1.241)",0.03628759683984086,1.241
"[1.241, 1.242)",0.04088345518558824,1.242
"[1.242, 1.243)",0.03208505261531796,1.243
"[1.243, 1.244)",0.02954657100027473,1.244
"[1.244, 1.245)",0.04221956629690617,1.245
"[1.245, 1.246)",0.031992136688601076,1.246
"[1.246, 1.247)",0.034470442076190475,1.247
"[1.247, 1.248)",0.033398011618814456,1.248
"[1.248, 1.249)",0.026285017223099755,1.249
"[1.249, 1.25)",0.023805275383236964,1.25
"[1.25, 1.2510000000000001)",0.02169936387774723,1.251
"[1.2510000000000001, 1.252)",0.024622379974489798,1.252
"[1.252, 1.2530000000000001)",0.024060734652328778,1.253
"[1.2530000000000001, 1.254)",0.031144638537525055,1.254
"[1.254, 1.2550000000000001)",0.028356070494246613,1.255
"[1.2550000000000001, 1.256)",0.02627797748679248,1.256
"[1.256, 1.2570000000000001)",0.029737655859380104,1.257
"[1.2570000000000001, 1.258)",0.026728969851954033,1.258
"[1.258, 1.2590000000000001)",0.03404444450636366,1.259
"[1.2590000000000001, 1.26)",0.025305876077581863,1.26
"[1.26, 1.2610000000000001)",0.02372354920135135,1.261
"[1.2610000000000001, 1.262)",0.029799027592944054,1.262
"[1.262, 1.2630000000000001)",0.041106004566193136,1.263
"[1.2630000000000001, 1.264)",0.03136719836602212,1.264
"[1.264, 1.2650000000000001)",0.0202201446919689,1.265
"[1.2650000000000001, 1.266)",0.03139823102758358,1.266
"[1.266, 1.2670000000000001)",0.026795098666169203,1.267
"[1.2670000000000001, 1.268)",0.027619772885740163,1.268
"[1.268, 1.2690000000000001)",0.02871186844929913,1.269
"[1.2690000000000001, 1.27)",0.02755059808959679,1.27
"[1.27, 1.2710000000000001)",0.026227991871038716,1.271
"[1.2710000000000001, 1.272)",0.030233461531666714,1.272
"[1.272, 1.2730000000000001)",0.029834723917149815,1.273
"[1.2730000000000001, 1.274)",0.02915095755580742,1.274
"[1.274, 1.2750000000000001)",0.03151382127720003,1.275
"[1.2750000000000001, 1.276)",0.026889685536895695,1.276
"[1.276, 1.2770000000000001)",0.035912799744854916,1.277
"[1.2770000000000001, 1.278)",0.032524818369059426,1.278
"[1.278, 1.2790000000000001)",0.027157163523437555,1.279
"[1.2790000000000001, 1.28)",0.03582856925057596,1.28
"[1.28, 1.281)",0.025791591688250022,1.281
"[1.281, 1.282)",0.029618099988520455,1.282
"[1.282, 1.283)",0.024134333755778902,1.283
"[1.283, 1.284)",0.03709728749346739,1.284
"[1.284, 1.285)",0.02927385207146465,1.285
"[1.285, 1.286)",0.03191183787701574,1.286
"[1.286, 1.287)",0.03060523591890417,1.287
"[1.287, 1.288)",0.032498025121551775,1.288
"[1.288, 1.289)",0.02921595367213115,1.289
"[1.289, 1.29)",0.0318708623782457,1.29
"[1.29, 1.291)",0.03303954450887575,1.291
"[1.291, 1.292)",0.02990385853418804,1.292
"[1.292, 1.293)",0.030224535610610087,1.293
"[1.293, 1.294)",0.03155528449585635,1.294
"[1.294, 1.295)",0.031806318695867766,1.295
"[1.295, 1.296)",0.03477804808238484,1.296
"[1.296, 1.297)",0.02787289179442895,1.297
"[1.297, 1.298)",0.0259456065152786,1.298
"[1.298, 1.299)",0.025573621242204313,1.299
"[1.299, 1.3)",0.036979501119609626,1.3
"[1.3, 1.301)",0.022530175403416168,1.301
"[1.301, 1.302)",0.04131910148549387,1.302
"[1.302, 1.303)",0.023295170172958186,1.303
"[1.303, 1.304)",0.02144555934819276,1.304
"[1.304, 1.305)",0.024532368938082173,1.305
"[1.305, 1.306)",0.02356056582712417,1.306
"[1.306, 1.307)",0.02381263169945286,1.307
"[1.307, 1.308)",0.034948212541945314,1.308
"[1.308, 1.309)",0.02345628310612583,1.309
"[1.309, 1.31)",0.023678637216109202,1.31
"[1.31, 1.311)",0.028698183550865376,1.311
"[1.311, 1.312)",0.02968515977394136,1.312
"[1.312, 1.313)",0.024184532079710136,1.313
"[1.313, 1.314)",0.02651343599769823,1.314
"[1.314, 1.315)",0.030967647810427816,1.315
"[1.315, 1.316)",0.026974711379365066,1.316
"[1.316, 1.317)",0.03551751394273258,1.317
"[1.317, 1.318)",0.025664590504318165,1.318
"[1.318, 1.319)",0.027591868914886717,1.319
"[1.319, 1.32)",0.024063700414858145,1.32
"[1.32, 1.321)",0.028036142079801336,1.321
"[1.321, 1.322)",0.031089298274342123,1.322
"[1.322, 1.323)",0.02903824045659724,1.323
"[1.323, 1.324)",0.02487893022371135,1.324
"[1.324, 1.325)",0.028426403406007054,1.325
"[1.325, 1.326)",0.034038492468345345,1.326
"[1.326, 1.327)",0.03160290583978873,1.327
"[1.327, 1.328)",0.03280516257813504,1.328
"[1.328, 1.329)",0.03780110768152868,1.329
"[1.329, 1.33)",0.028985242345384608,1.33
"[1.33, 1.331)",0.03174266307832259,1.331
"[1.331, 1.332)",0.024866388507692305,1.332
"[1.332, 1.333)",0.03172987790049298,1.333
"[1.333, 1.334)",0.027245836327697844,1.334
"[1.334, 1.335)",0.022664906709157506,1.335
"[1.335, 1.336)",0.032046751085348,1.336
"[1.336, 1.337)",0.026974043218041227,1.337
"[1.337, 1.338)",0.04176043573120302,1.338
"[1.338, 1.339)",0.026282494386377715,1.339
"[1.339, 1.34)",0.024959450486267614,1.34
"[1.34, 1.341)",0.028698325531271468,1.341
"[1.341, 1.342)",0.03028546315218978,1.342
"[1.342, 1.343)",0.028823968058657237,1.343
"[1.343, 1.344)",0.03310298126058636,1.344
"[1.344, 1.345)",0.03555719697078651,1.345
"[1.345, 1.346)",0.025311544216205524,1.346
"[1.346, 1.347)",0.02901962704832713,1.347
"[1.347, 1.348)",0.03648380349674157,1.348
"[1.348, 1.349)",0.030493497685121104,1.349
"[1.349, 1.35)",0.033255059033255825,1.35
"[1.35, 1.351)",0.0393968778731183,1.351
"[1.351, 1.352)",0.028466988279333343,1.352
"[1.352, 1.353)",0.02473198980537633,1.353
"[1.353, 1.354)",0.03190244302278913,1.354
"[1.354, 1.355)",0.03181521101034483,1.355
"[1.355, 1.356)",0.030517025738545457,1.356
"[1.356, 1.357)",0.026754350737916655,1.357
"[1.357, 1.358)",0.026666313771315793,1.358
"[1.358, 1.359)",0.02415508834924242,1.359
"[1.359, 1.36)",0.03199231807514767,1.36
"[1.36, 1.361)",0.03279041987384328,1.361
"[1.361, 1.362)",0.03442544416501765,1.362
"[1.362, 1.363)",0.03259077450976561,1.363
"[1.363, 1.364)",0.03244929735563381,1.364
"[1.364, 1.365)",0.023337786997154462,1.365
"[1.365, 1.366)",0.022471009046808522,1.366
"[1.366, 1.367)",0.030794440745019917,1.367
"[1.367, 1.368)",0.022984255924796748,1.368
"[1.368, 1.369)",0.04086521059588463,1.369
"[1.369, 1.37)",0.03403438891415929,1.37
"[1.37, 1.371)",0.027742251354980978,1.371
"[1.371, 1.372)",0.03203263081898735,1.372
"[1.372, 1.373)",0.038274448491213434,1.373
"[1.373, 1.374)",0.031235023367391267,1.374
"[1.374, 1.375)",0.03212863700515874,1.375
"[1.375, 1.3760000000000001)",0.03023992956249999,1.376
"[1.3760000000000001, 1.377)",0.025460375357563018,1.377
"[1.377, 1.3780000000000001)",0.020684390806445303,1.378
"[1.3780000000000001, 1.379)",0.02966213841316873,1.379
"[1.379, 1.3800000000000001)",0.02360898274552528,1.38
"[1.3800000000000001, 1.381)",0.023090142279766537,1.381
"[1.381, 1.3820000000000001)",0.03592445438868778,1.382
"[1.3820000000000001, 1.383)",0.03221735775174721,1.383
"[1.383, 1.3840000000000001)",0.039910539982527894,1.384
"[1.3840000000000001, 1.385)",0.038583121287072315,1.385
"[1.385, 1.3860000000000001)",0.033930257972030683,1.386
"[1.3860000000000001, 1.387)",0.0272507947191235,1.387
"[1.387, 1.3880000000000001)",0.03110845656507936,1.388
"[1.3880000000000001, 1.389)",0.025230533519377433,1.389
"[1.389, 1.3900000000000001)",0.026324537756097558,1.39
"[1.3900000000000001, 1.391)",0.03095610710344827,1.391
"[1.391, 1.3920000000000001)",0.03193117216721309,1.392
"[1.3920000000000001, 1.393)",0.02408312657227091,1.393
"[1.393, 1.3940000000000001)",0.02602348960912862,1.394
"[1.3940000000000001, 1.395)",0.040179067169863025,1.395
"[1.395, 1.3960000000000001)",0.02313471047658729,1.396
"[1.3960000000000001, 1.397)",0.03049082791836653,1.397
"[1.397, 1.3980000000000001)",0.029680389273643387,1.398
"[1.3980000000000001, 1.399)",0.02639400801504064,1.399
"[1.399, 1.4000000000000001)",0.03182397243313306,1.4
"[1.4000000000000001, 1.401)",0.03329501697333333,1.401
"[1.401, 1.4020000000000001)",0.018745632632083332,1.402
"[1.4020000000000001, 1.403)",0.039103282601226044,1.403
"[1.403, 1.4040000000000001)",0.02641703741768887,1.404
"[1.4040000000000001, 1.405)",0.026484491647450967,1.405
"[1.405, 1.4060000000000001)",0.04333595167796612,1.406
"[1.4060000000000001, 1.407)",0.0329476688169008,1.407
"[1.407, 1.408)",0.02677253841336033,1.408
"[1.408, 1.409)",0.03601377292697095,1.409
"[1.409, 1.41)",0.03546913272226566,1.41
"[1.41, 1.411)",0.02483000772787499,1.411
"[1.411, 1.412)",0.03375515034497816,1.412
"[1.412, 1.413)",0.03352791927474358,1.413
"[1.413, 1.414)",0.020154261253777773,1.414
"[1.414, 1.415)",0.026502416289348664,1.415
"[1.415, 1.416)",0.027360072031512576,1.416
"[1.416, 1.417)",0.024987197599576273,1.417
"[1.417, 1.418)",0.023761929590297853,1.418
"[1.418, 1.419)",0.025656135894827587,1.419
"[1.419, 1.42)",0.023671029668796997,1.42
"[1.42, 1.421)",0.03372996754108109,1.421
"[1.421, 1.422)",0.037609158416972474,1.422
"[1.422, 1.423)",0.03030924481416665,1.423
"[1.423, 1.424)",0.04208805577892379,1.424
"[1.424, 1.425)",0.027154314033179743,1.425
"[1.425, 1.426)",0.01899348186804781,1.426
"[1.426, 1.427)",0.02705605354654377,1.427
"[1.427, 1.428)",0.028781833770464144,1.428
"[1.428, 1.429)",0.034326846678204084,1.429
"[1.429, 1.43)",0.02614313542435798,1.43
"[1.43, 1.431)",0.030013653036708856,1.431
"[1.431, 1.432)",0.03356624534394619,1.432
"[1.432, 1.433)",0.03169029195973451,1.433
"[1.433, 1.434)",0.025535976851865656,1.434
"[1.434, 1.435)",0.02073730604008439,1.435
"[1.435, 1.436)",0.03264754277965365,1.436
"[1.436, 1.437)",0.025441249741525424,1.437
"[1.437, 1.438)",0.02811840504680751,1.438
"[1.438, 1.439)",0.029704970329288684,1.439
"[1.439, 1.44)",0.032248638645131604,1.44
"[1.44, 1.441)",0.030924251298283245,1.441
"[1.441, 1.442)",0.02282458552353847,1.442
"[1.442, 1.443)",0.038162700032327586,1.443
"[1.443, 1.444)",0.03579606011153846,1.444
"[1.444, 1.445)",0.025058322019087132,1.445
"[1.445, 1.446)",0.025131279426984104,1.446
"[1.446, 1.447)",0.04621267339460583,1.447
"[1.447, 1.448)",0.027983049929184545,1.448
"[1.448, 1.449)",0.02713493477405855,1.449
"[1.449, 1.45)",0.02669969048248064,1.45
"[1.45, 1.451)",0.022192148127192966,1.451
"[1.451, 1.452)",0.023472852162343086,1.452
"[1.452, 1.453)",0.038089333242677825,1.453
"[1.453, 1.454)",0.03589314167095238,1.454
"[1.454, 1.455)",0.02685742008762377,1.455
"[1.455, 1.456)",0.045212655170995056,1.456
"[1.456, 1.457)",0.033777345560080614,1.457
"[1.457, 1.458)",0.03043419060610328,1.458
"[1.458, 1.459)",0.03659284831725663,1.459
"[1.459, 1.46)",0.02329081551741071,1.46
"[1.46, 1.461)",0.021614993132735433,1.461
"[1.461, 1.462)",0.035231925639150945,1.462
"[1.462, 1.463)",0.03329641324316512,1.463
"[1.463, 1.464)",0.03214654798585151,1.464
"[1.464, 1.465)",0.02355937733259912,1.465
"[1.465, 1.466)",0.03822313352167489,1.466
"[1.466, 1.467)",0.03151476190619469,1.467
"[1.467, 1.468)",0.02763261888287038,1.468
"[1.468, 1.469)",0.03297695053475768,1.469
"[1.469, 1.47)",0.03279400021836736,1.47
"[1.47, 1.471)",0.030521562192857142,1.471
"[1.471, 1.472)",0.029755265439423077,1.472
"[1.472, 1.473)",0.036240386143540665,1.473
"[1.473, 1.474)",0.02780933313073172,1.474
"[1.474, 1.475)",0.03213039198936172,1.475
"[1.475, 1.476)",0.03019412157272728,1.476
"[1.476, 1.477)",0.03747346059666666,1.477
"[1.477, 1.478)",0.034325614038589226,1.478
"[1.478, 1.479)",0.03440860476470587,1.479
"[1.479, 1.48)",0.034308687210101,1.48
"[1.48, 1.481)",0.02986034735351599,1.481
"[1.481, 1.482)",0.03299576696712329,1.482
"[1.482, 1.483)",0.036246400484390234,1.483
"[1.483, 1.484)",0.02633127546788287,1.484
"[1.484, 1.485)",0.030292856746205146,1.485
"[1.485, 1.486)",0.04126286336126128,1.486
"[1.486, 1.487)",0.032718006603862655,1.487
"[1.487, 1.488)",0.044092270437962974,1.488
"[1.488, 1.489)",0.033465682304115243,1.489
"[1.489, 1.49)",0.033482491646724885,1.49
"[1.49, 1.491)",0.025856134176995303,1.491
"[1.491, 1.492)",0.035057449570408176,1.492
"[1.492, 1.493)",0.03488520538960893,1.493
"[1.493, 1.494)",0.022572777847236193,1.494
"[1.494, 1.495)",0.023394449169194316,1.495
"[1.495, 1.496)",0.03927772592222222,1.496
"[1.496, 1.497)",0.03196307601928931,1.497
"[1.497, 1.498)",0.03096182471060606,1.498
"[1.498, 1.499)",0.035783745968599026,1.499
"[1.499, 1.5)",0.027816467000000015,1.5
"[1.5, 1.5010000000000001)",0.03476752827929294,1.501
"[1.5010000000000001, 1.502)",0.024330804494088674,1.502
"[1.502, 1.5030000000000001)",0.03314955082560389,1.503
"[1.5030000000000001, 1.504)",0.03237534813306123,1.504
"[1.504, 1.5050000000000001)",0.0372761414619469,1.505
"[1.5050000000000001, 1.506)",0.031433025802392316,1.506
"[1.506, 1.5070000000000001)",0.02686990814874493,1.507
"[1.5070000000000001, 1.508)",0.026079827173271904,1.508
"[1.508, 1.5090000000000001)",0.0244555058622897,1.509
"[1.5090000000000001, 1.51)",0.02254276846848101,1.51
"[1.51, 1.5110000000000001)",0.029637900302094237,1.511
"[1.5110000000000001, 1.512)",0.036794206303791474,1.512
"[1.512, 1.5130000000000001)",0.022049051190658437,1.513
"[1.5130000000000001, 1.514)",0.029234695665000015,1.514
"[1.514, 1.5150000000000001)",0.03379088402113043,1.515
"[1.5150000000000001, 1.516)",0.030460887908121813,1.516
"[1.516, 1.5170000000000001)",0.03908200389830508,1.517
"[1.5170000000000001, 1.518)",0.029764253703196335,1.518
"[1.518, 1.5190000000000001)",0.03678718074292452,1.519
"[1.5190000000000001, 1.52)",0.029752065603896115,1.52
"[1.52, 1.5210000000000001)",0.02479493640484018,1.521
"[1.5210000000000001, 1.522)",0.02946833900523809,1.522
"[1.522, 1.5230000000000001)",0.03053837736349998,1.523
"[1.5230000000000001, 1.524)",0.045751807754450265,1.524
"[1.524, 1.5250000000000001)",0.025781318962441308,1.525
"[1.5250000000000001, 1.526)",0.022682166393906255,1.526
"[1.526, 1.5270000000000001)",0.021627404256398104,1.527
"[1.5270000000000001, 1.528)",0.028893881221633676,1.528
"[1.528, 1.5290000000000001)",0.02806710542894735,1.529
"[1.5290000000000001, 1.53)",0.030668478284357523,1.53
"[1.53, 1.5310000000000001)",0.03959007278010204,1.531
"[1.5310000000000001, 1.532)",0.028136501010245406,1.532
"[1.532, 1.5330000000000001)",0.022426580402185804,1.533
"[1.5330000000000001, 1.534)",0.032428215330107514,1.534
"[1.534, 1.5350000000000001)",0.022632785017611935,1.535
"[1.5350000000000001, 1.536)",0.02436141446284153,1.536
"[1.536, 1.537)",0.0359603143333333,1.537
"[1.537, 1.538)",0.02708892796649999,1.538
"[1.538, 1.539)",0.026695754230857145,1.539
"[1.539, 1.54)",0.02598057506927083,1.54
"[1.54, 1.541)",0.022911282919696973,1.541
"[1.541, 1.542)",0.029591543656837596,1.542
"[1.542, 1.543)",0.027452770892344505,1.543
"[1.543, 1.544)",0.027515793462295088,1.544
"[1.544, 1.545)",0.02749906424770641,1.545
"[1.545, 1.546)",0.020255638076190484,1.546
"[1.546, 1.547)",0.02423177170118811,1.547
"[1.547, 1.548)",0.02835000794562212,1.548
"[1.548, 1.549)",0.02328808357155555,1.549
"[1.549, 1.55)",0.023827128928426405,1.55
"[1.55, 1.551)",0.019576593231638417,1.551
"[1.551, 1.552)",0.020286474094736835,1.552
"[1.552, 1.553)",0.0340786890507614,1.553
"[1.553, 1.554)",0.02754880948649999,1.554
"[1.554, 1.555)",0.02524556087065219,1.555
"[1.555, 1.556)",0.025424516694444458,1.556
"[1.556, 1.557)",0.027324876304926103,1.557
"[1.557, 1.558)",0.022233539610714295,1.558
"[1.558, 1.559)",0.027831336680927812,1.559
"[1.559, 1.56)",0.030612779307,1.56
"[1.56, 1.561)",0.02071642201831682,1.561
"[1.561, 1.562)",0.0341344983548387,1.562
"[1.562, 1.563)",0.03275835261438422,1.563
"[1.563, 1.564)",0.03953750297823831,1.564
"[1.564, 1.565)",0.03666579072941176,1.565
"[1.565, 1.566)",0.034926936381904757,1.566
"[1.566, 1.567)",0.02614968607729468,1.567
"[1.567, 1.568)",0.02681722918893806,1.568
"[1.568, 1.569)",0.026694865818019314,1.569
"[1.569, 1.57)",0.029460809616082457,1.57
"[1.57, 1.571)",0.03654341882615383,1.571
"[1.571, 1.572)",0.027064296166666658,1.572
"[1.572, 1.573)",0.041714027859701505,1.573
"[1.573, 1.574)",0.030722531714903852,1.574
"[1.574, 1.575)",0.023345122827663548,1.575
"[1.575, 1.576)",0.0326185176714932,1.576
"[1.576, 1.577)",0.026356698306944454,1.577
"[1.577, 1.578)",0.033140887920744676,1.578
"[1.578, 1.579)",0.03206807314840182,1.579
"[1.579, 1.58)",0.03967169777285715,1.58
"[1.58, 1.581)",0.03258539992290503,1.581
"[1.581, 1.582)",0.024232782458536592,1.582
"[1.582, 1.583)",0.030261394441791045,1.583
"[1.583, 1.584)",0.035078090044554436,1.584
"[1.584, 1.585)",0.02680414090339807,1.585
"[1.585, 1.586)",0.03817076965649999,1.586
"[1.586, 1.587)",0.03388847123108225,1.587
"[1.587, 1.588)",0.03199689764126984,1.588
"[1.588, 1.589)",0.023595213331415923,1.589
"[1.589, 1.59)",0.02380897421345133,1.59
"[1.59, 1.591)",0.04340796391780822,1.591
"[1.591, 1.592)",0.03508560089421051,1.592
"[1.592, 1.593)",0.03069703627918781,1.593
"[1.593, 1.594)",0.0320027371641791,1.594
"[1.594, 1.595)",0.02709433583027523,1.595
"[1.595, 1.596)",0.025851473103940897,1.596
"[1.596, 1.597)",0.021325722276881724,1.597
"[1.597, 1.598)",0.032750535692307674,1.598
"[1.598, 1.599)",0.02761117492178771,1.599
"[1.599, 1.6)",0.023423270772398197,1.6
"[1.6, 1.601)",0.033377525252631574,1.601
"[1.601, 1.602)",0.031307132903465325,1.602
"[1.602, 1.603)",0.025073811974761894,1.603
"[1.603, 1.604)",0.028124244550765277,1.604
"[1.604, 1.605)",0.026647368563959373,1.605
"[1.605, 1.606)",0.041177358860714296,1.606
"[1.606, 1.607)",0.03405596061928934,1.607
"[1.607, 1.608)",0.022390338113636367,1.608
"[1.608, 1.609)",0.020722183313000003,1.609
"[1.609, 1.61)",0.021932665506359444,1.61
"[1.61, 1.611)",0.02205580712723216,1.611
"[1.611, 1.612)",0.02776211939499999,1.612
"[1.612, 1.613)",0.04040995309470896,1.613
"[1.613, 1.614)",0.027592770032863825,1.614
"[1.614, 1.615)",0.031405719129464264,1.615
"[1.615, 1.616)",0.02511749442000001,1.616
"[1.616, 1.617)",0.024492708521212086,1.617
"[1.617, 1.618)",0.036456874719095436,1.618
"[1.618, 1.619)",0.03920708675404037,1.619
"[1.619, 1.62)",0.029172567607526876,1.62
"[1.62, 1.621)",0.029010449388297874,1.621
"[1.621, 1.622)",0.02913556305159576,1.622
"[1.622, 1.623)",0.028463550642307683,1.623
"[1.623, 1.624)",0.02812086155568863,1.624
"[1.624, 1.625)",0.021485487969832413,1.625
"[1.625, 1.6260000000000001)",0.02705933286470589,1.626
"[1.6260000000000001, 1.627)",0.027092949981609202,1.627
"[1.627, 1.6280000000000001)",0.03469668887005523,1.628
"[1.6280000000000001, 1.629)",0.035400631042512044,1.629
"[1.629, 1.6300000000000001)",0.026070978574316953,1.63
"[1.6300000000000001, 1.631)",0.027321843360714294,1.631
"[1.631, 1.6320000000000001)",0.029180506436312866,1.632
"[1.6320000000000001, 1.633)",0.033880393303315784,1.633
"[1.633, 1.6340000000000001)",0.020503762638670518,1.634
"[1.6340000000000001, 1.635)",0.030446628982183914,1.635
"[1.635, 1.6360000000000001)",0.03405499287828572,1.636
"[1.6360000000000001, 1.637)",0.025128020461990936,1.637
"[1.637, 1.6380000000000001)",0.03065443684623115,1.638
"[1.6380000000000001, 1.639)",0.025115505993264235,1.639
"[1.639, 1.6400000000000001)",0.019285600821608045,1.64
"[1.6400000000000001, 1.641)",0.029362503634170842,1.641
"[1.641, 1.6420000000000001)",0.023729894025,1.642
"[1.6420000000000001, 1.643)",0.025992513294086014,1.643
"[1.643, 1.6440000000000001)",0.03481212667634923,1.644
"[1.6440000000000001, 1.645)",0.03283639968324323,1.645
"[1.645, 1.6460000000000001)",0.030924575367164166,1.646
"[1.6460000000000001, 1.647)",0.026093457248019782,1.647
"[1.647, 1.6480000000000001)",0.029451708472458992,1.648
"[1.6480000000000001, 1.649)",0.028852764026845622,1.649
"[1.649, 1.6500000000000001)",0.02537834457458564,1.65
"[1.6500000000000001, 1.651)",0.025405751932984277,1.651
"[1.651, 1.6520000000000001)",0.03335510220320513,1.652
"[1.6520000000000001, 1.653)",0.028149319390163907,1.653
"[1.653, 1.6540000000000001)",0.03127125505862069,1.654
"[1.6540000000000001, 1.655)",0.025807591985465114,1.655
"[1.655, 1.6560000000000001)",0.03873932798402175,1.656
"[1.6560000000000001, 1.657)",0.02639554785260417,1.657
"[1.657, 1.6580000000000001)",0.031568468539393914,1.658
"[1.6580000000000001, 1.659)",0.024054175744378695,1.659
"[1.659, 1.6600000000000001)",0.0362358225029762,1.66
"[1.6600000000000001, 1.661)",0.03621434535151514,1.661
"[1.661, 1.6620000000000001)",0.03732257086499998,1.662
"[1.6620000000000001, 1.663)",0.023375861248186518,1.663
"[1.663, 1.6640000000000001)",0.029176056910204074,1.664
"[1.6640000000000001, 1.665)",0.01791755925825243,1.665
"[1.665, 1.666)",0.030695378892515716,1.666
"[1.666, 1.667)",0.03391953893676472,1.667
"[1.667, 1.668)",0.035958571419277094,1.668
"[1.668, 1.669)",0.01971064334259258,1.669
"[1.669, 1.67)",0.035599713095857986,1.67
"[1.67, 1.671)",0.018709199787581707,1.671
"[1.671, 1.672)",0.03104044013099999,1.672
"[1.672, 1.673)",0.03670788822471909,1.673
"[1.673, 1.674)",0.018085708795597497,1.674
"[1.674, 1.675)",0.025226313807453424,1.675
"[1.675, 1.676)",0.017072309916265054,1.676
"[1.676, 1.677)",0.040486762281528636,1.677
"[1.677, 1.678)",0.02017126292060606,1.678
"[1.678, 1.679)",0.02991628586553671,1.679
"[1.679, 1.68)",0.02966026163904109,1.68
"[1.68, 1.681)",0.03862757074193547,1.681
"[1.681, 1.682)",0.03686198472556213,1.682
"[1.682, 1.683)",0.029962626049142845,1.683
"[1.683, 1.684)",0.02012264032321428,1.684
"[1.684, 1.685)",0.029130063405389227,1.685
"[1.685, 1.686)",0.02464347625033335,1.686
"[1.686, 1.687)",0.02025751450125786,1.687
"[1.687, 1.688)",0.04128096723773584,1.688
"[1.688, 1.689)",0.0178315526472973,1.689
"[1.689, 1.69)",0.03834682552564102,1.69
"[1.69, 1.691)",0.030436885499453527,1.691
"[1.691, 1.692)",0.03331924931987954,1.692
"[1.692, 1.693)",0.02888204042688312,1.693
"[1.693, 1.694)",0.028166813714157288,1.694
"[1.694, 1.695)",0.03603726119520958,1.695
"[1.695, 1.696)",0.030372872303743307,1.696
"[1.696, 1.697)",0.035656374592948695,1.697
"[1.697, 1.698)",0.041506695900324325,1.698
"[1.698, 1.699)",0.03913280436630769,1.699
"[1.699, 1.7)",0.03140145619050278,1.7
"[1.7, 1.701)",0.030809917238418073,1.701
"[1.701, 1.702)",0.03490581304342858,1.702
"[1.702, 1.703)",0.023401032523312878,1.703
"[1.703, 1.704)",0.026725452553072633,1.704
"[1.704, 1.705)",0.029763135943589737,1.705
"[1.705, 1.706)",0.03068895847386366,1.706
"[1.706, 1.707)",0.024608918767701868,1.707
"[1.707, 1.708)",0.028196685822560987,1.708
"[1.708, 1.709)",0.02666255457708334,1.709
"[1.709, 1.71)",0.028532035935087734,1.71
"[1.71, 1.711)",0.0348526754805369,1.711
"[1.711, 1.712)",0.022603770101704557,1.712
"[1.712, 1.713)",0.027075437700746267,1.713
"[1.713, 1.714)",0.040140463869333336,1.714
"[1.714, 1.715)",0.019197410556321837,1.715
"[1.715, 1.716)",0.020299748832214765,1.716
"[1.716, 1.717)",0.025904127581632654,1.717
"[1.717, 1.718)",0.03501059705999999,1.718
"[1.718, 1.719)",0.030208125807831342,1.719
"[1.719, 1.72)",0.02989735259754601,1.72
"[1.72, 1.721)",0.03176995469266669,1.721
"[1.721, 1.722)",0.021505080655844153,1.722
"[1.722, 1.723)",0.026026489233950623,1.723
"[1.723, 1.724)",0.04490668215730495,1.724
"[1.724, 1.725)",0.031176336997023785,1.725
"[1.725, 1.726)",0.019767063460431673,1.726
"[1.726, 1.727)",0.026494725736496357,1.727
"[1.727, 1.728)",0.031488286453246764,1.728
"[1.728, 1.729)",0.024842648826162786,1.729
"[1.729, 1.73)",0.031246365325170045,1.73
"[1.73, 1.731)",0.02335900823950704,1.731
"[1.731, 1.732)",0.025321580404347826,1.732
"[1.732, 1.733)",0.02499697339183675,1.733
"[1.733, 1.734)",0.01778986939433962,1.734
"[1.734, 1.735)",0.02768064545466667,1.735
"[1.735, 1.736)",0.042786087630872494,1.736
"[1.736, 1.737)",0.01731344846242424,1.737
"[1.737, 1.738)",0.02798435811265305,1.738
"[1.738, 1.739)",0.030047126295225816,1.739
"[1.739, 1.74)",0.02890180149635036,1.74
"[1.74, 1.741)",0.03628179164074073,1.741
"[1.741, 1.742)",0.029472682833749993,1.742
"[1.742, 1.743)",0.030653184214803134,1.743
"[1.743, 1.744)",0.02909686846666668,1.744
"[1.744, 1.745)",0.026074214496453908,1.745
"[1.745, 1.746)",0.041523261123076916,1.746
"[1.746, 1.747)",0.036762223066887416,1.747
"[1.747, 1.748)",0.023888088092647065,1.748
"[1.748, 1.749)",0.02518702681353384,1.749
"[1.749, 1.75)",0.031211048265057467,1.75
"[1.75, 1.7510000000000001)",0.03604953687105261,1.751
"[1.7510000000000001, 1.752)",0.023742849762758624,1.752
"[1.752, 1.7530000000000001)",0.023018106333116888,1.753
"[1.7530000000000001, 1.754)",0.02710313234415586,1.754
"[1.754, 1.7550000000000001)",0.017489987284444453,1.755
"[1.7550000000000001, 1.756)",0.022281993369281054,1.756
"[1.756, 1.7570000000000001)",0.02711592478758619,1.757
"[1.7570000000000001, 1.758)",0.03033209465845071,1.758
"[1.758, 1.7590000000000001)",0.02289391851612904,1.759
"[1.7590000000000001, 1.76)",0.04016206740299401,1.76
"[1.76, 1.7610000000000001)",0.028418554362345683,1.761
"[1.7610000000000001, 1.762)",0.02810370638582677,1.762
"[1.762, 1.7630000000000001)",0.0258005973916084,1.763
"[1.7630000000000001, 1.764)",0.019940702989930094,1.764
"[1.764, 1.7650000000000001)",0.02708515465133333,1.765
"[1.7650000000000001, 1.766)",0.03922408900000001,1.766
"[1.766, 1.7670000000000001)",0.031119699932885898,1.767
"[1.7670000000000001, 1.768)",0.024676347365100673,1.768
"[1.768, 1.7690000000000001)",0.030499636870000003,1.769
"[1.7690000000000001, 1.77)",0.025986315681875004,1.77
"[1.77, 1.7710000000000001)",0.026347732239837406,1.771
"[1.7710000000000001, 1.772)",0.021498240868382364,1.772
"[1.772, 1.7730000000000001)",0.04372293804362414,1.773
"[1.7730000000000001, 1.774)",0.031245455701492546,1.774
"[1.774, 1.7750000000000001)",0.04291128248102189,1.775
"[1.7750000000000001, 1.776)",0.024686645639057984,1.776
"[1.776, 1.7770000000000001)",0.039381966010084056,1.777
"[1.7770000000000001, 1.778)",0.027621565069134622,1.778
"[1.778, 1.7790000000000001)",0.031439144366013076,1.779
"[1.7790000000000001, 1.78)",0.03830918954112903,1.78
"[1.78, 1.7810000000000001)",0.029164366107534256,1.781
"[1.7810000000000001, 1.782)",0.031229868345185187,1.782
"[1.782, 1.7830000000000001)",0.024237851821185197,1.783
"[1.7830000000000001, 1.784)",0.022427755023333336,1.784
"[1.784, 1.7850000000000001)",0.021211550304516144,1.785
"[1.7850000000000001, 1.786)",0.018449946808461546,1.786
"[1.786, 1.7870000000000001)",0.02448732633164557,1.787
"[1.7870000000000001, 1.788)",0.037247991742187486,1.788
"[1.788, 1.7890000000000001)",0.03443908058678834,1.789
"[1.7890000000000001, 1.79)",0.022810691486428572,1.79
"[1.79, 1.7910000000000001)",0.024717853463200015,1.791
"[1.7910000000000001, 1.792)",0.029029679434931503,1.792
"[1.792, 1.793)",0.03189696813550725,1.793
"[1.793, 1.794)",0.027841006362962963,1.794
"[1.794, 1.795)",0.02730657228344828,1.795
"[1.795, 1.796)",0.02161148137570095,1.796
"[1.796, 1.797)",0.04261858169147542,1.797
"[1.797, 1.798)",0.02160299750724637,1.798
"[1.798, 1.799)",0.030463330290598303,1.799
"[1.799, 1.8)",0.030449205007586192,1.8
"[1.8, 1.801)",0.0483540190768212,1.801
"[1.801, 1.802)",0.02911890866718749,1.802
"[1.802, 1.803)",0.03557922474496643,1.803
"[1.803, 1.804)",0.03611291939999998,1.804
"[1.804, 1.805)",0.031207466256338034,1.805
"[1.805, 1.806)",0.03198280266027399,1.806
"[1.806, 1.807)",0.02674686700223882,1.807
"[1.807, 1.808)",0.018619568432432433,1.808
"[1.808, 1.809)",0.030056661104081627,1.809
"[1.809, 1.81)",0.024777275088188975,1.81
"[1.81, 1.811)",0.04052696116267602,1.811
"[1.811, 1.812)",0.03912152262642857,1.812
"[1.812, 1.813)",0.04115125327459015,1.813
"[1.813, 1.814)",0.029500044774615382,1.814
"[1.814, 1.815)",0.018618277047272737,1.815
"[1.815, 1.816)",0.025325205597014917,1.816
"[1.816, 1.817)",0.03073274167610619,1.817
"[1.817, 1.818)",0.020051536992233013,1.818
"[1.818, 1.819)",0.024448067782608683,1.819
"[1.819, 1.82)",0.05746508963474578,1.82
"[1.82, 1.821)",0.045307180914634135,1.821
"[1.821, 1.822)",0.01998215003658537,1.822
"[1.822, 1.823)",0.021606728492086325,1.823
"[1.823, 1.824)",0.02454241588783783,1.824
"[1.824, 1.825)",0.028773193991056906,1.825
"[1.825, 1.826)",0.022799287094488183,1.826
"[1.826, 1.827)",0.027367027783206106,1.827
"[1.827, 1.828)",0.029387007303478267,1.828
"[1.828, 1.829)",0.032571533674418604,1.829
"[1.829, 1.83)",0.04581020979611569,1.83
"[1.83, 1.831)",0.024894908298130847,1.831
"[1.831, 1.832)",0.02533025297310924,1.832
"[1.832, 1.833)",0.026839287819548877,1.833
"[1.833, 1.834)",0.019277458566115707,1.834
"[1.834, 1.835)",0.01930171156083334,1.835
"[1.835, 1.836)",0.037569839884132226,1.836
"[1.836, 1.837)",0.03238711897835052,1.837
"[1.837, 1.838)",0.014962768262857154,1.838
"[1.838, 1.839)",0.02292621356754387,1.839
"[1.839, 1.84)",0.020176668088297874,1.84
"[1.84, 1.841)",0.02740706497187499,1.841
"[1.841, 1.842)",0.03997668342868853,1.842
"[1.842, 1.843)",0.029837667118644055,1.843
"[1.843, 1.844)",0.027133872946236554,1.844
"[1.844, 1.845)",0.03534418049821429,1.845
"[1.845, 1.846)",0.02815656860789475,1.846
"[1.846, 1.847)",0.022231775490399997,1.847
"[1.847, 1.848)",0.02895108088990826,1.848
"[1.848, 1.849)",0.020993689054032264,1.849
"[1.849, 1.85)",0.023304336008602152,1.85
"[1.85, 1.851)",0.021190106352631587,1.851
"[1.851, 1.852)",0.022570289552293586,1.852
"[1.852, 1.853)",0.024288479578048777,1.853
"[1.853, 1.854)",0.044073094852459034,1.854
"[1.854, 1.855)",0.03018830553622048,1.855
"[1.855, 1.856)",0.03810890205619833,1.856
"[1.856, 1.857)",0.02877935057391304,1.857
"[1.857, 1.858)",0.03515781829478261,1.858
"[1.858, 1.859)",0.03165116068956522,1.859
"[1.859, 1.86)",0.03336594271407999,1.86
"[1.86, 1.861)",0.0337101257544,1.861
"[1.861, 1.862)",0.027924345084905655,1.862
"[1.862, 1.863)",0.026303882334883733,1.863
"[1.863, 1.864)",0.020628121020800007,1.864
"[1.864, 1.865)",0.02512754562063492,1.865
"[1.865, 1.866)",0.02351155745234374,1.866
"[1.866, 1.867)",0.02972034900793652,1.867
"[1.867, 1.868)",0.036290581263007535,1.868
"[1.868, 1.869)",0.060010787245762726,1.869
"[1.869, 1.87)",0.022537777590476187,1.87
"[1.87, 1.871)",0.034897615913675226,1.871
"[1.871, 1.872)",0.02298759780168068,1.872
"[1.872, 1.873)",0.045529862243925245,1.873
"[1.873, 1.874)",0.018782129860000003,1.874
"[1.874, 1.875)",0.03310516649669421,1.875
"[1.875, 1.8760000000000001)",0.04179594796803281,1.876
"[1.8760000000000001, 1.877)",0.024975469794399997,1.877
"[1.877, 1.8780000000000001)",0.04033892516767677,1.878
"[1.8780000000000001, 1.879)",0.016218524944117654,1.879
"[1.879, 1.8800000000000001)",0.024543919544736847,1.88
"[1.8800000000000001, 1.881)",0.0191360080293578,1.881
"[1.881, 1.8820000000000001)",0.02088046432790698,1.882
"[1.8820000000000001, 1.883)",0.023518490334166673,1.883
"[1.883, 1.8840000000000001)",0.03625628919905661,1.884
"[1.8840000000000001, 1.885)",0.01798808209615386,1.885
"[1.885, 1.8860000000000001)",0.02883979411341464,1.886
"[1.8860000000000001, 1.887)",0.050414807451401866,1.887
"[1.887, 1.8880000000000001)",0.030695514449193554,1.888
"[1.8880000000000001, 1.889)",0.028136992442399998,1.889
"[1.889, 1.8900000000000001)",0.023120779152427186,1.89
"[1.8900000000000001, 1.891)",0.03799063233043479,1.891
"[1.891, 1.8920000000000001)",0.0216150128278261,1.892
"[1.8920000000000001, 1.893)",0.02829700430927834,1.893
"[1.893, 1.8940000000000001)",0.025055842630656928,1.894
"[1.8940000000000001, 1.895)",0.03176793840434783,1.895
"[1.895, 1.8960000000000001)",0.022394998245901618,1.896
"[1.8960000000000001, 1.897)",0.039014139583870976,1.897
"[1.897, 1.8980000000000001)",0.037642509144766356,1.898
"[1.8980000000000001, 1.899)",0.023054749509433967,1.899
"[1.899, 1.9000000000000001)",0.03664300499266057,1.9
"[1.9000000000000001, 1.901)",0.038439929987368414,1.901
"[1.901, 1.9020000000000001)",0.02791163561747572,1.902
"[1.9020000000000001, 1.903)",0.027505652187499997,1.903
"[1.903, 1.9040000000000001)",0.04161536652755102,1.904
"[1.9040000000000001, 1.905)",0.019856538132291674,1.905
"[1.905, 1.9060000000000001)",0.019565189439560447,1.906
"[1.9060000000000001, 1.907)",0.053933795445652195,1.907
"[1.907, 1.9080000000000001)",0.021290961810000005,1.908
"[1.9080000000000001, 1.909)",0.0226068797170213,1.909
"[1.909, 1.9100000000000001)",0.021170980927433636,1.91
"[1.9100000000000001, 1.911)",0.03340519097938145,1.911
"[1.911, 1.9120000000000001)",0.022734551291208785,1.912
"[1.9120000000000001, 1.913)",0.02384822389653467,1.913
"[1.913, 1.9140000000000001)",0.04494133584069768,1.914
"[1.9140000000000001, 1.915)",0.024341801010000007,1.915
"[1.915, 1.9160000000000001)",0.021868232538095236,1.916
"[1.9160000000000001, 1.917)",0.029384853588421044,1.917
"[1.917, 1.9180000000000001)",0.022399275525274726,1.918
"[1.9180000000000001, 1.919)",0.03305042683529411,1.919
"[1.919, 1.92)",0.027314986150943393,1.92
"[1.92, 1.921)",0.03542567465048544,1.921
"[1.921, 1.922)",0.019481009260377373,1.922
"[1.922, 1.923)",0.03250117982065216,1.923
"[1.923, 1.924)",0.027318941254255314,1.924
"[1.924, 1.925)",0.022565586432653068,1.925
"[1.925, 1.926)",0.03612229133364486,1.926
"[1.926, 1.927)",0.0358516140247059,1.927
"[1.927, 1.928)",0.022066448595283034,1.928
"[1.928, 1.929)",0.022682647513000004,1.929
"[1.929, 1.93)",0.02163874525233645,1.93
"[1.93, 1.931)",0.027434388287356327,1.931
"[1.931, 1.932)",0.03367768428301886,1.932
"[1.932, 1.933)",0.03427201374352942,1.933
"[1.933, 1.934)",0.02560764012745099,1.934
"[1.934, 1.935)",0.02600615541584159,1.935
"[1.935, 1.936)",0.017994466650000006,1.936
"[1.936, 1.937)",0.03264295391979167,1.937
"[1.937, 1.938)",0.04592307382368421,1.938
"[1.938, 1.939)",0.035309587990825675,1.939
"[1.939, 1.94)",0.029834528136734706,1.94
"[1.94, 1.941)",0.024073394121111126,1.941
"[1.941, 1.942)",0.022358397408602154,1.942
"[1.942, 1.943)",0.026599523123595516,1.943
"[1.943, 1.944)",0.021188539796103908,1.944
"[1.944, 1.945)",0.02165173467391305,1.945
"[1.945, 1.946)",0.019249855892857153,1.946
"[1.946, 1.947)",0.023617354579439268,1.947
"[1.947, 1.948)",0.01823610867848102,1.948
"[1.948, 1.949)",0.022975962386021512,1.949
"[1.949, 1.95)",0.024840295948863646,1.95
"[1.95, 1.951)",0.024036508479069768,1.951
"[1.951, 1.952)",0.020386224820224723,1.952
"[1.952, 1.953)",0.02049126402350001,1.953
"[1.953, 1.954)",0.019116130826000003,1.954
"[1.954, 1.955)",0.021897622434693877,1.955
"[1.955, 1.956)",0.030689699396039608,1.956
"[1.956, 1.957)",0.034890983373469395,1.957
"[1.957, 1.958)",0.036078352414655186,1.958
"[1.958, 1.959)",0.024644747190099018,1.959
"[1.959, 1.96)",0.023494319393617027,1.96
"[1.96, 1.961)",0.02051273743960397,1.961
"[1.961, 1.962)",0.04831578835913979,1.962
"[1.962, 1.963)",0.02422159988349515,1.963
"[1.963, 1.964)",0.013151165226055056,1.964
"[1.964, 1.965)",0.02698893705161617,1.965
"[1.965, 1.966)",0.02771820002142859,1.966
"[1.966, 1.967)",0.045474123905263154,1.967
"[1.967, 1.968)",0.016606299556043966,1.968
"[1.968, 1.969)",0.042232334055421664,1.969
"[1.969, 1.97)",0.029703010429807684,1.97
"[1.97, 1.971)",0.04405140219101124,1.971
"[1.971, 1.972)",0.03581449481041666,1.972
"[1.972, 1.973)",0.022262247976470594,1.973
"[1.973, 1.974)",0.02277942533478261,1.974
"[1.974, 1.975)",0.020250342683333332,1.975
"[1.975, 1.976)",0.021608986250000014,1.976
"[1.976, 1.977)",0.013178788841176464,1.977
"[1.977, 1.978)",0.03593502004587156,1.978
"[1.978, 1.979)",0.03204318200357144,1.979
"[1.979, 1.98)",0.03007258894183674,1.98
"[1.98, 1.981)",0.03230289352714286,1.981
"[1.981, 1.982)",0.023141305520547953,1.982
"[1.982, 1.983)",0.01780507795000001,1.983
"[1.983, 1.984)",0.030595887671153846,1.984
"[1.984, 1.985)",0.01719581624691359,1.985
"[1.985, 1.986)",0.022238394354430372,1.986
"[1.986, 1.987)",0.02810536783621952,1.987
"[1.987, 1.988)",0.017736119958426964,1.988
"[1.988, 1.989)",0.01761097414819277,1.989
"[1.989, 1.99)",0.015224433351219513,1.99
"[1.99, 1.991)",0.03729126071481481,1.991
"[1.991, 1.992)",0.024328303428571434,1.992
"[1.992, 1.993)",0.022557246386138617,1.993
"[1.993, 1.994)",0.026736376411764705,1.994
"[1.994, 1.995)",0.028323288081632647,1.995
"[1.995, 1.996)",0.028751310814432992,1.996
"[1.996, 1.997)",0.04140313344155843,1.997
"[1.997, 1.998)",0.035260731024752474,1.998
"[1.998, 1.999)",0.03002687943932585,1.999
"[1.999, 2.0)",0.01701739983736264,2.0
"[2.0, 2.001)",0.024127613389361695,2.001
"[2.001, 2.0020000000000002)",0.020280658712048205,2.002
"[2.0020000000000002, 2.003)",0.028393615847916668,2.003
"[2.003, 2.004)",0.01395246028072289,2.004
"[2.004, 2.005)",0.03555599164300001,2.005
"[2.005, 2.0060000000000002)",0.04402524258426966,2.006
"[2.0060000000000002, 2.007)",0.01883952344509803,2.007
"[2.007, 2.008)",0.01742654777319588,2.008
"[2.008, 2.009)",0.02364964194597701,2.009
"[2.009, 2.0100000000000002)",0.02074615926530612,2.01
"[2.0100000000000002, 2.011)",0.03384454455979382,2.011
"[2.011, 2.012)",0.020912514632500007,2.012
"[2.012, 2.013)",0.027241209947575763,2.013
"[2.013, 2.0140000000000002)",0.01649988422857143,2.014
"[2.0140000000000002, 2.015)",0.03230000394736842,2.015
"[2.015, 2.016)",0.03061465085897435,2.016
"[2.016, 2.017)",0.01807556727027028,2.017
"[2.017, 2.0180000000000002)",0.044345780427499995,2.018
"[2.0180000000000002, 2.019)",0.02288279386567164,2.019
"[2.019, 2.02)",0.011103866611940303,2.02
"[2.02, 2.021)",0.016872284078571425,2.021
"[2.021, 2.0220000000000002)",0.027365627136585365,2.022
"[2.0220000000000002, 2.023)",0.032638938358064515,2.023
"[2.023, 2.024)",0.03128612780422535,2.024
"[2.024, 2.025)",0.04107972539999999,2.025
"[2.025, 2.0260000000000002)",0.020455913122972975,2.026
"[2.0260000000000002, 2.027)",0.024224072619047632,2.027
"[2.027, 2.028)",0.027596288838372084,2.028
"[2.028, 2.029)",0.025370457722666665,2.029
"[2.029, 2.0300000000000002)",0.03391026717204301,2.03
"[2.0300000000000002, 2.031)",0.02650486720125001,2.031
"[2.031, 2.032)",0.026399460124999996,2.032
"[2.032, 2.033)",0.030929997925316463,2.033
"[2.033, 2.0340000000000003)",0.031549073424691355,2.034
"[2.0340000000000003, 2.035)",0.03464169328395063,2.035
"[2.035, 2.036)",0.030570561091954003,2.036
"[2.036, 2.037)",0.028472531889999996,2.037
"[2.037, 2.0380000000000003)",0.01732948191973685,2.038
"[2.0380000000000003, 2.039)",0.030909062707317077,2.039
"[2.039, 2.04)",0.03646341246124998,2.04
"[2.04, 2.041)",0.022229312108433732,2.041
"[2.041, 2.0420000000000003)",0.03659231206329114,2.042
"[2.0420000000000003, 2.043)",0.02057145907142857,2.043
"[2.043, 2.044)",0.027416858406493508,2.044
"[2.044, 2.045)",0.02739430595180723,2.045
"[2.045, 2.0460000000000003)",0.018909368368750006,2.046
"[2.0460000000000003, 2.047)",0.03437606199740259,2.047
"[2.047, 2.048)",0.020265959680000018,2.048
"[2.048, 2.049)",0.024612620201470592,2.049
"[2.049, 2.05)",0.02519944216438356,2.05
"[2.05, 2.051)",0.018907373163636363,2.051
"[2.051, 2.052)",0.023157998867567565,2.052
"[2.052, 2.053)",0.01999720205468355,2.053
"[2.053, 2.054)",0.030524104344729734,2.054
"[2.054, 2.055)",0.028617798706666673,2.055
"[2.055, 2.056)",0.0181166582453125,2.056
"[2.056, 2.057)",0.018491594195624995,2.057
"[2.057, 2.058)",0.029864148401315786,2.058
"[2.058, 2.059)",0.028052965851851856,2.059
"[2.059, 2.06)",0.022441375519999997,2.06
"[2.06, 2.061)",0.01605857724675325,2.061
"[2.061, 2.062)",0.034378105698113226,2.062
"[2.062, 2.063)",0.03007345271944445,2.063
"[2.063, 2.064)",0.016131824941176463,2.064
"[2.064, 2.065)",0.020909719617333334,2.065
"[2.065, 2.066)",0.03261232835764708,2.066
"[2.066, 2.067)",0.029867520516666652,2.067
"[2.067, 2.068)",0.05359664422835819,2.068
"[2.068, 2.069)",0.022690985816000007,2.069
"[2.069, 2.07)",0.026460629134146343,2.07
"[2.07, 2.071)",0.017010688751250003,2.071
"[2.071, 2.072)",0.03312799764098361,2.072
"[2.072, 2.073)",0.022949496310144937,2.073
"[2.073, 2.074)",0.03575134645679012,2.074
"[2.074, 2.075)",0.022131358211940292,2.075
"[2.075, 2.076)",0.03894631697222222,2.076
"[2.076, 2.077)",0.034604488779220795,2.077
"[2.077, 2.078)",0.025885298061538477,2.078
"[2.078, 2.079)",0.06510225204383557,2.079
"[2.079, 2.08)",0.02169132998876406,2.08
"[2.08, 2.081)",0.03069106026891893,2.081
"[2.081, 2.082)",0.023755551058974363,2.082
"[2.082, 2.083)",0.029365569309411758,2.083
"[2.083, 2.084)",0.02561089048411765,2.084
"[2.084, 2.085)",0.0525411768164706,2.085
"[2.085, 2.086)",0.04660951795875002,2.086
"[2.086, 2.087)",0.025158759645569625,2.087
"[2.087, 2.088)",0.05275932687887324,2.088
"[2.088, 2.089)",0.040628579130588226,2.089
"[2.089, 2.09)",0.04119266990886075,2.09
"[2.09, 2.091)",0.023916967233766247,2.091
"[2.091, 2.092)",0.031620941124657534,2.092
"[2.092, 2.093)",0.023581185629213488,2.093
"[2.093, 2.094)",0.015934201957500005,2.094
"[2.094, 2.095)",0.02326998260294119,2.095
"[2.095, 2.096)",0.01853923315324675,2.096
"[2.096, 2.097)",0.02726490845697369,2.097
"[2.097, 2.098)",0.025744762617567564,2.098
"[2.098, 2.099)",0.025640247736250017,2.099
"[2.099, 2.1)",0.0324038315194872,2.1
"[2.1, 2.101)",0.0351369747472973,2.101
"[2.101, 2.102)",0.015947200914999994,2.102
"[2.102, 2.103)",0.07998173674347826,2.103
"[2.103, 2.104)",0.054893244970833345,2.104
"[2.104, 2.105)",0.032156906220634926,2.105
"[2.105, 2.106)",0.03314501676507937,2.106
"[2.106, 2.107)",0.016244983701351353,2.107
"[2.107, 2.108)",0.021308551409722223,2.108
"[2.108, 2.109)",0.03957161860923079,2.109
"[2.109, 2.11)",0.03494523220355556,2.11
"[2.11, 2.111)",0.01634777283380281,2.111
"[2.111, 2.112)",0.028243891676119414,2.112
"[2.112, 2.113)",0.021673179777611948,2.113
"[2.113, 2.114)",0.026326668393150694,2.114
"[2.114, 2.115)",0.02237329429411765,2.115
"[2.115, 2.116)",0.015812333017241373,2.116
"[2.116, 2.117)",0.05652721199999999,2.117
"[2.117, 2.118)",0.02035283607441861,2.118
"[2.118, 2.119)",0.02940500280597015,2.119
"[2.119, 2.12)",0.023101284168831164,2.12
"[2.12, 2.121)",0.025791739750000008,2.121
"[2.121, 2.122)",0.02486419634450981,2.122
"[2.122, 2.123)",0.031318232285047626,2.123
"[2.123, 2.124)",0.02876672551724138,2.124
"[2.124, 2.125)",0.01841265037884615,2.125
"[2.125, 2.126)",0.024989525420000012,2.126
"[2.126, 2.1270000000000002)",0.02637854103278688,2.127
"[2.1270000000000002, 2.128)",0.028588626026315803,2.128
"[2.128, 2.129)",0.020612556061194026,2.129
"[2.129, 2.13)",0.0309288079586207,2.13
"[2.13, 2.1310000000000002)",0.03603877549027779,2.131
"[2.1310000000000002, 2.132)",0.018889133525423724,2.132
"[2.132, 2.133)",0.035625320795000005,2.133
"[2.133, 2.134)",0.03168180258625001,2.134
"[2.134, 2.1350000000000002)",0.028106279048936172,2.135
"[2.1350000000000002, 2.136)",0.0296692076440678,2.136
"[2.136, 2.137)",0.025046275460317454,2.137
"[2.137, 2.138)",0.012774600219512195,2.138
"[2.138, 2.1390000000000002)",0.028411970613750007,2.139
"[2.1390000000000002, 2.14)",0.024143318820895536,2.14
"[2.14, 2.141)",0.021281254047619057,2.141
"[2.141, 2.142)",0.031407773001369856,2.142
"[2.142, 2.1430000000000002)",0.018305342391304345,2.143
"[2.1430000000000002, 2.144)",0.017463409826027405,2.144
"[2.144, 2.145)",0.02741364167166667,2.145
"[2.145, 2.146)",0.020569938568627454,2.146
"[2.146, 2.1470000000000002)",0.03645818055555554,2.147
"[2.1470000000000002, 2.148)",0.018899992118644064,2.148
"[2.148, 2.149)",0.021267160150943404,2.149
"[2.149, 2.15)",0.06480207925531914,2.15
"[2.15, 2.1510000000000002)",0.0211167280779661,2.151
"[2.1510000000000002, 2.152)",0.0198665856625,2.152
"[2.152, 2.153)",0.030438891749999995,2.153
"[2.153, 2.154)",0.044266530595999984,2.154
"[2.154, 2.1550000000000002)",0.03687137200000003,2.155
"[2.1550000000000002, 2.156)",0.023841006483050854,2.156
"[2.156, 2.157)",0.03544499317391305,2.157
"[2.157, 2.158)",0.03942020278363639,2.158
"[2.158, 2.1590000000000003)",0.02285216547419355,2.159
"[2.1590000000000003, 2.16)",0.025318158018867925,2.16
"[2.16, 2.161)",0.0471194958114754,2.161
"[2.161, 2.162)",0.029293172222222233,2.162
"[2.162, 2.1630000000000003)",0.019300726991525432,2.163
"[2.1630000000000003, 2.164)",0.0413031144477612,2.164
"[2.164, 2.165)",0.016394523931818186,2.165
"[2.165, 2.166)",0.020744925839863017,2.166
"[2.166, 2.1670000000000003)",0.020365195651515164,2.167
"[2.1670000000000003, 2.168)",0.02361157521034485,2.168
"[2.168, 2.169)",0.027711004684210526,2.169
"[2.169, 2.17)",0.01756203301960784,2.17
"[2.17, 2.1710000000000003)",0.017876861769767438,2.171
"[2.1710000000000003, 2.172)",0.029105039087719307,2.172
"[2.172, 2.173)",0.04408130894179105,2.173
"[2.173, 2.174)",0.027691397729824565,2.174
"[2.174, 2.1750000000000003)",0.034611722709523805,2.175
"[2.1750000000000003, 2.176)",0.018243663260784308,2.176
"[2.176, 2.177)",0.016011159416666663,2.177
"[2.177, 2.178)",0.024994877920634942,2.178
"[2.178, 2.179)",0.018302532559259267,2.179
"[2.179, 2.18)",0.02403875688363636,2.18
"[2.18, 2.181)",0.05477082820967743,2.181
"[2.181, 2.182)",0.026842267759649138,2.182
"[2.182, 2.183)",0.028677194982456147,2.183
"[2.183, 2.184)",0.05258192522096776,2.184
"[2.184, 2.185)",0.039367083409090904,2.185
"[2.185, 2.186)",0.02459894461971834,2.186
"[2.186, 2.187)",0.017219440152777783,2.187
"[2.187, 2.188)",0.020914237451612906,2.188
"[2.188, 2.189)",0.019115100128749996,2.189
"[2.189, 2.19)",0.028420011055056177,2.19
"[2.19, 2.191)",0.01477619435384615,2.191
"[2.191, 2.192)",0.028269044666176482,2.192
"[2.192, 2.193)",0.01871931318405797,2.193
"[2.193, 2.194)",0.01767919620338983,2.194
"[2.194, 2.195)",0.036189116325,2.195
"[2.195, 2.196)",0.017529469468857136,2.196
"[2.196, 2.197)",0.0298360820909091,2.197
"[2.197, 2.198)",0.03136509209218751,2.198
"[2.198, 2.199)",0.02921596936363637,2.199
"[2.199, 2.2)",0.025685594969230778,2.2
"[2.2, 2.201)",0.02747241131578947,2.201
"[2.201, 2.202)",0.0392379009516129,2.202
"[2.202, 2.203)",0.028027985734328367,2.203
"[2.203, 2.204)",0.03932183914634147,2.204
"[2.204, 2.205)",0.02964203622531646,2.205
"[2.205, 2.206)",0.022283798916666674,2.206
"[2.206, 2.207)",0.026023252564473687,2.207
"[2.207, 2.208)",0.04202316852671233,2.208
"[2.208, 2.209)",0.04173193025757576,2.209
"[2.209, 2.21)",0.019182752764705876,2.21
"[2.21, 2.211)",0.02594631645614287,2.211
"[2.211, 2.212)",0.02894428558732395,2.212
"[2.212, 2.213)",0.019942294172413787,2.213
"[2.213, 2.214)",0.02189899985762712,2.214
"[2.214, 2.215)",0.03266717704558825,2.215
"[2.215, 2.216)",0.0269270694528302,2.216
"[2.216, 2.217)",0.02315763980757577,2.217
"[2.217, 2.218)",0.02679933258392857,2.218
"[2.218, 2.219)",0.043147442735849056,2.219
"[2.219, 2.22)",0.028662771705172417,2.22
"[2.22, 2.221)",0.04383410133214287,2.221
"[2.221, 2.222)",0.022679292217543865,2.222
"[2.222, 2.223)",0.03358517067096775,2.223
"[2.223, 2.224)",0.03239494164285715,2.224
"[2.224, 2.225)",0.03767087326666667,2.225
"[2.225, 2.226)",0.019331637027272742,2.226
"[2.226, 2.227)",0.024172440356,2.227
"[2.227, 2.228)",0.0320225602319149,2.228
"[2.228, 2.229)",0.03329432786545455,2.229
"[2.229, 2.23)",0.019444608717741934,2.23
"[2.23, 2.231)",0.04309144312244898,2.231
"[2.231, 2.232)",0.045525822563636395,2.232
"[2.232, 2.233)",0.028571668936507935,2.233
"[2.233, 2.234)",0.023464080414285722,2.234
"[2.234, 2.235)",0.0412482006346939,2.235
"[2.235, 2.236)",0.04801761687096774,2.236
"[2.236, 2.237)",0.012401636460526312,2.237
"[2.237, 2.238)",0.048270763827499986,2.238
"[2.238, 2.239)",0.023674125805479455,2.239
"[2.239, 2.24)",0.037533320550000006,2.24
"[2.24, 2.241)",0.032819262395438614,2.241
"[2.241, 2.242)",0.019663963383606556,2.242
"[2.242, 2.243)",0.04085212158181819,2.243
"[2.243, 2.244)",0.04060879451803922,2.244
"[2.244, 2.245)",0.01533887332093023,2.245
"[2.245, 2.246)",0.041268331075000005,2.246
"[2.246, 2.247)",0.0201752454614035,2.247
"[2.247, 2.248)",0.017974882615384612,2.248
"[2.248, 2.249)",0.021395478122372885,2.249
"[2.249, 2.25)",0.032771252673469385,2.25
"[2.25, 2.251)",0.02824837503703704,2.251
"[2.251, 2.2520000000000002)",0.06011674019833337,2.252
"[2.2520000000000002, 2.253)",0.03753950088409093,2.253
"[2.253, 2.254)",0.020672704339999997,2.254
"[2.254, 2.255)",0.015812648933333333,2.255
"[2.255, 2.2560000000000002)",0.01599681641458334,2.256
"[2.2560000000000002, 2.257)",0.019457449339622644,2.257
"[2.257, 2.258)",0.02513960164444444,2.258
"[2.258, 2.259)",0.04272345991014492,2.259
"[2.259, 2.2600000000000002)",0.028226481630434792,2.26
"[2.2600000000000002, 2.261)",0.039662211333333336,2.261
"[2.261, 2.262)",0.03242161327868853,2.262
"[2.262, 2.263)",0.020822565829787237,2.263
"[2.263, 2.2640000000000002)",0.04513392280952382,2.264
"[2.2640000000000002, 2.265)",0.03025986459523809,2.265
"[2.265, 2.266)",0.03090376235116281,2.266
"[2.266, 2.267)",0.04773610351578948,2.267
"[2.267, 2.2680000000000002)",0.024853788950000007,2.268
"[2.2680000000000002, 2.269)",0.025770747942105262,2.269
"[2.269, 2.27)",0.0262673174,2.27
"[2.27, 2.271)",0.02082078419574468,2.271
"[2.271, 2.2720000000000002)",0.0383751931525,2.272
"[2.2720000000000002, 2.273)",0.03301515962083334,2.273
"[2.273, 2.274)",0.02693665612903226,2.274
"[2.274, 2.275)",0.02984293157142858,2.275
"[2.275, 2.2760000000000002)",0.038802776411538446,2.276
"[2.2760000000000002, 2.277)",0.021937982599803924,2.277
"[2.277, 2.278)",0.04133752972083334,2.278
"[2.278, 2.279)",0.029868802463043485,2.279
"[2.279, 2.2800000000000002)",0.027327693323529408,2.28
"[2.2800000000000002, 2.281)",0.03168054302439025,2.281
"[2.281, 2.282)",0.05343792106829267,2.282
"[2.282, 2.283)",0.01483594757743589,2.283
"[2.283, 2.2840000000000003)",0.047509073102564095,2.284
"[2.2840000000000003, 2.285)",0.05095480803030304,2.285
"[2.285, 2.286)",0.016400002642857143,2.286
"[2.286, 2.287)",0.028923854886363645,2.287
"[2.287, 2.2880000000000003)",0.017331836316279072,2.288
"[2.2880000000000003, 2.289)",0.02735376766666667,2.289
"[2.289, 2.29)",0.01930487093409091,2.29
"[2.29, 2.291)",0.03503208724489795,2.291
"[2.291, 2.2920000000000003)",0.01788225264705882,2.292
"[2.2920000000000003, 2.293)",0.019073581157142853,2.293
"[2.293, 2.294)",0.03166636253396226,2.294
"[2.294, 2.295)",0.0168629173490566,2.295
"[2.295, 2.2960000000000003)",0.015690078381666667,2.296
"[2.2960000000000003, 2.297)",0.03609757180555556,2.297
"[2.297, 2.298)",0.02394567193267858,2.298
"[2.298, 2.299)",0.029561513615384612,2.299
"[2.299, 2.3000000000000003)",0.073484646925,2.3
"[2.3000000000000003, 2.301)",0.018184096135000005,2.301
"[2.301, 2.302)",0.03338054434444445,2.302
"[2.302, 2.303)",0.035510388791489364,2.303
"[2.303, 2.3040000000000003)",0.02663209413333333,2.304
"[2.3040000000000003, 2.305)",0.02061921591666667,2.305
"[2.305, 2.306)",0.02128079182926829,2.306
"[2.306, 2.307)",0.022947431233333333,2.307
"[2.307, 2.308)",0.019203727457142855,2.308
"[2.308, 2.309)",0.030254746632608694,2.309
"[2.309, 2.31)",0.029471057065217403,2.31
"[2.31, 2.311)",0.04046464046341463,2.311
"[2.311, 2.312)",0.035790726200000005,2.312
"[2.312, 2.313)",0.022892671855102038,2.313
"[2.313, 2.314)",0.015735919022727276,2.314
"[2.314, 2.315)",0.018332798947368417,2.315
"[2.315, 2.316)",0.012612571515151518,2.316
"[2.316, 2.317)",0.02141156214791667,2.317
"[2.317, 2.318)",0.03334744449555556,2.318
"[2.318, 2.319)",0.016057579577777776,2.319
"[2.319, 2.32)",0.02539721650819672,2.32
"[2.32, 2.321)",0.040703835150684924,2.321
"[2.321, 2.322)",0.028660169372727275,2.322
"[2.322, 2.323)",0.014079650263157897,2.323
"[2.323, 2.324)",0.03574458170857143,2.324
"[2.324, 2.325)",0.025007945540000007,2.325
"[2.325, 2.326)",0.023566563032608696,2.326
"[2.326, 2.327)",0.014582100447999999,2.327
"[2.327, 2.328)",0.02763988255102041,2.328
"[2.328, 2.329)",0.02142291779032259,2.329
"[2.329, 2.33)",0.019268034666666666,2.33
"[2.33, 2.331)",0.017027925444444442,2.331
"[2.331, 2.332)",0.034305073569620266,2.332
"[2.332, 2.333)",0.03032621525106383,2.333
"[2.333, 2.334)",0.017164813196181822,2.334
"[2.334, 2.335)",0.05089806873207547,2.335
"[2.335, 2.336)",0.02350861498113207,2.336
"[2.336, 2.337)",0.022333107129032255,2.337
"[2.337, 2.338)",0.027616678796610186,2.338
"[2.338, 2.339)",0.034032300591836734,2.339
"[2.339, 2.34)",0.015579877231034477,2.34
"[2.34, 2.341)",0.011149807114634149,2.341
"[2.341, 2.342)",0.04656317735178571,2.342
"[2.342, 2.343)",0.016173769904761905,2.343
"[2.343, 2.344)",0.013402220393939396,2.344
"[2.344, 2.345)",0.05465942792500002,2.345
"[2.345, 2.346)",0.02537908251851851,2.346
"[2.346, 2.347)",0.047306779285714286,2.347
"[2.347, 2.348)",0.017485903736842102,2.348
"[2.348, 2.349)",0.020831668484848482,2.349
"[2.349, 2.35)",0.018372238454545456,2.35
"[2.35, 2.351)",0.04738646707894738,2.351
"[2.351, 2.352)",0.025389545424242422,2.352
"[2.352, 2.353)",0.014890561420000004,2.353
"[2.353, 2.354)",0.07880602833333336,2.354
"[2.354, 2.355)",0.04950015336363637,2.355
"[2.355, 2.356)",0.02630872803030303,2.356
"[2.356, 2.357)",0.019355617949999997,2.357
"[2.357, 2.358)",0.014959888183783783,2.358
"[2.358, 2.359)",0.0294956043611111,2.359
"[2.359, 2.36)",0.009638937000000002,2.36
"[2.36, 2.361)",0.010295770571428576,2.361
"[2.361, 2.362)",0.0289040776,2.362
"[2.362, 2.363)",0.022133597047499995,2.363
"[2.363, 2.364)",0.028506029831071433,2.364
"[2.364, 2.365)",0.017694164189473685,2.365
"[2.365, 2.366)",0.02343906276190476,2.366
"[2.366, 2.367)",0.016582204925,2.367
"[2.367, 2.368)",0.010175031956521738,2.368
"[2.368, 2.369)",0.027975566468749994,2.369
"[2.369, 2.37)",0.02679551307317073,2.37
"[2.37, 2.371)",0.017438745672727272,2.371
"[2.371, 2.372)",0.04292624489250003,2.372
"[2.372, 2.373)",0.014336754814814813,2.373
"[2.373, 2.374)",0.017970246871794864,2.374
"[2.374, 2.375)",0.0270529513060606,2.375
"[2.375, 2.376)",0.02313739032,2.376
"[2.376, 2.3770000000000002)",0.011896241697222223,2.377
"[2.3770000000000002, 2.378)",0.026285551725925917,2.378
"[2.378, 2.379)",0.032625585666666665,2.379
"[2.379, 2.38)",0.0494070170625,2.38
"[2.38, 2.3810000000000002)",0.07293687486486485,2.381
"[2.3810000000000002, 2.382)",0.009149242008823532,2.382
"[2.382, 2.383)",0.053965179656249994,2.383
"[2.383, 2.384)",0.030522245258064514,2.384
"[2.384, 2.3850000000000002)",0.04807022509815789,2.385
"[2.3850000000000002, 2.386)",0.02759613453571428,2.386
"[2.386, 2.387)",0.014701156756756756,2.387
"[2.387, 2.388)",0.03769523681707318,2.388
"[2.388, 2.3890000000000002)",0.020430631896969698,2.389
"[2.3890000000000002, 2.39)",0.025477977916279072,2.39
"[2.39, 2.391)",0.03843909955263159,2.391
"[2.391, 2.392)",0.022592920358490563,2.392
"[2.392, 2.3930000000000002)",0.01975215224193548,2.393
"[2.3930000000000002, 2.394)",0.023430428121212116,2.394
"[2.394, 2.395)",0.024124762510256414,2.395
"[2.395, 2.396)",0.07088305143589745,2.396
"[2.396, 2.3970000000000002)",0.009875311263636366,2.397
"[2.3970000000000002, 2.398)",0.021288573051282053,2.398
"[2.398, 2.399)",0.02286500614634146,2.399
"[2.399, 2.4)",0.01634938256818182,2.4
"[2.4, 2.4010000000000002)",0.03731168733333334,2.401
"[2.4010000000000002, 2.402)",0.061527327572500026,2.402
"[2.402, 2.403)",0.027433330963888877,2.403
"[2.403, 2.404)",0.05675917239729731,2.404
"[2.404, 2.4050000000000002)",0.028608282362499998,2.405
"[2.4050000000000002, 2.406)",0.018679566862068973,2.406
"[2.406, 2.407)",0.04611420355172414,2.407
"[2.407, 2.408)",0.03548405430909091,2.408
"[2.408, 2.4090000000000003)",0.014240034066666666,2.409
"[2.4090000000000003, 2.41)",0.02783287007407407,2.41
"[2.41, 2.411)",0.07932605357041667,2.411
"[2.411, 2.412)",0.0446867959153846,2.412
"[2.412, 2.4130000000000003)",0.02504508461,2.413
"[2.4130000000000003, 2.414)",0.04865269875882353,2.414
"[2.414, 2.415)",0.03817030902352942,2.415
"[2.415, 2.416)",0.05851480430303032,2.416
"[2.416, 2.4170000000000003)",0.05552243789459461,2.417
"[2.4170000000000003, 2.418)",0.03265288186956521,2.418
"[2.418, 2.419)",0.047226491338888885,2.419
"[2.419, 2.42)",0.033430967926666666,2.42
"[2.42, 2.4210000000000003)",0.015659186996785715,2.421
"[2.4210000000000003, 2.422)",0.04816670684666667,2.422
"[2.422, 2.423)",0.027678751537499994,2.423
"[2.423, 2.424)",0.0431696668783784,2.424
"[2.424, 2.4250000000000003)",0.02033228928823529,2.425
"[2.4250000000000003, 2.426)",0.031266185095238104,2.426
"[2.426, 2.427)",0.05111436917333334,2.427
"[2.427, 2.428)",0.030682869274193548,2.428
"[2.428, 2.4290000000000003)",0.02210452144227273,2.429
"[2.4290000000000003, 2.43)",0.018621499258064514,2.43
"[2.43, 2.431)",0.020137705420512818,2.431
"[2.431, 2.432)",0.024439172856,2.432
"[2.432, 2.433)",0.0424860045483871,2.433
"[2.433, 2.434)",0.014301465636363635,2.434
"[2.434, 2.435)",0.02956332728571429,2.435
"[2.435, 2.436)",0.041551861370000005,2.436
"[2.436, 2.437)",0.021219789789473687,2.437
"[2.437, 2.438)",0.039723408273529416,2.438
"[2.438, 2.439)",0.01839739897727272,2.439
"[2.439, 2.44)",0.028009697687499995,2.44
"[2.44, 2.441)",0.0210856322,2.441
"[2.441, 2.442)",0.04061902894750001,2.442
"[2.442, 2.443)",0.012329383433448278,2.443
"[2.443, 2.444)",0.030471626403333334,2.444
"[2.444, 2.445)",0.02580921612,2.445
"[2.445, 2.446)",0.01876214293571429,2.446
"[2.446, 2.447)",0.02612238604347825,2.447
"[2.447, 2.448)",0.02745541335483871,2.448
"[2.448, 2.449)",0.012655385740740743,2.449
"[2.449, 2.45)",0.039599903441176476,2.45
"[2.45, 2.451)",0.015704849645161292,2.451
"[2.451, 2.452)",0.017702105000000003,2.452
"[2.452, 2.453)",0.029846467453846153,2.453
"[2.453, 2.454)",0.020216993260869568,2.454
"[2.454, 2.455)",0.021170893343750004,2.455
"[2.455, 2.456)",0.028348214793103448,2.456
"[2.456, 2.457)",0.02483598002564102,2.457
"[2.457, 2.458)",0.021620425934615387,2.458
"[2.458, 2.459)",0.0120699615,2.459
"[2.459, 2.46)",0.017536647359459458,2.46
"[2.46, 2.461)",0.016729138725806454,2.461
"[2.461, 2.462)",0.032286486376315794,2.462
"[2.462, 2.463)",0.021642459514285714,2.463
"[2.463, 2.464)",0.02735716166666666,2.464
"[2.464, 2.465)",0.024476556225806453,2.465
"[2.465, 2.466)",0.01806967466875,2.466
"[2.466, 2.467)",0.02100599383103448,2.467
"[2.467, 2.468)",0.02429003115217391,2.468
"[2.468, 2.469)",0.032077904689655164,2.469
"[2.469, 2.47)",0.022923226615384613,2.47
"[2.47, 2.471)",0.025863687779189192,2.471
"[2.471, 2.472)",0.027216061720689654,2.472
"[2.472, 2.473)",0.010533778411764708,2.473
"[2.473, 2.474)",0.038166127392857144,2.474
"[2.474, 2.475)",0.03348350165789475,2.475
"[2.475, 2.476)",0.02218872696969697,2.476
"[2.476, 2.477)",0.025698916341025637,2.477
"[2.477, 2.478)",0.029954824084615393,2.478
"[2.478, 2.479)",0.019695286224999997,2.479
"[2.479, 2.48)",0.015195819086190478,2.48
"[2.48, 2.481)",0.045938402088888906,2.481
"[2.481, 2.482)",0.02313101897948718,2.482
"[2.482, 2.483)",0.014629100800000006,2.483
"[2.483, 2.484)",0.03573681902857143,2.484
"[2.484, 2.485)",0.024167746000000004,2.485
"[2.485, 2.486)",0.010650237821428571,2.486
"[2.486, 2.487)",0.013333851821428573,2.487
"[2.487, 2.488)",0.01410167553846154,2.488
"[2.488, 2.489)",0.03122848126829269,2.489
"[2.489, 2.49)",0.022452598187499992,2.49
"[2.49, 2.491)",0.023763725666071416,2.491
"[2.491, 2.492)",0.06197856558620691,2.492
"[2.492, 2.493)",0.018991398368421047,2.493
"[2.493, 2.494)",0.030746177069696973,2.494
"[2.494, 2.495)",0.041639327812500015,2.495
"[2.495, 2.496)",0.03240797062068965,2.496
"[2.496, 2.497)",0.02834413221874999,2.497
"[2.497, 2.498)",0.02154366404545455,2.498
"[2.498, 2.499)",0.0417385691972973,2.499
"[2.499, 2.5)",0.013302976768965517,2.5
"[2.5, 2.501)",0.0202236486744186,2.501
"[2.501, 2.5020000000000002)",0.011872347421621625,2.502
"[2.5020000000000002, 2.503)",0.009916952684848483,2.503
"[2.503, 2.504)",0.02672096704878047,2.504
"[2.504, 2.505)",0.01930009545833333,2.505
"[2.505, 2.5060000000000002)",0.018353726345,2.506
"[2.5060000000000002, 2.507)",0.009562344600000001,2.507
"[2.507, 2.508)",0.01624084364,2.508
"[2.508, 2.509)",0.02353478426785714,2.509
"[2.509, 2.5100000000000002)",0.015005659974074078,2.51
"[2.5100000000000002, 2.511)",0.02133574971052631,2.511
"[2.511, 2.512)",0.016791079001960783,2.512
"[2.512, 2.513)",0.05608978193250001,2.513
"[2.513, 2.5140000000000002)",0.03250608993225806,2.514
"[2.5140000000000002, 2.515)",0.029397769136363636,2.515
"[2.515, 2.516)",0.016068103766666664,2.516
"[2.516, 2.517)",0.013346429682142858,2.517
"[2.517, 2.5180000000000002)",0.043861384781249985,2.518
"[2.5180000000000002, 2.519)",0.016500622377777777,2.519
"[2.519, 2.52)",0.0099892618,2.52
"[2.52, 2.521)",0.033625782117391305,2.521
"[2.521, 2.5220000000000002)",0.017913037517241385,2.522
"[2.5220000000000002, 2.523)",0.03378207505833331,2.523
"[2.523, 2.524)",0.018211962966666672,2.524
"[2.524, 2.525)",0.06825844666666667,2.525
"[2.525, 2.5260000000000002)",0.02494253757142857,2.526
"[2.5260000000000002, 2.527)",0.02098617891666667,2.527
"[2.527, 2.528)",0.013224175870967744,2.528
"[2.528, 2.529)",0.020245288759999997,2.529
"[2.529, 2.5300000000000002)",0.018762363576923076,2.53
"[2.5300000000000002, 2.531)",0.02159021263636364,2.531
"[2.531, 2.532)",0.03253338331578948,2.532
"[2.532, 2.533)",0.030618051784838705,2.533
"[2.533, 2.5340000000000003)",0.03414702955263158,2.534
"[2.5340000000000003, 2.535)",0.03522775030689654,2.535
"[2.535, 2.536)",0.006701779208333332,2.536
"[2.536, 2.537)",0.040273094821428566,2.537
"[2.537, 2.5380000000000003)",0.021901899372093022,2.538
"[2.5380000000000003, 2.539)",0.012430401299999998,2.539
"[2.539, 2.54)",0.014041930375000003,2.54
"[2.54, 2.541)",0.01634660988888889,2.541
"[2.541, 2.5420000000000003)",0.01982910375625,2.542
"[2.5420000000000003, 2.543)",0.01021173831578947,2.543
"[2.543, 2.544)",0.00825015784117647,2.544
"[2.544, 2.545)",0.013496210681818182,2.545
"[2.545, 2.5460000000000003)",0.05407847439826087,2.546
"[2.5460000000000003, 2.547)",0.013052633626086954,2.547
"[2.547, 2.548)",0.022745351929999998,2.548
"[2.548, 2.549)",0.023123921366666668,2.549
"[2.549, 2.5500000000000003)",0.019951417073333335,2.55
"[2.5500000000000003, 2.551)",0.046296646277777756,2.551
"[2.551, 2.552)",0.01577495056785715,2.552
"[2.552, 2.553)",0.038096353359999995,2.553
"[2.553, 2.5540000000000003)",0.028437154399999994,2.554
"[2.5540000000000003, 2.555)",0.016091541324324322,2.555
"[2.555, 2.556)",0.011759575416666668,2.556
"[2.556, 2.557)",0.014887124,2.557
"[2.557, 2.5580000000000003)",0.01579916139130435,2.558
"[2.5580000000000003, 2.559)",0.023823208896551727,2.559
"[2.559, 2.56)",0.012856566500000001,2.56
"[2.56, 2.561)",0.07668375423809524,2.561
"[2.561, 2.562)",0.1051397638695652,2.562
"[2.562, 2.563)",0.035757600800000004,2.563
"[2.563, 2.564)",0.019584266783333328,2.564
"[2.564, 2.565)",0.026223399875,2.565
"[2.565, 2.566)",0.01790057504761905,2.566
"[2.566, 2.567)",0.026848698496551728,2.567
"[2.567, 2.568)",0.01547035315,2.568
"[2.568, 2.569)",0.012346539055555555,2.569
"[2.569, 2.57)",0.01660566668421053,2.57
"[2.57, 2.571)",0.02003628955,2.571
"[2.571, 2.572)",0.020193741866666667,2.572
"[2.572, 2.573)",0.008704058523809524,2.573
"[2.573, 2.574)",0.021008398947368417,2.574
"[2.574, 2.575)",0.02863836378571429,2.575
"[2.575, 2.576)",0.031220550812903224,2.576
"[2.576, 2.577)",0.02761527576842105,2.577
"[2.577, 2.578)",0.023033335681818187,2.578
"[2.578, 2.579)",0.031773199038888894,2.579
"[2.579, 2.58)",0.01904736054166667,2.58
"[2.58, 2.581)",0.033156588561538455,2.581
"[2.581, 2.582)",0.01449931822608696,2.582
"[2.582, 2.583)",0.008022839263157893,2.583
"[2.583, 2.584)",0.018729288729729728,2.584
"[2.584, 2.585)",0.04552886072285712,2.585
"[2.585, 2.586)",0.0146831081,2.586
"[2.586, 2.587)",0.017617303633333324,2.587
"[2.587, 2.588)",0.016293734347826085,2.588
"[2.588, 2.589)",0.031812897173684206,2.589
"[2.589, 2.59)",0.020301448708333333,2.59
"[2.59, 2.591)",0.0081167178,2.591
"[2.591, 2.592)",0.030692629096774192,2.592
"[2.592, 2.593)",0.010766943570833331,2.593
"[2.593, 2.594)",0.016888610374999998,2.594
"[2.594, 2.595)",0.018334732000000003,2.595
"[2.595, 2.596)",0.025939683071428576,2.596
"[2.596, 2.597)",0.055116909500000005,2.597
"[2.597, 2.598)",0.027373604406451615,2.598
"[2.598, 2.599)",0.02186040042380952,2.599
"[2.599, 2.6)",0.017151874999999997,2.6
"[2.6, 2.601)",0.021483290257142858,2.601
"[2.601, 2.602)",0.0252826876,2.602
"[2.602, 2.603)",0.05488121200000002,2.603
"[2.603, 2.604)",0.032315134622727275,2.604
"[2.604, 2.605)",0.03502640324999999,2.605
"[2.605, 2.606)",0.02110677014285714,2.606
"[2.606, 2.607)",0.03468544790476189,2.607
"[2.607, 2.608)",0.006706241318181817,2.608
"[2.608, 2.609)",0.029931649852941174,2.609
"[2.609, 2.61)",0.04835729057575757,2.61
"[2.61, 2.611)",0.020824204433333333,2.611
"[2.611, 2.612)",0.015463761500000003,2.612
"[2.612, 2.613)",0.07655379067142856,2.613
"[2.613, 2.614)",0.01783146027272727,2.614
"[2.614, 2.615)",0.01489332313953488,2.615
"[2.615, 2.616)",0.02628231572727273,2.616
"[2.616, 2.617)",0.029166280148148146,2.617
"[2.617, 2.618)",0.0160962157826087,2.618
"[2.618, 2.619)",0.013524029285714287,2.619
"[2.619, 2.62)",0.015281179636363638,2.62
"[2.62, 2.621)",0.024558112222222213,2.621
"[2.621, 2.622)",0.019064708135000004,2.622
"[2.622, 2.623)",0.010617986052000001,2.623
"[2.623, 2.624)",0.018705091153846158,2.624
"[2.624, 2.625)",0.023017737368421054,2.625
"[2.625, 2.626)",0.01868804522727273,2.626
"[2.626, 2.6270000000000002)",0.00876417463888889,2.627
"[2.6270000000000002, 2.628)",0.007443945999999999,2.628
"[2.628, 2.629)",0.021027440083333335,2.629
"[2.629, 2.63)",0.029538017699999995,2.63
"[2.63, 2.6310000000000002)",0.03751225923809524,2.631
"[2.6310000000000002, 2.632)",0.022069309947368422,2.632
"[2.632, 2.633)",0.04389554625000001,2.633
"[2.633, 2.634)",0.07511305330000002,2.634
"[2.634, 2.6350000000000002)",0.015610544904761907,2.635
"[2.6350000000000002, 2.636)",0.020496649461538466,2.636
"[2.636, 2.637)",0.02933804022222222,2.637
"[2.637, 2.638)",0.013275233666666669,2.638
"[2.638, 2.6390000000000002)",0.01557097498888889,2.639
"[2.6390000000000002, 2.64)",0.029155419438461522,2.64
"[2.64, 2.641)",0.011316866600000001,2.641
"[2.641, 2.642)",0.021251540907692303,2.642
"[2.642, 2.6430000000000002)",0.016191962149999996,2.643
"[2.6430000000000002, 2.644)",0.030488567170833338,2.644
"[2.644, 2.645)",0.017916178772727272,2.645
"[2.645, 2.646)",0.023411289862068967,2.646
"[2.646, 2.6470000000000002)",0.03629035350000001,2.647
"[2.6470000000000002, 2.648)",0.017969567076923074,2.648
"[2.648, 2.649)",0.03653932946153846,2.649
"[2.649, 2.65)",0.013863724894736845,2.65
"[2.65, 2.6510000000000002)",0.01519675240740741,2.651
"[2.6510000000000002, 2.652)",0.08459209140000001,2.652
"[2.652, 2.653)",0.03027349546,2.653
"[2.653, 2.654)",0.014904308749999998,2.654
"[2.654, 2.6550000000000002)",0.01655694957058824,2.655
"[2.6550000000000002, 2.656)",0.02151555395652174,2.656
"[2.656, 2.657)",0.01242369905882353,2.657
"[2.657, 2.658)",0.01817346569500001,2.658
"[2.658, 2.6590000000000003)",0.025027644333333335,2.659
"[2.6590000000000003, 2.66)",0.03635647518750001,2.66
"[2.66, 2.661)",0.026198546000000003,2.661
"[2.661, 2.662)",0.00614817815,2.662
"[2.662, 2.6630000000000003)",0.00950392611111111,2.663
"[2.6630000000000003, 2.664)",0.0221958315882353,2.664
"[2.664, 2.665)",0.047825909539999996,2.665
"[2.665, 2.666)",0.023038701789473686,2.666
"[2.666, 2.6670000000000003)",0.020069924125000003,2.667
"[2.6670000000000003, 2.668)",0.028919210906249996,2.668
"[2.668, 2.669)",0.020510836076923077,2.669
"[2.669, 2.67)",0.014390399533333332,2.67
"[2.67, 2.6710000000000003)",0.023596245136363637,2.671
"[2.6710000000000003, 2.672)",0.01719314886923077,2.672
"[2.672, 2.673)",0.02139134042857143,2.673
"[2.673, 2.674)",0.016780707095238098,2.674
"[2.674, 2.6750000000000003)",0.024156808775000004,2.675
"[2.6750000000000003, 2.676)",0.016500658666666668,2.676
"[2.676, 2.677)",0.018248764315789475,2.677
"[2.677, 2.678)",0.010327541812499999,2.678
"[2.678, 2.6790000000000003)",0.05593907100000001,2.679
"[2.6790000000000003, 2.68)",0.015186858409090905,2.68
"[2.68, 2.681)",0.044553962125000006,2.681
"[2.681, 2.682)",0.01664765983333334,2.682
"[2.682, 2.6830000000000003)",0.04741563072727273,2.683
"[2.6830000000000003, 2.684)",0.026443146083333337,2.684
"[2.684, 2.685)",0.011824843944444444,2.685
"[2.685, 2.686)",0.023926576249999998,2.686
"[2.686, 2.6870000000000003)",0.0185289129375,2.687
"[2.6870000000000003, 2.688)",0.027192437352173915,2.688
"[2.688, 2.689)",0.02280793835714286,2.689
"[2.689, 2.69)",0.018367671426315797,2.69
"[2.69, 2.691)",0.036502954272727275,2.691
"[2.691, 2.692)",0.021453129300000005,2.692
"[2.692, 2.693)",0.03112237226315789,2.693
"[2.693, 2.694)",0.015736311859999998,2.694
"[2.694, 2.695)",0.027274227307692307,2.695
"[2.695, 2.696)",0.02262789602352941,2.696
"[2.696, 2.697)",0.02841992481818182,2.697
"[2.697, 2.698)",0.022535679777777776,2.698
"[2.698, 2.699)",0.0380064835,2.699
"[2.699, 2.7)",0.037977151187499995,2.7
"[2.7, 2.701)",0.014927557111111113,2.701
"[2.701, 2.702)",0.06644284895454544,2.702
"[2.702, 2.703)",0.00966695,2.703
"[2.703, 2.704)",0.029082517666666665,2.704
"[2.704, 2.705)",0.01233049327222222,2.705
"[2.705, 2.706)",0.017640083261538462,2.706
"[2.706, 2.707)",0.053087054166666654,2.707
"[2.707, 2.708)",0.01749210775,2.708
"[2.708, 2.709)",0.013681920551724137,2.709
"[2.709, 2.71)",0.03594895571428571,2.71
"[2.71, 2.711)",0.10797253723529411,2.711
"[2.711, 2.712)",0.02154343552352941,2.712
"[2.712, 2.713)",0.0189047513375,2.713
"[2.713, 2.714)",0.04928577371428571,2.714
"[2.714, 2.715)",0.07425142444444446,2.715
"[2.715, 2.716)",0.04145653666666666,2.716
"[2.716, 2.717)",0.023788874427999995,2.717
"[2.717, 2.718)",0.017061788832,2.718
"[2.718, 2.719)",0.01068225189473684,2.719
"[2.719, 2.72)",0.09012118100000002,2.72
"[2.72, 2.721)",0.019060722812499997,2.721
"[2.721, 2.722)",0.02088152468421053,2.722
"[2.722, 2.723)",0.024982950000000004,2.723
"[2.723, 2.724)",0.019086811973333336,2.724
"[2.724, 2.725)",0.016611841014285717,2.725
"[2.725, 2.726)",0.06374417534375001,2.726
"[2.726, 2.727)",0.01834798147368421,2.727
"[2.727, 2.728)",0.025560921999999996,2.728
"[2.728, 2.729)",0.02642426035,2.729
"[2.729, 2.73)",0.02705432359090909,2.73
"[2.73, 2.731)",0.009421363375,2.731
"[2.731, 2.732)",0.018423383263157896,2.732
"[2.732, 2.733)",0.02271511858823529,2.733
"[2.733, 2.734)",0.029820461812499997,2.734
"[2.734, 2.735)",0.014597605187500001,2.735
"[2.735, 2.736)",0.023700003800000008,2.736
"[2.736, 2.737)",0.0191433345,2.737
"[2.737, 2.738)",0.016054233588235295,2.738
"[2.738, 2.739)",0.01891592267272727,2.739
"[2.739, 2.74)",0.07851188076,2.74
"[2.74, 2.741)",0.022434675624999997,2.741
"[2.741, 2.742)",0.017566192619047613,2.742
"[2.742, 2.743)",0.012455417243999997,2.743
"[2.743, 2.744)",0.02538797095263158,2.744
"[2.744, 2.745)",0.0162323384882353,2.745
"[2.745, 2.746)",0.05518176677058823,2.746
"[2.746, 2.747)",0.013215243304347825,2.747
"[2.747, 2.748)",0.03808011969230769,2.748
"[2.748, 2.749)",0.034546105565217394,2.749
"[2.749, 2.75)",0.007585405,2.75
"[2.75, 2.751)",0.024537935331578945,2.751
"[2.751, 2.7520000000000002)",0.01426136202222222,2.752
"[2.7520000000000002, 2.753)",0.018556514569230766,2.753
"[2.753, 2.754)",0.02877356515384616,2.754
"[2.754, 2.755)",0.0783882712,2.755
"[2.755, 2.7560000000000002)",0.01539605495714286,2.756
"[2.7560000000000002, 2.757)",0.00976778881875,2.757
"[2.757, 2.758)",0.02018150605625,2.758
"[2.758, 2.759)",0.019890037000000006,2.759
"[2.759, 2.7600000000000002)",0.053671168,2.76
"[2.7600000000000002, 2.761)",0.042914761777777775,2.761
"[2.761, 2.762)",0.03265774452631579,2.762
"[2.762, 2.763)",0.03336767496538461,2.763
"[2.763, 2.7640000000000002)",0.07176300706249998,2.764
"[2.7640000000000002, 2.765)",0.020742757923076928,2.765
"[2.765, 2.766)",0.05940353038888889,2.766
"[2.766, 2.767)",0.00856828815,2.767
"[2.767, 2.7680000000000002)",0.04841089447619049,2.768
"[2.7680000000000002, 2.769)",0.0065291058000000015,2.769
"[2.769, 2.77)",0.014147979333333333,2.77
"[2.77, 2.771)",0.014502823274074076,2.771
"[2.771, 2.7720000000000002)",0.028027465562500003,2.772
"[2.7720000000000002, 2.773)",0.01482970611111111,2.773
"[2.773, 2.774)",0.05946326328571428,2.774
"[2.774, 2.775)",0.017461968135000006,2.775
"[2.775, 2.7760000000000002)",0.006437468285714286,2.776
"[2.7760000000000002, 2.777)",0.01074733,2.777
"[2.777, 2.778)",0.024448927733333337,2.778
"[2.778, 2.779)",0.005781944293749999,2.779
"[2.779, 2.7800000000000002)",0.020937169285714288,2.78
"[2.7800000000000002, 2.781)",0.03248880895,2.781
"[2.781, 2.782)",0.019150604072222226,2.782
"[2.782, 2.783)",0.021288907733333345,2.783
"[2.783, 2.7840000000000003)",0.0060207523210526305,2.784
"[2.7840000000000003, 2.785)",0.012441180565217393,2.785
"[2.785, 2.786)",0.03904006919999999,2.786
"[2.786, 2.787)",0.06292023627999999,2.787
"[2.787, 2.7880000000000003)",0.034694995583333325,2.788
"[2.7880000000000003, 2.789)",0.0433254133125,2.789
"[2.789, 2.79)",0.027479650448275855,2.79
"[2.79, 2.791)",0.0213482871,2.791
"[2.791, 2.7920000000000003)",0.017267046782608698,2.792
"[2.7920000000000003, 2.793)",0.013280612869565216,2.793
"[2.793, 2.794)",0.024553685958333325,2.794
"[2.794, 2.795)",0.026214162400000008,2.795
"[2.795, 2.7960000000000003)",0.047502210649999994,2.796
"[2.7960000000000003, 2.797)",0.015666393666666667,2.797
"[2.797, 2.798)",0.05274737170588234,2.798
"[2.798, 2.799)",0.011065601035714285,2.799
"[2.799, 2.8000000000000003)",0.026703507000000005,2.8
"[2.8000000000000003, 2.801)",0.014617695526315793,2.801
"[2.801, 2.802)",0.006870175946666666,2.802
"[2.802, 2.803)",0.015707533571428574,2.803
"[2.803, 2.8040000000000003)",0.0180726586,2.804
"[2.8040000000000003, 2.805)",0.0542459526,2.805
"[2.805, 2.806)",0.028916750050000002,2.806
"[2.806, 2.807)",0.023000388285714286,2.807
"[2.807, 2.8080000000000003)",0.03868762246086956,2.808
"[2.8080000000000003, 2.809)",0.019778773266666667,2.809
"[2.809, 2.81)",0.010520933750000001,2.81
"[2.81, 2.811)",0.022528086149999998,2.811
"[2.811, 2.8120000000000003)",0.02229415906060606,2.812
"[2.8120000000000003, 2.813)",0.024587196238095237,2.813
"[2.813, 2.814)",0.009430962375,2.814
"[2.814, 2.815)",0.024225821222222218,2.815
"[2.815, 2.816)",0.025702122102222214,2.816
"[2.816, 2.817)",0.044957908551724136,2.817
"[2.817, 2.818)",0.02093248238064516,2.818
"[2.818, 2.819)",0.019450233155000003,2.819
"[2.819, 2.82)",0.024887764192307687,2.82
"[2.82, 2.821)",0.021811203525000003,2.821
"[2.821, 2.822)",0.03307855044827586,2.822
"[2.822, 2.823)",0.02100711859090909,2.823
"[2.823, 2.824)",0.00897874506875,2.824
"[2.824, 2.825)",0.013649032045499998,2.825
"[2.825, 2.826)",0.05584579195238097,2.826
"[2.826, 2.827)",0.01724667331578947,2.827
"[2.827, 2.828)",0.02411891770370371,2.828
"[2.828, 2.829)",0.025792603785714286,2.829
"[2.829, 2.83)",0.01775815965,2.83
"[2.83, 2.831)",0.012297968368749999,2.831
"[2.831, 2.832)",0.013889818466666667,2.832
"[2.832, 2.833)",0.01504666111764706,2.833
"[2.833, 2.834)",0.07737733272727271,2.834
"[2.834, 2.835)",0.03207348115789474,2.835
"[2.835, 2.836)",0.0076720541818181805,2.836
"[2.836, 2.837)",0.0284732774375,2.837
"[2.837, 2.838)",0.022873226380952377,2.838
"[2.838, 2.839)",0.024811813846153854,2.839
"[2.839, 2.84)",0.09394750288888891,2.84
"[2.84, 2.841)",0.033138388210526316,2.841
"[2.841, 2.842)",0.021189486916666667,2.842
"[2.842, 2.843)",0.016579518454545455,2.843
"[2.843, 2.844)",0.014669309052631582,2.844
"[2.844, 2.845)",0.0149487302,2.845
"[2.845, 2.846)",0.015221135533333334,2.846
"[2.846, 2.847)",0.01620256769230769,2.847
"[2.847, 2.848)",0.0164776366,2.848
"[2.848, 2.849)",0.007953695466666667,2.849
"[2.849, 2.85)",0.006155968562500001,2.85
"[2.85, 2.851)",0.0231295345,2.851
"[2.851, 2.852)",0.017355516166666664,2.852
"[2.852, 2.853)",0.01448599390909091,2.853
"[2.853, 2.854)",0.01062140868125,2.854
"[2.854, 2.855)",0.133336265925,2.855
"[2.855, 2.856)",0.030431041500000006,2.856
"[2.856, 2.857)",0.0069621270666666655,2.857
"[2.857, 2.858)",0.01922854311111111,2.858
"[2.858, 2.859)",0.0188231765,2.859
"[2.859, 2.86)",0.05451277555555555,2.86
"[2.86, 2.861)",0.013443995304347828,2.861
"[2.861, 2.862)",0.007114281949999999,2.862
"[2.862, 2.863)",0.017373149555555557,2.863
"[2.863, 2.864)",0.03520863235714286,2.864
"[2.864, 2.865)",0.02444109495454545,2.865
"[2.865, 2.866)",0.027858886142857142,2.866
"[2.866, 2.867)",0.035154322625,2.867
"[2.867, 2.868)",0.012906431636363635,2.868
"[2.868, 2.869)",0.02560607675625,2.869
"[2.869, 2.87)",0.0366989465,2.87
"[2.87, 2.871)",0.029008286307692314,2.871
"[2.871, 2.872)",0.04025527757142857,2.872
"[2.872, 2.873)",0.032574881611111106,2.873
"[2.873, 2.874)",0.01798432325,2.874
"[2.874, 2.875)",0.011768664676923076,2.875
"[2.875, 2.876)",0.04388601144444444,2.876
"[2.876, 2.8770000000000002)",0.06270999285714285,2.877
"[2.8770000000000002, 2.878)",0.013706301333333332,2.878
"[2.878, 2.879)",0.08577290800000001,2.879
"[2.879, 2.88)",0.021823933750000003,2.88
"[2.88, 2.8810000000000002)",0.0080496995625,2.881
"[2.8810000000000002, 2.882)",0.08137737209090908,2.882
"[2.882, 2.883)",0.02546521691666666,2.883
"[2.883, 2.884)",0.01647950373333333,2.884
"[2.884, 2.8850000000000002)",0.03254818773333333,2.885
"[2.8850000000000002, 2.886)",0.013459846285714287,2.886
"[2.886, 2.887)",0.017641108333333332,2.887
"[2.887, 2.888)",0.014545765714285714,2.888
"[2.888, 2.8890000000000002)",0.014464489363636366,2.889
"[2.8890000000000002, 2.89)",0.010044434500000001,2.89
"[2.89, 2.891)",0.011635541999999999,2.891
"[2.891, 2.892)",0.08959015186666666,2.892
"[2.892, 2.8930000000000002)",0.018690764714285713,2.893
"[2.8930000000000002, 2.894)",0.012147964583333335,2.894
"[2.894, 2.895)",0.017180168214285713,2.895
"[2.895, 2.896)",0.007659791857142857,2.896
"[2.896, 2.8970000000000002)",0.017015556625,2.897
"[2.8970000000000002, 2.898)",0.011456541399999999,2.898
"[2.898, 2.899)",0.008506469444444446,2.899
"[2.899, 2.9)",0.015449426666666663,2.9
"[2.9, 2.9010000000000002)",0.021918659466666667,2.901
"[2.9010000000000002, 2.902)",0.015710153999999997,2.902
"[2.902, 2.903)",0.03320342707142857,2.903
"[2.903, 2.904)",0.010030773058823531,2.904
"[2.904, 2.9050000000000002)",0.004941414999999999,2.905
"[2.9050000000000002, 2.906)",0.0275433495882353,2.906
"[2.906, 2.907)",0.026927140666666672,2.907
"[2.907, 2.908)",0.01237782971,2.908
"[2.908, 2.9090000000000003)",0.002969204142857143,2.909
"[2.9090000000000003, 2.91)",0.0169851836875,2.91
"[2.91, 2.911)",0.03112486363636363,2.911
"[2.911, 2.912)",0.025914290000000003,2.912
"[2.912, 2.9130000000000003)",0.018286482399999998,2.913
"[2.9130000000000003, 2.914)",0.0338669052,2.914
"[2.914, 2.915)",0.021925647,2.915
"[2.915, 2.916)",0.011704332591666667,2.916
"[2.916, 2.9170000000000003)",0.014947208727272726,2.917
"[2.9170000000000003, 2.918)",0.021013012923076925,2.918
"[2.918, 2.919)",0.0854059475,2.919
"[2.919, 2.92)",0.00885522081818182,2.92
"[2.92, 2.9210000000000003)",0.008133466615384615,2.921
"[2.9210000000000003, 2.922)",0.020578251555555552,2.922
"[2.922, 2.923)",0.01245080211111111,2.923
"[2.923, 2.924)",0.009711548399999999,2.924
"[2.924, 2.9250000000000003)",0.03963120811111111,2.925
"[2.9250000000000003, 2.926)",0.010658027666666667,2.926
"[2.926, 2.927)",0.01707860361111111,2.927
"[2.927, 2.928)",0.01495306172727273,2.928
"[2.928, 2.9290000000000003)",0.039663856000000004,2.929
"[2.9290000000000003, 2.93)",0.03332396165263158,2.93
"[2.93, 2.931)",0.009991287750000001,2.931
"[2.931, 2.932)",0.0100094796,2.932
"[2.932, 2.9330000000000003)",0.011593912000000001,2.933
"[2.9330000000000003, 2.934)",0.020127087000000002,2.934
"[2.934, 2.935)",0.005918276727272727,2.935
"[2.935, 2.936)",0.023287980362499995,2.936
"[2.936, 2.9370000000000003)",0.05788493941666667,2.937
"[2.9370000000000003, 2.938)",0.20876821714285715,2.938
"[2.938, 2.939)",0.012423999250000001,2.939
"[2.939, 2.94)",0.0239441405,2.94
"[2.94, 2.9410000000000003)",0.015190246142857142,2.941
"[2.9410000000000003, 2.942)",0.02389684684615384,2.942
"[2.942, 2.943)",0.010565275846153844,2.943
"[2.943, 2.944)",0.044419727006249986,2.944
"[2.944, 2.945)",0.01514107407692308,2.945
"[2.945, 2.946)",0.025002973999999997,2.946
"[2.946, 2.947)",0.02428964000000001,2.947
"[2.947, 2.948)",0.032380885533333334,2.948
"[2.948, 2.949)",0.07287196646666666,2.949
"[2.949, 2.95)",0.02415434075,2.95
"[2.95, 2.951)",0.022525655909090905,2.951
"[2.951, 2.952)",0.017846875,2.952
"[2.952, 2.953)",0.015145235585,2.953
"[2.953, 2.954)",0.014172437058823529,2.954
"[2.954, 2.955)",0.014941077066666666,2.955
"[2.955, 2.956)",0.03588450286666667,2.956
"[2.956, 2.957)",0.032988968368421044,2.957
"[2.957, 2.958)",0.018836979611111117,2.958
"[2.958, 2.959)",0.07691618883333333,2.959
"[2.959, 2.96)",0.02823224553333333,2.96
"[2.96, 2.961)",0.012432714,2.961
"[2.961, 2.962)",0.024246646454545454,2.962
"[2.962, 2.963)",0.011618004399999998,2.963
"[2.963, 2.964)",0.014777293333333334,2.964
"[2.964, 2.965)",0.020718486470588236,2.965
"[2.965, 2.966)",0.030875098249999997,2.966
"[2.966, 2.967)",0.006791710953333334,2.967
"[2.967, 2.968)",0.00960026,2.968
"[2.968, 2.969)",0.024106371,2.969
"[2.969, 2.97)",0.021373356363636364,2.97
"[2.97, 2.971)",0.05297044185714285,2.971
"[2.971, 2.972)",0.020208548599999997,2.972
"[2.972, 2.973)",0.02012586233333333,2.973
"[2.973, 2.974)",0.10245100191666669,2.974
"[2.974, 2.975)",0.0049249465714285715,2.975
"[2.975, 2.976)",0.011820627625000002,2.976
"[2.976, 2.977)",0.041348670375,2.977
"[2.977, 2.978)",0.02803698991666666,2.978
"[2.978, 2.979)",0.0037967162222222214,2.979
"[2.979, 2.98)",0.025195298749999998,2.98
"[2.98, 2.981)",0.080653028,2.981
"[2.981, 2.982)",0.0202670055,2.982
"[2.982, 2.983)",0.0385822109368421,2.983
"[2.983, 2.984)",0.004813204333333333,2.984
"[2.984, 2.985)",0.0061623404,2.985
"[2.985, 2.986)",0.010727237454545456,2.986
"[2.986, 2.987)",0.11217425330000001,2.987
"[2.987, 2.988)",0.016079667500000002,2.988
"[2.988, 2.989)",0.011708353125,2.989
"[2.989, 2.99)",0.022932040125000004,2.99
"[2.99, 2.991)",0.020958804999999997,2.991
"[2.991, 2.992)",0.027030797999999995,2.992
"[2.992, 2.993)",0.012029802571428572,2.993
"[2.993, 2.994)",0.01744539,2.994
"[2.994, 2.995)",0.0134735052,2.995
"[2.995, 2.996)",0.010265029222222223,2.996
"[2.996, 2.997)",0.018360717250000002,2.997
"[2.997, 2.998)",0.02368156288888889,2.998
"[2.998, 2.999)",0.011078554999999999,2.999
"[2.999, 3.0)",0.025038204714285712,3.0
"[3.0, 3.001)",0.02744854214285714,3.001
"[3.001, 3.0020000000000002)",0.016507409222222224,3.002
"[3.0020000000000002, 3.003)",0.023458910375000003,3.003
"[3.003, 3.004)",0.006667346399999999,3.004
"[3.004, 3.005)",0.02843041014285714,3.005
"[3.005, 3.0060000000000002)",0.019176009999999997,3.006
"[3.0060000000000002, 3.007)",0.018941586,3.007
"[3.007, 3.008)",0.014550688111111114,3.008
"[3.008, 3.009)",0.0193732815,3.009
"[3.009, 3.0100000000000002)",0.027781832222222223,3.01
"[3.0100000000000002, 3.011)",0.031382157588235295,3.011
"[3.011, 3.012)",0.014986316454545456,3.012
"[3.012, 3.013)",0.016549386076923075,3.013
"[3.013, 3.0140000000000002)",0.012723354909090908,3.014
"[3.0140000000000002, 3.015)",0.0769552798888889,3.015
"[3.015, 3.016)",0.02283296209090909,3.016
"[3.016, 3.017)",0.004723612785714286,3.017
"[3.017, 3.0180000000000002)",0.0178788875,3.018
"[3.0180000000000002, 3.019)",0.028442096000000004,3.019
"[3.019, 3.02)",0.029183531000000002,3.02
"[3.02, 3.021)",0.040469403,3.021
"[3.021, 3.0220000000000002)",0.012000336333333333,3.022
"[3.0220000000000002, 3.023)",0.03635677,3.023
"[3.023, 3.024)",0.04579153453333333,3.024
"[3.024, 3.025)",0.022071248727272726,3.025
"[3.025, 3.0260000000000002)",0.034947817444444446,3.026
"[3.0260000000000002, 3.027)",0.002459135636363636,3.027
"[3.027, 3.028)",0.037843271066666656,3.028
"[3.028, 3.029)",0.03931279100909091,3.029
"[3.029, 3.0300000000000002)",0.0111124236,3.03
"[3.0300000000000002, 3.031)",0.01740702246153846,3.031
"[3.031, 3.032)",0.016901966023750003,3.032
"[3.032, 3.033)",0.01495517575,3.033
"[3.033, 3.0340000000000003)",0.020013473333333334,3.034
"[3.0340000000000003, 3.035)",0.013258467545454544,3.035
"[3.035, 3.036)",0.0041118374285714285,3.036
"[3.036, 3.037)",0.14782143669230768,3.037
"[3.037, 3.0380000000000003)",0.033295925999999997,3.038
"[3.0380000000000003, 3.039)",0.012823883,3.039
"[3.039, 3.04)",0.06177728311111113,3.04
"[3.04, 3.041)",0.04017636253846154,3.041
"[3.041, 3.0420000000000003)",0.03768396145454545,3.042
"[3.0420000000000003, 3.043)",0.020876221461538464,3.043
"[3.043, 3.044)",0.04171557638888888,3.044
"[3.044, 3.045)",0.04303948194444444,3.045
"[3.045, 3.0460000000000003)",0.02948253153846154,3.046
"[3.0460000000000003, 3.047)",0.007991758285714285,3.047
"[3.047, 3.048)",0.009926146866666668,3.048
"[3.048, 3.049)",0.025417190352941176,3.049
"[3.049, 3.0500000000000003)",0.00929110976923077,3.05
"[3.0500000000000003, 3.051)",0.0246047900625,3.051
"[3.051, 3.052)",0.09757601907142857,3.052
"[3.052, 3.053)",0.04793052076923077,3.053
"[3.053, 3.0540000000000003)",0.006961712499999999,3.054
"[3.0540000000000003, 3.055)",0.025262186675000003,3.055
"[3.055, 3.056)",0.04657273075,3.056
"[3.056, 3.057)",0.026871402789473683,3.057
"[3.057, 3.0580000000000003)",0.011450209000000001,3.058
"[3.0580000000000003, 3.059)",0.020665606666666666,3.059
"[3.059, 3.06)",0.07927888285714287,3.06
"[3.06, 3.061)",0.06424225766666666,3.061
"[3.061, 3.0620000000000003)",0.04019939733333334,3.062
"[3.0620000000000003, 3.063)",0.006569136285714284,3.063
"[3.063, 3.064)",0.01524236,3.064
"[3.064, 3.065)",0.014632681636363637,3.065
"[3.065, 3.0660000000000003)",0.016901942687499998,3.066
"[3.0660000000000003, 3.067)",0.037070670909090914,3.067
"[3.067, 3.068)",0.008536086999999998,3.068
"[3.068, 3.069)",0.03359119075,3.069
"[3.069, 3.0700000000000003)",0.032647451400000006,3.07
"[3.0700000000000003, 3.071)",0.149953832,3.071
"[3.071, 3.072)",0.011362107923076922,3.072
"[3.072, 3.073)",0.02219965471428572,3.073
"[3.073, 3.074)",0.03104823672142858,3.074
"[3.074, 3.075)",0.012934550230769228,3.075
"[3.075, 3.076)",0.013663046615384613,3.076
"[3.076, 3.077)",0.004682811375,3.077
"[3.077, 3.078)",0.013387776711764707,3.078
"[3.078, 3.079)",0.009097020545454545,3.079
"[3.079, 3.08)",0.029518171090588245,3.08
"[3.08, 3.081)",0.014026462363636362,3.081
"[3.081, 3.082)",0.005750869399999999,3.082
"[3.082, 3.083)",0.0112262625,3.083
"[3.083, 3.084)",0.017763071210526317,3.084
"[3.084, 3.085)",0.012269137455555558,3.085
"[3.085, 3.086)",0.037033671600000005,3.086
"[3.086, 3.087)",0.010213034101666666,3.087
"[3.087, 3.088)",0.055610332000000005,3.088
"[3.088, 3.089)",0.01625014090909091,3.089
"[3.089, 3.09)",0.012938754399999999,3.09
"[3.09, 3.091)",0.011160760857142857,3.091
"[3.091, 3.092)",0.029936253123076923,3.092
"[3.092, 3.093)",0.013676094428571428,3.093
"[3.093, 3.094)",0.008439633714285712,3.094
"[3.094, 3.095)",0.016027312615384617,3.095
"[3.095, 3.096)",0.03598372025,3.096
"[3.096, 3.097)",0.058805491999999994,3.097
"[3.097, 3.098)",0.00989451983076923,3.098
"[3.098, 3.099)",0.01569124592857143,3.099
"[3.099, 3.1)",0.03958024657142857,3.1
"[3.1, 3.101)",0.02454173714285714,3.101
"[3.101, 3.102)",0.039424026250000015,3.102
"[3.102, 3.103)",0.024184002799999996,3.103
"[3.103, 3.104)",0.01925256588888889,3.104
"[3.104, 3.105)",0.01794110777777778,3.105
"[3.105, 3.106)",0.06302067666666666,3.106
"[3.106, 3.107)",0.011064368125,3.107
"[3.107, 3.108)",0.04003972969230769,3.108
"[3.108, 3.109)",0.038208432285714286,3.109
"[3.109, 3.11)",0.007546774874999999,3.11
"[3.11, 3.111)",0.00973225,3.111
"[3.111, 3.112)",0.034481464999999996,3.112
"[3.112, 3.113)",0.029898265000000004,3.113
"[3.113, 3.114)",0.016730973137499997,3.114
"[3.114, 3.115)",0.04366762550625,3.115
"[3.115, 3.116)",0.011352257,3.116
"[3.116, 3.117)",0.019711031444444443,3.117
"[3.117, 3.118)",0.015841797425,3.118
"[3.118, 3.119)",0.026826464392307695,3.119
"[3.119, 3.12)",0.056253953999999995,3.12
"[3.12, 3.121)",0.016754287571428574,3.121
"[3.121, 3.122)",0.051571070375,3.122
"[3.122, 3.123)",0.017626577499999997,3.123
"[3.123, 3.124)",0.02539011065833333,3.124
"[3.124, 3.125)",0.10531052040000002,3.125
"[3.125, 3.126)",0.007499366999999999,3.126
"[3.126, 3.1270000000000002)",0.009343654714285712,3.127
"[3.1270000000000002, 3.128)",0.08484329142857142,3.128
"[3.128, 3.129)",0.01206796914285714,3.129
"[3.129, 3.13)",0.06349435608333333,3.13
"[3.13, 3.1310000000000002)",0.014474459666666668,3.131
"[3.1310000000000002, 3.132)",0.025517682827272726,3.132
"[3.132, 3.133)",0.015640004714285716,3.133
"[3.133, 3.134)",0.018353478454545456,3.134
"[3.134, 3.1350000000000002)",0.009151937666666667,3.135
"[3.1350000000000002, 3.136)",0.017558802,3.136
"[3.136, 3.137)",0.018401678799999998,3.137
"[3.137, 3.138)",0.006327563100000001,3.138
"[3.138, 3.1390000000000002)",0.042863012,3.139
"[3.1390000000000002, 3.14)",0.013674697666666666,3.14
"[3.14, 3.141)",0.029683587,3.141
"[3.141, 3.142)",0.0076166491111111095,3.142
"[3.142, 3.1430000000000002)",0.014186617272727272,3.143
"[3.1430000000000002, 3.144)",0.030193653833333337,3.144
"[3.144, 3.145)",0.0145762006,3.145
"[3.145, 3.146)",0.0096868766,3.146
"[3.146, 3.1470000000000002)",0.014901267777777774,3.147
"[3.1470000000000002, 3.148)",0.02340836576923077,3.148
"[3.148, 3.149)",0.041417483000000005,3.149
"[3.149, 3.15)",0.0193749163,3.15
"[3.15, 3.1510000000000002)",0.02742539429,3.151
"[3.1510000000000002, 3.152)",0.0069122055384615395,3.152
"[3.152, 3.153)",0.008325560499999999,3.153
"[3.153, 3.154)",0.0217439106,3.154
"[3.154, 3.1550000000000002)",0.016773954333333334,3.155
"[3.1550000000000002, 3.156)",0.08011486857142856,3.156
"[3.156, 3.157)",0.013295347316666666,3.157
"[3.157, 3.158)",0.029454130211111113,3.158
"[3.158, 3.1590000000000003)",0.08450636177777777,3.159
"[3.1590000000000003, 3.16)",0.03744774879999999,3.16
"[3.16, 3.161)",0.013404442555555555,3.161
"[3.161, 3.162)",0.040166911666666666,3.162
"[3.162, 3.1630000000000003)",0.027407652299999995,3.163
"[3.1630000000000003, 3.164)",0.00846136453846154,3.164
"[3.164, 3.165)",0.0433251756,3.165
"[3.165, 3.166)",0.016266020454545452,3.166
"[3.166, 3.1670000000000003)",0.01029321075,3.167
"[3.1670000000000003, 3.168)",0.0378997826875,3.168
"[3.168, 3.169)",0.015456804083333333,3.169
"[3.169, 3.17)",0.03490720225,3.17
"[3.17, 3.1710000000000003)",0.0028526677999999995,3.171
"[3.1710000000000003, 3.172)",0.016958892833333333,3.172
"[3.172, 3.173)",0.03768996471428571,3.173
"[3.173, 3.174)",0.014288354846153843,3.174
"[3.174, 3.1750000000000003)",0.045764907866666656,3.175
"[3.1750000000000003, 3.176)",0.013580032769230772,3.176
"[3.176, 3.177)",0.008509035137499999,3.177
"[3.177, 3.178)",0.02079377216666667,3.178
"[3.178, 3.1790000000000003)",0.008955208599999999,3.179
"[3.1790000000000003, 3.18)",0.0381186955,3.18
"[3.18, 3.181)",0.027458408857142857,3.181
"[3.181, 3.182)",0.057535325,3.182
"[3.182, 3.1830000000000003)",0.020522135555555557,3.183
"[3.1830000000000003, 3.184)",0.011453496555555557,3.184
"[3.184, 3.185)",0.1105479716,3.185
"[3.185, 3.186)",0.013243791571428572,3.186
"[3.186, 3.1870000000000003)",0.014407236600000001,3.187
"[3.1870000000000003, 3.188)",0.0027105375714285714,3.188
"[3.188, 3.189)",0.0030600926666666667,3.189
"[3.189, 3.19)",0.02806802333333333,3.19
"[3.19, 3.1910000000000003)",0.07395972058333333,3.191
"[3.1910000000000003, 3.192)",0.031158493250000002,3.192
"[3.192, 3.193)",0.007965023285714285,3.193
"[3.193, 3.194)",0.018805539857142856,3.194
"[3.194, 3.1950000000000003)",0.017084100125,3.195
"[3.1950000000000003, 3.196)",0.021356707500000002,3.196
"[3.196, 3.197)",0.0256814426,3.197
"[3.197, 3.198)",0.0054244006,3.198
"[3.198, 3.1990000000000003)",0.038077552166666674,3.199
"[3.1990000000000003, 3.2)",0.07265028,3.2
"[3.2, 3.201)",0.01377002209090909,3.201
"[3.201, 3.202)",0.0088456406,3.202
"[3.202, 3.203)",0.050669817,3.203
"[3.203, 3.204)",0.0142572372,3.204
"[3.204, 3.205)",0.012810228299999999,3.205
"[3.205, 3.206)",0.11291236933333332,3.206
"[3.206, 3.207)",0.02738238542857143,3.207
"[3.207, 3.208)",0.03485709,3.208
"[3.208, 3.209)",0.01689726142857143,3.209
"[3.209, 3.21)",0.007629457500000001,3.21
"[3.21, 3.211)",0.017803643714285715,3.211
"[3.211, 3.212)",0.024558046142857143,3.212
"[3.212, 3.213)",0.005242504571428571,3.213
"[3.213, 3.214)",0.00626180825,3.214
"[3.214, 3.215)",0.0556842125,3.215
"[3.215, 3.216)",0.03734178,3.216
"[3.216, 3.217)",0.00680526,3.217
"[3.217, 3.218)",0.00394926,3.218
"[3.218, 3.219)",0.008127650777777778,3.219
"[3.219, 3.22)",0.012207877666666667,3.22
"[3.22, 3.221)",0.011126916666666667,3.221
"[3.221, 3.222)",0.0050244875,3.222
"[3.222, 3.223)",0.030400572799999998,3.223
"[3.223, 3.224)",0.011733584,3.224
"[3.224, 3.225)",0.015160533200000003,3.225
"[3.225, 3.226)",0.013845478,3.226
"[3.226, 3.227)",0.006880571475,3.227
"[3.227, 3.228)",0.007398638444444443,3.228
"[3.228, 3.229)",0.020439050428571432,3.229
"[3.229, 3.23)",0.016653175,3.23
"[3.23, 3.231)",0.0380612046,3.231
"[3.231, 3.232)",0.010376615,3.232
"[3.232, 3.233)",0.033144200750000005,3.233
"[3.233, 3.234)",0.010772539999999999,3.234
"[3.234, 3.235)",0.0190246195,3.235
"[3.235, 3.236)",0.02386388945454546,3.236
"[3.236, 3.237)",0.03246410471428571,3.237
"[3.237, 3.238)",0.0068721903700000005,3.238
"[3.238, 3.239)",0.018830473076923072,3.239
"[3.239, 3.24)",0.08052686699999999,3.24
"[3.24, 3.241)",0.026235666249999998,3.241
"[3.241, 3.242)",0.10120468825000001,3.242
"[3.242, 3.243)",0.02636993042857143,3.243
"[3.243, 3.244)",0.007233961666666667,3.244
"[3.244, 3.245)",0.004899608599999999,3.245
"[3.245, 3.246)",0.006368956142857143,3.246
"[3.246, 3.247)",0.0088036446,3.247
"[3.247, 3.248)",0.042528300000000005,3.248
"[3.248, 3.249)",0.014208699999999998,3.249
"[3.249, 3.25)",0.01875235,3.25
"[3.25, 3.251)",0.021308606249999997,3.251
"[3.251, 3.2520000000000002)",0.023151092499999998,3.252
"[3.2520000000000002, 3.253)",0.0159881756,3.253
"[3.253, 3.254)",0.05486401899999999,3.254
"[3.254, 3.255)",0.005063244600000001,3.255
"[3.255, 3.2560000000000002)",0.010506918,3.256
"[3.2560000000000002, 3.257)",0.0009437776666666667,3.257
"[3.257, 3.258)",0.023715116666666664,3.258
"[3.258, 3.259)",0.030728846444444444,3.259
"[3.259, 3.2600000000000002)",0.0331728237,3.26
"[3.2600000000000002, 3.261)",0.010852029999999999,3.261
"[3.261, 3.262)",0.015369213333333335,3.262
"[3.262, 3.263)",0.020893200216666668,3.263
"[3.263, 3.2640000000000002)",0.0606828562,3.264
"[3.2640000000000002, 3.265)",0.0297191625,3.265
"[3.265, 3.266)",0.019843160375,3.266
"[3.266, 3.267)",0.02119375757142857,3.267
"[3.267, 3.2680000000000002)",0.03366818358333334,3.268
"[3.2680000000000002, 3.269)",0.11956735999999998,3.269
"[3.269, 3.27)",0.02873150925,3.27
"[3.27, 3.271)",0.030615087500000002,3.271
"[3.271, 3.2720000000000002)",0.021736122166666667,3.272
"[3.2720000000000002, 3.273)",0.00808696382,3.273
"[3.273, 3.274)",0.018051691666666668,3.274
"[3.274, 3.275)",0.026411118,3.275
"[3.275, 3.2760000000000002)",0.007909027766666667,3.276
"[3.2760000000000002, 3.277)",0.017017655,3.277
"[3.277, 3.278)",0.0349873587625,3.278
"[3.278, 3.279)",0.036145108833333335,3.279
"[3.279, 3.2800000000000002)",0.02849485,3.28
"[3.2800000000000002, 3.281)",0.0119539175,3.281
"[3.281, 3.282)",0.038130372,3.282
"[3.282, 3.283)",0.032504254125,3.283
"[3.283, 3.2840000000000003)",0.01578168375,3.284
"[3.2840000000000003, 3.285)",0.01724164116666667,3.285
"[3.285, 3.286)",0.023490436666666666,3.286
"[3.286, 3.287)",0.013578568800000001,3.287
"[3.287, 3.2880000000000003)",0.009903986749999998,3.288
"[3.2880000000000003, 3.289)",0.07010517449999998,3.289
"[3.289, 3.29)",0.002417235,3.29
"[3.29, 3.291)",0.004854061,3.291
"[3.291, 3.2920000000000003)",0.026407705,3.292
"[3.2920000000000003, 3.293)",0.019309100142857142,3.293
"[3.293, 3.294)",0.101381224,3.294
"[3.294, 3.295)",0.0015340386249999998,3.295
"[3.295, 3.2960000000000003)",0.032047705875,3.296
"[3.2960000000000003, 3.297)",0.17389957,3.297
"[3.297, 3.298)",0.02433761845454545,3.298
"[3.298, 3.299)",0.036609125,3.299
"[3.299, 3.3000000000000003)",0.022515118714285715,3.3
"[3.3000000000000003, 3.301)",0.008922016666666666,3.301
"[3.301, 3.302)",0.007956076666666667,3.302
"[3.302, 3.303)",0.0016440415000000001,3.303
"[3.303, 3.3040000000000003)",0.00402281147,3.304
"[3.3040000000000003, 3.305)",0.033411506142857136,3.305
"[3.305, 3.306)",0.019840800750000002,3.306
"[3.306, 3.307)",0.0074117993999999994,3.307
"[3.307, 3.3080000000000003)",0.012026256666666665,3.308
"[3.3080000000000003, 3.309)",0.037503482500000004,3.309
"[3.309, 3.31)",0.02370244681818182,3.31
"[3.31, 3.311)",0.012670137571428569,3.311
"[3.311, 3.3120000000000003)",0.044196701111111104,3.312
"[3.3120000000000003, 3.313)",0.0081339614,3.313
"[3.313, 3.314)",0.053719615,3.314
"[3.314, 3.315)",0.03158541614285714,3.315
"[3.315, 3.3160000000000003)",0.008923413857142858,3.316
"[3.3160000000000003, 3.317)",0.015952855333333335,3.317
"[3.317, 3.318)",0.013550837249999998,3.318
"[3.318, 3.319)",0.056207335000000004,3.319
"[3.319, 3.3200000000000003)",0.0599261645,3.32
"[3.3200000000000003, 3.321)",0.009548739899999999,3.321
"[3.321, 3.322)",0.027067316571428572,3.322
"[3.322, 3.323)",0.01444964390909091,3.323
"[3.323, 3.3240000000000003)",0.026376375,3.324
"[3.3240000000000003, 3.325)",0.0100916,3.325
"[3.325, 3.326)",0.010560712363636364,3.326
"[3.326, 3.327)",0.031367938899999996,3.327
"[3.327, 3.3280000000000003)",0.0059054695555555555,3.328
"[3.3280000000000003, 3.329)",0.020745624,3.329
"[3.329, 3.33)",0.013184386666666666,3.33
"[3.33, 3.331)",0.0018546965857142853,3.331
"[3.331, 3.332)",0.03990681099999999,3.332
"[3.332, 3.333)",0.0022017,3.333
"[3.333, 3.334)",0.019435615328571427,3.334
"[3.334, 3.335)",0.008569469428571428,3.335
"[3.335, 3.336)",0.012838625000000001,3.336
"[3.336, 3.337)",0.0180045,3.337
"[3.337, 3.338)",0.016986117,3.338
"[3.338, 3.339)",0.009809186666666666,3.339
"[3.339, 3.34)",0.0601336365,3.34
"[3.34, 3.341)",0.002924276975,3.341
"[3.341, 3.342)",0.0008241265000000001,3.342
"[3.342, 3.343)",0.01902785833333334,3.343
"[3.343, 3.344)",0.003033967375,3.344
"[3.344, 3.345)",0.01357266,3.345
"[3.345, 3.346)",0.01318796726875,3.346
"[3.346, 3.347)",0.02685718,3.347
"[3.347, 3.348)",0.05056331,3.348
"[3.348, 3.349)",0.006667777666666667,3.349
"[3.349, 3.35)",0.041415499999999994,3.35
"[3.35, 3.351)",0.001883389,3.351
"[3.351, 3.352)",0.011346120316666666,3.352
"[3.352, 3.353)",0.04680408333333333,3.353
"[3.353, 3.354)",0.017355893333333334,3.354
"[3.354, 3.355)",0.016034634285714285,3.355
"[3.355, 3.356)",0.029021846999999996,3.356
"[3.356, 3.357)",0.037725678,3.357
"[3.357, 3.358)",0.00086972715,3.358
"[3.358, 3.359)",0.08762194,3.359
"[3.359, 3.36)",0.01605917,3.36
"[3.36, 3.361)",0.03504383757142857,3.361
"[3.361, 3.362)",0.00818902,3.362
"[3.362, 3.363)",0.00796135965,3.363
"[3.363, 3.364)",0.012181793285714284,3.364
"[3.364, 3.365)",0.06350824816666666,3.365
"[3.365, 3.366)",0.0070234272,3.366
"[3.366, 3.367)",0.00232558,3.367
"[3.367, 3.368)",0.013302507166666666,3.368
"[3.368, 3.369)",0.04506150507500001,3.369
"[3.369, 3.37)",0.0032663166666666668,3.37
"[3.37, 3.371)",0.065777106,3.371
"[3.371, 3.372)",0.0309516006,3.372
"[3.372, 3.373)",0.009484094433333333,3.373
"[3.373, 3.374)",0.03158835383333333,3.374
"[3.374, 3.375)",0.018976384333333332,3.375
"[3.375, 3.376)",0.008100415,3.376
"[3.376, 3.3770000000000002)",0.000540833,3.377
"[3.3770000000000002, 3.378)",0.017450336,3.378
"[3.378, 3.379)",0.005446957666666666,3.379
"[3.379, 3.38)",0.0086189295,3.38
"[3.38, 3.3810000000000002)",0.0289846175,3.381
"[3.3810000000000002, 3.382)",0.023906835833333334,3.382
"[3.382, 3.383)",0.039172467366666665,3.383
"[3.383, 3.384)",0.01186158838,3.384
"[3.384, 3.3850000000000002)",0.020032559999999998,3.385
"[3.3850000000000002, 3.386)",0.16614543333333334,3.386
"[3.386, 3.387)",0.021869474714285714,3.387
"[3.387, 3.388)",0.00989314075,3.388
"[3.388, 3.3890000000000002)",0.0786531175,3.389
"[3.3890000000000002, 3.39)",0.005623493333333333,3.39
"[3.39, 3.391)",0.08988493554000002,3.391
"[3.391, 3.392)",0.02780645666666667,3.392
"[3.392, 3.3930000000000002)",0.013961522166666664,3.393
"[3.3930000000000002, 3.394)",0.0317767,3.394
"[3.394, 3.395)",0.01619307,3.395
"[3.395, 3.396)",0.0203519575,3.396
"[3.396, 3.3970000000000002)",0.00358139,3.397
"[3.3970000000000002, 3.398)",0.011512428,3.398
"[3.398, 3.399)",0.01766167,3.399
"[3.4, 3.4010000000000002)",0.01764925,3.4
"[3.4010000000000002, 3.402)",0.0210972153,3.401
"[3.402, 3.403)",0.004400517666666667,3.402
"[3.403, 3.404)",0.0015460125,3.403
"[3.404, 3.4050000000000002)",0.009799940600000001,3.404
"[3.4050000000000002, 3.406)",0.020810587300000002,3.405
"[3.406, 3.407)",0.04158578883333334,3.406
"[3.407, 3.408)",0.004925686666666667,3.407
"[3.408, 3.4090000000000003)",0.012354935000000001,3.408
"[3.4090000000000003, 3.41)",0.079241425,3.409
"[3.41, 3.411)",0.0103647665,3.41
"[3.411, 3.412)",0.059872872,3.411
"[3.412, 3.4130000000000003)",0.02934217,3.412
"[3.4130000000000003, 3.414)",0.002138921,3.413
"[3.414, 3.415)",0.00862860025,3.414
"[3.415, 3.416)",0.021020216666666664,3.415
"[3.416, 3.4170000000000003)",0.0705739,3.416
"[3.4170000000000003, 3.418)",0.035262635714285714,3.417
"[3.418, 3.419)",0.01498837,3.418
"[3.419, 3.42)",0.05075283325,3.419
"[3.42, 3.4210000000000003)",0.03356967,3.42
"[3.4210000000000003, 3.422)",0.0050096179999999995,3.421
"[3.422, 3.423)",0.010446615000000001,3.422
"[3.423, 3.424)",0.017568747166666666,3.423
"[3.424, 3.4250000000000003)",0.00800455,3.424
"[3.4250000000000003, 3.426)",0.0270409325,3.425
"[3.426, 3.427)",0.0076214125,3.426
"[3.427, 3.428)",0.0252712,3.427
"[3.428, 3.4290000000000003)",0.051155483200000004,3.428
"[3.4290000000000003, 3.43)",0.02450265,3.429
"[3.43, 3.431)",0.011541488249999999,3.43
"[3.431, 3.432)",0.019098226666666666,3.431
"[3.432, 3.4330000000000003)",0.00110742,3.432
"[3.4330000000000003, 3.434)",0.02153543714285714,3.433
"[3.434, 3.435)",0.07120461,3.434
"[3.435, 3.436)",0.0108572025,3.435
"[3.436, 3.4370000000000003)",0.00532886825,3.436
"[3.4370000000000003, 3.438)",0.015258205,3.437
"[3.438, 3.439)",0.06413559,3.438
"[3.439, 3.44)",0.10931514333333332,3.439
"[3.44, 3.4410000000000003)",0.0042568499999999995,3.44
"[3.4410000000000003, 3.442)",0.06356336666666666,3.441
"[3.442, 3.443)",0.01996185,3.442
"[3.443, 3.444)",0.00822042075,3.443
"[3.444, 3.4450000000000003)",0.0032329150000000003,3.444
"[3.4450000000000003, 3.446)",0.00170164,3.445
"[3.446, 3.447)",0.00520561,3.446
"[3.447, 3.448)",0.245676755,3.447
"[3.448, 3.4490000000000003)",0.00658135,3.448
"[3.4490000000000003, 3.45)",0.008093043333333333,3.449
"[3.45, 3.451)",0.00856392,3.45
"[3.451, 3.452)",0.014939360999999998,3.451
"[3.4530000000000003, 3.454)",0.0011968845,3.452
"[3.454, 3.455)",0.018347192500000005,3.453
"[3.455, 3.456)",0.13976,3.454
"[3.456, 3.457)",0.012094140000000001,3.455
"[3.457, 3.458)",0.006685844333333334,3.456
"[3.458, 3.459)",0.0332345,3.457
"[3.459, 3.46)",0.1997022075,3.458
"[3.46, 3.461)",0.0107198,3.459
"[3.461, 3.462)",0.005663,3.46
"[3.462, 3.463)",0.01525961,3.461
"[3.463, 3.464)",0.09887015,3.462
"[3.464, 3.465)",0.00224821516,3.463
"[3.465, 3.466)",0.008717553333333334,3.464
"[3.466, 3.467)",0.06174975,3.465
"[3.467, 3.468)",0.01952662825,3.466
"[3.468, 3.469)",0.0007037944999999999,3.467
"[3.469, 3.47)",0.0236660166,3.468
"[3.47, 3.471)",0.007246776666666667,3.469
"[3.471, 3.472)",0.00734871,3.47
"[3.472, 3.473)",0.004080263666666666,3.471
"[3.473, 3.474)",0.025039233333333338,3.472
"[3.474, 3.475)",0.06913066,3.473
"[3.475, 3.476)",0.000540833,3.474
"[3.476, 3.477)",0.0024988099999999997,3.475
"[3.477, 3.478)",0.0691296,3.476
"[3.478, 3.479)",0.0101135,3.477
"[3.481, 3.482)",0.0162966,3.478
"[3.482, 3.483)",0.10888424333333331,3.479
"[3.484, 3.485)",0.006014355000000001,3.48
"[3.485, 3.486)",0.02293025,3.481
"[3.488, 3.489)",0.02938751,3.482
"[3.489, 3.49)",0.00547566,3.483
"[3.49, 3.491)",0.0361544,3.484
"[3.491, 3.492)",0.000540833,3.485
"[3.492, 3.493)",0.0036043432499999997,3.486
"[3.493, 3.494)",0.01152218,3.487
"[3.496, 3.497)",0.04754285533333333,3.488
"[3.497, 3.498)",0.0743574,3.489
"[3.498, 3.499)",0.0022140743333333335,3.49
"[3.499, 3.5)",0.0128205,3.491
"[3.5, 3.501)",0.11683270999999999,3.492
"[3.501, 3.5020000000000002)",0.002659456666666667,3.493
"[3.5020000000000002, 3.503)",0.000540833,3.494
"[3.503, 3.504)",0.017015159999999998,3.495
"[3.504, 3.505)",0.0046364143333333325,3.496
"[3.505, 3.5060000000000002)",0.0043211625,3.497
"[3.5060000000000002, 3.507)",0.04008861,3.498
"[3.507, 3.508)",0.07423696333333334,3.499
"[3.508, 3.509)",0.0066348250000000004,3.5
"[3.509, 3.5100000000000002)",0.014544055499999998,3.501
"[3.5100000000000002, 3.511)",0.042678808,3.502
"[3.511, 3.512)",0.09078351999999999,3.503
"[3.512, 3.513)",0.0109469406,3.504
"[3.513, 3.5140000000000002)",0.035917908250000005,3.505
"[3.5140000000000002, 3.515)",0.037050724,3.506
"[3.515, 3.516)",0.0117854146,3.507
"[3.516, 3.517)",0.022377750000000002,3.508
"[3.517, 3.5180000000000002)",0.031312,3.509
"[3.5180000000000002, 3.519)",0.02422872,3.51
"[3.519, 3.52)",0.0005538629999999999,3.511
"[3.52, 3.521)",0.018257903500000002,3.512
"[3.521, 3.5220000000000002)",0.00704738,3.513
"[3.5220000000000002, 3.523)",0.07839117333333336,3.514
"[3.523, 3.524)",0.0240811,3.515
"[3.524, 3.525)",0.017938580500000002,3.516
"[3.525, 3.5260000000000002)",0.00751155835,3.517
"[3.5260000000000002, 3.527)",0.050380010333333336,3.518
"[3.527, 3.528)",0.004227685,3.519
"[3.528, 3.529)",0.02188866,3.52
"[3.529, 3.5300000000000002)",0.022809314,3.521
"[3.5300000000000002, 3.531)",0.02317662666666667,3.522
"[3.531, 3.532)",0.012366960999999997,3.523
"[3.532, 3.533)",0.0110217965,3.524
"[3.5340000000000003, 3.535)",0.016744716,3.525
"[3.535, 3.536)",0.04272675,3.526
"[3.536, 3.537)",0.0079643242,3.527
"[3.537, 3.5380000000000003)",0.0621186,3.528
"[3.5380000000000003, 3.539)",0.0005997,3.529
"[3.539, 3.54)",0.031082198333333335,3.53
"[3.54, 3.541)",0.035485873333333334,3.531
"[3.541, 3.5420000000000003)",0.031083689999999997,3.532
"[3.5420000000000003, 3.543)",0.002044465,3.533
"[3.543, 3.544)",0.01111446525,3.534
"[3.544, 3.545)",0.026127941999999998,3.535
"[3.545, 3.5460000000000003)",0.0062827362,3.536
"[3.5460000000000003, 3.547)",0.0099609925,3.537
"[3.547, 3.548)",0.0401879,3.538
"[3.5500000000000003, 3.551)",0.024165306666666664,3.539
"[3.552, 3.553)",0.030983926666666665,3.54
"[3.553, 3.5540000000000003)",0.01891153333333333,3.541
"[3.5540000000000003, 3.555)",0.017571787499999998,3.542
"[3.555, 3.556)",0.008558613333333335,3.543
"[3.556, 3.557)",0.0910897,3.544
"[3.557, 3.5580000000000003)",0.0100418,3.545
"[3.5580000000000003, 3.559)",0.0215208,3.546
"[3.559, 3.56)",0.018577956666666666,3.547
"[3.56, 3.561)",0.0027308776666666664,3.548
"[3.5620000000000003, 3.563)",0.046305105,3.549
"[3.563, 3.564)",0.0417312,3.55
"[3.564, 3.565)",0.034376659999999996,3.551
"[3.565, 3.5660000000000003)",0.0621611,3.552
"[3.5660000000000003, 3.567)",0.017045019999999998,3.553
"[3.567, 3.568)",0.04091429,3.554
"[3.569, 3.5700000000000003)",0.06875115775,3.555
"[3.5700000000000003, 3.571)",0.024707522,3.556
"[3.572, 3.573)",0.0248162625,3.557
"[3.5740000000000003, 3.575)",0.01814275,3.558
"[3.575, 3.576)",0.139126,3.559
"[3.576, 3.577)",0.0227777,3.56
"[3.577, 3.5780000000000003)",0.0052955,3.561
"[3.5780000000000003, 3.579)",0.0,3.562
"[3.579, 3.58)",0.0023164515,3.563
"[3.58, 3.581)",0.030289415,3.564
"[3.581, 3.5820000000000003)",0.02063765,3.565
"[3.5820000000000003, 3.583)",0.093604475,3.566
"[3.584, 3.585)",0.00747601,3.567
"[3.586, 3.587)",0.00457512,3.568
"[3.587, 3.588)",0.0040409315,3.569
"[3.588, 3.589)",0.03955845045,3.57
"[3.589, 3.59)",0.00110742,3.571
"[3.59, 3.591)",0.0498339,3.572
"[3.592, 3.593)",0.07178550333333333,3.573
"[3.594, 3.595)",0.02219885,3.574
"[3.595, 3.596)",0.0059593975000000006,3.575
"[3.596, 3.597)",0.0225067,3.576
"[3.597, 3.598)",0.0157895,3.577
"[3.598, 3.599)",0.000540833,3.578
"[3.599, 3.6)",0.0243375,3.579
"[3.6, 3.601)",0.020106239999999997,3.58
"[3.601, 3.602)",0.021959185000000003,3.581
"[3.602, 3.603)",0.012126052,3.582
"[3.603, 3.604)",0.05065813333333333,3.583
"[3.604, 3.605)",0.002656007,3.584
"[3.605, 3.606)",0.0030722,3.585
"[3.606, 3.607)",0.015873,3.586
"[3.607, 3.608)",0.10114695,3.587
"[3.608, 3.609)",0.010613305,3.588
"[3.609, 3.61)",0.0283949165,3.589
"[3.61, 3.611)",0.0117001,3.59
"[3.611, 3.612)",0.0037364433333333335,3.591
"[3.612, 3.613)",0.00610501,3.592
"[3.613, 3.614)",0.0006306336666666667,3.593
"[3.614, 3.615)",0.000540833,3.594
"[3.615, 3.616)",0.01606741,3.595
"[3.616, 3.617)",0.013133160000000001,3.596
"[3.617, 3.618)",0.02486636142857143,3.597
"[3.618, 3.619)",0.0105841,3.598
"[3.619, 3.62)",0.00721334,3.599
"[3.621, 3.622)",0.00432882325,3.6
"[3.622, 3.623)",0.016063563800000003,3.601
"[3.623, 3.624)",0.013242035,3.602
"[3.624, 3.625)",0.004409255,3.603
"[3.625, 3.626)",0.01704226,3.604
"[3.6270000000000002, 3.628)",0.01553976,3.605
"[3.628, 3.629)",0.044665,3.606
"[3.63, 3.6310000000000002)",0.006202796666666666,3.607
"[3.632, 3.633)",0.011113277666666666,3.608
"[3.633, 3.634)",0.00229587,3.609
"[3.6350000000000002, 3.636)",0.00150038,3.61
"[3.637, 3.638)",0.009733463333333333,3.611
"[3.638, 3.6390000000000002)",0.006886603333333334,3.612
"[3.64, 3.641)",0.0129894,3.613
"[3.642, 3.6430000000000002)",0.0035307150000000002,3.614
"[3.6430000000000002, 3.644)",0.0343661,3.615
"[3.644, 3.645)",0.00150038,3.616
"[3.645, 3.646)",0.019529116,3.617
"[3.646, 3.6470000000000002)",0.0067398300000000005,3.618
"[3.6470000000000002, 3.648)",0.025285458,3.619
"[3.648, 3.649)",0.027636255,3.62
"[3.649, 3.65)",0.000540833,3.621
"[3.65, 3.6510000000000002)",0.034783311000000004,3.622
"[3.652, 3.653)",0.00298151,3.623
"[3.653, 3.654)",0.00334884,3.624
"[3.654, 3.6550000000000002)",0.022105267166666664,3.625
"[3.6550000000000002, 3.656)",0.009098326975000001,3.626
"[3.656, 3.657)",0.0377670675,3.627
"[3.657, 3.658)",0.06547915,3.628
"[3.658, 3.6590000000000003)",0.0266984,3.629
"[3.66, 3.661)",0.0008241265000000001,3.63
"[3.661, 3.662)",0.023980615,3.631
"[3.662, 3.6630000000000003)",0.0790698,3.632
"[3.664, 3.665)",0.00232558,3.633
"[3.665, 3.666)",0.054744466666666665,3.634
"[3.666, 3.6670000000000003)",0.009351705,3.635
"[3.6670000000000003, 3.668)",0.004666003333333334,3.636
"[3.668, 3.669)",0.027134349999999998,3.637
"[3.669, 3.67)",0.04008861,3.638
"[3.67, 3.6710000000000003)",0.028952199999999997,3.639
"[3.672, 3.673)",0.02190705,3.64
"[3.673, 3.674)",0.0038138775,3.641
"[3.674, 3.6750000000000003)",0.16082394,3.642
"[3.6750000000000003, 3.676)",0.0025070933333333333,3.643
"[3.676, 3.677)",0.0602010995,3.644
"[3.677, 3.678)",0.009238235000000001,3.645
"[3.678, 3.6790000000000003)",0.021967471000000002,3.646
"[3.6790000000000003, 3.68)",0.046724090499999996,3.647
"[3.68, 3.681)",0.00348432,3.648
"[3.682, 3.6830000000000003)",0.06075523433333333,3.649
"[3.6830000000000003, 3.684)",0.01079681,3.65
"[3.684, 3.685)",0.00348432,3.651
"[3.685, 3.686)",0.02328421,3.652
"[3.6870000000000003, 3.688)",0.098634,3.653
"[3.688, 3.689)",0.00187477,3.654
"[3.689, 3.69)",0.00426768,3.655
"[3.69, 3.6910000000000003)",0.0014332065,3.656
"[3.6910000000000003, 3.692)",0.06736442666666666,3.657
"[3.693, 3.694)",0.000540833,3.658
"[3.694, 3.6950000000000003)",0.050229135,3.659
"[3.6950000000000003, 3.696)",0.0028468115,3.66
"[3.696, 3.697)",0.017486059999999998,3.661
"[3.697, 3.698)",0.018874615999999997,3.662
"[3.698, 3.6990000000000003)",0.0076254700000000005,3.663
"[3.6990000000000003, 3.7)",0.00360665,3.664
"[3.7, 3.701)",0.0048991515,3.665
"[3.701, 3.702)",0.0017751199999999998,3.666
"[3.702, 3.7030000000000003)",0.016290643333333334,3.667
"[3.7030000000000003, 3.704)",0.052999835,3.668
"[3.704, 3.705)",0.02145961,3.669
"[3.705, 3.706)",0.011069041000000002,3.67
"[3.706, 3.7070000000000003)",0.016461277666666666,3.671
"[3.708, 3.709)",0.0153846,3.672
"[3.7110000000000003, 3.712)",0.0128766,3.673
"[3.712, 3.713)",0.0412012,3.674
"[3.713, 3.714)",0.16634009,3.675
"[3.714, 3.715)",0.00110742,3.676
"[3.715, 3.716)",0.010582875,3.677
"[3.717, 3.718)",0.0101516,3.678
"[3.718, 3.719)",0.0066332385,3.679
"[3.719, 3.72)",0.10719643333333333,3.68
"[3.72, 3.721)",0.044492699999999996,3.681
"[3.721, 3.722)",0.008530286666666666,3.682
"[3.722, 3.723)",0.0514584925,3.683
"[3.723, 3.724)",0.021272736666666667,3.684
"[3.724, 3.725)",0.02318511666666667,3.685
"[3.725, 3.726)",0.00477678755,3.686
"[3.726, 3.727)",0.050645578571428575,3.687
"[3.727, 3.728)",0.017861283333333335,3.688
"[3.728, 3.729)",0.021784339000000003,3.689
"[3.729, 3.73)",0.00942343,3.69
"[3.73, 3.731)",0.04351295,3.691
"[3.731, 3.732)",0.0165952,3.692
"[3.732, 3.733)",0.00232558,3.693
"[3.733, 3.734)",0.00769053325,3.694
"[3.734, 3.735)",0.0011212365,3.695
"[3.735, 3.736)",0.000540833,3.696
"[3.736, 3.737)",0.000540833,3.697
"[3.737, 3.738)",0.00170164,3.698
"[3.738, 3.739)",0.00852518,3.699
"[3.739, 3.74)",0.011356475000000001,3.7
"[3.74, 3.741)",0.0008554657599999999,3.701
"[3.741, 3.742)",0.0964286,3.702
"[3.743, 3.744)",0.0214767,3.703
"[3.744, 3.745)",0.038083370000000005,3.704
"[3.745, 3.746)",0.0030603,3.705
"[3.746, 3.747)",0.00029673505000000003,3.706
"[3.747, 3.748)",0.00568091,3.707
"[3.748, 3.749)",0.041463760499999995,3.708
"[3.749, 3.75)",0.00110742,3.709
"[3.75, 3.751)",0.040222585000000005,3.71
"[3.751, 3.7520000000000002)",0.009819724333333333,3.711
"[3.7520000000000002, 3.753)",0.00110742,3.712
"[3.753, 3.754)",0.00490884,3.713
"[3.755, 3.7560000000000002)",0.0256016,3.714
"[3.7560000000000002, 3.757)",0.0102550665,3.715
"[3.757, 3.758)",0.0010331399999999999,3.716
"[3.758, 3.759)",0.023814,3.717
"[3.759, 3.7600000000000002)",0.0031271965000000002,3.718
"[3.761, 3.762)",0.015488,3.719
"[3.762, 3.763)",0.00232558,3.72
"[3.763, 3.7640000000000002)",0.00775194,3.721
"[3.7640000000000002, 3.765)",0.0175357,3.722
"[3.767, 3.7680000000000002)",0.00232558,3.723
"[3.7680000000000002, 3.769)",0.0067421600000000005,3.724
"[3.769, 3.77)",0.0111259,3.725
"[3.77, 3.771)",0.05662864433333333,3.726
"[3.7720000000000002, 3.773)",0.00232558,3.727
"[3.773, 3.774)",0.015271677666666669,3.728
"[3.7760000000000002, 3.777)",0.00450694,3.729
"[3.778, 3.779)",0.0309936,3.73
"[3.779, 3.7800000000000002)",0.017441968,3.731
"[3.7800000000000002, 3.781)",0.028290366666666664,3.732
"[3.781, 3.782)",0.0092285,3.733
"[3.782, 3.783)",0.03654011,3.734
"[3.783, 3.7840000000000003)",0.0729302,3.735
"[3.7840000000000003, 3.785)",0.00110742,3.736
"[3.787, 3.7880000000000003)",0.000540833,3.737
"[3.7880000000000003, 3.789)",0.0550476,3.738
"[3.789, 3.79)",0.0233645,3.739
"[3.79, 3.791)",0.00170164,3.74
"[3.794, 3.795)",0.0216568,3.741
"[3.7960000000000003, 3.797)",0.005515293333333333,3.742
"[3.797, 3.798)",0.0044385767750000004,3.743
"[3.798, 3.799)",0.0809703,3.744
"[3.8000000000000003, 3.801)",0.0278302,3.745
"[3.801, 3.802)",0.0511628,3.746
"[3.802, 3.803)",0.008231,3.747
"[3.803, 3.8040000000000003)",0.00170164,3.748
"[3.8040000000000003, 3.805)",0.1591849165,3.749
"[3.806, 3.807)",2.30028e-5,3.75
"[3.8080000000000003, 3.809)",0.003437815,3.751
"[3.809, 3.81)",0.0019761792,3.752
"[3.81, 3.811)",0.0054336,3.753
"[3.8120000000000003, 3.813)",0.000540833,3.754
"[3.813, 3.814)",0.00356762,3.755
"[3.815, 3.8160000000000003)",0.00238298,3.756
"[3.817, 3.818)",0.00110742,3.757
"[3.818, 3.819)",0.000540833,3.758
"[3.819, 3.8200000000000003)",0.00450694,3.759
"[3.8200000000000003, 3.821)",0.0246271,3.76
"[3.823, 3.8240000000000003)",0.005833366499999999,3.761
"[3.8240000000000003, 3.825)",0.00170164,3.762
"[3.826, 3.827)",0.0729302,3.763
"[3.827, 3.8280000000000003)",0.000540833,3.764
"[3.8280000000000003, 3.829)",0.181395,3.765
"[3.829, 3.83)",0.015302350000000001,3.766
"[3.83, 3.831)",0.000540833,3.767
"[3.831, 3.8320000000000003)",0.001036091,3.768
"[3.833, 3.834)",0.008564410000000001,3.769
"[3.834, 3.835)",0.00110742,3.77
"[3.835, 3.8360000000000003)",0.000540833,3.771
"[3.8360000000000003, 3.837)",0.00711697,3.772
"[3.838, 3.839)",0.16007728999999998,3.773
"[3.839, 3.84)",0.00110742,3.774
"[3.84, 3.841)",0.0013664932,3.775
"[3.842, 3.843)",0.0520325,3.776
"[3.843, 3.844)",0.0336449,3.777
"[3.844, 3.845)",0.0731656,3.778
"[3.846, 3.847)",0.00170164,3.779
"[3.847, 3.848)",0.11710474133333333,3.78
"[3.848, 3.849)",0.00800455,3.781
"[3.849, 3.85)",0.01821699,3.782
"[3.851, 3.852)",0.11433295,3.783
"[3.853, 3.854)",0.03256899,3.784
"[3.854, 3.855)",0.0099603165,3.785
"[3.855, 3.856)",0.0505934165,3.786
"[3.856, 3.857)",0.00365082,3.787
"[3.857, 3.858)",0.00329598,3.788
"[3.859, 3.86)",0.00089047076,3.789
"[3.86, 3.861)",0.01016504,3.79
"[3.861, 3.862)",0.09541468333333335,3.791
"[3.862, 3.863)",0.11594811333333332,3.792
"[3.863, 3.864)",0.0026086760000000007,3.793
"[3.864, 3.865)",0.0502121,3.794
"[3.865, 3.866)",0.01718,3.795
"[3.866, 3.867)",0.00393209,3.796
"[3.867, 3.868)",0.0409697,3.797
"[3.868, 3.869)",0.02050674333333333,3.798
"[3.869, 3.87)",0.03095029666666667,3.799
"[3.87, 3.871)",0.0122869,3.8
"[3.871, 3.872)",0.00124391,3.801
"[3.872, 3.873)",0.130645,3.802
"[3.873, 3.874)",0.010879403999999999,3.803
"[3.874, 3.875)",0.058371975,3.804
"[3.875, 3.876)",0.01097825,3.805
"[3.876, 3.8770000000000002)",0.000540833,3.806
"[3.8770000000000002, 3.878)",0.02529848,3.807
"[3.878, 3.879)",0.0032604515,3.808
"[3.8810000000000002, 3.882)",0.0008241265000000001,3.809
"[3.882, 3.883)",0.0520325,3.81
"[3.883, 3.884)",0.07906600000000001,3.811
"[3.884, 3.8850000000000002)",0.0588947,3.812
"[3.886, 3.887)",0.016570849999999998,3.813
"[3.887, 3.888)",0.0142248,3.814
"[3.888, 3.8890000000000002)",0.00566237,3.815
"[3.89, 3.891)",0.00410899,3.816
"[3.891, 3.892)",0.0014042015,3.817
"[3.8930000000000002, 3.894)",0.06671774999999999,3.818
"[3.894, 3.895)",0.00598007,3.819
"[3.895, 3.896)",0.0569995,3.82
"[3.896, 3.8970000000000002)",0.03148575,3.821
"[3.8970000000000002, 3.898)",0.00329598,3.822
"[3.898, 3.899)",0.0009053365,3.823
"[3.899, 3.9)",0.000540833,3.824
"[3.9010000000000002, 3.902)",0.226757,3.825
"[3.902, 3.903)",0.0790698,3.826
"[3.903, 3.904)",0.007624346666666667,3.827
"[3.904, 3.9050000000000002)",0.057472916500000006,3.828
"[3.9050000000000002, 3.906)",6.40164e-5,3.829
"[3.906, 3.907)",0.006940040000000001,3.83
"[3.907, 3.908)",0.0045996660000000005,3.831
"[3.908, 3.9090000000000003)",0.03664049,3.832
"[3.9090000000000003, 3.91)",0.00544475,3.833
"[3.91, 3.911)",0.0130388,3.834
"[3.911, 3.912)",0.009536977666666667,3.835
"[3.912, 3.9130000000000003)",0.012621897166666667,3.836
"[3.9130000000000003, 3.914)",0.08655785,3.837
"[3.914, 3.915)",0.02822826,3.838
"[3.915, 3.916)",0.0123119,3.839
"[3.916, 3.9170000000000003)",0.0230844165,3.84
"[3.9170000000000003, 3.918)",0.003137094,3.841
"[3.918, 3.919)",0.023802373333333335,3.842
"[3.919, 3.92)",0.0214084675,3.843
"[3.92, 3.9210000000000003)",0.00298151,3.844
"[3.9210000000000003, 3.922)",0.002289647666666667,3.845
"[3.922, 3.923)",0.04028764666666667,3.846
"[3.924, 3.9250000000000003)",0.0235344,3.847
"[3.9250000000000003, 3.926)",0.020851045750000005,3.848
"[3.926, 3.927)",0.00232558,3.849
"[3.928, 3.9290000000000003)",0.00745903,3.85
"[3.93, 3.931)",0.0057246350000000005,3.851
"[3.931, 3.932)",0.00185834,3.852
"[3.932, 3.9330000000000003)",0.0036162325,3.853
"[3.9330000000000003, 3.934)",0.0327035,3.854
"[3.935, 3.936)",0.033199346666666664,3.855
"[3.936, 3.9370000000000003)",0.00385948,3.856
"[3.938, 3.939)",0.00139294,3.857
"[3.939, 3.94)",0.000540833,3.858
"[3.942, 3.943)",0.0010058095999999999,3.859
"[3.943, 3.944)",0.00313283,3.86
"[3.944, 3.9450000000000003)",0.0032604515,3.861
"[3.946, 3.947)",0.0011212365,3.862
"[3.9490000000000003, 3.95)",0.012827625,3.863
"[3.95, 3.951)",0.01636308,3.864
"[3.951, 3.952)",0.0034659735,3.865
"[3.952, 3.9530000000000003)",0.0095879965,3.866
"[3.9530000000000003, 3.954)",0.00170164,3.867
"[3.954, 3.955)",0.00683995,3.868
"[3.956, 3.9570000000000003)",0.00306554,3.869
"[3.9570000000000003, 3.958)",0.00226757,3.87
"[3.958, 3.959)",0.003547495,3.871
"[3.96, 3.9610000000000003)",0.0058924,3.872
"[3.9610000000000003, 3.962)",0.0100571,3.873
"[3.962, 3.963)",0.006489261200000001,3.874
"[3.963, 3.964)",0.000540833,3.875
"[3.9650000000000003, 3.966)",0.075019,3.876
"[3.968, 3.969)",0.008206916500000001,3.877
"[3.971, 3.972)",0.01314621,3.878
"[3.972, 3.973)",0.0101944,3.879
"[3.973, 3.974)",0.0410169,3.88
"[3.975, 3.976)",0.00294863,3.881
"[3.977, 3.978)",0.00178571,3.882
"[3.978, 3.979)",0.026757451,3.883
"[3.986, 3.987)",0.0239143,3.884
"[3.989, 3.99)",0.00108424,3.885
"[3.991, 3.992)",0.00232558,3.886
"[3.993, 3.994)",0.001446565,3.887
"[3.994, 3.995)",0.0015864347,3.888
"[3.995, 3.996)",0.00232558,3.889
"[3.996, 3.997)",0.005378614800000001,3.89
"[4.0, 4.001)",0.00178571,3.891
"[4.001, 4.002)",0.039646385,3.892
"[4.002, 4.003)",0.010965593200000002,3.893
"[4.003, 4.0040000000000004)",0.0206613665,3.894
"[4.006, 4.007)",0.00204447,3.895
"[4.008, 4.009)",0.00110742,3.896
"[4.009, 4.01)",0.00709499,3.897
"[4.0120000000000005, 4.013)",0.05726671,3.898
"[4.013, 4.014)",0.0756065,3.899
"[4.014, 4.015)",0.000540833,3.9
"[4.018, 4.019)",0.0186682,3.901
"[4.021, 4.022)",0.006869615000000001,3.902
"[4.022, 4.023)",0.001439535,3.903
"[4.023, 4.024)",0.00170164,3.904
"[4.024, 4.025)",0.00011258820000000001,3.905
"[4.025, 4.026)",0.0186682,3.906
"[4.026, 4.027)",0.0082713,3.907
"[4.0280000000000005, 4.029)",0.0023828116650000002,3.908
"[4.03, 4.031)",0.0238982,3.909
"[4.034, 4.035)",0.0,3.91
"[4.035, 4.0360000000000005)",0.019719305,3.911
"[4.0360000000000005, 4.037)",0.00771513,3.912
"[4.038, 4.039)",0.00472069,3.913
"[4.039, 4.04)",0.00110742,3.914
"[4.04, 4.041)",0.0302923,3.915
"[4.042, 4.043)",0.07426440000000001,3.916
"[4.043, 4.0440000000000005)",0.000366194,3.917
"[4.0440000000000005, 4.045)",0.0021678523333333332,3.918
"[4.046, 4.047)",0.015764621,3.919
"[4.047, 4.048)",0.025206,3.92
"[4.048, 4.049)",0.0003066038,3.921
"[4.049, 4.05)",0.00348432,3.922
"[4.05, 4.051)",0.00334884,3.923
"[4.051, 4.0520000000000005)",0.0036903915,3.924
"[4.0520000000000005, 4.053)",0.0026750746666666663,3.925
"[4.053, 4.054)",0.045267,3.926
"[4.054, 4.055)",0.013518,3.927
"[4.057, 4.058)",0.00110742,3.928
"[4.0600000000000005, 4.061)",0.0412012,3.929
"[4.061, 4.062)",0.0504533,3.93
"[4.063, 4.064)",0.000181565,3.931
"[4.064, 4.065)",0.232558,3.932
"[4.065, 4.066)",0.0163467,3.933
"[4.071, 4.072)",0.00170164,3.934
"[4.073, 4.074)",0.00537348,3.935
"[4.074, 4.075)",0.0047619,3.936
"[4.075, 4.0760000000000005)",0.00110742,3.937
"[4.0760000000000005, 4.077)",0.0394002,3.938
"[4.077, 4.078)",0.00450694,3.939
"[4.078, 4.079)",0.00460598,3.94
"[4.079, 4.08)",0.0014332065,3.941
"[4.08, 4.081)",0.00110742,3.942
"[4.081, 4.082)",0.00232558,3.943
"[4.082, 4.083)",0.000106191,3.944
"[4.0840000000000005, 4.085)",0.012119614266666667,3.945
"[4.085, 4.086)",0.00032987,3.946
"[4.087, 4.088)",0.036501149999999996,3.947
"[4.09, 4.091)",0.025185,3.948
"[4.0920000000000005, 4.093)",0.056175,3.949
"[4.093, 4.094)",0.00108424,3.95
"[4.094, 4.095)",0.0186682,3.951
"[4.096, 4.097)",0.0029545893333333332,3.952
"[4.097, 4.098)",0.11683270999999999,3.953
"[4.098, 4.099)",0.0012715094999999998,3.954
"[4.099, 4.1)",0.00313283,3.955
"[4.1, 4.101)",0.00680228,3.956
"[4.101, 4.102)",0.033136864749999995,3.957
"[4.103, 4.104)",0.010733699999999999,3.958
"[4.105, 4.106)",0.00170164,3.959
"[4.109, 4.11)",0.00152207,3.96
"[4.111, 4.112)",0.114342,3.961
"[4.113, 4.114)",0.09537554433333334,3.962
"[4.115, 4.116)",0.004694307533333333,3.963
"[4.116, 4.117)",0.02175855,3.964
"[4.117, 4.118)",0.058996,3.965
"[4.119, 4.12)",0.00108424,3.966
"[4.12, 4.121)",0.232558,3.967
"[4.121, 4.122)",0.029477499999999997,3.968
"[4.123, 4.124)",0.04369501,3.969
"[4.124, 4.125)",0.091586055,3.97
"[4.125, 4.126)",0.0641075,3.971
"[4.126, 4.127)",0.0032353966666666665,3.972
"[4.128, 4.1290000000000004)",0.00349413,3.973
"[4.1290000000000004, 4.13)",0.00641849,3.974
"[4.13, 4.131)",0.000540833,3.975
"[4.131, 4.132)",0.000540833,3.976
"[4.135, 4.136)",0.000540833,3.977
"[4.136, 4.1370000000000005)",0.000540833,3.978
"[4.1370000000000005, 4.138)",0.0195652,3.979
"[4.139, 4.14)",0.013518,3.98
"[4.14, 4.141)",0.0798387,3.981
"[4.143, 4.144)",0.000885809,3.982
"[4.144, 4.1450000000000005)",0.000706964,3.983
"[4.146, 4.147)",0.0306845,3.984
"[4.15, 4.151)",0.00863684,3.985
"[4.151, 4.152)",0.03201,3.986
"[4.152, 4.1530000000000005)",0.00455005,3.987
"[4.1530000000000005, 4.154)",0.0344196,3.988
"[4.16, 4.1610000000000005)",0.000540833,3.989
"[4.1610000000000005, 4.162)",0.000280112,3.99
"[4.162, 4.163)",0.00108424,3.991
"[4.1690000000000005, 4.17)",0.000540833,3.992
"[4.17, 4.171)",0.0501865,3.993
"[4.173, 4.174)",0.0518271,3.994
"[4.175, 4.176)",0.00495868,3.995
"[4.176, 4.1770000000000005)",0.00110742,3.996
"[4.178, 4.179)",0.00245098,3.997
"[4.179, 4.18)",0.00683995,3.998
"[4.18, 4.181)",0.17879265,3.999
"[4.182, 4.183)",0.0122869,4.0
"[4.183, 4.184)",0.00450694,4.001
"[4.186, 4.187)",0.0310779,4.002
"[4.19, 4.191)",0.00168998615,4.003
"[4.198, 4.199)",0.00801964,4.004
"[4.199, 4.2)",0.002400529,4.005
"[4.202, 4.203)",0.041875121,4.006
"[4.204, 4.205)",0.00232558,4.007
"[4.206, 4.207)",0.00334884,4.008
"[4.207, 4.208)",0.00232558,4.009
"[4.2090000000000005, 4.21)",0.00683995,4.01
"[4.211, 4.212)",0.00170164,4.011
"[4.218, 4.219)",0.00683995,4.012
"[4.224, 4.225)",0.10048065,4.013
"[4.227, 4.228)",0.030625,4.014
"[4.231, 4.232)",0.00821161,4.015
"[4.232, 4.233)",0.0023415750000000003,4.016
"[4.233, 4.234)",0.00170164,4.017
"[4.237, 4.238)",0.00232558,4.018
"[4.242, 4.243)",0.00232558,4.019
"[4.244, 4.245)",0.1061383114,4.02
"[4.246, 4.247)",0.00232558,4.021
"[4.248, 4.249)",0.00230578,4.022
"[4.25, 4.251)",0.00170164,4.023
"[4.251, 4.252)",0.0293813,4.024
"[4.252, 4.253)",0.0964286,4.025
"[4.253, 4.2540000000000004)",0.00170164,4.026
"[4.255, 4.256)",0.0696816,4.027
"[4.26, 4.261)",0.000563063,4.028
"[4.272, 4.273)",0.0058924,4.029
"[4.273, 4.274)",0.00731707,4.03
"[4.28, 4.281)",0.00117509,4.031
"[4.281, 4.282)",0.00161308,4.032
"[4.283, 4.284)",0.00170164,4.033
"[4.29, 4.291)",0.000563063,4.034
"[4.292, 4.293)",0.00170164,4.035
"[4.299, 4.3)",0.000563063,4.036
"[4.301, 4.3020000000000005)",0.045267,4.037
"[4.303, 4.304)",0.0790698,4.038
"[4.304, 4.305)",0.0790698,4.039
"[4.305, 4.306)",0.0213153,4.04
"[4.3100000000000005, 4.311)",0.0122869,4.041
"[4.323, 4.324)",0.000540833,4.042
"[4.33, 4.331)",0.0528336,4.043
"[4.331, 4.332)",0.107169,4.044
"[4.34, 4.341)",0.0309936,4.045
"[4.341, 4.3420000000000005)",0.0714706,4.046
"[4.343, 4.344)",0.0025825,4.047
"[4.349, 4.3500000000000005)",0.0025825,4.048
"[4.351, 4.352)",0.0080658,4.049
"[4.355, 4.356)",5.03259e-6,4.05
"[4.36, 4.361)",0.00298151,4.051
"[4.361, 4.362)",0.0368249,4.052
"[4.363, 4.364)",1.33062e-5,4.053
"[4.364, 4.365)",0.0165849,4.054
"[4.367, 4.368)",0.00230578,4.055
"[4.37, 4.371)",0.00232558,4.056
