bin,R2_mean,dist
,0.11885315817515994,0.0
"[0.0, 0.001)",0.10069732198024318,0.001
"[0.001, 0.002)",0.07301136293516924,0.002
"[0.002, 0.003)",0.06939447018605961,0.003
"[0.003, 0.004)",0.08066906139935599,0.004
"[0.004, 0.005)",0.07309669915429343,0.005
"[0.005, 0.006)",0.07535597271208236,0.006
"[0.006, 0.007)",0.06417945193832685,0.007
"[0.007, 0.008)",0.0737175260986933,0.008
"[0.008, 0.009000000000000001)",0.0641666060415251,0.009
"[0.009000000000000001, 0.01)",0.061251033737027935,0.01
"[0.01, 0.011)",0.06326419988198057,0.011
"[0.011, 0.012)",0.05953522528646823,0.012
"[0.012, 0.013000000000000001)",0.05460093886520904,0.013
"[0.013000000000000001, 0.014)",0.057100564165869706,0.014
"[0.014, 0.015)",0.06109021030962613,0.015
"[0.015, 0.016)",0.06293701701131299,0.016
"[0.016, 0.017)",0.056206809796365685,0.017
"[0.017, 0.018000000000000002)",0.04989333392369613,0.018
"[0.018000000000000002, 0.019)",0.0543342739406249,0.019
"[0.019, 0.02)",0.07390302430552763,0.02
"[0.02, 0.021)",0.060350610595771285,0.021
"[0.021, 0.022)",0.05350130902455092,0.022
"[0.022, 0.023)",0.05840921585558309,0.023
"[0.023, 0.024)",0.05935709484380462,0.024
"[0.024, 0.025)",0.051080565554745334,0.025
"[0.025, 0.026000000000000002)",0.05390132075174968,0.026
"[0.026000000000000002, 0.027)",0.045512355479999884,0.027
"[0.027, 0.028)",0.05408192775858711,0.028
"[0.028, 0.029)",0.05684506310428773,0.029
"[0.029, 0.03)",0.052789245686447245,0.03
"[0.03, 0.031)",0.04064742533712733,0.031
"[0.031, 0.032)",0.05813948529748871,0.032
"[0.032, 0.033)",0.05369782941712616,0.033
"[0.033, 0.034)",0.05564963585025291,0.034
"[0.034, 0.035)",0.042571296340508116,0.035
"[0.035, 0.036000000000000004)",0.04095160721884493,0.036
"[0.036000000000000004, 0.037)",0.05947084699325788,0.037
"[0.037, 0.038)",0.05244547005322029,0.038
"[0.038, 0.039)",0.051430048093051385,0.039
"[0.039, 0.04)",0.046157631355302285,0.04
"[0.04, 0.041)",0.049521913324738286,0.041
"[0.041, 0.042)",0.04918137896168617,0.042
"[0.042, 0.043000000000000003)",0.05809627628036804,0.043
"[0.043000000000000003, 0.044)",0.05968186757211539,0.044
"[0.044, 0.045)",0.045050136850865855,0.045
"[0.045, 0.046)",0.05745953980922559,0.046
"[0.046, 0.047)",0.054943194257068874,0.047
"[0.047, 0.048)",0.053697928295321655,0.048
"[0.048, 0.049)",0.06231733208455545,0.049
"[0.049, 0.05)",0.04927317787432615,0.05
"[0.05, 0.051000000000000004)",0.04744096813877257,0.051
"[0.051000000000000004, 0.052000000000000005)",0.05392029490839035,0.052
"[0.052000000000000005, 0.053)",0.03551779896266024,0.053
"[0.053, 0.054)",0.040918325605581264,0.054
"[0.054, 0.055)",0.05367146337608235,0.055
"[0.055, 0.056)",0.05417534694776622,0.056
"[0.056, 0.057)",0.04976072365986938,0.057
"[0.057, 0.058)",0.046239366468739725,0.058
"[0.058, 0.059000000000000004)",0.03961058425219602,0.059
"[0.059000000000000004, 0.06)",0.04484242795981003,0.06
"[0.06, 0.061)",0.051654687871821016,0.061
"[0.061, 0.062)",0.04730938699108731,0.062
"[0.062, 0.063)",0.045896968930642136,0.063
"[0.063, 0.064)",0.03890676805789472,0.064
"[0.064, 0.065)",0.0449555096079925,0.065
"[0.065, 0.066)",0.043227167017117075,0.066
"[0.066, 0.067)",0.0471606464472826,0.067
"[0.067, 0.068)",0.04077959319060602,0.068
"[0.068, 0.069)",0.04196808378138681,0.069
"[0.069, 0.07)",0.043331609103437314,0.07
"[0.07, 0.07100000000000001)",0.034514963713709615,0.071
"[0.07100000000000001, 0.07200000000000001)",0.04664848596833328,0.072
"[0.07200000000000001, 0.073)",0.041940674563686095,0.073
"[0.073, 0.074)",0.043145461249325626,0.074
"[0.074, 0.075)",0.04224844825606265,0.075
"[0.075, 0.076)",0.04799882552032365,0.076
"[0.076, 0.077)",0.040920193204130775,0.077
"[0.077, 0.078)",0.03767177293886921,0.078
"[0.078, 0.079)",0.044539509395817474,0.079
"[0.079, 0.08)",0.05448384302047615,0.08
"[0.08, 0.081)",0.037197064904727246,0.081
"[0.081, 0.082)",0.04048652451145297,0.082
"[0.082, 0.083)",0.04503333900588228,0.083
"[0.083, 0.084)",0.0500211917149418,0.084
"[0.084, 0.085)",0.05243236673012934,0.085
"[0.085, 0.08600000000000001)",0.042431887504462494,0.086
"[0.08600000000000001, 0.08700000000000001)",0.0444839418756756,0.087
"[0.08700000000000001, 0.088)",0.045455064852905805,0.088
"[0.088, 0.089)",0.03682708606247546,0.089
"[0.089, 0.09)",0.040716348243025585,0.09
"[0.09, 0.091)",0.04383769726106896,0.091
"[0.091, 0.092)",0.04716675363849122,0.092
"[0.092, 0.093)",0.04867309934504795,0.093
"[0.093, 0.094)",0.039089344946861934,0.094
"[0.094, 0.095)",0.03752745552926879,0.095
"[0.095, 0.096)",0.035431083958333366,0.096
"[0.096, 0.097)",0.044761434166735115,0.097
"[0.097, 0.098)",0.037775446040494313,0.098
"[0.098, 0.099)",0.04686119932680849,0.099
"[0.099, 0.1)",0.031713551885387346,0.1
"[0.1, 0.101)",0.03757634740667227,0.101
"[0.101, 0.10200000000000001)",0.039828867716733836,0.102
"[0.10200000000000001, 0.10300000000000001)",0.0375813082216206,0.103
"[0.10300000000000001, 0.10400000000000001)",0.03066510415827721,0.104
"[0.10400000000000001, 0.105)",0.045152220206023455,0.105
"[0.105, 0.106)",0.03876300696672968,0.106
"[0.106, 0.107)",0.03273767918585864,0.107
"[0.107, 0.108)",0.03529313694557174,0.108
"[0.108, 0.109)",0.04311859983484849,0.109
"[0.109, 0.11)",0.03767223530427809,0.11
"[0.11, 0.111)",0.04396650408269159,0.111
"[0.111, 0.112)",0.03714828902236611,0.112
"[0.112, 0.113)",0.03552462265495732,0.113
"[0.113, 0.114)",0.03494344089335296,0.114
"[0.114, 0.115)",0.03801201164236566,0.115
"[0.115, 0.116)",0.031656745002439056,0.116
"[0.116, 0.117)",0.03670862126108337,0.117
"[0.117, 0.11800000000000001)",0.03413529857560247,0.118
"[0.11800000000000001, 0.11900000000000001)",0.03855449887518078,0.119
"[0.11900000000000001, 0.12)",0.039291197275,0.12
"[0.12, 0.121)",0.039571351846358634,0.121
"[0.121, 0.122)",0.03255368920882912,0.122
"[0.122, 0.123)",0.033745483992235335,0.123
"[0.123, 0.124)",0.03929815342598259,0.124
"[0.124, 0.125)",0.038757461621276135,0.125
"[0.125, 0.126)",0.03253163006785719,0.126
"[0.126, 0.127)",0.04524136422441858,0.127
"[0.127, 0.128)",0.034825536214497514,0.128
"[0.128, 0.129)",0.03336140783405282,0.129
"[0.129, 0.13)",0.04384813814137211,0.13
"[0.13, 0.131)",0.03455130319918493,0.131
"[0.131, 0.132)",0.03424483409083135,0.132
"[0.132, 0.133)",0.03156192701939256,0.133
"[0.133, 0.134)",0.029460858599045254,0.134
"[0.134, 0.135)",0.03256348219184155,0.135
"[0.135, 0.136)",0.0360341430530917,0.136
"[0.136, 0.137)",0.03788533395610866,0.137
"[0.137, 0.138)",0.03594805906804882,0.138
"[0.138, 0.139)",0.03907318561160718,0.139
"[0.139, 0.14)",0.0327109541816177,0.14
"[0.14, 0.14100000000000001)",0.033543851680732206,0.141
"[0.14100000000000001, 0.14200000000000002)",0.03546271982060309,0.142
"[0.14200000000000002, 0.14300000000000002)",0.02878284809194585,0.143
"[0.14300000000000002, 0.14400000000000002)",0.044451893874314204,0.144
"[0.14400000000000002, 0.145)",0.0348589632842005,0.145
"[0.145, 0.146)",0.030514568346692746,0.146
"[0.146, 0.147)",0.03027955488054868,0.147
"[0.147, 0.148)",0.03512587232098448,0.148
"[0.148, 0.149)",0.035442484126509195,0.149
"[0.149, 0.15)",0.030344793348368582,0.15
"[0.15, 0.151)",0.034548636859344686,0.151
"[0.151, 0.152)",0.04456593910700485,0.152
"[0.152, 0.153)",0.03276776855059641,0.153
"[0.153, 0.154)",0.03369723665905889,0.154
"[0.154, 0.155)",0.03742514086744367,0.155
"[0.155, 0.156)",0.029968228102248317,0.156
"[0.156, 0.157)",0.03151600613319265,0.157
"[0.157, 0.158)",0.02410518180160431,0.158
"[0.158, 0.159)",0.029980132860529016,0.159
"[0.159, 0.16)",0.034242683512889886,0.16
"[0.16, 0.161)",0.03029066555411259,0.161
"[0.161, 0.162)",0.03428889991008407,0.162
"[0.162, 0.163)",0.04164674923559789,0.163
"[0.163, 0.164)",0.033587073105221965,0.164
"[0.164, 0.165)",0.03326846330650607,0.165
"[0.165, 0.166)",0.035755705244054053,0.166
"[0.166, 0.167)",0.03233908185036499,0.167
"[0.167, 0.168)",0.02657324477245993,0.168
"[0.168, 0.169)",0.03622200485723081,0.169
"[0.169, 0.17)",0.04342859150093223,0.17
"[0.17, 0.171)",0.038779843342022564,0.171
"[0.171, 0.17200000000000001)",0.03356417319568345,0.172
"[0.17200000000000001, 0.17300000000000001)",0.029582066810574237,0.173
"[0.17300000000000001, 0.17400000000000002)",0.03525711016297176,0.174
"[0.17400000000000002, 0.17500000000000002)",0.04710069573089748,0.175
"[0.17500000000000002, 0.176)",0.035634920140402745,0.176
"[0.176, 0.177)",0.032597676633513546,0.177
"[0.177, 0.178)",0.03599449025478089,0.178
"[0.178, 0.179)",0.03333952963084838,0.179
"[0.179, 0.18)",0.03225681833925625,0.18
"[0.18, 0.181)",0.04117517201002339,0.181
"[0.181, 0.182)",0.029912615327110016,0.182
"[0.182, 0.183)",0.03341062665684346,0.183
"[0.183, 0.184)",0.029869968992115886,0.184
"[0.184, 0.185)",0.03406531399833334,0.185
"[0.185, 0.186)",0.03721291417384199,0.186
"[0.186, 0.187)",0.030088287720865144,0.187
"[0.187, 0.188)",0.027176084189258327,0.188
"[0.188, 0.189)",0.034596152016262136,0.189
"[0.189, 0.19)",0.043415294853899104,0.19
"[0.19, 0.191)",0.03532386266331968,0.191
"[0.191, 0.192)",0.03420184166480586,0.192
"[0.192, 0.193)",0.03671019809873138,0.193
"[0.193, 0.194)",0.028607635878859897,0.194
"[0.194, 0.195)",0.028610303077809745,0.195
"[0.195, 0.196)",0.02925907292412372,0.196
"[0.196, 0.197)",0.033986294414780675,0.197
"[0.197, 0.198)",0.03959744797839805,0.198
"[0.198, 0.199)",0.03044062631888894,0.199
"[0.199, 0.2)",0.037457555754375045,0.2
"[0.2, 0.201)",0.04181076863770323,0.201
"[0.201, 0.202)",0.032175175128313,0.202
"[0.202, 0.203)",0.03593007196764711,0.203
"[0.203, 0.20400000000000001)",0.03838143546430213,0.204
"[0.20400000000000001, 0.20500000000000002)",0.039953696106068644,0.205
"[0.20500000000000002, 0.20600000000000002)",0.02643361087247624,0.206
"[0.20600000000000002, 0.20700000000000002)",0.03470819027434061,0.207
"[0.20700000000000002, 0.20800000000000002)",0.041424053928089906,0.208
"[0.20800000000000002, 0.209)",0.03919391041201928,0.209
"[0.209, 0.21)",0.04549640568036658,0.21
"[0.21, 0.211)",0.03520082788206899,0.211
"[0.211, 0.212)",0.03397557876184083,0.212
"[0.212, 0.213)",0.04737047395480513,0.213
"[0.213, 0.214)",0.036179075345409484,0.214
"[0.214, 0.215)",0.03193602637531176,0.215
"[0.215, 0.216)",0.04065190061862745,0.216
"[0.216, 0.217)",0.030222870912032126,0.217
"[0.217, 0.218)",0.03521871671984928,0.218
"[0.218, 0.219)",0.0314848107959037,0.219
"[0.219, 0.22)",0.03202251927030932,0.22
"[0.22, 0.221)",0.03714243791070565,0.221
"[0.221, 0.222)",0.042240748237224644,0.222
"[0.222, 0.223)",0.03239055746021986,0.223
"[0.223, 0.224)",0.02749165645778515,0.224
"[0.224, 0.225)",0.03381565632805808,0.225
"[0.225, 0.226)",0.030544872656701097,0.226
"[0.226, 0.227)",0.03243762413325948,0.227
"[0.227, 0.228)",0.02728287664786329,0.228
"[0.228, 0.229)",0.038519689396000006,0.229
"[0.229, 0.23)",0.029601152211851892,0.23
"[0.23, 0.231)",0.029617497197440983,0.231
"[0.231, 0.232)",0.029852652754064707,0.232
"[0.232, 0.233)",0.026817051502575167,0.233
"[0.233, 0.234)",0.03533984712205422,0.234
"[0.234, 0.23500000000000001)",0.028646905333928652,0.235
"[0.23500000000000001, 0.23600000000000002)",0.03316700142500004,0.236
"[0.23600000000000002, 0.23700000000000002)",0.03507821352390357,0.237
"[0.23700000000000002, 0.23800000000000002)",0.03741637572058213,0.238
"[0.23800000000000002, 0.23900000000000002)",0.035102394358130125,0.239
"[0.23900000000000002, 0.24)",0.03423346655096156,0.24
"[0.24, 0.241)",0.030522484821776996,0.241
"[0.241, 0.242)",0.025550250604439263,0.242
"[0.242, 0.243)",0.029450059822246268,0.243
"[0.243, 0.244)",0.03535997958191269,0.244
"[0.244, 0.245)",0.03143611649955559,0.245
"[0.245, 0.246)",0.03486068320759265,0.246
"[0.246, 0.247)",0.03318381192412939,0.247
"[0.247, 0.248)",0.0307525788484849,0.248
"[0.248, 0.249)",0.034573615168421064,0.249
"[0.249, 0.25)",0.03639922489451068,0.25
"[0.25, 0.251)",0.030196697809812167,0.251
"[0.251, 0.252)",0.03314922265720009,0.252
"[0.252, 0.253)",0.04260491188481929,0.253
"[0.253, 0.254)",0.03555777584562648,0.254
"[0.254, 0.255)",0.04144760725592422,0.255
"[0.255, 0.256)",0.029861638008377035,0.256
"[0.256, 0.257)",0.02518547209376473,0.257
"[0.257, 0.258)",0.02466304559673368,0.258
"[0.258, 0.259)",0.03527798112075615,0.259
"[0.259, 0.26)",0.03211916184066354,0.26
"[0.26, 0.261)",0.024857839198185957,0.261
"[0.261, 0.262)",0.030314007792326778,0.262
"[0.262, 0.263)",0.027968941440750697,0.263
"[0.263, 0.264)",0.03679621856289933,0.264
"[0.264, 0.265)",0.03250147906199526,0.265
"[0.265, 0.266)",0.030917646986422995,0.266
"[0.266, 0.267)",0.03505054273717683,0.267
"[0.267, 0.268)",0.03263693108933337,0.268
"[0.268, 0.269)",0.027678242565395146,0.269
"[0.269, 0.27)",0.035364306748467016,0.27
"[0.27, 0.271)",0.032992171424066435,0.271
"[0.271, 0.272)",0.02634544827914575,0.272
"[0.272, 0.273)",0.028745177822797962,0.273
"[0.273, 0.274)",0.03118492924921878,0.274
"[0.274, 0.275)",0.031098953510209446,0.275
"[0.275, 0.276)",0.026086828683425715,0.276
"[0.276, 0.277)",0.040752652489682614,0.277
"[0.277, 0.278)",0.03743063406310083,0.278
"[0.278, 0.279)",0.035973316733871,0.279
"[0.279, 0.28)",0.03328658048409643,0.28
"[0.28, 0.281)",0.026110935156331876,0.281
"[0.281, 0.28200000000000003)",0.035858568228871415,0.282
"[0.28200000000000003, 0.28300000000000003)",0.02901382944973123,0.283
"[0.28300000000000003, 0.28400000000000003)",0.032531977583715024,0.284
"[0.28400000000000003, 0.28500000000000003)",0.037351040355555566,0.285
"[0.28500000000000003, 0.28600000000000003)",0.040872672636387504,0.286
"[0.28600000000000003, 0.28700000000000003)",0.021700725990861605,0.287
"[0.28700000000000003, 0.28800000000000003)",0.047800730031680484,0.288
"[0.28800000000000003, 0.289)",0.026783004070698925,0.289
"[0.289, 0.29)",0.04045493766561722,0.29
"[0.29, 0.291)",0.027918349854508036,0.291
"[0.291, 0.292)",0.039055468106990905,0.292
"[0.292, 0.293)",0.0365762933587761,0.293
"[0.293, 0.294)",0.0359664199177651,0.294
"[0.294, 0.295)",0.02685845773576051,0.295
"[0.295, 0.296)",0.024388345236994197,0.296
"[0.296, 0.297)",0.028353124098048185,0.297
"[0.297, 0.298)",0.032189816967816115,0.298
"[0.298, 0.299)",0.03526294654193736,0.299
"[0.299, 0.3)",0.03393692117034319,0.3
"[0.3, 0.301)",0.03571579665206817,0.301
"[0.301, 0.302)",0.03039231153569406,0.302
"[0.302, 0.303)",0.042312782116353885,0.303
"[0.303, 0.304)",0.024015184646875003,0.304
"[0.304, 0.305)",0.035954327547107465,0.305
"[0.305, 0.306)",0.0305594136725275,0.306
"[0.306, 0.307)",0.026590307112798927,0.307
"[0.307, 0.308)",0.030538694741304367,0.308
"[0.308, 0.309)",0.024281706060873393,0.309
"[0.309, 0.31)",0.02487418917423889,0.31
"[0.31, 0.311)",0.03169679023938059,0.311
"[0.311, 0.312)",0.027599280542162173,0.312
"[0.312, 0.313)",0.03304249067680803,0.313
"[0.313, 0.314)",0.03335252621407039,0.314
"[0.314, 0.315)",0.030079910993779924,0.315
"[0.315, 0.316)",0.03427431032695857,0.316
"[0.316, 0.317)",0.028082347488636392,0.317
"[0.317, 0.318)",0.03339339142732096,0.318
"[0.318, 0.319)",0.02694206934414353,0.319
"[0.319, 0.32)",0.030983144488157924,0.32
"[0.32, 0.321)",0.03733331488604659,0.321
"[0.321, 0.322)",0.028321913391645585,0.322
"[0.322, 0.323)",0.03174619837421323,0.323
"[0.323, 0.324)",0.03096879506414712,0.324
"[0.324, 0.325)",0.027769538049871503,0.325
"[0.325, 0.326)",0.03578856082459896,0.326
"[0.326, 0.327)",0.02865725761733027,0.327
"[0.327, 0.328)",0.039627193581456964,0.328
"[0.328, 0.329)",0.028408915452393643,0.329
"[0.329, 0.33)",0.029244636060381943,0.33
"[0.33, 0.331)",0.02604489178803829,0.331
"[0.331, 0.332)",0.029739924511046515,0.332
"[0.332, 0.333)",0.026823522765855878,0.333
"[0.333, 0.334)",0.03321431220129687,0.334
"[0.334, 0.335)",0.0261743087499373,0.335
"[0.335, 0.336)",0.030396312840255606,0.336
"[0.336, 0.337)",0.03102810511066285,0.337
"[0.337, 0.338)",0.02981885207957961,0.338
"[0.338, 0.339)",0.04037370659865171,0.339
"[0.339, 0.34)",0.02992374788061798,0.34
"[0.34, 0.341)",0.025320559596878456,0.341
"[0.341, 0.342)",0.043768422561204064,0.342
"[0.342, 0.343)",0.023585245547231255,0.343
"[0.343, 0.34400000000000003)",0.023492302843491124,0.344
"[0.34400000000000003, 0.34500000000000003)",0.030644169077516808,0.345
"[0.34500000000000003, 0.34600000000000003)",0.024783938425454555,0.346
"[0.34600000000000003, 0.34700000000000003)",0.028110277709589022,0.347
"[0.34700000000000003, 0.34800000000000003)",0.03104972934659089,0.348
"[0.34800000000000003, 0.34900000000000003)",0.028403108003124972,0.349
"[0.34900000000000003, 0.35000000000000003)",0.03482887088351067,0.35
"[0.35000000000000003, 0.35100000000000003)",0.044929804382228156,0.351
"[0.35100000000000003, 0.352)",0.03082836993354233,0.352
"[0.352, 0.353)",0.02629540730091188,0.353
"[0.353, 0.354)",0.03293415354559748,0.354
"[0.354, 0.355)",0.0232942969985714,0.355
"[0.355, 0.356)",0.02904058859656248,0.356
"[0.356, 0.357)",0.038140044513039234,0.357
"[0.357, 0.358)",0.03447548550989401,0.358
"[0.358, 0.359)",0.032124862817350136,0.359
"[0.359, 0.36)",0.02770776206968841,0.36
"[0.36, 0.361)",0.022329421644125318,0.361
"[0.361, 0.362)",0.02636065114161072,0.362
"[0.362, 0.363)",0.04487332079682084,0.363
"[0.363, 0.364)",0.045951214673097866,0.364
"[0.364, 0.365)",0.034918893063841897,0.365
"[0.365, 0.366)",0.02732066615760235,0.366
"[0.366, 0.367)",0.03320642436807024,0.367
"[0.367, 0.368)",0.026696559303625394,0.368
"[0.368, 0.369)",0.027053079628955236,0.369
"[0.369, 0.37)",0.03205435614543213,0.37
"[0.37, 0.371)",0.02995972948035716,0.371
"[0.371, 0.372)",0.028610619864601776,0.372
"[0.372, 0.373)",0.0379739619664661,0.373
"[0.373, 0.374)",0.04340337189677427,0.374
"[0.374, 0.375)",0.02361026046894195,0.375
"[0.375, 0.376)",0.027307457334166667,0.376
"[0.376, 0.377)",0.03521525515691317,0.377
"[0.377, 0.378)",0.034239791500671156,0.378
"[0.378, 0.379)",0.03258463794503147,0.379
"[0.379, 0.38)",0.031955406414681455,0.38
"[0.38, 0.381)",0.03668211799758715,0.381
"[0.381, 0.382)",0.04112392353094462,0.382
"[0.382, 0.383)",0.031721294648042714,0.383
"[0.383, 0.384)",0.030325528088811164,0.384
"[0.384, 0.385)",0.03555884188333333,0.385
"[0.385, 0.386)",0.040136818149834455,0.386
"[0.386, 0.387)",0.034967976411029396,0.387
"[0.387, 0.388)",0.043665629400963496,0.388
"[0.388, 0.389)",0.04336874947661544,0.389
"[0.389, 0.39)",0.033055205087257636,0.39
"[0.39, 0.391)",0.02436753820868346,0.391
"[0.391, 0.392)",0.04255370624014341,0.392
"[0.392, 0.393)",0.02571721160785714,0.393
"[0.393, 0.394)",0.03587975554349825,0.394
"[0.394, 0.395)",0.02501166163071894,0.395
"[0.395, 0.396)",0.028844621501263528,0.396
"[0.396, 0.397)",0.03824446769449845,0.397
"[0.397, 0.398)",0.03281242358652484,0.398
"[0.398, 0.399)",0.023001589632653054,0.399
"[0.399, 0.4)",0.03283938577022599,0.4
"[0.4, 0.401)",0.028167485702809025,0.401
"[0.401, 0.402)",0.04262517530341305,0.402
"[0.402, 0.403)",0.030563517478388258,0.403
"[0.403, 0.404)",0.044670357990669166,0.404
"[0.404, 0.405)",0.023590115926602557,0.405
"[0.405, 0.406)",0.028379823193862067,0.406
"[0.406, 0.40700000000000003)",0.02853337822490273,0.407
"[0.40700000000000003, 0.40800000000000003)",0.03317831738576642,0.408
"[0.40800000000000003, 0.40900000000000003)",0.035270942684013394,0.409
"[0.40900000000000003, 0.41000000000000003)",0.030299473345465452,0.41
"[0.41000000000000003, 0.41100000000000003)",0.023869684286686385,0.411
"[0.41100000000000003, 0.41200000000000003)",0.025170769578819415,0.412
"[0.41200000000000003, 0.41300000000000003)",0.0344857119010239,0.413
"[0.41300000000000003, 0.41400000000000003)",0.024137799005656248,0.414
"[0.41400000000000003, 0.41500000000000004)",0.027209258180633796,0.415
"[0.41500000000000004, 0.41600000000000004)",0.04006437771292518,0.416
"[0.41600000000000004, 0.417)",0.02760647072692305,0.417
"[0.417, 0.418)",0.03379558170296639,0.418
"[0.418, 0.419)",0.029102593831250013,0.419
"[0.419, 0.42)",0.025837436923369598,0.42
"[0.42, 0.421)",0.029786685806417135,0.421
"[0.421, 0.422)",0.03961181864760003,0.422
"[0.422, 0.423)",0.03457482077203947,0.423
"[0.423, 0.424)",0.028985357491319457,0.424
"[0.424, 0.425)",0.029373286520280716,0.425
"[0.425, 0.426)",0.02656212875510342,0.426
"[0.426, 0.427)",0.025363849188316145,0.427
"[0.427, 0.428)",0.021706133959154914,0.428
"[0.428, 0.429)",0.02687114970716981,0.429
"[0.429, 0.43)",0.02564219568827486,0.43
"[0.43, 0.431)",0.029598888459292042,0.431
"[0.431, 0.432)",0.024193185276551715,0.432
"[0.432, 0.433)",0.02529783996556909,0.433
"[0.433, 0.434)",0.021829323944802862,0.434
"[0.434, 0.435)",0.029365659955465563,0.435
"[0.435, 0.436)",0.030009888867669157,0.436
"[0.436, 0.437)",0.02758973986072726,0.437
"[0.437, 0.438)",0.037336456550902564,0.438
"[0.438, 0.439)",0.023028199476393427,0.439
"[0.439, 0.44)",0.030117988893965542,0.44
"[0.44, 0.441)",0.027224912059580848,0.441
"[0.441, 0.442)",0.02873953915482757,0.442
"[0.442, 0.443)",0.021948490043460205,0.443
"[0.443, 0.444)",0.02431964646333333,0.444
"[0.444, 0.445)",0.024701092119485284,0.445
"[0.445, 0.446)",0.0346141446198347,0.446
"[0.446, 0.447)",0.04049476821602789,0.447
"[0.447, 0.448)",0.036741661130531914,0.448
"[0.448, 0.449)",0.026963872928523983,0.449
"[0.449, 0.45)",0.030664917244182976,0.45
"[0.45, 0.451)",0.02403728569675515,0.451
"[0.451, 0.452)",0.036520260806093226,0.452
"[0.452, 0.453)",0.03507752405660966,0.453
"[0.453, 0.454)",0.03826345378597125,0.454
"[0.454, 0.455)",0.02399181584975998,0.455
"[0.455, 0.456)",0.03694987014000003,0.456
"[0.456, 0.457)",0.029793012702836904,0.457
"[0.457, 0.458)",0.0414305159668317,0.458
"[0.458, 0.459)",0.027208877081549784,0.459
"[0.459, 0.46)",0.02733517207716049,0.46
"[0.46, 0.461)",0.028737346489408087,0.461
"[0.461, 0.462)",0.03651353002852234,0.462
"[0.462, 0.463)",0.03606802486628352,0.463
"[0.463, 0.464)",0.03626301513858267,0.464
"[0.464, 0.465)",0.03815471969098039,0.465
"[0.465, 0.466)",0.03489761780407692,0.466
"[0.466, 0.467)",0.020148307537704895,0.467
"[0.467, 0.468)",0.026085320332423202,0.468
"[0.468, 0.46900000000000003)",0.02412649050396823,0.469
"[0.46900000000000003, 0.47000000000000003)",0.026991130079865755,0.47
"[0.47000000000000003, 0.47100000000000003)",0.026235659605956103,0.471
"[0.47100000000000003, 0.47200000000000003)",0.03670493627739668,0.472
"[0.47200000000000003, 0.47300000000000003)",0.022102319563669048,0.473
"[0.47300000000000003, 0.47400000000000003)",0.03386225781405621,0.474
"[0.47400000000000003, 0.47500000000000003)",0.029698405855839403,0.475
"[0.47500000000000003, 0.47600000000000003)",0.022492078834432234,0.476
"[0.47600000000000003, 0.47700000000000004)",0.03209689529538203,0.477
"[0.47700000000000004, 0.47800000000000004)",0.032455564891828784,0.478
"[0.47800000000000004, 0.47900000000000004)",0.027341234171042457,0.479
"[0.47900000000000004, 0.48)",0.03250294289424922,0.48
"[0.48, 0.481)",0.031020540716053494,0.481
"[0.481, 0.482)",0.03026383430473468,0.482
"[0.482, 0.483)",0.02660511519192981,0.483
"[0.483, 0.484)",0.02388460631653846,0.484
"[0.484, 0.485)",0.02430585115491103,0.485
"[0.485, 0.486)",0.04071867304954955,0.486
"[0.486, 0.487)",0.03364023543308267,0.487
"[0.487, 0.488)",0.026376857440540514,0.488
"[0.488, 0.489)",0.030404443229328604,0.489
"[0.489, 0.49)",0.03234658480519481,0.49
"[0.49, 0.491)",0.020616736560931905,0.491
"[0.491, 0.492)",0.032202711149923076,0.492
"[0.492, 0.493)",0.02600306072355172,0.493
"[0.493, 0.494)",0.02637171326425531,0.494
"[0.494, 0.495)",0.031126446679050714,0.495
"[0.495, 0.496)",0.027778444135425996,0.496
"[0.496, 0.497)",0.029698568300649344,0.497
"[0.497, 0.498)",0.02299400207509434,0.498
"[0.498, 0.499)",0.03105140603649122,0.499
"[0.499, 0.5)",0.03175114888396225,0.5
"[0.5, 0.501)",0.023219207451249994,0.501
"[0.501, 0.502)",0.03347138345611513,0.502
"[0.502, 0.503)",0.021322984476727293,0.503
"[0.503, 0.504)",0.028588302091984732,0.504
"[0.504, 0.505)",0.029228407987003588,0.505
"[0.505, 0.506)",0.02855126534686662,0.506
"[0.506, 0.507)",0.03443675773178569,0.507
"[0.507, 0.508)",0.02476164248814812,0.508
"[0.508, 0.509)",0.04040872037124185,0.509
"[0.509, 0.51)",0.030421478561794016,0.51
"[0.51, 0.511)",0.03248469516232297,0.511
"[0.511, 0.512)",0.03298938670352114,0.512
"[0.512, 0.513)",0.029202215119858158,0.513
"[0.513, 0.514)",0.032436753282947366,0.514
"[0.514, 0.515)",0.02794059685700637,0.515
"[0.515, 0.516)",0.021690756154137934,0.516
"[0.516, 0.517)",0.021345785140000007,0.517
"[0.517, 0.518)",0.029941793371126773,0.518
"[0.518, 0.519)",0.028784452508260866,0.519
"[0.519, 0.52)",0.035827566614675344,0.52
"[0.52, 0.521)",0.033891152647402605,0.521
"[0.521, 0.522)",0.046519697537238516,0.522
"[0.522, 0.523)",0.019554263262043806,0.523
"[0.523, 0.524)",0.02823120712407407,0.524
"[0.524, 0.525)",0.025159685104827585,0.525
"[0.525, 0.526)",0.03363883589798385,0.526
"[0.526, 0.527)",0.034397149932296284,0.527
"[0.527, 0.528)",0.04078980503937011,0.528
"[0.528, 0.529)",0.03052508313540855,0.529
"[0.529, 0.53)",0.031482731606422065,0.53
"[0.53, 0.531)",0.03177147831331062,0.531
"[0.531, 0.532)",0.036485372870000005,0.532
"[0.532, 0.533)",0.025696840473664117,0.533
"[0.533, 0.534)",0.03391404489409452,0.534
"[0.534, 0.535)",0.03334424069806947,0.535
"[0.535, 0.536)",0.031160037998015866,0.536
"[0.536, 0.537)",0.033233508597959184,0.537
"[0.537, 0.538)",0.02266275562557693,0.538
"[0.538, 0.539)",0.029323673487086074,0.539
"[0.539, 0.54)",0.03135779337904195,0.54
"[0.54, 0.541)",0.03636199253103453,0.541
"[0.541, 0.542)",0.03688761578437709,0.542
"[0.542, 0.543)",0.03261453641804054,0.543
"[0.543, 0.544)",0.025305994808914725,0.544
"[0.544, 0.545)",0.030088175442807005,0.545
"[0.545, 0.546)",0.0308941620573897,0.546
"[0.546, 0.547)",0.032561168942857176,0.547
"[0.547, 0.548)",0.03509249257876292,0.548
"[0.548, 0.549)",0.033645361788191885,0.549
"[0.549, 0.55)",0.031552328527387104,0.55
"[0.55, 0.551)",0.03634354675191183,0.551
"[0.551, 0.552)",0.032837156889285714,0.552
"[0.552, 0.553)",0.032985627414788755,0.553
"[0.553, 0.554)",0.030178621092666665,0.554
"[0.554, 0.555)",0.02717895958750001,0.555
"[0.555, 0.556)",0.035055025771304385,0.556
"[0.556, 0.557)",0.03257214890382166,0.557
"[0.557, 0.558)",0.02976660021337579,0.558
"[0.558, 0.559)",0.041506195824324334,0.559
"[0.559, 0.56)",0.03921660332966111,0.56
"[0.56, 0.561)",0.030766459320436014,0.561
"[0.561, 0.562)",0.02944340706512454,0.562
"[0.562, 0.5630000000000001)",0.02321536159859154,0.563
"[0.5630000000000001, 0.5640000000000001)",0.02998114852736487,0.564
"[0.5640000000000001, 0.5650000000000001)",0.02640219546554306,0.565
"[0.5650000000000001, 0.5660000000000001)",0.025636874164451835,0.566
"[0.5660000000000001, 0.5670000000000001)",0.030908398777142854,0.567
"[0.5670000000000001, 0.5680000000000001)",0.028818756151273904,0.568
"[0.5680000000000001, 0.5690000000000001)",0.02158899615845587,0.569
"[0.5690000000000001, 0.5700000000000001)",0.024240897867492256,0.57
"[0.5700000000000001, 0.5710000000000001)",0.03461436147768816,0.571
"[0.5710000000000001, 0.5720000000000001)",0.0325012608215873,0.572
"[0.5720000000000001, 0.5730000000000001)",0.02712907555480428,0.573
"[0.5730000000000001, 0.5740000000000001)",0.024980781652922075,0.574
"[0.5740000000000001, 0.5750000000000001)",0.02879837872467106,0.575
"[0.5750000000000001, 0.5760000000000001)",0.026666514177737206,0.576
"[0.5760000000000001, 0.577)",0.036177113975770614,0.577
"[0.577, 0.578)",0.02543883445973154,0.578
"[0.578, 0.579)",0.02678483063503399,0.579
"[0.579, 0.58)",0.035017342256940524,0.58
"[0.58, 0.581)",0.02337370627252398,0.581
"[0.581, 0.582)",0.04684033153523627,0.582
"[0.582, 0.583)",0.028712394977850185,0.583
"[0.583, 0.584)",0.03245891100498339,0.584
"[0.584, 0.585)",0.023905577372363637,0.585
"[0.585, 0.586)",0.0337856263792593,0.586
"[0.586, 0.587)",0.023485206775098813,0.587
"[0.587, 0.588)",0.03646951082977945,0.588
"[0.588, 0.589)",0.02912007128880401,0.589
"[0.589, 0.59)",0.03800137342760873,0.59
"[0.59, 0.591)",0.025838970536962737,0.591
"[0.591, 0.592)",0.03120894793211923,0.592
"[0.592, 0.593)",0.02536293906573208,0.593
"[0.593, 0.594)",0.026263033750345926,0.594
"[0.594, 0.595)",0.025895766704063482,0.595
"[0.595, 0.596)",0.028139835480120102,0.596
"[0.596, 0.597)",0.03275126938145114,0.597
"[0.597, 0.598)",0.029783763095638658,0.598
"[0.598, 0.599)",0.03967487172258068,0.599
"[0.599, 0.6)",0.036652882951552807,0.6
"[0.6, 0.601)",0.03659212224459463,0.601
"[0.601, 0.602)",0.01924900103312292,0.602
"[0.602, 0.603)",0.03130210119326921,0.603
"[0.603, 0.604)",0.028594562982187526,0.604
"[0.604, 0.605)",0.02439901871152541,0.605
"[0.605, 0.606)",0.025958830952844857,0.606
"[0.606, 0.607)",0.036257386888714736,0.607
"[0.607, 0.608)",0.025747453066103446,0.608
"[0.608, 0.609)",0.029771323189036566,0.609
"[0.609, 0.61)",0.025972450670338976,0.61
"[0.61, 0.611)",0.03404882217230093,0.611
"[0.611, 0.612)",0.03544474722125436,0.612
"[0.612, 0.613)",0.027212095077272708,0.613
"[0.613, 0.614)",0.026385103149132946,0.614
"[0.614, 0.615)",0.026047917740849667,0.615
"[0.615, 0.616)",0.03357389158604731,0.616
"[0.616, 0.617)",0.03904338159645394,0.617
"[0.617, 0.618)",0.024999570525567363,0.618
"[0.618, 0.619)",0.026984428897269604,0.619
"[0.619, 0.62)",0.029991790034883746,0.62
"[0.62, 0.621)",0.02807692985425867,0.621
"[0.621, 0.622)",0.021335288641355928,0.622
"[0.622, 0.623)",0.0321693028504951,0.623
"[0.623, 0.624)",0.03412164309710147,0.624
"[0.624, 0.625)",0.021333388719999992,0.625
"[0.625, 0.626)",0.027156664106785713,0.626
"[0.626, 0.627)",0.025273787093140765,0.627
"[0.627, 0.628)",0.02617848354958332,0.628
"[0.628, 0.629)",0.023169723955326467,0.629
"[0.629, 0.63)",0.029355678767796597,0.63
"[0.63, 0.631)",0.030994946698753908,0.631
"[0.631, 0.632)",0.033555835633148796,0.632
"[0.632, 0.633)",0.02407445549017542,0.633
"[0.633, 0.634)",0.02774305243165465,0.634
"[0.634, 0.635)",0.028039307403283566,0.635
"[0.635, 0.636)",0.029610894925939865,0.636
"[0.636, 0.637)",0.028224226312244853,0.637
"[0.637, 0.638)",0.032488114766666666,0.638
"[0.638, 0.639)",0.027933734259933563,0.639
"[0.639, 0.64)",0.03178614143393398,0.64
"[0.64, 0.641)",0.031341793234355854,0.641
"[0.641, 0.642)",0.02509553387770269,0.642
"[0.642, 0.643)",0.02618374414461536,0.643
"[0.643, 0.644)",0.03264039737347672,0.644
"[0.644, 0.645)",0.02420566940297943,0.645
"[0.645, 0.646)",0.02621214202254542,0.646
"[0.646, 0.647)",0.02451489506688311,0.647
"[0.647, 0.648)",0.026086136108955226,0.648
"[0.648, 0.649)",0.031727848287158265,0.649
"[0.649, 0.65)",0.021891009558053683,0.65
"[0.65, 0.651)",0.025301997313538455,0.651
"[0.651, 0.652)",0.030772323021052646,0.652
"[0.652, 0.653)",0.022922981659885048,0.653
"[0.653, 0.654)",0.02330318990669173,0.654
"[0.654, 0.655)",0.028507247481993573,0.655
"[0.655, 0.656)",0.03323618299396551,0.656
"[0.656, 0.657)",0.026570779474999983,0.657
"[0.657, 0.658)",0.04281040771639347,0.658
"[0.658, 0.659)",0.02718427824999997,0.659
"[0.659, 0.66)",0.031864254068345324,0.66
"[0.66, 0.661)",0.03441155007142858,0.661
"[0.661, 0.662)",0.026333232158730152,0.662
"[0.662, 0.663)",0.02805741962639998,0.663
"[0.663, 0.664)",0.02814102334801443,0.664
"[0.664, 0.665)",0.024524029891549292,0.665
"[0.665, 0.666)",0.03704178437593365,0.666
"[0.666, 0.667)",0.03465240314492759,0.667
"[0.667, 0.668)",0.03284940368207885,0.668
"[0.668, 0.669)",0.031640154259375004,0.669
"[0.669, 0.67)",0.03094127631308223,0.67
"[0.67, 0.671)",0.03152606644463087,0.671
"[0.671, 0.672)",0.03333161016148149,0.672
"[0.672, 0.673)",0.03675337509920866,0.673
"[0.673, 0.674)",0.02752033296692916,0.674
"[0.674, 0.675)",0.028178782898154994,0.675
"[0.675, 0.676)",0.027212335504676253,0.676
"[0.676, 0.677)",0.04164090789402397,0.677
"[0.677, 0.678)",0.027216156183870993,0.678
"[0.678, 0.679)",0.025690546786013964,0.679
"[0.679, 0.68)",0.03661500869577043,0.68
"[0.68, 0.681)",0.02469065761023891,0.681
"[0.681, 0.682)",0.027476730020905914,0.682
"[0.682, 0.683)",0.026301078802491107,0.683
"[0.683, 0.684)",0.028891719480065373,0.684
"[0.684, 0.685)",0.02464601699204545,0.685
"[0.685, 0.686)",0.029133552041328416,0.686
"[0.686, 0.687)",0.034915357400567386,0.687
"[0.687, 0.6880000000000001)",0.02866247276392739,0.688
"[0.6880000000000001, 0.6890000000000001)",0.02531893380608108,0.689
"[0.6890000000000001, 0.6900000000000001)",0.02924151153395063,0.69
"[0.6900000000000001, 0.6910000000000001)",0.029304635986514668,0.691
"[0.6910000000000001, 0.6920000000000001)",0.028266262935460983,0.692
"[0.6920000000000001, 0.6930000000000001)",0.025590954181851835,0.693
"[0.6930000000000001, 0.6940000000000001)",0.026047883857931026,0.694
"[0.6940000000000001, 0.6950000000000001)",0.03015298988832119,0.695
"[0.6950000000000001, 0.6960000000000001)",0.03317445363805149,0.696
"[0.6960000000000001, 0.6970000000000001)",0.031245060736111125,0.697
"[0.6970000000000001, 0.6980000000000001)",0.025973234576232383,0.698
"[0.6980000000000001, 0.6990000000000001)",0.027475114315589334,0.699
"[0.6990000000000001, 0.7000000000000001)",0.025587639894136812,0.7
"[0.7000000000000001, 0.7010000000000001)",0.029945402366355126,0.701
"[0.7010000000000001, 0.7020000000000001)",0.033075111180894325,0.702
"[0.7020000000000001, 0.7030000000000001)",0.027918063946528297,0.703
"[0.7030000000000001, 0.704)",0.028208388431297693,0.704
"[0.704, 0.705)",0.030221283866538464,0.705
"[0.705, 0.706)",0.03654484519388491,0.706
"[0.706, 0.707)",0.02707081741513792,0.707
"[0.707, 0.708)",0.0241161487275862,0.708
"[0.708, 0.709)",0.030581828735467637,0.709
"[0.709, 0.71)",0.035917273845098074,0.71
"[0.71, 0.711)",0.02544334273007246,0.711
"[0.711, 0.712)",0.034471502593090904,0.712
"[0.712, 0.713)",0.01806421360052632,0.713
"[0.713, 0.714)",0.03359930202287823,0.714
"[0.714, 0.715)",0.032380409985849075,0.715
"[0.715, 0.716)",0.027981176811160684,0.716
"[0.716, 0.717)",0.02360190708458648,0.717
"[0.717, 0.718)",0.029194256324528295,0.718
"[0.718, 0.719)",0.028480260940082644,0.719
"[0.719, 0.72)",0.039452915658766255,0.72
"[0.72, 0.721)",0.03284812066365589,0.721
"[0.721, 0.722)",0.03411698351370371,0.722
"[0.722, 0.723)",0.02799067141619431,0.723
"[0.723, 0.724)",0.03264343647588932,0.724
"[0.724, 0.725)",0.028997596335937487,0.725
"[0.725, 0.726)",0.026212068376383752,0.726
"[0.726, 0.727)",0.03860852833584073,0.727
"[0.727, 0.728)",0.030108204016165416,0.728
"[0.728, 0.729)",0.021540662948132762,0.729
"[0.729, 0.73)",0.021050144334716983,0.73
"[0.73, 0.731)",0.03041055859456868,0.731
"[0.731, 0.732)",0.02860436514274808,0.732
"[0.732, 0.733)",0.03215437246315788,0.733
"[0.733, 0.734)",0.0238658264808765,0.734
"[0.734, 0.735)",0.03056361741541518,0.735
"[0.735, 0.736)",0.028753234852758634,0.736
"[0.736, 0.737)",0.022161420675130116,0.737
"[0.737, 0.738)",0.031832979973118264,0.738
"[0.738, 0.739)",0.019876457052832176,0.739
"[0.739, 0.74)",0.028998459919016395,0.74
"[0.74, 0.741)",0.027571602745129143,0.741
"[0.741, 0.742)",0.022538469902564105,0.742
"[0.742, 0.743)",0.03706578702033965,0.743
"[0.743, 0.744)",0.03330599274197078,0.744
"[0.744, 0.745)",0.036443238797090945,0.745
"[0.745, 0.746)",0.023553011467924524,0.746
"[0.746, 0.747)",0.03634215907970477,0.747
"[0.747, 0.748)",0.032799350373786396,0.748
"[0.748, 0.749)",0.02211989543059935,0.749
"[0.749, 0.75)",0.034706949830275245,0.75
"[0.75, 0.751)",0.029610399215894,0.751
"[0.751, 0.752)",0.027145846119011368,0.752
"[0.752, 0.753)",0.031394114035546865,0.753
"[0.753, 0.754)",0.03222018797969923,0.754
"[0.754, 0.755)",0.034799147503308835,0.755
"[0.755, 0.756)",0.027928712418326826,0.756
"[0.756, 0.757)",0.03375118386260162,0.757
"[0.757, 0.758)",0.02939474226731516,0.758
"[0.758, 0.759)",0.031219123726007346,0.759
"[0.759, 0.76)",0.034106705799551267,0.76
"[0.76, 0.761)",0.02351173014366667,0.761
"[0.761, 0.762)",0.038781560031249974,0.762
"[0.762, 0.763)",0.04013441094411769,0.763
"[0.763, 0.764)",0.028387041971641786,0.764
"[0.764, 0.765)",0.033688077132179896,0.765
"[0.765, 0.766)",0.01833829360684411,0.766
"[0.766, 0.767)",0.03115680187658728,0.767
"[0.767, 0.768)",0.03238248573776823,0.768
"[0.768, 0.769)",0.03780028534520599,0.769
"[0.769, 0.77)",0.036436518548127496,0.77
"[0.77, 0.771)",0.027407842777777747,0.771
"[0.771, 0.772)",0.022545812924369742,0.772
"[0.772, 0.773)",0.0337437848467742,0.773
"[0.773, 0.774)",0.02770401136150793,0.774
"[0.774, 0.775)",0.02513419807932489,0.775
"[0.775, 0.776)",0.0283840640612,0.776
"[0.776, 0.777)",0.025167749519827573,0.777
"[0.777, 0.778)",0.030804248720264323,0.778
"[0.778, 0.779)",0.02687025669549551,0.779
"[0.779, 0.78)",0.028912118143650786,0.78
"[0.78, 0.781)",0.026976557584296564,0.781
"[0.781, 0.782)",0.0326859208248945,0.782
"[0.782, 0.783)",0.030794335716589852,0.783
"[0.783, 0.784)",0.027227265179607846,0.784
"[0.784, 0.785)",0.03345977135058393,0.785
"[0.785, 0.786)",0.03103984160656903,0.786
"[0.786, 0.787)",0.022149156441363657,0.787
"[0.787, 0.788)",0.03547925707125522,0.788
"[0.788, 0.789)",0.03240343132420634,0.789
"[0.789, 0.79)",0.034949112061428596,0.79
"[0.79, 0.791)",0.027574667674708155,0.791
"[0.791, 0.792)",0.032452430674603176,0.792
"[0.792, 0.793)",0.03176782724950979,0.793
"[0.793, 0.794)",0.025729438086800022,0.794
"[0.794, 0.795)",0.03835522346990869,0.795
"[0.795, 0.796)",0.03583388048663967,0.796
"[0.796, 0.797)",0.03877690278434783,0.797
"[0.797, 0.798)",0.033041332078945315,0.798
"[0.798, 0.799)",0.026788626231249987,0.799
"[0.799, 0.8)",0.029619436808518515,0.8
"[0.8, 0.801)",0.030088363533999997,0.801
"[0.801, 0.802)",0.02887738472307691,0.802
"[0.802, 0.803)",0.030217015777168944,0.803
"[0.803, 0.804)",0.027096628482157666,0.804
"[0.804, 0.805)",0.021671755356088545,0.805
"[0.805, 0.806)",0.027241907965748016,0.806
"[0.806, 0.807)",0.023186523903539077,0.807
"[0.807, 0.808)",0.029005971996750892,0.808
"[0.808, 0.809)",0.025277009090458005,0.809
"[0.809, 0.81)",0.02778838234264706,0.81
"[0.81, 0.811)",0.03070933591048689,0.811
"[0.811, 0.812)",0.02745719059711934,0.812
"[0.812, 0.8130000000000001)",0.03002748592373539,0.813
"[0.8130000000000001, 0.8140000000000001)",0.020889396362645897,0.814
"[0.8140000000000001, 0.8150000000000001)",0.029609999837711863,0.815
"[0.8150000000000001, 0.8160000000000001)",0.029467117558823516,0.816
"[0.8160000000000001, 0.8170000000000001)",0.024044310018181816,0.817
"[0.8170000000000001, 0.8180000000000001)",0.024057786506888876,0.818
"[0.8180000000000001, 0.8190000000000001)",0.0275919149004386,0.819
"[0.8190000000000001, 0.8200000000000001)",0.030735063092881383,0.82
"[0.8200000000000001, 0.8210000000000001)",0.030520707712765983,0.821
"[0.8210000000000001, 0.8220000000000001)",0.02768329461115536,0.822
"[0.8220000000000001, 0.8230000000000001)",0.031032073761637944,0.823
"[0.8230000000000001, 0.8240000000000001)",0.019188448644268302,0.824
"[0.8240000000000001, 0.8250000000000001)",0.029781638901960766,0.825
"[0.8250000000000001, 0.8260000000000001)",0.022205568804761905,0.826
"[0.8260000000000001, 0.8270000000000001)",0.025526885264426875,0.827
"[0.8270000000000001, 0.8280000000000001)",0.03703158630932206,0.828
"[0.8280000000000001, 0.8290000000000001)",0.027845399951063818,0.829
"[0.8290000000000001, 0.8300000000000001)",0.021545405107317072,0.83
"[0.8300000000000001, 0.8310000000000001)",0.03811142956228811,0.831
"[0.8310000000000001, 0.8320000000000001)",0.027952569908050832,0.832
"[0.8320000000000001, 0.833)",0.02649778001561182,0.833
"[0.833, 0.834)",0.03199562256868688,0.834
"[0.834, 0.835)",0.030790707625641015,0.835
"[0.835, 0.836)",0.028515787204020107,0.836
"[0.836, 0.837)",0.029788038290208315,0.837
"[0.837, 0.838)",0.02683525909879516,0.838
"[0.838, 0.839)",0.029831239974693877,0.839
"[0.839, 0.84)",0.029387905076045603,0.84
"[0.84, 0.841)",0.030969419722255313,0.841
"[0.841, 0.842)",0.01724334120327273,0.842
"[0.842, 0.843)",0.023782935504257807,0.843
"[0.843, 0.844)",0.03159628955641024,0.844
"[0.844, 0.845)",0.03786457929708331,0.845
"[0.845, 0.846)",0.022996921695067268,0.846
"[0.846, 0.847)",0.030126470111374416,0.847
"[0.847, 0.848)",0.030753127870085474,0.848
"[0.848, 0.849)",0.031295560454893595,0.849
"[0.849, 0.85)",0.022583183480708667,0.85
"[0.85, 0.851)",0.032717961816170205,0.851
"[0.851, 0.852)",0.02858238623924047,0.852
"[0.852, 0.853)",0.02647221183749998,0.853
"[0.853, 0.854)",0.033587533845273604,0.854
"[0.854, 0.855)",0.03233472823923079,0.855
"[0.855, 0.856)",0.03282457858608694,0.856
"[0.856, 0.857)",0.026785388946261684,0.857
"[0.857, 0.858)",0.02901780039313305,0.858
"[0.858, 0.859)",0.04073939668140496,0.859
"[0.859, 0.86)",0.03067499522773437,0.86
"[0.86, 0.861)",0.028769471210671922,0.861
"[0.861, 0.862)",0.027950256490707984,0.862
"[0.862, 0.863)",0.02802142707322174,0.863
"[0.863, 0.864)",0.021231473792063478,0.864
"[0.864, 0.865)",0.02736381682578128,0.865
"[0.865, 0.866)",0.03132352074273125,0.866
"[0.866, 0.867)",0.025762603713827163,0.867
"[0.867, 0.868)",0.03292346215958333,0.868
"[0.868, 0.869)",0.03172028511809521,0.869
"[0.869, 0.87)",0.027811185655158725,0.87
"[0.87, 0.871)",0.02071556094923665,0.871
"[0.871, 0.872)",0.030026127209960136,0.872
"[0.872, 0.873)",0.030887902806535066,0.873
"[0.873, 0.874)",0.03554964405254715,0.874
"[0.874, 0.875)",0.037725771156621006,0.875
"[0.875, 0.876)",0.024636671270512816,0.876
"[0.876, 0.877)",0.031228571699999975,0.877
"[0.877, 0.878)",0.02512807128401825,0.878
"[0.878, 0.879)",0.03284598485000002,0.879
"[0.879, 0.88)",0.029362685537656905,0.88
"[0.88, 0.881)",0.040531036741245155,0.881
"[0.881, 0.882)",0.027658891948598125,0.882
"[0.882, 0.883)",0.045236531171818174,0.883
"[0.883, 0.884)",0.0247757582412844,0.884
"[0.884, 0.885)",0.03202032161900452,0.885
"[0.885, 0.886)",0.03145265006260502,0.886
"[0.886, 0.887)",0.025667984966176467,0.887
"[0.887, 0.888)",0.03594887277014926,0.888
"[0.888, 0.889)",0.02498165277076921,0.889
"[0.889, 0.89)",0.02058211675983935,0.89
"[0.89, 0.891)",0.02317689881068181,0.891
"[0.891, 0.892)",0.02918400535483871,0.892
"[0.892, 0.893)",0.026644449832420074,0.893
"[0.893, 0.894)",0.033711966106666644,0.894
"[0.894, 0.895)",0.03063495198235292,0.895
"[0.895, 0.896)",0.029595390970642215,0.896
"[0.896, 0.897)",0.034730224918032786,0.897
"[0.897, 0.898)",0.018233101669565217,0.898
"[0.898, 0.899)",0.026169286526050408,0.899
"[0.899, 0.9)",0.0173648195551181,0.9
"[0.9, 0.901)",0.01951787756396296,0.901
"[0.901, 0.902)",0.020665304448684203,0.902
"[0.902, 0.903)",0.03187253460609246,0.903
"[0.903, 0.904)",0.023480864624347828,0.904
"[0.904, 0.905)",0.02299709957656107,0.905
"[0.905, 0.906)",0.04521264570666668,0.906
"[0.906, 0.907)",0.02781352838457944,0.907
"[0.907, 0.908)",0.03679855136244725,0.908
"[0.908, 0.909)",0.03091876359419084,0.909
"[0.909, 0.91)",0.03128034044920632,0.91
"[0.91, 0.911)",0.03489815319672728,0.911
"[0.911, 0.912)",0.03386788371983803,0.912
"[0.912, 0.913)",0.025661667844930878,0.913
"[0.913, 0.914)",0.0337386088574899,0.914
"[0.914, 0.915)",0.034416743267727236,0.915
"[0.915, 0.916)",0.02315095622827869,0.916
"[0.916, 0.917)",0.03472966696394847,0.917
"[0.917, 0.918)",0.03155565671077585,0.918
"[0.918, 0.919)",0.03009107966382113,0.919
"[0.919, 0.92)",0.032893499138866376,0.92
"[0.92, 0.921)",0.02559001185349791,0.921
"[0.921, 0.922)",0.019723701699099108,0.922
"[0.922, 0.923)",0.026056841530663462,0.923
"[0.923, 0.924)",0.044877862968650845,0.924
"[0.924, 0.925)",0.02196991980464132,0.925
"[0.925, 0.926)",0.029261910428820946,0.926
"[0.926, 0.927)",0.024876213220588236,0.927
"[0.927, 0.928)",0.032514127743043485,0.928
"[0.928, 0.929)",0.03578900235265307,0.929
"[0.929, 0.93)",0.03656557332751089,0.93
"[0.93, 0.931)",0.032222575294412956,0.931
"[0.931, 0.932)",0.025021916881990496,0.932
"[0.932, 0.933)",0.021044114328638487,0.933
"[0.933, 0.934)",0.029942400710917035,0.934
"[0.934, 0.935)",0.024807970437317074,0.935
"[0.935, 0.936)",0.029463492739726014,0.936
"[0.936, 0.937)",0.033437607945535686,0.937
"[0.937, 0.9380000000000001)",0.028680291408108106,0.938
"[0.9380000000000001, 0.9390000000000001)",0.03409293867698411,0.939
"[0.9390000000000001, 0.9400000000000001)",0.033376963603942704,0.94
"[0.9400000000000001, 0.9410000000000001)",0.021185596811023603,0.941
"[0.9410000000000001, 0.9420000000000001)",0.027440793600406486,0.942
"[0.9420000000000001, 0.9430000000000001)",0.030634036083574852,0.943
"[0.9430000000000001, 0.9440000000000001)",0.026515586309016397,0.944
"[0.9440000000000001, 0.9450000000000001)",0.033011972565546215,0.945
"[0.9450000000000001, 0.9460000000000001)",0.025226123492792782,0.946
"[0.9460000000000001, 0.9470000000000001)",0.02774439264692983,0.947
"[0.9470000000000001, 0.9480000000000001)",0.034055511664197534,0.948
"[0.9480000000000001, 0.9490000000000001)",0.024433127420851044,0.949
"[0.9490000000000001, 0.9500000000000001)",0.02626872307782978,0.95
"[0.9500000000000001, 0.9510000000000001)",0.02813932317042801,0.951
"[0.9510000000000001, 0.9520000000000001)",0.03010317543878326,0.952
"[0.9520000000000001, 0.9530000000000001)",0.020594214706694564,0.953
"[0.9530000000000001, 0.9540000000000001)",0.03612418620336137,0.954
"[0.9540000000000001, 0.9550000000000001)",0.025808717723396938,0.955
"[0.9550000000000001, 0.9560000000000001)",0.026794581487003595,0.956
"[0.9560000000000001, 0.9570000000000001)",0.029621473315322576,0.957
"[0.9570000000000001, 0.9580000000000001)",0.030055425945798308,0.958
"[0.9580000000000001, 0.9590000000000001)",0.035734736375200006,0.959
"[0.9590000000000001, 0.96)",0.03239932095177304,0.96
"[0.96, 0.961)",0.038917141529304075,0.961
"[0.961, 0.962)",0.03376421373015871,0.962
"[0.962, 0.963)",0.03129758808063065,0.963
"[0.963, 0.964)",0.026925673194873944,0.964
"[0.964, 0.965)",0.030613881318181796,0.965
"[0.965, 0.966)",0.028917902271628975,0.966
"[0.966, 0.967)",0.024477530751304356,0.967
"[0.967, 0.968)",0.034990919999999995,0.968
"[0.968, 0.969)",0.03183084656726457,0.969
"[0.969, 0.97)",0.025804703903947387,0.97
"[0.97, 0.971)",0.021900122573622036,0.971
"[0.971, 0.972)",0.027029210879661023,0.972
"[0.972, 0.973)",0.024099695061410804,0.973
"[0.973, 0.974)",0.03115480095190084,0.974
"[0.974, 0.975)",0.024525382096341492,0.975
"[0.975, 0.976)",0.031210147314458314,0.976
"[0.976, 0.977)",0.02622519534612068,0.977
"[0.977, 0.978)",0.023824035656807498,0.978
"[0.978, 0.979)",0.034861483677959194,0.979
"[0.979, 0.98)",0.022095626274319078,0.98
"[0.98, 0.981)",0.02459412910654545,0.981
"[0.981, 0.982)",0.03985368469653679,0.982
"[0.982, 0.983)",0.03678335150532789,0.983
"[0.983, 0.984)",0.020565411646788996,0.984
"[0.984, 0.985)",0.03551899275176212,0.985
"[0.985, 0.986)",0.0348128070962185,0.986
"[0.986, 0.987)",0.034561054187864065,0.987
"[0.987, 0.988)",0.028798418569264066,0.988
"[0.988, 0.989)",0.027045258209647045,0.989
"[0.989, 0.99)",0.019769183830943393,0.99
"[0.99, 0.991)",0.02418092237034481,0.991
"[0.991, 0.992)",0.024807482855957436,0.992
"[0.992, 0.993)",0.027112113219831223,0.993
"[0.993, 0.994)",0.03333114952137683,0.994
"[0.994, 0.995)",0.024847826692660547,0.995
"[0.995, 0.996)",0.023432512806967207,0.996
"[0.996, 0.997)",0.020453623140742203,0.997
"[0.997, 0.998)",0.01993295873401638,0.998
"[0.998, 0.999)",0.03032249712606835,0.999
"[0.999, 1.0)",0.035043687477777766,1.0
"[1.0, 1.0010000000000001)",0.028558546241249975,1.001
"[1.0010000000000001, 1.002)",0.024721746520370343,1.002
"[1.002, 1.0030000000000001)",0.023936037375294095,1.003
"[1.0030000000000001, 1.004)",0.02864176606499999,1.004
"[1.004, 1.0050000000000001)",0.020554921972800004,1.005
"[1.0050000000000001, 1.006)",0.02563388205321101,1.006
"[1.006, 1.0070000000000001)",0.0380973603188034,1.007
"[1.0070000000000001, 1.008)",0.031387746264435135,1.008
"[1.008, 1.0090000000000001)",0.021334806248947364,1.009
"[1.0090000000000001, 1.01)",0.033661096287649406,1.01
"[1.01, 1.0110000000000001)",0.01850952944355555,1.011
"[1.0110000000000001, 1.012)",0.026891204044796356,1.012
"[1.012, 1.0130000000000001)",0.025411786356363635,1.013
"[1.0130000000000001, 1.014)",0.03221112780689654,1.014
"[1.014, 1.0150000000000001)",0.019827424074757273,1.015
"[1.0150000000000001, 1.016)",0.028469242144927524,1.016
"[1.016, 1.0170000000000001)",0.02576718193120192,1.017
"[1.0170000000000001, 1.018)",0.031421853732718906,1.018
"[1.018, 1.0190000000000001)",0.0279041665957547,1.019
"[1.0190000000000001, 1.02)",0.025619080942285696,1.02
"[1.02, 1.0210000000000001)",0.02496715289420291,1.021
"[1.0210000000000001, 1.022)",0.025070644520568727,1.022
"[1.022, 1.0230000000000001)",0.027808422673404252,1.023
"[1.0230000000000001, 1.024)",0.034466417308205134,1.024
"[1.024, 1.025)",0.032205484739473676,1.025
"[1.025, 1.026)",0.04480603939438777,1.026
"[1.026, 1.027)",0.024338051746486476,1.027
"[1.027, 1.028)",0.022996147014224134,1.028
"[1.028, 1.029)",0.02491521017121209,1.029
"[1.029, 1.03)",0.01769404569240438,1.03
"[1.03, 1.031)",0.024053162220689654,1.031
"[1.031, 1.032)",0.02900124123286384,1.032
"[1.032, 1.033)",0.02284524236342592,1.033
"[1.033, 1.034)",0.028198602510309263,1.034
"[1.034, 1.035)",0.03196396147971699,1.035
"[1.035, 1.036)",0.028148158373970583,1.036
"[1.036, 1.037)",0.026917150187735828,1.037
"[1.037, 1.038)",0.026013508442040804,1.038
"[1.038, 1.039)",0.03609494511859295,1.039
"[1.039, 1.04)",0.025446600521761658,1.04
"[1.04, 1.041)",0.03795408710526317,1.041
"[1.041, 1.042)",0.022609818373271875,1.042
"[1.042, 1.043)",0.03391829336525424,1.043
"[1.043, 1.044)",0.028034442171621623,1.044
"[1.044, 1.045)",0.027895907285650206,1.045
"[1.045, 1.046)",0.032890784476213596,1.046
"[1.046, 1.047)",0.027462451174658103,1.047
"[1.047, 1.048)",0.024631786621238928,1.048
"[1.048, 1.049)",0.03080384370173159,1.049
"[1.049, 1.05)",0.023114272231132056,1.05
"[1.05, 1.051)",0.040332813601746745,1.051
"[1.051, 1.052)",0.029362488017167364,1.052
"[1.052, 1.053)",0.02540663497172995,1.053
"[1.053, 1.054)",0.02947723008938051,1.054
"[1.054, 1.055)",0.025899772668722454,1.055
"[1.055, 1.056)",0.021506268683111122,1.056
"[1.056, 1.057)",0.024783878195813944,1.057
"[1.057, 1.058)",0.03065128195280373,1.058
"[1.058, 1.059)",0.03427233566519825,1.059
"[1.059, 1.06)",0.02995439610275228,1.06
"[1.06, 1.061)",0.028124725454751132,1.061
"[1.061, 1.062)",0.028499024817030576,1.062
"[1.062, 1.063)",0.03640344819953271,1.063
"[1.063, 1.064)",0.02244543868968609,1.064
"[1.064, 1.065)",0.029883620513157853,1.065
"[1.065, 1.066)",0.021129706308119264,1.066
"[1.066, 1.067)",0.02592735609855769,1.067
"[1.067, 1.068)",0.023451208123766807,1.068
"[1.068, 1.069)",0.02795459802242152,1.069
"[1.069, 1.07)",0.0233259392958904,1.07
"[1.07, 1.071)",0.026739920972511832,1.071
"[1.071, 1.072)",0.019496059573394498,1.072
"[1.072, 1.073)",0.024469052175490197,1.073
"[1.073, 1.074)",0.02619629375009999,1.074
"[1.074, 1.075)",0.027440821179904294,1.075
"[1.075, 1.076)",0.02610922899560976,1.076
"[1.076, 1.077)",0.02649251129189191,1.077
"[1.077, 1.078)",0.02511154745004784,1.078
"[1.078, 1.079)",0.02221490287651377,1.079
"[1.079, 1.08)",0.024292943810731705,1.08
"[1.08, 1.081)",0.025133286443571403,1.081
"[1.081, 1.082)",0.027070469696190466,1.082
"[1.082, 1.083)",0.034849934834466,1.083
"[1.083, 1.084)",0.032243617170351756,1.084
"[1.084, 1.085)",0.026905408881048372,1.085
"[1.085, 1.086)",0.0294841444587629,1.086
"[1.086, 1.087)",0.03568473493589741,1.087
"[1.087, 1.088)",0.02695633271640213,1.088
"[1.088, 1.089)",0.03543284102838432,1.089
"[1.089, 1.09)",0.02111402296651374,1.09
"[1.09, 1.091)",0.03142797853641667,1.091
"[1.091, 1.092)",0.03772451241568625,1.092
"[1.092, 1.093)",0.03048269575043857,1.093
"[1.093, 1.094)",0.030675515013389106,1.094
"[1.094, 1.095)",0.039181856850209244,1.095
"[1.095, 1.096)",0.025806569220258598,1.096
"[1.096, 1.097)",0.0191167478071749,1.097
"[1.097, 1.098)",0.028256128340697656,1.098
"[1.098, 1.099)",0.022337572947551006,1.099
"[1.099, 1.1)",0.0328447563835294,1.1
"[1.1, 1.101)",0.032380041310743776,1.101
"[1.101, 1.102)",0.025971560233782755,1.102
"[1.102, 1.103)",0.024036152934632033,1.103
"[1.103, 1.104)",0.02845031461965812,1.104
"[1.104, 1.105)",0.026294386337872348,1.105
"[1.105, 1.106)",0.01883188926889952,1.106
"[1.106, 1.107)",0.02966036145957447,1.107
"[1.107, 1.108)",0.031644153269298224,1.108
"[1.108, 1.109)",0.03048244850633485,1.109
"[1.109, 1.11)",0.027240263717703352,1.11
"[1.11, 1.111)",0.025879655296694212,1.111
"[1.111, 1.112)",0.02542155495169229,1.112
"[1.112, 1.113)",0.026949572660309264,1.113
"[1.113, 1.114)",0.021138719484771577,1.114
"[1.114, 1.115)",0.029770271963461523,1.115
"[1.115, 1.116)",0.02272865152887701,1.116
"[1.116, 1.117)",0.03173193044717947,1.117
"[1.117, 1.118)",0.030765859084536076,1.118
"[1.118, 1.119)",0.032341760538578665,1.119
"[1.119, 1.12)",0.03676515654410255,1.12
"[1.12, 1.121)",0.020908931661502355,1.121
"[1.121, 1.122)",0.026632319348113196,1.122
"[1.122, 1.123)",0.022911544459810425,1.123
"[1.123, 1.124)",0.02610425329077669,1.124
"[1.124, 1.125)",0.026245077693877544,1.125
"[1.125, 1.1260000000000001)",0.02601167942272728,1.126
"[1.1260000000000001, 1.127)",0.029143458180612234,1.127
"[1.127, 1.1280000000000001)",0.02752718929653678,1.128
"[1.1280000000000001, 1.129)",0.029394080543365862,1.129
"[1.129, 1.1300000000000001)",0.02368025745000001,1.13
"[1.1300000000000001, 1.131)",0.03187076069072161,1.131
"[1.131, 1.1320000000000001)",0.027512780372000004,1.132
"[1.1320000000000001, 1.133)",0.035447557161368395,1.133
"[1.133, 1.1340000000000001)",0.02665123538055557,1.134
"[1.1340000000000001, 1.135)",0.04004647032432433,1.135
"[1.135, 1.1360000000000001)",0.03401612038376963,1.136
"[1.1360000000000001, 1.137)",0.0224394924523585,1.137
"[1.137, 1.1380000000000001)",0.021615760295794397,1.138
"[1.1380000000000001, 1.139)",0.0260944863014218,1.139
"[1.139, 1.1400000000000001)",0.031843004199530504,1.14
"[1.1400000000000001, 1.141)",0.03126375521277776,1.141
"[1.141, 1.1420000000000001)",0.016570865228494627,1.142
"[1.1420000000000001, 1.143)",0.03400514556582913,1.143
"[1.143, 1.1440000000000001)",0.02549444434227269,1.144
"[1.1440000000000001, 1.145)",0.029651653588983962,1.145
"[1.145, 1.1460000000000001)",0.027945495923232314,1.146
"[1.1460000000000001, 1.147)",0.029772185443379624,1.147
"[1.147, 1.1480000000000001)",0.0339386731068783,1.148
"[1.1480000000000001, 1.149)",0.0315189082883721,1.149
"[1.149, 1.1500000000000001)",0.024852773899999996,1.15
"[1.1500000000000001, 1.151)",0.03333743628972972,1.151
"[1.151, 1.1520000000000001)",0.02244029555405405,1.152
"[1.1520000000000001, 1.153)",0.03838026473724489,1.153
"[1.153, 1.154)",0.035310214894011975,1.154
"[1.154, 1.155)",0.035119593692113385,1.155
"[1.155, 1.156)",0.030257535056206895,1.156
"[1.156, 1.157)",0.03090148468659795,1.157
"[1.157, 1.158)",0.023356420206382983,1.158
"[1.158, 1.159)",0.025910522140983598,1.159
"[1.159, 1.16)",0.027978886765789465,1.16
"[1.16, 1.161)",0.03324422935783782,1.161
"[1.161, 1.162)",0.019972685173142858,1.162
"[1.162, 1.163)",0.019020788074866315,1.163
"[1.163, 1.164)",0.02781314853141361,1.164
"[1.164, 1.165)",0.0264983691879121,1.165
"[1.165, 1.166)",0.029033099091132993,1.166
"[1.166, 1.167)",0.025234042516509427,1.167
"[1.167, 1.168)",0.034620585966176405,1.168
"[1.168, 1.169)",0.035802869687428567,1.169
"[1.169, 1.17)",0.03180277756486486,1.17
"[1.17, 1.171)",0.027035712155778876,1.171
"[1.171, 1.172)",0.017718508484263977,1.172
"[1.172, 1.173)",0.03000055771932366,1.173
"[1.173, 1.174)",0.029377486593054197,1.174
"[1.174, 1.175)",0.02973768694450261,1.175
"[1.175, 1.176)",0.019973035533703706,1.176
"[1.176, 1.177)",0.0233118575229665,1.177
"[1.177, 1.178)",0.020396328525668455,1.178
"[1.178, 1.179)",0.03732500746428571,1.179
"[1.179, 1.18)",0.016857677350753775,1.18
"[1.18, 1.181)",0.029337648365700474,1.181
"[1.181, 1.182)",0.027191132081951216,1.182
"[1.182, 1.183)",0.03218116426807693,1.183
"[1.183, 1.184)",0.03370463217999998,1.184
"[1.184, 1.185)",0.027359073768497645,1.185
"[1.185, 1.186)",0.04225420659296483,1.186
"[1.186, 1.187)",0.03450626503411214,1.187
"[1.187, 1.188)",0.026308668839024385,1.188
"[1.188, 1.189)",0.03283249543387099,1.189
"[1.189, 1.19)",0.02563302495744681,1.19
"[1.19, 1.191)",0.030329894148803813,1.191
"[1.191, 1.192)",0.02831289089141415,1.192
"[1.192, 1.193)",0.02438541543887005,1.193
"[1.193, 1.194)",0.027218029797368405,1.194
"[1.194, 1.195)",0.02691706731904762,1.195
"[1.195, 1.196)",0.024659684648051284,1.196
"[1.196, 1.197)",0.03595982756408839,1.197
"[1.197, 1.198)",0.03921047504438503,1.198
"[1.198, 1.199)",0.03758830000050759,1.199
"[1.199, 1.2)",0.030475502171356795,1.2
"[1.2, 1.201)",0.028215300173770486,1.201
"[1.201, 1.202)",0.0245084087905759,1.202
"[1.202, 1.203)",0.03357472284189944,1.203
"[1.203, 1.204)",0.028481747633142835,1.204
"[1.204, 1.205)",0.027934462888700558,1.205
"[1.205, 1.206)",0.02948081021956523,1.206
"[1.206, 1.207)",0.029378427495555547,1.207
"[1.207, 1.208)",0.024200041917801052,1.208
"[1.208, 1.209)",0.03018231952666666,1.209
"[1.209, 1.21)",0.023551146945454553,1.21
"[1.21, 1.211)",0.021742061463240234,1.211
"[1.211, 1.212)",0.0370414592276699,1.212
"[1.212, 1.213)",0.030195735431791913,1.213
"[1.213, 1.214)",0.028768948962376254,1.214
"[1.214, 1.215)",0.026828303137566133,1.215
"[1.215, 1.216)",0.018916706680851075,1.216
"[1.216, 1.217)",0.03079142859476191,1.217
"[1.217, 1.218)",0.019879807001020412,1.218
"[1.218, 1.219)",0.03030120626239766,1.219
"[1.219, 1.22)",0.023662369277382193,1.22
"[1.22, 1.221)",0.020318811344334976,1.221
"[1.221, 1.222)",0.029759661281382986,1.222
"[1.222, 1.223)",0.022762136216097555,1.223
"[1.223, 1.224)",0.03439333947096447,1.224
"[1.224, 1.225)",0.030172448439473677,1.225
"[1.225, 1.226)",0.02488676594626166,1.226
"[1.226, 1.227)",0.021561804947465447,1.227
"[1.227, 1.228)",0.02614788831162792,1.228
"[1.228, 1.229)",0.03587944757386933,1.229
"[1.229, 1.23)",0.03654618673106796,1.23
"[1.23, 1.231)",0.027413897825933013,1.231
"[1.231, 1.232)",0.02445463447230771,1.232
"[1.232, 1.233)",0.02750600999562841,1.233
"[1.233, 1.234)",0.021952284951578954,1.234
"[1.234, 1.235)",0.039309825439819014,1.235
"[1.235, 1.236)",0.035192194222368404,1.236
"[1.236, 1.237)",0.034722375849489805,1.237
"[1.237, 1.238)",0.025461961880676332,1.238
"[1.238, 1.239)",0.025930525191191715,1.239
"[1.239, 1.24)",0.025569097728780493,1.24
"[1.24, 1.241)",0.027332635356315794,1.241
"[1.241, 1.242)",0.030642937721634622,1.242
"[1.242, 1.243)",0.024816526105660368,1.243
"[1.243, 1.244)",0.03963245875662101,1.244
"[1.244, 1.245)",0.02175491346944445,1.245
"[1.245, 1.246)",0.030451733048924748,1.246
"[1.246, 1.247)",0.03283571050893617,1.247
"[1.247, 1.248)",0.025222012954883716,1.248
"[1.248, 1.249)",0.02933902850461539,1.249
"[1.249, 1.25)",0.03689946596305418,1.25
"[1.25, 1.2510000000000001)",0.030918836171428554,1.251
"[1.2510000000000001, 1.252)",0.020409137961256544,1.252
"[1.252, 1.2530000000000001)",0.032491512548,1.253
"[1.2530000000000001, 1.254)",0.02845081834622641,1.254
"[1.254, 1.2550000000000001)",0.04396728328563835,1.255
"[1.2550000000000001, 1.256)",0.024454115449717526,1.256
"[1.256, 1.2570000000000001)",0.031024143842592583,1.257
"[1.2570000000000001, 1.258)",0.028626157090534756,1.258
"[1.258, 1.2590000000000001)",0.030420619841207724,1.259
"[1.2590000000000001, 1.26)",0.025148511644444444,1.26
"[1.26, 1.2610000000000001)",0.022469655697297298,1.261
"[1.2610000000000001, 1.262)",0.026131476731304334,1.262
"[1.262, 1.2630000000000001)",0.03250485159326922,1.263
"[1.2630000000000001, 1.264)",0.022111811376436787,1.264
"[1.264, 1.2650000000000001)",0.04065361337393364,1.265
"[1.2650000000000001, 1.266)",0.034316360574316924,1.266
"[1.266, 1.2670000000000001)",0.027376024227135906,1.267
"[1.2670000000000001, 1.268)",0.02665088135702971,1.268
"[1.268, 1.2690000000000001)",0.029237114509941518,1.269
"[1.2690000000000001, 1.27)",0.02472838652824859,1.27
"[1.27, 1.2710000000000001)",0.023061008132673276,1.271
"[1.2710000000000001, 1.272)",0.020780851348648665,1.272
"[1.272, 1.2730000000000001)",0.03921077005605262,1.273
"[1.2730000000000001, 1.274)",0.025348875259302316,1.274
"[1.274, 1.2750000000000001)",0.016503170338071065,1.275
"[1.2750000000000001, 1.276)",0.024269443286224494,1.276
"[1.276, 1.2770000000000001)",0.022804413909547728,1.277
"[1.2770000000000001, 1.278)",0.023477577517980304,1.278
"[1.278, 1.2790000000000001)",0.02716784595194174,1.279
"[1.2790000000000001, 1.28)",0.03877594486704545,1.28
"[1.28, 1.281)",0.03159017813978496,1.281
"[1.281, 1.282)",0.025110710210000012,1.282
"[1.282, 1.283)",0.02658817365312501,1.283
"[1.283, 1.284)",0.026054358881000005,1.284
"[1.284, 1.285)",0.021574902932758634,1.285
"[1.285, 1.286)",0.03119581626173469,1.286
"[1.286, 1.287)",0.0225471260590909,1.287
"[1.287, 1.288)",0.021220596633168318,1.288
"[1.288, 1.289)",0.025422259998994952,1.289
"[1.289, 1.29)",0.028374465681720397,1.29
"[1.29, 1.291)",0.02039539829944134,1.291
"[1.291, 1.292)",0.01620502166956523,1.292
"[1.292, 1.293)",0.02671220468154762,1.293
"[1.293, 1.294)",0.03931795964406782,1.294
"[1.294, 1.295)",0.028835662047282058,1.295
"[1.295, 1.296)",0.02630798997474226,1.296
"[1.296, 1.297)",0.0307190146832487,1.297
"[1.297, 1.298)",0.02036880267032967,1.298
"[1.298, 1.299)",0.028039983703652942,1.299
"[1.299, 1.3)",0.0260205087987444,1.3
"[1.3, 1.301)",0.036077378746728984,1.301
"[1.301, 1.302)",0.027088347571500006,1.302
"[1.302, 1.303)",0.022451057304568516,1.303
"[1.303, 1.304)",0.03348097624999998,1.304
"[1.304, 1.305)",0.02994762096057691,1.305
"[1.305, 1.306)",0.030626158450253793,1.306
"[1.306, 1.307)",0.03321078031330276,1.307
"[1.307, 1.308)",0.02547042663854165,1.308
"[1.308, 1.309)",0.0265494048273632,1.309
"[1.309, 1.31)",0.02787497745327101,1.31
"[1.31, 1.311)",0.029421383524662916,1.311
"[1.311, 1.312)",0.027067944164285724,1.312
"[1.312, 1.313)",0.028459311186432155,1.313
"[1.313, 1.314)",0.024909604401020403,1.314
"[1.314, 1.315)",0.023815320525280907,1.315
"[1.315, 1.316)",0.024749688864606757,1.316
"[1.316, 1.317)",0.03151193909712118,1.317
"[1.317, 1.318)",0.03162187688787877,1.318
"[1.318, 1.319)",0.02549078775738636,1.319
"[1.319, 1.32)",0.02948428991247422,1.32
"[1.32, 1.321)",0.019019252964945058,1.321
"[1.321, 1.322)",0.025446761874210508,1.322
"[1.322, 1.323)",0.027481666444444462,1.323
"[1.323, 1.324)",0.023774772393846132,1.324
"[1.324, 1.325)",0.022128587847644,1.325
"[1.325, 1.326)",0.02862322498603351,1.326
"[1.326, 1.327)",0.030821150440251577,1.327
"[1.327, 1.328)",0.015919435420202018,1.328
"[1.328, 1.329)",0.0292771943116129,1.329
"[1.329, 1.33)",0.028672925270828716,1.33
"[1.33, 1.331)",0.019723618310160427,1.331
"[1.331, 1.332)",0.03049146432941176,1.332
"[1.332, 1.333)",0.025877807475418988,1.333
"[1.333, 1.334)",0.02865765102514284,1.334
"[1.334, 1.335)",0.027761675872881354,1.335
"[1.335, 1.336)",0.034561066654651154,1.336
"[1.336, 1.337)",0.03827119678741257,1.337
"[1.337, 1.338)",0.04386074175401068,1.338
"[1.338, 1.339)",0.035832565289221546,1.339
"[1.339, 1.34)",0.039648307034482765,1.34
"[1.34, 1.341)",0.016234789970786513,1.341
"[1.341, 1.342)",0.029201918584500008,1.342
"[1.342, 1.343)",0.033741226997126436,1.343
"[1.343, 1.344)",0.02341108990056497,1.344
"[1.344, 1.345)",0.03737762766832299,1.345
"[1.345, 1.346)",0.026930478896103886,1.346
"[1.346, 1.347)",0.022685271734502938,1.347
"[1.347, 1.348)",0.03346985205291005,1.348
"[1.348, 1.349)",0.03392566864076432,1.349
"[1.349, 1.35)",0.02287834355298013,1.35
"[1.35, 1.351)",0.027452928835028253,1.351
"[1.351, 1.352)",0.025929225549056596,1.352
"[1.352, 1.353)",0.020362816863742687,1.353
"[1.353, 1.354)",0.027289512169729725,1.354
"[1.354, 1.355)",0.0268599573554878,1.355
"[1.355, 1.356)",0.020972689613496933,1.356
"[1.356, 1.357)",0.028724824116167676,1.357
"[1.357, 1.358)",0.024999381225333326,1.358
"[1.358, 1.359)",0.019118005451533734,1.359
"[1.359, 1.36)",0.02187433627705882,1.36
"[1.36, 1.361)",0.03200522001686747,1.361
"[1.361, 1.362)",0.02184162803612903,1.362
"[1.362, 1.363)",0.025405871749438196,1.363
"[1.363, 1.364)",0.03990314655704699,1.364
"[1.364, 1.365)",0.01763510620470588,1.365
"[1.365, 1.366)",0.04161034568926553,1.366
"[1.366, 1.367)",0.02427569897804879,1.367
"[1.367, 1.368)",0.03891253940915032,1.368
"[1.368, 1.369)",0.03395979334999999,1.369
"[1.369, 1.37)",0.03776439173965517,1.37
"[1.37, 1.371)",0.028480571325170075,1.371
"[1.371, 1.372)",0.0369222913433121,1.372
"[1.372, 1.373)",0.0220273864031746,1.373
"[1.373, 1.374)",0.04370960576557376,1.374
"[1.374, 1.375)",0.04183385519863014,1.375
"[1.375, 1.3760000000000001)",0.029533757220370365,1.376
"[1.3760000000000001, 1.377)",0.030505092260000005,1.377
"[1.377, 1.3780000000000001)",0.02333804264038461,1.378
"[1.3780000000000001, 1.379)",0.026200835774999983,1.379
"[1.379, 1.3800000000000001)",0.034599059396428586,1.38
"[1.3800000000000001, 1.381)",0.030193738334523795,1.381
"[1.381, 1.3820000000000001)",0.01810348946213018,1.382
"[1.3820000000000001, 1.383)",0.03154149188645162,1.383
"[1.383, 1.3840000000000001)",0.02629779472638037,1.384
"[1.3840000000000001, 1.385)",0.030419288660740746,1.385
"[1.385, 1.3860000000000001)",0.028866786594152073,1.386
"[1.3860000000000001, 1.387)",0.0293374415423077,1.387
"[1.387, 1.3880000000000001)",0.02709597058013246,1.388
"[1.3880000000000001, 1.389)",0.02618660279925926,1.389
"[1.389, 1.3900000000000001)",0.026518492741558434,1.39
"[1.3900000000000001, 1.391)",0.025765131549860137,1.391
"[1.391, 1.3920000000000001)",0.02669571300839696,1.392
"[1.3920000000000001, 1.393)",0.024125982046938783,1.393
"[1.393, 1.3940000000000001)",0.031761227837209305,1.394
"[1.3940000000000001, 1.395)",0.029264813659887017,1.395
"[1.395, 1.3960000000000001)",0.03296387612226743,1.396
"[1.3960000000000001, 1.397)",0.047126579273333344,1.397
"[1.397, 1.3980000000000001)",0.021921604491011243,1.398
"[1.3980000000000001, 1.399)",0.03331446294871795,1.399
"[1.399, 1.4000000000000001)",0.02330000096603774,1.4
"[1.4000000000000001, 1.401)",0.015766305797093032,1.401
"[1.401, 1.4020000000000001)",0.029318900408268157,1.402
"[1.4020000000000001, 1.403)",0.03477126609933774,1.403
"[1.403, 1.4040000000000001)",0.024914322635170065,1.404
"[1.4040000000000001, 1.405)",0.016335243416883125,1.405
"[1.405, 1.4060000000000001)",0.038316197239411744,1.406
"[1.4060000000000001, 1.407)",0.02070075067847222,1.407
"[1.407, 1.408)",0.027575814937499995,1.408
"[1.408, 1.409)",0.03234647027232705,1.409
"[1.409, 1.41)",0.03317723526645964,1.41
"[1.41, 1.411)",0.01486578826712329,1.411
"[1.411, 1.412)",0.02397388852798508,1.412
"[1.412, 1.413)",0.022359800257948724,1.413
"[1.413, 1.414)",0.029197552870391056,1.414
"[1.414, 1.415)",0.031922151507738104,1.415
"[1.415, 1.416)",0.028661008648366012,1.416
"[1.416, 1.417)",0.027092226483312498,1.417
"[1.417, 1.418)",0.03182524977888198,1.418
"[1.418, 1.419)",0.027267269928301877,1.419
"[1.419, 1.42)",0.02232246079437501,1.42
"[1.42, 1.421)",0.028220744974842747,1.421
"[1.421, 1.422)",0.016677433012195125,1.422
"[1.422, 1.423)",0.025911579048026313,1.423
"[1.423, 1.424)",0.020260909037712427,1.424
"[1.424, 1.425)",0.02293029511973683,1.425
"[1.425, 1.426)",0.024897121548571422,1.426
"[1.426, 1.427)",0.02266697128511905,1.427
"[1.427, 1.428)",0.03229484014210526,1.428
"[1.428, 1.429)",0.030429411485882362,1.429
"[1.429, 1.43)",0.025500940550898205,1.43
"[1.43, 1.431)",0.028875166495337425,1.431
"[1.431, 1.432)",0.028539993291011218,1.432
"[1.432, 1.433)",0.023718880400625,1.433
"[1.433, 1.434)",0.031148303430288467,1.434
"[1.434, 1.435)",0.05102886588248407,1.435
"[1.435, 1.436)",0.027975272823831172,1.436
"[1.436, 1.437)",0.01893388474831462,1.437
"[1.437, 1.438)",0.03269198097752807,1.438
"[1.438, 1.439)",0.029874944649295763,1.439
"[1.439, 1.44)",0.03278103667764284,1.44
"[1.44, 1.441)",0.021982198628671328,1.441
"[1.441, 1.442)",0.03156986812377623,1.442
"[1.442, 1.443)",0.021696148290780152,1.443
"[1.443, 1.444)",0.01910912335071428,1.444
"[1.444, 1.445)",0.023217997551732296,1.445
"[1.445, 1.446)",0.024374237872392623,1.446
"[1.446, 1.447)",0.022274079379285706,1.447
"[1.447, 1.448)",0.023007167699386506,1.448
"[1.448, 1.449)",0.03473605363435115,1.449
"[1.449, 1.45)",0.025924166367884614,1.45
"[1.45, 1.451)",0.04004067029533334,1.451
"[1.451, 1.452)",0.04152196319348148,1.452
"[1.452, 1.453)",0.04428421023774837,1.453
"[1.453, 1.454)",0.029924311903875005,1.454
"[1.454, 1.455)",0.03238272791419751,1.455
"[1.455, 1.456)",0.022082675305815595,1.456
"[1.456, 1.457)",0.024225012620748672,1.457
"[1.457, 1.458)",0.027258108992248047,1.458
"[1.458, 1.459)",0.042031309164102554,1.459
"[1.459, 1.46)",0.027547165368390823,1.46
"[1.46, 1.461)",0.022540997941818193,1.461
"[1.461, 1.462)",0.04617028734843751,1.462
"[1.462, 1.463)",0.030631049126739127,1.463
"[1.463, 1.464)",0.03673979058488371,1.464
"[1.464, 1.465)",0.0391020894812925,1.465
"[1.465, 1.466)",0.034000878095428566,1.466
"[1.466, 1.467)",0.0335317213310559,1.467
"[1.467, 1.468)",0.04014982123924051,1.468
"[1.468, 1.469)",0.024658031012258073,1.469
"[1.469, 1.47)",0.04417792957284768,1.47
"[1.47, 1.471)",0.031132620415472958,1.471
"[1.471, 1.472)",0.03670962634731706,1.472
"[1.472, 1.473)",0.01670039782727273,1.473
"[1.473, 1.474)",0.029199383969879526,1.474
"[1.474, 1.475)",0.019983089652795036,1.475
"[1.475, 1.476)",0.021097214856172837,1.476
"[1.476, 1.477)",0.024946190135757582,1.477
"[1.477, 1.478)",0.026835452204347833,1.478
"[1.478, 1.479)",0.02680278487635136,1.479
"[1.479, 1.48)",0.025973536706480452,1.48
"[1.48, 1.481)",0.03432034963225805,1.481
"[1.481, 1.482)",0.032208143534730546,1.482
"[1.482, 1.483)",0.024520193919354852,1.483
"[1.483, 1.484)",0.02262636813706294,1.484
"[1.484, 1.485)",0.021954271683125,1.485
"[1.485, 1.486)",0.018708668355029594,1.486
"[1.486, 1.487)",0.024439416649375004,1.487
"[1.487, 1.488)",0.02278441743589744,1.488
"[1.488, 1.489)",0.022466624722222227,1.489
"[1.489, 1.49)",0.02599697772874999,1.49
"[1.49, 1.491)",0.03406122815866667,1.491
"[1.491, 1.492)",0.03749749513525316,1.492
"[1.492, 1.493)",0.03156310344482269,1.493
"[1.493, 1.494)",0.02974653495490194,1.494
"[1.494, 1.495)",0.02471791062068966,1.495
"[1.495, 1.496)",0.026422123757558133,1.496
"[1.496, 1.497)",0.05122871315430556,1.497
"[1.497, 1.498)",0.02762049505547946,1.498
"[1.498, 1.499)",0.024791037845856356,1.499
"[1.499, 1.5)",0.02175235959155843,1.5
"[1.5, 1.5010000000000001)",0.025196544375167797,1.501
"[1.5010000000000001, 1.502)",0.026949508755232564,1.502
"[1.502, 1.5030000000000001)",0.034717273025149695,1.503
"[1.5030000000000001, 1.504)",0.0378982336336232,1.504
"[1.504, 1.5050000000000001)",0.030084010541618505,1.505
"[1.5050000000000001, 1.506)",0.02454043367934782,1.506
"[1.506, 1.5070000000000001)",0.024938691482142866,1.507
"[1.5070000000000001, 1.508)",0.02138017416687115,1.508
"[1.508, 1.5090000000000001)",0.026714646733918115,1.509
"[1.5090000000000001, 1.51)",0.026071967867052015,1.51
"[1.51, 1.5110000000000001)",0.029846737971084312,1.511
"[1.5110000000000001, 1.512)",0.026186273693855407,1.512
"[1.512, 1.5130000000000001)",0.02132124879329268,1.513
"[1.5130000000000001, 1.514)",0.026536459961979158,1.514
"[1.514, 1.5150000000000001)",0.019967160968322985,1.515
"[1.5150000000000001, 1.516)",0.027254119542483666,1.516
"[1.516, 1.5170000000000001)",0.029977578969512177,1.517
"[1.5170000000000001, 1.518)",0.02367518885789473,1.518
"[1.518, 1.5190000000000001)",0.03126439985209581,1.519
"[1.5190000000000001, 1.52)",0.028277244386923077,1.52
"[1.52, 1.5210000000000001)",0.021095317315540547,1.521
"[1.5210000000000001, 1.522)",0.02787013965031056,1.522
"[1.522, 1.5230000000000001)",0.025852053143902435,1.523
"[1.5230000000000001, 1.524)",0.042334882068965525,1.524
"[1.524, 1.5250000000000001)",0.028141698472727288,1.525
"[1.5250000000000001, 1.526)",0.02124637985,1.526
"[1.526, 1.5270000000000001)",0.03459607858571428,1.527
"[1.5270000000000001, 1.528)",0.03480838033589743,1.528
"[1.528, 1.5290000000000001)",0.02625672176111111,1.529
"[1.5290000000000001, 1.53)",0.03111989926811594,1.53
"[1.53, 1.5310000000000001)",0.03859795243868614,1.531
"[1.5310000000000001, 1.532)",0.024129655276973683,1.532
"[1.532, 1.5330000000000001)",0.039270550627611936,1.533
"[1.5330000000000001, 1.534)",0.03744535348484849,1.534
"[1.534, 1.5350000000000001)",0.0202000987962406,1.535
"[1.5350000000000001, 1.536)",0.03140658597016129,1.536
"[1.536, 1.537)",0.03241358891939999,1.537
"[1.537, 1.538)",0.01978763474630873,1.538
"[1.538, 1.539)",0.026471377575886513,1.539
"[1.539, 1.54)",0.032088536491304345,1.54
"[1.54, 1.541)",0.030759994989510497,1.541
"[1.541, 1.542)",0.0323060946655629,1.542
"[1.542, 1.543)",0.015594555373387102,1.543
"[1.543, 1.544)",0.01960039794817518,1.544
"[1.544, 1.545)",0.024692727604951392,1.545
"[1.545, 1.546)",0.029482168737869827,1.546
"[1.546, 1.547)",0.03492963494335664,1.547
"[1.547, 1.548)",0.025021122148201454,1.548
"[1.548, 1.549)",0.03473414303586204,1.549
"[1.549, 1.55)",0.027944936272185413,1.55
"[1.55, 1.551)",0.025709743874522302,1.551
"[1.551, 1.552)",0.023886300252482274,1.552
"[1.552, 1.553)",0.03441453872549018,1.553
"[1.553, 1.554)",0.012045233558661423,1.554
"[1.554, 1.555)",0.03252081556904761,1.555
"[1.555, 1.556)",0.030299686286956517,1.556
"[1.556, 1.557)",0.048038321034693875,1.557
"[1.557, 1.558)",0.017336086166917297,1.558
"[1.558, 1.559)",0.022783317955900627,1.559
"[1.559, 1.56)",0.0345817363922078,1.56
"[1.56, 1.561)",0.023075864891275173,1.561
"[1.561, 1.562)",0.0306192179322785,1.562
"[1.562, 1.563)",0.020419619256944445,1.563
"[1.563, 1.564)",0.04013210930715186,1.564
"[1.564, 1.565)",0.029649630582499996,1.565
"[1.565, 1.566)",0.020634346851785716,1.566
"[1.566, 1.567)",0.038244521769871795,1.567
"[1.567, 1.568)",0.02812306229231788,1.568
"[1.568, 1.569)",0.035278363211764696,1.569
"[1.569, 1.57)",0.0196507296775862,1.57
"[1.57, 1.571)",0.0228498943808642,1.571
"[1.571, 1.572)",0.026931701487654308,1.572
"[1.572, 1.573)",0.030583718865826767,1.573
"[1.573, 1.574)",0.02810874745568862,1.574
"[1.574, 1.575)",0.03267006882858026,1.575
"[1.575, 1.576)",0.02509045683969465,1.576
"[1.576, 1.577)",0.033878053522213736,1.577
"[1.577, 1.578)",0.021754851495074626,1.578
"[1.578, 1.579)",0.03625867189395973,1.579
"[1.579, 1.58)",0.031001161547580654,1.58
"[1.58, 1.581)",0.027060460349790223,1.581
"[1.581, 1.582)",0.029156181271034504,1.582
"[1.582, 1.583)",0.03607903751065575,1.583
"[1.583, 1.584)",0.044684528401351356,1.584
"[1.584, 1.585)",0.0524048702063636,1.585
"[1.585, 1.586)",0.04536107880816326,1.586
"[1.586, 1.587)",0.018802770706837616,1.587
"[1.587, 1.588)",0.024308440506956523,1.588
"[1.588, 1.589)",0.026007907562295082,1.589
"[1.589, 1.59)",0.030992334565573775,1.59
"[1.59, 1.591)",0.02862451065321099,1.591
"[1.591, 1.592)",0.021118714056488554,1.592
"[1.592, 1.593)",0.033744121663934416,1.593
"[1.593, 1.594)",0.02231376194499999,1.594
"[1.594, 1.595)",0.02038131201733334,1.595
"[1.595, 1.596)",0.03000305521200001,1.596
"[1.596, 1.597)",0.02449944110457515,1.597
"[1.597, 1.598)",0.02878034652244897,1.598
"[1.598, 1.599)",0.03195709668958332,1.599
"[1.599, 1.6)",0.023407854444755235,1.6
"[1.6, 1.601)",0.04433995378489209,1.601
"[1.601, 1.602)",0.03183011724365854,1.602
"[1.602, 1.603)",0.039268466930198684,1.603
"[1.603, 1.604)",0.029731531107246374,1.604
"[1.604, 1.605)",0.028436662472080005,1.605
"[1.605, 1.606)",0.019854980720800004,1.606
"[1.606, 1.607)",0.034173804248920865,1.607
"[1.607, 1.608)",0.04154806584722223,1.608
"[1.608, 1.609)",0.02769956966250002,1.609
"[1.609, 1.61)",0.02774666670342465,1.61
"[1.61, 1.611)",0.02581827694676259,1.611
"[1.611, 1.612)",0.034200008673437504,1.612
"[1.612, 1.613)",0.026475277123566864,1.613
"[1.613, 1.614)",0.039209474428906245,1.614
"[1.614, 1.615)",0.02230022814666667,1.615
"[1.615, 1.616)",0.02466693840939598,1.616
"[1.616, 1.617)",0.019276317807317082,1.617
"[1.617, 1.618)",0.027884611780620155,1.618
"[1.618, 1.619)",0.024046307083673474,1.619
"[1.619, 1.62)",0.028342830162676053,1.62
"[1.62, 1.621)",0.032584244694067774,1.621
"[1.621, 1.622)",0.031047369691044775,1.622
"[1.622, 1.623)",0.030125141194399997,1.623
"[1.623, 1.624)",0.03707843589062499,1.624
"[1.624, 1.625)",0.03570178808923077,1.625
"[1.625, 1.6260000000000001)",0.03031310526106871,1.626
"[1.6260000000000001, 1.627)",0.04738410391879698,1.627
"[1.627, 1.6280000000000001)",0.022058277484126993,1.628
"[1.6280000000000001, 1.629)",0.02000262322058824,1.629
"[1.629, 1.6300000000000001)",0.01977896474107144,1.63
"[1.6300000000000001, 1.631)",0.027055926589743595,1.631
"[1.631, 1.6320000000000001)",0.0363763306007299,1.632
"[1.6320000000000001, 1.633)",0.03170430551999999,1.633
"[1.633, 1.6340000000000001)",0.034040450831292514,1.634
"[1.6340000000000001, 1.635)",0.02089451648048781,1.635
"[1.635, 1.6360000000000001)",0.017074608350000013,1.636
"[1.6360000000000001, 1.637)",0.021927914947387384,1.637
"[1.637, 1.6380000000000001)",0.02025851124884956,1.638
"[1.6380000000000001, 1.639)",0.017337525382206904,1.639
"[1.639, 1.6400000000000001)",0.03997418054399999,1.64
"[1.6400000000000001, 1.641)",0.022370903014029855,1.641
"[1.641, 1.6420000000000001)",0.022505567670967744,1.642
"[1.6420000000000001, 1.643)",0.026296630191472867,1.643
"[1.643, 1.6440000000000001)",0.03159500062854015,1.644
"[1.6440000000000001, 1.645)",0.020898245699145317,1.645
"[1.645, 1.6460000000000001)",0.030105119597333346,1.646
"[1.6460000000000001, 1.647)",0.025508950674796745,1.647
"[1.647, 1.6480000000000001)",0.03760620322781454,1.648
"[1.6480000000000001, 1.649)",0.01596756101440678,1.649
"[1.649, 1.6500000000000001)",0.02002712015616543,1.65
"[1.6500000000000001, 1.651)",0.01921351325210085,1.651
"[1.651, 1.6520000000000001)",0.024207114592517023,1.652
"[1.6520000000000001, 1.653)",0.028598443165441186,1.653
"[1.653, 1.6540000000000001)",0.029136034429839988,1.654
"[1.6540000000000001, 1.655)",0.022633027476802712,1.655
"[1.655, 1.6560000000000001)",0.033541353999300715,1.656
"[1.6560000000000001, 1.657)",0.028120021044604322,1.657
"[1.657, 1.6580000000000001)",0.023533524335460996,1.658
"[1.6580000000000001, 1.659)",0.02832259516832215,1.659
"[1.659, 1.6600000000000001)",0.03697948362592593,1.66
"[1.6600000000000001, 1.661)",0.02758748234850746,1.661
"[1.661, 1.6620000000000001)",0.036392827652991434,1.662
"[1.6620000000000001, 1.663)",0.03666004032521738,1.663
"[1.663, 1.6640000000000001)",0.02151173665845072,1.664
"[1.6640000000000001, 1.665)",0.025784646366929134,1.665
"[1.665, 1.666)",0.030369218127272724,1.666
"[1.666, 1.667)",0.03260424840387596,1.667
"[1.667, 1.668)",0.029250384290598303,1.668
"[1.668, 1.669)",0.017821223513475183,1.669
"[1.669, 1.67)",0.024808888993706295,1.67
"[1.67, 1.671)",0.03713893124883722,1.671
"[1.671, 1.672)",0.021231297772108842,1.672
"[1.672, 1.673)",0.023309412571278196,1.673
"[1.673, 1.674)",0.03638951655929203,1.674
"[1.674, 1.675)",0.02293318770375942,1.675
"[1.675, 1.676)",0.020918814593750015,1.676
"[1.676, 1.677)",0.02141348310781249,1.677
"[1.677, 1.678)",0.026741872761607145,1.678
"[1.678, 1.679)",0.0250527119037037,1.679
"[1.679, 1.68)",0.026123191381528653,1.68
"[1.68, 1.681)",0.01964059146896553,1.681
"[1.681, 1.682)",0.031804206240151504,1.682
"[1.682, 1.683)",0.04436125040441174,1.683
"[1.683, 1.684)",0.026579054261783436,1.684
"[1.684, 1.685)",0.02380896658380282,1.685
"[1.685, 1.686)",0.02574792069823009,1.686
"[1.686, 1.687)",0.027337221162580642,1.687
"[1.687, 1.688)",0.026277064730303026,1.688
"[1.688, 1.689)",0.01980570367247865,1.689
"[1.689, 1.69)",0.039463380939310344,1.69
"[1.69, 1.691)",0.025908077141481488,1.691
"[1.691, 1.692)",0.02451441354344262,1.692
"[1.692, 1.693)",0.02070482427538462,1.693
"[1.693, 1.694)",0.03611959658702288,1.694
"[1.694, 1.695)",0.02356349185527951,1.695
"[1.695, 1.696)",0.03498921036189395,1.696
"[1.696, 1.697)",0.023209776046621614,1.697
"[1.697, 1.698)",0.03271525432887324,1.698
"[1.698, 1.699)",0.02044822222446045,1.699
"[1.699, 1.7)",0.04893674152624112,1.7
"[1.7, 1.701)",0.021778954680575547,1.701
"[1.701, 1.702)",0.036791616278400024,1.702
"[1.702, 1.703)",0.026797276314285703,1.703
"[1.703, 1.704)",0.028914624971830984,1.704
"[1.704, 1.705)",0.03181502748214286,1.705
"[1.705, 1.706)",0.026696034007633585,1.706
"[1.706, 1.707)",0.024314867986086963,1.707
"[1.707, 1.708)",0.029196336927642286,1.708
"[1.708, 1.709)",0.0222951397631579,1.709
"[1.709, 1.71)",0.020735423816846163,1.71
"[1.71, 1.711)",0.031064300291199994,1.711
"[1.711, 1.712)",0.019301071798550718,1.712
"[1.712, 1.713)",0.03304699763709677,1.713
"[1.713, 1.714)",0.032635836644897956,1.714
"[1.714, 1.715)",0.021914273708333327,1.715
"[1.715, 1.716)",0.032084982868211924,1.716
"[1.716, 1.717)",0.035026336407407405,1.717
"[1.717, 1.718)",0.028621025478632472,1.718
"[1.718, 1.719)",0.01942739887417219,1.719
"[1.719, 1.72)",0.0338065283971631,1.72
"[1.72, 1.721)",0.037957991495798295,1.721
"[1.721, 1.722)",0.029798866008593754,1.722
"[1.722, 1.723)",0.030900410780152675,1.723
"[1.723, 1.724)",0.022669811939837393,1.724
"[1.724, 1.725)",0.02481298335747968,1.725
"[1.725, 1.726)",0.020113280360869585,1.726
"[1.726, 1.727)",0.02135031220975611,1.727
"[1.727, 1.728)",0.02846682965403226,1.728
"[1.728, 1.729)",0.023247890621167885,1.729
"[1.729, 1.73)",0.02703194430661016,1.73
"[1.73, 1.731)",0.02137279610852713,1.731
"[1.731, 1.732)",0.02207525953679688,1.732
"[1.732, 1.733)",0.03281958101626016,1.733
"[1.733, 1.734)",0.013952057111206905,1.734
"[1.734, 1.735)",0.02289166624074074,1.735
"[1.735, 1.736)",0.04329075609547443,1.736
"[1.736, 1.737)",0.022192148579448286,1.737
"[1.737, 1.738)",0.01645048373120568,1.738
"[1.738, 1.739)",0.03172726551984731,1.739
"[1.739, 1.74)",0.04597699989285714,1.74
"[1.74, 1.741)",0.027320733912977117,1.741
"[1.741, 1.742)",0.021652783641176468,1.742
"[1.742, 1.743)",0.02938773536956523,1.743
"[1.743, 1.744)",0.028815709418032794,1.744
"[1.744, 1.745)",0.01920008653607594,1.745
"[1.745, 1.746)",0.027832972142635637,1.746
"[1.746, 1.747)",0.02176076761327433,1.747
"[1.747, 1.748)",0.03398327953271029,1.748
"[1.748, 1.749)",0.022525187593589745,1.749
"[1.749, 1.75)",0.024284544016666677,1.75
"[1.75, 1.7510000000000001)",0.023262169966412203,1.751
"[1.7510000000000001, 1.752)",0.028277844632456143,1.752
"[1.752, 1.7530000000000001)",0.02033610231681417,1.753
"[1.7530000000000001, 1.754)",0.03272480473904763,1.754
"[1.754, 1.7550000000000001)",0.02841341634943548,1.755
"[1.7550000000000001, 1.756)",0.017870107102608706,1.756
"[1.756, 1.7570000000000001)",0.04072641790983604,1.757
"[1.7570000000000001, 1.758)",0.017523343766216226,1.758
"[1.758, 1.7590000000000001)",0.02696055613615385,1.759
"[1.7590000000000001, 1.76)",0.0259170881681416,1.76
"[1.76, 1.7610000000000001)",0.022784321697669155,1.761
"[1.7610000000000001, 1.762)",0.01857720773275863,1.762
"[1.762, 1.7630000000000001)",0.02845806208740158,1.763
"[1.7630000000000001, 1.764)",0.01702743455916668,1.764
"[1.764, 1.7650000000000001)",0.0223451208496063,1.765
"[1.7650000000000001, 1.766)",0.035970686679259255,1.766
"[1.766, 1.7670000000000001)",0.02530710562835822,1.767
"[1.7670000000000001, 1.768)",0.01997381410569106,1.768
"[1.768, 1.7690000000000001)",0.02768019620081302,1.769
"[1.7690000000000001, 1.77)",0.014106097363963972,1.77
"[1.77, 1.7710000000000001)",0.0313241838576,1.771
"[1.7710000000000001, 1.772)",0.02202120919919355,1.772
"[1.772, 1.7730000000000001)",0.02162405922513513,1.773
"[1.7730000000000001, 1.774)",0.02647517362641509,1.774
"[1.774, 1.7750000000000001)",0.027498936733333337,1.775
"[1.7750000000000001, 1.776)",0.01104772767962963,1.776
"[1.776, 1.7770000000000001)",0.020635180429896913,1.777
"[1.7770000000000001, 1.778)",0.025047958395283027,1.778
"[1.778, 1.7790000000000001)",0.02269626950930233,1.779
"[1.7790000000000001, 1.78)",0.01894535325892858,1.78
"[1.78, 1.7810000000000001)",0.019349302654263573,1.781
"[1.7810000000000001, 1.782)",0.01997916416017701,1.782
"[1.782, 1.7830000000000001)",0.02141105488429753,1.783
"[1.7830000000000001, 1.784)",0.020629858680180187,1.784
"[1.784, 1.7850000000000001)",0.03012690974590164,1.785
"[1.7850000000000001, 1.786)",0.03131046197250001,1.786
"[1.786, 1.7870000000000001)",0.027567469966666664,1.787
"[1.7870000000000001, 1.788)",0.0398757941455224,1.788
"[1.788, 1.7890000000000001)",0.02340846086046513,1.789
"[1.7890000000000001, 1.79)",0.02373323208015873,1.79
"[1.79, 1.7910000000000001)",0.02398746464545455,1.791
"[1.7910000000000001, 1.792)",0.024940918313888907,1.792
"[1.792, 1.793)",0.0256753998992647,1.793
"[1.793, 1.794)",0.027735159687394963,1.794
"[1.794, 1.795)",0.03273458959312978,1.795
"[1.795, 1.796)",0.02357793762105264,1.796
"[1.796, 1.797)",0.017384541325984264,1.797
"[1.797, 1.798)",0.03151497874087589,1.798
"[1.798, 1.799)",0.02666829275244275,1.799
"[1.799, 1.8)",0.022096624619469027,1.8
"[1.8, 1.801)",0.03511784080863247,1.801
"[1.801, 1.802)",0.019764113772566372,1.802
"[1.802, 1.803)",0.022317438786734704,1.803
"[1.803, 1.804)",0.028556172152,1.804
"[1.804, 1.805)",0.01844899786396397,1.805
"[1.805, 1.806)",0.031431321316347835,1.806
"[1.806, 1.807)",0.03374129083644068,1.807
"[1.807, 1.808)",0.023345029769230766,1.808
"[1.808, 1.809)",0.023061328142105278,1.809
"[1.809, 1.81)",0.02564246806814159,1.81
"[1.81, 1.811)",0.017685461427480915,1.811
"[1.811, 1.812)",0.017691540583720935,1.812
"[1.812, 1.813)",0.020925330622018345,1.813
"[1.813, 1.814)",0.029948437927586214,1.814
"[1.814, 1.815)",0.020732398011111115,1.815
"[1.815, 1.816)",0.015109943164795919,1.816
"[1.816, 1.817)",0.03608533374754098,1.817
"[1.817, 1.818)",0.013907071252173915,1.818
"[1.818, 1.819)",0.02060951483245615,1.819
"[1.819, 1.82)",0.029750109053821153,1.82
"[1.82, 1.821)",0.04438353967094018,1.821
"[1.821, 1.822)",0.03280338225754718,1.822
"[1.822, 1.823)",0.027052070735398243,1.823
"[1.823, 1.824)",0.029608568728846152,1.824
"[1.824, 1.825)",0.024088183937614683,1.825
"[1.825, 1.826)",0.05028771359433962,1.826
"[1.826, 1.827)",0.03017226076612903,1.827
"[1.827, 1.828)",0.033860954405,1.828
"[1.828, 1.829)",0.02456269506885247,1.829
"[1.829, 1.83)",0.051739777559047614,1.83
"[1.83, 1.831)",0.02323433889679999,1.831
"[1.831, 1.832)",0.03634327268253969,1.832
"[1.832, 1.833)",0.028721802007194253,1.833
"[1.833, 1.834)",0.030314977537288127,1.834
"[1.834, 1.835)",0.02518984796124033,1.835
"[1.835, 1.836)",0.013682750011290332,1.836
"[1.836, 1.837)",0.019470403196747973,1.837
"[1.837, 1.838)",0.028475551211627908,1.838
"[1.838, 1.839)",0.0181432763073759,1.839
"[1.839, 1.84)",0.02799632804700855,1.84
"[1.84, 1.841)",0.037110700165492956,1.841
"[1.841, 1.842)",0.020666560830172417,1.842
"[1.842, 1.843)",0.028846355947999988,1.843
"[1.843, 1.844)",0.025986305510638314,1.844
"[1.844, 1.845)",0.02090575484962407,1.845
"[1.845, 1.846)",0.02755257150854702,1.846
"[1.846, 1.847)",0.0257800567982456,1.847
"[1.847, 1.848)",0.033441455696721294,1.848
"[1.848, 1.849)",0.023766643714285714,1.849
"[1.849, 1.85)",0.03367635319563492,1.85
"[1.85, 1.851)",0.021356563329292925,1.851
"[1.851, 1.852)",0.048200030258220304,1.852
"[1.852, 1.853)",0.01763630809129032,1.853
"[1.853, 1.854)",0.021126414262711866,1.854
"[1.854, 1.855)",0.02856993701869158,1.855
"[1.855, 1.856)",0.020223099240740755,1.856
"[1.856, 1.857)",0.022005298905511814,1.857
"[1.857, 1.858)",0.0200592280838983,1.858
"[1.858, 1.859)",0.02047749210347825,1.859
"[1.859, 1.86)",0.031622638756756756,1.86
"[1.86, 1.861)",0.02203444742478633,1.861
"[1.861, 1.862)",0.02249801483252033,1.862
"[1.862, 1.863)",0.03591617334776114,1.863
"[1.863, 1.864)",0.02024802090796461,1.864
"[1.864, 1.865)",0.013251883896521741,1.865
"[1.865, 1.866)",0.025859864236718735,1.866
"[1.866, 1.867)",0.03682619498360656,1.867
"[1.867, 1.868)",0.01820268466718751,1.868
"[1.868, 1.869)",0.012876793381818177,1.869
"[1.869, 1.87)",0.03581471895454546,1.87
"[1.87, 1.871)",0.015618546292035398,1.871
"[1.871, 1.872)",0.020212291687735855,1.872
"[1.872, 1.873)",0.02779718403965518,1.873
"[1.873, 1.874)",0.021255591909666676,1.874
"[1.874, 1.875)",0.027032318813559327,1.875
"[1.875, 1.8760000000000001)",0.02245656810250002,1.876
"[1.8760000000000001, 1.877)",0.039231137582558154,1.877
"[1.877, 1.8780000000000001)",0.04061654527663551,1.878
"[1.8780000000000001, 1.879)",0.021321920825,1.879
"[1.879, 1.8800000000000001)",0.02904640687431194,1.88
"[1.8800000000000001, 1.881)",0.05077534558252428,1.881
"[1.881, 1.8820000000000001)",0.021272610984259258,1.882
"[1.8820000000000001, 1.883)",0.021138449585858594,1.883
"[1.883, 1.8840000000000001)",0.0321303671869159,1.884
"[1.8840000000000001, 1.885)",0.03271944381818181,1.885
"[1.885, 1.8860000000000001)",0.021583673066666673,1.886
"[1.8860000000000001, 1.887)",0.0218364225485437,1.887
"[1.887, 1.8880000000000001)",0.018004988266363646,1.888
"[1.8880000000000001, 1.889)",0.04051695463606556,1.889
"[1.889, 1.8900000000000001)",0.018326591351428573,1.89
"[1.8900000000000001, 1.891)",0.017666309958677698,1.891
"[1.891, 1.8920000000000001)",0.0361757684702655,1.892
"[1.8920000000000001, 1.893)",0.037507217793749985,1.893
"[1.893, 1.8940000000000001)",0.03107894842761906,1.894
"[1.8940000000000001, 1.895)",0.019811227181743128,1.895
"[1.895, 1.8960000000000001)",0.02170514026241135,1.896
"[1.8960000000000001, 1.897)",0.02361256767272727,1.897
"[1.897, 1.8980000000000001)",0.02559988301340207,1.898
"[1.8980000000000001, 1.899)",0.019960153299038465,1.899
"[1.899, 1.9000000000000001)",0.023924750208823526,1.9
"[1.9000000000000001, 1.901)",0.020297655569791673,1.901
"[1.901, 1.9020000000000001)",0.02135140018446602,1.902
"[1.9020000000000001, 1.903)",0.021784805440860228,1.903
"[1.903, 1.9040000000000001)",0.030593191818750014,1.904
"[1.9040000000000001, 1.905)",0.02116825183846154,1.905
"[1.905, 1.9060000000000001)",0.039979589085999995,1.906
"[1.9060000000000001, 1.907)",0.013642823534117643,1.907
"[1.907, 1.9080000000000001)",0.020778585473033722,1.908
"[1.9080000000000001, 1.909)",0.02551784032653062,1.909
"[1.909, 1.9100000000000001)",0.031898964422826095,1.91
"[1.9100000000000001, 1.911)",0.027729083060416677,1.911
"[1.911, 1.9120000000000001)",0.02363416438157896,1.912
"[1.9120000000000001, 1.913)",0.04838853562065218,1.913
"[1.913, 1.9140000000000001)",0.04013025465728156,1.914
"[1.9140000000000001, 1.915)",0.02365632224395604,1.915
"[1.915, 1.9160000000000001)",0.030665810005360835,1.916
"[1.9160000000000001, 1.917)",0.03172247053473684,1.917
"[1.917, 1.9180000000000001)",0.027171572187155966,1.918
"[1.9180000000000001, 1.919)",0.028672437708490556,1.919
"[1.919, 1.92)",0.026545067567469893,1.92
"[1.92, 1.921)",0.01587202558192772,1.921
"[1.921, 1.922)",0.025265130430681824,1.922
"[1.922, 1.923)",0.020810308992771098,1.923
"[1.923, 1.924)",0.013255319877551018,1.924
"[1.924, 1.925)",0.039464946845360824,1.925
"[1.925, 1.926)",0.030999608694791663,1.926
"[1.926, 1.927)",0.0366546542173913,1.927
"[1.927, 1.928)",0.025379259821000005,1.928
"[1.928, 1.929)",0.024133679371000014,1.929
"[1.929, 1.93)",0.02898627011084114,1.93
"[1.93, 1.931)",0.02208800937422682,1.931
"[1.931, 1.932)",0.021638621391891894,1.932
"[1.932, 1.933)",0.025624847277659586,1.933
"[1.933, 1.934)",0.031634835073684225,1.934
"[1.934, 1.935)",0.025063758797087377,1.935
"[1.935, 1.936)",0.025242492333673486,1.936
"[1.936, 1.937)",0.03132021010104167,1.937
"[1.937, 1.938)",0.02215358051743119,1.938
"[1.938, 1.939)",0.02296801234955754,1.939
"[1.939, 1.94)",0.02480702504324326,1.94
"[1.94, 1.941)",0.02965381937999999,1.941
"[1.941, 1.942)",0.0355474782728125,1.942
"[1.942, 1.943)",0.025976653504040416,1.943
"[1.943, 1.944)",0.02154696973578949,1.944
"[1.944, 1.945)",0.019612484088058255,1.945
"[1.945, 1.946)",0.03274669296468355,1.946
"[1.946, 1.947)",0.020201593153846155,1.947
"[1.947, 1.948)",0.019612003112886606,1.948
"[1.948, 1.949)",0.022365537473148157,1.949
"[1.949, 1.95)",0.01893239917162501,1.95
"[1.95, 1.951)",0.05147636611764704,1.951
"[1.951, 1.952)",0.016430799047916677,1.952
"[1.952, 1.953)",0.03402544607843137,1.953
"[1.953, 1.954)",0.021486553028021976,1.954
"[1.954, 1.955)",0.04564739029111113,1.955
"[1.955, 1.956)",0.011047865615277774,1.956
"[1.956, 1.957)",0.024468977223711344,1.957
"[1.957, 1.958)",0.023563981510638297,1.958
"[1.958, 1.959)",0.028607869520000016,1.959
"[1.959, 1.96)",0.027712753105813948,1.96
"[1.96, 1.961)",0.026491817802739737,1.961
"[1.961, 1.962)",0.019278699589156643,1.962
"[1.962, 1.963)",0.04664599802526318,1.963
"[1.963, 1.964)",0.0247282398877551,1.964
"[1.964, 1.965)",0.026288673806181818,1.965
"[1.965, 1.966)",0.037251989035714285,1.966
"[1.966, 1.967)",0.0275814341904762,1.967
"[1.967, 1.968)",0.016489069897000014,1.968
"[1.968, 1.969)",0.024312881703000003,1.969
"[1.969, 1.97)",0.027185048262626257,1.97
"[1.97, 1.971)",0.03484233821909091,1.971
"[1.971, 1.972)",0.024661632909782606,1.972
"[1.972, 1.973)",0.03433664303473685,1.973
"[1.973, 1.974)",0.03836938444040404,1.974
"[1.974, 1.975)",0.02821076329885057,1.975
"[1.975, 1.976)",0.02789561937777779,1.976
"[1.976, 1.977)",0.02556461946534653,1.977
"[1.977, 1.978)",0.02474582050000001,1.978
"[1.978, 1.979)",0.029757281894230766,1.979
"[1.979, 1.98)",0.03432502810214285,1.98
"[1.98, 1.981)",0.03772887196022727,1.981
"[1.981, 1.982)",0.022527193918556693,1.982
"[1.982, 1.983)",0.03551441697333334,1.983
"[1.983, 1.984)",0.028591194613207534,1.984
"[1.984, 1.985)",0.019376199370714293,1.985
"[1.985, 1.986)",0.025379516149350658,1.986
"[1.986, 1.987)",0.029958715197530853,1.987
"[1.987, 1.988)",0.0185467084257732,1.988
"[1.988, 1.989)",0.028913564771894745,1.989
"[1.989, 1.99)",0.02802716860064104,1.99
"[1.99, 1.991)",0.035628742320779214,1.991
"[1.991, 1.992)",0.02980235685039474,1.992
"[1.992, 1.993)",0.02903330291382979,1.993
"[1.993, 1.994)",0.018576437666666674,1.994
"[1.994, 1.995)",0.024644023938271618,1.995
"[1.995, 1.996)",0.021955026945360848,1.996
"[1.996, 1.997)",0.03790713009000001,1.997
"[1.997, 1.998)",0.018322765946428572,1.998
"[1.998, 1.999)",0.01921125581011237,1.999
"[1.999, 2.0)",0.030253948391743116,2.0
"[2.0, 2.001)",0.038311232815463926,2.001
"[2.001, 2.0020000000000002)",0.02844152901458334,2.002
"[2.0020000000000002, 2.003)",0.025857075215053767,2.003
"[2.003, 2.004)",0.030407681061224507,2.004
"[2.004, 2.005)",0.049911162532258066,2.005
"[2.005, 2.0060000000000002)",0.021722243011363652,2.006
"[2.0060000000000002, 2.007)",0.032359593935483884,2.007
"[2.007, 2.008)",0.029377852192307707,2.008
"[2.008, 2.009)",0.0245965377138298,2.009
"[2.009, 2.0100000000000002)",0.030214801975903635,2.01
"[2.0100000000000002, 2.011)",0.016996151312500006,2.011
"[2.011, 2.012)",0.043759715986111135,2.012
"[2.012, 2.013)",0.027478739873563238,2.013
"[2.013, 2.0140000000000002)",0.03380960219456524,2.014
"[2.0140000000000002, 2.015)",0.02437157143375001,2.015
"[2.015, 2.016)",0.03435191148387098,2.016
"[2.016, 2.017)",0.03666484246666669,2.017
"[2.017, 2.0180000000000002)",0.02638149059587629,2.018
"[2.0180000000000002, 2.019)",0.02616728877631579,2.019
"[2.019, 2.02)",0.025039807538947377,2.02
"[2.02, 2.021)",0.05002875320898876,2.021
"[2.021, 2.0220000000000002)",0.02914456422777778,2.022
"[2.0220000000000002, 2.023)",0.033538940824999995,2.023
"[2.023, 2.024)",0.03602799717021276,2.024
"[2.024, 2.025)",0.025496268495000002,2.025
"[2.025, 2.0260000000000002)",0.03931132628787879,2.026
"[2.0260000000000002, 2.027)",0.02342183155269231,2.027
"[2.027, 2.028)",0.0242157543875,2.028
"[2.028, 2.029)",0.01935278895,2.029
"[2.029, 2.0300000000000002)",0.01603868564352941,2.03
"[2.0300000000000002, 2.031)",0.049307098,2.031
"[2.031, 2.032)",0.024491701154411773,2.032
"[2.032, 2.033)",0.02221447349529412,2.033
"[2.033, 2.0340000000000003)",0.046143614392000015,2.034
"[2.0340000000000003, 2.035)",0.02213592158588236,2.035
"[2.035, 2.036)",0.034954726879999995,2.036
"[2.036, 2.037)",0.023386243712643695,2.037
"[2.037, 2.0380000000000003)",0.015274192727272727,2.038
"[2.0380000000000003, 2.039)",0.01911709498481014,2.039
"[2.039, 2.04)",0.023824099668539333,2.04
"[2.04, 2.041)",0.026720402717113408,2.041
"[2.041, 2.0420000000000003)",0.02507980210833334,2.042
"[2.0420000000000003, 2.043)",0.017961443953932593,2.043
"[2.043, 2.044)",0.03186044023,2.044
"[2.044, 2.045)",0.028333099149425302,2.045
"[2.045, 2.0460000000000003)",0.027018214527777782,2.046
"[2.0460000000000003, 2.047)",0.03238938295348838,2.047
"[2.047, 2.048)",0.01805493975326087,2.048
"[2.048, 2.049)",0.024638310511111115,2.049
"[2.049, 2.05)",0.027904673377777783,2.05
"[2.05, 2.051)",0.037284435084210525,2.051
"[2.051, 2.052)",0.02198205480325302,2.052
"[2.052, 2.053)",0.02366893758333334,2.053
"[2.053, 2.054)",0.04091216853297872,2.054
"[2.054, 2.055)",0.02767316806966294,2.055
"[2.055, 2.056)",0.02813891372065217,2.056
"[2.056, 2.057)",0.019501182963440854,2.057
"[2.057, 2.058)",0.02831612244761904,2.058
"[2.058, 2.059)",0.0263995514,2.059
"[2.059, 2.06)",0.021398358706250006,2.06
"[2.06, 2.061)",0.032353018042352945,2.061
"[2.061, 2.062)",0.024715715915789492,2.062
"[2.062, 2.063)",0.022901155626506034,2.063
"[2.063, 2.064)",0.04521599392021277,2.064
"[2.064, 2.065)",0.02585707559493671,2.065
"[2.065, 2.066)",0.021090430692207802,2.066
"[2.066, 2.067)",0.019791653361111113,2.067
"[2.067, 2.068)",0.030857768250000008,2.068
"[2.068, 2.069)",0.023719029890109888,2.069
"[2.069, 2.07)",0.046371371421794864,2.07
"[2.07, 2.071)",0.05419113037172841,2.071
"[2.071, 2.072)",0.028241592806451624,2.072
"[2.072, 2.073)",0.02237339558172044,2.073
"[2.073, 2.074)",0.019590804797297308,2.074
"[2.074, 2.075)",0.017201982377894734,2.075
"[2.075, 2.076)",0.021772219940506328,2.076
"[2.076, 2.077)",0.024920151710526316,2.077
"[2.077, 2.078)",0.037750960373626394,2.078
"[2.078, 2.079)",0.046195130650000006,2.079
"[2.079, 2.08)",0.038525302211904734,2.08
"[2.08, 2.081)",0.038355631507499995,2.081
"[2.081, 2.082)",0.013185136595238092,2.082
"[2.082, 2.083)",0.04427676860499999,2.083
"[2.083, 2.084)",0.0174595194904762,2.084
"[2.084, 2.085)",0.017800006303797473,2.085
"[2.085, 2.086)",0.030410211658227868,2.086
"[2.086, 2.087)",0.032148820943478276,2.087
"[2.087, 2.088)",0.015883772384810122,2.088
"[2.088, 2.089)",0.02245742126100001,2.089
"[2.089, 2.09)",0.02386909074651164,2.09
"[2.09, 2.091)",0.04027881262962964,2.091
"[2.091, 2.092)",0.026164728302298847,2.092
"[2.092, 2.093)",0.02684331821882354,2.093
"[2.093, 2.094)",0.01881492422674419,2.094
"[2.094, 2.095)",0.032049196076923074,2.095
"[2.095, 2.096)",0.017250894421794883,2.096
"[2.096, 2.097)",0.037624083593023265,2.097
"[2.097, 2.098)",0.030172139272093022,2.098
"[2.098, 2.099)",0.031123812470833345,2.099
"[2.099, 2.1)",0.04547611289705882,2.1
"[2.1, 2.101)",0.03081761492676057,2.101
"[2.101, 2.102)",0.03834705734038462,2.102
"[2.102, 2.103)",0.03639340608059702,2.103
"[2.103, 2.104)",0.011591295231944437,2.104
"[2.104, 2.105)",0.02518508307228916,2.105
"[2.105, 2.106)",0.026149515948275873,2.106
"[2.106, 2.107)",0.027493426451612922,2.107
"[2.107, 2.108)",0.021537026630136985,2.108
"[2.108, 2.109)",0.024453705256410264,2.109
"[2.109, 2.11)",0.036924494888888895,2.11
"[2.11, 2.111)",0.033163180419277107,2.111
"[2.111, 2.112)",0.035099267244594584,2.112
"[2.112, 2.113)",0.02619092031733334,2.113
"[2.113, 2.114)",0.03076078077068966,2.114
"[2.114, 2.115)",0.031560521174074076,2.115
"[2.115, 2.116)",0.02667603850000001,2.116
"[2.116, 2.117)",0.03526532641136362,2.117
"[2.117, 2.118)",0.034397347425316464,2.118
"[2.118, 2.119)",0.015207230322222239,2.119
"[2.119, 2.12)",0.03583321780238097,2.12
"[2.12, 2.121)",0.04104164903910448,2.121
"[2.121, 2.122)",0.02347143526000001,2.122
"[2.122, 2.123)",0.027666006469135807,2.123
"[2.123, 2.124)",0.03445446552873563,2.124
"[2.124, 2.125)",0.02439962383611112,2.125
"[2.125, 2.126)",0.02761726677529413,2.126
"[2.126, 2.1270000000000002)",0.051075468139240514,2.127
"[2.1270000000000002, 2.128)",0.039429325178048785,2.128
"[2.128, 2.129)",0.0318032545064935,2.129
"[2.129, 2.13)",0.020071937976056345,2.13
"[2.13, 2.1310000000000002)",0.04159835934769231,2.131
"[2.1310000000000002, 2.132)",0.029042987089552243,2.132
"[2.132, 2.133)",0.028102397973404275,2.133
"[2.133, 2.134)",0.028021004860759494,2.134
"[2.134, 2.1350000000000002)",0.02564878616202534,2.135
"[2.1350000000000002, 2.136)",0.024187943720000004,2.136
"[2.136, 2.137)",0.0339091197577381,2.137
"[2.137, 2.138)",0.047020979892857154,2.138
"[2.138, 2.1390000000000002)",0.04213922240963854,2.139
"[2.1390000000000002, 2.14)",0.016288090862820515,2.14
"[2.14, 2.141)",0.025561461222784822,2.141
"[2.141, 2.142)",0.03352840244891303,2.142
"[2.142, 2.1430000000000002)",0.030582248443298977,2.143
"[2.1430000000000002, 2.144)",0.04061801460000001,2.144
"[2.144, 2.145)",0.017556166856578962,2.145
"[2.145, 2.146)",0.01643292213157895,2.146
"[2.146, 2.1470000000000002)",0.023917373820224734,2.147
"[2.1470000000000002, 2.148)",0.04196196091891891,2.148
"[2.148, 2.149)",0.01797632924285716,2.149
"[2.149, 2.15)",0.02610037412289157,2.15
"[2.15, 2.1510000000000002)",0.022253541130864193,2.151
"[2.1510000000000002, 2.152)",0.033312291690476205,2.152
"[2.152, 2.153)",0.016536857341463415,2.153
"[2.153, 2.154)",0.024141300952173927,2.154
"[2.154, 2.1550000000000002)",0.03729659489368422,2.155
"[2.1550000000000002, 2.156)",0.02046854406052631,2.156
"[2.156, 2.157)",0.019815108648529412,2.157
"[2.157, 2.158)",0.030572670114772736,2.158
"[2.158, 2.1590000000000003)",0.03665459357875001,2.159
"[2.1590000000000003, 2.16)",0.02118302417821782,2.16
"[2.16, 2.161)",0.024135418460273988,2.161
"[2.161, 2.162)",0.04695480115464285,2.162
"[2.162, 2.1630000000000003)",0.04121518512820513,2.163
"[2.1630000000000003, 2.164)",0.02141718790777779,2.164
"[2.164, 2.165)",0.029173335295294117,2.165
"[2.165, 2.166)",0.04268758951733335,2.166
"[2.166, 2.1670000000000003)",0.04171772090099009,2.167
"[2.1670000000000003, 2.168)",0.025140216322988514,2.168
"[2.168, 2.169)",0.032917258471232884,2.169
"[2.169, 2.17)",0.0209707684137931,2.17
"[2.17, 2.1710000000000003)",0.03178319420930233,2.171
"[2.1710000000000003, 2.172)",0.01616779151250001,2.172
"[2.172, 2.173)",0.020382562410958923,2.173
"[2.173, 2.174)",0.021849587855913996,2.174
"[2.174, 2.1750000000000003)",0.025355609166666678,2.175
"[2.1750000000000003, 2.176)",0.03559643782857143,2.176
"[2.176, 2.177)",0.022057006728734178,2.177
"[2.177, 2.178)",0.028566633150000003,2.178
"[2.178, 2.179)",0.023070610777380974,2.179
"[2.179, 2.18)",0.03459877900000001,2.18
"[2.18, 2.181)",0.0375820329848485,2.181
"[2.181, 2.182)",0.04506576694736843,2.182
"[2.182, 2.183)",0.023217025461428578,2.183
"[2.183, 2.184)",0.0239365502295082,2.184
"[2.184, 2.185)",0.022186620199999996,2.185
"[2.185, 2.186)",0.03301499253380282,2.186
"[2.186, 2.187)",0.02969270121333334,2.187
"[2.187, 2.188)",0.03392643784285715,2.188
"[2.188, 2.189)",0.023473881416000004,2.189
"[2.189, 2.19)",0.03254199267187502,2.19
"[2.19, 2.191)",0.015446985372368417,2.191
"[2.191, 2.192)",0.04361937080821917,2.192
"[2.192, 2.193)",0.02674659622222223,2.193
"[2.193, 2.194)",0.022229431625000004,2.194
"[2.194, 2.195)",0.01950889913783785,2.195
"[2.195, 2.196)",0.03333579457471265,2.196
"[2.196, 2.197)",0.025133734093750013,2.197
"[2.197, 2.198)",0.027856131190804604,2.198
"[2.198, 2.199)",0.020651368755975612,2.199
"[2.199, 2.2)",0.028442728501315802,2.2
"[2.2, 2.201)",0.027535763692537327,2.201
"[2.201, 2.202)",0.019443550749333346,2.202
"[2.202, 2.203)",0.02892080447846154,2.203
"[2.203, 2.204)",0.03933962196969698,2.204
"[2.204, 2.205)",0.024584161139726043,2.205
"[2.205, 2.206)",0.031523339172222234,2.206
"[2.206, 2.207)",0.029397868097435883,2.207
"[2.207, 2.208)",0.022635726089552242,2.208
"[2.208, 2.209)",0.03235604780952382,2.209
"[2.209, 2.21)",0.0159015496031746,2.21
"[2.21, 2.211)",0.018180089789333335,2.211
"[2.211, 2.212)",0.02292355714814816,2.212
"[2.212, 2.213)",0.028487141166197192,2.213
"[2.213, 2.214)",0.016340630531372545,2.214
"[2.214, 2.215)",0.034333031995402295,2.215
"[2.215, 2.216)",0.029197983063888894,2.216
"[2.216, 2.217)",0.02115343067105264,2.217
"[2.217, 2.218)",0.020419401283018866,2.218
"[2.218, 2.219)",0.024546237276315802,2.219
"[2.219, 2.22)",0.05142909107333334,2.22
"[2.22, 2.221)",0.0252674603346154,2.221
"[2.221, 2.222)",0.033270191184615404,2.222
"[2.222, 2.223)",0.014847184927118647,2.223
"[2.223, 2.224)",0.019955530115189878,2.224
"[2.224, 2.225)",0.04698426274871796,2.225
"[2.225, 2.226)",0.04172566171690141,2.226
"[2.226, 2.227)",0.040340204366129055,2.227
"[2.227, 2.228)",0.02396758152816902,2.228
"[2.228, 2.229)",0.02190333736716418,2.229
"[2.229, 2.23)",0.021373129538461554,2.23
"[2.23, 2.231)",0.028937388354285724,2.231
"[2.231, 2.232)",0.026819632233333356,2.232
"[2.232, 2.233)",0.016693862612857137,2.233
"[2.233, 2.234)",0.02008786687962964,2.234
"[2.234, 2.235)",0.019352278974363642,2.235
"[2.235, 2.236)",0.0365483832967742,2.236
"[2.236, 2.237)",0.0293891495967742,2.237
"[2.237, 2.238)",0.028567156382857166,2.238
"[2.238, 2.239)",0.027330274068965515,2.239
"[2.239, 2.24)",0.0352328290421875,2.24
"[2.24, 2.241)",0.045719055643835604,2.241
"[2.241, 2.242)",0.04530083744615383,2.242
"[2.242, 2.243)",0.02363633443478262,2.243
"[2.243, 2.244)",0.033319288571641785,2.244
"[2.244, 2.245)",0.031871713397037045,2.245
"[2.245, 2.246)",0.02195913124430381,2.246
"[2.246, 2.247)",0.02766017139710146,2.247
"[2.247, 2.248)",0.020665703238095242,2.248
"[2.248, 2.249)",0.020094774653333335,2.249
"[2.249, 2.25)",0.029709585280701757,2.25
"[2.25, 2.251)",0.024253811798437497,2.251
"[2.251, 2.2520000000000002)",0.04961461216666667,2.252
"[2.2520000000000002, 2.253)",0.04690307094827586,2.253
"[2.253, 2.254)",0.027376505993333345,2.254
"[2.254, 2.255)",0.0529662470909091,2.255
"[2.255, 2.2560000000000002)",0.03317102392857145,2.256
"[2.2560000000000002, 2.257)",0.02265301965581083,2.257
"[2.257, 2.258)",0.028663072415277786,2.258
"[2.258, 2.259)",0.020944658370000004,2.259
"[2.259, 2.2600000000000002)",0.026434363263235307,2.26
"[2.2600000000000002, 2.261)",0.03049981659090909,2.261
"[2.261, 2.262)",0.018266573464603173,2.262
"[2.262, 2.263)",0.026917850373611128,2.263
"[2.263, 2.2640000000000002)",0.04629394851290323,2.264
"[2.2640000000000002, 2.265)",0.029739768457627134,2.265
"[2.265, 2.266)",0.014822358577272725,2.266
"[2.266, 2.267)",0.0316760750875,2.267
"[2.267, 2.2680000000000002)",0.04583347920967742,2.268
"[2.2680000000000002, 2.269)",0.02215076236842105,2.269
"[2.269, 2.27)",0.02710889946015626,2.27
"[2.27, 2.271)",0.02561301926027398,2.271
"[2.271, 2.2720000000000002)",0.032826641138550744,2.272
"[2.2720000000000002, 2.273)",0.034117442983050854,2.273
"[2.273, 2.274)",0.022806135949152543,2.274
"[2.274, 2.275)",0.03624873783194443,2.275
"[2.275, 2.2760000000000002)",0.026526449973333345,2.276
"[2.2760000000000002, 2.277)",0.025464489247058828,2.277
"[2.277, 2.278)",0.03174796099714285,2.278
"[2.278, 2.279)",0.037719562400000003,2.279
"[2.279, 2.2800000000000002)",0.01762091573972603,2.28
"[2.2800000000000002, 2.281)",0.02350751106896553,2.281
"[2.281, 2.282)",0.023021565322033904,2.282
"[2.282, 2.283)",0.018497885022857145,2.283
"[2.283, 2.2840000000000003)",0.027352645803030318,2.284
"[2.2840000000000003, 2.285)",0.03199369785000001,2.285
"[2.285, 2.286)",0.02915577335937501,2.286
"[2.286, 2.287)",0.04273596137999999,2.287
"[2.287, 2.2880000000000003)",0.01474600825178571,2.288
"[2.2880000000000003, 2.289)",0.03610131644677418,2.289
"[2.289, 2.29)",0.04871895794067796,2.29
"[2.29, 2.291)",0.023293260157142854,2.291
"[2.291, 2.2920000000000003)",0.021531203682716066,2.292
"[2.2920000000000003, 2.293)",0.034498669808823525,2.293
"[2.293, 2.294)",0.024333071971831002,2.294
"[2.294, 2.295)",0.021274263123437512,2.295
"[2.295, 2.2960000000000003)",0.02099320770740741,2.296
"[2.2960000000000003, 2.297)",0.021893259443802833,2.297
"[2.297, 2.298)",0.02011413229032259,2.298
"[2.298, 2.299)",0.016083572993548387,2.299
"[2.299, 2.3000000000000003)",0.01897252661917809,2.3
"[2.3000000000000003, 2.301)",0.02395026647931035,2.301
"[2.301, 2.302)",0.046344534459154915,2.302
"[2.302, 2.303)",0.045118126154929585,2.303
"[2.303, 2.3040000000000003)",0.0186361242359375,2.304
"[2.3040000000000003, 2.305)",0.035351888183098604,2.305
"[2.305, 2.306)",0.04451834370675677,2.306
"[2.306, 2.307)",0.04301326701219513,2.307
"[2.307, 2.308)",0.02103843556451613,2.308
"[2.308, 2.309)",0.020379552119047635,2.309
"[2.309, 2.31)",0.033820772437500014,2.31
"[2.31, 2.311)",0.035464163830508495,2.311
"[2.311, 2.312)",0.015460075121212122,2.312
"[2.312, 2.313)",0.035275464202702694,2.313
"[2.313, 2.314)",0.027526502288333334,2.314
"[2.314, 2.315)",0.018810295681159415,2.315
"[2.315, 2.316)",0.03165650595151515,2.316
"[2.316, 2.317)",0.03839458571206897,2.317
"[2.317, 2.318)",0.027250936071428578,2.318
"[2.318, 2.319)",0.02591312320689657,2.319
"[2.319, 2.32)",0.042958684218181824,2.32
"[2.32, 2.321)",0.04947097843066666,2.321
"[2.321, 2.322)",0.032861193527999995,2.322
"[2.322, 2.323)",0.03609844924857143,2.323
"[2.323, 2.324)",0.02265489344444446,2.324
"[2.324, 2.325)",0.06081850915000002,2.325
"[2.325, 2.326)",0.02545175787391306,2.326
"[2.326, 2.327)",0.023438328556862745,2.327
"[2.327, 2.328)",0.03722432996078432,2.328
"[2.328, 2.329)",0.03187473224074074,2.329
"[2.329, 2.33)",0.024666531509433962,2.33
"[2.33, 2.331)",0.04958390066129034,2.331
"[2.331, 2.332)",0.017457185576271187,2.332
"[2.332, 2.333)",0.029674520575862076,2.333
"[2.333, 2.334)",0.03258922239459461,2.334
"[2.334, 2.335)",0.04067185795483872,2.335
"[2.335, 2.336)",0.017293925152542373,2.336
"[2.336, 2.337)",0.02138198486363638,2.337
"[2.337, 2.338)",0.025387270812500005,2.338
"[2.338, 2.339)",0.02259824584166668,2.339
"[2.339, 2.34)",0.03179881676458334,2.34
"[2.34, 2.341)",0.02854497221739132,2.341
"[2.341, 2.342)",0.014471393631578948,2.342
"[2.342, 2.343)",0.027565336927777784,2.343
"[2.343, 2.344)",0.019269475171052635,2.344
"[2.344, 2.345)",0.04874119916666666,2.345
"[2.345, 2.346)",0.01851273171333333,2.346
"[2.346, 2.347)",0.027449416321428565,2.347
"[2.347, 2.348)",0.023242290599999993,2.348
"[2.348, 2.349)",0.0332619117762712,2.349
"[2.349, 2.35)",0.02076036260196079,2.35
"[2.35, 2.351)",0.02404614923287672,2.351
"[2.351, 2.352)",0.04116445472222224,2.352
"[2.352, 2.353)",0.02777050403125001,2.353
"[2.353, 2.354)",0.042875136763225824,2.354
"[2.354, 2.355)",0.036107841633333325,2.355
"[2.355, 2.356)",0.03846686926315789,2.356
"[2.356, 2.357)",0.027272468333333345,2.357
"[2.357, 2.358)",0.03369514943661973,2.358
"[2.358, 2.359)",0.024423074378378373,2.359
"[2.359, 2.36)",0.024053375189189208,2.36
"[2.36, 2.361)",0.02184822136595745,2.361
"[2.361, 2.362)",0.047778413654915246,2.362
"[2.362, 2.363)",0.02457010954237289,2.363
"[2.363, 2.364)",0.02900504361224489,2.364
"[2.364, 2.365)",0.02474055264615387,2.365
"[2.365, 2.366)",0.03152822565294119,2.366
"[2.366, 2.367)",0.03923604251428572,2.367
"[2.367, 2.368)",0.029829858017543877,2.368
"[2.368, 2.369)",0.06725116627500001,2.369
"[2.369, 2.37)",0.015441542527272726,2.37
"[2.37, 2.371)",0.01846997693898305,2.371
"[2.371, 2.372)",0.026619520619047616,2.372
"[2.372, 2.373)",0.025902479979591834,2.373
"[2.373, 2.374)",0.03854644685106385,2.374
"[2.374, 2.375)",0.024264498113157888,2.375
"[2.375, 2.376)",0.02386176327627119,2.376
"[2.376, 2.3770000000000002)",0.014240452490000001,2.377
"[2.3770000000000002, 2.378)",0.015763529128888884,2.378
"[2.378, 2.379)",0.024027212800000006,2.379
"[2.379, 2.38)",0.02731320021276596,2.38
"[2.38, 2.3810000000000002)",0.02575598845510204,2.381
"[2.3810000000000002, 2.382)",0.017174920852272724,2.382
"[2.382, 2.383)",0.012906889872093022,2.383
"[2.383, 2.384)",0.014197887384210524,2.384
"[2.384, 2.3850000000000002)",0.030767221017543884,2.385
"[2.3850000000000002, 2.386)",0.033441120772727276,2.386
"[2.386, 2.387)",0.02554211137631579,2.387
"[2.387, 2.388)",0.025831702454545455,2.388
"[2.388, 2.3890000000000002)",0.03815928085102042,2.389
"[2.3890000000000002, 2.39)",0.01278989221346154,2.39
"[2.39, 2.391)",0.04210389845945945,2.391
"[2.391, 2.392)",0.015596753572727273,2.392
"[2.392, 2.3930000000000002)",0.01847572795833333,2.393
"[2.3930000000000002, 2.394)",0.025021012024999994,2.394
"[2.394, 2.395)",0.016720353066666666,2.395
"[2.395, 2.396)",0.02026148578048781,2.396
"[2.396, 2.3970000000000002)",0.01124426773591837,2.397
"[2.3970000000000002, 2.398)",0.013687548102083334,2.398
"[2.398, 2.399)",0.033054796524,2.399
"[2.399, 2.4)",0.024598228919999996,2.4
"[2.4, 2.4010000000000002)",0.037300828151515156,2.401
"[2.4010000000000002, 2.402)",0.015756147688888885,2.402
"[2.402, 2.403)",0.032380907163265304,2.403
"[2.403, 2.404)",0.0501039433392857,2.404
"[2.404, 2.4050000000000002)",0.022431722429411768,2.405
"[2.4050000000000002, 2.406)",0.019635194785714277,2.406
"[2.406, 2.407)",0.066417627625,2.407
"[2.407, 2.408)",0.012432255183333333,2.408
"[2.408, 2.4090000000000003)",0.022255073095555553,2.409
"[2.4090000000000003, 2.41)",0.015104668264150935,2.41
"[2.41, 2.411)",0.01336404694871795,2.411
"[2.411, 2.412)",0.02739022711777778,2.412
"[2.412, 2.4130000000000003)",0.024527207622641514,2.413
"[2.4130000000000003, 2.414)",0.020351389061999993,2.414
"[2.414, 2.415)",0.024395964982456136,2.415
"[2.415, 2.416)",0.013541937533333333,2.416
"[2.416, 2.4170000000000003)",0.03348339987234043,2.417
"[2.4170000000000003, 2.418)",0.03513504981632653,2.418
"[2.418, 2.419)",0.02442560049999999,2.419
"[2.419, 2.42)",0.01898656102,2.42
"[2.42, 2.4210000000000003)",0.017306541907843136,2.421
"[2.4210000000000003, 2.422)",0.040012921893500024,2.422
"[2.422, 2.423)",0.02250197726315789,2.423
"[2.423, 2.424)",0.040610824968749994,2.424
"[2.424, 2.4250000000000003)",0.01892289075660377,2.425
"[2.4250000000000003, 2.426)",0.0388669270425532,2.426
"[2.426, 2.427)",0.02850278811111111,2.427
"[2.427, 2.428)",0.03232910878749999,2.428
"[2.428, 2.4290000000000003)",0.025419770475510212,2.429
"[2.4290000000000003, 2.43)",0.023036279275000012,2.43
"[2.43, 2.431)",0.03927863326101695,2.431
"[2.431, 2.432)",0.03031657399803921,2.432
"[2.432, 2.433)",0.0223197746101695,2.433
"[2.433, 2.434)",0.03173214413943661,2.434
"[2.434, 2.435)",0.026658482379310344,2.435
"[2.435, 2.436)",0.058116678469090896,2.436
"[2.436, 2.437)",0.03453877428571429,2.437
"[2.437, 2.438)",0.014923058627586212,2.438
"[2.438, 2.439)",0.026554127700000003,2.439
"[2.439, 2.44)",0.02055414544310345,2.44
"[2.44, 2.441)",0.021558679028985516,2.441
"[2.441, 2.442)",0.018435418979365067,2.442
"[2.442, 2.443)",0.02397437374603174,2.443
"[2.443, 2.444)",0.019874420064444436,2.444
"[2.444, 2.445)",0.02547762587931036,2.445
"[2.445, 2.446)",0.03809151009259261,2.446
"[2.446, 2.447)",0.024647909410714288,2.447
"[2.447, 2.448)",0.026809644399999995,2.448
"[2.448, 2.449)",0.04211715518749999,2.449
"[2.449, 2.45)",0.02363411652542373,2.45
"[2.45, 2.451)",0.045361068517857144,2.451
"[2.451, 2.452)",0.022082798956363635,2.452
"[2.452, 2.453)",0.02445371682258065,2.453
"[2.453, 2.454)",0.02307187039655172,2.454
"[2.454, 2.455)",0.04256232344736842,2.455
"[2.455, 2.456)",0.022117718327272717,2.456
"[2.456, 2.457)",0.020254593962068967,2.457
"[2.457, 2.458)",0.04085566175409834,2.458
"[2.458, 2.459)",0.01800844898484849,2.459
"[2.459, 2.46)",0.041486264784313734,2.46
"[2.46, 2.461)",0.009513975099999999,2.461
"[2.461, 2.462)",0.04166298398113209,2.462
"[2.462, 2.463)",0.03864434637096775,2.463
"[2.463, 2.464)",0.031152163232558143,2.464
"[2.464, 2.465)",0.030825423392452835,2.465
"[2.465, 2.466)",0.03569707245833336,2.466
"[2.466, 2.467)",0.012758321623404251,2.467
"[2.467, 2.468)",0.022215221301886804,2.468
"[2.468, 2.469)",0.03425112331746034,2.469
"[2.469, 2.47)",0.012451227721311473,2.47
"[2.47, 2.471)",0.021092743285714293,2.471
"[2.471, 2.472)",0.021964521624999997,2.472
"[2.472, 2.473)",0.020520715396226408,2.473
"[2.473, 2.474)",0.017363417020833327,2.474
"[2.474, 2.475)",0.01650235639038462,2.475
"[2.475, 2.476)",0.051468040947826095,2.476
"[2.476, 2.477)",0.028694500210526327,2.477
"[2.477, 2.478)",0.05524530223404256,2.478
"[2.478, 2.479)",0.029272693760000017,2.479
"[2.479, 2.48)",0.013180251993333338,2.48
"[2.48, 2.481)",0.02362706350465117,2.481
"[2.481, 2.482)",0.05387625801754386,2.482
"[2.482, 2.483)",0.02031327725,2.483
"[2.483, 2.484)",0.012763133638636358,2.484
"[2.484, 2.485)",0.03556241326607142,2.485
"[2.485, 2.486)",0.015088937702272726,2.486
"[2.486, 2.487)",0.02057709783333332,2.487
"[2.487, 2.488)",0.02580041979545455,2.488
"[2.488, 2.489)",0.01609934856153846,2.489
"[2.489, 2.49)",0.03441508483783784,2.49
"[2.49, 2.491)",0.020645922658695647,2.491
"[2.491, 2.492)",0.030628860719565203,2.492
"[2.492, 2.493)",0.04223100917391304,2.493
"[2.493, 2.494)",0.023249024723404253,2.494
"[2.494, 2.495)",0.016495115814583333,2.495
"[2.495, 2.496)",0.03233418296226416,2.496
"[2.496, 2.497)",0.04599757705882355,2.497
"[2.497, 2.498)",0.027340735230000007,2.498
"[2.498, 2.499)",0.029427134854166672,2.499
"[2.499, 2.5)",0.03163758236538464,2.5
"[2.5, 2.501)",0.04130003116578948,2.501
"[2.501, 2.5020000000000002)",0.026087527127659584,2.502
"[2.5020000000000002, 2.503)",0.021882695904583336,2.503
"[2.503, 2.504)",0.03302909885853658,2.504
"[2.504, 2.505)",0.047215547108163274,2.505
"[2.505, 2.5060000000000002)",0.01860957848214285,2.506
"[2.5060000000000002, 2.507)",0.015627961177777778,2.507
"[2.507, 2.508)",0.021553209393478257,2.508
"[2.508, 2.509)",0.03979667150000002,2.509
"[2.509, 2.5100000000000002)",0.02091419722619047,2.51
"[2.5100000000000002, 2.511)",0.025722454926829265,2.511
"[2.511, 2.512)",0.03284293663888888,2.512
"[2.512, 2.513)",0.02825747793333333,2.513
"[2.513, 2.5140000000000002)",0.02472445099361703,2.514
"[2.5140000000000002, 2.515)",0.05325343366101695,2.515
"[2.515, 2.516)",0.02660978719298247,2.516
"[2.516, 2.517)",0.011479514136363644,2.517
"[2.517, 2.5180000000000002)",0.03248608492682928,2.518
"[2.5180000000000002, 2.519)",0.023517903060000015,2.519
"[2.519, 2.52)",0.019096572078431375,2.52
"[2.52, 2.521)",0.02941854704000001,2.521
"[2.521, 2.5220000000000002)",0.012093719073684213,2.522
"[2.5220000000000002, 2.523)",0.030014299615384606,2.523
"[2.523, 2.524)",0.01984070545454545,2.524
"[2.524, 2.525)",0.04219664004545456,2.525
"[2.525, 2.5260000000000002)",0.02672434792682926,2.526
"[2.5260000000000002, 2.527)",0.041545707304761904,2.527
"[2.527, 2.528)",0.02108558091363636,2.528
"[2.528, 2.529)",0.013853073578947371,2.529
"[2.529, 2.5300000000000002)",0.027488166954545465,2.53
"[2.5300000000000002, 2.531)",0.025312934861111105,2.531
"[2.531, 2.532)",0.026752628198076923,2.532
"[2.532, 2.533)",0.027312167530434788,2.533
"[2.533, 2.5340000000000003)",0.029502232025641034,2.534
"[2.5340000000000003, 2.535)",0.00929300052083334,2.535
"[2.535, 2.536)",0.033903293428571436,2.536
"[2.536, 2.537)",0.027006900057142853,2.537
"[2.537, 2.5380000000000003)",0.013639484637499996,2.538
"[2.5380000000000003, 2.539)",0.028475948156862742,2.539
"[2.539, 2.54)",0.010016375086842107,2.54
"[2.54, 2.541)",0.029186114647368422,2.541
"[2.541, 2.5420000000000003)",0.05714458566666667,2.542
"[2.5420000000000003, 2.543)",0.021983155606250002,2.543
"[2.543, 2.544)",0.02217404771555555,2.544
"[2.544, 2.545)",0.03903275695918367,2.545
"[2.545, 2.5460000000000003)",0.027687735297297296,2.546
"[2.5460000000000003, 2.547)",0.019562786567567568,2.547
"[2.547, 2.548)",0.014542057462499995,2.548
"[2.548, 2.549)",0.035912686748387095,2.549
"[2.549, 2.5500000000000003)",0.020171629053488373,2.55
"[2.5500000000000003, 2.551)",0.013750663856,2.551
"[2.551, 2.552)",0.032559758592105276,2.552
"[2.552, 2.553)",0.02992297095348838,2.553
"[2.553, 2.5540000000000003)",0.026704339928139538,2.554
"[2.5540000000000003, 2.555)",0.0186508711511111,2.555
"[2.555, 2.556)",0.033156796945454536,2.556
"[2.556, 2.557)",0.016607785023809527,2.557
"[2.557, 2.5580000000000003)",0.023223185666666656,2.558
"[2.5580000000000003, 2.559)",0.01522531040294118,2.559
"[2.559, 2.56)",0.03425301885,2.56
"[2.56, 2.561)",0.04632731139393941,2.561
"[2.561, 2.562)",0.03369700369696971,2.562
"[2.562, 2.563)",0.04523803576923081,2.563
"[2.563, 2.564)",0.018689412379999996,2.564
"[2.564, 2.565)",0.033322632891891905,2.565
"[2.565, 2.566)",0.022975117343055556,2.566
"[2.566, 2.567)",0.051987450325000004,2.567
"[2.567, 2.568)",0.02607834933,2.568
"[2.568, 2.569)",0.02222416584848485,2.569
"[2.569, 2.57)",0.02960637273809524,2.57
"[2.57, 2.571)",0.020059888560606056,2.571
"[2.571, 2.572)",0.022996961294285707,2.572
"[2.572, 2.573)",0.016788209324324326,2.573
"[2.573, 2.574)",0.02817731345454547,2.574
"[2.574, 2.575)",0.024666955238095235,2.575
"[2.575, 2.576)",0.032496616148484855,2.576
"[2.576, 2.577)",0.04285228997727273,2.577
"[2.577, 2.578)",0.03258113351111111,2.578
"[2.578, 2.579)",0.022862608245238093,2.579
"[2.579, 2.58)",0.026367029888888883,2.58
"[2.58, 2.581)",0.038438709378378386,2.581
"[2.581, 2.582)",0.021596829978723395,2.582
"[2.582, 2.583)",0.018635050157894736,2.583
"[2.583, 2.584)",0.012995331858333334,2.584
"[2.584, 2.585)",0.02391773081818183,2.585
"[2.585, 2.586)",0.015946987061904765,2.586
"[2.586, 2.587)",0.033010084400000014,2.587
"[2.587, 2.588)",0.013505638263636365,2.588
"[2.588, 2.589)",0.05128972658333334,2.589
"[2.589, 2.59)",0.04325114955641028,2.59
"[2.59, 2.591)",0.033122085083333336,2.591
"[2.591, 2.592)",0.015651999468181813,2.592
"[2.592, 2.593)",0.05463815069599998,2.593
"[2.593, 2.594)",0.03539459201395351,2.594
"[2.594, 2.595)",0.019292507214705885,2.595
"[2.595, 2.596)",0.045465761902272736,2.596
"[2.596, 2.597)",0.031113285500000004,2.597
"[2.597, 2.598)",0.0170605450627907,2.598
"[2.598, 2.599)",0.024937281382352933,2.599
"[2.599, 2.6)",0.016193110706122445,2.6
"[2.6, 2.601)",0.024417332341176465,2.601
"[2.601, 2.602)",0.016610679557692295,2.602
"[2.602, 2.603)",0.0199444205,2.603
"[2.603, 2.604)",0.023078335939393943,2.604
"[2.604, 2.605)",0.026976401214285715,2.605
"[2.605, 2.606)",0.022735282175,2.606
"[2.606, 2.607)",0.008623673072972977,2.607
"[2.607, 2.608)",0.020457482807317066,2.608
"[2.608, 2.609)",0.023095146045454543,2.609
"[2.609, 2.61)",0.025878150677419352,2.61
"[2.61, 2.611)",0.04336765564705884,2.611
"[2.611, 2.612)",0.028822874448333327,2.612
"[2.612, 2.613)",0.057324026742857144,2.613
"[2.613, 2.614)",0.0664050737,2.614
"[2.614, 2.615)",0.018083249656250005,2.615
"[2.615, 2.616)",0.030276639452380946,2.616
"[2.616, 2.617)",0.036986500903225805,2.617
"[2.617, 2.618)",0.026920460272727268,2.618
"[2.618, 2.619)",0.05109321022580646,2.619
"[2.619, 2.62)",0.032533921180000015,2.62
"[2.62, 2.621)",0.036104915579310344,2.621
"[2.621, 2.622)",0.027888500475609757,2.622
"[2.622, 2.623)",0.012134172878048785,2.623
"[2.623, 2.624)",0.03724869186212122,2.624
"[2.624, 2.625)",0.04722315695000002,2.625
"[2.625, 2.626)",0.02622081868421053,2.626
"[2.626, 2.6270000000000002)",0.011481089400000003,2.627
"[2.6270000000000002, 2.628)",0.014439156740740745,2.628
"[2.628, 2.629)",0.021643630514285715,2.629
"[2.629, 2.63)",0.02809176860256411,2.63
"[2.63, 2.6310000000000002)",0.026111285638297902,2.631
"[2.6310000000000002, 2.632)",0.041377401046666665,2.632
"[2.632, 2.633)",0.025484527669999996,2.633
"[2.633, 2.634)",0.02833193115214286,2.634
"[2.634, 2.6350000000000002)",0.019271327473684215,2.635
"[2.6350000000000002, 2.636)",0.008774550877500002,2.636
"[2.636, 2.637)",0.02568411797380951,2.637
"[2.637, 2.638)",0.013892860775000005,2.638
"[2.638, 2.6390000000000002)",0.011554122624999998,2.639
"[2.6390000000000002, 2.64)",0.025115697318181817,2.64
"[2.64, 2.641)",0.03927954846428571,2.641
"[2.641, 2.642)",0.030958140684210544,2.642
"[2.642, 2.6430000000000002)",0.028547535117647047,2.643
"[2.6430000000000002, 2.644)",0.025615738871794875,2.644
"[2.644, 2.645)",0.027868536243243244,2.645
"[2.645, 2.646)",0.025517089034285706,2.646
"[2.646, 2.6470000000000002)",0.017850005675,2.647
"[2.6470000000000002, 2.648)",0.06347098413666669,2.648
"[2.648, 2.649)",0.025110417923076916,2.649
"[2.649, 2.65)",0.015863320009047614,2.65
"[2.65, 2.6510000000000002)",0.016980906541666667,2.651
"[2.6510000000000002, 2.652)",0.02614985612499999,2.652
"[2.652, 2.653)",0.020247697135294125,2.653
"[2.653, 2.654)",0.015333380705882357,2.654
"[2.654, 2.6550000000000002)",0.06861301690909093,2.655
"[2.6550000000000002, 2.656)",0.025261755046666664,2.656
"[2.656, 2.657)",0.014858661291666672,2.657
"[2.657, 2.658)",0.04033533156097563,2.658
"[2.658, 2.6590000000000003)",0.01136348875,2.659
"[2.6590000000000003, 2.66)",0.01582070178125,2.66
"[2.66, 2.661)",0.019023840825,2.661
"[2.661, 2.662)",0.04014429748648649,2.662
"[2.662, 2.6630000000000003)",0.0213056387060606,2.663
"[2.6630000000000003, 2.664)",0.027925694265789468,2.664
"[2.664, 2.665)",0.015000066628571429,2.665
"[2.665, 2.666)",0.03537615466666666,2.666
"[2.666, 2.6670000000000003)",0.022246250976744177,2.667
"[2.6670000000000003, 2.668)",0.030782334156249994,2.668
"[2.668, 2.669)",0.025037979366666664,2.669
"[2.669, 2.67)",0.04958358641935484,2.67
"[2.67, 2.6710000000000003)",0.044984352257142875,2.671
"[2.6710000000000003, 2.672)",0.016134621458620692,2.672
"[2.672, 2.673)",0.03552608627586209,2.673
"[2.673, 2.674)",0.04026638789473684,2.674
"[2.674, 2.6750000000000003)",0.030828864655172417,2.675
"[2.6750000000000003, 2.676)",0.008712879241379312,2.676
"[2.676, 2.677)",0.020828623675,2.677
"[2.677, 2.678)",0.02343884385714285,2.678
"[2.678, 2.6790000000000003)",0.02487235271666666,2.679
"[2.6790000000000003, 2.68)",0.026698412088235295,2.68
"[2.68, 2.681)",0.03753204319230769,2.681
"[2.681, 2.682)",0.025218590758620686,2.682
"[2.682, 2.6830000000000003)",0.014241705428571429,2.683
"[2.6830000000000003, 2.684)",0.02319921294444445,2.684
"[2.684, 2.685)",0.026923713483870963,2.685
"[2.685, 2.686)",0.025710414199285714,2.686
"[2.686, 2.6870000000000003)",0.015089833627906973,2.687
"[2.6870000000000003, 2.688)",0.07709102841111111,2.688
"[2.688, 2.689)",0.016331151535714288,2.689
"[2.689, 2.69)",0.035247221885714296,2.69
"[2.69, 2.691)",0.03395033872857143,2.691
"[2.691, 2.692)",0.015796456363636368,2.692
"[2.692, 2.693)",0.017785444078125,2.693
"[2.693, 2.694)",0.04991751115999999,2.694
"[2.694, 2.695)",0.018597527869767434,2.695
"[2.695, 2.696)",0.019995698613157892,2.696
"[2.696, 2.697)",0.02392095227272727,2.697
"[2.697, 2.698)",0.016394576064516123,2.698
"[2.698, 2.699)",0.013447075264516132,2.699
"[2.699, 2.7)",0.031656560086486485,2.7
"[2.7, 2.701)",0.022950828986956537,2.701
"[2.701, 2.702)",0.02599493252205882,2.702
"[2.702, 2.703)",0.019843527908571426,2.703
"[2.703, 2.704)",0.03249906756176471,2.704
"[2.704, 2.705)",0.02228326038,2.705
"[2.705, 2.706)",0.047870557884615396,2.706
"[2.706, 2.707)",0.022035173263888885,2.707
"[2.707, 2.708)",0.030229895722857135,2.708
"[2.708, 2.709)",0.013385358882352942,2.709
"[2.709, 2.71)",0.02287678629117647,2.71
"[2.71, 2.711)",0.012312418451724138,2.711
"[2.711, 2.712)",0.024905423633333326,2.712
"[2.712, 2.713)",0.013592936057142853,2.713
"[2.713, 2.714)",0.024936186172413798,2.714
"[2.714, 2.715)",0.034774579488888895,2.715
"[2.715, 2.716)",0.046868555447368426,2.716
"[2.716, 2.717)",0.026489994,2.717
"[2.717, 2.718)",0.05130087180952379,2.718
"[2.718, 2.719)",0.03701841499705883,2.719
"[2.719, 2.72)",0.02150683560333333,2.72
"[2.72, 2.721)",0.017124678266666676,2.721
"[2.721, 2.722)",0.035731785366666664,2.722
"[2.722, 2.723)",0.031811419333333334,2.723
"[2.723, 2.724)",0.033525090787878783,2.724
"[2.724, 2.725)",0.016787233161290323,2.725
"[2.725, 2.726)",0.07880511496874999,2.726
"[2.726, 2.727)",0.022253608958333334,2.727
"[2.727, 2.728)",0.043920479680000006,2.728
"[2.728, 2.729)",0.014909916500000002,2.729
"[2.729, 2.73)",0.019267356046875,2.73
"[2.73, 2.731)",0.015394005157894736,2.731
"[2.731, 2.732)",0.0275676162,2.732
"[2.732, 2.733)",0.06524365715483872,2.733
"[2.733, 2.734)",0.029497078687499994,2.734
"[2.734, 2.735)",0.031921980454545466,2.735
"[2.735, 2.736)",0.010895203916666665,2.736
"[2.736, 2.737)",0.04361269502857144,2.737
"[2.737, 2.738)",0.031041391884615376,2.738
"[2.738, 2.739)",0.017414924131578944,2.739
"[2.739, 2.74)",0.018976412365853658,2.74
"[2.74, 2.741)",0.024262578222222223,2.741
"[2.741, 2.742)",0.025698420694444432,2.742
"[2.742, 2.743)",0.012682775424242426,2.743
"[2.743, 2.744)",0.037251143413513516,2.744
"[2.744, 2.745)",0.025261489807692307,2.745
"[2.745, 2.746)",0.03560369328125001,2.746
"[2.746, 2.747)",0.04166951651428571,2.747
"[2.747, 2.748)",0.027565967499999993,2.748
"[2.748, 2.749)",0.011544476824137931,2.749
"[2.749, 2.75)",0.01987491155555555,2.75
"[2.75, 2.751)",0.023957171741935488,2.751
"[2.751, 2.7520000000000002)",0.021484439285714287,2.752
"[2.7520000000000002, 2.753)",0.05422393062911764,2.753
"[2.753, 2.754)",0.033496302596551716,2.754
"[2.754, 2.755)",0.04302136694242425,2.755
"[2.755, 2.7560000000000002)",0.01935333073333333,2.756
"[2.7560000000000002, 2.757)",0.013351320714285719,2.757
"[2.757, 2.758)",0.011749701348387096,2.758
"[2.758, 2.759)",0.03687209402857143,2.759
"[2.759, 2.7600000000000002)",0.06049609113043479,2.76
"[2.7600000000000002, 2.761)",0.03285578012,2.761
"[2.761, 2.762)",0.061217447923076956,2.762
"[2.762, 2.763)",0.009182457774193551,2.763
"[2.763, 2.7640000000000002)",0.04246060013157897,2.764
"[2.7640000000000002, 2.765)",0.02419394179310345,2.765
"[2.765, 2.766)",0.03521489730555556,2.766
"[2.766, 2.767)",0.04606438628125,2.767
"[2.767, 2.7680000000000002)",0.06319366006060609,2.768
"[2.7680000000000002, 2.769)",0.02096587416666667,2.769
"[2.769, 2.77)",0.03326389492592593,2.77
"[2.77, 2.771)",0.01526684785882353,2.771
"[2.771, 2.7720000000000002)",0.025860257214285715,2.772
"[2.7720000000000002, 2.773)",0.015646119300000004,2.773
"[2.773, 2.774)",0.04334561534482759,2.774
"[2.774, 2.775)",0.09737524777142856,2.775
"[2.775, 2.7760000000000002)",0.05994914317647058,2.776
"[2.7760000000000002, 2.777)",0.086879754125,2.777
"[2.777, 2.778)",0.01802112142307693,2.778
"[2.778, 2.779)",0.016725839042307695,2.779
"[2.779, 2.7800000000000002)",0.0860431685789474,2.78
"[2.7800000000000002, 2.781)",0.020125619818181822,2.781
"[2.781, 2.782)",0.0420335699411765,2.782
"[2.782, 2.783)",0.02149776859999999,2.783
"[2.783, 2.7840000000000003)",0.01838175745161291,2.784
"[2.7840000000000003, 2.785)",0.017274886846153855,2.785
"[2.785, 2.786)",0.04972435192941177,2.786
"[2.786, 2.787)",0.01733158713636364,2.787
"[2.787, 2.7880000000000003)",0.02400234522608696,2.788
"[2.7880000000000003, 2.789)",0.017367609988461544,2.789
"[2.789, 2.79)",0.028553791974999996,2.79
"[2.79, 2.791)",0.022314578246153845,2.791
"[2.791, 2.7920000000000003)",0.0637888774375,2.792
"[2.7920000000000003, 2.793)",0.02616460591304348,2.793
"[2.793, 2.794)",0.013612341733333333,2.794
"[2.794, 2.795)",0.029776061481481465,2.795
"[2.795, 2.7960000000000003)",0.03435859359374999,2.796
"[2.7960000000000003, 2.797)",0.01623839540625,2.797
"[2.797, 2.798)",0.008840282173913043,2.798
"[2.798, 2.799)",0.024504828382352933,2.799
"[2.799, 2.8000000000000003)",0.015402523993548387,2.8
"[2.8000000000000003, 2.801)",0.024313182944444442,2.801
"[2.801, 2.802)",0.01598090875,2.802
"[2.802, 2.803)",0.04489309386206896,2.803
"[2.803, 2.8040000000000003)",0.01919909188888889,2.804
"[2.8040000000000003, 2.805)",0.02587582955555556,2.805
"[2.805, 2.806)",0.017212646193548387,2.806
"[2.806, 2.807)",0.021673234182051273,2.807
"[2.807, 2.8080000000000003)",0.015155877490000002,2.808
"[2.8080000000000003, 2.809)",0.017276048719999996,2.809
"[2.809, 2.81)",0.018125078795652175,2.81
"[2.81, 2.811)",0.02756093692857143,2.811
"[2.811, 2.8120000000000003)",0.018051375343750002,2.812
"[2.8120000000000003, 2.813)",0.030715523117647057,2.813
"[2.813, 2.814)",0.021677745104347827,2.814
"[2.814, 2.815)",0.014711098750000004,2.815
"[2.815, 2.816)",0.01368399698821429,2.816
"[2.816, 2.817)",0.021951120238095242,2.817
"[2.817, 2.818)",0.018852604739130436,2.818
"[2.818, 2.819)",0.02578966583793103,2.819
"[2.819, 2.82)",0.024568187123684204,2.82
"[2.82, 2.821)",0.019577435914893616,2.821
"[2.821, 2.822)",0.0231535273030303,2.822
"[2.822, 2.823)",0.012445407925925927,2.823
"[2.823, 2.824)",0.02038376717333333,2.824
"[2.824, 2.825)",0.019551312150000003,2.825
"[2.825, 2.826)",0.028314264010344828,2.826
"[2.826, 2.827)",0.026411882499999997,2.827
"[2.827, 2.828)",0.014408362304347826,2.828
"[2.828, 2.829)",0.027280940080000003,2.829
"[2.829, 2.83)",0.03826287711000001,2.83
"[2.83, 2.831)",0.006610652484999998,2.831
"[2.831, 2.832)",0.009593534235294118,2.832
"[2.832, 2.833)",0.013571778582142858,2.833
"[2.833, 2.834)",0.01573916609375,2.834
"[2.834, 2.835)",0.010548124249999999,2.835
"[2.835, 2.836)",0.0182818797826087,2.836
"[2.836, 2.837)",0.05182485684615386,2.837
"[2.837, 2.838)",0.02247369706666667,2.838
"[2.838, 2.839)",0.014717073840000006,2.839
"[2.839, 2.84)",0.023983939423076923,2.84
"[2.84, 2.841)",0.01896570975862069,2.841
"[2.841, 2.842)",0.021370488238095245,2.842
"[2.842, 2.843)",0.015014243749999998,2.843
"[2.843, 2.844)",0.046276228771428576,2.844
"[2.844, 2.845)",0.005891596684210527,2.845
"[2.845, 2.846)",0.031775053121212114,2.846
"[2.846, 2.847)",0.04572636145454545,2.847
"[2.847, 2.848)",0.023722801340000006,2.848
"[2.848, 2.849)",0.032519585185185176,2.849
"[2.849, 2.85)",0.024918416833333335,2.85
"[2.85, 2.851)",0.022258559015384614,2.851
"[2.851, 2.852)",0.009913803772727273,2.852
"[2.852, 2.853)",0.030387474299999995,2.853
"[2.853, 2.854)",0.023926354952380952,2.854
"[2.854, 2.855)",0.07719197550000002,2.855
"[2.855, 2.856)",0.0135699588,2.856
"[2.856, 2.857)",0.03233805595,2.857
"[2.857, 2.858)",0.008483828875,2.858
"[2.858, 2.859)",0.08617950269545459,2.859
"[2.859, 2.86)",0.041119406147058835,2.86
"[2.86, 2.861)",0.027285819919999996,2.861
"[2.861, 2.862)",0.020326324925925926,2.862
"[2.862, 2.863)",0.031480899147058816,2.863
"[2.863, 2.864)",0.009929936212499999,2.864
"[2.864, 2.865)",0.0198161044,2.865
"[2.865, 2.866)",0.042749832848484846,2.866
"[2.866, 2.867)",0.025748950937499994,2.867
"[2.867, 2.868)",0.014620342592592593,2.868
"[2.868, 2.869)",0.0312715779090909,2.869
"[2.869, 2.87)",0.026259659285714283,2.87
"[2.87, 2.871)",0.030949013851851843,2.871
"[2.871, 2.872)",0.028965917576923076,2.872
"[2.872, 2.873)",0.03933106069565217,2.873
"[2.873, 2.874)",0.019287004599999998,2.874
"[2.874, 2.875)",0.03725057632857142,2.875
"[2.875, 2.876)",0.04275153951612904,2.876
"[2.876, 2.8770000000000002)",0.035470668740740736,2.877
"[2.8770000000000002, 2.878)",0.011713799449999998,2.878
"[2.878, 2.879)",0.01843400070370371,2.879
"[2.879, 2.88)",0.01016639320869565,2.88
"[2.88, 2.8810000000000002)",0.016886821722222223,2.881
"[2.8810000000000002, 2.882)",0.031716311532,2.882
"[2.882, 2.883)",0.020245509260869564,2.883
"[2.883, 2.884)",0.009548566869565216,2.884
"[2.884, 2.8850000000000002)",0.025029018096774186,2.885
"[2.8850000000000002, 2.886)",0.03284462396551724,2.886
"[2.886, 2.887)",0.03641420811538461,2.887
"[2.887, 2.888)",0.014084633800000005,2.888
"[2.888, 2.8890000000000002)",0.013855800732812505,2.889
"[2.8890000000000002, 2.89)",0.03034524549291666,2.89
"[2.89, 2.891)",0.026483091392857143,2.891
"[2.891, 2.892)",0.014023816071428575,2.892
"[2.892, 2.8930000000000002)",0.02842075620689654,2.893
"[2.8930000000000002, 2.894)",0.01781381629166667,2.894
"[2.894, 2.895)",0.03469492155172413,2.895
"[2.895, 2.896)",0.030362838444444453,2.896
"[2.896, 2.8970000000000002)",0.00947261509473684,2.897
"[2.8970000000000002, 2.898)",0.019824190070967734,2.898
"[2.898, 2.899)",0.023789967771428572,2.899
"[2.899, 2.9)",0.05070745010714288,2.9
"[2.9, 2.9010000000000002)",0.056334332315789486,2.901
"[2.9010000000000002, 2.902)",0.043262123826086955,2.902
"[2.902, 2.903)",0.031324266747368414,2.903
"[2.903, 2.904)",0.02503660403636364,2.904
"[2.904, 2.9050000000000002)",0.012129135842105263,2.905
"[2.9050000000000002, 2.906)",0.008876024113043479,2.906
"[2.906, 2.907)",0.012986530761904761,2.907
"[2.907, 2.908)",0.022795103460434785,2.908
"[2.908, 2.9090000000000003)",0.023410830611111114,2.909
"[2.9090000000000003, 2.91)",0.021242286217391305,2.91
"[2.91, 2.911)",0.014675472333333333,2.911
"[2.911, 2.912)",0.04391162162500001,2.912
"[2.912, 2.9130000000000003)",0.05874985791304349,2.913
"[2.9130000000000003, 2.914)",0.008092908125000003,2.914
"[2.914, 2.915)",0.022154239529629628,2.915
"[2.915, 2.916)",0.03238619594999999,2.916
"[2.916, 2.9170000000000003)",0.03255828652421052,2.917
"[2.9170000000000003, 2.918)",0.01801801044444444,2.918
"[2.918, 2.919)",0.025926738121212125,2.919
"[2.919, 2.92)",0.013091331444444446,2.92
"[2.92, 2.9210000000000003)",0.03335858682352942,2.921
"[2.9210000000000003, 2.922)",0.03550407869230769,2.922
"[2.922, 2.923)",0.014371683150000003,2.923
"[2.923, 2.924)",0.016847845176470592,2.924
"[2.924, 2.9250000000000003)",0.08029603070370371,2.925
"[2.9250000000000003, 2.926)",0.008524368562500002,2.926
"[2.926, 2.927)",0.028775251052631567,2.927
"[2.927, 2.928)",0.016125755851851848,2.928
"[2.928, 2.9290000000000003)",0.03777752451538461,2.929
"[2.9290000000000003, 2.93)",0.066106124125,2.93
"[2.93, 2.931)",0.03645214374999999,2.931
"[2.931, 2.932)",0.020637768555555554,2.932
"[2.932, 2.9330000000000003)",0.021148833588235296,2.933
"[2.9330000000000003, 2.934)",0.027912061240000004,2.934
"[2.934, 2.935)",0.010433712871428571,2.935
"[2.935, 2.936)",0.08172420795263162,2.936
"[2.936, 2.9370000000000003)",0.01669351103225807,2.937
"[2.9370000000000003, 2.938)",0.057711091750000026,2.938
"[2.938, 2.939)",0.024861595749999996,2.939
"[2.939, 2.94)",0.005734382333333335,2.94
"[2.94, 2.9410000000000003)",0.08763326631818182,2.941
"[2.9410000000000003, 2.942)",0.0631024384782609,2.942
"[2.942, 2.943)",0.03375261388888889,2.943
"[2.943, 2.944)",0.024949521,2.944
"[2.944, 2.945)",0.007824724440000002,2.945
"[2.945, 2.946)",0.020167877125,2.946
"[2.946, 2.947)",0.04366075465,2.947
"[2.947, 2.948)",0.008553714222222222,2.948
"[2.948, 2.949)",0.09647694126666667,2.949
"[2.949, 2.95)",0.03440354858333333,2.95
"[2.95, 2.951)",0.045758153266666664,2.951
"[2.951, 2.952)",0.014741170428571435,2.952
"[2.952, 2.953)",0.020231194405263157,2.953
"[2.953, 2.954)",0.010972838280000001,2.954
"[2.954, 2.955)",0.03313005889999999,2.955
"[2.955, 2.956)",0.028864731095238096,2.956
"[2.956, 2.957)",0.05576139151875,2.957
"[2.957, 2.958)",0.06990863577777778,2.958
"[2.958, 2.959)",0.0477663883846154,2.959
"[2.959, 2.96)",0.02296584204761905,2.96
"[2.96, 2.961)",0.012876028700000005,2.961
"[2.961, 2.962)",0.016060888765000003,2.962
"[2.962, 2.963)",0.022397901526315794,2.963
"[2.963, 2.964)",0.04582209013636363,2.964
"[2.964, 2.965)",0.041530888649999986,2.965
"[2.965, 2.966)",0.01662985838461539,2.966
"[2.966, 2.967)",0.013295661079999998,2.967
"[2.967, 2.968)",0.012986631799999999,2.968
"[2.968, 2.969)",0.0205703735909091,2.969
"[2.969, 2.97)",0.02024796043478261,2.97
"[2.97, 2.971)",0.0182704765,2.971
"[2.971, 2.972)",0.015811166199999997,2.972
"[2.972, 2.973)",0.047314050255555545,2.973
"[2.973, 2.974)",0.02405366404736842,2.974
"[2.974, 2.975)",0.023571785833333334,2.975
"[2.975, 2.976)",0.040157645888888885,2.976
"[2.976, 2.977)",0.015378538764705884,2.977
"[2.977, 2.978)",0.013052596909090908,2.978
"[2.978, 2.979)",0.022719406376190483,2.979
"[2.979, 2.98)",0.04056481399999999,2.98
"[2.98, 2.981)",0.040882337874999994,2.981
"[2.981, 2.982)",0.011757165058823526,2.982
"[2.982, 2.983)",0.021586572333333335,2.983
"[2.983, 2.984)",0.017303850109523813,2.984
"[2.984, 2.985)",0.021198784125,2.985
"[2.985, 2.986)",0.010630260800000003,2.986
"[2.986, 2.987)",0.018851428306250004,2.987
"[2.987, 2.988)",0.031782057294117635,2.988
"[2.988, 2.989)",0.013504629352941177,2.989
"[2.989, 2.99)",0.026402595333333338,2.99
"[2.99, 2.991)",0.007552644230769233,2.991
"[2.991, 2.992)",0.017151111696666672,2.992
"[2.992, 2.993)",0.017733272693750007,2.993
"[2.993, 2.994)",0.02407219076666667,2.994
"[2.994, 2.995)",0.012208975642857141,2.995
"[2.995, 2.996)",0.05033034940000001,2.996
"[2.996, 2.997)",0.00596575423076923,2.997
"[2.997, 2.998)",0.05622397086190477,2.998
"[2.998, 2.999)",0.03725871193399999,2.999
"[2.999, 3.0)",0.016413949818181825,3.0
"[3.0, 3.001)",0.03325071984210526,3.001
"[3.001, 3.0020000000000002)",0.0165543135,3.002
"[3.0020000000000002, 3.003)",0.022605778941176474,3.003
"[3.003, 3.004)",0.03186951514090909,3.004
"[3.004, 3.005)",0.02205893557692307,3.005
"[3.005, 3.0060000000000002)",0.04860163968749999,3.006
"[3.0060000000000002, 3.007)",0.022160997769230768,3.007
"[3.007, 3.008)",0.05243618813333333,3.008
"[3.008, 3.009)",0.020797913761904766,3.009
"[3.009, 3.0100000000000002)",0.05191573159473683,3.01
"[3.0100000000000002, 3.011)",0.00787201410625,3.011
"[3.011, 3.012)",0.02271608947368421,3.012
"[3.012, 3.013)",0.01082125015,3.013
"[3.013, 3.0140000000000002)",0.030502292941176463,3.014
"[3.0140000000000002, 3.015)",0.018474342588235295,3.015
"[3.015, 3.016)",0.0642869666818182,3.016
"[3.016, 3.017)",0.020837342614999997,3.017
"[3.017, 3.0180000000000002)",0.03143552337499998,3.018
"[3.0180000000000002, 3.019)",0.011281805941176467,3.019
"[3.019, 3.02)",0.06130898533333333,3.02
"[3.02, 3.021)",0.025263530954166658,3.021
"[3.021, 3.0220000000000002)",0.03655164731249999,3.022
"[3.0220000000000002, 3.023)",0.07163568018750001,3.023
"[3.023, 3.024)",0.019751536428571432,3.024
"[3.024, 3.025)",0.01761027583333333,3.025
"[3.025, 3.0260000000000002)",0.020515428230769232,3.026
"[3.0260000000000002, 3.027)",0.03678084106666666,3.027
"[3.027, 3.028)",0.0175350874375,3.028
"[3.028, 3.029)",0.020079089899999996,3.029
"[3.029, 3.0300000000000002)",0.011631545454545455,3.03
"[3.0300000000000002, 3.031)",0.006994756352941176,3.031
"[3.031, 3.032)",0.024044593071428578,3.032
"[3.032, 3.033)",0.015155700800000001,3.033
"[3.033, 3.0340000000000003)",0.018244263461538457,3.034
"[3.0340000000000003, 3.035)",0.03895118854545453,3.035
"[3.035, 3.036)",0.04952932944444444,3.036
"[3.036, 3.037)",0.0083817466,3.037
"[3.037, 3.0380000000000003)",0.04000985194117646,3.038
"[3.0380000000000003, 3.039)",0.03815372366666664,3.039
"[3.039, 3.04)",0.03214885966666667,3.04
"[3.04, 3.041)",0.0584793473,3.041
"[3.041, 3.0420000000000003)",0.0124720536,3.042
"[3.0420000000000003, 3.043)",0.005653485090909091,3.043
"[3.043, 3.044)",0.023247166363636364,3.044
"[3.044, 3.045)",0.02101568,3.045
"[3.045, 3.0460000000000003)",0.08420501683529412,3.046
"[3.0460000000000003, 3.047)",0.017461367692307692,3.047
"[3.047, 3.048)",0.034574593,3.048
"[3.048, 3.049)",0.017225162937499996,3.049
"[3.049, 3.0500000000000003)",0.0635139126,3.05
"[3.0500000000000003, 3.051)",0.020268778062500006,3.051
"[3.051, 3.052)",0.02347884330769231,3.052
"[3.052, 3.053)",0.003558033928571429,3.053
"[3.053, 3.0540000000000003)",0.054394315812499996,3.054
"[3.0540000000000003, 3.055)",0.028895608937500004,3.055
"[3.055, 3.056)",0.052189999818181815,3.056
"[3.056, 3.057)",0.05248641661111111,3.057
"[3.057, 3.0580000000000003)",0.029100193039999996,3.058
"[3.0580000000000003, 3.059)",0.00944011,3.059
"[3.059, 3.06)",0.04327148144444443,3.06
"[3.06, 3.061)",0.01889234566666667,3.061
"[3.061, 3.0620000000000003)",0.028597184390476184,3.062
"[3.0620000000000003, 3.063)",0.03395570023076923,3.063
"[3.063, 3.064)",0.0335830567826087,3.064
"[3.064, 3.065)",0.025308982299999998,3.065
"[3.065, 3.0660000000000003)",0.008805709411764706,3.066
"[3.0660000000000003, 3.067)",0.049523417785714285,3.067
"[3.067, 3.068)",0.05737219333333333,3.068
"[3.068, 3.069)",0.03338930238461539,3.069
"[3.069, 3.0700000000000003)",0.06189336607692307,3.07
"[3.0700000000000003, 3.071)",0.022574982523809524,3.071
"[3.071, 3.072)",0.10386843663636366,3.072
"[3.072, 3.073)",0.037765795812499996,3.073
"[3.073, 3.074)",0.09716460977500001,3.074
"[3.074, 3.075)",0.014543662199999998,3.075
"[3.075, 3.076)",0.015899931,3.076
"[3.076, 3.077)",0.011023909692307692,3.077
"[3.077, 3.078)",0.016785237708333334,3.078
"[3.078, 3.079)",0.03358959704285714,3.079
"[3.079, 3.08)",0.016323165238095242,3.08
"[3.08, 3.081)",0.013117053636363639,3.081
"[3.081, 3.082)",0.012082298833333331,3.082
"[3.082, 3.083)",0.045947975375,3.083
"[3.083, 3.084)",0.0205613696,3.084
"[3.084, 3.085)",0.017577271999999998,3.085
"[3.085, 3.086)",0.05355508922222221,3.086
"[3.086, 3.087)",0.037646434,3.087
"[3.087, 3.088)",0.019288754214814813,3.088
"[3.088, 3.089)",0.01472743672,3.089
"[3.089, 3.09)",0.015863617863636364,3.09
"[3.09, 3.091)",0.027437390476190485,3.091
"[3.091, 3.092)",0.0219034946,3.092
"[3.092, 3.093)",0.02342293021428571,3.093
"[3.093, 3.094)",0.040012767559999995,3.094
"[3.094, 3.095)",0.058255756818181806,3.095
"[3.095, 3.096)",0.01944960340769231,3.096
"[3.096, 3.097)",0.017854356938461532,3.097
"[3.097, 3.098)",0.028656714095238105,3.098
"[3.098, 3.099)",0.019054855846153844,3.099
"[3.099, 3.1)",0.012889847235294117,3.1
"[3.1, 3.101)",0.011879521785714286,3.101
"[3.101, 3.102)",0.07118691346666667,3.102
"[3.102, 3.103)",0.010344182363333333,3.103
"[3.103, 3.104)",0.013796206563894738,3.104
"[3.104, 3.105)",0.02387961691666667,3.105
"[3.105, 3.106)",0.019001206363636367,3.106
"[3.106, 3.107)",0.01658602257142857,3.107
"[3.107, 3.108)",0.04995258216666667,3.108
"[3.108, 3.109)",0.051098108999999996,3.109
"[3.109, 3.11)",0.10807258041666667,3.11
"[3.11, 3.111)",0.021359982809523812,3.111
"[3.111, 3.112)",0.023530276583333332,3.112
"[3.112, 3.113)",0.018670609563157903,3.113
"[3.113, 3.114)",0.02110950960833333,3.114
"[3.114, 3.115)",0.012234513300000001,3.115
"[3.115, 3.116)",0.10492379162499998,3.116
"[3.116, 3.117)",0.0215992298,3.117
"[3.117, 3.118)",0.017480574300000003,3.118
"[3.118, 3.119)",0.0080122831625,3.119
"[3.119, 3.12)",0.0175506086,3.12
"[3.12, 3.121)",0.020704771937500005,3.121
"[3.121, 3.122)",0.02700998037500001,3.122
"[3.122, 3.123)",0.019931949363636358,3.123
"[3.123, 3.124)",0.013183767066666666,3.124
"[3.124, 3.125)",0.0559337817368421,3.125
"[3.125, 3.126)",0.022315879599999998,3.126
"[3.126, 3.1270000000000002)",0.028627895846153845,3.127
"[3.1270000000000002, 3.128)",0.019436282049999996,3.128
"[3.128, 3.129)",0.0144094914375,3.129
"[3.129, 3.13)",0.01736067094117647,3.13
"[3.13, 3.1310000000000002)",0.030944085937499997,3.131
"[3.1310000000000002, 3.132)",0.029108267833333337,3.132
"[3.132, 3.133)",0.012711701333333332,3.133
"[3.133, 3.134)",0.018668982910000003,3.134
"[3.134, 3.1350000000000002)",0.03218343407692308,3.135
"[3.1350000000000002, 3.136)",0.04815907721052631,3.136
"[3.136, 3.137)",0.02245564363636364,3.137
"[3.137, 3.138)",0.0286456728125,3.138
"[3.138, 3.1390000000000002)",0.03199718238095237,3.139
"[3.1390000000000002, 3.14)",0.025670823000000002,3.14
"[3.14, 3.141)",0.018953214727272728,3.141
"[3.141, 3.142)",0.06026414725,3.142
"[3.142, 3.1430000000000002)",0.041453793692307686,3.143
"[3.1430000000000002, 3.144)",0.023323533187500006,3.144
"[3.144, 3.145)",0.05205051191666666,3.145
"[3.145, 3.146)",0.10101918230769232,3.146
"[3.146, 3.1470000000000002)",0.0257074048,3.147
"[3.1470000000000002, 3.148)",0.03750261307142857,3.148
"[3.148, 3.149)",0.024633384470588236,3.149
"[3.149, 3.15)",0.030524843529411767,3.15
"[3.15, 3.1510000000000002)",0.017532320663636365,3.151
"[3.1510000000000002, 3.152)",0.03282994060833333,3.152
"[3.152, 3.153)",0.05253212307142857,3.153
"[3.153, 3.154)",0.03641503777777778,3.154
"[3.154, 3.1550000000000002)",0.027242771305555552,3.155
"[3.1550000000000002, 3.156)",0.021464535500000007,3.156
"[3.156, 3.157)",0.03920603533333333,3.157
"[3.157, 3.158)",0.07083405912500003,3.158
"[3.158, 3.1590000000000003)",0.03399313111111111,3.159
"[3.1590000000000003, 3.16)",0.026186065727272733,3.16
"[3.16, 3.161)",0.025860802904761913,3.161
"[3.161, 3.162)",0.0280603645,3.162
"[3.162, 3.1630000000000003)",0.025332906199999995,3.163
"[3.1630000000000003, 3.164)",0.024493289410000004,3.164
"[3.164, 3.165)",0.022018754531250004,3.165
"[3.165, 3.166)",0.054968420000000004,3.166
"[3.166, 3.1670000000000003)",0.016785066874999997,3.167
"[3.1670000000000003, 3.168)",0.08128004538461539,3.168
"[3.168, 3.169)",0.0734068783,3.169
"[3.169, 3.17)",0.014103379999999999,3.17
"[3.17, 3.1710000000000003)",0.021020519533333334,3.171
"[3.1710000000000003, 3.172)",0.03874948584615385,3.172
"[3.172, 3.173)",0.023991119666666668,3.173
"[3.173, 3.174)",0.025054574866666665,3.174
"[3.174, 3.1750000000000003)",0.03798105734347825,3.175
"[3.1750000000000003, 3.176)",0.019228262222222223,3.176
"[3.176, 3.177)",0.026246929466666666,3.177
"[3.177, 3.178)",0.028908890000000007,3.178
"[3.178, 3.1790000000000003)",0.05004012015789473,3.179
"[3.1790000000000003, 3.18)",0.017197306666666665,3.18
"[3.18, 3.181)",0.011907842499999998,3.181
"[3.181, 3.182)",0.0241256897,3.182
"[3.182, 3.1830000000000003)",0.0375439533125,3.183
"[3.1830000000000003, 3.184)",0.019493590272727276,3.184
"[3.184, 3.185)",0.04983022949999998,3.185
"[3.185, 3.186)",0.015591225363636363,3.186
"[3.186, 3.1870000000000003)",0.016121741928571427,3.187
"[3.1870000000000003, 3.188)",0.032454371277777776,3.188
"[3.188, 3.189)",0.027870494695652174,3.189
"[3.189, 3.19)",0.0259846662,3.19
"[3.19, 3.1910000000000003)",0.02291831986666667,3.191
"[3.1910000000000003, 3.192)",0.04846182407692306,3.192
"[3.192, 3.193)",0.030930259571428576,3.193
"[3.193, 3.194)",0.04848329733,3.194
"[3.194, 3.1950000000000003)",0.0129444569875,3.195
"[3.1950000000000003, 3.196)",0.016910636416666666,3.196
"[3.196, 3.197)",0.011039628833333334,3.197
"[3.197, 3.198)",0.008151924533333334,3.198
"[3.198, 3.1990000000000003)",0.045368041769230774,3.199
"[3.1990000000000003, 3.2)",0.009347412307692309,3.2
"[3.2, 3.201)",0.008214097007142856,3.201
"[3.201, 3.202)",0.008958920941176467,3.202
"[3.202, 3.203)",0.037678524500000005,3.203
"[3.203, 3.204)",0.036592963583333346,3.204
"[3.204, 3.205)",0.025297872599999993,3.205
"[3.205, 3.206)",0.02357876925,3.206
"[3.206, 3.207)",0.023725852600000003,3.207
"[3.207, 3.208)",0.031673574444444436,3.208
"[3.208, 3.209)",0.03150932506666666,3.209
"[3.209, 3.21)",0.015059865882352945,3.21
"[3.21, 3.211)",0.005917440312500002,3.211
"[3.211, 3.212)",0.031125612100000005,3.212
"[3.212, 3.213)",0.005657203015384616,3.213
"[3.213, 3.214)",0.038052811750000005,3.214
"[3.214, 3.215)",0.03165910715384616,3.215
"[3.215, 3.216)",0.025551491299999996,3.216
"[3.216, 3.217)",0.021274590400000005,3.217
"[3.217, 3.218)",0.01577399921428571,3.218
"[3.218, 3.219)",0.017543911583333335,3.219
"[3.219, 3.22)",0.066932102,3.22
"[3.22, 3.221)",0.038896618095454534,3.221
"[3.221, 3.222)",0.0453322519047619,3.222
"[3.222, 3.223)",0.011796733117647059,3.223
"[3.223, 3.224)",0.02820140765217391,3.224
"[3.224, 3.225)",0.015566283166666667,3.225
"[3.225, 3.226)",0.014385157357142856,3.226
"[3.226, 3.227)",0.04136888327272727,3.227
"[3.227, 3.228)",0.013824410466666664,3.228
"[3.228, 3.229)",0.08639976011428571,3.229
"[3.229, 3.23)",0.014781962707692305,3.23
"[3.23, 3.231)",0.0046447842857142855,3.231
"[3.231, 3.232)",0.010805254636363637,3.232
"[3.232, 3.233)",0.03315937481818182,3.233
"[3.233, 3.234)",0.03373638194117647,3.234
"[3.234, 3.235)",0.018210809947368428,3.235
"[3.235, 3.236)",0.01932161542105264,3.236
"[3.236, 3.237)",0.09535613870588236,3.237
"[3.237, 3.238)",0.016743837818181815,3.238
"[3.238, 3.239)",0.07874053525,3.239
"[3.239, 3.24)",0.013530885040740744,3.24
"[3.24, 3.241)",0.008244291857142858,3.241
"[3.241, 3.242)",0.02174807752631579,3.242
"[3.242, 3.243)",0.04287260638461537,3.243
"[3.243, 3.244)",0.035954069514285716,3.244
"[3.244, 3.245)",0.029179783636363643,3.245
"[3.245, 3.246)",0.006329953499999999,3.246
"[3.246, 3.247)",0.03615306666666668,3.247
"[3.247, 3.248)",0.08605956665000002,3.248
"[3.248, 3.249)",0.04918131118750001,3.249
"[3.249, 3.25)",0.01950677753333334,3.25
"[3.25, 3.251)",0.027116262912499998,3.251
"[3.251, 3.2520000000000002)",0.0708590165,3.252
"[3.2520000000000002, 3.253)",0.026808912749999997,3.253
"[3.253, 3.254)",0.012813926615384615,3.254
"[3.254, 3.255)",0.033433190333333335,3.255
"[3.255, 3.2560000000000002)",0.012931439555555556,3.256
"[3.2560000000000002, 3.257)",0.004981838999999999,3.257
"[3.257, 3.258)",0.017928443366666668,3.258
"[3.258, 3.259)",0.019905826142857148,3.259
"[3.259, 3.2600000000000002)",0.046000336363636346,3.26
"[3.2600000000000002, 3.261)",0.01550129277777778,3.261
"[3.261, 3.262)",0.023740545714285716,3.262
"[3.262, 3.263)",0.03132990366666667,3.263
"[3.263, 3.2640000000000002)",0.006741517416666666,3.264
"[3.2640000000000002, 3.265)",0.00804893018,3.265
"[3.265, 3.266)",0.05851957750000001,3.266
"[3.266, 3.267)",0.019421124083333335,3.267
"[3.267, 3.2680000000000002)",0.05143118120000001,3.268
"[3.2680000000000002, 3.269)",0.010015589333333333,3.269
"[3.269, 3.27)",0.011812964300000001,3.27
"[3.27, 3.271)",0.010164390909090909,3.271
"[3.271, 3.2720000000000002)",0.044042137,3.272
"[3.2720000000000002, 3.273)",0.0156262857,3.273
"[3.273, 3.274)",0.014170676500000002,3.274
"[3.274, 3.275)",0.02851635306545455,3.275
"[3.275, 3.2760000000000002)",0.02542461125,3.276
"[3.2760000000000002, 3.277)",0.02516190125,3.277
"[3.277, 3.278)",0.04456558027272728,3.278
"[3.278, 3.279)",0.013231776307692306,3.279
"[3.279, 3.2800000000000002)",0.05741638690909091,3.28
"[3.2800000000000002, 3.281)",0.02075862,3.281
"[3.281, 3.282)",0.005220766666666667,3.282
"[3.282, 3.283)",0.013229815375000002,3.283
"[3.283, 3.2840000000000003)",0.050430655375,3.284
"[3.2840000000000003, 3.285)",0.014104335714285715,3.285
"[3.285, 3.286)",0.04370608833333333,3.286
"[3.286, 3.287)",0.0050268182,3.287
"[3.287, 3.2880000000000003)",0.08937530172727272,3.288
"[3.2880000000000003, 3.289)",0.05782189399999999,3.289
"[3.289, 3.29)",0.07171079145454544,3.29
"[3.29, 3.291)",0.017188083833333336,3.291
"[3.291, 3.2920000000000003)",0.005542876908333333,3.292
"[3.2920000000000003, 3.293)",0.0458055470125,3.293
"[3.293, 3.294)",0.02949767627272727,3.294
"[3.294, 3.295)",0.0034812163333333332,3.295
"[3.295, 3.2960000000000003)",0.0222364725,3.296
"[3.2960000000000003, 3.297)",0.01242883857142857,3.297
"[3.297, 3.298)",0.036373115166666664,3.298
"[3.298, 3.299)",0.0097097586,3.299
"[3.299, 3.3000000000000003)",0.02103855333333333,3.3
"[3.3000000000000003, 3.301)",0.06738753709999999,3.301
"[3.301, 3.302)",0.02956774125,3.302
"[3.302, 3.303)",0.0424019026125,3.303
"[3.303, 3.3040000000000003)",0.029843915500000002,3.304
"[3.3040000000000003, 3.305)",0.014103052166666664,3.305
"[3.305, 3.306)",0.04146954754545456,3.306
"[3.306, 3.307)",0.0974793131625,3.307
"[3.307, 3.3080000000000003)",0.13251571555555555,3.308
"[3.3080000000000003, 3.309)",0.0060681841666666665,3.309
"[3.309, 3.31)",0.01222905042857143,3.31
"[3.31, 3.311)",0.039858449222222224,3.311
"[3.311, 3.3120000000000003)",0.01586019357142857,3.312
"[3.3120000000000003, 3.313)",0.013052168280000002,3.313
"[3.313, 3.314)",0.024846126666666666,3.314
"[3.314, 3.315)",0.026974991857142857,3.315
"[3.315, 3.3160000000000003)",0.09073436266666667,3.316
"[3.3160000000000003, 3.317)",0.0461309225,3.317
"[3.317, 3.318)",0.00964607575,3.318
"[3.318, 3.319)",0.10510420536363639,3.319
"[3.319, 3.3200000000000003)",0.009053921659999999,3.32
"[3.3200000000000003, 3.321)",0.02263263,3.321
"[3.321, 3.322)",0.03664839614285714,3.322
"[3.322, 3.323)",0.015575959363636366,3.323
"[3.323, 3.3240000000000003)",0.03778635185714286,3.324
"[3.3240000000000003, 3.325)",0.040300605,3.325
"[3.325, 3.326)",0.050327117142857154,3.326
"[3.326, 3.327)",0.004191481625,3.327
"[3.327, 3.3280000000000003)",0.01133723325,3.328
"[3.3280000000000003, 3.329)",0.0081372946,3.329
"[3.329, 3.33)",0.009165343833333334,3.33
"[3.33, 3.331)",0.024622490142857143,3.331
"[3.331, 3.332)",0.0014332065,3.332
"[3.332, 3.333)",0.0083848774,3.333
"[3.333, 3.334)",0.013157348499999999,3.334
"[3.334, 3.335)",0.0270711025,3.335
"[3.335, 3.336)",0.00395498,3.336
"[3.336, 3.337)",0.013326329497,3.337
"[3.337, 3.338)",0.108763161,3.338
"[3.338, 3.339)",0.025847151,3.339
"[3.339, 3.34)",0.0223435241,3.34
"[3.34, 3.341)",0.013445323333333334,3.341
"[3.341, 3.342)",0.005313567454545454,3.342
"[3.342, 3.343)",0.011363892,3.343
"[3.343, 3.344)",0.0113250686,3.344
"[3.344, 3.345)",0.08666533716666665,3.345
"[3.345, 3.346)",0.004404531333333333,3.346
"[3.346, 3.347)",0.011957026499999999,3.347
"[3.347, 3.348)",0.027562644999999997,3.348
"[3.348, 3.349)",0.01759056111111111,3.349
"[3.349, 3.35)",0.0114641532,3.35
"[3.35, 3.351)",0.0045629191999999996,3.351
"[3.351, 3.352)",0.015013438000000002,3.352
"[3.352, 3.353)",0.011472350333333334,3.353
"[3.353, 3.354)",0.019733602555555556,3.354
"[3.354, 3.355)",0.002979313571428572,3.355
"[3.355, 3.356)",0.0190707546,3.356
"[3.356, 3.357)",0.008979685727272728,3.357
"[3.357, 3.358)",0.005250293333333334,3.358
"[3.358, 3.359)",0.023343382000000003,3.359
"[3.359, 3.36)",0.08592037833333332,3.36
"[3.36, 3.361)",0.00811389,3.361
"[3.361, 3.362)",0.005056217875,3.362
"[3.362, 3.363)",0.011800676666666668,3.363
"[3.363, 3.364)",0.019850697142857143,3.364
"[3.364, 3.365)",0.047570208571428574,3.365
"[3.365, 3.366)",0.05884534471428572,3.366
"[3.366, 3.367)",0.014150750428571428,3.367
"[3.367, 3.368)",0.00466261765,3.368
"[3.368, 3.369)",0.03460049033333333,3.369
"[3.369, 3.37)",0.022020259999999996,3.37
"[3.37, 3.371)",0.012705936000000001,3.371
"[3.371, 3.372)",0.009702817375,3.372
"[3.372, 3.373)",0.0027050525999999997,3.373
"[3.373, 3.374)",0.0061435825,3.374
"[3.374, 3.375)",0.03546712125,3.375
"[3.375, 3.376)",0.0088680035,3.376
"[3.376, 3.3770000000000002)",0.18497578166666664,3.377
"[3.3770000000000002, 3.378)",0.030811407166666662,3.378
"[3.378, 3.379)",0.027620086666666665,3.379
"[3.379, 3.38)",0.004528233333333334,3.38
"[3.38, 3.3810000000000002)",0.00850342057142857,3.381
"[3.3810000000000002, 3.382)",0.04660553,3.382
"[3.382, 3.383)",0.074634426,3.383
"[3.383, 3.384)",0.03635374833333334,3.384
"[3.384, 3.3850000000000002)",0.008165333,3.385
"[3.3850000000000002, 3.386)",0.02405887033333333,3.386
"[3.386, 3.387)",0.005459386666666666,3.387
"[3.387, 3.388)",0.021374633333333337,3.388
"[3.388, 3.3890000000000002)",0.016807108249999998,3.389
"[3.3890000000000002, 3.39)",0.024341642199999996,3.39
"[3.39, 3.391)",0.07647160659999999,3.391
"[3.391, 3.392)",0.026207285,3.392
"[3.392, 3.3930000000000002)",0.011115203333333332,3.393
"[3.3930000000000002, 3.394)",0.0320295934,3.394
"[3.394, 3.395)",0.005113293285714285,3.395
"[3.395, 3.396)",0.04855440253333334,3.396
"[3.396, 3.3970000000000002)",0.01560626825,3.397
"[3.3970000000000002, 3.398)",0.013401574166666666,3.398
"[3.398, 3.399)",0.016556882075,3.399
"[3.399, 3.4)",0.3756372425,3.4
"[3.4, 3.4010000000000002)",0.026516478000000003,3.401
"[3.4010000000000002, 3.402)",0.029698277500000005,3.402
"[3.402, 3.403)",0.0376182725,3.403
"[3.403, 3.404)",0.00671349575,3.404
"[3.404, 3.4050000000000002)",0.0204465,3.405
"[3.4050000000000002, 3.406)",0.019753689333333335,3.406
"[3.406, 3.407)",0.009533306142857143,3.407
"[3.407, 3.408)",0.023073174999999998,3.408
"[3.408, 3.4090000000000003)",0.007900270285714285,3.409
"[3.4090000000000003, 3.41)",0.01445610215,3.41
"[3.41, 3.411)",0.021677722499999996,3.411
"[3.411, 3.412)",0.017441497333333333,3.412
"[3.412, 3.4130000000000003)",0.006233761666666666,3.413
"[3.4130000000000003, 3.414)",0.01858408,3.414
"[3.414, 3.415)",0.013198077874999999,3.415
"[3.415, 3.416)",0.008718758249999998,3.416
"[3.416, 3.4170000000000003)",0.0703285906,3.417
"[3.4170000000000003, 3.418)",0.013264220599999998,3.418
"[3.418, 3.419)",0.0207389655,3.419
"[3.419, 3.42)",0.032925496666666665,3.42
"[3.42, 3.4210000000000003)",0.011704804249999999,3.421
"[3.4210000000000003, 3.422)",0.0014431965999999999,3.422
"[3.422, 3.423)",0.01574374657142857,3.423
"[3.423, 3.424)",0.007740227125,3.424
"[3.424, 3.4250000000000003)",0.020022179,3.425
"[3.4250000000000003, 3.426)",0.015070966500000001,3.426
"[3.426, 3.427)",0.02681571571428571,3.427
"[3.427, 3.428)",0.04563194216666667,3.428
"[3.428, 3.4290000000000003)",0.009950023333333334,3.429
"[3.4290000000000003, 3.43)",0.0092983025,3.43
"[3.43, 3.431)",0.007490177571428571,3.431
"[3.431, 3.432)",0.04966472,3.432
"[3.432, 3.4330000000000003)",0.06387446333333334,3.433
"[3.4330000000000003, 3.434)",0.025304501666666673,3.434
"[3.434, 3.435)",0.04581708216666666,3.435
"[3.435, 3.436)",0.10569893400000001,3.436
"[3.436, 3.4370000000000003)",0.05357873757142857,3.437
"[3.4370000000000003, 3.438)",0.065930336,3.438
"[3.438, 3.439)",0.008502622599999999,3.439
"[3.439, 3.44)",0.06211737614285715,3.44
"[3.44, 3.4410000000000003)",0.016091605000000002,3.441
"[3.4410000000000003, 3.442)",0.0035101806666666666,3.442
"[3.442, 3.443)",0.0032753674999999997,3.443
"[3.443, 3.444)",0.000116338,3.444
"[3.444, 3.4450000000000003)",0.007032197666666666,3.445
"[3.4450000000000003, 3.446)",0.06917937666666667,3.446
"[3.446, 3.447)",0.002206269,3.447
"[3.447, 3.448)",0.009511055249999999,3.448
"[3.448, 3.4490000000000003)",0.0180211322,3.449
"[3.4490000000000003, 3.45)",0.01896779714285714,3.45
"[3.45, 3.451)",0.004069188666666667,3.451
"[3.451, 3.452)",0.039499616625000004,3.452
"[3.452, 3.4530000000000003)",0.013634577666666666,3.453
"[3.4530000000000003, 3.454)",0.0025392525000000003,3.454
"[3.454, 3.455)",0.061331449999999996,3.455
"[3.455, 3.456)",0.0641771686,3.456
"[3.456, 3.457)",0.10087082333333335,3.457
"[3.457, 3.458)",0.029849838333333333,3.458
"[3.458, 3.459)",0.022125255,3.459
"[3.459, 3.46)",0.01592351625,3.46
"[3.46, 3.461)",0.0011453700000000002,3.461
"[3.461, 3.462)",0.0123517,3.462
"[3.462, 3.463)",0.0179670095,3.463
"[3.463, 3.464)",0.0070467686,3.464
"[3.464, 3.465)",0.017491175999999997,3.465
"[3.465, 3.466)",0.012709052000000002,3.466
"[3.466, 3.467)",0.07057605,3.467
"[3.467, 3.468)",0.041956633333333326,3.468
"[3.468, 3.469)",0.01116566325,3.469
"[3.469, 3.47)",0.016563632000000002,3.47
"[3.47, 3.471)",0.0175022425,3.471
"[3.471, 3.472)",0.0225927784,3.472
"[3.472, 3.473)",0.0052426775,3.473
"[3.473, 3.474)",0.0733597972,3.474
"[3.474, 3.475)",0.009938623333333334,3.475
"[3.475, 3.476)",0.0026097758,3.476
"[3.476, 3.477)",0.0156479665,3.477
"[3.477, 3.478)",0.07094799422222223,3.478
"[3.478, 3.479)",0.022157310238333335,3.479
"[3.479, 3.48)",0.0029724621666666665,3.48
"[3.48, 3.481)",0.04652552762500001,3.481
"[3.481, 3.482)",0.0483377,3.482
"[3.482, 3.483)",0.004857163250000001,3.483
"[3.483, 3.484)",0.02028457333333333,3.484
"[3.484, 3.485)",0.0030488621666666664,3.485
"[3.485, 3.486)",0.006725217199999999,3.486
"[3.486, 3.487)",0.03954504216666667,3.487
"[3.487, 3.488)",0.010628255,3.488
"[3.488, 3.489)",0.005005351,3.489
"[3.489, 3.49)",0.0169082432,3.49
"[3.49, 3.491)",0.00354374,3.491
"[3.491, 3.492)",0.01522216675,3.492
"[3.492, 3.493)",0.020325507166666666,3.493
"[3.493, 3.494)",0.0450787346,3.494
"[3.494, 3.495)",0.061798825375000005,3.495
"[3.495, 3.496)",0.0301564,3.496
"[3.496, 3.497)",0.021451392923076924,3.497
"[3.497, 3.498)",0.02158997262,3.498
"[3.498, 3.499)",0.0030298125,3.499
"[3.499, 3.5)",0.02521397057142857,3.5
"[3.5, 3.501)",0.03330898,3.501
"[3.501, 3.5020000000000002)",0.028224945,3.502
"[3.5020000000000002, 3.503)",0.010597224166666667,3.503
"[3.503, 3.504)",0.0047920932857142854,3.504
"[3.504, 3.505)",0.07888229714285713,3.505
"[3.505, 3.5060000000000002)",0.011066742499999999,3.506
"[3.5060000000000002, 3.507)",0.018490015,3.507
"[3.507, 3.508)",0.0174086612625,3.508
"[3.508, 3.509)",0.03648693333333334,3.509
"[3.509, 3.5100000000000002)",0.06530888666666666,3.51
"[3.5100000000000002, 3.511)",0.0095943925,3.511
"[3.511, 3.512)",0.030802475000000003,3.512
"[3.512, 3.513)",0.0031677233333333335,3.513
"[3.513, 3.5140000000000002)",0.01852585333333333,3.514
"[3.5140000000000002, 3.515)",0.00327051,3.515
"[3.515, 3.516)",0.0040557085,3.516
"[3.516, 3.517)",0.03613524057142858,3.517
"[3.517, 3.5180000000000002)",0.00104414,3.518
"[3.5180000000000002, 3.519)",0.012575729999999999,3.519
"[3.519, 3.52)",0.05602030042857142,3.52
"[3.52, 3.521)",0.025782652875,3.521
"[3.521, 3.5220000000000002)",0.01156139,3.522
"[3.5220000000000002, 3.523)",0.025600689999999995,3.523
"[3.523, 3.524)",0.026136949999999996,3.524
"[3.524, 3.525)",0.0192389286,3.525
"[3.525, 3.5260000000000002)",0.011208226666666666,3.526
"[3.5260000000000002, 3.527)",0.029225748333333332,3.527
"[3.527, 3.528)",0.009593456142857143,3.528
"[3.528, 3.529)",0.025830218833333335,3.529
"[3.529, 3.5300000000000002)",0.0196135552,3.53
"[3.5300000000000002, 3.531)",0.06517697216666667,3.531
"[3.531, 3.532)",0.027042341300000005,3.532
"[3.532, 3.533)",0.00145476,3.533
"[3.533, 3.5340000000000003)",0.003433315,3.534
"[3.5340000000000003, 3.535)",0.0173183475,3.535
"[3.535, 3.536)",7.0772e-5,3.536
"[3.536, 3.537)",0.01570898,3.537
"[3.537, 3.5380000000000003)",0.04571566550000001,3.538
"[3.5380000000000003, 3.539)",0.033393574599999996,3.539
"[3.539, 3.54)",0.0244831066,3.54
"[3.54, 3.541)",0.16454036,3.541
"[3.541, 3.5420000000000003)",0.0191462125,3.542
"[3.5420000000000003, 3.543)",0.009024466,3.543
"[3.543, 3.544)",0.010084861666666667,3.544
"[3.544, 3.545)",0.007571372166666666,3.545
"[3.545, 3.5460000000000003)",0.02012775588888889,3.546
"[3.5460000000000003, 3.547)",0.07203645333333333,3.547
"[3.547, 3.548)",0.026410605714285714,3.548
"[3.548, 3.549)",0.017866822538461537,3.549
"[3.549, 3.5500000000000003)",0.012520668599999998,3.55
"[3.5500000000000003, 3.551)",0.01420182,3.551
"[3.551, 3.552)",0.06773682660000001,3.552
"[3.552, 3.553)",0.022571907,3.553
"[3.553, 3.5540000000000003)",0.044809183249999995,3.554
"[3.5540000000000003, 3.555)",0.020866460545454546,3.555
"[3.555, 3.556)",0.037855947800000005,3.556
"[3.556, 3.557)",0.17947587383333338,3.557
"[3.557, 3.5580000000000003)",0.06906702209090909,3.558
"[3.5580000000000003, 3.559)",0.01267234471111111,3.559
"[3.559, 3.56)",0.08940175727272727,3.56
"[3.56, 3.561)",0.06744744444444445,3.561
"[3.561, 3.5620000000000003)",0.019455180000000002,3.562
"[3.5620000000000003, 3.563)",0.07437378916666666,3.563
"[3.563, 3.564)",0.05153303629999999,3.564
"[3.564, 3.565)",0.005493736333333333,3.565
"[3.565, 3.5660000000000003)",0.012851294714285715,3.566
"[3.5660000000000003, 3.567)",0.005825748111111111,3.567
"[3.567, 3.568)",0.024737541825,3.568
"[3.568, 3.569)",0.059321870666666644,3.569
"[3.569, 3.5700000000000003)",0.013961883599999999,3.57
"[3.5700000000000003, 3.571)",0.023689244999999998,3.571
"[3.571, 3.572)",0.021703337875,3.572
"[3.572, 3.573)",0.012843900000000002,3.573
"[3.573, 3.5740000000000003)",0.012076556909090909,3.574
"[3.5740000000000003, 3.575)",0.018131598545454545,3.575
"[3.575, 3.576)",0.032563640750000004,3.576
"[3.576, 3.577)",0.05979754514285714,3.577
"[3.577, 3.5780000000000003)",0.12196703325000001,3.578
"[3.5780000000000003, 3.579)",0.015245730714285713,3.579
"[3.579, 3.58)",0.018524583142857143,3.58
"[3.58, 3.581)",0.0065994881111111105,3.581
"[3.581, 3.5820000000000003)",0.018492422333333335,3.582
"[3.5820000000000003, 3.583)",0.059684036666666676,3.583
"[3.583, 3.584)",0.041485317142857144,3.584
"[3.584, 3.585)",0.07191632185714285,3.585
"[3.585, 3.586)",0.013682253285714287,3.586
"[3.586, 3.587)",0.00038220036666666667,3.587
"[3.587, 3.588)",0.015965968599999998,3.588
"[3.588, 3.589)",0.011496490333333336,3.589
"[3.589, 3.59)",0.07388707,3.59
"[3.59, 3.591)",0.00873784825,3.591
"[3.591, 3.592)",0.03725184325,3.592
"[3.592, 3.593)",0.025000145888888888,3.593
"[3.593, 3.594)",0.022885939,3.594
"[3.594, 3.595)",0.006002153333333333,3.595
"[3.595, 3.596)",0.015814460375000002,3.596
"[3.596, 3.597)",0.024929655111111115,3.597
"[3.597, 3.598)",0.011335244333333333,3.598
"[3.598, 3.599)",0.061887934,3.599
"[3.599, 3.6)",0.0123897286,3.6
"[3.6, 3.601)",0.01269172,3.601
"[3.601, 3.602)",0.00559538,3.602
"[3.602, 3.603)",0.038243724,3.603
"[3.603, 3.604)",0.027426351857142855,3.604
"[3.604, 3.605)",0.0334348,3.605
"[3.605, 3.606)",0.16586823666666667,3.606
"[3.606, 3.607)",0.0007674678,3.607
"[3.607, 3.608)",0.006546355,3.608
"[3.608, 3.609)",0.00544071575,3.609
"[3.609, 3.61)",0.013258694000000001,3.61
"[3.611, 3.612)",0.00952016075,3.611
"[3.612, 3.613)",0.0289807,3.612
"[3.613, 3.614)",0.0008801715000000001,3.613
"[3.614, 3.615)",0.0492833406,3.614
"[3.615, 3.616)",0.052007109222222216,3.615
"[3.616, 3.617)",0.021476379999999996,3.616
"[3.617, 3.618)",0.030288335500000003,3.617
"[3.618, 3.619)",0.009764272499999999,3.618
"[3.619, 3.62)",0.03999264555555556,3.619
"[3.62, 3.621)",0.06615067499999999,3.62
"[3.621, 3.622)",0.024643545,3.621
"[3.622, 3.623)",0.029403806499999994,3.622
"[3.623, 3.624)",0.005512682599999999,3.623
"[3.624, 3.625)",0.018252848600000003,3.624
"[3.625, 3.626)",0.019141692166666665,3.625
"[3.626, 3.6270000000000002)",0.014457153750000002,3.626
"[3.6270000000000002, 3.628)",0.077764941375,3.627
"[3.628, 3.629)",0.0104842655,3.628
"[3.629, 3.63)",0.017345317,3.629
"[3.63, 3.6310000000000002)",0.09164161571428572,3.63
"[3.6310000000000002, 3.632)",0.16248513599999997,3.631
"[3.632, 3.633)",0.137200802,3.632
"[3.633, 3.634)",0.020296048718181817,3.633
"[3.634, 3.6350000000000002)",0.07840206000000001,3.634
"[3.6350000000000002, 3.636)",0.012080953833333333,3.635
"[3.636, 3.637)",0.0237661474,3.636
"[3.637, 3.638)",0.009600528333333332,3.637
"[3.638, 3.6390000000000002)",0.021312259142857146,3.638
"[3.6390000000000002, 3.64)",0.0266984,3.639
"[3.64, 3.641)",0.0062128726000000006,3.64
"[3.641, 3.642)",0.00110742,3.641
"[3.642, 3.6430000000000002)",0.0013586015,3.642
"[3.6430000000000002, 3.644)",0.018889574,3.643
"[3.644, 3.645)",0.023099198999999997,3.644
"[3.645, 3.646)",0.008691774599999999,3.645
"[3.646, 3.6470000000000002)",0.002599813333333333,3.646
"[3.6470000000000002, 3.648)",0.04627228,3.647
"[3.648, 3.649)",0.0143171506,3.648
"[3.649, 3.65)",0.006765885,3.649
"[3.65, 3.6510000000000002)",0.0024527056666666667,3.65
"[3.6510000000000002, 3.652)",0.0256149146,3.651
"[3.652, 3.653)",0.0040100907500000005,3.652
"[3.653, 3.654)",0.01475024433333333,3.653
"[3.654, 3.6550000000000002)",0.0023409461428571428,3.654
"[3.6550000000000002, 3.656)",0.026298085,3.655
"[3.656, 3.657)",0.030654543250000003,3.656
"[3.657, 3.658)",0.012519989999999998,3.657
"[3.658, 3.6590000000000003)",0.037277369,3.658
"[3.6590000000000003, 3.66)",0.004104214285714286,3.659
"[3.66, 3.661)",0.017749845,3.66
"[3.661, 3.662)",0.048705110071428574,3.661
"[3.662, 3.6630000000000003)",0.086322695,3.662
"[3.6630000000000003, 3.664)",0.09122875333333332,3.663
"[3.664, 3.665)",0.00618495575,3.664
"[3.665, 3.666)",0.005784825,3.665
"[3.666, 3.6670000000000003)",0.0512796316,3.666
"[3.6670000000000003, 3.668)",0.0232329542,3.667
"[3.668, 3.669)",0.012959346666666668,3.668
"[3.669, 3.67)",0.009160246833333333,3.669
"[3.67, 3.6710000000000003)",0.015026355,3.67
"[3.6710000000000003, 3.672)",0.18507004273333336,3.671
"[3.672, 3.673)",0.0226779953,3.672
"[3.673, 3.674)",0.02381310357142857,3.673
"[3.674, 3.6750000000000003)",0.042573625,3.674
"[3.6750000000000003, 3.676)",0.05349679,3.675
"[3.676, 3.677)",0.019915922500000002,3.676
"[3.677, 3.678)",0.030380744000000005,3.677
"[3.678, 3.6790000000000003)",0.0398072278,3.678
"[3.6790000000000003, 3.68)",0.010674288666666665,3.679
"[3.68, 3.681)",0.010037752666666667,3.68
"[3.681, 3.682)",0.014961544400000002,3.681
"[3.682, 3.6830000000000003)",0.015472733166666667,3.682
"[3.6830000000000003, 3.684)",0.0434867575,3.683
"[3.684, 3.685)",0.021334497212499998,3.684
"[3.685, 3.686)",0.012971895,3.685
"[3.686, 3.6870000000000003)",0.020203033750000002,3.686
"[3.6870000000000003, 3.688)",0.213293554,3.687
"[3.688, 3.689)",0.024979175000000003,3.688
"[3.689, 3.69)",0.008778825714285716,3.689
"[3.69, 3.6910000000000003)",0.018646502599999996,3.69
"[3.6910000000000003, 3.692)",0.019425666666666664,3.691
"[3.692, 3.693)",0.0024157099999999997,3.692
"[3.693, 3.694)",0.010086902,3.693
"[3.694, 3.6950000000000003)",0.028954630000000002,3.694
"[3.6950000000000003, 3.696)",0.029632255,3.695
"[3.696, 3.697)",0.0188679,3.696
"[3.697, 3.698)",0.021748603999999998,3.697
"[3.698, 3.6990000000000003)",0.00428116,3.698
"[3.6990000000000003, 3.7)",0.17823432216666665,3.699
"[3.7, 3.701)",0.006375017,3.7
"[3.701, 3.702)",0.026127499999999998,3.701
"[3.702, 3.7030000000000003)",0.02439934,3.702
"[3.7030000000000003, 3.704)",0.02080133,3.703
"[3.704, 3.705)",0.00110742,3.704
"[3.705, 3.706)",0.003002071,3.705
"[3.706, 3.7070000000000003)",0.06979024,3.706
"[3.7070000000000003, 3.708)",0.020427283249999997,3.707
"[3.708, 3.709)",0.03677013766666667,3.708
"[3.709, 3.71)",0.08266336825,3.709
"[3.71, 3.7110000000000003)",0.014573230000000001,3.71
"[3.7110000000000003, 3.712)",0.074531165,3.711
"[3.712, 3.713)",0.012631613040000003,3.712
"[3.713, 3.714)",0.019734228833333336,3.713
"[3.714, 3.715)",0.02821236125,3.714
"[3.715, 3.716)",0.009068403766666665,3.715
"[3.716, 3.717)",0.02212093675,3.716
"[3.717, 3.718)",0.001224088,3.717
"[3.718, 3.719)",0.07099215119999999,3.718
"[3.719, 3.72)",0.052516849000000004,3.719
"[3.72, 3.721)",0.06528964433333333,3.72
"[3.721, 3.722)",0.00370663375,3.721
"[3.722, 3.723)",0.13802302660000001,3.722
"[3.723, 3.724)",0.00554410075,3.723
"[3.724, 3.725)",0.004473532857142857,3.724
"[3.725, 3.726)",0.007947993499999998,3.725
"[3.726, 3.727)",0.028778848599999997,3.726
"[3.727, 3.728)",0.006459713333333333,3.727
"[3.728, 3.729)",0.046252005000000006,3.728
"[3.729, 3.73)",0.013933855,3.729
"[3.73, 3.731)",0.010446065,3.73
"[3.731, 3.732)",0.2617534175,3.731
"[3.732, 3.733)",0.04550964433333334,3.732
"[3.733, 3.734)",0.029749852,3.733
"[3.734, 3.735)",0.031368815088888884,3.734
"[3.735, 3.736)",0.04452203333333333,3.735
"[3.736, 3.737)",0.0723787,3.736
"[3.737, 3.738)",0.028873226666666668,3.737
"[3.738, 3.739)",0.02134813375,3.738
"[3.739, 3.74)",0.017303162375,3.739
"[3.74, 3.741)",0.016370705,3.74
"[3.741, 3.742)",0.046474510000000004,3.741
"[3.742, 3.743)",0.03386532833333333,3.742
"[3.743, 3.744)",0.02385418,3.743
"[3.744, 3.745)",0.00942591175,3.744
"[3.745, 3.746)",0.04337358599999999,3.745
"[3.746, 3.747)",0.0042760208000000004,3.746
"[3.747, 3.748)",0.041832061625,3.747
"[3.748, 3.749)",0.022543545714285712,3.748
"[3.749, 3.75)",0.040766003833333335,3.749
"[3.75, 3.751)",0.0438281755,3.75
"[3.751, 3.7520000000000002)",0.0041801455,3.751
"[3.7520000000000002, 3.753)",0.04412434159999999,3.752
"[3.753, 3.754)",0.0011129465999999998,3.753
"[3.754, 3.755)",0.030827443333333333,3.754
"[3.755, 3.7560000000000002)",0.07513427666666667,3.755
"[3.7560000000000002, 3.757)",0.0090204205,3.756
"[3.757, 3.758)",0.0031638235,3.757
"[3.758, 3.759)",0.061968321199999996,3.758
"[3.759, 3.7600000000000002)",0.0076446286,3.759
"[3.7600000000000002, 3.761)",0.056928320000000004,3.76
"[3.761, 3.762)",0.0126868466,3.761
"[3.762, 3.763)",0.00189972,3.762
"[3.763, 3.7640000000000002)",0.00767814,3.763
"[3.7640000000000002, 3.765)",0.0049657699999999996,3.764
"[3.765, 3.766)",0.005705183333333333,3.765
"[3.766, 3.767)",0.010063026,3.766
"[3.767, 3.7680000000000002)",0.013308500000000001,3.767
"[3.7680000000000002, 3.769)",0.025699201,3.768
"[3.769, 3.77)",0.018115041999999998,3.769
"[3.77, 3.771)",0.05920002325,3.77
"[3.771, 3.7720000000000002)",0.03405961,3.771
"[3.7720000000000002, 3.773)",0.0114064446,3.772
"[3.773, 3.774)",0.19526418466666665,3.773
"[3.774, 3.775)",0.0029542699999999997,3.774
"[3.775, 3.7760000000000002)",0.018420383250000002,3.775
"[3.7760000000000002, 3.777)",0.0008655765,3.776
"[3.777, 3.778)",0.004997393833333333,3.777
"[3.778, 3.779)",0.0152381,3.778
"[3.779, 3.7800000000000002)",0.012897391000000001,3.779
"[3.781, 3.782)",0.008087984666666668,3.78
"[3.782, 3.783)",0.0270039165,3.781
"[3.783, 3.7840000000000003)",0.0204075675,3.782
"[3.785, 3.786)",0.00110742,3.783
"[3.786, 3.787)",0.002134515,3.784
"[3.787, 3.7880000000000003)",0.047911913333333334,3.785
"[3.7880000000000003, 3.789)",0.0027908682499999996,3.786
"[3.789, 3.79)",0.011083623333333334,3.787
"[3.79, 3.791)",0.015421245,3.788
"[3.791, 3.7920000000000003)",0.0096912075,3.789
"[3.7920000000000003, 3.793)",0.011219360333333333,3.79
"[3.793, 3.794)",0.01671953,3.791
"[3.794, 3.795)",0.000941909,3.792
"[3.795, 3.7960000000000003)",0.0033850966000000004,3.793
"[3.7960000000000003, 3.797)",0.008282397666666667,3.794
"[3.797, 3.798)",0.0188900665,3.795
"[3.798, 3.799)",0.01989752825,3.796
"[3.8000000000000003, 3.801)",0.0081117356,3.797
"[3.801, 3.802)",0.017508140000000002,3.798
"[3.802, 3.803)",0.13027685,3.799
"[3.803, 3.8040000000000003)",0.0017108576666666666,3.8
"[3.8040000000000003, 3.805)",0.00110742,3.801
"[3.805, 3.806)",0.0951357,3.802
"[3.806, 3.807)",0.008234770025,3.803
"[3.807, 3.8080000000000003)",0.002491867,3.804
"[3.81, 3.811)",0.0320421,3.805
"[3.811, 3.8120000000000003)",0.0022135666666666665,3.806
"[3.8120000000000003, 3.813)",0.008140205,3.807
"[3.813, 3.814)",0.02161545233333333,3.808
"[3.814, 3.815)",0.019624799999999998,3.809
"[3.815, 3.8160000000000003)",0.0283605,3.81
"[3.8160000000000003, 3.817)",0.0825773025,3.811
"[3.817, 3.818)",0.017077105000000002,3.812
"[3.818, 3.819)",0.00354374,3.813
"[3.819, 3.8200000000000003)",0.017373859999999998,3.814
"[3.8200000000000003, 3.821)",0.007559430000000001,3.815
"[3.821, 3.822)",0.010676014099999999,3.816
"[3.822, 3.823)",0.06234200000000001,3.817
"[3.823, 3.8240000000000003)",0.060420340833333336,3.818
"[3.8240000000000003, 3.825)",0.006750746666666666,3.819
"[3.825, 3.826)",0.00337126,3.82
"[3.826, 3.827)",0.004905984333333333,3.821
"[3.827, 3.8280000000000003)",0.0128205,3.822
"[3.8280000000000003, 3.829)",0.00115123,3.823
"[3.829, 3.83)",0.0314861346,3.824
"[3.83, 3.831)",0.0898906226,3.825
"[3.831, 3.8320000000000003)",0.00150038,3.826
"[3.8320000000000003, 3.833)",0.07209181666666667,3.827
"[3.833, 3.834)",0.00229587,3.828
"[3.835, 3.8360000000000003)",0.0060694914999999995,3.829
"[3.8360000000000003, 3.837)",0.1975099815,3.83
"[3.837, 3.838)",0.0009634976666666666,3.831
"[3.838, 3.839)",6.37471e-5,3.832
"[3.839, 3.84)",0.011428309999999999,3.833
"[3.84, 3.841)",0.0031767839999999993,3.834
"[3.841, 3.842)",0.00443007,3.835
"[3.842, 3.843)",0.0013487465,3.836
"[3.843, 3.844)",0.04438822666666666,3.837
"[3.844, 3.845)",0.03816468,3.838
"[3.845, 3.846)",0.016575050999999997,3.839
"[3.846, 3.847)",0.0031420099999999998,3.84
"[3.847, 3.848)",0.0029056,3.841
"[3.848, 3.849)",0.019566955,3.842
"[3.849, 3.85)",0.0038890966666666666,3.843
"[3.85, 3.851)",0.013649988333333333,3.844
"[3.851, 3.852)",0.0027411132499999998,3.845
"[3.852, 3.853)",0.023965338249999996,3.846
"[3.853, 3.854)",0.0262866665,3.847
"[3.854, 3.855)",0.005645728,3.848
"[3.855, 3.856)",0.00232558,3.849
"[3.856, 3.857)",0.07839895766666666,3.85
"[3.857, 3.858)",0.01120036,3.851
"[3.858, 3.859)",0.007559321,3.852
"[3.859, 3.86)",0.00499048,3.853
"[3.86, 3.861)",0.01790143375,3.854
"[3.861, 3.862)",0.00295738075,3.855
"[3.862, 3.863)",0.00522069,3.856
"[3.863, 3.864)",0.066751405,3.857
"[3.864, 3.865)",0.010452573333333333,3.858
"[3.865, 3.866)",0.029251446799999997,3.859
"[3.866, 3.867)",0.04043160666666667,3.86
"[3.867, 3.868)",0.00328002325,3.861
"[3.868, 3.869)",0.000540833,3.862
"[3.869, 3.87)",0.00520966,3.863
"[3.87, 3.871)",0.005327145,3.864
"[3.871, 3.872)",0.00610501,3.865
"[3.872, 3.873)",0.005147115,3.866
"[3.873, 3.874)",0.00141886825,3.867
"[3.874, 3.875)",0.023606719999999998,3.868
"[3.875, 3.876)",0.01,3.869
"[3.876, 3.8770000000000002)",0.024222125,3.87
"[3.8770000000000002, 3.878)",0.02407825666666667,3.871
"[3.878, 3.879)",0.006094162,3.872
"[3.879, 3.88)",0.0018954976666666669,3.873
"[3.88, 3.8810000000000002)",0.050506260500000004,3.874
"[3.8810000000000002, 3.882)",0.000100553,3.875
"[3.882, 3.883)",0.0696915,3.876
"[3.883, 3.884)",0.0129927305,3.877
"[3.884, 3.8850000000000002)",0.0318562,3.878
"[3.8850000000000002, 3.886)",0.012537968,3.879
"[3.886, 3.887)",0.023831079999999998,3.88
"[3.887, 3.888)",0.013057175999999998,3.881
"[3.888, 3.8890000000000002)",0.014286382857142857,3.882
"[3.8890000000000002, 3.89)",0.000540833,3.883
"[3.89, 3.891)",0.007883256,3.884
"[3.891, 3.892)",0.03746945333333334,3.885
"[3.892, 3.8930000000000002)",0.00387808,3.886
"[3.8930000000000002, 3.894)",0.004146331749999999,3.887
"[3.894, 3.895)",0.024362845,3.888
"[3.895, 3.896)",0.03230094666666667,3.889
"[3.896, 3.8970000000000002)",0.12979319999999997,3.89
"[3.8970000000000002, 3.898)",0.02211371788888889,3.891
"[3.898, 3.899)",0.025575318111111113,3.892
"[3.899, 3.9)",0.006928824,3.893
"[3.9, 3.9010000000000002)",0.015474054999999999,3.894
"[3.9010000000000002, 3.902)",0.02264464228571428,3.895
"[3.902, 3.903)",0.0073497086,3.896
"[3.903, 3.904)",0.016238258250000002,3.897
"[3.904, 3.9050000000000002)",0.001360345542857143,3.898
"[3.9050000000000002, 3.906)",0.0083439,3.899
"[3.906, 3.907)",0.014319434714285715,3.9
"[3.907, 3.908)",0.012764365,3.901
"[3.908, 3.9090000000000003)",0.009833189955555554,3.902
"[3.9090000000000003, 3.91)",0.0058229508,3.903
"[3.91, 3.911)",0.018425983666666663,3.904
"[3.911, 3.912)",0.029697475,3.905
"[3.912, 3.9130000000000003)",0.03352130755555555,3.906
"[3.9130000000000003, 3.914)",0.018798324857142855,3.907
"[3.914, 3.915)",0.0039328857142857145,3.908
"[3.915, 3.916)",0.0173478003,3.909
"[3.916, 3.9170000000000003)",0.013953013333333333,3.91
"[3.9170000000000003, 3.918)",0.0756921725,3.911
"[3.918, 3.919)",0.036017299999999995,3.912
"[3.919, 3.92)",0.07872175,3.913
"[3.92, 3.9210000000000003)",0.02499704857142857,3.914
"[3.9210000000000003, 3.922)",0.007748456000000001,3.915
"[3.922, 3.923)",0.023373373714285717,3.916
"[3.923, 3.924)",0.025185,3.917
"[3.924, 3.9250000000000003)",0.023219245,3.918
"[3.9250000000000003, 3.926)",0.010150730428571427,3.919
"[3.926, 3.927)",0.00516796,3.92
"[3.928, 3.9290000000000003)",0.012517453333333333,3.921
"[3.9290000000000003, 3.93)",0.006708355,3.922
"[3.93, 3.931)",0.000468384,3.923
"[3.931, 3.932)",0.0012817174,3.924
"[3.932, 3.9330000000000003)",0.0321927375,3.925
"[3.9330000000000003, 3.934)",0.010086187666666668,3.926
"[3.934, 3.935)",0.003810765,3.927
"[3.935, 3.936)",0.019871533139999998,3.928
"[3.936, 3.9370000000000003)",0.0245599135,3.929
"[3.9370000000000003, 3.938)",0.0075731068,3.93
"[3.938, 3.939)",0.038707981671428575,3.931
"[3.939, 3.94)",0.008240893249999999,3.932
"[3.94, 3.9410000000000003)",0.009366947384615383,3.933
"[3.9410000000000003, 3.942)",0.0271149828,3.934
"[3.942, 3.943)",0.051014621999999996,3.935
"[3.943, 3.944)",0.032607366500000005,3.936
"[3.944, 3.9450000000000003)",0.001014694,3.937
"[3.9450000000000003, 3.946)",0.34553768,3.938
"[3.946, 3.947)",0.01385971825,3.939
"[3.947, 3.948)",0.048473892000000005,3.94
"[3.948, 3.9490000000000003)",0.0415749775,3.941
"[3.9490000000000003, 3.95)",0.010656510000000001,3.942
"[3.95, 3.951)",0.029112957999999994,3.943
"[3.951, 3.952)",0.02065765575,3.944
"[3.952, 3.9530000000000003)",0.021752613333333334,3.945
"[3.9530000000000003, 3.954)",0.013122835,3.946
"[3.954, 3.955)",0.04480763325,3.947
"[3.955, 3.956)",0.0019102051999999995,3.948
"[3.956, 3.9570000000000003)",0.01425276,3.949
"[3.9570000000000003, 3.958)",0.01711580325,3.95
"[3.958, 3.959)",0.004393723333333333,3.951
"[3.959, 3.96)",0.0026497748,3.952
"[3.96, 3.9610000000000003)",0.00960371575,3.953
"[3.9610000000000003, 3.962)",0.01466453,3.954
"[3.962, 3.963)",0.07145418185714285,3.955
"[3.963, 3.964)",0.0019493076666666665,3.956
"[3.964, 3.9650000000000003)",0.03968612495,3.957
"[3.9650000000000003, 3.966)",0.03204801,3.958
"[3.966, 3.967)",0.042186554,3.959
"[3.967, 3.968)",0.01878545666666667,3.96
"[3.968, 3.969)",0.03692136,3.961
"[3.969, 3.97)",0.02429278917142857,3.962
"[3.97, 3.971)",0.04366693666666666,3.963
"[3.971, 3.972)",0.18835345714285714,3.964
"[3.972, 3.973)",0.055402444333333335,3.965
"[3.973, 3.974)",0.035077788666666665,3.966
"[3.974, 3.975)",0.024363125,3.967
"[3.975, 3.976)",0.0077401482499999995,3.968
"[3.976, 3.977)",0.0032482625,3.969
"[3.977, 3.978)",0.006877356571428571,3.97
"[3.978, 3.979)",0.037079444999999996,3.971
"[3.979, 3.98)",0.008786826000000001,3.972
"[3.98, 3.981)",0.00946694,3.973
"[3.981, 3.982)",0.009932492,3.974
"[3.982, 3.983)",0.009326086571428572,3.975
"[3.983, 3.984)",0.007163475,3.976
"[3.984, 3.985)",0.01469213857142857,3.977
"[3.985, 3.986)",0.019325133300000002,3.978
"[3.986, 3.987)",0.029223573333333336,3.979
"[3.987, 3.988)",0.018557713333333333,3.98
"[3.988, 3.989)",0.00660845,3.981
"[3.989, 3.99)",0.04266417477777778,3.982
"[3.99, 3.991)",0.058907965,3.983
"[3.991, 3.992)",0.003958414,3.984
"[3.992, 3.993)",0.012107904,3.985
"[3.993, 3.994)",0.0036828833333333332,3.986
"[3.994, 3.995)",0.05130949166666667,3.987
"[3.995, 3.996)",0.021484465249999998,3.988
"[3.996, 3.997)",0.0340604175875,3.989
"[3.997, 3.998)",0.004813416666666666,3.99
"[3.998, 3.999)",0.012507264999999998,3.991
"[3.999, 4.0)",0.023783725749999998,3.992
"[4.0, 4.001)",0.016993788888888892,3.993
"[4.001, 4.002)",0.007745200000000001,3.994
"[4.002, 4.003)",0.025855287777777777,3.995
"[4.003, 4.0040000000000004)",0.003706165166666666,3.996
"[4.0040000000000004, 4.005)",0.0040998017,3.997
"[4.005, 4.006)",0.03433727642857142,3.998
"[4.006, 4.007)",0.05416593433333333,3.999
"[4.007, 4.008)",0.02105014825,4.0
"[4.008, 4.009)",0.019426766499999998,4.001
"[4.009, 4.01)",0.005217950999999999,4.002
"[4.01, 4.011)",0.0070080222,4.003
"[4.011, 4.0120000000000005)",0.01494844675,4.004
"[4.0120000000000005, 4.013)",0.00761543,4.005
"[4.013, 4.014)",0.022205737777777776,4.006
"[4.014, 4.015)",0.008200718326666667,4.007
"[4.015, 4.016)",0.00442487,4.008
"[4.016, 4.017)",0.0227907,4.009
"[4.017, 4.018)",0.002653545,4.01
"[4.018, 4.019)",0.015543103333333332,4.011
"[4.019, 4.0200000000000005)",0.00110742,4.012
"[4.021, 4.022)",0.0639386,4.013
"[4.022, 4.023)",0.01744406,4.014
"[4.023, 4.024)",0.0386119478,4.015
"[4.024, 4.025)",0.017775973599999998,4.016
"[4.025, 4.026)",0.0584075175,4.017
"[4.026, 4.027)",0.014758369999999998,4.018
"[4.027, 4.0280000000000005)",0.025337927500000003,4.019
"[4.0280000000000005, 4.029)",0.022033356666666663,4.02
"[4.029, 4.03)",0.014193460000000001,4.021
"[4.03, 4.031)",0.002073376,4.022
"[4.031, 4.032)",0.001687495,4.023
"[4.032, 4.033)",0.01830365,4.024
"[4.033, 4.034)",0.03515402166666667,4.025
"[4.034, 4.035)",0.019197646000000002,4.026
"[4.035, 4.0360000000000005)",0.013080463666666665,4.027
"[4.0360000000000005, 4.037)",0.016639908425000002,4.028
"[4.037, 4.038)",0.012697129999999997,4.029
"[4.038, 4.039)",0.010222370333333335,4.03
"[4.039, 4.04)",0.0181840175,4.031
"[4.04, 4.041)",0.15317193285714284,4.032
"[4.041, 4.042)",0.005427904,4.033
"[4.042, 4.043)",0.012948713833333333,4.034
"[4.043, 4.0440000000000005)",0.011289165,4.035
"[4.0440000000000005, 4.045)",0.001667495,4.036
"[4.045, 4.046)",0.05191240333333333,4.037
"[4.046, 4.047)",0.0852745125,4.038
"[4.047, 4.048)",0.08792239575,4.039
"[4.048, 4.049)",0.0087841326,4.04
"[4.049, 4.05)",0.00972062325,4.041
"[4.05, 4.051)",0.02007662166666667,4.042
"[4.051, 4.0520000000000005)",0.488372,4.043
"[4.0520000000000005, 4.053)",0.004252229999999999,4.044
"[4.053, 4.054)",0.0235465226,4.045
"[4.054, 4.055)",0.0008241265000000001,4.046
"[4.055, 4.056)",0.003016405,4.047
"[4.056, 4.057)",0.023458691,4.048
"[4.057, 4.058)",0.01160841995,4.049
"[4.058, 4.059)",0.011934632499999999,4.05
"[4.059, 4.0600000000000005)",0.0346086545,4.051
"[4.0600000000000005, 4.061)",0.0045614325,4.052
"[4.061, 4.062)",0.0022849866666666665,4.053
"[4.062, 4.063)",0.0056641072,4.054
"[4.063, 4.064)",0.008895206666666667,4.055
"[4.064, 4.065)",0.009978738249999999,4.056
"[4.065, 4.066)",0.0012861223333333332,4.057
"[4.066, 4.067)",0.03997775,4.058
"[4.067, 4.0680000000000005)",0.01733439625,4.059
"[4.0680000000000005, 4.069)",0.009088395999999999,4.06
"[4.069, 4.07)",0.0021831,4.061
"[4.07, 4.071)",0.004322702857142857,4.062
"[4.071, 4.072)",0.015297833999999998,4.063
"[4.072, 4.073)",0.06757481,4.064
"[4.073, 4.074)",0.0226177626,4.065
"[4.074, 4.075)",0.043567654,4.066
"[4.075, 4.0760000000000005)",0.00664451,4.067
"[4.0760000000000005, 4.077)",0.01005838857142857,4.068
"[4.077, 4.078)",0.0080965,4.069
"[4.078, 4.079)",0.038587955,4.07
"[4.079, 4.08)",0.06260667333333333,4.071
"[4.08, 4.081)",0.026198751428571428,4.072
"[4.081, 4.082)",0.008059294000000002,4.073
"[4.082, 4.083)",0.03923241475000001,4.074
"[4.083, 4.0840000000000005)",0.021617463333333333,4.075
"[4.0840000000000005, 4.085)",0.0036159948249999997,4.076
"[4.085, 4.086)",0.00229587,4.077
"[4.086, 4.087)",0.014153343249999999,4.078
"[4.087, 4.088)",0.010942791666666667,4.079
"[4.088, 4.089)",0.0295379854,4.08
"[4.089, 4.09)",0.0054283925,4.081
"[4.09, 4.091)",0.00333206,4.082
"[4.091, 4.0920000000000005)",0.06951215,4.083
"[4.0920000000000005, 4.093)",0.13976,4.084
"[4.093, 4.094)",0.019500886250000002,4.085
"[4.094, 4.095)",0.0061607675,4.086
"[4.095, 4.096)",0.019177766142857145,4.087
"[4.096, 4.097)",0.00918888,4.088
"[4.097, 4.098)",0.009465433333333334,4.089
"[4.098, 4.099)",0.011151132499999999,4.09
"[4.099, 4.1)",0.0035200166666666667,4.091
"[4.1, 4.101)",0.01817317375,4.092
"[4.101, 4.102)",0.039122423249999996,4.093
"[4.102, 4.103)",0.004788131,4.094
"[4.103, 4.104)",0.03785646,4.095
"[4.104, 4.105)",0.002845008,4.096
"[4.105, 4.106)",0.0026533997666666666,4.097
"[4.106, 4.107)",0.016058700000000002,4.098
"[4.107, 4.108)",0.055125923333333327,4.099
"[4.108, 4.109)",0.014237332857142859,4.1
"[4.109, 4.11)",0.0161990475,4.101
"[4.11, 4.111)",0.0352156886,4.102
"[4.111, 4.112)",0.0071842346000000005,4.103
"[4.112, 4.113)",0.00215471,4.104
"[4.113, 4.114)",0.013699537166666666,4.105
"[4.114, 4.115)",0.044660082000000004,4.106
"[4.115, 4.116)",0.0034839610000000003,4.107
"[4.116, 4.117)",0.026872651434,4.108
"[4.117, 4.118)",0.00686606,4.109
"[4.118, 4.119)",0.0357010066,4.11
"[4.119, 4.12)",0.011720824599999999,4.111
"[4.12, 4.121)",0.0299772888,4.112
"[4.121, 4.122)",0.037397115685714286,4.113
"[4.122, 4.123)",0.012966792500000001,4.114
"[4.123, 4.124)",0.03379997333333334,4.115
"[4.124, 4.125)",0.009002275,4.116
"[4.125, 4.126)",0.016941556,4.117
"[4.126, 4.127)",0.02299096425,4.118
"[4.127, 4.128)",0.01387360075,4.119
"[4.128, 4.1290000000000004)",0.0104169495,4.12
"[4.1290000000000004, 4.13)",0.022016362666666664,4.121
"[4.13, 4.131)",0.024482523833333335,4.122
"[4.131, 4.132)",0.014089773333333333,4.123
"[4.132, 4.133)",0.009555141999999999,4.124
"[4.133, 4.134)",0.01223286325,4.125
"[4.134, 4.135)",0.014345577777777776,4.126
"[4.135, 4.136)",0.0346924974,4.127
"[4.136, 4.1370000000000005)",0.012445218599999999,4.128
"[4.1370000000000005, 4.138)",0.04550839633333333,4.129
"[4.138, 4.139)",0.012693795916666669,4.13
"[4.139, 4.14)",0.04464497333333333,4.131
"[4.14, 4.141)",0.017341208833333333,4.132
"[4.141, 4.142)",0.02260239333333333,4.133
"[4.142, 4.143)",0.0198679775,4.134
"[4.143, 4.144)",0.024725640375,4.135
"[4.144, 4.1450000000000005)",0.05080569,4.136
"[4.1450000000000005, 4.146)",0.045400611,4.137
"[4.146, 4.147)",0.047311307999999996,4.138
"[4.147, 4.148)",0.015865777285714287,4.139
"[4.148, 4.149)",0.037800168333333335,4.14
"[4.149, 4.15)",0.009648598999999999,4.141
"[4.15, 4.151)",0.01087766,4.142
"[4.151, 4.152)",0.021637532600000002,4.143
"[4.152, 4.1530000000000005)",0.0098542066,4.144
"[4.1530000000000005, 4.154)",0.010156926,4.145
"[4.154, 4.155)",0.01307812,4.146
"[4.155, 4.156)",0.213057455,4.147
"[4.156, 4.157)",0.0201248246,4.148
"[4.157, 4.158)",0.0152861526,4.149
"[4.158, 4.159)",0.01011061325,4.15
"[4.159, 4.16)",0.012159009,4.151
"[4.16, 4.1610000000000005)",0.012718862499999999,4.152
"[4.1610000000000005, 4.162)",0.06227842125,4.153
"[4.162, 4.163)",0.0520325,4.154
"[4.163, 4.164)",0.0062788072857142855,4.155
"[4.164, 4.165)",0.024239979999999998,4.156
"[4.165, 4.166)",0.10113048499999999,4.157
"[4.166, 4.167)",0.04701131,4.158
"[4.167, 4.168)",0.0018442063666666668,4.159
"[4.168, 4.1690000000000005)",0.008656882000000001,4.16
"[4.1690000000000005, 4.17)",0.2615042776666666,4.161
"[4.17, 4.171)",0.027532813333333333,4.162
"[4.171, 4.172)",0.11364891649999999,4.163
"[4.172, 4.173)",0.07528296999999999,4.164
"[4.173, 4.174)",0.00214286,4.165
"[4.174, 4.175)",0.04449927125,4.166
"[4.175, 4.176)",0.0019836397666666665,4.167
"[4.176, 4.1770000000000005)",0.016919615375,4.168
"[4.1770000000000005, 4.178)",0.00170164,4.169
"[4.178, 4.179)",0.017447012,4.17
"[4.179, 4.18)",0.055962,4.171
"[4.18, 4.181)",0.015480723333333335,4.172
"[4.181, 4.182)",0.020843569,4.173
"[4.182, 4.183)",0.010573776666666666,4.174
"[4.183, 4.184)",0.0030896666666666663,4.175
"[4.184, 4.1850000000000005)",0.0093099175,4.176
"[4.1850000000000005, 4.186)",0.0520325,4.177
"[4.186, 4.187)",0.04084070571428571,4.178
"[4.187, 4.188)",0.00110742,4.179
"[4.188, 4.189)",0.005438439999999999,4.18
"[4.189, 4.19)",0.057345618571428565,4.181
"[4.19, 4.191)",0.014436179666666667,4.182
"[4.191, 4.192)",0.0081698,4.183
"[4.192, 4.1930000000000005)",0.0062813665,4.184
"[4.1930000000000005, 4.194)",0.0026201633333333336,4.185
"[4.194, 4.195)",0.0389364,4.186
"[4.195, 4.196)",0.0047619,4.187
"[4.196, 4.197)",0.004503357666666667,4.188
"[4.197, 4.198)",0.044408699749999996,4.189
"[4.198, 4.199)",0.0140454175,4.19
"[4.199, 4.2)",0.015657380000000002,4.191
"[4.2, 4.2010000000000005)",0.006158479933333333,4.192
"[4.2010000000000005, 4.202)",0.0473659486,4.193
"[4.202, 4.203)",0.068675388,4.194
"[4.203, 4.204)",0.02678394,4.195
"[4.204, 4.205)",0.01522290325,4.196
"[4.205, 4.206)",0.044346,4.197
"[4.206, 4.207)",0.015747249999999997,4.198
"[4.207, 4.208)",0.0058921266,4.199
"[4.208, 4.2090000000000005)",0.0061147138166666665,4.2
"[4.2090000000000005, 4.21)",0.016250264777777777,4.201
"[4.21, 4.211)",0.02217041598333333,4.202
"[4.211, 4.212)",0.02139103,4.203
"[4.212, 4.213)",0.0028942975,4.204
"[4.213, 4.214)",0.0054079347142857144,4.205
"[4.214, 4.215)",0.00638372925,4.206
"[4.215, 4.216)",0.00110742,4.207
"[4.216, 4.2170000000000005)",0.04176187033333333,4.208
"[4.2170000000000005, 4.218)",0.018920818749999995,4.209
"[4.218, 4.219)",0.02164664666666667,4.21
"[4.219, 4.22)",0.013285504000000002,4.211
"[4.22, 4.221)",0.08460282166666666,4.212
"[4.221, 4.222)",0.034291963833333335,4.213
"[4.222, 4.223)",0.0828975548,4.214
"[4.223, 4.224)",0.03928597,4.215
"[4.224, 4.225)",0.020484426666666666,4.216
"[4.225, 4.226)",0.029411400000000004,4.217
"[4.226, 4.227)",0.04957248324999999,4.218
"[4.227, 4.228)",0.027718933249999998,4.219
"[4.228, 4.229)",0.0036774299999999998,4.22
"[4.229, 4.23)",0.007511690333333333,4.221
"[4.23, 4.231)",0.01123496,4.222
"[4.231, 4.232)",0.009175607999999998,4.223
"[4.232, 4.233)",0.053189447499999994,4.224
"[4.233, 4.234)",0.035597754014285714,4.225
"[4.234, 4.235)",0.009502647874999999,4.226
"[4.235, 4.236)",0.004024370675,4.227
"[4.236, 4.237)",0.030023977875000003,4.228
"[4.237, 4.238)",0.023730763999999998,4.229
"[4.238, 4.239)",0.014232287875000001,4.23
"[4.239, 4.24)",0.028953156,4.231
"[4.24, 4.241)",0.036382568000000004,4.232
"[4.241, 4.242)",0.0183871068,4.233
"[4.242, 4.243)",0.035809265,4.234
"[4.243, 4.244)",0.0192781661,4.235
"[4.244, 4.245)",0.0212511825,4.236
"[4.245, 4.246)",0.0236448155,4.237
"[4.246, 4.247)",0.000648192,4.238
"[4.247, 4.248)",0.013476870000000002,4.239
"[4.248, 4.249)",0.00658843856,4.24
"[4.249, 4.25)",0.245482815,4.241
"[4.25, 4.251)",0.017866509,4.242
"[4.251, 4.252)",0.0061008086,4.243
"[4.252, 4.253)",0.006880727666666667,4.244
"[4.253, 4.2540000000000004)",0.03724272716666667,4.245
"[4.2540000000000004, 4.255)",0.01282380142857143,4.246
"[4.255, 4.256)",0.047599539999999996,4.247
"[4.256, 4.257)",0.015096485999999998,4.248
"[4.257, 4.258)",0.0089024226,4.249
"[4.258, 4.259)",0.009709747142857142,4.25
"[4.259, 4.26)",0.015348596666666667,4.251
"[4.26, 4.261)",0.0061149333333333335,4.252
"[4.261, 4.2620000000000005)",0.025866353999999998,4.253
"[4.2620000000000005, 4.263)",0.0103538125,4.254
"[4.263, 4.264)",0.00802126,4.255
"[4.264, 4.265)",0.025247467500000006,4.256
"[4.265, 4.266)",0.021259754125,4.257
"[4.266, 4.267)",0.025078715714285715,4.258
"[4.267, 4.268)",0.04721513285714286,4.259
"[4.268, 4.269)",0.026363781250000003,4.26
"[4.269, 4.2700000000000005)",0.024177485,4.261
"[4.2700000000000005, 4.271)",0.009102388666666668,4.262
"[4.271, 4.272)",0.0033185099999999998,4.263
"[4.272, 4.273)",0.02947005,4.264
"[4.273, 4.274)",0.03563765666666668,4.265
"[4.274, 4.275)",0.021721547166666664,4.266
"[4.275, 4.276)",0.01281343575,4.267
"[4.276, 4.277)",0.0007296953333333334,4.268
"[4.277, 4.2780000000000005)",0.07369253766666667,4.269
"[4.2780000000000005, 4.279)",0.009343356799999999,4.27
"[4.279, 4.28)",0.028423403250000003,4.271
"[4.28, 4.281)",0.008336358599999998,4.272
"[4.281, 4.282)",0.0108910586,4.273
"[4.282, 4.283)",0.06241116666666666,4.274
"[4.283, 4.284)",0.06173153716666666,4.275
"[4.284, 4.285)",0.0309789,4.276
"[4.285, 4.2860000000000005)",0.500195427,4.277
"[4.2860000000000005, 4.287)",0.011782289912500002,4.278
"[4.287, 4.288)",0.056605510000000005,4.279
"[4.288, 4.289)",0.0044975746,4.28
"[4.289, 4.29)",0.00599686,4.281
"[4.29, 4.291)",0.00614766,4.282
"[4.291, 4.292)",0.018691847166666668,4.283
"[4.292, 4.293)",0.0191719,4.284
"[4.293, 4.2940000000000005)",0.0183189658,4.285
"[4.2940000000000005, 4.295)",0.01986235,4.286
"[4.295, 4.296)",0.038239336666666665,4.287
"[4.296, 4.297)",0.030172462333333334,4.288
"[4.297, 4.298)",0.0585291,4.289
"[4.298, 4.299)",0.00110742,4.29
"[4.299, 4.3)",0.048864899999999996,4.291
"[4.3, 4.301)",0.090988195,4.292
"[4.301, 4.3020000000000005)",0.0047619,4.293
"[4.3020000000000005, 4.303)",0.02691426666666667,4.294
"[4.303, 4.304)",0.010616155,4.295
"[4.304, 4.305)",0.02115431,4.296
"[4.305, 4.306)",0.017352955,4.297
"[4.306, 4.307)",0.013552135,4.298
"[4.307, 4.308)",0.05066041499999999,4.299
"[4.308, 4.309)",0.008769223333333333,4.3
"[4.309, 4.3100000000000005)",0.10965132,4.301
"[4.3100000000000005, 4.311)",0.0188964,4.302
"[4.311, 4.312)",0.006119316666666667,4.303
"[4.312, 4.313)",0.02891195,4.304
"[4.314, 4.315)",0.09262083325,4.305
"[4.315, 4.316)",0.03320445666666667,4.306
"[4.316, 4.317)",0.048192650499999996,4.307
"[4.317, 4.3180000000000005)",0.012857115,4.308
"[4.3180000000000005, 4.319)",0.019316242,4.309
"[4.319, 4.32)",0.014218272833333332,4.31
"[4.32, 4.321)",0.07540447819999999,4.311
"[4.321, 4.322)",0.0035938262499999995,4.312
"[4.322, 4.323)",0.02604442,4.313
"[4.324, 4.325)",0.009433274,4.314
"[4.325, 4.3260000000000005)",0.007096305,4.315
"[4.3260000000000005, 4.327)",0.021376904999999998,4.316
"[4.327, 4.328)",0.0070129,4.317
"[4.328, 4.329)",0.0012798272,4.318
"[4.329, 4.33)",0.02602344666666667,4.319
"[4.33, 4.331)",0.009468433333333333,4.32
"[4.331, 4.332)",0.01794418,4.321
"[4.332, 4.333)",0.006845990000000001,4.322
"[4.333, 4.3340000000000005)",0.029291952166666666,4.323
"[4.3340000000000005, 4.335)",0.000218221,4.324
"[4.335, 4.336)",0.00367197,4.325
"[4.336, 4.337)",0.035674108249999996,4.326
"[4.337, 4.338)",0.0163903,4.327
"[4.338, 4.339)",0.013508065999999999,4.328
"[4.339, 4.34)",0.0029290176666666667,4.329
"[4.34, 4.341)",0.034234593333333334,4.33
"[4.3420000000000005, 4.343)",0.0071819075,4.331
"[4.344, 4.345)",0.01013966,4.332
"[4.345, 4.346)",0.03741862333333334,4.333
"[4.346, 4.347)",0.0390163165,4.334
"[4.347, 4.348)",0.020570933333333333,4.335
"[4.348, 4.349)",0.0038029111999999996,4.336
"[4.349, 4.3500000000000005)",0.025211603333333336,4.337
"[4.3500000000000005, 4.351)",0.023814,4.338
"[4.351, 4.352)",0.006409618833333333,4.339
"[4.352, 4.353)",0.049910521000000006,4.34
"[4.353, 4.354)",0.016411266666666664,4.341
"[4.354, 4.355)",0.0052016549999999995,4.342
"[4.355, 4.356)",0.000540833,4.343
"[4.356, 4.357)",0.026478915,4.344
"[4.357, 4.358)",0.00241838,4.345
"[4.358, 4.359)",0.012329118633333332,4.346
"[4.359, 4.36)",0.05491939999999999,4.347
"[4.36, 4.361)",0.0168906946,4.348
"[4.361, 4.362)",0.03579031209090909,4.349
"[4.362, 4.363)",0.025584134999999997,4.35
"[4.363, 4.364)",0.0045526905,4.351
"[4.364, 4.365)",0.08895894666666666,4.352
"[4.365, 4.366)",0.01454990825,4.353
"[4.366, 4.367)",0.0110357,4.354
"[4.367, 4.368)",0.00110742,4.355
"[4.368, 4.369)",0.00617432795,4.356
"[4.369, 4.37)",0.15576500000000001,4.357
"[4.371, 4.372)",0.08643305666666666,4.358
"[4.372, 4.373)",0.009872873833333335,4.359
"[4.373, 4.374)",0.00378522,4.36
"[4.374, 4.375)",0.0015146396000000001,4.361
"[4.375, 4.376)",0.05811993333333334,4.362
"[4.376, 4.377)",0.014848006,4.363
"[4.377, 4.378)",0.028728465,4.364
"[4.378, 4.3790000000000004)",0.04721699324999999,4.365
"[4.3790000000000004, 4.38)",0.029273094,4.366
"[4.38, 4.381)",0.03398304433333333,4.367
"[4.381, 4.382)",0.01760796,4.368
"[4.382, 4.383)",0.020686365749999998,4.369
"[4.383, 4.384)",0.0425174,4.37
"[4.384, 4.385)",0.011762462874999999,4.371
"[4.385, 4.386)",0.0099585,4.372
"[4.386, 4.3870000000000005)",0.02791384,4.373
"[4.3870000000000005, 4.388)",0.010147785,4.374
"[4.388, 4.389)",0.0165899,4.375
"[4.389, 4.39)",0.00175644,4.376
"[4.39, 4.391)",0.00100047,4.377
"[4.391, 4.392)",0.03118337528,4.378
"[4.392, 4.393)",0.02193309,4.379
"[4.393, 4.394)",0.128063005,4.38
"[4.394, 4.3950000000000005)",0.051901501999999995,4.381
"[4.3950000000000005, 4.396)",0.001133785,4.382
"[4.396, 4.397)",0.046597,4.383
"[4.397, 4.398)",0.01933403,4.384
"[4.398, 4.399)",0.007793315,4.385
"[4.4, 4.401)",0.059956209999999996,4.386
"[4.401, 4.402)",0.013497957666666666,4.387
"[4.402, 4.4030000000000005)",0.0115906655,4.388
"[4.4030000000000005, 4.404)",0.001976352,4.389
"[4.404, 4.405)",0.00049991,4.39
"[4.405, 4.406)",0.0024702915,4.391
"[4.406, 4.407)",0.02254451,4.392
"[4.407, 4.408)",0.01395428825,4.393
"[4.408, 4.409)",0.026998805000000004,4.394
"[4.409, 4.41)",0.02704370825,4.395
"[4.41, 4.4110000000000005)",0.014785827666666666,4.396
"[4.4110000000000005, 4.412)",0.0396285,4.397
"[4.412, 4.413)",0.04269084333333334,4.398
"[4.413, 4.414)",0.036051950000000006,4.399
"[4.414, 4.415)",0.009271836,4.4
"[4.415, 4.416)",0.0072492675,4.401
"[4.416, 4.417)",0.08024720666666667,4.402
"[4.417, 4.418)",0.03235177125,4.403
"[4.418, 4.4190000000000005)",0.015937644,4.404
"[4.4190000000000005, 4.42)",0.046244016666666665,4.405
"[4.42, 4.421)",0.002555807666666667,4.406
"[4.421, 4.422)",0.058299995,4.407
"[4.422, 4.423)",0.014790590749999999,4.408
"[4.423, 4.424)",0.0273554025,4.409
"[4.424, 4.425)",0.0321246,4.41
"[4.425, 4.426)",0.013554312366666666,4.411
"[4.426, 4.4270000000000005)",0.00883594,4.412
"[4.4270000000000005, 4.428)",0.01077061075,4.413
"[4.428, 4.429)",0.0063347025,4.414
"[4.429, 4.43)",0.008624047499999999,4.415
"[4.43, 4.431)",0.00259298,4.416
"[4.431, 4.432)",0.0239515532,4.417
"[4.432, 4.433)",0.02878163526666667,4.418
"[4.433, 4.434)",0.020084263285714284,4.419
"[4.434, 4.4350000000000005)",0.024460767666666664,4.42
"[4.4350000000000005, 4.436)",0.00129283,4.421
"[4.436, 4.437)",0.010415120375,4.422
"[4.437, 4.438)",0.01094319,4.423
"[4.438, 4.439)",0.0157707,4.424
"[4.439, 4.44)",0.018305085,4.425
"[4.441, 4.442)",0.0155945,4.426
"[4.4430000000000005, 4.444)",0.000540833,4.427
"[4.444, 4.445)",0.02499642666666667,4.428
"[4.446, 4.447)",0.013100905,4.429
"[4.447, 4.448)",0.009543442,4.43
"[4.448, 4.449)",0.004874981,4.431
"[4.45, 4.4510000000000005)",0.0248515,4.432
"[4.4510000000000005, 4.452)",0.0801583,4.433
"[4.452, 4.453)",0.004258051,4.434
"[4.453, 4.454)",0.00377645055,4.435
"[4.454, 4.455)",0.00372201,4.436
"[4.455, 4.456)",0.009199952499999999,4.437
"[4.457, 4.458)",0.006192683333333333,4.438
"[4.458, 4.4590000000000005)",0.0096108665,4.439
"[4.4590000000000005, 4.46)",0.00170164,4.44
"[4.461, 4.462)",0.002816174333333333,4.441
"[4.464, 4.465)",0.006604568,4.442
"[4.465, 4.466)",0.00110742,4.443
"[4.466, 4.4670000000000005)",0.032458871,4.444
"[4.4670000000000005, 4.468)",0.0010000415333333334,4.445
"[4.468, 4.469)",0.0056154164999999995,4.446
"[4.469, 4.47)",0.012913946666666669,4.447
"[4.47, 4.471)",0.012017429999999999,4.448
"[4.472, 4.473)",0.01019127,4.449
"[4.473, 4.474)",0.021544986000000002,4.45
"[4.474, 4.4750000000000005)",0.018556153333333335,4.451
"[4.4750000000000005, 4.476)",0.0125585,4.452
"[4.476, 4.477)",0.00170164,4.453
"[4.477, 4.478)",0.00991232,4.454
"[4.478, 4.479)",0.0020813906666666666,4.455
"[4.479, 4.48)",0.5131543,4.456
"[4.48, 4.481)",0.024812533333333334,4.457
"[4.481, 4.482)",0.0406977,4.458
"[4.482, 4.483)",0.009907345,4.459
"[4.484, 4.485)",0.007772370000000001,4.46
"[4.485, 4.486)",0.00170164,4.461
"[4.486, 4.487)",0.0571429,4.462
"[4.487, 4.488)",0.036540485,4.463
"[4.488, 4.489)",0.003902595,4.464
"[4.49, 4.491)",0.0058855,4.465
"[4.491, 4.492)",0.03531875,4.466
"[4.492, 4.493)",0.021954079999999997,4.467
"[4.494, 4.495)",0.026861250000000003,4.468
"[4.495, 4.496)",0.00937031,4.469
"[4.496, 4.497)",0.00110742,4.47
"[4.497, 4.498)",0.030143907999999997,4.471
"[4.498, 4.499)",0.07449432,4.472
"[4.499, 4.5)",0.00310559,4.473
"[4.5, 4.501)",0.00170164,4.474
"[4.501, 4.502)",0.02919511,4.475
"[4.502, 4.503)",0.00226757,4.476
"[4.5040000000000004, 4.505)",0.054266999999999996,4.477
"[4.505, 4.506)",0.00614694,4.478
"[4.506, 4.507)",0.005498,4.479
"[4.508, 4.509)",0.00110742,4.48
"[4.509, 4.51)",0.00836621,4.481
"[4.51, 4.511)",0.033736434999999995,4.482
"[4.511, 4.5120000000000005)",0.011550274999999999,4.483
"[4.5120000000000005, 4.513)",0.000540833,4.484
"[4.513, 4.514)",0.0310559,4.485
"[4.515, 4.516)",0.010132815,4.486
"[4.516, 4.517)",0.001393372,4.487
"[4.517, 4.518)",0.0119596,4.488
"[4.518, 4.519)",0.057583,4.489
"[4.5200000000000005, 4.521)",0.005078545,4.49
"[4.521, 4.522)",0.00348432,4.491
"[4.523, 4.524)",0.00666395,4.492
"[4.524, 4.525)",0.00480497,4.493
"[4.526, 4.527)",0.022491705,4.494
"[4.527, 4.5280000000000005)",0.000213419,4.495
"[4.5280000000000005, 4.529)",0.052040710999999996,4.496
"[4.53, 4.531)",0.00170164,4.497
"[4.531, 4.532)",0.019358297666666666,4.498
"[4.532, 4.533)",0.006462949999999999,4.499
"[4.534, 4.535)",0.00232558,4.5
"[4.535, 4.5360000000000005)",0.034866755,4.501
"[4.538, 4.539)",0.0032077,4.502
"[4.542, 4.543)",0.0063178769999999995,4.503
"[4.543, 4.5440000000000005)",0.0209163,4.504
"[4.546, 4.547)",0.002044465,4.505
"[4.547, 4.548)",0.009301790666666667,4.506
"[4.548, 4.549)",0.019349816,4.507
"[4.549, 4.55)",0.018700565000000002,4.508
"[4.55, 4.551)",0.00984529,4.509
"[4.551, 4.5520000000000005)",0.0364811,4.51
"[4.554, 4.555)",0.00542495,4.511
"[4.555, 4.556)",0.0207539,4.512
"[4.556, 4.557)",0.004947421,4.513
"[4.559, 4.5600000000000005)",0.00110742,4.514
"[4.5600000000000005, 4.561)",0.0127593,4.515
"[4.561, 4.562)",0.000991954,4.516
"[4.562, 4.563)",0.0047619,4.517
"[4.566, 4.567)",0.001228622,4.518
"[4.567, 4.5680000000000005)",0.00938086,4.519
"[4.5680000000000005, 4.569)",0.00666537,4.52
"[4.571, 4.572)",0.0385542,4.521
"[4.572, 4.573)",0.031558,4.522
"[4.573, 4.574)",0.007271927,4.523
"[4.575, 4.5760000000000005)",0.00367197,4.524
"[4.5760000000000005, 4.577)",0.013289,4.525
"[4.578, 4.579)",0.001116631,4.526
"[4.579, 4.58)",0.178836,4.527
"[4.58, 4.581)",0.00445558,4.528
"[4.581, 4.582)",0.0,4.529
"[4.582, 4.583)",0.000540833,4.53
"[4.583, 4.5840000000000005)",0.031415,4.531
"[4.5840000000000005, 4.585)",0.0046004800000000005,4.532
"[4.586, 4.587)",0.0407139,4.533
"[4.587, 4.588)",0.00439975,4.534
"[4.589, 4.59)",0.488372,4.535
"[4.59, 4.591)",0.00402593,4.536
"[4.591, 4.5920000000000005)",0.0039913464999999995,4.537
"[4.5920000000000005, 4.593)",0.00562164,4.538
"[4.594, 4.595)",0.00378522,4.539
"[4.595, 4.596)",0.012529905,4.54
"[4.596, 4.597)",0.08802393,4.541
"[4.597, 4.598)",0.0011212365,4.542
"[4.598, 4.599)",0.027701027500000003,4.543
"[4.599, 4.6000000000000005)",0.02182065,4.544
"[4.601, 4.602)",0.0184615,4.545
"[4.603, 4.604)",0.023623810999999998,4.546
"[4.604, 4.605)",0.00918888,4.547
"[4.606, 4.607)",0.00152634,4.548
"[4.607, 4.6080000000000005)",0.016247394999999998,4.549
"[4.609, 4.61)",0.04047577,4.55
"[4.61, 4.611)",0.00513606,4.551
"[4.611, 4.612)",0.0026494,4.552
"[4.612, 4.613)",0.00303763,4.553
"[4.615, 4.616)",0.0020544,4.554
"[4.617, 4.618)",0.000140726,4.555
"[4.619, 4.62)",0.009791203250000002,4.556
"[4.621, 4.622)",0.001687495,4.557
"[4.622, 4.623)",0.0114504,4.558
"[4.623, 4.624)",0.013323917666666666,4.559
"[4.625, 4.626)",0.0050741350000000005,4.56
"[4.627, 4.628)",0.08939470000000001,4.561
"[4.6290000000000004, 4.63)",0.014966338499999999,4.562
"[4.63, 4.631)",0.0017611715000000001,4.563
"[4.631, 4.632)",0.06910621,4.564
"[4.632, 4.633)",0.00367197,4.565
"[4.633, 4.634)",0.00326628,4.566
"[4.634, 4.635)",0.039606043,4.567
"[4.635, 4.636)",0.007205441,4.568
"[4.636, 4.6370000000000005)",0.023518200000000003,4.569
"[4.6370000000000005, 4.638)",0.008166816666666667,4.57
"[4.639, 4.64)",0.0019763677,4.571
"[4.641, 4.642)",0.000468384,4.572
"[4.642, 4.643)",0.0207039,4.573
"[4.643, 4.644)",0.0878049,4.574
"[4.644, 4.6450000000000005)",0.00110742,4.575
"[4.646, 4.647)",0.004949281,4.576
"[4.648, 4.649)",0.000494699,4.577
"[4.649, 4.65)",0.00298151,4.578
"[4.65, 4.651)",0.101288,4.579
"[4.651, 4.652)",0.0219321,4.58
"[4.652, 4.6530000000000005)",0.006775995,4.581
"[4.656, 4.657)",0.000540833,4.582
"[4.658, 4.659)",0.0789474,4.583
"[4.659, 4.66)",0.03921446666666666,4.584
"[4.662, 4.663)",0.024105,4.585
"[4.663, 4.664)",0.0238095,4.586
"[4.666, 4.667)",0.00110742,4.587
"[4.667, 4.668)",0.00158091,4.588
"[4.6690000000000005, 4.67)",0.022165999999999998,4.589
"[4.67, 4.671)",0.00794102,4.59
"[4.671, 4.672)",0.0370813,4.591
"[4.673, 4.674)",0.0321302,4.592
"[4.676, 4.6770000000000005)",0.022143023333333334,4.593
"[4.678, 4.679)",0.00110742,4.594
"[4.679, 4.68)",1.0,4.595
"[4.68, 4.681)",0.004272691499999999,4.596
"[4.682, 4.683)",0.001316423,4.597
"[4.684, 4.6850000000000005)",0.0020544,4.598
"[4.687, 4.688)",0.00222757,4.599
"[4.688, 4.689)",0.122924,4.6
"[4.689, 4.69)",0.000540833,4.601
"[4.69, 4.691)",0.0327444,4.602
"[4.692, 4.6930000000000005)",0.0383127,4.603
"[4.6930000000000005, 4.694)",0.000617379,4.604
"[4.696, 4.697)",0.00110742,4.605
"[4.697, 4.698)",0.00170164,4.606
"[4.698, 4.699)",0.000540833,4.607
"[4.7, 4.7010000000000005)",0.00298151,4.608
"[4.702, 4.703)",0.00170164,4.609
"[4.705, 4.706)",0.00467425,4.61
"[4.706, 4.707)",0.04918325,4.611
"[4.7090000000000005, 4.71)",0.0481635,4.612
"[4.71, 4.711)",0.0023415750000000003,4.613
"[4.7170000000000005, 4.718)",0.266454,4.614
"[4.718, 4.719)",0.00367197,4.615
"[4.719, 4.72)",0.0186185,4.616
"[4.726, 4.727)",0.0038365,4.617
"[4.729, 4.73)",0.000540833,4.618
"[4.731, 4.732)",0.01293466825,4.619
"[4.732, 4.7330000000000005)",0.038426811,4.62
"[4.7330000000000005, 4.734)",0.147287,4.621
"[4.735, 4.736)",0.00584875,4.622
"[4.737, 4.738)",0.0173187,4.623
"[4.738, 4.739)",0.00123115,4.624
"[4.74, 4.741)",0.00358895,4.625
"[4.741, 4.742)",0.00367197,4.626
"[4.747, 4.748)",0.00460598,4.627
"[4.748, 4.749)",0.0166857165,4.628
"[4.749, 4.75)",0.018105721999999998,4.629
"[4.751, 4.752)",0.0542731,4.63
"[4.7540000000000004, 4.755)",0.0305998,4.631
"[4.755, 4.756)",0.0258688,4.632
"[4.756, 4.757)",0.009585155,4.633
"[4.757, 4.758)",0.000521407,4.634
"[4.759, 4.76)",0.01958135,4.635
"[4.76, 4.761)",0.009620835000000001,4.636
"[4.761, 4.7620000000000005)",0.02892035,4.637
"[4.7620000000000005, 4.763)",0.348715,4.638
"[4.763, 4.764)",0.07858588999999999,4.639
"[4.765, 4.766)",0.110462,4.64
"[4.766, 4.767)",0.00110742,4.641
"[4.767, 4.768)",0.005300585,4.642
"[4.7700000000000005, 4.771)",0.000321345,4.643
"[4.771, 4.772)",0.309169,4.644
"[4.772, 4.773)",0.0071885813333333335,4.645
"[4.773, 4.774)",0.01532367215,4.646
"[4.774, 4.775)",0.0224775,4.647
"[4.775, 4.776)",0.0034212949999999995,4.648
"[4.777, 4.7780000000000005)",0.0173187,4.649
"[4.7780000000000005, 4.779)",0.0258688,4.65
"[4.78, 4.781)",0.00170164,4.651
"[4.781, 4.782)",0.003986068,4.652
"[4.782, 4.783)",0.0419563,4.653
"[4.783, 4.784)",0.0123005165,4.654
"[4.784, 4.785)",0.0277492,4.655
"[4.785, 4.7860000000000005)",0.004598085,4.656
"[4.7860000000000005, 4.787)",0.00461022,4.657
"[4.787, 4.788)",0.0119301,4.658
"[4.789, 4.79)",0.00110742,4.659
"[4.793, 4.7940000000000005)",0.007527035,4.66
"[4.7940000000000005, 4.795)",0.012677889999999999,4.661
"[4.795, 4.796)",0.0249307,4.662
"[4.796, 4.797)",0.0106945,4.663
"[4.797, 4.798)",0.010610603333333335,4.664
"[4.798, 4.799)",0.00941468,4.665
"[4.799, 4.8)",0.126871,4.666
"[4.801, 4.8020000000000005)",0.0140517,4.667
"[4.803, 4.804)",0.04963055,4.668
"[4.804, 4.805)",0.003244977,4.669
"[4.805, 4.806)",0.0434031,4.67
"[4.806, 4.807)",0.015384475000000002,4.671
"[4.808, 4.809)",0.001793458,4.672
"[4.809, 4.8100000000000005)",0.13187634,4.673
"[4.8100000000000005, 4.811)",0.006621465,4.674
"[4.811, 4.812)",0.000540833,4.675
"[4.812, 4.813)",0.00918888,4.676
"[4.813, 4.814)",0.00967996,4.677
"[4.815, 4.816)",0.0220783,4.678
"[4.816, 4.817)",0.055027450000000006,4.679
"[4.817, 4.8180000000000005)",0.140911,4.68
"[4.819, 4.82)",0.0026494,4.681
"[4.82, 4.821)",0.00610501,4.682
"[4.823, 4.824)",0.002056492,4.683
"[4.824, 4.825)",0.03624005,4.684
"[4.827, 4.828)",0.016948546666666665,4.685
"[4.828, 4.829)",0.00762677,4.686
"[4.829, 4.83)",0.0039822919,4.687
"[4.83, 4.831)",0.014770385,4.688
"[4.831, 4.832)",0.00333111,4.689
"[4.832, 4.833)",0.043124712249999995,4.69
"[4.833, 4.8340000000000005)",0.002634817666666667,4.691
"[4.8340000000000005, 4.835)",0.0106596,4.692
"[4.835, 4.836)",0.01051535,4.693
"[4.836, 4.837)",0.00327839,4.694
"[4.837, 4.838)",0.0220783,4.695
"[4.839, 4.84)",0.0124917,4.696
"[4.84, 4.841)",0.018326965,4.697
"[4.841, 4.8420000000000005)",0.00110742,4.698
"[4.8420000000000005, 4.843)",0.016272996275,4.699
"[4.843, 4.844)",0.01690934825,4.7
"[4.844, 4.845)",0.0576102,4.701
"[4.845, 4.846)",0.005812090000000001,4.702
"[4.846, 4.847)",0.035792149999999995,4.703
"[4.847, 4.848)",0.037732386666666666,4.704
"[4.848, 4.849)",0.00287431,4.705
"[4.849, 4.8500000000000005)",0.232558,4.706
"[4.8500000000000005, 4.851)",0.00115259675,4.707
"[4.852, 4.853)",0.0011212365,4.708
"[4.853, 4.854)",0.062034236500000006,4.709
"[4.854, 4.855)",0.0048648565,4.71
"[4.855, 4.856)",0.00113531,4.711
"[4.856, 4.857)",0.009569427,4.712
"[4.857, 4.8580000000000005)",0.00598498,4.713
"[4.8580000000000005, 4.859)",0.00645623,4.714
"[4.859, 4.86)",0.002482185,4.715
"[4.86, 4.861)",0.024198769999999998,4.716
"[4.861, 4.862)",0.11280190333333333,4.717
"[4.862, 4.863)",0.01452935,4.718
"[4.863, 4.864)",0.013888485,4.719
"[4.864, 4.865)",0.00298151,4.72
"[4.865, 4.866)",0.0452447,4.721
"[4.866, 4.867)",0.0068870665,4.722
"[4.868, 4.869)",0.00451482,4.723
"[4.869, 4.87)",0.00534188,4.724
"[4.87, 4.871)",0.0431661,4.725
"[4.871, 4.872)",0.009056555,4.726
"[4.873, 4.874)",0.0023552950000000003,4.727
"[4.874, 4.875)",0.002695852,4.728
"[4.876, 4.877)",0.0040896886666666665,4.729
"[4.877, 4.878)",0.0272790225,4.73
"[4.878, 4.8790000000000004)",0.00651357,4.731
"[4.8790000000000004, 4.88)",0.0413374,4.732
"[4.88, 4.881)",0.0128205,4.733
"[4.881, 4.882)",0.045517,4.734
"[4.882, 4.883)",0.00385695,4.735
"[4.884, 4.885)",0.00170164,4.736
"[4.885, 4.886)",0.0018271386666666668,4.737
"[4.886, 4.8870000000000005)",0.0314237,4.738
"[4.8870000000000005, 4.888)",0.006430425,4.739
"[4.889, 4.89)",0.03359793,4.74
"[4.89, 4.891)",0.0011212365,4.741
"[4.891, 4.892)",0.0391591,4.742
"[4.894, 4.8950000000000005)",0.0026494,4.743
"[4.898, 4.899)",0.001228622,4.744
"[4.901, 4.902)",0.00298151,4.745
"[4.9030000000000005, 4.904)",0.000494699,4.746
"[4.904, 4.905)",0.00918888,4.747
"[4.906, 4.907)",0.0479532,4.748
"[4.907, 4.908)",0.00146224,4.749
"[4.912, 4.913)",0.0020544,4.75
"[4.914, 4.915)",0.0225284,4.751
"[4.925, 4.926)",0.000540833,4.752
"[4.9270000000000005, 4.928)",0.00170164,4.753
"[4.928, 4.929)",0.0028543965,4.754
"[4.931, 4.932)",0.00232558,4.755
"[4.934, 4.9350000000000005)",0.00646385,4.756
"[4.937, 4.938)",0.0481635,4.757
"[4.942, 4.9430000000000005)",0.181395,4.758
"[4.9510000000000005, 4.952)",0.0328046,4.759
"[4.9590000000000005, 4.96)",0.0209455,4.76
"[4.961, 4.962)",0.12499,4.761
"[4.963, 4.964)",0.00646385,4.762
"[4.964, 4.965)",0.0020544,4.763
"[4.965, 4.966)",0.0196309,4.764
"[4.968, 4.969)",0.00883392,4.765
"[4.976, 4.977)",0.000473424,4.766
"[4.979, 4.98)",0.000540833,4.767
"[4.986, 4.987)",0.0383127,4.768
"[4.988, 4.989)",0.099246,4.769
"[4.989, 4.99)",0.0383127,4.77
"[4.99, 4.9910000000000005)",0.00363664,4.771
"[4.993, 4.994)",0.0178365,4.772
"[4.995, 4.996)",0.00536002,4.773
"[4.998, 4.999)",0.00170164,4.774
"[5.0040000000000004, 5.005)",0.0202429,4.775
"[5.005, 5.006)",0.0303081,4.776
"[5.015, 5.016)",0.012291400000000001,4.777
"[5.017, 5.018)",0.00506823,4.778
"[5.025, 5.026)",0.000540833,4.779
"[5.026, 5.027)",0.045911,4.78
"[5.027, 5.0280000000000005)",0.00170164,4.781
"[5.029, 5.03)",0.0525959165,4.782
"[5.038, 5.039)",0.00367197,4.783
"[5.04, 5.041)",0.0481635,4.784
"[5.041, 5.042)",0.0766926,4.785
"[5.0520000000000005, 5.053)",0.0305998,4.786
"[5.053, 5.054)",0.00610501,4.787
"[5.0600000000000005, 5.061)",0.007571125000000001,4.788
"[5.067, 5.0680000000000005)",0.00546847,4.789
"[5.072, 5.073)",0.0350636,4.79
"[5.073, 5.074)",0.0209671,4.791
"[5.0760000000000005, 5.077)",0.00287431,4.792
"[5.077, 5.078)",0.004161308,4.793
"[5.082, 5.083)",0.0113821,4.794
"[5.087, 5.088)",0.3178295,4.795
"[5.089, 5.09)",0.0115533,4.796
"[5.09, 5.091)",0.0019330735,4.797
"[5.097, 5.098)",0.00904357,4.798
"[5.098, 5.099)",0.0271477,4.799
"[5.101, 5.102)",0.00666395,4.8
"[5.102, 5.103)",0.048634627,4.801
"[5.109, 5.11)",0.03693591,4.802
"[5.111, 5.112)",0.00745903,4.803
"[5.114, 5.115)",0.000210176,4.804
