bin,R2_mean,dist
,0.06622529320561034,0.0
"[0.0, 0.001)",0.06258693909593314,0.001
"[0.001, 0.002)",0.06756896081153918,0.002
"[0.002, 0.003)",0.06138376140098135,0.003
"[0.003, 0.004)",0.06366371907204964,0.004
"[0.004, 0.005)",0.06047541997184106,0.005
"[0.005, 0.006)",0.061206988438249295,0.006
"[0.006, 0.007)",0.05869122326640386,0.007
"[0.007, 0.008)",0.05539305924990036,0.008
"[0.008, 0.009000000000000001)",0.05573481860216708,0.009
"[0.009000000000000001, 0.01)",0.0557693762720953,0.01
"[0.01, 0.011)",0.05732775555354583,0.011
"[0.011, 0.012)",0.051790945479613,0.012
"[0.012, 0.013000000000000001)",0.05806847468148885,0.013
"[0.013000000000000001, 0.014)",0.05555753085531211,0.014
"[0.014, 0.015)",0.05393159782372727,0.015
"[0.015, 0.016)",0.05199594595216394,0.016
"[0.016, 0.017)",0.0464688658608145,0.017
"[0.017, 0.018000000000000002)",0.05054555721613854,0.018
"[0.018000000000000002, 0.019)",0.055193590202448045,0.019
"[0.019, 0.02)",0.054147302153487405,0.02
"[0.02, 0.021)",0.0544746376968992,0.021
"[0.021, 0.022)",0.049107991950547894,0.022
"[0.022, 0.023)",0.051564932447177664,0.023
"[0.023, 0.024)",0.05357342883890888,0.024
"[0.024, 0.025)",0.051085974088253355,0.025
"[0.025, 0.026000000000000002)",0.05532358246385501,0.026
"[0.026000000000000002, 0.027)",0.051350425282406624,0.027
"[0.027, 0.028)",0.047525129865759436,0.028
"[0.028, 0.029)",0.049385861660267226,0.029
"[0.029, 0.03)",0.05005017707532246,0.03
"[0.03, 0.031)",0.047027441661894084,0.031
"[0.031, 0.032)",0.05114212057722773,0.032
"[0.032, 0.033)",0.04667823450147501,0.033
"[0.033, 0.034)",0.0542636058269516,0.034
"[0.034, 0.035)",0.04417216744236612,0.035
"[0.035, 0.036000000000000004)",0.04707102347274653,0.036
"[0.036000000000000004, 0.037)",0.05150353269230382,0.037
"[0.037, 0.038)",0.05290926886550199,0.038
"[0.038, 0.039)",0.051144181758266724,0.039
"[0.039, 0.04)",0.04688008707116912,0.04
"[0.04, 0.041)",0.04285763394001351,0.041
"[0.041, 0.042)",0.04725363653382741,0.042
"[0.042, 0.043000000000000003)",0.04079391461986324,0.043
"[0.043000000000000003, 0.044)",0.04179245456090776,0.044
"[0.044, 0.045)",0.043518154893759445,0.045
"[0.045, 0.046)",0.04423522537798554,0.046
"[0.046, 0.047)",0.0420404250962816,0.047
"[0.047, 0.048)",0.04004292635382869,0.048
"[0.048, 0.049)",0.042009755349047974,0.049
"[0.049, 0.05)",0.04335364692508111,0.05
"[0.05, 0.051000000000000004)",0.05071267985619583,0.051
"[0.051000000000000004, 0.052000000000000005)",0.03746950877511845,0.052
"[0.052000000000000005, 0.053)",0.04553678871188277,0.053
"[0.053, 0.054)",0.04123272001772577,0.054
"[0.054, 0.055)",0.040515507123333266,0.055
"[0.055, 0.056)",0.04656987897305724,0.056
"[0.056, 0.057)",0.042275723821335584,0.057
"[0.057, 0.058)",0.03785013722616202,0.058
"[0.058, 0.059000000000000004)",0.0410846611234664,0.059
"[0.059000000000000004, 0.06)",0.043204730492670165,0.06
"[0.06, 0.061)",0.0469254333168315,0.061
"[0.061, 0.062)",0.03907118680170788,0.062
"[0.062, 0.063)",0.043019039356610875,0.063
"[0.063, 0.064)",0.04766146855107308,0.064
"[0.064, 0.065)",0.03883150602887992,0.065
"[0.065, 0.066)",0.04218473814295832,0.066
"[0.066, 0.067)",0.041646010661259905,0.067
"[0.067, 0.068)",0.040591911092324,0.068
"[0.068, 0.069)",0.04020830098369925,0.069
"[0.069, 0.07)",0.036527558074167264,0.07
"[0.07, 0.07100000000000001)",0.04347464721023053,0.071
"[0.07100000000000001, 0.07200000000000001)",0.0449517483839834,0.072
"[0.07200000000000001, 0.073)",0.035582950336757145,0.073
"[0.073, 0.074)",0.03865300136471582,0.074
"[0.074, 0.075)",0.044200090195893736,0.075
"[0.075, 0.076)",0.03801538061818333,0.076
"[0.076, 0.077)",0.04554827861905934,0.077
"[0.077, 0.078)",0.03615932372520325,0.078
"[0.078, 0.079)",0.030367748166290162,0.079
"[0.079, 0.08)",0.03691300940699052,0.08
"[0.08, 0.081)",0.03635342073642975,0.081
"[0.081, 0.082)",0.03525899560175736,0.082
"[0.082, 0.083)",0.03381882707424206,0.083
"[0.083, 0.084)",0.038413096408427994,0.084
"[0.084, 0.085)",0.036950696789478835,0.085
"[0.085, 0.08600000000000001)",0.03639567189191594,0.086
"[0.08600000000000001, 0.08700000000000001)",0.04045982362941176,0.087
"[0.08700000000000001, 0.088)",0.03546018603245965,0.088
"[0.088, 0.089)",0.041704847588213474,0.089
"[0.089, 0.09)",0.03649579691351263,0.09
"[0.09, 0.091)",0.045388245333121614,0.091
"[0.091, 0.092)",0.03326055320740018,0.092
"[0.092, 0.093)",0.0336968625966592,0.093
"[0.093, 0.094)",0.04174916917770733,0.094
"[0.094, 0.095)",0.03917736483848574,0.095
"[0.095, 0.096)",0.0354756131935338,0.096
"[0.096, 0.097)",0.03969998803046997,0.097
"[0.097, 0.098)",0.03949845661285241,0.098
"[0.098, 0.099)",0.03436964575105482,0.099
"[0.099, 0.1)",0.04007568053170473,0.1
"[0.1, 0.101)",0.04017728303531181,0.101
"[0.101, 0.10200000000000001)",0.033890036914950586,0.102
"[0.10200000000000001, 0.10300000000000001)",0.04184896606492003,0.103
"[0.10300000000000001, 0.10400000000000001)",0.042202173473056395,0.104
"[0.10400000000000001, 0.105)",0.03314294055612832,0.105
"[0.105, 0.106)",0.041603060644325444,0.106
"[0.106, 0.107)",0.03978882982425461,0.107
"[0.107, 0.108)",0.03862371860598107,0.108
"[0.108, 0.109)",0.03433050292064984,0.109
"[0.109, 0.11)",0.03934253974037604,0.11
"[0.11, 0.111)",0.03903715621399591,0.111
"[0.111, 0.112)",0.034947832079448696,0.112
"[0.112, 0.113)",0.03484421585823905,0.113
"[0.113, 0.114)",0.037363579976516,0.114
"[0.114, 0.115)",0.03220918037636155,0.115
"[0.115, 0.116)",0.031235474197312516,0.116
"[0.116, 0.117)",0.035912418355476365,0.117
"[0.117, 0.11800000000000001)",0.03500299013917029,0.118
"[0.11800000000000001, 0.11900000000000001)",0.04121815685527805,0.119
"[0.11900000000000001, 0.12)",0.03826594343113827,0.12
"[0.12, 0.121)",0.03771962435388177,0.121
"[0.121, 0.122)",0.03621410559105684,0.122
"[0.122, 0.123)",0.043139840431705,0.123
"[0.123, 0.124)",0.036306818776498155,0.124
"[0.124, 0.125)",0.02769467595119522,0.125
"[0.125, 0.126)",0.03722795726346601,0.126
"[0.126, 0.127)",0.04368287859515152,0.127
"[0.127, 0.128)",0.033709262496139925,0.128
"[0.128, 0.129)",0.03765843722671205,0.129
"[0.129, 0.13)",0.03759486272170157,0.13
"[0.13, 0.131)",0.04468805421924903,0.131
"[0.131, 0.132)",0.04018229351301622,0.132
"[0.132, 0.133)",0.041160648967444695,0.133
"[0.133, 0.134)",0.034454864326978085,0.134
"[0.134, 0.135)",0.037210482921973674,0.135
"[0.135, 0.136)",0.03572383996191047,0.136
"[0.136, 0.137)",0.033356628104221644,0.137
"[0.137, 0.138)",0.038096813344474276,0.138
"[0.138, 0.139)",0.033784544366958644,0.139
"[0.139, 0.14)",0.03578807936228246,0.14
"[0.14, 0.14100000000000001)",0.03564267736565358,0.141
"[0.14100000000000001, 0.14200000000000002)",0.03822234256222078,0.142
"[0.14200000000000002, 0.14300000000000002)",0.04012406318717712,0.143
"[0.14300000000000002, 0.14400000000000002)",0.04025188207969089,0.144
"[0.14400000000000002, 0.145)",0.03033439109533555,0.145
"[0.145, 0.146)",0.03417393461127228,0.146
"[0.146, 0.147)",0.03634055743383495,0.147
"[0.147, 0.148)",0.039388423957770126,0.148
"[0.148, 0.149)",0.03991311505503869,0.149
"[0.149, 0.15)",0.036419702036402504,0.15
"[0.15, 0.151)",0.03522178893546704,0.151
"[0.151, 0.152)",0.03379210818881656,0.152
"[0.152, 0.153)",0.03742054333271022,0.153
"[0.153, 0.154)",0.03293106792229966,0.154
"[0.154, 0.155)",0.030876202966755476,0.155
"[0.155, 0.156)",0.03191654694274093,0.156
"[0.156, 0.157)",0.02752969390944792,0.157
"[0.157, 0.158)",0.030508947867101073,0.158
"[0.158, 0.159)",0.030376015708191494,0.159
"[0.159, 0.16)",0.03512991583638317,0.16
"[0.16, 0.161)",0.030490664844063063,0.161
"[0.161, 0.162)",0.03461393116223794,0.162
"[0.162, 0.163)",0.03120938166436651,0.163
"[0.163, 0.164)",0.03564801756777652,0.164
"[0.164, 0.165)",0.03099863552922145,0.165
"[0.165, 0.166)",0.03832342086129027,0.166
"[0.166, 0.167)",0.03881673471992129,0.167
"[0.167, 0.168)",0.0394068700517889,0.168
"[0.168, 0.169)",0.03572211316704073,0.169
"[0.169, 0.17)",0.03213905836174276,0.17
"[0.17, 0.171)",0.03291746256164423,0.171
"[0.171, 0.17200000000000001)",0.03603343525463816,0.172
"[0.17200000000000001, 0.17300000000000001)",0.035544937429066926,0.173
"[0.17300000000000001, 0.17400000000000002)",0.0314211151197555,0.174
"[0.17400000000000002, 0.17500000000000002)",0.036233636860574674,0.175
"[0.17500000000000002, 0.176)",0.03613038065423117,0.176
"[0.176, 0.177)",0.03413780087348122,0.177
"[0.177, 0.178)",0.029158684193974018,0.178
"[0.178, 0.179)",0.036451685185139984,0.179
"[0.179, 0.18)",0.03584445301538455,0.18
"[0.18, 0.181)",0.034395489263986376,0.181
"[0.181, 0.182)",0.03333389704744052,0.182
"[0.182, 0.183)",0.03159678656752328,0.183
"[0.183, 0.184)",0.034526435510481575,0.184
"[0.184, 0.185)",0.03748996397942539,0.185
"[0.185, 0.186)",0.028822761905804937,0.186
"[0.186, 0.187)",0.028653452933294275,0.187
"[0.187, 0.188)",0.027660736441440095,0.188
"[0.188, 0.189)",0.03630654698511901,0.189
"[0.189, 0.19)",0.03549334786072999,0.19
"[0.19, 0.191)",0.036182134533986846,0.191
"[0.191, 0.192)",0.034688006030085226,0.192
"[0.192, 0.193)",0.033316312431855157,0.193
"[0.193, 0.194)",0.036035223481818174,0.194
"[0.194, 0.195)",0.029317881338835602,0.195
"[0.195, 0.196)",0.028979700286009134,0.196
"[0.196, 0.197)",0.03790113497529995,0.197
"[0.197, 0.198)",0.03315509087976042,0.198
"[0.198, 0.199)",0.03493442739712398,0.199
"[0.199, 0.2)",0.03520122209320438,0.2
"[0.2, 0.201)",0.0369017796015778,0.201
"[0.201, 0.202)",0.036796041712387394,0.202
"[0.202, 0.203)",0.03253809781409239,0.203
"[0.203, 0.20400000000000001)",0.03481222532946741,0.204
"[0.20400000000000001, 0.20500000000000002)",0.04017156610365931,0.205
"[0.20500000000000002, 0.20600000000000002)",0.03204652307340499,0.206
"[0.20600000000000002, 0.20700000000000002)",0.027654858684659066,0.207
"[0.20700000000000002, 0.20800000000000002)",0.035963963830208494,0.208
"[0.20800000000000002, 0.209)",0.034932684267944214,0.209
"[0.209, 0.21)",0.03586759063806448,0.21
"[0.21, 0.211)",0.032242378339955274,0.211
"[0.211, 0.212)",0.03930950678312949,0.212
"[0.212, 0.213)",0.034276664316686654,0.213
"[0.213, 0.214)",0.03665802421115874,0.214
"[0.214, 0.215)",0.03025345696909315,0.215
"[0.215, 0.216)",0.03075500389399758,0.216
"[0.216, 0.217)",0.03460373669445217,0.217
"[0.217, 0.218)",0.03438936470641375,0.218
"[0.218, 0.219)",0.03060825228523109,0.219
"[0.219, 0.22)",0.03488564284993903,0.22
"[0.22, 0.221)",0.03751582904211147,0.221
"[0.221, 0.222)",0.03024291173688324,0.222
"[0.222, 0.223)",0.03123759932758737,0.223
"[0.223, 0.224)",0.03318895244803044,0.224
"[0.224, 0.225)",0.03340877295312499,0.225
"[0.225, 0.226)",0.031500210448448675,0.226
"[0.226, 0.227)",0.033149398842364515,0.227
"[0.227, 0.228)",0.027360178029518907,0.228
"[0.228, 0.229)",0.030607670462676075,0.229
"[0.229, 0.23)",0.034886860570963955,0.23
"[0.23, 0.231)",0.03448225194405147,0.231
"[0.231, 0.232)",0.029101343489209015,0.232
"[0.232, 0.233)",0.027480178817421607,0.233
"[0.233, 0.234)",0.037281137587696876,0.234
"[0.234, 0.23500000000000001)",0.03403958264323748,0.235
"[0.23500000000000001, 0.23600000000000002)",0.03014108285315593,0.236
"[0.23600000000000002, 0.23700000000000002)",0.03360780830036731,0.237
"[0.23700000000000002, 0.23800000000000002)",0.034955697370109284,0.238
"[0.23800000000000002, 0.23900000000000002)",0.04089686027846766,0.239
"[0.23900000000000002, 0.24)",0.03427624988493969,0.24
"[0.24, 0.241)",0.040313124958407984,0.241
"[0.241, 0.242)",0.031600236670378576,0.242
"[0.242, 0.243)",0.0323376333764302,0.243
"[0.243, 0.244)",0.027650067502192593,0.244
"[0.244, 0.245)",0.0317468038304004,0.245
"[0.245, 0.246)",0.02847568488472621,0.246
"[0.246, 0.247)",0.033922967546009326,0.247
"[0.247, 0.248)",0.03297653168300573,0.248
"[0.248, 0.249)",0.03272540709038001,0.249
"[0.249, 0.25)",0.03212222284798585,0.25
"[0.25, 0.251)",0.02730318981126253,0.251
"[0.251, 0.252)",0.03249067649036066,0.252
"[0.252, 0.253)",0.026542899091411058,0.253
"[0.253, 0.254)",0.03214992327298554,0.254
"[0.254, 0.255)",0.02646018874025032,0.255
"[0.255, 0.256)",0.030868966716213017,0.256
"[0.256, 0.257)",0.03262778861950586,0.257
"[0.257, 0.258)",0.03143924648911108,0.258
"[0.258, 0.259)",0.028471358993124217,0.259
"[0.259, 0.26)",0.03394671730717223,0.26
"[0.26, 0.261)",0.03132894466206493,0.261
"[0.261, 0.262)",0.029997533614831894,0.262
"[0.262, 0.263)",0.034192516203481994,0.263
"[0.263, 0.264)",0.030337863497874696,0.264
"[0.264, 0.265)",0.025593465698619502,0.265
"[0.265, 0.266)",0.031167814814735573,0.266
"[0.266, 0.267)",0.03359674644236374,0.267
"[0.267, 0.268)",0.028528433797008035,0.268
"[0.268, 0.269)",0.02857892168911331,0.269
"[0.269, 0.27)",0.03562615976599769,0.27
"[0.27, 0.271)",0.035762862715266075,0.271
"[0.271, 0.272)",0.030305092800635466,0.272
"[0.272, 0.273)",0.030484255790045718,0.273
"[0.273, 0.274)",0.03237437991169043,0.274
"[0.274, 0.275)",0.032067154580426256,0.275
"[0.275, 0.276)",0.030917850865806108,0.276
"[0.276, 0.277)",0.030955048798269907,0.277
"[0.277, 0.278)",0.03046517934543976,0.278
"[0.278, 0.279)",0.030064446904196664,0.279
"[0.279, 0.28)",0.034461873406830074,0.28
"[0.28, 0.281)",0.03260587931701555,0.281
"[0.281, 0.28200000000000003)",0.02928750370797477,0.282
"[0.28200000000000003, 0.28300000000000003)",0.03240277844568464,0.283
"[0.28300000000000003, 0.28400000000000003)",0.031382387015804106,0.284
"[0.28400000000000003, 0.28500000000000003)",0.030369219931839036,0.285
"[0.28500000000000003, 0.28600000000000003)",0.029826309838180746,0.286
"[0.28600000000000003, 0.28700000000000003)",0.032585565775122775,0.287
"[0.28700000000000003, 0.28800000000000003)",0.03272101912934545,0.288
"[0.28800000000000003, 0.289)",0.03393172204332923,0.289
"[0.289, 0.29)",0.031871827257039714,0.29
"[0.29, 0.291)",0.036625674168050286,0.291
"[0.291, 0.292)",0.031051857026717526,0.292
"[0.292, 0.293)",0.02891814716410253,0.293
"[0.293, 0.294)",0.02949566850925506,0.294
"[0.294, 0.295)",0.029223464312550088,0.295
"[0.295, 0.296)",0.033737880654007166,0.296
"[0.296, 0.297)",0.03486266442133244,0.297
"[0.297, 0.298)",0.03257834128952264,0.298
"[0.298, 0.299)",0.030155395567755254,0.299
"[0.299, 0.3)",0.03645564078371316,0.3
"[0.3, 0.301)",0.029916820760966963,0.301
"[0.301, 0.302)",0.034281952580833275,0.302
"[0.302, 0.303)",0.03514640601313604,0.303
"[0.303, 0.304)",0.030146109704430386,0.304
"[0.304, 0.305)",0.0300784085116063,0.305
"[0.305, 0.306)",0.03419083907675567,0.306
"[0.306, 0.307)",0.03161314177567215,0.307
"[0.307, 0.308)",0.03086668985238095,0.308
"[0.308, 0.309)",0.028595999793210515,0.309
"[0.309, 0.31)",0.026625540300335968,0.31
"[0.31, 0.311)",0.03537645169491521,0.311
"[0.311, 0.312)",0.029507149269794607,0.312
"[0.312, 0.313)",0.026945120103844287,0.313
"[0.313, 0.314)",0.032107008677250685,0.314
"[0.314, 0.315)",0.039848678120465886,0.315
"[0.315, 0.316)",0.03637722000899042,0.316
"[0.316, 0.317)",0.032756952137137196,0.317
"[0.317, 0.318)",0.02937174461804121,0.318
"[0.318, 0.319)",0.03119101060618285,0.319
"[0.319, 0.32)",0.03545240822300371,0.32
"[0.32, 0.321)",0.02973387139235509,0.321
"[0.321, 0.322)",0.03052624782247703,0.322
"[0.322, 0.323)",0.03406482589996189,0.323
"[0.323, 0.324)",0.03258108533965723,0.324
"[0.324, 0.325)",0.034826126721618174,0.325
"[0.325, 0.326)",0.03160572644576267,0.326
"[0.326, 0.327)",0.02930423770250863,0.327
"[0.327, 0.328)",0.03296378207414209,0.328
"[0.328, 0.329)",0.0312176223555952,0.329
"[0.329, 0.33)",0.030509278430983257,0.33
"[0.33, 0.331)",0.02816115632683413,0.331
"[0.331, 0.332)",0.03452834537542226,0.332
"[0.332, 0.333)",0.02952271626975547,0.333
"[0.333, 0.334)",0.029770370080519824,0.334
"[0.334, 0.335)",0.03239242963022539,0.335
"[0.335, 0.336)",0.030312106135101533,0.336
"[0.336, 0.337)",0.03395169984363409,0.337
"[0.337, 0.338)",0.035260913335610586,0.338
"[0.338, 0.339)",0.02676429985541863,0.339
"[0.339, 0.34)",0.02992922929705881,0.34
"[0.34, 0.341)",0.033653109972045646,0.341
"[0.341, 0.342)",0.028754508900881045,0.342
"[0.342, 0.343)",0.025025928782926855,0.343
"[0.343, 0.34400000000000003)",0.032000579846793345,0.344
"[0.34400000000000003, 0.34500000000000003)",0.036636401015303285,0.345
"[0.34500000000000003, 0.34600000000000003)",0.02406530030092918,0.346
"[0.34600000000000003, 0.34700000000000003)",0.03129836369820658,0.347
"[0.34700000000000003, 0.34800000000000003)",0.03540410103433151,0.348
"[0.34800000000000003, 0.34900000000000003)",0.03006727760358419,0.349
"[0.34900000000000003, 0.35000000000000003)",0.03190268776358694,0.35
"[0.35000000000000003, 0.35100000000000003)",0.03210128395957875,0.351
"[0.35100000000000003, 0.352)",0.03454680680219604,0.352
"[0.352, 0.353)",0.026451184502938384,0.353
"[0.353, 0.354)",0.0319158875305764,0.354
"[0.354, 0.355)",0.031609314222846435,0.355
"[0.355, 0.356)",0.028626854699478486,0.356
"[0.356, 0.357)",0.030028036257091783,0.357
"[0.357, 0.358)",0.029467254760957434,0.358
"[0.358, 0.359)",0.03185926999915556,0.359
"[0.359, 0.36)",0.03333870435666664,0.36
"[0.36, 0.361)",0.03349528690379017,0.361
"[0.361, 0.362)",0.03157480303980904,0.362
"[0.362, 0.363)",0.028491754264899846,0.363
"[0.363, 0.364)",0.029606267093283577,0.364
"[0.364, 0.365)",0.029197096280395997,0.365
"[0.365, 0.366)",0.033379081553189444,0.366
"[0.366, 0.367)",0.024343391891271854,0.367
"[0.367, 0.368)",0.027946960034448624,0.368
"[0.368, 0.369)",0.033188493406471994,0.369
"[0.369, 0.37)",0.02855898120842623,0.37
"[0.37, 0.371)",0.031040684102463023,0.371
"[0.371, 0.372)",0.034716855339130354,0.372
"[0.372, 0.373)",0.027740831229719366,0.373
"[0.373, 0.374)",0.030362822722897982,0.374
"[0.374, 0.375)",0.0324583931745301,0.375
"[0.375, 0.376)",0.032310135245323675,0.376
"[0.376, 0.377)",0.026475760718927297,0.377
"[0.377, 0.378)",0.027573546352869162,0.378
"[0.378, 0.379)",0.026083000382939762,0.379
"[0.379, 0.38)",0.027240726232865498,0.38
"[0.38, 0.381)",0.031022853988522666,0.381
"[0.381, 0.382)",0.030491833378836694,0.382
"[0.382, 0.383)",0.032089590984454706,0.383
"[0.383, 0.384)",0.0362399911365967,0.384
"[0.384, 0.385)",0.029029018725900697,0.385
"[0.385, 0.386)",0.03065718600231018,0.386
"[0.386, 0.387)",0.03438978292962435,0.387
"[0.387, 0.388)",0.027001875192369112,0.388
"[0.388, 0.389)",0.027053051144311772,0.389
"[0.389, 0.39)",0.03203642533910794,0.39
"[0.39, 0.391)",0.03102319019984182,0.391
"[0.391, 0.392)",0.031610928537485254,0.392
"[0.392, 0.393)",0.033958280722755946,0.393
"[0.393, 0.394)",0.03406680478195587,0.394
"[0.394, 0.395)",0.03239394529717417,0.395
"[0.395, 0.396)",0.027300726990198688,0.396
"[0.396, 0.397)",0.03203328483617885,0.397
"[0.397, 0.398)",0.028765743992901594,0.398
"[0.398, 0.399)",0.027895011927823014,0.399
"[0.399, 0.4)",0.03281828095775499,0.4
"[0.4, 0.401)",0.032128498876153794,0.401
"[0.401, 0.402)",0.030639864006933967,0.402
"[0.402, 0.403)",0.029446474573375018,0.403
"[0.403, 0.404)",0.02972074818608923,0.404
"[0.404, 0.405)",0.029941569351130636,0.405
"[0.405, 0.406)",0.028434263260149892,0.406
"[0.406, 0.40700000000000003)",0.035909150609759764,0.407
"[0.40700000000000003, 0.40800000000000003)",0.029602406788670127,0.408
"[0.40800000000000003, 0.40900000000000003)",0.02588511655307265,0.409
"[0.40900000000000003, 0.41000000000000003)",0.02901890916293331,0.41
"[0.41000000000000003, 0.41100000000000003)",0.03079296624366918,0.411
"[0.41100000000000003, 0.41200000000000003)",0.02757164858668949,0.412
"[0.41200000000000003, 0.41300000000000003)",0.03527402051869562,0.413
"[0.41300000000000003, 0.41400000000000003)",0.028724224458391134,0.414
"[0.41400000000000003, 0.41500000000000004)",0.029136418318701913,0.415
"[0.41500000000000004, 0.41600000000000004)",0.029103567170925694,0.416
"[0.41600000000000004, 0.417)",0.03231386796208331,0.417
"[0.417, 0.418)",0.027055407488644316,0.418
"[0.418, 0.419)",0.031169465735036723,0.419
"[0.419, 0.42)",0.03145553092144408,0.42
"[0.42, 0.421)",0.031369801739743186,0.421
"[0.421, 0.422)",0.02742467510911726,0.422
"[0.422, 0.423)",0.03004558995390835,0.423
"[0.423, 0.424)",0.029390724277896987,0.424
"[0.424, 0.425)",0.032412461834183705,0.425
"[0.425, 0.426)",0.0325584880663806,0.426
"[0.426, 0.427)",0.0321441019865885,0.427
"[0.427, 0.428)",0.03226514239372748,0.428
"[0.428, 0.429)",0.03617263939768005,0.429
"[0.429, 0.43)",0.028172171180751666,0.43
"[0.43, 0.431)",0.02956428097997293,0.431
"[0.431, 0.432)",0.0306907568431723,0.432
"[0.432, 0.433)",0.028956538144889465,0.433
"[0.433, 0.434)",0.03127848723942178,0.434
"[0.434, 0.435)",0.023719827135302213,0.435
"[0.435, 0.436)",0.03019576079044503,0.436
"[0.436, 0.437)",0.032101015446739135,0.437
"[0.437, 0.438)",0.025715282513406296,0.438
"[0.438, 0.439)",0.031194604159974056,0.439
"[0.439, 0.44)",0.03104481892895858,0.44
"[0.44, 0.441)",0.027324829053528652,0.441
"[0.441, 0.442)",0.027862167285389698,0.442
"[0.442, 0.443)",0.027839334443295987,0.443
"[0.443, 0.444)",0.030712743876358597,0.444
"[0.444, 0.445)",0.030558496837900538,0.445
"[0.445, 0.446)",0.02643866496824686,0.446
"[0.446, 0.447)",0.027155618911383985,0.447
"[0.447, 0.448)",0.030786034927576172,0.448
"[0.448, 0.449)",0.03062313620686404,0.449
"[0.449, 0.45)",0.031267971577571406,0.45
"[0.45, 0.451)",0.027561534262318256,0.451
"[0.451, 0.452)",0.033078086985585994,0.452
"[0.452, 0.453)",0.029005508510549827,0.453
"[0.453, 0.454)",0.03075867091673047,0.454
"[0.454, 0.455)",0.03293391417748105,0.455
"[0.455, 0.456)",0.02819737452570831,0.456
"[0.456, 0.457)",0.033043697088512486,0.457
"[0.457, 0.458)",0.03175700337326469,0.458
"[0.458, 0.459)",0.03133654073600613,0.459
"[0.459, 0.46)",0.03294956081911315,0.46
"[0.46, 0.461)",0.03623923522455476,0.461
"[0.461, 0.462)",0.032873645455172885,0.462
"[0.462, 0.463)",0.030577193432282303,0.463
"[0.463, 0.464)",0.028251535186290366,0.464
"[0.464, 0.465)",0.028017390068131906,0.465
"[0.465, 0.466)",0.0329702715542367,0.466
"[0.466, 0.467)",0.03363308595040809,0.467
"[0.467, 0.468)",0.024112279167401628,0.468
"[0.468, 0.46900000000000003)",0.028641367853353673,0.469
"[0.46900000000000003, 0.47000000000000003)",0.028393717701239662,0.47
"[0.47000000000000003, 0.47100000000000003)",0.02927775991785399,0.471
"[0.47100000000000003, 0.47200000000000003)",0.027766340685298454,0.472
"[0.47200000000000003, 0.47300000000000003)",0.026761149648865383,0.473
"[0.47300000000000003, 0.47400000000000003)",0.03495978271355205,0.474
"[0.47400000000000003, 0.47500000000000003)",0.02728133208995754,0.475
"[0.47500000000000003, 0.47600000000000003)",0.02822211938833078,0.476
"[0.47600000000000003, 0.47700000000000004)",0.030855368699713465,0.477
"[0.47700000000000004, 0.47800000000000004)",0.03608451284090632,0.478
"[0.47800000000000004, 0.47900000000000004)",0.028795233861157118,0.479
"[0.47900000000000004, 0.48)",0.029017908631058294,0.48
"[0.48, 0.481)",0.028161883754678492,0.481
"[0.481, 0.482)",0.031626848975991294,0.482
"[0.482, 0.483)",0.027696979154880997,0.483
"[0.483, 0.484)",0.02888620835406017,0.484
"[0.484, 0.485)",0.026879031881964843,0.485
"[0.485, 0.486)",0.02922697115089615,0.486
"[0.486, 0.487)",0.035268376783956897,0.487
"[0.487, 0.488)",0.030769842127561356,0.488
"[0.488, 0.489)",0.02397405436946034,0.489
"[0.489, 0.49)",0.03141377374740028,0.49
"[0.49, 0.491)",0.02895204828480186,0.491
"[0.491, 0.492)",0.02915748685591382,0.492
"[0.492, 0.493)",0.030877329656365003,0.493
"[0.493, 0.494)",0.031238877780613183,0.494
"[0.494, 0.495)",0.029605848179265384,0.495
"[0.495, 0.496)",0.0318418471801805,0.496
"[0.496, 0.497)",0.030142985092729828,0.497
"[0.497, 0.498)",0.030877021477518432,0.498
"[0.498, 0.499)",0.03355709185839307,0.499
"[0.499, 0.5)",0.03547500910301723,0.5
"[0.5, 0.501)",0.03067227725729104,0.501
"[0.501, 0.502)",0.03735192142934985,0.502
"[0.502, 0.503)",0.03522636552622802,0.503
"[0.503, 0.504)",0.03100023186598841,0.504
"[0.504, 0.505)",0.031894097665418925,0.505
"[0.505, 0.506)",0.031572440429506014,0.506
"[0.506, 0.507)",0.02694002379353783,0.507
"[0.507, 0.508)",0.025358674844460662,0.508
"[0.508, 0.509)",0.027172352592182928,0.509
"[0.509, 0.51)",0.02975412184384168,0.51
"[0.51, 0.511)",0.029161348544139865,0.511
"[0.511, 0.512)",0.03647504656737628,0.512
"[0.512, 0.513)",0.024202782694386308,0.513
"[0.513, 0.514)",0.029613478410000005,0.514
"[0.514, 0.515)",0.030984219125942652,0.515
"[0.515, 0.516)",0.027689668209777807,0.516
"[0.516, 0.517)",0.02916911447571014,0.517
"[0.517, 0.518)",0.031219412717103365,0.518
"[0.518, 0.519)",0.032313074795099525,0.519
"[0.519, 0.52)",0.028949598240985332,0.52
"[0.52, 0.521)",0.02918182271723238,0.521
"[0.521, 0.522)",0.033229751698090296,0.522
"[0.522, 0.523)",0.02960623353879012,0.523
"[0.523, 0.524)",0.02532090724479391,0.524
"[0.524, 0.525)",0.03239047229814814,0.525
"[0.525, 0.526)",0.026317473341470617,0.526
"[0.526, 0.527)",0.030589562152437244,0.527
"[0.527, 0.528)",0.0296142840935714,0.528
"[0.528, 0.529)",0.03204720825479452,0.529
"[0.529, 0.53)",0.027967422118888897,0.53
"[0.53, 0.531)",0.02868136164856546,0.531
"[0.531, 0.532)",0.02744201932470238,0.532
"[0.532, 0.533)",0.02651368472547478,0.533
"[0.533, 0.534)",0.03193962137193031,0.534
"[0.534, 0.535)",0.02543632820086457,0.535
"[0.535, 0.536)",0.028118902351978926,0.536
"[0.536, 0.537)",0.025884360020296617,0.537
"[0.537, 0.538)",0.025881293393741043,0.538
"[0.538, 0.539)",0.02698148455629204,0.539
"[0.539, 0.54)",0.02865105110881954,0.54
"[0.54, 0.541)",0.028969154122045187,0.541
"[0.541, 0.542)",0.02893011636413537,0.542
"[0.542, 0.543)",0.026789041556296345,0.543
"[0.543, 0.544)",0.03447962734181269,0.544
"[0.544, 0.545)",0.03231551997695532,0.545
"[0.545, 0.546)",0.034387844204407256,0.546
"[0.546, 0.547)",0.028069673770316998,0.547
"[0.547, 0.548)",0.02538355116510641,0.548
"[0.548, 0.549)",0.025612215167020037,0.549
"[0.549, 0.55)",0.03217494246291489,0.55
"[0.55, 0.551)",0.03240433183278005,0.551
"[0.551, 0.552)",0.02638475527411443,0.552
"[0.552, 0.553)",0.026453926520364466,0.553
"[0.553, 0.554)",0.028058614759085547,0.554
"[0.554, 0.555)",0.02371833765731217,0.555
"[0.555, 0.556)",0.028069969697063067,0.556
"[0.556, 0.557)",0.028849755582200896,0.557
"[0.557, 0.558)",0.027430207253826965,0.558
"[0.558, 0.559)",0.02583282373435674,0.559
"[0.559, 0.56)",0.03013893584495467,0.56
"[0.56, 0.561)",0.033701122339934685,0.561
"[0.561, 0.562)",0.026437124215140977,0.562
"[0.562, 0.5630000000000001)",0.030529175751846535,0.563
"[0.5630000000000001, 0.5640000000000001)",0.027391837804172692,0.564
"[0.5640000000000001, 0.5650000000000001)",0.029927384999191644,0.565
"[0.5650000000000001, 0.5660000000000001)",0.026208824316476455,0.566
"[0.5660000000000001, 0.5670000000000001)",0.027691186532072844,0.567
"[0.5670000000000001, 0.5680000000000001)",0.0288488563675286,0.568
"[0.5680000000000001, 0.5690000000000001)",0.03204716871517376,0.569
"[0.5690000000000001, 0.5700000000000001)",0.032104561006276164,0.57
"[0.5700000000000001, 0.5710000000000001)",0.02961132301985921,0.571
"[0.5710000000000001, 0.5720000000000001)",0.03136605976933891,0.572
"[0.5720000000000001, 0.5730000000000001)",0.030823994130924876,0.573
"[0.5730000000000001, 0.5740000000000001)",0.031554116854688376,0.574
"[0.5740000000000001, 0.5750000000000001)",0.027527833140398333,0.575
"[0.5750000000000001, 0.5760000000000001)",0.024412378606891393,0.576
"[0.5760000000000001, 0.577)",0.03254266138881186,0.577
"[0.577, 0.578)",0.02941283504112025,0.578
"[0.578, 0.579)",0.029105216989738485,0.579
"[0.579, 0.58)",0.028034875774770047,0.58
"[0.58, 0.581)",0.032409560408351336,0.581
"[0.581, 0.582)",0.029042379743966684,0.582
"[0.582, 0.583)",0.03097861408662424,0.583
"[0.583, 0.584)",0.02609956857187913,0.584
"[0.584, 0.585)",0.024797685028113255,0.585
"[0.585, 0.586)",0.03284651653779526,0.586
"[0.586, 0.587)",0.031165378267553185,0.587
"[0.587, 0.588)",0.03235200184217568,0.588
"[0.588, 0.589)",0.028098717524500647,0.589
"[0.589, 0.59)",0.028523602607980012,0.59
"[0.59, 0.591)",0.027720019176944413,0.591
"[0.591, 0.592)",0.031116951025211646,0.592
"[0.592, 0.593)",0.031156003518011455,0.593
"[0.593, 0.594)",0.028717788170163475,0.594
"[0.594, 0.595)",0.03084448268597615,0.595
"[0.595, 0.596)",0.027642515149798094,0.596
"[0.596, 0.597)",0.029351111470563945,0.597
"[0.597, 0.598)",0.03294859561635847,0.598
"[0.598, 0.599)",0.02643224546518725,0.599
"[0.599, 0.6)",0.029418907655938666,0.6
"[0.6, 0.601)",0.029122971891932886,0.601
"[0.601, 0.602)",0.029971856218379153,0.602
"[0.602, 0.603)",0.024915567425560586,0.603
"[0.603, 0.604)",0.025109959991022418,0.604
"[0.604, 0.605)",0.02877294278928028,0.605
"[0.605, 0.606)",0.03928259136731342,0.606
"[0.606, 0.607)",0.026436097458788804,0.607
"[0.607, 0.608)",0.03332520812981216,0.608
"[0.608, 0.609)",0.029449870927690094,0.609
"[0.609, 0.61)",0.030540064250171684,0.61
"[0.61, 0.611)",0.030972835775962087,0.611
"[0.611, 0.612)",0.029615220189857152,0.612
"[0.612, 0.613)",0.02575131579596102,0.613
"[0.613, 0.614)",0.0266208765734665,0.614
"[0.614, 0.615)",0.027599456418565108,0.615
"[0.615, 0.616)",0.030536935231085045,0.616
"[0.616, 0.617)",0.0373377169329394,0.617
"[0.617, 0.618)",0.02958014944601399,0.618
"[0.618, 0.619)",0.02681261482398261,0.619
"[0.619, 0.62)",0.02859703660236845,0.62
"[0.62, 0.621)",0.03547946846149338,0.621
"[0.621, 0.622)",0.031016876389351227,0.622
"[0.622, 0.623)",0.02810719559657741,0.623
"[0.623, 0.624)",0.026222450128385234,0.624
"[0.624, 0.625)",0.02915896491355913,0.625
"[0.625, 0.626)",0.03071900645165464,0.626
"[0.626, 0.627)",0.028947335514769246,0.627
"[0.627, 0.628)",0.03391497522758617,0.628
"[0.628, 0.629)",0.030629344819677447,0.629
"[0.629, 0.63)",0.03004481201700435,0.63
"[0.63, 0.631)",0.03327396870808848,0.631
"[0.631, 0.632)",0.02846964977019973,0.632
"[0.632, 0.633)",0.02720667170231938,0.633
"[0.633, 0.634)",0.02090800501300004,0.634
"[0.634, 0.635)",0.03128347469282223,0.635
"[0.635, 0.636)",0.025829869028637157,0.636
"[0.636, 0.637)",0.029506585310594222,0.637
"[0.637, 0.638)",0.034211752183783785,0.638
"[0.638, 0.639)",0.0257169419008811,0.639
"[0.639, 0.64)",0.029366528989427248,0.64
"[0.64, 0.641)",0.02915100674053783,0.641
"[0.641, 0.642)",0.03175087151715159,0.642
"[0.642, 0.643)",0.030663528561085295,0.643
"[0.643, 0.644)",0.03041011726646157,0.644
"[0.644, 0.645)",0.027818084132942084,0.645
"[0.645, 0.646)",0.032162308419725415,0.646
"[0.646, 0.647)",0.022719146380782415,0.647
"[0.647, 0.648)",0.023681270507350964,0.648
"[0.648, 0.649)",0.029520424709239167,0.649
"[0.649, 0.65)",0.03397804687535013,0.65
"[0.65, 0.651)",0.034650549117958035,0.651
"[0.651, 0.652)",0.02894376664489134,0.652
"[0.652, 0.653)",0.031974038478927595,0.653
"[0.653, 0.654)",0.026399985019098165,0.654
"[0.654, 0.655)",0.02819239989944909,0.655
"[0.655, 0.656)",0.02890147017496558,0.656
"[0.656, 0.657)",0.024937353687971862,0.657
"[0.657, 0.658)",0.029462842311919514,0.658
"[0.658, 0.659)",0.02893730197692426,0.659
"[0.659, 0.66)",0.030513726409431136,0.66
"[0.66, 0.661)",0.031155382042651714,0.661
"[0.661, 0.662)",0.03235814024486804,0.662
"[0.662, 0.663)",0.030372577531405823,0.663
"[0.663, 0.664)",0.035669998153766626,0.664
"[0.664, 0.665)",0.029804158182030235,0.665
"[0.665, 0.666)",0.036624277207131545,0.666
"[0.666, 0.667)",0.02968904717061748,0.667
"[0.667, 0.668)",0.036865556082439715,0.668
"[0.668, 0.669)",0.02638435935804316,0.669
"[0.669, 0.67)",0.030204477800881927,0.67
"[0.67, 0.671)",0.026340529006043244,0.671
"[0.671, 0.672)",0.02736874912334389,0.672
"[0.672, 0.673)",0.03357227040976824,0.673
"[0.673, 0.674)",0.031022071907484766,0.674
"[0.674, 0.675)",0.026583609293621312,0.675
"[0.675, 0.676)",0.03451246953001599,0.676
"[0.676, 0.677)",0.03557881842724359,0.677
"[0.677, 0.678)",0.028190166190483618,0.678
"[0.678, 0.679)",0.028855935769171694,0.679
"[0.679, 0.68)",0.026999191187449464,0.68
"[0.68, 0.681)",0.02877791057938465,0.681
"[0.681, 0.682)",0.029935599591600647,0.682
"[0.682, 0.683)",0.029265046353333386,0.683
"[0.683, 0.684)",0.03951648044935748,0.684
"[0.684, 0.685)",0.029573281230081985,0.685
"[0.685, 0.686)",0.02941291803882259,0.686
"[0.686, 0.687)",0.036678550056697845,0.687
"[0.687, 0.6880000000000001)",0.02926548313026316,0.688
"[0.6880000000000001, 0.6890000000000001)",0.032102884871452485,0.689
"[0.6890000000000001, 0.6900000000000001)",0.034708565225712,0.69
"[0.6900000000000001, 0.6910000000000001)",0.03206152722054381,0.691
"[0.6910000000000001, 0.6920000000000001)",0.036665714414213214,0.692
"[0.6920000000000001, 0.6930000000000001)",0.027931799524448006,0.693
"[0.6930000000000001, 0.6940000000000001)",0.02640812834712668,0.694
"[0.6940000000000001, 0.6950000000000001)",0.024901851195121987,0.695
"[0.6950000000000001, 0.6960000000000001)",0.024816594411652203,0.696
"[0.6960000000000001, 0.6970000000000001)",0.03034824222544861,0.697
"[0.6970000000000001, 0.6980000000000001)",0.02519893058291889,0.698
"[0.6980000000000001, 0.6990000000000001)",0.023479214006979367,0.699
"[0.6990000000000001, 0.7000000000000001)",0.033935259004200996,0.7
"[0.7000000000000001, 0.7010000000000001)",0.024065799162439873,0.701
"[0.7010000000000001, 0.7020000000000001)",0.03400416624209593,0.702
"[0.7020000000000001, 0.7030000000000001)",0.026759549885887576,0.703
"[0.7030000000000001, 0.704)",0.03333115672054516,0.704
"[0.704, 0.705)",0.024725882732762983,0.705
"[0.705, 0.706)",0.02899153262785243,0.706
"[0.706, 0.707)",0.027607532828968943,0.707
"[0.707, 0.708)",0.024569552770430124,0.708
"[0.708, 0.709)",0.02615296390446271,0.709
"[0.709, 0.71)",0.0305331702205219,0.71
"[0.71, 0.711)",0.030193069993760306,0.711
"[0.711, 0.712)",0.03143417166080844,0.712
"[0.712, 0.713)",0.03002733906982148,0.713
"[0.713, 0.714)",0.026436773409058024,0.714
"[0.714, 0.715)",0.030668744349066225,0.715
"[0.715, 0.716)",0.02888393839571925,0.716
"[0.716, 0.717)",0.023835016529616754,0.717
"[0.717, 0.718)",0.027784328899133497,0.718
"[0.718, 0.719)",0.028902132225161314,0.719
"[0.719, 0.72)",0.02829313019661272,0.72
"[0.72, 0.721)",0.03125674464927071,0.721
"[0.721, 0.722)",0.027492772894090967,0.722
"[0.722, 0.723)",0.024267753672945272,0.723
"[0.723, 0.724)",0.026156673345241178,0.724
"[0.724, 0.725)",0.02606404649636673,0.725
"[0.725, 0.726)",0.032554049019501805,0.726
"[0.726, 0.727)",0.02766101011478265,0.727
"[0.727, 0.728)",0.026679253399490767,0.728
"[0.728, 0.729)",0.030040409777003504,0.729
"[0.729, 0.73)",0.030193675462203414,0.73
"[0.73, 0.731)",0.02664362400127626,0.731
"[0.731, 0.732)",0.036416188609075605,0.732
"[0.732, 0.733)",0.03110814781172168,0.733
"[0.733, 0.734)",0.02484569352591366,0.734
"[0.734, 0.735)",0.029059678591844378,0.735
"[0.735, 0.736)",0.03261772208624124,0.736
"[0.736, 0.737)",0.027502098194495447,0.737
"[0.737, 0.738)",0.028948546222277098,0.738
"[0.738, 0.739)",0.03211766372926831,0.739
"[0.739, 0.74)",0.028328558020091137,0.74
"[0.74, 0.741)",0.031420750432179505,0.741
"[0.741, 0.742)",0.02237274818851855,0.742
"[0.742, 0.743)",0.027009692336504902,0.743
"[0.743, 0.744)",0.02888966401924221,0.744
"[0.744, 0.745)",0.032656726917338036,0.745
"[0.745, 0.746)",0.03122778704410773,0.746
"[0.746, 0.747)",0.028628390750824767,0.747
"[0.747, 0.748)",0.030224126709908292,0.748
"[0.748, 0.749)",0.027614700960707644,0.749
"[0.749, 0.75)",0.03166615910574577,0.75
"[0.75, 0.751)",0.027702762253187664,0.751
"[0.751, 0.752)",0.023864412929812027,0.752
"[0.752, 0.753)",0.022103230357735898,0.753
"[0.753, 0.754)",0.024836583067455894,0.754
"[0.754, 0.755)",0.03377928228387645,0.755
"[0.755, 0.756)",0.02807098529095944,0.756
"[0.756, 0.757)",0.025510580741449844,0.757
"[0.757, 0.758)",0.03269735718680146,0.758
"[0.758, 0.759)",0.026662199980272153,0.759
"[0.759, 0.76)",0.03314615516173288,0.76
"[0.76, 0.761)",0.02730771093260799,0.761
"[0.761, 0.762)",0.02873248479005216,0.762
"[0.762, 0.763)",0.025804168960170674,0.763
"[0.763, 0.764)",0.024726178991423393,0.764
"[0.764, 0.765)",0.02814547792165143,0.765
"[0.765, 0.766)",0.026722371938162615,0.766
"[0.766, 0.767)",0.030764681709610844,0.767
"[0.767, 0.768)",0.031792379797891374,0.768
"[0.768, 0.769)",0.024757385315192004,0.769
"[0.769, 0.77)",0.027652029911540955,0.77
"[0.77, 0.771)",0.02740008100368173,0.771
"[0.771, 0.772)",0.034005821993344995,0.772
"[0.772, 0.773)",0.02696219338844226,0.773
"[0.773, 0.774)",0.028283093466101767,0.774
"[0.774, 0.775)",0.024364551624434978,0.775
"[0.775, 0.776)",0.03918580741095984,0.776
"[0.776, 0.777)",0.030870102822648623,0.777
"[0.777, 0.778)",0.02530420464074455,0.778
"[0.778, 0.779)",0.027516251890493,0.779
"[0.779, 0.78)",0.029064611504738568,0.78
"[0.78, 0.781)",0.031044106035083622,0.781
"[0.781, 0.782)",0.028701386779892358,0.782
"[0.782, 0.783)",0.03551226611460869,0.783
"[0.783, 0.784)",0.025742634340582247,0.784
"[0.784, 0.785)",0.028655874280144412,0.785
"[0.785, 0.786)",0.03522860137471601,0.786
"[0.786, 0.787)",0.03381828953120567,0.787
"[0.787, 0.788)",0.031102801800675237,0.788
"[0.788, 0.789)",0.024656976368231213,0.789
"[0.789, 0.79)",0.03278791799881558,0.79
"[0.79, 0.791)",0.030470025731943472,0.791
"[0.791, 0.792)",0.0210597723744704,0.792
"[0.792, 0.793)",0.02933415156065842,0.793
"[0.793, 0.794)",0.029096145477487144,0.794
"[0.794, 0.795)",0.030803974771028083,0.795
"[0.795, 0.796)",0.03043293063281258,0.796
"[0.796, 0.797)",0.023697841841970844,0.797
"[0.797, 0.798)",0.028139490752602282,0.798
"[0.798, 0.799)",0.02660879973910042,0.799
"[0.799, 0.8)",0.023808938193816947,0.8
"[0.8, 0.801)",0.029479409993298122,0.801
"[0.801, 0.802)",0.02625355173362222,0.802
"[0.802, 0.803)",0.026433729569409682,0.803
"[0.803, 0.804)",0.023408309703619838,0.804
"[0.804, 0.805)",0.025142601763680834,0.805
"[0.805, 0.806)",0.03384023588816474,0.806
"[0.806, 0.807)",0.02429592938603536,0.807
"[0.807, 0.808)",0.029136455966366877,0.808
"[0.808, 0.809)",0.024822556049741852,0.809
"[0.809, 0.81)",0.0273299442616208,0.81
"[0.81, 0.811)",0.02268610797884303,0.811
"[0.811, 0.812)",0.026162909485436908,0.812
"[0.812, 0.8130000000000001)",0.033598634639159235,0.813
"[0.8130000000000001, 0.8140000000000001)",0.03339260799710909,0.814
"[0.8140000000000001, 0.8150000000000001)",0.025991289904204795,0.815
"[0.8150000000000001, 0.8160000000000001)",0.0336355316967619,0.816
"[0.8160000000000001, 0.8170000000000001)",0.029475666475109918,0.817
"[0.8170000000000001, 0.8180000000000001)",0.02708839719333968,0.818
"[0.8180000000000001, 0.8190000000000001)",0.024481145126389457,0.819
"[0.8190000000000001, 0.8200000000000001)",0.031721483219889136,0.82
"[0.8200000000000001, 0.8210000000000001)",0.0312521604648084,0.821
"[0.8210000000000001, 0.8220000000000001)",0.026871970170610028,0.822
"[0.8220000000000001, 0.8230000000000001)",0.024764671523799332,0.823
"[0.8230000000000001, 0.8240000000000001)",0.0330039666321617,0.824
"[0.8240000000000001, 0.8250000000000001)",0.025109122250173033,0.825
"[0.8250000000000001, 0.8260000000000001)",0.027702923698401574,0.826
"[0.8260000000000001, 0.8270000000000001)",0.02738596651228381,0.827
"[0.8270000000000001, 0.8280000000000001)",0.0297773683603479,0.828
"[0.8280000000000001, 0.8290000000000001)",0.027738944050193098,0.829
"[0.8290000000000001, 0.8300000000000001)",0.02551938025485601,0.83
"[0.8300000000000001, 0.8310000000000001)",0.026863969229797065,0.831
"[0.8310000000000001, 0.8320000000000001)",0.021973144163195735,0.832
"[0.8320000000000001, 0.833)",0.028817531526666683,0.833
"[0.833, 0.834)",0.02429248897796817,0.834
"[0.834, 0.835)",0.032354074208379935,0.835
"[0.835, 0.836)",0.03388512110415093,0.836
"[0.836, 0.837)",0.02356595166113286,0.837
"[0.837, 0.838)",0.03029463832200003,0.838
"[0.838, 0.839)",0.02830409634051094,0.839
"[0.839, 0.84)",0.028946089132015122,0.84
"[0.84, 0.841)",0.034272171508433785,0.841
"[0.841, 0.842)",0.0349447195887661,0.842
"[0.842, 0.843)",0.032066692358027095,0.843
"[0.843, 0.844)",0.026787497729824607,0.844
"[0.844, 0.845)",0.028655132991097346,0.845
"[0.845, 0.846)",0.02154267382806692,0.846
"[0.846, 0.847)",0.025946782564383618,0.847
"[0.847, 0.848)",0.02758316175545456,0.848
"[0.848, 0.849)",0.03206362183005604,0.849
"[0.849, 0.85)",0.021930066187681202,0.85
"[0.85, 0.851)",0.03431791195726596,0.851
"[0.851, 0.852)",0.028112775783938837,0.852
"[0.852, 0.853)",0.03621996238056115,0.853
"[0.853, 0.854)",0.02609377819900206,0.854
"[0.854, 0.855)",0.031019483298242237,0.855
"[0.855, 0.856)",0.023258902119322737,0.856
"[0.856, 0.857)",0.02890106535975001,0.857
"[0.857, 0.858)",0.027668215877734433,0.858
"[0.858, 0.859)",0.02732925382975001,0.859
"[0.859, 0.86)",0.03137676823953798,0.86
"[0.86, 0.861)",0.028755706075605854,0.861
"[0.861, 0.862)",0.026947007784931545,0.862
"[0.862, 0.863)",0.02929567700205774,0.863
"[0.863, 0.864)",0.03249341386774812,0.864
"[0.864, 0.865)",0.02993889802112627,0.865
"[0.865, 0.866)",0.030676022981923134,0.866
"[0.866, 0.867)",0.025867368611623302,0.867
"[0.867, 0.868)",0.023884361236736255,0.868
"[0.868, 0.869)",0.02820331909137145,0.869
"[0.869, 0.87)",0.03222722598219761,0.87
"[0.87, 0.871)",0.027786415616837822,0.871
"[0.871, 0.872)",0.025152025538745123,0.872
"[0.872, 0.873)",0.026154492135865015,0.873
"[0.873, 0.874)",0.022494848392989743,0.874
"[0.874, 0.875)",0.03501042339429737,0.875
"[0.875, 0.876)",0.023348383942085913,0.876
"[0.876, 0.877)",0.0290701691757634,0.877
"[0.877, 0.878)",0.025875742156102822,0.878
"[0.878, 0.879)",0.023854917820429467,0.879
"[0.879, 0.88)",0.025885856788551632,0.88
"[0.88, 0.881)",0.028892759030297768,0.881
"[0.881, 0.882)",0.029001507760322637,0.882
"[0.882, 0.883)",0.02943706846328362,0.883
"[0.883, 0.884)",0.03050127352896288,0.884
"[0.884, 0.885)",0.026840215656947223,0.885
"[0.885, 0.886)",0.025728030018023276,0.886
"[0.886, 0.887)",0.033267847652557705,0.887
"[0.887, 0.888)",0.030916912662878843,0.888
"[0.888, 0.889)",0.033775465065416704,0.889
"[0.889, 0.89)",0.032191654569204343,0.89
"[0.89, 0.891)",0.03064041519093258,0.891
"[0.891, 0.892)",0.029750296848571493,0.892
"[0.892, 0.893)",0.024470258280905537,0.893
"[0.893, 0.894)",0.03277985891065895,0.894
"[0.894, 0.895)",0.0323856094561183,0.895
"[0.895, 0.896)",0.03628149696531839,0.896
"[0.896, 0.897)",0.027386266314827025,0.897
"[0.897, 0.898)",0.035157974112384215,0.898
"[0.898, 0.899)",0.032601988829195794,0.899
"[0.899, 0.9)",0.030819707312449356,0.9
"[0.9, 0.901)",0.03001893904915544,0.901
"[0.901, 0.902)",0.02887630401480077,0.902
"[0.902, 0.903)",0.03643272842288171,0.903
"[0.903, 0.904)",0.03030739484444449,0.904
"[0.904, 0.905)",0.03097498671891897,0.905
"[0.905, 0.906)",0.03650162694829664,0.906
"[0.906, 0.907)",0.029020694956458364,0.907
"[0.907, 0.908)",0.02936256057959271,0.908
"[0.908, 0.909)",0.02869107337163271,0.909
"[0.909, 0.91)",0.026009848466806755,0.91
"[0.91, 0.911)",0.030170847436280054,0.911
"[0.911, 0.912)",0.025039747388773403,0.912
"[0.912, 0.913)",0.032383630112679,0.913
"[0.913, 0.914)",0.02541879743443984,0.914
"[0.914, 0.915)",0.029555508605618664,0.915
"[0.915, 0.916)",0.024708307554242432,0.916
"[0.916, 0.917)",0.029005958249720725,0.917
"[0.917, 0.918)",0.028868585315980983,0.918
"[0.918, 0.919)",0.030775174003557358,0.919
"[0.919, 0.92)",0.030003020127883574,0.92
"[0.92, 0.921)",0.0339490570958491,0.921
"[0.921, 0.922)",0.02843426258154601,0.922
"[0.922, 0.923)",0.023127787943918145,0.923
"[0.923, 0.924)",0.02736274057979595,0.924
"[0.924, 0.925)",0.02420178680760873,0.925
"[0.925, 0.926)",0.02852662555233547,0.926
"[0.926, 0.927)",0.025560730639959055,0.927
"[0.927, 0.928)",0.02381356737660045,0.928
"[0.928, 0.929)",0.030947487951738257,0.929
"[0.929, 0.93)",0.03827124382239473,0.93
"[0.93, 0.931)",0.03144757974754469,0.931
"[0.931, 0.932)",0.0291814947633188,0.932
"[0.932, 0.933)",0.02754310636157308,0.933
"[0.933, 0.934)",0.02531529087708048,0.934
"[0.934, 0.935)",0.02412586542643518,0.935
"[0.935, 0.936)",0.03053427502500002,0.936
"[0.936, 0.937)",0.029630959437208886,0.937
"[0.937, 0.9380000000000001)",0.03076565831983641,0.938
"[0.9380000000000001, 0.9390000000000001)",0.031631953442575474,0.939
"[0.9390000000000001, 0.9400000000000001)",0.026948125228305836,0.94
"[0.9400000000000001, 0.9410000000000001)",0.03844456738568551,0.941
"[0.9410000000000001, 0.9420000000000001)",0.032561686999327606,0.942
"[0.9420000000000001, 0.9430000000000001)",0.024583059248695686,0.943
"[0.9430000000000001, 0.9440000000000001)",0.024674015173675835,0.944
"[0.9440000000000001, 0.9450000000000001)",0.02885993186659441,0.945
"[0.9450000000000001, 0.9460000000000001)",0.023929204535540836,0.946
"[0.9460000000000001, 0.9470000000000001)",0.02300256112029917,0.947
"[0.9470000000000001, 0.9480000000000001)",0.02909548805158735,0.948
"[0.9480000000000001, 0.9490000000000001)",0.03314389599038465,0.949
"[0.9490000000000001, 0.9500000000000001)",0.022957523329257656,0.95
"[0.9500000000000001, 0.9510000000000001)",0.03348733081923242,0.951
"[0.9510000000000001, 0.9520000000000001)",0.02707765864183012,0.952
"[0.9520000000000001, 0.9530000000000001)",0.024199727129460585,0.953
"[0.9530000000000001, 0.9540000000000001)",0.026982200811822152,0.954
"[0.9540000000000001, 0.9550000000000001)",0.02505698903302757,0.955
"[0.9550000000000001, 0.9560000000000001)",0.02981123366258665,0.956
"[0.9560000000000001, 0.9570000000000001)",0.0280546909390828,0.957
"[0.9570000000000001, 0.9580000000000001)",0.028238579506113595,0.958
"[0.9580000000000001, 0.9590000000000001)",0.028759929266941993,0.959
"[0.9590000000000001, 0.96)",0.03238476800569541,0.96
"[0.96, 0.961)",0.0319216750823583,0.961
"[0.961, 0.962)",0.031065597406341496,0.962
"[0.962, 0.963)",0.03275942846244024,0.963
"[0.963, 0.964)",0.02499937742009134,0.964
"[0.964, 0.965)",0.03108949190162587,0.965
"[0.965, 0.966)",0.02640126597920794,0.966
"[0.966, 0.967)",0.027124658611379356,0.967
"[0.967, 0.968)",0.030407785578151315,0.968
"[0.968, 0.969)",0.02579410427660047,0.969
"[0.969, 0.97)",0.024232234106531567,0.97
"[0.97, 0.971)",0.028690941711283224,0.971
"[0.971, 0.972)",0.026508778745843255,0.972
"[0.972, 0.973)",0.026859662270913482,0.973
"[0.973, 0.974)",0.0313070581673424,0.974
"[0.974, 0.975)",0.02676560978141035,0.975
"[0.975, 0.976)",0.031440777875118515,0.976
"[0.976, 0.977)",0.02552863740620006,0.977
"[0.977, 0.978)",0.029012714840128805,0.978
"[0.978, 0.979)",0.025303169222544667,0.979
"[0.979, 0.98)",0.031124726098917775,0.98
"[0.98, 0.981)",0.026942472025531947,0.981
"[0.981, 0.982)",0.023676032008520205,0.982
"[0.982, 0.983)",0.02152307376895075,0.983
"[0.983, 0.984)",0.03000550685359348,0.984
"[0.984, 0.985)",0.026230007493832606,0.985
"[0.985, 0.986)",0.03146255373450419,0.986
"[0.986, 0.987)",0.02747204035127662,0.987
"[0.987, 0.988)",0.03368543537056282,0.988
"[0.988, 0.989)",0.03337630242278353,0.989
"[0.989, 0.99)",0.029263401779704053,0.99
"[0.99, 0.991)",0.030611113708079292,0.991
"[0.991, 0.992)",0.035957336313319196,0.992
"[0.992, 0.993)",0.030087285477669697,0.993
"[0.993, 0.994)",0.036850788904970185,0.994
"[0.994, 0.995)",0.034009099268903845,0.995
"[0.995, 0.996)",0.03149650579268135,0.996
"[0.996, 0.997)",0.028654996192560196,0.997
"[0.997, 0.998)",0.03164448454057021,0.998
"[0.998, 0.999)",0.03266644068500006,0.999
"[0.999, 1.0)",0.030028942574382073,1.0
"[1.0, 1.0010000000000001)",0.027105338849875316,1.001
"[1.0010000000000001, 1.002)",0.03375146603496506,1.002
"[1.002, 1.0030000000000001)",0.03229853775108803,1.003
"[1.0030000000000001, 1.004)",0.03043214233071601,1.004
"[1.004, 1.0050000000000001)",0.029791378807483643,1.005
"[1.0050000000000001, 1.006)",0.03707985396516127,1.006
"[1.006, 1.0070000000000001)",0.023419492412275894,1.007
"[1.0070000000000001, 1.008)",0.034259556666666746,1.008
"[1.008, 1.0090000000000001)",0.026850511028899127,1.009
"[1.0090000000000001, 1.01)",0.028134665231443343,1.01
"[1.01, 1.0110000000000001)",0.03257508839669608,1.011
"[1.0110000000000001, 1.012)",0.025030499337444216,1.012
"[1.012, 1.0130000000000001)",0.02571386965810189,1.013
"[1.0130000000000001, 1.014)",0.030602528243276333,1.014
"[1.014, 1.0150000000000001)",0.02618698718603607,1.015
"[1.0150000000000001, 1.016)",0.029952574557937692,1.016
"[1.016, 1.0170000000000001)",0.02827521213568184,1.017
"[1.0170000000000001, 1.018)",0.0326434671829083,1.018
"[1.018, 1.0190000000000001)",0.024377459421064323,1.019
"[1.0190000000000001, 1.02)",0.03202358273935191,1.02
"[1.02, 1.0210000000000001)",0.03392403025648653,1.021
"[1.0210000000000001, 1.022)",0.023437153634507064,1.022
"[1.022, 1.0230000000000001)",0.026602129068019138,1.023
"[1.0230000000000001, 1.024)",0.028309896074884836,1.024
"[1.024, 1.025)",0.03416789335931482,1.025
"[1.025, 1.026)",0.023687575263485205,1.026
"[1.026, 1.027)",0.029440069210962008,1.027
"[1.027, 1.028)",0.024198206439578478,1.028
"[1.028, 1.029)",0.0324569240583918,1.029
"[1.029, 1.03)",0.026418789356263298,1.03
"[1.03, 1.031)",0.028350858568281994,1.031
"[1.031, 1.032)",0.029221911504978666,1.032
"[1.032, 1.033)",0.030418066891133803,1.033
"[1.033, 1.034)",0.028125838419444462,1.034
"[1.034, 1.035)",0.030561394427850927,1.035
"[1.035, 1.036)",0.023764420574888392,1.036
"[1.036, 1.037)",0.03057457052872291,1.037
"[1.037, 1.038)",0.025271355168496427,1.038
"[1.038, 1.039)",0.032847396223571496,1.039
"[1.039, 1.04)",0.025144677439999995,1.04
"[1.04, 1.041)",0.02849824692770144,1.041
"[1.041, 1.042)",0.030604218780000036,1.042
"[1.042, 1.043)",0.027380750584299538,1.043
"[1.043, 1.044)",0.027245400130151868,1.044
"[1.044, 1.045)",0.027955975487872386,1.045
"[1.045, 1.046)",0.02208988339402657,1.046
"[1.046, 1.047)",0.021510278588207553,1.047
"[1.047, 1.048)",0.03209838297341181,1.048
"[1.048, 1.049)",0.030303605068089965,1.049
"[1.049, 1.05)",0.036013752432885966,1.05
"[1.05, 1.051)",0.026634590820539452,1.051
"[1.051, 1.052)",0.03754712356513573,1.052
"[1.052, 1.053)",0.027197906530588272,1.053
"[1.053, 1.054)",0.02557107212598257,1.054
"[1.054, 1.055)",0.025032502821038978,1.055
"[1.055, 1.056)",0.031329928908199585,1.056
"[1.056, 1.057)",0.02917507968805317,1.057
"[1.057, 1.058)",0.024037187711440706,1.058
"[1.058, 1.059)",0.028408326572732703,1.059
"[1.059, 1.06)",0.025319982779955973,1.06
"[1.06, 1.061)",0.023725136461776892,1.061
"[1.061, 1.062)",0.02906891587598157,1.062
"[1.062, 1.063)",0.027187927362365652,1.063
"[1.063, 1.064)",0.03134683337324564,1.064
"[1.064, 1.065)",0.02885573099410573,1.065
"[1.065, 1.066)",0.029621088025865643,1.066
"[1.066, 1.067)",0.027504964116179805,1.067
"[1.067, 1.068)",0.033623612421596796,1.068
"[1.068, 1.069)",0.032144183588333375,1.069
"[1.069, 1.07)",0.026858498453884723,1.07
"[1.07, 1.071)",0.029424390712416128,1.071
"[1.071, 1.072)",0.030545401870561865,1.072
"[1.072, 1.073)",0.02606355787296039,1.073
"[1.073, 1.074)",0.03552834682521261,1.074
"[1.074, 1.075)",0.026762599823720923,1.075
"[1.075, 1.076)",0.035191484896703325,1.076
"[1.076, 1.077)",0.02772232867100225,1.077
"[1.077, 1.078)",0.03140577450386368,1.078
"[1.078, 1.079)",0.031399185905938286,1.079
"[1.079, 1.08)",0.02946602649881517,1.08
"[1.08, 1.081)",0.027709024623690244,1.081
"[1.081, 1.082)",0.029290882680147068,1.082
"[1.082, 1.083)",0.023980487415126896,1.083
"[1.083, 1.084)",0.02758645287692313,1.084
"[1.084, 1.085)",0.020370519596642152,1.085
"[1.085, 1.086)",0.02339598095250548,1.086
"[1.086, 1.087)",0.021962952696768887,1.087
"[1.087, 1.088)",0.026191221215212748,1.088
"[1.088, 1.089)",0.03410371509577218,1.089
"[1.089, 1.09)",0.024159249792736075,1.09
"[1.09, 1.091)",0.027504021613116904,1.091
"[1.091, 1.092)",0.024248548386227857,1.092
"[1.092, 1.093)",0.036531459562740426,1.093
"[1.093, 1.094)",0.027802474327447348,1.094
"[1.094, 1.095)",0.024908901256097574,1.095
"[1.095, 1.096)",0.032574419577250054,1.096
"[1.096, 1.097)",0.02905736206035137,1.097
"[1.097, 1.098)",0.03141684856089508,1.098
"[1.098, 1.099)",0.02251800878643799,1.099
"[1.099, 1.1)",0.02417066557818182,1.1
"[1.1, 1.101)",0.02548993692108434,1.101
"[1.101, 1.102)",0.024642416309574488,1.102
"[1.102, 1.103)",0.028369051280930882,1.103
"[1.103, 1.104)",0.0247327935409091,1.104
"[1.104, 1.105)",0.0279372593754717,1.105
"[1.105, 1.106)",0.0264987323882006,1.106
"[1.106, 1.107)",0.026974565959155688,1.107
"[1.107, 1.108)",0.02727162774255323,1.108
"[1.108, 1.109)",0.031292607009562844,1.109
"[1.109, 1.11)",0.023386300330499998,1.11
"[1.11, 1.111)",0.027373574752094242,1.111
"[1.111, 1.112)",0.034962945488684234,1.112
"[1.112, 1.113)",0.041097680584065974,1.113
"[1.113, 1.114)",0.027262705471866298,1.114
"[1.114, 1.115)",0.024690782405979356,1.115
"[1.115, 1.116)",0.02624992931896103,1.116
"[1.116, 1.117)",0.020524912379265074,1.117
"[1.117, 1.118)",0.025986224373360435,1.118
"[1.118, 1.119)",0.028341668035210543,1.119
"[1.119, 1.12)",0.02686507294217505,1.12
"[1.12, 1.121)",0.022957127921227637,1.121
"[1.121, 1.122)",0.02204667981176021,1.122
"[1.122, 1.123)",0.027859745226414573,1.123
"[1.123, 1.124)",0.02890539979601999,1.124
"[1.124, 1.125)",0.028163063056265397,1.125
"[1.125, 1.1260000000000001)",0.030376739887041915,1.126
"[1.1260000000000001, 1.127)",0.02907422854596819,1.127
"[1.127, 1.1280000000000001)",0.021929504730731717,1.128
"[1.1280000000000001, 1.129)",0.02723575329286782,1.129
"[1.129, 1.1300000000000001)",0.028844086702004532,1.13
"[1.1300000000000001, 1.131)",0.036003772323569744,1.131
"[1.131, 1.1320000000000001)",0.022817191775482103,1.132
"[1.1320000000000001, 1.133)",0.032897164213267875,1.133
"[1.133, 1.1340000000000001)",0.03130827502163859,1.134
"[1.1340000000000001, 1.135)",0.033087966474386936,1.135
"[1.135, 1.1360000000000001)",0.028811732913477123,1.136
"[1.1360000000000001, 1.137)",0.03759905538802234,1.137
"[1.137, 1.1380000000000001)",0.03323340527178951,1.138
"[1.1380000000000001, 1.139)",0.023389999903508794,1.139
"[1.139, 1.1400000000000001)",0.028046602759635452,1.14
"[1.1400000000000001, 1.141)",0.025875394297076033,1.141
"[1.141, 1.1420000000000001)",0.028332825904748626,1.142
"[1.1420000000000001, 1.143)",0.025193764524637677,1.143
"[1.143, 1.1440000000000001)",0.03769083424285718,1.144
"[1.1440000000000001, 1.145)",0.02641897938518518,1.145
"[1.145, 1.1460000000000001)",0.032094379506045344,1.146
"[1.1460000000000001, 1.147)",0.0374701395151429,1.147
"[1.147, 1.1480000000000001)",0.03360745814675323,1.148
"[1.1480000000000001, 1.149)",0.025628326884816765,1.149
"[1.149, 1.1500000000000001)",0.032227495558166244,1.15
"[1.1500000000000001, 1.151)",0.03387820108597015,1.151
"[1.151, 1.1520000000000001)",0.030478530969453382,1.152
"[1.1520000000000001, 1.153)",0.03167159050079578,1.153
"[1.153, 1.154)",0.041266451828179604,1.154
"[1.154, 1.155)",0.029888821170398056,1.155
"[1.155, 1.156)",0.027337599616321265,1.156
"[1.156, 1.157)",0.022160810991770585,1.157
"[1.157, 1.158)",0.030555005052642484,1.158
"[1.158, 1.159)",0.03424413606759163,1.159
"[1.159, 1.16)",0.024189521062299456,1.16
"[1.16, 1.161)",0.030292809385866648,1.161
"[1.161, 1.162)",0.02541813207453784,1.162
"[1.162, 1.163)",0.023949964372576186,1.163
"[1.163, 1.164)",0.03138658971102644,1.164
"[1.164, 1.165)",0.024436383644542786,1.165
"[1.165, 1.166)",0.024741172938789482,1.166
"[1.166, 1.167)",0.03531020962671474,1.167
"[1.167, 1.168)",0.02496423152043927,1.168
"[1.168, 1.169)",0.02296048759634146,1.169
"[1.169, 1.17)",0.032569820172674464,1.17
"[1.17, 1.171)",0.029607070028023617,1.171
"[1.171, 1.172)",0.024951742327485375,1.172
"[1.172, 1.173)",0.03891340560866876,1.173
"[1.173, 1.174)",0.031224847014114127,1.174
"[1.174, 1.175)",0.025961849871717145,1.175
"[1.175, 1.176)",0.026015058647256083,1.176
"[1.176, 1.177)",0.02084690226886792,1.177
"[1.177, 1.178)",0.026412751000542013,1.178
"[1.178, 1.179)",0.026640310067492467,1.179
"[1.179, 1.18)",0.025124715785488954,1.18
"[1.18, 1.181)",0.02594289954067799,1.181
"[1.181, 1.182)",0.024967376903582073,1.182
"[1.182, 1.183)",0.023927423463835227,1.183
"[1.183, 1.184)",0.03756255777979172,1.184
"[1.184, 1.185)",0.03316022377071824,1.185
"[1.185, 1.186)",0.026885590243413176,1.186
"[1.186, 1.187)",0.03230930601776442,1.187
"[1.187, 1.188)",0.024496373661432515,1.188
"[1.188, 1.189)",0.03383235921353138,1.189
"[1.189, 1.19)",0.020573426035047918,1.19
"[1.19, 1.191)",0.034603719976836186,1.191
"[1.191, 1.192)",0.036911410870303044,1.192
"[1.192, 1.193)",0.03094555658450709,1.193
"[1.193, 1.194)",0.025256515812154687,1.194
"[1.194, 1.195)",0.031034207685753407,1.195
"[1.195, 1.196)",0.02817611101987952,1.196
"[1.196, 1.197)",0.032426311790058525,1.197
"[1.197, 1.198)",0.03116018170952379,1.198
"[1.198, 1.199)",0.026313761040412963,1.199
"[1.199, 1.2)",0.026028387770718236,1.2
"[1.2, 1.201)",0.02373936473692809,1.201
"[1.201, 1.202)",0.02477127276569578,1.202
"[1.202, 1.203)",0.026257939361548358,1.203
"[1.203, 1.204)",0.023898080980362526,1.204
"[1.204, 1.205)",0.029664170257434414,1.205
"[1.205, 1.206)",0.03880811079017342,1.206
"[1.206, 1.207)",0.027752298399062496,1.207
"[1.207, 1.208)",0.02500952443177629,1.208
"[1.208, 1.209)",0.023377668362994333,1.209
"[1.209, 1.21)",0.02681324087649124,1.21
"[1.21, 1.211)",0.025512661170645143,1.211
"[1.211, 1.212)",0.028631459925803585,1.212
"[1.212, 1.213)",0.028268872158875746,1.213
"[1.213, 1.214)",0.03056202092422822,1.214
"[1.214, 1.215)",0.025623154564012724,1.215
"[1.215, 1.216)",0.025991496151226975,1.216
"[1.216, 1.217)",0.027275138553721667,1.217
"[1.217, 1.218)",0.03817628693318889,1.218
"[1.218, 1.219)",0.029006957107310122,1.219
"[1.219, 1.22)",0.028225018786060613,1.22
"[1.22, 1.221)",0.029982316910028717,1.221
"[1.221, 1.222)",0.03047908146384369,1.222
"[1.222, 1.223)",0.028471851333021797,1.223
"[1.223, 1.224)",0.0310439989451411,1.224
"[1.224, 1.225)",0.03569291895792881,1.225
"[1.225, 1.226)",0.02925606161151517,1.226
"[1.226, 1.227)",0.03741971812946711,1.227
"[1.227, 1.228)",0.026068962903012038,1.228
"[1.228, 1.229)",0.02679238881965813,1.229
"[1.229, 1.23)",0.024660140786624193,1.23
"[1.23, 1.231)",0.03468969950416668,1.231
"[1.231, 1.232)",0.02826365417409473,1.232
"[1.232, 1.233)",0.024025953109037892,1.233
"[1.233, 1.234)",0.023425799573192747,1.234
"[1.234, 1.235)",0.027506923626335392,1.235
"[1.235, 1.236)",0.03174588027783647,1.236
"[1.236, 1.237)",0.03501070318467747,1.237
"[1.237, 1.238)",0.025593400874269645,1.238
"[1.238, 1.239)",0.023183019847169785,1.239
"[1.239, 1.24)",0.020767628416379292,1.24
"[1.24, 1.241)",0.026334088988856297,1.241
"[1.241, 1.242)",0.02674862294444442,1.242
"[1.242, 1.243)",0.03279587791077563,1.243
"[1.243, 1.244)",0.027399749370571415,1.244
"[1.244, 1.245)",0.031018414490454557,1.245
"[1.245, 1.246)",0.036086904846480056,1.246
"[1.246, 1.247)",0.038523143524269,1.247
"[1.247, 1.248)",0.03352935855994399,1.248
"[1.248, 1.249)",0.02433862190089919,1.249
"[1.249, 1.25)",0.03130621667481482,1.25
"[1.25, 1.2510000000000001)",0.02497666976326204,1.251
"[1.2510000000000001, 1.252)",0.028257730400079777,1.252
"[1.252, 1.2530000000000001)",0.026590647057142903,1.253
"[1.2530000000000001, 1.254)",0.03078323289798851,1.254
"[1.254, 1.2550000000000001)",0.033703503799729743,1.255
"[1.2550000000000001, 1.256)",0.03269543727922439,1.256
"[1.256, 1.2570000000000001)",0.022182022236261676,1.257
"[1.2570000000000001, 1.258)",0.03616288981641797,1.258
"[1.258, 1.2590000000000001)",0.025680873460144908,1.259
"[1.2590000000000001, 1.26)",0.028221426817873763,1.26
"[1.26, 1.2610000000000001)",0.02567049747377048,1.261
"[1.2610000000000001, 1.262)",0.032469822029747644,1.262
"[1.262, 1.2630000000000001)",0.026164191377721482,1.263
"[1.2630000000000001, 1.264)",0.028395722229470188,1.264
"[1.264, 1.2650000000000001)",0.027214480807692322,1.265
"[1.2650000000000001, 1.266)",0.025561403742402573,1.266
"[1.266, 1.2670000000000001)",0.024619059603419337,1.267
"[1.2670000000000001, 1.268)",0.02991931866942445,1.268
"[1.268, 1.2690000000000001)",0.02840432208878131,1.269
"[1.2690000000000001, 1.27)",0.02663094281477989,1.27
"[1.27, 1.2710000000000001)",0.03061550035844593,1.271
"[1.2710000000000001, 1.272)",0.03326016706014836,1.272
"[1.272, 1.2730000000000001)",0.025301589812052112,1.273
"[1.2730000000000001, 1.274)",0.03139114156612249,1.274
"[1.274, 1.2750000000000001)",0.02483130821484847,1.275
"[1.2750000000000001, 1.276)",0.03213480350518636,1.276
"[1.276, 1.2770000000000001)",0.024569750734626854,1.277
"[1.2770000000000001, 1.278)",0.031014245732558166,1.278
"[1.278, 1.2790000000000001)",0.03262459441030309,1.279
"[1.2790000000000001, 1.28)",0.029537123499678446,1.28
"[1.28, 1.281)",0.028065235560182915,1.281
"[1.281, 1.282)",0.02441963208958907,1.282
"[1.282, 1.283)",0.025369963888253022,1.283
"[1.283, 1.284)",0.02828640327868504,1.284
"[1.284, 1.285)",0.02731854864059704,1.285
"[1.285, 1.286)",0.02582123952931889,1.286
"[1.286, 1.287)",0.021157347808333317,1.287
"[1.287, 1.288)",0.01962924120842698,1.288
"[1.288, 1.289)",0.02766196296562133,1.289
"[1.289, 1.29)",0.039859649325727026,1.29
"[1.29, 1.291)",0.022694539570033652,1.291
"[1.291, 1.292)",0.025669171871884063,1.292
"[1.292, 1.293)",0.030424567048443908,1.293
"[1.293, 1.294)",0.02645045234703812,1.294
"[1.294, 1.295)",0.029548366472443188,1.295
"[1.295, 1.296)",0.03113312487476928,1.296
"[1.296, 1.297)",0.028541364567807818,1.297
"[1.297, 1.298)",0.025113116737993917,1.298
"[1.298, 1.299)",0.025461594733048435,1.299
"[1.299, 1.3)",0.029581617781785717,1.3
"[1.3, 1.301)",0.036809582182711846,1.301
"[1.301, 1.302)",0.024394617465056802,1.302
"[1.302, 1.303)",0.02739400989889506,1.303
"[1.303, 1.304)",0.03164918063049539,1.304
"[1.304, 1.305)",0.02779297469829547,1.305
"[1.305, 1.306)",0.03208742758176474,1.306
"[1.306, 1.307)",0.024279107095757552,1.307
"[1.307, 1.308)",0.022143795764564555,1.308
"[1.308, 1.309)",0.03562533510000002,1.309
"[1.309, 1.31)",0.036707159303936844,1.31
"[1.31, 1.311)",0.031191184808176117,1.311
"[1.311, 1.312)",0.02993126099278354,1.312
"[1.312, 1.313)",0.029319576032989722,1.313
"[1.313, 1.314)",0.028081547066763014,1.314
"[1.314, 1.315)",0.022913860814211897,1.315
"[1.315, 1.316)",0.024808225269148367,1.316
"[1.316, 1.317)",0.026870571530346835,1.317
"[1.317, 1.318)",0.03730185862930031,1.318
"[1.318, 1.319)",0.03348827964812684,1.319
"[1.319, 1.32)",0.0286547664033033,1.32
"[1.32, 1.321)",0.03389374492765367,1.321
"[1.321, 1.322)",0.02950766640191692,1.322
"[1.322, 1.323)",0.025778003822023825,1.323
"[1.323, 1.324)",0.02371266405487654,1.324
"[1.324, 1.325)",0.03158250870647247,1.325
"[1.325, 1.326)",0.022409384678683388,1.326
"[1.326, 1.327)",0.027199555557051298,1.327
"[1.327, 1.328)",0.0314133200909375,1.328
"[1.328, 1.329)",0.03193051074912892,1.329
"[1.329, 1.33)",0.02970472358137256,1.33
"[1.33, 1.331)",0.03595324381862072,1.331
"[1.331, 1.332)",0.03646176622157538,1.332
"[1.332, 1.333)",0.02566778019256755,1.333
"[1.333, 1.334)",0.02690063730573757,1.334
"[1.334, 1.335)",0.02832638360903012,1.335
"[1.335, 1.336)",0.021180018080000015,1.336
"[1.336, 1.337)",0.02635003975968991,1.337
"[1.337, 1.338)",0.02454613842761903,1.338
"[1.338, 1.339)",0.027740373278623182,1.339
"[1.339, 1.34)",0.03305689843971636,1.34
"[1.34, 1.341)",0.020963333765558995,1.341
"[1.341, 1.342)",0.024958071837671222,1.342
"[1.342, 1.343)",0.03147304933054545,1.343
"[1.343, 1.344)",0.029524572013793077,1.344
"[1.344, 1.345)",0.03195138742166064,1.345
"[1.345, 1.346)",0.023114684968749997,1.346
"[1.346, 1.347)",0.02650654067404845,1.347
"[1.347, 1.348)",0.03448621239786477,1.348
"[1.348, 1.349)",0.024952894717525067,1.349
"[1.349, 1.35)",0.02185683374503312,1.35
"[1.35, 1.351)",0.02737423516713308,1.351
"[1.351, 1.352)",0.03867730900586323,1.352
"[1.352, 1.353)",0.029904781361071452,1.353
"[1.353, 1.354)",0.020439602585567,1.354
"[1.354, 1.355)",0.023945756259731527,1.355
"[1.355, 1.356)",0.027274216799999997,1.356
"[1.356, 1.357)",0.026749147168154748,1.357
"[1.357, 1.358)",0.033747081188996796,1.358
"[1.358, 1.359)",0.028222505138205966,1.359
"[1.359, 1.36)",0.03112817442445543,1.36
"[1.36, 1.361)",0.03273452537620818,1.361
"[1.361, 1.362)",0.030346997089174592,1.362
"[1.362, 1.363)",0.02733778844781144,1.363
"[1.363, 1.364)",0.033743251745762724,1.364
"[1.364, 1.365)",0.027719619140186908,1.365
"[1.365, 1.366)",0.028504391534999993,1.366
"[1.366, 1.367)",0.028124867750671148,1.367
"[1.367, 1.368)",0.02585530336812081,1.368
"[1.368, 1.369)",0.028909365086690123,1.369
"[1.369, 1.37)",0.037617195455844174,1.37
"[1.37, 1.371)",0.02574019135360655,1.371
"[1.371, 1.372)",0.035301747811418975,1.372
"[1.372, 1.373)",0.029131809485347986,1.373
"[1.373, 1.374)",0.031768933124199254,1.374
"[1.374, 1.375)",0.028305821680149792,1.375
"[1.375, 1.3760000000000001)",0.03341744668847582,1.376
"[1.3760000000000001, 1.377)",0.029324425436078393,1.377
"[1.377, 1.3780000000000001)",0.027439796934448146,1.378
"[1.3780000000000001, 1.379)",0.035106287305303664,1.379
"[1.379, 1.3800000000000001)",0.02843940679448277,1.38
"[1.3800000000000001, 1.381)",0.03165041195799253,1.381
"[1.381, 1.3820000000000001)",0.03114316417386758,1.382
"[1.3820000000000001, 1.383)",0.035561532895564525,1.383
"[1.383, 1.3840000000000001)",0.04197182815888507,1.384
"[1.3840000000000001, 1.385)",0.02820471446071428,1.385
"[1.385, 1.3860000000000001)",0.021454810466549307,1.386
"[1.3860000000000001, 1.387)",0.020124019992715222,1.387
"[1.387, 1.3880000000000001)",0.026424825858450695,1.388
"[1.3880000000000001, 1.389)",0.02675672243300653,1.389
"[1.389, 1.3900000000000001)",0.03641514964259927,1.39
"[1.3900000000000001, 1.391)",0.03652964077697373,1.391
"[1.391, 1.3920000000000001)",0.02593755838252526,1.392
"[1.3920000000000001, 1.393)",0.02578524519902684,1.393
"[1.393, 1.3940000000000001)",0.03103649876727943,1.394
"[1.3940000000000001, 1.395)",0.0314422830166667,1.395
"[1.395, 1.3960000000000001)",0.02107966360716723,1.396
"[1.3960000000000001, 1.397)",0.02540128618092103,1.397
"[1.397, 1.3980000000000001)",0.04505905049571432,1.398
"[1.3980000000000001, 1.399)",0.03100274025199999,1.399
"[1.399, 1.4000000000000001)",0.020603581497945198,1.4
"[1.4000000000000001, 1.401)",0.028246449040594045,1.401
"[1.401, 1.4020000000000001)",0.023847905144625415,1.402
"[1.4020000000000001, 1.403)",0.027467337962007184,1.403
"[1.403, 1.4040000000000001)",0.01796874993548387,1.404
"[1.4040000000000001, 1.405)",0.033237620640785,1.405
"[1.405, 1.4060000000000001)",0.03151579210916388,1.406
"[1.4060000000000001, 1.407)",0.03140797457970483,1.407
"[1.407, 1.408)",0.030218643523673466,1.408
"[1.408, 1.409)",0.02278019690839999,1.409
"[1.409, 1.41)",0.018698619168401473,1.41
"[1.41, 1.411)",0.02840933782022899,1.411
"[1.411, 1.412)",0.026578709459683776,1.412
"[1.412, 1.413)",0.03276327082839508,1.413
"[1.413, 1.414)",0.021323251167340063,1.414
"[1.414, 1.415)",0.023864157768705044,1.415
"[1.415, 1.416)",0.03154030067725491,1.416
"[1.416, 1.417)",0.03126681191544715,1.417
"[1.417, 1.418)",0.027970040761705423,1.418
"[1.418, 1.419)",0.02296934490880282,1.419
"[1.419, 1.42)",0.0228358093356,1.42
"[1.42, 1.421)",0.035050063419444465,1.421
"[1.421, 1.422)",0.022863898275875934,1.422
"[1.422, 1.423)",0.03252287876296295,1.423
"[1.423, 1.424)",0.02568763834468087,1.424
"[1.424, 1.425)",0.023350950020740724,1.425
"[1.425, 1.426)",0.02394487192623573,1.426
"[1.426, 1.427)",0.0281326726554622,1.427
"[1.427, 1.428)",0.023176085325630258,1.428
"[1.428, 1.429)",0.025535116092083334,1.429
"[1.429, 1.43)",0.02171362868769229,1.43
"[1.43, 1.431)",0.02475345398977598,1.431
"[1.431, 1.432)",0.018899950259653683,1.432
"[1.432, 1.433)",0.026378020274,1.433
"[1.433, 1.434)",0.02506400240759493,1.434
"[1.434, 1.435)",0.027571921579039288,1.435
"[1.435, 1.436)",0.03270994721105264,1.436
"[1.436, 1.437)",0.0250753118021097,1.437
"[1.437, 1.438)",0.04754045149735685,1.438
"[1.438, 1.439)",0.018656015067400878,1.439
"[1.439, 1.44)",0.028594497894312794,1.44
"[1.44, 1.441)",0.026390343048275852,1.441
"[1.441, 1.442)",0.02068418340500001,1.442
"[1.442, 1.443)",0.026369479761274503,1.443
"[1.443, 1.444)",0.0265096666392857,1.444
"[1.444, 1.445)",0.0350516900010476,1.445
"[1.445, 1.446)",0.026272624233,1.446
"[1.446, 1.447)",0.020389288341538463,1.447
"[1.447, 1.448)",0.03126549165412844,1.448
"[1.448, 1.449)",0.032491225356422,1.449
"[1.449, 1.45)",0.027345784668101256,1.45
"[1.45, 1.451)",0.028406602310043657,1.451
"[1.451, 1.452)",0.035254419451739114,1.452
"[1.452, 1.453)",0.027707653537931014,1.453
"[1.453, 1.454)",0.03977327788019802,1.454
"[1.454, 1.455)",0.028225050085714284,1.455
"[1.455, 1.456)",0.02736717083222749,1.456
"[1.456, 1.457)",0.03164513707331877,1.457
"[1.457, 1.458)",0.02812508720652174,1.458
"[1.458, 1.459)",0.034591769558898304,1.459
"[1.459, 1.46)",0.02289192891910567,1.46
"[1.46, 1.461)",0.041220479792792836,1.461
"[1.461, 1.462)",0.019944278229449535,1.462
"[1.462, 1.463)",0.02353256161463414,1.463
"[1.463, 1.464)",0.026784908827397265,1.464
"[1.464, 1.465)",0.03183035028177569,1.465
"[1.465, 1.466)",0.034445275363201966,1.466
"[1.466, 1.467)",0.03295564437746478,1.467
"[1.467, 1.468)",0.03064327788152001,1.468
"[1.468, 1.469)",0.02563445630294116,1.469
"[1.469, 1.47)",0.026074368789583316,1.47
"[1.47, 1.471)",0.028147462063671844,1.471
"[1.471, 1.472)",0.016745652242727282,1.472
"[1.472, 1.473)",0.031193169414369757,1.473
"[1.473, 1.474)",0.030399287099999995,1.474
"[1.474, 1.475)",0.030493043540889823,1.475
"[1.475, 1.476)",0.024867943921610156,1.476
"[1.476, 1.477)",0.020793976003493454,1.477
"[1.477, 1.478)",0.028493064999111105,1.478
"[1.478, 1.479)",0.02778112858712119,1.479
"[1.479, 1.48)",0.028709090223684203,1.48
"[1.48, 1.481)",0.027749102219066152,1.481
"[1.481, 1.482)",0.0311448093585903,1.482
"[1.482, 1.483)",0.025003379447755103,1.483
"[1.483, 1.484)",0.03730582514825758,1.484
"[1.484, 1.485)",0.026014246738157897,1.485
"[1.485, 1.486)",0.027284713607317063,1.486
"[1.486, 1.487)",0.02170380931334822,1.487
"[1.487, 1.488)",0.021689935177254233,1.488
"[1.488, 1.489)",0.031169262470852006,1.489
"[1.489, 1.49)",0.021772481977653625,1.49
"[1.49, 1.491)",0.022831494874038467,1.491
"[1.491, 1.492)",0.030313496611555545,1.492
"[1.492, 1.493)",0.029665223309909918,1.493
"[1.493, 1.494)",0.03390303956994817,1.494
"[1.494, 1.495)",0.02948624968775511,1.495
"[1.495, 1.496)",0.023186405581730764,1.496
"[1.496, 1.497)",0.0282680565849107,1.497
"[1.497, 1.498)",0.017094752608837208,1.498
"[1.498, 1.499)",0.02565667694957264,1.499
"[1.499, 1.5)",0.03182738302325579,1.5
"[1.5, 1.5010000000000001)",0.021144462880000003,1.501
"[1.5010000000000001, 1.502)",0.024259996099137916,1.502
"[1.502, 1.5030000000000001)",0.023039383331860445,1.503
"[1.5030000000000001, 1.504)",0.02901089855301723,1.504
"[1.504, 1.5050000000000001)",0.02575809269907836,1.505
"[1.5050000000000001, 1.506)",0.03497286826275306,1.506
"[1.506, 1.5070000000000001)",0.02592277392727271,1.507
"[1.5070000000000001, 1.508)",0.026723893745021828,1.508
"[1.508, 1.5090000000000001)",0.02119618144784688,1.509
"[1.5090000000000001, 1.51)",0.024274771395412835,1.51
"[1.51, 1.5110000000000001)",0.027210282404306202,1.511
"[1.5110000000000001, 1.512)",0.025681781698492456,1.512
"[1.512, 1.5130000000000001)",0.024534734798571423,1.513
"[1.5130000000000001, 1.514)",0.025054527031775697,1.514
"[1.514, 1.5150000000000001)",0.028563400075700917,1.515
"[1.5150000000000001, 1.516)",0.03281818808116504,1.516
"[1.516, 1.5170000000000001)",0.024986123178155323,1.517
"[1.5170000000000001, 1.518)",0.03218846318673469,1.518
"[1.518, 1.5190000000000001)",0.027985944029569873,1.519
"[1.5190000000000001, 1.52)",0.023306722333537738,1.52
"[1.52, 1.5210000000000001)",0.031042109914754056,1.521
"[1.5210000000000001, 1.522)",0.03404011839857868,1.522
"[1.522, 1.5230000000000001)",0.03755597990880828,1.523
"[1.5230000000000001, 1.524)",0.02892996444059406,1.524
"[1.524, 1.5250000000000001)",0.024275081839679136,1.525
"[1.5250000000000001, 1.526)",0.019704177351351358,1.526
"[1.526, 1.5270000000000001)",0.025848252290306118,1.527
"[1.5270000000000001, 1.528)",0.024267492102222232,1.528
"[1.528, 1.5290000000000001)",0.0378947347855814,1.529
"[1.5290000000000001, 1.53)",0.021360971737931035,1.53
"[1.53, 1.5310000000000001)",0.027919373388127815,1.531
"[1.5310000000000001, 1.532)",0.0261370151004878,1.532
"[1.532, 1.5330000000000001)",0.027678662715384623,1.533
"[1.5330000000000001, 1.534)",0.028110069751255802,1.534
"[1.534, 1.5350000000000001)",0.022608060727918794,1.535
"[1.5350000000000001, 1.536)",0.026405143419026535,1.536
"[1.536, 1.537)",0.026849918426146778,1.537
"[1.537, 1.538)",0.028975778340611352,1.538
"[1.538, 1.539)",0.016625473034675937,1.539
"[1.539, 1.54)",0.0230361861207627,1.54
"[1.54, 1.541)",0.0287510557238095,1.541
"[1.541, 1.542)",0.028233785499019604,1.542
"[1.542, 1.543)",0.029784189536842098,1.543
"[1.543, 1.544)",0.024930851075242722,1.544
"[1.544, 1.545)",0.03795717022830186,1.545
"[1.545, 1.546)",0.03265274106636363,1.546
"[1.546, 1.547)",0.03713624094714916,1.547
"[1.547, 1.548)",0.028955860470762682,1.548
"[1.548, 1.549)",0.026892340429357786,1.549
"[1.549, 1.55)",0.03245596366610878,1.55
"[1.55, 1.551)",0.02568776452986426,1.551
"[1.551, 1.552)",0.02562347302148761,1.552
"[1.552, 1.553)",0.022843571734862376,1.553
"[1.553, 1.554)",0.02879804734951921,1.554
"[1.554, 1.555)",0.02273822617081338,1.555
"[1.555, 1.556)",0.02245018913125,1.556
"[1.556, 1.557)",0.028745622473239443,1.557
"[1.557, 1.558)",0.030191793742,1.558
"[1.558, 1.559)",0.027814913742088904,1.559
"[1.559, 1.56)",0.03916075442451923,1.56
"[1.56, 1.561)",0.03344473625246636,1.561
"[1.561, 1.562)",0.031087049140096613,1.562
"[1.562, 1.563)",0.030125336509708726,1.563
"[1.563, 1.564)",0.030063328110810805,1.564
"[1.564, 1.565)",0.02492922230981308,1.565
"[1.565, 1.566)",0.025265225888177336,1.566
"[1.566, 1.567)",0.020403217851271187,1.567
"[1.567, 1.568)",0.020782737477777768,1.568
"[1.568, 1.569)",0.026565965193087553,1.569
"[1.569, 1.57)",0.03103144104780487,1.57
"[1.57, 1.571)",0.033278062738738734,1.571
"[1.571, 1.572)",0.032994933680597006,1.572
"[1.572, 1.573)",0.029345262485148505,1.573
"[1.573, 1.574)",0.029612625398048785,1.574
"[1.574, 1.575)",0.02087314243896713,1.575
"[1.575, 1.576)",0.02810858281465969,1.576
"[1.576, 1.577)",0.033984697701153845,1.577
"[1.577, 1.578)",0.039299627708520184,1.578
"[1.578, 1.579)",0.02267086130718593,1.579
"[1.579, 1.58)",0.020676276620418852,1.58
"[1.58, 1.581)",0.02583495663864865,1.581
"[1.581, 1.582)",0.02823138005377659,1.582
"[1.582, 1.583)",0.027749562491005294,1.583
"[1.583, 1.584)",0.024342114080207256,1.584
"[1.584, 1.585)",0.018796127370000006,1.585
"[1.585, 1.586)",0.022422402019565222,1.586
"[1.586, 1.587)",0.028847056556431525,1.587
"[1.587, 1.588)",0.03942485157427859,1.588
"[1.588, 1.589)",0.020625733523631826,1.589
"[1.589, 1.59)",0.017592595867121946,1.59
"[1.59, 1.591)",0.03383640893333332,1.591
"[1.591, 1.592)",0.02618265611683673,1.592
"[1.592, 1.593)",0.030772064387640463,1.593
"[1.593, 1.594)",0.04188162535486908,1.594
"[1.594, 1.595)",0.023310006289805812,1.595
"[1.595, 1.596)",0.031839287456702135,1.596
"[1.596, 1.597)",0.03756629353926699,1.597
"[1.597, 1.598)",0.03088139820209425,1.598
"[1.598, 1.599)",0.019348136247938134,1.599
"[1.599, 1.6)",0.029849235846735732,1.6
"[1.6, 1.601)",0.02155675779720671,1.601
"[1.601, 1.602)",0.02994576534455443,1.602
"[1.602, 1.603)",0.019451735248186542,1.603
"[1.603, 1.604)",0.030244679382159596,1.604
"[1.604, 1.605)",0.024900544153738317,1.605
"[1.605, 1.606)",0.03877376017251256,1.606
"[1.606, 1.607)",0.02355289682995238,1.607
"[1.607, 1.608)",0.026351519224468076,1.608
"[1.608, 1.609)",0.02403485330261778,1.609
"[1.609, 1.61)",0.03403207933567838,1.61
"[1.61, 1.611)",0.029233587053000002,1.611
"[1.611, 1.612)",0.022037602906030147,1.612
"[1.612, 1.613)",0.03389673923856501,1.613
"[1.613, 1.614)",0.03133712796542551,1.614
"[1.614, 1.615)",0.02490291506186169,1.615
"[1.615, 1.616)",0.024677663610326073,1.616
"[1.616, 1.617)",0.029471950053027007,1.617
"[1.617, 1.618)",0.037238002223880566,1.618
"[1.618, 1.619)",0.02734199326683414,1.619
"[1.619, 1.62)",0.018216130907103834,1.62
"[1.62, 1.621)",0.033817214596373046,1.621
"[1.621, 1.622)",0.031604098205853665,1.622
"[1.622, 1.623)",0.025443441702247178,1.623
"[1.623, 1.624)",0.03453487296166666,1.624
"[1.624, 1.625)",0.026043101126455023,1.625
"[1.625, 1.6260000000000001)",0.02247410590340909,1.626
"[1.6260000000000001, 1.627)",0.024672443363861367,1.627
"[1.627, 1.6280000000000001)",0.026921631423333325,1.628
"[1.6280000000000001, 1.629)",0.0351480277920398,1.629
"[1.629, 1.6300000000000001)",0.02745651655896226,1.63
"[1.6300000000000001, 1.631)",0.03225259593285712,1.631
"[1.631, 1.6320000000000001)",0.04005072809743587,1.632
"[1.6320000000000001, 1.633)",0.02865982854766354,1.633
"[1.633, 1.6340000000000001)",0.017074348088669946,1.634
"[1.6340000000000001, 1.635)",0.022241880719291344,1.635
"[1.635, 1.6360000000000001)",0.024586007594811315,1.636
"[1.6360000000000001, 1.637)",0.024621162458373196,1.637
"[1.637, 1.6380000000000001)",0.030752434528638472,1.638
"[1.6380000000000001, 1.639)",0.034994491804651126,1.639
"[1.639, 1.6400000000000001)",0.029940406984210494,1.64
"[1.6400000000000001, 1.641)",0.027549841307762557,1.641
"[1.641, 1.6420000000000001)",0.019774716605238097,1.642
"[1.6420000000000001, 1.643)",0.026560266166666634,1.643
"[1.643, 1.6440000000000001)",0.03280544431279619,1.644
"[1.6440000000000001, 1.645)",0.034436735875221225,1.645
"[1.645, 1.6460000000000001)",0.029753169625470848,1.646
"[1.6460000000000001, 1.647)",0.022095977890867563,1.647
"[1.647, 1.6480000000000001)",0.035617937822167475,1.648
"[1.6480000000000001, 1.649)",0.03962261388770051,1.649
"[1.649, 1.6500000000000001)",0.0315778935729064,1.65
"[1.6500000000000001, 1.651)",0.0330030016577381,1.651
"[1.651, 1.6520000000000001)",0.028146767330890044,1.652
"[1.6520000000000001, 1.653)",0.02492839869942856,1.653
"[1.653, 1.6540000000000001)",0.025488764149999992,1.654
"[1.6540000000000001, 1.655)",0.025427268994285705,1.655
"[1.655, 1.6560000000000001)",0.021248756692307694,1.656
"[1.6560000000000001, 1.657)",0.02753012807715736,1.657
"[1.657, 1.6580000000000001)",0.028737941690502786,1.658
"[1.6580000000000001, 1.659)",0.020296651158791205,1.659
"[1.659, 1.6600000000000001)",0.02313638303464052,1.66
"[1.6600000000000001, 1.661)",0.032379174134857136,1.661
"[1.661, 1.6620000000000001)",0.03228614638381502,1.662
"[1.6620000000000001, 1.663)",0.025920454240983607,1.663
"[1.663, 1.6640000000000001)",0.021813750933918127,1.664
"[1.6640000000000001, 1.665)",0.025204468582840246,1.665
"[1.665, 1.666)",0.03639935929885059,1.666
"[1.666, 1.667)",0.022345951624000014,1.667
"[1.667, 1.668)",0.025863537300520833,1.668
"[1.668, 1.669)",0.03164171128415301,1.669
"[1.669, 1.67)",0.024788778199999993,1.67
"[1.67, 1.671)",0.035268665353293385,1.671
"[1.671, 1.672)",0.036567923930538905,1.672
"[1.672, 1.673)",0.02850890791453486,1.673
"[1.673, 1.674)",0.030405650623888895,1.674
"[1.674, 1.675)",0.017385570506745565,1.675
"[1.675, 1.676)",0.03809490319068322,1.676
"[1.676, 1.677)",0.01872262447235294,1.677
"[1.677, 1.678)",0.044675089067901214,1.678
"[1.678, 1.679)",0.028990143299999976,1.679
"[1.679, 1.68)",0.037805685943023234,1.68
"[1.68, 1.681)",0.03395770251111112,1.681
"[1.681, 1.682)",0.021551257177401136,1.682
"[1.682, 1.683)",0.02651389223988701,1.683
"[1.683, 1.684)",0.022111255347023823,1.684
"[1.684, 1.685)",0.034110381668041236,1.685
"[1.685, 1.686)",0.02733504168941176,1.686
"[1.686, 1.687)",0.03335630927090909,1.687
"[1.687, 1.688)",0.028816188497499985,1.688
"[1.688, 1.689)",0.028440782920114944,1.689
"[1.689, 1.69)",0.027669498547096782,1.69
"[1.69, 1.691)",0.03317993376282051,1.691
"[1.691, 1.692)",0.02681203836100629,1.692
"[1.692, 1.693)",0.033458123006369404,1.693
"[1.693, 1.694)",0.028563919439568344,1.694
"[1.694, 1.695)",0.01675240490306749,1.695
"[1.695, 1.696)",0.033246147371724134,1.696
"[1.696, 1.697)",0.0189701935923567,1.697
"[1.697, 1.698)",0.024094135770328956,1.698
"[1.698, 1.699)",0.019569321344755253,1.699
"[1.699, 1.7)",0.026052505968944116,1.7
"[1.7, 1.701)",0.020087741699166654,1.701
"[1.701, 1.702)",0.02636115718853504,1.702
"[1.702, 1.703)",0.029813694419393934,1.703
"[1.703, 1.704)",0.03470809421587301,1.704
"[1.704, 1.705)",0.029318160851333323,1.705
"[1.705, 1.706)",0.018000860784916205,1.706
"[1.706, 1.707)",0.028919424618497117,1.707
"[1.707, 1.708)",0.03295652496337208,1.708
"[1.708, 1.709)",0.039807069826315766,1.709
"[1.709, 1.71)",0.035173116094520535,1.71
"[1.71, 1.711)",0.029607521944970416,1.711
"[1.711, 1.712)",0.03838420861341039,1.712
"[1.712, 1.713)",0.03421772650064935,1.713
"[1.713, 1.714)",0.029299518810457524,1.714
"[1.714, 1.715)",0.025543469096815298,1.715
"[1.715, 1.716)",0.023825915895833324,1.716
"[1.716, 1.717)",0.02594062021292518,1.717
"[1.717, 1.718)",0.035273358792452816,1.718
"[1.718, 1.719)",0.024029913672727266,1.719
"[1.719, 1.72)",0.033913419038243235,1.72
"[1.72, 1.721)",0.022506077436000006,1.721
"[1.721, 1.722)",0.026452941125157236,1.722
"[1.722, 1.723)",0.026072309137375883,1.723
"[1.723, 1.724)",0.02808364552447553,1.724
"[1.724, 1.725)",0.03208996405833334,1.725
"[1.725, 1.726)",0.032456251400000004,1.726
"[1.726, 1.727)",0.026414428213286715,1.727
"[1.727, 1.728)",0.02094262281037037,1.728
"[1.728, 1.729)",0.03581087255474451,1.729
"[1.729, 1.73)",0.05259624806086957,1.73
"[1.73, 1.731)",0.04116240745925926,1.731
"[1.731, 1.732)",0.04250682379499997,1.732
"[1.732, 1.733)",0.03673052730192304,1.733
"[1.733, 1.734)",0.034139414238095224,1.734
"[1.734, 1.735)",0.036077805872903206,1.735
"[1.735, 1.736)",0.022806144437190076,1.736
"[1.736, 1.737)",0.03343044663187919,1.737
"[1.737, 1.738)",0.023316259171223024,1.738
"[1.738, 1.739)",0.022157788885714277,1.739
"[1.739, 1.74)",0.02950196130163043,1.74
"[1.74, 1.741)",0.031200685691428573,1.741
"[1.741, 1.742)",0.025037509615322574,1.742
"[1.742, 1.743)",0.025587597175757575,1.743
"[1.743, 1.744)",0.029005144492105252,1.744
"[1.744, 1.745)",0.0327457180101123,1.745
"[1.745, 1.746)",0.03245641336296297,1.746
"[1.746, 1.747)",0.03158611629144737,1.747
"[1.747, 1.748)",0.032951801729457365,1.748
"[1.748, 1.749)",0.02299164395348837,1.749
"[1.749, 1.75)",0.025082193240689665,1.75
"[1.75, 1.7510000000000001)",0.03671458994758065,1.751
"[1.7510000000000001, 1.752)",0.026255963803278683,1.752
"[1.752, 1.7530000000000001)",0.02810833351181102,1.753
"[1.7530000000000001, 1.754)",0.038893695035947716,1.754
"[1.754, 1.7550000000000001)",0.025796380723308823,1.755
"[1.7550000000000001, 1.756)",0.028913905229447832,1.756
"[1.756, 1.7570000000000001)",0.031645628394160574,1.757
"[1.7570000000000001, 1.758)",0.034519732202649006,1.758
"[1.758, 1.7590000000000001)",0.02322372576369428,1.759
"[1.7590000000000001, 1.76)",0.028288273134722222,1.76
"[1.76, 1.7610000000000001)",0.03400735691691177,1.761
"[1.7610000000000001, 1.762)",0.03359032004027781,1.762
"[1.762, 1.7630000000000001)",0.02498671141019866,1.763
"[1.7630000000000001, 1.764)",0.03528585241916666,1.764
"[1.764, 1.7650000000000001)",0.030864368873571437,1.765
"[1.7650000000000001, 1.766)",0.037356019390977435,1.766
"[1.766, 1.7670000000000001)",0.027862402619424475,1.767
"[1.7670000000000001, 1.768)",0.02094419717720589,1.768
"[1.768, 1.7690000000000001)",0.04110787268531467,1.769
"[1.7690000000000001, 1.77)",0.023178419382575765,1.77
"[1.77, 1.7710000000000001)",0.020047267372093024,1.771
"[1.7710000000000001, 1.772)",0.01810078000714287,1.772
"[1.772, 1.7730000000000001)",0.03386961380645162,1.773
"[1.7730000000000001, 1.774)",0.018321989698461546,1.774
"[1.774, 1.7750000000000001)",0.023144108540707965,1.775
"[1.7750000000000001, 1.776)",0.03598912712676055,1.776
"[1.776, 1.7770000000000001)",0.0360319587707143,1.777
"[1.7770000000000001, 1.778)",0.02611325967407407,1.778
"[1.778, 1.7790000000000001)",0.04118671611068966,1.779
"[1.7790000000000001, 1.78)",0.032027950255352114,1.78
"[1.78, 1.7810000000000001)",0.018582581342957743,1.781
"[1.7810000000000001, 1.782)",0.023159453750000003,1.782
"[1.782, 1.7830000000000001)",0.025289282402654864,1.783
"[1.7830000000000001, 1.784)",0.031967691634640506,1.784
"[1.784, 1.7850000000000001)",0.03027494335310344,1.785
"[1.7850000000000001, 1.786)",0.026134773080468757,1.786
"[1.786, 1.7870000000000001)",0.035864646693333314,1.787
"[1.7870000000000001, 1.788)",0.024186778715126044,1.788
"[1.788, 1.7890000000000001)",0.022807488715492968,1.789
"[1.7890000000000001, 1.79)",0.027396492411627907,1.79
"[1.79, 1.7910000000000001)",0.019282794914285716,1.791
"[1.7910000000000001, 1.792)",0.020440232226562494,1.792
"[1.792, 1.793)",0.0321231426464968,1.793
"[1.793, 1.794)",0.02789685979012342,1.794
"[1.794, 1.795)",0.02497583829562043,1.795
"[1.795, 1.796)",0.03783625216363637,1.796
"[1.796, 1.797)",0.04138237566949153,1.797
"[1.797, 1.798)",0.023167926155089825,1.798
"[1.798, 1.799)",0.02590693744507043,1.799
"[1.799, 1.8)",0.034131728898561135,1.8
"[1.8, 1.801)",0.027434395406666666,1.801
"[1.801, 1.802)",0.02806945951610738,1.802
"[1.802, 1.803)",0.017654505672307686,1.803
"[1.803, 1.804)",0.025105591210540557,1.804
"[1.804, 1.805)",0.025932369081102365,1.805
"[1.805, 1.806)",0.02511521492808219,1.806
"[1.806, 1.807)",0.02655137557976378,1.807
"[1.807, 1.808)",0.03667102170186045,1.808
"[1.808, 1.809)",0.019259558353435118,1.809
"[1.809, 1.81)",0.05166708500751877,1.81
"[1.81, 1.811)",0.03169596684916667,1.811
"[1.811, 1.812)",0.02714616689555556,1.812
"[1.812, 1.813)",0.042485527840707964,1.813
"[1.813, 1.814)",0.023984217582926827,1.814
"[1.814, 1.815)",0.029330590118636354,1.815
"[1.815, 1.816)",0.026158381847008548,1.816
"[1.816, 1.817)",0.027612821672131138,1.817
"[1.817, 1.818)",0.02153910857413793,1.818
"[1.818, 1.819)",0.026102412731932766,1.819
"[1.819, 1.82)",0.022469661217307698,1.82
"[1.82, 1.821)",0.027226772382014403,1.821
"[1.821, 1.822)",0.02673947410156251,1.822
"[1.822, 1.823)",0.038899430104545454,1.823
"[1.823, 1.824)",0.023589712733870973,1.824
"[1.824, 1.825)",0.03861689410406504,1.825
"[1.825, 1.826)",0.02315696001096491,1.826
"[1.826, 1.827)",0.0387135382397163,1.827
"[1.827, 1.828)",0.019234649039999996,1.828
"[1.828, 1.829)",0.031247577892867643,1.829
"[1.829, 1.83)",0.029133050912352937,1.83
"[1.83, 1.831)",0.0248709219537037,1.831
"[1.831, 1.832)",0.02949729027966103,1.832
"[1.832, 1.833)",0.03581494794954956,1.833
"[1.833, 1.834)",0.02725138822061068,1.834
"[1.834, 1.835)",0.025986246091489355,1.835
"[1.835, 1.836)",0.04535148606422018,1.836
"[1.836, 1.837)",0.03667604486976742,1.837
"[1.837, 1.838)",0.02146861096115704,1.838
"[1.838, 1.839)",0.03211612689593497,1.839
"[1.839, 1.84)",0.02128702602884615,1.84
"[1.84, 1.841)",0.02790324847777777,1.841
"[1.841, 1.842)",0.030627971810344833,1.842
"[1.842, 1.843)",0.037656721600263156,1.843
"[1.843, 1.844)",0.02732513611743119,1.844
"[1.844, 1.845)",0.0231986821537037,1.845
"[1.845, 1.846)",0.02410940455612245,1.846
"[1.846, 1.847)",0.020809729174722236,1.847
"[1.847, 1.848)",0.02469025969357799,1.848
"[1.848, 1.849)",0.026080708275510213,1.849
"[1.849, 1.85)",0.028762594167777787,1.85
"[1.85, 1.851)",0.021292527842105263,1.851
"[1.851, 1.852)",0.019262532159595964,1.852
"[1.852, 1.853)",0.0213241673072,1.853
"[1.853, 1.854)",0.025015043161290326,1.854
"[1.854, 1.855)",0.02330031192405172,1.855
"[1.855, 1.856)",0.03407002186458334,1.856
"[1.856, 1.857)",0.034566057208396964,1.857
"[1.857, 1.858)",0.0339486614528,1.858
"[1.858, 1.859)",0.04269409980280372,1.859
"[1.859, 1.86)",0.026706888608461547,1.86
"[1.86, 1.861)",0.02992785701612902,1.861
"[1.861, 1.862)",0.033341800374736844,1.862
"[1.862, 1.863)",0.04785477678504672,1.863
"[1.863, 1.864)",0.03320754608671328,1.864
"[1.864, 1.865)",0.03069038941269842,1.865
"[1.865, 1.866)",0.021044458441904775,1.866
"[1.866, 1.867)",0.03357540191759259,1.867
"[1.867, 1.868)",0.05118690383199999,1.868
"[1.868, 1.869)",0.03893585974525775,1.869
"[1.869, 1.87)",0.03138447585185184,1.87
"[1.87, 1.871)",0.02494764997181819,1.871
"[1.871, 1.872)",0.027285354477391305,1.872
"[1.872, 1.873)",0.03286228132959678,1.873
"[1.873, 1.874)",0.037611439523255824,1.874
"[1.874, 1.875)",0.03007588997798165,1.875
"[1.875, 1.8760000000000001)",0.022716858461764706,1.876
"[1.8760000000000001, 1.877)",0.031849344037864075,1.877
"[1.877, 1.8780000000000001)",0.033925609309914534,1.878
"[1.8780000000000001, 1.879)",0.028843351820618566,1.879
"[1.879, 1.8800000000000001)",0.06190924135978493,1.88
"[1.8800000000000001, 1.881)",0.03774338395289255,1.881
"[1.881, 1.8820000000000001)",0.03335140260305345,1.882
"[1.8820000000000001, 1.883)",0.025785804224867252,1.883
"[1.883, 1.8840000000000001)",0.021375044842857138,1.884
"[1.8840000000000001, 1.885)",0.020139916719298254,1.885
"[1.885, 1.8860000000000001)",0.015609251145528465,1.886
"[1.8860000000000001, 1.887)",0.0348838591,1.887
"[1.887, 1.8880000000000001)",0.03823479527079646,1.888
"[1.8880000000000001, 1.889)",0.038713024982075475,1.889
"[1.889, 1.8900000000000001)",0.02904641401212122,1.89
"[1.8900000000000001, 1.891)",0.02687488204761905,1.891
"[1.891, 1.8920000000000001)",0.028031180035514018,1.892
"[1.8920000000000001, 1.893)",0.02206591184594596,1.893
"[1.893, 1.8940000000000001)",0.032883457012371144,1.894
"[1.8940000000000001, 1.895)",0.01964576285959596,1.895
"[1.895, 1.8960000000000001)",0.03231623402173913,1.896
"[1.8960000000000001, 1.897)",0.028120318743655927,1.897
"[1.897, 1.8980000000000001)",0.019628765297619054,1.898
"[1.8980000000000001, 1.899)",0.017538563653773584,1.899
"[1.899, 1.9000000000000001)",0.02987175031717173,1.9
"[1.9000000000000001, 1.901)",0.02553523305546219,1.901
"[1.901, 1.9020000000000001)",0.03680363045591399,1.902
"[1.9020000000000001, 1.903)",0.03238352449620369,1.903
"[1.903, 1.9040000000000001)",0.03194378424554454,1.904
"[1.9040000000000001, 1.905)",0.03765376232432432,1.905
"[1.905, 1.9060000000000001)",0.03815776105225224,1.906
"[1.9060000000000001, 1.907)",0.03383699613908045,1.907
"[1.907, 1.9080000000000001)",0.02816528667070708,1.908
"[1.9080000000000001, 1.909)",0.01968725676739584,1.909
"[1.909, 1.9100000000000001)",0.015380921705263161,1.91
"[1.9100000000000001, 1.911)",0.014776738319540223,1.911
"[1.911, 1.9120000000000001)",0.02152823774326925,1.912
"[1.9120000000000001, 1.913)",0.02590177100285715,1.913
"[1.913, 1.9140000000000001)",0.03331401537209303,1.914
"[1.9140000000000001, 1.915)",0.025121608919230782,1.915
"[1.915, 1.9160000000000001)",0.06297174181249998,1.916
"[1.9160000000000001, 1.917)",0.026083530687878796,1.917
"[1.917, 1.9180000000000001)",0.014519758490990995,1.918
"[1.9180000000000001, 1.919)",0.03181436725288462,1.919
"[1.919, 1.92)",0.017517481292682928,1.92
"[1.92, 1.921)",0.03807628266666669,1.921
"[1.921, 1.922)",0.03337339107446807,1.922
"[1.922, 1.923)",0.0427827262463158,1.923
"[1.923, 1.924)",0.03047360807383178,1.924
"[1.924, 1.925)",0.016118909585858585,1.925
"[1.925, 1.926)",0.04076251171875,1.926
"[1.926, 1.927)",0.04199873843663367,1.927
"[1.927, 1.928)",0.046379038735714286,1.928
"[1.928, 1.929)",0.023278838696341467,1.929
"[1.929, 1.93)",0.023986097758947382,1.93
"[1.93, 1.931)",0.02419511652826087,1.931
"[1.931, 1.932)",0.030029425010784313,1.932
"[1.932, 1.933)",0.03356951627142859,1.933
"[1.933, 1.934)",0.028430412070000008,1.934
"[1.934, 1.935)",0.024071131627450983,1.935
"[1.935, 1.936)",0.019687237541904778,1.936
"[1.936, 1.937)",0.02672144310510206,1.937
"[1.937, 1.938)",0.03616897813709999,1.938
"[1.938, 1.939)",0.040894266458510624,1.939
"[1.939, 1.94)",0.020242412684955753,1.94
"[1.94, 1.941)",0.02780415599494949,1.941
"[1.941, 1.942)",0.019443557987951804,1.942
"[1.942, 1.943)",0.02000832468627451,1.943
"[1.943, 1.944)",0.026753606867948723,1.944
"[1.944, 1.945)",0.04256621919999998,1.945
"[1.945, 1.946)",0.02458554315789474,1.946
"[1.946, 1.947)",0.014500511929891314,1.947
"[1.947, 1.948)",0.03473994757088608,1.948
"[1.948, 1.949)",0.02074972937204302,1.949
"[1.949, 1.95)",0.029961761284090914,1.95
"[1.95, 1.951)",0.03755280568088236,1.951
"[1.951, 1.952)",0.01662143892307692,1.952
"[1.952, 1.953)",0.04269668993469387,1.953
"[1.953, 1.954)",0.019787943340540546,1.954
"[1.954, 1.955)",0.01824521752976191,1.955
"[1.955, 1.956)",0.029829390193902437,1.956
"[1.956, 1.957)",0.026300532605405415,1.957
"[1.957, 1.958)",0.025906710029906535,1.958
"[1.958, 1.959)",0.020714538720430116,1.959
"[1.959, 1.96)",0.023528479696296293,1.96
"[1.96, 1.961)",0.024185446238095234,1.961
"[1.961, 1.962)",0.033916746837500025,1.962
"[1.962, 1.963)",0.025644751174025978,1.963
"[1.963, 1.964)",0.030951891721,1.964
"[1.964, 1.965)",0.04238402628690477,1.965
"[1.965, 1.966)",0.03232261835897435,1.966
"[1.966, 1.967)",0.018389764465901636,1.967
"[1.967, 1.968)",0.0358551810923077,1.968
"[1.968, 1.969)",0.024206965601388894,1.969
"[1.969, 1.97)",0.021056750435820896,1.97
"[1.97, 1.971)",0.01404936706249999,1.971
"[1.971, 1.972)",0.030419984453333347,1.972
"[1.972, 1.973)",0.017461776353846162,1.973
"[1.973, 1.974)",0.023650448066666666,1.974
"[1.974, 1.975)",0.03680068984285715,1.975
"[1.975, 1.976)",0.030167152430588227,1.976
"[1.976, 1.977)",0.029143563304938284,1.977
"[1.977, 1.978)",0.039303640238961046,1.978
"[1.978, 1.979)",0.024067141312499995,1.979
"[1.979, 1.98)",0.021079053957142865,1.98
"[1.98, 1.981)",0.030117784208955226,1.981
"[1.981, 1.982)",0.03273862147222222,1.982
"[1.982, 1.983)",0.01956280818571429,1.983
"[1.983, 1.984)",0.03847955529870128,1.984
"[1.984, 1.985)",0.022650169102564104,1.985
"[1.985, 1.986)",0.02310195227419354,1.986
"[1.986, 1.987)",0.018144626064516133,1.987
"[1.987, 1.988)",0.037626671387096786,1.988
"[1.988, 1.989)",0.04487333952702703,1.989
"[1.989, 1.99)",0.019633054171587297,1.99
"[1.99, 1.991)",0.03808461167923078,1.991
"[1.991, 1.992)",0.025897970326760576,1.992
"[1.992, 1.993)",0.026753295392857153,1.993
"[1.993, 1.994)",0.03117873621875001,1.994
"[1.994, 1.995)",0.014078611136764708,1.995
"[1.995, 1.996)",0.017333734483908052,1.996
"[1.996, 1.997)",0.03582369069637683,1.997
"[1.997, 1.998)",0.05104169988235294,1.998
"[1.998, 1.999)",0.015896254547457623,1.999
"[1.999, 2.0)",0.026964937096385543,2.0
"[2.0, 2.001)",0.018324124346153853,2.001
"[2.001, 2.0020000000000002)",0.03905797893857142,2.002
"[2.0020000000000002, 2.003)",0.025373289174683553,2.003
"[2.003, 2.004)",0.026748195232352952,2.004
"[2.004, 2.005)",0.052331636032857134,2.005
"[2.005, 2.0060000000000002)",0.03077673548000001,2.006
"[2.0060000000000002, 2.007)",0.028030952621621617,2.007
"[2.007, 2.008)",0.02985204695666668,2.008
"[2.008, 2.009)",0.032789709293750004,2.009
"[2.009, 2.0100000000000002)",0.031142641082191787,2.01
"[2.0100000000000002, 2.011)",0.031798927187837854,2.011
"[2.011, 2.012)",0.02867533057349398,2.012
"[2.012, 2.013)",0.03015350136343749,2.013
"[2.013, 2.0140000000000002)",0.03420774157466667,2.014
"[2.0140000000000002, 2.015)",0.03596158318554217,2.015
"[2.015, 2.016)",0.024790221166636362,2.016
"[2.016, 2.017)",0.019783107128915674,2.017
"[2.017, 2.0180000000000002)",0.025944824580681827,2.018
"[2.0180000000000002, 2.019)",0.030177160422535213,2.019
"[2.019, 2.02)",0.028165132985507255,2.02
"[2.02, 2.021)",0.022076380658333335,2.021
"[2.021, 2.0220000000000002)",0.01985330504176471,2.022
"[2.0220000000000002, 2.023)",0.03025215963551284,2.023
"[2.023, 2.024)",0.03130273623235293,2.024
"[2.024, 2.025)",0.02999342504000001,2.025
"[2.025, 2.0260000000000002)",0.03592913429625001,2.026
"[2.0260000000000002, 2.027)",0.019472019166666677,2.027
"[2.027, 2.028)",0.018796830244594602,2.028
"[2.028, 2.029)",0.01816633995254237,2.029
"[2.029, 2.0300000000000002)",0.023812978366153845,2.03
"[2.0300000000000002, 2.031)",0.019135777431578956,2.031
"[2.031, 2.032)",0.030008487496521723,2.032
"[2.032, 2.033)",0.026021626917647048,2.033
"[2.033, 2.0340000000000003)",0.024621720287500003,2.034
"[2.0340000000000003, 2.035)",0.026086121641250008,2.035
"[2.035, 2.036)",0.03853621956772154,2.036
"[2.036, 2.037)",0.033935532000000004,2.037
"[2.037, 2.0380000000000003)",0.016455959345679012,2.038
"[2.0380000000000003, 2.039)",0.020100739503174616,2.039
"[2.039, 2.04)",0.02948984156638891,2.04
"[2.04, 2.041)",0.02915557058802817,2.041
"[2.041, 2.0420000000000003)",0.03154319589871794,2.042
"[2.0420000000000003, 2.043)",0.022428695682352957,2.043
"[2.043, 2.044)",0.031844313814925376,2.044
"[2.044, 2.045)",0.03727975876881722,2.045
"[2.045, 2.0460000000000003)",0.016998255151923082,2.046
"[2.0460000000000003, 2.047)",0.026322530789230764,2.047
"[2.047, 2.048)",0.02176135989204546,2.048
"[2.048, 2.049)",0.03990247908823529,2.049
"[2.049, 2.05)",0.018676546597468365,2.05
"[2.05, 2.051)",0.021487900903896108,2.051
"[2.051, 2.052)",0.02913104752857145,2.052
"[2.052, 2.053)",0.017436532005,2.053
"[2.053, 2.054)",0.014184408566129037,2.054
"[2.054, 2.055)",0.019478507147692316,2.055
"[2.055, 2.056)",0.042759612015714286,2.056
"[2.056, 2.057)",0.0327870500142857,2.057
"[2.057, 2.058)",0.023741980237288143,2.058
"[2.058, 2.059)",0.019721800333333338,2.059
"[2.059, 2.06)",0.03651895963205884,2.06
"[2.06, 2.061)",0.031982276061224495,2.061
"[2.061, 2.062)",0.025877450917948724,2.062
"[2.062, 2.063)",0.04000310290789474,2.063
"[2.063, 2.064)",0.01693097845967742,2.064
"[2.064, 2.065)",0.051403215277777775,2.065
"[2.065, 2.066)",0.018769511641612894,2.066
"[2.066, 2.067)",0.026088678609375013,2.067
"[2.067, 2.068)",0.05747982898142856,2.068
"[2.068, 2.069)",0.021888378768115963,2.069
"[2.069, 2.07)",0.024299444410769235,2.07
"[2.07, 2.071)",0.014090314528301888,2.071
"[2.071, 2.072)",0.046377226927586224,2.072
"[2.072, 2.073)",0.012525261021875,2.073
"[2.073, 2.074)",0.03997507413333332,2.074
"[2.074, 2.075)",0.020394563254545462,2.075
"[2.075, 2.076)",0.04290000817656251,2.076
"[2.076, 2.077)",0.025589437758333337,2.077
"[2.077, 2.078)",0.036905940320000004,2.078
"[2.078, 2.079)",0.03506860943382354,2.079
"[2.079, 2.08)",0.029941742434482766,2.08
"[2.08, 2.081)",0.02663737968805972,2.081
"[2.081, 2.082)",0.0266936409983871,2.082
"[2.082, 2.083)",0.026995792708571435,2.083
"[2.083, 2.084)",0.02886787839322036,2.084
"[2.084, 2.085)",0.03354721714925373,2.085
"[2.085, 2.086)",0.03243754646666668,2.086
"[2.086, 2.087)",0.0185092963671875,2.087
"[2.087, 2.088)",0.02716723642959461,2.088
"[2.088, 2.089)",0.025034463120000006,2.089
"[2.089, 2.09)",0.040965730962962965,2.09
"[2.09, 2.091)",0.028202438663934435,2.091
"[2.091, 2.092)",0.0330902709122807,2.092
"[2.092, 2.093)",0.013891463273611111,2.093
"[2.093, 2.094)",0.03307400285454546,2.094
"[2.094, 2.095)",0.017129184771153844,2.095
"[2.095, 2.096)",0.03137713086393443,2.096
"[2.096, 2.097)",0.028454813453623194,2.097
"[2.097, 2.098)",0.023167789476923082,2.098
"[2.098, 2.099)",0.027423197241935492,2.099
"[2.099, 2.1)",0.02038981066666667,2.1
"[2.1, 2.101)",0.032375175309090905,2.101
"[2.101, 2.102)",0.02819993493506494,2.102
"[2.102, 2.103)",0.020442417245614037,2.103
"[2.103, 2.104)",0.03480639825260868,2.104
"[2.104, 2.105)",0.012131513424098359,2.105
"[2.105, 2.106)",0.023242947838709678,2.106
"[2.106, 2.107)",0.037808552839285706,2.107
"[2.107, 2.108)",0.038120872371428575,2.108
"[2.108, 2.109)",0.021638856486842106,2.109
"[2.109, 2.11)",0.03337538921212124,2.11
"[2.11, 2.111)",0.023493883358974375,2.111
"[2.111, 2.112)",0.04191804113636364,2.112
"[2.112, 2.113)",0.017466655280392155,2.113
"[2.113, 2.114)",0.021053198216091976,2.114
"[2.114, 2.115)",0.02768462437972974,2.115
"[2.115, 2.116)",0.03681038112033899,2.116
"[2.116, 2.117)",0.03991483109160001,2.117
"[2.117, 2.118)",0.04816377916093752,2.118
"[2.118, 2.119)",0.021943766934375008,2.119
"[2.119, 2.12)",0.02135071896428572,2.12
"[2.12, 2.121)",0.03384254237878789,2.121
"[2.121, 2.122)",0.027727951839080455,2.122
"[2.122, 2.123)",0.035005463627868875,2.123
"[2.123, 2.124)",0.01760026825254237,2.124
"[2.124, 2.125)",0.023381863594366194,2.125
"[2.125, 2.126)",0.024755472864062492,2.126
"[2.126, 2.1270000000000002)",0.03339699030806452,2.127
"[2.1270000000000002, 2.128)",0.02107259086470589,2.128
"[2.128, 2.129)",0.040316352776470596,2.129
"[2.129, 2.13)",0.019681572190909095,2.13
"[2.13, 2.1310000000000002)",0.020820981647714287,2.131
"[2.1310000000000002, 2.132)",0.037514299397435905,2.132
"[2.132, 2.133)",0.03414717498552632,2.133
"[2.133, 2.134)",0.043936667703174614,2.134
"[2.134, 2.1350000000000002)",0.029306968611764708,2.135
"[2.1350000000000002, 2.136)",0.024538622306818192,2.136
"[2.136, 2.137)",0.02882316207638889,2.137
"[2.137, 2.138)",0.031519312664197524,2.138
"[2.138, 2.1390000000000002)",0.042239197740845086,2.139
"[2.1390000000000002, 2.14)",0.019998113942028994,2.14
"[2.14, 2.141)",0.04038172985000002,2.141
"[2.141, 2.142)",0.022786963044578327,2.142
"[2.142, 2.1430000000000002)",0.013468416822580643,2.143
"[2.1430000000000002, 2.144)",0.048048861070128214,2.144
"[2.144, 2.145)",0.02292899191139241,2.145
"[2.145, 2.146)",0.03552500862136366,2.146
"[2.146, 2.1470000000000002)",0.03003887712676057,2.147
"[2.1470000000000002, 2.148)",0.039000311662162154,2.148
"[2.148, 2.149)",0.026289228381666672,2.149
"[2.149, 2.15)",0.030025463101265817,2.15
"[2.15, 2.1510000000000002)",0.041203461045569635,2.151
"[2.1510000000000002, 2.152)",0.013319042447945205,2.152
"[2.152, 2.153)",0.016152521083606562,2.153
"[2.153, 2.154)",0.034546728547560974,2.154
"[2.154, 2.1550000000000002)",0.01568166262413793,2.155
"[2.1550000000000002, 2.156)",0.019835573300000006,2.156
"[2.156, 2.157)",0.034491823760000005,2.157
"[2.157, 2.158)",0.017543115671428577,2.158
"[2.158, 2.1590000000000003)",0.046140821124999995,2.159
"[2.1590000000000003, 2.16)",0.03512959164062501,2.16
"[2.16, 2.161)",0.022269712018518524,2.161
"[2.161, 2.162)",0.03153138087142858,2.162
"[2.162, 2.1630000000000003)",0.024073494309090924,2.163
"[2.1630000000000003, 2.164)",0.0432562342631579,2.164
"[2.164, 2.165)",0.014706596127536234,2.165
"[2.165, 2.166)",0.025834735338709686,2.166
"[2.166, 2.1670000000000003)",0.024440209212121217,2.167
"[2.1670000000000003, 2.168)",0.019252932537931037,2.168
"[2.168, 2.169)",0.031150008768292693,2.169
"[2.169, 2.17)",0.027363758670491817,2.17
"[2.17, 2.1710000000000003)",0.026520643921348307,2.171
"[2.1710000000000003, 2.172)",0.026342795828125008,2.172
"[2.172, 2.173)",0.029662758866666663,2.173
"[2.173, 2.174)",0.042249837437500014,2.174
"[2.174, 2.1750000000000003)",0.029558567165671637,2.175
"[2.1750000000000003, 2.176)",0.03420777132133335,2.176
"[2.176, 2.177)",0.03959824542461538,2.177
"[2.177, 2.178)",0.016834281762711862,2.178
"[2.178, 2.179)",0.015482174072413788,2.179
"[2.179, 2.18)",0.02082432195588236,2.18
"[2.18, 2.181)",0.037647727567164196,2.181
"[2.181, 2.182)",0.023485972138461552,2.182
"[2.182, 2.183)",0.021709117114925378,2.183
"[2.183, 2.184)",0.027243572453333333,2.184
"[2.184, 2.185)",0.03790426816744186,2.185
"[2.185, 2.186)",0.01946580046250001,2.186
"[2.186, 2.187)",0.04855767346875001,2.187
"[2.187, 2.188)",0.03622831034482758,2.188
"[2.188, 2.189)",0.025225857946666673,2.189
"[2.189, 2.19)",0.014887380800000002,2.19
"[2.19, 2.191)",0.034053087555696214,2.191
"[2.191, 2.192)",0.017185207107352947,2.192
"[2.192, 2.193)",0.012932668956896553,2.193
"[2.193, 2.194)",0.03968803135487804,2.194
"[2.194, 2.195)",0.03389010846153847,2.195
"[2.195, 2.196)",0.020274596158928578,2.196
"[2.196, 2.197)",0.042607470725,2.197
"[2.197, 2.198)",0.01780134017721519,2.198
"[2.198, 2.199)",0.030659117877142865,2.199
"[2.199, 2.2)",0.02856281605052632,2.2
"[2.2, 2.201)",0.03199864280921053,2.201
"[2.201, 2.202)",0.02893050972839507,2.202
"[2.202, 2.203)",0.02047839197826087,2.203
"[2.203, 2.204)",0.023017913442857148,2.204
"[2.204, 2.205)",0.01462816064444444,2.205
"[2.205, 2.206)",0.013203867127906978,2.206
"[2.206, 2.207)",0.033898315870967755,2.207
"[2.207, 2.208)",0.02708610840816328,2.208
"[2.208, 2.209)",0.028166752619047632,2.209
"[2.209, 2.21)",0.03420611939230768,2.21
"[2.21, 2.211)",0.03296126285254239,2.211
"[2.211, 2.212)",0.033577232425,2.212
"[2.212, 2.213)",0.021747976173076927,2.213
"[2.213, 2.214)",0.03309721218333332,2.214
"[2.214, 2.215)",0.026088968843636363,2.215
"[2.215, 2.216)",0.05917725967301587,2.216
"[2.216, 2.217)",0.03391167045238094,2.217
"[2.217, 2.218)",0.026039138646774197,2.218
"[2.218, 2.219)",0.025468291684210526,2.219
"[2.219, 2.22)",0.03610141017179488,2.22
"[2.22, 2.221)",0.03373819068813559,2.221
"[2.221, 2.222)",0.01602968790196078,2.222
"[2.222, 2.223)",0.01867408730555556,2.223
"[2.223, 2.224)",0.023464340273684218,2.224
"[2.224, 2.225)",0.02986855742558141,2.225
"[2.225, 2.226)",0.02030025273818182,2.226
"[2.226, 2.227)",0.026153176829268286,2.227
"[2.227, 2.228)",0.025560265089552232,2.228
"[2.228, 2.229)",0.039837230701111115,2.229
"[2.229, 2.23)",0.0482947952,2.23
"[2.23, 2.231)",0.03613117902222222,2.231
"[2.231, 2.232)",0.02079692426785715,2.232
"[2.232, 2.233)",0.022004786774647896,2.233
"[2.233, 2.234)",0.01773589805671642,2.234
"[2.234, 2.235)",0.018397932516666667,2.235
"[2.235, 2.236)",0.017615436145762713,2.236
"[2.236, 2.237)",0.03246923171741936,2.237
"[2.237, 2.238)",0.028334783632500006,2.238
"[2.238, 2.239)",0.03260843392676057,2.239
"[2.239, 2.24)",0.02616273577721518,2.24
"[2.24, 2.241)",0.035019804130508474,2.241
"[2.241, 2.242)",0.022466867490769236,2.242
"[2.242, 2.243)",0.024794234295116284,2.243
"[2.243, 2.244)",0.017440943902439023,2.244
"[2.244, 2.245)",0.03490995293333332,2.245
"[2.245, 2.246)",0.029756398174000016,2.246
"[2.246, 2.247)",0.04640028910526317,2.247
"[2.247, 2.248)",0.01971334567272727,2.248
"[2.248, 2.249)",0.023282987129787228,2.249
"[2.249, 2.25)",0.0442802456909091,2.25
"[2.25, 2.251)",0.05590240407407407,2.251
"[2.251, 2.2520000000000002)",0.028322288487804867,2.252
"[2.2520000000000002, 2.253)",0.021682866307692304,2.253
"[2.253, 2.254)",0.03670577607352942,2.254
"[2.254, 2.255)",0.040054967736842105,2.255
"[2.255, 2.2560000000000002)",0.024096393903571434,2.256
"[2.2560000000000002, 2.257)",0.02271118336363636,2.257
"[2.257, 2.258)",0.02184093430769231,2.258
"[2.258, 2.259)",0.013416919129032256,2.259
"[2.259, 2.2600000000000002)",0.021755396740740732,2.26
"[2.2600000000000002, 2.261)",0.014636570684745758,2.261
"[2.261, 2.262)",0.07171417554509806,2.262
"[2.262, 2.263)",0.02783509204695653,2.263
"[2.263, 2.2640000000000002)",0.0397035708,2.264
"[2.2640000000000002, 2.265)",0.04095990700952381,2.265
"[2.265, 2.266)",0.048557737560975624,2.266
"[2.266, 2.267)",0.03000025945652174,2.267
"[2.267, 2.2680000000000002)",0.021885273475555553,2.268
"[2.2680000000000002, 2.269)",0.04829107466949153,2.269
"[2.269, 2.27)",0.013610163084482756,2.27
"[2.27, 2.271)",0.02546515583968253,2.271
"[2.271, 2.2720000000000002)",0.017839730868253977,2.272
"[2.2720000000000002, 2.273)",0.036719601850000005,2.273
"[2.273, 2.274)",0.020738020093750004,2.274
"[2.274, 2.275)",0.0184353624044944,2.275
"[2.275, 2.2760000000000002)",0.022243320829787222,2.276
"[2.2760000000000002, 2.277)",0.023318574125000012,2.277
"[2.277, 2.278)",0.031557590187272735,2.278
"[2.278, 2.279)",0.030378353795454546,2.279
"[2.279, 2.2800000000000002)",0.03462424495694914,2.28
"[2.2800000000000002, 2.281)",0.02160290928571428,2.281
"[2.281, 2.282)",0.031521277433333335,2.282
"[2.282, 2.283)",0.017030855203389823,2.283
"[2.283, 2.2840000000000003)",0.02297011173454545,2.284
"[2.2840000000000003, 2.285)",0.03566339931578948,2.285
"[2.285, 2.286)",0.029149260650000005,2.286
"[2.286, 2.287)",0.016005371938775503,2.287
"[2.287, 2.2880000000000003)",0.037550190190476194,2.288
"[2.2880000000000003, 2.289)",0.04499977961296296,2.289
"[2.289, 2.29)",0.024400909804347837,2.29
"[2.29, 2.291)",0.023166864183333337,2.291
"[2.291, 2.2920000000000003)",0.027317073097358504,2.292
"[2.2920000000000003, 2.293)",0.031085169250000003,2.293
"[2.293, 2.294)",0.05442670383538462,2.294
"[2.294, 2.295)",0.02428871301886792,2.295
"[2.295, 2.2960000000000003)",0.025945854647058824,2.296
"[2.2960000000000003, 2.297)",0.0384001479090909,2.297
"[2.297, 2.298)",0.03695463307142858,2.298
"[2.298, 2.299)",0.01771533727777778,2.299
"[2.299, 2.3000000000000003)",0.016167816935087717,2.3
"[2.3000000000000003, 2.301)",0.041760278348979586,2.301
"[2.301, 2.302)",0.023592217840425533,2.302
"[2.302, 2.303)",0.020522228531481484,2.303
"[2.303, 2.3040000000000003)",0.020961465803508765,2.304
"[2.3040000000000003, 2.305)",0.03198843579411764,2.305
"[2.305, 2.306)",0.021003163487804875,2.306
"[2.306, 2.307)",0.019470650184000002,2.307
"[2.307, 2.308)",0.024864642136363635,2.308
"[2.308, 2.309)",0.017159806125531914,2.309
"[2.309, 2.31)",0.04438123470818182,2.31
"[2.31, 2.311)",0.04777328689830508,2.311
"[2.311, 2.312)",0.03801374239622644,2.312
"[2.312, 2.313)",0.0274346058952381,2.313
"[2.313, 2.314)",0.0133658867075,2.314
"[2.314, 2.315)",0.025703396791666666,2.315
"[2.315, 2.316)",0.03481048272800001,2.316
"[2.316, 2.317)",0.025383336739130437,2.317
"[2.317, 2.318)",0.01781609779487179,2.318
"[2.318, 2.319)",0.03412835247999999,2.319
"[2.319, 2.32)",0.02895810685106385,2.32
"[2.32, 2.321)",0.030909642779782615,2.321
"[2.321, 2.322)",0.02294454936363637,2.322
"[2.322, 2.323)",0.016220648447368428,2.323
"[2.323, 2.324)",0.016659804494594588,2.324
"[2.324, 2.325)",0.03076755431578949,2.325
"[2.325, 2.326)",0.014353793512820515,2.326
"[2.326, 2.327)",0.018675595275862066,2.327
"[2.327, 2.328)",0.01708175505365853,2.328
"[2.328, 2.329)",0.018745816971428568,2.329
"[2.329, 2.33)",0.014167597699999994,2.33
"[2.33, 2.331)",0.02687346494871797,2.331
"[2.331, 2.332)",0.013105002379310343,2.332
"[2.332, 2.333)",0.0376742006,2.333
"[2.333, 2.334)",0.01730413465686274,2.334
"[2.334, 2.335)",0.03491248744791666,2.335
"[2.335, 2.336)",0.03242723346000001,2.336
"[2.336, 2.337)",0.027013518438888908,2.337
"[2.337, 2.338)",0.032924828045000014,2.338
"[2.338, 2.339)",0.016981445864374996,2.339
"[2.339, 2.34)",0.014741468457627117,2.34
"[2.34, 2.341)",0.026850284444444438,2.341
"[2.341, 2.342)",0.02749088303958333,2.342
"[2.342, 2.343)",0.023462475875,2.343
"[2.343, 2.344)",0.031752251426229505,2.344
"[2.344, 2.345)",0.016828933615384612,2.345
"[2.345, 2.346)",0.04186102219565219,2.346
"[2.346, 2.347)",0.023743141750000002,2.347
"[2.347, 2.348)",0.014149549023809528,2.348
"[2.348, 2.349)",0.01859640130952381,2.349
"[2.349, 2.35)",0.024686187851063836,2.35
"[2.35, 2.351)",0.018954635959183664,2.351
"[2.351, 2.352)",0.022554345521739124,2.352
"[2.352, 2.353)",0.022097863190476186,2.353
"[2.353, 2.354)",0.02246457459999999,2.354
"[2.354, 2.355)",0.02076201614893617,2.355
"[2.355, 2.356)",0.03351044363793104,2.356
"[2.356, 2.357)",0.01820735354782609,2.357
"[2.357, 2.358)",0.019529647132499998,2.358
"[2.358, 2.359)",0.02306212524444445,2.359
"[2.359, 2.36)",0.019318543747916667,2.36
"[2.36, 2.361)",0.013364531499999999,2.361
"[2.361, 2.362)",0.025666443255319173,2.362
"[2.362, 2.363)",0.01618006626785714,2.363
"[2.363, 2.364)",0.014965580108695649,2.364
"[2.364, 2.365)",0.026664466945454556,2.365
"[2.365, 2.366)",0.023507365646153848,2.366
"[2.366, 2.367)",0.03372475322580647,2.367
"[2.367, 2.368)",0.029661515706000004,2.368
"[2.368, 2.369)",0.021750334704000004,2.369
"[2.369, 2.37)",0.0401193821,2.37
"[2.37, 2.371)",0.01754810660869565,2.371
"[2.371, 2.372)",0.013964478895744679,2.372
"[2.372, 2.373)",0.01288017878723404,2.373
"[2.373, 2.374)",0.019289979107142863,2.374
"[2.374, 2.375)",0.031012328950000008,2.375
"[2.375, 2.376)",0.026087968222222216,2.376
"[2.376, 2.3770000000000002)",0.03803810988095239,2.377
"[2.3770000000000002, 2.378)",0.0208076134862069,2.378
"[2.378, 2.379)",0.01395814641463415,2.379
"[2.379, 2.38)",0.023401432226530607,2.38
"[2.38, 2.3810000000000002)",0.033863831700000006,2.381
"[2.3810000000000002, 2.382)",0.0159717941969697,2.382
"[2.382, 2.383)",0.035927237271428575,2.383
"[2.383, 2.384)",0.03912189382456141,2.384
"[2.384, 2.3850000000000002)",0.023264762595238086,2.385
"[2.3850000000000002, 2.386)",0.01622097076595745,2.386
"[2.386, 2.387)",0.04268106540048781,2.387
"[2.387, 2.388)",0.04159763731578949,2.388
"[2.388, 2.3890000000000002)",0.020982082149999994,2.389
"[2.3890000000000002, 2.39)",0.02019625159615384,2.39
"[2.39, 2.391)",0.020015523289473685,2.391
"[2.391, 2.392)",0.025442354564516132,2.392
"[2.392, 2.3930000000000002)",0.013732097440624997,2.393
"[2.3930000000000002, 2.394)",0.017261716350877185,2.394
"[2.394, 2.395)",0.030264368420370363,2.395
"[2.395, 2.396)",0.05237267925250001,2.396
"[2.396, 2.3970000000000002)",0.017300290723404256,2.397
"[2.3970000000000002, 2.398)",0.023569152018181817,2.398
"[2.398, 2.399)",0.04091104507454546,2.399
"[2.399, 2.4)",0.03386053137674418,2.4
"[2.4, 2.4010000000000002)",0.024170176104081648,2.401
"[2.4010000000000002, 2.402)",0.06108174295918368,2.402
"[2.402, 2.403)",0.026592509686274503,2.403
"[2.403, 2.404)",0.018826742647058827,2.404
"[2.404, 2.4050000000000002)",0.015183869264150952,2.405
"[2.4050000000000002, 2.406)",0.027928414872727268,2.406
"[2.406, 2.407)",0.03643155370491803,2.407
"[2.407, 2.408)",0.014922481457894739,2.408
"[2.408, 2.4090000000000003)",0.02467676675925926,2.409
"[2.4090000000000003, 2.41)",0.013598142212765955,2.41
"[2.41, 2.411)",0.025190438343548387,2.411
"[2.411, 2.412)",0.019045130783333326,2.412
"[2.412, 2.4130000000000003)",0.022056484052826085,2.413
"[2.4130000000000003, 2.414)",0.02371953152631579,2.414
"[2.414, 2.415)",0.027123318309259264,2.415
"[2.415, 2.416)",0.027680655533333334,2.416
"[2.416, 2.4170000000000003)",0.017744810379999996,2.417
"[2.4170000000000003, 2.418)",0.05404887079756096,2.418
"[2.418, 2.419)",0.028444385452380955,2.419
"[2.419, 2.42)",0.04785878646551724,2.42
"[2.42, 2.4210000000000003)",0.024527355515555564,2.421
"[2.4210000000000003, 2.422)",0.020809578280851063,2.422
"[2.422, 2.423)",0.039639609199999995,2.423
"[2.423, 2.424)",0.011910245504871794,2.424
"[2.424, 2.4250000000000003)",0.027177816408163257,2.425
"[2.4250000000000003, 2.426)",0.022691110301886797,2.426
"[2.426, 2.427)",0.034911230760000016,2.427
"[2.427, 2.428)",0.0561506566025,2.428
"[2.428, 2.4290000000000003)",0.02653676792592595,2.429
"[2.4290000000000003, 2.43)",0.050393829397999995,2.43
"[2.43, 2.431)",0.02557722724444445,2.431
"[2.431, 2.432)",0.023240501837837844,2.432
"[2.432, 2.433)",0.023254643458611106,2.433
"[2.433, 2.434)",0.014585071082222218,2.434
"[2.434, 2.435)",0.013990670245833335,2.435
"[2.435, 2.436)",0.037791154199999996,2.436
"[2.436, 2.437)",0.019227285619999996,2.437
"[2.437, 2.438)",0.03226369486274509,2.438
"[2.438, 2.439)",0.021819711977777774,2.439
"[2.439, 2.44)",0.029664871833333335,2.44
"[2.44, 2.441)",0.019886138928571422,2.441
"[2.441, 2.442)",0.0275183587413793,2.442
"[2.442, 2.443)",0.05631851216525001,2.443
"[2.443, 2.444)",0.0248229239340909,2.444
"[2.444, 2.445)",0.009004171089361704,2.445
"[2.445, 2.446)",0.025114154860869556,2.446
"[2.446, 2.447)",0.033414127180392154,2.447
"[2.447, 2.448)",0.035022596400000015,2.448
"[2.448, 2.449)",0.019656851811320753,2.449
"[2.449, 2.45)",0.021855282695526307,2.45
"[2.45, 2.451)",0.012389368925581396,2.451
"[2.451, 2.452)",0.03949143088775513,2.452
"[2.452, 2.453)",0.017885167686274506,2.453
"[2.453, 2.454)",0.035392851200000006,2.454
"[2.454, 2.455)",0.051763399024390255,2.455
"[2.455, 2.456)",0.01370039813157895,2.456
"[2.456, 2.457)",0.0200862726667647,2.457
"[2.457, 2.458)",0.026393473411627903,2.458
"[2.458, 2.459)",0.019254570640000003,2.459
"[2.459, 2.46)",0.022626216756000003,2.46
"[2.46, 2.461)",0.03082767880833333,2.461
"[2.461, 2.462)",0.02209704563,2.462
"[2.462, 2.463)",0.021652636994285712,2.463
"[2.463, 2.464)",0.0433835725818182,2.464
"[2.464, 2.465)",0.03975590341666666,2.465
"[2.465, 2.466)",0.03621581966666667,2.466
"[2.466, 2.467)",0.01798975866363636,2.467
"[2.467, 2.468)",0.023909900823684205,2.468
"[2.468, 2.469)",0.040816355109615385,2.469
"[2.469, 2.47)",0.04080923435416669,2.47
"[2.47, 2.471)",0.02488945126829268,2.471
"[2.471, 2.472)",0.013303125358974363,2.472
"[2.472, 2.473)",0.011702622000000001,2.473
"[2.473, 2.474)",0.01016237703214286,2.474
"[2.474, 2.475)",0.03586792018181818,2.475
"[2.475, 2.476)",0.03861659192857145,2.476
"[2.476, 2.477)",0.02188479526086957,2.477
"[2.477, 2.478)",0.012874385837209304,2.478
"[2.478, 2.479)",0.06413077434210526,2.479
"[2.479, 2.48)",0.06312277759375,2.48
"[2.48, 2.481)",0.027189877987878794,2.481
"[2.481, 2.482)",0.059254370623404266,2.482
"[2.482, 2.483)",0.09199134918648649,2.483
"[2.483, 2.484)",0.033795877365384634,2.484
"[2.484, 2.485)",0.018257304724999996,2.485
"[2.485, 2.486)",0.02265431572222222,2.486
"[2.486, 2.487)",0.043434625918750004,2.487
"[2.487, 2.488)",0.03277725602564103,2.488
"[2.488, 2.489)",0.024974755179487176,2.489
"[2.489, 2.49)",0.014039796666666672,2.49
"[2.49, 2.491)",0.02763144102777778,2.491
"[2.491, 2.492)",0.02153011376756756,2.492
"[2.492, 2.493)",0.023652978466666662,2.493
"[2.493, 2.494)",0.021300276722222226,2.494
"[2.494, 2.495)",0.011470087825,2.495
"[2.495, 2.496)",0.012998681879411767,2.496
"[2.496, 2.497)",0.0252921619027027,2.497
"[2.497, 2.498)",0.03260523176296296,2.498
"[2.498, 2.499)",0.019493205512903223,2.499
"[2.499, 2.5)",0.01927228540026316,2.5
"[2.5, 2.501)",0.013342555923076923,2.501
"[2.501, 2.5020000000000002)",0.037230665075000016,2.502
"[2.5020000000000002, 2.503)",0.0564939371935484,2.503
"[2.503, 2.504)",0.009460072628571431,2.504
"[2.504, 2.505)",0.025607698428571433,2.505
"[2.505, 2.5060000000000002)",0.015670192868421057,2.506
"[2.5060000000000002, 2.507)",0.023556496538461535,2.507
"[2.507, 2.508)",0.005129474655172415,2.508
"[2.508, 2.509)",0.05559195220588237,2.509
"[2.509, 2.5100000000000002)",0.02008018240882353,2.51
"[2.5100000000000002, 2.511)",0.024927768823529404,2.511
"[2.511, 2.512)",0.017442461166666662,2.512
"[2.512, 2.513)",0.041508932857142876,2.513
"[2.513, 2.5140000000000002)",0.046428740096969706,2.514
"[2.5140000000000002, 2.515)",0.026692849210526306,2.515
"[2.515, 2.516)",0.04607685865000001,2.516
"[2.516, 2.517)",0.032742016340425555,2.517
"[2.517, 2.5180000000000002)",0.02093298084210526,2.518
"[2.5180000000000002, 2.519)",0.03963070663999999,2.519
"[2.519, 2.52)",0.01612783508333333,2.52
"[2.52, 2.521)",0.022147470687499997,2.521
"[2.521, 2.5220000000000002)",0.03546316881481481,2.522
"[2.5220000000000002, 2.523)",0.027376231866666656,2.523
"[2.523, 2.524)",0.029382066702127656,2.524
"[2.524, 2.525)",0.015117069510810809,2.525
"[2.525, 2.5260000000000002)",0.05769745864999999,2.526
"[2.5260000000000002, 2.527)",0.037788960359375005,2.527
"[2.527, 2.528)",0.024416698785714286,2.528
"[2.528, 2.529)",0.04304508873076924,2.529
"[2.529, 2.5300000000000002)",0.027085976245945945,2.53
"[2.5300000000000002, 2.531)",0.058767770624,2.531
"[2.531, 2.532)",0.04918439950000002,2.532
"[2.532, 2.533)",0.02795444897500001,2.533
"[2.533, 2.5340000000000003)",0.052536676390243925,2.534
"[2.5340000000000003, 2.535)",0.032886739454545455,2.535
"[2.535, 2.536)",0.03816988425555556,2.536
"[2.536, 2.537)",0.03647090923076922,2.537
"[2.537, 2.5380000000000003)",0.024119910162162164,2.538
"[2.5380000000000003, 2.539)",0.016546536854736837,2.539
"[2.539, 2.54)",0.02440098788529412,2.54
"[2.54, 2.541)",0.011483608766666669,2.541
"[2.541, 2.5420000000000003)",0.01823343700769231,2.542
"[2.5420000000000003, 2.543)",0.02323274520000001,2.543
"[2.543, 2.544)",0.02943777494628572,2.544
"[2.544, 2.545)",0.03931082896666665,2.545
"[2.545, 2.5460000000000003)",0.018888994997674425,2.546
"[2.5460000000000003, 2.547)",0.04378209541621622,2.547
"[2.547, 2.548)",0.04277155815151517,2.548
"[2.548, 2.549)",0.014489503674999998,2.549
"[2.549, 2.5500000000000003)",0.012714985619047619,2.55
"[2.5500000000000003, 2.551)",0.034423526021739134,2.551
"[2.551, 2.552)",0.025123460131578946,2.552
"[2.552, 2.553)",0.022447355647058822,2.553
"[2.553, 2.5540000000000003)",0.03222179277826087,2.554
"[2.5540000000000003, 2.555)",0.033419787275,2.555
"[2.555, 2.556)",0.027396170833333334,2.556
"[2.556, 2.557)",0.029963880480000003,2.557
"[2.557, 2.5580000000000003)",0.0232172053877551,2.558
"[2.5580000000000003, 2.559)",0.021190002916666662,2.559
"[2.559, 2.56)",0.019461704048780483,2.56
"[2.56, 2.561)",0.01862361333488372,2.561
"[2.561, 2.562)",0.013401305235483872,2.562
"[2.562, 2.563)",0.04486926004761906,2.563
"[2.563, 2.564)",0.011875320542857143,2.564
"[2.564, 2.565)",0.023874730902439023,2.565
"[2.565, 2.566)",0.016057407263157897,2.566
"[2.566, 2.567)",0.023324222626923078,2.567
"[2.567, 2.568)",0.033895089611111116,2.568
"[2.568, 2.569)",0.02273862642424242,2.569
"[2.569, 2.57)",0.013509345475,2.57
"[2.57, 2.571)",0.015512035139473685,2.571
"[2.571, 2.572)",0.016209907975,2.572
"[2.572, 2.573)",0.01097603672,2.573
"[2.573, 2.574)",0.022981642482758625,2.574
"[2.574, 2.575)",0.021766039500000004,2.575
"[2.575, 2.576)",0.047310831590624984,2.576
"[2.576, 2.577)",0.037420452757575766,2.577
"[2.577, 2.578)",0.025219625142857142,2.578
"[2.578, 2.579)",0.05067659179310346,2.579
"[2.579, 2.58)",0.030977307878787885,2.58
"[2.58, 2.581)",0.022306453448125003,2.581
"[2.581, 2.582)",0.07830155691304348,2.582
"[2.582, 2.583)",0.014748789228571426,2.583
"[2.583, 2.584)",0.015231718666666668,2.584
"[2.584, 2.585)",0.048376448319354844,2.585
"[2.585, 2.586)",0.03849509392307692,2.586
"[2.586, 2.587)",0.043951701764705885,2.587
"[2.587, 2.588)",0.014822108233333332,2.588
"[2.588, 2.589)",0.041150702032258055,2.589
"[2.589, 2.59)",0.051466593478260866,2.59
"[2.59, 2.591)",0.021423943520000002,2.591
"[2.591, 2.592)",0.030104561708333335,2.592
"[2.592, 2.593)",0.01774397468333333,2.593
"[2.593, 2.594)",0.01569034017037037,2.594
"[2.594, 2.595)",0.02871607614285715,2.595
"[2.595, 2.596)",0.012404891727027034,2.596
"[2.596, 2.597)",0.02045652126666666,2.597
"[2.597, 2.598)",0.07013575903846153,2.598
"[2.598, 2.599)",0.028367597150000003,2.599
"[2.599, 2.6)",0.02978409005263158,2.6
"[2.6, 2.601)",0.015721625166666666,2.601
"[2.601, 2.602)",0.057810446332000005,2.602
"[2.602, 2.603)",0.02765425065294118,2.603
"[2.603, 2.604)",0.007943140307692307,2.604
"[2.604, 2.605)",0.05360312129629632,2.605
"[2.605, 2.606)",0.02706169175833333,2.606
"[2.606, 2.607)",0.01975332875,2.607
"[2.607, 2.608)",0.036364615749999996,2.608
"[2.608, 2.609)",0.05680338248275864,2.609
"[2.609, 2.61)",0.012006539216216219,2.61
"[2.61, 2.611)",0.03385012017647059,2.611
"[2.611, 2.612)",0.02793624436842105,2.612
"[2.612, 2.613)",0.01910341703333333,2.613
"[2.613, 2.614)",0.05674739984000001,2.614
"[2.614, 2.615)",0.013362768341379313,2.615
"[2.615, 2.616)",0.01566541626923077,2.616
"[2.616, 2.617)",0.041546406661538464,2.617
"[2.617, 2.618)",0.03166807328125001,2.618
"[2.618, 2.619)",0.01773928742857143,2.619
"[2.619, 2.62)",0.029501375096774193,2.62
"[2.62, 2.621)",0.05406111403125002,2.621
"[2.621, 2.622)",0.011994545450000001,2.622
"[2.622, 2.623)",0.0069173551239999995,2.623
"[2.623, 2.624)",0.008955227633333333,2.624
"[2.624, 2.625)",0.07691671572222222,2.625
"[2.625, 2.626)",0.01861644475,2.626
"[2.626, 2.6270000000000002)",0.033469308384615384,2.627
"[2.6270000000000002, 2.628)",0.044767002385,2.628
"[2.628, 2.629)",0.005591964500000001,2.629
"[2.629, 2.63)",0.07435535852173912,2.63
"[2.63, 2.6310000000000002)",0.055649179571428564,2.631
"[2.6310000000000002, 2.632)",0.06209279768750003,2.632
"[2.632, 2.633)",0.01668641208,2.633
"[2.633, 2.634)",0.025448783217391305,2.634
"[2.634, 2.6350000000000002)",0.013648596527777786,2.635
"[2.6350000000000002, 2.636)",0.025673766984210526,2.636
"[2.636, 2.637)",0.02484772766666667,2.637
"[2.637, 2.638)",0.017109850091999997,2.638
"[2.638, 2.6390000000000002)",0.03589847840909091,2.639
"[2.6390000000000002, 2.64)",0.04340590002,2.64
"[2.64, 2.641)",0.030789074928571435,2.641
"[2.641, 2.642)",0.029497722406896555,2.642
"[2.642, 2.6430000000000002)",0.023433370800000006,2.643
"[2.6430000000000002, 2.644)",0.027144253173913037,2.644
"[2.644, 2.645)",0.027895842868421044,2.645
"[2.645, 2.646)",0.02208696604761905,2.646
"[2.646, 2.6470000000000002)",0.011750184150000002,2.647
"[2.6470000000000002, 2.648)",0.020060400250000002,2.648
"[2.648, 2.649)",0.02295148620833333,2.649
"[2.649, 2.65)",0.022186512471428572,2.65
"[2.65, 2.6510000000000002)",0.06711235721739132,2.651
"[2.6510000000000002, 2.652)",0.036541584115384614,2.652
"[2.652, 2.653)",0.054273962363636394,2.653
"[2.653, 2.654)",0.037874933680645165,2.654
"[2.654, 2.6550000000000002)",0.03659760603333335,2.655
"[2.6550000000000002, 2.656)",0.0570346813888889,2.656
"[2.656, 2.657)",0.009733611586206895,2.657
"[2.657, 2.658)",0.013127205123333338,2.658
"[2.658, 2.6590000000000003)",0.026538685810344825,2.659
"[2.6590000000000003, 2.66)",0.03003927168181818,2.66
"[2.66, 2.661)",0.03272959423333333,2.661
"[2.661, 2.662)",0.024704552483783778,2.662
"[2.662, 2.6630000000000003)",0.02341020454545454,2.663
"[2.6630000000000003, 2.664)",0.030119527830434777,2.664
"[2.664, 2.665)",0.019881403290322577,2.665
"[2.665, 2.666)",0.03111206225714286,2.666
"[2.666, 2.6670000000000003)",0.03493928413793103,2.667
"[2.6670000000000003, 2.668)",0.023042853973333333,2.668
"[2.668, 2.669)",0.013138892041666668,2.669
"[2.669, 2.67)",0.02149182441500001,2.67
"[2.67, 2.6710000000000003)",0.03518516765,2.671
"[2.6710000000000003, 2.672)",0.049130083666666685,2.672
"[2.672, 2.673)",0.013923960434782614,2.673
"[2.673, 2.674)",0.0620785988076923,2.674
"[2.674, 2.6750000000000003)",0.03535334135483872,2.675
"[2.6750000000000003, 2.676)",0.038100284962962964,2.676
"[2.676, 2.677)",0.020293722144,2.677
"[2.677, 2.678)",0.01173814329166667,2.678
"[2.678, 2.6790000000000003)",0.05302491714285716,2.679
"[2.6790000000000003, 2.68)",0.05503950113333335,2.68
"[2.68, 2.681)",0.01619483385,2.681
"[2.681, 2.682)",0.0818044735,2.682
"[2.682, 2.6830000000000003)",0.013357675153846161,2.683
"[2.6830000000000003, 2.684)",0.009788847173913042,2.684
"[2.684, 2.685)",0.017179703637499998,2.685
"[2.685, 2.686)",0.025610368200000004,2.686
"[2.686, 2.6870000000000003)",0.03463191385142857,2.687
"[2.6870000000000003, 2.688)",0.024419129066666673,2.688
"[2.688, 2.689)",0.039737621861764716,2.689
"[2.689, 2.69)",0.06381822788461539,2.69
"[2.69, 2.691)",0.02785558863333333,2.691
"[2.691, 2.692)",0.01241809181818182,2.692
"[2.692, 2.693)",0.019119080650000002,2.693
"[2.693, 2.694)",0.041519240136363635,2.694
"[2.694, 2.695)",0.02698184364285714,2.695
"[2.695, 2.696)",0.011411991628125001,2.696
"[2.696, 2.697)",0.034412988136363634,2.697
"[2.697, 2.698)",0.00837340638888889,2.698
"[2.698, 2.699)",0.07348029987500002,2.699
"[2.699, 2.7)",0.03863643391428572,2.7
"[2.7, 2.701)",0.0626607517423077,2.701
"[2.701, 2.702)",0.021853876617647056,2.702
"[2.702, 2.703)",0.016903540579999998,2.703
"[2.703, 2.704)",0.023995730599999997,2.704
"[2.704, 2.705)",0.015184123766666672,2.705
"[2.705, 2.706)",0.014829931035714282,2.706
"[2.706, 2.707)",0.012366779888888886,2.707
"[2.707, 2.708)",0.054548175757575756,2.708
"[2.708, 2.709)",0.04367969161764707,2.709
"[2.709, 2.71)",0.03891462144827586,2.71
"[2.71, 2.711)",0.03552433654242425,2.711
"[2.711, 2.712)",0.012727350521739133,2.712
"[2.712, 2.713)",0.016138951221052633,2.713
"[2.713, 2.714)",0.03455300165384616,2.714
"[2.714, 2.715)",0.024089493111111106,2.715
"[2.715, 2.716)",0.018812231095238097,2.716
"[2.716, 2.717)",0.018361347605,2.717
"[2.717, 2.718)",0.027133040879310347,2.718
"[2.718, 2.719)",0.04103403090967742,2.719
"[2.719, 2.72)",0.010880343869565217,2.72
"[2.72, 2.721)",0.022195063363636365,2.721
"[2.721, 2.722)",0.011429425809523806,2.722
"[2.722, 2.723)",0.021201934179310343,2.723
"[2.723, 2.724)",0.036368968363636366,2.724
"[2.724, 2.725)",0.010218477899999998,2.725
"[2.725, 2.726)",0.026934828333333338,2.726
"[2.726, 2.727)",0.02470622611764706,2.727
"[2.727, 2.728)",0.0363795486,2.728
"[2.728, 2.729)",0.037613224461111115,2.729
"[2.729, 2.73)",0.03710882388888889,2.73
"[2.73, 2.731)",0.029591407700000003,2.731
"[2.731, 2.732)",0.05597840429411764,2.732
"[2.732, 2.733)",0.08873327185714287,2.733
"[2.733, 2.734)",0.016796333043478263,2.734
"[2.734, 2.735)",0.07321382983333333,2.735
"[2.735, 2.736)",0.014173458705263159,2.736
"[2.736, 2.737)",0.022032184216666667,2.737
"[2.737, 2.738)",0.0300555053,2.738
"[2.738, 2.739)",0.05519557871875,2.739
"[2.739, 2.74)",0.023712126123999998,2.74
"[2.74, 2.741)",0.008981325433333335,2.741
"[2.741, 2.742)",0.040091401760000006,2.742
"[2.742, 2.743)",0.022894402045454544,2.743
"[2.743, 2.744)",0.03078967107647059,2.744
"[2.744, 2.745)",0.052407390576190475,2.745
"[2.745, 2.746)",0.0570743899125,2.746
"[2.746, 2.747)",0.025132870500000005,2.747
"[2.747, 2.748)",0.02046447511538462,2.748
"[2.748, 2.749)",0.043248167565217384,2.749
"[2.749, 2.75)",0.03968897772222221,2.75
"[2.75, 2.751)",0.01971274188461538,2.751
"[2.751, 2.7520000000000002)",0.023942511749999996,2.752
"[2.7520000000000002, 2.753)",0.008932331146086957,2.753
"[2.753, 2.754)",0.037495566316000005,2.754
"[2.754, 2.755)",0.04994672454545455,2.755
"[2.755, 2.7560000000000002)",0.058244629933333326,2.756
"[2.7560000000000002, 2.757)",0.021462548445000004,2.757
"[2.757, 2.758)",0.07067708139047618,2.758
"[2.758, 2.759)",0.03816830229411765,2.759
"[2.759, 2.7600000000000002)",0.038612475490909084,2.76
"[2.7600000000000002, 2.761)",0.038053675894736835,2.761
"[2.761, 2.762)",0.044282039382352936,2.762
"[2.762, 2.763)",0.014863626,2.763
"[2.763, 2.7640000000000002)",0.01807585564705882,2.764
"[2.7640000000000002, 2.765)",0.03884390294736841,2.765
"[2.765, 2.766)",0.012566979666666667,2.766
"[2.766, 2.767)",0.023836331315789473,2.767
"[2.767, 2.7680000000000002)",0.08563670677647059,2.768
"[2.7680000000000002, 2.769)",0.023659527368421054,2.769
"[2.769, 2.77)",0.02091006787142857,2.77
"[2.77, 2.771)",0.008509468695652176,2.771
"[2.771, 2.7720000000000002)",0.016946687913043483,2.772
"[2.7720000000000002, 2.773)",0.03296420422857143,2.773
"[2.773, 2.774)",0.038606335316666664,2.774
"[2.774, 2.775)",0.027305472058823527,2.775
"[2.775, 2.7760000000000002)",0.02787180983333333,2.776
"[2.7760000000000002, 2.777)",0.017896765499999998,2.777
"[2.777, 2.778)",0.03923841313636363,2.778
"[2.778, 2.779)",0.015104929458333333,2.779
"[2.779, 2.7800000000000002)",0.021907730791666667,2.78
"[2.7800000000000002, 2.781)",0.06029185410000001,2.781
"[2.781, 2.782)",0.03919707573333333,2.782
"[2.782, 2.783)",0.012027635333333335,2.783
"[2.783, 2.7840000000000003)",0.01429842725,2.784
"[2.7840000000000003, 2.785)",0.04158858638888888,2.785
"[2.785, 2.786)",0.06615018133333334,2.786
"[2.786, 2.787)",0.08686634788888889,2.787
"[2.787, 2.7880000000000003)",0.025682556,2.788
"[2.7880000000000003, 2.789)",0.03053137991666667,2.789
"[2.789, 2.79)",0.03252696092307692,2.79
"[2.79, 2.791)",0.026295640795652175,2.791
"[2.791, 2.7920000000000003)",0.019747132875,2.792
"[2.7920000000000003, 2.793)",0.07830666585714285,2.793
"[2.793, 2.794)",0.028584166655172414,2.794
"[2.794, 2.795)",0.013640560692307692,2.795
"[2.795, 2.7960000000000003)",0.017131558956521745,2.796
"[2.7960000000000003, 2.797)",0.015663256470588235,2.797
"[2.797, 2.798)",0.019016147066666666,2.798
"[2.798, 2.799)",0.010709154133333334,2.799
"[2.799, 2.8000000000000003)",0.03418151223076922,2.8
"[2.8000000000000003, 2.801)",0.010459700320000001,2.801
"[2.801, 2.802)",0.005955220411764707,2.802
"[2.802, 2.803)",0.01382243475,2.803
"[2.803, 2.8040000000000003)",0.01708773869230769,2.804
"[2.8040000000000003, 2.805)",0.029097607475000002,2.805
"[2.805, 2.806)",0.027146732285714285,2.806
"[2.806, 2.807)",0.014400602375000002,2.807
"[2.807, 2.8080000000000003)",0.02453452882352941,2.808
"[2.8080000000000003, 2.809)",0.04246123472727272,2.809
"[2.809, 2.81)",0.017244884611111115,2.81
"[2.81, 2.811)",0.011784990521739133,2.811
"[2.811, 2.8120000000000003)",0.026728866476190466,2.812
"[2.8120000000000003, 2.813)",0.008576264666666668,2.813
"[2.813, 2.814)",0.025552802142857146,2.814
"[2.814, 2.815)",0.0069602245625,2.815
"[2.815, 2.816)",0.09188621991666666,2.816
"[2.816, 2.817)",0.022634626636363637,2.817
"[2.817, 2.818)",0.03455523376,2.818
"[2.818, 2.819)",0.019531331165000006,2.819
"[2.819, 2.82)",0.023504836866315788,2.82
"[2.82, 2.821)",0.015581577411764705,2.821
"[2.821, 2.822)",0.04613240133333333,2.822
"[2.822, 2.823)",0.03487333094117647,2.823
"[2.823, 2.824)",0.030212160542857143,2.824
"[2.824, 2.825)",0.08569694038888889,2.825
"[2.825, 2.826)",0.06556410131818184,2.826
"[2.826, 2.827)",0.010269742887499999,2.827
"[2.827, 2.828)",0.01755209623529412,2.828
"[2.828, 2.829)",0.04890016772222223,2.829
"[2.829, 2.83)",0.03898860454166666,2.83
"[2.83, 2.831)",0.042685174562500004,2.831
"[2.831, 2.832)",0.007497854881250001,2.832
"[2.832, 2.833)",0.09719606274999999,2.833
"[2.833, 2.834)",0.0647219187142857,2.834
"[2.834, 2.835)",0.027443162,2.835
"[2.835, 2.836)",0.02250066889473684,2.836
"[2.836, 2.837)",0.005421481103571429,2.837
"[2.837, 2.838)",0.029073573470588237,2.838
"[2.838, 2.839)",0.01645082608333333,2.839
"[2.839, 2.84)",0.05517357509999999,2.84
"[2.84, 2.841)",0.01665192823809524,2.841
"[2.841, 2.842)",0.011300094058823528,2.842
"[2.842, 2.843)",0.01806759333529412,2.843
"[2.843, 2.844)",0.014335663454545455,2.844
"[2.844, 2.845)",0.008963398833333332,2.845
"[2.845, 2.846)",0.004296520294117647,2.846
"[2.846, 2.847)",0.014314674166666668,2.847
"[2.847, 2.848)",0.03325439827777777,2.848
"[2.848, 2.849)",0.02406068066666667,2.849
"[2.849, 2.85)",0.012983422923076924,2.85
"[2.85, 2.851)",0.015578027933333332,2.851
"[2.851, 2.852)",0.048644282727272725,2.852
"[2.852, 2.853)",0.021479570128399995,2.853
"[2.853, 2.854)",0.011498053600000002,2.854
"[2.854, 2.855)",0.009909086249999999,2.855
"[2.855, 2.856)",0.03045201043125001,2.856
"[2.856, 2.857)",0.04104683805499999,2.857
"[2.857, 2.858)",0.015580871388888893,2.858
"[2.858, 2.859)",0.09155149307142856,2.859
"[2.859, 2.86)",0.011558509625,2.86
"[2.86, 2.861)",0.01837183970588235,2.861
"[2.861, 2.862)",0.007929528866666665,2.862
"[2.862, 2.863)",0.01522887525,2.863
"[2.863, 2.864)",0.028671779200000004,2.864
"[2.864, 2.865)",0.010219825375,2.865
"[2.865, 2.866)",0.02118314917647059,2.866
"[2.866, 2.867)",0.0626979950769231,2.867
"[2.867, 2.868)",0.01619837838095238,2.868
"[2.868, 2.869)",0.018154514055555557,2.869
"[2.869, 2.87)",0.04196833738124999,2.87
"[2.87, 2.871)",0.00999965934,2.871
"[2.871, 2.872)",0.04120279435652174,2.872
"[2.872, 2.873)",0.015353385335714283,2.873
"[2.873, 2.874)",0.03604676316666666,2.874
"[2.874, 2.875)",0.016046172612500003,2.875
"[2.875, 2.876)",0.02348569430769231,2.876
"[2.876, 2.8770000000000002)",0.015386988238095242,2.877
"[2.8770000000000002, 2.878)",0.014756087546666666,2.878
"[2.878, 2.879)",0.012202090545454543,2.879
"[2.879, 2.88)",0.052373259944444445,2.88
"[2.88, 2.8810000000000002)",0.010256643431578947,2.881
"[2.8810000000000002, 2.882)",0.036403717831249995,2.882
"[2.882, 2.883)",0.04296011962,2.883
"[2.883, 2.884)",0.027400996333333344,2.884
"[2.884, 2.8850000000000002)",0.09236157991666666,2.885
"[2.8850000000000002, 2.886)",0.01844750392592593,2.886
"[2.886, 2.887)",0.010257613959999997,2.887
"[2.887, 2.888)",0.017126676285714286,2.888
"[2.888, 2.8890000000000002)",0.020535109993333335,2.889
"[2.8890000000000002, 2.89)",0.023569438400000007,2.89
"[2.89, 2.891)",0.02953767707692308,2.891
"[2.891, 2.892)",0.01179380326315789,2.892
"[2.892, 2.8930000000000002)",0.04444738849999999,2.893
"[2.8930000000000002, 2.894)",0.010729437604999996,2.894
"[2.894, 2.895)",0.03860629564705883,2.895
"[2.895, 2.896)",0.03476587798421052,2.896
"[2.896, 2.8970000000000002)",0.0036362099411764697,2.897
"[2.8970000000000002, 2.898)",0.02037182017647059,2.898
"[2.898, 2.899)",0.04389797731052632,2.899
"[2.899, 2.9)",0.007391828000000001,2.9
"[2.9, 2.9010000000000002)",0.04202542487500001,2.901
"[2.9010000000000002, 2.902)",0.010197174999999998,2.902
"[2.902, 2.903)",0.02572502672727273,2.903
"[2.903, 2.904)",0.02000724982777778,2.904
"[2.904, 2.9050000000000002)",0.027565895826086956,2.905
"[2.9050000000000002, 2.906)",0.03429004741176472,2.906
"[2.906, 2.907)",0.013542078338888888,2.907
"[2.907, 2.908)",0.02105132772222222,2.908
"[2.908, 2.9090000000000003)",0.01686190236363636,2.909
"[2.9090000000000003, 2.91)",0.02172311699714286,2.91
"[2.91, 2.911)",0.009423050749999998,2.911
"[2.911, 2.912)",0.022727990761904765,2.912
"[2.912, 2.9130000000000003)",0.13088216057142857,2.913
"[2.9130000000000003, 2.914)",0.02120442708461539,2.914
"[2.914, 2.915)",0.03242123758823529,2.915
"[2.915, 2.916)",0.012390555831578947,2.916
"[2.916, 2.9170000000000003)",0.014766300769230769,2.917
"[2.9170000000000003, 2.918)",0.009186005352941173,2.918
"[2.918, 2.919)",0.0734312716666667,2.919
"[2.919, 2.92)",0.06814014391111112,2.92
"[2.92, 2.9210000000000003)",0.03354426947692308,2.921
"[2.9210000000000003, 2.922)",0.028192770200000012,2.922
"[2.922, 2.923)",0.018524763222222226,2.923
"[2.923, 2.924)",0.01574879776111111,2.924
"[2.924, 2.9250000000000003)",0.011210367687499998,2.925
"[2.9250000000000003, 2.926)",0.011867750150000002,2.926
"[2.926, 2.927)",0.005118310946153846,2.927
"[2.927, 2.928)",0.009901067555555554,2.928
"[2.928, 2.9290000000000003)",0.0196950695,2.929
"[2.9290000000000003, 2.93)",0.05819894997647059,2.93
"[2.93, 2.931)",0.012349318164285713,2.931
"[2.931, 2.932)",0.0107825806,2.932
"[2.932, 2.9330000000000003)",0.05325749194117648,2.933
"[2.9330000000000003, 2.934)",0.005101434235294118,2.934
"[2.934, 2.935)",0.02514468925,2.935
"[2.935, 2.936)",0.012120957099999998,2.936
"[2.936, 2.9370000000000003)",0.021173537333333336,2.937
"[2.9370000000000003, 2.938)",0.04622466285714285,2.938
"[2.938, 2.939)",0.04097999027272727,2.939
"[2.939, 2.94)",0.027286484882352944,2.94
"[2.94, 2.9410000000000003)",0.04730080211764704,2.941
"[2.9410000000000003, 2.942)",0.03253745561538462,2.942
"[2.942, 2.943)",0.020545097652173917,2.943
"[2.943, 2.944)",0.006613276499999998,2.944
"[2.944, 2.945)",0.02739383785714286,2.945
"[2.945, 2.946)",0.018929288125,2.946
"[2.946, 2.947)",0.033089362875,2.947
"[2.947, 2.948)",0.00989399025,2.948
"[2.948, 2.949)",0.023305474428571428,2.949
"[2.949, 2.95)",0.013986470666666669,2.95
"[2.95, 2.951)",0.05194943027272727,2.951
"[2.951, 2.952)",0.03165534833333334,2.952
"[2.952, 2.953)",0.009377411328571431,2.953
"[2.953, 2.954)",0.030241533117647056,2.954
"[2.954, 2.955)",0.02388216572727273,2.955
"[2.955, 2.956)",0.018905800823529415,2.956
"[2.956, 2.957)",0.01934261727272727,2.957
"[2.957, 2.958)",0.017961198920000004,2.958
"[2.958, 2.959)",0.05514011566666667,2.959
"[2.959, 2.96)",0.07724642114285715,2.96
"[2.96, 2.961)",0.02265048833333333,2.961
"[2.961, 2.962)",0.06312869108333333,2.962
"[2.962, 2.963)",0.06976390028666665,2.963
"[2.963, 2.964)",0.02727730860909091,2.964
"[2.964, 2.965)",0.024289221818181817,2.965
"[2.965, 2.966)",0.0175156995,2.966
"[2.966, 2.967)",0.02788235995,2.967
"[2.967, 2.968)",0.0359044296,2.968
"[2.968, 2.969)",0.03344417170588236,2.969
"[2.969, 2.97)",0.042231989125,2.97
"[2.97, 2.971)",0.0064613867777777775,2.971
"[2.971, 2.972)",0.014389654784615383,2.972
"[2.972, 2.973)",0.03196646878571429,2.973
"[2.973, 2.974)",0.06538425137500001,2.974
"[2.974, 2.975)",0.02934010461111111,2.975
"[2.975, 2.976)",0.012204512230769229,2.976
"[2.976, 2.977)",0.01678399423076923,2.977
"[2.977, 2.978)",0.020079349000000007,2.978
"[2.978, 2.979)",0.026894839888888886,2.979
"[2.979, 2.98)",0.014310205222222218,2.98
"[2.98, 2.981)",0.004885217818181817,2.981
"[2.981, 2.982)",0.027946390371428577,2.982
"[2.982, 2.983)",0.019837595214285714,2.983
"[2.983, 2.984)",0.029821318727272728,2.984
"[2.984, 2.985)",0.03547984463571429,2.985
"[2.985, 2.986)",0.0133258015,2.986
"[2.986, 2.987)",0.0098850995,2.987
"[2.987, 2.988)",0.012045642947619046,2.988
"[2.988, 2.989)",0.04610363433846154,2.989
"[2.989, 2.99)",0.011535054000000001,2.99
"[2.99, 2.991)",0.04103484607692308,2.991
"[2.991, 2.992)",0.039161111066666664,2.992
"[2.992, 2.993)",0.05237974994375,2.993
"[2.993, 2.994)",0.01750856252380953,2.994
"[2.994, 2.995)",0.049872775220000005,2.995
"[2.995, 2.996)",0.09476014205000001,2.996
"[2.996, 2.997)",0.009846751916666669,2.997
"[2.997, 2.998)",0.023937932933333343,2.998
"[2.998, 2.999)",0.016136377923809522,2.999
"[2.999, 3.0)",0.0757390915,3.0
"[3.0, 3.001)",0.01774347827777778,3.001
"[3.001, 3.0020000000000002)",0.01374402582352941,3.002
"[3.0020000000000002, 3.003)",0.0136714842,3.003
"[3.003, 3.004)",0.03577792876923078,3.004
"[3.004, 3.005)",0.02029574759090909,3.005
"[3.005, 3.0060000000000002)",0.028954948529411762,3.006
"[3.0060000000000002, 3.007)",0.049560198874999996,3.007
"[3.007, 3.008)",0.016305978076923074,3.008
"[3.008, 3.009)",0.028466031769230776,3.009
"[3.009, 3.0100000000000002)",0.13835817244444443,3.01
"[3.0100000000000002, 3.011)",0.0088356346,3.011
"[3.011, 3.012)",0.027994502705882357,3.012
"[3.012, 3.013)",0.073503816625,3.013
"[3.013, 3.0140000000000002)",0.14776894123076922,3.014
"[3.0140000000000002, 3.015)",0.011680635533333336,3.015
"[3.015, 3.016)",0.008891511716666666,3.016
"[3.016, 3.017)",0.055961144307692307,3.017
"[3.017, 3.0180000000000002)",0.05184761821666667,3.018
"[3.0180000000000002, 3.019)",0.054527359374999994,3.019
"[3.019, 3.02)",0.019353785113333334,3.02
"[3.02, 3.021)",0.06030892910526318,3.021
"[3.021, 3.0220000000000002)",0.06374802957142858,3.022
"[3.0220000000000002, 3.023)",0.007675499111111112,3.023
"[3.023, 3.024)",0.011848824615384616,3.024
"[3.024, 3.025)",0.0175268434,3.025
"[3.025, 3.0260000000000002)",0.005832618071428572,3.026
"[3.0260000000000002, 3.027)",0.0703685776,3.027
"[3.027, 3.028)",0.031014962333333337,3.028
"[3.028, 3.029)",0.03369015092000001,3.029
"[3.029, 3.0300000000000002)",0.035380432866666665,3.03
"[3.0300000000000002, 3.031)",0.050657155214285716,3.031
"[3.031, 3.032)",0.033103025444444455,3.032
"[3.032, 3.033)",0.012265888846153844,3.033
"[3.033, 3.0340000000000003)",0.017789650857142857,3.034
"[3.0340000000000003, 3.035)",0.016422042487499997,3.035
"[3.035, 3.036)",0.025564796623076924,3.036
"[3.036, 3.037)",0.014420944666666664,3.037
"[3.037, 3.0380000000000003)",0.011587340250000001,3.038
"[3.0380000000000003, 3.039)",0.008607255555555556,3.039
"[3.039, 3.04)",0.026305853909090914,3.04
"[3.04, 3.041)",0.04764948078571428,3.041
"[3.041, 3.0420000000000003)",0.05475650935294117,3.042
"[3.0420000000000003, 3.043)",0.009229081333333333,3.043
"[3.043, 3.044)",0.025730493333333333,3.044
"[3.044, 3.045)",0.0132566728125,3.045
"[3.045, 3.0460000000000003)",0.06705732176923077,3.046
"[3.0460000000000003, 3.047)",0.013721892090909092,3.047
"[3.047, 3.048)",0.028367267166666668,3.048
"[3.048, 3.049)",0.023449854714285713,3.049
"[3.049, 3.0500000000000003)",0.013070711953846154,3.05
"[3.0500000000000003, 3.051)",0.009787859444444443,3.051
"[3.051, 3.052)",0.016913350214285715,3.052
"[3.052, 3.053)",0.009025929636363637,3.053
"[3.053, 3.0540000000000003)",0.019000857315384614,3.054
"[3.0540000000000003, 3.055)",0.09929518808333333,3.055
"[3.055, 3.056)",0.02790816516666667,3.056
"[3.056, 3.057)",0.006978639299999999,3.057
"[3.057, 3.0580000000000003)",0.01909240607692308,3.058
"[3.0580000000000003, 3.059)",0.03066113961538462,3.059
"[3.059, 3.06)",0.010486283453846156,3.06
"[3.06, 3.061)",0.00936763481818182,3.061
"[3.061, 3.0620000000000003)",0.025772106285714295,3.062
"[3.0620000000000003, 3.063)",0.06740140952941177,3.063
"[3.063, 3.064)",0.009803282125000003,3.064
"[3.064, 3.065)",0.027031722812500006,3.065
"[3.065, 3.0660000000000003)",0.037198732,3.066
"[3.0660000000000003, 3.067)",0.01536029046153846,3.067
"[3.067, 3.068)",0.050499071000000006,3.068
"[3.068, 3.069)",0.04552764470588236,3.069
"[3.069, 3.0700000000000003)",0.02039272481818182,3.07
"[3.0700000000000003, 3.071)",0.05719433240400003,3.071
"[3.071, 3.072)",0.02476899045454546,3.072
"[3.072, 3.073)",0.0740415728875,3.073
"[3.073, 3.074)",0.04865406438888889,3.074
"[3.074, 3.075)",0.015657388611111114,3.075
"[3.075, 3.076)",0.015011215277777776,3.076
"[3.076, 3.077)",0.04629641727272727,3.077
"[3.077, 3.078)",0.010809482285714284,3.078
"[3.078, 3.079)",0.014863109153846152,3.079
"[3.079, 3.08)",0.016557423636363634,3.08
"[3.08, 3.081)",0.09707590425,3.081
"[3.081, 3.082)",0.015389513866666668,3.082
"[3.082, 3.083)",0.04893313900000001,3.083
"[3.083, 3.084)",0.047768992571428574,3.084
"[3.084, 3.085)",0.052033077000000004,3.085
"[3.085, 3.086)",0.0437014836875,3.086
"[3.086, 3.087)",0.02151395216666667,3.087
"[3.087, 3.088)",0.03723307353333334,3.088
"[3.088, 3.089)",0.0154421495,3.089
"[3.089, 3.09)",0.031083190333333337,3.09
"[3.09, 3.091)",0.056511730375,3.091
"[3.091, 3.092)",0.027037644664705887,3.092
"[3.092, 3.093)",0.012853891454545456,3.093
"[3.093, 3.094)",0.013717667466666666,3.094
"[3.094, 3.095)",0.01918270888888889,3.095
"[3.095, 3.096)",0.0190585652,3.096
"[3.096, 3.097)",0.005770704625,3.097
"[3.097, 3.098)",0.026447675,3.098
"[3.098, 3.099)",0.022124663733333334,3.099
"[3.099, 3.1)",0.015594555600000004,3.1
"[3.1, 3.101)",0.005527174999999999,3.101
"[3.101, 3.102)",0.016261896416666668,3.102
"[3.102, 3.103)",0.021252188555555558,3.103
"[3.103, 3.104)",0.0076412016666666666,3.104
"[3.104, 3.105)",0.03509061940769231,3.105
"[3.105, 3.106)",0.026769055222222216,3.106
"[3.106, 3.107)",0.007145451583333333,3.107
"[3.107, 3.108)",0.01947791319333334,3.108
"[3.108, 3.109)",0.032805139857142854,3.109
"[3.109, 3.11)",0.013465925315789473,3.11
"[3.11, 3.111)",0.03263344,3.111
"[3.111, 3.112)",0.13322638766666672,3.112
"[3.112, 3.113)",0.01522355250833333,3.113
"[3.113, 3.114)",0.014927289200000003,3.114
"[3.114, 3.115)",0.006492498583333335,3.115
"[3.115, 3.116)",0.014911520500000002,3.116
"[3.116, 3.117)",0.050529631083333325,3.117
"[3.117, 3.118)",0.022398320750000002,3.118
"[3.118, 3.119)",0.053977652833333334,3.119
"[3.119, 3.12)",0.01972148944125,3.12
"[3.12, 3.121)",0.03192365216666667,3.121
"[3.121, 3.122)",0.017994740827272728,3.122
"[3.122, 3.123)",0.012215586833333332,3.123
"[3.123, 3.124)",0.006575637999999999,3.124
"[3.124, 3.125)",0.041436147125,3.125
"[3.125, 3.126)",0.03782065940833333,3.126
"[3.126, 3.1270000000000002)",0.029628921625000002,3.127
"[3.1270000000000002, 3.128)",0.03923637133333334,3.128
"[3.128, 3.129)",0.024500228777777782,3.129
"[3.129, 3.13)",0.025629484181818183,3.13
"[3.13, 3.1310000000000002)",0.012318115285714287,3.131
"[3.1310000000000002, 3.132)",0.018548396999999998,3.132
"[3.132, 3.133)",0.013991636999999998,3.133
"[3.133, 3.134)",0.0236379445,3.134
"[3.134, 3.1350000000000002)",0.012062609363636363,3.135
"[3.1350000000000002, 3.136)",0.01676786975,3.136
"[3.136, 3.137)",0.023117394333333333,3.137
"[3.137, 3.138)",0.05463567075,3.138
"[3.138, 3.1390000000000002)",0.020379548846153846,3.139
"[3.1390000000000002, 3.14)",0.018199624499999997,3.14
"[3.14, 3.141)",0.08197941041000001,3.141
"[3.141, 3.142)",0.003484303333333333,3.142
"[3.142, 3.1430000000000002)",0.00388553575,3.143
"[3.1430000000000002, 3.144)",0.045646187875,3.144
"[3.144, 3.145)",0.042489617,3.145
"[3.145, 3.146)",0.005150511,3.146
"[3.146, 3.1470000000000002)",0.05648272544444445,3.147
"[3.1470000000000002, 3.148)",0.11809690073333336,3.148
"[3.148, 3.149)",0.019274537166666668,3.149
"[3.149, 3.15)",0.010459905,3.15
"[3.15, 3.1510000000000002)",0.013390347499999998,3.151
"[3.1510000000000002, 3.152)",0.11318594400000001,3.152
"[3.152, 3.153)",0.009728351200000002,3.153
"[3.153, 3.154)",0.018186401666666668,3.154
"[3.154, 3.1550000000000002)",0.01508751216666667,3.155
"[3.1550000000000002, 3.156)",0.1153351206666667,3.156
"[3.156, 3.157)",0.024111185375,3.157
"[3.157, 3.158)",0.03715037678571428,3.158
"[3.158, 3.1590000000000003)",0.08450629066666666,3.159
"[3.1590000000000003, 3.16)",0.0693877026,3.16
"[3.16, 3.161)",0.010513074125,3.161
"[3.161, 3.162)",0.054017445266666665,3.162
"[3.162, 3.1630000000000003)",0.035145432,3.163
"[3.1630000000000003, 3.164)",0.03111513,3.164
"[3.164, 3.165)",0.07614023366,3.165
"[3.165, 3.166)",0.050551375200000005,3.166
"[3.166, 3.1670000000000003)",0.011241085579090909,3.167
"[3.1670000000000003, 3.168)",0.03995992377777778,3.168
"[3.168, 3.169)",0.0164911106,3.169
"[3.169, 3.17)",0.017114848333333335,3.17
"[3.17, 3.1710000000000003)",0.05320813438600001,3.171
"[3.1710000000000003, 3.172)",0.019277109181818183,3.172
"[3.172, 3.173)",0.02417376,3.173
"[3.173, 3.174)",0.03582239328571429,3.174
"[3.174, 3.1750000000000003)",0.017149493999999998,3.175
"[3.1750000000000003, 3.176)",0.040176293307692304,3.176
"[3.176, 3.177)",0.02428983290909091,3.177
"[3.177, 3.178)",0.004162430428571428,3.178
"[3.178, 3.1790000000000003)",0.008066056333333333,3.179
"[3.1790000000000003, 3.18)",0.020582407360000003,3.18
"[3.18, 3.181)",0.0098609897,3.181
"[3.181, 3.182)",0.2367905273333333,3.182
"[3.182, 3.1830000000000003)",0.01582079583333333,3.183
"[3.1830000000000003, 3.184)",0.008041734181818182,3.184
"[3.184, 3.185)",0.0071822186249999986,3.185
"[3.185, 3.186)",0.013712770666666667,3.186
"[3.186, 3.1870000000000003)",0.010763877353846154,3.187
"[3.1870000000000003, 3.188)",0.032420043583333336,3.188
"[3.188, 3.189)",0.0042931379875,3.189
"[3.189, 3.19)",0.014418105374999999,3.19
"[3.19, 3.1910000000000003)",0.03144464709090909,3.191
"[3.1910000000000003, 3.192)",0.02552485954545455,3.192
"[3.192, 3.193)",0.101154679,3.193
"[3.193, 3.194)",0.012436864444444444,3.194
"[3.194, 3.1950000000000003)",0.011363712599999997,3.195
"[3.1950000000000003, 3.196)",0.03833450816666666,3.196
"[3.196, 3.197)",0.016608192714285715,3.197
"[3.197, 3.198)",0.010179415054545456,3.198
"[3.198, 3.1990000000000003)",0.015600942285714287,3.199
"[3.1990000000000003, 3.2)",0.03164080400000001,3.2
"[3.2, 3.201)",0.10158390808333334,3.201
"[3.201, 3.202)",0.024891296838461537,3.202
"[3.202, 3.203)",0.018694080000000002,3.203
"[3.203, 3.204)",0.010770251083333335,3.204
"[3.204, 3.205)",0.012187737545454545,3.205
"[3.205, 3.206)",0.059572994000000004,3.206
"[3.206, 3.207)",0.014614881666666663,3.207
"[3.207, 3.208)",0.002634429918181819,3.208
"[3.208, 3.209)",0.008689693333333333,3.209
"[3.209, 3.21)",0.10295458500000004,3.21
"[3.21, 3.211)",0.012068901480000001,3.211
"[3.211, 3.212)",0.007720855090909092,3.212
"[3.212, 3.213)",0.029419500000000005,3.213
"[3.213, 3.214)",0.010837186666666667,3.214
"[3.214, 3.215)",0.01833967192222222,3.215
"[3.215, 3.216)",0.026185359125,3.216
"[3.216, 3.217)",0.006072836727272726,3.217
"[3.217, 3.218)",0.010822191666666666,3.218
"[3.218, 3.219)",0.042549526875,3.219
"[3.219, 3.22)",0.02381723023076923,3.22
"[3.22, 3.221)",0.020345655714285715,3.221
"[3.221, 3.222)",0.09470404922222221,3.222
"[3.222, 3.223)",0.03555039922222222,3.223
"[3.223, 3.224)",0.0254333636,3.224
"[3.224, 3.225)",0.11127682754545458,3.225
"[3.225, 3.226)",0.05486235214285714,3.226
"[3.226, 3.227)",0.013697590272727272,3.227
"[3.227, 3.228)",0.022383155636363634,3.228
"[3.228, 3.229)",0.011905219125000002,3.229
"[3.229, 3.23)",0.012130113,3.23
"[3.23, 3.231)",0.0795902466,3.231
"[3.231, 3.232)",0.01780412,3.232
"[3.232, 3.233)",0.027522478454545453,3.233
"[3.233, 3.234)",0.0706401,3.234
"[3.234, 3.235)",0.028378662500000002,3.235
"[3.235, 3.236)",0.010275741000000001,3.236
"[3.236, 3.237)",0.008800305999999999,3.237
"[3.237, 3.238)",0.033071048000000006,3.238
"[3.238, 3.239)",0.015737869428571426,3.239
"[3.239, 3.24)",0.018206917857142856,3.24
"[3.24, 3.241)",0.04492730200000001,3.241
"[3.241, 3.242)",0.007805816333333333,3.242
"[3.242, 3.243)",0.011356954499999999,3.243
"[3.243, 3.244)",0.0188411392,3.244
"[3.244, 3.245)",0.077806431625,3.245
"[3.245, 3.246)",0.0253213,3.246
"[3.246, 3.247)",0.022106347875000005,3.247
"[3.247, 3.248)",0.014074451162500001,3.248
"[3.248, 3.249)",0.005496903875,3.249
"[3.249, 3.25)",0.027405360555555553,3.25
"[3.25, 3.251)",0.0235613325,3.251
"[3.251, 3.2520000000000002)",0.040667505571428585,3.252
"[3.2520000000000002, 3.253)",0.06015327042857142,3.253
"[3.253, 3.254)",0.0280686286,3.254
"[3.254, 3.255)",0.042229152875,3.255
"[3.255, 3.2560000000000002)",0.027986114777777776,3.256
"[3.2560000000000002, 3.257)",0.019143276625,3.257
"[3.257, 3.258)",0.018565068599999998,3.258
"[3.258, 3.259)",0.0047048626,3.259
"[3.259, 3.2600000000000002)",0.191842822,3.26
"[3.2600000000000002, 3.261)",0.012474512214285713,3.261
"[3.261, 3.262)",0.035778898,3.262
"[3.262, 3.263)",0.12450040634444444,3.263
"[3.263, 3.2640000000000002)",0.0063362335999999995,3.264
"[3.2640000000000002, 3.265)",0.0212895386,3.265
"[3.265, 3.266)",0.04861634085714287,3.266
"[3.266, 3.267)",0.007234980750000001,3.267
"[3.267, 3.2680000000000002)",0.0017611715000000001,3.268
"[3.2680000000000002, 3.269)",0.03539433333333333,3.269
"[3.269, 3.27)",0.011506866499999999,3.27
"[3.27, 3.271)",0.007290972599999999,3.271
"[3.271, 3.2720000000000002)",0.008652370500000001,3.272
"[3.2720000000000002, 3.273)",0.017930222500000002,3.273
"[3.273, 3.274)",0.014928789125000001,3.274
"[3.274, 3.275)",0.005017260999999999,3.275
"[3.275, 3.2760000000000002)",0.021623538833333334,3.276
"[3.2760000000000002, 3.277)",0.011948793714285715,3.277
"[3.277, 3.278)",0.008351519428571428,3.278
"[3.278, 3.279)",0.025142628833333333,3.279
"[3.279, 3.2800000000000002)",0.007623834714285714,3.28
"[3.2800000000000002, 3.281)",0.015039768545454545,3.281
"[3.281, 3.282)",0.138617392875,3.282
"[3.282, 3.283)",0.0232983778,3.283
"[3.283, 3.2840000000000003)",0.006847502,3.284
"[3.2840000000000003, 3.285)",0.007708183,3.285
"[3.285, 3.286)",0.0046156563,3.286
"[3.286, 3.287)",0.029115524375000004,3.287
"[3.287, 3.2880000000000003)",0.029712336,3.288
"[3.2880000000000003, 3.289)",0.002918188,3.289
"[3.289, 3.29)",0.012511242555555555,3.29
"[3.29, 3.291)",0.026054881111111112,3.291
"[3.291, 3.2920000000000003)",0.005404042166666665,3.292
"[3.2920000000000003, 3.293)",0.00619145211111111,3.293
"[3.293, 3.294)",0.01457057925,3.294
"[3.294, 3.295)",0.018897115750000002,3.295
"[3.295, 3.2960000000000003)",0.049425325666666665,3.296
"[3.2960000000000003, 3.297)",0.005993994,3.297
"[3.297, 3.298)",0.010819125666666667,3.298
"[3.298, 3.299)",0.009393482555555556,3.299
"[3.299, 3.3000000000000003)",0.055923801875000005,3.3
"[3.3000000000000003, 3.301)",0.04559191428571428,3.301
"[3.301, 3.302)",0.017835523666666665,3.302
"[3.302, 3.303)",0.006364627199999999,3.303
"[3.303, 3.3040000000000003)",0.003693888666666667,3.304
"[3.3040000000000003, 3.305)",0.0049173507500000005,3.305
"[3.305, 3.306)",0.027904503083333337,3.306
"[3.306, 3.307)",0.045593992,3.307
"[3.307, 3.3080000000000003)",0.0354332675,3.308
"[3.3080000000000003, 3.309)",0.0264946386,3.309
"[3.309, 3.31)",0.060086549,3.31
"[3.31, 3.311)",0.0171339849,3.311
"[3.311, 3.3120000000000003)",0.05353414942857143,3.312
"[3.3120000000000003, 3.313)",0.01240594757142857,3.313
"[3.313, 3.314)",0.0028393652,3.314
"[3.314, 3.315)",0.02931665375,3.315
"[3.315, 3.3160000000000003)",0.035636523249999996,3.316
"[3.3160000000000003, 3.317)",0.01213655325,3.317
"[3.317, 3.318)",0.011944519333333336,3.318
"[3.318, 3.319)",0.009857796571428571,3.319
"[3.319, 3.3200000000000003)",0.0623357749,3.32
"[3.3200000000000003, 3.321)",0.022534623075000003,3.321
"[3.321, 3.322)",0.004733897833333334,3.322
"[3.322, 3.323)",0.0403213955,3.323
"[3.323, 3.3240000000000003)",0.019280429124999998,3.324
"[3.3240000000000003, 3.325)",0.045311822,3.325
"[3.325, 3.326)",0.0570469165,3.326
"[3.326, 3.327)",0.05193131,3.327
"[3.327, 3.3280000000000003)",0.000540833,3.328
"[3.3280000000000003, 3.329)",0.03136918242857143,3.329
"[3.329, 3.33)",0.0190594348,3.33
"[3.33, 3.331)",0.030068152857142854,3.331
"[3.331, 3.332)",0.0007383820000000001,3.332
"[3.332, 3.333)",0.042874831428571444,3.333
"[3.333, 3.334)",0.0062065146,3.334
"[3.334, 3.335)",0.020063286250000003,3.335
"[3.335, 3.336)",0.0760147175,3.336
"[3.336, 3.337)",0.014973030333333331,3.337
"[3.337, 3.338)",0.01704341614285714,3.338
"[3.338, 3.339)",0.010103724333333333,3.339
"[3.339, 3.34)",0.00589804,3.34
"[3.34, 3.341)",0.02070330844444445,3.341
"[3.341, 3.342)",0.047683449125000006,3.342
"[3.342, 3.343)",0.032427732199999997,3.343
"[3.343, 3.344)",0.051519716428571435,3.344
"[3.344, 3.345)",0.05102351383333334,3.345
"[3.345, 3.346)",0.008528806222222221,3.346
"[3.346, 3.347)",0.017675974333333334,3.347
"[3.347, 3.348)",0.0100324866,3.348
"[3.348, 3.349)",0.077439671,3.349
"[3.349, 3.35)",0.005874979533333334,3.35
"[3.35, 3.351)",0.013044044999999999,3.351
"[3.351, 3.352)",0.002948827666666666,3.352
"[3.352, 3.353)",0.047786290875,3.353
"[3.353, 3.354)",0.0077152331000000015,3.354
"[3.354, 3.355)",0.0008735613333333333,3.355
"[3.355, 3.356)",0.004830644600000001,3.356
"[3.356, 3.357)",0.006578096666666666,3.357
"[3.357, 3.358)",0.041859686666666666,3.358
"[3.358, 3.359)",0.0087171866,3.359
"[3.359, 3.36)",0.029139850000000002,3.36
"[3.36, 3.361)",0.1084115883076923,3.361
"[3.361, 3.362)",0.03779286981818182,3.362
"[3.362, 3.363)",0.042180241666666674,3.363
"[3.363, 3.364)",0.016057348333333332,3.364
"[3.364, 3.365)",0.01243124042857143,3.365
"[3.365, 3.366)",0.030100233022222225,3.366
"[3.366, 3.367)",0.0025159776666666667,3.367
"[3.367, 3.368)",0.0023423678,3.368
"[3.368, 3.369)",0.008007724333333334,3.369
"[3.369, 3.37)",0.00868759,3.37
"[3.37, 3.371)",0.019691804818181818,3.371
"[3.371, 3.372)",0.04533674620000001,3.372
"[3.372, 3.373)",0.01131734,3.373
"[3.373, 3.374)",0.012237284333333332,3.374
"[3.374, 3.375)",0.007057634227272728,3.375
"[3.375, 3.376)",0.06516363825,3.376
"[3.376, 3.3770000000000002)",0.0287999546,3.377
"[3.3770000000000002, 3.378)",0.04348267933333333,3.378
"[3.378, 3.379)",0.05708050328571429,3.379
"[3.379, 3.38)",0.015077841625,3.38
"[3.38, 3.3810000000000002)",0.027941314999999998,3.381
"[3.3810000000000002, 3.382)",0.07875095677777778,3.382
"[3.382, 3.383)",0.02074707625,3.383
"[3.383, 3.384)",0.02535530622222222,3.384
"[3.384, 3.3850000000000002)",0.015959083000000002,3.385
"[3.3850000000000002, 3.386)",0.0210109,3.386
"[3.386, 3.387)",0.00472116575,3.387
"[3.387, 3.388)",0.011216885749999999,3.388
"[3.388, 3.3890000000000002)",0.02990515883333333,3.389
"[3.3890000000000002, 3.39)",0.01985676,3.39
"[3.39, 3.391)",0.009333158250000001,3.391
"[3.391, 3.392)",0.026039427100000002,3.392
"[3.392, 3.3930000000000002)",0.016868332,3.393
"[3.3930000000000002, 3.394)",0.0019473291999999999,3.394
"[3.394, 3.395)",0.006761032,3.395
"[3.395, 3.396)",0.014442977571428576,3.396
"[3.396, 3.3970000000000002)",0.04648642,3.397
"[3.3970000000000002, 3.398)",0.006474989510000001,3.398
"[3.398, 3.399)",0.025773705499999997,3.399
"[3.399, 3.4)",0.007188419666666666,3.4
"[3.4, 3.4010000000000002)",0.005757741888888889,3.401
"[3.4010000000000002, 3.402)",0.005688577166666667,3.402
"[3.402, 3.403)",0.006494654142857143,3.403
"[3.403, 3.404)",0.00110742,3.404
"[3.404, 3.4050000000000002)",0.03186883526,3.405
"[3.4050000000000002, 3.406)",0.0842694,3.406
"[3.406, 3.407)",0.013141682500000001,3.407
"[3.407, 3.408)",0.06550412075,3.408
"[3.408, 3.4090000000000003)",0.023712067333333333,3.409
"[3.4090000000000003, 3.41)",0.049793038250000005,3.41
"[3.41, 3.411)",0.013010950600000001,3.411
"[3.411, 3.412)",0.09463058575,3.412
"[3.412, 3.4130000000000003)",0.001819366,3.413
"[3.4130000000000003, 3.414)",0.0196840475,3.414
"[3.414, 3.415)",0.12970665075,3.415
"[3.415, 3.416)",0.003055418,3.416
"[3.416, 3.4170000000000003)",0.03587148,3.417
"[3.4170000000000003, 3.418)",0.019562386666666667,3.418
"[3.418, 3.419)",0.036677201,3.419
"[3.419, 3.42)",0.014162261625,3.42
"[3.42, 3.4210000000000003)",0.14863815514285714,3.421
"[3.4210000000000003, 3.422)",0.006628062499999999,3.422
"[3.422, 3.423)",0.02670276,3.423
"[3.423, 3.424)",0.0022307776666666665,3.424
"[3.424, 3.4250000000000003)",0.006026226599999999,3.425
"[3.4250000000000003, 3.426)",0.009179851999999999,3.426
"[3.426, 3.427)",0.0093416872,3.427
"[3.427, 3.428)",0.0021384966666666665,3.428
"[3.428, 3.4290000000000003)",0.010859473833333334,3.429
"[3.4290000000000003, 3.43)",0.006341856574999999,3.43
"[3.43, 3.431)",0.014889462599999997,3.431
"[3.431, 3.432)",0.023305057333333334,3.432
"[3.432, 3.4330000000000003)",0.050090352500000004,3.433
"[3.4330000000000003, 3.434)",0.003625942875,3.434
"[3.434, 3.435)",0.0405809,3.435
"[3.435, 3.436)",0.025635364,3.436
"[3.436, 3.4370000000000003)",0.01041635,3.437
"[3.4370000000000003, 3.438)",0.03091564542857143,3.438
"[3.438, 3.439)",0.03151620571428571,3.439
"[3.439, 3.44)",0.00407864,3.44
"[3.44, 3.4410000000000003)",0.023088309166666664,3.441
"[3.4410000000000003, 3.442)",0.004672142333333333,3.442
"[3.442, 3.443)",0.03196859999999999,3.443
"[3.443, 3.444)",0.006336492166666667,3.444
"[3.444, 3.4450000000000003)",0.01524084064444444,3.445
"[3.4450000000000003, 3.446)",0.21265321833333337,3.446
"[3.446, 3.447)",0.049402896,3.447
"[3.447, 3.448)",0.007013196666666666,3.448
"[3.448, 3.4490000000000003)",0.007057778333333334,3.449
"[3.4490000000000003, 3.45)",0.013419085,3.45
"[3.45, 3.451)",0.0613718325,3.451
"[3.451, 3.452)",0.00891626396923077,3.452
"[3.452, 3.4530000000000003)",0.15129064516,3.453
"[3.4530000000000003, 3.454)",0.012981496599999998,3.454
"[3.454, 3.455)",0.159112,3.455
"[3.455, 3.456)",0.042842659124999995,3.456
"[3.456, 3.457)",0.030519306666666666,3.457
"[3.457, 3.458)",0.08268085666666666,3.458
"[3.458, 3.459)",0.10985183213333333,3.459
"[3.459, 3.46)",0.08459515177777777,3.46
"[3.46, 3.461)",0.0333189415,3.461
"[3.461, 3.462)",0.1720466575714286,3.462
"[3.462, 3.463)",0.0155849655,3.463
"[3.463, 3.464)",0.052670694000000004,3.464
"[3.464, 3.465)",0.009910080000000002,3.465
"[3.465, 3.466)",0.08564935,3.466
"[3.466, 3.467)",0.026947395750000002,3.467
"[3.467, 3.468)",0.035640785,3.468
"[3.468, 3.469)",0.0214102606,3.469
"[3.469, 3.47)",0.006130130857142856,3.47
"[3.47, 3.471)",0.010597510000000001,3.471
"[3.471, 3.472)",0.0421331475,3.472
"[3.472, 3.473)",0.0327241965,3.473
"[3.473, 3.474)",0.046444736599999994,3.474
"[3.474, 3.475)",0.028997523999999997,3.475
"[3.475, 3.476)",0.0415027272,3.476
"[3.476, 3.477)",0.0163424855,3.477
"[3.477, 3.478)",0.025653378333333334,3.478
"[3.478, 3.479)",0.0087594,3.479
"[3.479, 3.48)",0.015102141777777776,3.48
"[3.48, 3.481)",0.00367197,3.481
"[3.481, 3.482)",0.007637066499999999,3.482
"[3.482, 3.483)",0.013520497142857144,3.483
"[3.483, 3.484)",0.03342562166666667,3.484
"[3.484, 3.485)",0.00232558,3.485
"[3.486, 3.487)",0.006904838833333333,3.486
"[3.487, 3.488)",0.0030055546,3.487
"[3.488, 3.489)",0.04302621075,3.488
"[3.489, 3.49)",0.016326057571428573,3.489
"[3.49, 3.491)",0.02945881075,3.49
"[3.491, 3.492)",0.0160406926,3.491
"[3.492, 3.493)",0.027223305375,3.492
"[3.493, 3.494)",0.025230611,3.493
"[3.494, 3.495)",0.008945999999999999,3.494
"[3.495, 3.496)",0.007674299199999998,3.495
"[3.496, 3.497)",0.051303794,3.496
"[3.497, 3.498)",0.0164409315,3.497
"[3.498, 3.499)",0.003302016571428572,3.498
"[3.499, 3.5)",0.026296408888888886,3.499
"[3.5, 3.501)",0.0240149032,3.5
"[3.501, 3.5020000000000002)",0.002698893199999999,3.501
"[3.5020000000000002, 3.503)",0.007905087199999999,3.502
"[3.503, 3.504)",0.077573413,3.503
"[3.504, 3.505)",0.000540833,3.504
"[3.505, 3.5060000000000002)",0.010534870428571428,3.505
"[3.5060000000000002, 3.507)",0.011522064,3.506
"[3.507, 3.508)",0.0047010775,3.507
"[3.508, 3.509)",0.00906524857142857,3.508
"[3.509, 3.5100000000000002)",0.04626508285714286,3.509
"[3.5100000000000002, 3.511)",0.017753938333333334,3.51
"[3.511, 3.512)",0.0135752496,3.511
"[3.512, 3.513)",0.027502067166666668,3.512
"[3.513, 3.5140000000000002)",0.0104122126,3.513
"[3.5140000000000002, 3.515)",0.01100798,3.514
"[3.515, 3.516)",0.01844223,3.515
"[3.516, 3.517)",0.011448975750000001,3.516
"[3.517, 3.5180000000000002)",0.006322614777777777,3.517
"[3.5180000000000002, 3.519)",0.0223664106,3.518
"[3.519, 3.52)",0.003543745,3.519
"[3.52, 3.521)",0.008878603499999999,3.52
"[3.521, 3.5220000000000002)",0.01871541325,3.521
"[3.5220000000000002, 3.523)",0.01544198375,3.522
"[3.523, 3.524)",0.025035909999999998,3.523
"[3.524, 3.525)",0.018615144285714286,3.524
"[3.525, 3.5260000000000002)",0.006870124,3.525
"[3.5260000000000002, 3.527)",0.0927899,3.526
"[3.527, 3.528)",0.0084742714,3.527
"[3.528, 3.529)",0.08555217666666666,3.528
"[3.529, 3.5300000000000002)",0.008089933859999999,3.529
"[3.5300000000000002, 3.531)",0.06014675,3.53
"[3.531, 3.532)",0.00914468825,3.531
"[3.532, 3.533)",0.027576810375,3.532
"[3.533, 3.5340000000000003)",0.0259124775,3.533
"[3.5340000000000003, 3.535)",0.010431498249999999,3.534
"[3.535, 3.536)",0.04917796,3.535
"[3.536, 3.537)",0.04316960433333334,3.536
"[3.537, 3.5380000000000003)",0.001647209,3.537
"[3.5380000000000003, 3.539)",0.14822988657142858,3.538
"[3.539, 3.54)",0.00441075,3.539
"[3.54, 3.541)",0.008158184714285715,3.54
"[3.541, 3.5420000000000003)",0.016159905428571427,3.541
"[3.5420000000000003, 3.543)",0.0061217526000000005,3.542
"[3.543, 3.544)",0.02099597025,3.543
"[3.544, 3.545)",0.021109215,3.544
"[3.545, 3.5460000000000003)",0.0289849675,3.545
"[3.5460000000000003, 3.547)",0.22136955,3.546
"[3.547, 3.548)",0.01232157477777778,3.547
"[3.548, 3.549)",0.003906605666666667,3.548
"[3.549, 3.5500000000000003)",0.05123661666666667,3.549
"[3.5500000000000003, 3.551)",0.03169555833333333,3.55
"[3.551, 3.552)",0.005950223333333333,3.551
"[3.552, 3.553)",0.00713463025,3.552
"[3.553, 3.5540000000000003)",0.07474990333333333,3.553
"[3.5540000000000003, 3.555)",0.014288796285714283,3.554
"[3.555, 3.556)",0.12635601,3.555
"[3.556, 3.557)",0.0323274352,3.556
"[3.557, 3.5580000000000003)",0.006348767199999999,3.557
"[3.5580000000000003, 3.559)",0.00976192042857143,3.558
"[3.559, 3.56)",0.06982307274999999,3.559
"[3.56, 3.561)",0.125508012,3.56
"[3.561, 3.5620000000000003)",0.014706689999999998,3.561
"[3.5620000000000003, 3.563)",0.05604554329999999,3.562
"[3.563, 3.564)",0.027160972833333335,3.563
"[3.564, 3.565)",0.02909321216666667,3.564
"[3.565, 3.5660000000000003)",0.016378342857142857,3.565
"[3.5660000000000003, 3.567)",0.035477419125000006,3.566
"[3.567, 3.568)",0.020846329,3.567
"[3.568, 3.569)",0.17557333716666668,3.568
"[3.5700000000000003, 3.571)",0.019036236499999998,3.569
"[3.571, 3.572)",0.008499871999999999,3.57
"[3.572, 3.573)",0.021603280000000002,3.571
"[3.573, 3.5740000000000003)",0.024134930359999997,3.572
"[3.5740000000000003, 3.575)",0.016085042000000004,3.573
"[3.575, 3.576)",0.0264063,3.574
"[3.576, 3.577)",0.007203208966666666,3.575
"[3.577, 3.5780000000000003)",0.03250652459999999,3.576
"[3.5780000000000003, 3.579)",0.011750068249999999,3.577
"[3.579, 3.58)",0.016892156600000003,3.578
"[3.58, 3.581)",0.039077010428571424,3.579
"[3.581, 3.5820000000000003)",0.008206916500000001,3.58
"[3.5820000000000003, 3.583)",0.009194127166666666,3.581
"[3.583, 3.584)",0.0027249164999999997,3.582
"[3.584, 3.585)",0.12293047324999999,3.583
"[3.585, 3.586)",0.05660002028571428,3.584
"[3.586, 3.587)",0.03456984166666667,3.585
"[3.587, 3.588)",0.12009205033333334,3.586
"[3.588, 3.589)",0.01922572,3.587
"[3.589, 3.59)",0.039264007142857146,3.588
"[3.59, 3.591)",0.032958717142857134,3.589
"[3.591, 3.592)",0.002353912,3.59
"[3.592, 3.593)",0.017753753333333334,3.591
"[3.593, 3.594)",0.0054268012,3.592
"[3.594, 3.595)",0.27217574075,3.593
"[3.595, 3.596)",0.009272105000000001,3.594
"[3.596, 3.597)",0.0233123655,3.595
"[3.597, 3.598)",0.006646203250000001,3.596
"[3.598, 3.599)",0.000540833,3.597
"[3.599, 3.6)",0.002249667671428572,3.598
"[3.6, 3.601)",0.026686724285714284,3.599
"[3.601, 3.602)",0.0198577425,3.6
"[3.602, 3.603)",0.0182024465,3.601
"[3.603, 3.604)",0.007232926125000001,3.602
"[3.604, 3.605)",0.008417956666666665,3.603
"[3.605, 3.606)",0.02201375386,3.604
"[3.606, 3.607)",0.012892717500000001,3.605
"[3.607, 3.608)",0.01562562216666667,3.606
"[3.608, 3.609)",0.013378435749999999,3.607
"[3.609, 3.61)",0.004160002425,3.608
"[3.61, 3.611)",0.0460623,3.609
"[3.611, 3.612)",0.038799555,3.61
"[3.612, 3.613)",0.024778444333333333,3.611
"[3.613, 3.614)",0.010476268833333335,3.612
"[3.614, 3.615)",0.16272446999999998,3.613
"[3.615, 3.616)",0.0021282633333333336,3.614
"[3.616, 3.617)",0.0546265,3.615
"[3.617, 3.618)",0.016726721000000003,3.616
"[3.618, 3.619)",0.025341228266666665,3.617
"[3.619, 3.62)",0.0027398443333333336,3.618
"[3.62, 3.621)",0.014677616142857144,3.619
"[3.621, 3.622)",0.0038970207499999998,3.62
"[3.622, 3.623)",0.005008232575,3.621
"[3.623, 3.624)",0.0036733900000000003,3.622
"[3.624, 3.625)",0.023673406,3.623
"[3.625, 3.626)",0.05572721837499999,3.624
"[3.626, 3.6270000000000002)",0.12178666811111111,3.625
"[3.6270000000000002, 3.628)",0.030948538249999998,3.626
"[3.628, 3.629)",0.0290068532,3.627
"[3.629, 3.63)",0.01271626575,3.628
"[3.63, 3.6310000000000002)",0.018389325,3.629
"[3.6310000000000002, 3.632)",0.044506416,3.63
"[3.632, 3.633)",0.007291384714285714,3.631
"[3.633, 3.634)",0.003425165,3.632
"[3.634, 3.6350000000000002)",0.028458459999999998,3.633
"[3.6350000000000002, 3.636)",0.014634753545454545,3.634
"[3.636, 3.637)",0.028623159200000005,3.635
"[3.637, 3.638)",0.000771605,3.636
"[3.638, 3.6390000000000002)",0.0029472144000000002,3.637
"[3.6390000000000002, 3.64)",0.007759285,3.638
"[3.64, 3.641)",0.0070904965000000006,3.639
"[3.641, 3.642)",0.011718032500000001,3.64
"[3.642, 3.6430000000000002)",0.023487265200000003,3.641
"[3.6430000000000002, 3.644)",0.01813658588888889,3.642
"[3.644, 3.645)",0.0055554671428571425,3.643
"[3.645, 3.646)",0.017864710285714288,3.644
"[3.646, 3.6470000000000002)",0.0015124078000000002,3.645
"[3.6470000000000002, 3.648)",0.016668931,3.646
"[3.648, 3.649)",0.056938757166666666,3.647
"[3.649, 3.65)",0.039190984,3.648
"[3.65, 3.6510000000000002)",0.010929196875,3.649
"[3.6510000000000002, 3.652)",0.002669966666666667,3.65
"[3.652, 3.653)",0.024475453285714287,3.651
"[3.653, 3.654)",0.24664533333333336,3.652
"[3.654, 3.6550000000000002)",0.03840806528571429,3.653
"[3.6550000000000002, 3.656)",0.010634547428571428,3.654
"[3.656, 3.657)",0.0055477059999999995,3.655
"[3.657, 3.658)",0.06908980716666668,3.656
"[3.658, 3.6590000000000003)",0.007520448599999998,3.657
"[3.6590000000000003, 3.66)",0.0029108036666666668,3.658
"[3.66, 3.661)",0.026923444124999998,3.659
"[3.661, 3.662)",0.03786296657142857,3.66
"[3.662, 3.6630000000000003)",0.0618374,3.661
"[3.6630000000000003, 3.664)",0.02204060216666667,3.662
"[3.664, 3.665)",0.012010095714285714,3.663
"[3.665, 3.666)",0.00351578275,3.664
"[3.666, 3.6670000000000003)",0.06571476199999997,3.665
"[3.6670000000000003, 3.668)",0.06057509571428572,3.666
"[3.668, 3.669)",0.007543491,3.667
"[3.669, 3.67)",0.03975008333333333,3.668
"[3.67, 3.6710000000000003)",0.11464711100000001,3.669
"[3.6710000000000003, 3.672)",0.0073919886666666676,3.67
"[3.672, 3.673)",0.0160068822,3.671
"[3.673, 3.674)",0.013889436666666666,3.672
"[3.674, 3.6750000000000003)",0.0043544646,3.673
"[3.6750000000000003, 3.676)",0.023901977666666668,3.674
"[3.676, 3.677)",0.00845190075,3.675
"[3.677, 3.678)",0.029682448333333333,3.676
"[3.678, 3.6790000000000003)",0.00740095,3.677
"[3.6790000000000003, 3.68)",0.020557181,3.678
"[3.68, 3.681)",0.0530744875,3.679
"[3.681, 3.682)",0.01137402575,3.68
"[3.682, 3.6830000000000003)",0.019461217000000003,3.681
"[3.6830000000000003, 3.684)",0.03550606428571428,3.682
"[3.684, 3.685)",0.01818091022222222,3.683
"[3.685, 3.686)",0.024261009500000003,3.684
"[3.686, 3.6870000000000003)",0.008968986,3.685
"[3.6870000000000003, 3.688)",0.010112905142857143,3.686
"[3.688, 3.689)",0.044602584599999995,3.687
"[3.689, 3.69)",0.019612567777777774,3.688
"[3.69, 3.6910000000000003)",0.011313622871428572,3.689
"[3.6910000000000003, 3.692)",0.038919364,3.69
"[3.692, 3.693)",0.016725395,3.691
"[3.693, 3.694)",0.053983148111111115,3.692
"[3.694, 3.6950000000000003)",0.016905514599999998,3.693
"[3.6950000000000003, 3.696)",0.0115746126,3.694
"[3.696, 3.697)",0.0155177492,3.695
"[3.697, 3.698)",0.067691944,3.696
"[3.698, 3.6990000000000003)",0.016916283999999997,3.697
"[3.6990000000000003, 3.7)",0.016983619999999998,3.698
"[3.7, 3.701)",0.016205184999999997,3.699
"[3.701, 3.702)",0.008642896666666665,3.7
"[3.702, 3.7030000000000003)",0.0206542186,3.701
"[3.7030000000000003, 3.704)",0.005079081857142858,3.702
"[3.704, 3.705)",0.00592770757142857,3.703
"[3.705, 3.706)",0.009998390749999999,3.704
"[3.706, 3.7070000000000003)",0.009962475,3.705
"[3.7070000000000003, 3.708)",0.028416098,3.706
"[3.708, 3.709)",0.07198773325,3.707
"[3.709, 3.71)",0.031803066666666664,3.708
"[3.71, 3.7110000000000003)",0.04176713033333333,3.709
"[3.712, 3.713)",0.018409835,3.71
"[3.713, 3.714)",0.023723072166666664,3.711
"[3.714, 3.715)",0.0018415292,3.712
"[3.715, 3.716)",0.00110742,3.713
"[3.716, 3.717)",0.00571978825,3.714
"[3.717, 3.718)",0.025655303333333334,3.715
"[3.718, 3.719)",0.053482985000000004,3.716
"[3.719, 3.72)",0.01935916433333333,3.717
"[3.72, 3.721)",0.005338766,3.718
"[3.721, 3.722)",0.01692562,3.719
"[3.722, 3.723)",0.02884288375,3.72
"[3.723, 3.724)",0.06701640825,3.721
"[3.724, 3.725)",0.0038517192,3.722
"[3.725, 3.726)",0.135454675375,3.723
"[3.726, 3.727)",0.05326194433333333,3.724
"[3.727, 3.728)",0.0008371565,3.725
"[3.728, 3.729)",0.0197431725,3.726
"[3.729, 3.73)",0.008528102555555557,3.727
"[3.73, 3.731)",0.0111569,3.728
"[3.731, 3.732)",0.02913882,3.729
"[3.732, 3.733)",0.000540833,3.73
"[3.733, 3.734)",0.06274039575000001,3.731
"[3.734, 3.735)",0.0039059000000000003,3.732
"[3.735, 3.736)",0.010302473333333334,3.733
"[3.736, 3.737)",0.022753545833333333,3.734
"[3.737, 3.738)",0.0029942726,3.735
"[3.738, 3.739)",0.0311146078,3.736
"[3.739, 3.74)",0.017921415,3.737
"[3.74, 3.741)",0.00940211,3.738
"[3.741, 3.742)",0.02710524711111111,3.739
"[3.742, 3.743)",0.25577251,3.74
"[3.743, 3.744)",0.003023636,3.741
"[3.744, 3.745)",0.005017076666666666,3.742
"[3.745, 3.746)",0.023497414499999997,3.743
"[3.746, 3.747)",0.0013253618,3.744
"[3.747, 3.748)",0.0299846,3.745
"[3.748, 3.749)",0.019982970571428567,3.746
"[3.749, 3.75)",8.063596666666667e-5,3.747
"[3.75, 3.751)",0.044170867875,3.748
"[3.751, 3.7520000000000002)",0.02668064075,3.749
"[3.7520000000000002, 3.753)",0.0057881365999999995,3.75
"[3.753, 3.754)",0.0395524026,3.751
"[3.754, 3.755)",0.01725333825,3.752
"[3.755, 3.7560000000000002)",0.0033244447999999996,3.753
"[3.7560000000000002, 3.757)",0.018765840600000003,3.754
"[3.757, 3.758)",0.12025968899999999,3.755
"[3.758, 3.759)",1.0,3.756
"[3.759, 3.7600000000000002)",0.017521705500000002,3.757
"[3.7600000000000002, 3.761)",0.02230945333333333,3.758
"[3.761, 3.762)",0.06799492085714286,3.759
"[3.762, 3.763)",0.0049880235,3.76
"[3.763, 3.7640000000000002)",0.0014358115000000001,3.761
"[3.7640000000000002, 3.765)",0.011706921857142857,3.762
"[3.765, 3.766)",0.021253933285714288,3.763
"[3.766, 3.767)",0.03831642,3.764
"[3.767, 3.7680000000000002)",0.022713120000000003,3.765
"[3.7680000000000002, 3.769)",0.044897031857142854,3.766
"[3.769, 3.77)",0.02062233357142857,3.767
"[3.77, 3.771)",0.01252632477777778,3.768
"[3.771, 3.7720000000000002)",0.03416873,3.769
"[3.7720000000000002, 3.773)",0.050020478,3.77
"[3.773, 3.774)",0.02248840716666667,3.771
"[3.774, 3.775)",0.0198868032,3.772
"[3.775, 3.7760000000000002)",0.02087038922222222,3.773
"[3.7760000000000002, 3.777)",0.02183357075,3.774
"[3.777, 3.778)",0.009966112375000002,3.775
"[3.778, 3.779)",0.008333606666666665,3.776
"[3.779, 3.7800000000000002)",0.017448112499999998,3.777
"[3.7800000000000002, 3.781)",0.0013691176666666667,3.778
"[3.781, 3.782)",0.0409457105,3.779
"[3.782, 3.783)",0.031039616000000003,3.78
"[3.783, 3.7840000000000003)",0.0030846397499999997,3.781
"[3.7840000000000003, 3.785)",0.01875132,3.782
"[3.785, 3.786)",0.012248677,3.783
"[3.786, 3.787)",0.16869294550000002,3.784
"[3.787, 3.7880000000000003)",0.00201361,3.785
"[3.7880000000000003, 3.789)",0.0034747464444444443,3.786
"[3.789, 3.79)",0.014756685,3.787
"[3.79, 3.791)",0.0070760586,3.788
"[3.791, 3.7920000000000003)",0.022137360374999998,3.789
"[3.7920000000000003, 3.793)",0.024625031999999998,3.79
"[3.793, 3.794)",0.11638610825000001,3.791
"[3.794, 3.795)",0.07820670757142856,3.792
"[3.795, 3.7960000000000003)",0.12406738,3.793
"[3.7960000000000003, 3.797)",0.0027914265000000002,3.794
"[3.797, 3.798)",0.024651572874999996,3.795
"[3.798, 3.799)",0.0026968932499999996,3.796
"[3.799, 3.8000000000000003)",0.0063125769166666665,3.797
"[3.8000000000000003, 3.801)",0.018274363999999998,3.798
"[3.801, 3.802)",0.01577573328571429,3.799
"[3.802, 3.803)",0.0037806493333333332,3.8
"[3.803, 3.8040000000000003)",0.1462300866,3.801
"[3.8040000000000003, 3.805)",0.021220746666666665,3.802
"[3.805, 3.806)",0.028469744333333328,3.803
"[3.806, 3.807)",0.02884775,3.804
"[3.807, 3.8080000000000003)",0.01578057266666667,3.805
"[3.8080000000000003, 3.809)",0.020229043999999998,3.806
"[3.809, 3.81)",0.0576463946,3.807
"[3.81, 3.811)",0.10189666100000001,3.808
"[3.811, 3.8120000000000003)",0.027158764999999998,3.809
"[3.8120000000000003, 3.813)",0.006961326666666667,3.81
"[3.813, 3.814)",0.03388197,3.811
"[3.814, 3.815)",0.000540833,3.812
"[3.815, 3.8160000000000003)",0.036448400000000006,3.813
"[3.8160000000000003, 3.817)",0.014797155,3.814
"[3.817, 3.818)",0.013791236000000002,3.815
"[3.818, 3.819)",0.08173164999999999,3.816
"[3.819, 3.8200000000000003)",0.026111734399999996,3.817
"[3.8200000000000003, 3.821)",0.05167572,3.818
"[3.821, 3.822)",0.019487920750000002,3.819
"[3.822, 3.823)",0.012155975000000001,3.82
"[3.823, 3.8240000000000003)",0.011546714,3.821
"[3.8240000000000003, 3.825)",0.0036970315,3.822
"[3.825, 3.826)",0.024772101666666668,3.823
"[3.826, 3.827)",0.0041478,3.824
"[3.827, 3.8280000000000003)",0.01629386383333333,3.825
"[3.8280000000000003, 3.829)",0.11776885166666666,3.826
"[3.829, 3.83)",0.06587831333333334,3.827
"[3.83, 3.831)",0.20803807400000002,3.828
"[3.831, 3.8320000000000003)",0.09690945000000001,3.829
"[3.8320000000000003, 3.833)",0.032803489000000005,3.83
"[3.833, 3.834)",0.01387712,3.831
"[3.834, 3.835)",0.285730586,3.832
"[3.835, 3.8360000000000003)",0.00942847,3.833
"[3.8360000000000003, 3.837)",0.009329750333333333,3.834
"[3.837, 3.838)",0.212503294,3.835
"[3.838, 3.839)",0.012344866500000001,3.836
"[3.839, 3.84)",0.005266751,3.837
"[3.84, 3.841)",0.3705766916666666,3.838
"[3.841, 3.842)",0.0279802,3.839
"[3.842, 3.843)",0.0032604515,3.84
"[3.843, 3.844)",0.016050235,3.841
"[3.844, 3.845)",0.008272286600000001,3.842
"[3.845, 3.846)",0.04293471099999999,3.843
"[3.847, 3.848)",0.006163405,3.844
"[3.848, 3.849)",0.000715308,3.845
"[3.849, 3.85)",0.31225785500000003,3.846
"[3.85, 3.851)",0.00422152,3.847
"[3.853, 3.854)",0.00170164,3.848
"[3.855, 3.856)",0.00515569825,3.849
"[3.856, 3.857)",0.014266593333333334,3.85
"[3.857, 3.858)",0.019869698249999998,3.851
"[3.858, 3.859)",0.122924,3.852
"[3.859, 3.86)",0.011076963333333334,3.853
"[3.86, 3.861)",0.000540833,3.854
"[3.861, 3.862)",0.010086373333333334,3.855
"[3.862, 3.863)",0.014953557666666667,3.856
"[3.863, 3.864)",0.002951027666666667,3.857
"[3.864, 3.865)",0.007577240233333333,3.858
"[3.865, 3.866)",0.020638029666666665,3.859
"[3.866, 3.867)",0.009252026433333333,3.86
"[3.867, 3.868)",0.0032461665,3.861
"[3.868, 3.869)",0.1681743240866667,3.862
"[3.869, 3.87)",0.005706938250000001,3.863
"[3.87, 3.871)",0.5053328,3.864
"[3.871, 3.872)",0.0008241265000000001,3.865
"[3.872, 3.873)",0.05461261666666667,3.866
"[3.874, 3.875)",0.013979356600000001,3.867
"[3.875, 3.876)",0.22985746219999997,3.868
"[3.876, 3.8770000000000002)",0.00451657,3.869
"[3.8770000000000002, 3.878)",0.003432552,3.87
"[3.878, 3.879)",0.039755857666666665,3.871
"[3.879, 3.88)",0.0406343925,3.872
"[3.88, 3.8810000000000002)",0.0050267825,3.873
"[3.8810000000000002, 3.882)",0.06396518749999999,3.874
"[3.882, 3.883)",0.13503547324999998,3.875
"[3.883, 3.884)",0.01745312075,3.876
"[3.884, 3.8850000000000002)",0.000566893,3.877
"[3.8850000000000002, 3.886)",0.013163933333333334,3.878
"[3.886, 3.887)",0.009975635,3.879
"[3.887, 3.888)",0.00042850466666666666,3.88
"[3.888, 3.8890000000000002)",0.00194572,3.881
"[3.8890000000000002, 3.89)",0.011204185,3.882
"[3.89, 3.891)",0.008851566666666666,3.883
"[3.891, 3.892)",0.073567675,3.884
"[3.892, 3.8930000000000002)",0.013320556000000002,3.885
"[3.8930000000000002, 3.894)",0.013477431166666665,3.886
"[3.894, 3.895)",0.15677692333333335,3.887
"[3.895, 3.896)",0.026693505000000003,3.888
"[3.896, 3.8970000000000002)",0.0006260372500000001,3.889
"[3.8970000000000002, 3.898)",0.03119268393333333,3.89
"[3.898, 3.899)",0.0189189,3.891
"[3.899, 3.9)",0.34119654666666666,3.892
"[3.9, 3.9010000000000002)",0.016411495,3.893
"[3.9010000000000002, 3.902)",0.017097926666666666,3.894
"[3.902, 3.903)",0.00429529325,3.895
"[3.903, 3.904)",0.09176715499999999,3.896
"[3.904, 3.9050000000000002)",0.028423452142857148,3.897
"[3.9050000000000002, 3.906)",0.006080050666666666,3.898
"[3.906, 3.907)",0.0555990046,3.899
"[3.907, 3.908)",0.005851464333333333,3.9
"[3.908, 3.9090000000000003)",0.012820236666666667,3.901
"[3.9090000000000003, 3.91)",0.0057938375,3.902
"[3.91, 3.911)",0.03286417333333334,3.903
"[3.911, 3.912)",0.005218746666666666,3.904
"[3.912, 3.9130000000000003)",0.001780107,3.905
"[3.9130000000000003, 3.914)",0.08086728,3.906
"[3.914, 3.915)",0.25778647075,3.907
"[3.915, 3.916)",0.018408785,3.908
"[3.916, 3.9170000000000003)",0.0148246,3.909
"[3.9170000000000003, 3.918)",0.003945859,3.91
"[3.918, 3.919)",0.010524515,3.911
"[3.919, 3.92)",0.00582726,3.912
"[3.92, 3.9210000000000003)",0.037240142500000004,3.913
"[3.9210000000000003, 3.922)",0.00988797,3.914
"[3.922, 3.923)",0.008544352475,3.915
"[3.923, 3.924)",0.14539209825,3.916
"[3.924, 3.9250000000000003)",0.01526380727272727,3.917
"[3.9250000000000003, 3.926)",0.006730513333333334,3.918
"[3.926, 3.927)",0.03381151983333334,3.919
"[3.927, 3.928)",0.010488585,3.92
"[3.928, 3.9290000000000003)",0.016024860000000002,3.921
"[3.9290000000000003, 3.93)",0.04209019825,3.922
"[3.93, 3.931)",0.0032604515,3.923
"[3.931, 3.932)",0.17193074,3.924
"[3.932, 3.9330000000000003)",0.025451952,3.925
"[3.9330000000000003, 3.934)",0.00210971575,3.926
"[3.934, 3.935)",0.0127920535,3.927
"[3.935, 3.936)",0.019575186666666664,3.928
"[3.936, 3.9370000000000003)",0.0026899414999999997,3.929
"[3.9370000000000003, 3.938)",0.005464973333333334,3.93
"[3.938, 3.939)",0.0237695,3.931
"[3.939, 3.94)",0.00367197,3.932
"[3.94, 3.9410000000000003)",0.016152496666666665,3.933
"[3.9410000000000003, 3.942)",0.00598007,3.934
"[3.942, 3.943)",0.0577598425,3.935
"[3.943, 3.944)",0.30460371999999997,3.936
"[3.944, 3.9450000000000003)",1.0,3.937
"[3.9450000000000003, 3.946)",0.01248547,3.938
"[3.946, 3.947)",0.0814117375,3.939
"[3.947, 3.948)",0.05047683333333333,3.94
"[3.948, 3.9490000000000003)",0.00110742,3.941
"[3.9490000000000003, 3.95)",0.00573888,3.942
"[3.95, 3.951)",0.09194465,3.943
"[3.951, 3.952)",0.01570363075,3.944
"[3.952, 3.9530000000000003)",0.00116144,3.945
"[3.9530000000000003, 3.954)",0.005992717999999999,3.946
"[3.954, 3.955)",0.048776404,3.947
"[3.955, 3.956)",0.006379570750000001,3.948
"[3.956, 3.9570000000000003)",0.010970833333333332,3.949
"[3.9570000000000003, 3.958)",0.014106336666666665,3.95
"[3.958, 3.959)",0.002560781,3.951
"[3.959, 3.96)",0.00864902,3.952
"[3.96, 3.9610000000000003)",0.03342555,3.953
"[3.9610000000000003, 3.962)",0.00110742,3.954
"[3.962, 3.963)",0.00091894,3.955
"[3.963, 3.964)",7.22596e-5,3.956
"[3.964, 3.9650000000000003)",0.008153640000000002,3.957
"[3.9650000000000003, 3.966)",0.0546658,3.958
"[3.966, 3.967)",0.02383652,3.959
"[3.967, 3.968)",0.016616723333333333,3.96
"[3.968, 3.969)",0.339627,3.961
"[3.969, 3.97)",0.005177265,3.962
"[3.97, 3.971)",0.004583645,3.963
"[3.971, 3.972)",0.0012974266666666667,3.964
"[3.972, 3.973)",0.01086644815,3.965
"[3.973, 3.974)",0.04541187,3.966
"[3.974, 3.975)",0.0365449,3.967
"[3.975, 3.976)",0.0025852315,3.968
"[3.976, 3.977)",0.004883913333333333,3.969
"[3.977, 3.978)",0.0465116,3.97
"[3.978, 3.979)",0.09308115825,3.971
"[3.979, 3.98)",0.00253293,3.972
"[3.98, 3.981)",0.0049369652,3.973
"[3.981, 3.982)",0.008527976666666668,3.974
"[3.982, 3.983)",0.02045029433333333,3.975
"[3.983, 3.984)",0.033043625,3.976
"[3.984, 3.985)",0.0737789,3.977
"[3.985, 3.986)",0.0008241265000000001,3.978
"[3.986, 3.987)",0.017100712499999997,3.979
"[3.987, 3.988)",0.005442735000000001,3.98
"[3.988, 3.989)",0.000106191,3.981
"[3.989, 3.99)",0.0076908465,3.982
"[3.99, 3.991)",0.003580741466666667,3.983
"[3.991, 3.992)",0.010347367666666668,3.984
"[3.992, 3.993)",0.015340349999999999,3.985
"[3.993, 3.994)",0.003022995,3.986
"[3.994, 3.995)",0.028642211,3.987
"[3.995, 3.996)",0.1,3.988
"[3.996, 3.997)",0.00200013,3.989
"[3.997, 3.998)",0.140316665,3.99
"[3.998, 3.999)",0.00844119,3.991
"[3.999, 4.0)",0.059864666666666656,3.992
"[4.0, 4.001)",0.00598007,3.993
"[4.001, 4.002)",0.006511097,3.994
"[4.002, 4.003)",0.00173919,3.995
"[4.003, 4.0040000000000004)",0.034661037500000005,3.996
"[4.0040000000000004, 4.005)",0.023590163333333334,3.997
"[4.005, 4.006)",0.00226757,3.998
"[4.006, 4.007)",0.00881522,3.999
"[4.007, 4.008)",0.0043155992,4.0
"[4.008, 4.009)",0.032960124,4.001
"[4.009, 4.01)",0.004159405,4.002
"[4.011, 4.0120000000000005)",0.000540833,4.003
"[4.013, 4.014)",0.0527261,4.004
"[4.014, 4.015)",0.036595223999999996,4.005
"[4.015, 4.016)",0.00467425,4.006
"[4.016, 4.017)",0.00110742,4.007
"[4.017, 4.018)",0.173236,4.008
"[4.018, 4.019)",0.006108357666666667,4.009
"[4.019, 4.0200000000000005)",0.0203099915,4.01
"[4.0200000000000005, 4.021)",0.0860009165,4.011
"[4.022, 4.023)",0.005077004333333334,4.012
"[4.023, 4.024)",0.0218112,4.013
"[4.024, 4.025)",0.0154047,4.014
"[4.025, 4.026)",0.046154192000000004,4.015
"[4.026, 4.027)",0.108347,4.016
"[4.027, 4.0280000000000005)",0.0247014175,4.017
"[4.0280000000000005, 4.029)",0.0062367666,4.018
"[4.029, 4.03)",0.0131287,4.019
"[4.03, 4.031)",0.0318134,4.02
"[4.031, 4.032)",0.02281468,4.021
"[4.032, 4.033)",0.024105,4.022
"[4.033, 4.034)",0.049987384,4.023
"[4.034, 4.035)",0.0024700819999999997,4.024
"[4.035, 4.0360000000000005)",0.02951045,4.025
"[4.0360000000000005, 4.037)",0.001491795,4.026
"[4.037, 4.038)",0.0033229215,4.027
"[4.038, 4.039)",0.009715691,4.028
"[4.04, 4.041)",0.00059242465,4.029
"[4.042, 4.043)",0.027919405999999997,4.03
"[4.043, 4.0440000000000005)",0.020767384333333333,4.031
"[4.0440000000000005, 4.045)",0.0108527,4.032
"[4.045, 4.046)",0.016027137666666667,4.033
"[4.046, 4.047)",0.0209044,4.034
"[4.047, 4.048)",0.018807769666666665,4.035
"[4.048, 4.049)",0.04469933499999999,4.036
"[4.049, 4.05)",0.000540833,4.037
"[4.05, 4.051)",0.0155987,4.038
"[4.051, 4.0520000000000005)",0.0037045266666666664,4.039
"[4.0520000000000005, 4.053)",0.0108527,4.04
"[4.053, 4.054)",0.0068356350000000005,4.041
"[4.056, 4.057)",0.0276033165,4.042
"[4.057, 4.058)",0.000540833,4.043
"[4.058, 4.059)",0.009085320000000001,4.044
"[4.059, 4.0600000000000005)",0.00367197,4.045
"[4.0600000000000005, 4.061)",0.0035571407500000003,4.046
"[4.061, 4.062)",0.008608624333333334,4.047
"[4.062, 4.063)",0.0190344,4.048
"[4.063, 4.064)",0.0055005665,4.049
"[4.064, 4.065)",0.0008241265000000001,4.05
"[4.065, 4.066)",0.00439975,4.051
"[4.066, 4.067)",0.000851152,4.052
"[4.067, 4.0680000000000005)",0.00327113,4.053
"[4.0680000000000005, 4.069)",0.04197081,4.054
"[4.069, 4.07)",0.0161489225,4.055
"[4.07, 4.071)",0.12555371,4.056
"[4.071, 4.072)",0.000540833,4.057
"[4.072, 4.073)",0.0276033165,4.058
"[4.073, 4.074)",0.00110742,4.059
"[4.074, 4.075)",0.00370497,4.06
"[4.0760000000000005, 4.077)",0.00232558,4.061
"[4.077, 4.078)",0.06734371,4.062
"[4.078, 4.079)",0.0028543965,4.063
"[4.079, 4.08)",0.04353463666666666,4.064
"[4.08, 4.081)",0.016560855333333332,4.065
"[4.081, 4.082)",0.0035385600000000005,4.066
"[4.082, 4.083)",0.0008241265000000001,4.067
"[4.083, 4.0840000000000005)",0.00170164,4.068
"[4.0840000000000005, 4.085)",0.027687085,4.069
"[4.085, 4.086)",0.0640641,4.07
"[4.086, 4.087)",0.029874002499999996,4.071
"[4.087, 4.088)",0.000540833,4.072
"[4.088, 4.089)",0.005379747666666667,4.073
"[4.089, 4.09)",0.0008241265000000001,4.074
"[4.09, 4.091)",0.134078,4.075
"[4.091, 4.0920000000000005)",0.0434653225,4.076
"[4.0920000000000005, 4.093)",0.054109859999999996,4.077
"[4.093, 4.094)",0.0277778,4.078
"[4.094, 4.095)",0.018304615,4.079
"[4.095, 4.096)",0.00208823475,4.08
"[4.096, 4.097)",0.000165195,4.081
"[4.097, 4.098)",0.0511365525,4.082
"[4.098, 4.099)",0.006238056500000001,4.083
"[4.099, 4.1)",0.09292437666666666,4.084
"[4.1, 4.101)",0.001788905,4.085
"[4.101, 4.102)",0.00670438,4.086
"[4.102, 4.103)",0.0009726815,4.087
"[4.103, 4.104)",0.0251873665,4.088
"[4.104, 4.105)",0.01319377,4.089
"[4.105, 4.106)",0.02285708,4.09
"[4.106, 4.107)",0.05504659,4.091
"[4.107, 4.108)",0.0051816614999999995,4.092
"[4.108, 4.109)",0.07197419,4.093
"[4.109, 4.11)",0.011713411,4.094
"[4.11, 4.111)",0.0091573,4.095
"[4.111, 4.112)",0.195804,4.096
"[4.112, 4.113)",0.002268331,4.097
"[4.113, 4.114)",0.0235262165,4.098
"[4.114, 4.115)",0.02439761325,4.099
"[4.116, 4.117)",0.0017379625999999998,4.1
"[4.117, 4.118)",0.00121951,4.101
"[4.118, 4.119)",0.013729710999999999,4.102
"[4.119, 4.12)",0.0027309955,4.103
"[4.121, 4.122)",0.0026163825,4.104
"[4.122, 4.123)",0.0008241265000000001,4.105
"[4.123, 4.124)",0.000540833,4.106
"[4.124, 4.125)",0.04654763325,4.107
"[4.125, 4.126)",0.09142586000000001,4.108
"[4.127, 4.128)",0.009411570000000001,4.109
"[4.128, 4.1290000000000004)",0.007328688666666667,4.11
"[4.1290000000000004, 4.13)",0.0465116,4.111
"[4.13, 4.131)",0.0011579776,4.112
"[4.131, 4.132)",0.006844435,4.113
"[4.132, 4.133)",0.008204363666666667,4.114
"[4.134, 4.135)",0.01179462,4.115
"[4.135, 4.136)",0.75,4.116
"[4.136, 4.1370000000000005)",0.0008991384999999999,4.117
"[4.1370000000000005, 4.138)",0.003190211,4.118
"[4.138, 4.139)",0.0156187,4.119
"[4.139, 4.14)",0.0053086332,4.12
"[4.14, 4.141)",0.00116144,4.121
"[4.141, 4.142)",0.00348432,4.122
"[4.142, 4.143)",0.000540833,4.123
"[4.143, 4.144)",0.00748578,4.124
"[4.144, 4.1450000000000005)",0.01506032325,4.125
"[4.1450000000000005, 4.146)",0.002188726666666667,4.126
"[4.146, 4.147)",0.0097876165,4.127
"[4.147, 4.148)",0.060765822500000004,4.128
"[4.148, 4.149)",0.0036520713333333334,4.129
"[4.149, 4.15)",0.01049689,4.13
"[4.15, 4.151)",0.0019419313333333334,4.131
"[4.152, 4.1530000000000005)",0.0029102053,4.132
"[4.1530000000000005, 4.154)",0.037468367571428574,4.133
"[4.154, 4.155)",0.0020125765,4.134
"[4.155, 4.156)",0.146825,4.135
"[4.156, 4.157)",0.0682549,4.136
"[4.157, 4.158)",0.000594884,4.137
"[4.158, 4.159)",0.0210661,4.138
"[4.159, 4.16)",0.0069745432500000005,4.139
"[4.1610000000000005, 4.162)",0.0025852315,4.14
"[4.162, 4.163)",0.0209044,4.141
"[4.163, 4.164)",0.103293802,4.142
"[4.164, 4.165)",0.04232397433333334,4.143
"[4.165, 4.166)",0.0063219850000000005,4.144
"[4.166, 4.167)",0.00725129425,4.145
"[4.168, 4.1690000000000005)",0.0486286,4.146
"[4.1690000000000005, 4.17)",0.03324747333333333,4.147
"[4.17, 4.171)",0.0230844165,4.148
"[4.171, 4.172)",0.0111598,4.149
"[4.172, 4.173)",0.00731707,4.15
"[4.173, 4.174)",0.00110742,4.151
"[4.174, 4.175)",0.008214861333333334,4.152
"[4.175, 4.176)",0.015634028333333334,4.153
"[4.176, 4.1770000000000005)",0.0028543965,4.154
"[4.1770000000000005, 4.178)",0.00975244,4.155
"[4.178, 4.179)",0.5510205,4.156
"[4.179, 4.18)",0.020041619866666666,4.157
"[4.18, 4.181)",0.01332435,4.158
"[4.181, 4.182)",0.052695,4.159
"[4.182, 4.183)",0.006218878000000001,4.16
"[4.183, 4.184)",0.00121951,4.161
"[4.184, 4.1850000000000005)",0.195851,4.162
"[4.1850000000000005, 4.186)",0.0429761426,4.163
"[4.186, 4.187)",0.0237851,4.164
"[4.187, 4.188)",0.0028543965,4.165
"[4.189, 4.19)",0.00598007,4.166
"[4.19, 4.191)",0.01069,4.167
"[4.1930000000000005, 4.194)",0.00516796,4.168
"[4.194, 4.195)",0.35486603666666666,4.169
"[4.195, 4.196)",0.12732389325,4.17
"[4.196, 4.197)",0.000540833,4.171
"[4.197, 4.198)",0.022502264759999998,4.172
"[4.198, 4.199)",0.05548793999999999,4.173
"[4.199, 4.2)",0.0076999775,4.174
"[4.2, 4.2010000000000005)",0.004541145,4.175
"[4.2010000000000005, 4.202)",0.00388289,4.176
"[4.202, 4.203)",0.011494520000000001,4.177
"[4.203, 4.204)",0.005055951499999999,4.178
"[4.204, 4.205)",0.0054767575,4.179
"[4.205, 4.206)",0.11820716666666665,4.18
"[4.206, 4.207)",0.000540833,4.181
"[4.207, 4.208)",0.00532028,4.182
"[4.208, 4.2090000000000005)",0.020833893333333336,4.183
"[4.2090000000000005, 4.21)",0.041006955,4.184
"[4.21, 4.211)",0.02017345,4.185
"[4.211, 4.212)",0.05565675,4.186
"[4.212, 4.213)",0.0019882835,4.187
"[4.213, 4.214)",0.00532028,4.188
"[4.214, 4.215)",0.00170164,4.189
"[4.215, 4.216)",0.00154055,4.19
"[4.216, 4.2170000000000005)",0.02181009,4.191
"[4.2170000000000005, 4.218)",0.0190207,4.192
"[4.218, 4.219)",0.028270877666666666,4.193
"[4.219, 4.22)",0.002680045,4.194
"[4.22, 4.221)",0.00117616466,4.195
"[4.221, 4.222)",0.011203683249999999,4.196
"[4.222, 4.223)",0.020292631,4.197
"[4.223, 4.224)",0.011819706199999998,4.198
"[4.224, 4.225)",0.00508580825,4.199
"[4.225, 4.226)",0.00598006,4.2
"[4.226, 4.227)",0.009679405,4.201
"[4.227, 4.228)",0.000451119,4.202
"[4.228, 4.229)",0.0006356465000000001,4.203
"[4.229, 4.23)",0.00833333,4.204
"[4.231, 4.232)",0.00412741,4.205
"[4.232, 4.233)",0.0276144,4.206
"[4.233, 4.234)",0.01058624,4.207
"[4.234, 4.235)",0.004039315,4.208
"[4.235, 4.236)",0.00106441075,4.209
"[4.236, 4.237)",0.004154897666666667,4.21
"[4.237, 4.238)",0.00852992,4.211
"[4.238, 4.239)",0.18869645,4.212
"[4.239, 4.24)",0.0075188,4.213
"[4.24, 4.241)",0.03831092666666667,4.214
"[4.241, 4.242)",0.04505082666666666,4.215
"[4.242, 4.243)",0.008124116666666667,4.216
"[4.243, 4.244)",0.007128295749999999,4.217
"[4.244, 4.245)",0.02342519825,4.218
"[4.245, 4.246)",0.004664651,4.219
"[4.246, 4.247)",0.0009595154999999999,4.22
"[4.247, 4.248)",0.003254928,4.221
"[4.248, 4.249)",0.2577505487,4.222
"[4.249, 4.25)",0.25061364766666666,4.223
"[4.25, 4.251)",0.00110742,4.224
"[4.251, 4.252)",0.002122555,4.225
"[4.252, 4.253)",0.001688722,4.226
"[4.2540000000000004, 4.255)",0.11130871,4.227
"[4.255, 4.256)",0.00032040965,4.228
"[4.256, 4.257)",0.26689345,4.229
"[4.257, 4.258)",0.02886717933333333,4.23
"[4.258, 4.259)",0.00623936,4.231
"[4.259, 4.26)",0.050423021,4.232
"[4.26, 4.261)",0.004221937666666667,4.233
"[4.261, 4.2620000000000005)",0.08287578216666668,4.234
"[4.2620000000000005, 4.263)",0.00073046,4.235
"[4.263, 4.264)",0.0506329,4.236
"[4.264, 4.265)",0.013571646399999998,4.237
"[4.265, 4.266)",0.02192736875,4.238
"[4.266, 4.267)",0.0554562,4.239
"[4.267, 4.268)",0.0313975605,4.24
"[4.268, 4.269)",0.004503224833333334,4.241
"[4.269, 4.2700000000000005)",0.066368111,4.242
"[4.2700000000000005, 4.271)",0.015650188,4.243
"[4.271, 4.272)",0.00139223325,4.244
"[4.272, 4.273)",0.0337211,4.245
"[4.273, 4.274)",0.04109,4.246
"[4.274, 4.275)",0.039109330750000004,4.247
"[4.275, 4.276)",0.0358938,4.248
"[4.276, 4.277)",0.005248147666666667,4.249
"[4.277, 4.2780000000000005)",0.0008241265000000001,4.25
"[4.2780000000000005, 4.279)",0.002555985,4.251
"[4.279, 4.28)",0.0014172314999999999,4.252
"[4.28, 4.281)",0.001924023333333333,4.253
"[4.281, 4.282)",0.0277778,4.254
"[4.282, 4.283)",0.0066022139999999995,4.255
"[4.283, 4.284)",0.00883368,4.256
"[4.284, 4.285)",0.00367197,4.257
"[4.285, 4.2860000000000005)",0.00110742,4.258
"[4.2860000000000005, 4.287)",0.011147,4.259
"[4.287, 4.288)",0.0011342664999999998,4.26
"[4.288, 4.289)",0.0017574966,4.261
"[4.289, 4.29)",0.00317965,4.262
"[4.29, 4.291)",0.0033752065,4.263
"[4.291, 4.292)",0.007828751,4.264
"[4.292, 4.293)",0.014052497999999998,4.265
"[4.293, 4.2940000000000005)",0.023477363,4.266
"[4.2940000000000005, 4.295)",0.0033882365,4.267
"[4.295, 4.296)",0.008156542499999999,4.268
"[4.296, 4.297)",0.000566893,4.269
"[4.297, 4.298)",0.023259100500000005,4.27
"[4.298, 4.299)",0.0008241265000000001,4.271
"[4.299, 4.3)",0.00416341,4.272
"[4.301, 4.3020000000000005)",0.0027904966666666667,4.273
"[4.3020000000000005, 4.303)",0.001810771,4.274
"[4.303, 4.304)",0.000566893,4.275
"[4.304, 4.305)",0.0789062,4.276
"[4.305, 4.306)",0.0110556665,4.277
"[4.306, 4.307)",0.0155627,4.278
"[4.307, 4.308)",0.04233136,4.279
"[4.308, 4.309)",0.001146941,4.28
"[4.309, 4.3100000000000005)",0.03441174852000001,4.281
"[4.3100000000000005, 4.311)",0.05201071,4.282
"[4.311, 4.312)",0.07371671,4.283
"[4.312, 4.313)",0.00387482825,4.284
"[4.313, 4.314)",0.05015409999999999,4.285
"[4.314, 4.315)",0.005736984333333334,4.286
"[4.315, 4.316)",0.07392694650000001,4.287
"[4.316, 4.317)",0.0006127286666666667,4.288
"[4.317, 4.3180000000000005)",0.01266116,4.289
"[4.3180000000000005, 4.319)",0.005419605,4.29
"[4.319, 4.32)",0.000540833,4.291
"[4.32, 4.321)",0.005399763666666667,4.292
"[4.321, 4.322)",0.0052704165,4.293
"[4.322, 4.323)",0.002153895333333333,4.294
"[4.323, 4.324)",0.006655308666666666,4.295
"[4.324, 4.325)",0.01023094,4.296
"[4.325, 4.3260000000000005)",0.012021471750000002,4.297
"[4.3260000000000005, 4.327)",0.01511054,4.298
"[4.327, 4.328)",0.01194871325,4.299
"[4.329, 4.33)",0.04117083,4.3
"[4.33, 4.331)",0.009617546499999999,4.301
"[4.331, 4.332)",0.0136141,4.302
"[4.332, 4.333)",0.0049115332,4.303
"[4.333, 4.3340000000000005)",0.00674596,4.304
"[4.3340000000000005, 4.335)",0.008501607666666666,4.305
"[4.335, 4.336)",0.00110742,4.306
"[4.337, 4.338)",0.016695965,4.307
"[4.338, 4.339)",0.00813748,4.308
"[4.339, 4.34)",0.002271245,4.309
"[4.34, 4.341)",0.20434775200000002,4.31
"[4.341, 4.3420000000000005)",0.023779841,4.311
"[4.3420000000000005, 4.343)",0.008508390000000001,4.312
"[4.343, 4.344)",0.002620962125,4.313
"[4.344, 4.345)",0.0019499276666666667,4.314
"[4.345, 4.346)",0.00170164,4.315
"[4.346, 4.347)",0.05046957333333333,4.316
"[4.347, 4.348)",0.0053938854285714285,4.317
"[4.349, 4.3500000000000005)",0.00170164,4.318
"[4.3500000000000005, 4.351)",0.00957107,4.319
"[4.351, 4.352)",0.039900568799999994,4.32
"[4.352, 4.353)",0.0313083925,4.321
"[4.353, 4.354)",0.005181224333333334,4.322
"[4.354, 4.355)",0.005793971000000001,4.323
"[4.355, 4.356)",0.00406504,4.324
"[4.356, 4.357)",0.015683237166666666,4.325
"[4.357, 4.358)",0.0211105325,4.326
"[4.358, 4.359)",0.001431227,4.327
"[4.359, 4.36)",0.00845338,4.328
"[4.36, 4.361)",0.0183434906,4.329
"[4.361, 4.362)",0.0143421825,4.33
"[4.362, 4.363)",0.040887059999999996,4.331
"[4.363, 4.364)",0.0033667578000000004,4.332
"[4.364, 4.365)",0.011549613249999998,4.333
"[4.365, 4.366)",0.37469593333333334,4.334
"[4.366, 4.367)",0.10123448757142854,4.335
"[4.367, 4.368)",0.029817049999999998,4.336
"[4.368, 4.369)",0.0030868186,4.337
"[4.369, 4.37)",0.20166961,4.338
"[4.37, 4.371)",0.05959540000000001,4.339
"[4.371, 4.372)",0.0032604515,4.34
"[4.372, 4.373)",0.0022382342,4.341
"[4.373, 4.374)",0.008495951,4.342
"[4.374, 4.375)",0.00969303,4.343
"[4.375, 4.376)",0.0017056476666666668,4.344
"[4.376, 4.377)",0.009189791999999999,4.345
"[4.377, 4.378)",0.015112677142857142,4.346
"[4.378, 4.3790000000000004)",0.015017658250000001,4.347
"[4.3790000000000004, 4.38)",0.0117118506,4.348
"[4.38, 4.381)",0.014973638999999999,4.349
"[4.381, 4.382)",0.006286039,4.35
"[4.382, 4.383)",0.015095731625,4.351
"[4.383, 4.384)",0.0036731932499999994,4.352
"[4.384, 4.385)",0.0035825500000000003,4.353
"[4.385, 4.386)",0.0149999165,4.354
"[4.386, 4.3870000000000005)",0.0071017165,4.355
"[4.3870000000000005, 4.388)",0.026823716499999997,4.356
"[4.388, 4.389)",0.00461816075,4.357
"[4.389, 4.39)",0.01049203825,4.358
"[4.39, 4.391)",0.01176982,4.359
"[4.391, 4.392)",0.03471593,4.36
"[4.392, 4.393)",0.00128205,4.361
"[4.393, 4.394)",0.0072356015,4.362
"[4.394, 4.3950000000000005)",0.0020011195,4.363
"[4.3950000000000005, 4.396)",0.03706902825,4.364
"[4.397, 4.398)",0.00975244,4.365
"[4.398, 4.399)",0.0790698,4.366
"[4.399, 4.4)",0.008304156,4.367
"[4.4, 4.401)",0.000540833,4.368
"[4.401, 4.402)",0.00406324,4.369
"[4.402, 4.4030000000000005)",0.0032671115,4.37
"[4.4030000000000005, 4.404)",0.00185514,4.371
"[4.404, 4.405)",0.0639254165,4.372
"[4.405, 4.406)",0.002434056,4.373
"[4.406, 4.407)",0.0121103875,4.374
"[4.407, 4.408)",0.0034347875,4.375
"[4.408, 4.409)",0.02125491333333333,4.376
"[4.409, 4.41)",0.050359416500000004,4.377
"[4.41, 4.4110000000000005)",0.02482825075,4.378
"[4.4110000000000005, 4.412)",0.04185552199999999,4.379
"[4.412, 4.413)",0.0218269665,4.38
"[4.413, 4.414)",0.004624653166666667,4.381
"[4.414, 4.415)",0.08601388283333333,4.382
"[4.415, 4.416)",0.0063826546,4.383
"[4.416, 4.417)",0.000165195,4.384
"[4.418, 4.4190000000000005)",0.030892380750000004,4.385
"[4.4190000000000005, 4.42)",0.0008241265000000001,4.386
"[4.42, 4.421)",0.0017535153333333331,4.387
"[4.421, 4.422)",0.0157841,4.388
"[4.422, 4.423)",0.011523399,4.389
"[4.423, 4.424)",0.00720968,4.39
"[4.424, 4.425)",0.00110742,4.391
"[4.425, 4.426)",0.0242616,4.392
"[4.426, 4.4270000000000005)",0.00157634,4.393
"[4.4270000000000005, 4.428)",0.012797,4.394
"[4.428, 4.429)",0.036457011799999994,4.395
"[4.429, 4.43)",0.0217692575,4.396
"[4.43, 4.431)",0.01728735,4.397
"[4.431, 4.432)",0.0044642665,4.398
"[4.432, 4.433)",0.147287,4.399
"[4.433, 4.434)",0.012797,4.4
"[4.434, 4.4350000000000005)",0.000540833,4.401
"[4.4350000000000005, 4.436)",0.00918974325,4.402
"[4.436, 4.437)",0.001473575,4.403
"[4.437, 4.438)",0.00110742,4.404
"[4.438, 4.439)",0.000540833,4.405
"[4.439, 4.44)",0.10889930825000001,4.406
"[4.44, 4.441)",0.04809483333333334,4.407
"[4.441, 4.442)",0.004415194333333333,4.408
"[4.442, 4.4430000000000005)",0.04540586,4.409
"[4.4430000000000005, 4.444)",0.00223551,4.41
"[4.444, 4.445)",0.00116144,4.411
"[4.445, 4.446)",0.00170164,4.412
"[4.446, 4.447)",0.009590536666666665,4.413
"[4.447, 4.448)",0.0197223,4.414
"[4.448, 4.449)",0.0221221675,4.415
"[4.449, 4.45)",0.00877095,4.416
"[4.45, 4.4510000000000005)",0.0011212365,4.417
"[4.4510000000000005, 4.452)",0.00444148,4.418
"[4.452, 4.453)",0.11219697766666666,4.419
"[4.453, 4.454)",0.0197223,4.42
"[4.454, 4.455)",0.022334999999999997,4.421
"[4.455, 4.456)",0.0036363366666666667,4.422
"[4.456, 4.457)",0.029239056666666666,4.423
"[4.457, 4.458)",0.007896374333333333,4.424
"[4.458, 4.4590000000000005)",0.015599476666666667,4.425
"[4.4590000000000005, 4.46)",0.000594884,4.426
"[4.46, 4.461)",0.0615599,4.427
"[4.461, 4.462)",0.00110742,4.428
"[4.462, 4.463)",0.0005538629999999999,4.429
"[4.463, 4.464)",0.02123741,4.43
"[4.464, 4.465)",0.00488866795,4.431
"[4.465, 4.466)",0.00170164,4.432
"[4.466, 4.4670000000000005)",0.022336,4.433
"[4.468, 4.469)",0.021418141999999998,4.434
"[4.469, 4.47)",0.000540833,4.435
"[4.47, 4.471)",0.0783186,4.436
"[4.471, 4.472)",0.0088223465,4.437
"[4.472, 4.473)",0.0036660646666666664,4.438
"[4.473, 4.474)",0.0020544,4.439
"[4.474, 4.4750000000000005)",0.023634727999999997,4.44
"[4.4750000000000005, 4.476)",0.0302053275,4.441
"[4.476, 4.477)",0.0782541,4.442
"[4.478, 4.479)",0.0037972400000000003,4.443
"[4.479, 4.48)",0.021058841666666665,4.444
"[4.48, 4.481)",0.0015691165000000001,4.445
"[4.481, 4.482)",0.179180826,4.446
"[4.482, 4.483)",0.0008511364999999999,4.447
"[4.483, 4.484)",0.0102403,4.448
"[4.484, 4.485)",0.0115533,4.449
"[4.485, 4.486)",0.00251573,4.45
"[4.486, 4.487)",0.00245098,4.451
"[4.487, 4.488)",0.011350307433333333,4.452
"[4.49, 4.491)",0.019196341000000002,4.453
"[4.492, 4.493)",0.00110742,4.454
"[4.493, 4.494)",0.02002478,4.455
"[4.494, 4.495)",0.022920085,4.456
"[4.495, 4.496)",0.0272266,4.457
"[4.496, 4.497)",0.0009364553333333333,4.458
"[4.497, 4.498)",0.0677529,4.459
"[4.498, 4.499)",0.20055371000000002,4.46
"[4.499, 4.5)",0.000540833,4.461
"[4.5, 4.501)",0.0327134,4.462
"[4.501, 4.502)",0.03180062,4.463
"[4.502, 4.503)",0.025981695000000003,4.464
"[4.503, 4.5040000000000004)",0.000540833,4.465
"[4.5040000000000004, 4.505)",0.053467,4.466
"[4.506, 4.507)",0.00110742,4.467
"[4.507, 4.508)",0.27033458325000004,4.468
"[4.508, 4.509)",0.015094944333333332,4.469
"[4.511, 4.5120000000000005)",0.000540833,4.47
"[4.513, 4.514)",0.0243902,4.471
"[4.514, 4.515)",0.02762079,4.472
"[4.515, 4.516)",0.0020723,4.473
"[4.516, 4.517)",0.0030555649999999997,4.474
"[4.517, 4.518)",0.002822775,4.475
"[4.518, 4.519)",0.011363564333333333,4.476
"[4.519, 4.5200000000000005)",0.0152371665,4.477
"[4.521, 4.522)",0.012774,4.478
"[4.523, 4.524)",0.000540833,4.479
"[4.524, 4.525)",0.028569485,4.48
"[4.525, 4.526)",0.0404539,4.481
"[4.526, 4.527)",0.16523562433333333,4.482
"[4.527, 4.5280000000000005)",0.314815,4.483
"[4.5280000000000005, 4.529)",0.000594884,4.484
"[4.529, 4.53)",0.020846905,4.485
"[4.53, 4.531)",0.0011212365,4.486
"[4.532, 4.533)",0.00707104,4.487
"[4.534, 4.535)",0.00670438,4.488
"[4.535, 4.5360000000000005)",0.28647547500000003,4.489
"[4.5360000000000005, 4.537)",0.12555371,4.49
"[4.537, 4.538)",0.0330035759,4.491
"[4.538, 4.539)",0.016044297666666665,4.492
"[4.54, 4.541)",0.019085793333333333,4.493
"[4.541, 4.542)",0.008601010000000001,4.494
"[4.542, 4.543)",0.00780909,4.495
"[4.543, 4.5440000000000005)",0.00748578,4.496
"[4.5440000000000005, 4.545)",0.000177525,4.497
"[4.545, 4.546)",0.068352805,4.498
"[4.546, 4.547)",0.0008241265000000001,4.499
"[4.547, 4.548)",0.0105495465,4.5
"[4.548, 4.549)",0.0035891035,4.501
"[4.549, 4.55)",0.028374591999999997,4.502
"[4.55, 4.551)",0.0213044465,4.503
"[4.551, 4.5520000000000005)",0.000540833,4.504
"[4.5520000000000005, 4.553)",0.00831568,4.505
"[4.553, 4.554)",0.00493491275,4.506
"[4.554, 4.555)",0.249513,4.507
"[4.555, 4.556)",0.004076751,4.508
"[4.556, 4.557)",0.048091466666666666,4.509
"[4.557, 4.558)",0.0308548,4.51
"[4.558, 4.559)",0.0348611,4.511
"[4.5600000000000005, 4.561)",0.00421053,4.512
"[4.561, 4.562)",0.000540833,4.513
"[4.562, 4.563)",0.0666682706,4.514
"[4.563, 4.564)",0.0314875,4.515
"[4.564, 4.565)",0.000540833,4.516
"[4.565, 4.566)",0.00158091,4.517
"[4.567, 4.5680000000000005)",0.00652016,4.518
"[4.5680000000000005, 4.569)",0.004947669666666666,4.519
"[4.571, 4.572)",0.0009365746666666667,4.52
"[4.572, 4.573)",0.000196309,4.521
"[4.573, 4.574)",0.00170164,4.522
"[4.574, 4.575)",0.0320447,4.523
"[4.575, 4.5760000000000005)",0.00623936,4.524
"[4.5760000000000005, 4.577)",0.0519751,4.525
"[4.577, 4.578)",0.00110742,4.526
"[4.578, 4.579)",0.0135679,4.527
"[4.58, 4.581)",0.007430406666666667,4.528
"[4.581, 4.582)",0.0010984045,4.529
"[4.582, 4.583)",0.00110742,4.53
"[4.583, 4.5840000000000005)",0.0008241265000000001,4.531
"[4.585, 4.586)",0.000566893,4.532
"[4.587, 4.588)",0.00670438,4.533
"[4.588, 4.589)",0.00290495,4.534
"[4.59, 4.591)",0.0458529,4.535
"[4.591, 4.5920000000000005)",0.0051282815,4.536
"[4.593, 4.594)",0.0039059000000000003,4.537
"[4.594, 4.595)",0.000540833,4.538
"[4.595, 4.596)",0.003528305,4.539
"[4.597, 4.598)",0.000566893,4.54
"[4.598, 4.599)",0.00883368,4.541
"[4.599, 4.6000000000000005)",0.000540833,4.542
"[4.601, 4.602)",0.015328,4.543
"[4.602, 4.603)",0.0025234915,4.544
"[4.603, 4.604)",0.011266373333333335,4.545
"[4.604, 4.605)",0.0047619,4.546
"[4.605, 4.606)",0.007965135,4.547
"[4.607, 4.6080000000000005)",0.0021194315,4.548
"[4.6080000000000005, 4.609)",0.000540833,4.549
"[4.609, 4.61)",0.00883368,4.55
"[4.612, 4.613)",0.31746,4.551
"[4.613, 4.614)",0.0008641664999999999,4.552
"[4.614, 4.615)",0.002647211,4.553
"[4.616, 4.617)",0.000566893,4.554
"[4.617, 4.618)",0.54810495,4.555
"[4.619, 4.62)",0.00073046,4.556
"[4.62, 4.621)",0.00836164,4.557
"[4.621, 4.622)",0.0188582,4.558
"[4.623, 4.624)",0.011407255,4.559
"[4.624, 4.625)",0.0020918953333333335,4.56
"[4.626, 4.627)",0.0023283566666666665,4.561
"[4.628, 4.6290000000000004)",0.000566893,4.562
"[4.63, 4.631)",0.000540833,4.563
"[4.632, 4.633)",0.000938085,4.564
"[4.633, 4.634)",0.0101112,4.565
"[4.634, 4.635)",0.01136522,4.566
"[4.636, 4.6370000000000005)",0.00975244,4.567
"[4.639, 4.64)",0.0030796015,4.568
"[4.643, 4.644)",0.0101112,4.569
"[4.646, 4.647)",0.038475635,4.57
"[4.648, 4.649)",0.00073046,4.571
"[4.651, 4.652)",0.03862817,4.572
"[4.6530000000000005, 4.654)",0.00229587,4.573
"[4.657, 4.658)",0.000620155,4.574
"[4.659, 4.66)",0.000504347,4.575
"[4.662, 4.663)",0.00110742,4.576
"[4.663, 4.664)",0.00226757,4.577
"[4.664, 4.665)",0.00918888,4.578
"[4.665, 4.666)",0.000540833,4.579
"[4.666, 4.667)",0.00218124,4.58
"[4.668, 4.6690000000000005)",0.22151,4.581
"[4.6690000000000005, 4.67)",0.000540833,4.582
"[4.672, 4.673)",0.0453288,4.583
"[4.673, 4.674)",0.00226757,4.584
"[4.674, 4.675)",0.000540833,4.585
"[4.675, 4.676)",0.003861,4.586
"[4.6770000000000005, 4.678)",0.0015015,4.587
"[4.678, 4.679)",0.00110742,4.588
"[4.681, 4.682)",0.0152385,4.589
"[4.682, 4.683)",0.00836164,4.59
"[4.683, 4.684)",0.00617971,4.591
"[4.684, 4.6850000000000005)",1.0,4.592
"[4.6850000000000005, 4.686)",0.000540833,4.593
"[4.686, 4.687)",0.00125675,4.594
"[4.687, 4.688)",0.00110742,4.595
"[4.691, 4.692)",0.0013046949999999998,4.596
"[4.6930000000000005, 4.694)",0.00670438,4.597
"[4.694, 4.695)",0.0188582,4.598
"[4.695, 4.696)",0.00170164,4.599
"[4.696, 4.697)",0.00188697,4.6
"[4.699, 4.7)",0.00670438,4.601
"[4.702, 4.703)",0.22151,4.602
"[4.703, 4.704)",0.0237353,4.603
"[4.704, 4.705)",0.002073605,4.604
"[4.705, 4.706)",0.000540833,4.605
"[4.706, 4.707)",0.0015015,4.606
"[4.707, 4.708)",0.00113443,4.607
"[4.7090000000000005, 4.71)",0.00237954,4.608
"[4.712, 4.713)",0.00306587,4.609
"[4.714, 4.715)",0.00678685,4.61
"[4.715, 4.716)",0.0912453,4.611
"[4.7170000000000005, 4.718)",0.0123805,4.612
"[4.718, 4.719)",0.00110742,4.613
"[4.728, 4.729)",0.0140698,4.614
"[4.729, 4.73)",0.0054907995,4.615
"[4.73, 4.731)",0.166667,4.616
"[4.748, 4.749)",0.033768900000000004,4.617
"[4.751, 4.752)",0.112281,4.618
"[4.7540000000000004, 4.755)",0.000635324,4.619
"[4.755, 4.756)",0.00348432,4.62
"[4.757, 4.758)",0.0326983,4.621
"[4.758, 4.759)",0.00157634,4.622
"[4.761, 4.7620000000000005)",0.135344,4.623
"[4.764, 4.765)",0.00144795,4.624
"[4.766, 4.767)",0.00630011,4.625
"[4.769, 4.7700000000000005)",0.119689,4.626
"[4.7700000000000005, 4.771)",0.01794586,4.627
"[4.772, 4.773)",0.000540833,4.628
"[4.773, 4.774)",0.0155627,4.629
"[4.776, 4.777)",0.00263726,4.63
"[4.777, 4.7780000000000005)",0.0140541,4.631
"[4.785, 4.7860000000000005)",0.00522069,4.632
"[4.787, 4.788)",0.00455574,4.633
"[4.796, 4.797)",0.0561543,4.634
"[4.797, 4.798)",0.000540833,4.635
"[4.799, 4.8)",0.0230492,4.636
"[4.8, 4.801)",0.0036524465,4.637
"[4.806, 4.807)",0.0105471,4.638
"[4.813, 4.814)",0.0186682,4.639
"[4.816, 4.817)",0.00673441,4.64
"[4.821, 4.822)",0.000540833,4.641
"[4.83, 4.831)",0.0008241265000000001,4.642
"[4.837, 4.838)",0.0350877,4.643
"[4.846, 4.847)",0.000540833,4.644
"[4.8500000000000005, 4.851)",0.00771062,4.645
"[4.8580000000000005, 4.859)",0.00985565,4.646
"[4.863, 4.864)",0.00522069,4.647
"[4.875, 4.876)",0.0454024,4.648
"[4.8790000000000004, 4.88)",0.00522069,4.649
"[4.886, 4.8870000000000005)",0.000540833,4.65
"[4.893, 4.894)",0.0191719,4.651
"[4.899, 4.9)",0.000540833,4.652
"[4.902, 4.9030000000000005)",0.00918888,4.653
"[4.908, 4.909)",0.000540833,4.654
"[4.9110000000000005, 4.912)",0.0256075,4.655
"[4.915, 4.916)",0.000540833,4.656
"[4.9190000000000005, 4.92)",0.00918888,4.657
"[4.92, 4.921)",0.0256075,4.658
