bin,R2_mean,dist
,0.07806707091443439,0.0
"[0.0, 0.001)",0.0759106466120654,0.001
"[0.001, 0.002)",0.07018958016396196,0.002
"[0.002, 0.003)",0.0665755474682966,0.003
"[0.003, 0.004)",0.06538544930929373,0.004
"[0.004, 0.005)",0.06460560743552435,0.005
"[0.005, 0.006)",0.06439068530102991,0.006
"[0.006, 0.007)",0.0605933519080847,0.007
"[0.007, 0.008)",0.05608048541626707,0.008
"[0.008, 0.009000000000000001)",0.05749324897109984,0.009
"[0.009000000000000001, 0.01)",0.05568538161361857,0.01
"[0.01, 0.011)",0.05365692325138144,0.011
"[0.011, 0.012)",0.05095143085458788,0.012
"[0.012, 0.013000000000000001)",0.05639568486111322,0.013
"[0.013000000000000001, 0.014)",0.0519692247913893,0.014
"[0.014, 0.015)",0.047602467533458016,0.015
"[0.015, 0.016)",0.05198912956234296,0.016
"[0.016, 0.017)",0.04431611101238642,0.017
"[0.017, 0.018000000000000002)",0.048664035251733136,0.018
"[0.018000000000000002, 0.019)",0.04793031162304657,0.019
"[0.019, 0.02)",0.047771474947588974,0.02
"[0.02, 0.021)",0.04257580032366963,0.021
"[0.021, 0.022)",0.046682957019345994,0.022
"[0.022, 0.023)",0.045171155111290134,0.023
"[0.023, 0.024)",0.04413558417512121,0.024
"[0.024, 0.025)",0.04751666097294813,0.025
"[0.025, 0.026000000000000002)",0.04428077179139422,0.026
"[0.026000000000000002, 0.027)",0.04537017108200877,0.027
"[0.027, 0.028)",0.04836497065354992,0.028
"[0.028, 0.029)",0.04615458890223567,0.029
"[0.029, 0.03)",0.046030537593850764,0.03
"[0.03, 0.031)",0.04246183426130234,0.031
"[0.031, 0.032)",0.04363419162993646,0.032
"[0.032, 0.033)",0.044612956642472806,0.033
"[0.033, 0.034)",0.038935463779859784,0.034
"[0.034, 0.035)",0.045182980162426,0.035
"[0.035, 0.036000000000000004)",0.043581964334134075,0.036
"[0.036000000000000004, 0.037)",0.04008343539452536,0.037
"[0.037, 0.038)",0.043463875621711875,0.038
"[0.038, 0.039)",0.04087592682926542,0.039
"[0.039, 0.04)",0.04401226817884905,0.04
"[0.04, 0.041)",0.04466915307562902,0.041
"[0.041, 0.042)",0.042026189049252975,0.042
"[0.042, 0.043000000000000003)",0.04312731140114131,0.043
"[0.043000000000000003, 0.044)",0.05064507089031279,0.044
"[0.044, 0.045)",0.036756210474985576,0.045
"[0.045, 0.046)",0.042927907094312004,0.046
"[0.046, 0.047)",0.041326331989077585,0.047
"[0.047, 0.048)",0.04250592898102047,0.048
"[0.048, 0.049)",0.04301126303402375,0.049
"[0.049, 0.05)",0.04162735454711244,0.05
"[0.05, 0.051000000000000004)",0.03805953601595228,0.051
"[0.051000000000000004, 0.052000000000000005)",0.03724265908087094,0.052
"[0.052000000000000005, 0.053)",0.03382373796270504,0.053
"[0.053, 0.054)",0.04059944639962023,0.054
"[0.054, 0.055)",0.035215838884946817,0.055
"[0.055, 0.056)",0.042240164939126065,0.056
"[0.056, 0.057)",0.03760581714607807,0.057
"[0.057, 0.058)",0.04210304961854205,0.058
"[0.058, 0.059000000000000004)",0.03671742927554327,0.059
"[0.059000000000000004, 0.06)",0.03902293242906129,0.06
"[0.06, 0.061)",0.036411792455471506,0.061
"[0.061, 0.062)",0.04197338692385846,0.062
"[0.062, 0.063)",0.03580851886893488,0.063
"[0.063, 0.064)",0.0394638212696864,0.064
"[0.064, 0.065)",0.04063859317008425,0.065
"[0.065, 0.066)",0.036731870199291965,0.066
"[0.066, 0.067)",0.041367023836290304,0.067
"[0.067, 0.068)",0.03911012825794517,0.068
"[0.068, 0.069)",0.03709135734230496,0.069
"[0.069, 0.07)",0.0369420284352106,0.07
"[0.07, 0.07100000000000001)",0.038076683661574316,0.071
"[0.07100000000000001, 0.07200000000000001)",0.03982469283230652,0.072
"[0.07200000000000001, 0.073)",0.0371228348493417,0.073
"[0.073, 0.074)",0.03627194551091496,0.074
"[0.074, 0.075)",0.04084063818298203,0.075
"[0.075, 0.076)",0.03770321615850029,0.076
"[0.076, 0.077)",0.04108820845492952,0.077
"[0.077, 0.078)",0.04011956638546912,0.078
"[0.078, 0.079)",0.034660736931392405,0.079
"[0.079, 0.08)",0.040166197891138684,0.08
"[0.08, 0.081)",0.04441524516449394,0.081
"[0.081, 0.082)",0.03902921468307738,0.082
"[0.082, 0.083)",0.03913525919805546,0.083
"[0.083, 0.084)",0.04050209332554471,0.084
"[0.084, 0.085)",0.03713528663738383,0.085
"[0.085, 0.08600000000000001)",0.041792433045421455,0.086
"[0.08600000000000001, 0.08700000000000001)",0.03735130964378727,0.087
"[0.08700000000000001, 0.088)",0.04045348678761795,0.088
"[0.088, 0.089)",0.03546932853620953,0.089
"[0.089, 0.09)",0.03740498523819392,0.09
"[0.09, 0.091)",0.04011986186742639,0.091
"[0.091, 0.092)",0.035374887978921514,0.092
"[0.092, 0.093)",0.040223098747048144,0.093
"[0.093, 0.094)",0.04299990626797625,0.094
"[0.094, 0.095)",0.04069592755377958,0.095
"[0.095, 0.096)",0.035938735086061435,0.096
"[0.096, 0.097)",0.04180417593813977,0.097
"[0.097, 0.098)",0.036840936945498094,0.098
"[0.098, 0.099)",0.04023615092981121,0.099
"[0.099, 0.1)",0.04110479915093715,0.1
"[0.1, 0.101)",0.03656879277397105,0.101
"[0.101, 0.10200000000000001)",0.035801436707831064,0.102
"[0.10200000000000001, 0.10300000000000001)",0.03457244707402403,0.103
"[0.10300000000000001, 0.10400000000000001)",0.03691954436145968,0.104
"[0.10400000000000001, 0.105)",0.03522472975331363,0.105
"[0.105, 0.106)",0.04095348296539601,0.106
"[0.106, 0.107)",0.03354372983069216,0.107
"[0.107, 0.108)",0.04070124747896291,0.108
"[0.108, 0.109)",0.03964950680220203,0.109
"[0.109, 0.11)",0.04049519417915471,0.11
"[0.11, 0.111)",0.03765524262556218,0.111
"[0.111, 0.112)",0.035581552888315146,0.112
"[0.112, 0.113)",0.039594873568449755,0.113
"[0.113, 0.114)",0.03706346798667451,0.114
"[0.114, 0.115)",0.037622140315354824,0.115
"[0.115, 0.116)",0.034039480930324564,0.116
"[0.116, 0.117)",0.034050360908368854,0.117
"[0.117, 0.11800000000000001)",0.03582210163391541,0.118
"[0.11800000000000001, 0.11900000000000001)",0.03394837128098204,0.119
"[0.11900000000000001, 0.12)",0.038573393763659945,0.12
"[0.12, 0.121)",0.03959646301749224,0.121
"[0.121, 0.122)",0.03786891567030526,0.122
"[0.122, 0.123)",0.037397103049531234,0.123
"[0.123, 0.124)",0.03324163632008858,0.124
"[0.124, 0.125)",0.03490206695666659,0.125
"[0.125, 0.126)",0.036130298893039196,0.126
"[0.126, 0.127)",0.03337303089088668,0.127
"[0.127, 0.128)",0.034869838371552955,0.128
"[0.128, 0.129)",0.03427389861528495,0.129
"[0.129, 0.13)",0.0352566910291428,0.13
"[0.13, 0.131)",0.03961055453274701,0.131
"[0.131, 0.132)",0.03640864075705419,0.132
"[0.132, 0.133)",0.036327950473797554,0.133
"[0.133, 0.134)",0.03497601502333323,0.134
"[0.134, 0.135)",0.04172837611723866,0.135
"[0.135, 0.136)",0.03635176850629653,0.136
"[0.136, 0.137)",0.03828313817504741,0.137
"[0.137, 0.138)",0.041149761199272716,0.138
"[0.138, 0.139)",0.035792032968744704,0.139
"[0.139, 0.14)",0.03632436488787368,0.14
"[0.14, 0.14100000000000001)",0.03501761833998307,0.141
"[0.14100000000000001, 0.14200000000000002)",0.03673901628453468,0.142
"[0.14200000000000002, 0.14300000000000002)",0.04021417312907549,0.143
"[0.14300000000000002, 0.14400000000000002)",0.032812799103167985,0.144
"[0.14400000000000002, 0.145)",0.03765636767657274,0.145
"[0.145, 0.146)",0.033643915968720434,0.146
"[0.146, 0.147)",0.03547432691128492,0.147
"[0.147, 0.148)",0.03406341588398721,0.148
"[0.148, 0.149)",0.03927143176931376,0.149
"[0.149, 0.15)",0.03740146030311852,0.15
"[0.15, 0.151)",0.03564377809454389,0.151
"[0.151, 0.152)",0.03531750836561761,0.152
"[0.152, 0.153)",0.03694296016892844,0.153
"[0.153, 0.154)",0.03686662688625817,0.154
"[0.154, 0.155)",0.03654171917190471,0.155
"[0.155, 0.156)",0.028982504127582513,0.156
"[0.156, 0.157)",0.03321565618292873,0.157
"[0.157, 0.158)",0.03167469600266881,0.158
"[0.158, 0.159)",0.034144006324516585,0.159
"[0.159, 0.16)",0.03343834485885436,0.16
"[0.16, 0.161)",0.033966932478246455,0.161
"[0.161, 0.162)",0.030742469524084545,0.162
"[0.162, 0.163)",0.03157971162852564,0.163
"[0.163, 0.164)",0.032793133218684135,0.164
"[0.164, 0.165)",0.03751439659067682,0.165
"[0.165, 0.166)",0.03251616584628121,0.166
"[0.166, 0.167)",0.037058028589781015,0.167
"[0.167, 0.168)",0.030397970606802785,0.168
"[0.168, 0.169)",0.034350340576421994,0.169
"[0.169, 0.17)",0.03612651000881491,0.17
"[0.17, 0.171)",0.03535768606710517,0.171
"[0.171, 0.17200000000000001)",0.03416112077369301,0.172
"[0.17200000000000001, 0.17300000000000001)",0.038693643964417164,0.173
"[0.17300000000000001, 0.17400000000000002)",0.03152956064119061,0.174
"[0.17400000000000002, 0.17500000000000002)",0.03255866051885813,0.175
"[0.17500000000000002, 0.176)",0.031000226884609367,0.176
"[0.176, 0.177)",0.04124128300763353,0.177
"[0.177, 0.178)",0.03227813689614949,0.178
"[0.178, 0.179)",0.038240092029178115,0.179
"[0.179, 0.18)",0.04324203974950814,0.18
"[0.18, 0.181)",0.03752288478738587,0.181
"[0.181, 0.182)",0.03716025905161275,0.182
"[0.182, 0.183)",0.03567516477752612,0.183
"[0.183, 0.184)",0.03300016533687179,0.184
"[0.184, 0.185)",0.03119102558260514,0.185
"[0.185, 0.186)",0.03673000282456188,0.186
"[0.186, 0.187)",0.034653580504822694,0.187
"[0.187, 0.188)",0.03731941272615754,0.188
"[0.188, 0.189)",0.03567376587004889,0.189
"[0.189, 0.19)",0.03472634795369651,0.19
"[0.19, 0.191)",0.02936671929052127,0.191
"[0.191, 0.192)",0.03345918185017021,0.192
"[0.192, 0.193)",0.03372906627141723,0.193
"[0.193, 0.194)",0.035029120177218376,0.194
"[0.194, 0.195)",0.03388585240370054,0.195
"[0.195, 0.196)",0.03282859039958672,0.196
"[0.196, 0.197)",0.03206933366468854,0.197
"[0.197, 0.198)",0.030765679717810555,0.198
"[0.198, 0.199)",0.040665565104720226,0.199
"[0.199, 0.2)",0.035105069015062655,0.2
"[0.2, 0.201)",0.03565479993529879,0.201
"[0.201, 0.202)",0.03435553554283774,0.202
"[0.202, 0.203)",0.03404337224944392,0.203
"[0.203, 0.20400000000000001)",0.035302539311798296,0.204
"[0.20400000000000001, 0.20500000000000002)",0.036738694906022905,0.205
"[0.20500000000000002, 0.20600000000000002)",0.032852326799894575,0.206
"[0.20600000000000002, 0.20700000000000002)",0.03287987614803755,0.207
"[0.20700000000000002, 0.20800000000000002)",0.038656184243409324,0.208
"[0.20800000000000002, 0.209)",0.034779191947772126,0.209
"[0.209, 0.21)",0.03665670609392936,0.21
"[0.21, 0.211)",0.03747561198383911,0.211
"[0.211, 0.212)",0.036718491266107704,0.212
"[0.212, 0.213)",0.03253534017774776,0.213
"[0.213, 0.214)",0.033183228929059096,0.214
"[0.214, 0.215)",0.030863671319324566,0.215
"[0.215, 0.216)",0.03388382781291692,0.216
"[0.216, 0.217)",0.037846197932313794,0.217
"[0.217, 0.218)",0.03627079976497986,0.218
"[0.218, 0.219)",0.037052688836484174,0.219
"[0.219, 0.22)",0.04117238218473847,0.22
"[0.22, 0.221)",0.03365669363222396,0.221
"[0.221, 0.222)",0.033688660211232124,0.222
"[0.222, 0.223)",0.03518898152301222,0.223
"[0.223, 0.224)",0.036141119221903134,0.224
"[0.224, 0.225)",0.03205071710057966,0.225
"[0.225, 0.226)",0.030274600077882543,0.226
"[0.226, 0.227)",0.03109426771456352,0.227
"[0.227, 0.228)",0.03222850532380175,0.228
"[0.228, 0.229)",0.03650363197413501,0.229
"[0.229, 0.23)",0.030480672450262154,0.23
"[0.23, 0.231)",0.03149282566254938,0.231
"[0.231, 0.232)",0.033651622651283984,0.232
"[0.232, 0.233)",0.03151997383026755,0.233
"[0.233, 0.234)",0.03400406037163843,0.234
"[0.234, 0.23500000000000001)",0.03368451886808773,0.235
"[0.23500000000000001, 0.23600000000000002)",0.038112129340812304,0.236
"[0.23600000000000002, 0.23700000000000002)",0.03200821448672656,0.237
"[0.23700000000000002, 0.23800000000000002)",0.03934570891411655,0.238
"[0.23800000000000002, 0.23900000000000002)",0.029405799406814107,0.239
"[0.23900000000000002, 0.24)",0.030694211809611942,0.24
"[0.24, 0.241)",0.0352286606901981,0.241
"[0.241, 0.242)",0.03456718237556121,0.242
"[0.242, 0.243)",0.031202966918445027,0.243
"[0.243, 0.244)",0.027370198686954568,0.244
"[0.244, 0.245)",0.0324207981526689,0.245
"[0.245, 0.246)",0.032464840173448514,0.246
"[0.246, 0.247)",0.03359330460816139,0.247
"[0.247, 0.248)",0.0340184906224146,0.248
"[0.248, 0.249)",0.03641573043289942,0.249
"[0.249, 0.25)",0.03282411450948578,0.25
"[0.25, 0.251)",0.032132950308340576,0.251
"[0.251, 0.252)",0.03552212449684958,0.252
"[0.252, 0.253)",0.03035765418461539,0.253
"[0.253, 0.254)",0.02870787325269369,0.254
"[0.254, 0.255)",0.03002729471228725,0.255
"[0.255, 0.256)",0.0357532356030386,0.256
"[0.256, 0.257)",0.03178062312858693,0.257
"[0.257, 0.258)",0.03179633054656336,0.258
"[0.258, 0.259)",0.03002332811629265,0.259
"[0.259, 0.26)",0.03312779011137579,0.26
"[0.26, 0.261)",0.033881522470206704,0.261
"[0.261, 0.262)",0.027599879530743613,0.262
"[0.262, 0.263)",0.032038020319350324,0.263
"[0.263, 0.264)",0.03859767104397105,0.264
"[0.264, 0.265)",0.031488612113028204,0.265
"[0.265, 0.266)",0.031682735777715854,0.266
"[0.266, 0.267)",0.03256327213387917,0.267
"[0.267, 0.268)",0.031352670809790525,0.268
"[0.268, 0.269)",0.032757308932313746,0.269
"[0.269, 0.27)",0.03422253429673298,0.27
"[0.27, 0.271)",0.03923123743234446,0.271
"[0.271, 0.272)",0.03727955046958822,0.272
"[0.272, 0.273)",0.034634584363469785,0.273
"[0.273, 0.274)",0.027144057525153288,0.274
"[0.274, 0.275)",0.028552699178431774,0.275
"[0.275, 0.276)",0.03562071124075579,0.276
"[0.276, 0.277)",0.026192027298149272,0.277
"[0.277, 0.278)",0.03141390144648561,0.278
"[0.278, 0.279)",0.032359839805882265,0.279
"[0.279, 0.28)",0.03459789296027047,0.28
"[0.28, 0.281)",0.033792923208219146,0.281
"[0.281, 0.28200000000000003)",0.02904468730602725,0.282
"[0.28200000000000003, 0.28300000000000003)",0.032466585430283905,0.283
"[0.28300000000000003, 0.28400000000000003)",0.02847000760626263,0.284
"[0.28400000000000003, 0.28500000000000003)",0.03250403493916339,0.285
"[0.28500000000000003, 0.28600000000000003)",0.03039933785221115,0.286
"[0.28600000000000003, 0.28700000000000003)",0.035990436835166686,0.287
"[0.28700000000000003, 0.28800000000000003)",0.03220850082930225,0.288
"[0.28800000000000003, 0.289)",0.034056037976656996,0.289
"[0.289, 0.29)",0.031240706362218915,0.29
"[0.29, 0.291)",0.02976476110505104,0.291
"[0.291, 0.292)",0.029941224396963922,0.292
"[0.292, 0.293)",0.03769661437476138,0.293
"[0.293, 0.294)",0.03407933384448467,0.294
"[0.294, 0.295)",0.027528482455266016,0.295
"[0.295, 0.296)",0.03166988077874508,0.296
"[0.296, 0.297)",0.03913158751349597,0.297
"[0.297, 0.298)",0.029875823728299025,0.298
"[0.298, 0.299)",0.03328555995858584,0.299
"[0.299, 0.3)",0.029368007886266638,0.3
"[0.3, 0.301)",0.03088564781205452,0.301
"[0.301, 0.302)",0.033348435731340505,0.302
"[0.302, 0.303)",0.030282459683007152,0.303
"[0.303, 0.304)",0.029952361561483013,0.304
"[0.304, 0.305)",0.03139029885708494,0.305
"[0.305, 0.306)",0.027558287103425207,0.306
"[0.306, 0.307)",0.03051553482366336,0.307
"[0.307, 0.308)",0.03347938310000003,0.308
"[0.308, 0.309)",0.0322939472519157,0.309
"[0.309, 0.31)",0.028345895014256803,0.31
"[0.31, 0.311)",0.03916611894031439,0.311
"[0.311, 0.312)",0.031660698403248,0.312
"[0.312, 0.313)",0.03386620666914345,0.313
"[0.313, 0.314)",0.02888258912274126,0.314
"[0.314, 0.315)",0.029282399546391745,0.315
"[0.315, 0.316)",0.035605211112646445,0.316
"[0.316, 0.317)",0.027576145188963067,0.317
"[0.317, 0.318)",0.03171032749854412,0.318
"[0.318, 0.319)",0.02962189510375718,0.319
"[0.319, 0.32)",0.030300230015048474,0.32
"[0.32, 0.321)",0.03250526204722215,0.321
"[0.321, 0.322)",0.026735940027726314,0.322
"[0.322, 0.323)",0.031082011802608694,0.323
"[0.323, 0.324)",0.031115631135628652,0.324
"[0.324, 0.325)",0.031197300152143566,0.325
"[0.325, 0.326)",0.031031506806687124,0.326
"[0.326, 0.327)",0.02908944767060492,0.327
"[0.327, 0.328)",0.0289322356547843,0.328
"[0.328, 0.329)",0.032463954338484556,0.329
"[0.329, 0.33)",0.029888724968282387,0.33
"[0.33, 0.331)",0.03250377373593585,0.331
"[0.331, 0.332)",0.03321863880338808,0.332
"[0.332, 0.333)",0.028070480285736717,0.333
"[0.333, 0.334)",0.02971272563422369,0.334
"[0.334, 0.335)",0.030121695399265146,0.335
"[0.335, 0.336)",0.03346222058048775,0.336
"[0.336, 0.337)",0.03008280715460018,0.337
"[0.337, 0.338)",0.035333686979051995,0.338
"[0.338, 0.339)",0.03226534582335595,0.339
"[0.339, 0.34)",0.033130574182615516,0.34
"[0.34, 0.341)",0.03318151762345409,0.341
"[0.341, 0.342)",0.0315625998508417,0.342
"[0.342, 0.343)",0.033222241083437826,0.343
"[0.343, 0.34400000000000003)",0.030124400787076577,0.344
"[0.34400000000000003, 0.34500000000000003)",0.032276497813489013,0.345
"[0.34500000000000003, 0.34600000000000003)",0.03253345876778922,0.346
"[0.34600000000000003, 0.34700000000000003)",0.03109533318849562,0.347
"[0.34700000000000003, 0.34800000000000003)",0.031007665365369974,0.348
"[0.34800000000000003, 0.34900000000000003)",0.03274756788940884,0.349
"[0.34900000000000003, 0.35000000000000003)",0.029245002169143716,0.35
"[0.35000000000000003, 0.35100000000000003)",0.03036486621644102,0.351
"[0.35100000000000003, 0.352)",0.031141846569248652,0.352
"[0.352, 0.353)",0.032129055353150304,0.353
"[0.353, 0.354)",0.03057446095217826,0.354
"[0.354, 0.355)",0.03442569738422071,0.355
"[0.355, 0.356)",0.033370182442211,0.356
"[0.356, 0.357)",0.031653854034673995,0.357
"[0.357, 0.358)",0.031743396517934085,0.358
"[0.358, 0.359)",0.0419758140040939,0.359
"[0.359, 0.36)",0.03293315530791963,0.36
"[0.36, 0.361)",0.029017912485200824,0.361
"[0.361, 0.362)",0.0320771686408103,0.362
"[0.362, 0.363)",0.030226460283235286,0.363
"[0.363, 0.364)",0.03123704501611784,0.364
"[0.364, 0.365)",0.030889798250633385,0.365
"[0.365, 0.366)",0.03035753831014922,0.366
"[0.366, 0.367)",0.03247721532989743,0.367
"[0.367, 0.368)",0.030063923807782198,0.368
"[0.368, 0.369)",0.030222828416501955,0.369
"[0.369, 0.37)",0.03801345846763563,0.37
"[0.37, 0.371)",0.03686990212013816,0.371
"[0.371, 0.372)",0.032928936408941734,0.372
"[0.372, 0.373)",0.03207609480363813,0.373
"[0.373, 0.374)",0.0326298374680514,0.374
"[0.374, 0.375)",0.030262731814656368,0.375
"[0.375, 0.376)",0.03454058376578686,0.376
"[0.376, 0.377)",0.029899506524264947,0.377
"[0.377, 0.378)",0.030724173163150546,0.378
"[0.378, 0.379)",0.03521796737675839,0.379
"[0.379, 0.38)",0.029711949216162718,0.38
"[0.38, 0.381)",0.03406626574253446,0.381
"[0.381, 0.382)",0.03342171677663726,0.382
"[0.382, 0.383)",0.033481272598358994,0.383
"[0.383, 0.384)",0.028697323587692336,0.384
"[0.384, 0.385)",0.03249353175387059,0.385
"[0.385, 0.386)",0.031350167923044396,0.386
"[0.386, 0.387)",0.029746187659557183,0.387
"[0.387, 0.388)",0.034200407319614004,0.388
"[0.388, 0.389)",0.03195179503012411,0.389
"[0.389, 0.39)",0.029086861998224186,0.39
"[0.39, 0.391)",0.029103918648186525,0.391
"[0.391, 0.392)",0.03226469785055553,0.392
"[0.392, 0.393)",0.02877103584855452,0.393
"[0.393, 0.394)",0.030618675888478688,0.394
"[0.394, 0.395)",0.03215452430110481,0.395
"[0.395, 0.396)",0.034478400349021665,0.396
"[0.396, 0.397)",0.02887800824125795,0.397
"[0.397, 0.398)",0.027892607040166658,0.398
"[0.398, 0.399)",0.02740168044273501,0.399
"[0.399, 0.4)",0.030520101345745985,0.4
"[0.4, 0.401)",0.03249690709833865,0.401
"[0.401, 0.402)",0.033142277256782766,0.402
"[0.402, 0.403)",0.03555365284835604,0.403
"[0.403, 0.404)",0.03460701788011923,0.404
"[0.404, 0.405)",0.03136091897906738,0.405
"[0.405, 0.406)",0.03143410044448936,0.406
"[0.406, 0.40700000000000003)",0.026309138102794397,0.407
"[0.40700000000000003, 0.40800000000000003)",0.03217897697848133,0.408
"[0.40800000000000003, 0.40900000000000003)",0.03038853738719032,0.409
"[0.40900000000000003, 0.41000000000000003)",0.031477769024412586,0.41
"[0.41000000000000003, 0.41100000000000003)",0.03190511843322318,0.411
"[0.41100000000000003, 0.41200000000000003)",0.03708753969554491,0.412
"[0.41200000000000003, 0.41300000000000003)",0.03196863614254417,0.413
"[0.41300000000000003, 0.41400000000000003)",0.028992964494452014,0.414
"[0.41400000000000003, 0.41500000000000004)",0.03410080768286705,0.415
"[0.41500000000000004, 0.41600000000000004)",0.029976479152886537,0.416
"[0.41600000000000004, 0.417)",0.029303039634871252,0.417
"[0.417, 0.418)",0.028640963059481876,0.418
"[0.418, 0.419)",0.03594492187039266,0.419
"[0.419, 0.42)",0.030249147543143142,0.42
"[0.42, 0.421)",0.03425336932572247,0.421
"[0.421, 0.422)",0.03283729595529354,0.422
"[0.422, 0.423)",0.03052399299436813,0.423
"[0.423, 0.424)",0.030290754185892072,0.424
"[0.424, 0.425)",0.02707911894489811,0.425
"[0.425, 0.426)",0.02841771975690723,0.426
"[0.426, 0.427)",0.029607831680156068,0.427
"[0.427, 0.428)",0.031459095283510555,0.428
"[0.428, 0.429)",0.028222482863655463,0.429
"[0.429, 0.43)",0.02880611387358467,0.43
"[0.43, 0.431)",0.03461375061196955,0.431
"[0.431, 0.432)",0.03625692141299367,0.432
"[0.432, 0.433)",0.03387794133013554,0.433
"[0.433, 0.434)",0.031169147751888688,0.434
"[0.434, 0.435)",0.030799667156434386,0.435
"[0.435, 0.436)",0.0385808247155405,0.436
"[0.436, 0.437)",0.02978707090318791,0.437
"[0.437, 0.438)",0.02734553513739838,0.438
"[0.438, 0.439)",0.028864748607068544,0.439
"[0.439, 0.44)",0.03357349465649414,0.44
"[0.44, 0.441)",0.028789677797980823,0.441
"[0.441, 0.442)",0.02453589236158622,0.442
"[0.442, 0.443)",0.024696881225336306,0.443
"[0.443, 0.444)",0.03074327602826678,0.444
"[0.444, 0.445)",0.03298540046884658,0.445
"[0.445, 0.446)",0.03135180135369279,0.446
"[0.446, 0.447)",0.03140476964485204,0.447
"[0.447, 0.448)",0.03323644478459738,0.448
"[0.448, 0.449)",0.03322211198789776,0.449
"[0.449, 0.45)",0.033549199376035815,0.45
"[0.45, 0.451)",0.02891749403339605,0.451
"[0.451, 0.452)",0.03392978584251491,0.452
"[0.452, 0.453)",0.03200053233654493,0.453
"[0.453, 0.454)",0.03500673754701853,0.454
"[0.454, 0.455)",0.032678810450296525,0.455
"[0.455, 0.456)",0.02917922806080336,0.456
"[0.456, 0.457)",0.027176203085544574,0.457
"[0.457, 0.458)",0.03498123098358038,0.458
"[0.458, 0.459)",0.03119938932826273,0.459
"[0.459, 0.46)",0.03993248658853997,0.46
"[0.46, 0.461)",0.02926935458447619,0.461
"[0.461, 0.462)",0.03282554093341012,0.462
"[0.462, 0.463)",0.029308627503280667,0.463
"[0.463, 0.464)",0.03616992656004665,0.464
"[0.464, 0.465)",0.030279092055352782,0.465
"[0.465, 0.466)",0.02709281534873321,0.466
"[0.466, 0.467)",0.030324118666343,0.467
"[0.467, 0.468)",0.030554739736021463,0.468
"[0.468, 0.46900000000000003)",0.029171312554464816,0.469
"[0.46900000000000003, 0.47000000000000003)",0.026704263353261086,0.47
"[0.47000000000000003, 0.47100000000000003)",0.029550230743456904,0.471
"[0.47100000000000003, 0.47200000000000003)",0.02917737324131985,0.472
"[0.47200000000000003, 0.47300000000000003)",0.029568420297110893,0.473
"[0.47300000000000003, 0.47400000000000003)",0.03398166983891772,0.474
"[0.47400000000000003, 0.47500000000000003)",0.030520997857541143,0.475
"[0.47500000000000003, 0.47600000000000003)",0.029343254504170958,0.476
"[0.47600000000000003, 0.47700000000000004)",0.03465985470507007,0.477
"[0.47700000000000004, 0.47800000000000004)",0.0268572344015754,0.478
"[0.47800000000000004, 0.47900000000000004)",0.030449267630989003,0.479
"[0.47900000000000004, 0.48)",0.028472499065705256,0.48
"[0.48, 0.481)",0.03174170812277354,0.481
"[0.481, 0.482)",0.0281704120281422,0.482
"[0.482, 0.483)",0.030693086901895154,0.483
"[0.483, 0.484)",0.02987672013278435,0.484
"[0.484, 0.485)",0.03173700977626141,0.485
"[0.485, 0.486)",0.030499268383025416,0.486
"[0.486, 0.487)",0.03136791497665094,0.487
"[0.487, 0.488)",0.034433478101005596,0.488
"[0.488, 0.489)",0.030951318682907885,0.489
"[0.489, 0.49)",0.03611343002102799,0.49
"[0.49, 0.491)",0.025504911359052244,0.491
"[0.491, 0.492)",0.03367751234999996,0.492
"[0.492, 0.493)",0.03356614281125903,0.493
"[0.493, 0.494)",0.027068070427803178,0.494
"[0.494, 0.495)",0.025037256945676645,0.495
"[0.495, 0.496)",0.03055324766446299,0.496
"[0.496, 0.497)",0.03439892375026591,0.497
"[0.497, 0.498)",0.034879367434163616,0.498
"[0.498, 0.499)",0.03374166189119719,0.499
"[0.499, 0.5)",0.030419061722539838,0.5
"[0.5, 0.501)",0.029982869442937158,0.501
"[0.501, 0.502)",0.034245361766666586,0.502
"[0.502, 0.503)",0.02785047877645484,0.503
"[0.503, 0.504)",0.03495250053079119,0.504
"[0.504, 0.505)",0.029754229848648596,0.505
"[0.505, 0.506)",0.03270121559893989,0.506
"[0.506, 0.507)",0.035458650213584415,0.507
"[0.507, 0.508)",0.03051106319694227,0.508
"[0.508, 0.509)",0.031933417801924324,0.509
"[0.509, 0.51)",0.02939029057605322,0.51
"[0.51, 0.511)",0.03219107250917637,0.511
"[0.511, 0.512)",0.030316242222285125,0.512
"[0.512, 0.513)",0.03162512128555796,0.513
"[0.513, 0.514)",0.026583304235599032,0.514
"[0.514, 0.515)",0.028038715170260145,0.515
"[0.515, 0.516)",0.03415208507192821,0.516
"[0.516, 0.517)",0.03088839592705883,0.517
"[0.517, 0.518)",0.027633803490092125,0.518
"[0.518, 0.519)",0.02616472239465478,0.519
"[0.519, 0.52)",0.026400364486214436,0.52
"[0.52, 0.521)",0.027357679442179043,0.521
"[0.521, 0.522)",0.030234729279875014,0.522
"[0.522, 0.523)",0.031529339206567676,0.523
"[0.523, 0.524)",0.031217093375953523,0.524
"[0.524, 0.525)",0.031639813089570756,0.525
"[0.525, 0.526)",0.031047468435727484,0.526
"[0.526, 0.527)",0.03183062196439303,0.527
"[0.527, 0.528)",0.02899606219366362,0.528
"[0.528, 0.529)",0.0315695434053993,0.529
"[0.529, 0.53)",0.03293125083634634,0.53
"[0.53, 0.531)",0.030137524538470413,0.531
"[0.531, 0.532)",0.030342467540888395,0.532
"[0.532, 0.533)",0.034585788752676885,0.533
"[0.533, 0.534)",0.02921114599639952,0.534
"[0.534, 0.535)",0.02816509459684807,0.535
"[0.535, 0.536)",0.03129035491546695,0.536
"[0.536, 0.537)",0.02794953652620136,0.537
"[0.537, 0.538)",0.031634173719830246,0.538
"[0.538, 0.539)",0.032803994941124376,0.539
"[0.539, 0.54)",0.03260462329766928,0.54
"[0.54, 0.541)",0.03133787799646638,0.541
"[0.541, 0.542)",0.03057806841221278,0.542
"[0.542, 0.543)",0.03320416112760285,0.543
"[0.543, 0.544)",0.03135127485591137,0.544
"[0.544, 0.545)",0.029912508588957824,0.545
"[0.545, 0.546)",0.028938764445875013,0.546
"[0.546, 0.547)",0.03225876293398291,0.547
"[0.547, 0.548)",0.03384811737435463,0.548
"[0.548, 0.549)",0.032232185032119734,0.549
"[0.549, 0.55)",0.02958472755244842,0.55
"[0.55, 0.551)",0.027374709925418208,0.551
"[0.551, 0.552)",0.03139270143645447,0.552
"[0.552, 0.553)",0.027450243365206073,0.553
"[0.553, 0.554)",0.03042511532609112,0.554
"[0.554, 0.555)",0.033745869328337244,0.555
"[0.555, 0.556)",0.03744993100946311,0.556
"[0.556, 0.557)",0.026871886962043286,0.557
"[0.557, 0.558)",0.03578507723336536,0.558
"[0.558, 0.559)",0.02681723406591928,0.559
"[0.559, 0.56)",0.036734704010096146,0.56
"[0.56, 0.561)",0.030344235140230016,0.561
"[0.561, 0.562)",0.0335334241417503,0.562
"[0.562, 0.5630000000000001)",0.02685900566456258,0.563
"[0.5630000000000001, 0.5640000000000001)",0.02648983272491703,0.564
"[0.5640000000000001, 0.5650000000000001)",0.02718111870383989,0.565
"[0.5650000000000001, 0.5660000000000001)",0.029124177887470723,0.566
"[0.5660000000000001, 0.5670000000000001)",0.03168701441030573,0.567
"[0.5670000000000001, 0.5680000000000001)",0.032896708883940785,0.568
"[0.5680000000000001, 0.5690000000000001)",0.027436505531871522,0.569
"[0.5690000000000001, 0.5700000000000001)",0.031528759444666654,0.57
"[0.5700000000000001, 0.5710000000000001)",0.030514297388665228,0.571
"[0.5710000000000001, 0.5720000000000001)",0.029851761874642863,0.572
"[0.5720000000000001, 0.5730000000000001)",0.029176130392006793,0.573
"[0.5730000000000001, 0.5740000000000001)",0.030166314658041954,0.574
"[0.5740000000000001, 0.5750000000000001)",0.030202674246754768,0.575
"[0.5750000000000001, 0.5760000000000001)",0.030377362098627,0.576
"[0.5760000000000001, 0.577)",0.029232185038011366,0.577
"[0.577, 0.578)",0.034387531859677356,0.578
"[0.578, 0.579)",0.03203401321262257,0.579
"[0.579, 0.58)",0.03213187459543428,0.58
"[0.58, 0.581)",0.028165070122054877,0.581
"[0.581, 0.582)",0.02974964278059019,0.582
"[0.582, 0.583)",0.029534811011185786,0.583
"[0.583, 0.584)",0.030381112490621302,0.584
"[0.584, 0.585)",0.027676621483173833,0.585
"[0.585, 0.586)",0.02975094393087011,0.586
"[0.586, 0.587)",0.02916954086955977,0.587
"[0.587, 0.588)",0.03084988709147379,0.588
"[0.588, 0.589)",0.02733490872831961,0.589
"[0.589, 0.59)",0.03347516222055287,0.59
"[0.59, 0.591)",0.03223378602032714,0.591
"[0.591, 0.592)",0.02958377130912679,0.592
"[0.592, 0.593)",0.033566009822382184,0.593
"[0.593, 0.594)",0.029662237847572694,0.594
"[0.594, 0.595)",0.03192771281229814,0.595
"[0.595, 0.596)",0.02675574508465537,0.596
"[0.596, 0.597)",0.027745100566796844,0.597
"[0.597, 0.598)",0.027656625337756674,0.598
"[0.598, 0.599)",0.030144788149088685,0.599
"[0.599, 0.6)",0.028915676517220854,0.6
"[0.6, 0.601)",0.03594016941847418,0.601
"[0.601, 0.602)",0.03235800533042284,0.602
"[0.602, 0.603)",0.03448712969573876,0.603
"[0.603, 0.604)",0.035685740505685064,0.604
"[0.604, 0.605)",0.026544306880814286,0.605
"[0.605, 0.606)",0.024799610613171343,0.606
"[0.606, 0.607)",0.030838741166545672,0.607
"[0.607, 0.608)",0.02700806817932018,0.608
"[0.608, 0.609)",0.030944476311166282,0.609
"[0.609, 0.61)",0.029766543243345992,0.61
"[0.61, 0.611)",0.03078162661332093,0.611
"[0.611, 0.612)",0.029165476570348167,0.612
"[0.612, 0.613)",0.031294521927226496,0.613
"[0.613, 0.614)",0.028262178641626206,0.614
"[0.614, 0.615)",0.03393756792363183,0.615
"[0.615, 0.616)",0.028880434104969658,0.616
"[0.616, 0.617)",0.02968930653307397,0.617
"[0.617, 0.618)",0.025349792012311294,0.618
"[0.618, 0.619)",0.0283450684389898,0.619
"[0.619, 0.62)",0.027672074607437983,0.62
"[0.62, 0.621)",0.0260215391863637,0.621
"[0.621, 0.622)",0.02451504738276319,0.622
"[0.622, 0.623)",0.03617789618591326,0.623
"[0.623, 0.624)",0.034474492717209905,0.624
"[0.624, 0.625)",0.02688618329494166,0.625
"[0.625, 0.626)",0.03567397460054049,0.626
"[0.626, 0.627)",0.02840444425145502,0.627
"[0.627, 0.628)",0.032868227274436064,0.628
"[0.628, 0.629)",0.03271669408533499,0.629
"[0.629, 0.63)",0.02902767704401011,0.63
"[0.63, 0.631)",0.02973309677662977,0.631
"[0.631, 0.632)",0.03147382102337486,0.632
"[0.632, 0.633)",0.02745861031643311,0.633
"[0.633, 0.634)",0.030354028850795755,0.634
"[0.634, 0.635)",0.030065653217290343,0.635
"[0.635, 0.636)",0.029543445405911386,0.636
"[0.636, 0.637)",0.03071735381854903,0.637
"[0.637, 0.638)",0.026109973011001226,0.638
"[0.638, 0.639)",0.026126927573127443,0.639
"[0.639, 0.64)",0.025532484076694312,0.64
"[0.64, 0.641)",0.02609628593814017,0.641
"[0.641, 0.642)",0.029938185975298966,0.642
"[0.642, 0.643)",0.027423936006523444,0.643
"[0.643, 0.644)",0.03119101926772042,0.644
"[0.644, 0.645)",0.024364506278337545,0.645
"[0.645, 0.646)",0.029124862703607198,0.646
"[0.646, 0.647)",0.02897889829165841,0.647
"[0.647, 0.648)",0.032866488574968024,0.648
"[0.648, 0.649)",0.02632276791413889,0.649
"[0.649, 0.65)",0.02856257741884141,0.65
"[0.65, 0.651)",0.0289674812917742,0.651
"[0.651, 0.652)",0.031377637739216827,0.652
"[0.652, 0.653)",0.02753767812861109,0.653
"[0.653, 0.654)",0.028477640197011246,0.654
"[0.654, 0.655)",0.03639848265730662,0.655
"[0.655, 0.656)",0.03319412120956735,0.656
"[0.656, 0.657)",0.030610261851462203,0.657
"[0.657, 0.658)",0.030186710451315747,0.658
"[0.658, 0.659)",0.03164346253851261,0.659
"[0.659, 0.66)",0.028011793509544337,0.66
"[0.66, 0.661)",0.025875798982967754,0.661
"[0.661, 0.662)",0.037203897233205566,0.662
"[0.662, 0.663)",0.02962947300090907,0.663
"[0.663, 0.664)",0.025073746613171355,0.664
"[0.664, 0.665)",0.029665146293315528,0.665
"[0.665, 0.666)",0.031020141503018895,0.666
"[0.666, 0.667)",0.02795617018266852,0.667
"[0.667, 0.668)",0.030360821066987932,0.668
"[0.668, 0.669)",0.03253119875561011,0.669
"[0.669, 0.67)",0.03009318747496706,0.67
"[0.67, 0.671)",0.027835567304351605,0.671
"[0.671, 0.672)",0.027919773828401585,0.672
"[0.672, 0.673)",0.029646748149448808,0.673
"[0.673, 0.674)",0.028751330129043406,0.674
"[0.674, 0.675)",0.0318983614657257,0.675
"[0.675, 0.676)",0.03029292224653351,0.676
"[0.676, 0.677)",0.026784819951156464,0.677
"[0.677, 0.678)",0.030649830443839614,0.678
"[0.678, 0.679)",0.031614873527555855,0.679
"[0.679, 0.68)",0.030676362767972976,0.68
"[0.68, 0.681)",0.03088557930897958,0.681
"[0.681, 0.682)",0.0278550296974315,0.682
"[0.682, 0.683)",0.031208823116396164,0.683
"[0.683, 0.684)",0.033166114675187784,0.684
"[0.684, 0.685)",0.02830639253850492,0.685
"[0.685, 0.686)",0.026534265770944004,0.686
"[0.686, 0.687)",0.028703621837956207,0.687
"[0.687, 0.6880000000000001)",0.030235853412083343,0.688
"[0.6880000000000001, 0.6890000000000001)",0.031523406058064515,0.689
"[0.6890000000000001, 0.6900000000000001)",0.029126553476699072,0.69
"[0.6900000000000001, 0.6910000000000001)",0.03643631333218973,0.691
"[0.6910000000000001, 0.6920000000000001)",0.030866854839358616,0.692
"[0.6920000000000001, 0.6930000000000001)",0.03425663226690437,0.693
"[0.6930000000000001, 0.6940000000000001)",0.028105129751126737,0.694
"[0.6940000000000001, 0.6950000000000001)",0.02689307438053102,0.695
"[0.6950000000000001, 0.6960000000000001)",0.02771398699233001,0.696
"[0.6960000000000001, 0.6970000000000001)",0.03450340436996998,0.697
"[0.6970000000000001, 0.6980000000000001)",0.03295509385624995,0.698
"[0.6980000000000001, 0.6990000000000001)",0.028310548305059503,0.699
"[0.6990000000000001, 0.7000000000000001)",0.03180653920897251,0.7
"[0.7000000000000001, 0.7010000000000001)",0.02336644833632293,0.701
"[0.7010000000000001, 0.7020000000000001)",0.027077355727565998,0.702
"[0.7020000000000001, 0.7030000000000001)",0.026267191619505106,0.703
"[0.7030000000000001, 0.704)",0.028651680928718684,0.704
"[0.704, 0.705)",0.03050561971060845,0.705
"[0.705, 0.706)",0.028425137791003505,0.706
"[0.706, 0.707)",0.02795863375584087,0.707
"[0.707, 0.708)",0.02844672594268835,0.708
"[0.708, 0.709)",0.0316625348647218,0.709
"[0.709, 0.71)",0.02768078649321322,0.71
"[0.71, 0.711)",0.0250964385690424,0.711
"[0.711, 0.712)",0.02827308325279882,0.712
"[0.712, 0.713)",0.030671547147858167,0.713
"[0.713, 0.714)",0.03081198978370265,0.714
"[0.714, 0.715)",0.03017725376351554,0.715
"[0.715, 0.716)",0.030929510141909103,0.716
"[0.716, 0.717)",0.033323048682363604,0.717
"[0.717, 0.718)",0.023005756853623233,0.718
"[0.718, 0.719)",0.03056028157975761,0.719
"[0.719, 0.72)",0.03196889228930231,0.72
"[0.72, 0.721)",0.025680765646206003,0.721
"[0.721, 0.722)",0.02635333069913798,0.722
"[0.722, 0.723)",0.024414628206422335,0.723
"[0.723, 0.724)",0.03179240646267406,0.724
"[0.724, 0.725)",0.029762373076937892,0.725
"[0.725, 0.726)",0.034473345232882265,0.726
"[0.726, 0.727)",0.03077640003156659,0.727
"[0.727, 0.728)",0.02869204732227012,0.728
"[0.728, 0.729)",0.02632599685271803,0.729
"[0.729, 0.73)",0.026168702891223375,0.73
"[0.73, 0.731)",0.023755628965488006,0.731
"[0.731, 0.732)",0.03445683250867766,0.732
"[0.732, 0.733)",0.029815221493342696,0.733
"[0.733, 0.734)",0.0316993210887755,0.734
"[0.734, 0.735)",0.03024713388308335,0.735
"[0.735, 0.736)",0.02945565661515156,0.736
"[0.736, 0.737)",0.03752765043727995,0.737
"[0.737, 0.738)",0.028576752728806405,0.738
"[0.738, 0.739)",0.024888709221111176,0.739
"[0.739, 0.74)",0.02445550973827902,0.74
"[0.74, 0.741)",0.031507484150126934,0.741
"[0.741, 0.742)",0.03268608344040969,0.742
"[0.742, 0.743)",0.029852877663409445,0.743
"[0.743, 0.744)",0.02713261815449016,0.744
"[0.744, 0.745)",0.03317990842533741,0.745
"[0.745, 0.746)",0.028090743698093876,0.746
"[0.746, 0.747)",0.03011326966146503,0.747
"[0.747, 0.748)",0.027288133991088676,0.748
"[0.748, 0.749)",0.026357164725978457,0.749
"[0.749, 0.75)",0.02894495416723708,0.75
"[0.75, 0.751)",0.03270893390350609,0.751
"[0.751, 0.752)",0.029015146899219996,0.752
"[0.752, 0.753)",0.030165952399762316,0.753
"[0.753, 0.754)",0.02839346000492335,0.754
"[0.754, 0.755)",0.03248861212466162,0.755
"[0.755, 0.756)",0.028378620675877885,0.756
"[0.756, 0.757)",0.033016047035154455,0.757
"[0.757, 0.758)",0.03202310622961778,0.758
"[0.758, 0.759)",0.02907621427834599,0.759
"[0.759, 0.76)",0.03148369584462811,0.76
"[0.76, 0.761)",0.03032669159954177,0.761
"[0.761, 0.762)",0.030932059014910876,0.762
"[0.762, 0.763)",0.034505557638983025,0.763
"[0.763, 0.764)",0.02976695149591839,0.764
"[0.764, 0.765)",0.02797458045464235,0.765
"[0.765, 0.766)",0.02440554274416529,0.766
"[0.766, 0.767)",0.027924813264458805,0.767
"[0.767, 0.768)",0.02779367010213414,0.768
"[0.768, 0.769)",0.024288220812107658,0.769
"[0.769, 0.77)",0.032222876654063926,0.77
"[0.77, 0.771)",0.030175921672754038,0.771
"[0.771, 0.772)",0.028889279523268915,0.772
"[0.772, 0.773)",0.025655811674324368,0.773
"[0.773, 0.774)",0.02779185422092108,0.774
"[0.774, 0.775)",0.027071502798424147,0.775
"[0.775, 0.776)",0.02806429745492541,0.776
"[0.776, 0.777)",0.02504864380406018,0.777
"[0.777, 0.778)",0.027629923045277383,0.778
"[0.778, 0.779)",0.03347147710733651,0.779
"[0.779, 0.78)",0.02596435728326384,0.78
"[0.78, 0.781)",0.02887709091323573,0.781
"[0.781, 0.782)",0.03136487341783445,0.782
"[0.782, 0.783)",0.031027387323547418,0.783
"[0.783, 0.784)",0.025137732495913518,0.784
"[0.784, 0.785)",0.03449136890885886,0.785
"[0.785, 0.786)",0.026410750896851017,0.786
"[0.786, 0.787)",0.026385789759236694,0.787
"[0.787, 0.788)",0.03175206751107601,0.788
"[0.788, 0.789)",0.022947239411635248,0.789
"[0.789, 0.79)",0.026440653491268347,0.79
"[0.79, 0.791)",0.02742199448519813,0.791
"[0.791, 0.792)",0.031030813204728572,0.792
"[0.792, 0.793)",0.027918196904931306,0.793
"[0.793, 0.794)",0.03089873963224301,0.794
"[0.794, 0.795)",0.029974479774561937,0.795
"[0.795, 0.796)",0.03797893186560003,0.796
"[0.796, 0.797)",0.031048156492320286,0.797
"[0.797, 0.798)",0.031239973564755545,0.798
"[0.798, 0.799)",0.028287076542113616,0.799
"[0.799, 0.8)",0.032274179852428815,0.8
"[0.8, 0.801)",0.030963208772653766,0.801
"[0.801, 0.802)",0.03254003110436139,0.802
"[0.802, 0.803)",0.030098664407462717,0.803
"[0.803, 0.804)",0.029887652316666728,0.804
"[0.804, 0.805)",0.03282030233062608,0.805
"[0.805, 0.806)",0.03051173239635764,0.806
"[0.806, 0.807)",0.027484366687899175,0.807
"[0.807, 0.808)",0.03389236059584055,0.808
"[0.808, 0.809)",0.02968963242460463,0.809
"[0.809, 0.81)",0.029110393500491844,0.81
"[0.81, 0.811)",0.026185206493684273,0.811
"[0.811, 0.812)",0.024030610422998415,0.812
"[0.812, 0.8130000000000001)",0.036999319914431436,0.813
"[0.8130000000000001, 0.8140000000000001)",0.03513881615647249,0.814
"[0.8140000000000001, 0.8150000000000001)",0.02870754040245616,0.815
"[0.8150000000000001, 0.8160000000000001)",0.03307828003822528,0.816
"[0.8160000000000001, 0.8170000000000001)",0.026593665737416144,0.817
"[0.8170000000000001, 0.8180000000000001)",0.027417240086003467,0.818
"[0.8180000000000001, 0.8190000000000001)",0.02644351134003564,0.819
"[0.8190000000000001, 0.8200000000000001)",0.03689197522280447,0.82
"[0.8200000000000001, 0.8210000000000001)",0.02539222940599653,0.821
"[0.8210000000000001, 0.8220000000000001)",0.028389164957267978,0.822
"[0.8220000000000001, 0.8230000000000001)",0.026008925228214307,0.823
"[0.8230000000000001, 0.8240000000000001)",0.03113717446593754,0.824
"[0.8240000000000001, 0.8250000000000001)",0.032030163314522075,0.825
"[0.8250000000000001, 0.8260000000000001)",0.03177101498596495,0.826
"[0.8260000000000001, 0.8270000000000001)",0.030954166484929123,0.827
"[0.8270000000000001, 0.8280000000000001)",0.03910464333498232,0.828
"[0.8280000000000001, 0.8290000000000001)",0.029045644162181864,0.829
"[0.8290000000000001, 0.8300000000000001)",0.02779652597372885,0.83
"[0.8300000000000001, 0.8310000000000001)",0.031576136738088734,0.831
"[0.8310000000000001, 0.8320000000000001)",0.02892103196311477,0.832
"[0.8320000000000001, 0.833)",0.02694359627659578,0.833
"[0.833, 0.834)",0.029725612020567817,0.834
"[0.834, 0.835)",0.03218537643733079,0.835
"[0.835, 0.836)",0.031007020855306898,0.836
"[0.836, 0.837)",0.028012579061913415,0.837
"[0.837, 0.838)",0.03027143951101088,0.838
"[0.838, 0.839)",0.029374456731903028,0.839
"[0.839, 0.84)",0.02841200288776774,0.84
"[0.84, 0.841)",0.029371482287371253,0.841
"[0.841, 0.842)",0.029127539310490717,0.842
"[0.842, 0.843)",0.031004955431186507,0.843
"[0.843, 0.844)",0.032191963330398705,0.844
"[0.844, 0.845)",0.0303497888316364,0.845
"[0.845, 0.846)",0.026737054139222644,0.846
"[0.846, 0.847)",0.03098130617605121,0.847
"[0.847, 0.848)",0.03000970145190975,0.848
"[0.848, 0.849)",0.030707196921191844,0.849
"[0.849, 0.85)",0.022186511341153844,0.85
"[0.85, 0.851)",0.030852988602123925,0.851
"[0.851, 0.852)",0.03258168677788971,0.852
"[0.852, 0.853)",0.030380612296202307,0.853
"[0.853, 0.854)",0.036516211371566784,0.854
"[0.854, 0.855)",0.03017379091221806,0.855
"[0.855, 0.856)",0.024017835917690897,0.856
"[0.856, 0.857)",0.029641447651059773,0.857
"[0.857, 0.858)",0.02562722380856579,0.858
"[0.858, 0.859)",0.03044083065264119,0.859
"[0.859, 0.86)",0.023790221108400005,0.86
"[0.86, 0.861)",0.02457897406046213,0.861
"[0.861, 0.862)",0.0327044513765479,0.862
"[0.862, 0.863)",0.026131757086491618,0.863
"[0.863, 0.864)",0.03590620370910817,0.864
"[0.864, 0.865)",0.030504188106814732,0.865
"[0.865, 0.866)",0.029490465166026908,0.866
"[0.866, 0.867)",0.029463042917590176,0.867
"[0.867, 0.868)",0.024857921887988414,0.868
"[0.868, 0.869)",0.030193582090706144,0.869
"[0.869, 0.87)",0.02600957750265962,0.87
"[0.87, 0.871)",0.025525771479755162,0.871
"[0.871, 0.872)",0.0312172810426239,0.872
"[0.872, 0.873)",0.02681389054746381,0.873
"[0.873, 0.874)",0.03061401112761993,0.874
"[0.874, 0.875)",0.02549334759983087,0.875
"[0.875, 0.876)",0.025296379962284295,0.876
"[0.876, 0.877)",0.03295560758755236,0.877
"[0.877, 0.878)",0.029269124881208114,0.878
"[0.878, 0.879)",0.026482313980902797,0.879
"[0.879, 0.88)",0.025375639371739204,0.88
"[0.88, 0.881)",0.030262515850526348,0.881
"[0.881, 0.882)",0.03356773244682507,0.882
"[0.882, 0.883)",0.02966611506333929,0.883
"[0.883, 0.884)",0.027674861149644178,0.884
"[0.884, 0.885)",0.03154887375669017,0.885
"[0.885, 0.886)",0.02474775124234236,0.886
"[0.886, 0.887)",0.030031071712517173,0.887
"[0.887, 0.888)",0.02882881289982731,0.888
"[0.888, 0.889)",0.025086315780598046,0.889
"[0.889, 0.89)",0.033731714042882895,0.89
"[0.89, 0.891)",0.030342614887842474,0.891
"[0.891, 0.892)",0.028445984750183853,0.892
"[0.892, 0.893)",0.029572296801020446,0.893
"[0.893, 0.894)",0.029966937409534534,0.894
"[0.894, 0.895)",0.027962418358195244,0.895
"[0.895, 0.896)",0.026987323753396908,0.896
"[0.896, 0.897)",0.024875101489267495,0.897
"[0.897, 0.898)",0.031716392703542026,0.898
"[0.898, 0.899)",0.031208376360670243,0.899
"[0.899, 0.9)",0.03112316219172538,0.9
"[0.9, 0.901)",0.03231759020106762,0.901
"[0.901, 0.902)",0.026686164417958846,0.902
"[0.902, 0.903)",0.02647492386018455,0.903
"[0.903, 0.904)",0.026706272307540434,0.904
"[0.904, 0.905)",0.03287519934244606,0.905
"[0.905, 0.906)",0.027862659784397854,0.906
"[0.906, 0.907)",0.0303803117498092,0.907
"[0.907, 0.908)",0.03174840163411134,0.908
"[0.908, 0.909)",0.029257332935409257,0.909
"[0.909, 0.91)",0.021600145538205138,0.91
"[0.91, 0.911)",0.030168967249705327,0.911
"[0.911, 0.912)",0.03068505734439288,0.912
"[0.912, 0.913)",0.028764518196690174,0.913
"[0.913, 0.914)",0.03355424268250926,0.914
"[0.914, 0.915)",0.03368968524327309,0.915
"[0.915, 0.916)",0.020566095813636366,0.916
"[0.916, 0.917)",0.024308540699061933,0.917
"[0.917, 0.918)",0.03405136245906541,0.918
"[0.918, 0.919)",0.030092643343068427,0.919
"[0.919, 0.92)",0.03288394281882356,0.92
"[0.92, 0.921)",0.02279486730551853,0.921
"[0.921, 0.922)",0.03507285878276519,0.922
"[0.922, 0.923)",0.025161574668245666,0.923
"[0.923, 0.924)",0.024740744531354355,0.924
"[0.924, 0.925)",0.029630637779390734,0.925
"[0.925, 0.926)",0.025687181705322613,0.926
"[0.926, 0.927)",0.02565687594288428,0.927
"[0.927, 0.928)",0.029785426181206,0.928
"[0.928, 0.929)",0.02965969246306547,0.929
"[0.929, 0.93)",0.02728167823643413,0.93
"[0.93, 0.931)",0.035710714253907205,0.931
"[0.931, 0.932)",0.033961791152727315,0.932
"[0.932, 0.933)",0.027740665976331385,0.933
"[0.933, 0.934)",0.030990613303299032,0.934
"[0.934, 0.935)",0.037612911145436925,0.935
"[0.935, 0.936)",0.02614966142863465,0.936
"[0.936, 0.937)",0.03281107933359843,0.937
"[0.937, 0.9380000000000001)",0.03026152521376819,0.938
"[0.9380000000000001, 0.9390000000000001)",0.020970285227509662,0.939
"[0.9390000000000001, 0.9400000000000001)",0.029671810093179252,0.94
"[0.9400000000000001, 0.9410000000000001)",0.03080603553297144,0.941
"[0.9410000000000001, 0.9420000000000001)",0.029611063393916393,0.942
"[0.9420000000000001, 0.9430000000000001)",0.02832228715276345,0.943
"[0.9430000000000001, 0.9440000000000001)",0.02776973475419235,0.944
"[0.9440000000000001, 0.9450000000000001)",0.030793605905673496,0.945
"[0.9450000000000001, 0.9460000000000001)",0.025607319236034858,0.946
"[0.9460000000000001, 0.9470000000000001)",0.027567819853767838,0.947
"[0.9470000000000001, 0.9480000000000001)",0.03319894469542859,0.948
"[0.9480000000000001, 0.9490000000000001)",0.0257593693533266,0.949
"[0.9490000000000001, 0.9500000000000001)",0.026120702812164987,0.95
"[0.9500000000000001, 0.9510000000000001)",0.029005256943481657,0.951
"[0.9510000000000001, 0.9520000000000001)",0.032055908302010994,0.952
"[0.9520000000000001, 0.9530000000000001)",0.03055140177405195,0.953
"[0.9530000000000001, 0.9540000000000001)",0.027825238404741718,0.954
"[0.9540000000000001, 0.9550000000000001)",0.031747020981108875,0.955
"[0.9550000000000001, 0.9560000000000001)",0.03407015617531252,0.956
"[0.9560000000000001, 0.9570000000000001)",0.025432273459537604,0.957
"[0.9570000000000001, 0.9580000000000001)",0.03532250342629562,0.958
"[0.9580000000000001, 0.9590000000000001)",0.026495229197669924,0.959
"[0.9590000000000001, 0.96)",0.03310434101491939,0.96
"[0.96, 0.961)",0.026742744040730255,0.961
"[0.961, 0.962)",0.029187929363757154,0.962
"[0.962, 0.963)",0.026953232777362227,0.963
"[0.963, 0.964)",0.03182138679904371,0.964
"[0.964, 0.965)",0.030074967510412626,0.965
"[0.965, 0.966)",0.026034870024568692,0.966
"[0.966, 0.967)",0.029841143227372295,0.967
"[0.967, 0.968)",0.027502038122554744,0.968
"[0.968, 0.969)",0.03752907182590472,0.969
"[0.969, 0.97)",0.02885149050157479,0.97
"[0.97, 0.971)",0.03124846643242705,0.971
"[0.971, 0.972)",0.025983426852455856,0.972
"[0.972, 0.973)",0.035202434781995695,0.973
"[0.973, 0.974)",0.0261492602952472,0.974
"[0.974, 0.975)",0.022812340459006233,0.975
"[0.975, 0.976)",0.0332548148113208,0.976
"[0.976, 0.977)",0.029482504514123986,0.977
"[0.977, 0.978)",0.029260903862800024,0.978
"[0.978, 0.979)",0.032206461782274626,0.979
"[0.979, 0.98)",0.026747226059627354,0.98
"[0.98, 0.981)",0.02459259111540086,0.981
"[0.981, 0.982)",0.028804968746733526,0.982
"[0.982, 0.983)",0.02921266997335408,0.983
"[0.983, 0.984)",0.028227573647333356,0.984
"[0.984, 0.985)",0.029928448693075396,0.985
"[0.985, 0.986)",0.029115330695029844,0.986
"[0.986, 0.987)",0.036247976946220326,0.987
"[0.987, 0.988)",0.028509542183650538,0.988
"[0.988, 0.989)",0.029436996766137823,0.989
"[0.989, 0.99)",0.028120466301622734,0.99
"[0.99, 0.991)",0.03213263114274961,0.991
"[0.991, 0.992)",0.03570088195950314,0.992
"[0.992, 0.993)",0.027461778572673286,0.993
"[0.993, 0.994)",0.026810578294274873,0.994
"[0.994, 0.995)",0.02858415137430689,0.995
"[0.995, 0.996)",0.026324766419224058,0.996
"[0.996, 0.997)",0.027644374919381112,0.997
"[0.997, 0.998)",0.02879657906011321,0.998
"[0.998, 0.999)",0.031787919027485415,0.999
"[0.999, 1.0)",0.029305295237239553,1.0
"[1.0, 1.0010000000000001)",0.037654790410838475,1.001
"[1.0010000000000001, 1.002)",0.03586548032159265,1.002
"[1.002, 1.0030000000000001)",0.03210429517613848,1.003
"[1.0030000000000001, 1.004)",0.026565133855045893,1.004
"[1.004, 1.0050000000000001)",0.03535157985888653,1.005
"[1.0050000000000001, 1.006)",0.028752306207474793,1.006
"[1.006, 1.0070000000000001)",0.03039924750590811,1.007
"[1.0070000000000001, 1.008)",0.03209677037280904,1.008
"[1.008, 1.0090000000000001)",0.027355640016260178,1.009
"[1.0090000000000001, 1.01)",0.03269203873047214,1.01
"[1.01, 1.0110000000000001)",0.033303964572332034,1.011
"[1.0110000000000001, 1.012)",0.026107614140180615,1.012
"[1.012, 1.0130000000000001)",0.03270797837330511,1.013
"[1.0130000000000001, 1.014)",0.037162208307295067,1.014
"[1.014, 1.0150000000000001)",0.028745300072246245,1.015
"[1.0150000000000001, 1.016)",0.025072112169805618,1.016
"[1.016, 1.0170000000000001)",0.03947516908377199,1.017
"[1.0170000000000001, 1.018)",0.028700045522521263,1.018
"[1.018, 1.0190000000000001)",0.03188132448226499,1.019
"[1.0190000000000001, 1.02)",0.025965786317467255,1.02
"[1.02, 1.0210000000000001)",0.02599370557974999,1.021
"[1.0210000000000001, 1.022)",0.03575022467752811,1.022
"[1.022, 1.0230000000000001)",0.04212037882013894,1.023
"[1.0230000000000001, 1.024)",0.023700507354057664,1.024
"[1.024, 1.025)",0.03272415267471001,1.025
"[1.025, 1.026)",0.025462999610262545,1.026
"[1.026, 1.027)",0.02597587355806453,1.027
"[1.027, 1.028)",0.03157317704680901,1.028
"[1.028, 1.029)",0.02087935850717703,1.029
"[1.029, 1.03)",0.021139650769594617,1.03
"[1.03, 1.031)",0.02980107767606266,1.031
"[1.031, 1.032)",0.027846133098616565,1.032
"[1.032, 1.033)",0.02930579293308046,1.033
"[1.033, 1.034)",0.038775996338000024,1.034
"[1.034, 1.035)",0.02591661173862288,1.035
"[1.035, 1.036)",0.024448325494310724,1.036
"[1.036, 1.037)",0.028289654241458847,1.037
"[1.037, 1.038)",0.02974936749597317,1.038
"[1.038, 1.039)",0.04073030713825668,1.039
"[1.039, 1.04)",0.023201082480837448,1.04
"[1.04, 1.041)",0.023769895482117658,1.041
"[1.041, 1.042)",0.026904377428846164,1.042
"[1.042, 1.043)",0.03178014778783853,1.043
"[1.043, 1.044)",0.027300599621822585,1.044
"[1.044, 1.045)",0.030191568282505923,1.045
"[1.045, 1.046)",0.022514978527810814,1.046
"[1.046, 1.047)",0.02310151623695088,1.047
"[1.047, 1.048)",0.02973645997036201,1.048
"[1.048, 1.049)",0.03476830896931511,1.049
"[1.049, 1.05)",0.03161406747590089,1.05
"[1.05, 1.051)",0.028437065090754252,1.051
"[1.051, 1.052)",0.03212033783474183,1.052
"[1.052, 1.053)",0.028281140954245342,1.053
"[1.053, 1.054)",0.031283399252577344,1.054
"[1.054, 1.055)",0.030976732447120153,1.055
"[1.055, 1.056)",0.030456447590114726,1.056
"[1.056, 1.057)",0.023528758502721122,1.057
"[1.057, 1.058)",0.029366894127540243,1.058
"[1.058, 1.059)",0.029355356370187817,1.059
"[1.059, 1.06)",0.030586219253556493,1.06
"[1.06, 1.061)",0.03313645291624134,1.061
"[1.061, 1.062)",0.024129377885141023,1.062
"[1.062, 1.063)",0.024614330345945956,1.063
"[1.063, 1.064)",0.027429129094565234,1.064
"[1.064, 1.065)",0.03224141637805254,1.065
"[1.065, 1.066)",0.026638047626462914,1.066
"[1.066, 1.067)",0.029116188593493988,1.067
"[1.067, 1.068)",0.02625612958590909,1.068
"[1.068, 1.069)",0.035209586602158345,1.069
"[1.069, 1.07)",0.03147861907815535,1.07
"[1.07, 1.071)",0.034607641503729636,1.071
"[1.071, 1.072)",0.02926640284781172,1.072
"[1.072, 1.073)",0.029916290196889985,1.073
"[1.073, 1.074)",0.023068898820987654,1.074
"[1.074, 1.075)",0.03380316361533022,1.075
"[1.075, 1.076)",0.029556295006807533,1.076
"[1.076, 1.077)",0.0241604304457547,1.077
"[1.077, 1.078)",0.035992078313378105,1.078
"[1.078, 1.079)",0.034337416328139546,1.079
"[1.079, 1.08)",0.031281645593396266,1.08
"[1.08, 1.081)",0.027421170860539235,1.081
"[1.081, 1.082)",0.02233139298699553,1.082
"[1.082, 1.083)",0.024557610735447172,1.083
"[1.083, 1.084)",0.02428854334342433,1.084
"[1.084, 1.085)",0.026494811638133317,1.085
"[1.085, 1.086)",0.02966032301444163,1.086
"[1.086, 1.087)",0.027647384051612905,1.087
"[1.087, 1.088)",0.027539102925821603,1.088
"[1.088, 1.089)",0.03229469211538462,1.089
"[1.089, 1.09)",0.03229195634433675,1.09
"[1.09, 1.091)",0.033940289841370555,1.091
"[1.091, 1.092)",0.027992716430148504,1.092
"[1.092, 1.093)",0.02577700928560414,1.093
"[1.093, 1.094)",0.03854145153236772,1.094
"[1.094, 1.095)",0.033982079376674953,1.095
"[1.095, 1.096)",0.02588342904425432,1.096
"[1.096, 1.097)",0.028259885726876523,1.097
"[1.097, 1.098)",0.02197787645,1.098
"[1.098, 1.099)",0.021879994930026046,1.099
"[1.099, 1.1)",0.02971805961608042,1.1
"[1.1, 1.101)",0.042808022244511953,1.101
"[1.101, 1.102)",0.029418738953623205,1.102
"[1.102, 1.103)",0.03156390215167098,1.103
"[1.103, 1.104)",0.030094193832203395,1.104
"[1.104, 1.105)",0.03088038073315651,1.105
"[1.105, 1.106)",0.02559783349820374,1.106
"[1.106, 1.107)",0.022551281564583345,1.107
"[1.107, 1.108)",0.029672276590085016,1.108
"[1.108, 1.109)",0.02936723413277172,1.109
"[1.109, 1.11)",0.041496573096866905,1.11
"[1.11, 1.111)",0.02269803553126685,1.111
"[1.111, 1.112)",0.03359151146570681,1.112
"[1.112, 1.113)",0.022781620801757115,1.113
"[1.113, 1.114)",0.022905591036503848,1.114
"[1.114, 1.115)",0.02939133924739338,1.115
"[1.115, 1.116)",0.026469460208564256,1.116
"[1.116, 1.117)",0.02086229473079516,1.117
"[1.117, 1.118)",0.02550860415000001,1.118
"[1.118, 1.119)",0.02492781603013699,1.119
"[1.119, 1.12)",0.02714470995321783,1.12
"[1.12, 1.121)",0.02484308596621623,1.121
"[1.121, 1.122)",0.02105603459946808,1.122
"[1.122, 1.123)",0.02407173607877095,1.123
"[1.123, 1.124)",0.03394482850533338,1.124
"[1.124, 1.125)",0.023719481166639765,1.125
"[1.125, 1.1260000000000001)",0.025168699488063682,1.126
"[1.1260000000000001, 1.127)",0.030679114678042338,1.127
"[1.127, 1.1280000000000001)",0.02947012463188013,1.128
"[1.1280000000000001, 1.129)",0.026019113916894723,1.129
"[1.129, 1.1300000000000001)",0.025290468711132066,1.13
"[1.1300000000000001, 1.131)",0.027934289003269764,1.131
"[1.131, 1.1320000000000001)",0.024884810135765337,1.132
"[1.1320000000000001, 1.133)",0.03012542295987843,1.133
"[1.133, 1.1340000000000001)",0.026828543657588095,1.134
"[1.1340000000000001, 1.135)",0.03528496953479108,1.135
"[1.135, 1.1360000000000001)",0.03090684805983609,1.136
"[1.1360000000000001, 1.137)",0.03116233166515152,1.137
"[1.137, 1.1380000000000001)",0.025499206436363664,1.138
"[1.1380000000000001, 1.139)",0.026499809282558778,1.139
"[1.139, 1.1400000000000001)",0.02787561709943736,1.14
"[1.1400000000000001, 1.141)",0.032727760779582435,1.141
"[1.141, 1.1420000000000001)",0.03277985627642861,1.142
"[1.1420000000000001, 1.143)",0.029680149114179148,1.143
"[1.143, 1.1440000000000001)",0.031190029408226218,1.144
"[1.1440000000000001, 1.145)",0.030431916737864113,1.145
"[1.145, 1.1460000000000001)",0.030216138663144335,1.146
"[1.1460000000000001, 1.147)",0.037197954396054854,1.147
"[1.147, 1.1480000000000001)",0.027274027889432093,1.148
"[1.1480000000000001, 1.149)",0.02520850057015707,1.149
"[1.149, 1.1500000000000001)",0.029784902092162197,1.15
"[1.1500000000000001, 1.151)",0.030291328601240706,1.151
"[1.151, 1.1520000000000001)",0.033720475108350266,1.152
"[1.1520000000000001, 1.153)",0.03200855870520548,1.153
"[1.153, 1.154)",0.026978254121024253,1.154
"[1.154, 1.155)",0.024261859927635455,1.155
"[1.155, 1.156)",0.0380274668377808,1.156
"[1.156, 1.157)",0.03222272196641608,1.157
"[1.157, 1.158)",0.02556210454847645,1.158
"[1.158, 1.159)",0.027741080047058834,1.159
"[1.159, 1.16)",0.028208729583333345,1.16
"[1.16, 1.161)",0.028359650973237605,1.161
"[1.161, 1.162)",0.029379465976683967,1.162
"[1.162, 1.163)",0.029005938980387638,1.163
"[1.163, 1.164)",0.03526116095485005,1.164
"[1.164, 1.165)",0.03158974001417097,1.165
"[1.165, 1.166)",0.02568059767291065,1.166
"[1.166, 1.167)",0.027371786740318278,1.167
"[1.167, 1.168)",0.028065097927131393,1.168
"[1.168, 1.169)",0.03558420680918425,1.169
"[1.169, 1.17)",0.034856910868000045,1.17
"[1.17, 1.171)",0.028987638257333307,1.171
"[1.171, 1.172)",0.028087271039303516,1.172
"[1.172, 1.173)",0.03412181694567573,1.173
"[1.173, 1.174)",0.0298510504429293,1.174
"[1.174, 1.175)",0.030543091767236467,1.175
"[1.175, 1.176)",0.027967766264411054,1.176
"[1.176, 1.177)",0.029651304016886537,1.177
"[1.177, 1.178)",0.02857712596992485,1.178
"[1.178, 1.179)",0.02828452015024999,1.179
"[1.179, 1.18)",0.027227443513875987,1.18
"[1.18, 1.181)",0.025158934720891386,1.181
"[1.181, 1.182)",0.0355867732396947,1.182
"[1.182, 1.183)",0.027713197908270676,1.183
"[1.183, 1.184)",0.034557308554277334,1.184
"[1.184, 1.185)",0.03538217207880111,1.185
"[1.185, 1.186)",0.027397795859673026,1.186
"[1.186, 1.187)",0.02571991195570292,1.187
"[1.187, 1.188)",0.03218612528019802,1.188
"[1.188, 1.189)",0.02682656932208337,1.189
"[1.189, 1.19)",0.0251898267438889,1.19
"[1.19, 1.191)",0.03103048510767049,1.191
"[1.191, 1.192)",0.030342550636950197,1.192
"[1.192, 1.193)",0.031445867100978867,1.193
"[1.193, 1.194)",0.03255741144999999,1.194
"[1.194, 1.195)",0.03407744751702706,1.195
"[1.195, 1.196)",0.0313071047409704,1.196
"[1.196, 1.197)",0.030961980944691367,1.197
"[1.197, 1.198)",0.027197324016666673,1.198
"[1.198, 1.199)",0.025846317042744062,1.199
"[1.199, 1.2)",0.026615669836714276,1.2
"[1.2, 1.201)",0.03026906667801207,1.201
"[1.201, 1.202)",0.02408569849050445,1.202
"[1.202, 1.203)",0.026440875857022463,1.203
"[1.203, 1.204)",0.03251057672597829,1.204
"[1.204, 1.205)",0.03521245395969531,1.205
"[1.205, 1.206)",0.026177506703478265,1.206
"[1.206, 1.207)",0.03027222694097857,1.207
"[1.207, 1.208)",0.029894985508823576,1.208
"[1.208, 1.209)",0.0327898244834921,1.209
"[1.209, 1.21)",0.02989647483529414,1.21
"[1.21, 1.211)",0.0294901999011561,1.211
"[1.211, 1.212)",0.029070400108280804,1.212
"[1.212, 1.213)",0.023839650298128352,1.213
"[1.213, 1.214)",0.034898332375075974,1.214
"[1.214, 1.215)",0.02626641647647566,1.215
"[1.215, 1.216)",0.029682020804437877,1.216
"[1.216, 1.217)",0.031095829162032126,1.217
"[1.217, 1.218)",0.035118259026933316,1.218
"[1.218, 1.219)",0.03442937478907567,1.219
"[1.219, 1.22)",0.029023642881833817,1.22
"[1.22, 1.221)",0.025145069918551925,1.221
"[1.221, 1.222)",0.027002560258357792,1.222
"[1.222, 1.223)",0.03113036996766018,1.223
"[1.223, 1.224)",0.03317197953224323,1.224
"[1.224, 1.225)",0.03054196017935212,1.225
"[1.225, 1.226)",0.028742300439772748,1.226
"[1.226, 1.227)",0.03390714120418993,1.227
"[1.227, 1.228)",0.028987950282972973,1.228
"[1.228, 1.229)",0.03761133189254146,1.229
"[1.229, 1.23)",0.024543147481473963,1.23
"[1.23, 1.231)",0.03650944099448821,1.231
"[1.231, 1.232)",0.0288367444754717,1.232
"[1.232, 1.233)",0.02283703768526912,1.233
"[1.233, 1.234)",0.03147117322166175,1.234
"[1.234, 1.235)",0.03179062805050001,1.235
"[1.235, 1.236)",0.02850969978194074,1.236
"[1.236, 1.237)",0.038444188872783835,1.237
"[1.237, 1.238)",0.027522096486140343,1.238
"[1.238, 1.239)",0.02324222636551724,1.239
"[1.239, 1.24)",0.024280480345422375,1.24
"[1.24, 1.241)",0.02923035736185289,1.241
"[1.241, 1.242)",0.021959202738643074,1.242
"[1.242, 1.243)",0.02714183530534126,1.243
"[1.243, 1.244)",0.029515779586554616,1.244
"[1.244, 1.245)",0.02756390023478259,1.245
"[1.245, 1.246)",0.03431540090675679,1.246
"[1.246, 1.247)",0.02712938701102364,1.247
"[1.247, 1.248)",0.029160801919086068,1.248
"[1.248, 1.249)",0.02922582575471702,1.249
"[1.249, 1.25)",0.030800266884155873,1.25
"[1.25, 1.2510000000000001)",0.03130404451955309,1.251
"[1.2510000000000001, 1.252)",0.02839708358171747,1.252
"[1.252, 1.2530000000000001)",0.030904490777297337,1.253
"[1.2530000000000001, 1.254)",0.03658268059461758,1.254
"[1.254, 1.2550000000000001)",0.031058995221717182,1.255
"[1.2550000000000001, 1.256)",0.028544380122192514,1.256
"[1.256, 1.2570000000000001)",0.03381200054730078,1.257
"[1.2570000000000001, 1.258)",0.02324218907738418,1.258
"[1.258, 1.2590000000000001)",0.029832797808290887,1.259
"[1.2590000000000001, 1.26)",0.021065154794132644,1.26
"[1.26, 1.2610000000000001)",0.031132089257721526,1.261
"[1.2610000000000001, 1.262)",0.03237241744852944,1.262
"[1.262, 1.2630000000000001)",0.03563188880467314,1.263
"[1.2630000000000001, 1.264)",0.030287197559580283,1.264
"[1.264, 1.2650000000000001)",0.024019314053157867,1.265
"[1.2650000000000001, 1.266)",0.026738884192537296,1.266
"[1.266, 1.2670000000000001)",0.030844399852500013,1.267
"[1.2670000000000001, 1.268)",0.033562231494133364,1.268
"[1.268, 1.2690000000000001)",0.03586941002693642,1.269
"[1.2690000000000001, 1.27)",0.025607428202878386,1.27
"[1.27, 1.2710000000000001)",0.029807524613279165,1.271
"[1.2710000000000001, 1.272)",0.031122485452964838,1.272
"[1.272, 1.2730000000000001)",0.028938153478820394,1.273
"[1.2730000000000001, 1.274)",0.02784129129969862,1.274
"[1.274, 1.2750000000000001)",0.03293852000698327,1.275
"[1.2750000000000001, 1.276)",0.03132329025190218,1.276
"[1.276, 1.2770000000000001)",0.030879682207638495,1.277
"[1.2770000000000001, 1.278)",0.035998510878151264,1.278
"[1.278, 1.2790000000000001)",0.027309060294593734,1.279
"[1.2790000000000001, 1.28)",0.028077701214540077,1.28
"[1.28, 1.281)",0.03394833193863633,1.281
"[1.281, 1.282)",0.030731332141498542,1.282
"[1.282, 1.283)",0.036944142058563424,1.283
"[1.283, 1.284)",0.027357384890879487,1.284
"[1.284, 1.285)",0.029808972060119062,1.285
"[1.285, 1.286)",0.02936197806596385,1.286
"[1.286, 1.287)",0.030737139347756452,1.287
"[1.287, 1.288)",0.03223120812136224,1.288
"[1.288, 1.289)",0.035326879050920225,1.289
"[1.289, 1.29)",0.03297347862263613,1.29
"[1.29, 1.291)",0.033321483897345155,1.291
"[1.291, 1.292)",0.028393119967788167,1.292
"[1.292, 1.293)",0.035448480551335315,1.293
"[1.293, 1.294)",0.023945160436507955,1.294
"[1.294, 1.295)",0.031503850788059715,1.295
"[1.295, 1.296)",0.023166574333437474,1.296
"[1.296, 1.297)",0.025304086605284302,1.297
"[1.297, 1.298)",0.03580329951503147,1.298
"[1.298, 1.299)",0.03613224608535033,1.299
"[1.299, 1.3)",0.036390839532653076,1.3
"[1.3, 1.301)",0.026147603519881296,1.301
"[1.301, 1.302)",0.03488709645125413,1.302
"[1.302, 1.303)",0.025172342433628314,1.303
"[1.303, 1.304)",0.027939830145794396,1.304
"[1.304, 1.305)",0.03276786998121021,1.305
"[1.305, 1.306)",0.043866194752260085,1.306
"[1.306, 1.307)",0.03710694358256229,1.307
"[1.307, 1.308)",0.019309838865231792,1.308
"[1.308, 1.309)",0.03020928674984894,1.309
"[1.309, 1.31)",0.03045889150340135,1.31
"[1.31, 1.311)",0.02873316750526317,1.311
"[1.311, 1.312)",0.031054603591666657,1.312
"[1.312, 1.313)",0.03718150332218549,1.313
"[1.313, 1.314)",0.025172799725986836,1.314
"[1.314, 1.315)",0.030016457773333338,1.315
"[1.315, 1.316)",0.030109392392578403,1.316
"[1.316, 1.317)",0.027976698125838917,1.317
"[1.317, 1.318)",0.026842834950033208,1.318
"[1.318, 1.319)",0.022196220512807008,1.319
"[1.319, 1.32)",0.024392637966883124,1.32
"[1.32, 1.321)",0.024760788101270356,1.321
"[1.321, 1.322)",0.02834481424180554,1.322
"[1.322, 1.323)",0.031492565044528284,1.323
"[1.323, 1.324)",0.022045701904924237,1.324
"[1.324, 1.325)",0.03000567074391142,1.325
"[1.325, 1.326)",0.031166418805776145,1.326
"[1.326, 1.327)",0.02557344546822525,1.327
"[1.327, 1.328)",0.02830796675564515,1.328
"[1.328, 1.329)",0.03830168357424243,1.329
"[1.329, 1.33)",0.029473600590277767,1.33
"[1.33, 1.331)",0.02368349512877698,1.331
"[1.331, 1.332)",0.02710435995757573,1.332
"[1.332, 1.333)",0.02614449917814815,1.333
"[1.333, 1.334)",0.02960261862114694,1.334
"[1.334, 1.335)",0.03595271175882353,1.335
"[1.335, 1.336)",0.027817827754981553,1.336
"[1.336, 1.337)",0.02693357382336769,1.337
"[1.337, 1.338)",0.030176745871223036,1.338
"[1.338, 1.339)",0.029165332190240548,1.339
"[1.339, 1.34)",0.029256434878260865,1.34
"[1.34, 1.341)",0.029913542263473696,1.341
"[1.341, 1.342)",0.02516828326469314,1.342
"[1.342, 1.343)",0.022361295430943416,1.343
"[1.343, 1.344)",0.023971820138095252,1.344
"[1.344, 1.345)",0.022061694084469705,1.345
"[1.345, 1.346)",0.03770457163795918,1.346
"[1.346, 1.347)",0.0257435570909434,1.347
"[1.347, 1.348)",0.032732653755285175,1.348
"[1.348, 1.349)",0.027297749168076924,1.349
"[1.349, 1.35)",0.027146743090756292,1.35
"[1.35, 1.351)",0.02327439216939656,1.351
"[1.351, 1.352)",0.028640882770886045,1.352
"[1.352, 1.353)",0.024314834175629903,1.353
"[1.353, 1.354)",0.020221159093333333,1.354
"[1.354, 1.355)",0.022985079776751044,1.355
"[1.355, 1.356)",0.03351757918447652,1.356
"[1.356, 1.357)",0.02063928300652174,1.357
"[1.357, 1.358)",0.030046154403125,1.358
"[1.358, 1.359)",0.023839126969655174,1.359
"[1.359, 1.36)",0.02367628393418183,1.36
"[1.36, 1.361)",0.022415573616858264,1.361
"[1.361, 1.362)",0.03184446372438162,1.362
"[1.362, 1.363)",0.030158656831525424,1.363
"[1.363, 1.364)",0.025753288121666662,1.364
"[1.364, 1.365)",0.03600317095719842,1.365
"[1.365, 1.366)",0.021325816199591844,1.366
"[1.366, 1.367)",0.02558702788378378,1.367
"[1.367, 1.368)",0.026024974383384632,1.368
"[1.368, 1.369)",0.020922614041911758,1.369
"[1.369, 1.37)",0.024474888050922503,1.37
"[1.37, 1.371)",0.02910663581003585,1.371
"[1.371, 1.372)",0.0378291849064639,1.372
"[1.372, 1.373)",0.026406890799245276,1.373
"[1.373, 1.374)",0.024142258734370373,1.374
"[1.374, 1.375)",0.0397611105871429,1.375
"[1.375, 1.3760000000000001)",0.0390566664710949,1.376
"[1.3760000000000001, 1.377)",0.02546386455578947,1.377
"[1.377, 1.3780000000000001)",0.027971478284705878,1.378
"[1.3780000000000001, 1.379)",0.03028358080144401,1.379
"[1.379, 1.3800000000000001)",0.02233644300427631,1.38
"[1.3800000000000001, 1.381)",0.028886589981597235,1.381
"[1.381, 1.3820000000000001)",0.029341457033948325,1.382
"[1.3820000000000001, 1.383)",0.030600082525429534,1.383
"[1.383, 1.3840000000000001)",0.027562945991029892,1.384
"[1.3840000000000001, 1.385)",0.028836375531118667,1.385
"[1.385, 1.3860000000000001)",0.031887422264788724,1.386
"[1.3860000000000001, 1.387)",0.02777341170145453,1.387
"[1.387, 1.3880000000000001)",0.023707299864137926,1.388
"[1.3880000000000001, 1.389)",0.02395427985793103,1.389
"[1.389, 1.3900000000000001)",0.023565974493728208,1.39
"[1.3900000000000001, 1.391)",0.02930770415888156,1.391
"[1.391, 1.3920000000000001)",0.03346561896952055,1.392
"[1.3920000000000001, 1.393)",0.02806914303453968,1.393
"[1.393, 1.3940000000000001)",0.026220741423076926,1.394
"[1.3940000000000001, 1.395)",0.028974869701384076,1.395
"[1.395, 1.3960000000000001)",0.03389534549713374,1.396
"[1.3960000000000001, 1.397)",0.023230068349828176,1.397
"[1.397, 1.3980000000000001)",0.027923567006498326,1.398
"[1.3980000000000001, 1.399)",0.026360491232155493,1.399
"[1.399, 1.4000000000000001)",0.026194918946174494,1.4
"[1.4000000000000001, 1.401)",0.03805093324965518,1.401
"[1.401, 1.4020000000000001)",0.021531941932974898,1.402
"[1.4020000000000001, 1.403)",0.029650950498932387,1.403
"[1.403, 1.4040000000000001)",0.02448453302934782,1.404
"[1.4040000000000001, 1.405)",0.02839166317840531,1.405
"[1.405, 1.4060000000000001)",0.029609056455094335,1.406
"[1.4060000000000001, 1.407)",0.02816851475510205,1.407
"[1.407, 1.408)",0.028580905497454526,1.408
"[1.408, 1.409)",0.026545886909318982,1.409
"[1.409, 1.41)",0.02916609664740482,1.41
"[1.41, 1.411)",0.028974143478726587,1.411
"[1.411, 1.412)",0.023457490711787102,1.412
"[1.412, 1.413)",0.03226226763636363,1.413
"[1.413, 1.414)",0.0245260115252918,1.414
"[1.414, 1.415)",0.030844042372623552,1.415
"[1.415, 1.416)",0.03145215317909836,1.416
"[1.416, 1.417)",0.02501325547905137,1.417
"[1.417, 1.418)",0.02609364025342207,1.418
"[1.418, 1.419)",0.0274622721840708,1.419
"[1.419, 1.42)",0.03135176348448275,1.42
"[1.42, 1.421)",0.03770669060950571,1.421
"[1.421, 1.422)",0.023927793612826993,1.422
"[1.422, 1.423)",0.03619828145093631,1.423
"[1.423, 1.424)",0.02752792323067227,1.424
"[1.424, 1.425)",0.03158465201549406,1.425
"[1.425, 1.426)",0.02712211932886179,1.426
"[1.426, 1.427)",0.03291347116042552,1.427
"[1.427, 1.428)",0.027965218098701297,1.428
"[1.428, 1.429)",0.03084817383194805,1.429
"[1.429, 1.43)",0.031067990497046415,1.43
"[1.43, 1.431)",0.026773329877828038,1.431
"[1.431, 1.432)",0.026535168144976102,1.432
"[1.432, 1.433)",0.025597234259571423,1.433
"[1.433, 1.434)",0.03426813524977376,1.434
"[1.434, 1.435)",0.03519034830491071,1.435
"[1.435, 1.436)",0.025843443643347633,1.436
"[1.436, 1.437)",0.023792933828959282,1.437
"[1.437, 1.438)",0.029367080485377353,1.438
"[1.438, 1.439)",0.02933062187305937,1.439
"[1.439, 1.44)",0.02652693792170543,1.44
"[1.44, 1.441)",0.028970909634337905,1.441
"[1.441, 1.442)",0.02413531830884957,1.442
"[1.442, 1.443)",0.025635015119762832,1.443
"[1.443, 1.444)",0.026699148850946493,1.444
"[1.444, 1.445)",0.031266691971249976,1.445
"[1.445, 1.446)",0.02556771596223175,1.446
"[1.446, 1.447)",0.032364454218592964,1.447
"[1.447, 1.448)",0.03155994106909091,1.448
"[1.448, 1.449)",0.03250375179660193,1.449
"[1.449, 1.45)",0.034365745659154935,1.45
"[1.45, 1.451)",0.027912384151300793,1.451
"[1.451, 1.452)",0.03843004908883927,1.452
"[1.452, 1.453)",0.03162049938017619,1.453
"[1.453, 1.454)",0.02824153155497837,1.454
"[1.454, 1.455)",0.02758506202830188,1.455
"[1.455, 1.456)",0.03599880181325843,1.456
"[1.456, 1.457)",0.02905975729524444,1.457
"[1.457, 1.458)",0.022244592923148145,1.458
"[1.458, 1.459)",0.026984758491855214,1.459
"[1.459, 1.46)",0.02868315709210524,1.46
"[1.46, 1.461)",0.02333686420100502,1.461
"[1.461, 1.462)",0.02335852776375546,1.462
"[1.462, 1.463)",0.031422643509051724,1.463
"[1.463, 1.464)",0.021961540634722214,1.464
"[1.464, 1.465)",0.029722655744090897,1.465
"[1.465, 1.466)",0.03433424846200873,1.466
"[1.466, 1.467)",0.03517867176500001,1.467
"[1.467, 1.468)",0.0245965843475113,1.468
"[1.468, 1.469)",0.03640915892348177,1.469
"[1.469, 1.47)",0.029041892003842794,1.47
"[1.47, 1.471)",0.031589595367567544,1.471
"[1.471, 1.472)",0.026781173485407702,1.472
"[1.472, 1.473)",0.02587340260753138,1.473
"[1.473, 1.474)",0.02284449175217392,1.474
"[1.474, 1.475)",0.02395968416077626,1.475
"[1.475, 1.476)",0.033354842819151756,1.476
"[1.476, 1.477)",0.03205039754254384,1.477
"[1.477, 1.478)",0.019571917245853672,1.478
"[1.478, 1.479)",0.027432626184479614,1.479
"[1.479, 1.48)",0.02528828588437498,1.48
"[1.48, 1.481)",0.017877030919900498,1.481
"[1.481, 1.482)",0.032292650209693886,1.482
"[1.482, 1.483)",0.020925627362173915,1.483
"[1.483, 1.484)",0.02699879836481084,1.484
"[1.484, 1.485)",0.04289585910619469,1.485
"[1.485, 1.486)",0.026599017862311527,1.486
"[1.486, 1.487)",0.024461764175842705,1.487
"[1.487, 1.488)",0.03366099893782383,1.488
"[1.488, 1.489)",0.037301170258095255,1.489
"[1.489, 1.49)",0.023254145089805837,1.49
"[1.49, 1.491)",0.029777730324352335,1.491
"[1.491, 1.492)",0.01731438695824742,1.492
"[1.492, 1.493)",0.0308816645820106,1.493
"[1.493, 1.494)",0.024015590631730775,1.494
"[1.494, 1.495)",0.02943460951467392,1.495
"[1.495, 1.496)",0.028846678922647077,1.496
"[1.496, 1.497)",0.021501568590740743,1.497
"[1.497, 1.498)",0.018975736408994706,1.498
"[1.498, 1.499)",0.027627352701844667,1.499
"[1.499, 1.5)",0.02243166480725387,1.5
"[1.5, 1.5010000000000001)",0.03701404472055555,1.501
"[1.5010000000000001, 1.502)",0.028673758549489788,1.502
"[1.502, 1.5030000000000001)",0.032572919467431155,1.503
"[1.5030000000000001, 1.504)",0.027119252495161266,1.504
"[1.504, 1.5050000000000001)",0.03374270551555553,1.505
"[1.5050000000000001, 1.506)",0.03287006114935064,1.506
"[1.506, 1.5070000000000001)",0.03138702521980195,1.507
"[1.5070000000000001, 1.508)",0.022575319826451612,1.508
"[1.508, 1.5090000000000001)",0.040158178968095225,1.509
"[1.5090000000000001, 1.51)",0.026711164466153858,1.51
"[1.51, 1.5110000000000001)",0.02343503595822916,1.511
"[1.5110000000000001, 1.512)",0.03503104986054054,1.512
"[1.512, 1.5130000000000001)",0.02720206890569948,1.513
"[1.5130000000000001, 1.514)",0.035862857938983056,1.514
"[1.514, 1.5150000000000001)",0.0360636187961165,1.515
"[1.5150000000000001, 1.516)",0.03316939820499999,1.516
"[1.516, 1.5170000000000001)",0.03198722981942856,1.517
"[1.5170000000000001, 1.518)",0.03048223198137567,1.518
"[1.518, 1.5190000000000001)",0.021143769926010372,1.519
"[1.5190000000000001, 1.52)",0.02243589155228916,1.52
"[1.52, 1.5210000000000001)",0.029078304122513096,1.521
"[1.5210000000000001, 1.522)",0.029297444556250003,1.522
"[1.522, 1.5230000000000001)",0.0374497483572327,1.523
"[1.5230000000000001, 1.524)",0.023573985446511632,1.524
"[1.524, 1.5250000000000001)",0.029771433141743596,1.525
"[1.5250000000000001, 1.526)",0.03463401183366336,1.526
"[1.526, 1.5270000000000001)",0.03240248929585252,1.527
"[1.5270000000000001, 1.528)",0.03160044119481864,1.528
"[1.528, 1.5290000000000001)",0.03930167730111734,1.529
"[1.5290000000000001, 1.53)",0.03020526879268295,1.53
"[1.53, 1.5310000000000001)",0.02153642121839081,1.531
"[1.5310000000000001, 1.532)",0.03546203645405403,1.532
"[1.532, 1.5330000000000001)",0.02957885035980391,1.533
"[1.5330000000000001, 1.534)",0.02595439222154694,1.534
"[1.534, 1.5350000000000001)",0.03318168479009436,1.535
"[1.5350000000000001, 1.536)",0.026843448299425313,1.536
"[1.536, 1.537)",0.036349365642487044,1.537
"[1.537, 1.538)",0.03825504666231883,1.538
"[1.538, 1.539)",0.022879692630693074,1.539
"[1.539, 1.54)",0.028593948311165053,1.54
"[1.54, 1.541)",0.04198588660476441,1.541
"[1.541, 1.542)",0.03391686084307692,1.542
"[1.542, 1.543)",0.028477390611940313,1.543
"[1.543, 1.544)",0.027558818905025137,1.544
"[1.544, 1.545)",0.02989817778888888,1.545
"[1.545, 1.546)",0.024633488012783505,1.546
"[1.546, 1.547)",0.02387793697456647,1.547
"[1.547, 1.548)",0.025587402373076912,1.548
"[1.548, 1.549)",0.023307404217610062,1.549
"[1.549, 1.55)",0.038474988509615345,1.55
"[1.55, 1.551)",0.03520395506586539,1.551
"[1.551, 1.552)",0.021815187507303376,1.552
"[1.552, 1.553)",0.032148682812753626,1.553
"[1.553, 1.554)",0.026665544544117657,1.554
"[1.554, 1.555)",0.026028159012560396,1.555
"[1.555, 1.556)",0.026830514056504867,1.556
"[1.556, 1.557)",0.025515136194285717,1.557
"[1.557, 1.558)",0.03547406669808611,1.558
"[1.558, 1.559)",0.026170743049456536,1.559
"[1.559, 1.56)",0.032914243341121495,1.56
"[1.56, 1.561)",0.03712493593461538,1.561
"[1.561, 1.562)",0.027643498667336674,1.562
"[1.562, 1.563)",0.03383868195187166,1.563
"[1.563, 1.564)",0.028075619950267368,1.564
"[1.564, 1.565)",0.03739517931857925,1.565
"[1.565, 1.566)",0.02348186020158164,1.566
"[1.566, 1.567)",0.029412519124870466,1.567
"[1.567, 1.568)",0.02586912819319586,1.568
"[1.568, 1.569)",0.041563484185802455,1.569
"[1.569, 1.57)",0.030200405327135662,1.57
"[1.57, 1.571)",0.04016418448750001,1.571
"[1.571, 1.572)",0.031035504016666673,1.572
"[1.572, 1.573)",0.03456721519195404,1.573
"[1.573, 1.574)",0.030544718041520463,1.574
"[1.574, 1.575)",0.023105988707602325,1.575
"[1.575, 1.576)",0.032388656607843146,1.576
"[1.576, 1.577)",0.025518536751123602,1.577
"[1.577, 1.578)",0.035881531216574586,1.578
"[1.578, 1.579)",0.022967405769230786,1.579
"[1.579, 1.58)",0.02842082880510949,1.58
"[1.58, 1.581)",0.018868763072173916,1.581
"[1.581, 1.582)",0.018728820286067434,1.582
"[1.582, 1.583)",0.022831655640718564,1.583
"[1.583, 1.584)",0.01589808873142857,1.584
"[1.584, 1.585)",0.027844029437333308,1.585
"[1.585, 1.586)",0.015116005740972223,1.586
"[1.586, 1.587)",0.019798268080864205,1.587
"[1.587, 1.588)",0.04152891036127167,1.588
"[1.588, 1.589)",0.021829150272108844,1.589
"[1.589, 1.59)",0.02526946435956284,1.59
"[1.59, 1.591)",0.024838781962416113,1.591
"[1.591, 1.592)",0.029872627962820524,1.592
"[1.592, 1.593)",0.03157629622754493,1.593
"[1.593, 1.594)",0.01855394605099338,1.594
"[1.594, 1.595)",0.02636659404228573,1.595
"[1.595, 1.596)",0.02489626007151516,1.596
"[1.596, 1.597)",0.03637857697548388,1.597
"[1.597, 1.598)",0.030797681952694618,1.598
"[1.598, 1.599)",0.024488720875555547,1.599
"[1.599, 1.6)",0.03395504806263804,1.6
"[1.6, 1.601)",0.02043343749113925,1.601
"[1.601, 1.602)",0.027008353939024395,1.602
"[1.602, 1.603)",0.028804704237532452,1.603
"[1.603, 1.604)",0.02439114385217391,1.604
"[1.604, 1.605)",0.024468266513235293,1.605
"[1.605, 1.606)",0.032369877653703714,1.606
"[1.606, 1.607)",0.0276880223006993,1.607
"[1.607, 1.608)",0.01982110261500001,1.608
"[1.608, 1.609)",0.024752906700564976,1.609
"[1.609, 1.61)",0.036245781428187934,1.61
"[1.61, 1.611)",0.042744658152411755,1.611
"[1.611, 1.612)",0.036900157635761606,1.612
"[1.612, 1.613)",0.021269424363013704,1.613
"[1.613, 1.614)",0.027205190050000005,1.614
"[1.614, 1.615)",0.016919464353435592,1.615
"[1.615, 1.616)",0.01951254414189191,1.616
"[1.616, 1.617)",0.018506558700628933,1.617
"[1.617, 1.618)",0.04329633575675675,1.618
"[1.618, 1.619)",0.01979603288581083,1.619
"[1.619, 1.62)",0.023342275108311685,1.62
"[1.62, 1.621)",0.032988145585185175,1.621
"[1.621, 1.622)",0.030650408758749987,1.622
"[1.622, 1.623)",0.02723519283801169,1.623
"[1.623, 1.624)",0.03533338029012346,1.624
"[1.624, 1.625)",0.03324277646335077,1.625
"[1.625, 1.6260000000000001)",0.034744784600000016,1.626
"[1.6260000000000001, 1.627)",0.02185952456424241,1.627
"[1.627, 1.6280000000000001)",0.023723308143835626,1.628
"[1.6280000000000001, 1.629)",0.026837024401249993,1.629
"[1.629, 1.6300000000000001)",0.034901914601162806,1.63
"[1.6300000000000001, 1.631)",0.026542284893741493,1.631
"[1.631, 1.6320000000000001)",0.03435132169435898,1.632
"[1.6320000000000001, 1.633)",0.03404959472032968,1.633
"[1.633, 1.6340000000000001)",0.034784259597967035,1.634
"[1.6340000000000001, 1.635)",0.029389748871354163,1.635
"[1.635, 1.6360000000000001)",0.028734205363636373,1.636
"[1.6360000000000001, 1.637)",0.02039179806438356,1.637
"[1.637, 1.6380000000000001)",0.03331022546530613,1.638
"[1.6380000000000001, 1.639)",0.02337056063537414,1.639
"[1.639, 1.6400000000000001)",0.03158928992937063,1.64
"[1.6400000000000001, 1.641)",0.024285137844137942,1.641
"[1.641, 1.6420000000000001)",0.028929153086746987,1.642
"[1.6420000000000001, 1.643)",0.024000381172727278,1.643
"[1.643, 1.6440000000000001)",0.03461535585755812,1.644
"[1.6440000000000001, 1.645)",0.03025574248196723,1.645
"[1.645, 1.6460000000000001)",0.02807048802312499,1.646
"[1.6460000000000001, 1.647)",0.0335117716698718,1.647
"[1.647, 1.6480000000000001)",0.03326893474655404,1.648
"[1.6480000000000001, 1.649)",0.036810327323943674,1.649
"[1.649, 1.6500000000000001)",0.02768206111065088,1.65
"[1.6500000000000001, 1.651)",0.034714192101342266,1.651
"[1.651, 1.6520000000000001)",0.032176933786335404,1.652
"[1.6520000000000001, 1.653)",0.035985915440764335,1.653
"[1.653, 1.6540000000000001)",0.026173064220000028,1.654
"[1.6540000000000001, 1.655)",0.03325804638333336,1.655
"[1.655, 1.6560000000000001)",0.019819707685350317,1.656
"[1.6560000000000001, 1.657)",0.03807466003703703,1.657
"[1.657, 1.6580000000000001)",0.027931812539007096,1.658
"[1.6580000000000001, 1.659)",0.031984405213194435,1.659
"[1.659, 1.6600000000000001)",0.03815451388405795,1.66
"[1.6600000000000001, 1.661)",0.02399671033105591,1.661
"[1.661, 1.6620000000000001)",0.04019968490070425,1.662
"[1.6620000000000001, 1.663)",0.03338894309139073,1.663
"[1.663, 1.6640000000000001)",0.032468635818620695,1.664
"[1.6640000000000001, 1.665)",0.01957934043382353,1.665
"[1.665, 1.666)",0.037259035535000005,1.666
"[1.666, 1.667)",0.027700121255639105,1.667
"[1.667, 1.668)",0.026379859162605622,1.668
"[1.668, 1.669)",0.029633373605149244,1.669
"[1.669, 1.67)",0.02219099726573425,1.67
"[1.67, 1.671)",0.03597473729119999,1.671
"[1.671, 1.672)",0.02567681230088495,1.672
"[1.672, 1.673)",0.031078314801521737,1.673
"[1.673, 1.674)",0.0326941626,1.674
"[1.674, 1.675)",0.028086229279136673,1.675
"[1.675, 1.676)",0.039147289408029196,1.676
"[1.676, 1.677)",0.020427158643356647,1.677
"[1.677, 1.678)",0.02447305608589744,1.678
"[1.678, 1.679)",0.02416609450272109,1.679
"[1.679, 1.68)",0.03835746511333333,1.68
"[1.68, 1.681)",0.031749770549305556,1.681
"[1.681, 1.682)",0.026342508329593006,1.682
"[1.682, 1.683)",0.04003597958156027,1.683
"[1.683, 1.684)",0.024879015697945206,1.684
"[1.684, 1.685)",0.031370869175,1.685
"[1.685, 1.686)",0.03922819251055901,1.686
"[1.686, 1.687)",0.03222037373114752,1.687
"[1.687, 1.688)",0.03135614731411043,1.688
"[1.688, 1.689)",0.021830362426415104,1.689
"[1.689, 1.69)",0.028326315884580656,1.69
"[1.69, 1.691)",0.030354176668874164,1.691
"[1.691, 1.692)",0.025212506658666672,1.692
"[1.692, 1.693)",0.03437840637152317,1.693
"[1.693, 1.694)",0.039070376313496934,1.694
"[1.694, 1.695)",0.025872897188805973,1.695
"[1.695, 1.696)",0.04026194979933332,1.696
"[1.696, 1.697)",0.025610833187586206,1.697
"[1.697, 1.698)",0.028650876629268275,1.698
"[1.698, 1.699)",0.03283226121806449,1.699
"[1.699, 1.7)",0.02501344944492755,1.7
"[1.7, 1.701)",0.030213127964539,1.701
"[1.701, 1.702)",0.03613216113503647,1.702
"[1.702, 1.703)",0.02156364954026846,1.703
"[1.703, 1.704)",0.02779642439090909,1.704
"[1.704, 1.705)",0.02868908326381578,1.705
"[1.705, 1.706)",0.023976099843065684,1.706
"[1.706, 1.707)",0.026417261575906043,1.707
"[1.707, 1.708)",0.01728700956428572,1.708
"[1.708, 1.709)",0.029947006035294123,1.709
"[1.709, 1.71)",0.041829617263380275,1.71
"[1.71, 1.711)",0.030915952630872486,1.711
"[1.711, 1.712)",0.032288411668874174,1.712
"[1.712, 1.713)",0.03462592600897436,1.713
"[1.713, 1.714)",0.01824816338048951,1.714
"[1.714, 1.715)",0.02904867344511277,1.715
"[1.715, 1.716)",0.028267295030827064,1.716
"[1.716, 1.717)",0.034902095350375945,1.717
"[1.717, 1.718)",0.036541476447089535,1.718
"[1.718, 1.719)",0.03025898336296298,1.719
"[1.719, 1.72)",0.030383827190140832,1.72
"[1.72, 1.721)",0.03309069271818182,1.721
"[1.721, 1.722)",0.032107893962237774,1.722
"[1.722, 1.723)",0.030396662897841722,1.723
"[1.723, 1.724)",0.02677250844418604,1.724
"[1.724, 1.725)",0.0362969011086331,1.725
"[1.725, 1.726)",0.035207514811428565,1.726
"[1.726, 1.727)",0.023927203162230227,1.727
"[1.727, 1.728)",0.019931458194166682,1.728
"[1.728, 1.729)",0.02554949182911764,1.729
"[1.729, 1.73)",0.026121284606201542,1.73
"[1.73, 1.731)",0.019763753401221374,1.731
"[1.731, 1.732)",0.024649818170229012,1.732
"[1.732, 1.733)",0.030733982666766944,1.733
"[1.733, 1.734)",0.035739534500812985,1.734
"[1.734, 1.735)",0.03039148663018519,1.735
"[1.735, 1.736)",0.035418997585585595,1.736
"[1.736, 1.737)",0.03215110635681817,1.737
"[1.737, 1.738)",0.027962561067424247,1.738
"[1.738, 1.739)",0.033079081042971,1.739
"[1.739, 1.74)",0.03844271338373983,1.74
"[1.74, 1.741)",0.02370144045364341,1.741
"[1.741, 1.742)",0.02628941435107438,1.742
"[1.742, 1.743)",0.032336465801574815,1.743
"[1.743, 1.744)",0.03678064047272725,1.744
"[1.744, 1.745)",0.032787609167647065,1.745
"[1.745, 1.746)",0.030263177921782177,1.746
"[1.746, 1.747)",0.03395472164390243,1.747
"[1.747, 1.748)",0.019841315725384622,1.748
"[1.748, 1.749)",0.029718103042868843,1.749
"[1.749, 1.75)",0.03320898062631579,1.75
"[1.75, 1.7510000000000001)",0.02532458103021582,1.751
"[1.7510000000000001, 1.752)",0.030954899511029404,1.752
"[1.752, 1.7530000000000001)",0.037736813206930696,1.753
"[1.7530000000000001, 1.754)",0.024582592485087706,1.754
"[1.754, 1.7550000000000001)",0.02313304165882353,1.755
"[1.7550000000000001, 1.756)",0.04808310357478261,1.756
"[1.756, 1.7570000000000001)",0.034846870830188684,1.757
"[1.7570000000000001, 1.758)",0.023473699777540987,1.758
"[1.758, 1.7590000000000001)",0.024577766243220337,1.759
"[1.7590000000000001, 1.76)",0.0406963295573913,1.76
"[1.76, 1.7610000000000001)",0.02569406653113208,1.761
"[1.7610000000000001, 1.762)",0.02439595323434344,1.762
"[1.762, 1.7630000000000001)",0.02463471729137931,1.763
"[1.7630000000000001, 1.764)",0.021864948144067795,1.764
"[1.764, 1.7650000000000001)",0.041252186198454555,1.765
"[1.7650000000000001, 1.766)",0.03422166763571429,1.766
"[1.766, 1.7670000000000001)",0.034526021630496465,1.767
"[1.7670000000000001, 1.768)",0.02062368292250001,1.768
"[1.768, 1.7690000000000001)",0.022519061338532112,1.769
"[1.7690000000000001, 1.77)",0.01877559590059407,1.77
"[1.77, 1.7710000000000001)",0.02843865097301587,1.771
"[1.7710000000000001, 1.772)",0.042844214093162365,1.772
"[1.772, 1.7730000000000001)",0.029746411665,1.773
"[1.7730000000000001, 1.774)",0.020295842595200002,1.774
"[1.774, 1.7750000000000001)",0.040952739132999995,1.775
"[1.7750000000000001, 1.776)",0.02835726627788991,1.776
"[1.776, 1.7770000000000001)",0.018868392157657666,1.777
"[1.7770000000000001, 1.778)",0.024237479685470086,1.778
"[1.778, 1.7790000000000001)",0.022834881602352947,1.779
"[1.7790000000000001, 1.78)",0.026209274959223303,1.78
"[1.78, 1.7810000000000001)",0.025620241668048778,1.781
"[1.7810000000000001, 1.782)",0.03251260989719627,1.782
"[1.782, 1.7830000000000001)",0.020771843204395613,1.783
"[1.7830000000000001, 1.784)",0.03531808002946429,1.784
"[1.784, 1.7850000000000001)",0.02744618179174313,1.785
"[1.7850000000000001, 1.786)",0.019868929809252336,1.786
"[1.786, 1.7870000000000001)",0.03177678631114286,1.787
"[1.7870000000000001, 1.788)",0.029088935108,1.788
"[1.788, 1.7890000000000001)",0.03191401468653847,1.789
"[1.7890000000000001, 1.79)",0.018751962728155342,1.79
"[1.79, 1.7910000000000001)",0.040387485365322585,1.791
"[1.7910000000000001, 1.792)",0.034242004992380934,1.792
"[1.792, 1.793)",0.016630146696153855,1.793
"[1.793, 1.794)",0.024016522428301896,1.794
"[1.794, 1.795)",0.031394562376377964,1.795
"[1.795, 1.796)",0.031935819386111126,1.796
"[1.796, 1.797)",0.027139057286725672,1.797
"[1.797, 1.798)",0.01978560493428572,1.798
"[1.798, 1.799)",0.028871564816521735,1.799
"[1.799, 1.8)",0.028598851319587622,1.8
"[1.8, 1.801)",0.04113913854166668,1.801
"[1.801, 1.802)",0.027159599871680668,1.802
"[1.802, 1.803)",0.024597227030088507,1.803
"[1.803, 1.804)",0.022039433948453625,1.804
"[1.804, 1.805)",0.0414414872125,1.805
"[1.805, 1.806)",0.01563203066509434,1.806
"[1.806, 1.807)",0.016778078653636376,1.807
"[1.807, 1.808)",0.0184040128479592,1.808
"[1.808, 1.809)",0.02649424093960397,1.809
"[1.809, 1.81)",0.03717844248387097,1.81
"[1.81, 1.811)",0.020952034880000005,1.811
"[1.811, 1.812)",0.02890682953527272,1.812
"[1.812, 1.813)",0.03984119394230771,1.813
"[1.813, 1.814)",0.022355025023863634,1.814
"[1.814, 1.815)",0.03093358648426967,1.815
"[1.815, 1.816)",0.04280067552807019,1.816
"[1.816, 1.817)",0.037886636882314834,1.817
"[1.817, 1.818)",0.029726553186274502,1.818
"[1.818, 1.819)",0.03255208590849055,1.819
"[1.819, 1.82)",0.022752118449999997,1.82
"[1.82, 1.821)",0.033506882404301074,1.821
"[1.821, 1.822)",0.031815634171428575,1.822
"[1.822, 1.823)",0.04358750118846155,1.823
"[1.823, 1.824)",0.04435182074910716,1.824
"[1.824, 1.825)",0.026242523887592597,1.825
"[1.825, 1.826)",0.03307717241809523,1.826
"[1.826, 1.827)",0.03610834418901099,1.827
"[1.827, 1.828)",0.02285866900312502,1.828
"[1.828, 1.829)",0.027478380035789465,1.829
"[1.829, 1.83)",0.031033907453333315,1.83
"[1.83, 1.831)",0.01961207979999999,1.831
"[1.831, 1.832)",0.02615139086315789,1.832
"[1.832, 1.833)",0.028458299632989695,1.833
"[1.833, 1.834)",0.01753320381157895,1.834
"[1.834, 1.835)",0.021574366625000008,1.835
"[1.835, 1.836)",0.028002522684552854,1.836
"[1.836, 1.837)",0.02537702555555556,1.837
"[1.837, 1.838)",0.03354761461176471,1.838
"[1.838, 1.839)",0.03273253062187499,1.839
"[1.839, 1.84)",0.022416400730208338,1.84
"[1.84, 1.841)",0.02929734104623657,1.841
"[1.841, 1.842)",0.03038018312599999,1.842
"[1.842, 1.843)",0.026689399075268825,1.843
"[1.843, 1.844)",0.036203461524999994,1.844
"[1.844, 1.845)",0.04079213833893806,1.845
"[1.845, 1.846)",0.03416371485057471,1.846
"[1.846, 1.847)",0.019464756257142862,1.847
"[1.847, 1.848)",0.03071579924716981,1.848
"[1.848, 1.849)",0.03551459209473685,1.849
"[1.849, 1.85)",0.03069566553684211,1.85
"[1.85, 1.851)",0.02506674421978023,1.851
"[1.851, 1.852)",0.023885048645833334,1.852
"[1.852, 1.853)",0.028970679136752133,1.853
"[1.853, 1.854)",0.020909136563157914,1.854
"[1.854, 1.855)",0.03715873691397848,1.855
"[1.855, 1.856)",0.048304588608490545,1.856
"[1.856, 1.857)",0.02747208834654205,1.857
"[1.857, 1.858)",0.026367154652688175,1.858
"[1.858, 1.859)",0.02340631037864078,1.859
"[1.859, 1.86)",0.02589645651067961,1.86
"[1.86, 1.861)",0.021276853533663365,1.861
"[1.861, 1.862)",0.034174274351818176,1.862
"[1.862, 1.863)",0.019337658075728154,1.863
"[1.863, 1.864)",0.03555630206971697,1.864
"[1.864, 1.865)",0.022011651051724146,1.865
"[1.865, 1.866)",0.03826822858947371,1.866
"[1.866, 1.867)",0.02189591328125,1.867
"[1.867, 1.868)",0.024659780129906564,1.868
"[1.868, 1.869)",0.017390120754901962,1.869
"[1.869, 1.87)",0.022800980988888893,1.87
"[1.87, 1.871)",0.025629519318103446,1.871
"[1.871, 1.872)",0.030465717202247188,1.872
"[1.872, 1.873)",0.02109634720686275,1.873
"[1.873, 1.874)",0.03912760582222224,1.874
"[1.874, 1.875)",0.025679803536206906,1.875
"[1.875, 1.8760000000000001)",0.052419550408602154,1.876
"[1.8760000000000001, 1.877)",0.045755085466019405,1.877
"[1.877, 1.8780000000000001)",0.03406629750588235,1.878
"[1.8780000000000001, 1.879)",0.03209247041428571,1.879
"[1.879, 1.8800000000000001)",0.028157099965384617,1.88
"[1.8800000000000001, 1.881)",0.044989933919047584,1.881
"[1.881, 1.8820000000000001)",0.027869333353535364,1.882
"[1.8820000000000001, 1.883)",0.023311636155339807,1.883
"[1.883, 1.8840000000000001)",0.02287601071428572,1.884
"[1.8840000000000001, 1.885)",0.0326975741827957,1.885
"[1.885, 1.8860000000000001)",0.03452034785411767,1.886
"[1.8860000000000001, 1.887)",0.04514454156019417,1.887
"[1.887, 1.8880000000000001)",0.019190931928125005,1.888
"[1.8880000000000001, 1.889)",0.019289845866666672,1.889
"[1.889, 1.8900000000000001)",0.05089655695081632,1.89
"[1.8900000000000001, 1.891)",0.0381810697947,1.891
"[1.891, 1.8920000000000001)",0.02275667555625,1.892
"[1.8920000000000001, 1.893)",0.026316669455789473,1.893
"[1.893, 1.8940000000000001)",0.05634254630681818,1.894
"[1.8940000000000001, 1.895)",0.023813575956521747,1.895
"[1.895, 1.8960000000000001)",0.024949273403370796,1.896
"[1.8960000000000001, 1.897)",0.032593909908791206,1.897
"[1.897, 1.8980000000000001)",0.02641407587654322,1.898
"[1.8980000000000001, 1.899)",0.033085509900884956,1.899
"[1.899, 1.9000000000000001)",0.03846370396341177,1.9
"[1.9000000000000001, 1.901)",0.04031252385411764,1.901
"[1.901, 1.9020000000000001)",0.024576370009000006,1.902
"[1.9020000000000001, 1.903)",0.021404193786407774,1.903
"[1.903, 1.9040000000000001)",0.024912038737999992,1.904
"[1.9040000000000001, 1.905)",0.013478209584444439,1.905
"[1.905, 1.9060000000000001)",0.02746198192857144,1.906
"[1.9060000000000001, 1.907)",0.02060972333695652,1.907
"[1.907, 1.9080000000000001)",0.03999757521683168,1.908
"[1.9080000000000001, 1.909)",0.02814614070795456,1.909
"[1.909, 1.9100000000000001)",0.03621849962421052,1.91
"[1.9100000000000001, 1.911)",0.02744508852636364,1.911
"[1.911, 1.9120000000000001)",0.032410160162244905,1.912
"[1.9120000000000001, 1.913)",0.02363824165595238,1.913
"[1.913, 1.9140000000000001)",0.050411319856470585,1.914
"[1.9140000000000001, 1.915)",0.01799690977473685,1.915
"[1.915, 1.9160000000000001)",0.027176985930693072,1.916
"[1.9160000000000001, 1.917)",0.026720187764130435,1.917
"[1.917, 1.9180000000000001)",0.04469069202499998,1.918
"[1.9180000000000001, 1.919)",0.02865853729433962,1.919
"[1.919, 1.92)",0.03191970090663635,1.92
"[1.92, 1.921)",0.030803876453658546,1.921
"[1.921, 1.922)",0.03301423216274511,1.922
"[1.922, 1.923)",0.02251352655555556,1.923
"[1.923, 1.924)",0.030382230081395338,1.924
"[1.924, 1.925)",0.02357078223333334,1.925
"[1.925, 1.926)",0.04583674184615385,1.926
"[1.926, 1.927)",0.027650311823958326,1.927
"[1.927, 1.928)",0.022828013725172416,1.928
"[1.928, 1.929)",0.018479178704705883,1.929
"[1.929, 1.93)",0.021065835235632192,1.93
"[1.93, 1.931)",0.041082117924705876,1.931
"[1.931, 1.932)",0.030013560034375008,1.932
"[1.932, 1.933)",0.013483134246428566,1.933
"[1.933, 1.934)",0.03282968109761905,1.934
"[1.934, 1.935)",0.04460801125625001,1.935
"[1.935, 1.936)",0.04596101321012658,1.936
"[1.936, 1.937)",0.023555038266265062,1.937
"[1.937, 1.938)",0.027952919636363628,1.938
"[1.938, 1.939)",0.03995906996385543,1.939
"[1.939, 1.94)",0.02802573701666667,1.94
"[1.94, 1.941)",0.030531551469000006,1.941
"[1.941, 1.942)",0.015816756102272723,1.942
"[1.942, 1.943)",0.01992980417525774,1.943
"[1.943, 1.944)",0.023766671172631586,1.944
"[1.944, 1.945)",0.024221796386792466,1.945
"[1.945, 1.946)",0.03381103994639176,1.946
"[1.946, 1.947)",0.03170722435125,1.947
"[1.947, 1.948)",0.022928107044444455,1.948
"[1.948, 1.949)",0.03811512149844037,1.949
"[1.949, 1.95)",0.03557725309555556,1.95
"[1.95, 1.951)",0.022834544285714305,1.951
"[1.951, 1.952)",0.021565694485046735,1.952
"[1.952, 1.953)",0.026534659884955753,1.953
"[1.953, 1.954)",0.033087327248421054,1.954
"[1.954, 1.955)",0.025387817808823543,1.955
"[1.955, 1.956)",0.023314852263333335,1.956
"[1.956, 1.957)",0.023168304431372563,1.957
"[1.957, 1.958)",0.03403324315520833,1.958
"[1.958, 1.959)",0.01721173319891089,1.959
"[1.959, 1.96)",0.01957131743660715,1.96
"[1.96, 1.961)",0.02395646325584416,1.961
"[1.961, 1.962)",0.025772931095312507,1.962
"[1.962, 1.963)",0.025464677292682942,1.963
"[1.963, 1.964)",0.023593633959803934,1.964
"[1.964, 1.965)",0.01844534058163266,1.965
"[1.965, 1.966)",0.05829523064367818,1.966
"[1.966, 1.967)",0.024369958218518527,1.967
"[1.967, 1.968)",0.023651347904347825,1.968
"[1.968, 1.969)",0.02733579003232323,1.969
"[1.969, 1.97)",0.03588608532011495,1.97
"[1.97, 1.971)",0.031495804386363645,1.971
"[1.971, 1.972)",0.0332228646477273,1.972
"[1.972, 1.973)",0.03340131715053765,1.973
"[1.973, 1.974)",0.04043864552555555,1.974
"[1.974, 1.975)",0.03610619757123286,1.975
"[1.975, 1.976)",0.032181435922580645,1.976
"[1.976, 1.977)",0.03198148014945056,1.977
"[1.977, 1.978)",0.026194820419487196,1.978
"[1.978, 1.979)",0.03859441778526316,1.979
"[1.979, 1.98)",0.03240603442391305,1.98
"[1.98, 1.981)",0.03758907933737375,1.981
"[1.981, 1.982)",0.017483649938461545,1.982
"[1.982, 1.983)",0.018499822249462367,1.983
"[1.983, 1.984)",0.032242776115053766,1.984
"[1.984, 1.985)",0.0239002300234694,1.985
"[1.985, 1.986)",0.03886861810927835,1.986
"[1.986, 1.987)",0.02868458173854166,1.987
"[1.987, 1.988)",0.027744575130000004,1.988
"[1.988, 1.989)",0.022996330458297867,1.989
"[1.989, 1.99)",0.049577683818749996,1.99
"[1.99, 1.991)",0.027542674851851853,1.991
"[1.991, 1.992)",0.01792009225242719,1.992
"[1.992, 1.993)",0.03528421480869999,1.993
"[1.993, 1.994)",0.022848267980582527,1.994
"[1.994, 1.995)",0.022280424154368945,1.995
"[1.995, 1.996)",0.02851828968144232,1.996
"[1.996, 1.997)",0.03143476718888891,1.997
"[1.997, 1.998)",0.014181996248623862,1.998
"[1.998, 1.999)",0.03703136422689076,1.999
"[1.999, 2.0)",0.02392484558055556,2.0
"[2.0, 2.001)",0.01967842320792079,2.001
"[2.001, 2.0020000000000002)",0.037554580448717956,2.002
"[2.0020000000000002, 2.003)",0.027558535210891084,2.003
"[2.003, 2.004)",0.02919669331063828,2.004
"[2.004, 2.005)",0.017344710862745097,2.005
"[2.005, 2.0060000000000002)",0.04336295695294117,2.006
"[2.0060000000000002, 2.007)",0.01530792019589041,2.007
"[2.007, 2.008)",0.019444030570454563,2.008
"[2.008, 2.009)",0.03019080085,2.009
"[2.009, 2.0100000000000002)",0.020751676295652177,2.01
"[2.0100000000000002, 2.011)",0.0339581487804878,2.011
"[2.011, 2.012)",0.040780808829787234,2.012
"[2.012, 2.013)",0.029407465345238103,2.013
"[2.013, 2.0140000000000002)",0.03957551104761906,2.014
"[2.0140000000000002, 2.015)",0.02871929689130436,2.015
"[2.015, 2.016)",0.021506642257731957,2.016
"[2.016, 2.017)",0.03137417455411765,2.017
"[2.017, 2.0180000000000002)",0.030025179411764708,2.018
"[2.0180000000000002, 2.019)",0.01638614253376623,2.019
"[2.019, 2.02)",0.022922183500000002,2.02
"[2.02, 2.021)",0.03920640195,2.021
"[2.021, 2.0220000000000002)",0.026614413931034503,2.022
"[2.0220000000000002, 2.023)",0.02512045205959597,2.023
"[2.023, 2.024)",0.027708163246376816,2.024
"[2.024, 2.025)",0.03295391628260871,2.025
"[2.025, 2.0260000000000002)",0.026352825606024106,2.026
"[2.0260000000000002, 2.027)",0.039411129755813956,2.027
"[2.027, 2.028)",0.02133210059659091,2.028
"[2.028, 2.029)",0.016815125591549292,2.029
"[2.029, 2.0300000000000002)",0.02741205623170732,2.03
"[2.0300000000000002, 2.031)",0.022231258242465756,2.031
"[2.031, 2.032)",0.029785933587209303,2.032
"[2.032, 2.033)",0.03621463222222222,2.033
"[2.033, 2.0340000000000003)",0.027907673636708857,2.034
"[2.0340000000000003, 2.035)",0.033476231497777786,2.035
"[2.035, 2.036)",0.04532352582142858,2.036
"[2.036, 2.037)",0.02250156954680851,2.037
"[2.037, 2.0380000000000003)",0.036339578144047625,2.038
"[2.0380000000000003, 2.039)",0.022703274919540238,2.039
"[2.039, 2.04)",0.015243167431775706,2.04
"[2.04, 2.041)",0.032086072504395595,2.041
"[2.041, 2.0420000000000003)",0.020543573074074076,2.042
"[2.0420000000000003, 2.043)",0.039917009116883125,2.043
"[2.043, 2.044)",0.043185104548333325,2.044
"[2.044, 2.045)",0.026016582857142867,2.045
"[2.045, 2.0460000000000003)",0.02998193741851852,2.046
"[2.0460000000000003, 2.047)",0.03700587530857143,2.047
"[2.047, 2.048)",0.030177693758064516,2.048
"[2.048, 2.049)",0.017347856725,2.049
"[2.049, 2.05)",0.020790105539240523,2.05
"[2.05, 2.051)",0.026280494658536588,2.051
"[2.051, 2.052)",0.03580132781578946,2.052
"[2.052, 2.053)",0.01908212383529412,2.053
"[2.053, 2.054)",0.03464018016853933,2.054
"[2.054, 2.055)",0.022277275086363648,2.055
"[2.055, 2.056)",0.03170816376666666,2.056
"[2.056, 2.057)",0.05358656537272728,2.057
"[2.057, 2.058)",0.01957303629885057,2.058
"[2.058, 2.059)",0.03472958721866668,2.059
"[2.059, 2.06)",0.03023739453376624,2.06
"[2.06, 2.061)",0.01818882514444444,2.061
"[2.061, 2.062)",0.027546019039240522,2.062
"[2.062, 2.063)",0.019342270569135806,2.063
"[2.063, 2.064)",0.01975744501625,2.064
"[2.064, 2.065)",0.03926349555000001,2.065
"[2.065, 2.066)",0.037520057240659335,2.066
"[2.066, 2.067)",0.034469342395061754,2.067
"[2.067, 2.068)",0.02593532938169014,2.068
"[2.068, 2.069)",0.020362449042253507,2.069
"[2.069, 2.07)",0.02151160177846154,2.07
"[2.07, 2.071)",0.026025163578163278,2.071
"[2.071, 2.072)",0.021616848521125,2.072
"[2.072, 2.073)",0.01739979332463918,2.073
"[2.073, 2.074)",0.020443244570000015,2.074
"[2.074, 2.075)",0.027700703999999996,2.075
"[2.075, 2.076)",0.03269226321951219,2.076
"[2.076, 2.077)",0.01883876422093024,2.077
"[2.077, 2.078)",0.028605292852272736,2.078
"[2.078, 2.079)",0.059486756616666685,2.079
"[2.079, 2.08)",0.020928944022222232,2.08
"[2.08, 2.081)",0.01587285924,2.081
"[2.081, 2.082)",0.03548593794666667,2.082
"[2.082, 2.083)",0.03057281054054054,2.083
"[2.083, 2.084)",0.04594722635632184,2.084
"[2.084, 2.085)",0.016529066255714285,2.085
"[2.085, 2.086)",0.039675248971621634,2.086
"[2.086, 2.087)",0.027332569776470597,2.087
"[2.087, 2.088)",0.02100479385263157,2.088
"[2.088, 2.089)",0.02149855325666667,2.089
"[2.089, 2.09)",0.025219820650602423,2.09
"[2.09, 2.091)",0.029279517918133338,2.091
"[2.091, 2.092)",0.020405893837931035,2.092
"[2.092, 2.093)",0.027601323476052642,2.093
"[2.093, 2.094)",0.030108986107792206,2.094
"[2.094, 2.095)",0.03140109730120482,2.095
"[2.095, 2.096)",0.020117029262962965,2.096
"[2.096, 2.097)",0.04798569994216868,2.097
"[2.097, 2.098)",0.03622210546511628,2.098
"[2.098, 2.099)",0.024684325666666673,2.099
"[2.099, 2.1)",0.01740293470989011,2.1
"[2.1, 2.101)",0.023622520835164834,2.101
"[2.101, 2.102)",0.022834758685393263,2.102
"[2.102, 2.103)",0.03093333148915662,2.103
"[2.103, 2.104)",0.028484851656710542,2.104
"[2.104, 2.105)",0.024030070771428574,2.105
"[2.105, 2.106)",0.012593747670731707,2.106
"[2.106, 2.107)",0.022884854424444448,2.107
"[2.107, 2.108)",0.028213210218478262,2.108
"[2.108, 2.109)",0.025329906555882353,2.109
"[2.109, 2.11)",0.025387408041666667,2.11
"[2.11, 2.111)",0.023546241422471907,2.111
"[2.111, 2.112)",0.011462443103947366,2.112
"[2.112, 2.113)",0.03525940232222223,2.113
"[2.113, 2.114)",0.04013820333333333,2.114
"[2.114, 2.115)",0.02546536312500001,2.115
"[2.115, 2.116)",0.026120728327586214,2.116
"[2.116, 2.117)",0.02130211780232559,2.117
"[2.117, 2.118)",0.030928275913580244,2.118
"[2.118, 2.119)",0.03864669289333332,2.119
"[2.119, 2.12)",0.026476904891935483,2.12
"[2.12, 2.121)",0.020086009009090907,2.121
"[2.121, 2.122)",0.024368182347222225,2.122
"[2.122, 2.123)",0.03197167721538462,2.123
"[2.123, 2.124)",0.047951351167532456,2.124
"[2.124, 2.125)",0.03725256314000001,2.125
"[2.125, 2.126)",0.02714538721052631,2.126
"[2.126, 2.1270000000000002)",0.03519039168965519,2.127
"[2.1270000000000002, 2.128)",0.02370313930140846,2.128
"[2.128, 2.129)",0.02047829453714287,2.129
"[2.129, 2.13)",0.03039836295180724,2.13
"[2.13, 2.1310000000000002)",0.029229074350000002,2.131
"[2.1310000000000002, 2.132)",0.02958688230625,2.132
"[2.132, 2.133)",0.04879639403636363,2.133
"[2.133, 2.134)",0.014630218600000003,2.134
"[2.134, 2.1350000000000002)",0.024615530526153853,2.135
"[2.1350000000000002, 2.136)",0.024854954237878788,2.136
"[2.136, 2.137)",0.027217027426865673,2.137
"[2.137, 2.138)",0.018907621033333336,2.138
"[2.138, 2.1390000000000002)",0.03140963882417582,2.139
"[2.1390000000000002, 2.14)",0.027258271037037048,2.14
"[2.14, 2.141)",0.017451659315249998,2.141
"[2.141, 2.142)",0.03954201169848485,2.142
"[2.142, 2.1430000000000002)",0.04226316015,2.143
"[2.1430000000000002, 2.144)",0.02208204880602411,2.144
"[2.144, 2.145)",0.025058873082432424,2.145
"[2.145, 2.146)",0.022114816514814815,2.146
"[2.146, 2.1470000000000002)",0.019101380049382718,2.147
"[2.1470000000000002, 2.148)",0.02616470715679013,2.148
"[2.148, 2.149)",0.032893556543548384,2.149
"[2.149, 2.15)",0.023575190839506172,2.15
"[2.15, 2.1510000000000002)",0.0429363554940476,2.151
"[2.1510000000000002, 2.152)",0.023357482507246376,2.152
"[2.152, 2.153)",0.03301708281818182,2.153
"[2.153, 2.154)",0.02961149335,2.154
"[2.154, 2.1550000000000002)",0.03146621601408453,2.155
"[2.1550000000000002, 2.156)",0.03383946019736842,2.156
"[2.156, 2.157)",0.023322578067948723,2.157
"[2.157, 2.158)",0.02664033687088608,2.158
"[2.158, 2.1590000000000003)",0.02363822347435898,2.159
"[2.1590000000000003, 2.16)",0.018811548541250007,2.16
"[2.16, 2.161)",0.023553447746666668,2.161
"[2.161, 2.162)",0.025285054298630146,2.162
"[2.162, 2.1630000000000003)",0.015744665273563226,2.163
"[2.1630000000000003, 2.164)",0.013969529750000006,2.164
"[2.164, 2.165)",0.02942410507142858,2.165
"[2.165, 2.166)",0.019305510882352942,2.166
"[2.166, 2.1670000000000003)",0.04559749618888888,2.167
"[2.1670000000000003, 2.168)",0.02971738764473686,2.168
"[2.168, 2.169)",0.02693515847674419,2.169
"[2.169, 2.17)",0.02024189131791044,2.17
"[2.17, 2.1710000000000003)",0.037768548054794515,2.171
"[2.1710000000000003, 2.172)",0.016837206120597015,2.172
"[2.172, 2.173)",0.026118014467532473,2.173
"[2.173, 2.174)",0.03595561405633802,2.174
"[2.174, 2.1750000000000003)",0.040917834002758634,2.175
"[2.1750000000000003, 2.176)",0.01655813061038961,2.176
"[2.176, 2.177)",0.016920655876712324,2.177
"[2.177, 2.178)",0.01528127016455697,2.178
"[2.178, 2.179)",0.02013709843939394,2.179
"[2.179, 2.18)",0.030332142075000002,2.18
"[2.18, 2.181)",0.021169062017058822,2.181
"[2.181, 2.182)",0.03052840095961538,2.182
"[2.182, 2.183)",0.018494886268709685,2.183
"[2.183, 2.184)",0.018818614015151513,2.184
"[2.184, 2.185)",0.021003114730158732,2.185
"[2.185, 2.186)",0.017524654158461533,2.186
"[2.186, 2.187)",0.03072943232741936,2.187
"[2.187, 2.188)",0.03850256983676469,2.188
"[2.188, 2.189)",0.035453390197183084,2.189
"[2.189, 2.19)",0.02012167165512821,2.19
"[2.19, 2.191)",0.04972350877611942,2.191
"[2.191, 2.192)",0.012546378557142855,2.192
"[2.192, 2.193)",0.03348476086034484,2.193
"[2.193, 2.194)",0.040154916012857166,2.194
"[2.194, 2.195)",0.041968731254237314,2.195
"[2.195, 2.196)",0.017647648741000006,2.196
"[2.196, 2.197)",0.02569039387000001,2.197
"[2.197, 2.198)",0.02259999131666666,2.198
"[2.198, 2.199)",0.04622249880381819,2.199
"[2.199, 2.2)",0.03648008415166667,2.2
"[2.2, 2.201)",0.031804094409090926,2.201
"[2.201, 2.202)",0.024551440849056617,2.202
"[2.202, 2.203)",0.03352797391666666,2.203
"[2.203, 2.204)",0.023103715571428568,2.204
"[2.204, 2.205)",0.03651652253684211,2.205
"[2.205, 2.206)",0.05079901513043478,2.206
"[2.206, 2.207)",0.01858596055189874,2.207
"[2.207, 2.208)",0.038371770103896106,2.208
"[2.208, 2.209)",0.03337074136923078,2.209
"[2.209, 2.21)",0.029353582933333327,2.21
"[2.21, 2.211)",0.02387435046842105,2.211
"[2.211, 2.212)",0.01898370314864865,2.212
"[2.212, 2.213)",0.020996447711864416,2.213
"[2.213, 2.214)",0.030648899655737718,2.214
"[2.214, 2.215)",0.025362337195890414,2.215
"[2.215, 2.216)",0.044651773612807026,2.216
"[2.216, 2.217)",0.01913814173,2.217
"[2.217, 2.218)",0.026601766103846156,2.218
"[2.218, 2.219)",0.028319598092307694,2.219
"[2.219, 2.22)",0.02818604457462687,2.22
"[2.22, 2.221)",0.015943111044776123,2.221
"[2.221, 2.222)",0.03069951272131147,2.222
"[2.222, 2.223)",0.03119690833846155,2.223
"[2.223, 2.224)",0.04032724173484847,2.224
"[2.224, 2.225)",0.02723994257058824,2.225
"[2.225, 2.226)",0.02800702364383561,2.226
"[2.226, 2.227)",0.02568186339818181,2.227
"[2.227, 2.228)",0.018929422599999995,2.228
"[2.228, 2.229)",0.020847821920634915,2.229
"[2.229, 2.23)",0.015555115035714294,2.23
"[2.23, 2.231)",0.028558661930555562,2.231
"[2.231, 2.232)",0.01946792261865168,2.232
"[2.232, 2.233)",0.014963496376623376,2.233
"[2.233, 2.234)",0.02390156728490566,2.234
"[2.234, 2.235)",0.02652501249230769,2.235
"[2.235, 2.236)",0.022363757593750005,2.236
"[2.236, 2.237)",0.04461031417288135,2.237
"[2.237, 2.238)",0.018964566877333333,2.238
"[2.238, 2.239)",0.03833317113461538,2.239
"[2.239, 2.24)",0.018050312523076917,2.24
"[2.24, 2.241)",0.043846768836065565,2.241
"[2.241, 2.242)",0.040222840833333336,2.242
"[2.242, 2.243)",0.032174258388888884,2.243
"[2.243, 2.244)",0.031462598670000015,2.244
"[2.244, 2.245)",0.024676899507692304,2.245
"[2.245, 2.246)",0.03976265641935483,2.246
"[2.246, 2.247)",0.028622808464000005,2.247
"[2.247, 2.248)",0.02333864988888889,2.248
"[2.248, 2.249)",0.025171296436507937,2.249
"[2.249, 2.25)",0.014025965995833334,2.25
"[2.25, 2.251)",0.02680150777887324,2.251
"[2.251, 2.2520000000000002)",0.034623418938,2.252
"[2.2520000000000002, 2.253)",0.04283485989629631,2.253
"[2.253, 2.254)",0.028208074976744192,2.254
"[2.254, 2.255)",0.022700667984126992,2.255
"[2.255, 2.2560000000000002)",0.0246823495,2.256
"[2.2560000000000002, 2.257)",0.023435107501886793,2.257
"[2.257, 2.258)",0.019758856981666666,2.258
"[2.258, 2.259)",0.01576230022807017,2.259
"[2.259, 2.2600000000000002)",0.06538816669642857,2.26
"[2.2600000000000002, 2.261)",0.03538173215434783,2.261
"[2.261, 2.262)",0.02877410066875001,2.262
"[2.262, 2.263)",0.0332748136359375,2.263
"[2.263, 2.2640000000000002)",0.028131846796491233,2.264
"[2.2640000000000002, 2.265)",0.04127375903888888,2.265
"[2.265, 2.266)",0.023395119980769225,2.266
"[2.266, 2.267)",0.040757985122807025,2.267
"[2.267, 2.2680000000000002)",0.01778839006818182,2.268
"[2.2680000000000002, 2.269)",0.02361515966,2.269
"[2.269, 2.27)",0.04537260601132076,2.27
"[2.27, 2.271)",0.021002293955223888,2.271
"[2.271, 2.2720000000000002)",0.026902192215686276,2.272
"[2.2720000000000002, 2.273)",0.05117329270983607,2.273
"[2.273, 2.274)",0.021932604775510203,2.274
"[2.274, 2.275)",0.04247660277586206,2.275
"[2.275, 2.2760000000000002)",0.037881528508196705,2.276
"[2.2760000000000002, 2.277)",0.024717690657142872,2.277
"[2.277, 2.278)",0.02723983138181817,2.278
"[2.278, 2.279)",0.038961362712698414,2.279
"[2.279, 2.2800000000000002)",0.018042368432203387,2.28
"[2.2800000000000002, 2.281)",0.04809899536923076,2.281
"[2.281, 2.282)",0.05692965941791046,2.282
"[2.282, 2.283)",0.027312482564102566,2.283
"[2.283, 2.2840000000000003)",0.01695789479850746,2.284
"[2.2840000000000003, 2.285)",0.030596122746268665,2.285
"[2.285, 2.286)",0.0326470005384375,2.286
"[2.286, 2.287)",0.050861294249230755,2.287
"[2.287, 2.2880000000000003)",0.03947070389705882,2.288
"[2.2880000000000003, 2.289)",0.031878825816470606,2.289
"[2.289, 2.29)",0.019338804156410257,2.29
"[2.29, 2.291)",0.03752528994193547,2.291
"[2.291, 2.2920000000000003)",0.036849479803265306,2.292
"[2.2920000000000003, 2.293)",0.020764156047792217,2.293
"[2.293, 2.294)",0.023696912642857136,2.294
"[2.294, 2.295)",0.024262423150000004,2.295
"[2.295, 2.2960000000000003)",0.02370902033333333,2.296
"[2.2960000000000003, 2.297)",0.03014508532786886,2.297
"[2.297, 2.298)",0.028426600115151524,2.298
"[2.298, 2.299)",0.037725972787234045,2.299
"[2.299, 2.3000000000000003)",0.01890881526521739,2.3
"[2.3000000000000003, 2.301)",0.01912654892307692,2.301
"[2.301, 2.302)",0.0359792782631579,2.302
"[2.302, 2.303)",0.033092666688000004,2.303
"[2.303, 2.3040000000000003)",0.034069842230769226,2.304
"[2.3040000000000003, 2.305)",0.026065358172727267,2.305
"[2.305, 2.306)",0.035267214038596506,2.306
"[2.306, 2.307)",0.022483987295081966,2.307
"[2.307, 2.308)",0.019158506175471702,2.308
"[2.308, 2.309)",0.016711026109375002,2.309
"[2.309, 2.31)",0.016898256818181814,2.31
"[2.31, 2.311)",0.030986191608620692,2.311
"[2.311, 2.312)",0.05222143940149254,2.312
"[2.312, 2.313)",0.015347839538461534,2.313
"[2.313, 2.314)",0.04748889888571431,2.314
"[2.314, 2.315)",0.03939923607142854,2.315
"[2.315, 2.316)",0.016516673993636356,2.316
"[2.316, 2.317)",0.0229212039074074,2.317
"[2.317, 2.318)",0.021400469613636366,2.318
"[2.318, 2.319)",0.03647259850408164,2.319
"[2.319, 2.32)",0.030732898066666674,2.32
"[2.32, 2.321)",0.04360288192187503,2.321
"[2.321, 2.322)",0.03934463594738462,2.322
"[2.322, 2.323)",0.020909967301666665,2.323
"[2.323, 2.324)",0.03542623457894736,2.324
"[2.324, 2.325)",0.03292419144000002,2.325
"[2.325, 2.326)",0.015350595603448274,2.326
"[2.326, 2.327)",0.021489597402500005,2.327
"[2.327, 2.328)",0.03437505985245901,2.328
"[2.328, 2.329)",0.03069444816,2.329
"[2.329, 2.33)",0.02798016678846154,2.33
"[2.33, 2.331)",0.03362072360317459,2.331
"[2.331, 2.332)",0.03037198190153846,2.332
"[2.332, 2.333)",0.035539923115384627,2.333
"[2.333, 2.334)",0.03551308130769231,2.334
"[2.334, 2.335)",0.01879274720454545,2.335
"[2.335, 2.336)",0.0316557268,2.336
"[2.336, 2.337)",0.029506885579999996,2.337
"[2.337, 2.338)",0.03453203330769232,2.338
"[2.338, 2.339)",0.024913509620338985,2.339
"[2.339, 2.34)",0.04743205324347825,2.34
"[2.34, 2.341)",0.01882688525238095,2.341
"[2.341, 2.342)",0.042564034122448975,2.342
"[2.342, 2.343)",0.030094871636538463,2.343
"[2.343, 2.344)",0.042307852163636354,2.344
"[2.344, 2.345)",0.012771824606666668,2.345
"[2.345, 2.346)",0.03414608152631579,2.346
"[2.346, 2.347)",0.019568249105172412,2.347
"[2.347, 2.348)",0.023777049183673474,2.348
"[2.348, 2.349)",0.018569904156521738,2.349
"[2.349, 2.35)",0.04085734853877551,2.35
"[2.35, 2.351)",0.01304577083018868,2.351
"[2.351, 2.352)",0.01907286485714286,2.352
"[2.352, 2.353)",0.017833830088235303,2.353
"[2.353, 2.354)",0.027457779755999997,2.354
"[2.354, 2.355)",0.029172534464285724,2.355
"[2.355, 2.356)",0.044079764203846156,2.356
"[2.356, 2.357)",0.021204240811538464,2.357
"[2.357, 2.358)",0.030483036980000003,2.358
"[2.358, 2.359)",0.04614529392881358,2.359
"[2.359, 2.36)",0.015928610304347834,2.36
"[2.36, 2.361)",0.019168825822580646,2.361
"[2.361, 2.362)",0.021242295627450974,2.362
"[2.362, 2.363)",0.04054750652459018,2.363
"[2.363, 2.364)",0.022479412597959186,2.364
"[2.364, 2.365)",0.017462125,2.365
"[2.365, 2.366)",0.029971832109090907,2.366
"[2.366, 2.367)",0.021396935070000005,2.367
"[2.367, 2.368)",0.025159999799999996,2.368
"[2.368, 2.369)",0.017628454191489357,2.369
"[2.369, 2.37)",0.07011648894,2.37
"[2.37, 2.371)",0.05282384553333333,2.371
"[2.371, 2.372)",0.021125000415094335,2.372
"[2.372, 2.373)",0.029138813240740743,2.373
"[2.373, 2.374)",0.018873966906249998,2.374
"[2.374, 2.375)",0.025591253610192318,2.375
"[2.375, 2.376)",0.02012027118181818,2.376
"[2.376, 2.3770000000000002)",0.018214464416666666,2.377
"[2.3770000000000002, 2.378)",0.037927634557692304,2.378
"[2.378, 2.379)",0.036301220145161295,2.379
"[2.379, 2.38)",0.020930679471929815,2.38
"[2.38, 2.3810000000000002)",0.030296041526190486,2.381
"[2.3810000000000002, 2.382)",0.03628232572000001,2.382
"[2.382, 2.383)",0.028965352589743594,2.383
"[2.383, 2.384)",0.03057165654444444,2.384
"[2.384, 2.3850000000000002)",0.020862020903999995,2.385
"[2.3850000000000002, 2.386)",0.023534018891891887,2.386
"[2.386, 2.387)",0.029674369980000007,2.387
"[2.387, 2.388)",0.026619801730612257,2.388
"[2.388, 2.3890000000000002)",0.02227087708064515,2.389
"[2.3890000000000002, 2.39)",0.035886598279999994,2.39
"[2.39, 2.391)",0.014027379529411767,2.391
"[2.391, 2.392)",0.0362416735904762,2.392
"[2.392, 2.3930000000000002)",0.026397604255319146,2.393
"[2.3930000000000002, 2.394)",0.01793649186792453,2.394
"[2.394, 2.395)",0.03815103844444445,2.395
"[2.395, 2.396)",0.030792597684210533,2.396
"[2.396, 2.3970000000000002)",0.017183559731707314,2.397
"[2.3970000000000002, 2.398)",0.024858980919298237,2.398
"[2.398, 2.399)",0.04118486201724138,2.399
"[2.399, 2.4)",0.024638679444444436,2.4
"[2.4, 2.4010000000000002)",0.025721575698113203,2.401
"[2.4010000000000002, 2.402)",0.010076076413513511,2.402
"[2.402, 2.403)",0.028931038090909085,2.403
"[2.403, 2.404)",0.028307514650000004,2.404
"[2.404, 2.4050000000000002)",0.038399824088000016,2.405
"[2.4050000000000002, 2.406)",0.04289202997836735,2.406
"[2.406, 2.407)",0.02644181212499999,2.407
"[2.407, 2.408)",0.02081902086538462,2.408
"[2.408, 2.4090000000000003)",0.01963249914893617,2.409
"[2.4090000000000003, 2.41)",0.038170103553191496,2.41
"[2.41, 2.411)",0.020915220634615386,2.411
"[2.411, 2.412)",0.015516853650943394,2.412
"[2.412, 2.4130000000000003)",0.019552391291666665,2.413
"[2.4130000000000003, 2.414)",0.01503709512765958,2.414
"[2.414, 2.415)",0.026192635072727278,2.415
"[2.415, 2.416)",0.0384621729090909,2.416
"[2.416, 2.4170000000000003)",0.018696203395348828,2.417
"[2.4170000000000003, 2.418)",0.054382125043478266,2.418
"[2.418, 2.419)",0.034615487475409844,2.419
"[2.419, 2.42)",0.03006289621206897,2.42
"[2.42, 2.4210000000000003)",0.021591035615254234,2.421
"[2.4210000000000003, 2.422)",0.020419202188679254,2.422
"[2.422, 2.423)",0.019663826728813557,2.423
"[2.423, 2.424)",0.04396989341666668,2.424
"[2.424, 2.4250000000000003)",0.014311276325000002,2.425
"[2.4250000000000003, 2.426)",0.019943526048936167,2.426
"[2.426, 2.427)",0.02538766908108108,2.427
"[2.427, 2.428)",0.02830053697708333,2.428
"[2.428, 2.4290000000000003)",0.019957831078,2.429
"[2.4290000000000003, 2.43)",0.02923564163829788,2.43
"[2.43, 2.431)",0.027629607842105264,2.431
"[2.431, 2.432)",0.0500384264893617,2.432
"[2.432, 2.433)",0.027581742636363638,2.433
"[2.433, 2.434)",0.04651041600238096,2.434
"[2.434, 2.435)",0.02120954398,2.435
"[2.435, 2.436)",0.05536017313636365,2.436
"[2.436, 2.437)",0.0287757485,2.437
"[2.437, 2.438)",0.026027781491666666,2.438
"[2.438, 2.439)",0.04732332831799999,2.439
"[2.439, 2.44)",0.03809809064285714,2.44
"[2.44, 2.441)",0.016918728437500006,2.441
"[2.441, 2.442)",0.033169203499999994,2.442
"[2.442, 2.443)",0.0453782565409836,2.443
"[2.443, 2.444)",0.02170965334090909,2.444
"[2.444, 2.445)",0.025757727999999987,2.445
"[2.445, 2.446)",0.020143259080000003,2.446
"[2.446, 2.447)",0.019511751447368417,2.447
"[2.447, 2.448)",0.026429896595238096,2.448
"[2.448, 2.449)",0.021659996711111112,2.449
"[2.449, 2.45)",0.024424604387755105,2.45
"[2.45, 2.451)",0.019648547035087723,2.451
"[2.451, 2.452)",0.015080592747619042,2.452
"[2.452, 2.453)",0.04296166208695653,2.453
"[2.453, 2.454)",0.031285506782608705,2.454
"[2.454, 2.455)",0.010464937595238097,2.455
"[2.455, 2.456)",0.040155718756097566,2.456
"[2.456, 2.457)",0.03729379548484849,2.457
"[2.457, 2.458)",0.0221703965952381,2.458
"[2.458, 2.459)",0.017829329899999996,2.459
"[2.459, 2.46)",0.025876703605263163,2.46
"[2.46, 2.461)",0.02295824884807692,2.461
"[2.461, 2.462)",0.017562372583333336,2.462
"[2.462, 2.463)",0.015658156223255813,2.463
"[2.463, 2.464)",0.0153067876511628,2.464
"[2.464, 2.465)",0.029147361787037033,2.465
"[2.465, 2.466)",0.016550057987755103,2.466
"[2.466, 2.467)",0.0259475685367347,2.467
"[2.467, 2.468)",0.033404912597674426,2.468
"[2.468, 2.469)",0.03003839272195122,2.469
"[2.469, 2.47)",0.042963508066666684,2.47
"[2.47, 2.471)",0.02610993364150944,2.471
"[2.471, 2.472)",0.02360764747222223,2.472
"[2.472, 2.473)",0.015706744906249997,2.473
"[2.473, 2.474)",0.020510050454545452,2.474
"[2.474, 2.475)",0.04575945064,2.475
"[2.475, 2.476)",0.02038612041363637,2.476
"[2.476, 2.477)",0.021096096657142856,2.477
"[2.477, 2.478)",0.02495856752631579,2.478
"[2.478, 2.479)",0.030095239787878782,2.479
"[2.479, 2.48)",0.016612162462962956,2.48
"[2.48, 2.481)",0.043769016333333334,2.481
"[2.481, 2.482)",0.02156570427272727,2.482
"[2.482, 2.483)",0.026359733285714275,2.483
"[2.483, 2.484)",0.018202508266000002,2.484
"[2.484, 2.485)",0.01658704533333333,2.485
"[2.485, 2.486)",0.019790449999999994,2.486
"[2.486, 2.487)",0.01714511445238095,2.487
"[2.487, 2.488)",0.03886475130000001,2.488
"[2.488, 2.489)",0.018264364410256414,2.489
"[2.489, 2.49)",0.034866359875000016,2.49
"[2.49, 2.491)",0.02500249935897436,2.491
"[2.491, 2.492)",0.028970811444444446,2.492
"[2.492, 2.493)",0.030081653792142855,2.493
"[2.493, 2.494)",0.02424944598,2.494
"[2.494, 2.495)",0.016797335566101686,2.495
"[2.495, 2.496)",0.0158034296,2.496
"[2.496, 2.497)",0.024129740146666672,2.497
"[2.497, 2.498)",0.019859474237288142,2.498
"[2.498, 2.499)",0.03602058039107143,2.499
"[2.499, 2.5)",0.022609917313888887,2.5
"[2.5, 2.501)",0.02329568562790698,2.501
"[2.501, 2.5020000000000002)",0.022666399647619045,2.502
"[2.5020000000000002, 2.503)",0.01907996571,2.503
"[2.503, 2.504)",0.025978344219512204,2.504
"[2.504, 2.505)",0.023202647651351348,2.505
"[2.505, 2.5060000000000002)",0.014715569135897439,2.506
"[2.5060000000000002, 2.507)",0.03758287511676472,2.507
"[2.507, 2.508)",0.04769020110526317,2.508
"[2.508, 2.509)",0.02483812428723404,2.509
"[2.509, 2.5100000000000002)",0.027871809780666664,2.51
"[2.5100000000000002, 2.511)",0.04053303533461538,2.511
"[2.511, 2.512)",0.03112552589130435,2.512
"[2.512, 2.513)",0.03783672556666666,2.513
"[2.513, 2.5140000000000002)",0.027516510744186044,2.514
"[2.5140000000000002, 2.515)",0.0463890144675,2.515
"[2.515, 2.516)",0.024537708872340424,2.516
"[2.516, 2.517)",0.05013933413636363,2.517
"[2.517, 2.5180000000000002)",0.06478754437837837,2.518
"[2.5180000000000002, 2.519)",0.016359422608571428,2.519
"[2.519, 2.52)",0.023410189387755104,2.52
"[2.52, 2.521)",0.02985295419,2.521
"[2.521, 2.5220000000000002)",0.04403665602173914,2.522
"[2.5220000000000002, 2.523)",0.06157437659433964,2.523
"[2.523, 2.524)",0.03482432526734694,2.524
"[2.524, 2.525)",0.022319227563157896,2.525
"[2.525, 2.5260000000000002)",0.02817869907407407,2.526
"[2.5260000000000002, 2.527)",0.022299843084,2.527
"[2.527, 2.528)",0.028204679733333335,2.528
"[2.528, 2.529)",0.014617858065217393,2.529
"[2.529, 2.5300000000000002)",0.016550474935483873,2.53
"[2.5300000000000002, 2.531)",0.049907759413793114,2.531
"[2.531, 2.532)",0.019550945225925927,2.532
"[2.532, 2.533)",0.045447822846153854,2.533
"[2.533, 2.5340000000000003)",0.04390052288958335,2.534
"[2.5340000000000003, 2.535)",0.02655332458139534,2.535
"[2.535, 2.536)",0.025854933786666666,2.536
"[2.536, 2.537)",0.03417788005660377,2.537
"[2.537, 2.5380000000000003)",0.019988184441935484,2.538
"[2.5380000000000003, 2.539)",0.026096730830188666,2.539
"[2.539, 2.54)",0.045894089409090906,2.54
"[2.54, 2.541)",0.03162367600392157,2.541
"[2.541, 2.5420000000000003)",0.03193865864600001,2.542
"[2.5420000000000003, 2.543)",0.025353514868627452,2.543
"[2.543, 2.544)",0.03066745284782608,2.544
"[2.544, 2.545)",0.04907869563396225,2.545
"[2.545, 2.5460000000000003)",0.011986191247058823,2.546
"[2.5460000000000003, 2.547)",0.04400306316756757,2.547
"[2.547, 2.548)",0.02768454308108107,2.548
"[2.548, 2.549)",0.06443313078723406,2.549
"[2.549, 2.5500000000000003)",0.011693057833333336,2.55
"[2.5500000000000003, 2.551)",0.019359457777777773,2.551
"[2.551, 2.552)",0.030784710454166673,2.552
"[2.552, 2.553)",0.020011632844444443,2.553
"[2.553, 2.5540000000000003)",0.029520847843181815,2.554
"[2.5540000000000003, 2.555)",0.032454299400000004,2.555
"[2.555, 2.556)",0.016956436558823534,2.556
"[2.556, 2.557)",0.01573152845614035,2.557
"[2.557, 2.5580000000000003)",0.013039966186046513,2.558
"[2.5580000000000003, 2.559)",0.024750091659574473,2.559
"[2.559, 2.56)",0.03526068538888889,2.56
"[2.56, 2.561)",0.021307800586046505,2.561
"[2.561, 2.562)",0.03734267339200001,2.562
"[2.562, 2.563)",0.020432793620000004,2.563
"[2.563, 2.564)",0.01727897748717949,2.564
"[2.564, 2.565)",0.01582313727380952,2.565
"[2.565, 2.566)",0.02836103143333334,2.566
"[2.566, 2.567)",0.039317505585365856,2.567
"[2.567, 2.568)",0.027028488058823526,2.568
"[2.568, 2.569)",0.02574874849400001,2.569
"[2.569, 2.57)",0.030475245777777774,2.57
"[2.57, 2.571)",0.04249166108823528,2.571
"[2.571, 2.572)",0.021494130190476184,2.572
"[2.572, 2.573)",0.031432908058823525,2.573
"[2.573, 2.574)",0.026811221542857148,2.574
"[2.574, 2.575)",0.0223594497368421,2.575
"[2.575, 2.576)",0.016718154000000002,2.576
"[2.576, 2.577)",0.055618739821428564,2.577
"[2.577, 2.578)",0.009546613368421053,2.578
"[2.578, 2.579)",0.034202221615384616,2.579
"[2.579, 2.58)",0.02968364088235294,2.58
"[2.58, 2.581)",0.03370015177500001,2.581
"[2.581, 2.582)",0.03220322766944444,2.582
"[2.582, 2.583)",0.010333805933333334,2.583
"[2.583, 2.584)",0.01348749319761905,2.584
"[2.584, 2.585)",0.020414731113953487,2.585
"[2.585, 2.586)",0.019886093200000003,2.586
"[2.586, 2.587)",0.026325039080487802,2.587
"[2.587, 2.588)",0.02012249509090909,2.588
"[2.588, 2.589)",0.01455103429032258,2.589
"[2.589, 2.59)",0.041427449633043484,2.59
"[2.59, 2.591)",0.028932893569545457,2.591
"[2.591, 2.592)",0.01266774864864865,2.592
"[2.592, 2.593)",0.02084650911904762,2.593
"[2.593, 2.594)",0.027574657425000003,2.594
"[2.594, 2.595)",0.01777384745714286,2.595
"[2.595, 2.596)",0.03749045173265307,2.596
"[2.596, 2.597)",0.031924192906818166,2.597
"[2.597, 2.598)",0.02074164490697675,2.598
"[2.598, 2.599)",0.04424975892682926,2.599
"[2.599, 2.6)",0.0369938662595238,2.6
"[2.6, 2.601)",0.05313900043902439,2.601
"[2.601, 2.602)",0.03230918893478261,2.602
"[2.602, 2.603)",0.016870099972972976,2.603
"[2.603, 2.604)",0.04549426117500001,2.604
"[2.604, 2.605)",0.022808671199999995,2.605
"[2.605, 2.606)",0.02750515666576923,2.606
"[2.606, 2.607)",0.028949700278125004,2.607
"[2.607, 2.608)",0.021754459388888894,2.608
"[2.608, 2.609)",0.008307963777777776,2.609
"[2.609, 2.61)",0.027409838882352943,2.61
"[2.61, 2.611)",0.03222029571857142,2.611
"[2.611, 2.612)",0.014268505722222226,2.612
"[2.612, 2.613)",0.039355122547619054,2.613
"[2.613, 2.614)",0.03821485057142857,2.614
"[2.614, 2.615)",0.015109583000000001,2.615
"[2.615, 2.616)",0.01938226224242424,2.616
"[2.616, 2.617)",0.06237162588235295,2.617
"[2.617, 2.618)",0.023815326294117645,2.618
"[2.618, 2.619)",0.03299879481151516,2.619
"[2.619, 2.62)",0.01953585935945946,2.62
"[2.62, 2.621)",0.0410619392975,2.621
"[2.621, 2.622)",0.049618517047500005,2.622
"[2.622, 2.623)",0.03647810990322581,2.623
"[2.623, 2.624)",0.025579514942857148,2.624
"[2.624, 2.625)",0.020596413925000005,2.625
"[2.625, 2.626)",0.04622098126923077,2.626
"[2.626, 2.6270000000000002)",0.02931485870769231,2.627
"[2.6270000000000002, 2.628)",0.023667595303030312,2.628
"[2.628, 2.629)",0.044902996377777796,2.629
"[2.629, 2.63)",0.021143485636000003,2.63
"[2.63, 2.6310000000000002)",0.02099567965625,2.631
"[2.6310000000000002, 2.632)",0.05917181364285715,2.632
"[2.632, 2.633)",0.023428387317073168,2.633
"[2.633, 2.634)",0.040516254317666665,2.634
"[2.634, 2.6350000000000002)",0.019613994884848485,2.635
"[2.6350000000000002, 2.636)",0.03885154666666666,2.636
"[2.636, 2.637)",0.03833458105263158,2.637
"[2.637, 2.638)",0.012662608513513517,2.638
"[2.638, 2.6390000000000002)",0.0370194810652174,2.639
"[2.6390000000000002, 2.64)",0.021424759375,2.64
"[2.64, 2.641)",0.02346311529545454,2.641
"[2.641, 2.642)",0.02274024489285714,2.642
"[2.642, 2.6430000000000002)",0.012943270454545453,2.643
"[2.6430000000000002, 2.644)",0.019581808341176475,2.644
"[2.644, 2.645)",0.027678646096551723,2.645
"[2.645, 2.646)",0.03282307119675676,2.646
"[2.646, 2.6470000000000002)",0.03153034042340426,2.647
"[2.6470000000000002, 2.648)",0.0562981902368421,2.648
"[2.648, 2.649)",0.025224208378571422,2.649
"[2.649, 2.65)",0.026170300733333332,2.65
"[2.65, 2.6510000000000002)",0.012016070216216214,2.651
"[2.6510000000000002, 2.652)",0.04428407294736842,2.652
"[2.652, 2.653)",0.04341080490909089,2.653
"[2.653, 2.654)",0.028226742810526312,2.654
"[2.654, 2.6550000000000002)",0.03188852514285714,2.655
"[2.6550000000000002, 2.656)",0.0284348432368421,2.656
"[2.656, 2.657)",0.02719964477777779,2.657
"[2.657, 2.658)",0.014944179699999999,2.658
"[2.658, 2.6590000000000003)",0.02724783420943396,2.659
"[2.6590000000000003, 2.66)",0.01581219758064516,2.66
"[2.66, 2.661)",0.028012715055555564,2.661
"[2.661, 2.662)",0.018486386291891893,2.662
"[2.662, 2.6630000000000003)",0.021705319570285722,2.663
"[2.6630000000000003, 2.664)",0.020638748746031752,2.664
"[2.664, 2.665)",0.012357848575609759,2.665
"[2.665, 2.666)",0.020085688281250003,2.666
"[2.666, 2.6670000000000003)",0.0261871567877551,2.667
"[2.6670000000000003, 2.668)",0.04601842818918922,2.668
"[2.668, 2.669)",0.020742130154999993,2.669
"[2.669, 2.67)",0.03429980160000002,2.67
"[2.67, 2.6710000000000003)",0.03714223797674421,2.671
"[2.6710000000000003, 2.672)",0.018259874894736846,2.672
"[2.672, 2.673)",0.020570510977272725,2.673
"[2.673, 2.674)",0.021994184030303024,2.674
"[2.674, 2.6750000000000003)",0.030672225551724143,2.675
"[2.6750000000000003, 2.676)",0.027516671665217395,2.676
"[2.676, 2.677)",0.014710739511627907,2.677
"[2.677, 2.678)",0.06963548674545456,2.678
"[2.678, 2.6790000000000003)",0.024311323074358966,2.679
"[2.6790000000000003, 2.68)",0.025121713650000006,2.68
"[2.68, 2.681)",0.06803069792352942,2.681
"[2.681, 2.682)",0.01491642407692308,2.682
"[2.682, 2.6830000000000003)",0.02737338358333333,2.683
"[2.6830000000000003, 2.684)",0.030945820832558132,2.684
"[2.684, 2.685)",0.030479042083333335,2.685
"[2.685, 2.686)",0.01942585286842105,2.686
"[2.686, 2.6870000000000003)",0.026124089153846154,2.687
"[2.6870000000000003, 2.688)",0.016954810925,2.688
"[2.688, 2.689)",0.038965165021276595,2.689
"[2.689, 2.69)",0.0710001845,2.69
"[2.69, 2.691)",0.009340376333333334,2.691
"[2.691, 2.692)",0.04544065458333334,2.692
"[2.692, 2.693)",0.02999854476190476,2.693
"[2.693, 2.694)",0.015178668985185184,2.694
"[2.694, 2.695)",0.03280207713513513,2.695
"[2.695, 2.696)",0.06584359579166664,2.696
"[2.696, 2.697)",0.016847948921874994,2.697
"[2.697, 2.698)",0.039576050027027014,2.698
"[2.698, 2.699)",0.07303548839999997,2.699
"[2.699, 2.7)",0.03287204833611112,2.7
"[2.7, 2.701)",0.021441981973333336,2.701
"[2.701, 2.702)",0.0379713069,2.702
"[2.702, 2.703)",0.036395520187500016,2.703
"[2.703, 2.704)",0.03525588219999999,2.704
"[2.704, 2.705)",0.04658128597,2.705
"[2.705, 2.706)",0.04809833583333333,2.706
"[2.706, 2.707)",0.055834054684210516,2.707
"[2.707, 2.708)",0.03211709757741936,2.708
"[2.708, 2.709)",0.009534456296296297,2.709
"[2.709, 2.71)",0.01732285944827586,2.71
"[2.71, 2.711)",0.025214463653846143,2.711
"[2.711, 2.712)",0.013605433699999999,2.712
"[2.712, 2.713)",0.02765859466190476,2.713
"[2.713, 2.714)",0.025558218714285708,2.714
"[2.714, 2.715)",0.06092614972000003,2.715
"[2.715, 2.716)",0.03258581303225806,2.716
"[2.716, 2.717)",0.04693492058333335,2.717
"[2.717, 2.718)",0.02696721323043479,2.718
"[2.718, 2.719)",0.04128574428571429,2.719
"[2.719, 2.72)",0.046480037440000004,2.72
"[2.72, 2.721)",0.014963368469999998,2.721
"[2.721, 2.722)",0.04724836742857143,2.722
"[2.722, 2.723)",0.03451911493548388,2.723
"[2.723, 2.724)",0.023927479479999993,2.724
"[2.724, 2.725)",0.025808691625,2.725
"[2.725, 2.726)",0.04014740046153846,2.726
"[2.726, 2.727)",0.03496073517073171,2.727
"[2.727, 2.728)",0.019904070028571433,2.728
"[2.728, 2.729)",0.033090281677419335,2.729
"[2.729, 2.73)",0.05211228068965516,2.73
"[2.73, 2.731)",0.030424494608695653,2.731
"[2.731, 2.732)",0.10758225768000002,2.732
"[2.732, 2.733)",0.021815179700000003,2.733
"[2.733, 2.734)",0.044339788600000006,2.734
"[2.734, 2.735)",0.023621769068965518,2.735
"[2.735, 2.736)",0.03324673394285715,2.736
"[2.736, 2.737)",0.04125758595652173,2.737
"[2.737, 2.738)",0.025103470325,2.738
"[2.738, 2.739)",0.026714395833333335,2.739
"[2.739, 2.74)",0.03660108831515151,2.74
"[2.74, 2.741)",0.027484730084375,2.741
"[2.741, 2.742)",0.033933355185185185,2.742
"[2.742, 2.743)",0.04684253922222222,2.743
"[2.743, 2.744)",0.020766802677419358,2.744
"[2.744, 2.745)",0.033789344266666674,2.745
"[2.745, 2.746)",0.021895870852380955,2.746
"[2.746, 2.747)",0.022844632233333332,2.747
"[2.747, 2.748)",0.030134751400000003,2.748
"[2.748, 2.749)",0.014600344065625,2.749
"[2.749, 2.75)",0.01792363248275862,2.75
"[2.75, 2.751)",0.03223888092592593,2.751
"[2.751, 2.7520000000000002)",0.00825268436842105,2.752
"[2.7520000000000002, 2.753)",0.04891074885714286,2.753
"[2.753, 2.754)",0.05360026572413795,2.754
"[2.754, 2.755)",0.03066333479310345,2.755
"[2.755, 2.7560000000000002)",0.015638565079999996,2.756
"[2.7560000000000002, 2.757)",0.025217470977499996,2.757
"[2.757, 2.758)",0.02180428673571429,2.758
"[2.758, 2.759)",0.01946408516,2.759
"[2.759, 2.7600000000000002)",0.05762756051666667,2.76
"[2.7600000000000002, 2.761)",0.036159717791666664,2.761
"[2.761, 2.762)",0.023898391499999994,2.762
"[2.762, 2.763)",0.014153394224390244,2.763
"[2.763, 2.7640000000000002)",0.025806528162162164,2.764
"[2.7640000000000002, 2.765)",0.02239292810026315,2.765
"[2.765, 2.766)",0.0358495277264706,2.766
"[2.766, 2.767)",0.03197816251515152,2.767
"[2.767, 2.7680000000000002)",0.011862582806451614,2.768
"[2.7680000000000002, 2.769)",0.03790596580833333,2.769
"[2.769, 2.77)",0.024486299714285717,2.77
"[2.77, 2.771)",0.017384267307692308,2.771
"[2.771, 2.7720000000000002)",0.06697617509375,2.772
"[2.7720000000000002, 2.773)",0.010196124137931034,2.773
"[2.773, 2.774)",0.03580405517857143,2.774
"[2.774, 2.775)",0.027674908485714286,2.775
"[2.775, 2.7760000000000002)",0.023806776624999998,2.776
"[2.7760000000000002, 2.777)",0.04649832590909091,2.777
"[2.777, 2.778)",0.012862882588235295,2.778
"[2.778, 2.779)",0.012816140366666668,2.779
"[2.779, 2.7800000000000002)",0.03557527757222222,2.78
"[2.7800000000000002, 2.781)",0.026491724241176472,2.781
"[2.781, 2.782)",0.020106942666666665,2.782
"[2.782, 2.783)",0.016148078692307694,2.783
"[2.783, 2.7840000000000003)",0.022605774950000004,2.784
"[2.7840000000000003, 2.785)",0.013074454409090908,2.785
"[2.785, 2.786)",0.02233535880769231,2.786
"[2.786, 2.787)",0.05602779190624999,2.787
"[2.787, 2.7880000000000003)",0.03500448530540541,2.788
"[2.7880000000000003, 2.789)",0.021337933975609756,2.789
"[2.789, 2.79)",0.03856426015384616,2.79
"[2.79, 2.791)",0.01481984159090909,2.791
"[2.791, 2.7920000000000003)",0.03224988125000001,2.792
"[2.7920000000000003, 2.793)",0.01385058676923077,2.793
"[2.793, 2.794)",0.08790814605000001,2.794
"[2.794, 2.795)",0.09580863552380951,2.795
"[2.795, 2.7960000000000003)",0.03812856449565217,2.796
"[2.7960000000000003, 2.797)",0.04219925127586206,2.797
"[2.797, 2.798)",0.030409083751428565,2.798
"[2.798, 2.799)",0.014495719045454547,2.799
"[2.799, 2.8000000000000003)",0.029534996146666673,2.8
"[2.8000000000000003, 2.801)",0.030975441499999996,2.801
"[2.801, 2.802)",0.020865491346153845,2.802
"[2.802, 2.803)",0.0934449204117647,2.803
"[2.803, 2.8040000000000003)",0.051200747351351356,2.804
"[2.8040000000000003, 2.805)",0.013938664999999998,2.805
"[2.805, 2.806)",0.024283983208333332,2.806
"[2.806, 2.807)",0.06496909490476191,2.807
"[2.807, 2.8080000000000003)",0.014539309181818182,2.808
"[2.8080000000000003, 2.809)",0.021513366300000007,2.809
"[2.809, 2.81)",0.024077959000000003,2.81
"[2.81, 2.811)",0.03627414023529412,2.811
"[2.811, 2.8120000000000003)",0.015915343145000004,2.812
"[2.8120000000000003, 2.813)",0.0253777872,2.813
"[2.813, 2.814)",0.01938896582307692,2.814
"[2.814, 2.815)",0.010258579818181818,2.815
"[2.815, 2.816)",0.020909506392,2.816
"[2.816, 2.817)",0.022661112778333332,2.817
"[2.817, 2.818)",0.042053623136842105,2.818
"[2.818, 2.819)",0.02316783225,2.819
"[2.819, 2.82)",0.024360110704166663,2.82
"[2.82, 2.821)",0.009941994800000001,2.821
"[2.821, 2.822)",0.01615814735714286,2.822
"[2.822, 2.823)",0.04260295852380952,2.823
"[2.823, 2.824)",0.013961819444444443,2.824
"[2.824, 2.825)",0.015534594444444447,2.825
"[2.825, 2.826)",0.021291967520000007,2.826
"[2.826, 2.827)",0.013924103111111114,2.827
"[2.827, 2.828)",0.030549254249999998,2.828
"[2.828, 2.829)",0.016646075642857146,2.829
"[2.829, 2.83)",0.060668999649999986,2.83
"[2.83, 2.831)",0.013763546413793104,2.831
"[2.831, 2.832)",0.03589368054545455,2.832
"[2.832, 2.833)",0.01292640092352941,2.833
"[2.833, 2.834)",0.016077427358461537,2.834
"[2.834, 2.835)",0.025109492789473678,2.835
"[2.835, 2.836)",0.028351125764705887,2.836
"[2.836, 2.837)",0.023455023000000002,2.837
"[2.837, 2.838)",0.05029281455555554,2.838
"[2.838, 2.839)",0.033105930888888885,2.839
"[2.839, 2.84)",0.009009570833333334,2.84
"[2.84, 2.841)",0.026493395333333336,2.841
"[2.841, 2.842)",0.045240431818181825,2.842
"[2.842, 2.843)",0.0808283457894737,2.843
"[2.843, 2.844)",0.02433627825,2.844
"[2.844, 2.845)",0.0132746012,2.845
"[2.845, 2.846)",0.04237504095,2.846
"[2.846, 2.847)",0.03831038034043478,2.847
"[2.847, 2.848)",0.0169208385,2.848
"[2.848, 2.849)",0.04773103533333333,2.849
"[2.849, 2.85)",0.01335898,2.85
"[2.85, 2.851)",0.02766096048846154,2.851
"[2.851, 2.852)",0.028635910125,2.852
"[2.852, 2.853)",0.048803225578947375,2.853
"[2.853, 2.854)",0.01410188575,2.854
"[2.854, 2.855)",0.03136099872,2.855
"[2.855, 2.856)",0.014613997739130432,2.856
"[2.856, 2.857)",0.026739675624999997,2.857
"[2.857, 2.858)",0.02693348054545454,2.858
"[2.858, 2.859)",0.01948544076,2.859
"[2.859, 2.86)",0.01761180163888889,2.86
"[2.86, 2.861)",0.02106896481818182,2.861
"[2.861, 2.862)",0.024004375689473684,2.862
"[2.862, 2.863)",0.023413977333333332,2.863
"[2.863, 2.864)",0.015669601799999995,2.864
"[2.864, 2.865)",0.02061901692307692,2.865
"[2.865, 2.866)",0.0555913976090909,2.866
"[2.866, 2.867)",0.012534562000000003,2.867
"[2.867, 2.868)",0.009862730500000002,2.868
"[2.868, 2.869)",0.014987825470588235,2.869
"[2.869, 2.87)",0.0153450375,2.87
"[2.87, 2.871)",0.0393892992631579,2.871
"[2.871, 2.872)",0.03379254491666667,2.872
"[2.872, 2.873)",0.04561022888888889,2.873
"[2.873, 2.874)",0.049135235,2.874
"[2.874, 2.875)",0.0082330223,2.875
"[2.875, 2.876)",0.014245637571428573,2.876
"[2.876, 2.8770000000000002)",0.020726459078947372,2.877
"[2.8770000000000002, 2.878)",0.04996648844444444,2.878
"[2.878, 2.879)",0.012513805538461542,2.879
"[2.879, 2.88)",0.041634345835,2.88
"[2.88, 2.8810000000000002)",0.02588308276923077,2.881
"[2.8810000000000002, 2.882)",0.02143392909047619,2.882
"[2.882, 2.883)",0.029299706875,2.883
"[2.883, 2.884)",0.026374750478260874,2.884
"[2.884, 2.8850000000000002)",0.023378175000000005,2.885
"[2.8850000000000002, 2.886)",0.04628217051846154,2.886
"[2.886, 2.887)",0.04465479000000001,2.887
"[2.887, 2.888)",0.016440019760000008,2.888
"[2.888, 2.8890000000000002)",0.032424243124999995,2.889
"[2.8890000000000002, 2.89)",0.011214378727272727,2.89
"[2.89, 2.891)",0.015836643,2.891
"[2.891, 2.892)",0.04029963152173914,2.892
"[2.892, 2.8930000000000002)",0.022208639105263155,2.893
"[2.8930000000000002, 2.894)",0.039134139086666665,2.894
"[2.894, 2.895)",0.021777853833333336,2.895
"[2.895, 2.896)",0.018857020941176472,2.896
"[2.896, 2.8970000000000002)",0.014881805888888886,2.897
"[2.8970000000000002, 2.898)",0.021709370663636367,2.898
"[2.898, 2.899)",0.03321959866666666,2.899
"[2.899, 2.9)",0.08492618772142858,2.9
"[2.9, 2.9010000000000002)",0.003852397416666667,2.901
"[2.9010000000000002, 2.902)",0.02272428270967742,2.902
"[2.902, 2.903)",0.011075031388888887,2.903
"[2.903, 2.904)",0.06370660954545454,2.904
"[2.904, 2.9050000000000002)",0.036819488222222224,2.905
"[2.9050000000000002, 2.906)",0.0091449255,2.906
"[2.906, 2.907)",0.013156232903846156,2.907
"[2.907, 2.908)",0.05305227715384616,2.908
"[2.908, 2.9090000000000003)",0.03138151843157894,2.909
"[2.9090000000000003, 2.91)",0.03549859568421052,2.91
"[2.91, 2.911)",0.02211368729411765,2.911
"[2.911, 2.912)",0.020643130841666666,2.912
"[2.912, 2.9130000000000003)",0.011547242684210528,2.913
"[2.9130000000000003, 2.914)",0.02957253953333333,2.914
"[2.914, 2.915)",0.02417524347368421,2.915
"[2.915, 2.916)",0.04296678722727273,2.916
"[2.916, 2.9170000000000003)",0.0169134015,2.917
"[2.9170000000000003, 2.918)",0.033251979375,2.918
"[2.918, 2.919)",0.057820267999999994,2.919
"[2.919, 2.92)",0.028489854285714284,2.92
"[2.92, 2.9210000000000003)",0.01198736884117647,2.921
"[2.9210000000000003, 2.922)",0.03262584557894738,2.922
"[2.922, 2.923)",0.018743155117647063,2.923
"[2.923, 2.924)",0.007966394882608698,2.924
"[2.924, 2.9250000000000003)",0.017770764263157893,2.925
"[2.9250000000000003, 2.926)",0.030921530187499997,2.926
"[2.926, 2.927)",0.01958538529411765,2.927
"[2.927, 2.928)",0.041873767357142856,2.928
"[2.928, 2.9290000000000003)",0.02444730638461539,2.929
"[2.9290000000000003, 2.93)",0.033983278217391305,2.93
"[2.93, 2.931)",0.020810306666666667,2.931
"[2.931, 2.932)",0.0201638401,2.932
"[2.932, 2.9330000000000003)",0.030046281476190474,2.933
"[2.9330000000000003, 2.934)",0.045947770527777786,2.934
"[2.934, 2.935)",0.009274077166666669,2.935
"[2.935, 2.936)",0.05608863333333333,2.936
"[2.936, 2.9370000000000003)",0.0363118953,2.937
"[2.9370000000000003, 2.938)",0.042450981000000006,2.938
"[2.938, 2.939)",0.012117123873333335,2.939
"[2.939, 2.94)",0.020501221444444447,2.94
"[2.94, 2.9410000000000003)",0.03181778876000001,2.941
"[2.9410000000000003, 2.942)",0.0201411255,2.942
"[2.942, 2.943)",0.039633102866666665,2.943
"[2.943, 2.944)",0.049952526600000005,2.944
"[2.944, 2.945)",0.06418401566916666,2.945
"[2.945, 2.946)",0.03173664272352941,2.946
"[2.946, 2.947)",0.06483470450833334,2.947
"[2.947, 2.948)",0.0138157318,2.948
"[2.948, 2.949)",0.00941689896,2.949
"[2.949, 2.95)",0.0336273925,2.95
"[2.95, 2.951)",0.013134077352941172,2.951
"[2.951, 2.952)",0.021418272005000003,2.952
"[2.952, 2.953)",0.011403231726666668,2.953
"[2.953, 2.954)",0.026052302117647058,2.954
"[2.954, 2.955)",0.01115779588235294,2.955
"[2.955, 2.956)",0.033851149299999994,2.956
"[2.956, 2.957)",0.0148550921875,2.957
"[2.957, 2.958)",0.030989427140000005,2.958
"[2.958, 2.959)",0.03588793017647059,2.959
"[2.959, 2.96)",0.03295292966333333,2.96
"[2.96, 2.961)",0.010758325083333332,2.961
"[2.961, 2.962)",0.025761867499999997,2.962
"[2.962, 2.963)",0.09567501411764705,2.963
"[2.963, 2.964)",0.019818828312499998,2.964
"[2.964, 2.965)",0.023839088666666668,2.965
"[2.965, 2.966)",0.01876695011764706,2.966
"[2.966, 2.967)",0.01313137366111111,2.967
"[2.967, 2.968)",0.015099222147826082,2.968
"[2.968, 2.969)",0.03659431324285715,2.969
"[2.969, 2.97)",0.031778279275,2.97
"[2.97, 2.971)",0.016736241642857145,2.971
"[2.971, 2.972)",0.027117127809999995,2.972
"[2.972, 2.973)",0.086274398875,2.973
"[2.973, 2.974)",0.029987676476190474,2.974
"[2.974, 2.975)",0.010643728499999998,2.975
"[2.975, 2.976)",0.014444798266666666,2.976
"[2.976, 2.977)",0.023951630705882358,2.977
"[2.977, 2.978)",0.03232943074166667,2.978
"[2.978, 2.979)",0.020282464853846154,2.979
"[2.979, 2.98)",0.011106272923076923,2.98
"[2.98, 2.981)",0.01870582664285714,2.981
"[2.981, 2.982)",0.072183083575,2.982
"[2.982, 2.983)",0.032813811333333325,2.983
"[2.983, 2.984)",0.029951827388888883,2.984
"[2.984, 2.985)",0.03822849677777777,2.985
"[2.985, 2.986)",0.03851571723076923,2.986
"[2.986, 2.987)",0.022693325733333332,2.987
"[2.987, 2.988)",0.017840195163636365,2.988
"[2.988, 2.989)",0.02397244525,2.989
"[2.989, 2.99)",0.01524532176190476,2.99
"[2.99, 2.991)",0.1167875676,2.991
"[2.991, 2.992)",0.015396260428571434,2.992
"[2.992, 2.993)",0.009469172116666667,2.993
"[2.993, 2.994)",0.016057903266666666,2.994
"[2.994, 2.995)",0.016414302500000002,2.995
"[2.995, 2.996)",0.022467423273333335,2.996
"[2.996, 2.997)",0.044669804666666674,2.997
"[2.997, 2.998)",0.03876700423529412,2.998
"[2.998, 2.999)",0.014022874714285713,2.999
"[2.999, 3.0)",0.03524829447058824,3.0
"[3.0, 3.001)",0.027917515058823526,3.001
"[3.001, 3.0020000000000002)",0.0037197264,3.002
"[3.0020000000000002, 3.003)",0.022568441153846153,3.003
"[3.003, 3.004)",0.025504938454545448,3.004
"[3.004, 3.005)",0.07927975425999999,3.005
"[3.005, 3.0060000000000002)",0.025471827750000006,3.006
"[3.0060000000000002, 3.007)",0.038644926622222214,3.007
"[3.007, 3.008)",0.02247583690909091,3.008
"[3.008, 3.009)",0.033873825866666665,3.009
"[3.009, 3.0100000000000002)",0.03320229843750001,3.01
"[3.0100000000000002, 3.011)",0.02220792969230769,3.011
"[3.011, 3.012)",0.014226802187499997,3.012
"[3.012, 3.013)",0.03145576223076923,3.013
"[3.013, 3.0140000000000002)",0.033900717505000004,3.014
"[3.0140000000000002, 3.015)",0.04580192135294118,3.015
"[3.015, 3.016)",0.030050967687500003,3.016
"[3.016, 3.017)",0.005677041625,3.017
"[3.017, 3.0180000000000002)",0.013502751533333336,3.018
"[3.0180000000000002, 3.019)",0.009954293916666666,3.019
"[3.019, 3.02)",0.007981738916666667,3.02
"[3.02, 3.021)",0.006772314608333333,3.021
"[3.021, 3.0220000000000002)",0.03866419021428571,3.022
"[3.0220000000000002, 3.023)",0.014034176176470589,3.023
"[3.023, 3.024)",0.03339505042857143,3.024
"[3.024, 3.025)",0.02024242615,3.025
"[3.025, 3.0260000000000002)",0.06405806730000001,3.026
"[3.0260000000000002, 3.027)",0.04091849833333334,3.027
"[3.027, 3.028)",0.02423066441666667,3.028
"[3.028, 3.029)",0.016915882463636366,3.029
"[3.029, 3.0300000000000002)",0.012689367555555556,3.03
"[3.0300000000000002, 3.031)",0.04234597608333333,3.031
"[3.031, 3.032)",0.01722229938235294,3.032
"[3.032, 3.033)",0.029865278461538462,3.033
"[3.033, 3.0340000000000003)",0.020894823454545453,3.034
"[3.0340000000000003, 3.035)",0.012558235769230767,3.035
"[3.035, 3.036)",0.0165865216,3.036
"[3.036, 3.037)",0.12144723399999997,3.037
"[3.037, 3.0380000000000003)",0.02114808764285714,3.038
"[3.0380000000000003, 3.039)",0.014507953446666664,3.039
"[3.039, 3.04)",0.006978803877777779,3.04
"[3.04, 3.041)",0.036310888066666665,3.041
"[3.041, 3.0420000000000003)",0.023898339227272726,3.042
"[3.0420000000000003, 3.043)",0.022490681083333335,3.043
"[3.043, 3.044)",0.043594478133333336,3.044
"[3.044, 3.045)",0.10946378912499999,3.045
"[3.045, 3.0460000000000003)",0.017229590375,3.046
"[3.0460000000000003, 3.047)",0.013161944066875002,3.047
"[3.047, 3.048)",0.020195545428571427,3.048
"[3.048, 3.049)",0.015927749010526317,3.049
"[3.049, 3.0500000000000003)",0.01823995525,3.05
"[3.0500000000000003, 3.051)",0.03229111020000001,3.051
"[3.051, 3.052)",0.013690242555555556,3.052
"[3.052, 3.053)",0.045529769299999995,3.053
"[3.053, 3.0540000000000003)",0.020964591600000002,3.054
"[3.0540000000000003, 3.055)",0.022405921818181823,3.055
"[3.055, 3.056)",0.038160401506666664,3.056
"[3.056, 3.057)",0.08981268076428571,3.057
"[3.057, 3.0580000000000003)",0.04837370774545455,3.058
"[3.0580000000000003, 3.059)",0.0210621893,3.059
"[3.059, 3.06)",0.021126340466666664,3.06
"[3.06, 3.061)",0.025409249499999998,3.061
"[3.061, 3.0620000000000003)",0.02420342547058824,3.062
"[3.0620000000000003, 3.063)",0.0232278403,3.063
"[3.063, 3.064)",0.026349415356521726,3.064
"[3.064, 3.065)",0.03390445190909091,3.065
"[3.065, 3.0660000000000003)",0.025957543904761904,3.066
"[3.0660000000000003, 3.067)",0.013326054142857143,3.067
"[3.067, 3.068)",0.014961217684210527,3.068
"[3.068, 3.069)",0.021353129745454547,3.069
"[3.069, 3.0700000000000003)",0.026826140642857148,3.07
"[3.0700000000000003, 3.071)",0.023581419295652176,3.071
"[3.071, 3.072)",0.007622334874999999,3.072
"[3.072, 3.073)",0.03747593581250001,3.073
"[3.073, 3.074)",0.023841258705882357,3.074
"[3.074, 3.075)",0.02967276928571429,3.075
"[3.075, 3.076)",0.0031397338333333333,3.076
"[3.076, 3.077)",0.0098709004,3.077
"[3.077, 3.078)",0.0365533775,3.078
"[3.078, 3.079)",0.0116159751875,3.079
"[3.079, 3.08)",0.010560674499999997,3.08
"[3.08, 3.081)",0.021988613909090904,3.081
"[3.081, 3.082)",0.01458194825,3.082
"[3.082, 3.083)",0.02606971973333334,3.083
"[3.083, 3.084)",0.01587370158823529,3.084
"[3.084, 3.085)",0.023454126275,3.085
"[3.085, 3.086)",0.05962240399999999,3.086
"[3.086, 3.087)",0.031107168473684214,3.087
"[3.087, 3.088)",0.02770179026666667,3.088
"[3.088, 3.089)",0.03693597766666667,3.089
"[3.089, 3.09)",0.0194258175625,3.09
"[3.09, 3.091)",0.024457583413333334,3.091
"[3.091, 3.092)",0.021923217333333342,3.092
"[3.092, 3.093)",0.019737831666666667,3.093
"[3.093, 3.094)",0.017696304750000003,3.094
"[3.094, 3.095)",0.010806155230769231,3.095
"[3.095, 3.096)",0.016324348869999998,3.096
"[3.096, 3.097)",0.02065475925,3.097
"[3.097, 3.098)",0.05701713442142857,3.098
"[3.098, 3.099)",0.02096915326666667,3.099
"[3.099, 3.1)",0.026325414545454548,3.1
"[3.1, 3.101)",0.015447370857142857,3.101
"[3.101, 3.102)",0.016260111642857143,3.102
"[3.102, 3.103)",0.008258051888888888,3.103
"[3.103, 3.104)",0.00881768,3.104
"[3.104, 3.105)",0.013655117555555556,3.105
"[3.105, 3.106)",0.06404465000000001,3.106
"[3.106, 3.107)",0.00583205985882353,3.107
"[3.107, 3.108)",0.02486928957142857,3.108
"[3.108, 3.109)",0.008621509777777779,3.109
"[3.109, 3.11)",0.08034140306666669,3.11
"[3.11, 3.111)",0.015859682363636364,3.111
"[3.111, 3.112)",0.01243735439,3.112
"[3.112, 3.113)",0.017815605846153847,3.113
"[3.113, 3.114)",0.06860303885333334,3.114
"[3.114, 3.115)",0.029847175727272725,3.115
"[3.115, 3.116)",0.025232529374999996,3.116
"[3.116, 3.117)",0.03725165025,3.117
"[3.117, 3.118)",0.008269564714285714,3.118
"[3.118, 3.119)",0.046299848750000004,3.119
"[3.119, 3.12)",0.01262655875,3.12
"[3.12, 3.121)",0.021262908555555557,3.121
"[3.121, 3.122)",0.048513575999999996,3.122
"[3.122, 3.123)",0.03416726628571429,3.123
"[3.123, 3.124)",0.0082045703,3.124
"[3.124, 3.125)",0.03872665354545455,3.125
"[3.125, 3.126)",0.0398825022,3.126
"[3.126, 3.1270000000000002)",0.02997148126666667,3.127
"[3.1270000000000002, 3.128)",0.00993822926,3.128
"[3.128, 3.129)",0.011583028923076923,3.129
"[3.129, 3.13)",0.05965217240909091,3.13
"[3.13, 3.1310000000000002)",0.010790781775000001,3.131
"[3.1310000000000002, 3.132)",0.014323183272727273,3.132
"[3.132, 3.133)",0.057899402142857145,3.133
"[3.133, 3.134)",0.04025839833333333,3.134
"[3.134, 3.1350000000000002)",0.014391905,3.135
"[3.1350000000000002, 3.136)",0.030844752333333333,3.136
"[3.136, 3.137)",0.008497648833333335,3.137
"[3.137, 3.138)",0.03634136527647059,3.138
"[3.138, 3.1390000000000002)",0.011565234545454545,3.139
"[3.1390000000000002, 3.14)",0.01104152911111111,3.14
"[3.14, 3.141)",0.01546763037368421,3.141
"[3.141, 3.142)",0.011999603222222223,3.142
"[3.142, 3.1430000000000002)",0.03754525566666666,3.143
"[3.1430000000000002, 3.144)",0.0134479302,3.144
"[3.144, 3.145)",0.01621806136363637,3.145
"[3.145, 3.146)",0.011731525714285715,3.146
"[3.146, 3.1470000000000002)",0.07260687385714285,3.147
"[3.1470000000000002, 3.148)",0.026974453235294116,3.148
"[3.148, 3.149)",0.028978469266666664,3.149
"[3.149, 3.15)",0.01242781888888889,3.15
"[3.15, 3.1510000000000002)",0.01645512390909091,3.151
"[3.1510000000000002, 3.152)",0.05433072060000001,3.152
"[3.152, 3.153)",0.042506601500000005,3.153
"[3.153, 3.154)",0.020828054214285716,3.154
"[3.154, 3.1550000000000002)",0.012267255783333335,3.155
"[3.1550000000000002, 3.156)",0.031974143499999996,3.156
"[3.156, 3.157)",0.00825440211111111,3.157
"[3.157, 3.158)",0.003859339275,3.158
"[3.158, 3.1590000000000003)",0.01579641307142857,3.159
"[3.1590000000000003, 3.16)",0.027994179222222224,3.16
"[3.16, 3.161)",0.021022684538461536,3.161
"[3.161, 3.162)",0.017180427007142857,3.162
"[3.162, 3.1630000000000003)",0.021990827200000004,3.163
"[3.1630000000000003, 3.164)",0.011320337153846154,3.164
"[3.164, 3.165)",0.027239532166666663,3.165
"[3.165, 3.166)",0.02308339664285714,3.166
"[3.166, 3.1670000000000003)",0.008235935214285714,3.167
"[3.1670000000000003, 3.168)",0.011329365499999999,3.168
"[3.168, 3.169)",0.0399884506,3.169
"[3.169, 3.17)",0.028045354,3.17
"[3.17, 3.1710000000000003)",0.014046375499999998,3.171
"[3.1710000000000003, 3.172)",0.014264124000000001,3.172
"[3.172, 3.173)",0.019356266100000002,3.173
"[3.173, 3.174)",0.022264557875,3.174
"[3.174, 3.1750000000000003)",0.031036306781538462,3.175
"[3.1750000000000003, 3.176)",0.011710640750000001,3.176
"[3.176, 3.177)",0.011617669272727272,3.177
"[3.177, 3.178)",0.012570776666666667,3.178
"[3.178, 3.1790000000000003)",0.03941117692307693,3.179
"[3.1790000000000003, 3.18)",0.033478873,3.18
"[3.18, 3.181)",0.06092128936363636,3.181
"[3.181, 3.182)",0.07043094323076923,3.182
"[3.182, 3.1830000000000003)",0.06799737477777779,3.183
"[3.1830000000000003, 3.184)",0.0438486525,3.184
"[3.184, 3.185)",0.02518315818181818,3.185
"[3.185, 3.186)",0.009010548171428571,3.186
"[3.186, 3.1870000000000003)",0.015312459750000002,3.187
"[3.1870000000000003, 3.188)",0.018491669999999998,3.188
"[3.188, 3.189)",0.031098030666666672,3.189
"[3.189, 3.19)",0.022929771600000003,3.19
"[3.19, 3.1910000000000003)",0.015229787333333331,3.191
"[3.1910000000000003, 3.192)",0.03508873109090909,3.192
"[3.192, 3.193)",0.04225043966666667,3.193
"[3.193, 3.194)",0.01747163575,3.194
"[3.194, 3.1950000000000003)",0.029630995714285718,3.195
"[3.1950000000000003, 3.196)",0.050656815,3.196
"[3.196, 3.197)",0.016857972166666665,3.197
"[3.197, 3.198)",0.026846799636363636,3.198
"[3.198, 3.1990000000000003)",0.014709116099999999,3.199
"[3.1990000000000003, 3.2)",0.04065,3.2
"[3.2, 3.201)",0.01079696,3.201
"[3.201, 3.202)",0.039679073749999995,3.202
"[3.202, 3.203)",0.01958868111111111,3.203
"[3.203, 3.204)",0.009758987818181818,3.204
"[3.204, 3.205)",0.013330149461538461,3.205
"[3.205, 3.206)",0.014580525,3.206
"[3.206, 3.207)",0.030959008499999996,3.207
"[3.207, 3.208)",0.0201412890375,3.208
"[3.208, 3.209)",0.028651182636363636,3.209
"[3.209, 3.21)",0.007710962111111112,3.21
"[3.21, 3.211)",0.017588818,3.211
"[3.211, 3.212)",0.032051952333333335,3.212
"[3.212, 3.213)",0.027827420500000002,3.213
"[3.213, 3.214)",0.05310395999999999,3.214
"[3.214, 3.215)",0.018763890842105266,3.215
"[3.215, 3.216)",0.019157541111111107,3.216
"[3.216, 3.217)",0.028819573750000004,3.217
"[3.217, 3.218)",0.1037789643076923,3.218
"[3.218, 3.219)",0.020304398542857146,3.219
"[3.219, 3.22)",0.01415047991875,3.22
"[3.22, 3.221)",0.020442456714285715,3.221
"[3.221, 3.222)",0.018288515363636362,3.222
"[3.222, 3.223)",0.03254415586249999,3.223
"[3.223, 3.224)",0.047778991181818185,3.224
"[3.224, 3.225)",0.025762917777777776,3.225
"[3.225, 3.226)",0.007182180600000001,3.226
"[3.226, 3.227)",0.013765903181818185,3.227
"[3.227, 3.228)",0.023840397,3.228
"[3.228, 3.229)",0.04505526166666666,3.229
"[3.229, 3.23)",0.01199099075,3.23
"[3.23, 3.231)",0.04070347790909091,3.231
"[3.231, 3.232)",0.004158279571428571,3.232
"[3.232, 3.233)",0.044486297550000005,3.233
"[3.233, 3.234)",0.04742521886666666,3.234
"[3.234, 3.235)",0.04705706844444445,3.235
"[3.235, 3.236)",0.03528132481818182,3.236
"[3.236, 3.237)",0.04284537566666666,3.237
"[3.237, 3.238)",0.010564716,3.238
"[3.238, 3.239)",0.020294194287499998,3.239
"[3.239, 3.24)",0.011574227800000001,3.24
"[3.24, 3.241)",0.011750257,3.241
"[3.241, 3.242)",0.028144816333333336,3.242
"[3.242, 3.243)",0.018760091083333333,3.243
"[3.243, 3.244)",0.015568198333333333,3.244
"[3.244, 3.245)",0.07993573622222222,3.245
"[3.245, 3.246)",0.026354842181818185,3.246
"[3.246, 3.247)",0.02188118083125,3.247
"[3.247, 3.248)",0.0172315393,3.248
"[3.248, 3.249)",0.017366051999999996,3.249
"[3.249, 3.25)",0.013691507299999999,3.25
"[3.25, 3.251)",0.033242416425,3.251
"[3.251, 3.2520000000000002)",0.03139837375,3.252
"[3.2520000000000002, 3.253)",0.007821474777777776,3.253
"[3.253, 3.254)",0.01593213,3.254
"[3.254, 3.255)",0.01902058,3.255
"[3.255, 3.2560000000000002)",0.0221733676,3.256
"[3.2560000000000002, 3.257)",0.014405942857142858,3.257
"[3.257, 3.258)",0.017363007,3.258
"[3.258, 3.259)",0.0017728775142857142,3.259
"[3.259, 3.2600000000000002)",0.029591496241666664,3.26
"[3.2600000000000002, 3.261)",0.016694866522222223,3.261
"[3.261, 3.262)",0.029233878499999998,3.262
"[3.262, 3.263)",0.009683985142857144,3.263
"[3.263, 3.2640000000000002)",0.036208306545454545,3.264
"[3.2640000000000002, 3.265)",0.01849190092307693,3.265
"[3.265, 3.266)",0.03863653076153846,3.266
"[3.266, 3.267)",0.009135134875000001,3.267
"[3.267, 3.2680000000000002)",0.012413963666666666,3.268
"[3.2680000000000002, 3.269)",0.013781316570588235,3.269
"[3.269, 3.27)",0.1696507357142857,3.27
"[3.27, 3.271)",0.01976852518181818,3.271
"[3.271, 3.2720000000000002)",0.032401772727272724,3.272
"[3.2720000000000002, 3.273)",0.00403834325,3.273
"[3.273, 3.274)",0.06542580725,3.274
"[3.274, 3.275)",0.019746660000000003,3.275
"[3.275, 3.2760000000000002)",0.035246129875000004,3.276
"[3.2760000000000002, 3.277)",0.026923743470588235,3.277
"[3.277, 3.278)",0.030806607571428574,3.278
"[3.278, 3.279)",0.013705919999999998,3.279
"[3.279, 3.2800000000000002)",0.025481643999999998,3.28
"[3.2800000000000002, 3.281)",0.021315742588235292,3.281
"[3.281, 3.282)",0.037504932,3.282
"[3.282, 3.283)",0.026201042769230774,3.283
"[3.283, 3.2840000000000003)",0.019921504071428574,3.284
"[3.2840000000000003, 3.285)",0.028907481777777775,3.285
"[3.285, 3.286)",0.023007445989444444,3.286
"[3.286, 3.287)",0.016700909272727275,3.287
"[3.287, 3.2880000000000003)",0.011185025714285713,3.288
"[3.2880000000000003, 3.289)",0.0314702575,3.289
"[3.289, 3.29)",0.021681761900000002,3.29
"[3.29, 3.291)",0.027919070375,3.291
"[3.291, 3.2920000000000003)",0.028675862000000003,3.292
"[3.2920000000000003, 3.293)",0.026681842583333337,3.293
"[3.293, 3.294)",0.02938153111111112,3.294
"[3.294, 3.295)",0.017448568222222224,3.295
"[3.295, 3.2960000000000003)",0.02438119787142857,3.296
"[3.2960000000000003, 3.297)",0.0297493028888889,3.297
"[3.297, 3.298)",0.018987288333333335,3.298
"[3.298, 3.299)",0.00400885,3.299
"[3.299, 3.3000000000000003)",0.0133131055,3.3
"[3.3000000000000003, 3.301)",0.019724144500000002,3.301
"[3.301, 3.302)",0.021352852000000002,3.302
"[3.302, 3.303)",0.016598292666666667,3.303
"[3.303, 3.3040000000000003)",0.0034180346,3.304
"[3.3040000000000003, 3.305)",0.02715180846153846,3.305
"[3.305, 3.306)",0.05631390599999998,3.306
"[3.306, 3.307)",0.026366051566666663,3.307
"[3.307, 3.3080000000000003)",0.020818228416666664,3.308
"[3.3080000000000003, 3.309)",0.047629584416666655,3.309
"[3.309, 3.31)",0.011350058,3.31
"[3.31, 3.311)",0.01973599,3.311
"[3.311, 3.3120000000000003)",0.0067435626,3.312
"[3.3120000000000003, 3.313)",0.04783434444444444,3.313
"[3.313, 3.314)",0.021484188300000002,3.314
"[3.314, 3.315)",0.009929215857142857,3.315
"[3.315, 3.3160000000000003)",0.01101577,3.316
"[3.3160000000000003, 3.317)",0.06770333878571429,3.317
"[3.317, 3.318)",0.019316387500000004,3.318
"[3.318, 3.319)",0.005364913333333333,3.319
"[3.319, 3.3200000000000003)",0.0581079053,3.32
"[3.3200000000000003, 3.321)",0.0055704455,3.321
"[3.321, 3.322)",0.046596284818181816,3.322
"[3.322, 3.323)",0.0342340045,3.323
"[3.323, 3.3240000000000003)",0.013135437785714285,3.324
"[3.3240000000000003, 3.325)",0.03373061166666667,3.325
"[3.325, 3.326)",0.024309653333333334,3.326
"[3.326, 3.327)",0.0061522643899999995,3.327
"[3.327, 3.3280000000000003)",0.024310798866666664,3.328
"[3.3280000000000003, 3.329)",0.008875902166666666,3.329
"[3.329, 3.33)",0.04667896415384616,3.33
"[3.33, 3.331)",0.037642121066666666,3.331
"[3.331, 3.332)",0.016419083333333334,3.332
"[3.332, 3.333)",0.03506193553333333,3.333
"[3.333, 3.334)",0.018809513,3.334
"[3.334, 3.335)",0.009643621111111113,3.335
"[3.335, 3.336)",0.028642675000000003,3.336
"[3.336, 3.337)",0.023163584999999993,3.337
"[3.337, 3.338)",0.03383270191666667,3.338
"[3.338, 3.339)",0.03943945025,3.339
"[3.339, 3.34)",0.028598855454545456,3.34
"[3.34, 3.341)",0.0071678505,3.341
"[3.341, 3.342)",0.04450373000000001,3.342
"[3.342, 3.343)",0.01786917818181818,3.343
"[3.343, 3.344)",0.021502073333333333,3.344
"[3.344, 3.345)",0.009378464,3.345
"[3.345, 3.346)",0.052157396249999995,3.346
"[3.346, 3.347)",0.02064419481818182,3.347
"[3.347, 3.348)",0.034640300007142855,3.348
"[3.348, 3.349)",0.05060837600000001,3.349
"[3.349, 3.35)",0.021310422866666668,3.35
"[3.35, 3.351)",0.05305155953333333,3.351
"[3.351, 3.352)",0.005367397355555556,3.352
"[3.352, 3.353)",0.0196084525,3.353
"[3.353, 3.354)",0.011763075100000001,3.354
"[3.354, 3.355)",0.006859848249999999,3.355
"[3.355, 3.356)",0.021950109363636363,3.356
"[3.356, 3.357)",0.018818141233333335,3.357
"[3.357, 3.358)",0.016763990200000002,3.358
"[3.358, 3.359)",0.009038892555555554,3.359
"[3.359, 3.36)",0.014807076142857143,3.36
"[3.36, 3.361)",0.003298632,3.361
"[3.361, 3.362)",0.014732920736363635,3.362
"[3.362, 3.363)",0.11740453575,3.363
"[3.363, 3.364)",0.021231886328,3.364
"[3.364, 3.365)",0.040890552499999996,3.365
"[3.365, 3.366)",0.028259819363636363,3.366
"[3.366, 3.367)",0.03670657142857143,3.367
"[3.367, 3.368)",0.020290368461538463,3.368
"[3.368, 3.369)",0.02498579793333333,3.369
"[3.369, 3.37)",0.020863764875,3.37
"[3.37, 3.371)",0.0446852527,3.371
"[3.371, 3.372)",0.038693078454545456,3.372
"[3.372, 3.373)",0.005980320966666667,3.373
"[3.373, 3.374)",0.015784233999999998,3.374
"[3.374, 3.375)",0.039577758583333324,3.375
"[3.375, 3.376)",0.02020522903636364,3.376
"[3.376, 3.3770000000000002)",0.02871398053846153,3.377
"[3.3770000000000002, 3.378)",0.047043444,3.378
"[3.378, 3.379)",0.035922381769230766,3.379
"[3.379, 3.38)",0.023111090055555554,3.38
"[3.38, 3.3810000000000002)",0.023446310666666664,3.381
"[3.3810000000000002, 3.382)",0.028618614444444444,3.382
"[3.382, 3.383)",0.007973731250000001,3.383
"[3.383, 3.384)",0.0253646041,3.384
"[3.384, 3.3850000000000002)",0.012747552700000001,3.385
"[3.3850000000000002, 3.386)",0.020153347611111108,3.386
"[3.386, 3.387)",0.03785977309090909,3.387
"[3.387, 3.388)",0.033831478181818184,3.388
"[3.388, 3.3890000000000002)",0.015781918333333332,3.389
"[3.3890000000000002, 3.39)",0.025958750122222225,3.39
"[3.39, 3.391)",0.00465060775,3.391
"[3.391, 3.392)",0.0453683813,3.392
"[3.392, 3.3930000000000002)",0.024925397499999995,3.393
"[3.3930000000000002, 3.394)",0.0150602725,3.394
"[3.394, 3.395)",0.023583571555555558,3.395
"[3.395, 3.396)",0.03560518020000001,3.396
"[3.396, 3.3970000000000002)",0.024638023499999998,3.397
"[3.3970000000000002, 3.398)",0.025383501312499997,3.398
"[3.398, 3.399)",0.058943527499999995,3.399
"[3.399, 3.4)",0.048350956846153856,3.4
"[3.4, 3.4010000000000002)",0.01247891375,3.401
"[3.4010000000000002, 3.402)",0.006436893714285714,3.402
"[3.402, 3.403)",0.0195977895625,3.403
"[3.403, 3.404)",0.01615016947,3.404
"[3.404, 3.4050000000000002)",0.032681390500000004,3.405
"[3.4050000000000002, 3.406)",0.010714803833333333,3.406
"[3.406, 3.407)",0.0125112606,3.407
"[3.407, 3.408)",0.02619521333333333,3.408
"[3.408, 3.4090000000000003)",0.01720828055,3.409
"[3.4090000000000003, 3.41)",0.020746496529411768,3.41
"[3.41, 3.411)",0.009030925777777777,3.411
"[3.411, 3.412)",0.017502998571428573,3.412
"[3.412, 3.4130000000000003)",0.030313666333333333,3.413
"[3.4130000000000003, 3.414)",0.05069189076923078,3.414
"[3.414, 3.415)",0.016763676666666665,3.415
"[3.415, 3.416)",0.013921133785714286,3.416
"[3.416, 3.4170000000000003)",0.009919002016666666,3.417
"[3.4170000000000003, 3.418)",0.026819479692307694,3.418
"[3.418, 3.419)",0.08616765338461538,3.419
"[3.419, 3.42)",0.10678956807272727,3.42
"[3.42, 3.4210000000000003)",0.0031209177,3.421
"[3.4210000000000003, 3.422)",0.0296488373,3.422
"[3.422, 3.423)",0.015637257571428573,3.423
"[3.423, 3.424)",0.0792299667,3.424
"[3.424, 3.4250000000000003)",0.012233659428571428,3.425
"[3.4250000000000003, 3.426)",0.050034354,3.426
"[3.426, 3.427)",0.025401707375,3.427
"[3.427, 3.428)",0.021618319089999997,3.428
"[3.428, 3.4290000000000003)",0.06148569624999999,3.429
"[3.4290000000000003, 3.43)",0.018892420842105264,3.43
"[3.43, 3.431)",0.0148836286,3.431
"[3.431, 3.432)",0.02906289558333333,3.432
"[3.432, 3.4330000000000003)",0.017086514378571428,3.433
"[3.4330000000000003, 3.434)",0.0319566037,3.434
"[3.434, 3.435)",0.021476031500000003,3.435
"[3.435, 3.436)",0.073080507875,3.436
"[3.436, 3.4370000000000003)",0.05129168029999999,3.437
"[3.4370000000000003, 3.438)",0.021223416823529413,3.438
"[3.438, 3.439)",0.008859619666666667,3.439
"[3.439, 3.44)",0.06708884826666667,3.44
"[3.44, 3.4410000000000003)",0.008273385375000001,3.441
"[3.4410000000000003, 3.442)",0.04426067923076923,3.442
"[3.442, 3.443)",0.015457623333333335,3.443
"[3.443, 3.444)",0.02765822054545455,3.444
"[3.444, 3.4450000000000003)",0.06584665537500001,3.445
"[3.4450000000000003, 3.446)",0.019601054666666666,3.446
"[3.446, 3.447)",0.06321969577777778,3.447
"[3.447, 3.448)",0.030732904125,3.448
"[3.448, 3.4490000000000003)",0.0385961075,3.449
"[3.4490000000000003, 3.45)",0.021418452,3.45
"[3.45, 3.451)",0.024261843928571426,3.451
"[3.451, 3.452)",0.013686742777777778,3.452
"[3.452, 3.4530000000000003)",0.0165478533125,3.453
"[3.4530000000000003, 3.454)",0.04799310257142857,3.454
"[3.454, 3.455)",0.016889592555555555,3.455
"[3.455, 3.456)",0.05563755857142857,3.456
"[3.456, 3.457)",0.006986835000000001,3.457
"[3.457, 3.458)",0.002548803666666667,3.458
"[3.458, 3.459)",0.02183811,3.459
"[3.459, 3.46)",0.03424899444444444,3.46
"[3.46, 3.461)",0.031712753999999996,3.461
"[3.461, 3.462)",0.0326779906,3.462
"[3.462, 3.463)",0.0088977855,3.463
"[3.463, 3.464)",0.042640935662500004,3.464
"[3.464, 3.465)",0.035972692,3.465
"[3.465, 3.466)",0.028527606000000004,3.466
"[3.466, 3.467)",0.021155929999999996,3.467
"[3.467, 3.468)",0.07927967259999999,3.468
"[3.468, 3.469)",0.04207788716666667,3.469
"[3.469, 3.47)",0.07454414416666667,3.47
"[3.47, 3.471)",0.047500032000000005,3.471
"[3.471, 3.472)",0.031537619,3.472
"[3.472, 3.473)",0.007688594,3.473
"[3.473, 3.474)",0.0501015315,3.474
"[3.474, 3.475)",0.00931778325,3.475
"[3.475, 3.476)",0.06397252999999999,3.476
"[3.476, 3.477)",0.005777983666666667,3.477
"[3.477, 3.478)",0.020659711666666667,3.478
"[3.478, 3.479)",0.028894735555555558,3.479
"[3.479, 3.48)",0.013251662666666665,3.48
"[3.48, 3.481)",0.03257030477777778,3.481
"[3.481, 3.482)",0.024638467999999997,3.482
"[3.482, 3.483)",0.015283551014285713,3.483
"[3.483, 3.484)",0.0050189517000000005,3.484
"[3.484, 3.485)",0.016044020353333334,3.485
"[3.485, 3.486)",0.034225166999999994,3.486
"[3.486, 3.487)",0.023060380428571427,3.487
"[3.487, 3.488)",0.020586498999999998,3.488
"[3.488, 3.489)",0.024538328750000005,3.489
"[3.489, 3.49)",0.02678180428571429,3.49
"[3.49, 3.491)",0.11139396310999998,3.491
"[3.491, 3.492)",0.03596041,3.492
"[3.492, 3.493)",0.017045332,3.493
"[3.493, 3.494)",0.01301633199,3.494
"[3.494, 3.495)",0.053160071818181824,3.495
"[3.495, 3.496)",0.027772217272727273,3.496
"[3.496, 3.497)",0.010265205142857142,3.497
"[3.497, 3.498)",0.0210063525,3.498
"[3.498, 3.499)",0.0497649255,3.499
"[3.499, 3.5)",0.15543413142857143,3.5
"[3.5, 3.501)",0.057091100230769215,3.501
"[3.501, 3.5020000000000002)",0.01642395675,3.502
"[3.5020000000000002, 3.503)",0.03302328366666666,3.503
"[3.503, 3.504)",0.019131994399999998,3.504
"[3.504, 3.505)",0.012674458333333333,3.505
"[3.505, 3.5060000000000002)",0.051019468250000005,3.506
"[3.5060000000000002, 3.507)",0.017953445,3.507
"[3.507, 3.508)",0.02635845433333333,3.508
"[3.508, 3.509)",0.00954349811111111,3.509
"[3.509, 3.5100000000000002)",0.048068705,3.51
"[3.5100000000000002, 3.511)",0.06721802875454545,3.511
"[3.511, 3.512)",0.049778666666666666,3.512
"[3.512, 3.513)",0.03254406966666667,3.513
"[3.513, 3.5140000000000002)",0.035112164,3.514
"[3.5140000000000002, 3.515)",0.013926892666666668,3.515
"[3.515, 3.516)",0.014052989125,3.516
"[3.516, 3.517)",0.01878909,3.517
"[3.517, 3.5180000000000002)",0.008097640666666668,3.518
"[3.5180000000000002, 3.519)",0.06258725090909091,3.519
"[3.519, 3.52)",0.01134663625,3.52
"[3.52, 3.521)",0.008534606750000001,3.521
"[3.521, 3.5220000000000002)",0.03085870181818182,3.522
"[3.5220000000000002, 3.523)",0.0052613296000000006,3.523
"[3.523, 3.524)",0.014478165555555558,3.524
"[3.524, 3.525)",0.047397055000000014,3.525
"[3.525, 3.5260000000000002)",0.03407753274999999,3.526
"[3.5260000000000002, 3.527)",0.011699758333333334,3.527
"[3.527, 3.528)",0.016686169992857144,3.528
"[3.528, 3.529)",0.02503012333333333,3.529
"[3.529, 3.5300000000000002)",0.03547479375,3.53
"[3.5300000000000002, 3.531)",0.01523615663636364,3.531
"[3.531, 3.532)",0.047335308000000006,3.532
"[3.532, 3.533)",0.03351457007428572,3.533
"[3.533, 3.5340000000000003)",0.023031938416666665,3.534
"[3.5340000000000003, 3.535)",0.01681174441666667,3.535
"[3.535, 3.536)",0.026302602769230767,3.536
"[3.536, 3.537)",0.017955662499999997,3.537
"[3.537, 3.5380000000000003)",0.010451727099999999,3.538
"[3.5380000000000003, 3.539)",0.02121411666666667,3.539
"[3.539, 3.54)",0.015139370000000001,3.54
"[3.54, 3.541)",0.03313671944444444,3.541
"[3.541, 3.5420000000000003)",0.037371295133333336,3.542
"[3.5420000000000003, 3.543)",0.03053418801666666,3.543
"[3.543, 3.544)",0.01716794111111111,3.544
"[3.544, 3.545)",0.017690657142857145,3.545
"[3.545, 3.5460000000000003)",0.022105728999999998,3.546
"[3.5460000000000003, 3.547)",0.043434687500000006,3.547
"[3.547, 3.548)",0.01159893625,3.548
"[3.548, 3.549)",0.09451404441666666,3.549
"[3.549, 3.5500000000000003)",0.05784840222222222,3.55
"[3.5500000000000003, 3.551)",0.05826554091666666,3.551
"[3.551, 3.552)",0.018584018444444444,3.552
"[3.552, 3.553)",0.0178457755,3.553
"[3.553, 3.5540000000000003)",0.030499327823529408,3.554
"[3.5540000000000003, 3.555)",0.0388606415,3.555
"[3.555, 3.556)",0.006972129333333334,3.556
"[3.556, 3.557)",0.11401491400000005,3.557
"[3.557, 3.5580000000000003)",0.03011258442857143,3.558
"[3.5580000000000003, 3.559)",0.007347015399999999,3.559
"[3.559, 3.56)",0.0046281081428571425,3.56
"[3.56, 3.561)",0.047354005000000005,3.561
"[3.561, 3.5620000000000003)",0.03281241941428571,3.562
"[3.5620000000000003, 3.563)",0.015907778299999998,3.563
"[3.563, 3.564)",0.0107845205,3.564
"[3.564, 3.565)",0.022804454,3.565
"[3.565, 3.5660000000000003)",0.0210698206,3.566
"[3.5660000000000003, 3.567)",0.012955403285714286,3.567
"[3.567, 3.568)",0.03870885472727272,3.568
"[3.568, 3.569)",0.033889193125,3.569
"[3.569, 3.5700000000000003)",0.038661009875,3.57
"[3.5700000000000003, 3.571)",0.013203044333333332,3.571
"[3.571, 3.572)",0.019677484375000002,3.572
"[3.572, 3.573)",0.03207348311111111,3.573
"[3.573, 3.5740000000000003)",0.0580598783,3.574
"[3.5740000000000003, 3.575)",0.040929985555555555,3.575
"[3.575, 3.576)",0.0225332,3.576
"[3.576, 3.577)",0.041223582999999994,3.577
"[3.577, 3.5780000000000003)",0.138113632,3.578
"[3.5780000000000003, 3.579)",0.026267349999999995,3.579
"[3.579, 3.58)",0.03223354,3.58
"[3.58, 3.581)",0.0033439090909090914,3.581
"[3.581, 3.5820000000000003)",0.020056160454545453,3.582
"[3.5820000000000003, 3.583)",0.003401477,3.583
"[3.583, 3.584)",0.008864863300000001,3.584
"[3.584, 3.585)",0.032728855999999994,3.585
"[3.585, 3.586)",0.011306403842857143,3.586
"[3.586, 3.587)",0.019673390833333335,3.587
"[3.587, 3.588)",0.036833867255555555,3.588
"[3.588, 3.589)",0.007111569,3.589
"[3.589, 3.59)",0.027671427777777775,3.59
"[3.59, 3.591)",0.02457845,3.591
"[3.591, 3.592)",0.01894033614285714,3.592
"[3.592, 3.593)",0.01329627375,3.593
"[3.593, 3.594)",0.012981946666666667,3.594
"[3.594, 3.595)",0.0167178715,3.595
"[3.595, 3.596)",0.023383251090909093,3.596
"[3.596, 3.597)",0.02311894544444444,3.597
"[3.597, 3.598)",0.0391555413,3.598
"[3.598, 3.599)",0.015345197533333334,3.599
"[3.599, 3.6)",0.03643657666666667,3.6
"[3.6, 3.601)",0.01604092111111111,3.601
"[3.601, 3.602)",0.023237907545454548,3.602
"[3.602, 3.603)",0.006619608333333333,3.603
"[3.603, 3.604)",0.023831222990909087,3.604
"[3.604, 3.605)",0.03672764181818182,3.605
"[3.605, 3.606)",0.05020278444444444,3.606
"[3.606, 3.607)",0.012879322441666667,3.607
"[3.607, 3.608)",0.030725244300000003,3.608
"[3.608, 3.609)",0.045890916,3.609
"[3.609, 3.61)",0.00401847825,3.61
"[3.61, 3.611)",0.019725652777777776,3.611
"[3.611, 3.612)",0.011607163249999998,3.612
"[3.612, 3.613)",0.024206591285714285,3.613
"[3.613, 3.614)",0.010666725,3.614
"[3.614, 3.615)",0.023926679,3.615
"[3.615, 3.616)",0.033267029999999996,3.616
"[3.616, 3.617)",0.014244556444444442,3.617
"[3.617, 3.618)",0.016885101,3.618
"[3.618, 3.619)",0.04468853275,3.619
"[3.619, 3.62)",0.007096442,3.62
"[3.62, 3.621)",0.0107436402875,3.621
"[3.621, 3.622)",0.026840106142857145,3.622
"[3.622, 3.623)",0.008720812750000001,3.623
"[3.623, 3.624)",0.02712159,3.624
"[3.624, 3.625)",0.05004598500000001,3.625
"[3.625, 3.626)",0.012588564299999999,3.626
"[3.626, 3.6270000000000002)",0.028282875727272727,3.627
"[3.6270000000000002, 3.628)",0.010623609999999999,3.628
"[3.628, 3.629)",0.020981395454545457,3.629
"[3.629, 3.63)",0.034550120727272725,3.63
"[3.63, 3.6310000000000002)",0.015259074559999997,3.631
"[3.6310000000000002, 3.632)",0.02121081042857143,3.632
"[3.632, 3.633)",0.021760866363636364,3.633
"[3.633, 3.634)",0.030979228571428572,3.634
"[3.634, 3.6350000000000002)",0.030549811333333336,3.635
"[3.6350000000000002, 3.636)",0.022066170000000003,3.636
"[3.636, 3.637)",0.033290441250000004,3.637
"[3.637, 3.638)",0.03822214118181819,3.638
"[3.638, 3.6390000000000002)",0.030157724999999996,3.639
"[3.6390000000000002, 3.64)",0.030842464124999996,3.64
"[3.64, 3.641)",0.009695006333333334,3.641
"[3.641, 3.642)",0.028167837999999997,3.642
"[3.642, 3.6430000000000002)",0.013803749999999998,3.643
"[3.6430000000000002, 3.644)",0.014117692888888887,3.644
"[3.644, 3.645)",0.008295981181818181,3.645
"[3.645, 3.646)",0.018062896916666665,3.646
"[3.646, 3.6470000000000002)",0.037103624125000005,3.647
"[3.6470000000000002, 3.648)",0.022472271625,3.648
"[3.648, 3.649)",0.025253789999999998,3.649
"[3.649, 3.65)",0.02129603757142857,3.65
"[3.65, 3.6510000000000002)",0.030664853399999997,3.651
"[3.6510000000000002, 3.652)",0.02852489466666667,3.652
"[3.652, 3.653)",0.012318543714285713,3.653
"[3.653, 3.654)",0.009813606785714286,3.654
"[3.654, 3.6550000000000002)",0.052843600000000004,3.655
"[3.6550000000000002, 3.656)",0.048876283725000004,3.656
"[3.656, 3.657)",0.016819219333333333,3.657
"[3.657, 3.658)",0.0069379872499999995,3.658
"[3.658, 3.6590000000000003)",0.0027625343333333332,3.659
"[3.6590000000000003, 3.66)",0.016980239444444448,3.66
"[3.66, 3.661)",0.01111435025,3.661
"[3.661, 3.662)",0.011888282666666665,3.662
"[3.662, 3.6630000000000003)",0.01657427367,3.663
"[3.6630000000000003, 3.664)",0.011252155222222223,3.664
"[3.664, 3.665)",0.011119397,3.665
"[3.665, 3.666)",0.004538961857142857,3.666
"[3.666, 3.6670000000000003)",0.06275461857142857,3.667
"[3.6670000000000003, 3.668)",0.0476187375,3.668
"[3.668, 3.669)",0.06860047,3.669
"[3.669, 3.67)",0.01466386590909091,3.67
"[3.67, 3.6710000000000003)",0.007935763333333333,3.671
"[3.6710000000000003, 3.672)",0.034018328,3.672
"[3.672, 3.673)",0.0180987092,3.673
"[3.673, 3.674)",0.011048951,3.674
"[3.674, 3.6750000000000003)",0.0304862642,3.675
"[3.6750000000000003, 3.676)",0.023268277499999997,3.676
"[3.676, 3.677)",0.015577132454545456,3.677
"[3.677, 3.678)",0.065052425,3.678
"[3.678, 3.6790000000000003)",0.019245712666666668,3.679
"[3.6790000000000003, 3.68)",0.006945239,3.68
"[3.68, 3.681)",0.03795190572727272,3.681
"[3.681, 3.682)",0.019840957818181817,3.682
"[3.682, 3.6830000000000003)",0.030695894333333335,3.683
"[3.6830000000000003, 3.684)",0.01626221714285714,3.684
"[3.684, 3.685)",0.015088962000000003,3.685
"[3.685, 3.686)",0.015845110000000003,3.686
"[3.686, 3.6870000000000003)",0.06320549922222221,3.687
"[3.6870000000000003, 3.688)",0.009059435499999999,3.688
"[3.688, 3.689)",0.012542382425,3.689
"[3.689, 3.69)",0.0094514125,3.69
"[3.69, 3.6910000000000003)",0.021024187166666666,3.691
"[3.6910000000000003, 3.692)",0.008843128,3.692
"[3.692, 3.693)",0.028309811,3.693
"[3.693, 3.694)",0.020922889749999996,3.694
"[3.694, 3.6950000000000003)",0.051316455000000004,3.695
"[3.6950000000000003, 3.696)",0.020093217,3.696
"[3.696, 3.697)",0.04381330185714286,3.697
"[3.697, 3.698)",0.010890043333333333,3.698
"[3.698, 3.6990000000000003)",0.015397096666666665,3.699
"[3.6990000000000003, 3.7)",0.19614655905714287,3.7
"[3.7, 3.701)",0.0153294712,3.701
"[3.701, 3.702)",0.007605032166666667,3.702
"[3.702, 3.7030000000000003)",0.01823045085714286,3.703
"[3.7030000000000003, 3.704)",0.009103888142857144,3.704
"[3.704, 3.705)",0.08664791833333334,3.705
"[3.705, 3.706)",0.016474109499999997,3.706
"[3.706, 3.7070000000000003)",0.011194263333333334,3.707
"[3.7070000000000003, 3.708)",0.00686828188,3.708
"[3.708, 3.709)",0.0294617006,3.709
"[3.709, 3.71)",0.027545408172727274,3.71
"[3.71, 3.7110000000000003)",0.04766449333333333,3.711
"[3.7110000000000003, 3.712)",0.011856214285714284,3.712
"[3.712, 3.713)",0.04973805285714285,3.713
"[3.713, 3.714)",0.0079526955,3.714
"[3.714, 3.715)",0.02420439625,3.715
"[3.715, 3.716)",0.04346294,3.716
"[3.716, 3.717)",0.005678684166666666,3.717
"[3.717, 3.718)",0.0092341466,3.718
"[3.718, 3.719)",0.05334735166666666,3.719
"[3.719, 3.72)",0.02399973714285714,3.72
"[3.72, 3.721)",0.011750522333333333,3.721
"[3.721, 3.722)",0.010191847649999997,3.722
"[3.722, 3.723)",0.018962496513750003,3.723
"[3.723, 3.724)",0.012269451086666666,3.724
"[3.724, 3.725)",0.041058889066666666,3.725
"[3.725, 3.726)",0.07686315769999999,3.726
"[3.726, 3.727)",0.013035819999999998,3.727
"[3.727, 3.728)",0.008607034555555556,3.728
"[3.728, 3.729)",0.040639017500000006,3.729
"[3.729, 3.73)",0.17213948666666667,3.73
"[3.73, 3.731)",0.017496461333333335,3.731
"[3.731, 3.732)",0.01603183,3.732
"[3.732, 3.733)",0.03522677033333333,3.733
"[3.733, 3.734)",0.00723495575,3.734
"[3.734, 3.735)",0.0290210926,3.735
"[3.735, 3.736)",0.0214416,3.736
"[3.736, 3.737)",0.03486575714285715,3.737
"[3.737, 3.738)",0.014148546666666666,3.738
"[3.738, 3.739)",0.00631472553,3.739
"[3.739, 3.74)",0.012782721037499998,3.74
"[3.74, 3.741)",0.015575395000000002,3.741
"[3.741, 3.742)",0.0192952555,3.742
"[3.742, 3.743)",0.04196477166666667,3.743
"[3.743, 3.744)",0.023474558571428574,3.744
"[3.744, 3.745)",0.010925222000000002,3.745
"[3.745, 3.746)",0.008073508,3.746
"[3.746, 3.747)",0.015470555750000002,3.747
"[3.747, 3.748)",0.021164733333333335,3.748
"[3.748, 3.749)",0.14042510249999998,3.749
"[3.749, 3.75)",0.02110211333333333,3.75
"[3.75, 3.751)",0.007899365,3.751
"[3.751, 3.7520000000000002)",0.04663130125,3.752
"[3.7520000000000002, 3.753)",0.0123080938,3.753
"[3.753, 3.754)",0.0046829675,3.754
"[3.754, 3.755)",0.014813274599999999,3.755
"[3.755, 3.7560000000000002)",0.05879262580000001,3.756
"[3.7560000000000002, 3.757)",0.018450584,3.757
"[3.757, 3.758)",0.054759273799999994,3.758
"[3.758, 3.759)",0.0302647475,3.759
"[3.759, 3.7600000000000002)",0.01767503,3.76
"[3.7600000000000002, 3.761)",0.05019808,3.761
"[3.761, 3.762)",0.06547080833333334,3.762
"[3.762, 3.763)",0.02779984825,3.763
"[3.763, 3.7640000000000002)",0.008416262285714285,3.764
"[3.7640000000000002, 3.765)",0.038428758714285714,3.765
"[3.765, 3.766)",0.0066698543333333325,3.766
"[3.766, 3.767)",0.005745026666666667,3.767
"[3.767, 3.7680000000000002)",0.009092321666666667,3.768
"[3.7680000000000002, 3.769)",0.0024842099999999997,3.769
"[3.769, 3.77)",0.006081092333333333,3.77
"[3.77, 3.771)",0.005810747200000001,3.771
"[3.771, 3.7720000000000002)",0.013702485,3.772
"[3.7720000000000002, 3.773)",0.01117302745,3.773
"[3.773, 3.774)",0.03219367042857143,3.774
"[3.774, 3.775)",0.02649957333333333,3.775
"[3.775, 3.7760000000000002)",0.006993440599999999,3.776
"[3.7760000000000002, 3.777)",0.015631802,3.777
"[3.777, 3.778)",0.01318313,3.778
"[3.778, 3.779)",0.03985658549999999,3.779
"[3.779, 3.7800000000000002)",0.011391459999999999,3.78
"[3.7800000000000002, 3.781)",0.012715595200000002,3.781
"[3.781, 3.782)",0.015012343249999999,3.782
"[3.782, 3.783)",0.016389583333333332,3.783
"[3.783, 3.7840000000000003)",0.0266179015,3.784
"[3.7840000000000003, 3.785)",0.016946574714285713,3.785
"[3.785, 3.786)",0.0121072664,3.786
"[3.786, 3.787)",0.01826559918333333,3.787
"[3.787, 3.7880000000000003)",0.08553883588888887,3.788
"[3.7880000000000003, 3.789)",0.0326934644,3.789
"[3.789, 3.79)",0.04172628655714287,3.79
"[3.79, 3.791)",0.0062350888,3.791
"[3.791, 3.7920000000000003)",0.004971366666666667,3.792
"[3.7920000000000003, 3.793)",0.134234638,3.793
"[3.793, 3.794)",0.020448787142857142,3.794
"[3.794, 3.795)",0.012904736,3.795
"[3.795, 3.7960000000000003)",0.028375870999999997,3.796
"[3.7960000000000003, 3.797)",0.01449219,3.797
"[3.797, 3.798)",0.0248515,3.798
"[3.798, 3.799)",0.0447318732857143,3.799
"[3.799, 3.8000000000000003)",0.010820498833333332,3.8
"[3.8000000000000003, 3.801)",0.030418695,3.801
"[3.801, 3.802)",0.033746975,3.802
"[3.802, 3.803)",0.0248064875,3.803
"[3.803, 3.8040000000000003)",0.027664910000000004,3.804
"[3.8040000000000003, 3.805)",0.014203957857142858,3.805
"[3.805, 3.806)",0.0285843733,3.806
"[3.806, 3.807)",0.108654885,3.807
"[3.807, 3.8080000000000003)",0.004653362666666667,3.808
"[3.8080000000000003, 3.809)",0.0468435675,3.809
"[3.809, 3.81)",0.014764674333333333,3.81
"[3.81, 3.811)",0.004357947666666666,3.811
"[3.811, 3.8120000000000003)",0.028780532571428572,3.812
"[3.8120000000000003, 3.813)",0.005901588571428571,3.813
"[3.813, 3.814)",0.0014042015,3.814
"[3.814, 3.815)",0.0067568218125,3.815
"[3.815, 3.8160000000000003)",0.10281393500000001,3.816
"[3.8160000000000003, 3.817)",0.0074444590000000005,3.817
"[3.817, 3.818)",0.002989836666666667,3.818
"[3.818, 3.819)",0.04549072588888889,3.819
"[3.819, 3.8200000000000003)",0.017075552,3.82
"[3.8200000000000003, 3.821)",0.004671071428571428,3.821
"[3.821, 3.822)",0.08510965,3.822
"[3.822, 3.823)",0.009402404799999998,3.823
"[3.823, 3.8240000000000003)",0.01599953,3.824
"[3.8240000000000003, 3.825)",0.02417803025,3.825
"[3.825, 3.826)",0.025007104600000003,3.826
"[3.826, 3.827)",0.07872632383333333,3.827
"[3.827, 3.8280000000000003)",0.0620722266,3.828
"[3.8280000000000003, 3.829)",0.027030950333333335,3.829
"[3.829, 3.83)",0.0392567,3.83
"[3.83, 3.831)",0.00661392,3.831
"[3.831, 3.8320000000000003)",0.016783526400000002,3.832
"[3.8320000000000003, 3.833)",0.030386545,3.833
"[3.833, 3.834)",0.0065364509999999995,3.834
"[3.834, 3.835)",0.00110742,3.835
"[3.835, 3.8360000000000003)",0.02591841875,3.836
"[3.8360000000000003, 3.837)",0.0510486532,3.837
"[3.837, 3.838)",0.0222152925,3.838
"[3.838, 3.839)",0.0068013525,3.839
"[3.839, 3.84)",0.0047398652,3.84
"[3.84, 3.841)",0.031871456,3.841
"[3.841, 3.842)",0.03902038333333333,3.842
"[3.842, 3.843)",0.032553884,3.843
"[3.843, 3.844)",0.030602377166666667,3.844
"[3.844, 3.845)",0.039050545,3.845
"[3.845, 3.846)",0.06335496666666666,3.846
"[3.846, 3.847)",0.0210760975,3.847
"[3.847, 3.848)",0.006468023333333333,3.848
"[3.848, 3.849)",0.0248285,3.849
"[3.849, 3.85)",0.011906309999999998,3.85
"[3.85, 3.851)",0.021789385000000005,3.851
"[3.851, 3.852)",0.01492075,3.852
"[3.852, 3.853)",0.03675647328571428,3.853
"[3.853, 3.854)",0.05161169216666667,3.854
"[3.854, 3.855)",0.02424737142857143,3.855
"[3.855, 3.856)",0.1254003625,3.856
"[3.856, 3.857)",0.03969161416666666,3.857
"[3.857, 3.858)",0.076788695,3.858
"[3.858, 3.859)",0.023911823999999998,3.859
"[3.859, 3.86)",0.0248568926,3.86
"[3.86, 3.861)",0.03326216666666667,3.861
"[3.861, 3.862)",0.030469822,3.862
"[3.862, 3.863)",0.030874867765714287,3.863
"[3.863, 3.864)",0.0172438975,3.864
"[3.864, 3.865)",0.0315184015,3.865
"[3.865, 3.866)",0.0051365285,3.866
"[3.866, 3.867)",0.005524431200000001,3.867
"[3.867, 3.868)",0.010900354285714285,3.868
"[3.868, 3.869)",0.032397547166666665,3.869
"[3.869, 3.87)",0.00912616,3.87
"[3.87, 3.871)",0.20493892799999996,3.871
"[3.871, 3.872)",0.07615762,3.872
"[3.872, 3.873)",0.032951286625,3.873
"[3.873, 3.874)",0.14549993249999998,3.874
"[3.874, 3.875)",0.06622016757142858,3.875
"[3.875, 3.876)",0.00942265884,3.876
"[3.876, 3.8770000000000002)",0.004417323333333333,3.877
"[3.8770000000000002, 3.878)",0.0197507,3.878
"[3.878, 3.879)",0.03228128,3.879
"[3.879, 3.88)",0.010015861428571428,3.88
"[3.88, 3.8810000000000002)",0.0047785845,3.881
"[3.8810000000000002, 3.882)",0.028521318915384616,3.882
"[3.882, 3.883)",0.0109769863,3.883
"[3.883, 3.884)",0.013289135999999998,3.884
"[3.884, 3.8850000000000002)",0.021376758833333332,3.885
"[3.8850000000000002, 3.886)",0.027992531666666667,3.886
"[3.886, 3.887)",0.02650135811111111,3.887
"[3.887, 3.888)",0.07502146142857143,3.888
"[3.888, 3.8890000000000002)",0.006851371,3.889
"[3.8890000000000002, 3.89)",0.003653214033333333,3.89
"[3.89, 3.891)",0.016296581999999997,3.891
"[3.891, 3.892)",0.030784283250000002,3.892
"[3.892, 3.8930000000000002)",0.05747463333333333,3.893
"[3.8930000000000002, 3.894)",0.0034243166666666665,3.894
"[3.894, 3.895)",0.009115712374999998,3.895
"[3.895, 3.896)",0.04407467877142857,3.896
"[3.896, 3.8970000000000002)",0.01890516875,3.897
"[3.8970000000000002, 3.898)",0.016435500500000002,3.898
"[3.898, 3.899)",0.0136580925,3.899
"[3.899, 3.9)",0.20409014320000002,3.9
"[3.9, 3.9010000000000002)",0.016012870000000002,3.901
"[3.9010000000000002, 3.902)",0.006721533333333334,3.902
"[3.902, 3.903)",0.016411517017999998,3.903
"[3.903, 3.904)",0.0036488099999999997,3.904
"[3.904, 3.9050000000000002)",0.011107737,3.905
"[3.9050000000000002, 3.906)",0.025584653333333332,3.906
"[3.906, 3.907)",0.038111056666666664,3.907
"[3.907, 3.908)",0.023865844599999998,3.908
"[3.908, 3.9090000000000003)",0.019970396666666664,3.909
"[3.9090000000000003, 3.91)",0.00660273,3.91
"[3.91, 3.911)",0.002169974,3.911
"[3.911, 3.912)",0.0008641664999999999,3.912
"[3.912, 3.9130000000000003)",0.010633892999999998,3.913
"[3.9130000000000003, 3.914)",0.007967091200000002,3.914
"[3.914, 3.915)",0.03142996,3.915
"[3.915, 3.916)",0.0077031124999999995,3.916
"[3.916, 3.9170000000000003)",0.10609836533333335,3.917
"[3.9170000000000003, 3.918)",0.0080793306,3.918
"[3.918, 3.919)",0.0175838,3.919
"[3.919, 3.92)",0.054558377666666664,3.92
"[3.92, 3.9210000000000003)",0.010089659142857144,3.921
"[3.9210000000000003, 3.922)",0.0342218425,3.922
"[3.922, 3.923)",0.02251545,3.923
"[3.923, 3.924)",0.029564940333333335,3.924
"[3.924, 3.9250000000000003)",0.044463334285714286,3.925
"[3.9250000000000003, 3.926)",0.027201938400000004,3.926
"[3.926, 3.927)",0.013434296666666666,3.927
"[3.927, 3.928)",0.0187967125,3.928
"[3.9290000000000003, 3.93)",0.011285498728571429,3.929
"[3.93, 3.931)",0.01687665,3.93
"[3.931, 3.932)",0.022151414714285715,3.931
"[3.932, 3.9330000000000003)",0.00601157,3.932
"[3.9330000000000003, 3.934)",0.023208225,3.933
"[3.934, 3.935)",0.029235435000000004,3.934
"[3.935, 3.936)",0.01148753,3.935
"[3.936, 3.9370000000000003)",0.00975175325,3.936
"[3.9370000000000003, 3.938)",0.0193356,3.937
"[3.938, 3.939)",0.01317358,3.938
"[3.939, 3.94)",0.03026986,3.939
"[3.94, 3.9410000000000003)",0.0091479,3.94
"[3.9410000000000003, 3.942)",0.0587044,3.941
"[3.942, 3.943)",0.005278325,3.942
"[3.943, 3.944)",0.02214944,3.943
"[3.944, 3.9450000000000003)",0.009541280000000001,3.944
"[3.9450000000000003, 3.946)",0.0224117915,3.945
"[3.946, 3.947)",0.05943317489199999,3.946
"[3.947, 3.948)",0.01799433,3.947
"[3.948, 3.9490000000000003)",0.02682293075,3.948
"[3.9490000000000003, 3.95)",0.019170327166666667,3.949
"[3.95, 3.951)",0.00495493148,3.95
"[3.951, 3.952)",0.019345426,3.951
"[3.952, 3.9530000000000003)",0.011044706666666668,3.952
"[3.9530000000000003, 3.954)",0.02376563,3.953
"[3.955, 3.956)",0.008302827200000001,3.954
"[3.956, 3.9570000000000003)",0.028845675999999997,3.955
"[3.9570000000000003, 3.958)",0.010083475500000001,3.956
"[3.958, 3.959)",0.020805645,3.957
"[3.959, 3.96)",0.049526529124999996,3.958
"[3.96, 3.9610000000000003)",0.029154565500000004,3.959
"[3.9610000000000003, 3.962)",0.02212538,3.96
"[3.962, 3.963)",0.064306028,3.961
"[3.963, 3.964)",0.01400557,3.962
"[3.964, 3.9650000000000003)",0.019715009333333335,3.963
"[3.9650000000000003, 3.966)",0.08567908845,3.964
"[3.966, 3.967)",0.028527824,3.965
"[3.967, 3.968)",0.00892161,3.966
"[3.968, 3.969)",0.039191726999999996,3.967
"[3.969, 3.97)",0.0226961717,3.968
"[3.97, 3.971)",0.018345659333333333,3.969
"[3.971, 3.972)",0.0394860987,3.97
"[3.972, 3.973)",0.04040572333333333,3.971
"[3.973, 3.974)",0.010509266666666668,3.972
"[3.974, 3.975)",0.08029420562,3.973
"[3.975, 3.976)",0.017839027,3.974
"[3.976, 3.977)",0.0119736875,3.975
"[3.977, 3.978)",0.007759342000000001,3.976
"[3.978, 3.979)",0.0036356365,3.977
"[3.979, 3.98)",0.0263889625,3.978
"[3.98, 3.981)",0.11303577766666667,3.979
"[3.981, 3.982)",0.000540833,3.98
"[3.982, 3.983)",0.002226445,3.981
"[3.983, 3.984)",0.018505221999999998,3.982
"[3.984, 3.985)",0.018001469,3.983
"[3.985, 3.986)",0.001545828475,3.984
"[3.986, 3.987)",0.03171786,3.985
"[3.987, 3.988)",0.02586149,3.986
"[3.988, 3.989)",0.033744080333333336,3.987
"[3.989, 3.99)",0.00520277,3.988
"[3.99, 3.991)",0.006449886,3.989
"[3.991, 3.992)",0.041063768,3.99
"[3.992, 3.993)",0.008703813333333333,3.991
"[3.993, 3.994)",0.00788373775,3.992
"[3.994, 3.995)",0.031006023333333337,3.993
"[3.995, 3.996)",0.020240755,3.994
"[3.996, 3.997)",0.04044381342857144,3.995
"[3.997, 3.998)",0.008653177500000001,3.996
"[3.998, 3.999)",0.0927402,3.997
"[3.999, 4.0)",0.02822307666666667,3.998
"[4.0, 4.001)",0.006000945000000001,3.999
"[4.001, 4.002)",0.0394428775,4.0
"[4.002, 4.003)",0.010505911,4.001
"[4.003, 4.0040000000000004)",0.0070698645,4.002
"[4.0040000000000004, 4.005)",0.09506177419999999,4.003
"[4.006, 4.007)",0.0045575375,4.004
"[4.007, 4.008)",0.012251245999999999,4.005
"[4.008, 4.009)",0.03267137800000001,4.006
"[4.009, 4.01)",0.02481745,4.007
"[4.01, 4.011)",0.08962934,4.008
"[4.011, 4.0120000000000005)",0.12706715,4.009
"[4.0120000000000005, 4.013)",0.010898576666666666,4.01
"[4.013, 4.014)",0.041562548,4.011
"[4.014, 4.015)",0.010718484,4.012
"[4.015, 4.016)",0.0100677165,4.013
"[4.016, 4.017)",0.0135284775,4.014
"[4.017, 4.018)",0.00761174,4.015
"[4.018, 4.019)",0.03480557,4.016
"[4.019, 4.0200000000000005)",0.01090807,4.017
"[4.0200000000000005, 4.021)",0.003777888,4.018
"[4.021, 4.022)",0.0231704,4.019
"[4.022, 4.023)",0.064486661,4.02
"[4.023, 4.024)",0.0038477733333333332,4.021
"[4.024, 4.025)",0.009302705,4.022
"[4.025, 4.026)",0.03302278,4.023
"[4.026, 4.027)",0.0241755066,4.024
"[4.027, 4.0280000000000005)",0.09416200999999999,4.025
"[4.0280000000000005, 4.029)",0.00104368,4.026
"[4.029, 4.03)",0.015253713999999998,4.027
"[4.03, 4.031)",0.00170164,4.028
"[4.031, 4.032)",0.16841410666666667,4.029
"[4.032, 4.033)",0.24925998500000002,4.03
"[4.033, 4.034)",0.04531155,4.031
"[4.034, 4.035)",0.0481547125,4.032
"[4.035, 4.0360000000000005)",0.031973143999999995,4.033
"[4.0360000000000005, 4.037)",0.144318,4.034
"[4.037, 4.038)",0.012482070000000001,4.035
"[4.038, 4.039)",0.05687873333333333,4.036
"[4.039, 4.04)",0.012854225,4.037
"[4.04, 4.041)",0.00281899,4.038
"[4.041, 4.042)",0.00170164,4.039
"[4.042, 4.043)",0.01598644,4.04
"[4.043, 4.0440000000000005)",0.0315947,4.041
"[4.0440000000000005, 4.045)",0.0325,4.042
"[4.045, 4.046)",0.0196514,4.043
"[4.046, 4.047)",0.023827,4.044
"[4.047, 4.048)",0.004105899866666666,4.045
"[4.048, 4.049)",0.013199876666666666,4.046
"[4.049, 4.05)",0.014056766666666666,4.047
"[4.051, 4.0520000000000005)",0.008296629199999999,4.048
"[4.053, 4.054)",0.00226757,4.049
"[4.054, 4.055)",0.008587439,4.05
"[4.055, 4.056)",0.008614966666666666,4.051
"[4.056, 4.057)",0.0072476699999999995,4.052
"[4.058, 4.059)",0.022087816599999997,4.053
"[4.0600000000000005, 4.061)",0.02585037,4.054
"[4.061, 4.062)",0.1318972466,4.055
"[4.062, 4.063)",0.018242134,4.056
"[4.063, 4.064)",0.0375957,4.057
"[4.064, 4.065)",0.038338180000000006,4.058
"[4.065, 4.066)",0.0157752066,4.059
"[4.066, 4.067)",0.0121816,4.06
"[4.067, 4.0680000000000005)",0.0022664399999999998,4.061
"[4.0680000000000005, 4.069)",0.0024611133333333336,4.062
"[4.069, 4.07)",0.019341666666666667,4.063
"[4.07, 4.071)",0.08078593333333334,4.064
"[4.071, 4.072)",0.024339419999999997,4.065
"[4.072, 4.073)",0.013291809999999998,4.066
"[4.073, 4.074)",0.030944,4.067
"[4.074, 4.075)",0.00348432,4.068
"[4.075, 4.0760000000000005)",0.003058842,4.069
"[4.0760000000000005, 4.077)",0.025228437,4.07
"[4.077, 4.078)",0.010580780750000001,4.071
"[4.078, 4.079)",0.293496,4.072
"[4.079, 4.08)",0.030659668600000002,4.073
"[4.08, 4.081)",0.0705739,4.074
"[4.081, 4.082)",0.04017368,4.075
"[4.082, 4.083)",0.13500660133333334,4.076
"[4.083, 4.0840000000000005)",0.04713965666666667,4.077
"[4.0840000000000005, 4.085)",0.029782855,4.078
"[4.085, 4.086)",0.0769354,4.079
"[4.086, 4.087)",0.004274803333333333,4.08
"[4.087, 4.088)",0.004179476666666667,4.081
"[4.088, 4.089)",0.00332674,4.082
"[4.089, 4.09)",0.16300675999999997,4.083
"[4.09, 4.091)",0.0126319,4.084
"[4.091, 4.0920000000000005)",0.0202429,4.085
"[4.0920000000000005, 4.093)",0.0493633,4.086
"[4.093, 4.094)",0.0495752,4.087
"[4.094, 4.095)",0.021256497666666666,4.088
"[4.095, 4.096)",0.00829833,4.089
"[4.096, 4.097)",0.144536,4.09
"[4.097, 4.098)",0.016004317666666667,4.091
"[4.098, 4.099)",0.035796605,4.092
"[4.099, 4.1)",7.05206e-5,4.093
"[4.1, 4.101)",0.009711850000000001,4.094
"[4.101, 4.102)",0.0018404132499999998,4.095
"[4.103, 4.104)",0.0045107133333333336,4.096
"[4.104, 4.105)",0.01303063,4.097
"[4.105, 4.106)",0.002508288,4.098
"[4.106, 4.107)",0.00900901,4.099
"[4.107, 4.108)",0.005804613333333333,4.1
"[4.108, 4.109)",0.00121951,4.101
"[4.109, 4.11)",0.007944033,4.102
"[4.11, 4.111)",0.06380011499999999,4.103
"[4.111, 4.112)",0.0183092,4.104
"[4.112, 4.113)",0.00245080125,4.105
"[4.113, 4.114)",0.002653545,4.106
"[4.115, 4.116)",0.048948892,4.107
"[4.116, 4.117)",0.10108325,4.108
"[4.117, 4.118)",0.021924106666666665,4.109
"[4.118, 4.119)",0.02282386,4.11
"[4.119, 4.12)",0.007132913428571428,4.111
"[4.12, 4.121)",0.009796686774999999,4.112
"[4.121, 4.122)",0.00612622,4.113
"[4.123, 4.124)",0.0002949479,4.114
"[4.124, 4.125)",0.10188721099999999,4.115
"[4.125, 4.126)",0.00467425,4.116
"[4.126, 4.127)",0.01896115,4.117
"[4.127, 4.128)",0.008039433833333333,4.118
"[4.128, 4.1290000000000004)",0.027319899999999998,4.119
"[4.1290000000000004, 4.13)",0.008773494000000001,4.12
"[4.131, 4.132)",0.02742602,4.121
"[4.132, 4.133)",0.04962,4.122
"[4.133, 4.134)",0.0105872,4.123
"[4.134, 4.135)",0.01356107,4.124
"[4.135, 4.136)",0.0974560425,4.125
"[4.136, 4.1370000000000005)",0.010875592549999999,4.126
"[4.1370000000000005, 4.138)",0.010511304999999999,4.127
"[4.138, 4.139)",0.005679554333333333,4.128
"[4.139, 4.14)",0.009760615,4.129
"[4.14, 4.141)",0.488372,4.13
"[4.141, 4.142)",0.1119475,4.131
"[4.142, 4.143)",0.00160386825,4.132
"[4.143, 4.144)",0.00457627,4.133
"[4.144, 4.1450000000000005)",0.0111268,4.134
"[4.146, 4.147)",0.01816305,4.135
"[4.147, 4.148)",0.00696862,4.136
"[4.148, 4.149)",0.0026494,4.137
"[4.149, 4.15)",0.000540833,4.138
"[4.15, 4.151)",0.00459983744,4.139
"[4.151, 4.152)",0.0119292,4.14
"[4.152, 4.1530000000000005)",0.0372217465,4.141
"[4.1530000000000005, 4.154)",0.028182424,4.142
"[4.154, 4.155)",0.02833361,4.143
"[4.155, 4.156)",0.07720784249999998,4.144
"[4.156, 4.157)",0.029104965,4.145
"[4.157, 4.158)",0.003552543333333333,4.146
"[4.158, 4.159)",0.004964238250000001,4.147
"[4.159, 4.16)",0.0476212,4.148
"[4.16, 4.1610000000000005)",0.003756065333333333,4.149
"[4.1610000000000005, 4.162)",0.00748578,4.15
"[4.162, 4.163)",0.00999842,4.151
"[4.163, 4.164)",0.01396654,4.152
"[4.165, 4.166)",0.0010357186666666667,4.153
"[4.166, 4.167)",0.025201601999999997,4.154
"[4.167, 4.168)",9.64972e-5,4.155
"[4.168, 4.1690000000000005)",0.0017154198,4.156
"[4.1690000000000005, 4.17)",0.002635694,4.157
"[4.17, 4.171)",0.0014462364999999998,4.158
"[4.171, 4.172)",0.0211407,4.159
"[4.172, 4.173)",0.03361155,4.16
"[4.173, 4.174)",0.023085276666666668,4.161
"[4.174, 4.175)",0.00599828875,4.162
"[4.175, 4.176)",0.01992804,4.163
"[4.176, 4.1770000000000005)",1.628e-5,4.164
"[4.178, 4.179)",0.018115097666666666,4.165
"[4.179, 4.18)",0.002044465,4.166
"[4.18, 4.181)",0.006641106666666667,4.167
"[4.181, 4.182)",0.00526186,4.168
"[4.182, 4.183)",0.005589035,4.169
"[4.183, 4.184)",0.03787293333333333,4.17
"[4.184, 4.1850000000000005)",0.041985404600000005,4.171
"[4.1850000000000005, 4.186)",0.001700266,4.172
"[4.186, 4.187)",0.02298609475,4.173
"[4.187, 4.188)",0.0137868,4.174
"[4.188, 4.189)",0.044132971,4.175
"[4.189, 4.19)",0.050441382,4.176
"[4.19, 4.191)",0.0119972725,4.177
"[4.191, 4.192)",0.00411921,4.178
"[4.192, 4.1930000000000005)",0.0705739,4.179
"[4.1930000000000005, 4.194)",0.00970679,4.18
"[4.194, 4.195)",0.022804244333333334,4.181
"[4.195, 4.196)",0.02677096,4.182
"[4.196, 4.197)",0.00204794,4.183
"[4.197, 4.198)",0.02276139,4.184
"[4.198, 4.199)",0.016379809999999998,4.185
"[4.199, 4.2)",0.005085225,4.186
"[4.2, 4.2010000000000005)",0.009654320000000001,4.187
"[4.2010000000000005, 4.202)",0.0320494,4.188
"[4.202, 4.203)",0.000228746,4.189
"[4.203, 4.204)",0.036495028,4.19
"[4.204, 4.205)",0.434376,4.191
"[4.205, 4.206)",0.0173138,4.192
"[4.206, 4.207)",0.14554820000000002,4.193
"[4.207, 4.208)",0.04327101,4.194
"[4.208, 4.2090000000000005)",0.00804274075,4.195
"[4.2090000000000005, 4.21)",0.0045569865,4.196
"[4.21, 4.211)",0.000540833,4.197
"[4.211, 4.212)",0.016597177499999997,4.198
"[4.212, 4.213)",0.0014601865,4.199
"[4.213, 4.214)",0.0009554069999999999,4.2
"[4.214, 4.215)",0.04703443666666667,4.201
"[4.215, 4.216)",0.032653015,4.202
"[4.2170000000000005, 4.218)",0.02136362,4.203
"[4.218, 4.219)",0.03484487,4.204
"[4.219, 4.22)",0.0195861665,4.205
"[4.22, 4.221)",0.0016481280000000002,4.206
"[4.221, 4.222)",0.04444616666666667,4.207
"[4.222, 4.223)",0.033356485000000005,4.208
"[4.223, 4.224)",0.007071538,4.209
"[4.224, 4.225)",1.27251e-5,4.21
"[4.225, 4.226)",0.009775306,4.211
"[4.226, 4.227)",0.01048937,4.212
"[4.227, 4.228)",0.01226497,4.213
"[4.228, 4.229)",0.00116144,4.214
"[4.229, 4.23)",0.00544218,4.215
"[4.23, 4.231)",0.0004731202,4.216
"[4.231, 4.232)",0.020150286,4.217
"[4.232, 4.233)",0.004235,4.218
"[4.233, 4.234)",0.008168477666666667,4.219
"[4.234, 4.235)",0.06652946,4.22
"[4.235, 4.236)",0.07253008,4.221
"[4.236, 4.237)",0.0689787,4.222
"[4.237, 4.238)",0.010223705,4.223
"[4.238, 4.239)",0.005947281333333333,4.224
"[4.24, 4.241)",0.07004335,4.225
"[4.241, 4.242)",0.00224577465,4.226
"[4.242, 4.243)",0.005188175,4.227
"[4.243, 4.244)",0.049264800000000004,4.228
"[4.244, 4.245)",0.00336127,4.229
"[4.245, 4.246)",0.0034635200000000003,4.23
"[4.246, 4.247)",0.00274523,4.231
"[4.247, 4.248)",0.01889318433333333,4.232
"[4.248, 4.249)",0.0056867,4.233
"[4.249, 4.25)",0.00293351,4.234
"[4.25, 4.251)",0.0620155,4.235
"[4.251, 4.252)",0.0067935975,4.236
"[4.2540000000000004, 4.255)",0.0063230100000000004,4.237
"[4.255, 4.256)",0.001743675,4.238
"[4.256, 4.257)",0.0929029,4.239
"[4.257, 4.258)",0.025264376666666668,4.24
"[4.258, 4.259)",0.02960674,4.241
"[4.259, 4.26)",0.0256025165,4.242
"[4.26, 4.261)",0.0525959165,4.243
"[4.261, 4.2620000000000005)",0.00593982,4.244
"[4.2620000000000005, 4.263)",0.014120956666666665,4.245
"[4.263, 4.264)",0.01869717075,4.246
"[4.264, 4.265)",0.03786143,4.247
"[4.265, 4.266)",0.03032514,4.248
"[4.266, 4.267)",0.00298151,4.249
"[4.267, 4.268)",0.019245093333333334,4.25
"[4.268, 4.269)",0.0354881055,4.251
"[4.269, 4.2700000000000005)",0.004248694333333333,4.252
"[4.2700000000000005, 4.271)",0.0149326,4.253
"[4.271, 4.272)",0.0009767676666666667,4.254
"[4.272, 4.273)",0.00348432,4.255
"[4.273, 4.274)",0.022391857499999997,4.256
"[4.274, 4.275)",0.015583985,4.257
"[4.275, 4.276)",0.027748203333333332,4.258
"[4.276, 4.277)",0.01391519,4.259
"[4.277, 4.2780000000000005)",0.0140056,4.26
"[4.2780000000000005, 4.279)",0.002191137666666667,4.261
"[4.279, 4.28)",0.013253893333333334,4.262
"[4.281, 4.282)",0.049514720750000005,4.263
"[4.282, 4.283)",0.00412247004,4.264
"[4.283, 4.284)",0.063297985,4.265
"[4.284, 4.285)",0.012859586666666666,4.266
"[4.285, 4.2860000000000005)",0.00298151,4.267
"[4.2860000000000005, 4.287)",0.0218227575,4.268
"[4.287, 4.288)",0.00203114,4.269
"[4.288, 4.289)",0.01193539,4.27
"[4.289, 4.29)",0.009840505,4.271
"[4.29, 4.291)",0.000540833,4.272
"[4.291, 4.292)",0.0566483,4.273
"[4.292, 4.293)",0.034174611,4.274
"[4.293, 4.2940000000000005)",0.009062845,4.275
"[4.2940000000000005, 4.295)",0.0178363975,4.276
"[4.295, 4.296)",0.01966400575,4.277
"[4.296, 4.297)",0.09320022,4.278
"[4.297, 4.298)",0.0555906,4.279
"[4.298, 4.299)",0.174725,4.28
"[4.299, 4.3)",0.00058072,4.281
"[4.3, 4.301)",0.00598007,4.282
"[4.301, 4.3020000000000005)",0.00294237,4.283
"[4.3020000000000005, 4.303)",0.0011212365,4.284
"[4.303, 4.304)",0.317829,4.285
"[4.304, 4.305)",0.15725909824999998,4.286
"[4.305, 4.306)",0.0364905,4.287
"[4.306, 4.307)",0.000540833,4.288
"[4.307, 4.308)",0.00422803,4.289
"[4.309, 4.3100000000000005)",0.0005456,4.29
"[4.3100000000000005, 4.311)",0.0031376900000000003,4.291
"[4.311, 4.312)",0.00013289,4.292
"[4.312, 4.313)",0.00341383,4.293
"[4.313, 4.314)",0.028890126333333332,4.294
"[4.314, 4.315)",0.011599390000000001,4.295
"[4.315, 4.316)",0.03341673333333333,4.296
"[4.316, 4.317)",0.000786082,4.297
"[4.319, 4.32)",0.0023811765,4.298
"[4.32, 4.321)",0.0117261,4.299
"[4.322, 4.323)",0.00841052,4.3
"[4.324, 4.325)",0.0040943615,4.301
"[4.325, 4.3260000000000005)",0.00521673,4.302
"[4.3260000000000005, 4.327)",0.02836925,4.303
"[4.328, 4.329)",0.02897110825,4.304
"[4.329, 4.33)",0.00170164,4.305
"[4.33, 4.331)",0.0472099885,4.306
"[4.331, 4.332)",0.00170164,4.307
"[4.332, 4.333)",0.121136,4.308
"[4.333, 4.3340000000000005)",0.000540833,4.309
"[4.335, 4.336)",0.2956,4.31
"[4.337, 4.338)",0.005425223333333333,4.311
"[4.338, 4.339)",0.0454507,4.312
"[4.339, 4.34)",0.0023881,4.313
"[4.341, 4.3420000000000005)",0.000540833,4.314
"[4.3420000000000005, 4.343)",0.00226757,4.315
"[4.343, 4.344)",0.03288287,4.316
"[4.344, 4.345)",0.00348432,4.317
"[4.345, 4.346)",0.015546573333333332,4.318
"[4.346, 4.347)",0.011118630000000001,4.319
"[4.347, 4.348)",0.0572805,4.32
"[4.348, 4.349)",0.147287,4.321
"[4.3500000000000005, 4.351)",0.03678575120000001,4.322
"[4.352, 4.353)",0.02531684,4.323
"[4.353, 4.354)",0.049548959999999996,4.324
"[4.354, 4.355)",0.0491903,4.325
"[4.355, 4.356)",0.00110742,4.326
"[4.356, 4.357)",0.00473431325,4.327
"[4.357, 4.358)",0.0029346600000000004,4.328
"[4.358, 4.359)",0.00069155,4.329
"[4.36, 4.361)",0.05083293533333333,4.33
"[4.361, 4.362)",0.03946592825,4.331
"[4.362, 4.363)",0.00313283,4.332
"[4.363, 4.364)",0.01980396666666667,4.333
"[4.365, 4.366)",0.052322475,4.334
"[4.366, 4.367)",0.0702421,4.335
"[4.367, 4.368)",0.0393294475,4.336
"[4.369, 4.37)",0.005499614999999999,4.337
"[4.37, 4.371)",0.016182476,4.338
"[4.371, 4.372)",0.01964538,4.339
"[4.372, 4.373)",0.09709143000000002,4.34
"[4.373, 4.374)",0.00203478,4.341
"[4.374, 4.375)",0.0635728325,4.342
"[4.375, 4.376)",0.0083063794,4.343
"[4.376, 4.377)",0.0007663934999999999,4.344
"[4.377, 4.378)",0.005643383333333332,4.345
"[4.378, 4.3790000000000004)",0.03553372075,4.346
"[4.3790000000000004, 4.38)",0.0202516,4.347
"[4.381, 4.382)",0.04487886,4.348
"[4.382, 4.383)",0.000566893,4.349
"[4.384, 4.385)",0.00858790784,4.35
"[4.385, 4.386)",0.0103611,4.351
"[4.386, 4.3870000000000005)",0.004588237,4.352
"[4.3870000000000005, 4.388)",0.009640022,4.353
"[4.388, 4.389)",0.018372385,4.354
"[4.389, 4.39)",0.0102947,4.355
"[4.391, 4.392)",0.003918035333333333,4.356
"[4.392, 4.393)",0.0075188,4.357
"[4.393, 4.394)",0.01561888,4.358
"[4.394, 4.3950000000000005)",0.00602817,4.359
"[4.3950000000000005, 4.396)",0.0080318105,4.36
"[4.396, 4.397)",0.07641422,4.361
"[4.397, 4.398)",0.00474293,4.362
"[4.398, 4.399)",0.0037778939999999995,4.363
"[4.399, 4.4)",0.007643353333333334,4.364
"[4.4, 4.401)",0.07214049333333333,4.365
"[4.401, 4.402)",0.004850944,4.366
"[4.402, 4.4030000000000005)",0.00894032,4.367
"[4.4030000000000005, 4.404)",0.00367197,4.368
"[4.404, 4.405)",0.0023721343333333333,4.369
"[4.405, 4.406)",0.0328588,4.37
"[4.406, 4.407)",0.2237,4.371
"[4.407, 4.408)",0.00345168,4.372
"[4.408, 4.409)",0.01032458,4.373
"[4.409, 4.41)",0.007530545599999999,4.374
"[4.41, 4.4110000000000005)",0.010195563333333333,4.375
"[4.4110000000000005, 4.412)",0.000566893,4.376
"[4.412, 4.413)",0.00420301,4.377
"[4.414, 4.415)",0.06839904999999999,4.378
"[4.415, 4.416)",0.008617265,4.379
"[4.416, 4.417)",0.0488098,4.38
"[4.417, 4.418)",0.032859370799999996,4.381
"[4.418, 4.4190000000000005)",0.06778984666666667,4.382
"[4.42, 4.421)",0.33569824426666667,4.383
"[4.421, 4.422)",0.0368906,4.384
"[4.422, 4.423)",0.00467425,4.385
"[4.423, 4.424)",0.01969575,4.386
"[4.424, 4.425)",0.0599063,4.387
"[4.425, 4.426)",0.0227792,4.388
"[4.426, 4.4270000000000005)",0.00516796,4.389
"[4.4270000000000005, 4.428)",0.027280475999999998,4.39
"[4.428, 4.429)",0.0007541,4.391
"[4.43, 4.431)",0.013195645,4.392
"[4.431, 4.432)",0.0261867,4.393
"[4.432, 4.433)",0.05160180333333333,4.394
"[4.434, 4.4350000000000005)",0.0032815125,4.395
"[4.4350000000000005, 4.436)",0.007219279999999999,4.396
"[4.436, 4.437)",0.06833770000000002,4.397
"[4.438, 4.439)",0.00764789,4.398
"[4.439, 4.44)",0.0393289,4.399
"[4.44, 4.441)",0.06881034999999999,4.4
"[4.441, 4.442)",0.026264406666666667,4.401
"[4.442, 4.4430000000000005)",0.16180400499999997,4.402
"[4.4430000000000005, 4.444)",0.0101459,4.403
"[4.444, 4.445)",0.02877131325,4.404
"[4.445, 4.446)",0.057861216666666666,4.405
"[4.446, 4.447)",0.008707511966666668,4.406
"[4.448, 4.449)",0.005378414333333334,4.407
"[4.449, 4.45)",0.02010150333333333,4.408
"[4.45, 4.4510000000000005)",0.006789966666666668,4.409
"[4.4510000000000005, 4.452)",0.000540833,4.41
"[4.452, 4.453)",0.007903005,4.411
"[4.453, 4.454)",0.014550303333333334,4.412
"[4.454, 4.455)",0.023343,4.413
"[4.455, 4.456)",0.0152663,4.414
"[4.456, 4.457)",0.057149599999999995,4.415
"[4.457, 4.458)",0.01651085,4.416
"[4.458, 4.4590000000000005)",0.000540833,4.417
"[4.4590000000000005, 4.46)",0.11074582,4.418
"[4.46, 4.461)",0.024105,4.419
"[4.461, 4.462)",0.00312933,4.42
"[4.462, 4.463)",0.000540833,4.421
"[4.463, 4.464)",0.00764789,4.422
"[4.464, 4.465)",0.024689660000000002,4.423
"[4.466, 4.4670000000000005)",0.0227606,4.424
"[4.4670000000000005, 4.468)",0.01559131,4.425
"[4.468, 4.469)",0.03516508,4.426
"[4.47, 4.471)",0.0020080873333333336,4.427
"[4.471, 4.472)",0.00077667305,4.428
"[4.474, 4.4750000000000005)",0.00916225,4.429
"[4.476, 4.477)",0.012944114999999999,4.43
"[4.477, 4.478)",0.0199693,4.431
"[4.478, 4.479)",0.028594566499999998,4.432
"[4.479, 4.48)",0.00110742,4.433
"[4.481, 4.482)",0.0157707,4.434
"[4.483, 4.484)",0.00414301,4.435
"[4.484, 4.485)",0.0364722,4.436
"[4.485, 4.486)",0.054036400000000005,4.437
"[4.486, 4.487)",0.00708449,4.438
"[4.487, 4.488)",0.00641604,4.439
"[4.489, 4.49)",0.00447984,4.44
"[4.491, 4.492)",0.00633422,4.441
"[4.492, 4.493)",0.00439975,4.442
"[4.494, 4.495)",0.000540833,4.443
"[4.495, 4.496)",0.147287,4.444
"[4.496, 4.497)",0.00110742,4.445
"[4.497, 4.498)",0.007667257857142858,4.446
"[4.5, 4.501)",0.038599,4.447
"[4.502, 4.503)",0.00623936,4.448
"[4.503, 4.5040000000000004)",0.00572344,4.449
"[4.5040000000000004, 4.505)",0.00602319,4.45
"[4.505, 4.506)",0.00110742,4.451
"[4.506, 4.507)",0.034177149999999996,4.452
"[4.507, 4.508)",0.0085731665,4.453
"[4.508, 4.509)",0.0468433275,4.454
"[4.509, 4.51)",0.0033717366666666665,4.455
"[4.51, 4.511)",0.01016463,4.456
"[4.5120000000000005, 4.513)",0.12861621,4.457
"[4.514, 4.515)",0.00305526,4.458
"[4.515, 4.516)",0.00610501,4.459
"[4.516, 4.517)",0.03350515,4.46
"[4.517, 4.518)",0.016469,4.461
"[4.518, 4.519)",0.02394705,4.462
"[4.519, 4.5200000000000005)",0.018720146666666666,4.463
"[4.5200000000000005, 4.521)",0.02513046,4.464
"[4.521, 4.522)",0.018357103333333333,4.465
"[4.522, 4.523)",0.0222964,4.466
"[4.524, 4.525)",0.001016175025,4.467
"[4.526, 4.527)",0.00165358,4.468
"[4.527, 4.5280000000000005)",0.000303613,4.469
"[4.5280000000000005, 4.529)",0.0012985115,4.47
"[4.529, 4.53)",0.135723,4.471
"[4.53, 4.531)",0.0486286,4.472
"[4.532, 4.533)",0.020243227000000003,4.473
"[4.534, 4.535)",0.02839,4.474
"[4.5360000000000005, 4.537)",0.1498764,4.475
"[4.537, 4.538)",0.026906633333333332,4.476
"[4.538, 4.539)",0.009653663333333333,4.477
"[4.539, 4.54)",0.00165358,4.478
"[4.54, 4.541)",0.00535396,4.479
"[4.541, 4.542)",0.042608837499999996,4.48
"[4.542, 4.543)",0.0158396,4.481
"[4.543, 4.5440000000000005)",0.00439975,4.482
"[4.5440000000000005, 4.545)",0.0075188,4.483
"[4.545, 4.546)",7.22596e-5,4.484
"[4.546, 4.547)",0.112224285,4.485
"[4.547, 4.548)",0.0272665,4.486
"[4.549, 4.55)",0.055140856499999995,4.487
"[4.55, 4.551)",0.0380491,4.488
"[4.551, 4.5520000000000005)",0.020553994,4.489
"[4.553, 4.554)",0.08962379333333333,4.49
"[4.554, 4.555)",0.02676138575,4.491
"[4.555, 4.556)",0.003642676666666667,4.492
"[4.556, 4.557)",0.12184327325,4.493
"[4.557, 4.558)",0.00156928,4.494
"[4.558, 4.559)",0.0025412919999999997,4.495
"[4.559, 4.5600000000000005)",0.009683694999999999,4.496
"[4.5600000000000005, 4.561)",0.00120616,4.497
"[4.562, 4.563)",0.0103536,4.498
"[4.563, 4.564)",0.005299160000000001,4.499
"[4.564, 4.565)",0.0046142,4.5
"[4.565, 4.566)",0.000740052,4.501
"[4.566, 4.567)",0.025778036666666667,4.502
"[4.567, 4.5680000000000005)",0.225225,4.503
"[4.5680000000000005, 4.569)",0.032461326666666665,4.504
"[4.57, 4.571)",0.0397722,4.505
"[4.571, 4.572)",0.010922763333333333,4.506
"[4.573, 4.574)",0.24582797999999997,4.507
"[4.574, 4.575)",0.007252,4.508
"[4.575, 4.5760000000000005)",0.0108199,4.509
"[4.5760000000000005, 4.577)",0.02618419,4.51
"[4.577, 4.578)",0.02933031,4.511
"[4.578, 4.579)",0.00610501,4.512
"[4.579, 4.58)",0.131099,4.513
"[4.581, 4.582)",0.000991954,4.514
"[4.582, 4.583)",0.008991579999999999,4.515
"[4.583, 4.5840000000000005)",0.014121,4.516
"[4.5840000000000005, 4.585)",0.0191415,4.517
"[4.585, 4.586)",0.03483505,4.518
"[4.587, 4.588)",0.08206662,4.519
"[4.588, 4.589)",0.000540833,4.52
"[4.589, 4.59)",0.0102550665,4.521
"[4.59, 4.591)",0.014194933333333335,4.522
"[4.591, 4.5920000000000005)",0.00367197,4.523
"[4.5920000000000005, 4.593)",0.00874287,4.524
"[4.593, 4.594)",0.00833506,4.525
"[4.594, 4.595)",0.11802116,4.526
"[4.595, 4.596)",0.005124358000000001,4.527
"[4.596, 4.597)",0.018407665,4.528
"[4.597, 4.598)",0.00598007,4.529
"[4.598, 4.599)",0.10396137999999999,4.53
"[4.599, 4.6000000000000005)",0.0739139165,4.531
"[4.601, 4.602)",0.01454452,4.532
"[4.602, 4.603)",0.04790425500000001,4.533
"[4.603, 4.604)",0.01580399,4.534
"[4.604, 4.605)",0.016632,4.535
"[4.605, 4.606)",0.000540833,4.536
"[4.606, 4.607)",0.000540833,4.537
"[4.607, 4.6080000000000005)",0.002317545,4.538
"[4.6080000000000005, 4.609)",0.026082695,4.539
"[4.609, 4.61)",0.012453873333333332,4.54
"[4.61, 4.611)",0.00232558,4.541
"[4.611, 4.612)",0.024969400000000003,4.542
"[4.612, 4.613)",0.003556181666666667,4.543
"[4.613, 4.614)",0.1465521,4.544
"[4.614, 4.615)",0.00633036,4.545
"[4.615, 4.616)",0.00975244,4.546
"[4.617, 4.618)",0.0066806665,4.547
"[4.618, 4.619)",0.00328396,4.548
"[4.619, 4.62)",0.00818452,4.549
"[4.62, 4.621)",0.0118562725,4.55
"[4.621, 4.622)",0.0323794,4.551
"[4.622, 4.623)",0.010498,4.552
"[4.623, 4.624)",0.00775194,4.553
"[4.625, 4.626)",0.000540833,4.554
"[4.626, 4.627)",0.012095693333333333,4.555
"[4.627, 4.628)",0.0739139165,4.556
"[4.628, 4.6290000000000004)",0.0029346600000000004,4.557
"[4.6290000000000004, 4.63)",0.007267405,4.558
"[4.63, 4.631)",0.01121421895,4.559
"[4.631, 4.632)",0.0016587669999999998,4.56
"[4.632, 4.633)",0.01566,4.561
"[4.633, 4.634)",0.0706907,4.562
"[4.634, 4.635)",0.00367197,4.563
"[4.635, 4.636)",0.0025464850000000002,4.564
"[4.636, 4.6370000000000005)",0.0038017700000000003,4.565
"[4.6370000000000005, 4.638)",0.00170164,4.566
"[4.638, 4.639)",0.00110742,4.567
"[4.639, 4.64)",0.04896340666666666,4.568
"[4.64, 4.641)",0.01549345,4.569
"[4.643, 4.644)",0.0147783,4.57
"[4.644, 4.6450000000000005)",0.00978415,4.571
"[4.6450000000000005, 4.646)",0.00137586,4.572
"[4.646, 4.647)",0.030381568249999998,4.573
"[4.647, 4.648)",0.00110742,4.574
"[4.648, 4.649)",0.004468123333333333,4.575
"[4.649, 4.65)",0.0042306932500000005,4.576
"[4.651, 4.652)",0.0292836305,4.577
"[4.652, 4.6530000000000005)",0.0030885100000000005,4.578
"[4.6530000000000005, 4.654)",0.00275538,4.579
"[4.654, 4.655)",0.04375775333333332,4.58
"[4.655, 4.656)",0.232558,4.581
"[4.656, 4.657)",0.057158804,4.582
"[4.657, 4.658)",0.00407375,4.583
"[4.658, 4.659)",0.305729,4.584
"[4.659, 4.66)",0.005539302699999999,4.585
"[4.66, 4.6610000000000005)",0.00232558,4.586
"[4.662, 4.663)",0.0085823067,4.587
"[4.663, 4.664)",0.0022371066666666667,4.588
"[4.664, 4.665)",0.017412885,4.589
"[4.665, 4.666)",0.036093198,4.59
"[4.666, 4.667)",0.01266835,4.591
"[4.667, 4.668)",0.0520325,4.592
"[4.6690000000000005, 4.67)",0.0137293,4.593
"[4.67, 4.671)",0.00226757,4.594
"[4.671, 4.672)",0.12721653824999998,4.595
"[4.672, 4.673)",0.004157138966666667,4.596
"[4.673, 4.674)",0.0018027946000000001,4.597
"[4.674, 4.675)",0.0113493,4.598
"[4.675, 4.676)",0.00731707,4.599
"[4.676, 4.6770000000000005)",0.0367718,4.6
"[4.6770000000000005, 4.678)",0.0037738543333333333,4.601
"[4.679, 4.68)",0.00577901,4.602
"[4.682, 4.683)",0.0155627,4.603
"[4.683, 4.684)",0.0133555,4.604
"[4.686, 4.687)",0.004017695,4.605
"[4.687, 4.688)",0.04068671333333333,4.606
"[4.688, 4.689)",0.000540833,4.607
"[4.689, 4.69)",0.17647339999999997,4.608
"[4.69, 4.691)",0.0214286,4.609
"[4.692, 4.6930000000000005)",0.0289561,4.61
"[4.6930000000000005, 4.694)",0.017684863333333332,4.611
"[4.694, 4.695)",0.0413230546,4.612
"[4.695, 4.696)",0.0003847895,4.613
"[4.696, 4.697)",0.00662166,4.614
"[4.697, 4.698)",0.014725475000000002,4.615
"[4.698, 4.699)",0.027126214000000006,4.616
"[4.699, 4.7)",0.03254395,4.617
"[4.7, 4.7010000000000005)",0.0777199165,4.618
"[4.702, 4.703)",0.00232558,4.619
"[4.704, 4.705)",0.020678965,4.62
"[4.705, 4.706)",0.00904465,4.621
"[4.706, 4.707)",0.15946821,4.622
"[4.707, 4.708)",0.009537885,4.623
"[4.71, 4.711)",0.00201361,4.624
"[4.711, 4.712)",0.0202429,4.625
"[4.712, 4.713)",0.006726864859999999,4.626
"[4.714, 4.715)",0.00261866,4.627
"[4.715, 4.716)",0.0193798,4.628
"[4.7170000000000005, 4.718)",0.0062737685000000005,4.629
"[4.718, 4.719)",0.0822562,4.63
"[4.721, 4.722)",0.0008734965,4.631
"[4.722, 4.723)",0.028713775,4.632
"[4.724, 4.7250000000000005)",0.007403867666666667,4.633
"[4.7250000000000005, 4.726)",0.488372,4.634
"[4.726, 4.727)",0.00496493,4.635
"[4.727, 4.728)",0.051817,4.636
"[4.728, 4.729)",0.0295239,4.637
"[4.729, 4.73)",0.000294118,4.638
"[4.73, 4.731)",0.006931095,4.639
"[4.732, 4.7330000000000005)",0.0147783,4.64
"[4.7330000000000005, 4.734)",0.03830028,4.641
"[4.734, 4.735)",0.00856392,4.642
"[4.735, 4.736)",0.004704005,4.643
"[4.736, 4.737)",0.0885076,4.644
"[4.738, 4.739)",0.001687495,4.645
"[4.739, 4.74)",0.0040943615,4.646
"[4.74, 4.741)",0.00094557,4.647
"[4.742, 4.743)",0.0101868,4.648
"[4.744, 4.745)",0.11723510666666666,4.649
"[4.745, 4.746)",0.000540833,4.65
"[4.746, 4.747)",0.01039906,4.651
"[4.747, 4.748)",0.009257151333333333,4.652
"[4.749, 4.75)",0.0044140214999999995,4.653
"[4.75, 4.751)",0.051181625,4.654
"[4.751, 4.752)",0.0117002815,4.655
"[4.752, 4.753)",0.038612299999999995,4.656
"[4.7540000000000004, 4.755)",0.00418304,4.657
"[4.755, 4.756)",0.002784211,4.658
"[4.756, 4.757)",0.01865551,4.659
"[4.757, 4.758)",0.00755775,4.66
"[4.758, 4.759)",0.005928119999999999,4.661
"[4.759, 4.76)",0.000540833,4.662
"[4.76, 4.761)",0.06315510333333334,4.663
"[4.761, 4.7620000000000005)",0.114316,4.664
"[4.7620000000000005, 4.763)",0.03678852974999999,4.665
"[4.764, 4.765)",0.06542122666666667,4.666
"[4.765, 4.766)",0.018461585000000003,4.667
"[4.766, 4.767)",0.2000362,4.668
"[4.767, 4.768)",0.098453,4.669
"[4.768, 4.769)",0.0026196807499999997,4.67
"[4.769, 4.7700000000000005)",0.052365785,4.671
"[4.7700000000000005, 4.771)",0.0712798,4.672
"[4.772, 4.773)",0.027843555,4.673
"[4.773, 4.774)",0.0216017,4.674
"[4.775, 4.776)",0.09183017766666667,4.675
"[4.776, 4.777)",0.012556310000000001,4.676
"[4.777, 4.7780000000000005)",0.00110742,4.677
"[4.7780000000000005, 4.779)",0.03335555,4.678
"[4.779, 4.78)",0.01111692,4.679
"[4.78, 4.781)",0.0256898,4.68
"[4.781, 4.782)",0.0595990975,4.681
"[4.783, 4.784)",0.0027719199999999998,4.682
"[4.785, 4.7860000000000005)",0.03532200666666667,4.683
"[4.7860000000000005, 4.787)",0.009618876666666666,4.684
"[4.787, 4.788)",0.205216,4.685
"[4.789, 4.79)",0.019916865,4.686
"[4.79, 4.791)",0.00170164,4.687
"[4.792, 4.793)",0.00160101,4.688
"[4.793, 4.7940000000000005)",0.0158851,4.689
"[4.7940000000000005, 4.795)",0.010614954999999999,4.69
"[4.795, 4.796)",0.0028271415,4.691
"[4.796, 4.797)",0.05674079666666667,4.692
"[4.797, 4.798)",0.00619206,4.693
"[4.799, 4.8)",0.0168115,4.694
"[4.8, 4.801)",0.000540833,4.695
"[4.801, 4.8020000000000005)",0.012379560000000001,4.696
"[4.8020000000000005, 4.803)",0.0847260075,4.697
"[4.803, 4.804)",0.007363269999999999,4.698
"[4.805, 4.806)",0.0413216,4.699
"[4.806, 4.807)",0.00110742,4.7
"[4.807, 4.808)",0.04000154,4.701
"[4.808, 4.809)",0.060804035,4.702
"[4.809, 4.8100000000000005)",0.0166671545,4.703
"[4.8100000000000005, 4.811)",0.0016828486666666668,4.704
"[4.812, 4.813)",0.103692,4.705
"[4.813, 4.814)",0.0011212365,4.706
"[4.814, 4.815)",0.016275206000000004,4.707
"[4.815, 4.816)",0.00086972715,4.708
"[4.816, 4.817)",0.0024283343333333335,4.709
"[4.8180000000000005, 4.819)",0.0017165,4.71
"[4.819, 4.82)",0.129088,4.711
"[4.82, 4.821)",0.02962156,4.712
"[4.822, 4.823)",0.0823068,4.713
"[4.824, 4.825)",0.031136455,4.714
"[4.825, 4.8260000000000005)",0.0128014495,4.715
"[4.8260000000000005, 4.827)",0.00232558,4.716
"[4.827, 4.828)",0.040072485,4.717
"[4.828, 4.829)",0.02320645,4.718
"[4.829, 4.83)",0.0575532,4.719
"[4.831, 4.832)",0.0505608,4.72
"[4.832, 4.833)",0.009893243333333334,4.721
"[4.833, 4.8340000000000005)",0.04438285,4.722
"[4.8340000000000005, 4.835)",0.004057563,4.723
"[4.835, 4.836)",0.0206782,4.724
"[4.836, 4.837)",0.0441176,4.725
"[4.837, 4.838)",0.00039842450000000004,4.726
"[4.838, 4.839)",0.0013039,4.727
"[4.839, 4.84)",0.027625643333333335,4.728
"[4.84, 4.841)",0.000540833,4.729
"[4.841, 4.8420000000000005)",0.0410667,4.73
"[4.8420000000000005, 4.843)",0.017332945000000002,4.731
"[4.843, 4.844)",0.00864406,4.732
"[4.844, 4.845)",0.02851126618333333,4.733
"[4.845, 4.846)",0.00110742,4.734
"[4.848, 4.849)",0.025780644000000002,4.735
"[4.849, 4.8500000000000005)",0.000540833,4.736
"[4.8500000000000005, 4.851)",0.0032491,4.737
"[4.852, 4.853)",0.0095592,4.738
"[4.853, 4.854)",0.0138431,4.739
"[4.854, 4.855)",0.0127871,4.74
"[4.855, 4.856)",0.00764789,4.741
"[4.856, 4.857)",0.0226405,4.742
"[4.8580000000000005, 4.859)",0.012554066666666667,4.743
"[4.859, 4.86)",0.00150038,4.744
"[4.86, 4.861)",0.144748,4.745
"[4.861, 4.862)",0.000540833,4.746
"[4.862, 4.863)",0.0756635,4.747
"[4.863, 4.864)",0.030691049999999997,4.748
"[4.864, 4.865)",0.06547378,4.749
"[4.865, 4.866)",0.00170164,4.75
"[4.866, 4.867)",0.007405795000000001,4.751
"[4.867, 4.868)",0.00367197,4.752
"[4.868, 4.869)",0.027160185000000003,4.753
"[4.87, 4.871)",0.0312289,4.754
"[4.871, 4.872)",0.0004493075,4.755
"[4.872, 4.873)",0.00170164,4.756
"[4.874, 4.875)",0.0209671,4.757
"[4.875, 4.876)",0.01466925,4.758
"[4.876, 4.877)",0.00170164,4.759
"[4.877, 4.878)",0.037667461,4.76
"[4.878, 4.8790000000000004)",4.67617e-5,4.761
"[4.8790000000000004, 4.88)",0.06311394333333332,4.762
"[4.88, 4.881)",0.00110742,4.763
"[4.882, 4.883)",0.07921879999999999,4.764
"[4.883, 4.884)",0.00395844,4.765
"[4.884, 4.885)",0.00467425,4.766
"[4.885, 4.886)",0.000434783,4.767
"[4.888, 4.889)",0.06344122,4.768
"[4.89, 4.891)",0.027263449999999998,4.769
"[4.891, 4.892)",0.0205945,4.77
"[4.893, 4.894)",0.115628,4.771
"[4.894, 4.8950000000000005)",0.0351178,4.772
"[4.8950000000000005, 4.896)",0.018351855,4.773
"[4.896, 4.897)",0.192562,4.774
"[4.897, 4.898)",0.0073162873,4.775
"[4.899, 4.9)",0.00311766,4.776
"[4.9, 4.901)",0.0020125765,4.777
"[4.901, 4.902)",0.00170164,4.778
"[4.902, 4.9030000000000005)",0.018860415,4.779
"[4.9030000000000005, 4.904)",0.000540833,4.78
"[4.905, 4.906)",0.00237739,4.781
"[4.907, 4.908)",0.000540833,4.782
"[4.91, 4.9110000000000005)",0.0167683,4.783
"[4.9110000000000005, 4.912)",0.00170164,4.784
"[4.912, 4.913)",0.00110742,4.785
"[4.913, 4.914)",0.0027481,4.786
"[4.915, 4.916)",0.00142982,4.787
"[4.916, 4.917)",0.0158851,4.788
"[4.917, 4.918)",0.0428043,4.789
"[4.9190000000000005, 4.92)",0.0223426,4.79
"[4.92, 4.921)",0.00110742,4.791
"[4.921, 4.922)",0.0101112,4.792
"[4.922, 4.923)",0.0028071800000000003,4.793
"[4.923, 4.924)",0.08062095,4.794
"[4.929, 4.93)",0.05188,4.795
"[4.93, 4.931)",0.0325945,4.796
"[4.931, 4.932)",0.0337222,4.797
"[4.932, 4.933)",0.0005652114000000001,4.798
"[4.933, 4.934)",0.019288713333333332,4.799
"[4.934, 4.9350000000000005)",0.0663589,4.8
"[4.9350000000000005, 4.936)",0.0052559600000000005,4.801
"[4.937, 4.938)",0.00918964,4.802
"[4.94, 4.941)",0.0524725,4.803
"[4.941, 4.942)",0.0257812,4.804
"[4.942, 4.9430000000000005)",0.021233514999999998,4.805
"[4.9430000000000005, 4.944)",0.00226757,4.806
"[4.944, 4.945)",0.006292654999999999,4.807
"[4.946, 4.947)",0.012116953333333333,4.808
"[4.947, 4.948)",0.00341139,4.809
"[4.948, 4.949)",0.0739668565,4.81
"[4.949, 4.95)",0.0801583,4.811
"[4.95, 4.9510000000000005)",0.002389695,4.812
"[4.9510000000000005, 4.952)",0.00367197,4.813
"[4.952, 4.953)",0.0456479,4.814
"[4.953, 4.954)",0.004397811,4.815
"[4.954, 4.955)",0.00367197,4.816
"[4.955, 4.956)",0.0028845165,4.817
"[4.957, 4.958)",0.00256642,4.818
"[4.9590000000000005, 4.96)",0.00439975,4.819
"[4.96, 4.961)",0.12162165,4.82
"[4.962, 4.963)",0.00170164,4.821
"[4.963, 4.964)",0.008674065,4.822
"[4.964, 4.965)",0.00680945,4.823
"[4.966, 4.9670000000000005)",0.00400994,4.824
"[4.9670000000000005, 4.968)",0.00764789,4.825
"[4.968, 4.969)",0.000402387,4.826
"[4.969, 4.97)",0.0234877,4.827
"[4.971, 4.972)",0.0840367,4.828
"[4.972, 4.973)",0.0393289,4.829
"[4.974, 4.9750000000000005)",0.03215263333333334,4.83
"[4.9750000000000005, 4.976)",0.0021395,4.831
"[4.976, 4.977)",0.07366877935,4.832
"[4.977, 4.978)",0.013279077,4.833
"[4.978, 4.979)",0.040029,4.834
"[4.98, 4.981)",0.0699187,4.835
"[4.982, 4.9830000000000005)",0.03554995,4.836
"[4.984, 4.985)",0.00328396,4.837
"[4.987, 4.988)",0.0249164,4.838
"[4.988, 4.989)",0.0121816,4.839
"[4.989, 4.99)",0.00095162,4.84
"[4.99, 4.9910000000000005)",0.030976035,4.841
"[4.9910000000000005, 4.992)",0.0058699685,4.842
"[4.992, 4.993)",0.00110742,4.843
"[4.994, 4.995)",0.00110742,4.844
"[4.995, 4.996)",0.00300116,4.845
"[4.996, 4.997)",0.0040298165,4.846
"[4.997, 4.998)",0.02549175,4.847
"[4.998, 4.999)",0.0249808,4.848
"[5.0, 5.001)",0.0581007,4.849
"[5.002, 5.003)",0.010429546666666666,4.85
"[5.0040000000000004, 5.005)",0.0034776850000000003,4.851
"[5.005, 5.006)",0.006750445,4.852
"[5.008, 5.009)",0.00298151,4.853
"[5.01, 5.011)",0.0196265,4.854
"[5.011, 5.0120000000000005)",0.011568338249999999,4.855
"[5.0120000000000005, 5.013)",0.00775194,4.856
"[5.013, 5.014)",0.033911000000000004,4.857
"[5.014, 5.015)",0.0325301,4.858
"[5.015, 5.016)",0.00328396,4.859
"[5.016, 5.017)",0.123223,4.86
"[5.018, 5.019)",0.00298151,4.861
"[5.019, 5.0200000000000005)",0.0536508,4.862
"[5.021, 5.022)",0.08230389333333334,4.863
"[5.025, 5.026)",0.000540833,4.864
"[5.027, 5.0280000000000005)",0.01637346,4.865
"[5.0280000000000005, 5.029)",0.0375725,4.866
"[5.029, 5.03)",0.0048931849999999995,4.867
"[5.03, 5.031)",0.01233287,4.868
"[5.031, 5.032)",0.00110742,4.869
"[5.032, 5.033)",0.00170164,4.87
"[5.033, 5.034)",0.010143485,4.871
"[5.034, 5.035)",0.00911035,4.872
"[5.035, 5.0360000000000005)",0.013327710000000001,4.873
"[5.037, 5.038)",0.0008241265000000001,4.874
"[5.038, 5.039)",0.0168254,4.875
"[5.039, 5.04)",0.012283513333333334,4.876
"[5.04, 5.041)",0.013903100000000002,4.877
"[5.042, 5.043)",5.05587e-5,4.878
"[5.043, 5.0440000000000005)",0.0697674,4.879
"[5.046, 5.047)",0.0123979165,4.88
"[5.047, 5.048)",0.00168691,4.881
"[5.048, 5.049)",0.0016587669999999998,4.882
"[5.049, 5.05)",0.00298151,4.883
"[5.051, 5.0520000000000005)",0.0011212365,4.884
"[5.0520000000000005, 5.053)",0.00764549,4.885
"[5.053, 5.054)",0.0033720850000000004,4.886
"[5.054, 5.055)",0.0040529864999999995,4.887
"[5.056, 5.057)",0.00232558,4.888
"[5.057, 5.058)",0.05281344433333333,4.889
"[5.058, 5.059)",0.00564854,4.89
"[5.059, 5.0600000000000005)",0.00598007,4.891
"[5.0600000000000005, 5.061)",0.00348432,4.892
"[5.062, 5.063)",0.04677015,4.893
"[5.064, 5.065)",0.00764789,4.894
"[5.065, 5.066)",0.00546555,4.895
"[5.066, 5.067)",0.0072735394285714265,4.896
"[5.067, 5.0680000000000005)",0.00110742,4.897
"[5.0680000000000005, 5.069)",0.01800785,4.898
"[5.069, 5.07)",0.0783949,4.899
"[5.07, 5.071)",0.03425835,4.9
"[5.071, 5.072)",0.007350126666666667,4.901
"[5.072, 5.073)",0.000540833,4.902
"[5.074, 5.075)",0.000540833,4.903
"[5.075, 5.0760000000000005)",0.00856718,4.904
"[5.077, 5.078)",0.000540833,4.905
"[5.0840000000000005, 5.085)",0.022961,4.906
"[5.086, 5.087)",0.0158851,4.907
"[5.088, 5.089)",0.0392567,4.908
"[5.09, 5.091)",0.0038365,4.909
"[5.091, 5.0920000000000005)",0.00917524,4.91
"[5.0920000000000005, 5.093)",0.04095120333333333,4.911
"[5.095, 5.096)",0.00395844,4.912
"[5.096, 5.097)",0.0011501465,4.913
"[5.097, 5.098)",0.00226757,4.914
"[5.098, 5.099)",0.0036023915,4.915
"[5.1000000000000005, 5.101)",0.030565500000000002,4.916
"[5.101, 5.102)",0.0403495665,4.917
"[5.103, 5.104)",0.021464335,4.918
"[5.104, 5.105)",0.013709135,4.919
"[5.107, 5.1080000000000005)",0.004271151,4.92
"[5.1080000000000005, 5.109)",0.01617075,4.921
"[5.111, 5.112)",0.005446203333333333,4.922
"[5.112, 5.113)",0.00170164,4.923
"[5.113, 5.114)",0.04486096,4.924
"[5.114, 5.115)",0.0248227,4.925
"[5.1160000000000005, 5.117)",0.000540833,4.926
"[5.117, 5.118)",0.000521953,4.927
"[5.118, 5.119)",0.00110742,4.928
"[5.12, 5.121)",0.00367197,4.929
"[5.122, 5.123)",0.114316,4.93
"[5.126, 5.127)",0.033292749999999996,4.931
"[5.128, 5.1290000000000004)",0.02137051,4.932
"[5.1290000000000004, 5.13)",0.0018309315,4.933
"[5.135, 5.136)",0.061510235,4.934
"[5.1370000000000005, 5.138)",0.148439,4.935
"[5.138, 5.139)",0.00155306,4.936
"[5.139, 5.14)",0.00110742,4.937
"[5.142, 5.143)",0.019334,4.938
"[5.143, 5.144)",0.0392567,4.939
"[5.146, 5.147)",0.00110742,4.94
"[5.147, 5.148)",0.0115533,4.941
"[5.148, 5.149)",0.00165358,4.942
"[5.158, 5.159)",0.00450694,4.943
"[5.16, 5.1610000000000005)",0.0501814,4.944
"[5.162, 5.163)",0.00110742,4.945
"[5.168, 5.1690000000000005)",0.000357782,4.946
"[5.179, 5.18)",0.000540833,4.947
"[5.18, 5.181)",0.20330420000000002,4.948
"[5.186, 5.187)",0.0173138,4.949
"[5.192, 5.1930000000000005)",0.0121622,4.95
"[5.21, 5.211)",0.00422152,4.951
"[5.215, 5.216)",0.00312103,4.952
