bin,R2_mean,dist
,0.07711419625873908,0.0
"[0.0, 0.001)",0.08700289630872918,0.001
"[0.001, 0.002)",0.06739825684604742,0.002
"[0.002, 0.003)",0.06382957494504657,0.003
"[0.003, 0.004)",0.06360888081341634,0.004
"[0.004, 0.005)",0.057288022129541816,0.005
"[0.005, 0.006)",0.05695659388719673,0.006
"[0.006, 0.007)",0.05761800664410845,0.007
"[0.007, 0.008)",0.05791827086573659,0.008
"[0.008, 0.009000000000000001)",0.05913839986407373,0.009000000000000001
"[0.009000000000000001, 0.01)",0.05617567543392761,0.01
"[0.01, 0.011)",0.05622102456759128,0.011
"[0.011, 0.012)",0.055986329686016155,0.012
"[0.012, 0.013000000000000001)",0.0578387098418095,0.013000000000000001
"[0.013000000000000001, 0.014)",0.04920935006668535,0.014
"[0.014, 0.015)",0.049776727884309195,0.015
"[0.015, 0.016)",0.04592092957728214,0.016
"[0.016, 0.017)",0.04581050889745735,0.017
"[0.017, 0.018000000000000002)",0.04809931506640039,0.018000000000000002
"[0.018000000000000002, 0.019)",0.04887657482528577,0.019
"[0.019, 0.02)",0.05310325570172417,0.02
"[0.02, 0.021)",0.05478154279356621,0.021
"[0.021, 0.022)",0.05149700791929551,0.022
"[0.022, 0.023)",0.052669266160829675,0.023
"[0.023, 0.024)",0.05875806528158978,0.024
"[0.024, 0.025)",0.04299260947172597,0.025
"[0.025, 0.026000000000000002)",0.049613720905232084,0.026000000000000002
"[0.026000000000000002, 0.027)",0.0578362252195288,0.027
"[0.027, 0.028)",0.04695972821004457,0.028
"[0.028, 0.029)",0.05116625619313796,0.029
"[0.029, 0.03)",0.050387185596458516,0.03
"[0.03, 0.031)",0.04938208820963498,0.031
"[0.031, 0.032)",0.04493215482852737,0.032
"[0.032, 0.033)",0.05048681074245424,0.033
"[0.033, 0.034)",0.045175346602175745,0.034
"[0.034, 0.035)",0.045345934628173934,0.035
"[0.035, 0.036000000000000004)",0.04675169902973982,0.036000000000000004
"[0.036000000000000004, 0.037)",0.049751465491412857,0.037
"[0.037, 0.038)",0.04627536196992659,0.038
"[0.038, 0.039)",0.04720837184320582,0.039
"[0.039, 0.04)",0.04436222604501186,0.04
"[0.04, 0.041)",0.0432165379595776,0.041
"[0.041, 0.042)",0.05228808288340779,0.042
"[0.042, 0.043000000000000003)",0.04065908491040919,0.043000000000000003
"[0.043000000000000003, 0.044)",0.04904024249146114,0.044
"[0.044, 0.045)",0.043718708382901005,0.045
"[0.045, 0.046)",0.04982853072860081,0.046
"[0.046, 0.047)",0.05069589807759283,0.047
"[0.047, 0.048)",0.04718471493893443,0.048
"[0.048, 0.049)",0.043808837563392024,0.049
"[0.049, 0.05)",0.03764102733393067,0.05
"[0.05, 0.051000000000000004)",0.04152429208069371,0.051000000000000004
"[0.051000000000000004, 0.052000000000000005)",0.042561804097449966,0.052000000000000005
"[0.052000000000000005, 0.053)",0.0522648032630874,0.053
"[0.053, 0.054)",0.04612973806792941,0.054
"[0.054, 0.055)",0.04374125176108468,0.055
"[0.055, 0.056)",0.039920829301660396,0.056
"[0.056, 0.057)",0.04035401732250443,0.057
"[0.057, 0.058)",0.04594668467381032,0.058
"[0.058, 0.059000000000000004)",0.04902397397233087,0.059000000000000004
"[0.059000000000000004, 0.06)",0.04111850769760623,0.06
"[0.06, 0.061)",0.047911629826257504,0.061
"[0.061, 0.062)",0.04295913537424393,0.062
"[0.062, 0.063)",0.04149302423199993,0.063
"[0.063, 0.064)",0.04685911474112636,0.064
"[0.064, 0.065)",0.04284831469332233,0.065
"[0.065, 0.066)",0.044115560314375,0.066
"[0.066, 0.067)",0.03811584232386877,0.067
"[0.067, 0.068)",0.05078996517867809,0.068
"[0.068, 0.069)",0.043936585537614585,0.069
"[0.069, 0.07)",0.03929868143241649,0.07
"[0.07, 0.07100000000000001)",0.043863075444846966,0.07100000000000001
"[0.07100000000000001, 0.07200000000000001)",0.043094411826055716,0.07200000000000001
"[0.07200000000000001, 0.073)",0.04170003526187339,0.073
"[0.073, 0.074)",0.042555045963739775,0.074
"[0.074, 0.075)",0.03851508840499396,0.075
"[0.075, 0.076)",0.035284207088797113,0.076
"[0.076, 0.077)",0.0408495326700254,0.077
"[0.077, 0.078)",0.04331781559461343,0.078
"[0.078, 0.079)",0.04429742760408472,0.079
"[0.079, 0.08)",0.04467631757707537,0.08
"[0.08, 0.081)",0.04359178549663372,0.081
"[0.081, 0.082)",0.04151313017768531,0.082
"[0.082, 0.083)",0.043880018740249965,0.083
"[0.083, 0.084)",0.047932691785467385,0.084
"[0.084, 0.085)",0.04076348308465466,0.085
"[0.085, 0.08600000000000001)",0.049465789711267916,0.08600000000000001
"[0.08600000000000001, 0.08700000000000001)",0.04609742462113016,0.08700000000000001
"[0.08700000000000001, 0.088)",0.04366444953148143,0.088
"[0.088, 0.089)",0.0470208857980504,0.089
"[0.089, 0.09)",0.04426452837873081,0.09
"[0.09, 0.091)",0.041671012754936065,0.091
"[0.091, 0.092)",0.047651977376624736,0.092
"[0.092, 0.093)",0.041448294093771945,0.093
"[0.093, 0.094)",0.04361515101921231,0.094
"[0.094, 0.095)",0.03825568589702226,0.095
"[0.095, 0.096)",0.0458548745618374,0.096
"[0.096, 0.097)",0.04266653795940826,0.097
"[0.097, 0.098)",0.04661948906435415,0.098
"[0.098, 0.099)",0.039530824755829086,0.099
"[0.099, 0.1)",0.0482694248856153,0.1
"[0.1, 0.101)",0.04478343218279563,0.101
"[0.101, 0.10200000000000001)",0.03928229556466374,0.10200000000000001
"[0.10200000000000001, 0.10300000000000001)",0.04618956012597661,0.10300000000000001
"[0.10300000000000001, 0.10400000000000001)",0.04488502787865766,0.10400000000000001
"[0.10400000000000001, 0.105)",0.04202189140593784,0.105
"[0.105, 0.106)",0.038056401560354995,0.106
"[0.106, 0.107)",0.04276100984906284,0.107
"[0.107, 0.108)",0.03986622094673764,0.108
"[0.108, 0.109)",0.04070506955920832,0.109
"[0.109, 0.11)",0.04757491545489923,0.11
"[0.11, 0.111)",0.042787028861647695,0.111
"[0.111, 0.112)",0.043052253974598484,0.112
"[0.112, 0.113)",0.03982734241378379,0.113
"[0.113, 0.114)",0.040095643835105214,0.114
"[0.114, 0.115)",0.04063021054860124,0.115
"[0.115, 0.116)",0.03758905736020538,0.116
"[0.116, 0.117)",0.038337036011809524,0.117
"[0.117, 0.11800000000000001)",0.04198916229724892,0.11800000000000001
"[0.11800000000000001, 0.11900000000000001)",0.04086816908362179,0.11900000000000001
"[0.11900000000000001, 0.12)",0.042952540378023346,0.12
"[0.12, 0.121)",0.050547906601999974,0.121
"[0.121, 0.122)",0.042810813841970274,0.122
"[0.122, 0.123)",0.0343482670522599,0.123
"[0.123, 0.124)",0.036302528960548225,0.124
"[0.124, 0.125)",0.037066492568042585,0.125
"[0.125, 0.126)",0.04081928282300138,0.126
"[0.126, 0.127)",0.0448765995533613,0.127
"[0.127, 0.128)",0.04550559497817932,0.128
"[0.128, 0.129)",0.051725810698443536,0.129
"[0.129, 0.13)",0.04600635402412902,0.13
"[0.13, 0.131)",0.04445185217095791,0.131
"[0.131, 0.132)",0.04526422195320369,0.132
"[0.132, 0.133)",0.03772935560714285,0.133
"[0.133, 0.134)",0.046418756828695576,0.134
"[0.134, 0.135)",0.03870447301098808,0.135
"[0.135, 0.136)",0.04667029553830961,0.136
"[0.136, 0.137)",0.04920543020624719,0.137
"[0.137, 0.138)",0.04429207475460741,0.138
"[0.138, 0.139)",0.04172825457131111,0.139
"[0.139, 0.14)",0.044097621381798166,0.14
"[0.14, 0.14100000000000001)",0.0428053618484814,0.14100000000000001
"[0.14100000000000001, 0.14200000000000002)",0.04554250331351917,0.14200000000000002
"[0.14200000000000002, 0.14300000000000002)",0.03464275343860908,0.14300000000000002
"[0.14300000000000002, 0.14400000000000002)",0.04500906666134751,0.14400000000000002
"[0.14400000000000002, 0.145)",0.0373317902996078,0.145
"[0.145, 0.146)",0.03774859410060164,0.146
"[0.146, 0.147)",0.04248702980282771,0.147
"[0.147, 0.148)",0.036149149953497356,0.148
"[0.148, 0.149)",0.038337427633656225,0.149
"[0.149, 0.15)",0.0386106592594859,0.15
"[0.15, 0.151)",0.04421990718983883,0.151
"[0.151, 0.152)",0.036361218900503964,0.152
"[0.152, 0.153)",0.04172008839130659,0.153
"[0.153, 0.154)",0.03871922684574329,0.154
"[0.154, 0.155)",0.0400812107556579,0.155
"[0.155, 0.156)",0.03480942446369861,0.156
"[0.156, 0.157)",0.03670652766033159,0.157
"[0.157, 0.158)",0.043807614679104406,0.158
"[0.158, 0.159)",0.03941308520264623,0.159
"[0.159, 0.16)",0.04616157282589151,0.16
"[0.16, 0.161)",0.041434500858217184,0.161
"[0.161, 0.162)",0.03708256837677421,0.162
"[0.162, 0.163)",0.040063239579522555,0.163
"[0.163, 0.164)",0.03609054813193234,0.164
"[0.164, 0.165)",0.037507730250379706,0.165
"[0.165, 0.166)",0.03919773216709675,0.166
"[0.166, 0.167)",0.04085543150295949,0.167
"[0.167, 0.168)",0.045177520362921324,0.168
"[0.168, 0.169)",0.03955934565031702,0.169
"[0.169, 0.17)",0.0396148564043939,0.17
"[0.17, 0.171)",0.04196316123858611,0.171
"[0.171, 0.17200000000000001)",0.042767067299529726,0.17200000000000001
"[0.17200000000000001, 0.17300000000000001)",0.04258237412880985,0.17300000000000001
"[0.17300000000000001, 0.17400000000000002)",0.03350182994954353,0.17400000000000002
"[0.17400000000000002, 0.17500000000000002)",0.045062346506740014,0.17500000000000002
"[0.17500000000000002, 0.176)",0.04043686319002732,0.176
"[0.176, 0.177)",0.0400090913600877,0.177
"[0.177, 0.178)",0.039978831522575996,0.178
"[0.178, 0.179)",0.03597008255426574,0.179
"[0.179, 0.18)",0.03813205510305436,0.18
"[0.18, 0.181)",0.04359267408757013,0.181
"[0.181, 0.182)",0.040685322222533675,0.182
"[0.182, 0.183)",0.03887707890935756,0.183
"[0.183, 0.184)",0.04330302350809588,0.184
"[0.184, 0.185)",0.03377794033472975,0.185
"[0.185, 0.186)",0.04830294525173348,0.186
"[0.186, 0.187)",0.038245719164752126,0.187
"[0.187, 0.188)",0.029858670088479287,0.188
"[0.188, 0.189)",0.03470829525164405,0.189
"[0.189, 0.19)",0.04067675526893346,0.19
"[0.19, 0.191)",0.03860388305934149,0.191
"[0.191, 0.192)",0.03684200882090769,0.192
"[0.192, 0.193)",0.03923888001644573,0.193
"[0.193, 0.194)",0.04161905428931444,0.194
"[0.194, 0.195)",0.04146482236514025,0.195
"[0.195, 0.196)",0.04565658105809375,0.196
"[0.196, 0.197)",0.043558400412591465,0.197
"[0.197, 0.198)",0.042324763006749325,0.198
"[0.198, 0.199)",0.04364217030109436,0.199
"[0.199, 0.2)",0.03595109662677823,0.2
"[0.2, 0.201)",0.04230721176124662,0.201
"[0.201, 0.202)",0.03852360433073768,0.202
"[0.202, 0.203)",0.036858697445361834,0.203
"[0.203, 0.20400000000000001)",0.0335473554828488,0.20400000000000001
"[0.20400000000000001, 0.20500000000000002)",0.044757975431308376,0.20500000000000002
"[0.20500000000000002, 0.20600000000000002)",0.032595672246056785,0.20600000000000002
"[0.20600000000000002, 0.20700000000000002)",0.04159839732011806,0.20700000000000002
"[0.20700000000000002, 0.20800000000000002)",0.04499432826034363,0.20800000000000002
"[0.20800000000000002, 0.209)",0.0392260064863806,0.209
"[0.209, 0.21)",0.04321608066375612,0.21
"[0.21, 0.211)",0.04686612706868128,0.211
"[0.211, 0.212)",0.04373529803796059,0.212
"[0.212, 0.213)",0.038501042812417285,0.213
"[0.213, 0.214)",0.043884736900165575,0.214
"[0.214, 0.215)",0.03785384740127388,0.215
"[0.215, 0.216)",0.03572007330219229,0.216
"[0.216, 0.217)",0.03938712445854343,0.217
"[0.217, 0.218)",0.04327718272168578,0.218
"[0.218, 0.219)",0.04292368040183335,0.219
"[0.219, 0.22)",0.04892964542795699,0.22
"[0.22, 0.221)",0.03287918201226118,0.221
"[0.221, 0.222)",0.043693374189608405,0.222
"[0.222, 0.223)",0.04338632339695511,0.223
"[0.223, 0.224)",0.04258251300434082,0.224
"[0.224, 0.225)",0.03263578494773464,0.225
"[0.225, 0.226)",0.03824098849355343,0.226
"[0.226, 0.227)",0.04667294261670903,0.227
"[0.227, 0.228)",0.03058852308748158,0.228
"[0.228, 0.229)",0.03879823079872815,0.229
"[0.229, 0.23)",0.04198830548263891,0.23
"[0.23, 0.231)",0.04086488872213939,0.231
"[0.231, 0.232)",0.04019053395000002,0.232
"[0.232, 0.233)",0.03511491629334417,0.233
"[0.233, 0.234)",0.03979834518896191,0.234
"[0.234, 0.23500000000000001)",0.047276261337837806,0.23500000000000001
"[0.23500000000000001, 0.23600000000000002)",0.03694849084503551,0.23600000000000002
"[0.23600000000000002, 0.23700000000000002)",0.04011777322246775,0.23700000000000002
"[0.23700000000000002, 0.23800000000000002)",0.039914821837323915,0.23800000000000002
"[0.23800000000000002, 0.23900000000000002)",0.029798652399920685,0.23900000000000002
"[0.23900000000000002, 0.24)",0.034110257921978034,0.24
"[0.24, 0.241)",0.04007221500665495,0.241
"[0.241, 0.242)",0.039410134801622365,0.242
"[0.242, 0.243)",0.03946811027247277,0.243
"[0.243, 0.244)",0.03733862191147543,0.244
"[0.244, 0.245)",0.03457430894885767,0.245
"[0.245, 0.246)",0.03957152509267016,0.246
"[0.246, 0.247)",0.03710085391568967,0.247
"[0.247, 0.248)",0.04335499942616483,0.248
"[0.248, 0.249)",0.03543198673136532,0.249
"[0.249, 0.25)",0.03320053087693667,0.25
"[0.25, 0.251)",0.03529385644987484,0.251
"[0.251, 0.252)",0.034277365412084794,0.252
"[0.252, 0.253)",0.039569361794711516,0.253
"[0.253, 0.254)",0.029513675360606104,0.254
"[0.254, 0.255)",0.03327603196723264,0.255
"[0.255, 0.256)",0.030509333064473725,0.256
"[0.256, 0.257)",0.0347272321341424,0.257
"[0.257, 0.258)",0.038067861957239074,0.258
"[0.258, 0.259)",0.038263705482235864,0.259
"[0.259, 0.26)",0.037371214463861394,0.26
"[0.26, 0.261)",0.03949025565611111,0.261
"[0.261, 0.262)",0.040822272798811135,0.262
"[0.262, 0.263)",0.0384634769943431,0.263
"[0.263, 0.264)",0.03947060609436897,0.264
"[0.264, 0.265)",0.042792074915078006,0.265
"[0.265, 0.266)",0.030022405774400726,0.266
"[0.266, 0.267)",0.03175297675865217,0.267
"[0.267, 0.268)",0.04171197813881932,0.268
"[0.268, 0.269)",0.03878490631914331,0.269
"[0.269, 0.27)",0.04165077996842012,0.27
"[0.27, 0.271)",0.03260139329559637,0.271
"[0.271, 0.272)",0.038506805653803274,0.272
"[0.272, 0.273)",0.03238613503224054,0.273
"[0.273, 0.274)",0.034576764587583006,0.274
"[0.274, 0.275)",0.03819823539053357,0.275
"[0.275, 0.276)",0.03990120005518138,0.276
"[0.276, 0.277)",0.04182708717491958,0.277
"[0.277, 0.278)",0.036271758661805556,0.278
"[0.278, 0.279)",0.04700240559683489,0.279
"[0.279, 0.28)",0.0468572009607617,0.28
"[0.28, 0.281)",0.0347013717970492,0.281
"[0.281, 0.28200000000000003)",0.03656301287773662,0.28200000000000003
"[0.28200000000000003, 0.28300000000000003)",0.04488670878763442,0.28300000000000003
"[0.28300000000000003, 0.28400000000000003)",0.04340269411599997,0.28400000000000003
"[0.28400000000000003, 0.28500000000000003)",0.04106638705512373,0.28500000000000003
"[0.28500000000000003, 0.28600000000000003)",0.04551215777057782,0.28600000000000003
"[0.28600000000000003, 0.28700000000000003)",0.04826430166003411,0.28700000000000003
"[0.28700000000000003, 0.28800000000000003)",0.035053565182659036,0.28800000000000003
"[0.28800000000000003, 0.289)",0.039744059984058826,0.289
"[0.289, 0.29)",0.033646387578977734,0.29
"[0.29, 0.291)",0.03613987930616835,0.291
"[0.291, 0.292)",0.02600808287118168,0.292
"[0.292, 0.293)",0.03738310332433867,0.293
"[0.293, 0.294)",0.035642187206241016,0.294
"[0.294, 0.295)",0.027761367082570456,0.295
"[0.295, 0.296)",0.042823771216704345,0.296
"[0.296, 0.297)",0.03185072074741597,0.297
"[0.297, 0.298)",0.036080986929479045,0.298
"[0.298, 0.299)",0.03413626906813795,0.299
"[0.299, 0.3)",0.034405942296858644,0.3
"[0.3, 0.301)",0.03618167374597072,0.301
"[0.301, 0.302)",0.03966018833222996,0.302
"[0.302, 0.303)",0.033310662938648185,0.303
"[0.303, 0.304)",0.051039769769832356,0.304
"[0.304, 0.305)",0.04186672392224487,0.305
"[0.305, 0.306)",0.03491304660287162,0.306
"[0.306, 0.307)",0.03913753818223068,0.307
"[0.307, 0.308)",0.039925232776760564,0.308
"[0.308, 0.309)",0.038288712746414565,0.309
"[0.309, 0.31)",0.04202623591443301,0.31
"[0.31, 0.311)",0.03619244203843355,0.311
"[0.311, 0.312)",0.03489120664628978,0.312
"[0.312, 0.313)",0.0339387895238096,0.313
"[0.313, 0.314)",0.0405875083751371,0.314
"[0.314, 0.315)",0.037602677394537015,0.315
"[0.315, 0.316)",0.0415992403976786,0.316
"[0.316, 0.317)",0.04066442286219284,0.317
"[0.317, 0.318)",0.03796486417104727,0.318
"[0.318, 0.319)",0.034330902019207965,0.319
"[0.319, 0.32)",0.033812890841434344,0.32
"[0.32, 0.321)",0.03831212986470823,0.321
"[0.321, 0.322)",0.031469522601604724,0.322
"[0.322, 0.323)",0.034084855347397004,0.323
"[0.323, 0.324)",0.03859270836829794,0.324
"[0.324, 0.325)",0.037330924889977274,0.325
"[0.325, 0.326)",0.042968697135569126,0.326
"[0.326, 0.327)",0.03429436153229507,0.327
"[0.327, 0.328)",0.03200196599244064,0.328
"[0.328, 0.329)",0.03596703471959225,0.329
"[0.329, 0.33)",0.03381475846365386,0.33
"[0.33, 0.331)",0.03564512721431266,0.331
"[0.331, 0.332)",0.035271029486132824,0.332
"[0.332, 0.333)",0.028179279345046413,0.333
"[0.333, 0.334)",0.024717849061706394,0.334
"[0.334, 0.335)",0.03434874013386723,0.335
"[0.335, 0.336)",0.03740894929885061,0.336
"[0.336, 0.337)",0.03258536694646366,0.337
"[0.337, 0.338)",0.031464908732575785,0.338
"[0.338, 0.339)",0.034888423991703124,0.339
"[0.339, 0.34)",0.033092983621003755,0.34
"[0.34, 0.341)",0.03685835276784118,0.341
"[0.341, 0.342)",0.028089047576320993,0.342
"[0.342, 0.343)",0.037285853359333376,0.343
"[0.343, 0.34400000000000003)",0.03399882186560732,0.34400000000000003
"[0.34400000000000003, 0.34500000000000003)",0.03451221281219515,0.34500000000000003
"[0.34500000000000003, 0.34600000000000003)",0.03882436144828406,0.34600000000000003
"[0.34600000000000003, 0.34700000000000003)",0.03511526074724863,0.34700000000000003
"[0.34700000000000003, 0.34800000000000003)",0.04066676424631001,0.34800000000000003
"[0.34800000000000003, 0.34900000000000003)",0.03343856189359262,0.34900000000000003
"[0.34900000000000003, 0.35000000000000003)",0.03348633818105358,0.35000000000000003
"[0.35000000000000003, 0.35100000000000003)",0.036024254111111126,0.35100000000000003
"[0.35100000000000003, 0.352)",0.03163592181268939,0.352
"[0.352, 0.353)",0.042520579241266766,0.353
"[0.353, 0.354)",0.03760361635642997,0.354
"[0.354, 0.355)",0.033663836726000027,0.355
"[0.355, 0.356)",0.03253878014690728,0.356
"[0.356, 0.357)",0.0320588515032923,0.357
"[0.357, 0.358)",0.03899441282903878,0.358
"[0.358, 0.359)",0.0393568389447788,0.359
"[0.359, 0.36)",0.030049055015342982,0.36
"[0.36, 0.361)",0.04128572307894648,0.361
"[0.361, 0.362)",0.03762778228726495,0.362
"[0.362, 0.363)",0.04642486599604576,0.363
"[0.363, 0.364)",0.03403679093804884,0.364
"[0.364, 0.365)",0.035546778196805115,0.365
"[0.365, 0.366)",0.031293084398421864,0.366
"[0.366, 0.367)",0.03600581586935481,0.367
"[0.367, 0.368)",0.030926639109018987,0.368
"[0.368, 0.369)",0.03226376140696204,0.369
"[0.369, 0.37)",0.03364129161080068,0.37
"[0.37, 0.371)",0.03426832289716196,0.371
"[0.371, 0.372)",0.0346832894137363,0.372
"[0.372, 0.373)",0.03346017349673915,0.373
"[0.373, 0.374)",0.04367477529984326,0.374
"[0.374, 0.375)",0.038141518546880276,0.375
"[0.375, 0.376)",0.027102557771708672,0.376
"[0.376, 0.377)",0.03853866514813794,0.377
"[0.377, 0.378)",0.03320983817340912,0.378
"[0.378, 0.379)",0.03395721047588788,0.379
"[0.379, 0.38)",0.035375130487534025,0.38
"[0.38, 0.381)",0.03492165797977526,0.381
"[0.381, 0.382)",0.042368150982369436,0.382
"[0.382, 0.383)",0.03287052468487672,0.383
"[0.383, 0.384)",0.03904389427930387,0.384
"[0.384, 0.385)",0.03578252563386324,0.385
"[0.385, 0.386)",0.03387331333778794,0.386
"[0.386, 0.387)",0.04498621081868273,0.387
"[0.387, 0.388)",0.030288266533333386,0.388
"[0.388, 0.389)",0.038369665569060754,0.389
"[0.389, 0.39)",0.03196725301442106,0.39
"[0.39, 0.391)",0.029569847467105302,0.391
"[0.391, 0.392)",0.042086929001172134,0.392
"[0.392, 0.393)",0.029096580508598206,0.393
"[0.393, 0.394)",0.03748250206497175,0.394
"[0.394, 0.395)",0.033127849885910006,0.395
"[0.395, 0.396)",0.031496524955755424,0.396
"[0.396, 0.397)",0.04202633454428814,0.397
"[0.397, 0.398)",0.0325194294307018,0.398
"[0.398, 0.399)",0.04086065895263158,0.399
"[0.399, 0.4)",0.029405796244695668,0.4
"[0.4, 0.401)",0.03877609676312731,0.401
"[0.401, 0.402)",0.038119793103456125,0.402
"[0.402, 0.403)",0.03813252370592337,0.403
"[0.403, 0.404)",0.03133093145082572,0.404
"[0.404, 0.405)",0.03263459901531623,0.405
"[0.405, 0.406)",0.025522535726078485,0.406
"[0.406, 0.40700000000000003)",0.030549529093859686,0.40700000000000003
"[0.40700000000000003, 0.40800000000000003)",0.030872379546459435,0.40800000000000003
"[0.40800000000000003, 0.40900000000000003)",0.036789316236526,0.40900000000000003
"[0.40900000000000003, 0.41000000000000003)",0.03378492064285722,0.41000000000000003
"[0.41000000000000003, 0.41100000000000003)",0.029558254521217478,0.41100000000000003
"[0.41100000000000003, 0.41200000000000003)",0.03978449720410716,0.41200000000000003
"[0.41200000000000003, 0.41300000000000003)",0.03504536627367493,0.41300000000000003
"[0.41300000000000003, 0.41400000000000003)",0.03357727556195463,0.41400000000000003
"[0.41400000000000003, 0.41500000000000004)",0.04349256309925589,0.41500000000000004
"[0.41500000000000004, 0.41600000000000004)",0.023878609094727315,0.41600000000000004
"[0.41600000000000004, 0.417)",0.0327432695075676,0.417
"[0.417, 0.418)",0.0351568491039649,0.418
"[0.418, 0.419)",0.03178688624263805,0.419
"[0.419, 0.42)",0.031579670369786546,0.42
"[0.42, 0.421)",0.036254917196691674,0.421
"[0.421, 0.422)",0.03328157374147813,0.422
"[0.422, 0.423)",0.025444605202580687,0.423
"[0.423, 0.424)",0.029932975389676385,0.424
"[0.424, 0.425)",0.035209053154858526,0.425
"[0.425, 0.426)",0.03745279462893543,0.426
"[0.426, 0.427)",0.037203223889482794,0.427
"[0.427, 0.428)",0.029514270681669688,0.428
"[0.428, 0.429)",0.0349258369820182,0.429
"[0.429, 0.43)",0.0356744123405406,0.43
"[0.43, 0.431)",0.03161821874816118,0.431
"[0.431, 0.432)",0.04413514760089926,0.432
"[0.432, 0.433)",0.029889457791635737,0.433
"[0.433, 0.434)",0.03397447967845888,0.434
"[0.434, 0.435)",0.044174218740231745,0.435
"[0.435, 0.436)",0.03967100279547784,0.436
"[0.436, 0.437)",0.0357631314393432,0.437
"[0.437, 0.438)",0.035799906477409715,0.438
"[0.438, 0.439)",0.035801035470632264,0.439
"[0.439, 0.44)",0.03848232114089397,0.44
"[0.44, 0.441)",0.03590816710057002,0.441
"[0.441, 0.442)",0.036517092971497606,0.442
"[0.442, 0.443)",0.03633479658870709,0.443
"[0.443, 0.444)",0.03398816375263155,0.444
"[0.444, 0.445)",0.03622569819062502,0.445
"[0.445, 0.446)",0.030774533817595862,0.446
"[0.446, 0.447)",0.03354894717420372,0.447
"[0.447, 0.448)",0.03211596047978894,0.448
"[0.448, 0.449)",0.034647549362912304,0.449
"[0.449, 0.45)",0.04406246562890216,0.45
"[0.45, 0.451)",0.04031295493409525,0.451
"[0.451, 0.452)",0.03455309958630399,0.452
"[0.452, 0.453)",0.03530830302536066,0.453
"[0.453, 0.454)",0.03120986852457475,0.454
"[0.454, 0.455)",0.03896150783214288,0.455
"[0.455, 0.456)",0.039434262921673305,0.456
"[0.456, 0.457)",0.03716778869979083,0.457
"[0.457, 0.458)",0.03380508963802204,0.458
"[0.458, 0.459)",0.037877450334811553,0.459
"[0.459, 0.46)",0.039053208555263154,0.46
"[0.46, 0.461)",0.034899539163084164,0.461
"[0.461, 0.462)",0.037414517858227865,0.462
"[0.462, 0.463)",0.031237179203630467,0.463
"[0.463, 0.464)",0.03244537991684441,0.464
"[0.464, 0.465)",0.040409395431790736,0.465
"[0.465, 0.466)",0.04590040543018795,0.466
"[0.466, 0.467)",0.028974563717672493,0.467
"[0.467, 0.468)",0.0404248050241517,0.468
"[0.468, 0.46900000000000003)",0.02773470369828516,0.46900000000000003
"[0.46900000000000003, 0.47000000000000003)",0.03399280046216846,0.47000000000000003
"[0.47000000000000003, 0.47100000000000003)",0.03732701981331208,0.47100000000000003
"[0.47100000000000003, 0.47200000000000003)",0.029077754510045777,0.47200000000000003
"[0.47200000000000003, 0.47300000000000003)",0.03465525986968022,0.47300000000000003
"[0.47300000000000003, 0.47400000000000003)",0.025835803410606088,0.47400000000000003
"[0.47400000000000003, 0.47500000000000003)",0.031857058938852885,0.47500000000000003
"[0.47500000000000003, 0.47600000000000003)",0.03382759279720348,0.47600000000000003
"[0.47600000000000003, 0.47700000000000004)",0.03448873931090914,0.47700000000000004
"[0.47700000000000004, 0.47800000000000004)",0.023799050378193836,0.47800000000000004
"[0.47800000000000004, 0.47900000000000004)",0.03725926244229938,0.47900000000000004
"[0.47900000000000004, 0.48)",0.032346445767333414,0.48
"[0.48, 0.481)",0.03773014251111113,0.481
"[0.481, 0.482)",0.032815324353326285,0.482
"[0.482, 0.483)",0.02232149055104075,0.483
"[0.483, 0.484)",0.03343903111027257,0.484
"[0.484, 0.485)",0.02774148565301178,0.485
"[0.485, 0.486)",0.02571754252301431,0.486
"[0.486, 0.487)",0.041508935838363174,0.487
"[0.487, 0.488)",0.029638382884064694,0.488
"[0.488, 0.489)",0.037665750071334825,0.489
"[0.489, 0.49)",0.03272001785682932,0.49
"[0.49, 0.491)",0.033989781361848374,0.491
"[0.491, 0.492)",0.02988593762779158,0.492
"[0.492, 0.493)",0.03133175398231135,0.493
"[0.493, 0.494)",0.03938639475774654,0.494
"[0.494, 0.495)",0.028286396998081133,0.495
"[0.495, 0.496)",0.036844051889850765,0.496
"[0.496, 0.497)",0.031206910575603222,0.497
"[0.497, 0.498)",0.0340150790265092,0.498
"[0.498, 0.499)",0.029019458908616215,0.499
"[0.499, 0.5)",0.036569382450827116,0.5
"[0.5, 0.501)",0.0253383070524173,0.501
"[0.501, 0.502)",0.03654076947875007,0.502
"[0.502, 0.503)",0.03508520001924627,0.503
"[0.503, 0.504)",0.032477417321963846,0.504
"[0.504, 0.505)",0.030119881148866996,0.505
"[0.505, 0.506)",0.04360906599086163,0.506
"[0.506, 0.507)",0.029961455435842294,0.507
"[0.507, 0.508)",0.03981228096586541,0.508
"[0.508, 0.509)",0.039402959353079074,0.509
"[0.509, 0.51)",0.03820996330748905,0.51
"[0.51, 0.511)",0.037092370390000094,0.511
"[0.511, 0.512)",0.04151016371864806,0.512
"[0.512, 0.513)",0.02837013098059703,0.513
"[0.513, 0.514)",0.050118640998847906,0.514
"[0.514, 0.515)",0.03147144203992807,0.515
"[0.515, 0.516)",0.03267420075423,0.516
"[0.516, 0.517)",0.03022361958926181,0.517
"[0.517, 0.518)",0.033457022809976644,0.518
"[0.518, 0.519)",0.03418752497997712,0.519
"[0.519, 0.52)",0.03477067290315794,0.52
"[0.52, 0.521)",0.03159856524764438,0.521
"[0.521, 0.522)",0.033061931650000015,0.522
"[0.522, 0.523)",0.02749730601327017,0.523
"[0.523, 0.524)",0.028326677119283782,0.524
"[0.524, 0.525)",0.03210089773799529,0.525
"[0.525, 0.526)",0.030033485274591078,0.526
"[0.526, 0.527)",0.03332336380634147,0.527
"[0.527, 0.528)",0.03609315625225393,0.528
"[0.528, 0.529)",0.031917216839449626,0.529
"[0.529, 0.53)",0.03834097188061131,0.53
"[0.53, 0.531)",0.029897159472134876,0.531
"[0.531, 0.532)",0.024735151681885847,0.532
"[0.532, 0.533)",0.032936002173050045,0.533
"[0.533, 0.534)",0.03598777035294122,0.534
"[0.534, 0.535)",0.03288746076957554,0.535
"[0.535, 0.536)",0.03436778315498845,0.536
"[0.536, 0.537)",0.03246711491228239,0.537
"[0.537, 0.538)",0.022717811505822777,0.538
"[0.538, 0.539)",0.03590745677804516,0.539
"[0.539, 0.54)",0.02792732283192493,0.54
"[0.54, 0.541)",0.04408076770070097,0.541
"[0.541, 0.542)",0.030690030710668375,0.542
"[0.542, 0.543)",0.028502164841457286,0.543
"[0.543, 0.544)",0.032382764364613716,0.544
"[0.544, 0.545)",0.027307741437624242,0.545
"[0.545, 0.546)",0.03558627316711417,0.546
"[0.546, 0.547)",0.024566527574050038,0.547
"[0.547, 0.548)",0.030405263170432732,0.548
"[0.548, 0.549)",0.033997013253243245,0.549
"[0.549, 0.55)",0.031238938260723544,0.55
"[0.55, 0.551)",0.031599462235022996,0.551
"[0.551, 0.552)",0.03638908002635301,0.552
"[0.552, 0.553)",0.03444568847713959,0.553
"[0.553, 0.554)",0.030832331236995223,0.554
"[0.554, 0.555)",0.03870104223581817,0.555
"[0.555, 0.556)",0.03645886262164954,0.556
"[0.556, 0.557)",0.02991251911217289,0.557
"[0.557, 0.558)",0.03321689643274341,0.558
"[0.558, 0.559)",0.036219647881237924,0.559
"[0.559, 0.56)",0.0347886351432276,0.56
"[0.56, 0.561)",0.028344711662688465,0.561
"[0.561, 0.562)",0.032367765298465516,0.562
"[0.562, 0.5630000000000001)",0.03897496809866837,0.5630000000000001
"[0.5630000000000001, 0.5640000000000001)",0.03512597519185824,0.5640000000000001
"[0.5640000000000001, 0.5650000000000001)",0.04623379029142861,0.5650000000000001
"[0.5650000000000001, 0.5660000000000001)",0.032187875098296896,0.5660000000000001
"[0.5660000000000001, 0.5670000000000001)",0.03606029075575924,0.5670000000000001
"[0.5670000000000001, 0.5680000000000001)",0.030306369836311776,0.5680000000000001
"[0.5680000000000001, 0.5690000000000001)",0.041600055373834245,0.5690000000000001
"[0.5690000000000001, 0.5700000000000001)",0.03131870336889206,0.5700000000000001
"[0.5700000000000001, 0.5710000000000001)",0.03365285900686572,0.5710000000000001
"[0.5710000000000001, 0.5720000000000001)",0.036057365821130276,0.5720000000000001
"[0.5720000000000001, 0.5730000000000001)",0.04618255151029654,0.5730000000000001
"[0.5730000000000001, 0.5740000000000001)",0.034461618752912405,0.5740000000000001
"[0.5740000000000001, 0.5750000000000001)",0.02902098756669121,0.5750000000000001
"[0.5750000000000001, 0.5760000000000001)",0.026460096510489698,0.5760000000000001
"[0.5760000000000001, 0.577)",0.033762922074519294,0.577
"[0.577, 0.578)",0.039737443580184356,0.578
"[0.578, 0.579)",0.03441968827002193,0.579
"[0.579, 0.58)",0.033580351058313286,0.58
"[0.58, 0.581)",0.03603302941004571,0.581
"[0.581, 0.582)",0.04044887007916675,0.582
"[0.582, 0.583)",0.03925775110995066,0.583
"[0.583, 0.584)",0.025942133027723982,0.584
"[0.584, 0.585)",0.0307821145132329,0.585
"[0.585, 0.586)",0.034158754917375925,0.586
"[0.586, 0.587)",0.03929683605125009,0.587
"[0.587, 0.588)",0.031113721797055842,0.588
"[0.588, 0.589)",0.03125082738361389,0.589
"[0.589, 0.59)",0.027646842402917798,0.59
"[0.59, 0.591)",0.04270030140196082,0.591
"[0.591, 0.592)",0.02807661224531252,0.592
"[0.592, 0.593)",0.030093560554126264,0.593
"[0.593, 0.594)",0.02930313641952945,0.594
"[0.594, 0.595)",0.026987157961069666,0.595
"[0.595, 0.596)",0.03556042375613581,0.596
"[0.596, 0.597)",0.037407605046630814,0.597
"[0.597, 0.598)",0.03284112197034038,0.598
"[0.598, 0.599)",0.029036781209974154,0.599
"[0.599, 0.6)",0.04250981641498773,0.6
"[0.6, 0.601)",0.02519086020284364,0.601
"[0.601, 0.602)",0.03288680740800004,0.602
"[0.602, 0.603)",0.03507873537913493,0.603
"[0.603, 0.604)",0.030788468404325784,0.604
"[0.604, 0.605)",0.02826099830684599,0.605
"[0.605, 0.606)",0.026383095556130835,0.606
"[0.606, 0.607)",0.03203277106859508,0.607
"[0.607, 0.608)",0.035677266453902484,0.608
"[0.608, 0.609)",0.03381751989698498,0.609
"[0.609, 0.61)",0.03649057985969076,0.61
"[0.61, 0.611)",0.034725616908907825,0.611
"[0.611, 0.612)",0.030615180105199064,0.612
"[0.612, 0.613)",0.03503814753129415,0.613
"[0.613, 0.614)",0.02982373376376819,0.614
"[0.614, 0.615)",0.02648167162349876,0.615
"[0.615, 0.616)",0.03535598461127909,0.616
"[0.616, 0.617)",0.032999613770355506,0.617
"[0.617, 0.618)",0.027769912194195244,0.618
"[0.618, 0.619)",0.028918968103325452,0.619
"[0.619, 0.62)",0.04156402152487564,0.62
"[0.62, 0.621)",0.03314414628970594,0.621
"[0.621, 0.622)",0.029172946453007543,0.622
"[0.622, 0.623)",0.033785356963384285,0.623
"[0.623, 0.624)",0.028080365464685886,0.624
"[0.624, 0.625)",0.036627965854626916,0.625
"[0.625, 0.626)",0.03170075872224946,0.626
"[0.626, 0.627)",0.0364609773002513,0.627
"[0.627, 0.628)",0.03549035547394741,0.628
"[0.628, 0.629)",0.03939334444947094,0.629
"[0.629, 0.63)",0.03265331016085716,0.63
"[0.63, 0.631)",0.02670828097393485,0.631
"[0.631, 0.632)",0.0362888736403423,0.632
"[0.632, 0.633)",0.03415410290450006,0.633
"[0.633, 0.634)",0.031327347850797896,0.634
"[0.634, 0.635)",0.034180096568963765,0.635
"[0.635, 0.636)",0.027590040918346263,0.636
"[0.636, 0.637)",0.0449710559135476,0.637
"[0.637, 0.638)",0.030801527931527174,0.638
"[0.638, 0.639)",0.026691750580645154,0.639
"[0.639, 0.64)",0.02990775514910943,0.64
"[0.64, 0.641)",0.02852955432741517,0.641
"[0.641, 0.642)",0.03055621663928936,0.642
"[0.642, 0.643)",0.02757041433676094,0.643
"[0.643, 0.644)",0.034877542258031156,0.644
"[0.644, 0.645)",0.03178196026699757,0.645
"[0.645, 0.646)",0.028193465223262045,0.646
"[0.646, 0.647)",0.034655802268796124,0.647
"[0.647, 0.648)",0.02824976136352043,0.648
"[0.648, 0.649)",0.030555749747280488,0.649
"[0.649, 0.65)",0.030970211828903076,0.65
"[0.65, 0.651)",0.03417180707320874,0.651
"[0.651, 0.652)",0.02860552008631579,0.652
"[0.652, 0.653)",0.03251074181432929,0.653
"[0.653, 0.654)",0.036146207040970386,0.654
"[0.654, 0.655)",0.02220156944486802,0.655
"[0.655, 0.656)",0.03052197873614461,0.656
"[0.656, 0.657)",0.03683169039854797,0.657
"[0.657, 0.658)",0.02123810742385619,0.658
"[0.658, 0.659)",0.027909865041831024,0.659
"[0.659, 0.66)",0.031241397036532535,0.66
"[0.66, 0.661)",0.035364258970634964,0.661
"[0.661, 0.662)",0.03430906775324327,0.662
"[0.662, 0.663)",0.03784051965635367,0.663
"[0.663, 0.664)",0.03167280840537637,0.664
"[0.664, 0.665)",0.027912680897783978,0.665
"[0.665, 0.666)",0.03401981090501427,0.666
"[0.666, 0.667)",0.03420307998457145,0.667
"[0.667, 0.668)",0.03929571436143255,0.668
"[0.668, 0.669)",0.029861147435501403,0.669
"[0.669, 0.67)",0.036943479123699455,0.67
"[0.67, 0.671)",0.03619895452419755,0.671
"[0.671, 0.672)",0.03909807854684688,0.672
"[0.672, 0.673)",0.03551372560052221,0.673
"[0.673, 0.674)",0.03194775093948867,0.674
"[0.674, 0.675)",0.03899671285423079,0.675
"[0.675, 0.676)",0.03591162617650002,0.676
"[0.676, 0.677)",0.0326033452659511,0.677
"[0.677, 0.678)",0.02998880689639642,0.678
"[0.678, 0.679)",0.031185058391483556,0.679
"[0.679, 0.68)",0.027809828808108145,0.68
"[0.68, 0.681)",0.03579173538723959,0.681
"[0.681, 0.682)",0.027367782422033915,0.682
"[0.682, 0.683)",0.033612934826649246,0.683
"[0.683, 0.684)",0.026037150143410886,0.684
"[0.684, 0.685)",0.03416698419966389,0.685
"[0.685, 0.686)",0.02858355383266479,0.686
"[0.686, 0.687)",0.03643134648721232,0.687
"[0.687, 0.6880000000000001)",0.033166531685533,0.6880000000000001
"[0.6880000000000001, 0.6890000000000001)",0.02912064530594061,0.6890000000000001
"[0.6890000000000001, 0.6900000000000001)",0.027041546354619566,0.6900000000000001
"[0.6900000000000001, 0.6910000000000001)",0.04238402366502895,0.6910000000000001
"[0.6910000000000001, 0.6920000000000001)",0.030837227956296346,0.6920000000000001
"[0.6920000000000001, 0.6930000000000001)",0.03320540985239363,0.6930000000000001
"[0.6930000000000001, 0.6940000000000001)",0.03878741369857528,0.6940000000000001
"[0.6940000000000001, 0.6950000000000001)",0.028099449729639674,0.6950000000000001
"[0.6950000000000001, 0.6960000000000001)",0.02759803046542858,0.6960000000000001
"[0.6960000000000001, 0.6970000000000001)",0.03799836912429381,0.6970000000000001
"[0.6970000000000001, 0.6980000000000001)",0.02692297542814707,0.6980000000000001
"[0.6980000000000001, 0.6990000000000001)",0.029750762493715832,0.6990000000000001
"[0.6990000000000001, 0.7000000000000001)",0.03777413325026883,0.7000000000000001
"[0.7000000000000001, 0.7010000000000001)",0.04380497796473833,0.7010000000000001
"[0.7010000000000001, 0.7020000000000001)",0.025223708824126976,0.7020000000000001
"[0.7020000000000001, 0.7030000000000001)",0.02814031873236153,0.7030000000000001
"[0.7030000000000001, 0.704)",0.0325968941764012,0.704
"[0.704, 0.705)",0.03411124024747774,0.705
"[0.705, 0.706)",0.03705572044484855,0.706
"[0.706, 0.707)",0.03563267849852512,0.707
"[0.707, 0.708)",0.02993632415897437,0.708
"[0.708, 0.709)",0.041674552206176496,0.709
"[0.709, 0.71)",0.030362270487299718,0.71
"[0.71, 0.711)",0.040329561412464625,0.711
"[0.711, 0.712)",0.027863742549385496,0.712
"[0.712, 0.713)",0.02976981407306672,0.713
"[0.713, 0.714)",0.03755074759492959,0.714
"[0.714, 0.715)",0.03205339439769233,0.715
"[0.715, 0.716)",0.028867404738000032,0.716
"[0.716, 0.717)",0.029554136996458327,0.717
"[0.717, 0.718)",0.028720461309829526,0.718
"[0.718, 0.719)",0.031239412929768794,0.719
"[0.719, 0.72)",0.03750958759484853,0.72
"[0.72, 0.721)",0.02659907286885244,0.721
"[0.721, 0.722)",0.030820005858235314,0.722
"[0.722, 0.723)",0.034316306229693255,0.723
"[0.723, 0.724)",0.0350743135882428,0.724
"[0.724, 0.725)",0.033914130092187536,0.725
"[0.725, 0.726)",0.02820369158693012,0.726
"[0.726, 0.727)",0.03151242937988166,0.727
"[0.727, 0.728)",0.03675402309309314,0.728
"[0.728, 0.729)",0.02313252063727272,0.729
"[0.729, 0.73)",0.023352650380730876,0.73
"[0.73, 0.731)",0.03381920358279224,0.731
"[0.731, 0.732)",0.02665756544455976,0.732
"[0.732, 0.733)",0.02523063993685897,0.733
"[0.733, 0.734)",0.03067808305871799,0.734
"[0.734, 0.735)",0.037114313637797644,0.735
"[0.735, 0.736)",0.036862696324914734,0.736
"[0.736, 0.737)",0.03291403162958905,0.737
"[0.737, 0.738)",0.039779611137581716,0.738
"[0.738, 0.739)",0.027559269893333307,0.739
"[0.739, 0.74)",0.03719715119821432,0.74
"[0.74, 0.741)",0.030293505616091936,0.741
"[0.741, 0.742)",0.031247749036560003,0.742
"[0.742, 0.743)",0.029079020551265832,0.743
"[0.743, 0.744)",0.031044469430283883,0.744
"[0.744, 0.745)",0.02451126017894736,0.745
"[0.745, 0.746)",0.040000592324855526,0.746
"[0.746, 0.747)",0.03006257711260275,0.747
"[0.747, 0.748)",0.03217043220973453,0.748
"[0.748, 0.749)",0.04082391377204975,0.749
"[0.749, 0.75)",0.042322641041269884,0.75
"[0.75, 0.751)",0.03500006836345033,0.751
"[0.751, 0.752)",0.032086387667455654,0.752
"[0.752, 0.753)",0.025602251325386998,0.753
"[0.753, 0.754)",0.03387953599485715,0.754
"[0.754, 0.755)",0.03170368725479044,0.755
"[0.755, 0.756)",0.030725929378531094,0.756
"[0.756, 0.757)",0.028346187962582443,0.757
"[0.757, 0.758)",0.03226175206488555,0.758
"[0.758, 0.759)",0.035511287539595385,0.759
"[0.759, 0.76)",0.02777451270434784,0.76
"[0.76, 0.761)",0.03605754678057145,0.761
"[0.761, 0.762)",0.033990918944637676,0.762
"[0.762, 0.763)",0.03599994024830289,0.763
"[0.763, 0.764)",0.033214555557994636,0.764
"[0.764, 0.765)",0.023953403954385957,0.765
"[0.765, 0.766)",0.02660696142062353,0.766
"[0.766, 0.767)",0.03403218175675884,0.767
"[0.767, 0.768)",0.029256298921212183,0.768
"[0.768, 0.769)",0.03516314845884239,0.769
"[0.769, 0.77)",0.028713004376458875,0.77
"[0.77, 0.771)",0.0311411118951101,0.771
"[0.771, 0.772)",0.037140173503325095,0.772
"[0.772, 0.773)",0.035519626957301625,0.773
"[0.773, 0.774)",0.027110745968215177,0.774
"[0.774, 0.775)",0.03820394506692709,0.775
"[0.775, 0.776)",0.03305790331445788,0.776
"[0.776, 0.777)",0.03315942934158516,0.777
"[0.777, 0.778)",0.028093471876498816,0.778
"[0.778, 0.779)",0.03348344519324879,0.779
"[0.779, 0.78)",0.027557964173333338,0.78
"[0.78, 0.781)",0.030539282522009565,0.781
"[0.781, 0.782)",0.030449474222194524,0.782
"[0.782, 0.783)",0.0348508676327655,0.783
"[0.783, 0.784)",0.03272052649701538,0.784
"[0.784, 0.785)",0.03414459372015709,0.785
"[0.785, 0.786)",0.03317766007358978,0.786
"[0.786, 0.787)",0.03846745462698799,0.787
"[0.787, 0.788)",0.028059460352222256,0.788
"[0.788, 0.789)",0.027494935822894775,0.789
"[0.789, 0.79)",0.02740504312704919,0.79
"[0.79, 0.791)",0.03549597421200005,0.791
"[0.791, 0.792)",0.02441283277914948,0.792
"[0.792, 0.793)",0.03038493834773333,0.793
"[0.793, 0.794)",0.02981729975311659,0.794
"[0.794, 0.795)",0.03327219654521414,0.795
"[0.795, 0.796)",0.030758752351651656,0.796
"[0.796, 0.797)",0.030951899188123556,0.797
"[0.797, 0.798)",0.0372038178408534,0.798
"[0.798, 0.799)",0.028290393437681166,0.799
"[0.799, 0.8)",0.0324488739682059,0.8
"[0.8, 0.801)",0.03842518885927982,0.801
"[0.801, 0.802)",0.03278292660068686,0.802
"[0.802, 0.803)",0.03703434919875778,0.803
"[0.803, 0.804)",0.030396170794815797,0.804
"[0.804, 0.805)",0.02163577759285715,0.805
"[0.805, 0.806)",0.03193416306521856,0.806
"[0.806, 0.807)",0.0370247082930514,0.807
"[0.807, 0.808)",0.029068930802662735,0.808
"[0.808, 0.809)",0.04324198848176802,0.809
"[0.809, 0.81)",0.03673209267724872,0.81
"[0.81, 0.811)",0.03859222302920822,0.811
"[0.811, 0.812)",0.026307546655538843,0.812
"[0.812, 0.8130000000000001)",0.03338848241719581,0.8130000000000001
"[0.8130000000000001, 0.8140000000000001)",0.02712795974336044,0.8140000000000001
"[0.8140000000000001, 0.8150000000000001)",0.02778881201530271,0.8150000000000001
"[0.8150000000000001, 0.8160000000000001)",0.03604578429702974,0.8160000000000001
"[0.8160000000000001, 0.8170000000000001)",0.028185116660906537,0.8170000000000001
"[0.8170000000000001, 0.8180000000000001)",0.021663914922089557,0.8180000000000001
"[0.8180000000000001, 0.8190000000000001)",0.03288583747623188,0.8190000000000001
"[0.8190000000000001, 0.8200000000000001)",0.028893143050787887,0.8200000000000001
"[0.8200000000000001, 0.8210000000000001)",0.029242570233116924,0.8210000000000001
"[0.8210000000000001, 0.8220000000000001)",0.025938897689440993,0.8220000000000001
"[0.8220000000000001, 0.8230000000000001)",0.027020294018980155,0.8230000000000001
"[0.8230000000000001, 0.8240000000000001)",0.029961648761213884,0.8240000000000001
"[0.8240000000000001, 0.8250000000000001)",0.0268922598613293,0.8250000000000001
"[0.8250000000000001, 0.8260000000000001)",0.03001856336985915,0.8260000000000001
"[0.8260000000000001, 0.8270000000000001)",0.03085445424728265,0.8270000000000001
"[0.8270000000000001, 0.8280000000000001)",0.02541140360960962,0.8280000000000001
"[0.8280000000000001, 0.8290000000000001)",0.02709422775393939,0.8290000000000001
"[0.8290000000000001, 0.8300000000000001)",0.03459019771355018,0.8300000000000001
"[0.8300000000000001, 0.8310000000000001)",0.03952991344171128,0.8310000000000001
"[0.8310000000000001, 0.8320000000000001)",0.038534180148285,0.8320000000000001
"[0.8320000000000001, 0.833)",0.021957398112891893,0.833
"[0.833, 0.834)",0.0333597364194872,0.834
"[0.834, 0.835)",0.028040698925146223,0.835
"[0.835, 0.836)",0.03513997148542281,0.836
"[0.836, 0.837)",0.039076564626268705,0.837
"[0.837, 0.838)",0.025058601362269946,0.838
"[0.838, 0.839)",0.03507937558248409,0.839
"[0.839, 0.84)",0.03117868466665676,0.84
"[0.84, 0.841)",0.04423457457201226,0.841
"[0.841, 0.842)",0.03253088548389385,0.842
"[0.842, 0.843)",0.0338118068208657,0.843
"[0.843, 0.844)",0.02281187895493825,0.844
"[0.844, 0.845)",0.034992643947798774,0.845
"[0.845, 0.846)",0.026815250162356356,0.846
"[0.846, 0.847)",0.025458104583636378,0.847
"[0.847, 0.848)",0.038471673339769495,0.848
"[0.848, 0.849)",0.03192280554322036,0.849
"[0.849, 0.85)",0.034187137986505405,0.85
"[0.85, 0.851)",0.03471415812157307,0.851
"[0.851, 0.852)",0.02985481615454547,0.852
"[0.852, 0.853)",0.026929799305943677,0.853
"[0.853, 0.854)",0.02757693858756906,0.854
"[0.854, 0.855)",0.03099767384048916,0.855
"[0.855, 0.856)",0.03408842684348781,0.856
"[0.856, 0.857)",0.029361907057303373,0.857
"[0.857, 0.858)",0.028623610266261392,0.858
"[0.858, 0.859)",0.02538896311190477,0.859
"[0.859, 0.86)",0.025305449355294107,0.86
"[0.86, 0.861)",0.03257606552834925,0.861
"[0.861, 0.862)",0.039350375572910705,0.862
"[0.862, 0.863)",0.028409922677586207,0.863
"[0.863, 0.864)",0.02517042380371256,0.864
"[0.864, 0.865)",0.027167667670287533,0.865
"[0.865, 0.866)",0.021535066711730753,0.866
"[0.866, 0.867)",0.04077933357114752,0.867
"[0.867, 0.868)",0.03405804916947042,0.868
"[0.868, 0.869)",0.027213808811568627,0.869
"[0.869, 0.87)",0.03323731008426231,0.87
"[0.87, 0.871)",0.033964713620653626,0.871
"[0.871, 0.872)",0.03239473081212698,0.872
"[0.872, 0.873)",0.0323720887030303,0.873
"[0.873, 0.874)",0.028145506246833332,0.874
"[0.874, 0.875)",0.02562502280845638,0.875
"[0.875, 0.876)",0.03172361006965518,0.876
"[0.876, 0.877)",0.04440704288106669,0.877
"[0.877, 0.878)",0.028138673579344266,0.878
"[0.878, 0.879)",0.03363899550830568,0.879
"[0.879, 0.88)",0.03042014167142861,0.88
"[0.88, 0.881)",0.032130560684097864,0.881
"[0.881, 0.882)",0.03438921776190479,0.882
"[0.882, 0.883)",0.034578811142307694,0.883
"[0.883, 0.884)",0.03511301058021204,0.884
"[0.884, 0.885)",0.02422536609122806,0.885
"[0.885, 0.886)",0.02311578388542552,0.886
"[0.886, 0.887)",0.03469185808201219,0.887
"[0.887, 0.888)",0.026985858257195565,0.888
"[0.888, 0.889)",0.02235428131362006,0.889
"[0.889, 0.89)",0.04192687350628577,0.89
"[0.89, 0.891)",0.034651242021257515,0.891
"[0.891, 0.892)",0.028986461119999987,0.892
"[0.892, 0.893)",0.022889757017361102,0.893
"[0.893, 0.894)",0.02528475670328946,0.894
"[0.894, 0.895)",0.03196757236159168,0.895
"[0.895, 0.896)",0.03730281048145456,0.896
"[0.896, 0.897)",0.026084971525752492,0.897
"[0.897, 0.898)",0.03553554202140578,0.898
"[0.898, 0.899)",0.03396913359218753,0.899
"[0.899, 0.9)",0.02932209354104237,0.9
"[0.9, 0.901)",0.03428425415114756,0.901
"[0.901, 0.902)",0.02908288932807016,0.902
"[0.902, 0.903)",0.038874467271270384,0.903
"[0.903, 0.904)",0.027107509124406785,0.904
"[0.904, 0.905)",0.02190541268327645,0.905
"[0.905, 0.906)",0.026147779052112668,0.906
"[0.906, 0.907)",0.02334317438199999,0.907
"[0.907, 0.908)",0.03648083740257352,0.908
"[0.908, 0.909)",0.02817118832878228,0.909
"[0.909, 0.91)",0.034063920051453304,0.91
"[0.91, 0.911)",0.03313422696081785,0.911
"[0.911, 0.912)",0.02966328722608163,0.912
"[0.912, 0.913)",0.033881512802181844,0.913
"[0.913, 0.914)",0.028982907190763033,0.914
"[0.914, 0.915)",0.033459347331872516,0.915
"[0.915, 0.916)",0.02473860733874539,0.916
"[0.916, 0.917)",0.03397246978884755,0.917
"[0.917, 0.918)",0.024512452940404404,0.918
"[0.918, 0.919)",0.02386020075551471,0.919
"[0.919, 0.92)",0.031458562821212094,0.92
"[0.92, 0.921)",0.0359918296105455,0.921
"[0.921, 0.922)",0.03650371985338984,0.922
"[0.922, 0.923)",0.040462492157329014,0.923
"[0.923, 0.924)",0.025852749365354304,0.924
"[0.924, 0.925)",0.023201152595880147,0.925
"[0.925, 0.926)",0.024711139206923076,0.926
"[0.926, 0.927)",0.03101682510624998,0.927
"[0.927, 0.928)",0.028138111912516535,0.928
"[0.928, 0.929)",0.028076767807114607,0.929
"[0.929, 0.93)",0.038476283324745765,0.93
"[0.93, 0.931)",0.03603053356388892,0.931
"[0.931, 0.932)",0.03416187385319079,0.932
"[0.932, 0.933)",0.026821062449637667,0.933
"[0.933, 0.934)",0.03923096604384617,0.934
"[0.934, 0.935)",0.025330306514130433,0.935
"[0.935, 0.936)",0.0343779229962667,0.936
"[0.936, 0.937)",0.0337648824035599,0.937
"[0.937, 0.9380000000000001)",0.0380090256893617,0.9380000000000001
"[0.9380000000000001, 0.9390000000000001)",0.030190078441176455,0.9390000000000001
"[0.9390000000000001, 0.9400000000000001)",0.03420323387533336,0.9400000000000001
"[0.9400000000000001, 0.9410000000000001)",0.023868625013986004,0.9410000000000001
"[0.9410000000000001, 0.9420000000000001)",0.03361390441617165,0.9420000000000001
"[0.9420000000000001, 0.9430000000000001)",0.037438654413880196,0.9430000000000001
"[0.9430000000000001, 0.9440000000000001)",0.03210303921786941,0.9440000000000001
"[0.9440000000000001, 0.9450000000000001)",0.035406933553067524,0.9450000000000001
"[0.9450000000000001, 0.9460000000000001)",0.029294535246232878,0.9460000000000001
"[0.9460000000000001, 0.9470000000000001)",0.035980122010416705,0.9470000000000001
"[0.9470000000000001, 0.9480000000000001)",0.04072769911616769,0.9480000000000001
"[0.9480000000000001, 0.9490000000000001)",0.025960049160030415,0.9490000000000001
"[0.9490000000000001, 0.9500000000000001)",0.029198103639940482,0.9500000000000001
"[0.9500000000000001, 0.9510000000000001)",0.039100123141192475,0.9510000000000001
"[0.9510000000000001, 0.9520000000000001)",0.03926182724112428,0.9520000000000001
"[0.9520000000000001, 0.9530000000000001)",0.027634506216786797,0.9530000000000001
"[0.9530000000000001, 0.9540000000000001)",0.03141040119755226,0.9540000000000001
"[0.9540000000000001, 0.9550000000000001)",0.035810043793711686,0.9550000000000001
"[0.9550000000000001, 0.9560000000000001)",0.03728841189729726,0.9560000000000001
"[0.9560000000000001, 0.9570000000000001)",0.03224722798257839,0.9570000000000001
"[0.9570000000000001, 0.9580000000000001)",0.03010930100349515,0.9580000000000001
"[0.9580000000000001, 0.9590000000000001)",0.03087277153976587,0.9590000000000001
"[0.9590000000000001, 0.96)",0.032560035611521744,0.96
"[0.96, 0.961)",0.024692884784782595,0.961
"[0.961, 0.962)",0.02645415375809251,0.962
"[0.962, 0.963)",0.03720540523422826,0.963
"[0.963, 0.964)",0.03996624092579507,0.964
"[0.964, 0.965)",0.03301242454761759,0.965
"[0.965, 0.966)",0.042487988302631584,0.966
"[0.966, 0.967)",0.025577955842715234,0.967
"[0.967, 0.968)",0.03676796415963636,0.968
"[0.968, 0.969)",0.028124034381881536,0.969
"[0.969, 0.97)",0.0337781591138047,0.97
"[0.97, 0.971)",0.03323241329216418,0.971
"[0.971, 0.972)",0.029396261751634015,0.972
"[0.972, 0.973)",0.030698435272759877,0.973
"[0.973, 0.974)",0.025662950725880145,0.974
"[0.974, 0.975)",0.030970986264259936,0.975
"[0.975, 0.976)",0.04106688847630666,0.976
"[0.976, 0.977)",0.02886270147360713,0.977
"[0.977, 0.978)",0.03328342933914589,0.978
"[0.978, 0.979)",0.04670375962127666,0.979
"[0.979, 0.98)",0.02730377888184816,0.98
"[0.98, 0.981)",0.03557922136107142,0.981
"[0.981, 0.982)",0.03634698752310469,0.982
"[0.982, 0.983)",0.03608669888759399,0.983
"[0.983, 0.984)",0.02829329322930402,0.984
"[0.984, 0.985)",0.03191264877477992,0.985
"[0.985, 0.986)",0.02862187355556293,0.986
"[0.986, 0.987)",0.0274637312858156,0.987
"[0.987, 0.988)",0.0356381907202899,0.988
"[0.988, 0.989)",0.047290204907588944,0.989
"[0.989, 0.99)",0.03073206468147481,0.99
"[0.99, 0.991)",0.03303382428965249,0.991
"[0.991, 0.992)",0.040935816947789486,0.992
"[0.992, 0.993)",0.03647825326338187,0.993
"[0.993, 0.994)",0.036107800244823546,0.994
"[0.994, 0.995)",0.033196357085034045,0.995
"[0.995, 0.996)",0.03476371623070895,0.996
"[0.996, 0.997)",0.03558412179860625,0.997
"[0.997, 0.998)",0.03113417855781361,0.998
"[0.998, 0.999)",0.03174190598184932,0.999
"[0.999, 1.0)",0.0314612636043956,1.0
"[1.0, 1.0010000000000001)",0.029637218843598587,1.0010000000000001
"[1.0010000000000001, 1.002)",0.029307073580073797,1.002
"[1.002, 1.0030000000000001)",0.028806449950522624,1.0030000000000001
"[1.0030000000000001, 1.004)",0.024184782948627446,1.004
"[1.004, 1.0050000000000001)",0.02983256124754097,1.0050000000000001
"[1.0050000000000001, 1.006)",0.03128894656836664,1.006
"[1.006, 1.0070000000000001)",0.027379945362142846,1.0070000000000001
"[1.0070000000000001, 1.008)",0.03270816128561403,1.008
"[1.008, 1.0090000000000001)",0.029351190231353127,1.0090000000000001
"[1.0090000000000001, 1.01)",0.02894842753396224,1.01
"[1.01, 1.0110000000000001)",0.030189359712635342,1.0110000000000001
"[1.0110000000000001, 1.012)",0.03756447650707074,1.012
"[1.012, 1.0130000000000001)",0.029961107668794323,1.0130000000000001
"[1.0130000000000001, 1.014)",0.032927718670226556,1.014
"[1.014, 1.0150000000000001)",0.02697653652491694,1.0150000000000001
"[1.0150000000000001, 1.016)",0.04534045326892862,1.016
"[1.016, 1.0170000000000001)",0.03659723071737204,1.0170000000000001
"[1.0170000000000001, 1.018)",0.037202893954703865,1.018
"[1.018, 1.0190000000000001)",0.03835468736593162,1.0190000000000001
"[1.0190000000000001, 1.02)",0.04539381020210532,1.02
"[1.02, 1.0210000000000001)",0.03787093810985917,1.0210000000000001
"[1.0210000000000001, 1.022)",0.042905892742140496,1.022
"[1.022, 1.0230000000000001)",0.034175610231972776,1.0230000000000001
"[1.0230000000000001, 1.024)",0.041025431112585026,1.024
"[1.024, 1.025)",0.029516156028793754,1.025
"[1.025, 1.026)",0.028554469490298478,1.026
"[1.026, 1.027)",0.036485426793037054,1.027
"[1.027, 1.028)",0.02947181943913043,1.028
"[1.028, 1.029)",0.040110964812867626,1.029
"[1.029, 1.03)",0.036365121897297355,1.03
"[1.03, 1.031)",0.038423710480149816,1.031
"[1.031, 1.032)",0.025901571058000002,1.032
"[1.032, 1.033)",0.0398685513051095,1.033
"[1.033, 1.034)",0.033645891915057916,1.034
"[1.034, 1.035)",0.031453082245936376,1.035
"[1.035, 1.036)",0.03431580338193877,1.036
"[1.036, 1.037)",0.028084815461417317,1.037
"[1.037, 1.038)",0.029812510815232538,1.038
"[1.038, 1.039)",0.0316096007152941,1.039
"[1.039, 1.04)",0.03589715939646641,1.04
"[1.04, 1.041)",0.02516627635252918,1.041
"[1.041, 1.042)",0.029872783818143466,1.042
"[1.042, 1.043)",0.030279872087653405,1.043
"[1.043, 1.044)",0.02364002717529879,1.044
"[1.044, 1.045)",0.03504500481445784,1.045
"[1.045, 1.046)",0.02712329047529409,1.046
"[1.046, 1.047)",0.0211055210579848,1.047
"[1.047, 1.048)",0.031588760105555544,1.048
"[1.048, 1.049)",0.02964918602935018,1.049
"[1.049, 1.05)",0.0349396758718254,1.05
"[1.05, 1.051)",0.025899393286666638,1.051
"[1.051, 1.052)",0.03399945433699115,1.052
"[1.052, 1.053)",0.034390730840145975,1.053
"[1.053, 1.054)",0.03544475511555557,1.054
"[1.054, 1.055)",0.03427927957003614,1.055
"[1.055, 1.056)",0.040289594405653724,1.056
"[1.056, 1.057)",0.03971151665612801,1.057
"[1.057, 1.058)",0.02702185832873562,1.058
"[1.058, 1.059)",0.03697084791642856,1.059
"[1.059, 1.06)",0.0382201652085246,1.06
"[1.06, 1.061)",0.045560570627907,1.061
"[1.061, 1.062)",0.0318417201365657,1.062
"[1.062, 1.063)",0.045737296123507486,1.063
"[1.063, 1.064)",0.029910718323384638,1.064
"[1.064, 1.065)",0.03979763079278692,1.065
"[1.065, 1.066)",0.0321141484859649,1.066
"[1.066, 1.067)",0.0412593542018729,1.067
"[1.067, 1.068)",0.03423070746751774,1.068
"[1.068, 1.069)",0.03431436859651009,1.069
"[1.069, 1.07)",0.028062074773611105,1.07
"[1.07, 1.071)",0.026248044017346935,1.071
"[1.071, 1.072)",0.041117135487889284,1.072
"[1.072, 1.073)",0.031352823516326546,1.073
"[1.073, 1.074)",0.041337336205673765,1.074
"[1.074, 1.075)",0.03571186649241379,1.075
"[1.075, 1.076)",0.03175401977043795,1.076
"[1.076, 1.077)",0.030979790320629357,1.077
"[1.077, 1.078)",0.030194126605776157,1.078
"[1.078, 1.079)",0.03170397975192308,1.079
"[1.079, 1.08)",0.032100698492748096,1.08
"[1.08, 1.081)",0.030808038477192986,1.081
"[1.081, 1.082)",0.03318684867201492,1.082
"[1.082, 1.083)",0.033499399063424126,1.083
"[1.083, 1.084)",0.027640161193661975,1.084
"[1.084, 1.085)",0.02730643195785439,1.085
"[1.085, 1.086)",0.03767678323866669,1.086
"[1.086, 1.087)",0.026923729551511098,1.087
"[1.087, 1.088)",0.03129224558041667,1.088
"[1.088, 1.089)",0.031233059807755096,1.089
"[1.089, 1.09)",0.030074473176553172,1.09
"[1.09, 1.091)",0.02902880672268908,1.091
"[1.091, 1.092)",0.02447339224655175,1.092
"[1.092, 1.093)",0.024262959414634147,1.093
"[1.093, 1.094)",0.02474641116347826,1.094
"[1.094, 1.095)",0.02694700827088605,1.095
"[1.095, 1.096)",0.029370133634852323,1.096
"[1.096, 1.097)",0.030961229843775095,1.097
"[1.097, 1.098)",0.03358918543008847,1.098
"[1.098, 1.099)",0.025695981212809915,1.099
"[1.099, 1.1)",0.02652250588311111,1.1
"[1.1, 1.101)",0.027875903962780273,1.101
"[1.101, 1.102)",0.02649248230032,1.102
"[1.102, 1.103)",0.027773608137716527,1.103
"[1.103, 1.104)",0.02566443680776256,1.104
"[1.104, 1.105)",0.030677415388073774,1.105
"[1.105, 1.106)",0.03434909032025859,1.106
"[1.106, 1.107)",0.023560120170142168,1.107
"[1.107, 1.108)",0.0452572357594203,1.108
"[1.108, 1.109)",0.028480111770762324,1.109
"[1.109, 1.11)",0.029542868601953123,1.11
"[1.11, 1.111)",0.019778171761564867,1.111
"[1.111, 1.112)",0.03632077149082125,1.112
"[1.112, 1.113)",0.02380112419304879,1.113
"[1.113, 1.114)",0.03251881814681816,1.114
"[1.114, 1.115)",0.03464525278866399,1.115
"[1.115, 1.116)",0.03342418127264956,1.116
"[1.116, 1.117)",0.032973520168036514,1.117
"[1.117, 1.118)",0.028379606037711867,1.118
"[1.118, 1.119)",0.029533244488122428,1.119
"[1.119, 1.12)",0.04026606872938775,1.12
"[1.12, 1.121)",0.04148475147782607,1.121
"[1.121, 1.122)",0.021149083857024766,1.122
"[1.122, 1.123)",0.026705444137117895,1.123
"[1.123, 1.124)",0.027528894258620668,1.124
"[1.124, 1.125)",0.0235452934161572,1.125
"[1.125, 1.1260000000000001)",0.02702797783474904,1.1260000000000001
"[1.1260000000000001, 1.127)",0.025772692124050617,1.127
"[1.127, 1.1280000000000001)",0.038525473477290816,1.1280000000000001
"[1.1280000000000001, 1.129)",0.038774598297723575,1.129
"[1.129, 1.1300000000000001)",0.03217395972500001,1.1300000000000001
"[1.1300000000000001, 1.131)",0.03250758146715302,1.131
"[1.131, 1.1320000000000001)",0.02408338033742856,1.1320000000000001
"[1.1320000000000001, 1.133)",0.03599474224898787,1.133
"[1.133, 1.1340000000000001)",0.03214170597341772,1.1340000000000001
"[1.1340000000000001, 1.135)",0.03190447677991453,1.135
"[1.135, 1.1360000000000001)",0.026070440230603453,1.1360000000000001
"[1.1360000000000001, 1.137)",0.028972786492338726,1.137
"[1.137, 1.1380000000000001)",0.0204410678778481,1.1380000000000001
"[1.1380000000000001, 1.139)",0.02859072813091604,1.139
"[1.139, 1.1400000000000001)",0.03506711419145526,1.1400000000000001
"[1.1400000000000001, 1.141)",0.024131077955284554,1.141
"[1.141, 1.1420000000000001)",0.03188685081309322,1.1420000000000001
"[1.1420000000000001, 1.143)",0.020456034254273853,1.143
"[1.143, 1.1440000000000001)",0.02330870952245762,1.1440000000000001
"[1.1440000000000001, 1.145)",0.026936224841452985,1.145
"[1.145, 1.1460000000000001)",0.02778072377309417,1.1460000000000001
"[1.1460000000000001, 1.147)",0.023750426315062745,1.147
"[1.147, 1.1480000000000001)",0.026476320009716597,1.1480000000000001
"[1.1480000000000001, 1.149)",0.037441912522173916,1.149
"[1.149, 1.1500000000000001)",0.036486737773515625,1.1500000000000001
"[1.1500000000000001, 1.151)",0.040191790077333346,1.151
"[1.151, 1.1520000000000001)",0.022946011849999993,1.1520000000000001
"[1.1520000000000001, 1.153)",0.03442797097933885,1.153
"[1.153, 1.154)",0.03035543221966526,1.154
"[1.154, 1.155)",0.033963413045414836,1.155
"[1.155, 1.156)",0.03731260882727272,1.156
"[1.156, 1.157)",0.03342887190548936,1.157
"[1.157, 1.158)",0.028238714292913376,1.158
"[1.158, 1.159)",0.03109160613955554,1.159
"[1.159, 1.16)",0.03572062481767934,1.16
"[1.16, 1.161)",0.03690433192142856,1.161
"[1.161, 1.162)",0.03703166628571429,1.162
"[1.162, 1.163)",0.03228763971622806,1.163
"[1.163, 1.164)",0.02751889366095236,1.164
"[1.164, 1.165)",0.03399942223138078,1.165
"[1.165, 1.166)",0.025445101883555542,1.166
"[1.166, 1.167)",0.028894840640495866,1.167
"[1.167, 1.168)",0.027374818316017308,1.168
"[1.168, 1.169)",0.024959053780086574,1.169
"[1.169, 1.17)",0.03149804509957266,1.17
"[1.17, 1.171)",0.03965004022314052,1.171
"[1.171, 1.172)",0.026266795451778673,1.172
"[1.172, 1.173)",0.021372655021900833,1.173
"[1.173, 1.174)",0.047091338363636374,1.174
"[1.174, 1.175)",0.030331352064035078,1.175
"[1.175, 1.176)",0.029703757206866948,1.176
"[1.176, 1.177)",0.023612346546460185,1.177
"[1.177, 1.178)",0.02710663108400967,1.178
"[1.178, 1.179)",0.03260451156111111,1.179
"[1.179, 1.18)",0.021756965835023265,1.18
"[1.18, 1.181)",0.019695883946428575,1.181
"[1.181, 1.182)",0.028865192224884796,1.182
"[1.182, 1.183)",0.03880785399145302,1.183
"[1.183, 1.184)",0.03265370654041235,1.184
"[1.184, 1.185)",0.03336915765677964,1.185
"[1.185, 1.186)",0.02574891575545022,1.186
"[1.186, 1.187)",0.028301396135680737,1.187
"[1.187, 1.188)",0.025818091200473924,1.188
"[1.188, 1.189)",0.021668781459999994,1.189
"[1.189, 1.19)",0.04200508947604447,1.19
"[1.19, 1.191)",0.03221723087603305,1.191
"[1.191, 1.192)",0.025850041891284377,1.192
"[1.192, 1.193)",0.030214379934883708,1.193
"[1.193, 1.194)",0.03067727190406089,1.194
"[1.194, 1.195)",0.02663038264545455,1.195
"[1.195, 1.196)",0.042065100375757565,1.196
"[1.196, 1.197)",0.03525179442361107,1.197
"[1.197, 1.198)",0.03724452503686636,1.198
"[1.198, 1.199)",0.030249005401214574,1.199
"[1.199, 1.2)",0.03918881540557943,1.2
"[1.2, 1.201)",0.03520510376355933,1.201
"[1.201, 1.202)",0.03606101541952379,1.202
"[1.202, 1.203)",0.029951539594495407,1.203
"[1.203, 1.204)",0.024664094476444427,1.204
"[1.204, 1.205)",0.02917395960044051,1.205
"[1.205, 1.206)",0.03672269452028925,1.206
"[1.206, 1.207)",0.036781288653448256,1.207
"[1.207, 1.208)",0.03319404728310501,1.208
"[1.208, 1.209)",0.041110114465800866,1.209
"[1.209, 1.21)",0.038581419105217375,1.21
"[1.21, 1.211)",0.031104645640928245,1.211
"[1.211, 1.212)",0.047069366693636365,1.212
"[1.212, 1.213)",0.02229278424693879,1.213
"[1.213, 1.214)",0.02860523917211539,1.214
"[1.214, 1.215)",0.030880552356408145,1.215
"[1.215, 1.216)",0.021995788056153827,1.216
"[1.216, 1.217)",0.027844417428846135,1.217
"[1.217, 1.218)",0.028533138535398222,1.218
"[1.218, 1.219)",0.029071985692764965,1.219
"[1.219, 1.22)",0.029624060903597125,1.22
"[1.22, 1.221)",0.03505259065546555,1.221
"[1.221, 1.222)",0.030398319644313717,1.222
"[1.222, 1.223)",0.024542261866382958,1.223
"[1.223, 1.224)",0.03007433643957448,1.224
"[1.224, 1.225)",0.02832987227272727,1.225
"[1.225, 1.226)",0.026743241272653068,1.226
"[1.226, 1.227)",0.027036338210878648,1.227
"[1.227, 1.228)",0.0325827808511628,1.228
"[1.228, 1.229)",0.03542724862481483,1.229
"[1.229, 1.23)",0.028611680822649557,1.23
"[1.23, 1.231)",0.030059167438596483,1.231
"[1.231, 1.232)",0.03886873425641025,1.232
"[1.232, 1.233)",0.025936350704780876,1.233
"[1.233, 1.234)",0.03659297311417024,1.234
"[1.234, 1.235)",0.03547793948024999,1.235
"[1.235, 1.236)",0.027492705784375012,1.236
"[1.236, 1.237)",0.037956159449159664,1.237
"[1.237, 1.238)",0.030951797085829975,1.238
"[1.238, 1.239)",0.028735991990204074,1.239
"[1.239, 1.24)",0.03618142552449799,1.24
"[1.24, 1.241)",0.03428731762627117,1.241
"[1.241, 1.242)",0.03246525002796609,1.242
"[1.242, 1.243)",0.035378364187854255,1.243
"[1.243, 1.244)",0.03397830133628692,1.244
"[1.244, 1.245)",0.026004370477828036,1.245
"[1.245, 1.246)",0.03872527020663718,1.246
"[1.246, 1.247)",0.02896896880328888,1.247
"[1.247, 1.248)",0.02907573938301885,1.248
"[1.248, 1.249)",0.025003557103375533,1.249
"[1.249, 1.25)",0.03136638194386791,1.25
"[1.25, 1.2510000000000001)",0.03195982090837006,1.2510000000000001
"[1.2510000000000001, 1.252)",0.033476253862173906,1.252
"[1.252, 1.2530000000000001)",0.024459641219727622,1.2530000000000001
"[1.2530000000000001, 1.254)",0.037490581245569636,1.254
"[1.254, 1.2550000000000001)",0.03699710543412698,1.2550000000000001
"[1.2550000000000001, 1.256)",0.034201583716260156,1.256
"[1.256, 1.2570000000000001)",0.03470250154623658,1.2570000000000001
"[1.2570000000000001, 1.258)",0.03098512857125873,1.258
"[1.258, 1.2590000000000001)",0.025896136528326178,1.2590000000000001
"[1.2590000000000001, 1.26)",0.031247110192063478,1.26
"[1.26, 1.2610000000000001)",0.032236810044959964,1.2610000000000001
"[1.2610000000000001, 1.262)",0.032648190825806486,1.262
"[1.262, 1.2630000000000001)",0.030092757493607295,1.2630000000000001
"[1.2630000000000001, 1.264)",0.039107029449805465,1.264
"[1.264, 1.2650000000000001)",0.03240919332547168,1.2650000000000001
"[1.2650000000000001, 1.266)",0.026092017801687774,1.266
"[1.266, 1.2670000000000001)",0.030097089792292673,1.2670000000000001
"[1.2670000000000001, 1.268)",0.0341208514475728,1.268
"[1.268, 1.2690000000000001)",0.03707818929711539,1.2690000000000001
"[1.2690000000000001, 1.27)",0.04653744681874999,1.27
"[1.27, 1.2710000000000001)",0.04037322319224808,1.2710000000000001
"[1.2710000000000001, 1.272)",0.030018323685576928,1.272
"[1.272, 1.2730000000000001)",0.046952530034061156,1.2730000000000001
"[1.2730000000000001, 1.274)",0.03711227235684209,1.274
"[1.274, 1.2750000000000001)",0.034352662726442294,1.2750000000000001
"[1.2750000000000001, 1.276)",0.0416744986488889,1.276
"[1.276, 1.2770000000000001)",0.04299879060850239,1.2770000000000001
"[1.2770000000000001, 1.278)",0.037513151709545466,1.278
"[1.278, 1.2790000000000001)",0.03647525312898549,1.2790000000000001
"[1.2790000000000001, 1.28)",0.0418248516514706,1.28
"[1.28, 1.281)",0.03605746994553572,1.281
"[1.281, 1.282)",0.04048121084500001,1.282
"[1.282, 1.283)",0.028157440349855765,1.283
"[1.283, 1.284)",0.04364541826040607,1.284
"[1.284, 1.285)",0.023284876707657647,1.285
"[1.285, 1.286)",0.034680664565420544,1.286
"[1.286, 1.287)",0.03682962698190046,1.287
"[1.287, 1.288)",0.027890996292523364,1.288
"[1.288, 1.289)",0.03142996824908258,1.289
"[1.289, 1.29)",0.03495555112574256,1.29
"[1.29, 1.291)",0.03178470021261258,1.291
"[1.291, 1.292)",0.027503123279792745,1.292
"[1.292, 1.293)",0.03165742369509802,1.293
"[1.293, 1.294)",0.02505919221970443,1.294
"[1.294, 1.295)",0.029420617352054798,1.295
"[1.295, 1.296)",0.03207984277631581,1.296
"[1.296, 1.297)",0.04083961301666665,1.297
"[1.297, 1.298)",0.03962857004700458,1.298
"[1.298, 1.299)",0.02338071239906103,1.299
"[1.299, 1.3)",0.031069303158962273,1.3
"[1.3, 1.301)",0.03180531622990196,1.301
"[1.301, 1.302)",0.042257083379000006,1.302
"[1.302, 1.303)",0.04698346746849317,1.303
"[1.303, 1.304)",0.03072327743617022,1.304
"[1.304, 1.305)",0.03275132868054297,1.305
"[1.305, 1.306)",0.03690550924090424,1.306
"[1.306, 1.307)",0.027606546814568526,1.307
"[1.307, 1.308)",0.026019938107070695,1.308
"[1.308, 1.309)",0.025091362611225455,1.309
"[1.309, 1.31)",0.040938289199473676,1.31
"[1.31, 1.311)",0.04312360425532995,1.311
"[1.311, 1.312)",0.024413829368098154,1.312
"[1.312, 1.313)",0.0369664671244898,1.313
"[1.313, 1.314)",0.026075335959360728,1.314
"[1.314, 1.315)",0.03139148420653266,1.315
"[1.315, 1.316)",0.02665922259756097,1.316
"[1.316, 1.317)",0.03001210597777776,1.317
"[1.317, 1.318)",0.02674059562228262,1.318
"[1.318, 1.319)",0.024593981400000003,1.319
"[1.319, 1.32)",0.02982169421989528,1.32
"[1.32, 1.321)",0.032851955185786784,1.321
"[1.321, 1.322)",0.0300641741959799,1.322
"[1.322, 1.323)",0.04273158421740932,1.323
"[1.323, 1.324)",0.03678306802666668,1.324
"[1.324, 1.325)",0.021405643907222233,1.325
"[1.325, 1.326)",0.031995943685,1.326
"[1.326, 1.327)",0.028666538777472533,1.327
"[1.327, 1.328)",0.02381928283297875,1.328
"[1.328, 1.329)",0.026589789166509423,1.329
"[1.329, 1.33)",0.02671084277663043,1.33
"[1.33, 1.331)",0.028375356174468073,1.331
"[1.331, 1.332)",0.024365307086952392,1.332
"[1.332, 1.333)",0.04491891276136362,1.333
"[1.333, 1.334)",0.022830904823560212,1.334
"[1.334, 1.335)",0.04100479756410255,1.335
"[1.335, 1.336)",0.021169659025654455,1.336
"[1.336, 1.337)",0.026201767363128483,1.337
"[1.337, 1.338)",0.03620315166666664,1.338
"[1.338, 1.339)",0.03984385852764708,1.339
"[1.339, 1.34)",0.0223381308952381,1.34
"[1.34, 1.341)",0.029582821920670375,1.341
"[1.341, 1.342)",0.03396901322831392,1.342
"[1.342, 1.343)",0.02310202725812835,1.343
"[1.343, 1.344)",0.027979198208620697,1.344
"[1.344, 1.345)",0.03035848575063291,1.345
"[1.345, 1.346)",0.029093719593292686,1.346
"[1.346, 1.347)",0.03437649044195403,1.347
"[1.347, 1.348)",0.03565585508934012,1.348
"[1.348, 1.349)",0.02757953632812498,1.349
"[1.349, 1.35)",0.0340211390909091,1.35
"[1.35, 1.351)",0.03503639533407609,1.351
"[1.351, 1.352)",0.028002226673915668,1.352
"[1.352, 1.353)",0.03202612609431818,1.353
"[1.353, 1.354)",0.03671612935576921,1.354
"[1.354, 1.355)",0.024153571129319377,1.355
"[1.355, 1.356)",0.03291905975380952,1.356
"[1.356, 1.357)",0.04291676582849159,1.357
"[1.357, 1.358)",0.023850727822564092,1.358
"[1.358, 1.359)",0.029838758056140335,1.359
"[1.359, 1.36)",0.02816266040164837,1.36
"[1.36, 1.361)",0.023696501333720924,1.361
"[1.361, 1.362)",0.045506500515060215,1.362
"[1.362, 1.363)",0.03212002287651005,1.363
"[1.363, 1.364)",0.03283483154588235,1.364
"[1.364, 1.365)",0.023405551466,1.365
"[1.365, 1.366)",0.03051522968902438,1.366
"[1.366, 1.367)",0.02656899472802198,1.367
"[1.367, 1.368)",0.02330123883473054,1.368
"[1.368, 1.369)",0.024151562065597484,1.369
"[1.369, 1.37)",0.03761584480263156,1.37
"[1.37, 1.371)",0.021206929424581016,1.371
"[1.371, 1.372)",0.02418188860909091,1.372
"[1.372, 1.373)",0.0384238754652778,1.373
"[1.373, 1.374)",0.022001973147887335,1.374
"[1.374, 1.375)",0.03248952761490684,1.375
"[1.375, 1.3760000000000001)",0.026882220431343293,1.3760000000000001
"[1.3760000000000001, 1.377)",0.027907689571779127,1.377
"[1.377, 1.3780000000000001)",0.03128537240385094,1.3780000000000001
"[1.3780000000000001, 1.379)",0.02807833273703703,1.379
"[1.379, 1.3800000000000001)",0.033070495872483195,1.3800000000000001
"[1.3800000000000001, 1.381)",0.037319695488125,1.381
"[1.381, 1.3820000000000001)",0.027995300503947378,1.3820000000000001
"[1.3820000000000001, 1.383)",0.02607324000729928,1.383
"[1.383, 1.3840000000000001)",0.021356578624305556,1.3840000000000001
"[1.3840000000000001, 1.385)",0.03902301538657716,1.385
"[1.385, 1.3860000000000001)",0.020788541933766225,1.3860000000000001
"[1.3860000000000001, 1.387)",0.03386609737628208,1.387
"[1.387, 1.3880000000000001)",0.026268892697959192,1.3880000000000001
"[1.3880000000000001, 1.389)",0.03609531582514286,1.389
"[1.389, 1.3900000000000001)",0.02395903557695907,1.3900000000000001
"[1.3900000000000001, 1.391)",0.02250153621818182,1.391
"[1.391, 1.3920000000000001)",0.03339266184,1.3920000000000001
"[1.3920000000000001, 1.393)",0.030595621443478268,1.393
"[1.393, 1.3940000000000001)",0.0315542345801282,1.3940000000000001
"[1.3940000000000001, 1.395)",0.025028154643609024,1.395
"[1.395, 1.3960000000000001)",0.023578356472560968,1.3960000000000001
"[1.3960000000000001, 1.397)",0.022206236941533737,1.397
"[1.397, 1.3980000000000001)",0.021257149177419346,1.3980000000000001
"[1.3980000000000001, 1.399)",0.02355630123636365,1.399
"[1.399, 1.4000000000000001)",0.03203036084863014,1.4000000000000001
"[1.4000000000000001, 1.401)",0.031119738814189203,1.401
"[1.401, 1.4020000000000001)",0.03694448085214724,1.4020000000000001
"[1.4020000000000001, 1.403)",0.027755979784782597,1.403
"[1.403, 1.4040000000000001)",0.030898739526874986,1.4040000000000001
"[1.4040000000000001, 1.405)",0.031457488821739134,1.405
"[1.405, 1.4060000000000001)",0.02688160829210528,1.4060000000000001
"[1.4060000000000001, 1.407)",0.02585335961677419,1.407
"[1.407, 1.408)",0.03326283491055901,1.408
"[1.408, 1.409)",0.030567407605405404,1.409
"[1.409, 1.41)",0.023852947651948054,1.41
"[1.41, 1.411)",0.0334457069033557,1.411
"[1.411, 1.412)",0.03805019705753425,1.412
"[1.412, 1.413)",0.0417037132208633,1.413
"[1.413, 1.414)",0.02746381437719298,1.414
"[1.414, 1.415)",0.031116197990683204,1.415
"[1.415, 1.416)",0.023781166141935497,1.416
"[1.416, 1.417)",0.029215966318354436,1.417
"[1.417, 1.418)",0.03365099781225802,1.418
"[1.418, 1.419)",0.03172367523836477,1.419
"[1.419, 1.42)",0.027395994507894744,1.42
"[1.42, 1.421)",0.04318681818552631,1.421
"[1.421, 1.422)",0.031163509319999984,1.422
"[1.422, 1.423)",0.02896118441497007,1.423
"[1.423, 1.424)",0.03944504845422533,1.424
"[1.424, 1.425)",0.03580428332434211,1.425
"[1.425, 1.426)",0.025720381940611114,1.426
"[1.426, 1.427)",0.032970498949685546,1.427
"[1.427, 1.428)",0.028603989593255812,1.428
"[1.428, 1.429)",0.03621825590059171,1.429
"[1.429, 1.43)",0.036921414551515166,1.43
"[1.43, 1.431)",0.024386785757232715,1.431
"[1.431, 1.432)",0.03169118771999999,1.432
"[1.432, 1.433)",0.04144842686227545,1.433
"[1.433, 1.434)",0.024511363515894044,1.434
"[1.434, 1.435)",0.02471070277615894,1.435
"[1.435, 1.436)",0.03217999795191082,1.436
"[1.436, 1.437)",0.0222304635964497,1.437
"[1.437, 1.438)",0.037775675415934046,1.438
"[1.438, 1.439)",0.03442781214425927,1.439
"[1.439, 1.44)",0.024954820033734917,1.44
"[1.44, 1.441)",0.035226823249690724,1.441
"[1.441, 1.442)",0.031508977675595205,1.442
"[1.442, 1.443)",0.035169115851851854,1.443
"[1.443, 1.444)",0.025997550683950623,1.444
"[1.444, 1.445)",0.03891941940855265,1.445
"[1.445, 1.446)",0.040611154946987915,1.446
"[1.446, 1.447)",0.02577930841921053,1.447
"[1.447, 1.448)",0.021922695635761588,1.448
"[1.448, 1.449)",0.04109243991249999,1.449
"[1.449, 1.45)",0.030392031359638565,1.45
"[1.45, 1.451)",0.0407861758577181,1.451
"[1.451, 1.452)",0.03566305611547444,1.452
"[1.452, 1.453)",0.045212495743292655,1.453
"[1.453, 1.454)",0.0403421911316129,1.454
"[1.454, 1.455)",0.01765861585915494,1.455
"[1.455, 1.456)",0.023461646916666672,1.456
"[1.456, 1.457)",0.024672193694029863,1.457
"[1.457, 1.458)",0.033426602645833324,1.458
"[1.458, 1.459)",0.04035209812608696,1.459
"[1.459, 1.46)",0.019674932289256195,1.46
"[1.46, 1.461)",0.04779225672941174,1.461
"[1.461, 1.462)",0.03437992615703704,1.462
"[1.462, 1.463)",0.03073229307333333,1.463
"[1.463, 1.464)",0.03927008256737588,1.464
"[1.464, 1.465)",0.02625290245925465,1.465
"[1.465, 1.466)",0.03153795846689188,1.466
"[1.466, 1.467)",0.03107696789749999,1.467
"[1.467, 1.468)",0.03858472611063832,1.468
"[1.468, 1.469)",0.03058913153291139,1.469
"[1.469, 1.47)",0.026288571927329193,1.47
"[1.47, 1.471)",0.030930187000000015,1.471
"[1.471, 1.472)",0.03752780715897434,1.472
"[1.472, 1.473)",0.033939021666037725,1.473
"[1.473, 1.474)",0.02701995869627329,1.474
"[1.474, 1.475)",0.029900338994444435,1.475
"[1.475, 1.476)",0.043730624056931205,1.476
"[1.476, 1.477)",0.036175361603896096,1.477
"[1.477, 1.478)",0.028138546370322596,1.478
"[1.478, 1.479)",0.03145132004413795,1.479
"[1.479, 1.48)",0.0202161922475,1.48
"[1.48, 1.481)",0.02329001114860606,1.481
"[1.481, 1.482)",0.025944431537666676,1.482
"[1.482, 1.483)",0.03922641762481203,1.483
"[1.483, 1.484)",0.0298339576005369,1.484
"[1.484, 1.485)",0.024791428009933773,1.485
"[1.485, 1.486)",0.02407844597529411,1.486
"[1.486, 1.487)",0.047409554101870505,1.487
"[1.487, 1.488)",0.03893642540956522,1.488
"[1.488, 1.489)",0.043187025131578925,1.489
"[1.489, 1.49)",0.03484319471830064,1.49
"[1.49, 1.491)",0.04227227652789114,1.491
"[1.491, 1.492)",0.03090057032167833,1.492
"[1.492, 1.493)",0.030146509311920495,1.493
"[1.493, 1.494)",0.0503517999554054,1.494
"[1.494, 1.495)",0.041193683694117626,1.495
"[1.495, 1.496)",0.035848579633812966,1.496
"[1.496, 1.497)",0.04804257843655173,1.497
"[1.497, 1.498)",0.03571518297577381,1.498
"[1.498, 1.499)",0.028948317895833322,1.499
"[1.499, 1.5)",0.0435926735264151,1.5
"[1.5, 1.5010000000000001)",0.022132566838235296,1.5010000000000001
"[1.5010000000000001, 1.502)",0.02569837167816091,1.502
"[1.502, 1.5030000000000001)",0.028270922483636374,1.5030000000000001
"[1.5030000000000001, 1.504)",0.02721806776878612,1.504
"[1.504, 1.5050000000000001)",0.02675931706707318,1.5050000000000001
"[1.5050000000000001, 1.506)",0.022483035579365086,1.506
"[1.506, 1.5070000000000001)",0.03456201798282205,1.5070000000000001
"[1.5070000000000001, 1.508)",0.02441164518614458,1.508
"[1.508, 1.5090000000000001)",0.023524186609876555,1.5090000000000001
"[1.5090000000000001, 1.51)",0.035884513151948065,1.51
"[1.51, 1.5110000000000001)",0.03332274045660373,1.5110000000000001
"[1.5110000000000001, 1.512)",0.027264148154071854,1.512
"[1.512, 1.5130000000000001)",0.02482837915646259,1.5130000000000001
"[1.5130000000000001, 1.514)",0.041538047046357586,1.514
"[1.514, 1.5150000000000001)",0.047349284750657895,1.5150000000000001
"[1.5150000000000001, 1.516)",0.025074072629139074,1.516
"[1.516, 1.5170000000000001)",0.025728849897385615,1.5170000000000001
"[1.5170000000000001, 1.518)",0.018686565703797467,1.518
"[1.518, 1.5190000000000001)",0.026978225897656263,1.5190000000000001
"[1.5190000000000001, 1.52)",0.027820016463125003,1.52
"[1.52, 1.5210000000000001)",0.035545190361875,1.5210000000000001
"[1.5210000000000001, 1.522)",0.039094032375159224,1.522
"[1.522, 1.5230000000000001)",0.038845469048591555,1.5230000000000001
"[1.5230000000000001, 1.524)",0.024156210893292694,1.524
"[1.524, 1.5250000000000001)",0.026526958090225573,1.5250000000000001
"[1.5250000000000001, 1.526)",0.04195104335886077,1.526
"[1.526, 1.5270000000000001)",0.026091602475885718,1.5270000000000001
"[1.5270000000000001, 1.528)",0.03618214989562498,1.528
"[1.528, 1.5290000000000001)",0.027402044798734173,1.5290000000000001
"[1.5290000000000001, 1.53)",0.04479984559673205,1.53
"[1.53, 1.5310000000000001)",0.026000287445508974,1.5310000000000001
"[1.5310000000000001, 1.532)",0.02574768592196532,1.532
"[1.532, 1.5330000000000001)",0.03505496946611111,1.5330000000000001
"[1.5330000000000001, 1.534)",0.022668965448717937,1.534
"[1.534, 1.5350000000000001)",0.03455533029939026,1.5350000000000001
"[1.5350000000000001, 1.536)",0.02131465807732558,1.536
"[1.536, 1.537)",0.03444052509941521,1.537
"[1.537, 1.538)",0.031201208721811594,1.538
"[1.538, 1.539)",0.02330585213732143,1.539
"[1.539, 1.54)",0.03110174103085715,1.54
"[1.54, 1.541)",0.041365969343749975,1.541
"[1.541, 1.542)",0.04594325344916667,1.542
"[1.542, 1.543)",0.01967751603372094,1.543
"[1.543, 1.544)",0.02568053870352942,1.544
"[1.544, 1.545)",0.03741818441032257,1.545
"[1.545, 1.546)",0.023391632953072627,1.546
"[1.546, 1.547)",0.02152243709661018,1.547
"[1.547, 1.548)",0.026781320432885912,1.548
"[1.548, 1.549)",0.024137323125000013,1.549
"[1.549, 1.55)",0.03076914658266667,1.55
"[1.55, 1.551)",0.036400169201785716,1.551
"[1.551, 1.552)",0.038635681227810637,1.552
"[1.552, 1.553)",0.030479021624242417,1.553
"[1.553, 1.554)",0.023339944641558447,1.554
"[1.554, 1.555)",0.024330340089240503,1.555
"[1.555, 1.556)",0.021693517312011825,1.556
"[1.556, 1.557)",0.021345295150649358,1.557
"[1.557, 1.558)",0.022807024571084338,1.558
"[1.558, 1.559)",0.029240309038888874,1.559
"[1.559, 1.56)",0.020876330893373492,1.56
"[1.56, 1.561)",0.028602662051955302,1.561
"[1.561, 1.562)",0.033347220822641487,1.562
"[1.562, 1.563)",0.02774516587417219,1.563
"[1.563, 1.564)",0.025945461073125016,1.564
"[1.564, 1.565)",0.02452438733986927,1.565
"[1.565, 1.566)",0.023814283582352946,1.566
"[1.566, 1.567)",0.03677685980813952,1.567
"[1.567, 1.568)",0.031156866187804885,1.568
"[1.568, 1.569)",0.027489298951538472,1.569
"[1.569, 1.57)",0.027048576790209784,1.57
"[1.57, 1.571)",0.020464300644936727,1.571
"[1.571, 1.572)",0.043688347689411725,1.572
"[1.572, 1.573)",0.02997982907468354,1.573
"[1.573, 1.574)",0.041671326079613234,1.574
"[1.574, 1.575)",0.030061217502993984,1.575
"[1.575, 1.576)",0.02549665012643676,1.576
"[1.576, 1.577)",0.023253897784736837,1.577
"[1.577, 1.578)",0.027597047306547592,1.578
"[1.578, 1.579)",0.026720512038509333,1.579
"[1.579, 1.58)",0.02799011639144737,1.58
"[1.58, 1.581)",0.018564616283018878,1.581
"[1.581, 1.582)",0.03313394531965317,1.582
"[1.582, 1.583)",0.03986266468589743,1.583
"[1.583, 1.584)",0.02968911341920903,1.584
"[1.584, 1.585)",0.039784586708303045,1.585
"[1.585, 1.586)",0.027088971798051947,1.586
"[1.586, 1.587)",0.024628568053571425,1.587
"[1.587, 1.588)",0.021689373701634006,1.588
"[1.588, 1.589)",0.02934112411351349,1.589
"[1.589, 1.59)",0.024051143252121217,1.59
"[1.59, 1.591)",0.031063737957954553,1.591
"[1.591, 1.592)",0.02478935032356688,1.592
"[1.592, 1.593)",0.04402089832443182,1.593
"[1.593, 1.594)",0.039847271006329114,1.594
"[1.594, 1.595)",0.02394162450355265,1.595
"[1.595, 1.596)",0.03334836060445856,1.596
"[1.596, 1.597)",0.033020189435256427,1.597
"[1.597, 1.598)",0.023346582284867932,1.598
"[1.598, 1.599)",0.027365746250000024,1.599
"[1.599, 1.6)",0.027640255063673475,1.6
"[1.6, 1.601)",0.03067243968926174,1.601
"[1.601, 1.602)",0.03724881788531465,1.602
"[1.602, 1.603)",0.033956253465648865,1.603
"[1.603, 1.604)",0.03445831885193797,1.604
"[1.604, 1.605)",0.027256884424050647,1.605
"[1.605, 1.606)",0.036243706547945224,1.606
"[1.606, 1.607)",0.026167368768047324,1.607
"[1.607, 1.608)",0.02747012579082192,1.608
"[1.608, 1.609)",0.020173430479720297,1.609
"[1.609, 1.61)",0.026764804977299272,1.61
"[1.61, 1.611)",0.03467083741466666,1.611
"[1.611, 1.612)",0.02918054780392155,1.612
"[1.612, 1.613)",0.03505764562846715,1.613
"[1.613, 1.614)",0.019565712267891167,1.614
"[1.614, 1.615)",0.028028281028435374,1.615
"[1.615, 1.616)",0.039252193258778593,1.616
"[1.616, 1.617)",0.02921296917412587,1.617
"[1.617, 1.618)",0.025908824525,1.618
"[1.618, 1.619)",0.02879856234615384,1.619
"[1.619, 1.62)",0.03293314851219512,1.62
"[1.62, 1.621)",0.0299144589375,1.621
"[1.621, 1.622)",0.02755367094782609,1.622
"[1.622, 1.623)",0.0275398173789051,1.623
"[1.623, 1.624)",0.02107079113226668,1.624
"[1.624, 1.625)",0.038693246780281694,1.625
"[1.625, 1.6260000000000001)",0.03233921976646706,1.6260000000000001
"[1.6260000000000001, 1.627)",0.021952323564122144,1.627
"[1.627, 1.6280000000000001)",0.02946920089935899,1.6280000000000001
"[1.6280000000000001, 1.629)",0.022868381728750005,1.629
"[1.629, 1.6300000000000001)",0.02929606215855072,1.6300000000000001
"[1.6300000000000001, 1.631)",0.024898536141044786,1.631
"[1.631, 1.6320000000000001)",0.029974990146341467,1.6320000000000001
"[1.6320000000000001, 1.633)",0.04414347338267715,1.633
"[1.633, 1.6340000000000001)",0.042350503220168076,1.6340000000000001
"[1.6340000000000001, 1.635)",0.03306742209395974,1.635
"[1.635, 1.6360000000000001)",0.03129122366428572,1.6360000000000001
"[1.6360000000000001, 1.637)",0.022218016377611952,1.637
"[1.637, 1.6380000000000001)",0.0236221174323077,1.6380000000000001
"[1.6380000000000001, 1.639)",0.03125419462919706,1.639
"[1.639, 1.6400000000000001)",0.024851981914953265,1.6400000000000001
"[1.6400000000000001, 1.641)",0.02694098336807691,1.641
"[1.641, 1.6420000000000001)",0.03764266361240309,1.6420000000000001
"[1.6420000000000001, 1.643)",0.030504076715447165,1.643
"[1.643, 1.6440000000000001)",0.03502984133652174,1.6440000000000001
"[1.6440000000000001, 1.645)",0.03339096205158729,1.645
"[1.645, 1.6460000000000001)",0.04689862752991449,1.6460000000000001
"[1.6460000000000001, 1.647)",0.04644086968095236,1.647
"[1.647, 1.6480000000000001)",0.030452589864529922,1.6480000000000001
"[1.6480000000000001, 1.649)",0.025643594640000007,1.649
"[1.649, 1.6500000000000001)",0.026688334015037594,1.6500000000000001
"[1.6500000000000001, 1.651)",0.04658641384725807,1.651
"[1.651, 1.6520000000000001)",0.03269021807142858,1.6520000000000001
"[1.6520000000000001, 1.653)",0.04407680402521008,1.653
"[1.653, 1.6540000000000001)",0.029297352970138888,1.6540000000000001
"[1.6540000000000001, 1.655)",0.02497691628888889,1.655
"[1.655, 1.6560000000000001)",0.04739916657024792,1.6560000000000001
"[1.6560000000000001, 1.657)",0.028746103398305085,1.657
"[1.657, 1.6580000000000001)",0.03468807436956522,1.6580000000000001
"[1.6580000000000001, 1.659)",0.023097113217730503,1.659
"[1.659, 1.6600000000000001)",0.02531100274583335,1.6600000000000001
"[1.6600000000000001, 1.661)",0.04321355469354837,1.661
"[1.661, 1.6620000000000001)",0.04091112365285714,1.6620000000000001
"[1.6620000000000001, 1.663)",0.022893334690735304,1.663
"[1.663, 1.6640000000000001)",0.032996918965625,1.6640000000000001
"[1.6640000000000001, 1.665)",0.04450697768796296,1.665
"[1.665, 1.666)",0.0356537444137931,1.666
"[1.666, 1.667)",0.02725577762184875,1.667
"[1.667, 1.668)",0.03139264486709677,1.668
"[1.668, 1.669)",0.03212889349430894,1.669
"[1.669, 1.67)",0.03616189065263158,1.67
"[1.67, 1.671)",0.03573922376972478,1.671
"[1.671, 1.672)",0.02618856742649572,1.672
"[1.672, 1.673)",0.028590744673873868,1.673
"[1.673, 1.674)",0.02468792384513275,1.674
"[1.674, 1.675)",0.022497999198130846,1.675
"[1.675, 1.676)",0.04433231443730159,1.676
"[1.676, 1.677)",0.023969244855555558,1.677
"[1.677, 1.678)",0.03286070126000001,1.678
"[1.678, 1.679)",0.03788817320625001,1.679
"[1.679, 1.68)",0.02691834516808512,1.68
"[1.68, 1.681)",0.022440518918644063,1.681
"[1.681, 1.682)",0.04169657408461538,1.682
"[1.682, 1.683)",0.023041183113228354,1.683
"[1.683, 1.684)",0.04759937507169812,1.684
"[1.684, 1.685)",0.020457012389583328,1.685
"[1.685, 1.686)",0.041069440775572515,1.686
"[1.686, 1.687)",0.029856488527819556,1.687
"[1.687, 1.688)",0.0316525791888,1.688
"[1.688, 1.689)",0.023894061006923085,1.689
"[1.689, 1.69)",0.027122631618604665,1.69
"[1.69, 1.691)",0.022974145668750008,1.691
"[1.691, 1.692)",0.02803652454462811,1.692
"[1.692, 1.693)",0.030989521435772358,1.693
"[1.693, 1.694)",0.030560205090225567,1.694
"[1.694, 1.695)",0.02086507680882353,1.695
"[1.695, 1.696)",0.03127225724879999,1.696
"[1.696, 1.697)",0.04146074789473685,1.697
"[1.697, 1.698)",0.03422415676962963,1.698
"[1.698, 1.699)",0.04807329810900903,1.699
"[1.699, 1.7)",0.031523139438016524,1.7
"[1.7, 1.701)",0.03970550640781249,1.701
"[1.701, 1.702)",0.019821468001503764,1.702
"[1.702, 1.703)",0.03780443414166666,1.703
"[1.703, 1.704)",0.03145627825581396,1.704
"[1.704, 1.705)",0.04175970922678321,1.705
"[1.705, 1.706)",0.029592453539823,1.706
"[1.706, 1.707)",0.03458043196503496,1.707
"[1.707, 1.708)",0.04922685365362319,1.708
"[1.708, 1.709)",0.027704816892857163,1.709
"[1.709, 1.71)",0.026538585366964303,1.71
"[1.71, 1.711)",0.032230180433606564,1.711
"[1.711, 1.712)",0.024541287664233594,1.712
"[1.712, 1.713)",0.03208313876837606,1.713
"[1.713, 1.714)",0.03071137992377049,1.714
"[1.714, 1.715)",0.02302383299710146,1.715
"[1.715, 1.716)",0.03830495208661417,1.716
"[1.716, 1.717)",0.026699512572656247,1.717
"[1.717, 1.718)",0.045443221811428576,1.718
"[1.718, 1.719)",0.029402083669172942,1.719
"[1.719, 1.72)",0.0343184942088889,1.72
"[1.72, 1.721)",0.025915694343283575,1.721
"[1.721, 1.722)",0.03387512672460317,1.722
"[1.722, 1.723)",0.029066702197727282,1.723
"[1.723, 1.724)",0.03666118326717557,1.724
"[1.724, 1.725)",0.031830994162903206,1.725
"[1.725, 1.726)",0.027286072121428567,1.726
"[1.726, 1.727)",0.04922804406711408,1.727
"[1.727, 1.728)",0.03965659675172412,1.728
"[1.728, 1.729)",0.03237813057638889,1.729
"[1.729, 1.73)",0.03752774663865546,1.73
"[1.73, 1.731)",0.037844185374015724,1.731
"[1.731, 1.732)",0.031995028378125005,1.732
"[1.732, 1.733)",0.028396000345070418,1.733
"[1.733, 1.734)",0.04145632098130083,1.734
"[1.734, 1.735)",0.03431651768613138,1.735
"[1.735, 1.736)",0.02537624258421429,1.736
"[1.736, 1.737)",0.06313463091643844,1.737
"[1.737, 1.738)",0.048800252490967755,1.738
"[1.738, 1.739)",0.023249323454545452,1.739
"[1.739, 1.74)",0.022482343036363647,1.74
"[1.74, 1.741)",0.02235505299721805,1.741
"[1.741, 1.742)",0.02850912891818182,1.742
"[1.742, 1.743)",0.030717432783050832,1.743
"[1.743, 1.744)",0.02914009438846154,1.744
"[1.744, 1.745)",0.04204204953448273,1.745
"[1.745, 1.746)",0.03219975363945578,1.746
"[1.746, 1.747)",0.03744578699999999,1.747
"[1.747, 1.748)",0.042106516243902464,1.748
"[1.748, 1.749)",0.020075600936697253,1.749
"[1.749, 1.75)",0.028383223351456318,1.75
"[1.75, 1.7510000000000001)",0.03717253898790321,1.7510000000000001
"[1.7510000000000001, 1.752)",0.026264609647540987,1.752
"[1.752, 1.7530000000000001)",0.024713535561983475,1.7530000000000001
"[1.7530000000000001, 1.754)",0.050397699054661634,1.754
"[1.754, 1.7550000000000001)",0.02326897126372551,1.7550000000000001
"[1.7550000000000001, 1.756)",0.027124519830252096,1.756
"[1.756, 1.7570000000000001)",0.022689635076923086,1.7570000000000001
"[1.7570000000000001, 1.758)",0.029561597918399986,1.758
"[1.758, 1.7590000000000001)",0.028472007301785705,1.7590000000000001
"[1.7590000000000001, 1.76)",0.02444221346967214,1.76
"[1.76, 1.7610000000000001)",0.0458701226909091,1.7610000000000001
"[1.7610000000000001, 1.762)",0.03944441303524591,1.762
"[1.762, 1.7630000000000001)",0.02721225227946428,1.7630000000000001
"[1.7630000000000001, 1.764)",0.04061755493283582,1.764
"[1.764, 1.7650000000000001)",0.021639941963660723,1.7650000000000001
"[1.7650000000000001, 1.766)",0.016664853319548877,1.766
"[1.766, 1.7670000000000001)",0.03817069017238095,1.7670000000000001
"[1.7670000000000001, 1.768)",0.030597846671052642,1.768
"[1.768, 1.7690000000000001)",0.02858547568800001,1.7690000000000001
"[1.7690000000000001, 1.77)",0.028370209377179493,1.77
"[1.77, 1.7710000000000001)",0.03529001279166667,1.7710000000000001
"[1.7710000000000001, 1.772)",0.03078021504716983,1.772
"[1.772, 1.7730000000000001)",0.024529408218260874,1.7730000000000001
"[1.7730000000000001, 1.774)",0.036061412892562004,1.774
"[1.774, 1.7750000000000001)",0.034150399094017105,1.7750000000000001
"[1.7750000000000001, 1.776)",0.040180073580152666,1.776
"[1.776, 1.7770000000000001)",0.03878489581039998,1.7770000000000001
"[1.7770000000000001, 1.778)",0.040195928748872185,1.778
"[1.778, 1.7790000000000001)",0.04090147206532258,1.7790000000000001
"[1.7790000000000001, 1.78)",0.030235238240506335,1.78
"[1.78, 1.7810000000000001)",0.0340631912651852,1.7810000000000001
"[1.7810000000000001, 1.782)",0.039801752753076944,1.782
"[1.782, 1.7830000000000001)",0.02866533798580246,1.7830000000000001
"[1.7830000000000001, 1.784)",0.03401122563178295,1.784
"[1.784, 1.7850000000000001)",0.02595748610974027,1.7850000000000001
"[1.7850000000000001, 1.786)",0.043143419911971806,1.786
"[1.786, 1.7870000000000001)",0.026294107387517255,1.7870000000000001
"[1.7870000000000001, 1.788)",0.030000572032413783,1.788
"[1.788, 1.7890000000000001)",0.042501634352,1.7890000000000001
"[1.7890000000000001, 1.79)",0.037856832995683445,1.79
"[1.79, 1.7910000000000001)",0.03490967204093569,1.7910000000000001
"[1.7910000000000001, 1.792)",0.02951532594014087,1.792
"[1.792, 1.793)",0.047708024820000014,1.793
"[1.793, 1.794)",0.036924132285714284,1.794
"[1.794, 1.795)",0.04997892547837838,1.795
"[1.795, 1.796)",0.018240365292561993,1.796
"[1.796, 1.797)",0.04313199931640624,1.797
"[1.797, 1.798)",0.041779514528608654,1.798
"[1.798, 1.799)",0.04575186436694214,1.799
"[1.799, 1.8)",0.04316018240983608,1.8
"[1.8, 1.801)",0.038620799002238825,1.801
"[1.801, 1.802)",0.02995886101059322,1.802
"[1.802, 1.803)",0.03216194779700001,1.803
"[1.803, 1.804)",0.029157230139999997,1.804
"[1.804, 1.805)",0.024265639683333347,1.805
"[1.805, 1.806)",0.024163338828368807,1.806
"[1.806, 1.807)",0.04434906481851848,1.807
"[1.807, 1.808)",0.038035925413492065,1.808
"[1.808, 1.809)",0.03471573503680555,1.809
"[1.809, 1.81)",0.030398147762162174,1.81
"[1.81, 1.811)",0.021984875020805383,1.811
"[1.811, 1.812)",0.037280110456692904,1.812
"[1.812, 1.813)",0.038658698159090905,1.813
"[1.813, 1.814)",0.030935733134710743,1.814
"[1.814, 1.815)",0.029479842459872604,1.815
"[1.815, 1.816)",0.02852578833928573,1.816
"[1.816, 1.817)",0.03556843983123969,1.817
"[1.817, 1.818)",0.02423870076964286,1.818
"[1.818, 1.819)",0.03562754656393442,1.819
"[1.819, 1.82)",0.03166947340175438,1.82
"[1.82, 1.821)",0.03454364274867257,1.821
"[1.821, 1.822)",0.026495419082500006,1.822
"[1.822, 1.823)",0.0375711598310606,1.823
"[1.823, 1.824)",0.03976099457363637,1.824
"[1.824, 1.825)",0.03310171772109376,1.825
"[1.825, 1.826)",0.03616748908512396,1.826
"[1.826, 1.827)",0.040092252499999974,1.827
"[1.827, 1.828)",0.023391655714285718,1.828
"[1.828, 1.829)",0.03571441260264958,1.829
"[1.829, 1.83)",0.03956058469813083,1.83
"[1.83, 1.831)",0.032241572182937085,1.831
"[1.831, 1.832)",0.025075995738518528,1.832
"[1.832, 1.833)",0.030688616699029125,1.833
"[1.833, 1.834)",0.025675925225233646,1.834
"[1.834, 1.835)",0.03463398767199998,1.835
"[1.835, 1.836)",0.028218721232758617,1.836
"[1.836, 1.837)",0.04419180228584904,1.837
"[1.837, 1.838)",0.038625332262698424,1.838
"[1.838, 1.839)",0.023384702329670326,1.839
"[1.839, 1.84)",0.039098416565714306,1.84
"[1.84, 1.841)",0.02034343686030535,1.841
"[1.841, 1.842)",0.03382245816504067,1.842
"[1.842, 1.843)",0.038491848071559635,1.843
"[1.843, 1.844)",0.0388467951764706,1.844
"[1.844, 1.845)",0.04257623098249999,1.845
"[1.845, 1.846)",0.03226318700303031,1.846
"[1.846, 1.847)",0.030284678680672274,1.847
"[1.847, 1.848)",0.01976173863978495,1.848
"[1.848, 1.849)",0.030648794757798182,1.849
"[1.849, 1.85)",0.029395983887179497,1.85
"[1.85, 1.851)",0.028454350013385844,1.851
"[1.851, 1.852)",0.023458891776923087,1.852
"[1.852, 1.853)",0.033115487607843136,1.853
"[1.853, 1.854)",0.02575465980530974,1.854
"[1.854, 1.855)",0.03197687007832168,1.855
"[1.855, 1.856)",0.02729710291150442,1.856
"[1.856, 1.857)",0.02510230761830987,1.857
"[1.857, 1.858)",0.03943675920892857,1.858
"[1.858, 1.859)",0.026777861643689334,1.859
"[1.859, 1.86)",0.042863700630909086,1.86
"[1.86, 1.861)",0.02940107254237289,1.861
"[1.861, 1.862)",0.03875032404637685,1.862
"[1.862, 1.863)",0.054609571807017525,1.863
"[1.863, 1.864)",0.02886943580172414,1.864
"[1.864, 1.865)",0.03068462551100919,1.865
"[1.865, 1.866)",0.03805590329203538,1.866
"[1.866, 1.867)",0.03806925648476191,1.867
"[1.867, 1.868)",0.02396103241176471,1.868
"[1.868, 1.869)",0.035554756090322576,1.869
"[1.869, 1.87)",0.04292850407652174,1.87
"[1.87, 1.871)",0.04286573117627116,1.871
"[1.871, 1.872)",0.03265585820173913,1.872
"[1.872, 1.873)",0.033911926281666664,1.873
"[1.873, 1.874)",0.029749018157894734,1.874
"[1.874, 1.875)",0.021591404253719023,1.875
"[1.875, 1.8760000000000001)",0.02382272973529413,1.8760000000000001
"[1.8760000000000001, 1.877)",0.03591140946341462,1.877
"[1.877, 1.8780000000000001)",0.03998432134924241,1.8780000000000001
"[1.8780000000000001, 1.879)",0.033924625199999996,1.879
"[1.879, 1.8800000000000001)",0.03975000272857141,1.8800000000000001
"[1.8800000000000001, 1.881)",0.04883120005555554,1.881
"[1.881, 1.8820000000000001)",0.029973242474833333,1.8820000000000001
"[1.8820000000000001, 1.883)",0.026026523957279418,1.883
"[1.883, 1.8840000000000001)",0.03064038127364343,1.8840000000000001
"[1.8840000000000001, 1.885)",0.030910726871428578,1.885
"[1.885, 1.8860000000000001)",0.0209520474946565,1.8860000000000001
"[1.8860000000000001, 1.887)",0.04598815158068964,1.887
"[1.887, 1.8880000000000001)",0.04575947635298505,1.8880000000000001
"[1.8880000000000001, 1.889)",0.0363155404698413,1.889
"[1.889, 1.8900000000000001)",0.06403351097810214,1.8900000000000001
"[1.8900000000000001, 1.891)",0.06071111882867132,1.891
"[1.891, 1.8920000000000001)",0.028245862619826107,1.8920000000000001
"[1.8920000000000001, 1.893)",0.043740730242975194,1.893
"[1.893, 1.8940000000000001)",0.027930131264035086,1.8940000000000001
"[1.8940000000000001, 1.895)",0.03569029176724138,1.895
"[1.895, 1.8960000000000001)",0.025017967907758613,1.8960000000000001
"[1.8960000000000001, 1.897)",0.024588525671551724,1.897
"[1.897, 1.8980000000000001)",0.045270190398058255,1.8980000000000001
"[1.8980000000000001, 1.899)",0.034888035945714296,1.899
"[1.899, 1.9000000000000001)",0.033201276914529926,1.9000000000000001
"[1.9000000000000001, 1.901)",0.01944700275409837,1.901
"[1.901, 1.9020000000000001)",0.024850402155172417,1.9020000000000001
"[1.9020000000000001, 1.903)",0.029928643598290606,1.903
"[1.903, 1.9040000000000001)",0.019927269616949156,1.9040000000000001
"[1.9040000000000001, 1.905)",0.018912980554455467,1.905
"[1.905, 1.9060000000000001)",0.02493363971379311,1.9060000000000001
"[1.9060000000000001, 1.907)",0.03304342536551724,1.907
"[1.907, 1.9080000000000001)",0.028350577428205133,1.9080000000000001
"[1.9080000000000001, 1.909)",0.020967091092660557,1.909
"[1.909, 1.9100000000000001)",0.03097878748648649,1.9100000000000001
"[1.9100000000000001, 1.911)",0.042168407155263155,1.911
"[1.911, 1.9120000000000001)",0.030233106894252886,1.9120000000000001
"[1.9120000000000001, 1.913)",0.04389944911417911,1.913
"[1.913, 1.9140000000000001)",0.02087605146698114,1.9140000000000001
"[1.9140000000000001, 1.915)",0.03437705592446809,1.915
"[1.915, 1.9160000000000001)",0.029961457799999994,1.9160000000000001
"[1.9160000000000001, 1.917)",0.03470409316494845,1.917
"[1.917, 1.9180000000000001)",0.029039269665950426,1.9180000000000001
"[1.9180000000000001, 1.919)",0.028694992961682243,1.919
"[1.919, 1.92)",0.02949223659325843,1.92
"[1.92, 1.921)",0.01949402665102041,1.921
"[1.921, 1.922)",0.024251097865656553,1.922
"[1.922, 1.923)",0.033294292646464635,1.923
"[1.923, 1.924)",0.046805749868317745,1.924
"[1.924, 1.925)",0.034620876012820524,1.925
"[1.925, 1.926)",0.03424896160749999,1.926
"[1.926, 1.927)",0.02123011170967742,1.927
"[1.927, 1.928)",0.04039339130752688,1.928
"[1.928, 1.929)",0.026089061441666672,1.929
"[1.929, 1.93)",0.025694833726415102,1.93
"[1.93, 1.931)",0.022045850991304353,1.931
"[1.931, 1.932)",0.02039614080681819,1.932
"[1.932, 1.933)",0.04138352178728261,1.933
"[1.933, 1.934)",0.03351461852727273,1.934
"[1.934, 1.935)",0.03541237142075472,1.935
"[1.935, 1.936)",0.020015547156122457,1.936
"[1.936, 1.937)",0.01715659879300001,1.937
"[1.937, 1.938)",0.01934001816483517,1.938
"[1.938, 1.939)",0.026807492467676785,1.939
"[1.939, 1.94)",0.03292533881707318,1.94
"[1.94, 1.941)",0.020892853867307697,1.941
"[1.941, 1.942)",0.04039087877528089,1.942
"[1.942, 1.943)",0.04521364684883722,1.943
"[1.943, 1.944)",0.03272203772093023,1.944
"[1.944, 1.945)",0.021083714492941184,1.945
"[1.945, 1.946)",0.026791548065048545,1.946
"[1.946, 1.947)",0.045158923400000016,1.947
"[1.947, 1.948)",0.021951885650602413,1.948
"[1.948, 1.949)",0.028896658511538477,1.949
"[1.949, 1.95)",0.013552902475581392,1.95
"[1.95, 1.951)",0.03770428894096385,1.951
"[1.951, 1.952)",0.015462546842696637,1.952
"[1.952, 1.953)",0.04749524083373493,1.953
"[1.953, 1.954)",0.033613507278873245,1.954
"[1.954, 1.955)",0.04031973872250001,1.955
"[1.955, 1.956)",0.02596251704137932,1.956
"[1.956, 1.957)",0.04308157221839083,1.957
"[1.957, 1.958)",0.038396172459405936,1.958
"[1.958, 1.959)",0.04607315525000001,1.959
"[1.959, 1.96)",0.04322004420128206,1.96
"[1.96, 1.961)",0.023367573496875002,1.961
"[1.961, 1.962)",0.02675614062967033,1.962
"[1.962, 1.963)",0.04116515607079643,1.963
"[1.963, 1.964)",0.054205673686746954,1.964
"[1.964, 1.965)",0.03608044326923076,1.965
"[1.965, 1.966)",0.03650012711025642,1.966
"[1.966, 1.967)",0.032495391455208335,1.967
"[1.967, 1.968)",0.02406717435416668,1.968
"[1.968, 1.969)",0.025219062109090928,1.969
"[1.969, 1.97)",0.019271133259756098,1.97
"[1.97, 1.971)",0.035143387616049404,1.971
"[1.971, 1.972)",0.02412924937254902,1.972
"[1.972, 1.973)",0.03483164831764707,1.973
"[1.973, 1.974)",0.03642131249436621,1.974
"[1.974, 1.975)",0.024474403620238096,1.975
"[1.975, 1.976)",0.03934188624719102,1.976
"[1.976, 1.977)",0.02521022967391305,1.977
"[1.977, 1.978)",0.0354146531734694,1.978
"[1.978, 1.979)",0.023489164146708867,1.979
"[1.979, 1.98)",0.028139042877659576,1.98
"[1.98, 1.981)",0.06392894015909088,1.981
"[1.981, 1.982)",0.02722817498932038,1.982
"[1.982, 1.983)",0.040434628305263155,1.983
"[1.983, 1.984)",0.029456317806818202,1.984
"[1.984, 1.985)",0.07121033350624996,1.985
"[1.985, 1.986)",0.024585049588043483,1.986
"[1.986, 1.987)",0.038948524908163265,1.987
"[1.987, 1.988)",0.036357638048888904,1.988
"[1.988, 1.989)",0.0204284075780899,1.989
"[1.989, 1.99)",0.019176795878651696,1.99
"[1.99, 1.991)",0.012979408467777774,1.991
"[1.991, 1.992)",0.03391417872298852,1.992
"[1.992, 1.993)",0.03224348059240507,1.993
"[1.993, 1.994)",0.018776072485263164,1.994
"[1.994, 1.995)",0.038815069274875005,1.995
"[1.995, 1.996)",0.0436789937244898,1.996
"[1.996, 1.997)",0.03265062503666666,1.997
"[1.997, 1.998)",0.01823877603619048,1.998
"[1.998, 1.999)",0.026224051918918922,1.999
"[1.999, 2.0)",0.039537713027790695,2.0
"[2.0, 2.001)",0.020258800311827967,2.001
"[2.001, 2.0020000000000002)",0.015065751228205127,2.0020000000000002
"[2.0020000000000002, 2.003)",0.021819868791208813,2.003
"[2.003, 2.004)",0.03771555494842106,2.004
"[2.004, 2.005)",0.02880278786363637,2.005
"[2.005, 2.0060000000000002)",0.02338871205130954,2.0060000000000002
"[2.0060000000000002, 2.007)",0.03356349528865979,2.007
"[2.007, 2.008)",0.024866811309090908,2.008
"[2.008, 2.009)",0.037769722777173914,2.009
"[2.009, 2.0100000000000002)",0.01647397611666667,2.0100000000000002
"[2.0100000000000002, 2.011)",0.02629149408641975,2.011
"[2.011, 2.012)",0.02918372747777779,2.012
"[2.012, 2.013)",0.05044074943902441,2.013
"[2.013, 2.0140000000000002)",0.028238859974025983,2.0140000000000002
"[2.0140000000000002, 2.015)",0.01854039971000001,2.015
"[2.015, 2.016)",0.029719693876842104,2.016
"[2.016, 2.017)",0.036061516953488366,2.017
"[2.017, 2.0180000000000002)",0.04263387352325582,2.0180000000000002
"[2.0180000000000002, 2.019)",0.03977974138144329,2.019
"[2.019, 2.02)",0.022043046838095232,2.02
"[2.02, 2.021)",0.024647869752577326,2.021
"[2.021, 2.0220000000000002)",0.02770603232400001,2.0220000000000002
"[2.0220000000000002, 2.023)",0.03132897455421687,2.023
"[2.023, 2.024)",0.037853729136,2.024
"[2.024, 2.025)",0.02937072046203704,2.025
"[2.025, 2.0260000000000002)",0.023669075322916677,2.0260000000000002
"[2.0260000000000002, 2.027)",0.03812922385922329,2.027
"[2.027, 2.028)",0.040958130379999985,2.028
"[2.028, 2.029)",0.028050836790291266,2.029
"[2.029, 2.0300000000000002)",0.025304951060869583,2.0300000000000002
"[2.0300000000000002, 2.031)",0.037851723170454536,2.031
"[2.031, 2.032)",0.03434745736538462,2.032
"[2.032, 2.033)",0.035456401341935485,2.033
"[2.033, 2.0340000000000003)",0.02100694399038462,2.0340000000000003
"[2.0340000000000003, 2.035)",0.02218153628532111,2.035
"[2.035, 2.036)",0.03668455127495238,2.036
"[2.036, 2.037)",0.028684949104123694,2.037
"[2.037, 2.0380000000000003)",0.023256439551685396,2.0380000000000003
"[2.0380000000000003, 2.039)",0.028835079983050863,2.039
"[2.039, 2.04)",0.021329278178409097,2.04
"[2.04, 2.041)",0.033394054498688513,2.041
"[2.041, 2.0420000000000003)",0.03575107356904762,2.0420000000000003
"[2.0420000000000003, 2.043)",0.02963392769133858,2.043
"[2.043, 2.044)",0.030426594837837835,2.044
"[2.044, 2.045)",0.033035482138113206,2.045
"[2.045, 2.0460000000000003)",0.028220446493913042,2.0460000000000003
"[2.0460000000000003, 2.047)",0.026290043479629637,2.047
"[2.047, 2.048)",0.022587085831683167,2.048
"[2.048, 2.049)",0.026942614353448274,2.049
"[2.049, 2.05)",0.03724865589090909,2.05
"[2.05, 2.051)",0.030026263947474735,2.051
"[2.051, 2.052)",0.025271544833333343,2.052
"[2.052, 2.053)",0.030981845617647056,2.053
"[2.053, 2.054)",0.022247707377551024,2.054
"[2.054, 2.055)",0.03810013996634616,2.055
"[2.055, 2.056)",0.013890033291111107,2.056
"[2.056, 2.057)",0.025006906272717403,2.057
"[2.057, 2.058)",0.03624375709890111,2.058
"[2.058, 2.059)",0.03149222122340427,2.059
"[2.059, 2.06)",0.056003146157407396,2.06
"[2.06, 2.061)",0.04155009237981651,2.061
"[2.061, 2.062)",0.028029800627450977,2.062
"[2.062, 2.063)",0.02595733101730769,2.063
"[2.063, 2.064)",0.018134370295918384,2.064
"[2.064, 2.065)",0.036217918509782614,2.065
"[2.065, 2.066)",0.03976012640795455,2.066
"[2.066, 2.067)",0.027756612670212778,2.067
"[2.067, 2.068)",0.03508352578021979,2.068
"[2.068, 2.069)",0.04299028862978723,2.069
"[2.069, 2.07)",0.029593042932830188,2.07
"[2.07, 2.071)",0.0416649464883721,2.071
"[2.071, 2.072)",0.04874790567368422,2.072
"[2.072, 2.073)",0.03463353615053763,2.073
"[2.073, 2.074)",0.02484050554945055,2.074
"[2.074, 2.075)",0.029897899515463917,2.075
"[2.075, 2.076)",0.02392216489999999,2.076
"[2.076, 2.077)",0.03905271599029127,2.077
"[2.077, 2.078)",0.044251559927927946,2.078
"[2.078, 2.079)",0.04465593848936171,2.079
"[2.079, 2.08)",0.042895477375,2.08
"[2.08, 2.081)",0.03953069061702129,2.081
"[2.081, 2.082)",0.03795418215217393,2.082
"[2.082, 2.083)",0.026510586369696974,2.083
"[2.083, 2.084)",0.035880564818095255,2.084
"[2.084, 2.085)",0.02772693844897959,2.085
"[2.085, 2.086)",0.057046804962499996,2.086
"[2.086, 2.087)",0.04816410435142858,2.087
"[2.087, 2.088)",0.05260026114634144,2.088
"[2.088, 2.089)",0.035976224147619064,2.089
"[2.089, 2.09)",0.01654468108628866,2.09
"[2.09, 2.091)",0.026801875189189195,2.091
"[2.091, 2.092)",0.025198088924731184,2.092
"[2.092, 2.093)",0.029501670020408176,2.093
"[2.093, 2.094)",0.038177706812323235,2.094
"[2.094, 2.095)",0.029703405553846148,2.095
"[2.095, 2.096)",0.055102556226136336,2.096
"[2.096, 2.097)",0.02884644564903847,2.097
"[2.097, 2.098)",0.03127023081609195,2.098
"[2.098, 2.099)",0.025546098082647076,2.099
"[2.099, 2.1)",0.01744286934725275,2.1
"[2.1, 2.101)",0.03761646660416668,2.101
"[2.101, 2.102)",0.030698155930693076,2.102
"[2.102, 2.103)",0.04682365070088495,2.103
"[2.103, 2.104)",0.03859507471111112,2.104
"[2.104, 2.105)",0.05338339435544552,2.105
"[2.105, 2.106)",0.037115428673469404,2.106
"[2.106, 2.107)",0.03209108003061226,2.107
"[2.107, 2.108)",0.05434440383457947,2.108
"[2.108, 2.109)",0.02105437546263737,2.109
"[2.109, 2.11)",0.030543331034090924,2.11
"[2.11, 2.111)",0.03659318635555557,2.111
"[2.111, 2.112)",0.016515203365178584,2.112
"[2.112, 2.113)",0.03279095172626262,2.113
"[2.113, 2.114)",0.05054223114814814,2.114
"[2.114, 2.115)",0.023911016204545468,2.115
"[2.115, 2.116)",0.02598238984821429,2.116
"[2.116, 2.117)",0.02558999981368422,2.117
"[2.117, 2.118)",0.044223981711340205,2.118
"[2.118, 2.119)",0.04269310610891089,2.119
"[2.119, 2.12)",0.029036743266666682,2.12
"[2.12, 2.121)",0.0358764203409524,2.121
"[2.121, 2.122)",0.024697139230107534,2.122
"[2.122, 2.123)",0.026762053402830194,2.123
"[2.123, 2.124)",0.023105060204622645,2.124
"[2.124, 2.125)",0.05168057601030926,2.125
"[2.125, 2.126)",0.04895886888505747,2.126
"[2.126, 2.1270000000000002)",0.031112374949367107,2.1270000000000002
"[2.1270000000000002, 2.128)",0.03476499646987954,2.128
"[2.128, 2.129)",0.0256869218214286,2.129
"[2.129, 2.13)",0.035277658083333316,2.13
"[2.13, 2.1310000000000002)",0.03238279541298702,2.1310000000000002
"[2.1310000000000002, 2.132)",0.03453279510917431,2.132
"[2.132, 2.133)",0.03407513544033613,2.133
"[2.133, 2.134)",0.0635401275669903,2.134
"[2.134, 2.1350000000000002)",0.03343685494318183,2.1350000000000002
"[2.1350000000000002, 2.136)",0.031296129961538466,2.136
"[2.136, 2.137)",0.024317135849350663,2.137
"[2.137, 2.138)",0.03942596336065574,2.138
"[2.138, 2.1390000000000002)",0.038430137762500025,2.1390000000000002
"[2.1390000000000002, 2.14)",0.027948380827160512,2.14
"[2.14, 2.141)",0.054159304322727246,2.141
"[2.141, 2.142)",0.03537614613488371,2.142
"[2.142, 2.1430000000000002)",0.04024216808421052,2.1430000000000002
"[2.1430000000000002, 2.144)",0.024185997857142875,2.144
"[2.144, 2.145)",0.08235733677954542,2.145
"[2.145, 2.146)",0.05837368881802327,2.146
"[2.146, 2.1470000000000002)",0.03453420575952382,2.1470000000000002
"[2.1470000000000002, 2.148)",0.022775402397727292,2.148
"[2.148, 2.149)",0.039628930425000014,2.149
"[2.149, 2.15)",0.04844766436395347,2.15
"[2.15, 2.1510000000000002)",0.03776573584012985,2.1510000000000002
"[2.1510000000000002, 2.152)",0.021453393492753627,2.152
"[2.152, 2.153)",0.04103381170833334,2.153
"[2.153, 2.154)",0.03384185512857144,2.154
"[2.154, 2.1550000000000002)",0.050010282959999985,2.1550000000000002
"[2.1550000000000002, 2.156)",0.025348375111590916,2.156
"[2.156, 2.157)",0.021602003633802824,2.157
"[2.157, 2.158)",0.04339059117972975,2.158
"[2.158, 2.1590000000000003)",0.021917090014705886,2.1590000000000003
"[2.1590000000000003, 2.16)",0.046642254263888884,2.16
"[2.16, 2.161)",0.030648093486842106,2.161
"[2.161, 2.162)",0.04312799894117646,2.162
"[2.162, 2.1630000000000003)",0.027630612870967745,2.1630000000000003
"[2.1630000000000003, 2.164)",0.032424279147682915,2.164
"[2.164, 2.165)",0.027007908101265823,2.165
"[2.165, 2.166)",0.03187574330625001,2.166
"[2.166, 2.1670000000000003)",0.03767656309411765,2.1670000000000003
"[2.1670000000000003, 2.168)",0.036574151170212774,2.168
"[2.168, 2.169)",0.0227723559875,2.169
"[2.169, 2.17)",0.04738817341084336,2.17
"[2.17, 2.1710000000000003)",0.030193980512765957,2.1710000000000003
"[2.1710000000000003, 2.172)",0.01992441859135804,2.172
"[2.172, 2.173)",0.05700016683444444,2.173
"[2.173, 2.174)",0.07243305968604652,2.174
"[2.174, 2.1750000000000003)",0.038688416052499994,2.1750000000000003
"[2.1750000000000003, 2.176)",0.022185836825581402,2.176
"[2.176, 2.177)",0.03919063449438204,2.177
"[2.177, 2.178)",0.035355178981000004,2.178
"[2.178, 2.179)",0.0325603371278481,2.179
"[2.179, 2.18)",0.05603062462200001,2.18
"[2.18, 2.181)",0.06306376375641026,2.181
"[2.181, 2.182)",0.02932293140105265,2.182
"[2.182, 2.183)",0.02079121162222225,2.183
"[2.183, 2.184)",0.051525041875000004,2.184
"[2.184, 2.185)",0.036857764946027397,2.185
"[2.185, 2.186)",0.02624175598039216,2.186
"[2.186, 2.187)",0.053319111819148904,2.187
"[2.187, 2.188)",0.03304978748588235,2.188
"[2.188, 2.189)",0.03012243330769231,2.189
"[2.189, 2.19)",0.024498013730666676,2.19
"[2.19, 2.191)",0.037442035698,2.191
"[2.191, 2.192)",0.027898318900000024,2.192
"[2.192, 2.193)",0.04301731939743587,2.193
"[2.193, 2.194)",0.02916947075632184,2.194
"[2.194, 2.195)",0.04708133850515466,2.195
"[2.195, 2.196)",0.054447601723287664,2.196
"[2.196, 2.197)",0.025103417480000004,2.197
"[2.197, 2.198)",0.04712159354395605,2.198
"[2.198, 2.199)",0.031449523461702114,2.199
"[2.199, 2.2)",0.04857197051282051,2.2
"[2.2, 2.201)",0.04089526510666667,2.201
"[2.201, 2.202)",0.04344350632771084,2.202
"[2.202, 2.203)",0.02299217527600001,2.203
"[2.203, 2.204)",0.028603374712676075,2.204
"[2.204, 2.205)",0.045656394090909075,2.205
"[2.205, 2.206)",0.027835190208333343,2.206
"[2.206, 2.207)",0.04081542569014084,2.207
"[2.207, 2.208)",0.024409930260000007,2.208
"[2.208, 2.209)",0.031730372936708856,2.209
"[2.209, 2.21)",0.022234859363768116,2.21
"[2.21, 2.211)",0.037258889155172406,2.211
"[2.211, 2.212)",0.028876570251190486,2.212
"[2.212, 2.213)",0.06756756575609753,2.213
"[2.213, 2.214)",0.04354939774074072,2.214
"[2.214, 2.215)",0.038083417807692324,2.215
"[2.215, 2.216)",0.02313330567307692,2.216
"[2.216, 2.217)",0.03535083769305555,2.217
"[2.217, 2.218)",0.039637744421875,2.218
"[2.218, 2.219)",0.027564704562500025,2.219
"[2.219, 2.22)",0.017538500668253968,2.22
"[2.22, 2.221)",0.038035835966666674,2.221
"[2.221, 2.222)",0.05005820877869564,2.222
"[2.222, 2.223)",0.04087808238554217,2.223
"[2.223, 2.224)",0.06302867686625,2.224
"[2.224, 2.225)",0.025538025822580662,2.225
"[2.225, 2.226)",0.04236414821052631,2.226
"[2.226, 2.227)",0.03783694847222223,2.227
"[2.227, 2.228)",0.04508641033783785,2.228
"[2.228, 2.229)",0.026621737115853663,2.229
"[2.229, 2.23)",0.033555855838461546,2.23
"[2.23, 2.231)",0.029673650239473694,2.231
"[2.231, 2.232)",0.029976840552631584,2.232
"[2.232, 2.233)",0.032236496165753435,2.233
"[2.233, 2.234)",0.02039355957142858,2.234
"[2.234, 2.235)",0.013908648607017548,2.235
"[2.235, 2.236)",0.039876862757575744,2.236
"[2.236, 2.237)",0.03526644274393939,2.237
"[2.237, 2.238)",0.049457333092187486,2.238
"[2.238, 2.239)",0.03411298616363636,2.239
"[2.239, 2.24)",0.025753319071428582,2.24
"[2.24, 2.241)",0.0303449136647059,2.241
"[2.241, 2.242)",0.0416810650483871,2.242
"[2.242, 2.243)",0.024440836859444447,2.243
"[2.243, 2.244)",0.0282340047202381,2.244
"[2.244, 2.245)",0.0411406720768116,2.245
"[2.245, 2.246)",0.019467252547945214,2.246
"[2.246, 2.247)",0.022602807850000003,2.247
"[2.247, 2.248)",0.031087737081081073,2.248
"[2.248, 2.249)",0.02389650718518518,2.249
"[2.249, 2.25)",0.026643644405952387,2.25
"[2.25, 2.251)",0.024357795661016958,2.251
"[2.251, 2.2520000000000002)",0.027178917245833333,2.2520000000000002
"[2.2520000000000002, 2.253)",0.04114608392105262,2.253
"[2.253, 2.254)",0.04997934591780822,2.254
"[2.254, 2.255)",0.02936810766666667,2.255
"[2.255, 2.2560000000000002)",0.03162036712987014,2.2560000000000002
"[2.2560000000000002, 2.257)",0.041507668917647074,2.257
"[2.257, 2.258)",0.054178530305555556,2.258
"[2.258, 2.259)",0.01889604765362319,2.259
"[2.259, 2.2600000000000002)",0.026506303679487166,2.2600000000000002
"[2.2600000000000002, 2.261)",0.022874047312676067,2.261
"[2.261, 2.262)",0.019800572093670882,2.262
"[2.262, 2.263)",0.02224966443243243,2.263
"[2.263, 2.2640000000000002)",0.02270758491348316,2.2640000000000002
"[2.2640000000000002, 2.265)",0.04299908757922077,2.265
"[2.265, 2.266)",0.04666897761363636,2.266
"[2.266, 2.267)",0.019167853351351353,2.267
"[2.267, 2.2680000000000002)",0.01966942809884058,2.2680000000000002
"[2.2680000000000002, 2.269)",0.03653030122058825,2.269
"[2.269, 2.27)",0.025830067451315813,2.27
"[2.27, 2.271)",0.03131632482613636,2.271
"[2.271, 2.2720000000000002)",0.038481607674025975,2.2720000000000002
"[2.2720000000000002, 2.273)",0.022190608861797755,2.273
"[2.273, 2.274)",0.023024758662162168,2.274
"[2.274, 2.275)",0.0418507808372093,2.275
"[2.275, 2.2760000000000002)",0.04955998503452382,2.2760000000000002
"[2.2760000000000002, 2.277)",0.03336987957321429,2.277
"[2.277, 2.278)",0.04100784869142858,2.278
"[2.278, 2.279)",0.019897760231884058,2.279
"[2.279, 2.2800000000000002)",0.03242514916923078,2.2800000000000002
"[2.2800000000000002, 2.281)",0.026687654132467542,2.281
"[2.281, 2.282)",0.04164607929178084,2.282
"[2.282, 2.283)",0.02393114298656717,2.283
"[2.283, 2.2840000000000003)",0.027338713675949377,2.2840000000000003
"[2.2840000000000003, 2.285)",0.03807672292962025,2.285
"[2.285, 2.286)",0.034972971820000004,2.286
"[2.286, 2.287)",0.03774505862500001,2.287
"[2.287, 2.2880000000000003)",0.015328737087142847,2.2880000000000003
"[2.2880000000000003, 2.289)",0.0423449084769231,2.289
"[2.289, 2.29)",0.024817411804545456,2.29
"[2.29, 2.291)",0.04506288101641791,2.291
"[2.291, 2.2920000000000003)",0.0326795395279412,2.2920000000000003
"[2.2920000000000003, 2.293)",0.02905080331090911,2.293
"[2.293, 2.294)",0.023766894808974367,2.294
"[2.294, 2.295)",0.012343944123287664,2.295
"[2.295, 2.2960000000000003)",0.018914969637681158,2.2960000000000003
"[2.2960000000000003, 2.297)",0.03129252855072465,2.297
"[2.297, 2.298)",0.03354837059452055,2.298
"[2.298, 2.299)",0.06273721025588237,2.299
"[2.299, 2.3000000000000003)",0.021384567968750018,2.3000000000000003
"[2.3000000000000003, 2.301)",0.04198210591891894,2.301
"[2.301, 2.302)",0.02484543733417911,2.302
"[2.302, 2.303)",0.019448346802816898,2.303
"[2.303, 2.3040000000000003)",0.04740744157575759,2.3040000000000003
"[2.3040000000000003, 2.305)",0.04207771130158733,2.305
"[2.305, 2.306)",0.04136786834133334,2.306
"[2.306, 2.307)",0.03457977877833334,2.307
"[2.307, 2.308)",0.028638648147826087,2.308
"[2.308, 2.309)",0.01919288621864407,2.309
"[2.309, 2.31)",0.020652293501923068,2.31
"[2.31, 2.311)",0.033690626934057964,2.311
"[2.311, 2.312)",0.01661297177068965,2.312
"[2.312, 2.313)",0.034777990357142866,2.313
"[2.313, 2.314)",0.020320120788461536,2.314
"[2.314, 2.315)",0.0344787762586207,2.315
"[2.315, 2.316)",0.023134276686274515,2.316
"[2.316, 2.317)",0.04740012068333333,2.317
"[2.317, 2.318)",0.030179214593220358,2.318
"[2.318, 2.319)",0.021478776879999995,2.319
"[2.319, 2.32)",0.03696358298194446,2.32
"[2.32, 2.321)",0.025801994731343286,2.321
"[2.321, 2.322)",0.03519336346428572,2.322
"[2.322, 2.323)",0.07534760152575759,2.323
"[2.323, 2.324)",0.031207033448275873,2.324
"[2.324, 2.325)",0.0353080021830986,2.325
"[2.325, 2.326)",0.03621218670270269,2.326
"[2.326, 2.327)",0.04958198099999998,2.327
"[2.327, 2.328)",0.0345297190597015,2.328
"[2.328, 2.329)",0.03594628619019608,2.329
"[2.329, 2.33)",0.022662585901408457,2.33
"[2.33, 2.331)",0.03467397030745765,2.331
"[2.331, 2.332)",0.03784458581034482,2.332
"[2.332, 2.333)",0.03810112038709678,2.333
"[2.333, 2.334)",0.029231242609756108,2.334
"[2.334, 2.335)",0.03722153059090909,2.335
"[2.335, 2.336)",0.04034885509325,2.336
"[2.336, 2.337)",0.030305135379310347,2.337
"[2.337, 2.338)",0.027307099000000005,2.338
"[2.338, 2.339)",0.030919776539682545,2.339
"[2.339, 2.34)",0.025528431798507466,2.34
"[2.34, 2.341)",0.023135001492063493,2.341
"[2.341, 2.342)",0.039176106118181814,2.342
"[2.342, 2.343)",0.05793251413846153,2.343
"[2.343, 2.344)",0.061978483492537324,2.344
"[2.344, 2.345)",0.017689877950877186,2.345
"[2.345, 2.346)",0.016099605661904763,2.346
"[2.346, 2.347)",0.05389285703015383,2.347
"[2.347, 2.348)",0.03595166272222222,2.348
"[2.348, 2.349)",0.029724670489473692,2.349
"[2.349, 2.35)",0.05175657273529411,2.35
"[2.35, 2.351)",0.06569355433928573,2.351
"[2.351, 2.352)",0.05144936430697676,2.352
"[2.352, 2.353)",0.04824216524137931,2.353
"[2.353, 2.354)",0.03901739928888889,2.354
"[2.354, 2.355)",0.02803067026315791,2.355
"[2.355, 2.356)",0.020425273,2.356
"[2.356, 2.357)",0.03613665570000001,2.357
"[2.357, 2.358)",0.037385586139534896,2.358
"[2.358, 2.359)",0.031069472937283345,2.359
"[2.359, 2.36)",0.032961812848484845,2.36
"[2.36, 2.361)",0.03404457963157896,2.361
"[2.361, 2.362)",0.03305437856603774,2.362
"[2.362, 2.363)",0.05361396657894737,2.363
"[2.363, 2.364)",0.0424832501278261,2.364
"[2.364, 2.365)",0.03522634715254238,2.365
"[2.365, 2.366)",0.015749708954237288,2.366
"[2.366, 2.367)",0.02618009680363637,2.367
"[2.367, 2.368)",0.011451927824444444,2.368
"[2.368, 2.369)",0.029536365197561,2.369
"[2.369, 2.37)",0.035281932901960786,2.37
"[2.37, 2.371)",0.02189058053695651,2.371
"[2.371, 2.372)",0.02321098493548387,2.372
"[2.372, 2.373)",0.05586970806818183,2.373
"[2.373, 2.374)",0.01726098338095238,2.374
"[2.374, 2.375)",0.020295992134615377,2.375
"[2.375, 2.376)",0.028100106339285714,2.376
"[2.376, 2.3770000000000002)",0.030283498334693876,2.3770000000000002
"[2.3770000000000002, 2.378)",0.04944102528301888,2.378
"[2.378, 2.379)",0.05455406598181818,2.379
"[2.379, 2.38)",0.029814234959019602,2.38
"[2.38, 2.3810000000000002)",0.038807190502272736,2.3810000000000002
"[2.3810000000000002, 2.382)",0.04805711675555556,2.382
"[2.382, 2.383)",0.02026086918333333,2.383
"[2.383, 2.384)",0.03269163560784314,2.384
"[2.384, 2.3850000000000002)",0.04747380088518517,2.3850000000000002
"[2.3850000000000002, 2.386)",0.026692096843137256,2.386
"[2.386, 2.387)",0.027443134604347833,2.387
"[2.387, 2.388)",0.03401999862,2.388
"[2.388, 2.3890000000000002)",0.029761302781818193,2.3890000000000002
"[2.3890000000000002, 2.39)",0.028224873000000004,2.39
"[2.39, 2.391)",0.02274566512765957,2.391
"[2.391, 2.392)",0.024405071545454543,2.392
"[2.392, 2.3930000000000002)",0.026548836048888885,2.3930000000000002
"[2.3930000000000002, 2.394)",0.021113005555263156,2.394
"[2.394, 2.395)",0.045299934788461546,2.395
"[2.395, 2.396)",0.023906523664285726,2.396
"[2.396, 2.3970000000000002)",0.026691721266666673,2.3970000000000002
"[2.3970000000000002, 2.398)",0.025018075959183678,2.398
"[2.398, 2.399)",0.025323214325000006,2.399
"[2.399, 2.4)",0.032647996428571434,2.4
"[2.4, 2.4010000000000002)",0.023624058363043477,2.4010000000000002
"[2.4010000000000002, 2.402)",0.026549811344262313,2.402
"[2.402, 2.403)",0.03988292001851851,2.403
"[2.403, 2.404)",0.03945616401785714,2.404
"[2.404, 2.4050000000000002)",0.05453501525192307,2.4050000000000002
"[2.4050000000000002, 2.406)",0.029943676127272733,2.406
"[2.406, 2.407)",0.013007467307692307,2.407
"[2.407, 2.408)",0.042586448111111126,2.408
"[2.408, 2.4090000000000003)",0.02061530861818182,2.4090000000000003
"[2.4090000000000003, 2.41)",0.01258006959545454,2.41
"[2.41, 2.411)",0.01893824154385965,2.411
"[2.411, 2.412)",0.022609694365384625,2.412
"[2.412, 2.4130000000000003)",0.053864616621311465,2.4130000000000003
"[2.4130000000000003, 2.414)",0.03392727155999999,2.414
"[2.414, 2.415)",0.02644471054347825,2.415
"[2.415, 2.416)",0.08648690927777773,2.416
"[2.416, 2.4170000000000003)",0.0398034111967213,2.4170000000000003
"[2.4170000000000003, 2.418)",0.03673277663076924,2.418
"[2.418, 2.419)",0.03138844616393442,2.419
"[2.419, 2.42)",0.022219200608695654,2.42
"[2.42, 2.4210000000000003)",0.01900270834473684,2.4210000000000003
"[2.4210000000000003, 2.422)",0.04865505175000001,2.422
"[2.422, 2.423)",0.02850579712,2.423
"[2.423, 2.424)",0.03981200977777778,2.424
"[2.424, 2.4250000000000003)",0.025858825775,2.4250000000000003
"[2.4250000000000003, 2.426)",0.03401250740384616,2.426
"[2.426, 2.427)",0.03473959036842106,2.427
"[2.427, 2.428)",0.06582193700000002,2.428
"[2.428, 2.4290000000000003)",0.027825004267857157,2.4290000000000003
"[2.4290000000000003, 2.43)",0.03656692688888891,2.43
"[2.43, 2.431)",0.034211545394736836,2.431
"[2.431, 2.432)",0.03882114810909093,2.432
"[2.432, 2.433)",0.019721049857142854,2.433
"[2.433, 2.434)",0.030015329057142853,2.434
"[2.434, 2.435)",0.018721018395833327,2.435
"[2.435, 2.436)",0.0329806079920635,2.436
"[2.436, 2.437)",0.01703336897884615,2.437
"[2.437, 2.438)",0.03934527726037736,2.438
"[2.438, 2.439)",0.0648453915,2.439
"[2.439, 2.44)",0.052824020400000005,2.44
"[2.44, 2.441)",0.02388547934482759,2.441
"[2.441, 2.442)",0.028480137217999996,2.442
"[2.442, 2.443)",0.016694619903030294,2.443
"[2.443, 2.444)",0.02190896194,2.444
"[2.444, 2.445)",0.01689481782758621,2.445
"[2.445, 2.446)",0.015405994297674417,2.446
"[2.446, 2.447)",0.026843785960784315,2.447
"[2.447, 2.448)",0.02592428487857143,2.448
"[2.448, 2.449)",0.05228682444000001,2.449
"[2.449, 2.45)",0.027308452226415092,2.45
"[2.45, 2.451)",0.020669355712307692,2.451
"[2.451, 2.452)",0.056200676205128225,2.452
"[2.452, 2.453)",0.03741259517876922,2.453
"[2.453, 2.454)",0.04178813553488372,2.454
"[2.454, 2.455)",0.048268714000000004,2.455
"[2.455, 2.456)",0.030885273605882373,2.456
"[2.456, 2.457)",0.02189502389774194,2.457
"[2.457, 2.458)",0.03747427064716982,2.458
"[2.458, 2.459)",0.030269310338181817,2.459
"[2.459, 2.46)",0.055284392106818195,2.46
"[2.46, 2.461)",0.06271011752941179,2.461
"[2.461, 2.462)",0.04702272637500001,2.462
"[2.462, 2.463)",0.03534095912962965,2.463
"[2.463, 2.464)",0.013569163086956522,2.464
"[2.464, 2.465)",0.05336049863157894,2.465
"[2.465, 2.466)",0.039312729139999995,2.466
"[2.466, 2.467)",0.02515489447234043,2.467
"[2.467, 2.468)",0.02839113065490196,2.468
"[2.468, 2.469)",0.0510001382881356,2.469
"[2.469, 2.47)",0.05820747511260871,2.47
"[2.47, 2.471)",0.017262861239130442,2.471
"[2.471, 2.472)",0.02540345352604166,2.472
"[2.472, 2.473)",0.028481178222222223,2.473
"[2.473, 2.474)",0.021243375057142858,2.474
"[2.474, 2.475)",0.014689820027083335,2.475
"[2.475, 2.476)",0.0356002759736842,2.476
"[2.476, 2.477)",0.03530412061702128,2.477
"[2.477, 2.478)",0.04485072706600001,2.478
"[2.478, 2.479)",0.04160676671428573,2.479
"[2.479, 2.48)",0.037526274130434786,2.48
"[2.48, 2.481)",0.04359545044000004,2.481
"[2.481, 2.482)",0.032698700864406786,2.482
"[2.482, 2.483)",0.05129696124561403,2.483
"[2.483, 2.484)",0.05225525294186046,2.484
"[2.484, 2.485)",0.030581631771666663,2.485
"[2.485, 2.486)",0.023272339492000006,2.486
"[2.486, 2.487)",0.058448977049122816,2.487
"[2.487, 2.488)",0.021180455454237287,2.488
"[2.488, 2.489)",0.06689949818196723,2.489
"[2.489, 2.49)",0.03607488373508773,2.49
"[2.49, 2.491)",0.035674930080645165,2.491
"[2.491, 2.492)",0.04233923515789474,2.492
"[2.492, 2.493)",0.03904592310344828,2.493
"[2.493, 2.494)",0.04217174180357144,2.494
"[2.494, 2.495)",0.03546606742857144,2.495
"[2.495, 2.496)",0.029702503240740752,2.496
"[2.496, 2.497)",0.019366037067924526,2.497
"[2.497, 2.498)",0.04290087693703704,2.498
"[2.498, 2.499)",0.06005912305660379,2.499
"[2.499, 2.5)",0.06214943488709678,2.5
"[2.5, 2.501)",0.02346253440425532,2.501
"[2.501, 2.5020000000000002)",0.030198126188679238,2.5020000000000002
"[2.5020000000000002, 2.503)",0.024094249081081077,2.503
"[2.503, 2.504)",0.05384574936842106,2.504
"[2.504, 2.505)",0.0441523985882353,2.505
"[2.505, 2.5060000000000002)",0.03288482315517241,2.5060000000000002
"[2.5060000000000002, 2.507)",0.03497655805882353,2.507
"[2.507, 2.508)",0.022570572514814816,2.508
"[2.508, 2.509)",0.025732150017647067,2.509
"[2.509, 2.5100000000000002)",0.028439060890909088,2.5100000000000002
"[2.5100000000000002, 2.511)",0.021745812955102032,2.511
"[2.511, 2.512)",0.025059637277999994,2.512
"[2.512, 2.513)",0.04295953564088888,2.513
"[2.513, 2.5140000000000002)",0.029518828893617025,2.5140000000000002
"[2.5140000000000002, 2.515)",0.046216279775862096,2.515
"[2.515, 2.516)",0.030164709160000015,2.516
"[2.516, 2.517)",0.022194577528070178,2.517
"[2.517, 2.5180000000000002)",0.02776088371509434,2.5180000000000002
"[2.5180000000000002, 2.519)",0.02188315266666668,2.519
"[2.519, 2.52)",0.03354137756603775,2.52
"[2.52, 2.521)",0.045313723508196735,2.521
"[2.521, 2.5220000000000002)",0.03244666358833334,2.5220000000000002
"[2.5220000000000002, 2.523)",0.0567211687673077,2.523
"[2.523, 2.524)",0.04264765182051283,2.524
"[2.524, 2.525)",0.013184167987755102,2.525
"[2.525, 2.5260000000000002)",0.009696723625,2.5260000000000002
"[2.5260000000000002, 2.527)",0.030209657437499992,2.527
"[2.527, 2.528)",0.06269535293617022,2.528
"[2.528, 2.529)",0.037335230301754396,2.529
"[2.529, 2.5300000000000002)",0.04555986956086959,2.5300000000000002
"[2.5300000000000002, 2.531)",0.04273185354222223,2.531
"[2.531, 2.532)",0.033511486994680005,2.532
"[2.532, 2.533)",0.01382566930952381,2.533
"[2.533, 2.5340000000000003)",0.021685348145833335,2.5340000000000003
"[2.5340000000000003, 2.535)",0.03410219298157895,2.535
"[2.535, 2.536)",0.035760628355555574,2.536
"[2.536, 2.537)",0.023926392312500013,2.537
"[2.537, 2.5380000000000003)",0.05614148588333334,2.5380000000000003
"[2.5380000000000003, 2.539)",0.04135599342857143,2.539
"[2.539, 2.54)",0.014822943436585365,2.54
"[2.54, 2.541)",0.025717711676595752,2.541
"[2.541, 2.5420000000000003)",0.04382538843902441,2.5420000000000003
"[2.5420000000000003, 2.543)",0.06571067842500002,2.543
"[2.543, 2.544)",0.03989496524186047,2.544
"[2.544, 2.545)",0.07414937076666667,2.545
"[2.545, 2.5460000000000003)",0.021169605807317065,2.5460000000000003
"[2.5460000000000003, 2.547)",0.04591463771111112,2.547
"[2.547, 2.548)",0.058000495697674424,2.548
"[2.548, 2.549)",0.026848202214285716,2.549
"[2.549, 2.5500000000000003)",0.05210177078085107,2.5500000000000003
"[2.5500000000000003, 2.551)",0.025845522500000006,2.551
"[2.551, 2.552)",0.044047769340425535,2.552
"[2.552, 2.553)",0.04019120132972974,2.553
"[2.553, 2.5540000000000003)",0.03340752651754717,2.5540000000000003
"[2.5540000000000003, 2.555)",0.029393405406521734,2.555
"[2.555, 2.556)",0.02862838023255814,2.556
"[2.556, 2.557)",0.05067904025000001,2.557
"[2.557, 2.5580000000000003)",0.03823249626470587,2.5580000000000003
"[2.5580000000000003, 2.559)",0.05458100510526316,2.559
"[2.559, 2.56)",0.037744960885714295,2.56
"[2.56, 2.561)",0.04655178925000001,2.561
"[2.561, 2.562)",0.02545590461363637,2.562
"[2.562, 2.563)",0.02294026142857143,2.563
"[2.563, 2.564)",0.0525692266105263,2.564
"[2.564, 2.565)",0.041302627631818176,2.565
"[2.565, 2.566)",0.06063365168888888,2.566
"[2.566, 2.567)",0.02588597013888889,2.567
"[2.567, 2.568)",0.03521252048,2.568
"[2.568, 2.569)",0.006802618405405408,2.569
"[2.569, 2.57)",0.02435248188372092,2.57
"[2.57, 2.571)",0.019171640108695643,2.571
"[2.571, 2.572)",0.025307844499999996,2.572
"[2.572, 2.573)",0.03671948413088235,2.573
"[2.573, 2.574)",0.021675365351351353,2.574
"[2.574, 2.575)",0.03798292597500001,2.575
"[2.575, 2.576)",0.0227312946097561,2.576
"[2.576, 2.577)",0.026089004299999996,2.577
"[2.577, 2.578)",0.026697977518918916,2.578
"[2.578, 2.579)",0.02482659427272727,2.579
"[2.579, 2.58)",0.04662349035714289,2.58
"[2.58, 2.581)",0.026995532113636356,2.581
"[2.581, 2.582)",0.05518591729411765,2.582
"[2.582, 2.583)",0.02167281008666666,2.583
"[2.583, 2.584)",0.045927431135853666,2.584
"[2.584, 2.585)",0.019968008919444443,2.585
"[2.585, 2.586)",0.03713574427380952,2.586
"[2.586, 2.587)",0.039523145162162154,2.587
"[2.587, 2.588)",0.0310883562972973,2.588
"[2.588, 2.589)",0.013071621640476191,2.589
"[2.589, 2.59)",0.03486856267032256,2.59
"[2.59, 2.591)",0.02027575542195121,2.591
"[2.591, 2.592)",0.032205232351282045,2.592
"[2.592, 2.593)",0.015605346880952383,2.593
"[2.593, 2.594)",0.032776852010810834,2.594
"[2.594, 2.595)",0.016526371294117645,2.595
"[2.595, 2.596)",0.040336587375,2.596
"[2.596, 2.597)",0.03539232218604652,2.597
"[2.597, 2.598)",0.018679685572727273,2.598
"[2.598, 2.599)",0.07766840073243243,2.599
"[2.599, 2.6)",0.052914690621153865,2.6
"[2.6, 2.601)",0.027035263888888886,2.601
"[2.601, 2.602)",0.05265957671052632,2.602
"[2.602, 2.603)",0.04449766144444447,2.603
"[2.603, 2.604)",0.04305372590512822,2.604
"[2.604, 2.605)",0.02238914464864865,2.605
"[2.605, 2.606)",0.0843832054318182,2.606
"[2.606, 2.607)",0.022816675090909087,2.607
"[2.607, 2.608)",0.03013282126571428,2.608
"[2.608, 2.609)",0.048632581200000004,2.609
"[2.609, 2.61)",0.07630128555555557,2.61
"[2.61, 2.611)",0.035881872577777786,2.611
"[2.611, 2.612)",0.03923191221162792,2.612
"[2.612, 2.613)",0.036246054000000014,2.613
"[2.613, 2.614)",0.04863451494594596,2.614
"[2.614, 2.615)",0.024930888249999995,2.615
"[2.615, 2.616)",0.03839120259999999,2.616
"[2.616, 2.617)",0.05344619445365854,2.617
"[2.617, 2.618)",0.04201250277674418,2.618
"[2.618, 2.619)",0.032118957899999995,2.619
"[2.619, 2.62)",0.03877375476086957,2.62
"[2.62, 2.621)",0.017367147833333332,2.621
"[2.621, 2.622)",0.03036003991304347,2.622
"[2.622, 2.623)",0.03201803500370371,2.623
"[2.623, 2.624)",0.04231076484473685,2.624
"[2.624, 2.625)",0.01895636533333333,2.625
"[2.625, 2.626)",0.03446156567741936,2.626
"[2.626, 2.6270000000000002)",0.006621641919999999,2.6270000000000002
"[2.6270000000000002, 2.628)",0.042034255620000016,2.628
"[2.628, 2.629)",0.025629976170731712,2.629
"[2.629, 2.63)",0.019217310922727274,2.63
"[2.63, 2.6310000000000002)",0.02460648837931035,2.6310000000000002
"[2.6310000000000002, 2.632)",0.0354251999375,2.632
"[2.632, 2.633)",0.0343674327894737,2.633
"[2.633, 2.634)",0.04604525519512198,2.634
"[2.634, 2.6350000000000002)",0.030020900919999996,2.6350000000000002
"[2.6350000000000002, 2.636)",0.02586885704347826,2.636
"[2.636, 2.637)",0.05678260176315789,2.637
"[2.637, 2.638)",0.036061504241379314,2.638
"[2.638, 2.6390000000000002)",0.02903339262068965,2.6390000000000002
"[2.6390000000000002, 2.64)",0.009040644818181816,2.64
"[2.64, 2.641)",0.01976241084,2.641
"[2.641, 2.642)",0.0273044463974359,2.642
"[2.642, 2.6430000000000002)",0.02470499119444444,2.6430000000000002
"[2.6430000000000002, 2.644)",0.07728530879999997,2.644
"[2.644, 2.645)",0.06525028110344828,2.645
"[2.645, 2.646)",0.026554341805555562,2.646
"[2.646, 2.6470000000000002)",0.013803926516129035,2.6470000000000002
"[2.6470000000000002, 2.648)",0.02223731322857143,2.648
"[2.648, 2.649)",0.06690458168518518,2.649
"[2.649, 2.65)",0.028864598075757565,2.65
"[2.65, 2.6510000000000002)",0.03000149238461538,2.6510000000000002
"[2.6510000000000002, 2.652)",0.01839527175,2.652
"[2.652, 2.653)",0.0266456332413793,2.653
"[2.653, 2.654)",0.018496515516129037,2.654
"[2.654, 2.6550000000000002)",0.03302560298611112,2.6550000000000002
"[2.6550000000000002, 2.656)",0.03122241803076924,2.656
"[2.656, 2.657)",0.02166970117142857,2.657
"[2.657, 2.658)",0.04539396106285717,2.658
"[2.658, 2.6590000000000003)",0.03735516852777778,2.6590000000000003
"[2.6590000000000003, 2.66)",0.02952171227027027,2.66
"[2.66, 2.661)",0.06898687912121211,2.661
"[2.661, 2.662)",0.024355706666666664,2.662
"[2.662, 2.6630000000000003)",0.018269715249999995,2.6630000000000003
"[2.6630000000000003, 2.664)",0.013000179387179487,2.664
"[2.664, 2.665)",0.05246534924893618,2.665
"[2.665, 2.666)",0.020039178485714276,2.666
"[2.666, 2.6670000000000003)",0.01586744757088235,2.6670000000000003
"[2.6670000000000003, 2.668)",0.0662150543935484,2.668
"[2.668, 2.669)",0.04597923117647061,2.669
"[2.669, 2.67)",0.08872049869230768,2.67
"[2.67, 2.6710000000000003)",0.02001690638461539,2.6710000000000003
"[2.6710000000000003, 2.672)",0.04241272703125001,2.672
"[2.672, 2.673)",0.02145190615151515,2.673
"[2.673, 2.674)",0.03390876215384616,2.674
"[2.674, 2.6750000000000003)",0.02845906736363636,2.6750000000000003
"[2.6750000000000003, 2.676)",0.032851187782051296,2.676
"[2.676, 2.677)",0.03479377122857143,2.677
"[2.677, 2.678)",0.033225971787499996,2.678
"[2.678, 2.6790000000000003)",0.03329630110344827,2.6790000000000003
"[2.6790000000000003, 2.68)",0.032699655387755114,2.68
"[2.68, 2.681)",0.031876180375,2.681
"[2.681, 2.682)",0.049456864323529415,2.682
"[2.682, 2.6830000000000003)",0.02645166773333333,2.6830000000000003
"[2.6830000000000003, 2.684)",0.06206368933000001,2.684
"[2.684, 2.685)",0.03147862813043478,2.685
"[2.685, 2.686)",0.06361679471739129,2.686
"[2.686, 2.6870000000000003)",0.023812224174285714,2.6870000000000003
"[2.6870000000000003, 2.688)",0.012352282747058822,2.688
"[2.688, 2.689)",0.07066695024324324,2.689
"[2.689, 2.69)",0.028098455366666657,2.69
"[2.69, 2.691)",0.04303434714705883,2.691
"[2.691, 2.692)",0.021055934545454544,2.692
"[2.692, 2.693)",0.0760291457068965,2.693
"[2.693, 2.694)",0.04131830072142859,2.694
"[2.694, 2.695)",0.028969185378378382,2.695
"[2.695, 2.696)",0.05793998222580648,2.696
"[2.696, 2.697)",0.032878428108108114,2.697
"[2.697, 2.698)",0.029977838166666663,2.698
"[2.698, 2.699)",0.051867840636363634,2.699
"[2.699, 2.7)",0.022543831250000004,2.7
"[2.7, 2.701)",0.05081967232361112,2.701
"[2.701, 2.702)",0.040805342625,2.702
"[2.702, 2.703)",0.05402071058536585,2.703
"[2.703, 2.704)",0.023414880162162158,2.704
"[2.704, 2.705)",0.021696784090909093,2.705
"[2.705, 2.706)",0.059331707648484854,2.706
"[2.706, 2.707)",0.028914337964285716,2.707
"[2.707, 2.708)",0.03807319909677419,2.708
"[2.708, 2.709)",0.04573470222857143,2.709
"[2.709, 2.71)",0.01845181526190476,2.71
"[2.71, 2.711)",0.029317236507142855,2.711
"[2.711, 2.712)",0.010350601629629629,2.712
"[2.712, 2.713)",0.05281627942857146,2.713
"[2.713, 2.714)",0.038874298952380947,2.714
"[2.714, 2.715)",0.05973972728571429,2.715
"[2.715, 2.716)",0.04368407974193548,2.716
"[2.716, 2.717)",0.022074793560000004,2.717
"[2.717, 2.718)",0.0340901572413793,2.718
"[2.718, 2.719)",0.027519082076923083,2.719
"[2.719, 2.72)",0.06222188725000002,2.72
"[2.72, 2.721)",0.022680585125000003,2.721
"[2.721, 2.722)",0.032009039499999996,2.722
"[2.722, 2.723)",0.03476846088372094,2.723
"[2.723, 2.724)",0.02954427193548386,2.724
"[2.724, 2.725)",0.04008305952777778,2.725
"[2.725, 2.726)",0.02695473772340426,2.726
"[2.726, 2.727)",0.015810369874999997,2.727
"[2.727, 2.728)",0.0684841789,2.728
"[2.728, 2.729)",0.058005481485714265,2.729
"[2.729, 2.73)",0.03169473306451613,2.73
"[2.73, 2.731)",0.02717129170967742,2.731
"[2.731, 2.732)",0.11825343342105264,2.732
"[2.732, 2.733)",0.015191589852941181,2.733
"[2.733, 2.734)",0.05798032248,2.734
"[2.734, 2.735)",0.02255963555172414,2.735
"[2.735, 2.736)",0.0503110754680851,2.736
"[2.736, 2.737)",0.033535947966666674,2.737
"[2.737, 2.738)",0.03871803867222221,2.738
"[2.738, 2.739)",0.039312127848571445,2.739
"[2.739, 2.74)",0.02358533967,2.74
"[2.74, 2.741)",0.013462302000000006,2.741
"[2.741, 2.742)",0.014633994053571431,2.742
"[2.742, 2.743)",0.07971799926190477,2.743
"[2.743, 2.744)",0.02078620172285715,2.744
"[2.744, 2.745)",0.014097711009090914,2.745
"[2.745, 2.746)",0.03813444940625001,2.746
"[2.746, 2.747)",0.03277715843243244,2.747
"[2.747, 2.748)",0.03137995292592593,2.748
"[2.748, 2.749)",0.023062144079166666,2.749
"[2.749, 2.75)",0.019633585966666665,2.75
"[2.75, 2.751)",0.02514360248918918,2.751
"[2.751, 2.7520000000000002)",0.029448107857142858,2.7520000000000002
"[2.7520000000000002, 2.753)",0.016917525411764698,2.753
"[2.753, 2.754)",0.022293547527777777,2.754
"[2.754, 2.755)",0.02141442239687499,2.755
"[2.755, 2.7560000000000002)",0.026537674096774197,2.7560000000000002
"[2.7560000000000002, 2.757)",0.0483400005,2.757
"[2.757, 2.758)",0.03575833932916666,2.758
"[2.758, 2.759)",0.029993761032,2.759
"[2.759, 2.7600000000000002)",0.06205821360869564,2.7600000000000002
"[2.7600000000000002, 2.761)",0.08082870920000003,2.761
"[2.761, 2.762)",0.022088852699999995,2.762
"[2.762, 2.763)",0.067723099,2.763
"[2.763, 2.7640000000000002)",0.02235716463076923,2.7640000000000002
"[2.7640000000000002, 2.765)",0.0502560782894737,2.765
"[2.765, 2.766)",0.03494151858064516,2.766
"[2.766, 2.767)",0.02176949905555555,2.767
"[2.767, 2.7680000000000002)",0.019545148965517244,2.7680000000000002
"[2.7680000000000002, 2.769)",0.014043187451612904,2.769
"[2.769, 2.77)",0.02075800940740741,2.77
"[2.77, 2.771)",0.10801184923076924,2.771
"[2.771, 2.7720000000000002)",0.04459637653571429,2.7720000000000002
"[2.7720000000000002, 2.773)",0.027219542875,2.773
"[2.773, 2.774)",0.041525723021052625,2.774
"[2.774, 2.775)",0.07315015048536586,2.775
"[2.775, 2.7760000000000002)",0.029005534071428564,2.7760000000000002
"[2.7760000000000002, 2.777)",0.01029898824,2.777
"[2.777, 2.778)",0.031400421294117645,2.778
"[2.778, 2.779)",0.03197075590625001,2.779
"[2.779, 2.7800000000000002)",0.054328965483870985,2.7800000000000002
"[2.7800000000000002, 2.781)",0.045519311096774207,2.781
"[2.781, 2.782)",0.04445935612758622,2.782
"[2.782, 2.783)",0.04881844280487806,2.783
"[2.783, 2.7840000000000003)",0.07221906630303034,2.7840000000000003
"[2.7840000000000003, 2.785)",0.053024298221875,2.785
"[2.785, 2.786)",0.04880900752777776,2.786
"[2.786, 2.787)",0.019046979437499997,2.787
"[2.787, 2.7880000000000003)",0.012702178685714287,2.7880000000000003
"[2.7880000000000003, 2.789)",0.029507767838709675,2.789
"[2.789, 2.79)",0.017486075653846155,2.79
"[2.79, 2.791)",0.0570252105714286,2.791
"[2.791, 2.7920000000000003)",0.04996772403750001,2.7920000000000003
"[2.7920000000000003, 2.793)",0.03260866956,2.793
"[2.793, 2.794)",0.018091468222222223,2.794
"[2.794, 2.795)",0.011938365535714285,2.795
"[2.795, 2.7960000000000003)",0.017337832275862067,2.7960000000000003
"[2.7960000000000003, 2.797)",0.022864372237931033,2.797
"[2.797, 2.798)",0.04023316336774193,2.798
"[2.798, 2.799)",0.022233716999999997,2.799
"[2.799, 2.8000000000000003)",0.011795490408,2.8000000000000003
"[2.8000000000000003, 2.801)",0.0271437173125,2.801
"[2.801, 2.802)",0.03454411972,2.802
"[2.802, 2.803)",0.05185106858333335,2.803
"[2.803, 2.8040000000000003)",0.040466530571428586,2.8040000000000003
"[2.8040000000000003, 2.805)",0.011303038447368421,2.805
"[2.805, 2.806)",0.042956830277777774,2.806
"[2.806, 2.807)",0.01767829062692308,2.807
"[2.807, 2.8080000000000003)",0.02992228102962962,2.8080000000000003
"[2.8080000000000003, 2.809)",0.040821266714285716,2.809
"[2.809, 2.81)",0.019794749035294122,2.81
"[2.81, 2.811)",0.053220049656250025,2.811
"[2.811, 2.8120000000000003)",0.03557257455555555,2.8120000000000003
"[2.8120000000000003, 2.813)",0.0493495066,2.813
"[2.813, 2.814)",0.06042556145161294,2.814
"[2.814, 2.815)",0.02440087891666666,2.815
"[2.815, 2.816)",0.011527624714285716,2.816
"[2.816, 2.817)",0.014385315741935486,2.817
"[2.817, 2.818)",0.03257425196666666,2.818
"[2.818, 2.819)",0.0149876045625,2.819
"[2.819, 2.82)",0.013135205412499998,2.82
"[2.82, 2.821)",0.015626855590909098,2.821
"[2.821, 2.822)",0.03918710168965517,2.822
"[2.822, 2.823)",0.04165770009090909,2.823
"[2.823, 2.824)",0.0324638906764706,2.824
"[2.824, 2.825)",0.045429984099999994,2.825
"[2.825, 2.826)",0.031731854500000004,2.826
"[2.826, 2.827)",0.02101204245,2.827
"[2.827, 2.828)",0.05381292812352941,2.828
"[2.828, 2.829)",0.018889999391304348,2.829
"[2.829, 2.83)",0.039743053875,2.83
"[2.83, 2.831)",0.05481913365517242,2.831
"[2.831, 2.832)",0.0338852991923077,2.832
"[2.832, 2.833)",0.03323704291666667,2.833
"[2.833, 2.834)",0.025951509956521734,2.834
"[2.834, 2.835)",0.03616114335000001,2.835
"[2.835, 2.836)",0.02683081974074074,2.836
"[2.836, 2.837)",0.042335340747058824,2.837
"[2.837, 2.838)",0.0223523042875,2.838
"[2.838, 2.839)",0.054259004904761904,2.839
"[2.839, 2.84)",0.0727566962121212,2.84
"[2.84, 2.841)",0.03545330244444444,2.841
"[2.841, 2.842)",0.021234864041666666,2.842
"[2.842, 2.843)",0.046514493529411755,2.843
"[2.843, 2.844)",0.0707953324818182,2.844
"[2.844, 2.845)",0.027124277666666665,2.845
"[2.845, 2.846)",0.11089967059090906,2.846
"[2.846, 2.847)",0.01859722494615385,2.847
"[2.847, 2.848)",0.014753489636363637,2.848
"[2.848, 2.849)",0.021971725499999997,2.849
"[2.849, 2.85)",0.04021645556,2.85
"[2.85, 2.851)",0.025040416363636367,2.851
"[2.851, 2.852)",0.011584798555,2.852
"[2.852, 2.853)",0.031185220166666666,2.853
"[2.853, 2.854)",0.0591160097125,2.854
"[2.854, 2.855)",0.018082430150000002,2.855
"[2.855, 2.856)",0.08180884698181821,2.856
"[2.856, 2.857)",0.0348204328235294,2.857
"[2.857, 2.858)",0.04937761617923076,2.858
"[2.858, 2.859)",0.03652057189166667,2.859
"[2.859, 2.86)",0.02666084500000001,2.86
"[2.86, 2.861)",0.055848605642857166,2.861
"[2.861, 2.862)",0.10014433147000001,2.862
"[2.862, 2.863)",0.03668414233333334,2.863
"[2.863, 2.864)",0.05851750296428573,2.864
"[2.864, 2.865)",0.07942095957692306,2.865
"[2.865, 2.866)",0.026655664670588244,2.866
"[2.866, 2.867)",0.023137136450000005,2.867
"[2.867, 2.868)",0.025860555260869562,2.868
"[2.868, 2.869)",0.02459011797096775,2.869
"[2.869, 2.87)",0.0449009288375,2.87
"[2.87, 2.871)",0.02159764430769231,2.871
"[2.871, 2.872)",0.03508210750833332,2.872
"[2.872, 2.873)",0.05565975231818185,2.873
"[2.873, 2.874)",0.0423881897,2.874
"[2.874, 2.875)",0.08648035528000002,2.875
"[2.875, 2.876)",0.03316078965185186,2.876
"[2.876, 2.8770000000000002)",0.03291893059259258,2.8770000000000002
"[2.8770000000000002, 2.878)",0.015679733133333335,2.878
"[2.878, 2.879)",0.045827833357142855,2.879
"[2.879, 2.88)",0.07470460115789472,2.88
"[2.88, 2.8810000000000002)",0.018724164858620686,2.8810000000000002
"[2.8810000000000002, 2.882)",0.02404849844444445,2.882
"[2.882, 2.883)",0.016070638488,2.883
"[2.883, 2.884)",0.059907018689655187,2.884
"[2.884, 2.8850000000000002)",0.01152880875,2.8850000000000002
"[2.8850000000000002, 2.886)",0.08634315620454544,2.886
"[2.886, 2.887)",0.07697685992666665,2.887
"[2.887, 2.888)",0.058841474029411776,2.888
"[2.888, 2.8890000000000002)",0.040271628057142864,2.8890000000000002
"[2.8890000000000002, 2.89)",0.03785212092857143,2.89
"[2.89, 2.891)",0.022196634787878786,2.891
"[2.891, 2.892)",0.021774840545161284,2.892
"[2.892, 2.8930000000000002)",0.04382273881655175,2.8930000000000002
"[2.8930000000000002, 2.894)",0.04525010811764707,2.894
"[2.894, 2.895)",0.04133204442857143,2.895
"[2.895, 2.896)",0.038622847807692304,2.896
"[2.896, 2.8970000000000002)",0.06160636973939394,2.8970000000000002
"[2.8970000000000002, 2.898)",0.015794401629629633,2.898
"[2.898, 2.899)",0.0724867852777778,2.899
"[2.899, 2.9)",0.03813957008108108,2.9
"[2.9, 2.9010000000000002)",0.0477900336451613,2.9010000000000002
"[2.9010000000000002, 2.902)",0.03873491861764705,2.902
"[2.902, 2.903)",0.05091123095833334,2.903
"[2.903, 2.904)",0.02595226283333333,2.904
"[2.904, 2.9050000000000002)",0.02812595593558823,2.9050000000000002
"[2.9050000000000002, 2.906)",0.10627692832142856,2.906
"[2.906, 2.907)",0.08927376165789475,2.907
"[2.907, 2.908)",0.042091148862162156,2.908
"[2.908, 2.9090000000000003)",0.05390318141666666,2.9090000000000003
"[2.9090000000000003, 2.91)",0.01598375502777778,2.91
"[2.91, 2.911)",0.0729089152,2.911
"[2.911, 2.912)",0.023427287424324317,2.912
"[2.912, 2.9130000000000003)",0.053749492,2.9130000000000003
"[2.9130000000000003, 2.914)",0.02993956990625,2.914
"[2.914, 2.915)",0.03305827703333333,2.915
"[2.915, 2.916)",0.1294095829411765,2.916
"[2.916, 2.9170000000000003)",0.04366606225000001,2.9170000000000003
"[2.9170000000000003, 2.918)",0.03795969273913045,2.918
"[2.918, 2.919)",0.041184413619047636,2.919
"[2.919, 2.92)",0.043371958758620696,2.92
"[2.92, 2.9210000000000003)",0.059781188840000006,2.9210000000000003
"[2.9210000000000003, 2.922)",0.06031905839393941,2.922
"[2.922, 2.923)",0.04002512529166665,2.923
"[2.923, 2.924)",0.04724787000000004,2.924
"[2.924, 2.9250000000000003)",0.05741853731250002,2.9250000000000003
"[2.9250000000000003, 2.926)",0.02265354105714285,2.926
"[2.926, 2.927)",0.02594289570967741,2.927
"[2.927, 2.928)",0.024274540959999993,2.928
"[2.928, 2.9290000000000003)",0.031670898116666665,2.9290000000000003
"[2.9290000000000003, 2.93)",0.023492223140909096,2.93
"[2.93, 2.931)",0.02134805695454546,2.931
"[2.931, 2.932)",0.020210892530434784,2.932
"[2.932, 2.9330000000000003)",0.04185623170270269,2.9330000000000003
"[2.9330000000000003, 2.934)",0.018359112914285713,2.934
"[2.934, 2.935)",0.03609246488235296,2.935
"[2.935, 2.936)",0.11957910860434787,2.936
"[2.936, 2.9370000000000003)",0.057995658776,2.9370000000000003
"[2.9370000000000003, 2.938)",0.03842651336999999,2.938
"[2.938, 2.939)",0.02063037058333334,2.939
"[2.939, 2.94)",0.07414131217766667,2.94
"[2.94, 2.9410000000000003)",0.017160106629629628,2.9410000000000003
"[2.9410000000000003, 2.942)",0.021042885310344824,2.942
"[2.942, 2.943)",0.07440671905000004,2.943
"[2.943, 2.944)",0.015844259321428574,2.944
"[2.944, 2.945)",0.05431577925925928,2.945
"[2.945, 2.946)",0.05761695406666667,2.946
"[2.946, 2.947)",0.02136681609666667,2.947
"[2.947, 2.948)",0.04038181477272727,2.948
"[2.948, 2.949)",0.030483594377419362,2.949
"[2.949, 2.95)",0.05910863989189193,2.95
"[2.95, 2.951)",0.025270391620689645,2.951
"[2.951, 2.952)",0.014246247448275864,2.952
"[2.952, 2.953)",0.014125294709677425,2.953
"[2.953, 2.954)",0.01686343377,2.954
"[2.954, 2.955)",0.027892667363636367,2.955
"[2.955, 2.956)",0.035449582486486476,2.956
"[2.956, 2.957)",0.021540323173913044,2.957
"[2.957, 2.958)",0.03134126734482758,2.958
"[2.958, 2.959)",0.016384904629629632,2.959
"[2.959, 2.96)",0.03753065391931036,2.96
"[2.96, 2.961)",0.06646226558333333,2.961
"[2.961, 2.962)",0.016848422750000005,2.962
"[2.962, 2.963)",0.04421280531785717,2.963
"[2.963, 2.964)",0.04685316703030302,2.964
"[2.964, 2.965)",0.03651964074999999,2.965
"[2.965, 2.966)",0.02655241351724138,2.966
"[2.966, 2.967)",0.03480341134782608,2.967
"[2.967, 2.968)",0.06748614795,2.968
"[2.968, 2.969)",0.03497092792608695,2.969
"[2.969, 2.97)",0.025533181440000007,2.97
"[2.97, 2.971)",0.05992348286363638,2.971
"[2.971, 2.972)",0.02299196627842105,2.972
"[2.972, 2.973)",0.10660097022222224,2.973
"[2.973, 2.974)",0.047650059468750006,2.974
"[2.974, 2.975)",0.03571357000000001,2.975
"[2.975, 2.976)",0.029443531940909085,2.976
"[2.976, 2.977)",0.04117350571428572,2.977
"[2.977, 2.978)",0.03299089015789473,2.978
"[2.978, 2.979)",0.023177762299999998,2.979
"[2.979, 2.98)",0.037887205419354836,2.98
"[2.98, 2.981)",0.03855726995454546,2.981
"[2.981, 2.982)",0.050059392947368414,2.982
"[2.982, 2.983)",0.054813175884615394,2.983
"[2.983, 2.984)",0.05742783098181819,2.984
"[2.984, 2.985)",0.0221868653,2.985
"[2.985, 2.986)",0.024663646346153853,2.986
"[2.986, 2.987)",0.03724773916129032,2.987
"[2.987, 2.988)",0.04151460436,2.988
"[2.988, 2.989)",0.060535753227272754,2.989
"[2.989, 2.99)",0.05223888245000001,2.99
"[2.99, 2.991)",0.027090843759999993,2.991
"[2.991, 2.992)",0.0119026071,2.992
"[2.992, 2.993)",0.019531179576923074,2.993
"[2.993, 2.994)",0.058777631714285725,2.994
"[2.994, 2.995)",0.026932296859459456,2.995
"[2.995, 2.996)",0.02665244076071429,2.996
"[2.996, 2.997)",0.08508091044,2.997
"[2.997, 2.998)",0.051955948670833335,2.998
"[2.998, 2.999)",0.09798844571428571,2.999
"[2.999, 3.0)",0.032090164238095235,3.0
"[3.0, 3.001)",0.06425687694000001,3.001
"[3.001, 3.0020000000000002)",0.03912252333333332,3.0020000000000002
"[3.0020000000000002, 3.003)",0.12449859508108108,3.003
"[3.003, 3.004)",0.02624824123076923,3.004
"[3.004, 3.005)",0.022671906062499997,3.005
"[3.005, 3.0060000000000002)",0.04431243987500002,3.0060000000000002
"[3.0060000000000002, 3.007)",0.07223384581818183,3.007
"[3.007, 3.008)",0.024619393823529415,3.008
"[3.008, 3.009)",0.05977800443478263,3.009
"[3.009, 3.0100000000000002)",0.019305182681818186,3.0100000000000002
"[3.0100000000000002, 3.011)",0.03244144576470588,3.011
"[3.011, 3.012)",0.04960759401052631,3.012
"[3.012, 3.013)",0.03711634411923077,3.013
"[3.013, 3.0140000000000002)",0.03539826000000001,3.0140000000000002
"[3.0140000000000002, 3.015)",0.03916940474285716,3.015
"[3.015, 3.016)",0.10484800973529411,3.016
"[3.016, 3.017)",0.022367659833333334,3.017
"[3.017, 3.0180000000000002)",0.03343934386956521,3.0180000000000002
"[3.0180000000000002, 3.019)",0.026606232272727272,3.019
"[3.019, 3.02)",0.07468968643750003,3.02
"[3.02, 3.021)",0.03010535169565217,3.021
"[3.021, 3.0220000000000002)",0.07449627074193549,3.0220000000000002
"[3.0220000000000002, 3.023)",0.04327285189259259,3.023
"[3.023, 3.024)",0.07298451871200001,3.024
"[3.024, 3.025)",0.08939023599333333,3.025
"[3.025, 3.0260000000000002)",0.0757735045,3.0260000000000002
"[3.0260000000000002, 3.027)",0.04670751165,3.027
"[3.027, 3.028)",0.010529384086956521,3.028
"[3.028, 3.029)",0.023322519363636364,3.029
"[3.029, 3.0300000000000002)",0.049103693392857146,3.0300000000000002
"[3.0300000000000002, 3.031)",0.07057934468181819,3.031
"[3.031, 3.032)",0.03978875199999999,3.032
"[3.032, 3.033)",0.07392009593939396,3.033
"[3.033, 3.0340000000000003)",0.025791053168421056,3.0340000000000003
"[3.0340000000000003, 3.035)",0.012794443285714283,3.035
"[3.035, 3.036)",0.07060918682352942,3.036
"[3.036, 3.037)",0.10908781675862066,3.037
"[3.037, 3.0380000000000003)",0.029749919481481476,3.0380000000000003
"[3.0380000000000003, 3.039)",0.16124878056521738,3.039
"[3.039, 3.04)",0.021152840448275863,3.04
"[3.04, 3.041)",0.02908277866666668,3.041
"[3.041, 3.0420000000000003)",0.029075199275862065,3.0420000000000003
"[3.0420000000000003, 3.043)",0.07156685366666667,3.043
"[3.043, 3.044)",0.042624104193548396,3.044
"[3.044, 3.045)",0.024288892105263162,3.045
"[3.045, 3.0460000000000003)",0.05170168577777777,3.0460000000000003
"[3.0460000000000003, 3.047)",0.08490101594736844,3.047
"[3.047, 3.048)",0.07421946564705882,3.048
"[3.048, 3.049)",0.038429892774074076,3.049
"[3.049, 3.0500000000000003)",0.019888286937500003,3.0500000000000003
"[3.0500000000000003, 3.051)",0.02724975082142858,3.051
"[3.051, 3.052)",0.028918410875,3.052
"[3.052, 3.053)",0.04094091202941176,3.053
"[3.053, 3.0540000000000003)",0.024373977,3.0540000000000003
"[3.0540000000000003, 3.055)",0.03243784491304349,3.055
"[3.055, 3.056)",0.07149414703913044,3.056
"[3.056, 3.057)",0.02325938087777778,3.057
"[3.057, 3.0580000000000003)",0.023708902260869563,3.0580000000000003
"[3.0580000000000003, 3.059)",0.06317344403846155,3.059
"[3.059, 3.06)",0.015321874857142856,3.06
"[3.06, 3.061)",0.07572400145945948,3.061
"[3.061, 3.0620000000000003)",0.04024419067741936,3.0620000000000003
"[3.0620000000000003, 3.063)",0.02424750672432432,3.063
"[3.063, 3.064)",0.031573898471428566,3.064
"[3.064, 3.065)",0.06537681133333334,3.065
"[3.065, 3.0660000000000003)",0.064986765,3.0660000000000003
"[3.0660000000000003, 3.067)",0.02239048456666666,3.067
"[3.067, 3.068)",0.03971060671428571,3.068
"[3.068, 3.069)",0.027990193360000002,3.069
"[3.069, 3.0700000000000003)",0.04359601338095237,3.0700000000000003
"[3.0700000000000003, 3.071)",0.0624268870888889,3.071
"[3.071, 3.072)",0.017158455608695652,3.072
"[3.072, 3.073)",0.05445543608333334,3.073
"[3.073, 3.074)",0.029137493690909098,3.074
"[3.074, 3.075)",0.038537564158333336,3.075
"[3.075, 3.076)",0.059560141303333335,3.076
"[3.076, 3.077)",0.0201878552631579,3.077
"[3.077, 3.078)",0.08038476704347826,3.078
"[3.078, 3.079)",0.07452462688709678,3.079
"[3.079, 3.08)",0.03832499452631579,3.08
"[3.08, 3.081)",0.05820212410714286,3.081
"[3.081, 3.082)",0.02186850236,3.082
"[3.082, 3.083)",0.03730426879487181,3.083
"[3.083, 3.084)",0.08882310339285716,3.084
"[3.084, 3.085)",0.014994596350000004,3.085
"[3.085, 3.086)",0.059695787647058816,3.086
"[3.086, 3.087)",0.073545827,3.087
"[3.087, 3.088)",0.03567466876923077,3.088
"[3.088, 3.089)",0.02220325842105263,3.089
"[3.089, 3.09)",0.020646419071428567,3.09
"[3.09, 3.091)",0.014028448866666671,3.091
"[3.091, 3.092)",0.081747156,3.092
"[3.092, 3.093)",0.06987965012195121,3.093
"[3.093, 3.094)",0.055762702296296346,3.094
"[3.094, 3.095)",0.016994922186206896,3.095
"[3.095, 3.096)",0.038781479041666664,3.096
"[3.096, 3.097)",0.015386228826086954,3.097
"[3.097, 3.098)",0.038105934349999995,3.098
"[3.098, 3.099)",0.04568755966666666,3.099
"[3.099, 3.1)",0.021545758500000005,3.1
"[3.1, 3.101)",0.05428354156000001,3.101
"[3.101, 3.102)",0.07921814485714286,3.102
"[3.102, 3.103)",0.06324024030434784,3.103
"[3.103, 3.104)",0.02160397123076923,3.104
"[3.104, 3.105)",0.03492583476666667,3.105
"[3.105, 3.106)",0.022800007192307688,3.106
"[3.106, 3.107)",0.09364936669523811,3.107
"[3.107, 3.108)",0.03679074365217392,3.108
"[3.108, 3.109)",0.03126824325238095,3.109
"[3.109, 3.11)",0.02097997509090909,3.11
"[3.11, 3.111)",0.04236691762962962,3.111
"[3.111, 3.112)",0.013059983132142855,3.112
"[3.112, 3.113)",0.05731809159090908,3.113
"[3.113, 3.114)",0.027315233846153846,3.114
"[3.114, 3.115)",0.04028877055,3.115
"[3.115, 3.116)",0.04973937731818181,3.116
"[3.116, 3.117)",0.0385991896,3.117
"[3.117, 3.118)",0.05099126058333333,3.118
"[3.118, 3.119)",0.021752038318181816,3.119
"[3.119, 3.12)",0.0557961059652174,3.12
"[3.12, 3.121)",0.03325243423809524,3.121
"[3.121, 3.122)",0.06728662774074078,3.122
"[3.122, 3.123)",0.08113509381250003,3.123
"[3.123, 3.124)",0.061751505299999995,3.124
"[3.124, 3.125)",0.04825242436842105,3.125
"[3.125, 3.126)",0.06462937218181819,3.126
"[3.126, 3.1270000000000002)",0.016883997705882354,3.1270000000000002
"[3.1270000000000002, 3.128)",0.027763654055555552,3.128
"[3.128, 3.129)",0.016718499,3.129
"[3.129, 3.13)",0.026089525523809526,3.13
"[3.13, 3.1310000000000002)",0.08634523742857145,3.1310000000000002
"[3.1310000000000002, 3.132)",0.019051728892857146,3.132
"[3.132, 3.133)",0.13443788842857143,3.133
"[3.133, 3.134)",0.017541786266666668,3.134
"[3.134, 3.1350000000000002)",0.048496417571428564,3.1350000000000002
"[3.1350000000000002, 3.136)",0.028667613833333352,3.136
"[3.136, 3.137)",0.007172232111111111,3.137
"[3.137, 3.138)",0.03130049835,3.138
"[3.138, 3.1390000000000002)",0.07320577642857143,3.1390000000000002
"[3.1390000000000002, 3.14)",0.048497834526315786,3.14
"[3.14, 3.141)",0.05847621883333334,3.141
"[3.141, 3.142)",0.07816352953333333,3.142
"[3.142, 3.1430000000000002)",0.12988000300000002,3.1430000000000002
"[3.1430000000000002, 3.144)",0.010323246870833334,3.144
"[3.144, 3.145)",0.12735701370588237,3.145
"[3.145, 3.146)",0.08740323730434783,3.146
"[3.146, 3.1470000000000002)",0.07071800345454546,3.1470000000000002
"[3.1470000000000002, 3.148)",0.05223119635294117,3.148
"[3.148, 3.149)",0.036083305999999996,3.149
"[3.149, 3.15)",0.02282691995833333,3.15
"[3.15, 3.1510000000000002)",0.0471212461111111,3.1510000000000002
"[3.1510000000000002, 3.152)",0.047280768416666674,3.152
"[3.152, 3.153)",0.04320722480000001,3.153
"[3.153, 3.154)",0.018352751040000004,3.154
"[3.154, 3.1550000000000002)",0.022512271,3.1550000000000002
"[3.1550000000000002, 3.156)",0.019194274944444447,3.156
"[3.156, 3.157)",0.05910455637500003,3.157
"[3.157, 3.158)",0.01805804647619048,3.158
"[3.158, 3.1590000000000003)",0.013932183665384621,3.1590000000000003
"[3.1590000000000003, 3.16)",0.040252387025,3.16
"[3.16, 3.161)",0.09636506456666669,3.161
"[3.161, 3.162)",0.026163659845,3.162
"[3.162, 3.1630000000000003)",0.027313425346153844,3.1630000000000003
"[3.1630000000000003, 3.164)",0.06269199475882355,3.164
"[3.164, 3.165)",0.10666644637499996,3.165
"[3.165, 3.166)",0.04939146377272729,3.166
"[3.166, 3.1670000000000003)",0.15580432631578955,3.1670000000000003
"[3.1670000000000003, 3.168)",0.07829702215000002,3.168
"[3.168, 3.169)",0.061516398500000014,3.169
"[3.169, 3.17)",0.06247661071428572,3.17
"[3.17, 3.1710000000000003)",0.038081127333333326,3.1710000000000003
"[3.1710000000000003, 3.172)",0.020167547182352943,3.172
"[3.172, 3.173)",0.10997821677058822,3.173
"[3.173, 3.174)",0.049681341399999995,3.174
"[3.174, 3.1750000000000003)",0.06800695650000003,3.1750000000000003
"[3.1750000000000003, 3.176)",0.03246695273157895,3.176
"[3.176, 3.177)",0.061693200954545474,3.177
"[3.177, 3.178)",0.045871279699999996,3.178
"[3.178, 3.1790000000000003)",0.06767829594736843,3.1790000000000003
"[3.1790000000000003, 3.18)",0.06974683961666667,3.18
"[3.18, 3.181)",0.030731415647058828,3.181
"[3.181, 3.182)",0.03443731352380953,3.182
"[3.182, 3.1830000000000003)",0.029215099999999997,3.1830000000000003
"[3.1830000000000003, 3.184)",0.05355816815600001,3.184
"[3.184, 3.185)",0.0356219318695652,3.185
"[3.185, 3.186)",0.017888666349999995,3.186
"[3.186, 3.1870000000000003)",0.08969764016666666,3.1870000000000003
"[3.1870000000000003, 3.188)",0.03326563752173912,3.188
"[3.188, 3.189)",0.032737107818181815,3.189
"[3.189, 3.19)",0.040111290919999994,3.19
"[3.19, 3.1910000000000003)",0.04627270957857144,3.1910000000000003
"[3.1910000000000003, 3.192)",0.03016011304166666,3.192
"[3.192, 3.193)",0.06580248870000001,3.193
"[3.193, 3.194)",0.043263960000000004,3.194
"[3.194, 3.1950000000000003)",0.07924182263157893,3.1950000000000003
"[3.1950000000000003, 3.196)",0.038501872799999996,3.196
"[3.196, 3.197)",0.08044638429411766,3.197
"[3.197, 3.198)",0.0238694130909091,3.198
"[3.198, 3.1990000000000003)",0.08010732972222222,3.1990000000000003
"[3.1990000000000003, 3.2)",0.06544948649999999,3.2
"[3.2, 3.201)",0.041360110661904766,3.201
"[3.201, 3.202)",0.07770526188888888,3.202
"[3.202, 3.203)",0.08455795256399996,3.203
"[3.203, 3.204)",0.06333009076000001,3.204
"[3.204, 3.205)",0.022696178136363637,3.205
"[3.205, 3.206)",0.09438372091304348,3.206
"[3.206, 3.207)",0.05054297088888889,3.207
"[3.207, 3.208)",0.019708617705882357,3.208
"[3.208, 3.209)",0.03934688013571431,3.209
"[3.209, 3.21)",0.05585650317857142,3.21
"[3.21, 3.211)",0.008284628866666666,3.211
"[3.211, 3.212)",0.034100487210526324,3.212
"[3.212, 3.213)",0.030361581630769227,3.213
"[3.213, 3.214)",0.03854521347619048,3.214
"[3.214, 3.215)",0.03342330224210526,3.215
"[3.215, 3.216)",0.08130491531818182,3.216
"[3.216, 3.217)",0.03330197711874999,3.217
"[3.217, 3.218)",0.019869100000000004,3.218
"[3.218, 3.219)",0.08782677412307695,3.219
"[3.219, 3.22)",0.03478437301428571,3.22
"[3.22, 3.221)",0.11007746344999998,3.221
"[3.221, 3.222)",0.057810048166666655,3.222
"[3.222, 3.223)",0.034991568932,3.223
"[3.223, 3.224)",0.040631750125,3.224
"[3.224, 3.225)",0.08319961790476192,3.225
"[3.225, 3.226)",0.061877980906250005,3.226
"[3.226, 3.227)",0.031781454470588236,3.227
"[3.227, 3.228)",0.026614515712,3.228
"[3.228, 3.229)",0.02052041025925926,3.229
"[3.229, 3.23)",0.1045292344,3.23
"[3.23, 3.231)",0.06651060562500001,3.231
"[3.231, 3.232)",0.02809700981818182,3.232
"[3.232, 3.233)",0.06838141621153845,3.233
"[3.233, 3.234)",0.055877731562499984,3.234
"[3.234, 3.235)",0.0593707977,3.235
"[3.235, 3.236)",0.11826880113043481,3.236
"[3.236, 3.237)",0.039183457533333334,3.237
"[3.237, 3.238)",0.14514944225,3.238
"[3.238, 3.239)",0.036630639925,3.239
"[3.239, 3.24)",0.032604964985,3.24
"[3.24, 3.241)",0.01946523255,3.241
"[3.241, 3.242)",0.016744320000000004,3.242
"[3.242, 3.243)",0.04784503955199999,3.243
"[3.243, 3.244)",0.02038572270588235,3.244
"[3.244, 3.245)",0.02279518906666667,3.245
"[3.245, 3.246)",0.0501990143,3.246
"[3.246, 3.247)",0.04976809889999998,3.247
"[3.247, 3.248)",0.008468290214285716,3.248
"[3.248, 3.249)",0.09946140774608697,3.249
"[3.249, 3.25)",0.047656822499999994,3.25
"[3.25, 3.251)",0.026294449789473692,3.251
"[3.251, 3.2520000000000002)",0.03889477358333334,3.2520000000000002
"[3.2520000000000002, 3.253)",0.09983792871428572,3.253
"[3.253, 3.254)",0.0687893355173913,3.254
"[3.254, 3.255)",0.14491827055555553,3.255
"[3.255, 3.2560000000000002)",0.0377980478,3.2560000000000002
"[3.2560000000000002, 3.257)",0.0404028214375,3.257
"[3.257, 3.258)",0.0369011838,3.258
"[3.258, 3.259)",0.06744417531818182,3.259
"[3.259, 3.2600000000000002)",0.10097774113333331,3.2600000000000002
"[3.2600000000000002, 3.261)",0.05775120264285712,3.261
"[3.261, 3.262)",0.02418217211764706,3.262
"[3.262, 3.263)",0.07814918601764706,3.263
"[3.263, 3.2640000000000002)",0.015736661380000006,3.2640000000000002
"[3.2640000000000002, 3.265)",0.09191605076190476,3.265
"[3.265, 3.266)",0.046527331565,3.266
"[3.266, 3.267)",0.018412213885714283,3.267
"[3.267, 3.2680000000000002)",0.04818012236363638,3.2680000000000002
"[3.2680000000000002, 3.269)",0.009073134250000002,3.269
"[3.269, 3.27)",0.02648125695000001,3.27
"[3.27, 3.271)",0.10312397389999997,3.271
"[3.271, 3.2720000000000002)",0.020434112875000007,3.2720000000000002
"[3.2720000000000002, 3.273)",0.09450481173684212,3.273
"[3.273, 3.274)",0.015587713155555563,3.274
"[3.274, 3.275)",0.03798520256,3.275
"[3.275, 3.2760000000000002)",0.12018845627222224,3.2760000000000002
"[3.2760000000000002, 3.277)",0.0221299934263158,3.277
"[3.277, 3.278)",0.05093230526315789,3.278
"[3.278, 3.279)",0.04896408125,3.279
"[3.279, 3.2800000000000002)",0.0232694555,3.2800000000000002
"[3.2800000000000002, 3.281)",0.05036744845454546,3.281
"[3.281, 3.282)",0.06720721959999999,3.282
"[3.282, 3.283)",0.08716754682352944,3.283
"[3.283, 3.2840000000000003)",0.04425442622222221,3.2840000000000003
"[3.2840000000000003, 3.285)",0.018002856999999997,3.285
"[3.285, 3.286)",0.08578312440909092,3.286
"[3.286, 3.287)",0.02607304947368421,3.287
"[3.287, 3.2880000000000003)",0.028010559607692307,3.2880000000000003
"[3.2880000000000003, 3.289)",0.025518635770588237,3.289
"[3.289, 3.29)",0.022668431928571427,3.29
"[3.29, 3.291)",0.03846049133333333,3.291
"[3.291, 3.2920000000000003)",0.034177665384615384,3.2920000000000003
"[3.2920000000000003, 3.293)",0.078351859,3.293
"[3.293, 3.294)",0.05674928617647058,3.294
"[3.294, 3.295)",0.03110098004166666,3.295
"[3.295, 3.2960000000000003)",0.037924913227272726,3.2960000000000003
"[3.2960000000000003, 3.297)",0.035381919000000005,3.297
"[3.297, 3.298)",0.02280817275,3.298
"[3.298, 3.299)",0.06637345882352942,3.299
"[3.299, 3.3000000000000003)",0.027740880999999995,3.3000000000000003
"[3.3000000000000003, 3.301)",0.028215748199999998,3.301
"[3.301, 3.302)",0.06140735635714285,3.302
"[3.302, 3.303)",0.09582392905555555,3.303
"[3.303, 3.3040000000000003)",0.012969462278260872,3.3040000000000003
"[3.3040000000000003, 3.305)",0.033478262999999994,3.305
"[3.305, 3.306)",0.014662962944444448,3.306
"[3.306, 3.307)",0.034390240895833334,3.307
"[3.307, 3.3080000000000003)",0.06917242945,3.3080000000000003
"[3.3080000000000003, 3.309)",0.033294671384615386,3.309
"[3.309, 3.31)",0.04580296913333334,3.31
"[3.31, 3.311)",0.09524055705555558,3.311
"[3.311, 3.3120000000000003)",0.021907156433333335,3.3120000000000003
"[3.3120000000000003, 3.313)",0.03299226333333335,3.313
"[3.313, 3.314)",0.054722298450000005,3.314
"[3.314, 3.315)",0.03415762023076923,3.315
"[3.315, 3.3160000000000003)",0.019219275062500003,3.3160000000000003
"[3.3160000000000003, 3.317)",0.06490384878571429,3.317
"[3.317, 3.318)",0.03260131828571429,3.318
"[3.318, 3.319)",0.09323237385714286,3.319
"[3.319, 3.3200000000000003)",0.019670224818181824,3.3200000000000003
"[3.3200000000000003, 3.321)",0.02800517647058823,3.321
"[3.321, 3.322)",0.03519454664285714,3.322
"[3.322, 3.323)",0.06677836117647058,3.323
"[3.323, 3.3240000000000003)",0.04079770326315788,3.3240000000000003
"[3.3240000000000003, 3.325)",0.048488823636363636,3.325
"[3.325, 3.326)",0.069129717875,3.326
"[3.326, 3.327)",0.08017975623529414,3.327
"[3.327, 3.3280000000000003)",0.006137528636363637,3.3280000000000003
"[3.3280000000000003, 3.329)",0.0368076883,3.329
"[3.329, 3.33)",0.025822065550000006,3.33
"[3.33, 3.331)",0.017190992538461538,3.331
"[3.331, 3.332)",0.060818952875,3.332
"[3.332, 3.333)",0.11620382893333335,3.333
"[3.333, 3.334)",0.05486716973333334,3.334
"[3.334, 3.335)",0.07782410800000002,3.335
"[3.335, 3.336)",0.10315162728571432,3.336
"[3.336, 3.337)",0.029637856605555554,3.337
"[3.337, 3.338)",0.12164964732142858,3.338
"[3.338, 3.339)",0.029615295688235295,3.339
"[3.339, 3.34)",0.04013806485,3.34
"[3.34, 3.341)",0.08054812726875002,3.341
"[3.341, 3.342)",0.014944542560000001,3.342
"[3.342, 3.343)",0.13086910879473684,3.343
"[3.343, 3.344)",0.024754854666666666,3.344
"[3.344, 3.345)",0.027907693846153846,3.345
"[3.345, 3.346)",0.02863292794999999,3.346
"[3.346, 3.347)",0.049438915947368434,3.347
"[3.347, 3.348)",0.061917223263157906,3.348
"[3.348, 3.349)",0.017436241117647057,3.349
"[3.349, 3.35)",0.031126751684210523,3.35
"[3.35, 3.351)",0.09227070142857141,3.351
"[3.351, 3.352)",0.031182713272727272,3.352
"[3.352, 3.353)",0.02810164255555556,3.353
"[3.353, 3.354)",0.04419785623529412,3.354
"[3.354, 3.355)",0.034811702533333336,3.355
"[3.355, 3.356)",0.07924916331578948,3.356
"[3.356, 3.357)",0.030843709533333336,3.357
"[3.357, 3.358)",0.09644164258333338,3.358
"[3.358, 3.359)",0.0350055722,3.359
"[3.359, 3.36)",0.010054667,3.36
"[3.36, 3.361)",0.08877658128571429,3.361
"[3.361, 3.362)",0.047286254375,3.362
"[3.362, 3.363)",0.09643562142857143,3.363
"[3.363, 3.364)",0.0300565598125,3.364
"[3.364, 3.365)",0.04852368786956522,3.365
"[3.365, 3.366)",0.029255658751851852,3.366
"[3.366, 3.367)",0.06941849474999999,3.367
"[3.367, 3.368)",0.09157165356875001,3.368
"[3.368, 3.369)",0.055783257490476176,3.369
"[3.369, 3.37)",0.023898631333333333,3.37
"[3.37, 3.371)",0.08663387315,3.371
"[3.371, 3.372)",0.0730192492,3.372
"[3.372, 3.373)",0.03774442546666667,3.373
"[3.373, 3.374)",0.026001779166666666,3.374
"[3.374, 3.375)",0.14873575846153844,3.375
"[3.375, 3.376)",0.020384706062499997,3.376
"[3.376, 3.3770000000000002)",0.035842008111111115,3.3770000000000002
"[3.3770000000000002, 3.378)",0.08944011666666668,3.378
"[3.378, 3.379)",0.10719194191666669,3.379
"[3.379, 3.38)",0.014415691235294115,3.38
"[3.38, 3.3810000000000002)",0.02634400313333334,3.3810000000000002
"[3.3810000000000002, 3.382)",0.022176364428571432,3.382
"[3.382, 3.383)",0.09975663871428572,3.383
"[3.383, 3.384)",0.06365679936363634,3.384
"[3.384, 3.3850000000000002)",0.042439869312499996,3.3850000000000002
"[3.3850000000000002, 3.386)",0.032828674299999985,3.386
"[3.386, 3.387)",0.07400751454545453,3.387
"[3.387, 3.388)",0.014497537166666666,3.388
"[3.388, 3.3890000000000002)",0.03854202575,3.3890000000000002
"[3.3890000000000002, 3.39)",0.04081873255555555,3.39
"[3.39, 3.391)",0.03329180475,3.391
"[3.391, 3.392)",0.03445013466666668,3.392
"[3.392, 3.3930000000000002)",0.029114505599999996,3.3930000000000002
"[3.3930000000000002, 3.394)",0.028213930864736846,3.394
"[3.394, 3.395)",0.03650222845,3.395
"[3.395, 3.396)",0.016602738949999998,3.396
"[3.396, 3.3970000000000002)",0.027996943000000007,3.3970000000000002
"[3.3970000000000002, 3.398)",0.0355615818125,3.398
"[3.398, 3.399)",0.012834564249999994,3.399
"[3.399, 3.4)",0.0336737118,3.4
"[3.4, 3.4010000000000002)",0.08111655062499999,3.4010000000000002
"[3.4010000000000002, 3.402)",0.076165619,3.402
"[3.402, 3.403)",0.02884829076470588,3.403
"[3.403, 3.404)",0.023811739546666665,3.404
"[3.404, 3.4050000000000002)",0.037209780590909076,3.4050000000000002
"[3.4050000000000002, 3.406)",0.048668528666666676,3.406
"[3.406, 3.407)",0.07576070250000001,3.407
"[3.407, 3.408)",0.030394885999999996,3.408
"[3.408, 3.4090000000000003)",0.026855670522222225,3.4090000000000003
"[3.4090000000000003, 3.41)",0.040325619810000005,3.41
"[3.41, 3.411)",0.06608185999999999,3.411
"[3.411, 3.412)",0.0610518503,3.412
"[3.412, 3.4130000000000003)",0.01000982925625,3.4130000000000003
"[3.4130000000000003, 3.414)",0.02708643184,3.414
"[3.414, 3.415)",0.02114386764285714,3.415
"[3.415, 3.416)",0.05105408184615383,3.416
"[3.416, 3.4170000000000003)",0.03497095147058822,3.4170000000000003
"[3.4170000000000003, 3.418)",0.08172868505555557,3.418
"[3.418, 3.419)",0.14749869344999997,3.419
"[3.419, 3.42)",0.06886923583333333,3.42
"[3.42, 3.4210000000000003)",0.04156287697058823,3.4210000000000003
"[3.4210000000000003, 3.422)",0.0334936473125,3.422
"[3.422, 3.423)",0.03204102733499999,3.423
"[3.423, 3.424)",0.07656259248333332,3.424
"[3.424, 3.4250000000000003)",0.05710195625,3.4250000000000003
"[3.4250000000000003, 3.426)",0.053135643615384615,3.426
"[3.426, 3.427)",0.0482883306190476,3.427
"[3.427, 3.428)",0.0733652303,3.428
"[3.428, 3.4290000000000003)",0.017854276916666665,3.4290000000000003
"[3.4290000000000003, 3.43)",0.09584555006249999,3.43
"[3.43, 3.431)",0.059227108785714286,3.431
"[3.431, 3.432)",0.04868851235714287,3.432
"[3.432, 3.4330000000000003)",0.01837291135294118,3.4330000000000003
"[3.4330000000000003, 3.434)",0.027913633039999997,3.434
"[3.434, 3.435)",0.11575076346666671,3.435
"[3.435, 3.436)",0.048147287863636375,3.436
"[3.436, 3.4370000000000003)",0.08098437753750001,3.4370000000000003
"[3.4370000000000003, 3.438)",0.028306449500000008,3.438
"[3.438, 3.439)",0.03808698214285714,3.439
"[3.439, 3.44)",0.012125604714285714,3.44
"[3.44, 3.4410000000000003)",0.035339359588235295,3.4410000000000003
"[3.4410000000000003, 3.442)",0.034285869266666665,3.442
"[3.442, 3.443)",0.03864471690000001,3.443
"[3.443, 3.444)",0.013896674631578948,3.444
"[3.444, 3.4450000000000003)",0.023633187157894735,3.4450000000000003
"[3.4450000000000003, 3.446)",0.11780500933333336,3.446
"[3.446, 3.447)",0.036972312199999996,3.447
"[3.447, 3.448)",0.09061415742857142,3.448
"[3.448, 3.4490000000000003)",0.06087261976470589,3.4490000000000003
"[3.4490000000000003, 3.45)",0.0664884307222222,3.45
"[3.45, 3.451)",0.10078243357142859,3.451
"[3.451, 3.452)",0.03138050323529412,3.452
"[3.452, 3.4530000000000003)",0.03475060719047619,3.4530000000000003
"[3.4530000000000003, 3.454)",0.040299707500000004,3.454
"[3.454, 3.455)",0.02841591198,3.455
"[3.455, 3.456)",0.07836028353846153,3.456
"[3.456, 3.457)",0.06385692907142856,3.457
"[3.457, 3.458)",0.12158715330769228,3.458
"[3.458, 3.459)",0.02678540409090909,3.459
"[3.459, 3.46)",0.06782360909090908,3.46
"[3.46, 3.461)",0.10346572166666666,3.461
"[3.461, 3.462)",0.171358566125,3.462
"[3.462, 3.463)",0.048552201450000006,3.463
"[3.463, 3.464)",0.015361795999999999,3.464
"[3.464, 3.465)",0.017468569999999996,3.465
"[3.465, 3.466)",0.04738276334444445,3.466
"[3.466, 3.467)",0.016928519166666666,3.467
"[3.467, 3.468)",0.0822921101,3.468
"[3.468, 3.469)",0.011144241827272725,3.469
"[3.469, 3.47)",0.06171953481818182,3.47
"[3.47, 3.471)",0.05125750145454545,3.471
"[3.471, 3.472)",0.025806787114285714,3.472
"[3.472, 3.473)",0.038879510692307696,3.473
"[3.473, 3.474)",0.058059257133333333,3.474
"[3.474, 3.475)",0.016351160666666666,3.475
"[3.475, 3.476)",0.05469331905555555,3.476
"[3.476, 3.477)",0.12378972818181816,3.477
"[3.477, 3.478)",0.020935687142857144,3.478
"[3.478, 3.479)",0.09611406169230771,3.479
"[3.479, 3.48)",0.04798987583333333,3.48
"[3.48, 3.481)",0.08193908000000001,3.481
"[3.481, 3.482)",0.09352386792307696,3.482
"[3.482, 3.483)",0.0038169344,3.483
"[3.483, 3.484)",0.019352834066666665,3.484
"[3.484, 3.485)",0.03391367421428572,3.485
"[3.485, 3.486)",0.035633273333333326,3.486
"[3.486, 3.487)",0.03541492253846154,3.487
"[3.487, 3.488)",0.015378338223076925,3.488
"[3.488, 3.489)",0.091033232,3.489
"[3.489, 3.49)",0.055175882058823525,3.49
"[3.49, 3.491)",0.03296778754545455,3.491
"[3.491, 3.492)",0.05399641833333333,3.492
"[3.492, 3.493)",0.020852291727272723,3.493
"[3.493, 3.494)",0.04242231481818181,3.494
"[3.494, 3.495)",0.008585568571428571,3.495
"[3.495, 3.496)",0.02849412481818182,3.496
"[3.496, 3.497)",0.017445908944444446,3.497
"[3.497, 3.498)",0.08658608807692307,3.498
"[3.498, 3.499)",0.036227067777777774,3.499
"[3.499, 3.5)",0.067825113525,3.5
"[3.5, 3.501)",0.04728555781818182,3.501
"[3.501, 3.5020000000000002)",0.06593271672222223,3.5020000000000002
"[3.5020000000000002, 3.503)",0.0382933626,3.503
"[3.503, 3.504)",0.019121555894736846,3.504
"[3.504, 3.505)",0.018154408904545456,3.505
"[3.505, 3.5060000000000002)",0.04988466609047618,3.5060000000000002
"[3.5060000000000002, 3.507)",0.030851371470588237,3.507
"[3.507, 3.508)",0.12166360825000001,3.508
"[3.508, 3.509)",0.04776653118181818,3.509
"[3.509, 3.5100000000000002)",0.11059591870588237,3.5100000000000002
"[3.5100000000000002, 3.511)",0.17139131333333335,3.511
"[3.511, 3.512)",0.032061602818181816,3.512
"[3.512, 3.513)",0.04604049663636364,3.513
"[3.513, 3.5140000000000002)",0.13466435118181816,3.5140000000000002
"[3.5140000000000002, 3.515)",0.029117467369411763,3.515
"[3.515, 3.516)",0.043371304500000006,3.516
"[3.516, 3.517)",0.015788785928571428,3.517
"[3.517, 3.5180000000000002)",0.07180020230769231,3.5180000000000002
"[3.5180000000000002, 3.519)",0.058520675499999994,3.519
"[3.519, 3.52)",0.1581267643,3.52
"[3.52, 3.521)",0.09989923973333334,3.521
"[3.521, 3.5220000000000002)",0.10689594577777779,3.5220000000000002
"[3.5220000000000002, 3.523)",0.03284490255555556,3.523
"[3.523, 3.524)",0.06308351,3.524
"[3.524, 3.525)",0.06615384642857143,3.525
"[3.525, 3.5260000000000002)",0.04356356307692307,3.5260000000000002
"[3.5260000000000002, 3.527)",0.008925216,3.527
"[3.527, 3.528)",0.07114278722222223,3.528
"[3.528, 3.529)",0.015328010999999999,3.529
"[3.529, 3.5300000000000002)",0.07137539454545455,3.5300000000000002
"[3.5300000000000002, 3.531)",0.032764731769230775,3.531
"[3.531, 3.532)",0.049913988,3.532
"[3.532, 3.533)",0.06031397922222222,3.533
"[3.533, 3.5340000000000003)",0.09548142553333333,3.5340000000000003
"[3.5340000000000003, 3.535)",0.031124687800000005,3.535
"[3.535, 3.536)",0.021447796083333335,3.536
"[3.536, 3.537)",0.09553463222222221,3.537
"[3.537, 3.5380000000000003)",0.029452883333333336,3.5380000000000003
"[3.5380000000000003, 3.539)",0.016386940000000003,3.539
"[3.539, 3.54)",0.02308411530625,3.54
"[3.54, 3.541)",0.020779889466666666,3.541
"[3.541, 3.5420000000000003)",0.06979819497692306,3.5420000000000003
"[3.5420000000000003, 3.543)",0.05897861375,3.543
"[3.543, 3.544)",0.07318658055,3.544
"[3.544, 3.545)",0.07505599233333334,3.545
"[3.545, 3.5460000000000003)",0.12307888108333333,3.5460000000000003
"[3.5460000000000003, 3.547)",0.014438290999999999,3.547
"[3.547, 3.548)",0.02674154788888889,3.548
"[3.548, 3.549)",0.03548691235294118,3.549
"[3.549, 3.5500000000000003)",0.027524201818181823,3.5500000000000003
"[3.5500000000000003, 3.551)",0.12709769833333331,3.551
"[3.551, 3.552)",0.00546662994117647,3.552
"[3.552, 3.553)",0.1358899073,3.553
"[3.553, 3.5540000000000003)",0.05777958612000001,3.5540000000000003
"[3.5540000000000003, 3.555)",0.07228458123529412,3.555
"[3.555, 3.556)",0.03056655383333333,3.556
"[3.556, 3.557)",0.018426224888888888,3.557
"[3.557, 3.5580000000000003)",0.012245171400000001,3.5580000000000003
"[3.5580000000000003, 3.559)",0.03353837510526316,3.559
"[3.559, 3.56)",0.046325061230769245,3.56
"[3.56, 3.561)",0.024650923749999998,3.561
"[3.561, 3.5620000000000003)",0.03854537,3.5620000000000003
"[3.5620000000000003, 3.563)",0.09368759076923078,3.563
"[3.563, 3.564)",0.032062559125,3.564
"[3.564, 3.565)",0.13413887080526318,3.565
"[3.565, 3.5660000000000003)",0.04223823999375,3.5660000000000003
"[3.5660000000000003, 3.567)",0.07708491941666666,3.567
"[3.567, 3.568)",0.020842802090909086,3.568
"[3.568, 3.569)",0.08155014777777778,3.569
"[3.569, 3.5700000000000003)",0.055309091277777785,3.5700000000000003
"[3.5700000000000003, 3.571)",0.07055612307692308,3.571
"[3.571, 3.572)",0.004772850285714286,3.572
"[3.572, 3.573)",0.10265556142857143,3.573
"[3.573, 3.5740000000000003)",0.020457007923076923,3.5740000000000003
"[3.5740000000000003, 3.575)",0.018987907777777778,3.575
"[3.575, 3.576)",0.015372679647058825,3.576
"[3.576, 3.577)",0.011528135763636366,3.577
"[3.577, 3.5780000000000003)",0.12005899953333335,3.5780000000000003
"[3.5780000000000003, 3.579)",0.022888901111111113,3.579
"[3.579, 3.58)",0.14825302000000004,3.58
"[3.58, 3.581)",0.1216452926777778,3.581
"[3.581, 3.5820000000000003)",0.0133793232375,3.5820000000000003
"[3.5820000000000003, 3.583)",0.021438355428571428,3.583
"[3.583, 3.584)",0.01495145623,3.584
"[3.584, 3.585)",0.11191774330769234,3.585
"[3.585, 3.586)",0.0217593366,3.586
"[3.586, 3.587)",0.023241070849999997,3.587
"[3.587, 3.588)",0.0931526753,3.588
"[3.588, 3.589)",0.03344564572727274,3.589
"[3.589, 3.59)",0.03901891555000001,3.59
"[3.59, 3.591)",0.025288660857142854,3.591
"[3.591, 3.592)",0.18148482622222226,3.592
"[3.592, 3.593)",0.08316465042857143,3.593
"[3.593, 3.594)",0.043390050875,3.594
"[3.594, 3.595)",0.01740362746153846,3.595
"[3.595, 3.596)",0.0066793899999999995,3.596
"[3.596, 3.597)",0.024540425625,3.597
"[3.597, 3.598)",0.030204309600000007,3.598
"[3.598, 3.599)",0.0043971943,3.599
"[3.599, 3.6)",0.015819849490000003,3.6
"[3.6, 3.601)",0.05962945858333333,3.601
"[3.601, 3.602)",0.17332971014285717,3.602
"[3.602, 3.603)",0.02606758094736842,3.603
"[3.603, 3.604)",0.08847016700000002,3.604
"[3.604, 3.605)",0.033175204181818185,3.605
"[3.605, 3.606)",0.08690917866666664,3.606
"[3.606, 3.607)",0.019757379999999998,3.607
"[3.607, 3.608)",0.02762127927272727,3.608
"[3.608, 3.609)",0.04416805664,3.609
"[3.609, 3.61)",0.0298091022,3.61
"[3.61, 3.611)",0.05815906699999999,3.611
"[3.611, 3.612)",0.0691120759,3.612
"[3.612, 3.613)",0.06566658681875,3.613
"[3.613, 3.614)",0.016319182300000002,3.614
"[3.614, 3.615)",0.028155951166666665,3.615
"[3.615, 3.616)",0.04048504966666667,3.616
"[3.616, 3.617)",0.06545380257142856,3.617
"[3.617, 3.618)",0.043881179285714285,3.618
"[3.618, 3.619)",0.01851620761538461,3.619
"[3.619, 3.62)",0.036601613625,3.62
"[3.62, 3.621)",0.06779751609090909,3.621
"[3.621, 3.622)",0.023563633636363636,3.622
"[3.622, 3.623)",0.04473093461538461,3.623
"[3.623, 3.624)",0.0822925239,3.624
"[3.624, 3.625)",0.06066496966666665,3.625
"[3.625, 3.626)",0.04129526714285714,3.626
"[3.626, 3.6270000000000002)",0.1059926155,3.6270000000000002
"[3.6270000000000002, 3.628)",0.03950052238461539,3.628
"[3.628, 3.629)",0.014030104375000001,3.629
"[3.629, 3.63)",0.010376378599999998,3.63
"[3.63, 3.6310000000000002)",0.025527968789473676,3.6310000000000002
"[3.6310000000000002, 3.632)",0.015254325499999999,3.632
"[3.632, 3.633)",0.02946657390909091,3.633
"[3.633, 3.634)",0.024906799,3.634
"[3.634, 3.6350000000000002)",0.025278814187500002,3.6350000000000002
"[3.6350000000000002, 3.636)",0.01859217255454546,3.636
"[3.636, 3.637)",0.023725859000000002,3.637
"[3.637, 3.638)",0.0279281924375,3.638
"[3.638, 3.6390000000000002)",0.030021980000000004,3.6390000000000002
"[3.6390000000000002, 3.64)",0.022618634538461538,3.64
"[3.64, 3.641)",0.0198602804,3.641
"[3.641, 3.642)",0.024397302733333338,3.642
"[3.642, 3.6430000000000002)",0.026824597200000008,3.6430000000000002
"[3.6430000000000002, 3.644)",0.0148389774375,3.644
"[3.644, 3.645)",0.085559662,3.645
"[3.645, 3.646)",0.053818786090909086,3.646
"[3.646, 3.6470000000000002)",0.1142847434,3.6470000000000002
"[3.6470000000000002, 3.648)",0.013605256999999999,3.648
"[3.648, 3.649)",0.0706664645625,3.649
"[3.649, 3.65)",0.08552256905555553,3.65
"[3.65, 3.6510000000000002)",0.008850097333333333,3.6510000000000002
"[3.6510000000000002, 3.652)",0.043952298300000005,3.652
"[3.652, 3.653)",0.020953727,3.653
"[3.653, 3.654)",0.04379162875,3.654
"[3.654, 3.6550000000000002)",0.027865646125,3.6550000000000002
"[3.6550000000000002, 3.656)",0.13546839811111117,3.656
"[3.656, 3.657)",0.06898865374999999,3.657
"[3.657, 3.658)",0.0123644,3.658
"[3.658, 3.6590000000000003)",0.030784952857142858,3.6590000000000003
"[3.6590000000000003, 3.66)",0.03896157145454546,3.66
"[3.66, 3.661)",0.028093085507142856,3.661
"[3.661, 3.662)",0.068609923,3.662
"[3.662, 3.6630000000000003)",0.06445914222222222,3.6630000000000003
"[3.6630000000000003, 3.664)",0.018593725625,3.664
"[3.664, 3.665)",0.021927784399999997,3.665
"[3.665, 3.666)",0.147475567,3.666
"[3.666, 3.6670000000000003)",0.019336322857142856,3.6670000000000003
"[3.6670000000000003, 3.668)",0.008372079428571428,3.668
"[3.668, 3.669)",0.030529029352941186,3.669
"[3.669, 3.67)",0.12302008146666668,3.67
"[3.67, 3.6710000000000003)",0.02830149545384615,3.6710000000000003
"[3.6710000000000003, 3.672)",0.13073027506666668,3.672
"[3.672, 3.673)",0.01827407118181818,3.673
"[3.673, 3.674)",0.018962874299999998,3.674
"[3.674, 3.6750000000000003)",0.1250340815555556,3.6750000000000003
"[3.6750000000000003, 3.676)",0.01652422,3.676
"[3.676, 3.677)",0.021767273625,3.677
"[3.677, 3.678)",0.053917769800000015,3.678
"[3.678, 3.6790000000000003)",0.016057247647058823,3.6790000000000003
"[3.6790000000000003, 3.68)",0.06403349,3.68
"[3.68, 3.681)",0.07374726912499999,3.681
"[3.681, 3.682)",0.028636913466666674,3.682
"[3.682, 3.6830000000000003)",0.030259911666666663,3.6830000000000003
"[3.6830000000000003, 3.684)",0.03557865244444444,3.684
"[3.684, 3.685)",0.005994546824999999,3.685
"[3.685, 3.686)",0.015502281230769232,3.686
"[3.686, 3.6870000000000003)",0.04268270083333333,3.6870000000000003
"[3.6870000000000003, 3.688)",0.03151079181,3.688
"[3.688, 3.689)",0.08084753230769232,3.689
"[3.689, 3.69)",0.08001030858333333,3.69
"[3.69, 3.6910000000000003)",0.080440163,3.6910000000000003
"[3.6910000000000003, 3.692)",0.09156747892307691,3.692
"[3.692, 3.693)",0.0358431539,3.693
"[3.693, 3.694)",0.15380642,3.694
"[3.694, 3.6950000000000003)",0.18993018144444446,3.6950000000000003
"[3.6950000000000003, 3.696)",0.11439630922222227,3.696
"[3.696, 3.697)",0.007115430666666666,3.697
"[3.697, 3.698)",0.02334542888888889,3.698
"[3.698, 3.6990000000000003)",0.035207567,3.6990000000000003
"[3.6990000000000003, 3.7)",0.007375109499999999,3.7
"[3.7, 3.701)",0.036590067999999996,3.701
"[3.701, 3.702)",0.12160681716666667,3.702
"[3.702, 3.7030000000000003)",0.06522412808333332,3.7030000000000003
"[3.7030000000000003, 3.704)",0.14514661166666668,3.704
"[3.704, 3.705)",0.0805249967142857,3.705
"[3.705, 3.706)",0.01596496,3.706
"[3.706, 3.7070000000000003)",0.012146862750000001,3.7070000000000003
"[3.7070000000000003, 3.708)",0.040873257142857146,3.708
"[3.708, 3.709)",0.017258105675,3.709
"[3.709, 3.71)",0.028141157000000003,3.71
"[3.71, 3.7110000000000003)",0.0035740443333333338,3.7110000000000003
"[3.7110000000000003, 3.712)",0.13229706875000002,3.712
"[3.712, 3.713)",0.01859645757142857,3.713
"[3.713, 3.714)",0.003907785714285714,3.714
"[3.714, 3.715)",0.014149317166666666,3.715
"[3.715, 3.716)",0.024831340374999997,3.716
"[3.716, 3.717)",0.08233423000000001,3.717
"[3.717, 3.718)",0.20209163900000002,3.718
"[3.718, 3.719)",0.019491909222222225,3.719
"[3.719, 3.72)",0.017483958,3.72
"[3.72, 3.721)",0.008279165714285714,3.721
"[3.721, 3.722)",0.0461302927,3.722
"[3.722, 3.723)",0.015612733742857142,3.723
"[3.723, 3.724)",0.09681989033333332,3.724
"[3.724, 3.725)",0.19596244166666665,3.725
"[3.725, 3.726)",0.18949668392857144,3.726
"[3.726, 3.727)",0.14147504766666666,3.727
"[3.727, 3.728)",0.058129007499999996,3.728
"[3.728, 3.729)",0.03254322144545455,3.729
"[3.729, 3.73)",0.12798088237500002,3.73
"[3.73, 3.731)",0.052109022299999995,3.731
"[3.731, 3.732)",0.03516783344444444,3.732
"[3.732, 3.733)",0.01932555857142857,3.733
"[3.733, 3.734)",0.013899614555555554,3.734
"[3.734, 3.735)",0.12766278333333334,3.735
"[3.735, 3.736)",0.06284885,3.736
"[3.736, 3.737)",0.04818704209090908,3.737
"[3.737, 3.738)",0.05030234537500001,3.738
"[3.738, 3.739)",0.03254182471428572,3.739
"[3.739, 3.74)",0.030784029999999993,3.74
"[3.74, 3.741)",0.06090979428571429,3.741
"[3.741, 3.742)",0.05271319000000001,3.742
"[3.742, 3.743)",0.008791430900000001,3.743
"[3.743, 3.744)",0.011188199999999999,3.744
"[3.744, 3.745)",0.019248003750000003,3.745
"[3.745, 3.746)",0.0627053146,3.746
"[3.746, 3.747)",0.027825623333333337,3.747
"[3.747, 3.748)",0.019676850625000002,3.748
"[3.748, 3.749)",0.022736187875000008,3.749
"[3.749, 3.75)",0.0970764151,3.75
"[3.75, 3.751)",0.02713844854545455,3.751
"[3.751, 3.7520000000000002)",0.07074883414285714,3.7520000000000002
"[3.7520000000000002, 3.753)",0.11663179799999998,3.753
"[3.753, 3.754)",0.1661099896,3.754
"[3.754, 3.755)",0.06448585,3.755
"[3.755, 3.7560000000000002)",0.08985657833333333,3.7560000000000002
"[3.7560000000000002, 3.757)",0.05683616824999999,3.757
"[3.757, 3.758)",0.079645485,3.758
"[3.758, 3.759)",0.014678255612499998,3.759
"[3.759, 3.7600000000000002)",0.0996586293846154,3.7600000000000002
"[3.7600000000000002, 3.761)",0.0335979,3.761
"[3.761, 3.762)",0.042970266666666666,3.762
"[3.762, 3.763)",0.030909358999999994,3.763
"[3.763, 3.7640000000000002)",0.05947835,3.7640000000000002
"[3.7640000000000002, 3.765)",0.032407752500000005,3.765
"[3.765, 3.766)",0.06184613116666666,3.766
"[3.766, 3.767)",0.17709948650000001,3.767
"[3.767, 3.7680000000000002)",0.012879642000000002,3.7680000000000002
"[3.7680000000000002, 3.769)",0.03696379869000001,3.769
"[3.769, 3.77)",0.00860055,3.77
"[3.77, 3.771)",0.0462949042,3.771
"[3.771, 3.7720000000000002)",0.008664232289999999,3.7720000000000002
"[3.7720000000000002, 3.773)",0.018610943333333334,3.773
"[3.773, 3.774)",0.22830981399999997,3.774
"[3.774, 3.775)",0.15914116494444444,3.775
"[3.775, 3.7760000000000002)",0.23811111384615385,3.7760000000000002
"[3.7760000000000002, 3.777)",0.2106397869,3.777
"[3.777, 3.778)",0.13732987727272727,3.778
"[3.778, 3.779)",0.104875753,3.779
"[3.779, 3.7800000000000002)",0.07481422042857143,3.7800000000000002
"[3.7800000000000002, 3.781)",0.10015403249999999,3.781
"[3.781, 3.782)",0.0067483667777777775,3.782
"[3.782, 3.783)",0.010873284142857143,3.783
"[3.783, 3.7840000000000003)",0.0863774806,3.7840000000000003
"[3.7840000000000003, 3.785)",0.06893616900000002,3.785
"[3.785, 3.786)",0.40949438875,3.786
"[3.786, 3.787)",0.12748883176666667,3.787
"[3.787, 3.7880000000000003)",0.23434732144444448,3.7880000000000003
"[3.7880000000000003, 3.789)",0.1341495077777778,3.789
"[3.789, 3.79)",0.10315872029999999,3.79
"[3.79, 3.791)",0.049969423142857135,3.791
"[3.791, 3.7920000000000003)",0.09091833142857143,3.7920000000000003
"[3.7920000000000003, 3.793)",0.05762513899999999,3.793
"[3.793, 3.794)",0.04670602500000001,3.794
"[3.794, 3.795)",0.10584896124999998,3.795
"[3.795, 3.7960000000000003)",0.13496972991250003,3.7960000000000003
"[3.7960000000000003, 3.797)",0.005722031444444443,3.797
"[3.797, 3.798)",0.12883376910000002,3.798
"[3.798, 3.799)",0.15037492000000002,3.799
"[3.799, 3.8000000000000003)",0.012688459599999998,3.8000000000000003
"[3.8000000000000003, 3.801)",0.010623666441666667,3.801
"[3.801, 3.802)",0.0127913063,3.802
"[3.802, 3.803)",0.012024375714285714,3.803
"[3.803, 3.8040000000000003)",0.02089991097764706,3.8040000000000003
"[3.8040000000000003, 3.805)",0.032794327375,3.805
"[3.805, 3.806)",0.15010895333333338,3.806
"[3.806, 3.807)",0.038023801625,3.807
"[3.807, 3.8080000000000003)",0.02339341,3.8080000000000003
"[3.8080000000000003, 3.809)",0.03668708,3.809
"[3.809, 3.81)",0.02194474048000001,3.81
"[3.81, 3.811)",0.01842584777777778,3.811
"[3.811, 3.8120000000000003)",0.02529611,3.8120000000000003
"[3.8120000000000003, 3.813)",0.0695432585,3.813
"[3.813, 3.814)",0.0662938235,3.814
"[3.814, 3.815)",0.026672622857142857,3.815
"[3.815, 3.8160000000000003)",0.033629064833333326,3.8160000000000003
"[3.8160000000000003, 3.817)",0.030592455142857137,3.817
"[3.817, 3.818)",0.033789289416666674,3.818
"[3.818, 3.819)",0.055797347355555554,3.819
"[3.819, 3.8200000000000003)",0.017092979363636365,3.8200000000000003
"[3.8200000000000003, 3.821)",0.06681421355555556,3.821
"[3.821, 3.822)",0.02193144570588235,3.822
"[3.822, 3.823)",0.03552588957142857,3.823
"[3.823, 3.8240000000000003)",0.04416022452,3.8240000000000003
"[3.8240000000000003, 3.825)",0.05059473555555556,3.825
"[3.825, 3.826)",0.066036605,3.826
"[3.826, 3.827)",0.010753743285714285,3.827
"[3.827, 3.8280000000000003)",0.0238650925,3.8280000000000003
"[3.8280000000000003, 3.829)",0.14315348845454545,3.829
"[3.829, 3.83)",0.042674207,3.83
"[3.83, 3.831)",0.015520955746153847,3.831
"[3.831, 3.8320000000000003)",0.1632329902727273,3.8320000000000003
"[3.8320000000000003, 3.833)",0.06451877083333334,3.833
"[3.833, 3.834)",0.007878554714285715,3.834
"[3.834, 3.835)",0.03779613941666667,3.835
"[3.835, 3.8360000000000003)",0.062215561111111116,3.8360000000000003
"[3.8360000000000003, 3.837)",0.06561044290909092,3.837
"[3.837, 3.838)",0.17293455100000002,3.838
"[3.838, 3.839)",0.02344585312666667,3.839
"[3.839, 3.84)",0.05376904210000001,3.84
"[3.84, 3.841)",0.20237355,3.841
"[3.841, 3.842)",0.049374306571428564,3.842
"[3.842, 3.843)",0.0098681985,3.843
"[3.843, 3.844)",0.0349609024,3.844
"[3.844, 3.845)",0.021806793333333335,3.845
"[3.845, 3.846)",0.005099828571428572,3.846
"[3.846, 3.847)",0.02014266433333333,3.847
"[3.847, 3.848)",0.06234,3.848
"[3.848, 3.849)",0.047426194525,3.849
"[3.849, 3.85)",0.022128155,3.85
"[3.85, 3.851)",0.101257126,3.851
"[3.851, 3.852)",0.01460216,3.852
"[3.852, 3.853)",0.02332182185714286,3.853
"[3.853, 3.854)",0.010351686666666667,3.854
"[3.854, 3.855)",0.04459504245454546,3.855
"[3.855, 3.856)",0.04186930285714286,3.856
"[3.856, 3.857)",0.237954175375,3.857
"[3.857, 3.858)",0.043378745533333325,3.858
"[3.858, 3.859)",0.010866911,3.859
"[3.859, 3.86)",0.0932937022222222,3.86
"[3.86, 3.861)",0.020111233099999997,3.861
"[3.861, 3.862)",0.0768732916,3.862
"[3.862, 3.863)",0.04284419614285715,3.863
"[3.863, 3.864)",0.011305681857142858,3.864
"[3.864, 3.865)",0.14421489499999998,3.865
"[3.865, 3.866)",0.04376716875,3.866
"[3.866, 3.867)",0.021059509555555557,3.867
"[3.867, 3.868)",0.09299362371428573,3.868
"[3.868, 3.869)",0.15658688691666667,3.869
"[3.869, 3.87)",0.13083354819999998,3.87
"[3.87, 3.871)",0.09274380333333332,3.871
"[3.871, 3.872)",0.08406913290909089,3.872
"[3.872, 3.873)",0.07384934483333333,3.873
"[3.873, 3.874)",0.22269182499999998,3.874
"[3.874, 3.875)",0.06615400545454544,3.875
"[3.875, 3.876)",0.087805105,3.876
"[3.876, 3.8770000000000002)",0.10291743530000001,3.8770000000000002
"[3.8770000000000002, 3.878)",0.0055073332499999995,3.878
"[3.878, 3.879)",0.016280246625,3.879
"[3.879, 3.88)",1.0,3.88
"[3.88, 3.8810000000000002)",0.17942730443750002,3.8810000000000002
"[3.8810000000000002, 3.882)",0.010500836666666666,3.882
"[3.882, 3.883)",0.041240714,3.883
"[3.883, 3.884)",0.030609251444444444,3.884
"[3.884, 3.8850000000000002)",0.013689229363636361,3.8850000000000002
"[3.8850000000000002, 3.886)",0.07012476449999999,3.886
"[3.886, 3.887)",0.0237240275,3.887
"[3.887, 3.888)",0.1503215,3.888
"[3.888, 3.8890000000000002)",0.08216306749999999,3.8890000000000002
"[3.8890000000000002, 3.89)",0.0321355275,3.89
"[3.89, 3.891)",0.0449700075,3.891
"[3.891, 3.892)",0.13099984162499997,3.892
"[3.892, 3.8930000000000002)",0.003434785,3.8930000000000002
"[3.8930000000000002, 3.894)",0.03797662625,3.894
"[3.895, 3.896)",0.023641110714285714,3.895
"[3.896, 3.8970000000000002)",0.06231715,3.896
"[3.8970000000000002, 3.898)",0.026490453285714283,3.8970000000000002
"[3.898, 3.899)",0.004250055733333333,3.898
"[3.899, 3.9)",0.055481098,3.899
"[3.9, 3.9010000000000002)",0.046218884999999994,3.9
"[3.9010000000000002, 3.902)",0.08399952,3.9010000000000002
"[3.902, 3.903)",0.043792852,3.902
"[3.903, 3.904)",0.007938226666666666,3.903
"[3.904, 3.9050000000000002)",0.0143196725,3.904
"[3.9050000000000002, 3.906)",0.02547437,3.9050000000000002
"[3.906, 3.907)",0.012938022600000001,3.906
"[3.907, 3.908)",0.2611418340000001,3.907
"[3.908, 3.9090000000000003)",0.04812497807142857,3.908
"[3.9090000000000003, 3.91)",0.033881806274999995,3.9090000000000003
"[3.91, 3.911)",0.010288188571428571,3.91
"[3.911, 3.912)",0.059706282500000006,3.911
"[3.912, 3.9130000000000003)",0.048194211428571436,3.912
"[3.9130000000000003, 3.914)",0.17085039485714287,3.9130000000000003
"[3.914, 3.915)",0.047590867142857145,3.914
"[3.915, 3.916)",0.0046202082500000005,3.915
"[3.916, 3.9170000000000003)",0.041112771625,3.916
"[3.9170000000000003, 3.918)",0.027893430750000003,3.9170000000000003
"[3.918, 3.919)",0.028106845374999998,3.918
"[3.919, 3.92)",0.0744932276,3.919
"[3.92, 3.9210000000000003)",0.0318376925,3.92
"[3.9210000000000003, 3.922)",0.0448966875,3.9210000000000003
"[3.922, 3.923)",0.2829608,3.922
"[3.923, 3.924)",0.13224886249999998,3.923
"[3.924, 3.9250000000000003)",0.11762052,3.924
"[3.9250000000000003, 3.926)",0.009680655,3.9250000000000003
"[3.926, 3.927)",0.02200487,3.926
"[3.927, 3.928)",0.049569085000000006,3.927
"[3.928, 3.9290000000000003)",0.07689016018181817,3.928
"[3.9290000000000003, 3.93)",0.015142471666666666,3.9290000000000003
"[3.93, 3.931)",0.28707775475,3.93
"[3.931, 3.932)",0.012177814999999998,3.931
"[3.932, 3.9330000000000003)",0.017624110000000002,3.932
"[3.9330000000000003, 3.934)",0.025997696249999997,3.9330000000000003
"[3.934, 3.935)",0.028430549999999995,3.934
"[3.935, 3.936)",0.10623032366666667,3.935
"[3.936, 3.9370000000000003)",0.018608816142857143,3.936
"[3.9370000000000003, 3.938)",0.085352582,3.9370000000000003
"[3.938, 3.939)",0.017417131666666665,3.938
"[3.939, 3.94)",0.03537555333333334,3.939
"[3.94, 3.9410000000000003)",0.047211376000000006,3.94
"[3.9410000000000003, 3.942)",0.015189607999999999,3.9410000000000003
"[3.942, 3.943)",0.043416428,3.942
"[3.943, 3.944)",0.007990810599999999,3.943
"[3.944, 3.9450000000000003)",0.12777204675,3.944
"[3.9450000000000003, 3.946)",0.1703266,3.9450000000000003
"[3.946, 3.947)",0.06818673600000001,3.946
"[3.947, 3.948)",0.0274678,3.947
"[3.948, 3.9490000000000003)",0.0107876775,3.948
"[3.9490000000000003, 3.95)",0.07234177428571428,3.9490000000000003
"[3.95, 3.951)",0.23339415708333336,3.95
"[3.951, 3.952)",0.10096871857142856,3.951
"[3.952, 3.9530000000000003)",0.0053525506,3.952
"[3.9530000000000003, 3.954)",0.005307079833333333,3.9530000000000003
"[3.954, 3.955)",0.00921135,3.954
"[3.955, 3.956)",0.022182733492857144,3.955
"[3.956, 3.9570000000000003)",0.0361544948,3.956
"[3.9570000000000003, 3.958)",0.229461058,3.9570000000000003
"[3.958, 3.959)",0.036534767999999995,3.958
"[3.959, 3.96)",0.333333,3.959
"[3.96, 3.9610000000000003)",0.36352059999999997,3.96
"[3.9610000000000003, 3.962)",0.012441664799999998,3.9610000000000003
"[3.962, 3.963)",0.010744069333333333,3.962
"[3.963, 3.964)",0.018163872727272726,3.963
"[3.964, 3.9650000000000003)",0.09257912000000001,3.964
"[3.9650000000000003, 3.966)",0.03575721814285714,3.9650000000000003
"[3.966, 3.967)",0.029997613999999995,3.966
"[3.967, 3.968)",0.24847536660000005,3.967
"[3.968, 3.969)",0.017195149,3.968
"[3.969, 3.97)",0.01399822575,3.969
"[3.97, 3.971)",0.11988429545454546,3.97
"[3.971, 3.972)",0.061128088600000005,3.971
"[3.972, 3.973)",0.03495664483333333,3.972
"[3.973, 3.974)",0.08466029948,3.973
"[3.974, 3.975)",0.016613044599999998,3.974
"[3.975, 3.976)",0.05614474037500001,3.975
"[3.976, 3.977)",0.035936418000000005,3.976
"[3.977, 3.978)",0.229425105,3.977
"[3.978, 3.979)",0.15072521125,3.978
"[3.979, 3.98)",0.019963932,3.979
"[3.98, 3.981)",0.14874376733750003,3.98
"[3.981, 3.982)",0.08381103333333335,3.981
"[3.982, 3.983)",0.333333,3.982
"[3.983, 3.984)",0.2708224083333333,3.983
"[3.984, 3.985)",0.04226001900000002,3.984
"[3.985, 3.986)",0.049534830375000005,3.985
"[3.986, 3.987)",0.252646893875,3.986
"[3.987, 3.988)",0.2806603842,3.987
"[3.988, 3.989)",0.059887165,3.988
"[3.989, 3.99)",0.10466234787499999,3.989
"[3.99, 3.991)",0.03589116666666667,3.99
"[3.991, 3.992)",0.12789344236363634,3.991
"[3.992, 3.993)",0.15694244999999996,3.992
"[3.993, 3.994)",0.018409093333333335,3.993
"[3.994, 3.995)",0.0156761066,3.994
"[3.995, 3.996)",0.23820174285714285,3.995
"[3.996, 3.997)",0.0728771266,3.996
"[3.997, 3.998)",0.06488756391666665,3.997
"[3.998, 3.999)",0.0038314043333333332,3.998
"[3.999, 4.0)",0.0213506246,3.999
"[4.0, 4.001)",0.1114008463,4.0
"[4.001, 4.002)",0.127529505125,4.001
"[4.002, 4.003)",0.021567842090909093,4.002
"[4.003, 4.0040000000000004)",0.07882561611111112,4.003
"[4.0040000000000004, 4.005)",0.06759925333333333,4.0040000000000004
"[4.005, 4.006)",0.023991663636363635,4.005
"[4.006, 4.007)",0.055809934714285726,4.006
"[4.007, 4.008)",0.0315370366,4.007
"[4.008, 4.009)",0.1491411425,4.008
"[4.009, 4.01)",0.046042690799999994,4.009
"[4.01, 4.011)",0.10075587572727276,4.01
"[4.011, 4.0120000000000005)",0.033184828000000006,4.011
"[4.0120000000000005, 4.013)",0.022834597999999998,4.0120000000000005
"[4.013, 4.014)",0.07936410333333332,4.013
"[4.014, 4.015)",0.029743144285714285,4.014
"[4.015, 4.016)",0.08991924253846156,4.015
"[4.016, 4.017)",0.1111367357647059,4.016
"[4.017, 4.018)",0.013879586083333333,4.017
"[4.018, 4.019)",0.01471256054545454,4.018
"[4.019, 4.0200000000000005)",0.019126077142857145,4.019
"[4.0200000000000005, 4.021)",0.072465256625,4.0200000000000005
"[4.021, 4.022)",0.11272742499999999,4.021
"[4.022, 4.023)",0.018895475083333335,4.022
"[4.023, 4.024)",0.11856203714285715,4.023
"[4.024, 4.025)",0.10195366,4.024
"[4.025, 4.026)",0.03369479881818182,4.025
"[4.026, 4.027)",0.01256596,4.026
"[4.027, 4.0280000000000005)",0.03551917627272728,4.027
"[4.0280000000000005, 4.029)",0.03912418941666667,4.0280000000000005
"[4.029, 4.03)",0.031023775454545453,4.029
"[4.03, 4.031)",0.0956073916,4.03
"[4.031, 4.032)",0.0668316834,4.031
"[4.032, 4.033)",0.063112844,4.032
"[4.033, 4.034)",0.009888589666666666,4.033
"[4.034, 4.035)",0.029525208571428575,4.034
"[4.035, 4.0360000000000005)",0.024553909222222222,4.035
"[4.0360000000000005, 4.037)",0.03262710571428572,4.0360000000000005
"[4.037, 4.038)",0.064491215,4.037
"[4.038, 4.039)",0.03936507027272728,4.038
"[4.039, 4.04)",0.038024867000000004,4.039
"[4.04, 4.041)",0.09254057576923078,4.04
"[4.041, 4.042)",0.04495479614285715,4.041
"[4.042, 4.043)",0.12918702108333335,4.042
"[4.043, 4.0440000000000005)",0.025417697142857142,4.043
"[4.0440000000000005, 4.045)",0.06443171375,4.0440000000000005
"[4.045, 4.046)",0.026160950300000006,4.045
"[4.046, 4.047)",0.055151534,4.046
"[4.047, 4.048)",0.024447168545454544,4.047
"[4.048, 4.049)",0.07505268442857142,4.048
"[4.049, 4.05)",0.2090543866,4.049
"[4.05, 4.051)",0.12264430125,4.05
"[4.051, 4.0520000000000005)",0.034702586142857136,4.051
"[4.0520000000000005, 4.053)",0.17169909125,4.0520000000000005
"[4.053, 4.054)",0.13029691114285719,4.053
"[4.054, 4.055)",0.0260797563,4.054
"[4.055, 4.056)",0.11709386000000004,4.055
"[4.056, 4.057)",0.015283578333333334,4.056
"[4.057, 4.058)",0.019758897142857144,4.057
"[4.058, 4.059)",0.03477239,4.058
"[4.059, 4.0600000000000005)",0.028004144999999998,4.059
"[4.0600000000000005, 4.061)",0.0960196875,4.0600000000000005
"[4.061, 4.062)",0.09829947894736839,4.061
"[4.062, 4.063)",0.08023062809999999,4.062
"[4.063, 4.064)",0.16752808299999997,4.063
"[4.064, 4.065)",0.012434159428571429,4.064
"[4.065, 4.066)",0.0673683581,4.065
"[4.066, 4.067)",0.062450604615384625,4.066
"[4.067, 4.0680000000000005)",0.07802387540000001,4.067
"[4.0680000000000005, 4.069)",0.012998880333333332,4.0680000000000005
"[4.069, 4.07)",0.045437207714285714,4.069
"[4.07, 4.071)",0.08133739999999999,4.07
"[4.071, 4.072)",0.017183537000000002,4.071
"[4.072, 4.073)",0.0193645,4.072
"[4.073, 4.074)",0.020999354600000002,4.073
"[4.074, 4.075)",0.047293379999999996,4.074
"[4.075, 4.0760000000000005)",0.36368306666666667,4.075
"[4.0760000000000005, 4.077)",0.10801097333333333,4.0760000000000005
"[4.077, 4.078)",0.012433372000000002,4.077
"[4.078, 4.079)",0.01579359433333333,4.078
"[4.079, 4.08)",0.016377279999999998,4.079
"[4.08, 4.081)",0.10503885,4.08
"[4.081, 4.082)",0.04097188871428571,4.081
"[4.082, 4.083)",0.15596756666666667,4.082
"[4.083, 4.0840000000000005)",0.020724281666666667,4.083
"[4.0840000000000005, 4.085)",0.11860212340000001,4.0840000000000005
"[4.085, 4.086)",0.24837096666666664,4.085
"[4.086, 4.087)",0.007596227999999999,4.086
"[4.087, 4.088)",0.023746329666666663,4.087
"[4.088, 4.089)",0.03864458666666667,4.088
"[4.089, 4.09)",0.0260567715,4.089
"[4.091, 4.0920000000000005)",0.00187157,4.09
"[4.0920000000000005, 4.093)",0.07411857133333333,4.091
"[4.093, 4.094)",0.019690955000000003,4.0920000000000005
"[4.094, 4.095)",0.053598244999999996,4.093
"[4.095, 4.096)",0.33313297666666664,4.094
"[4.096, 4.097)",0.08324217325,4.095
"[4.097, 4.098)",0.0205573755,4.096
"[4.098, 4.099)",0.06647342428571429,4.097
"[4.099, 4.1)",0.02475767766666667,4.098
"[4.1, 4.101)",0.0017850933333333336,4.099
"[4.101, 4.102)",0.27438810599999996,4.1
"[4.102, 4.103)",0.01454151157142857,4.101
"[4.103, 4.104)",0.04290557888888889,4.102
"[4.104, 4.105)",0.08009585450000001,4.103
"[4.105, 4.106)",0.08677444477777778,4.104
"[4.106, 4.107)",0.05113036090909091,4.105
"[4.107, 4.108)",0.21593684200000002,4.106
"[4.108, 4.109)",0.04365909111111111,4.107
"[4.109, 4.11)",0.018275964571428573,4.108
"[4.11, 4.111)",0.051925568422222214,4.109
"[4.111, 4.112)",0.04797955533333333,4.11
"[4.112, 4.113)",0.05653366666666667,4.111
"[4.113, 4.114)",0.0707696788888889,4.112
"[4.114, 4.115)",0.09014157833333332,4.113
"[4.115, 4.116)",0.20386488412499998,4.114
"[4.116, 4.117)",0.03630980833333333,4.115
"[4.117, 4.118)",0.15353119333333334,4.116
"[4.118, 4.119)",0.0553892375,4.117
"[4.119, 4.12)",0.035749674125000006,4.118
"[4.12, 4.121)",0.09540119027272732,4.119
"[4.121, 4.122)",0.011880199666666666,4.12
"[4.122, 4.123)",0.19823682833333334,4.121
"[4.123, 4.124)",0.09456057142857142,4.122
"[4.124, 4.125)",0.075117762,4.123
"[4.125, 4.126)",0.23051112366666665,4.124
"[4.126, 4.127)",0.01450366666666667,4.125
"[4.127, 4.128)",0.09372341799999999,4.126
"[4.128, 4.1290000000000004)",0.044792955375000006,4.127
"[4.1290000000000004, 4.13)",0.08752606166666667,4.128
"[4.13, 4.131)",0.014814848,4.1290000000000004
"[4.131, 4.132)",0.11907415000000002,4.13
"[4.132, 4.133)",0.065919975,4.131
"[4.133, 4.134)",0.12717484499999998,4.132
"[4.134, 4.135)",0.084285126,4.133
"[4.135, 4.136)",0.062388584999999996,4.134
"[4.136, 4.1370000000000005)",0.020420155555555555,4.135
"[4.1370000000000005, 4.138)",0.08801039999999999,4.136
"[4.138, 4.139)",0.07726212181818183,4.1370000000000005
"[4.139, 4.14)",0.0294590281,4.138
"[4.14, 4.141)",0.03036902,4.139
"[4.141, 4.142)",0.05848573833333334,4.14
"[4.142, 4.143)",0.09646920799999999,4.141
"[4.143, 4.144)",0.0049084172,4.142
"[4.144, 4.1450000000000005)",0.00672608,4.143
"[4.1450000000000005, 4.146)",0.12105131250000001,4.144
"[4.146, 4.147)",0.04213293666666667,4.1450000000000005
"[4.147, 4.148)",0.06611817333333332,4.146
"[4.148, 4.149)",0.05653967868333333,4.147
"[4.149, 4.15)",0.043070465375000005,4.148
"[4.15, 4.151)",0.04516812333333333,4.149
"[4.151, 4.152)",0.013424656666666665,4.15
"[4.152, 4.1530000000000005)",0.007694326666666667,4.151
"[4.1530000000000005, 4.154)",0.05736813222222222,4.152
"[4.154, 4.155)",0.21690406666666665,4.1530000000000005
"[4.155, 4.156)",0.06107807857142857,4.154
"[4.156, 4.157)",0.1702065530375,4.155
"[4.157, 4.158)",0.06742611855000001,4.156
"[4.158, 4.159)",0.006446786250000001,4.157
"[4.159, 4.16)",0.045998624,4.158
"[4.16, 4.1610000000000005)",0.05984948400000001,4.159
"[4.1610000000000005, 4.162)",0.14494277222222224,4.16
"[4.162, 4.163)",0.043377109450000007,4.1610000000000005
"[4.163, 4.164)",0.058499436666666654,4.162
"[4.164, 4.165)",0.12043207300000004,4.163
"[4.165, 4.166)",0.06812099188888888,4.164
"[4.166, 4.167)",0.051604197000000004,4.165
"[4.167, 4.168)",0.027885532,4.166
"[4.168, 4.1690000000000005)",0.17221311125000005,4.167
"[4.1690000000000005, 4.17)",0.05269331666666666,4.168
"[4.17, 4.171)",0.176913365,4.1690000000000005
"[4.171, 4.172)",0.043932149000000004,4.17
"[4.172, 4.173)",0.1536602326,4.171
"[4.174, 4.175)",0.47419472,4.172
"[4.175, 4.176)",0.03970509,4.173
"[4.176, 4.1770000000000005)",0.019087150477777776,4.174
"[4.1770000000000005, 4.178)",0.03395429999999999,4.175
"[4.178, 4.179)",0.032970264000000006,4.176
"[4.179, 4.18)",0.0036210175,4.1770000000000005
"[4.18, 4.181)",0.03271437333333333,4.178
"[4.181, 4.182)",0.07442786000000001,4.179
"[4.182, 4.183)",0.06310494999999999,4.18
"[4.183, 4.184)",0.04662121,4.181
"[4.184, 4.1850000000000005)",0.11043469078333336,4.182
"[4.1850000000000005, 4.186)",0.026119288,4.183
"[4.186, 4.187)",0.08107066,4.184
"[4.187, 4.188)",0.0764079725,4.1850000000000005
"[4.188, 4.189)",0.06791191545454545,4.186
"[4.189, 4.19)",0.0,4.187
"[4.19, 4.191)",0.05001362285714286,4.188
"[4.191, 4.192)",0.010101240000000001,4.189
"[4.192, 4.1930000000000005)",0.02135467166666667,4.19
"[4.1930000000000005, 4.194)",0.054791684999999986,4.191
"[4.194, 4.195)",0.031040215,4.192
"[4.195, 4.196)",0.10319515100000001,4.1930000000000005
"[4.196, 4.197)",0.031852695,4.194
"[4.197, 4.198)",0.012393257666666666,4.195
"[4.198, 4.199)",0.012161525333333334,4.196
"[4.199, 4.2)",0.0341457665,4.197
"[4.2, 4.2010000000000005)",0.05779008663636364,4.198
"[4.2010000000000005, 4.202)",0.051432763250000006,4.199
"[4.202, 4.203)",0.015799664625,4.2
"[4.203, 4.204)",0.260422315,4.2010000000000005
"[4.204, 4.205)",0.0397943925,4.202
"[4.205, 4.206)",0.087625665,4.203
"[4.206, 4.207)",0.14751336666666667,4.204
"[4.207, 4.208)",0.0294926,4.205
"[4.208, 4.2090000000000005)",0.023909212000000003,4.206
"[4.2090000000000005, 4.21)",0.055505126666666675,4.207
"[4.21, 4.211)",0.260739611,4.208
"[4.211, 4.212)",0.02223882325,4.2090000000000005
"[4.212, 4.213)",0.13565625471428572,4.21
"[4.213, 4.214)",0.23434978050000002,4.211
"[4.214, 4.215)",0.354441426,4.212
"[4.215, 4.216)",0.05142992077777778,4.213
"[4.216, 4.2170000000000005)",0.046613640000000005,4.214
"[4.2170000000000005, 4.218)",0.062441210000000004,4.215
"[4.218, 4.219)",0.09844326999999999,4.216
"[4.219, 4.22)",0.0142411625,4.2170000000000005
"[4.22, 4.221)",0.18735582166666664,4.218
"[4.221, 4.222)",0.016093089999999997,4.219
"[4.222, 4.223)",0.061027735,4.22
"[4.223, 4.224)",0.027664979,4.221
"[4.225, 4.226)",0.012746862181818181,4.222
"[4.226, 4.227)",0.025371804625,4.223
"[4.227, 4.228)",0.08569408922222223,4.224
"[4.228, 4.229)",0.019350378,4.225
"[4.229, 4.23)",0.08367751000000001,4.226
"[4.23, 4.231)",0.019399214777777778,4.227
"[4.231, 4.232)",0.014828654559999998,4.228
"[4.232, 4.233)",0.1508,4.229
"[4.233, 4.234)",0.12645814875,4.23
"[4.234, 4.235)",0.075539455,4.231
"[4.235, 4.236)",0.02048796,4.232
"[4.236, 4.237)",0.015690814714285715,4.233
"[4.237, 4.238)",0.03332355266666667,4.234
"[4.238, 4.239)",0.2062384806,4.235
"[4.239, 4.24)",0.13541001319999996,4.236
"[4.24, 4.241)",0.03358171,4.237
"[4.241, 4.242)",0.01591824,4.238
"[4.242, 4.243)",0.08397503249999999,4.239
"[4.243, 4.244)",0.044715678599999996,4.24
"[4.244, 4.245)",0.03960308666666667,4.241
"[4.245, 4.246)",0.06601717749999998,4.242
"[4.246, 4.247)",0.04193428333333333,4.243
"[4.247, 4.248)",0.23689903428571427,4.244
"[4.248, 4.249)",0.25126045,4.245
"[4.249, 4.25)",0.17171881833333333,4.246
"[4.25, 4.251)",0.010102292599999998,4.247
"[4.251, 4.252)",0.05008066,4.248
"[4.252, 4.253)",0.10497474799999998,4.249
"[4.253, 4.2540000000000004)",0.06954361725000001,4.25
"[4.2540000000000004, 4.255)",0.0841835955,4.251
"[4.255, 4.256)",0.029714793333333333,4.252
"[4.256, 4.257)",0.2825503147,4.253
"[4.257, 4.258)",0.0539001,4.2540000000000004
"[4.258, 4.259)",0.007371460654999999,4.255
"[4.259, 4.26)",0.08014311,4.256
"[4.26, 4.261)",0.2004462214285714,4.257
"[4.261, 4.2620000000000005)",0.10782554875,4.258
"[4.2620000000000005, 4.263)",0.04066257,4.259
"[4.263, 4.264)",0.0849500975,4.26
"[4.264, 4.265)",0.004741990000000001,4.261
"[4.265, 4.266)",0.118240512,4.2620000000000005
"[4.266, 4.267)",0.0047909929999999995,4.263
"[4.267, 4.268)",0.012249037499999999,4.264
"[4.268, 4.269)",0.005445925000000001,4.265
"[4.269, 4.2700000000000005)",0.012389019999999999,4.266
"[4.2700000000000005, 4.271)",0.11156660473999999,4.267
"[4.271, 4.272)",0.017327083333333333,4.268
"[4.272, 4.273)",0.0189483525,4.269
"[4.273, 4.274)",0.18810448833333335,4.2700000000000005
"[4.274, 4.275)",0.0102741,4.271
"[4.275, 4.276)",0.05716052437500001,4.272
"[4.276, 4.277)",0.011061186960000002,4.273
"[4.277, 4.2780000000000005)",0.0625,4.274
"[4.2780000000000005, 4.279)",0.043364764166666674,4.275
"[4.279, 4.28)",0.022373205000000004,4.276
"[4.28, 4.281)",0.153495475,4.277
"[4.281, 4.282)",0.02055235,4.2780000000000005
"[4.282, 4.283)",0.010081862,4.279
"[4.283, 4.284)",0.05907754,4.28
"[4.284, 4.285)",0.0086211,4.281
"[4.285, 4.2860000000000005)",0.032348164199999994,4.282
"[4.2860000000000005, 4.287)",0.024644195599999995,4.283
"[4.287, 4.288)",0.07068909142857142,4.284
"[4.288, 4.289)",0.018687815,4.285
"[4.289, 4.29)",0.003791617,4.2860000000000005
"[4.29, 4.291)",0.02843821,4.287
"[4.291, 4.292)",0.0612479314,4.288
"[4.292, 4.293)",0.05888478975,4.289
"[4.293, 4.2940000000000005)",0.053710253124999996,4.29
"[4.2940000000000005, 4.295)",0.032743586,4.291
"[4.295, 4.296)",0.021572109999999995,4.292
"[4.296, 4.297)",0.8828125,4.293
"[4.297, 4.298)",0.08287247283333334,4.2940000000000005
"[4.298, 4.299)",0.22299175000000002,4.295
"[4.299, 4.3)",0.059246782500000005,4.296
"[4.3, 4.301)",0.08294261,4.297
"[4.301, 4.3020000000000005)",0.022117639999999997,4.298
"[4.3020000000000005, 4.303)",0.073664225,4.299
"[4.303, 4.304)",0.21356760750000003,4.3
"[4.304, 4.305)",0.04050727657142857,4.301
"[4.305, 4.306)",0.06725402,4.3020000000000005
"[4.306, 4.307)",0.07139624714285715,4.303
"[4.307, 4.308)",0.11126817428571431,4.304
"[4.308, 4.309)",0.07547888500000001,4.305
"[4.309, 4.3100000000000005)",0.010279355,4.306
"[4.3100000000000005, 4.311)",0.07381996272727273,4.307
"[4.311, 4.312)",0.007903377,4.308
"[4.312, 4.313)",0.3019683766666667,4.309
"[4.313, 4.314)",0.03980495428571428,4.3100000000000005
"[4.314, 4.315)",0.0327447325,4.311
"[4.315, 4.316)",0.08532518577777778,4.312
"[4.316, 4.317)",0.03814045775,4.313
"[4.317, 4.3180000000000005)",0.06436828333333335,4.314
"[4.3180000000000005, 4.319)",0.22381103142857145,4.315
"[4.319, 4.32)",0.02401976935,4.316
"[4.32, 4.321)",0.1106299653,4.317
"[4.321, 4.322)",0.03263588,4.3180000000000005
"[4.322, 4.323)",0.040929830300000004,4.319
"[4.323, 4.324)",0.027439342499999998,4.32
"[4.324, 4.325)",0.14663727000000001,4.321
"[4.325, 4.3260000000000005)",0.02123335888888889,4.322
"[4.3260000000000005, 4.327)",0.15401734285714283,4.323
"[4.327, 4.328)",0.039660789999999994,4.324
"[4.328, 4.329)",0.020461399999999998,4.325
"[4.329, 4.33)",0.1186661578,4.3260000000000005
"[4.33, 4.331)",0.10894503459999999,4.327
"[4.331, 4.332)",0.008966748333333332,4.328
"[4.332, 4.333)",0.34171907000000007,4.329
"[4.333, 4.3340000000000005)",0.019892917,4.33
"[4.3340000000000005, 4.335)",0.06035353175000001,4.331
"[4.335, 4.336)",0.09341640400000001,4.332
"[4.336, 4.337)",0.10458117214285714,4.333
"[4.337, 4.338)",0.060229881250000006,4.3340000000000005
"[4.338, 4.339)",0.0591039525,4.335
"[4.339, 4.34)",0.119739789,4.336
"[4.34, 4.341)",0.08039731142857143,4.337
"[4.341, 4.3420000000000005)",0.0181484284,4.338
"[4.3420000000000005, 4.343)",0.030305387846153848,4.339
"[4.343, 4.344)",0.04310258083333334,4.34
"[4.344, 4.345)",0.015141392466666665,4.341
"[4.345, 4.346)",0.06771325663636361,4.3420000000000005
"[4.346, 4.347)",0.08230574624999999,4.343
"[4.347, 4.348)",0.021083421428571426,4.344
"[4.348, 4.349)",0.16925570614285715,4.345
"[4.349, 4.3500000000000005)",0.016720547,4.346
"[4.3500000000000005, 4.351)",0.03936134000000001,4.347
"[4.351, 4.352)",0.032449519125,4.348
"[4.352, 4.353)",0.018151536666666666,4.349
"[4.353, 4.354)",0.0415079905,4.3500000000000005
"[4.354, 4.355)",0.022136768,4.351
"[4.355, 4.356)",0.04511562,4.352
"[4.356, 4.357)",0.020600569,4.353
"[4.357, 4.358)",0.049722753333333335,4.354
"[4.358, 4.359)",0.20668205999999997,4.355
"[4.359, 4.36)",0.08631249375,4.356
"[4.36, 4.361)",0.26187403469000003,4.357
"[4.361, 4.362)",0.0055406084999999996,4.358
"[4.362, 4.363)",0.036275440000000006,4.359
"[4.363, 4.364)",0.12503157599999998,4.36
"[4.364, 4.365)",0.008122409466666668,4.361
"[4.365, 4.366)",0.03893557272727272,4.362
"[4.366, 4.367)",0.01751796833333333,4.363
"[4.367, 4.368)",0.027008304599999998,4.364
"[4.368, 4.369)",0.051296735999999996,4.365
"[4.369, 4.37)",0.06051592571428571,4.366
"[4.37, 4.371)",0.04702659,4.367
"[4.371, 4.372)",0.086746289,4.368
"[4.372, 4.373)",0.016657135999999996,4.369
"[4.373, 4.374)",0.05079415,4.37
"[4.374, 4.375)",0.006967920000000001,4.371
"[4.375, 4.376)",0.15781735000000002,4.372
"[4.376, 4.377)",0.023881121625,4.373
"[4.377, 4.378)",0.0458920962,4.374
"[4.378, 4.3790000000000004)",0.0792195042857143,4.375
"[4.3790000000000004, 4.38)",0.07343487833333333,4.376
"[4.38, 4.381)",0.13478339,4.377
"[4.381, 4.382)",0.093225126375,4.378
"[4.382, 4.383)",0.05635713230769231,4.3790000000000004
"[4.383, 4.384)",0.05505804857142856,4.38
"[4.384, 4.385)",0.049494840000000005,4.381
"[4.385, 4.386)",0.040233,4.382
"[4.386, 4.3870000000000005)",0.052536202300000015,4.383
"[4.3870000000000005, 4.388)",0.05857813599999999,4.384
"[4.388, 4.389)",0.04828943333333333,4.385
"[4.389, 4.39)",0.03758872571428572,4.386
"[4.39, 4.391)",0.10223441999999999,4.3870000000000005
"[4.391, 4.392)",0.2483726066666667,4.388
"[4.392, 4.393)",0.2506304316666667,4.389
"[4.393, 4.394)",0.1943903642857143,4.39
"[4.394, 4.3950000000000005)",0.004444205,4.391
"[4.3950000000000005, 4.396)",0.05345895142857143,4.392
"[4.396, 4.397)",0.11182080435000001,4.393
"[4.397, 4.398)",0.13504188250000002,4.394
"[4.398, 4.399)",0.07468527714285714,4.3950000000000005
"[4.399, 4.4)",0.03936164571428571,4.396
"[4.4, 4.401)",0.33475822,4.397
"[4.401, 4.402)",0.0609684775,4.398
"[4.402, 4.4030000000000005)",0.08760005714285714,4.399
"[4.4030000000000005, 4.404)",0.06273079200000001,4.4
"[4.404, 4.405)",0.01315021,4.401
"[4.405, 4.406)",0.021848560000000003,4.402
"[4.406, 4.407)",0.0074928557142857136,4.4030000000000005
"[4.407, 4.408)",0.4343313066666667,4.404
"[4.409, 4.41)",0.20855589624999998,4.405
"[4.41, 4.4110000000000005)",0.04605319125,4.406
"[4.4110000000000005, 4.412)",0.001122381,4.407
"[4.412, 4.413)",0.017768951666666668,4.408
"[4.413, 4.414)",0.17069601083333333,4.409
"[4.414, 4.415)",0.0170395,4.41
"[4.415, 4.416)",0.08679876666666668,4.4110000000000005
"[4.416, 4.417)",0.11490060875,4.412
"[4.417, 4.418)",0.15898453355555556,4.413
"[4.418, 4.4190000000000005)",0.016432833666666664,4.414
"[4.4190000000000005, 4.42)",0.024601487499999998,4.415
"[4.42, 4.421)",0.02110319,4.416
"[4.421, 4.422)",0.01270749,4.417
"[4.422, 4.423)",0.11023066100000001,4.418
"[4.423, 4.424)",0.273913066,4.4190000000000005
"[4.424, 4.425)",0.013787299999999999,4.42
"[4.425, 4.426)",0.023961661666666665,4.421
"[4.426, 4.4270000000000005)",0.1024220175,4.422
"[4.4270000000000005, 4.428)",0.00185063,4.423
"[4.428, 4.429)",0.00685493,4.424
"[4.429, 4.43)",0.20236748333333335,4.425
"[4.43, 4.431)",0.08614205085714287,4.426
"[4.431, 4.432)",0.014735857500000001,4.4270000000000005
"[4.432, 4.433)",0.011882955499999999,4.428
"[4.433, 4.434)",0.004182561666666667,4.429
"[4.434, 4.4350000000000005)",0.003827544,4.43
"[4.4350000000000005, 4.436)",0.0138511425,4.431
"[4.436, 4.437)",0.05308952166666667,4.432
"[4.437, 4.438)",0.04395424666666667,4.433
"[4.438, 4.439)",0.23681023333333331,4.434
"[4.439, 4.44)",0.04525743560000001,4.4350000000000005
"[4.44, 4.441)",0.027038377500000002,4.436
"[4.441, 4.442)",0.057508449999999996,4.437
"[4.442, 4.4430000000000005)",0.036941800500000004,4.438
"[4.4430000000000005, 4.444)",0.03231840428571429,4.439
"[4.444, 4.445)",0.03829939,4.44
"[4.445, 4.446)",0.03103072825,4.441
"[4.446, 4.447)",0.044597882,4.442
"[4.447, 4.448)",0.08812689600000001,4.4430000000000005
"[4.448, 4.449)",0.0140806155,4.444
"[4.449, 4.45)",0.0502325725,4.445
"[4.45, 4.4510000000000005)",0.01905956825,4.446
"[4.4510000000000005, 4.452)",0.006186789999999999,4.447
"[4.452, 4.453)",0.08817925377777776,4.448
"[4.453, 4.454)",0.06823636250000001,4.449
"[4.454, 4.455)",0.04276760857142858,4.45
"[4.455, 4.456)",0.12373674027272727,4.4510000000000005
"[4.456, 4.457)",0.12111826,4.452
"[4.457, 4.458)",0.00543901,4.453
"[4.458, 4.4590000000000005)",0.08241969,4.454
"[4.4590000000000005, 4.46)",0.036975491000000006,4.455
"[4.46, 4.461)",0.0048813768,4.456
"[4.461, 4.462)",0.04604977000000001,4.457
"[4.462, 4.463)",0.07852565,4.458
"[4.463, 4.464)",0.0170632675,4.4590000000000005
"[4.464, 4.465)",0.19461451537500002,4.46
"[4.465, 4.466)",0.11063043,4.461
"[4.466, 4.4670000000000005)",0.06394830666666666,4.462
"[4.4670000000000005, 4.468)",0.120301,4.463
"[4.468, 4.469)",0.02766322733333333,4.464
"[4.469, 4.47)",0.3050341766666667,4.465
"[4.47, 4.471)",0.006511558,4.466
"[4.471, 4.472)",0.014084563333333334,4.4670000000000005
"[4.472, 4.473)",0.16279936657142854,4.468
"[4.473, 4.474)",0.017935021857142856,4.469
"[4.474, 4.4750000000000005)",0.050988354,4.47
"[4.4750000000000005, 4.476)",0.02815205714285714,4.471
"[4.476, 4.477)",0.05824957,4.472
"[4.477, 4.478)",0.0050003726000000005,4.473
"[4.478, 4.479)",0.020518750000000002,4.474
"[4.479, 4.48)",0.032725057142857145,4.4750000000000005
"[4.48, 4.481)",0.12195501859999998,4.476
"[4.481, 4.482)",0.01243444,4.477
"[4.482, 4.483)",0.014834358571428572,4.478
"[4.483, 4.484)",0.28837603333333334,4.479
"[4.484, 4.485)",0.018148842,4.48
"[4.485, 4.486)",0.058878617700000004,4.481
"[4.486, 4.487)",0.018548947285714285,4.482
"[4.487, 4.488)",0.0070477055,4.483
"[4.488, 4.489)",0.160621815,4.484
"[4.489, 4.49)",0.14741114428571425,4.485
"[4.49, 4.491)",0.1974518766666667,4.486
"[4.491, 4.492)",0.01200184,4.487
"[4.492, 4.493)",0.03805542,4.488
"[4.493, 4.494)",0.031100253333333338,4.489
"[4.494, 4.495)",0.07785689,4.49
"[4.495, 4.496)",0.014601272166666667,4.491
"[4.496, 4.497)",0.028619388999999995,4.492
"[4.497, 4.498)",0.10990184000000001,4.493
"[4.498, 4.499)",0.02789715,4.494
"[4.499, 4.5)",0.02727384433333334,4.495
"[4.5, 4.501)",0.33965633333333334,4.496
"[4.501, 4.502)",0.010829221,4.497
"[4.502, 4.503)",0.055095266,4.498
"[4.503, 4.5040000000000004)",0.014721916666666666,4.499
"[4.5040000000000004, 4.505)",0.01140018,4.5
"[4.505, 4.506)",0.131906268,4.501
"[4.506, 4.507)",0.07299674428571427,4.502
"[4.507, 4.508)",0.0627704165,4.503
"[4.508, 4.509)",0.0408969,4.5040000000000004
"[4.509, 4.51)",0.1322938605,4.505
"[4.51, 4.511)",0.0242826,4.506
"[4.511, 4.5120000000000005)",0.00735294,4.507
"[4.5120000000000005, 4.513)",0.08784022383333333,4.508
"[4.513, 4.514)",0.05414546375,4.509
"[4.514, 4.515)",0.04356143,4.51
"[4.515, 4.516)",0.036738631,4.511
"[4.516, 4.517)",0.06780115,4.5120000000000005
"[4.517, 4.518)",0.026126318,4.513
"[4.518, 4.519)",0.0564516,4.514
"[4.519, 4.5200000000000005)",0.12496044249999999,4.515
"[4.5200000000000005, 4.521)",0.013336865714285714,4.516
"[4.521, 4.522)",0.09583669125000001,4.517
"[4.522, 4.523)",0.31458766375,4.518
"[4.523, 4.524)",0.022860136666666666,4.519
"[4.524, 4.525)",0.09084678666666667,4.5200000000000005
"[4.525, 4.526)",0.06980620324999998,4.521
"[4.526, 4.527)",0.057374753285714286,4.522
"[4.527, 4.5280000000000005)",0.00999524,4.523
"[4.5280000000000005, 4.529)",0.30939456249999997,4.524
"[4.529, 4.53)",0.2010320845,4.525
"[4.53, 4.531)",0.00390625,4.526
"[4.531, 4.532)",0.1006945986,4.527
"[4.532, 4.533)",0.05128317385714286,4.5280000000000005
"[4.533, 4.534)",0.0054986950000000005,4.529
"[4.534, 4.535)",0.0219761875,4.53
"[4.535, 4.5360000000000005)",0.04058103,4.531
"[4.5360000000000005, 4.537)",0.05625505716666667,4.532
"[4.537, 4.538)",0.19644050325,4.533
"[4.538, 4.539)",0.11052875433333333,4.534
"[4.539, 4.54)",0.0279903,4.535
"[4.54, 4.541)",0.020270153333333332,4.5360000000000005
"[4.541, 4.542)",0.3508500666666667,4.537
"[4.542, 4.543)",0.05964645,4.538
"[4.543, 4.5440000000000005)",0.0180158778,4.539
"[4.5440000000000005, 4.545)",0.4361979999999999,4.54
"[4.545, 4.546)",0.07830118285714284,4.541
"[4.546, 4.547)",0.00362319,4.542
"[4.547, 4.548)",0.01131137325,4.543
"[4.548, 4.549)",1.0,4.5440000000000005
"[4.549, 4.55)",0.04530451,4.545
"[4.55, 4.551)",0.017833725499999998,4.546
"[4.551, 4.5520000000000005)",0.07355751666666667,4.547
"[4.5520000000000005, 4.553)",0.07286770000000001,4.548
"[4.553, 4.554)",0.021254872500000004,4.549
"[4.554, 4.555)",0.026951982500000003,4.55
"[4.555, 4.556)",0.16018420000000003,4.551
"[4.556, 4.557)",0.0534497,4.5520000000000005
"[4.557, 4.558)",0.031593685999999996,4.553
"[4.558, 4.559)",0.010403125,4.554
"[4.559, 4.5600000000000005)",0.07233679,4.555
"[4.5600000000000005, 4.561)",0.08903095999999999,4.556
"[4.561, 4.562)",0.127543808,4.557
"[4.562, 4.563)",0.09532716714285715,4.558
"[4.563, 4.564)",0.00055991,4.559
"[4.564, 4.565)",0.14739243800000001,4.5600000000000005
"[4.565, 4.566)",0.00562373,4.561
"[4.566, 4.567)",0.007301656666666667,4.562
"[4.567, 4.5680000000000005)",0.05254565,4.563
"[4.5680000000000005, 4.569)",0.0615274,4.564
"[4.569, 4.57)",0.01261159,4.565
"[4.57, 4.571)",0.00918365,4.566
"[4.571, 4.572)",0.06623021714285714,4.567
"[4.572, 4.573)",0.07315622000000001,4.5680000000000005
"[4.573, 4.574)",0.02979318,4.569
"[4.574, 4.575)",0.06607368000000001,4.57
"[4.575, 4.5760000000000005)",0.00121951,4.571
"[4.5760000000000005, 4.577)",0.00694444,4.572
"[4.577, 4.578)",0.01459569,4.573
"[4.578, 4.579)",0.504025765,4.574
"[4.579, 4.58)",0.03353897333333333,4.575
"[4.58, 4.581)",0.080279955,4.5760000000000005
"[4.582, 4.583)",0.159170889,4.577
"[4.583, 4.5840000000000005)",0.130645,4.578
"[4.5840000000000005, 4.585)",0.032896732857142855,4.579
"[4.585, 4.586)",0.037085251857142856,4.58
"[4.586, 4.587)",0.013885320000000001,4.581
"[4.587, 4.588)",0.014323266666666667,4.582
"[4.588, 4.589)",0.005460895,4.583
"[4.589, 4.59)",0.061649462,4.5840000000000005
"[4.59, 4.591)",0.246130255,4.585
"[4.591, 4.5920000000000005)",0.025653190000000003,4.586
"[4.5920000000000005, 4.593)",0.045080814000000004,4.587
"[4.593, 4.594)",0.0394093,4.588
"[4.594, 4.595)",0.04519550999999999,4.589
"[4.595, 4.596)",0.0407786,4.59
"[4.596, 4.597)",0.08510725,4.591
"[4.597, 4.598)",0.010650038,4.5920000000000005
"[4.598, 4.599)",0.0168495125,4.593
"[4.599, 4.6000000000000005)",0.08095539714285714,4.594
"[4.6000000000000005, 4.601)",0.033190184,4.595
"[4.601, 4.602)",0.10596004855555555,4.596
"[4.602, 4.603)",0.28676228333333337,4.597
"[4.603, 4.604)",0.0050323215,4.598
"[4.604, 4.605)",0.0545321,4.599
"[4.605, 4.606)",0.013401101000000002,4.6000000000000005
"[4.606, 4.607)",0.00775310545,4.601
"[4.607, 4.6080000000000005)",0.00874126,4.602
"[4.6080000000000005, 4.609)",0.0137293,4.603
"[4.609, 4.61)",0.06481622250000002,4.604
"[4.61, 4.611)",0.0077317616,4.605
"[4.611, 4.612)",0.0104419326,4.606
"[4.612, 4.613)",0.032764312,4.607
"[4.613, 4.614)",0.3784527966666667,4.6080000000000005
"[4.614, 4.615)",0.03412007366666667,4.609
"[4.615, 4.616)",0.0032642856,4.61
"[4.616, 4.617)",0.000771605,4.611
"[4.617, 4.618)",0.01606745,4.612
"[4.618, 4.619)",0.000594884,4.613
"[4.619, 4.62)",0.033201165,4.614
"[4.62, 4.621)",0.01979056666666667,4.615
"[4.621, 4.622)",0.02252478675,4.616
"[4.622, 4.623)",0.02434056,4.617
"[4.623, 4.624)",0.09310525,4.618
"[4.624, 4.625)",0.21485958333333333,4.619
"[4.625, 4.626)",0.04387904,4.62
"[4.626, 4.627)",0.18470736666666665,4.621
"[4.627, 4.628)",0.001459675,4.622
"[4.628, 4.6290000000000004)",0.02164205,4.623
"[4.6290000000000004, 4.63)",0.1062104375,4.624
"[4.63, 4.631)",0.11543120000000001,4.625
"[4.631, 4.632)",0.0244919,4.626
"[4.632, 4.633)",0.09608061585714286,4.627
"[4.633, 4.634)",0.1229913,4.628
"[4.634, 4.635)",0.05578994625000001,4.6290000000000004
"[4.635, 4.636)",0.1610318375,4.63
"[4.636, 4.6370000000000005)",0.000566893,4.631
"[4.6370000000000005, 4.638)",0.063531,4.632
"[4.639, 4.64)",0.008459925,4.633
"[4.64, 4.641)",0.0917137375,4.634
"[4.641, 4.642)",0.1726022425,4.635
"[4.642, 4.643)",0.00900787575,4.636
"[4.643, 4.644)",0.0455105925,4.6370000000000005
"[4.644, 4.6450000000000005)",0.06931719462499998,4.638
"[4.6450000000000005, 4.646)",0.02967391333333334,4.639
"[4.646, 4.647)",0.046895975,4.64
"[4.647, 4.648)",0.0267115,4.641
"[4.648, 4.649)",0.03292844285714285,4.642
"[4.649, 4.65)",0.09335319633333333,4.643
"[4.65, 4.651)",0.0439996,4.644
"[4.651, 4.652)",0.05871622666666668,4.6450000000000005
"[4.652, 4.6530000000000005)",0.001053621,4.646
"[4.6530000000000005, 4.654)",0.0171652995,4.647
"[4.654, 4.655)",0.012354672,4.648
"[4.655, 4.656)",0.064909982,4.649
"[4.656, 4.657)",0.058939552500000006,4.65
"[4.657, 4.658)",0.028136384833333333,4.651
"[4.658, 4.659)",0.1454605,4.652
"[4.659, 4.66)",0.03413937914285715,4.6530000000000005
"[4.66, 4.6610000000000005)",0.135961,4.654
"[4.6610000000000005, 4.662)",0.0261045,4.655
"[4.662, 4.663)",0.04909235722222222,4.656
"[4.663, 4.664)",0.04698582,4.657
"[4.664, 4.665)",0.025797669,4.658
"[4.665, 4.666)",0.14944145555555555,4.659
"[4.666, 4.667)",0.09773368874999999,4.66
"[4.667, 4.668)",0.20415548684615384,4.6610000000000005
"[4.668, 4.6690000000000005)",0.06039751016666667,4.662
"[4.6690000000000005, 4.67)",0.3357336863333333,4.663
"[4.67, 4.671)",0.030788273333333335,4.664
"[4.671, 4.672)",0.0685765,4.665
"[4.672, 4.673)",0.037568630000000006,4.666
"[4.673, 4.674)",0.0025924625,4.667
"[4.674, 4.675)",0.016773572166666667,4.668
"[4.675, 4.676)",0.12891272199999998,4.6690000000000005
"[4.676, 4.6770000000000005)",0.41040100000000007,4.67
"[4.6770000000000005, 4.678)",0.0385208,4.671
"[4.678, 4.679)",0.005187916666666666,4.672
"[4.679, 4.68)",0.06838013500000001,4.673
"[4.68, 4.681)",0.016223347250000002,4.674
"[4.681, 4.682)",0.07767830575,4.675
"[4.682, 4.683)",0.0844961926,4.676
"[4.683, 4.684)",0.011745325000000001,4.6770000000000005
"[4.684, 4.6850000000000005)",0.06440581133333333,4.678
"[4.6850000000000005, 4.686)",0.07898386414285714,4.679
"[4.686, 4.687)",0.007736826666666666,4.68
"[4.687, 4.688)",0.00333333,4.681
"[4.688, 4.689)",0.00298151,4.682
"[4.689, 4.69)",0.07996428250000001,4.683
"[4.69, 4.691)",0.02686785,4.684
"[4.691, 4.692)",0.03537533166666667,4.6850000000000005
"[4.692, 4.6930000000000005)",0.0448711425,4.686
"[4.6930000000000005, 4.694)",0.07663176,4.687
"[4.694, 4.695)",0.02175733066666666,4.688
"[4.695, 4.696)",0.08066858,4.689
"[4.696, 4.697)",0.0204082,4.69
"[4.697, 4.698)",0.005363261,4.691
"[4.698, 4.699)",0.07693841766666666,4.692
"[4.699, 4.7)",0.00313283,4.6930000000000005
"[4.7, 4.7010000000000005)",0.00444444,4.694
"[4.7010000000000005, 4.702)",0.017628184714285716,4.695
"[4.702, 4.703)",0.008523369999999999,4.696
"[4.703, 4.704)",0.0003524805,4.697
"[4.704, 4.705)",0.008816048,4.698
"[4.705, 4.706)",0.3697103118333333,4.699
"[4.706, 4.707)",0.023094503333333335,4.7
"[4.707, 4.708)",0.026795126599999997,4.7010000000000005
"[4.708, 4.7090000000000005)",0.0105841,4.702
"[4.7090000000000005, 4.71)",0.11994366666666667,4.703
"[4.71, 4.711)",0.28699946,4.704
"[4.711, 4.712)",0.0422627905,4.705
"[4.712, 4.713)",0.002793816666666667,4.706
"[4.713, 4.714)",0.014471649999999999,4.707
"[4.714, 4.715)",0.204292602,4.708
"[4.715, 4.716)",0.08024313716666666,4.7090000000000005
"[4.716, 4.7170000000000005)",0.0361497,4.71
"[4.7170000000000005, 4.718)",0.171082995,4.711
"[4.718, 4.719)",0.33956406666666666,4.712
"[4.719, 4.72)",0.0506713,4.713
"[4.72, 4.721)",0.028137022250000004,4.714
"[4.721, 4.722)",0.02406944481818182,4.715
"[4.722, 4.723)",0.0779774,4.716
"[4.723, 4.724)",0.047769149999999996,4.7170000000000005
"[4.724, 4.7250000000000005)",0.01025196075,4.718
"[4.7250000000000005, 4.726)",0.025917701666666668,4.719
"[4.726, 4.727)",0.0189684665,4.72
"[4.727, 4.728)",0.015248695,4.721
"[4.728, 4.729)",0.09733208428571428,4.722
"[4.729, 4.73)",0.09538837499999998,4.723
"[4.73, 4.731)",0.008533126666666667,4.724
"[4.731, 4.732)",0.02293911391666667,4.7250000000000005
"[4.732, 4.7330000000000005)",0.032673032000000005,4.726
"[4.7330000000000005, 4.734)",0.055774849999999994,4.727
"[4.734, 4.735)",0.01680506825,4.728
"[4.735, 4.736)",0.00695733342857143,4.729
"[4.736, 4.737)",0.003232935,4.73
"[4.737, 4.738)",0.0065007699999999995,4.731
"[4.738, 4.739)",0.045643604600000005,4.732
"[4.739, 4.74)",0.04174781500000001,4.7330000000000005
"[4.74, 4.741)",0.004139793333333333,4.734
"[4.741, 4.742)",0.12843060144444443,4.735
"[4.742, 4.743)",0.00768049,4.736
"[4.743, 4.744)",0.04464853900000001,4.737
"[4.744, 4.745)",0.0031705757499999997,4.738
"[4.745, 4.746)",0.017093309333333334,4.739
"[4.746, 4.747)",0.0070509933333333325,4.74
"[4.747, 4.748)",0.01088604,4.741
"[4.748, 4.749)",0.06457834500000001,4.742
"[4.749, 4.75)",0.17195644999999998,4.743
"[4.75, 4.751)",0.15364263333333333,4.744
"[4.751, 4.752)",0.0425849225,4.745
"[4.752, 4.753)",0.21659404666666668,4.746
"[4.753, 4.7540000000000004)",0.07555265666666666,4.747
"[4.7540000000000004, 4.755)",0.021684480000000003,4.748
"[4.755, 4.756)",0.26810182660000004,4.749
"[4.756, 4.757)",0.044225695,4.75
"[4.757, 4.758)",0.005534205250000001,4.751
"[4.758, 4.759)",0.01711613,4.752
"[4.759, 4.76)",0.09112153333333334,4.753
"[4.76, 4.761)",0.2391159625,4.7540000000000004
"[4.761, 4.7620000000000005)",0.10744261420000001,4.755
"[4.7620000000000005, 4.763)",0.017547176,4.756
"[4.763, 4.764)",0.093288432875,4.757
"[4.764, 4.765)",0.13173048571428572,4.758
"[4.765, 4.766)",0.20688325,4.759
"[4.766, 4.767)",0.022182275,4.76
"[4.767, 4.768)",0.00575658,4.761
"[4.768, 4.769)",0.020761168571428575,4.7620000000000005
"[4.769, 4.7700000000000005)",0.004940880000000001,4.763
"[4.7700000000000005, 4.771)",0.09676381399999999,4.764
"[4.771, 4.772)",0.021043633774999997,4.765
"[4.772, 4.773)",0.19255618333333333,4.766
"[4.773, 4.774)",0.0190691215,4.767
"[4.774, 4.775)",0.095019032,4.768
"[4.775, 4.776)",0.006446316666666667,4.769
"[4.776, 4.777)",0.034212984,4.7700000000000005
"[4.777, 4.7780000000000005)",0.017581802857142857,4.771
"[4.7780000000000005, 4.779)",0.08955281416666666,4.772
"[4.779, 4.78)",0.09229585,4.773
"[4.78, 4.781)",0.035894052,4.774
"[4.781, 4.782)",0.03126476124285714,4.775
"[4.782, 4.783)",0.0095882525,4.776
"[4.783, 4.784)",0.08820404771428571,4.777
"[4.784, 4.785)",0.038070983555555556,4.7780000000000005
"[4.785, 4.7860000000000005)",0.047242056916666664,4.779
"[4.7860000000000005, 4.787)",0.110790749,4.78
"[4.787, 4.788)",0.007607010333333334,4.781
"[4.788, 4.789)",0.020889063554545454,4.782
"[4.789, 4.79)",0.07836000366666668,4.783
"[4.79, 4.791)",0.03497366833333333,4.784
"[4.791, 4.792)",0.08827168499999999,4.785
"[4.792, 4.793)",0.18881295285714286,4.7860000000000005
"[4.793, 4.7940000000000005)",0.012834396666666666,4.787
"[4.7940000000000005, 4.795)",0.039560307375000006,4.788
"[4.795, 4.796)",0.11183251042857142,4.789
"[4.796, 4.797)",0.05119204166666667,4.79
"[4.797, 4.798)",0.01152867,4.791
"[4.798, 4.799)",0.007545577299999999,4.792
"[4.799, 4.8)",0.016318323333333332,4.793
"[4.8, 4.801)",0.0030468550000000002,4.7940000000000005
"[4.801, 4.8020000000000005)",0.025059144,4.795
"[4.8020000000000005, 4.803)",0.08898494,4.796
"[4.803, 4.804)",0.0194240875,4.797
"[4.804, 4.805)",0.0287816775,4.798
"[4.805, 4.806)",0.06029946,4.799
"[4.806, 4.807)",0.020494493333333332,4.8
"[4.807, 4.808)",0.04183678849999999,4.801
"[4.808, 4.809)",0.01675943408333333,4.8020000000000005
"[4.809, 4.8100000000000005)",0.089144,4.803
"[4.8100000000000005, 4.811)",0.12669995125,4.804
"[4.811, 4.812)",0.012621438249999999,4.805
"[4.812, 4.813)",0.0077398400000000004,4.806
"[4.813, 4.814)",0.345238,4.807
"[4.814, 4.815)",0.022818666666666668,4.808
"[4.815, 4.816)",0.030549703333333334,4.809
"[4.816, 4.817)",0.00153846,4.8100000000000005
"[4.817, 4.8180000000000005)",0.017675800000000002,4.811
"[4.8180000000000005, 4.819)",0.047887976666666665,4.812
"[4.82, 4.821)",0.011669144333333333,4.813
"[4.821, 4.822)",0.10794605900000001,4.814
"[4.822, 4.823)",0.12464629359999999,4.815
"[4.823, 4.824)",0.016588540000000002,4.816
"[4.824, 4.825)",0.030098204857142857,4.817
"[4.825, 4.8260000000000005)",0.026506389252000002,4.8180000000000005
"[4.8260000000000005, 4.827)",0.027254515,4.819
"[4.827, 4.828)",0.00913354075,4.82
"[4.828, 4.829)",0.032405939,4.821
"[4.829, 4.83)",0.2550566,4.822
"[4.83, 4.831)",0.106635705,4.823
"[4.831, 4.832)",0.11493513000000002,4.824
"[4.832, 4.833)",0.009403403333333333,4.825
"[4.833, 4.8340000000000005)",0.008792263333333333,4.8260000000000005
"[4.8340000000000005, 4.835)",0.08661124,4.827
"[4.835, 4.836)",0.04493615327272728,4.828
"[4.836, 4.837)",0.23956094400000003,4.829
"[4.837, 4.838)",0.027515480000000002,4.83
"[4.838, 4.839)",0.10135884445555556,4.831
"[4.839, 4.84)",0.11130949999999999,4.832
"[4.84, 4.841)",0.011653473666666667,4.833
"[4.841, 4.8420000000000005)",0.04242988,4.8340000000000005
"[4.8420000000000005, 4.843)",0.06842875000000001,4.835
"[4.843, 4.844)",0.035900249999999995,4.836
"[4.844, 4.845)",0.021309704999999998,4.837
"[4.845, 4.846)",0.06676827440000001,4.838
"[4.846, 4.847)",0.05534573285714286,4.839
"[4.847, 4.848)",0.035883035714285715,4.84
"[4.848, 4.849)",0.15691502142857144,4.841
"[4.849, 4.8500000000000005)",0.012468993833333336,4.8420000000000005
"[4.8500000000000005, 4.851)",0.0873594955,4.843
"[4.851, 4.852)",0.0054452070000000005,4.844
"[4.852, 4.853)",0.001255485,4.845
"[4.853, 4.854)",0.00307692,4.846
"[4.854, 4.855)",0.031406843625,4.847
"[4.855, 4.856)",0.04210591363636364,4.848
"[4.856, 4.857)",0.00927198,4.849
"[4.857, 4.8580000000000005)",0.012842346666666666,4.8500000000000005
"[4.8580000000000005, 4.859)",0.005548063333333333,4.851
"[4.859, 4.86)",0.0491538944,4.852
"[4.86, 4.861)",0.0896301,4.853
"[4.861, 4.862)",0.05952760000000001,4.854
"[4.862, 4.863)",0.005759342428571428,4.855
"[4.863, 4.864)",0.0614035,4.856
"[4.864, 4.865)",0.09198875,4.857
"[4.865, 4.866)",0.04080322777777778,4.8580000000000005
"[4.866, 4.867)",0.2672207,4.859
"[4.867, 4.868)",0.05562583142857143,4.86
"[4.868, 4.869)",0.008513993,4.861
"[4.869, 4.87)",0.007493075,4.862
"[4.87, 4.871)",0.055490005875,4.863
"[4.871, 4.872)",0.00313283,4.864
"[4.872, 4.873)",0.00431054,4.865
"[4.873, 4.874)",0.0768808,4.866
"[4.874, 4.875)",0.212121005,4.867
"[4.875, 4.876)",0.026133243299999998,4.868
"[4.876, 4.877)",0.026996885714285712,4.869
"[4.877, 4.878)",0.03781604142857143,4.87
"[4.878, 4.8790000000000004)",0.016303805,4.871
"[4.8790000000000004, 4.88)",0.045828053333333334,4.872
"[4.88, 4.881)",0.025011425,4.873
"[4.881, 4.882)",0.000566893,4.874
"[4.882, 4.883)",0.0042104471666666666,4.875
"[4.883, 4.884)",0.150966942,4.876
"[4.884, 4.885)",0.4374145,4.877
"[4.885, 4.886)",0.05007101500000001,4.878
"[4.886, 4.8870000000000005)",0.08358036899999999,4.8790000000000004
"[4.8870000000000005, 4.888)",0.015065727000000001,4.88
"[4.888, 4.889)",0.042542175833333334,4.881
"[4.889, 4.89)",0.09285553825000001,4.882
"[4.89, 4.891)",0.008300701714285715,4.883
"[4.891, 4.892)",0.11676439266666666,4.884
"[4.892, 4.893)",0.028811348571428568,4.885
"[4.893, 4.894)",0.070306542,4.886
"[4.894, 4.8950000000000005)",0.061930214500000004,4.8870000000000005
"[4.8950000000000005, 4.896)",0.05957171133333334,4.888
"[4.896, 4.897)",0.05541401000000001,4.889
"[4.897, 4.898)",0.134213525,4.89
"[4.898, 4.899)",0.02128602833333333,4.891
"[4.899, 4.9)",0.032514375799999995,4.892
"[4.9, 4.901)",0.026391200000000004,4.893
"[4.901, 4.902)",0.2059722704285714,4.894
"[4.902, 4.9030000000000005)",0.03537097,4.8950000000000005
"[4.9030000000000005, 4.904)",0.007303762,4.896
"[4.904, 4.905)",0.013120245249999997,4.897
"[4.905, 4.906)",0.055423065,4.898
"[4.906, 4.907)",0.02381495814285714,4.899
"[4.907, 4.908)",0.0334620975,4.9
"[4.908, 4.909)",0.030286142428571427,4.901
"[4.909, 4.91)",0.05276108666666666,4.902
"[4.91, 4.9110000000000005)",0.051759600499999996,4.9030000000000005
"[4.9110000000000005, 4.912)",0.057719146666666665,4.904
"[4.912, 4.913)",0.00667161,4.905
"[4.914, 4.915)",0.009516493333333334,4.906
"[4.915, 4.916)",0.030571806250000003,4.907
"[4.916, 4.917)",0.010119666666666667,4.908
"[4.917, 4.918)",0.009682913333333333,4.909
"[4.918, 4.9190000000000005)",0.019387174444444447,4.91
"[4.9190000000000005, 4.92)",0.09790034,4.9110000000000005
"[4.92, 4.921)",0.03724048333333333,4.912
"[4.921, 4.922)",0.14002113166666666,4.913
"[4.922, 4.923)",0.12016156333333333,4.914
"[4.923, 4.924)",0.04999916666666667,4.915
"[4.924, 4.925)",0.0085786312,4.916
"[4.925, 4.926)",0.01564078375,4.917
"[4.926, 4.9270000000000005)",0.057375625000000006,4.918
"[4.9270000000000005, 4.928)",0.015966360000000002,4.9190000000000005
"[4.928, 4.929)",0.030716505714285712,4.92
"[4.929, 4.93)",0.04058072,4.921
"[4.93, 4.931)",0.00815829,4.922
"[4.931, 4.932)",0.039998316000000006,4.923
"[4.932, 4.933)",0.0259941075,4.924
"[4.933, 4.934)",0.07735812333333333,4.925
"[4.934, 4.9350000000000005)",0.010239864833333332,4.926
"[4.9350000000000005, 4.936)",0.14085925244444442,4.9270000000000005
"[4.936, 4.937)",0.017309316666666668,4.928
"[4.937, 4.938)",0.06845684833333333,4.929
"[4.938, 4.939)",0.018089863666666667,4.93
"[4.939, 4.94)",0.01414588,4.931
"[4.94, 4.941)",0.05550024420000001,4.932
"[4.941, 4.942)",0.0320637375,4.933
"[4.942, 4.9430000000000005)",0.006469008,4.934
"[4.9430000000000005, 4.944)",0.08545357549999999,4.9350000000000005
"[4.944, 4.945)",0.0373143004,4.936
"[4.945, 4.946)",0.024596174999999998,4.937
"[4.946, 4.947)",0.14389209333333333,4.938
"[4.947, 4.948)",0.076090352,4.939
"[4.948, 4.949)",0.052812148,4.94
"[4.949, 4.95)",0.004077743333333334,4.941
"[4.95, 4.9510000000000005)",0.032831393333333334,4.942
"[4.9510000000000005, 4.952)",0.023953818833333335,4.9430000000000005
"[4.952, 4.953)",0.014372616416666666,4.944
"[4.953, 4.954)",0.042493522,4.945
"[4.954, 4.955)",0.042732869222222226,4.946
"[4.955, 4.956)",0.06170944599999999,4.947
"[4.956, 4.957)",0.0101883024,4.948
"[4.957, 4.958)",0.08593812,4.949
"[4.958, 4.9590000000000005)",0.02010349,4.95
"[4.9590000000000005, 4.96)",0.0052704165,4.9510000000000005
"[4.96, 4.961)",0.010030826857142858,4.952
"[4.961, 4.962)",0.054904685,4.953
"[4.962, 4.963)",0.10459444000000001,4.954
"[4.963, 4.964)",0.03615433333333334,4.955
"[4.964, 4.965)",0.054333024285714286,4.956
"[4.965, 4.966)",0.09708804,4.957
"[4.966, 4.9670000000000005)",0.026315438571428568,4.958
"[4.9670000000000005, 4.968)",0.04909641871428572,4.9590000000000005
"[4.968, 4.969)",0.18933321125000002,4.96
"[4.969, 4.97)",0.09671199714285715,4.961
"[4.97, 4.971)",0.07115368,4.962
"[4.971, 4.972)",0.012479371333333334,4.963
"[4.972, 4.973)",0.0649351,4.964
"[4.973, 4.974)",0.057265876,4.965
"[4.974, 4.9750000000000005)",0.002121756,4.966
"[4.9750000000000005, 4.976)",0.0220516,4.9670000000000005
"[4.976, 4.977)",0.00348432,4.968
"[4.977, 4.978)",0.04273254,4.969
"[4.979, 4.98)",0.0334187644,4.97
"[4.98, 4.981)",0.0014631665,4.971
"[4.981, 4.982)",0.12613416000000002,4.972
"[4.982, 4.9830000000000005)",0.09956780999999999,4.973
"[4.9830000000000005, 4.984)",0.106628214,4.974
"[4.984, 4.985)",0.10455006,4.9750000000000005
"[4.985, 4.986)",0.039607740999999995,4.976
"[4.986, 4.987)",0.013192525,4.977
"[4.987, 4.988)",0.1658902557142857,4.978
"[4.988, 4.989)",0.021872308800000004,4.979
"[4.989, 4.99)",0.015353553333333334,4.98
"[4.99, 4.9910000000000005)",0.0989262,4.981
"[4.9910000000000005, 4.992)",0.10122888199999999,4.982
"[4.992, 4.993)",0.009975863333333333,4.9830000000000005
"[4.993, 4.994)",0.19277645,4.984
"[4.994, 4.995)",0.018912325,4.985
"[4.995, 4.996)",0.04798712666666668,4.986
"[4.996, 4.997)",0.0140676,4.987
"[4.997, 4.998)",0.1389202,4.988
"[4.998, 4.999)",0.00134953,4.989
"[4.999, 5.0)",0.00619906,4.99
"[5.0, 5.001)",0.024336045,4.9910000000000005
"[5.001, 5.002)",0.008501990000000001,4.992
"[5.002, 5.003)",0.22840909,4.993
"[5.003, 5.0040000000000004)",0.05449949166666667,4.994
"[5.0040000000000004, 5.005)",0.00073076,4.995
"[5.005, 5.006)",0.006244116666666667,4.996
"[5.006, 5.007)",0.061807499999999994,4.997
"[5.007, 5.008)",0.006607910599999998,4.998
"[5.008, 5.009)",0.0006803,4.999
"[5.009, 5.01)",0.07681807,5.0
"[5.01, 5.011)",0.04409139722222222,5.001
"[5.011, 5.0120000000000005)",0.14763134999999997,5.002
"[5.0120000000000005, 5.013)",0.10666987499999998,5.003
"[5.013, 5.014)",0.029334935,5.0040000000000004
"[5.014, 5.015)",0.12688932666666666,5.005
"[5.015, 5.016)",0.044403355166666665,5.006
"[5.016, 5.017)",0.10346549999999999,5.007
"[5.017, 5.018)",0.02017865,5.008
"[5.018, 5.019)",0.01834838,5.009
"[5.019, 5.0200000000000005)",0.0033679233333333333,5.01
"[5.0200000000000005, 5.021)",0.010350637499999999,5.011
"[5.021, 5.022)",0.029969715750000004,5.0120000000000005
"[5.022, 5.023)",0.013267965,5.013
"[5.023, 5.024)",0.035461,5.014
"[5.024, 5.025)",0.019557307500000003,5.015
"[5.025, 5.026)",0.52155,5.016
"[5.026, 5.027)",0.0462361425,5.017
"[5.027, 5.0280000000000005)",0.006443285,5.018
"[5.0280000000000005, 5.029)",0.002686805,5.019
"[5.029, 5.03)",0.11798473350000001,5.0200000000000005
"[5.03, 5.031)",0.079470722,5.021
"[5.031, 5.032)",0.02812178,5.022
"[5.032, 5.033)",0.0086975575,5.023
"[5.033, 5.034)",0.008170968333333334,5.024
"[5.034, 5.035)",0.008157089999999999,5.025
"[5.035, 5.0360000000000005)",0.0058179475,5.026
"[5.0360000000000005, 5.037)",0.09899156,5.027
"[5.037, 5.038)",0.12460958500000002,5.0280000000000005
"[5.039, 5.04)",0.001666665,5.029
"[5.04, 5.041)",0.004211825,5.03
"[5.041, 5.042)",0.029412951800000003,5.031
"[5.042, 5.043)",0.03144110666666667,5.032
"[5.043, 5.0440000000000005)",0.2655914736666667,5.033
"[5.0440000000000005, 5.045)",0.0222222,5.034
"[5.045, 5.046)",0.041448250000000006,5.035
"[5.046, 5.047)",0.005565158200000001,5.0360000000000005
"[5.047, 5.048)",0.03691835,5.037
"[5.048, 5.049)",0.031731158366666665,5.038
"[5.049, 5.05)",0.01631623533333333,5.039
"[5.05, 5.051)",0.012712110499999998,5.04
"[5.051, 5.0520000000000005)",0.09896180000000002,5.041
"[5.0520000000000005, 5.053)",0.043398019999999995,5.042
"[5.053, 5.054)",0.00452489,5.043
"[5.054, 5.055)",0.014387105,5.0440000000000005
"[5.055, 5.056)",0.01089743,5.045
"[5.056, 5.057)",0.05885087998125,5.046
"[5.057, 5.058)",0.023088856749999997,5.047
"[5.058, 5.059)",0.026526790000000005,5.048
"[5.059, 5.0600000000000005)",0.02863513333333333,5.049
"[5.0600000000000005, 5.061)",0.373457,5.05
"[5.061, 5.062)",0.0034675807499999997,5.051
"[5.062, 5.063)",0.0205066375,5.0520000000000005
"[5.063, 5.064)",0.1400885,5.053
"[5.064, 5.065)",0.09504714850000001,5.054
"[5.065, 5.066)",0.08240593333333333,5.055
"[5.066, 5.067)",0.022353372555555556,5.056
"[5.067, 5.0680000000000005)",0.0023254804999999997,5.057
"[5.0680000000000005, 5.069)",0.0679049165,5.058
"[5.069, 5.07)",0.0041919865,5.059
"[5.07, 5.071)",0.026661757666666664,5.0600000000000005
"[5.071, 5.072)",0.00298151,5.061
"[5.072, 5.073)",0.012770273333333332,5.062
"[5.073, 5.074)",0.00232558,5.063
"[5.074, 5.075)",0.053749611,5.064
"[5.075, 5.0760000000000005)",0.0683004,5.065
"[5.0760000000000005, 5.077)",0.2344973714285714,5.066
"[5.077, 5.078)",0.00150038,5.067
"[5.078, 5.079)",0.04206098550000001,5.0680000000000005
"[5.079, 5.08)",0.009610073499999998,5.069
"[5.08, 5.081)",0.021525100000000002,5.07
"[5.081, 5.082)",0.032908358250000005,5.071
"[5.082, 5.083)",0.004962975,5.072
"[5.083, 5.0840000000000005)",0.01638843242857143,5.073
"[5.0840000000000005, 5.085)",0.015335396666666667,5.074
"[5.085, 5.086)",0.041726015,5.075
"[5.086, 5.087)",0.08726439985714288,5.0760000000000005
"[5.087, 5.088)",0.012653038566666669,5.077
"[5.088, 5.089)",0.1406601275,5.078
"[5.089, 5.09)",0.04172049888888888,5.079
"[5.09, 5.091)",0.025682855000000004,5.08
"[5.091, 5.0920000000000005)",0.0981432,5.081
"[5.0920000000000005, 5.093)",0.006515545999999998,5.082
"[5.093, 5.094)",0.005892006666666667,5.083
"[5.094, 5.095)",0.026317264833333326,5.0840000000000005
"[5.095, 5.096)",0.020176410750000002,5.085
"[5.096, 5.097)",0.0264014905,5.086
"[5.097, 5.098)",0.01598413775,5.087
"[5.098, 5.099)",0.014258030428571428,5.088
"[5.099, 5.1000000000000005)",0.056469646066666664,5.089
"[5.1000000000000005, 5.101)",0.000918274,5.09
"[5.101, 5.102)",0.116693005,5.091
"[5.102, 5.103)",0.12926237425000003,5.0920000000000005
"[5.103, 5.104)",0.030483248600000002,5.093
"[5.104, 5.105)",0.00495868,5.094
"[5.105, 5.106)",0.0674616655,5.095
"[5.106, 5.107)",0.1707016485,5.096
"[5.107, 5.1080000000000005)",0.03207228,5.097
"[5.1080000000000005, 5.109)",0.020209472,5.098
"[5.109, 5.11)",0.27348319,5.099
"[5.11, 5.111)",0.208341291,5.1000000000000005
"[5.111, 5.112)",0.06583887499999999,5.101
"[5.112, 5.113)",0.0032077,5.102
"[5.113, 5.114)",0.008678570600000001,5.103
"[5.114, 5.115)",0.00281743,5.104
"[5.115, 5.1160000000000005)",0.0033001474000000004,5.105
"[5.1160000000000005, 5.117)",0.031439927619999995,5.106
"[5.117, 5.118)",0.0601502190909091,5.107
"[5.118, 5.119)",0.0224573675,5.1080000000000005
"[5.119, 5.12)",0.18480829455555556,5.109
"[5.12, 5.121)",0.12483046749999999,5.11
"[5.121, 5.122)",0.052467924,5.111
"[5.122, 5.123)",0.058668234,5.112
"[5.123, 5.124)",0.01305315,5.113
"[5.124, 5.125)",0.08744329999999999,5.114
"[5.125, 5.126)",0.31461835,5.115
"[5.126, 5.127)",0.06683229615,5.1160000000000005
"[5.127, 5.128)",0.017762734,5.117
"[5.128, 5.1290000000000004)",0.08710056666666667,5.118
"[5.1290000000000004, 5.13)",0.058997088249999996,5.119
"[5.13, 5.131)",0.46672077500000003,5.12
"[5.131, 5.132)",0.02287899,5.121
"[5.132, 5.133)",0.006353983333333334,5.122
"[5.133, 5.134)",0.0060183699999999994,5.123
"[5.134, 5.135)",0.03378204383333333,5.124
"[5.135, 5.136)",0.029351320599999998,5.125
"[5.136, 5.1370000000000005)",0.06573791428571428,5.126
"[5.1370000000000005, 5.138)",0.01286870825,5.127
"[5.138, 5.139)",0.009465684,5.128
"[5.139, 5.14)",0.10186686883333333,5.1290000000000004
"[5.14, 5.141)",0.06187018928571429,5.13
"[5.141, 5.142)",0.023120855000000003,5.131
"[5.142, 5.143)",0.19164207493333332,5.132
"[5.143, 5.144)",0.0116072775,5.133
"[5.144, 5.1450000000000005)",0.10796347777777776,5.134
"[5.1450000000000005, 5.146)",0.16194691146153845,5.135
"[5.146, 5.147)",0.028728065759999998,5.136
"[5.147, 5.148)",0.027265155375000003,5.1370000000000005
"[5.148, 5.149)",0.09320822000000001,5.138
"[5.149, 5.15)",0.01817425,5.139
"[5.15, 5.151)",0.126971698,5.14
"[5.151, 5.152)",0.03918638833333333,5.141
"[5.152, 5.1530000000000005)",0.049121642,5.142
"[5.1530000000000005, 5.154)",0.12990986857142856,5.143
"[5.154, 5.155)",0.013548815555555557,5.144
"[5.155, 5.156)",0.16579085000000002,5.1450000000000005
"[5.156, 5.157)",0.05234934333333333,5.146
"[5.157, 5.158)",0.0375173675,5.147
"[5.158, 5.159)",0.12970006,5.148
"[5.159, 5.16)",0.02180670325,5.149
"[5.16, 5.1610000000000005)",0.02019513666666667,5.15
"[5.1610000000000005, 5.162)",0.00852992,5.151
"[5.162, 5.163)",0.00781718,5.152
"[5.163, 5.164)",0.1383627275,5.1530000000000005
"[5.164, 5.165)",0.048948715,5.154
"[5.165, 5.166)",0.0813235,5.155
"[5.166, 5.167)",0.04061632,5.156
"[5.167, 5.168)",0.013389008499999999,5.157
"[5.168, 5.1690000000000005)",0.01032097,5.158
"[5.1690000000000005, 5.17)",0.40420933666666664,5.159
"[5.17, 5.171)",0.031160550000000002,5.16
"[5.171, 5.172)",0.053922399999999995,5.1610000000000005
"[5.172, 5.173)",0.025,5.162
"[5.173, 5.174)",0.057392240000000004,5.163
"[5.174, 5.175)",0.11410545400000001,5.164
"[5.175, 5.176)",0.042165112500000004,5.165
"[5.176, 5.1770000000000005)",0.184523765,5.166
"[5.1770000000000005, 5.178)",0.0751768,5.167
"[5.178, 5.179)",0.00503682,5.168
"[5.179, 5.18)",0.015105240749999999,5.1690000000000005
"[5.18, 5.181)",0.006498433333333334,5.17
"[5.181, 5.182)",0.003317596666666667,5.171
"[5.182, 5.183)",0.08442258333333331,5.172
"[5.183, 5.184)",0.0027027,5.173
"[5.184, 5.1850000000000005)",0.10490354428571426,5.174
"[5.1850000000000005, 5.186)",0.15497869142857143,5.175
"[5.186, 5.187)",0.17098516500000002,5.176
"[5.187, 5.188)",0.021225066666666667,5.1770000000000005
"[5.188, 5.189)",0.06196446142857143,5.178
"[5.189, 5.19)",0.021095003,5.179
"[5.19, 5.191)",0.014757413333333332,5.18
"[5.191, 5.192)",0.0341107,5.181
"[5.192, 5.1930000000000005)",0.047934225000000004,5.182
"[5.1930000000000005, 5.194)",0.002204863333333333,5.183
"[5.194, 5.195)",0.010350172333333333,5.184
"[5.195, 5.196)",0.18013106666666664,5.1850000000000005
"[5.196, 5.197)",0.0799584775,5.186
"[5.197, 5.198)",0.01114015575,5.187
"[5.198, 5.199)",0.015497407,5.188
"[5.2, 5.2010000000000005)",0.0525567526,5.189
"[5.2010000000000005, 5.202)",0.0462936075,5.19
"[5.202, 5.203)",0.002740755,5.191
"[5.203, 5.204)",0.1382335,5.192
"[5.204, 5.205)",0.0161703175,5.1930000000000005
"[5.205, 5.206)",0.02273165,5.194
"[5.206, 5.207)",0.15197839666666668,5.195
"[5.207, 5.208)",0.0589665005,5.196
"[5.208, 5.2090000000000005)",0.167134675,5.197
"[5.2090000000000005, 5.21)",0.009795975,5.198
"[5.21, 5.211)",0.020815811999999996,5.199
"[5.211, 5.212)",0.024816590000000003,5.2
"[5.212, 5.213)",0.104617482,5.2010000000000005
"[5.213, 5.214)",0.031678225000000004,5.202
"[5.214, 5.215)",0.010189789250000001,5.203
"[5.215, 5.216)",0.0480769,5.204
"[5.216, 5.2170000000000005)",0.14320873861714284,5.205
"[5.2170000000000005, 5.218)",0.016592563333333334,5.206
"[5.218, 5.219)",0.0552401385,5.207
"[5.219, 5.22)",0.1206187375,5.208
"[5.22, 5.221)",0.13035096575,5.2090000000000005
"[5.221, 5.222)",0.030551424,5.21
"[5.222, 5.223)",0.021932451625,5.211
"[5.223, 5.224)",0.0386665,5.212
"[5.224, 5.2250000000000005)",0.10904873333333333,5.213
"[5.2250000000000005, 5.226)",0.036505794571428565,5.214
"[5.226, 5.227)",0.04221873860000001,5.215
"[5.227, 5.228)",0.04547227,5.216
"[5.228, 5.229)",0.023716346774999997,5.2170000000000005
"[5.229, 5.23)",0.02241073752,5.218
"[5.23, 5.231)",0.0129851,5.219
"[5.231, 5.232)",0.006468096666666667,5.22
"[5.232, 5.2330000000000005)",0.16626268,5.221
"[5.2330000000000005, 5.234)",0.0350467662,5.222
"[5.234, 5.235)",0.00327051,5.223
"[5.235, 5.236)",0.08505184,5.224
"[5.236, 5.237)",0.0029874342500000005,5.2250000000000005
"[5.237, 5.238)",0.0030722,5.226
"[5.238, 5.239)",0.00570896,5.227
"[5.24, 5.2410000000000005)",0.0324074,5.228
"[5.2410000000000005, 5.242)",0.06749832,5.229
"[5.243, 5.244)",0.00203114,5.23
"[5.244, 5.245)",0.00040507600000000004,5.231
"[5.245, 5.246)",0.006993414999999999,5.232
"[5.246, 5.247)",0.11258920142857144,5.2330000000000005
"[5.247, 5.248)",0.09687161799999999,5.234
"[5.248, 5.249)",0.0048350649999999995,5.235
"[5.249, 5.25)",0.229424425,5.236
"[5.25, 5.251)",0.0396968601,5.237
"[5.251, 5.252)",0.008544026666666666,5.238
"[5.252, 5.253)",0.05709396,5.239
"[5.253, 5.2540000000000004)",0.173611,5.24
"[5.2540000000000004, 5.255)",0.02967894,5.2410000000000005
"[5.255, 5.256)",0.28146584350000003,5.242
"[5.256, 5.257)",0.0534216,5.243
"[5.257, 5.258)",0.05049126545454546,5.244
"[5.258, 5.259)",0.20486411499999999,5.245
"[5.259, 5.26)",0.10009923350000001,5.246
"[5.26, 5.261)",0.083087124,5.247
"[5.261, 5.2620000000000005)",0.035587999999999995,5.248
"[5.2620000000000005, 5.263)",0.0763494,5.249
"[5.263, 5.264)",0.061599075,5.25
"[5.264, 5.265)",0.025174735,5.251
"[5.265, 5.266)",0.0243418122,5.252
"[5.266, 5.267)",0.014916805714285714,5.253
"[5.267, 5.268)",0.040770466666666665,5.2540000000000004
"[5.268, 5.269)",0.08041783333333334,5.255
"[5.269, 5.2700000000000005)",0.032334299999999996,5.256
"[5.2700000000000005, 5.271)",0.133929,5.257
"[5.271, 5.272)",0.010902675,5.258
"[5.272, 5.273)",0.023513476666666668,5.259
"[5.273, 5.274)",0.04533953500000001,5.26
"[5.274, 5.275)",0.014899899999999999,5.261
"[5.275, 5.276)",0.02574628,5.2620000000000005
"[5.276, 5.277)",0.1059816,5.263
"[5.2780000000000005, 5.279)",0.0711646975,5.264
"[5.279, 5.28)",0.08494752750000001,5.265
"[5.28, 5.281)",0.042089538333333336,5.266
"[5.281, 5.282)",0.04966105666666667,5.267
"[5.282, 5.283)",0.00345694175,5.268
"[5.283, 5.284)",0.016013686333333332,5.269
"[5.284, 5.285)",0.09653687,5.2700000000000005
"[5.285, 5.2860000000000005)",0.01963827,5.271
"[5.2860000000000005, 5.287)",0.02614005833333333,5.272
"[5.287, 5.288)",0.004484884,5.273
"[5.288, 5.289)",0.01277905,5.274
"[5.289, 5.29)",0.05041576916666667,5.275
"[5.29, 5.291)",0.064947913,5.276
"[5.291, 5.292)",0.013409579999999999,5.277
"[5.292, 5.293)",0.063430188,5.2780000000000005
"[5.293, 5.2940000000000005)",0.0711252,5.279
"[5.2940000000000005, 5.295)",0.025324563666666664,5.28
"[5.295, 5.296)",0.018714085,5.281
"[5.296, 5.297)",0.01688815,5.282
"[5.297, 5.298)",0.0076541625,5.283
"[5.298, 5.299)",0.076345925,5.284
"[5.299, 5.3)",0.017323833333333333,5.285
"[5.3, 5.301)",0.1608165479,5.2860000000000005
"[5.301, 5.3020000000000005)",0.005730805,5.287
"[5.3020000000000005, 5.303)",0.036929074,5.288
"[5.303, 5.304)",0.0909576,5.289
"[5.304, 5.305)",0.05805208320000001,5.29
"[5.305, 5.306)",0.0480769,5.291
"[5.306, 5.307)",0.08687057216666666,5.292
"[5.307, 5.308)",0.01894675,5.293
"[5.308, 5.309)",0.08308090142857143,5.2940000000000005
"[5.309, 5.3100000000000005)",0.035411767999999996,5.295
"[5.3100000000000005, 5.311)",0.00575658,5.296
"[5.311, 5.312)",0.0069940716,5.297
"[5.312, 5.313)",0.0047619,5.298
"[5.313, 5.314)",0.010615236,5.299
"[5.314, 5.315)",0.0153846,5.3
"[5.315, 5.316)",0.050271286666666665,5.301
"[5.316, 5.317)",0.01032358,5.3020000000000005
"[5.317, 5.3180000000000005)",0.021158846666666665,5.303
"[5.3180000000000005, 5.319)",0.026692543999999995,5.304
"[5.319, 5.32)",0.00228431,5.305
"[5.32, 5.321)",0.060651511,5.306
"[5.321, 5.322)",0.013758718,5.307
"[5.322, 5.323)",0.06178352,5.308
"[5.323, 5.324)",0.22220491,5.309
"[5.324, 5.325)",0.030576654516666673,5.3100000000000005
"[5.325, 5.3260000000000005)",0.18626125,5.311
"[5.3260000000000005, 5.327)",0.16968574333333333,5.312
"[5.327, 5.328)",0.0142526875,5.313
"[5.328, 5.329)",0.004030753333333334,5.314
"[5.329, 5.33)",0.05722355333333334,5.315
"[5.33, 5.331)",0.07233582166666667,5.316
"[5.331, 5.332)",0.06122221285714286,5.317
"[5.332, 5.333)",0.0920329745,5.3180000000000005
"[5.333, 5.3340000000000005)",0.08981565345454545,5.319
"[5.3340000000000005, 5.335)",0.01906343,5.32
"[5.335, 5.336)",0.08174961750000001,5.321
"[5.336, 5.337)",0.19222615,5.322
"[5.337, 5.338)",0.12206351999999998,5.323
"[5.338, 5.339)",0.04183141642857143,5.324
"[5.339, 5.34)",0.01866455175,5.325
"[5.34, 5.341)",0.05419673485714286,5.3260000000000005
"[5.341, 5.3420000000000005)",0.04247286368421053,5.327
"[5.3420000000000005, 5.343)",0.223264236625,5.328
"[5.343, 5.344)",0.008420953285714286,5.329
"[5.344, 5.345)",0.031628633333333336,5.33
"[5.345, 5.346)",0.000540833,5.331
"[5.346, 5.347)",0.10291425683333331,5.332
"[5.347, 5.348)",0.057118904454545455,5.333
"[5.348, 5.349)",0.07833585750000001,5.3340000000000005
"[5.349, 5.3500000000000005)",0.011387753333333334,5.335
"[5.3500000000000005, 5.351)",0.0357321,5.336
"[5.351, 5.352)",0.026175197272727272,5.337
"[5.352, 5.353)",0.018354848888888886,5.338
"[5.353, 5.354)",0.00812975,5.339
"[5.354, 5.355)",0.024317894819999998,5.34
"[5.355, 5.356)",0.02205847075,5.341
"[5.356, 5.357)",0.077724761625,5.3420000000000005
"[5.357, 5.3580000000000005)",0.1474272702857143,5.343
"[5.3580000000000005, 5.359)",0.000657462,5.344
"[5.359, 5.36)",0.024392916333333334,5.345
"[5.36, 5.361)",0.010934455333333334,5.346
"[5.361, 5.362)",0.06051895858800001,5.347
"[5.362, 5.363)",0.012164654,5.348
"[5.363, 5.364)",0.0067417925,5.349
"[5.364, 5.365)",0.020672565714285714,5.3500000000000005
"[5.365, 5.3660000000000005)",0.015230658749999999,5.351
"[5.3660000000000005, 5.367)",0.056342870999999996,5.352
"[5.367, 5.368)",0.051083201,5.353
"[5.368, 5.369)",0.07250178666666666,5.354
"[5.369, 5.37)",0.0104189655,5.355
"[5.37, 5.371)",0.03429948157142857,5.356
"[5.371, 5.372)",0.09132155,5.357
"[5.372, 5.373)",0.3120944,5.3580000000000005
"[5.373, 5.3740000000000006)",0.025972435999999998,5.359
"[5.3740000000000006, 5.375)",0.10044697914285713,5.36
"[5.375, 5.376)",0.11516710825833336,5.361
"[5.376, 5.377)",0.026226240499999998,5.362
"[5.377, 5.378)",0.03914176999999999,5.363
"[5.378, 5.3790000000000004)",0.03153868428571429,5.364
"[5.3790000000000004, 5.38)",0.007019689,5.365
"[5.38, 5.381)",0.09435956666666667,5.3660000000000005
"[5.381, 5.382)",0.017161628333333335,5.367
"[5.382, 5.383)",0.008839642125,5.368
"[5.383, 5.384)",0.05068768433333334,5.369
"[5.384, 5.385)",0.03630499042857143,5.37
"[5.385, 5.386)",0.050459137,5.371
"[5.386, 5.3870000000000005)",0.052762960000000005,5.372
"[5.3870000000000005, 5.388)",0.071780565,5.373
"[5.388, 5.389)",0.015423241699999998,5.3740000000000006
"[5.389, 5.39)",0.006162155000000001,5.375
"[5.39, 5.391)",0.00825863,5.376
"[5.391, 5.392)",0.037037,5.377
"[5.392, 5.393)",0.006970912499999999,5.378
"[5.393, 5.394)",0.00395257,5.3790000000000004
"[5.394, 5.3950000000000005)",0.0401629,5.38
"[5.3950000000000005, 5.396)",0.22936006,5.381
"[5.396, 5.397)",0.10277417,5.382
"[5.397, 5.398)",0.008533985,5.383
"[5.398, 5.399)",0.027440400000000004,5.384
"[5.399, 5.4)",0.010195306250000001,5.385
"[5.4, 5.401)",0.08078145,5.386
"[5.401, 5.402)",0.09234056,5.3870000000000005
"[5.402, 5.4030000000000005)",0.0017121,5.388
"[5.4030000000000005, 5.404)",0.0772401,5.389
"[5.404, 5.405)",0.12612706666666668,5.39
"[5.405, 5.406)",0.011846933571428572,5.391
"[5.406, 5.407)",0.010208905666666665,5.392
"[5.407, 5.408)",0.04110813,5.393
"[5.408, 5.409)",0.005711475333333333,5.394
"[5.409, 5.41)",0.008336566571428571,5.3950000000000005
"[5.41, 5.4110000000000005)",0.01476812,5.396
"[5.4110000000000005, 5.412)",0.1115954666,5.397
"[5.412, 5.413)",0.01430916255,5.398
"[5.413, 5.414)",0.07579487349999998,5.399
"[5.414, 5.415)",0.0196446724,5.4
"[5.415, 5.416)",0.05836204833333333,5.401
"[5.416, 5.417)",0.07270602500000001,5.402
"[5.417, 5.418)",0.09738709400000002,5.4030000000000005
"[5.418, 5.4190000000000005)",0.027557328000000002,5.404
"[5.4190000000000005, 5.42)",0.022035033333333332,5.405
"[5.42, 5.421)",0.07642292099999999,5.406
"[5.421, 5.422)",0.08671987745454544,5.407
"[5.422, 5.423)",0.037019258,5.408
"[5.424, 5.425)",0.11633782433333334,5.409
"[5.425, 5.426)",0.0133784875,5.41
"[5.426, 5.4270000000000005)",0.0261186085,5.4110000000000005
"[5.4270000000000005, 5.428)",0.017525347833333333,5.412
"[5.428, 5.429)",0.0632419,5.413
"[5.429, 5.43)",0.00577308,5.414
"[5.43, 5.431)",0.054279906666666676,5.415
"[5.431, 5.432)",0.110057325,5.416
"[5.432, 5.433)",0.41543949999999996,5.417
"[5.433, 5.434)",0.14749036625,5.418
"[5.434, 5.4350000000000005)",0.02497927666666667,5.4190000000000005
"[5.4350000000000005, 5.436)",0.17397056666666666,5.42
"[5.436, 5.437)",0.125679,5.421
"[5.437, 5.438)",0.025641331,5.422
"[5.438, 5.439)",0.0018132349999999998,5.423
"[5.439, 5.44)",0.0306472775,5.424
"[5.44, 5.441)",0.029556275,5.425
"[5.441, 5.442)",0.16111066428571427,5.426
"[5.442, 5.4430000000000005)",0.054412293333333334,5.4270000000000005
"[5.4430000000000005, 5.444)",0.014836462,5.428
"[5.444, 5.445)",0.008372243333333333,5.429
"[5.445, 5.446)",0.03187259,5.43
"[5.446, 5.447)",0.0686499,5.431
"[5.447, 5.448)",0.011288059999999999,5.432
"[5.448, 5.449)",0.004362013666666667,5.433
"[5.449, 5.45)",0.0168539,5.434
"[5.45, 5.4510000000000005)",0.00452381,5.4350000000000005
"[5.4510000000000005, 5.452)",0.1147071775,5.436
"[5.452, 5.453)",0.019049608666666665,5.437
"[5.453, 5.454)",0.00426743,5.438
"[5.454, 5.455)",0.666667,5.439
"[5.455, 5.456)",0.0036168686,5.44
"[5.456, 5.457)",0.017071746000000002,5.441
"[5.457, 5.458)",0.07330780199999999,5.442
"[5.458, 5.4590000000000005)",0.025384952,5.4430000000000005
"[5.4590000000000005, 5.46)",0.072686,5.444
"[5.46, 5.461)",0.2878158,5.445
"[5.461, 5.462)",0.00182399,5.446
"[5.462, 5.463)",0.05504705,5.447
"[5.463, 5.464)",0.009939848250000001,5.448
"[5.464, 5.465)",0.224138,5.449
"[5.465, 5.466)",0.011972323833333335,5.45
"[5.466, 5.4670000000000005)",0.07077737428571428,5.4510000000000005
"[5.4670000000000005, 5.468)",0.10095750333333335,5.452
"[5.468, 5.469)",0.008960911,5.453
"[5.469, 5.47)",0.0730185,5.454
"[5.47, 5.471)",0.0031205950000000003,5.455
"[5.471, 5.472)",0.0179462,5.456
"[5.472, 5.473)",0.263158,5.457
"[5.473, 5.474)",0.285714,5.458
"[5.474, 5.4750000000000005)",0.0369357,5.4590000000000005
"[5.4750000000000005, 5.476)",0.06937641500000001,5.46
"[5.476, 5.477)",0.26416160333333333,5.461
"[5.477, 5.478)",0.13297904025,5.462
"[5.478, 5.479)",0.0064309,5.463
"[5.479, 5.48)",0.13855584433333334,5.464
"[5.48, 5.481)",0.014029314999999999,5.465
"[5.481, 5.482)",0.013408620000000001,5.466
"[5.482, 5.4830000000000005)",0.016410236666666668,5.4670000000000005
"[5.4830000000000005, 5.484)",0.0330918008,5.468
"[5.484, 5.485)",0.023988669,5.469
"[5.485, 5.486)",0.028304197833333336,5.47
"[5.486, 5.487)",0.024566029999999996,5.471
"[5.487, 5.488)",0.0196277,5.472
"[5.488, 5.489)",0.157389535,5.473
"[5.489, 5.49)",0.08637056200000001,5.474
"[5.49, 5.4910000000000005)",0.02175321566666667,5.4750000000000005
"[5.4910000000000005, 5.492)",0.09625108,5.476
"[5.492, 5.493)",0.03487093255555556,5.477
"[5.493, 5.494)",0.06098144933333333,5.478
"[5.494, 5.495)",0.029855634000000002,5.479
"[5.495, 5.496)",0.06970429285714286,5.48
"[5.496, 5.497)",0.014059794624999998,5.481
"[5.497, 5.498)",0.01299498,5.482
"[5.498, 5.4990000000000006)",0.20666210000000004,5.4830000000000005
"[5.4990000000000006, 5.5)",0.1330746666666667,5.484
"[5.5, 5.501)",0.030130022157894742,5.485
"[5.501, 5.502)",0.08475068425,5.486
"[5.502, 5.503)",0.06564997377777777,5.487
"[5.503, 5.5040000000000004)",0.015123728888888889,5.488
"[5.5040000000000004, 5.505)",0.07333358999999999,5.489
"[5.505, 5.506)",0.014112495714285715,5.49
"[5.506, 5.507)",0.07635305133333332,5.4910000000000005
"[5.507, 5.508)",0.04752151333333334,5.492
"[5.508, 5.509)",0.033250438,5.493
"[5.509, 5.51)",0.073321135766,5.494
"[5.51, 5.511)",0.27970183125,5.495
"[5.511, 5.5120000000000005)",0.1519115925,5.496
"[5.5120000000000005, 5.513)",0.0170060025,5.497
"[5.513, 5.514)",0.086466174,5.498
"[5.514, 5.515)",0.01525197333333333,5.4990000000000006
"[5.515, 5.516)",0.008343816666666667,5.5
"[5.516, 5.517)",0.0030914000000000002,5.501
"[5.517, 5.518)",0.08096906666666667,5.502
"[5.518, 5.519)",0.0058225149999999995,5.503
"[5.519, 5.5200000000000005)",0.017863905,5.5040000000000004
"[5.5200000000000005, 5.521)",0.0610108525,5.505
"[5.521, 5.522)",0.00560407,5.506
"[5.522, 5.523)",0.05084955666666668,5.507
"[5.523, 5.524)",0.10066950000000001,5.508
"[5.524, 5.525)",0.0017435099999999998,5.509
"[5.525, 5.526)",0.20941489000000005,5.51
"[5.526, 5.527)",0.111111,5.511
"[5.527, 5.5280000000000005)",0.042551743333333336,5.5120000000000005
"[5.5280000000000005, 5.529)",0.010801936666666666,5.513
"[5.529, 5.53)",0.010446742499999998,5.514
"[5.53, 5.531)",0.06845490219999999,5.515
"[5.531, 5.532)",0.02167258,5.516
"[5.532, 5.533)",0.03854895,5.517
"[5.533, 5.534)",6.37471e-5,5.518
"[5.534, 5.535)",0.00371707,5.519
"[5.535, 5.5360000000000005)",0.040282476000000005,5.5200000000000005
"[5.5360000000000005, 5.537)",0.0,5.521
"[5.537, 5.538)",0.017839975,5.522
"[5.538, 5.539)",0.0178591418,5.523
"[5.539, 5.54)",0.008973972399999999,5.524
"[5.54, 5.541)",0.06301199118181819,5.525
"[5.541, 5.542)",0.09944345857142858,5.526
"[5.542, 5.543)",0.0576317125,5.527
"[5.543, 5.5440000000000005)",0.08036456666666668,5.5280000000000005
"[5.5440000000000005, 5.545)",0.00494014,5.529
"[5.545, 5.546)",0.059121457999999995,5.53
"[5.546, 5.547)",0.3697343126666666,5.531
"[5.547, 5.548)",0.029881476666666667,5.532
"[5.548, 5.549)",0.02031935125,5.533
"[5.549, 5.55)",0.07966822,5.534
"[5.55, 5.551)",0.005216264,5.535
"[5.551, 5.5520000000000005)",0.05741759999999999,5.5360000000000005
"[5.5520000000000005, 5.553)",0.07688639241428571,5.537
"[5.553, 5.554)",0.018848862500000004,5.538
"[5.554, 5.555)",0.0065137676666666665,5.539
"[5.555, 5.556)",0.013528307000000002,5.54
"[5.556, 5.557)",0.07796533324999999,5.541
"[5.557, 5.558)",0.06766967654999999,5.542
"[5.558, 5.559)",0.016657188,5.543
"[5.559, 5.5600000000000005)",0.027408250000000002,5.5440000000000005
"[5.5600000000000005, 5.561)",0.016086205125,5.545
"[5.561, 5.562)",0.0482143,5.546
"[5.562, 5.563)",0.03507411377777778,5.547
"[5.563, 5.564)",0.053811482833333334,5.548
"[5.564, 5.565)",0.027469556666666662,5.549
"[5.565, 5.566)",0.08296492800000001,5.55
"[5.566, 5.567)",0.0208383475,5.551
"[5.567, 5.5680000000000005)",0.11311833428571429,5.5520000000000005
"[5.5680000000000005, 5.569)",0.20119,5.553
"[5.569, 5.57)",0.000477583,5.554
"[5.57, 5.571)",0.0035727665,5.555
"[5.571, 5.572)",0.03766683471428572,5.556
"[5.572, 5.573)",0.0165434625,5.557
"[5.573, 5.574)",0.12362586919999999,5.558
"[5.574, 5.575)",0.00205104225,5.559
"[5.575, 5.5760000000000005)",0.161221,5.5600000000000005
"[5.5760000000000005, 5.577)",0.155,5.561
"[5.577, 5.578)",0.11298134999999998,5.562
"[5.578, 5.579)",0.0076592175,5.563
"[5.579, 5.58)",0.0070922,5.564
"[5.58, 5.581)",0.01785615,5.565
"[5.581, 5.582)",0.068944291,5.566
"[5.582, 5.583)",0.00166192,5.567
"[5.583, 5.5840000000000005)",0.018377001,5.5680000000000005
"[5.5840000000000005, 5.585)",0.0069405925,5.569
"[5.585, 5.586)",0.0670989,5.57
"[5.586, 5.587)",0.0309813,5.571
"[5.587, 5.588)",0.017817451,5.572
"[5.588, 5.589)",0.013748004285714285,5.573
"[5.589, 5.59)",0.00593293,5.574
"[5.59, 5.591)",0.0161239,5.575
"[5.591, 5.5920000000000005)",0.01323167333333333,5.5760000000000005
"[5.5920000000000005, 5.593)",0.014342595,5.577
"[5.593, 5.594)",0.028719388749999998,5.578
"[5.594, 5.595)",0.05971255,5.579
"[5.595, 5.596)",0.017665073333333333,5.58
"[5.596, 5.597)",0.005481616666666667,5.581
"[5.597, 5.598)",0.0990638625,5.582
"[5.598, 5.599)",0.0030077936666666662,5.583
"[5.599, 5.6000000000000005)",0.017753638333333332,5.5840000000000005
"[5.6000000000000005, 5.601)",0.1074544033,5.585
"[5.602, 5.603)",0.15836874,5.586
"[5.603, 5.604)",0.034107573999999995,5.587
"[5.604, 5.605)",0.04714715,5.588
"[5.606, 5.607)",0.0240251465,5.589
"[5.607, 5.6080000000000005)",0.070344005,5.59
"[5.6080000000000005, 5.609)",0.00996295,5.591
"[5.61, 5.611)",0.00737101,5.5920000000000005
"[5.611, 5.612)",0.13549060750000003,5.593
"[5.613, 5.614)",0.07774742714285716,5.594
"[5.614, 5.615)",0.028456125,5.595
"[5.615, 5.6160000000000005)",0.0027098480000000004,5.596
"[5.6160000000000005, 5.617)",0.015362153333333335,5.597
"[5.617, 5.618)",0.10188960216666665,5.598
"[5.618, 5.619)",0.09675665,5.599
"[5.619, 5.62)",0.042678379,5.6000000000000005
"[5.62, 5.621)",0.12309296674999999,5.601
"[5.621, 5.622)",0.04287085042857143,5.602
"[5.622, 5.623)",0.0147333,5.603
"[5.623, 5.6240000000000006)",0.013923512499999999,5.604
"[5.6240000000000006, 5.625)",0.006243564,5.605
"[5.625, 5.626)",0.021812153333333334,5.606
"[5.626, 5.627)",0.12575019,5.607
"[5.627, 5.628)",0.056825294000000005,5.6080000000000005
"[5.628, 5.6290000000000004)",0.009860748749999999,5.609
"[5.6290000000000004, 5.63)",0.02592046,5.61
"[5.63, 5.631)",0.02438345825,5.611
"[5.631, 5.632)",0.0031722,5.612
"[5.632, 5.633)",0.00799353,5.613
"[5.633, 5.634)",0.07624334166666667,5.614
"[5.634, 5.635)",0.0046622,5.615
"[5.635, 5.636)",0.0127631,5.6160000000000005
"[5.636, 5.6370000000000005)",0.017303,5.617
"[5.6370000000000005, 5.638)",0.002459387,5.618
"[5.638, 5.639)",0.01893115,5.619
"[5.639, 5.64)",0.0213522875,5.62
"[5.64, 5.641)",0.0111529965,5.621
"[5.641, 5.642)",0.01356839,5.622
"[5.642, 5.643)",0.2407288,5.623
"[5.643, 5.644)",0.004818715,5.6240000000000006
"[5.644, 5.6450000000000005)",0.13698650333333331,5.625
"[5.6450000000000005, 5.646)",0.09803507,5.626
"[5.646, 5.647)",0.010747301,5.627
"[5.647, 5.648)",0.325,5.628
"[5.649, 5.65)",0.023727413333333332,5.6290000000000004
"[5.65, 5.651)",0.14713081333333333,5.63
"[5.651, 5.652)",0.034766370000000005,5.631
"[5.652, 5.6530000000000005)",0.00134953,5.632
"[5.6530000000000005, 5.654)",0.093860911,5.633
"[5.654, 5.655)",0.2952970106,5.634
"[5.656, 5.657)",0.006847615,5.635
"[5.657, 5.658)",0.014950525000000001,5.636
"[5.658, 5.659)",0.27168356666666665,5.6370000000000005
"[5.659, 5.66)",0.11984788100000002,5.638
"[5.66, 5.6610000000000005)",0.005055395,5.639
"[5.6610000000000005, 5.662)",0.08922534,5.64
"[5.662, 5.663)",0.005039143333333333,5.641
"[5.663, 5.664)",0.0028777165,5.642
"[5.664, 5.665)",0.008709966666666666,5.643
"[5.665, 5.666)",0.016173093333333333,5.644
"[5.666, 5.667)",0.0821359,5.6450000000000005
"[5.667, 5.668)",0.031762969999999995,5.646
"[5.668, 5.6690000000000005)",0.011118215,5.647
"[5.6690000000000005, 5.67)",0.0277778,5.648
"[5.67, 5.671)",0.050052229999999996,5.649
"[5.671, 5.672)",0.10830678333333332,5.65
"[5.672, 5.673)",0.019548600000000003,5.651
"[5.673, 5.674)",0.0269521,5.652
"[5.674, 5.675)",0.00543901,5.6530000000000005
"[5.675, 5.676)",0.24298545,5.654
"[5.676, 5.6770000000000005)",0.007808343333333333,5.655
"[5.6770000000000005, 5.678)",0.02825955,5.656
"[5.678, 5.679)",0.0132129005,5.657
"[5.679, 5.68)",0.046371966,5.658
"[5.68, 5.681)",0.0112440825,5.659
"[5.681, 5.682)",0.01316757075,5.66
"[5.682, 5.683)",0.301587,5.6610000000000005
"[5.683, 5.684)",0.444444,5.662
"[5.6850000000000005, 5.686)",0.0714391,5.663
"[5.686, 5.687)",0.12671183333333333,5.664
"[5.687, 5.688)",0.2559916,5.665
"[5.689, 5.69)",0.00318259825,5.666
"[5.69, 5.691)",0.00756144,5.667
"[5.691, 5.692)",0.12331125,5.668
"[5.6930000000000005, 5.694)",0.06979616000000001,5.6690000000000005
"[5.694, 5.695)",0.00416341,5.67
"[5.695, 5.696)",0.0716972,5.671
"[5.696, 5.697)",0.0178571,5.672
"[5.697, 5.698)",0.1139817065,5.673
"[5.699, 5.7)",0.010054373833333333,5.674
"[5.7, 5.7010000000000005)",0.00274725,5.675
"[5.7010000000000005, 5.702)",0.00307627,5.676
"[5.702, 5.703)",0.0666285,5.6770000000000005
"[5.703, 5.704)",0.00404858,5.678
"[5.704, 5.705)",0.000657462,5.679
"[5.706, 5.707)",0.2,5.68
"[5.707, 5.708)",0.048155154,5.681
"[5.708, 5.7090000000000005)",0.0071537835,5.682
"[5.7090000000000005, 5.71)",0.01336286,5.683
"[5.71, 5.711)",0.14914144999999998,5.684
"[5.711, 5.712)",0.046158366666666666,5.6850000000000005
"[5.712, 5.713)",0.17847148834999998,5.686
"[5.713, 5.714)",0.03504324033333333,5.687
"[5.714, 5.715)",0.0171713,5.688
"[5.715, 5.716)",0.0020181266666666666,5.689
"[5.716, 5.7170000000000005)",0.0160214,5.69
"[5.7170000000000005, 5.718)",0.031587836999999994,5.691
"[5.718, 5.719)",0.0148368255,5.692
"[5.719, 5.72)",0.2524046583333333,5.6930000000000005
"[5.72, 5.721)",0.08807560000000002,5.694
"[5.721, 5.722)",0.01301466,5.695
"[5.722, 5.723)",0.003143855,5.696
"[5.723, 5.724)",0.0864198,5.697
"[5.724, 5.7250000000000005)",0.0121208075,5.698
"[5.7250000000000005, 5.726)",0.05098685,5.699
"[5.726, 5.727)",0.0311783335,5.7
"[5.727, 5.728)",0.022917298000000003,5.7010000000000005
"[5.728, 5.729)",0.000991954,5.702
"[5.729, 5.73)",0.028034305,5.703
"[5.73, 5.731)",0.05366585042857143,5.704
"[5.731, 5.732)",0.0218823,5.705
"[5.732, 5.7330000000000005)",0.00856392,5.706
"[5.7330000000000005, 5.734)",0.077998185,5.707
"[5.734, 5.735)",0.2406754733333333,5.708
"[5.735, 5.736)",0.0285088,5.7090000000000005
"[5.736, 5.737)",0.005293352,5.71
"[5.738, 5.739)",0.041096153775000005,5.711
"[5.739, 5.74)",0.05418954857142858,5.712
"[5.74, 5.7410000000000005)",0.010012444714285714,5.713
"[5.7410000000000005, 5.742)",0.046474259999999996,5.714
"[5.742, 5.743)",0.01780417,5.715
"[5.743, 5.744)",0.04733495,5.716
"[5.744, 5.745)",0.0620197075,5.7170000000000005
"[5.745, 5.746)",0.0026455,5.718
"[5.746, 5.747)",0.0973999042,5.719
"[5.747, 5.748)",0.1539066,5.72
"[5.748, 5.7490000000000006)",0.09504984999999999,5.721
"[5.7490000000000006, 5.75)",0.07441617766666667,5.722
"[5.75, 5.751)",0.050654043333333336,5.723
"[5.751, 5.752)",0.0018872964999999998,5.724
"[5.752, 5.753)",0.03714576666666667,5.7250000000000005
"[5.753, 5.7540000000000004)",0.06742667000000001,5.726
"[5.7540000000000004, 5.755)",0.00217372,5.727
"[5.755, 5.756)",0.01616089,5.728
"[5.756, 5.757000000000001)",0.09817954666666666,5.729
"[5.757000000000001, 5.758)",0.0015015,5.73
"[5.758, 5.759)",0.02066314181818182,5.731
"[5.759, 5.76)",0.007997366142857143,5.732
"[5.76, 5.761)",0.015278730200000002,5.7330000000000005
"[5.761, 5.7620000000000005)",0.015190628000000001,5.734
"[5.7620000000000005, 5.763)",0.120773,5.735
"[5.763, 5.764)",0.0171860175,5.736
"[5.765, 5.766)",0.04805292666666666,5.737
"[5.766, 5.767)",0.035008252000000004,5.738
"[5.767, 5.768)",0.13511663333333332,5.739
"[5.769, 5.7700000000000005)",0.0302903,5.74
"[5.7700000000000005, 5.771)",0.059400483333333344,5.7410000000000005
"[5.771, 5.772)",0.29359250000000003,5.742
"[5.772, 5.773)",0.0103045275,5.743
"[5.773, 5.774)",0.18679642333333335,5.744
"[5.774, 5.775)",0.00692641,5.745
"[5.775, 5.776)",0.008199610333333334,5.746
"[5.777, 5.7780000000000005)",0.09578099696666666,5.747
"[5.7780000000000005, 5.779)",0.027716715,5.748
"[5.779, 5.78)",0.0754792,5.7490000000000006
"[5.78, 5.781)",0.2122258908,5.75
"[5.782, 5.783)",0.016806736,5.751
"[5.783, 5.784)",0.03270726,5.752
"[5.784, 5.785)",0.019462126666666666,5.753
"[5.785, 5.7860000000000005)",0.00380188575,5.7540000000000004
"[5.7860000000000005, 5.787)",0.00513843,5.755
"[5.787, 5.788)",0.0337838,5.756
"[5.788, 5.789)",0.00527188,5.757000000000001
"[5.789, 5.79)",0.109964978,5.758
"[5.79, 5.791)",0.04518759333333333,5.759
"[5.791, 5.792)",0.009423510666666668,5.76
"[5.792, 5.793)",0.00292501,5.761
"[5.793, 5.7940000000000005)",0.00506146,5.7620000000000005
"[5.7940000000000005, 5.795)",0.03432019,5.763
"[5.795, 5.796)",0.10003187355000001,5.764
"[5.796, 5.797)",0.049480760000000006,5.765
"[5.797, 5.798)",0.017769453333333334,5.766
"[5.798, 5.799)",0.1282180305,5.767
"[5.8, 5.801)",0.12618255450000002,5.768
"[5.801, 5.8020000000000005)",0.07827658333333334,5.769
"[5.8020000000000005, 5.803)",0.04918229999999999,5.7700000000000005
"[5.803, 5.804)",0.02025108688,5.771
"[5.804, 5.805)",0.045669734,5.772
"[5.805, 5.806)",0.05058233333333333,5.773
"[5.806, 5.807)",0.0347476625,5.774
"[5.807, 5.808)",0.048165033366666665,5.775
"[5.808, 5.809)",0.02276465,5.776
"[5.809, 5.8100000000000005)",0.038147140749999996,5.777
"[5.8100000000000005, 5.811)",0.05300945666666667,5.7780000000000005
"[5.811, 5.812)",0.03669846,5.779
"[5.812, 5.813)",0.04980968,5.78
"[5.813, 5.814)",0.09741370525,5.781
"[5.814, 5.815)",0.0347826,5.782
"[5.815, 5.816)",0.039605466666666665,5.783
"[5.816, 5.817)",0.005344303333333334,5.784
"[5.817, 5.8180000000000005)",0.3982905,5.785
"[5.8180000000000005, 5.819)",0.23355401833333334,5.7860000000000005
"[5.819, 5.82)",0.061713895000000005,5.787
"[5.82, 5.821)",0.117323914,5.788
"[5.821, 5.822)",0.02909963857142857,5.789
"[5.822, 5.823)",0.24683581,5.79
"[5.823, 5.824)",0.07951131666666666,5.791
"[5.825, 5.8260000000000005)",1.7875e-5,5.792
"[5.8260000000000005, 5.827)",0.3788362333333333,5.793
"[5.827, 5.828)",0.23361355,5.7940000000000005
"[5.828, 5.829)",0.022329573333333335,5.795
"[5.829, 5.83)",0.0357143,5.796
"[5.83, 5.831)",0.03857608,5.797
"[5.831, 5.832)",0.06662028666666665,5.798
"[5.832, 5.833)",0.003139075,5.799
"[5.833, 5.8340000000000005)",0.0040498625,5.8
"[5.8340000000000005, 5.835)",0.0015890733333333332,5.801
"[5.835, 5.836)",0.133333,5.8020000000000005
"[5.836, 5.837)",0.0116959,5.803
"[5.837, 5.838)",0.0145396225,5.804
"[5.838, 5.839)",0.001232971,5.805
"[5.839, 5.84)",0.025754021550000002,5.806
"[5.84, 5.841)",0.057849655922222215,5.807
"[5.841, 5.8420000000000005)",0.018067503333333335,5.808
"[5.8420000000000005, 5.843)",0.02735882116666667,5.809
"[5.843, 5.844)",0.03637116,5.8100000000000005
"[5.844, 5.845)",0.02239485925,5.811
"[5.845, 5.846)",0.00808458,5.812
"[5.846, 5.847)",0.014906985,5.813
"[5.847, 5.848)",0.026084085,5.814
"[5.848, 5.849)",0.02336535666666667,5.815
"[5.849, 5.8500000000000005)",0.0505263,5.816
"[5.8500000000000005, 5.851)",0.00387232575,5.817
"[5.851, 5.852)",0.048876377666666665,5.8180000000000005
"[5.852, 5.853)",0.0257889,5.819
"[5.853, 5.854)",0.0476366,5.82
"[5.854, 5.855)",0.023948876,5.821
"[5.855, 5.856)",0.000334672,5.822
"[5.857, 5.8580000000000005)",0.04100389,5.823
"[5.8580000000000005, 5.859)",0.014306416666666667,5.824
"[5.859, 5.86)",0.0463667466,5.825
"[5.86, 5.861)",0.048108892400000006,5.8260000000000005
"[5.861, 5.862)",0.0235311346,5.827
"[5.862, 5.863)",0.042577104166666664,5.828
"[5.863, 5.864)",0.15205657666666667,5.829
"[5.864, 5.865)",0.000540833,5.83
"[5.865, 5.8660000000000005)",0.0756464,5.831
"[5.8660000000000005, 5.867)",0.028668062,5.832
"[5.867, 5.868)",0.0508623,5.833
"[5.868, 5.869)",0.190476,5.8340000000000005
"[5.869, 5.87)",0.0010206065,5.835
"[5.87, 5.871)",0.037761659999999996,5.836
"[5.871, 5.872)",0.030018700000000002,5.837
"[5.872, 5.873)",0.02615003,5.838
"[5.873, 5.8740000000000006)",0.02284175,5.839
"[5.8740000000000006, 5.875)",0.048980263249999996,5.84
"[5.875, 5.876)",0.02627485,5.841
"[5.876, 5.877)",0.000540833,5.8420000000000005
"[5.8790000000000004, 5.88)",0.00683306,5.843
"[5.88, 5.881)",0.07144946,5.844
"[5.881, 5.882000000000001)",0.04146583527,5.845
"[5.882000000000001, 5.883)",0.0619232,5.846
"[5.883, 5.884)",0.024948882749999998,5.847
"[5.884, 5.885)",0.0173618165,5.848
"[5.885, 5.886)",0.134409,5.849
"[5.886, 5.8870000000000005)",0.001462516,5.8500000000000005
"[5.8870000000000005, 5.888)",0.16590693333333334,5.851
"[5.888, 5.889)",0.0315204165,5.852
"[5.89, 5.891)",0.00159321,5.853
"[5.891, 5.892)",0.00494336,5.854
"[5.893, 5.894)",0.0058590633333333334,5.855
"[5.894, 5.8950000000000005)",0.0045755,5.856
"[5.8950000000000005, 5.896)",0.011089955,5.857
"[5.896, 5.897)",0.22373479000000002,5.8580000000000005
"[5.897, 5.898)",0.133333,5.859
"[5.898, 5.899)",0.2188494165,5.86
"[5.899, 5.9)",0.3438786,5.861
"[5.9, 5.901)",0.00882807,5.862
"[5.901, 5.902)",0.010670355,5.863
"[5.902, 5.9030000000000005)",0.01130384,5.864
"[5.9030000000000005, 5.904)",0.043528185000000004,5.865
"[5.904, 5.905)",0.0,5.8660000000000005
"[5.905, 5.906)",0.0301513,5.867
"[5.906, 5.907)",0.15681633333333334,5.868
"[5.908, 5.909)",0.00833333,5.869
"[5.909, 5.91)",0.0451519,5.87
"[5.91, 5.9110000000000005)",0.03695317666666667,5.871
"[5.9110000000000005, 5.912)",0.0044209415,5.872
"[5.912, 5.913)",0.019355235,5.873
"[5.913, 5.914)",0.0235492,5.8740000000000006
"[5.914, 5.915)",0.000674765,5.875
"[5.915, 5.916)",0.0750751,5.876
"[5.916, 5.917)",0.16798970333333332,5.877
"[5.917, 5.918)",0.0008490209999999999,5.878
"[5.9190000000000005, 5.92)",0.0275735,5.8790000000000004
"[5.92, 5.921)",0.03159048527272727,5.88
"[5.921, 5.922)",0.091568178,5.881
"[5.922, 5.923)",0.0045149364999999995,5.882000000000001
"[5.923, 5.924)",0.030012601428571435,5.883
"[5.924, 5.925)",0.0375,5.884
"[5.925, 5.926)",0.0411654,5.885
"[5.926, 5.9270000000000005)",0.06781904999999999,5.886
"[5.9270000000000005, 5.928)",0.02644807,5.8870000000000005
"[5.928, 5.929)",0.02064195,5.888
"[5.929, 5.93)",0.0444076425,5.889
"[5.93, 5.931)",0.0391645,5.89
"[5.931, 5.932)",0.00529732,5.891
"[5.932, 5.933)",0.008860564,5.892
"[5.933, 5.934)",0.06257698325,5.893
"[5.934, 5.9350000000000005)",0.00226757,5.894
"[5.936, 5.937)",0.0372655,5.8950000000000005
"[5.937, 5.938)",0.126984,5.896
"[5.938, 5.939)",0.0029417239999999997,5.897
"[5.939, 5.94)",0.02390711,5.898
"[5.94, 5.941)",0.036438939999999996,5.899
"[5.941, 5.942)",0.05731875,5.9
"[5.942, 5.9430000000000005)",0.06355502428571427,5.901
"[5.9430000000000005, 5.944)",0.010608427999999998,5.902
"[5.944, 5.945)",0.14857673,5.9030000000000005
"[5.945, 5.946)",0.10238780999999998,5.904
"[5.946, 5.947)",0.0165615,5.905
"[5.949, 5.95)",0.178082,5.906
"[5.95, 5.9510000000000005)",0.13052991111111112,5.907
"[5.9510000000000005, 5.952)",0.08337355,5.908
"[5.952, 5.953)",0.018878758,5.909
"[5.953, 5.954)",0.043379088111111117,5.91
"[5.954, 5.955)",0.0681543,5.9110000000000005
"[5.955, 5.956)",0.00867636,5.912
"[5.956, 5.957)",0.0940662,5.913
"[5.957, 5.958)",0.004907887,5.914
"[5.958, 5.9590000000000005)",0.005255075,5.915
"[5.9590000000000005, 5.96)",0.09954933333333332,5.916
"[5.96, 5.961)",0.007951696666666666,5.917
"[5.961, 5.962)",0.0126582,5.918
"[5.962, 5.963)",0.025479631,5.9190000000000005
"[5.963, 5.964)",0.059543475000000005,5.92
"[5.964, 5.965)",0.120879,5.921
"[5.965, 5.966)",0.0025409965,5.922
"[5.966, 5.9670000000000005)",0.054246265,5.923
"[5.968, 5.969)",0.0,5.924
"[5.969, 5.97)",0.24391823099999999,5.925
"[5.97, 5.971)",0.026990615,5.926
"[5.971, 5.972)",0.0104167,5.9270000000000005
"[5.972, 5.973)",0.10404043333333333,5.928
"[5.973, 5.974)",0.001569805,5.929
"[5.974, 5.9750000000000005)",0.16746595,5.93
"[5.9750000000000005, 5.976)",0.25,5.931
"[5.977, 5.978)",0.137075,5.932
"[5.978, 5.979)",0.03200120133333333,5.933
"[5.979, 5.98)",0.11163285,5.934
"[5.98, 5.981)",0.07243539333333333,5.9350000000000005
"[5.981, 5.982)",0.08018567400000001,5.936
"[5.982, 5.9830000000000005)",0.060101064125,5.937
"[5.9830000000000005, 5.984)",0.238822322,5.938
"[5.984, 5.985)",0.07534196666666666,5.939
"[5.985, 5.986)",0.1921432575,5.94
"[5.986, 5.987)",0.058841,5.941
"[5.988, 5.989)",0.123506,5.942
"[5.989, 5.99)",0.00232558,5.9430000000000005
"[5.99, 5.9910000000000005)",0.09789095166666666,5.944
"[5.9910000000000005, 5.992)",0.1325798,5.945
"[5.992, 5.993)",0.433333,5.946
"[5.993, 5.994)",0.0386944,5.947
"[5.994, 5.995)",0.001462516,5.948
"[5.995, 5.996)",0.0454545,5.949
"[5.996, 5.997)",0.00110742,5.95
"[5.997, 5.998)",0.097125,5.9510000000000005
"[5.998, 5.9990000000000006)",0.183673,5.952
"[6.0, 6.001)",0.06757716666666667,5.953
"[6.002, 6.003)",0.076641,5.954
"[6.003, 6.0040000000000004)",0.008773835,5.955
"[6.0040000000000004, 6.005)",0.013214656666666666,5.956
"[6.005, 6.006)",0.006761155,5.957
"[6.006, 6.007000000000001)",0.004718335,5.958
"[6.008, 6.009)",0.0625,5.9590000000000005
"[6.011, 6.0120000000000005)",0.01166735,5.96
"[6.0120000000000005, 6.013)",0.015524835,5.961
"[6.013, 6.014)",0.0585963225,5.962
"[6.014, 6.015000000000001)",0.014757393333333334,5.963
"[6.015000000000001, 6.016)",0.000604791,5.964
"[6.018, 6.019)",0.145299,5.965
"[6.0200000000000005, 6.021)",0.07613536666666668,5.966
"[6.021, 6.022)",0.0191949,5.9670000000000005
"[6.022, 6.023)",0.07341095,5.968
"[6.023, 6.024)",0.20982133333333333,5.969
"[6.024, 6.025)",0.037821638000000005,5.97
"[6.025, 6.026)",0.012083198750000001,5.971
"[6.026, 6.027)",0.0157596,5.972
"[6.027, 6.0280000000000005)",0.0353808,5.973
"[6.0280000000000005, 6.029)",0.0039628,5.974
"[6.03, 6.031)",0.185777585,5.9750000000000005
"[6.031, 6.032)",0.009450410571428574,5.976
"[6.032, 6.033)",0.023190633333333332,5.977
"[6.033, 6.034)",0.012037008333333335,5.978
"[6.034, 6.035)",0.06623477166666668,5.979
"[6.035, 6.0360000000000005)",0.05258241,5.98
"[6.0360000000000005, 6.037)",0.0434573,5.981
"[6.037, 6.038)",0.00808458,5.982
"[6.038, 6.039)",0.0122869,5.9830000000000005
"[6.039, 6.04)",0.0147783,5.984
"[6.04, 6.041)",0.02120291,5.985
"[6.041, 6.042)",0.09957201,5.986
"[6.042, 6.043)",0.0247216,5.987
"[6.0440000000000005, 6.045)",0.036275845,5.988
"[6.045, 6.046)",0.50669645,5.989
"[6.046, 6.047)",0.00137174,5.99
"[6.047, 6.048)",0.07547670857142856,5.9910000000000005
"[6.048, 6.049)",0.060411099999999995,5.992
"[6.049, 6.05)",0.044493066666666664,5.993
"[6.051, 6.0520000000000005)",0.0067382499999999994,5.994
"[6.0520000000000005, 6.053)",0.16994869999999998,5.995
"[6.054, 6.055)",0.0360563,5.996
"[6.055, 6.056)",0.1295442,5.997
"[6.056, 6.057)",0.01947595,5.998
"[6.057, 6.058)",1.0,5.9990000000000006
"[6.058, 6.059)",0.006430713333333333,6.0
"[6.061, 6.062)",0.0160561,6.001
"[6.063, 6.064)",0.127629,6.002
"[6.064, 6.065)",0.184686145,6.003
"[6.065, 6.066)",0.08238807000000001,6.0040000000000004
"[6.0680000000000005, 6.069)",0.0723157,6.005
"[6.069, 6.07)",0.23746572999999999,6.006
"[6.071, 6.072)",0.0436191,6.007000000000001
"[6.072, 6.073)",1.0,6.008
"[6.073, 6.074)",0.5164835,6.009
"[6.074, 6.075)",0.018673883333333335,6.01
"[6.075, 6.0760000000000005)",0.111111,6.011
"[6.0760000000000005, 6.077)",0.0151515,6.0120000000000005
"[6.077, 6.078)",0.024554846666666668,6.013
"[6.078, 6.079)",1.0,6.014
"[6.079, 6.08)",0.055855980000000006,6.015000000000001
"[6.08, 6.081)",0.13913,6.016
"[6.081, 6.082)",0.272727,6.017
"[6.082, 6.083)",0.0255075,6.018
"[6.083, 6.0840000000000005)",0.00197368,6.019
"[6.0840000000000005, 6.085)",0.00217637,6.0200000000000005
"[6.085, 6.086)",0.05167063,6.021
"[6.087, 6.088)",0.022902924999999998,6.022
"[6.088, 6.089)",0.13498436666666666,6.023
"[6.089, 6.09)",0.008826085000000001,6.024
"[6.09, 6.091)",0.13219352,6.025
"[6.091, 6.0920000000000005)",0.0327815,6.026
"[6.0920000000000005, 6.093)",0.00955466,6.027
"[6.093, 6.094)",0.00170164,6.0280000000000005
"[6.094, 6.095)",0.00226757,6.029
"[6.095, 6.096)",0.028549347200000002,6.03
"[6.096, 6.097)",0.236111,6.031
"[6.097, 6.098)",0.003705177,6.032
"[6.098, 6.099)",0.03580097,6.033
"[6.099, 6.1000000000000005)",0.00584795,6.034
"[6.101, 6.102)",0.013985513333333333,6.035
"[6.102, 6.103)",0.00226757,6.0360000000000005
"[6.103, 6.104)",0.00110742,6.037
"[6.104, 6.105)",0.018856255,6.038
"[6.105, 6.106)",0.08180003333333334,6.039
"[6.106, 6.107)",0.0718707,6.04
"[6.107, 6.1080000000000005)",0.113881,6.041
"[6.1080000000000005, 6.109)",0.12966493333333334,6.042
"[6.109, 6.11)",0.052347612499999994,6.043
"[6.11, 6.111)",0.007333585,6.0440000000000005
"[6.111, 6.112)",0.02993195,6.045
"[6.112, 6.113)",0.11552531666666667,6.046
"[6.113, 6.114)",0.048794166666666666,6.047
"[6.114, 6.115)",0.2579785,6.048
"[6.115, 6.1160000000000005)",0.14285539799999997,6.049
"[6.1160000000000005, 6.117)",0.10943997000000001,6.05
"[6.117, 6.118)",0.02324175,6.051
"[6.119, 6.12)",0.0009451815,6.0520000000000005
"[6.12, 6.121)",9.90001e-5,6.053
"[6.122, 6.123)",0.0431632025,6.054
"[6.123, 6.1240000000000006)",0.0148194,6.055
"[6.1240000000000006, 6.125)",0.466667,6.056
"[6.125, 6.126)",0.019007015000000002,6.057
"[6.127, 6.128)",0.0298756665,6.058
"[6.1290000000000004, 6.13)",0.0191719,6.059
"[6.13, 6.131)",0.02026515,6.0600000000000005
"[6.131, 6.132000000000001)",0.05777211633333334,6.061
"[6.132000000000001, 6.133)",0.0039507376666666665,6.062
"[6.133, 6.134)",0.00110742,6.063
"[6.135, 6.136)",0.0033229215,6.064
"[6.136, 6.1370000000000005)",0.000657462,6.065
"[6.1370000000000005, 6.138)",0.19722845,6.066
"[6.138, 6.139)",0.01401887,6.067
"[6.139, 6.140000000000001)",0.316239,6.0680000000000005
"[6.141, 6.142)",0.00520532,6.069
"[6.142, 6.143)",0.000218316,6.07
"[6.143, 6.144)",0.0017977599999999998,6.071
"[6.144, 6.1450000000000005)",0.017595536000000002,6.072
"[6.1450000000000005, 6.146)",0.457995,6.073
"[6.146, 6.147)",0.008424406666666667,6.074
"[6.147, 6.148)",0.008316795,6.075
"[6.149, 6.15)",0.3357232766666666,6.0760000000000005
"[6.15, 6.151)",0.333333,6.077
"[6.151, 6.152)",0.5088819,6.078
"[6.154, 6.155)",0.008949463999999999,6.079
"[6.155, 6.156)",0.0202381,6.08
"[6.156, 6.157)",0.000540833,6.081
"[6.157, 6.158)",0.00501032,6.082
"[6.158, 6.159)",0.0369004665,6.083
"[6.16, 6.1610000000000005)",0.006522715,6.0840000000000005
"[6.1610000000000005, 6.162)",0.003663,6.085
"[6.162, 6.163)",0.035638904000000006,6.086
"[6.163, 6.164)",0.025177149875,6.087
"[6.164, 6.165)",0.04677962471428571,6.088
"[6.165, 6.166)",0.023184825,6.089
"[6.166, 6.167)",0.13923133999999998,6.09
"[6.167, 6.168)",0.17819118133333334,6.091
"[6.168, 6.1690000000000005)",0.030822179999999998,6.0920000000000005
"[6.1690000000000005, 6.17)",0.00918888,6.093
"[6.17, 6.171)",0.005062159833333333,6.094
"[6.171, 6.172)",0.0420350679,6.095
"[6.172, 6.173)",0.31188255000000004,6.096
"[6.173, 6.174)",0.017053369999999998,6.097
"[6.174, 6.175)",0.04757869333333334,6.098
"[6.175, 6.176)",0.08995,6.099
"[6.1770000000000005, 6.178)",0.000283447,6.1000000000000005
"[6.179, 6.18)",0.0265862165,6.101
"[6.18, 6.181)",0.06935675000000001,6.102
"[6.181, 6.182)",0.011040915,6.103
"[6.182, 6.183)",0.0826003475,6.104
"[6.183, 6.184)",0.00933194,6.105
"[6.184, 6.1850000000000005)",0.01433705,6.106
"[6.1850000000000005, 6.186)",0.25419077075,6.107
"[6.187, 6.188)",0.153846,6.1080000000000005
"[6.188, 6.189)",0.29619799999999996,6.109
"[6.189, 6.19)",0.015625,6.11
"[6.19, 6.191)",0.01037954,6.111
"[6.192, 6.1930000000000005)",0.0069845055,6.112
"[6.1930000000000005, 6.194)",0.0248227,6.113
"[6.194, 6.195)",0.0124224,6.114
"[6.195, 6.196)",0.0433007,6.115
"[6.196, 6.197)",0.011069755,6.1160000000000005
"[6.197, 6.198)",0.0163317,6.117
"[6.198, 6.199)",0.045739909999999995,6.118
"[6.199, 6.2)",0.0346535,6.119
"[6.2, 6.2010000000000005)",0.048992675000000006,6.12
"[6.2010000000000005, 6.202)",0.04489166,6.121
"[6.202, 6.203)",0.012747625,6.122
"[6.203, 6.204)",0.02422461,6.123
"[6.204, 6.205)",0.0586523,6.1240000000000006
"[6.205, 6.206)",0.05284074,6.125
"[6.206, 6.207)",0.09917522499999999,6.126
"[6.207, 6.208)",0.04188825,6.127
"[6.208, 6.2090000000000005)",0.199049,6.128
"[6.2090000000000005, 6.21)",0.07987305,6.1290000000000004
"[6.21, 6.211)",0.2644855,6.13
"[6.211, 6.212)",0.02017865,6.131
"[6.212, 6.213)",0.02649794525,6.132000000000001
"[6.214, 6.215)",0.222531,6.133
"[6.215, 6.216)",0.178551235,6.134
"[6.216, 6.2170000000000005)",0.068523175,6.135
"[6.2170000000000005, 6.218)",0.11284314999999999,6.136
"[6.218, 6.219)",0.213502782,6.1370000000000005
"[6.219, 6.22)",0.04641175555555555,6.138
"[6.22, 6.221)",0.018130456000000003,6.139
"[6.221, 6.222)",0.00110742,6.140000000000001
"[6.222, 6.223)",0.125,6.141
"[6.223, 6.224)",0.0027698299999999996,6.142
"[6.224, 6.2250000000000005)",0.008785626666666666,6.143
"[6.2250000000000005, 6.226)",0.00748578,6.144
"[6.227, 6.228)",0.003639545,6.1450000000000005
"[6.228, 6.229)",0.06596824999999999,6.146
"[6.229, 6.23)",0.18219242000000002,6.147
"[6.23, 6.231)",0.116131,6.148
"[6.231, 6.232)",0.0015015,6.149
"[6.232, 6.2330000000000005)",0.00104058,6.15
"[6.2330000000000005, 6.234)",0.106932,6.151
"[6.235, 6.236)",0.0151515,6.152
"[6.237, 6.238)",0.034046193333333336,6.1530000000000005
"[6.238, 6.239)",0.00333333,6.154
"[6.239, 6.24)",0.238095,6.155
"[6.24, 6.2410000000000005)",0.018368450050000002,6.156
"[6.2410000000000005, 6.242)",0.166995231,6.157
"[6.242, 6.243)",0.00127024,6.158
"[6.243, 6.244)",0.0106383,6.159
"[6.244, 6.245)",0.005801405000000001,6.16
"[6.245, 6.246)",0.019272358,6.1610000000000005
"[6.246, 6.247)",0.016791,6.162
"[6.2490000000000006, 6.25)",0.088661,6.163
"[6.25, 6.251)",0.00506757,6.164
"[6.251, 6.252)",0.0134294,6.165
"[6.252, 6.253)",0.0709733,6.166
"[6.253, 6.2540000000000004)",0.012080310000000002,6.167
"[6.2540000000000004, 6.255)",0.00333333,6.168
"[6.255, 6.256)",0.020723636666666666,6.1690000000000005
"[6.256, 6.257000000000001)",0.013840465,6.17
"[6.257000000000001, 6.258)",0.010755265,6.171
"[6.259, 6.26)",0.00922266,6.172
"[6.26, 6.261)",0.420598,6.173
"[6.261, 6.2620000000000005)",0.010720756666666666,6.174
"[6.2620000000000005, 6.263)",0.053413612,6.175
"[6.263, 6.264)",0.183673,6.176
"[6.264, 6.265000000000001)",0.127273,6.1770000000000005
"[6.265000000000001, 6.266)",0.013173950000000002,6.178
"[6.266, 6.267)",0.0506471975,6.179
"[6.268, 6.269)",0.004542875,6.18
"[6.269, 6.2700000000000005)",0.00134953,6.181
"[6.2700000000000005, 6.271)",0.047241094888888883,6.182
"[6.271, 6.272)",0.14668029999999999,6.183
"[6.272, 6.273)",0.251658,6.184
"[6.273, 6.274)",0.091280265,6.1850000000000005
"[6.274, 6.275)",0.004927925,6.186
"[6.275, 6.276)",0.00842105,6.187
"[6.276, 6.277)",0.0175439,6.188
"[6.277, 6.2780000000000005)",0.027451,6.189
"[6.2780000000000005, 6.279)",0.01678918668,6.19
"[6.279, 6.28)",0.19153166666666666,6.191
"[6.28, 6.281)",0.039711331999999995,6.192
"[6.281, 6.282)",0.02821964,6.1930000000000005
"[6.282, 6.283)",0.0277181185,6.194
"[6.283, 6.284)",0.022537585,6.195
"[6.284, 6.285)",0.00110742,6.196
"[6.287, 6.288)",0.055750005,6.197
"[6.288, 6.289)",0.07195892499999999,6.198
"[6.289, 6.29)",0.015050983333333332,6.199
"[6.29, 6.291)",0.06131180000000001,6.2
"[6.291, 6.292)",0.00543901,6.2010000000000005
"[6.293, 6.2940000000000005)",0.00134953,6.202
"[6.296, 6.297)",0.00137174,6.203
"[6.297, 6.298)",0.00134953,6.204
"[6.299, 6.3)",0.027445865,6.205
"[6.3, 6.301)",0.007061426333333333,6.206
"[6.3020000000000005, 6.303)",0.50098684,6.207
"[6.303, 6.304)",0.0625,6.208
"[6.304, 6.305)",0.0123077,6.2090000000000005
"[6.305, 6.306)",0.00907734,6.21
"[6.306, 6.307)",0.0117647,6.211
"[6.308, 6.309)",0.00111111,6.212
"[6.309, 6.3100000000000005)",0.3462932,6.213
"[6.3100000000000005, 6.311)",0.017026750750000003,6.214
"[6.312, 6.313)",0.029135134333333337,6.215
"[6.313, 6.314)",0.01103558,6.216
"[6.314, 6.315)",0.03695853333333333,6.2170000000000005
"[6.316, 6.317)",0.04636935,6.218
"[6.317, 6.3180000000000005)",0.000657462,6.219
"[6.3180000000000005, 6.319)",0.00367197,6.22
"[6.319, 6.32)",0.109589,6.221
"[6.32, 6.321)",0.23702194561538462,6.222
"[6.321, 6.322)",0.130696687,6.223
"[6.322, 6.323)",0.0434397,6.224
"[6.323, 6.324)",0.0179926,6.2250000000000005
"[6.3260000000000005, 6.327)",0.004216935,6.226
"[6.327, 6.328)",0.0833333,6.227
"[6.329, 6.33)",0.00683298,6.228
"[6.33, 6.331)",0.15705169075,6.229
"[6.332, 6.333)",0.212598,6.23
"[6.3340000000000005, 6.335)",0.00826446,6.231
"[6.335, 6.336)",0.00782779,6.232
"[6.336, 6.337)",0.06171591333333332,6.2330000000000005
"[6.337, 6.338)",0.032967,6.234
"[6.338, 6.339)",0.025,6.235
"[6.339, 6.34)",0.15928,6.236
"[6.341, 6.3420000000000005)",0.19546550000000001,6.237
"[6.3420000000000005, 6.343)",0.304033,6.238
"[6.344, 6.345)",0.0047619,6.239
"[6.345, 6.346)",0.10965909,6.24
"[6.346, 6.347)",0.004329,6.2410000000000005
"[6.347, 6.348)",0.16618416833333335,6.242
"[6.348, 6.349)",0.11832206,6.243
"[6.349, 6.3500000000000005)",0.05914606666666666,6.244
"[6.351, 6.352)",0.2056595,6.245
"[6.352, 6.353)",0.00226757,6.246
"[6.353, 6.354)",0.049257850000000006,6.247
"[6.354, 6.355)",0.0047619,6.248
"[6.355, 6.356)",0.07378180666666666,6.2490000000000006
"[6.356, 6.357)",0.0239574,6.25
"[6.357, 6.3580000000000005)",0.02668286,6.251
"[6.359, 6.36)",0.02198065,6.252
"[6.361, 6.362)",0.000776398,6.253
"[6.362, 6.363)",0.035519499999999996,6.2540000000000004
"[6.365, 6.3660000000000005)",0.0644064,6.255
"[6.3660000000000005, 6.367)",0.197531,6.256
"[6.367, 6.368)",0.05163375,6.257000000000001
"[6.368, 6.369)",0.037634766666666666,6.258
"[6.369, 6.37)",0.00584795,6.259
"[6.37, 6.371)",0.0681751,6.26
"[6.371, 6.372)",0.06275945250000001,6.261
"[6.372, 6.373)",0.027678656250000003,6.2620000000000005
"[6.373, 6.3740000000000006)",0.027479049999999998,6.263
"[6.375, 6.376)",0.0625,6.264
"[6.376, 6.377)",0.0554102,6.265000000000001
"[6.377, 6.378)",0.074861,6.266
"[6.3790000000000004, 6.38)",0.00110742,6.267
"[6.38, 6.381)",0.01645814,6.268
"[6.381, 6.382000000000001)",0.08407196571428573,6.269
"[6.382000000000001, 6.383)",0.045310075,6.2700000000000005
"[6.383, 6.384)",0.0292208,6.271
"[6.385, 6.386)",0.03764385,6.272
"[6.386, 6.3870000000000005)",0.25,6.273
"[6.390000000000001, 6.391)",0.25,6.274
"[6.391, 6.392)",0.00421496,6.275
"[6.394, 6.3950000000000005)",0.043895445777777785,6.276
"[6.3950000000000005, 6.396)",0.082113985126,6.277
"[6.396, 6.397)",0.06407020000000001,6.2780000000000005
"[6.397, 6.398000000000001)",0.0077821,6.279
"[6.398000000000001, 6.399)",0.127150065,6.28
"[6.399, 6.4)",0.023624,6.281
"[6.4, 6.401)",0.047619,6.282
"[6.401, 6.402)",0.14267743066666666,6.283
"[6.402, 6.4030000000000005)",0.013370633333333333,6.284
"[6.4030000000000005, 6.404)",0.06648108000000001,6.285
"[6.404, 6.405)",0.213675,6.2860000000000005
"[6.406, 6.407)",0.05133296666666667,6.287
"[6.407, 6.408)",0.0227526,6.288
"[6.41, 6.4110000000000005)",0.0648124,6.289
"[6.4110000000000005, 6.412)",0.0052834465,6.29
"[6.412, 6.413)",0.00694444,6.291
"[6.413, 6.414)",0.133333,6.292
"[6.414, 6.415)",0.09174581333333333,6.293
"[6.416, 6.417)",0.034307245,6.2940000000000005
"[6.417, 6.418)",0.02007575,6.295
"[6.418, 6.4190000000000005)",0.0487477925,6.296
"[6.4190000000000005, 6.42)",0.014904846666666666,6.297
"[6.42, 6.421)",0.022901539999999998,6.298
"[6.421, 6.422)",0.0146118,6.299
"[6.422, 6.423)",0.000692521,6.3
"[6.423, 6.424)",0.04354985,6.301
"[6.424, 6.425)",0.00423110275,6.3020000000000005
"[6.425, 6.426)",0.00134953,6.303
"[6.426, 6.4270000000000005)",0.022783163333333332,6.304
"[6.4270000000000005, 6.428)",0.10984880250000001,6.305
"[6.428, 6.429)",0.2113461225,6.306
"[6.429, 6.43)",0.0106383,6.307
"[6.43, 6.431)",0.1067270525,6.308
"[6.432, 6.433)",0.034659300000000004,6.309
"[6.434, 6.4350000000000005)",0.0816777,6.3100000000000005
"[6.437, 6.438)",0.000837363,6.311
"[6.438, 6.439)",0.051134120000000005,6.312
"[6.4430000000000005, 6.444)",0.0191949,6.313
"[6.444, 6.445)",0.0325491,6.314
"[6.448, 6.449)",0.0329134,6.315
"[6.449, 6.45)",0.140625,6.316
"[6.4510000000000005, 6.452)",0.0104322,6.317
"[6.452, 6.453)",0.108571,6.3180000000000005
"[6.453, 6.454)",0.00863832,6.319
"[6.454, 6.455)",0.10594642857142858,6.32
"[6.455, 6.456)",0.021353880000000002,6.321
"[6.456, 6.457)",0.025974,6.322
"[6.458, 6.4590000000000005)",0.021986583333333337,6.323
"[6.4590000000000005, 6.46)",0.00510204,6.324
"[6.461, 6.462)",0.0703223,6.325
"[6.463, 6.464)",0.236742,6.3260000000000005
"[6.464, 6.465)",0.092068395,6.327
"[6.465, 6.466)",0.00965251,6.328
"[6.466, 6.4670000000000005)",0.10625,6.329
"[6.4670000000000005, 6.468)",0.0230263,6.33
"[6.469, 6.47)",0.0947776,6.331
"[6.47, 6.471)",0.1442624,6.332
"[6.471, 6.472)",0.0178571,6.333
"[6.472, 6.473)",0.154768,6.3340000000000005
"[6.473, 6.474)",0.066493645,6.335
"[6.474, 6.4750000000000005)",0.1722738864,6.336
"[6.4750000000000005, 6.476)",0.029802975000000002,6.337
"[6.476, 6.477)",0.84375,6.338
"[6.477, 6.478)",0.025,6.339
"[6.478, 6.479)",0.26091775,6.34
"[6.479, 6.48)",0.16648131633333335,6.341
"[6.48, 6.481)",0.12231789500000001,6.3420000000000005
"[6.481, 6.482)",0.05501980000000001,6.343
"[6.482, 6.4830000000000005)",0.2823865,6.344
"[6.4830000000000005, 6.484)",0.404959,6.345
"[6.484, 6.485)",0.0322629,6.346
"[6.485, 6.486)",0.0483248,6.347
"[6.486, 6.487)",0.035014,6.348
"[6.487, 6.488)",0.05561822375,6.349
"[6.488, 6.489)",0.020328910000000002,6.3500000000000005
"[6.489, 6.49)",0.0282584,6.351
"[6.49, 6.4910000000000005)",0.01867089666666667,6.352
"[6.492, 6.493)",0.038544699999999994,6.353
"[6.493, 6.494)",0.0091954,6.354
"[6.495, 6.496)",0.0073471,6.355
"[6.496, 6.497)",0.010178383333333332,6.356
"[6.5, 6.501)",0.0582916,6.357
"[6.502, 6.503)",0.25,6.3580000000000005
"[6.5040000000000004, 6.505)",0.61,6.359
"[6.505, 6.506)",0.0434397,6.36
"[6.513, 6.514)",0.172414,6.361
"[6.516, 6.517)",1.0,6.362
"[6.517, 6.518)",0.0068371,6.363
"[6.519, 6.5200000000000005)",0.890625,6.364
"[6.521, 6.522)",0.040763677777777785,6.365
"[6.522, 6.523000000000001)",0.03465671333333333,6.3660000000000005
"[6.523000000000001, 6.524)",0.0642948,6.367
"[6.524, 6.525)",0.04771745,6.368
"[6.526, 6.527)",0.00431137,6.369
"[6.527, 6.5280000000000005)",0.01187955,6.37
"[6.529, 6.53)",0.016440436599999997,6.371
"[6.53, 6.531)",0.07125070199999999,6.372
"[6.531, 6.532)",0.092305879,6.373
"[6.532, 6.533)",0.0142436,6.3740000000000006
"[6.533, 6.534)",0.001953641,6.375
"[6.534, 6.535)",0.0226064,6.376
"[6.535, 6.5360000000000005)",0.0186667,6.377
"[6.5360000000000005, 6.537)",0.12147369883333335,6.378
"[6.537, 6.538)",0.104890323875,6.3790000000000004
"[6.538, 6.539)",0.05705125,6.38
"[6.54, 6.541)",0.0181818,6.381
"[6.541, 6.542)",0.00542265,6.382000000000001
"[6.542, 6.543)",0.268817,6.383
"[6.543, 6.5440000000000005)",0.047619,6.384
"[6.547, 6.548)",0.0330579,6.385
"[6.548, 6.549)",0.0941176,6.386
"[6.551, 6.5520000000000005)",0.0383964,6.3870000000000005
"[6.553, 6.554)",0.0558036,6.388
"[6.556, 6.557)",0.014700541000000001,6.389
"[6.557, 6.558)",0.03419808333333333,6.390000000000001
"[6.558, 6.559)",0.0214969,6.391
"[6.559, 6.5600000000000005)",0.0897599,6.392
"[6.561, 6.562)",0.032412825,6.393
"[6.562, 6.563)",0.0409919,6.394
"[6.564, 6.565)",0.01064876,6.3950000000000005
"[6.565, 6.566)",0.0194098605,6.396
"[6.566, 6.567)",0.185185,6.397
"[6.5680000000000005, 6.569)",0.03382881,6.398000000000001
"[6.572, 6.573)",0.0277778,6.399
"[6.574, 6.575)",0.58,6.4
"[6.579, 6.58)",0.0357143,6.401
"[6.582, 6.583)",0.174479,6.402
"[6.583, 6.5840000000000005)",0.05083777636363636,6.4030000000000005
"[6.5840000000000005, 6.585)",0.02044181,6.404
"[6.585, 6.586)",0.03320855,6.405
"[6.586, 6.587)",0.24487265,6.406
"[6.588, 6.589)",0.0222634,6.407
"[6.589, 6.59)",0.0255279,6.408
"[6.591, 6.5920000000000005)",0.003668681,6.409
"[6.5920000000000005, 6.593)",0.2752677475,6.41
"[6.593, 6.594)",0.0406977,6.4110000000000005
"[6.594, 6.595)",0.0514784,6.412
"[6.595, 6.596)",0.112748,6.413
"[6.596, 6.597)",0.25,6.414
"[6.599, 6.6000000000000005)",0.00860957,6.415
"[6.604, 6.605)",0.268817,6.416
"[6.606, 6.607)",0.0151515,6.417
"[6.607, 6.6080000000000005)",0.00761963,6.418
"[6.611, 6.612)",0.0204082,6.4190000000000005
"[6.612, 6.613)",0.015468811249999999,6.42
"[6.613, 6.614)",0.03143521,6.421
"[6.614, 6.615)",0.06823430000000001,6.422
"[6.615, 6.6160000000000005)",0.11445831000000001,6.423
"[6.6160000000000005, 6.617)",0.291667,6.424
"[6.617, 6.618)",0.0739442,6.425
"[6.618, 6.619)",0.100503,6.426
"[6.62, 6.621)",0.3384879433333334,6.4270000000000005
"[6.621, 6.622)",0.012201459999999999,6.428
"[6.622, 6.623)",0.31650247,6.429
"[6.6240000000000006, 6.625)",0.25,6.43
"[6.625, 6.626)",0.0575703,6.431
"[6.626, 6.627)",0.26318899999999995,6.432
"[6.627, 6.628)",0.11316899999999999,6.433
"[6.628, 6.6290000000000004)",1.0,6.434
"[6.6290000000000004, 6.63)",0.0909091,6.4350000000000005
"[6.633, 6.634)",0.778802,6.436
"[6.635, 6.636)",0.007911274999999999,6.437
"[6.636, 6.6370000000000005)",0.16,6.438
"[6.6370000000000005, 6.638)",0.0816327,6.439
"[6.638, 6.639)",0.0217391,6.44
"[6.644, 6.6450000000000005)",0.07982853333333333,6.441
"[6.6450000000000005, 6.646)",0.022984958,6.442
"[6.646, 6.647)",0.013236785000000001,6.4430000000000005
"[6.647, 6.648000000000001)",0.031456533333333335,6.444
"[6.649, 6.65)",0.019466729999999998,6.445
"[6.65, 6.651)",0.014986695000000001,6.446
"[6.651, 6.652)",0.17244982,6.447
"[6.652, 6.6530000000000005)",0.0040279285,6.448
"[6.6530000000000005, 6.654)",0.121559645,6.449
"[6.654, 6.655)",0.053602566666666664,6.45
"[6.656000000000001, 6.657)",0.0151515,6.4510000000000005
"[6.657, 6.658)",0.128261505,6.452
"[6.659, 6.66)",0.0,6.453
"[6.663, 6.664)",0.014787035,6.454
"[6.664, 6.665)",0.01,6.455
"[6.665, 6.666)",0.0557449,6.456
"[6.666, 6.667)",0.3849,6.457
"[6.667, 6.668)",0.000578704,6.458
"[6.668, 6.6690000000000005)",0.0403409,6.4590000000000005
"[6.6690000000000005, 6.67)",0.025974,6.46
"[6.67, 6.671)",0.05123901333333333,6.461
"[6.671, 6.672)",0.0304834,6.462
"[6.672, 6.673)",0.00629991,6.463
"[6.673, 6.674)",0.033720746249999996,6.464
"[6.674, 6.675)",0.023023500000000002,6.465
"[6.675, 6.676)",0.06047813333333333,6.466
"[6.676, 6.6770000000000005)",0.07346283333333334,6.4670000000000005
"[6.6770000000000005, 6.678)",0.10344648333333334,6.468
"[6.678, 6.679)",0.05100421,6.469
"[6.679, 6.68)",0.11212467500000001,6.47
"[6.681, 6.682)",0.039005436666666664,6.471
"[6.682, 6.683)",0.0207589525,6.472
"[6.683, 6.684)",0.014746153333333333,6.473
"[6.684, 6.6850000000000005)",0.0545455,6.474
"[6.6850000000000005, 6.686)",0.0497543,6.4750000000000005
"[6.686, 6.687)",0.058417960000000005,6.476
"[6.688, 6.689)",0.047619,6.477
"[6.689, 6.69)",0.0742424,6.478
"[6.69, 6.691)",0.01600923,6.479
"[6.691, 6.692)",0.00510204,6.48
"[6.692, 6.6930000000000005)",0.0123457,6.481
"[6.6930000000000005, 6.694)",0.00684932,6.482
"[6.694, 6.695)",0.0480086852,6.4830000000000005
"[6.695, 6.696)",0.17483017499999998,6.484
"[6.696, 6.697)",1.0,6.485
"[6.697, 6.698)",0.0123457,6.486
"[6.698, 6.699)",0.00867209,6.487
"[6.7010000000000005, 6.702)",0.03125,6.488
"[6.71, 6.711)",0.0018797,6.489
"[6.711, 6.712)",0.0183205804,6.49
"[6.712, 6.713)",0.00489832575,6.4910000000000005
"[6.713, 6.714)",0.333333,6.492
"[6.714, 6.715)",0.003367539,6.493
"[6.715, 6.716)",0.337931,6.494
"[6.716, 6.7170000000000005)",0.0515991,6.495
"[6.7170000000000005, 6.718)",0.0209042,6.496
"[6.719, 6.72)",0.0016217665000000001,6.497
"[6.72, 6.721)",0.0519087605,6.498
"[6.722, 6.723)",0.00385857,6.4990000000000006
"[6.723, 6.724)",0.03125,6.5
"[6.724, 6.7250000000000005)",0.0223522,6.501
"[6.7250000000000005, 6.726)",0.761905,6.502
"[6.731, 6.732)",0.333333,6.503
"[6.732, 6.7330000000000005)",0.004428535,6.5040000000000004
"[6.738, 6.739)",0.017654753000000002,6.505
"[6.74, 6.7410000000000005)",0.000305998,6.506
"[6.7410000000000005, 6.742)",0.0134138,6.507000000000001
"[6.743, 6.744)",0.0464862,6.508
"[6.746, 6.747)",0.0006135875,6.509
"[6.747, 6.748)",0.0106007,6.51
"[6.75, 6.751)",0.0223522,6.511
"[6.755, 6.756)",0.24537033333333333,6.5120000000000005
"[6.756, 6.757000000000001)",0.5833335,6.513
"[6.763, 6.764)",0.000822368,6.514
"[6.764, 6.765000000000001)",0.0625,6.515000000000001
"[6.765000000000001, 6.766)",0.015625,6.516
"[6.769, 6.7700000000000005)",0.0816327,6.517
"[6.779, 6.78)",0.0116874,6.518
"[6.78, 6.781000000000001)",0.285714,6.519
"[6.782, 6.783)",0.25,6.5200000000000005
"[6.787, 6.788)",0.015625,6.521
"[6.793, 6.7940000000000005)",0.131571,6.522
"[6.797, 6.798)",0.628205,6.523000000000001
"[6.798, 6.799)",0.125,6.524
"[6.806, 6.807)",0.076954324,6.525
"[6.807, 6.808)",0.006387615,6.526
"[6.808, 6.809)",0.00175234,6.527
"[6.809, 6.8100000000000005)",0.0,6.5280000000000005
"[6.811, 6.812)",0.184976255,6.529
"[6.812, 6.813)",0.006715581,6.53
"[6.813, 6.814)",0.1806159,6.531
"[6.814, 6.815)",0.1507866,6.532
"[6.815, 6.816)",0.012260157800000001,6.533
"[6.817, 6.8180000000000005)",0.0430202,6.534
"[6.8180000000000005, 6.819)",0.0482578,6.535
"[6.82, 6.821)",0.00170164,6.5360000000000005
"[6.821, 6.822)",0.16288686666666666,6.537
"[6.822, 6.823)",0.2663864875,6.538
"[6.823, 6.824)",0.06908689999999999,6.539
"[6.825, 6.8260000000000005)",0.033773409666666664,6.54
"[6.8260000000000005, 6.827)",0.0123457,6.541
"[6.827, 6.828)",0.618148,6.542
"[6.828, 6.829)",0.06755649999999999,6.543
"[6.832, 6.833)",0.228814,6.5440000000000005
"[6.835, 6.836)",0.0363349,6.545
"[6.837, 6.838)",0.0143049,6.546
"[6.839, 6.84)",0.0178571,6.547
"[6.84, 6.841)",0.0357143,6.548
"[6.841, 6.8420000000000005)",0.0769231,6.549
"[6.843, 6.844)",0.333333,6.55
"[6.844, 6.845)",0.75,6.551
"[6.845, 6.846)",0.10390625,6.5520000000000005
"[6.846, 6.847)",0.0222222,6.553
"[6.847, 6.848)",0.0916773,6.554
"[6.848, 6.849)",0.19005092499999998,6.555
"[6.849, 6.8500000000000005)",0.2916665,6.556
"[6.8500000000000005, 6.851)",0.1979165,6.557
"[6.851, 6.852)",0.4634353,6.558
"[6.854, 6.855)",0.333333,6.559
"[6.856, 6.857)",0.010472763333333334,6.5600000000000005
"[6.857, 6.8580000000000005)",0.0104167,6.561
"[6.8580000000000005, 6.859)",0.0264724,6.562
"[6.859, 6.86)",0.0274663,6.563
"[6.86, 6.861)",0.000877963,6.564
"[6.862, 6.863)",0.0157356,6.565
"[6.863, 6.864)",0.00110742,6.566
"[6.865, 6.8660000000000005)",0.029612061666666672,6.567
"[6.8660000000000005, 6.867)",0.037400378571428576,6.5680000000000005
"[6.868, 6.869)",0.03883695,6.569
"[6.869, 6.87)",0.1348053333333333,6.57
"[6.87, 6.871)",0.10269145,6.571
"[6.871, 6.872)",0.01635054,6.572
"[6.872, 6.873)",0.08154975,6.573
"[6.873, 6.8740000000000006)",0.05886944833333333,6.574
"[6.8740000000000006, 6.875)",0.08729224594117646,6.575
"[6.875, 6.876)",0.19830532842857143,6.5760000000000005
"[6.876, 6.877)",0.01200992,6.577
"[6.877, 6.878)",0.13951038710000002,6.578
"[6.878, 6.8790000000000004)",0.011279825857142859,6.579
"[6.8790000000000004, 6.88)",0.1538864,6.58
"[6.88, 6.881)",0.013300465000000001,6.581
"[6.882000000000001, 6.883)",0.09820082,6.582
"[6.883, 6.884)",0.13584189142857142,6.583
"[6.885, 6.886)",0.00313283,6.5840000000000005
"[6.8870000000000005, 6.888)",0.0815217,6.585
"[6.890000000000001, 6.891)",0.0180557,6.586
"[6.893, 6.894)",0.00111111,6.587
"[6.909, 6.91)",0.0,6.588
"[6.91, 6.9110000000000005)",0.060173149999999995,6.589
"[6.912, 6.913)",0.818182,6.59
"[6.915, 6.916)",0.285714,6.591
"[6.916, 6.917)",0.517857,6.5920000000000005
"[6.918, 6.9190000000000005)",0.434524,6.593
"[6.9190000000000005, 6.92)",0.187215985,6.594
"[6.92, 6.921)",0.0493511,6.595
"[6.921, 6.922)",0.0569525,6.596
"[6.922, 6.923)",0.046709015,6.597
"[6.926, 6.9270000000000005)",0.00467425,6.598
"[6.929, 6.93)",0.140625,6.599
"[6.931, 6.932)",0.0516838,6.6000000000000005
"[6.936, 6.937)",0.0696325,6.601
"[6.937, 6.938)",0.03125,6.602
"[6.948, 6.949)",0.00229885,6.603
"[6.953, 6.954)",0.03548994600000001,6.604
"[6.955, 6.956)",0.01814635,6.605
"[6.956, 6.957)",0.0509533,6.606
"[6.9590000000000005, 6.96)",0.0350631,6.607
"[6.961, 6.962)",0.25,6.6080000000000005
"[6.97, 6.971)",0.03440862,6.609
"[6.971, 6.972)",0.611111,6.61
"[6.972, 6.973)",0.341597,6.611
"[6.973, 6.974)",0.230179,6.612
"[6.982, 6.9830000000000005)",0.18337917999999997,6.613
"[6.9830000000000005, 6.984)",0.18959801857142858,6.614
"[6.987, 6.988)",0.0967742,6.615
"[6.99, 6.9910000000000005)",0.0157356,6.6160000000000005
"[6.9910000000000005, 6.992)",0.00454545,6.617
"[6.992, 6.993)",0.41000485,6.618
"[6.9990000000000006, 7.0)",0.11266353,6.619
"[7.0, 7.001)",0.018272337000000003,6.62
"[7.001, 7.002)",0.03000436714285714,6.621
"[7.002, 7.003)",0.01629418,6.622
"[7.0040000000000004, 7.005)",0.777521,6.623
"[7.005, 7.006)",0.00840598,6.6240000000000006
"[7.006, 7.007000000000001)",0.030974724999999998,6.625
"[7.007000000000001, 7.008)",0.0334181,6.626
"[7.008, 7.009)",0.361361,6.627
"[7.013, 7.014)",0.18638480000000002,6.628
"[7.014, 7.015000000000001)",0.0319149,6.6290000000000004
"[7.015000000000001, 7.016)",0.149758171,6.63
"[7.016, 7.017)",0.0,6.631
"[7.0200000000000005, 7.021)",0.0540707,6.632000000000001
"[7.0280000000000005, 7.029)",0.057922,6.633
"[7.029, 7.03)",0.012357,6.634
"[7.031000000000001, 7.032)",0.0259556,6.635
"[7.037, 7.038)",0.78125,6.636
"[7.043, 7.0440000000000005)",0.115207,6.6370000000000005
"[7.051, 7.0520000000000005)",1.0,6.638
"[7.0520000000000005, 7.053)",0.0727273,6.639
"[7.056, 7.057)",0.03125,6.640000000000001
"[7.059, 7.0600000000000005)",0.375,6.641
"[7.0600000000000005, 7.061)",0.14766368733333335,6.642
"[7.061, 7.062)",0.201976285,6.643
"[7.066, 7.067)",0.778802,6.644
"[7.067, 7.0680000000000005)",0.0,6.6450000000000005
"[7.075, 7.0760000000000005)",0.616867,6.646
"[7.083, 7.0840000000000005)",0.10188479999999998,6.647
"[7.101, 7.102)",0.015625,6.648000000000001
"[7.12, 7.121)",0.78125,6.649
"[7.122, 7.123)",0.00284091,6.65
"[7.1240000000000006, 7.125)",0.641026,6.651
"[7.128, 7.1290000000000004)",0.082681,6.652
"[7.1290000000000004, 7.13)",0.0412263625,6.6530000000000005
"[7.134, 7.135)",0.290909,6.654
"[7.135, 7.136)",0.00390625,6.655
"[7.142, 7.143)",0.016066933333333335,6.656000000000001
"[7.143, 7.144)",0.00826446,6.657
"[7.151, 7.152)",0.778802,6.658
"[7.17, 7.171)",0.115207,6.659
"[7.173, 7.174)",0.105376,6.66
"[7.174, 7.175)",0.2,6.6610000000000005
"[7.179, 7.18)",1.0,6.662
"[7.183, 7.184)",0.0727273,6.663
"[7.192, 7.1930000000000005)",0.0168079875,6.664
"[7.202, 7.203)",0.7225,6.665
"[7.205, 7.206)",0.00571429,6.666
"[7.207, 7.208)",0.630542,6.667
"[7.211, 7.212)",0.14301386666666666,6.668
"[7.213, 7.214)",0.05333113,6.6690000000000005
