bin,R2_mean,dist
,0.09386722534503371,0.0
"[0.0, 0.001)",0.08220598161211058,0.001
"[0.001, 0.002)",0.07623866274147639,0.002
"[0.002, 0.003)",0.07182857432685862,0.003
"[0.003, 0.004)",0.06304992791977546,0.004
"[0.004, 0.005)",0.06747829218737197,0.005
"[0.005, 0.006)",0.06509276740933692,0.006
"[0.006, 0.007)",0.06139862509626468,0.007
"[0.007, 0.008)",0.05940068032261017,0.008
"[0.008, 0.009000000000000001)",0.05483940257255973,0.009
"[0.009000000000000001, 0.01)",0.05805888138184649,0.01
"[0.01, 0.011)",0.05541237550811364,0.011
"[0.011, 0.012)",0.0587729438915635,0.012
"[0.012, 0.013000000000000001)",0.05461015267584026,0.013
"[0.013000000000000001, 0.014)",0.05402442528220611,0.014
"[0.014, 0.015)",0.05298389106500146,0.015
"[0.015, 0.016)",0.05790987836044279,0.016
"[0.016, 0.017)",0.055455790407657024,0.017
"[0.017, 0.018000000000000002)",0.04969471546198753,0.018
"[0.018000000000000002, 0.019)",0.04858422903518118,0.019
"[0.019, 0.02)",0.046217472949049924,0.02
"[0.02, 0.021)",0.05185863411688669,0.021
"[0.021, 0.022)",0.05167149450832324,0.022
"[0.022, 0.023)",0.04986265092110337,0.023
"[0.023, 0.024)",0.052968728129577744,0.024
"[0.024, 0.025)",0.04881835890784968,0.025
"[0.025, 0.026000000000000002)",0.04826334637910836,0.026
"[0.026000000000000002, 0.027)",0.048465525854744604,0.027
"[0.027, 0.028)",0.044093550659037244,0.028
"[0.028, 0.029)",0.04589143959560739,0.029
"[0.029, 0.03)",0.04542449261359955,0.03
"[0.03, 0.031)",0.04998288544462532,0.031
"[0.031, 0.032)",0.04381591470520698,0.032
"[0.032, 0.033)",0.04072313456146886,0.033
"[0.033, 0.034)",0.04981900225788937,0.034
"[0.034, 0.035)",0.04755339797921923,0.035
"[0.035, 0.036000000000000004)",0.05384380588361154,0.036
"[0.036000000000000004, 0.037)",0.043778057972318644,0.037
"[0.037, 0.038)",0.04628907558128927,0.038
"[0.038, 0.039)",0.043750074857775115,0.039
"[0.039, 0.04)",0.04551842814679777,0.04
"[0.04, 0.041)",0.04163601107561018,0.041
"[0.041, 0.042)",0.04368916219306305,0.042
"[0.042, 0.043000000000000003)",0.04612107463907249,0.043
"[0.043000000000000003, 0.044)",0.04214185177822784,0.044
"[0.044, 0.045)",0.04460896287313709,0.045
"[0.045, 0.046)",0.04642370647228417,0.046
"[0.046, 0.047)",0.0445582015723728,0.047
"[0.047, 0.048)",0.043675393046467274,0.048
"[0.048, 0.049)",0.042143352578000684,0.049
"[0.049, 0.05)",0.04044996303304526,0.05
"[0.05, 0.051000000000000004)",0.040470394717932685,0.051
"[0.051000000000000004, 0.052000000000000005)",0.045927072498045174,0.052
"[0.052000000000000005, 0.053)",0.04524833757392508,0.053
"[0.053, 0.054)",0.04084052023558303,0.054
"[0.054, 0.055)",0.04188080211301315,0.055
"[0.055, 0.056)",0.03750517743147368,0.056
"[0.056, 0.057)",0.0426442858884151,0.057
"[0.057, 0.058)",0.044964520507852476,0.058
"[0.058, 0.059000000000000004)",0.04325918386118217,0.059
"[0.059000000000000004, 0.06)",0.041840802317461546,0.06
"[0.06, 0.061)",0.04533548697960909,0.061
"[0.061, 0.062)",0.04147327443489999,0.062
"[0.062, 0.063)",0.03868484646290701,0.063
"[0.063, 0.064)",0.04223826548590993,0.064
"[0.064, 0.065)",0.04139301554977062,0.065
"[0.065, 0.066)",0.03586545687590896,0.066
"[0.066, 0.067)",0.0406908470601208,0.067
"[0.067, 0.068)",0.041054389099174096,0.068
"[0.068, 0.069)",0.03910403187066982,0.069
"[0.069, 0.07)",0.04365091241293879,0.07
"[0.07, 0.07100000000000001)",0.03878881502262434,0.071
"[0.07100000000000001, 0.07200000000000001)",0.0397150461848952,0.072
"[0.07200000000000001, 0.073)",0.04215536851310638,0.073
"[0.073, 0.074)",0.042600331482850605,0.074
"[0.074, 0.075)",0.036905914468165664,0.075
"[0.075, 0.076)",0.03852235473937645,0.076
"[0.076, 0.077)",0.040149373009926916,0.077
"[0.077, 0.078)",0.04253842177993852,0.078
"[0.078, 0.079)",0.04075170043494025,0.079
"[0.079, 0.08)",0.036453455198089436,0.08
"[0.08, 0.081)",0.04288631944095496,0.081
"[0.081, 0.082)",0.04056713616334388,0.082
"[0.082, 0.083)",0.0436509343656621,0.083
"[0.083, 0.084)",0.042665099404362444,0.084
"[0.084, 0.085)",0.04390340481530796,0.085
"[0.085, 0.08600000000000001)",0.041195413980882965,0.086
"[0.08600000000000001, 0.08700000000000001)",0.033977640473576785,0.087
"[0.08700000000000001, 0.088)",0.037432225815666735,0.088
"[0.088, 0.089)",0.043121655073422444,0.089
"[0.089, 0.09)",0.03942816244407079,0.09
"[0.09, 0.091)",0.04061543086019012,0.091
"[0.091, 0.092)",0.04220781619733239,0.092
"[0.092, 0.093)",0.03960835867044765,0.093
"[0.093, 0.094)",0.03900802861264108,0.094
"[0.094, 0.095)",0.04150267859340748,0.095
"[0.095, 0.096)",0.04095789456787902,0.096
"[0.096, 0.097)",0.04415996920243988,0.097
"[0.097, 0.098)",0.03910148762507759,0.098
"[0.098, 0.099)",0.04226263225952759,0.099
"[0.099, 0.1)",0.04389365619941658,0.1
"[0.1, 0.101)",0.04079284868004153,0.101
"[0.101, 0.10200000000000001)",0.04098042376056762,0.102
"[0.10200000000000001, 0.10300000000000001)",0.03829468748631647,0.103
"[0.10300000000000001, 0.10400000000000001)",0.038587216479516726,0.104
"[0.10400000000000001, 0.105)",0.0350713437555251,0.105
"[0.105, 0.106)",0.04018791547211052,0.106
"[0.106, 0.107)",0.03605437723563068,0.107
"[0.107, 0.108)",0.03661415715945107,0.108
"[0.108, 0.109)",0.03771099132327696,0.109
"[0.109, 0.11)",0.038407549512458644,0.11
"[0.11, 0.111)",0.039386310319011235,0.111
"[0.111, 0.112)",0.0378533016615704,0.112
"[0.112, 0.113)",0.03553488026537911,0.113
"[0.113, 0.114)",0.04108812342810831,0.114
"[0.114, 0.115)",0.0406200373554101,0.115
"[0.115, 0.116)",0.03775612278396809,0.116
"[0.116, 0.117)",0.042339736294915234,0.117
"[0.117, 0.11800000000000001)",0.03935759451551767,0.118
"[0.11800000000000001, 0.11900000000000001)",0.03724954968026726,0.119
"[0.11900000000000001, 0.12)",0.04012436746107118,0.12
"[0.12, 0.121)",0.039631018778704,0.121
"[0.121, 0.122)",0.04240042552305254,0.122
"[0.122, 0.123)",0.038908912338752384,0.123
"[0.123, 0.124)",0.037877693702406096,0.124
"[0.124, 0.125)",0.04090378290544732,0.125
"[0.125, 0.126)",0.042525378718107215,0.126
"[0.126, 0.127)",0.034905853461772364,0.127
"[0.127, 0.128)",0.04400834994707026,0.128
"[0.128, 0.129)",0.040559042841313404,0.129
"[0.129, 0.13)",0.042815420823058746,0.13
"[0.13, 0.131)",0.039364552772106244,0.131
"[0.131, 0.132)",0.04404782070808983,0.132
"[0.132, 0.133)",0.04105750052274269,0.133
"[0.133, 0.134)",0.04153144907751261,0.134
"[0.134, 0.135)",0.044598465975266004,0.135
"[0.135, 0.136)",0.039145510923484825,0.136
"[0.136, 0.137)",0.04282015356470009,0.137
"[0.137, 0.138)",0.04176172625007479,0.138
"[0.138, 0.139)",0.038008430557021244,0.139
"[0.139, 0.14)",0.03898630694982232,0.14
"[0.14, 0.14100000000000001)",0.03933463687068904,0.141
"[0.14100000000000001, 0.14200000000000002)",0.037830004331252456,0.142
"[0.14200000000000002, 0.14300000000000002)",0.04287323941034596,0.143
"[0.14300000000000002, 0.14400000000000002)",0.0391471946197801,0.144
"[0.14400000000000002, 0.145)",0.03637611054336794,0.145
"[0.145, 0.146)",0.041503667917634955,0.146
"[0.146, 0.147)",0.03971022343706223,0.147
"[0.147, 0.148)",0.044447264055719554,0.148
"[0.148, 0.149)",0.03894748142058298,0.149
"[0.149, 0.15)",0.04232864025694103,0.15
"[0.15, 0.151)",0.040806847910283404,0.151
"[0.151, 0.152)",0.03929016616151391,0.152
"[0.152, 0.153)",0.03605160750836916,0.153
"[0.153, 0.154)",0.03724049428165962,0.154
"[0.154, 0.155)",0.03973088281443613,0.155
"[0.155, 0.156)",0.036546677460169805,0.156
"[0.156, 0.157)",0.041388599123765635,0.157
"[0.157, 0.158)",0.03944259446453753,0.158
"[0.158, 0.159)",0.041410864253854505,0.159
"[0.159, 0.16)",0.03771398221367317,0.16
"[0.16, 0.161)",0.03737497995273403,0.161
"[0.161, 0.162)",0.03915886397853967,0.162
"[0.162, 0.163)",0.03960727350802809,0.163
"[0.163, 0.164)",0.03759835639033341,0.164
"[0.164, 0.165)",0.03394181906793565,0.165
"[0.165, 0.166)",0.04034212257901001,0.166
"[0.166, 0.167)",0.04002976905285475,0.167
"[0.167, 0.168)",0.040552753490468954,0.168
"[0.168, 0.169)",0.04285068030344367,0.169
"[0.169, 0.17)",0.045061435762959595,0.17
"[0.17, 0.171)",0.03642448713456301,0.171
"[0.171, 0.17200000000000001)",0.037066722063504635,0.172
"[0.17200000000000001, 0.17300000000000001)",0.03837391083854007,0.173
"[0.17300000000000001, 0.17400000000000002)",0.035007327971161954,0.174
"[0.17400000000000002, 0.17500000000000002)",0.0397324576356553,0.175
"[0.17500000000000002, 0.176)",0.029151465775527966,0.176
"[0.176, 0.177)",0.036719118718793,0.177
"[0.177, 0.178)",0.0416656341747163,0.178
"[0.178, 0.179)",0.0403507190417472,0.179
"[0.179, 0.18)",0.0337417581808984,0.18
"[0.18, 0.181)",0.038992241492374305,0.181
"[0.181, 0.182)",0.033345392227252156,0.182
"[0.182, 0.183)",0.03539031512870852,0.183
"[0.183, 0.184)",0.03809418932506838,0.184
"[0.184, 0.185)",0.03924284999846314,0.185
"[0.185, 0.186)",0.034352519828309974,0.186
"[0.186, 0.187)",0.03242526110560451,0.187
"[0.187, 0.188)",0.0359053729750665,0.188
"[0.188, 0.189)",0.03872981297199831,0.189
"[0.189, 0.19)",0.03818992098832972,0.19
"[0.19, 0.191)",0.039228973415856634,0.191
"[0.191, 0.192)",0.037493782759448785,0.192
"[0.192, 0.193)",0.03841549191456296,0.193
"[0.193, 0.194)",0.0388625689160314,0.194
"[0.194, 0.195)",0.038342409012522324,0.195
"[0.195, 0.196)",0.041553153106398164,0.196
"[0.196, 0.197)",0.03751275153018525,0.197
"[0.197, 0.198)",0.03496730932213508,0.198
"[0.198, 0.199)",0.03638872224738532,0.199
"[0.199, 0.2)",0.03768636482432637,0.2
"[0.2, 0.201)",0.03882382752220016,0.201
"[0.201, 0.202)",0.03439553861756104,0.202
"[0.202, 0.203)",0.0358828634431508,0.203
"[0.203, 0.20400000000000001)",0.038278515500328215,0.204
"[0.20400000000000001, 0.20500000000000002)",0.036299838178293305,0.205
"[0.20500000000000002, 0.20600000000000002)",0.0362816480589467,0.206
"[0.20600000000000002, 0.20700000000000002)",0.0358939501489822,0.207
"[0.20700000000000002, 0.20800000000000002)",0.03927219013353299,0.208
"[0.20800000000000002, 0.209)",0.03729498384009243,0.209
"[0.209, 0.21)",0.0414809635486231,0.21
"[0.21, 0.211)",0.038845321335712744,0.211
"[0.211, 0.212)",0.039714827730607645,0.212
"[0.212, 0.213)",0.03825535486915119,0.213
"[0.213, 0.214)",0.036311178312124326,0.214
"[0.214, 0.215)",0.04785175742538332,0.215
"[0.215, 0.216)",0.03901649478744012,0.216
"[0.216, 0.217)",0.03632074183372064,0.217
"[0.217, 0.218)",0.036462649808696075,0.218
"[0.218, 0.219)",0.04011297658415116,0.219
"[0.219, 0.22)",0.03750551066880164,0.22
"[0.22, 0.221)",0.03839295961359195,0.221
"[0.221, 0.222)",0.03437604488653385,0.222
"[0.222, 0.223)",0.037294859116597204,0.223
"[0.223, 0.224)",0.044105603737884864,0.224
"[0.224, 0.225)",0.041122502798109396,0.225
"[0.225, 0.226)",0.034250110003578554,0.226
"[0.226, 0.227)",0.03526332377618407,0.227
"[0.227, 0.228)",0.0381977855926118,0.228
"[0.228, 0.229)",0.041631189980346255,0.229
"[0.229, 0.23)",0.0426373424263371,0.23
"[0.23, 0.231)",0.03819717473401926,0.231
"[0.231, 0.232)",0.03718887177124302,0.232
"[0.232, 0.233)",0.03824839315216076,0.233
"[0.233, 0.234)",0.04093183049024503,0.234
"[0.234, 0.23500000000000001)",0.044206568278132206,0.235
"[0.23500000000000001, 0.23600000000000002)",0.04233066622230252,0.236
"[0.23600000000000002, 0.23700000000000002)",0.03143557725092423,0.237
"[0.23700000000000002, 0.23800000000000002)",0.03421643758258054,0.238
"[0.23800000000000002, 0.23900000000000002)",0.03558539142567577,0.239
"[0.23900000000000002, 0.24)",0.041127329243818844,0.24
"[0.24, 0.241)",0.039723992516764416,0.241
"[0.241, 0.242)",0.039213907246898064,0.242
"[0.242, 0.243)",0.03333118482430044,0.243
"[0.243, 0.244)",0.036056790503950026,0.244
"[0.244, 0.245)",0.0374015201383912,0.245
"[0.245, 0.246)",0.03330877288604853,0.246
"[0.246, 0.247)",0.03783786167932659,0.247
"[0.247, 0.248)",0.031179398624554662,0.248
"[0.248, 0.249)",0.0379231051897693,0.249
"[0.249, 0.25)",0.03748353561519297,0.25
"[0.25, 0.251)",0.04055051332827645,0.251
"[0.251, 0.252)",0.03509480906258524,0.252
"[0.252, 0.253)",0.03534529030700282,0.253
"[0.253, 0.254)",0.035420286404172566,0.254
"[0.254, 0.255)",0.03594859852395904,0.255
"[0.255, 0.256)",0.039085519259343296,0.256
"[0.256, 0.257)",0.038368540238433814,0.257
"[0.257, 0.258)",0.04351260324703697,0.258
"[0.258, 0.259)",0.03568684404940954,0.259
"[0.259, 0.26)",0.0383540654453935,0.26
"[0.26, 0.261)",0.03480001351631756,0.261
"[0.261, 0.262)",0.036902401713649606,0.262
"[0.262, 0.263)",0.04379685364330519,0.263
"[0.263, 0.264)",0.037844355634562274,0.264
"[0.264, 0.265)",0.035665908647490495,0.265
"[0.265, 0.266)",0.03544970477597586,0.266
"[0.266, 0.267)",0.035706009034502786,0.267
"[0.267, 0.268)",0.0396116825047276,0.268
"[0.268, 0.269)",0.03911237274946593,0.269
"[0.269, 0.27)",0.03798885689113821,0.27
"[0.27, 0.271)",0.03769835443697278,0.271
"[0.271, 0.272)",0.03400250206226545,0.272
"[0.272, 0.273)",0.037759580241191304,0.273
"[0.273, 0.274)",0.03555257566127454,0.274
"[0.274, 0.275)",0.0415114731295376,0.275
"[0.275, 0.276)",0.0372167554752181,0.276
"[0.276, 0.277)",0.038527750565946546,0.277
"[0.277, 0.278)",0.0338263105589794,0.278
"[0.278, 0.279)",0.03896470484811422,0.279
"[0.279, 0.28)",0.03652234364893789,0.28
"[0.28, 0.281)",0.03844084761568479,0.281
"[0.281, 0.28200000000000003)",0.03742467612700157,0.282
"[0.28200000000000003, 0.28300000000000003)",0.0358286270545536,0.283
"[0.28300000000000003, 0.28400000000000003)",0.033610479510070054,0.284
"[0.28400000000000003, 0.28500000000000003)",0.03731671000312791,0.285
"[0.28500000000000003, 0.28600000000000003)",0.033901790819525525,0.286
"[0.28600000000000003, 0.28700000000000003)",0.03475131092986196,0.287
"[0.28700000000000003, 0.28800000000000003)",0.03475921978529735,0.288
"[0.28800000000000003, 0.289)",0.03467166957582165,0.289
"[0.289, 0.29)",0.03539090745014036,0.29
"[0.29, 0.291)",0.03399663686229741,0.291
"[0.291, 0.292)",0.036062863740466376,0.292
"[0.292, 0.293)",0.03471683451792938,0.293
"[0.293, 0.294)",0.037549093670384996,0.294
"[0.294, 0.295)",0.035709957725470004,0.295
"[0.295, 0.296)",0.03706437505676871,0.296
"[0.296, 0.297)",0.03843248046147496,0.297
"[0.297, 0.298)",0.03251615291542436,0.298
"[0.298, 0.299)",0.03540961903218058,0.299
"[0.299, 0.3)",0.03992918834315812,0.3
"[0.3, 0.301)",0.03982565439214585,0.301
"[0.301, 0.302)",0.03246927643711658,0.302
"[0.302, 0.303)",0.03634437925709451,0.303
"[0.303, 0.304)",0.037881472897843924,0.304
"[0.304, 0.305)",0.035948793247325465,0.305
"[0.305, 0.306)",0.038819325495665004,0.306
"[0.306, 0.307)",0.03497519989691073,0.307
"[0.307, 0.308)",0.03340760284041911,0.308
"[0.308, 0.309)",0.04009030975104268,0.309
"[0.309, 0.31)",0.04068700713486147,0.31
"[0.31, 0.311)",0.03505644531769023,0.311
"[0.311, 0.312)",0.03645869856123849,0.312
"[0.312, 0.313)",0.03692694228687019,0.313
"[0.313, 0.314)",0.03536913973828396,0.314
"[0.314, 0.315)",0.04100520499399988,0.315
"[0.315, 0.316)",0.03827364252630325,0.316
"[0.316, 0.317)",0.03327415127128224,0.317
"[0.317, 0.318)",0.036140373144298764,0.318
"[0.318, 0.319)",0.03282585017858361,0.319
"[0.319, 0.32)",0.037883438358826765,0.32
"[0.32, 0.321)",0.03509391607116584,0.321
"[0.321, 0.322)",0.037864261314062043,0.322
"[0.322, 0.323)",0.03372129385658775,0.323
"[0.323, 0.324)",0.0372846717491831,0.324
"[0.324, 0.325)",0.037274359042982874,0.325
"[0.325, 0.326)",0.03995472843340851,0.326
"[0.326, 0.327)",0.0385112633005117,0.327
"[0.327, 0.328)",0.03561968488577295,0.328
"[0.328, 0.329)",0.03393984577541647,0.329
"[0.329, 0.33)",0.0343523741973894,0.33
"[0.33, 0.331)",0.04074134507579097,0.331
"[0.331, 0.332)",0.03625510619725406,0.332
"[0.332, 0.333)",0.0317432727608848,0.333
"[0.333, 0.334)",0.030464203447928474,0.334
"[0.334, 0.335)",0.03475991761018685,0.335
"[0.335, 0.336)",0.03717270122176194,0.336
"[0.336, 0.337)",0.03476698170809862,0.337
"[0.337, 0.338)",0.03979283376557996,0.338
"[0.338, 0.339)",0.03523121970487999,0.339
"[0.339, 0.34)",0.03770350472905601,0.34
"[0.34, 0.341)",0.033794431206045354,0.341
"[0.341, 0.342)",0.03447179816798279,0.342
"[0.342, 0.343)",0.039644736421822584,0.343
"[0.343, 0.34400000000000003)",0.03473733654030282,0.344
"[0.34400000000000003, 0.34500000000000003)",0.03920441981121474,0.345
"[0.34500000000000003, 0.34600000000000003)",0.03914642092401775,0.346
"[0.34600000000000003, 0.34700000000000003)",0.03407161477227376,0.347
"[0.34700000000000003, 0.34800000000000003)",0.03405513206039232,0.348
"[0.34800000000000003, 0.34900000000000003)",0.037265822118708776,0.349
"[0.34900000000000003, 0.35000000000000003)",0.03667549383893309,0.35
"[0.35000000000000003, 0.35100000000000003)",0.0352383677572182,0.351
"[0.35100000000000003, 0.352)",0.036822487136879495,0.352
"[0.352, 0.353)",0.029807743005462864,0.353
"[0.353, 0.354)",0.031228077542957887,0.354
"[0.354, 0.355)",0.03482058230242378,0.355
"[0.355, 0.356)",0.031340911720199004,0.356
"[0.356, 0.357)",0.03464951885338903,0.357
"[0.357, 0.358)",0.03886524191758217,0.358
"[0.358, 0.359)",0.033806315320882796,0.359
"[0.359, 0.36)",0.032159478884331696,0.36
"[0.36, 0.361)",0.03374531108699555,0.361
"[0.361, 0.362)",0.0361662681290546,0.362
"[0.362, 0.363)",0.03694121274971955,0.363
"[0.363, 0.364)",0.034481581438778046,0.364
"[0.364, 0.365)",0.041101690642835316,0.365
"[0.365, 0.366)",0.03899497111750144,0.366
"[0.366, 0.367)",0.03724198678241229,0.367
"[0.367, 0.368)",0.0358962929747837,0.368
"[0.368, 0.369)",0.04033723192567827,0.369
"[0.369, 0.37)",0.04168239291714992,0.37
"[0.37, 0.371)",0.037795367115715156,0.371
"[0.371, 0.372)",0.03736173727849747,0.372
"[0.372, 0.373)",0.03898525009377924,0.373
"[0.373, 0.374)",0.0369317210696371,0.374
"[0.374, 0.375)",0.040447690359832186,0.375
"[0.375, 0.376)",0.03704410065326796,0.376
"[0.376, 0.377)",0.03843609959576039,0.377
"[0.377, 0.378)",0.032653181390674,0.378
"[0.378, 0.379)",0.035701218598368924,0.379
"[0.379, 0.38)",0.03248155617812418,0.38
"[0.38, 0.381)",0.032800885444850304,0.381
"[0.381, 0.382)",0.031419053256911376,0.382
"[0.382, 0.383)",0.033110770068420246,0.383
"[0.383, 0.384)",0.03401193886295009,0.384
"[0.384, 0.385)",0.03873428488470164,0.385
"[0.385, 0.386)",0.0356737120933934,0.386
"[0.386, 0.387)",0.03691085986604144,0.387
"[0.387, 0.388)",0.03521952111019569,0.388
"[0.388, 0.389)",0.03772075061535925,0.389
"[0.389, 0.39)",0.0330593870588393,0.39
"[0.39, 0.391)",0.03836499250627994,0.391
"[0.391, 0.392)",0.03746412679650128,0.392
"[0.392, 0.393)",0.03714467416034248,0.393
"[0.393, 0.394)",0.04310786957102623,0.394
"[0.394, 0.395)",0.036780003352842774,0.395
"[0.395, 0.396)",0.03906634119608884,0.396
"[0.396, 0.397)",0.03602426797671897,0.397
"[0.397, 0.398)",0.03317283781304625,0.398
"[0.398, 0.399)",0.03345926635099134,0.399
"[0.399, 0.4)",0.03447482707102959,0.4
"[0.4, 0.401)",0.03532405654568956,0.401
"[0.401, 0.402)",0.036036947863326924,0.402
"[0.402, 0.403)",0.036699999364989945,0.403
"[0.403, 0.404)",0.03211043391405197,0.404
"[0.404, 0.405)",0.03409332759331782,0.405
"[0.405, 0.406)",0.03831486300611146,0.406
"[0.406, 0.40700000000000003)",0.03544682194220847,0.407
"[0.40700000000000003, 0.40800000000000003)",0.03377959139895746,0.408
"[0.40800000000000003, 0.40900000000000003)",0.0312868063479429,0.409
"[0.40900000000000003, 0.41000000000000003)",0.034470350718528574,0.41
"[0.41000000000000003, 0.41100000000000003)",0.03264030876862863,0.411
"[0.41100000000000003, 0.41200000000000003)",0.03619310619693091,0.412
"[0.41200000000000003, 0.41300000000000003)",0.032349889567902024,0.413
"[0.41300000000000003, 0.41400000000000003)",0.04033515312041512,0.414
"[0.41400000000000003, 0.41500000000000004)",0.0334131274914117,0.415
"[0.41500000000000004, 0.41600000000000004)",0.0362150701053271,0.416
"[0.41600000000000004, 0.417)",0.035417780949602726,0.417
"[0.417, 0.418)",0.04060546072783108,0.418
"[0.418, 0.419)",0.03538353423956286,0.419
"[0.419, 0.42)",0.03355758187765331,0.42
"[0.42, 0.421)",0.03628462875376798,0.421
"[0.421, 0.422)",0.03570874590226671,0.422
"[0.422, 0.423)",0.03745614134149144,0.423
"[0.423, 0.424)",0.037594065646771424,0.424
"[0.424, 0.425)",0.04029214006117716,0.425
"[0.425, 0.426)",0.035878527014376646,0.426
"[0.426, 0.427)",0.034240125112373364,0.427
"[0.427, 0.428)",0.03809443033611788,0.428
"[0.428, 0.429)",0.032745547403738105,0.429
"[0.429, 0.43)",0.03846900425951214,0.43
"[0.43, 0.431)",0.03488326952833778,0.431
"[0.431, 0.432)",0.03488328909062841,0.432
"[0.432, 0.433)",0.029703433721321258,0.433
"[0.433, 0.434)",0.03523803635009618,0.434
"[0.434, 0.435)",0.034685977667375856,0.435
"[0.435, 0.436)",0.03407857304250728,0.436
"[0.436, 0.437)",0.035296198265171816,0.437
"[0.437, 0.438)",0.03556887662694513,0.438
"[0.438, 0.439)",0.03762178937680391,0.439
"[0.439, 0.44)",0.03063476063720082,0.44
"[0.44, 0.441)",0.033099307671922665,0.441
"[0.441, 0.442)",0.036705452775499595,0.442
"[0.442, 0.443)",0.03411077617824201,0.443
"[0.443, 0.444)",0.03070337844525298,0.444
"[0.444, 0.445)",0.034012167687140826,0.445
"[0.445, 0.446)",0.03250110641235468,0.446
"[0.446, 0.447)",0.03307509219860919,0.447
"[0.447, 0.448)",0.030276160092233984,0.448
"[0.448, 0.449)",0.028399647068210365,0.449
"[0.449, 0.45)",0.032271221038812,0.45
"[0.45, 0.451)",0.0323853280331417,0.451
"[0.451, 0.452)",0.028371303017137178,0.452
"[0.452, 0.453)",0.036612479675707466,0.453
"[0.453, 0.454)",0.029919986824375418,0.454
"[0.454, 0.455)",0.032672277234640744,0.455
"[0.455, 0.456)",0.034275962067226,0.456
"[0.456, 0.457)",0.03491207295841817,0.457
"[0.457, 0.458)",0.030440490256854708,0.458
"[0.458, 0.459)",0.034391750478860526,0.459
"[0.459, 0.46)",0.03639380186326074,0.46
"[0.46, 0.461)",0.034443576939861165,0.461
"[0.461, 0.462)",0.03575574755887775,0.462
"[0.462, 0.463)",0.03368552583470675,0.463
"[0.463, 0.464)",0.032459749642181644,0.464
"[0.464, 0.465)",0.03481075747849152,0.465
"[0.465, 0.466)",0.03457271800775442,0.466
"[0.466, 0.467)",0.03517906141594032,0.467
"[0.467, 0.468)",0.030246100687465124,0.468
"[0.468, 0.46900000000000003)",0.02868086829289728,0.469
"[0.46900000000000003, 0.47000000000000003)",0.03285735946840558,0.47
"[0.47000000000000003, 0.47100000000000003)",0.02991539197525859,0.471
"[0.47100000000000003, 0.47200000000000003)",0.03006141601277018,0.472
"[0.47200000000000003, 0.47300000000000003)",0.04288947229579027,0.473
"[0.47300000000000003, 0.47400000000000003)",0.03700607562407799,0.474
"[0.47400000000000003, 0.47500000000000003)",0.025472378703802447,0.475
"[0.47500000000000003, 0.47600000000000003)",0.03072014231552009,0.476
"[0.47600000000000003, 0.47700000000000004)",0.036831476202866975,0.477
"[0.47700000000000004, 0.47800000000000004)",0.031024324868830676,0.478
"[0.47800000000000004, 0.47900000000000004)",0.036681326585616285,0.479
"[0.47900000000000004, 0.48)",0.033480486258513305,0.48
"[0.48, 0.481)",0.03394410061337376,0.481
"[0.481, 0.482)",0.0333534991007808,0.482
"[0.482, 0.483)",0.03208699106652022,0.483
"[0.483, 0.484)",0.032570668785522915,0.484
"[0.484, 0.485)",0.03793967476042377,0.485
"[0.485, 0.486)",0.029963635139656532,0.486
"[0.486, 0.487)",0.034627354726077204,0.487
"[0.487, 0.488)",0.03552453600319854,0.488
"[0.488, 0.489)",0.03386694326157496,0.489
"[0.489, 0.49)",0.03128337183612053,0.49
"[0.49, 0.491)",0.03977484775266269,0.491
"[0.491, 0.492)",0.036398716934938596,0.492
"[0.492, 0.493)",0.03504626423793493,0.493
"[0.493, 0.494)",0.03760041948949467,0.494
"[0.494, 0.495)",0.04057700433735898,0.495
"[0.495, 0.496)",0.030277293935795414,0.496
"[0.496, 0.497)",0.03420664463532248,0.497
"[0.497, 0.498)",0.03703730702961621,0.498
"[0.498, 0.499)",0.038888494963424315,0.499
"[0.499, 0.5)",0.02893700937554296,0.5
"[0.5, 0.501)",0.036327707743538926,0.501
"[0.501, 0.502)",0.03088079727082642,0.502
"[0.502, 0.503)",0.030825487822259016,0.503
"[0.503, 0.504)",0.033212753057904346,0.504
"[0.504, 0.505)",0.03356520723474406,0.505
"[0.505, 0.506)",0.02986283617124282,0.506
"[0.506, 0.507)",0.03552815053059879,0.507
"[0.507, 0.508)",0.03496290776608202,0.508
"[0.508, 0.509)",0.03331633298723746,0.509
"[0.509, 0.51)",0.03334535783904413,0.51
"[0.51, 0.511)",0.03230980756270999,0.511
"[0.511, 0.512)",0.03525530280998292,0.512
"[0.512, 0.513)",0.03485724904390424,0.513
"[0.513, 0.514)",0.03363020444064614,0.514
"[0.514, 0.515)",0.03297597373331933,0.515
"[0.515, 0.516)",0.03109956186238595,0.516
"[0.516, 0.517)",0.03293384970155754,0.517
"[0.517, 0.518)",0.03720398373062347,0.518
"[0.518, 0.519)",0.038189676036331215,0.519
"[0.519, 0.52)",0.03434706367889992,0.52
"[0.52, 0.521)",0.03894505150832774,0.521
"[0.521, 0.522)",0.02880846055101365,0.522
"[0.522, 0.523)",0.032358604299913836,0.523
"[0.523, 0.524)",0.031156472806352257,0.524
"[0.524, 0.525)",0.03317414042009019,0.525
"[0.525, 0.526)",0.03537985849380034,0.526
"[0.526, 0.527)",0.031598474998031784,0.527
"[0.527, 0.528)",0.028861768209233248,0.528
"[0.528, 0.529)",0.03219093527641199,0.529
"[0.529, 0.53)",0.03285438610966245,0.53
"[0.53, 0.531)",0.03258215832732166,0.531
"[0.531, 0.532)",0.030283749495206562,0.532
"[0.532, 0.533)",0.027664592773944237,0.533
"[0.533, 0.534)",0.03081831120809399,0.534
"[0.534, 0.535)",0.02843169119745537,0.535
"[0.535, 0.536)",0.030065081934612617,0.536
"[0.536, 0.537)",0.029722637262769868,0.537
"[0.537, 0.538)",0.034071650829792105,0.538
"[0.538, 0.539)",0.031679657174639414,0.539
"[0.539, 0.54)",0.033298632567983315,0.54
"[0.54, 0.541)",0.030296816912822225,0.541
"[0.541, 0.542)",0.03550426849604019,0.542
"[0.542, 0.543)",0.0309784016530973,0.543
"[0.543, 0.544)",0.030335255068447347,0.544
"[0.544, 0.545)",0.03179810506664162,0.545
"[0.545, 0.546)",0.031081123811187925,0.546
"[0.546, 0.547)",0.029979234476507292,0.547
"[0.547, 0.548)",0.03469960949872352,0.548
"[0.548, 0.549)",0.03407592064670879,0.549
"[0.549, 0.55)",0.03706065244783068,0.55
"[0.55, 0.551)",0.032233229265270606,0.551
"[0.551, 0.552)",0.03213356265935425,0.552
"[0.552, 0.553)",0.029420731675533118,0.553
"[0.553, 0.554)",0.03187282802839499,0.554
"[0.554, 0.555)",0.03578551192592887,0.555
"[0.555, 0.556)",0.034274765386348875,0.556
"[0.556, 0.557)",0.0302838307505928,0.557
"[0.557, 0.558)",0.03764445867212487,0.558
"[0.558, 0.559)",0.03454129219745753,0.559
"[0.559, 0.56)",0.03461753691422548,0.56
"[0.56, 0.561)",0.03766025891411605,0.561
"[0.561, 0.562)",0.03172860606130608,0.562
"[0.562, 0.5630000000000001)",0.033568159482427085,0.563
"[0.5630000000000001, 0.5640000000000001)",0.035203829417962317,0.564
"[0.5640000000000001, 0.5650000000000001)",0.03192668408127603,0.565
"[0.5650000000000001, 0.5660000000000001)",0.030253201371014424,0.566
"[0.5660000000000001, 0.5670000000000001)",0.029287894948574908,0.567
"[0.5670000000000001, 0.5680000000000001)",0.03374606231573145,0.568
"[0.5680000000000001, 0.5690000000000001)",0.03297693979176669,0.569
"[0.5690000000000001, 0.5700000000000001)",0.03252834652555449,0.57
"[0.5700000000000001, 0.5710000000000001)",0.03539725622408696,0.571
"[0.5710000000000001, 0.5720000000000001)",0.03734771541594342,0.572
"[0.5720000000000001, 0.5730000000000001)",0.029931924790248445,0.573
"[0.5730000000000001, 0.5740000000000001)",0.03653557757543473,0.574
"[0.5740000000000001, 0.5750000000000001)",0.028915880901027667,0.575
"[0.5750000000000001, 0.5760000000000001)",0.03430791059933262,0.576
"[0.5760000000000001, 0.577)",0.03462823436288747,0.577
"[0.577, 0.578)",0.03558298430258578,0.578
"[0.578, 0.579)",0.03491997645775221,0.579
"[0.579, 0.58)",0.03193430247298844,0.58
"[0.58, 0.581)",0.0323163333865546,0.581
"[0.581, 0.582)",0.02975735012142112,0.582
"[0.582, 0.583)",0.03232028819573907,0.583
"[0.583, 0.584)",0.031757351146550095,0.584
"[0.584, 0.585)",0.032029482876857696,0.585
"[0.585, 0.586)",0.031799509893366926,0.586
"[0.586, 0.587)",0.03631017885056597,0.587
"[0.587, 0.588)",0.03010602635367194,0.588
"[0.588, 0.589)",0.03332644546161701,0.589
"[0.589, 0.59)",0.03186579480779652,0.59
"[0.59, 0.591)",0.032839524883315756,0.591
"[0.591, 0.592)",0.03240098100085082,0.592
"[0.592, 0.593)",0.03409730212470469,0.593
"[0.593, 0.594)",0.0297661981542176,0.594
"[0.594, 0.595)",0.03332522153094742,0.595
"[0.595, 0.596)",0.03539064080643954,0.596
"[0.596, 0.597)",0.03617777235852963,0.597
"[0.597, 0.598)",0.030113156918122046,0.598
"[0.598, 0.599)",0.032872151444254614,0.599
"[0.599, 0.6)",0.03481059467628075,0.6
"[0.6, 0.601)",0.030575590167144114,0.601
"[0.601, 0.602)",0.03569570598428283,0.602
"[0.602, 0.603)",0.03554606452818676,0.603
"[0.603, 0.604)",0.029501623465791427,0.604
"[0.604, 0.605)",0.02850514572386627,0.605
"[0.605, 0.606)",0.028555438926310354,0.606
"[0.606, 0.607)",0.029000995140345816,0.607
"[0.607, 0.608)",0.03915711525252983,0.608
"[0.608, 0.609)",0.03185185322239992,0.609
"[0.609, 0.61)",0.031063504957886602,0.61
"[0.61, 0.611)",0.030139565697359372,0.611
"[0.611, 0.612)",0.03139779906573983,0.612
"[0.612, 0.613)",0.028888117346950324,0.613
"[0.613, 0.614)",0.03482173105380432,0.614
"[0.614, 0.615)",0.030867665378558125,0.615
"[0.615, 0.616)",0.03451139560493889,0.616
"[0.616, 0.617)",0.027341892875950714,0.617
"[0.617, 0.618)",0.030712096851102908,0.618
"[0.618, 0.619)",0.03151133022882962,0.619
"[0.619, 0.62)",0.031056011279634612,0.62
"[0.62, 0.621)",0.033564048797278555,0.621
"[0.621, 0.622)",0.03169178418053995,0.622
"[0.622, 0.623)",0.03351958477785145,0.623
"[0.623, 0.624)",0.03166898968640968,0.624
"[0.624, 0.625)",0.032908382424107444,0.625
"[0.625, 0.626)",0.023823125090322562,0.626
"[0.626, 0.627)",0.02684032402367691,0.627
"[0.627, 0.628)",0.03052589857530503,0.628
"[0.628, 0.629)",0.029308880784173392,0.629
"[0.629, 0.63)",0.03139016304318411,0.63
"[0.63, 0.631)",0.028858987538719554,0.631
"[0.631, 0.632)",0.029360637916372608,0.632
"[0.632, 0.633)",0.033213739847492256,0.633
"[0.633, 0.634)",0.03415212414692881,0.634
"[0.634, 0.635)",0.027035959399688156,0.635
"[0.635, 0.636)",0.029428041095836723,0.636
"[0.636, 0.637)",0.029375421048459156,0.637
"[0.637, 0.638)",0.02820295590551018,0.638
"[0.638, 0.639)",0.0327054846696157,0.639
"[0.639, 0.64)",0.031238791349177182,0.64
"[0.64, 0.641)",0.03472169680410528,0.641
"[0.641, 0.642)",0.029183501748300922,0.642
"[0.642, 0.643)",0.02902979931972905,0.643
"[0.643, 0.644)",0.03219101038908379,0.644
"[0.644, 0.645)",0.031519261569022766,0.645
"[0.645, 0.646)",0.033240848719178324,0.646
"[0.646, 0.647)",0.03563897081421267,0.647
"[0.647, 0.648)",0.0290922714024479,0.648
"[0.648, 0.649)",0.03093984711828282,0.649
"[0.649, 0.65)",0.030383514129529096,0.65
"[0.65, 0.651)",0.02902560787974812,0.651
"[0.651, 0.652)",0.030299525939157034,0.652
"[0.652, 0.653)",0.02856574340749439,0.653
"[0.653, 0.654)",0.032601620811087785,0.654
"[0.654, 0.655)",0.028542014619028295,0.655
"[0.655, 0.656)",0.028764228052345363,0.656
"[0.656, 0.657)",0.03540092760825405,0.657
"[0.657, 0.658)",0.033709987741083754,0.658
"[0.658, 0.659)",0.02707195613707739,0.659
"[0.659, 0.66)",0.03670985924006692,0.66
"[0.66, 0.661)",0.029870951186655562,0.661
"[0.661, 0.662)",0.03499057336600622,0.662
"[0.662, 0.663)",0.02913283937535435,0.663
"[0.663, 0.664)",0.03233671837078106,0.664
"[0.664, 0.665)",0.029793494342442953,0.665
"[0.665, 0.666)",0.0267249652822538,0.666
"[0.666, 0.667)",0.03491393584062013,0.667
"[0.667, 0.668)",0.03575529540405399,0.668
"[0.668, 0.669)",0.03362752867353006,0.669
"[0.669, 0.67)",0.025693124127890543,0.67
"[0.67, 0.671)",0.031139427252238748,0.671
"[0.671, 0.672)",0.03232204345694727,0.672
"[0.672, 0.673)",0.025461963348996777,0.673
"[0.673, 0.674)",0.033261045565712716,0.674
"[0.674, 0.675)",0.02943164507812149,0.675
"[0.675, 0.676)",0.030072633582326116,0.676
"[0.676, 0.677)",0.03392763911228911,0.677
"[0.677, 0.678)",0.032214737034493034,0.678
"[0.678, 0.679)",0.03386280881479953,0.679
"[0.679, 0.68)",0.032147771100104326,0.68
"[0.68, 0.681)",0.03137787717287951,0.681
"[0.681, 0.682)",0.039440787765840965,0.682
"[0.682, 0.683)",0.029139403968269195,0.683
"[0.683, 0.684)",0.026237662839553623,0.684
"[0.684, 0.685)",0.034597317577838974,0.685
"[0.685, 0.686)",0.029869064662057465,0.686
"[0.686, 0.687)",0.026179989802654822,0.687
"[0.687, 0.6880000000000001)",0.031055369903822273,0.688
"[0.6880000000000001, 0.6890000000000001)",0.030617489096939815,0.689
"[0.6890000000000001, 0.6900000000000001)",0.029002172048698448,0.69
"[0.6900000000000001, 0.6910000000000001)",0.02848258063201525,0.691
"[0.6910000000000001, 0.6920000000000001)",0.03439665181762247,0.692
"[0.6920000000000001, 0.6930000000000001)",0.028928366075641504,0.693
"[0.6930000000000001, 0.6940000000000001)",0.03421557297460844,0.694
"[0.6940000000000001, 0.6950000000000001)",0.033081849149999926,0.695
"[0.6950000000000001, 0.6960000000000001)",0.03406602598374481,0.696
"[0.6960000000000001, 0.6970000000000001)",0.02836838514408788,0.697
"[0.6970000000000001, 0.6980000000000001)",0.027454481052196656,0.698
"[0.6980000000000001, 0.6990000000000001)",0.032064260496149716,0.699
"[0.6990000000000001, 0.7000000000000001)",0.032613647594742556,0.7
"[0.7000000000000001, 0.7010000000000001)",0.03504152917829465,0.701
"[0.7010000000000001, 0.7020000000000001)",0.032574694665758165,0.702
"[0.7020000000000001, 0.7030000000000001)",0.032461471744480865,0.703
"[0.7030000000000001, 0.704)",0.03317681218131215,0.704
"[0.704, 0.705)",0.03290975602861987,0.705
"[0.705, 0.706)",0.030982518977463947,0.706
"[0.706, 0.707)",0.03022715262593815,0.707
"[0.707, 0.708)",0.024749095588315787,0.708
"[0.708, 0.709)",0.039338879907242094,0.709
"[0.709, 0.71)",0.028321103599314303,0.71
"[0.71, 0.711)",0.027193189841405757,0.711
"[0.711, 0.712)",0.030038559617431827,0.712
"[0.712, 0.713)",0.033508295291765966,0.713
"[0.713, 0.714)",0.03353932668138918,0.714
"[0.714, 0.715)",0.03302565795765934,0.715
"[0.715, 0.716)",0.02630065241119101,0.716
"[0.716, 0.717)",0.033730563944911335,0.717
"[0.717, 0.718)",0.033330073396915336,0.718
"[0.718, 0.719)",0.03093860729957591,0.719
"[0.719, 0.72)",0.03336792285532808,0.72
"[0.72, 0.721)",0.026281383890826068,0.721
"[0.721, 0.722)",0.029112510222042334,0.722
"[0.722, 0.723)",0.023166231148698473,0.723
"[0.723, 0.724)",0.031390613610997854,0.724
"[0.724, 0.725)",0.032489091331384126,0.725
"[0.725, 0.726)",0.035841795282111434,0.726
"[0.726, 0.727)",0.0296190630652418,0.727
"[0.727, 0.728)",0.03231139436346148,0.728
"[0.728, 0.729)",0.03132164536407399,0.729
"[0.729, 0.73)",0.032678243037620465,0.73
"[0.73, 0.731)",0.03306472762494451,0.731
"[0.731, 0.732)",0.029218651612451532,0.732
"[0.732, 0.733)",0.033920371471539215,0.733
"[0.733, 0.734)",0.03537973042203387,0.734
"[0.734, 0.735)",0.03515955107883362,0.735
"[0.735, 0.736)",0.031385634042905355,0.736
"[0.736, 0.737)",0.03995760623193358,0.737
"[0.737, 0.738)",0.036203498658765924,0.738
"[0.738, 0.739)",0.031078357490715074,0.739
"[0.739, 0.74)",0.0343720356374641,0.74
"[0.74, 0.741)",0.03598329434713156,0.741
"[0.741, 0.742)",0.03452686175365576,0.742
"[0.742, 0.743)",0.03454419509966175,0.743
"[0.743, 0.744)",0.03702244907060163,0.744
"[0.744, 0.745)",0.028397898133771488,0.745
"[0.745, 0.746)",0.035103554610697606,0.746
"[0.746, 0.747)",0.0336204303578709,0.747
"[0.747, 0.748)",0.03373099023073033,0.748
"[0.748, 0.749)",0.02668225847541199,0.749
"[0.749, 0.75)",0.03908117573062844,0.75
"[0.75, 0.751)",0.02825441474237026,0.751
"[0.751, 0.752)",0.032372139949721254,0.752
"[0.752, 0.753)",0.03199180465485428,0.753
"[0.753, 0.754)",0.03510357696689964,0.754
"[0.754, 0.755)",0.04213240178822823,0.755
"[0.755, 0.756)",0.03514797359474994,0.756
"[0.756, 0.757)",0.032908728248755605,0.757
"[0.757, 0.758)",0.03222399506090478,0.758
"[0.758, 0.759)",0.04551145699885326,0.759
"[0.759, 0.76)",0.036070481583209135,0.76
"[0.76, 0.761)",0.0396329729565569,0.761
"[0.761, 0.762)",0.036959067336004625,0.762
"[0.762, 0.763)",0.03502715184070291,0.763
"[0.763, 0.764)",0.03695402618483407,0.764
"[0.764, 0.765)",0.03199313935899644,0.765
"[0.765, 0.766)",0.03523200005073283,0.766
"[0.766, 0.767)",0.03046846851141517,0.767
"[0.767, 0.768)",0.032914530090423166,0.768
"[0.768, 0.769)",0.0282329179670175,0.769
"[0.769, 0.77)",0.031539655397760435,0.77
"[0.77, 0.771)",0.0391216868676647,0.771
"[0.771, 0.772)",0.030006700184455542,0.772
"[0.772, 0.773)",0.033303976897694085,0.773
"[0.773, 0.774)",0.036008441434562125,0.774
"[0.774, 0.775)",0.037472809333902075,0.775
"[0.775, 0.776)",0.03247253153449468,0.776
"[0.776, 0.777)",0.03381204285634413,0.777
"[0.777, 0.778)",0.03606758097721359,0.778
"[0.778, 0.779)",0.03408864390023636,0.779
"[0.779, 0.78)",0.03715926466662992,0.78
"[0.78, 0.781)",0.0319118611162735,0.781
"[0.781, 0.782)",0.031005391979289632,0.782
"[0.782, 0.783)",0.035768839972124544,0.783
"[0.783, 0.784)",0.03632673734625842,0.784
"[0.784, 0.785)",0.03648559167215849,0.785
"[0.785, 0.786)",0.030886550404467118,0.786
"[0.786, 0.787)",0.03971063138418818,0.787
"[0.787, 0.788)",0.033080848448591244,0.788
"[0.788, 0.789)",0.03432783983369827,0.789
"[0.789, 0.79)",0.04379908362947363,0.79
"[0.79, 0.791)",0.029586225509463153,0.791
"[0.791, 0.792)",0.032560709815301195,0.792
"[0.792, 0.793)",0.036175181904686264,0.793
"[0.793, 0.794)",0.03736637064450116,0.794
"[0.794, 0.795)",0.03976638250993296,0.795
"[0.795, 0.796)",0.03354187966874165,0.796
"[0.796, 0.797)",0.0328822874961038,0.797
"[0.797, 0.798)",0.03131793671274603,0.798
"[0.798, 0.799)",0.03562846967583136,0.799
"[0.799, 0.8)",0.03746498634886981,0.8
"[0.8, 0.801)",0.03447373775867553,0.801
"[0.801, 0.802)",0.03719987666102612,0.802
"[0.802, 0.803)",0.03548636423904166,0.803
"[0.803, 0.804)",0.036813405231416206,0.804
"[0.804, 0.805)",0.030394260251039338,0.805
"[0.805, 0.806)",0.039705218805442796,0.806
"[0.806, 0.807)",0.027926599132258787,0.807
"[0.807, 0.808)",0.033928278490506704,0.808
"[0.808, 0.809)",0.03607585351960125,0.809
"[0.809, 0.81)",0.03625870957915144,0.81
"[0.81, 0.811)",0.03427332517410065,0.811
"[0.811, 0.812)",0.02873006053444178,0.812
"[0.812, 0.8130000000000001)",0.03572668067277774,0.813
"[0.8130000000000001, 0.8140000000000001)",0.029679244775963703,0.814
"[0.8140000000000001, 0.8150000000000001)",0.02902293975993262,0.815
"[0.8150000000000001, 0.8160000000000001)",0.026669615219885038,0.816
"[0.8160000000000001, 0.8170000000000001)",0.028198994195225917,0.817
"[0.8170000000000001, 0.8180000000000001)",0.027480134310011534,0.818
"[0.8180000000000001, 0.8190000000000001)",0.03130249002992788,0.819
"[0.8190000000000001, 0.8200000000000001)",0.0338026939870646,0.82
"[0.8200000000000001, 0.8210000000000001)",0.03316580105174821,0.821
"[0.8210000000000001, 0.8220000000000001)",0.035174912592772986,0.822
"[0.8220000000000001, 0.8230000000000001)",0.02970304613551397,0.823
"[0.8230000000000001, 0.8240000000000001)",0.030542419425697083,0.824
"[0.8240000000000001, 0.8250000000000001)",0.0267604173786061,0.825
"[0.8250000000000001, 0.8260000000000001)",0.030471547683548372,0.826
"[0.8260000000000001, 0.8270000000000001)",0.03302480482388348,0.827
"[0.8270000000000001, 0.8280000000000001)",0.030511074375934172,0.828
"[0.8280000000000001, 0.8290000000000001)",0.031809733104621006,0.829
"[0.8290000000000001, 0.8300000000000001)",0.033537118576113106,0.83
"[0.8300000000000001, 0.8310000000000001)",0.033611464948654954,0.831
"[0.8310000000000001, 0.8320000000000001)",0.029545282619334912,0.832
"[0.8320000000000001, 0.833)",0.025175649740837587,0.833
"[0.833, 0.834)",0.03180116286512956,0.834
"[0.834, 0.835)",0.03316250727771093,0.835
"[0.835, 0.836)",0.02935420088735919,0.836
"[0.836, 0.837)",0.03522144595627097,0.837
"[0.837, 0.838)",0.0381033737175862,0.838
"[0.838, 0.839)",0.02671905151515922,0.839
"[0.839, 0.84)",0.03588817698430764,0.84
"[0.84, 0.841)",0.032118389362638666,0.841
"[0.841, 0.842)",0.02950928075275288,0.842
"[0.842, 0.843)",0.0329301355717473,0.843
"[0.843, 0.844)",0.029887798692306723,0.844
"[0.844, 0.845)",0.02957635503644472,0.845
"[0.845, 0.846)",0.03560008861450551,0.846
"[0.846, 0.847)",0.03110636248748428,0.847
"[0.847, 0.848)",0.03943751847328238,0.848
"[0.848, 0.849)",0.02926456543581698,0.849
"[0.849, 0.85)",0.03244242310919392,0.85
"[0.85, 0.851)",0.030402683615880787,0.851
"[0.851, 0.852)",0.03754199019590458,0.852
"[0.852, 0.853)",0.031315412545539476,0.853
"[0.853, 0.854)",0.02740601980312926,0.854
"[0.854, 0.855)",0.03317942072134748,0.855
"[0.855, 0.856)",0.02515772816359109,0.856
"[0.856, 0.857)",0.03436706649488241,0.857
"[0.857, 0.858)",0.0321546088471795,0.858
"[0.858, 0.859)",0.03302552758809522,0.859
"[0.859, 0.86)",0.030520574599183694,0.86
"[0.86, 0.861)",0.03356465973828835,0.861
"[0.861, 0.862)",0.034356859609735696,0.862
"[0.862, 0.863)",0.03661931264167865,0.863
"[0.863, 0.864)",0.02858558017954869,0.864
"[0.864, 0.865)",0.0312421494209581,0.865
"[0.865, 0.866)",0.03454213913219359,0.866
"[0.866, 0.867)",0.02412274343411769,0.867
"[0.867, 0.868)",0.03261415203867066,0.868
"[0.868, 0.869)",0.03234495948906025,0.869
"[0.869, 0.87)",0.032935616240313395,0.87
"[0.87, 0.871)",0.036797493500141616,0.871
"[0.871, 0.872)",0.02671074051500004,0.872
"[0.872, 0.873)",0.03531311019346028,0.873
"[0.873, 0.874)",0.03700892412346619,0.874
"[0.874, 0.875)",0.0337145621927629,0.875
"[0.875, 0.876)",0.037698932635792715,0.876
"[0.876, 0.877)",0.02836096420666193,0.877
"[0.877, 0.878)",0.03841437313633758,0.878
"[0.878, 0.879)",0.03574024146493904,0.879
"[0.879, 0.88)",0.033118839834948566,0.88
"[0.88, 0.881)",0.0297986637191233,0.881
"[0.881, 0.882)",0.0288148558331928,0.882
"[0.882, 0.883)",0.03776513501864155,0.883
"[0.883, 0.884)",0.030729171700139828,0.884
"[0.884, 0.885)",0.03415924450839817,0.885
"[0.885, 0.886)",0.02637443495374048,0.886
"[0.886, 0.887)",0.03446769595523954,0.887
"[0.887, 0.888)",0.035865644904885495,0.888
"[0.888, 0.889)",0.027600357079787263,0.889
"[0.889, 0.89)",0.031064084176551213,0.89
"[0.89, 0.891)",0.03350741947879878,0.891
"[0.891, 0.892)",0.03157262650624051,0.892
"[0.892, 0.893)",0.029700688169243393,0.893
"[0.893, 0.894)",0.029761780587742002,0.894
"[0.894, 0.895)",0.03201826654094678,0.895
"[0.895, 0.896)",0.029502741432259096,0.896
"[0.896, 0.897)",0.034381540094782594,0.897
"[0.897, 0.898)",0.028320480501248045,0.898
"[0.898, 0.899)",0.02844952481159194,0.899
"[0.899, 0.9)",0.03486618279653435,0.9
"[0.9, 0.901)",0.032421665768369586,0.901
"[0.901, 0.902)",0.03797618161454972,0.902
"[0.902, 0.903)",0.03387569279921753,0.903
"[0.903, 0.904)",0.033763508068927445,0.904
"[0.904, 0.905)",0.04221639791663859,0.905
"[0.905, 0.906)",0.043104022690781243,0.906
"[0.906, 0.907)",0.03407073908308427,0.907
"[0.907, 0.908)",0.03433873053289904,0.908
"[0.908, 0.909)",0.03586950323001604,0.909
"[0.909, 0.91)",0.03961223356910593,0.91
"[0.91, 0.911)",0.03613022909337728,0.911
"[0.911, 0.912)",0.031716583904201665,0.912
"[0.912, 0.913)",0.0300613086247604,0.913
"[0.913, 0.914)",0.03145639397042485,0.914
"[0.914, 0.915)",0.02711003055059226,0.915
"[0.915, 0.916)",0.03058327689511043,0.916
"[0.916, 0.917)",0.030462112951980213,0.917
"[0.917, 0.918)",0.03073574021524593,0.918
"[0.918, 0.919)",0.03655645215530982,0.919
"[0.919, 0.92)",0.044065411674594074,0.92
"[0.92, 0.921)",0.02632591159526146,0.921
"[0.921, 0.922)",0.02996570128583621,0.922
"[0.922, 0.923)",0.0372275755374796,0.923
"[0.923, 0.924)",0.037266388262207344,0.924
"[0.924, 0.925)",0.03725684413897516,0.925
"[0.925, 0.926)",0.04077683605824953,0.926
"[0.926, 0.927)",0.037221944542682905,0.927
"[0.927, 0.928)",0.028672175630198016,0.928
"[0.928, 0.929)",0.03549814508262242,0.929
"[0.929, 0.93)",0.03194385601704976,0.93
"[0.93, 0.931)",0.0378342904303317,0.931
"[0.931, 0.932)",0.03592735250469009,0.932
"[0.932, 0.933)",0.044424113246678276,0.933
"[0.933, 0.934)",0.03314863889404335,0.934
"[0.934, 0.935)",0.039343221145166384,0.935
"[0.935, 0.936)",0.0355105998040625,0.936
"[0.936, 0.937)",0.03489330414596914,0.937
"[0.937, 0.9380000000000001)",0.029026514066951264,0.938
"[0.9380000000000001, 0.9390000000000001)",0.031779561203733944,0.939
"[0.9390000000000001, 0.9400000000000001)",0.02955149029213611,0.94
"[0.9400000000000001, 0.9410000000000001)",0.044693682499999936,0.941
"[0.9410000000000001, 0.9420000000000001)",0.03401120670267329,0.942
"[0.9420000000000001, 0.9430000000000001)",0.041936159602694485,0.943
"[0.9430000000000001, 0.9440000000000001)",0.03254159154525309,0.944
"[0.9440000000000001, 0.9450000000000001)",0.03439522593417933,0.945
"[0.9450000000000001, 0.9460000000000001)",0.028980317468327906,0.946
"[0.9460000000000001, 0.9470000000000001)",0.03566143456121742,0.947
"[0.9470000000000001, 0.9480000000000001)",0.030289297052892915,0.948
"[0.9480000000000001, 0.9490000000000001)",0.03852664878741487,0.949
"[0.9490000000000001, 0.9500000000000001)",0.03509553021795417,0.95
"[0.9500000000000001, 0.9510000000000001)",0.029439372836286223,0.951
"[0.9510000000000001, 0.9520000000000001)",0.0394328112366956,0.952
"[0.9520000000000001, 0.9530000000000001)",0.042562048494627344,0.953
"[0.9530000000000001, 0.9540000000000001)",0.033615791219895295,0.954
"[0.9540000000000001, 0.9550000000000001)",0.030912776537762036,0.955
"[0.9550000000000001, 0.9560000000000001)",0.0390930038719646,0.956
"[0.9560000000000001, 0.9570000000000001)",0.03736348558571426,0.957
"[0.9570000000000001, 0.9580000000000001)",0.04088164014034022,0.958
"[0.9580000000000001, 0.9590000000000001)",0.036763678262430974,0.959
"[0.9590000000000001, 0.96)",0.030184845680917505,0.96
"[0.96, 0.961)",0.04378837666465458,0.961
"[0.961, 0.962)",0.032785382939526465,0.962
"[0.962, 0.963)",0.03675927385653596,0.963
"[0.963, 0.964)",0.042477781179792756,0.964
"[0.964, 0.965)",0.03285072848516582,0.965
"[0.965, 0.966)",0.03668210638295545,0.966
"[0.966, 0.967)",0.04194960134993078,0.967
"[0.967, 0.968)",0.04101669508450759,0.968
"[0.968, 0.969)",0.03164612053210534,0.969
"[0.969, 0.97)",0.034923298121062284,0.97
"[0.97, 0.971)",0.03295118440611307,0.971
"[0.971, 0.972)",0.03370128053741382,0.972
"[0.972, 0.973)",0.03493902944193276,0.973
"[0.973, 0.974)",0.029548278229863494,0.974
"[0.974, 0.975)",0.03752909088454693,0.975
"[0.975, 0.976)",0.030012942968545803,0.976
"[0.976, 0.977)",0.0307232206113346,0.977
"[0.977, 0.978)",0.032761037308021365,0.978
"[0.978, 0.979)",0.03300328564381902,0.979
"[0.979, 0.98)",0.03347255792123945,0.98
"[0.98, 0.981)",0.03808007720551723,0.981
"[0.981, 0.982)",0.0395060016704419,0.982
"[0.982, 0.983)",0.030432375763183313,0.983
"[0.983, 0.984)",0.03605170987754443,0.984
"[0.984, 0.985)",0.03560533367218429,0.985
"[0.985, 0.986)",0.03160536592288289,0.986
"[0.986, 0.987)",0.03572859221140267,0.987
"[0.987, 0.988)",0.03245340648752312,0.988
"[0.988, 0.989)",0.030686084388781853,0.989
"[0.989, 0.99)",0.026799782523972634,0.99
"[0.99, 0.991)",0.03457348297145392,0.991
"[0.991, 0.992)",0.028453143665344224,0.992
"[0.992, 0.993)",0.02750213298043483,0.993
"[0.993, 0.994)",0.03565895306115387,0.994
"[0.994, 0.995)",0.029276984412969297,0.995
"[0.995, 0.996)",0.029402839593359438,0.996
"[0.996, 0.997)",0.024624940139531034,0.997
"[0.997, 0.998)",0.031070896040607254,0.998
"[0.998, 0.999)",0.03633224374197079,0.999
"[0.999, 1.0)",0.031172853403654183,1.0
"[1.0, 1.0010000000000001)",0.03649378855631401,1.001
"[1.0010000000000001, 1.002)",0.03789767498301885,1.002
"[1.002, 1.0030000000000001)",0.035018435929598635,1.003
"[1.0030000000000001, 1.004)",0.028349478128963736,1.004
"[1.004, 1.0050000000000001)",0.034624877946523164,1.005
"[1.0050000000000001, 1.006)",0.03811480555620569,1.006
"[1.006, 1.0070000000000001)",0.03222150510101355,1.007
"[1.0070000000000001, 1.008)",0.029805853953261983,1.008
"[1.008, 1.0090000000000001)",0.02946262409479869,1.009
"[1.0090000000000001, 1.01)",0.02792787887264497,1.01
"[1.01, 1.0110000000000001)",0.0286016134365385,1.011
"[1.0110000000000001, 1.012)",0.03739968873765412,1.012
"[1.012, 1.0130000000000001)",0.04075089265178237,1.013
"[1.0130000000000001, 1.014)",0.03850870553481116,1.014
"[1.014, 1.0150000000000001)",0.03349511665195034,1.015
"[1.0150000000000001, 1.016)",0.030488789353333365,1.016
"[1.016, 1.0170000000000001)",0.03350139370529198,1.017
"[1.0170000000000001, 1.018)",0.028871269269024908,1.018
"[1.018, 1.0190000000000001)",0.03566965500792621,1.019
"[1.0190000000000001, 1.02)",0.032768208257984696,1.02
"[1.02, 1.0210000000000001)",0.035346173561596965,1.021
"[1.0210000000000001, 1.022)",0.03323030991648918,1.022
"[1.022, 1.0230000000000001)",0.038630291462697065,1.023
"[1.0230000000000001, 1.024)",0.03576497857709924,1.024
"[1.024, 1.025)",0.03692512203968876,1.025
"[1.025, 1.026)",0.03317654675191328,1.026
"[1.026, 1.027)",0.04700612117061847,1.027
"[1.027, 1.028)",0.03464027964247313,1.028
"[1.028, 1.029)",0.029719472854811014,1.029
"[1.029, 1.03)",0.03168570887544285,1.03
"[1.03, 1.031)",0.035042275202148435,1.031
"[1.031, 1.032)",0.032206848065891525,1.032
"[1.032, 1.033)",0.031118489537870064,1.033
"[1.033, 1.034)",0.03531538460185183,1.034
"[1.034, 1.035)",0.03834067211996004,1.035
"[1.035, 1.036)",0.0322723868373093,1.036
"[1.036, 1.037)",0.032354873943673534,1.037
"[1.037, 1.038)",0.03574489645204044,1.038
"[1.038, 1.039)",0.03727511313283268,1.039
"[1.039, 1.04)",0.02924115199357606,1.04
"[1.04, 1.041)",0.029554462019024428,1.041
"[1.041, 1.042)",0.028356291932897598,1.042
"[1.042, 1.043)",0.037735753426907645,1.043
"[1.043, 1.044)",0.03408551113744776,1.044
"[1.044, 1.045)",0.03520961348352278,1.045
"[1.045, 1.046)",0.0347266582676707,1.046
"[1.046, 1.047)",0.03388569744491874,1.047
"[1.047, 1.048)",0.03218679731655646,1.048
"[1.048, 1.049)",0.03530605212789371,1.049
"[1.049, 1.05)",0.029526081134101493,1.05
"[1.05, 1.051)",0.028078690208545868,1.051
"[1.051, 1.052)",0.02815703256134456,1.052
"[1.052, 1.053)",0.028881119052391352,1.053
"[1.053, 1.054)",0.039785054102959856,1.054
"[1.054, 1.055)",0.03161538154207629,1.055
"[1.055, 1.056)",0.030819755464474827,1.056
"[1.056, 1.057)",0.02863023308171564,1.057
"[1.057, 1.058)",0.030229287941621073,1.058
"[1.058, 1.059)",0.03417513070665944,1.059
"[1.059, 1.06)",0.027194122457232767,1.06
"[1.06, 1.061)",0.029556076143793828,1.061
"[1.061, 1.062)",0.024418345592423653,1.062
"[1.062, 1.063)",0.03148598047102617,1.063
"[1.063, 1.064)",0.027101312371008112,1.064
"[1.064, 1.065)",0.027795684242956926,1.065
"[1.065, 1.066)",0.023412050998706135,1.066
"[1.066, 1.067)",0.03556318372520089,1.067
"[1.067, 1.068)",0.025745071421199178,1.068
"[1.068, 1.069)",0.029427753386214027,1.069
"[1.069, 1.07)",0.026852873431035318,1.07
"[1.07, 1.071)",0.03275171099114476,1.071
"[1.071, 1.072)",0.034057375500000035,1.072
"[1.072, 1.073)",0.028112478744145786,1.073
"[1.073, 1.074)",0.02510091024305267,1.074
"[1.074, 1.075)",0.030293484339903858,1.075
"[1.075, 1.076)",0.02774797710092594,1.076
"[1.076, 1.077)",0.0365213639730594,1.077
"[1.077, 1.078)",0.040761661725949076,1.078
"[1.078, 1.079)",0.026171018808289495,1.079
"[1.079, 1.08)",0.026459102386060637,1.08
"[1.08, 1.081)",0.03241172193550225,1.081
"[1.081, 1.082)",0.02902082747415733,1.082
"[1.082, 1.083)",0.03301933406740825,1.083
"[1.083, 1.084)",0.02924265070455915,1.084
"[1.084, 1.085)",0.03378863761247268,1.085
"[1.085, 1.086)",0.02513238248387097,1.086
"[1.086, 1.087)",0.02720978588899521,1.087
"[1.087, 1.088)",0.03441207831214959,1.088
"[1.088, 1.089)",0.023481278559170347,1.089
"[1.089, 1.09)",0.03240949863468086,1.09
"[1.09, 1.091)",0.03605144962879498,1.091
"[1.091, 1.092)",0.026613438083319483,1.092
"[1.092, 1.093)",0.02885529069808519,1.093
"[1.093, 1.094)",0.027678864910805116,1.094
"[1.094, 1.095)",0.031638291975225975,1.095
"[1.095, 1.096)",0.033753247052915825,1.096
"[1.096, 1.097)",0.034400368584708275,1.097
"[1.097, 1.098)",0.03705605190818,1.098
"[1.098, 1.099)",0.03483180856290676,1.099
"[1.099, 1.1)",0.029457681266518244,1.1
"[1.1, 1.101)",0.029117487849240817,1.101
"[1.101, 1.102)",0.029919648493373526,1.102
"[1.102, 1.103)",0.024088383208571467,1.103
"[1.103, 1.104)",0.03500838206174422,1.104
"[1.104, 1.105)",0.025019430483821187,1.105
"[1.105, 1.106)",0.02888421821710205,1.106
"[1.106, 1.107)",0.029540269883333362,1.107
"[1.107, 1.108)",0.02380922611317498,1.108
"[1.108, 1.109)",0.036589408722551287,1.109
"[1.109, 1.11)",0.026136581358369115,1.11
"[1.11, 1.111)",0.02350774340343116,1.111
"[1.111, 1.112)",0.028789342480556757,1.112
"[1.112, 1.113)",0.027486078607790478,1.113
"[1.113, 1.114)",0.02851468393303649,1.114
"[1.114, 1.115)",0.03447061865853664,1.115
"[1.115, 1.116)",0.032312806869955205,1.116
"[1.116, 1.117)",0.02653602574457945,1.117
"[1.117, 1.118)",0.0271394478025105,1.118
"[1.118, 1.119)",0.028133809131929487,1.119
"[1.119, 1.12)",0.027926434111363658,1.12
"[1.12, 1.121)",0.03262507522631584,1.121
"[1.121, 1.122)",0.024939855963039846,1.122
"[1.122, 1.123)",0.03159656808315105,1.123
"[1.123, 1.124)",0.030399015752718708,1.124
"[1.124, 1.125)",0.027664649650900947,1.125
"[1.125, 1.1260000000000001)",0.037752680584580554,1.126
"[1.1260000000000001, 1.127)",0.03679608277050001,1.127
"[1.127, 1.1280000000000001)",0.026432346410264432,1.128
"[1.1280000000000001, 1.129)",0.030074610157367235,1.129
"[1.129, 1.1300000000000001)",0.0310913540932315,1.13
"[1.1300000000000001, 1.131)",0.025540002026794285,1.131
"[1.131, 1.1320000000000001)",0.0332629818473709,1.132
"[1.1320000000000001, 1.133)",0.028328609616144584,1.133
"[1.133, 1.1340000000000001)",0.042036989094030294,1.134
"[1.1340000000000001, 1.135)",0.022208957053766226,1.135
"[1.135, 1.1360000000000001)",0.03678579659290787,1.136
"[1.1360000000000001, 1.137)",0.030121051506557372,1.137
"[1.137, 1.1380000000000001)",0.0333695470537736,1.138
"[1.1380000000000001, 1.139)",0.0274375354241861,1.139
"[1.139, 1.1400000000000001)",0.030206811165904568,1.14
"[1.1400000000000001, 1.141)",0.029862834820859767,1.141
"[1.141, 1.1420000000000001)",0.027677803348226965,1.142
"[1.1420000000000001, 1.143)",0.039041094637782825,1.143
"[1.143, 1.1440000000000001)",0.019851632086682596,1.144
"[1.1440000000000001, 1.145)",0.03601331076092549,1.145
"[1.145, 1.1460000000000001)",0.03509464138114948,1.146
"[1.1460000000000001, 1.147)",0.029550421620935977,1.147
"[1.147, 1.1480000000000001)",0.025255138862442395,1.148
"[1.1480000000000001, 1.149)",0.027562146082974748,1.149
"[1.149, 1.1500000000000001)",0.028480136465022475,1.15
"[1.1500000000000001, 1.151)",0.02359511688957874,1.151
"[1.151, 1.1520000000000001)",0.02712646267292112,1.152
"[1.1520000000000001, 1.153)",0.024467763812179515,1.153
"[1.153, 1.154)",0.025372304429310374,1.154
"[1.154, 1.155)",0.026221546326712343,1.155
"[1.155, 1.156)",0.03713950880762333,1.156
"[1.156, 1.157)",0.02676683936650945,1.157
"[1.157, 1.158)",0.03776577077355555,1.158
"[1.158, 1.159)",0.027969480616783237,1.159
"[1.159, 1.16)",0.02293283853718821,1.16
"[1.16, 1.161)",0.02647636931684436,1.161
"[1.161, 1.162)",0.030909998571325304,1.162
"[1.162, 1.163)",0.02910451628411217,1.163
"[1.163, 1.164)",0.03268872916108494,1.164
"[1.164, 1.165)",0.02578072338056373,1.165
"[1.165, 1.166)",0.02771828588847832,1.166
"[1.166, 1.167)",0.03169686972169456,1.167
"[1.167, 1.168)",0.024836901309276068,1.168
"[1.168, 1.169)",0.034024158829611705,1.169
"[1.169, 1.17)",0.02772162378567966,1.17
"[1.17, 1.171)",0.03065878223315071,1.171
"[1.171, 1.172)",0.02110022343986015,1.172
"[1.172, 1.173)",0.023055995180579363,1.173
"[1.173, 1.174)",0.027855464692613942,1.174
"[1.174, 1.175)",0.02403183506000002,1.175
"[1.175, 1.176)",0.03209454811704658,1.176
"[1.176, 1.177)",0.027270174835733643,1.177
"[1.177, 1.178)",0.03404528683009955,1.178
"[1.178, 1.179)",0.03030192226392253,1.179
"[1.179, 1.18)",0.02681634098963731,1.18
"[1.18, 1.181)",0.03249520759061792,1.181
"[1.181, 1.182)",0.032865323169930884,1.182
"[1.182, 1.183)",0.024461873683372395,1.183
"[1.183, 1.184)",0.024887805605479818,1.184
"[1.184, 1.185)",0.02684469563121953,1.185
"[1.185, 1.186)",0.03748001566222817,1.186
"[1.186, 1.187)",0.03260748048787881,1.187
"[1.187, 1.188)",0.030285016184693894,1.188
"[1.188, 1.189)",0.0380707371383293,1.189
"[1.189, 1.19)",0.03158229761183579,1.19
"[1.19, 1.191)",0.03131639145176772,1.191
"[1.191, 1.192)",0.028589803618709705,1.192
"[1.192, 1.193)",0.03239038530151444,1.193
"[1.193, 1.194)",0.03577555483701411,1.194
"[1.194, 1.195)",0.029666091999450556,1.195
"[1.195, 1.196)",0.0261403219273048,1.196
"[1.196, 1.197)",0.028111630018609637,1.197
"[1.197, 1.198)",0.02734723707245657,1.198
"[1.198, 1.199)",0.027042651477858906,1.199
"[1.199, 1.2)",0.02966318378068462,1.2
"[1.2, 1.201)",0.03357801689601356,1.201
"[1.201, 1.202)",0.037984778957760854,1.202
"[1.202, 1.203)",0.026593152699147173,1.203
"[1.203, 1.204)",0.04369387334210526,1.204
"[1.204, 1.205)",0.03441771295092031,1.205
"[1.205, 1.206)",0.03693538277880663,1.206
"[1.206, 1.207)",0.03129592359496986,1.207
"[1.207, 1.208)",0.04097661604235036,1.208
"[1.208, 1.209)",0.03199400695081084,1.209
"[1.209, 1.21)",0.027638779803712266,1.21
"[1.21, 1.211)",0.037665360517804926,1.211
"[1.211, 1.212)",0.029005164414444475,1.212
"[1.212, 1.213)",0.02854362087702972,1.213
"[1.213, 1.214)",0.029846493765073156,1.214
"[1.214, 1.215)",0.03121008365399017,1.215
"[1.215, 1.216)",0.030310921637196793,1.216
"[1.216, 1.217)",0.03643134346815922,1.217
"[1.217, 1.218)",0.0326241212991253,1.218
"[1.218, 1.219)",0.03859955826893942,1.219
"[1.219, 1.22)",0.02970021914000003,1.22
"[1.22, 1.221)",0.031533368032535904,1.221
"[1.221, 1.222)",0.02796097682831551,1.222
"[1.222, 1.223)",0.03105368064976308,1.223
"[1.223, 1.224)",0.028192821235908057,1.224
"[1.224, 1.225)",0.02983930392420217,1.225
"[1.225, 1.226)",0.027067540219733354,1.226
"[1.226, 1.227)",0.0343971296236967,1.227
"[1.227, 1.228)",0.025972187151173755,1.228
"[1.228, 1.229)",0.03689942177661697,1.229
"[1.229, 1.23)",0.03056260729950861,1.23
"[1.23, 1.231)",0.025474718690361456,1.231
"[1.231, 1.232)",0.02657440753564889,1.232
"[1.232, 1.233)",0.02769257987105943,1.233
"[1.233, 1.234)",0.030219026412219477,1.234
"[1.234, 1.235)",0.0346122984874016,1.235
"[1.235, 1.236)",0.027473221463816793,1.236
"[1.236, 1.237)",0.028663057008232483,1.237
"[1.237, 1.238)",0.030234657039490576,1.238
"[1.238, 1.239)",0.0311861204306667,1.239
"[1.239, 1.24)",0.031940304690487795,1.24
"[1.24, 1.241)",0.03340951456058113,1.241
"[1.241, 1.242)",0.030004078298445643,1.242
"[1.242, 1.243)",0.029684963953202012,1.243
"[1.243, 1.244)",0.026214264652368462,1.244
"[1.244, 1.245)",0.03463558037487674,1.245
"[1.245, 1.246)",0.034280856935863885,1.246
"[1.246, 1.247)",0.027844248822222216,1.247
"[1.247, 1.248)",0.04021902228681951,1.248
"[1.248, 1.249)",0.030242581114102576,1.249
"[1.249, 1.25)",0.0331269446876756,1.25
"[1.25, 1.2510000000000001)",0.03202050633323617,1.251
"[1.2510000000000001, 1.252)",0.027580796798126996,1.252
"[1.252, 1.2530000000000001)",0.03392862271930839,1.253
"[1.2530000000000001, 1.254)",0.028158955834065257,1.254
"[1.254, 1.2550000000000001)",0.031353622655976715,1.255
"[1.2550000000000001, 1.256)",0.02851841230198299,1.256
"[1.256, 1.2570000000000001)",0.0363347931181633,1.257
"[1.2570000000000001, 1.258)",0.034631553365846196,1.258
"[1.258, 1.2590000000000001)",0.030414530740277765,1.259
"[1.2590000000000001, 1.26)",0.036300532342901246,1.26
"[1.26, 1.2610000000000001)",0.025762314817187486,1.261
"[1.2610000000000001, 1.262)",0.03479406149663214,1.262
"[1.262, 1.2630000000000001)",0.028816105089057766,1.263
"[1.2630000000000001, 1.264)",0.033683795374585664,1.264
"[1.264, 1.2650000000000001)",0.031041198040882335,1.265
"[1.2650000000000001, 1.266)",0.03676597063232046,1.266
"[1.266, 1.2670000000000001)",0.02273299779546295,1.267
"[1.2670000000000001, 1.268)",0.030238636137090418,1.268
"[1.268, 1.2690000000000001)",0.035844252030186353,1.269
"[1.2690000000000001, 1.27)",0.03339845371104102,1.27
"[1.27, 1.2710000000000001)",0.0298970143411184,1.271
"[1.2710000000000001, 1.272)",0.029783153582499992,1.272
"[1.272, 1.2730000000000001)",0.036776286478847384,1.273
"[1.2730000000000001, 1.274)",0.028256999033521142,1.274
"[1.274, 1.2750000000000001)",0.029011094852824687,1.275
"[1.2750000000000001, 1.276)",0.028742019890410968,1.276
"[1.276, 1.2770000000000001)",0.03328295439131834,1.277
"[1.2770000000000001, 1.278)",0.025180784808885245,1.278
"[1.278, 1.2790000000000001)",0.026335290602678602,1.279
"[1.2790000000000001, 1.28)",0.02966529907060873,1.28
"[1.28, 1.281)",0.034595033067630065,1.281
"[1.281, 1.282)",0.03034361770029412,1.282
"[1.282, 1.283)",0.025765992743925256,1.283
"[1.283, 1.284)",0.03869627467203649,1.284
"[1.284, 1.285)",0.022833917058548894,1.285
"[1.285, 1.286)",0.03335694544230773,1.286
"[1.286, 1.287)",0.02927897629834438,1.287
"[1.287, 1.288)",0.02732553828380953,1.288
"[1.288, 1.289)",0.02998879607194529,1.289
"[1.289, 1.29)",0.0238716357298077,1.29
"[1.29, 1.291)",0.032864004469579315,1.291
"[1.291, 1.292)",0.03238947410253165,1.292
"[1.292, 1.293)",0.03119845105973598,1.293
"[1.293, 1.294)",0.0321021922230744,1.294
"[1.294, 1.295)",0.02578259804216828,1.295
"[1.295, 1.296)",0.03359208303938362,1.296
"[1.296, 1.297)",0.021301393598746082,1.297
"[1.297, 1.298)",0.03375472320588235,1.298
"[1.298, 1.299)",0.02755175547030928,1.299
"[1.299, 1.3)",0.03505480309904156,1.3
"[1.3, 1.301)",0.03506105501521313,1.301
"[1.301, 1.302)",0.01766327909000001,1.302
"[1.302, 1.303)",0.030726171199740263,1.303
"[1.303, 1.304)",0.036858708775078894,1.304
"[1.304, 1.305)",0.030323072359354858,1.305
"[1.305, 1.306)",0.03636580278892409,1.306
"[1.306, 1.307)",0.02621596656006601,1.307
"[1.307, 1.308)",0.03679440825691321,1.308
"[1.308, 1.309)",0.030756013686031723,1.309
"[1.309, 1.31)",0.03661727369180379,1.31
"[1.31, 1.311)",0.029062212070467865,1.311
"[1.311, 1.312)",0.036312739020249264,1.312
"[1.312, 1.313)",0.03946202390094644,1.313
"[1.313, 1.314)",0.029865698892232992,1.314
"[1.314, 1.315)",0.0433169120067386,1.315
"[1.315, 1.316)",0.0245735095321212,1.316
"[1.316, 1.317)",0.02630616000144232,1.317
"[1.317, 1.318)",0.038574953096696715,1.318
"[1.318, 1.319)",0.03761132347258069,1.319
"[1.319, 1.32)",0.02639109926986301,1.32
"[1.32, 1.321)",0.02497350268782873,1.321
"[1.321, 1.322)",0.03896797982296535,1.322
"[1.322, 1.323)",0.03701525966881033,1.323
"[1.323, 1.324)",0.025997478030175422,1.324
"[1.324, 1.325)",0.03027105256158731,1.325
"[1.325, 1.326)",0.02856141486779139,1.326
"[1.326, 1.327)",0.03110225530536083,1.327
"[1.327, 1.328)",0.03207752498225807,1.328
"[1.328, 1.329)",0.02830242090746752,1.329
"[1.329, 1.33)",0.023374729676298698,1.33
"[1.33, 1.331)",0.021994957490618885,1.331
"[1.331, 1.332)",0.033536098059223335,1.332
"[1.332, 1.333)",0.04052846539449109,1.333
"[1.333, 1.334)",0.028649023460074616,1.334
"[1.334, 1.335)",0.037273735565031246,1.335
"[1.335, 1.336)",0.030645777111794018,1.336
"[1.336, 1.337)",0.028828333366406788,1.337
"[1.337, 1.338)",0.03607250305555558,1.338
"[1.338, 1.339)",0.025689135259938843,1.339
"[1.339, 1.34)",0.03000016118978056,1.34
"[1.34, 1.341)",0.029729552924906245,1.341
"[1.341, 1.342)",0.032067934053479734,1.342
"[1.342, 1.343)",0.03428292844696487,1.343
"[1.343, 1.344)",0.03476313401435977,1.344
"[1.344, 1.345)",0.03050635736737805,1.345
"[1.345, 1.346)",0.026655860765644173,1.346
"[1.346, 1.347)",0.027326582032071174,1.347
"[1.347, 1.348)",0.03445137373233333,1.348
"[1.348, 1.349)",0.032551377549161105,1.349
"[1.349, 1.35)",0.03717718155493711,1.35
"[1.35, 1.351)",0.028108428646478868,1.351
"[1.351, 1.352)",0.028453688791896015,1.352
"[1.352, 1.353)",0.026834018159865303,1.353
"[1.353, 1.354)",0.03317588498921389,1.354
"[1.354, 1.355)",0.027333917990268464,1.355
"[1.355, 1.356)",0.03468176093010035,1.356
"[1.356, 1.357)",0.042589257393548435,1.357
"[1.357, 1.358)",0.03447227098389063,1.358
"[1.358, 1.359)",0.028853031673566867,1.359
"[1.359, 1.36)",0.028422252128616352,1.36
"[1.36, 1.361)",0.026429499933333316,1.361
"[1.361, 1.362)",0.029963455070253168,1.362
"[1.362, 1.363)",0.033100005309121654,1.363
"[1.363, 1.364)",0.03777541608313132,1.364
"[1.364, 1.365)",0.03580512141,1.365
"[1.365, 1.366)",0.033468418252605055,1.366
"[1.366, 1.367)",0.028111342368227845,1.367
"[1.367, 1.368)",0.040137338306062524,1.368
"[1.368, 1.369)",0.032379326579758325,1.369
"[1.369, 1.37)",0.03364670372474916,1.37
"[1.37, 1.371)",0.026459545900323615,1.371
"[1.371, 1.372)",0.027076924477607362,1.372
"[1.372, 1.373)",0.029188786298071666,1.373
"[1.373, 1.374)",0.03144400990283913,1.374
"[1.374, 1.375)",0.023208337776715524,1.375
"[1.375, 1.3760000000000001)",0.033397783025259545,1.376
"[1.3760000000000001, 1.377)",0.025164000660443792,1.377
"[1.377, 1.3780000000000001)",0.03184695755513197,1.378
"[1.3780000000000001, 1.379)",0.03909717143375393,1.379
"[1.379, 1.3800000000000001)",0.03327345842079474,1.38
"[1.3800000000000001, 1.381)",0.025222347674601218,1.381
"[1.381, 1.3820000000000001)",0.01923957305946843,1.382
"[1.3820000000000001, 1.383)",0.033710420907594955,1.383
"[1.383, 1.3840000000000001)",0.030910599750154796,1.384
"[1.3840000000000001, 1.385)",0.02529011455770608,1.385
"[1.385, 1.3860000000000001)",0.026869872346753254,1.386
"[1.3860000000000001, 1.387)",0.03055248157438597,1.387
"[1.387, 1.3880000000000001)",0.030885078689389056,1.388
"[1.3880000000000001, 1.389)",0.02433923533546817,1.389
"[1.389, 1.3900000000000001)",0.025343066214232192,1.39
"[1.3900000000000001, 1.391)",0.02762407218571427,1.391
"[1.391, 1.3920000000000001)",0.03732909663044985,1.392
"[1.3920000000000001, 1.393)",0.022537506309556303,1.393
"[1.393, 1.3940000000000001)",0.035849133106204405,1.394
"[1.3940000000000001, 1.395)",0.02478698603037542,1.395
"[1.395, 1.3960000000000001)",0.026360837929999995,1.396
"[1.3960000000000001, 1.397)",0.03245397807050361,1.397
"[1.397, 1.3980000000000001)",0.0314025919918554,1.398
"[1.3980000000000001, 1.399)",0.032725263774625445,1.399
"[1.399, 1.4000000000000001)",0.028930651045914375,1.4
"[1.4000000000000001, 1.401)",0.027672511242066405,1.401
"[1.401, 1.4020000000000001)",0.0247733354589041,1.402
"[1.4020000000000001, 1.403)",0.03310748357311476,1.403
"[1.403, 1.4040000000000001)",0.030768081615202735,1.404
"[1.4040000000000001, 1.405)",0.032927539457823125,1.405
"[1.405, 1.4060000000000001)",0.030464855813548405,1.406
"[1.4060000000000001, 1.407)",0.028117494639639626,1.407
"[1.407, 1.408)",0.031502479188321164,1.408
"[1.408, 1.409)",0.024777235936504566,1.409
"[1.409, 1.41)",0.0356306326534483,1.41
"[1.41, 1.411)",0.02508340981533546,1.411
"[1.411, 1.412)",0.02605408297898508,1.412
"[1.412, 1.413)",0.03222474413658784,1.413
"[1.413, 1.414)",0.030273881012383944,1.414
"[1.414, 1.415)",0.031284526956810645,1.415
"[1.415, 1.416)",0.029422381849840272,1.416
"[1.416, 1.417)",0.0300924917291391,1.417
"[1.417, 1.418)",0.027597776940894544,1.418
"[1.418, 1.419)",0.027604530899621466,1.419
"[1.419, 1.42)",0.027727490611290324,1.42
"[1.42, 1.421)",0.023908740100287533,1.421
"[1.421, 1.422)",0.023372929356081068,1.422
"[1.422, 1.423)",0.03233020377753847,1.423
"[1.423, 1.424)",0.035108103603095984,1.424
"[1.424, 1.425)",0.028645012743670893,1.425
"[1.425, 1.426)",0.02432759241490065,1.426
"[1.426, 1.427)",0.02597026211362228,1.427
"[1.427, 1.428)",0.024553943153333344,1.428
"[1.428, 1.429)",0.03504602345773812,1.429
"[1.429, 1.43)",0.034003004113125,1.43
"[1.43, 1.431)",0.03695445195961541,1.431
"[1.431, 1.432)",0.026456214936746995,1.432
"[1.432, 1.433)",0.031485717990476204,1.433
"[1.433, 1.434)",0.031044659955627028,1.434
"[1.434, 1.435)",0.02803753519769719,1.435
"[1.435, 1.436)",0.028796806447653422,1.436
"[1.436, 1.437)",0.034003898029417855,1.437
"[1.437, 1.438)",0.03040023858819673,1.438
"[1.438, 1.439)",0.03199078899965278,1.439
"[1.439, 1.44)",0.028861670661165417,1.44
"[1.44, 1.441)",0.022585140697163112,1.441
"[1.441, 1.442)",0.030158312837499993,1.442
"[1.442, 1.443)",0.026029013126458316,1.443
"[1.443, 1.444)",0.03535078043814434,1.444
"[1.444, 1.445)",0.03940278357431512,1.445
"[1.445, 1.446)",0.028855879923003175,1.446
"[1.446, 1.447)",0.026165993097122305,1.447
"[1.447, 1.448)",0.034261503014432995,1.448
"[1.448, 1.449)",0.034831152474917526,1.449
"[1.449, 1.45)",0.0405965160186132,1.45
"[1.45, 1.451)",0.024748526652364846,1.451
"[1.451, 1.452)",0.038251159435177894,1.452
"[1.452, 1.453)",0.028511814709187292,1.453
"[1.453, 1.454)",0.025280494343135885,1.454
"[1.454, 1.455)",0.02220674336765676,1.455
"[1.455, 1.456)",0.036722761830882356,1.456
"[1.456, 1.457)",0.03911500374661924,1.457
"[1.457, 1.458)",0.03808006578966422,1.458
"[1.458, 1.459)",0.030890128402364842,1.459
"[1.459, 1.46)",0.025923963959589038,1.46
"[1.46, 1.461)",0.01969538413035715,1.461
"[1.461, 1.462)",0.03608460841769505,1.462
"[1.462, 1.463)",0.03238932526473685,1.463
"[1.463, 1.464)",0.024453950157337867,1.464
"[1.464, 1.465)",0.025443787272764227,1.465
"[1.465, 1.466)",0.022756879459292917,1.466
"[1.466, 1.467)",0.027608618784555953,1.467
"[1.467, 1.468)",0.027470051333928578,1.468
"[1.468, 1.469)",0.030084228627777765,1.469
"[1.469, 1.47)",0.026334192432246377,1.47
"[1.47, 1.471)",0.0334809259447826,1.471
"[1.471, 1.472)",0.048049740497318034,1.472
"[1.472, 1.473)",0.03605362647540324,1.473
"[1.473, 1.474)",0.033284201408812254,1.474
"[1.474, 1.475)",0.021852587123507468,1.475
"[1.475, 1.476)",0.03357301977629033,1.476
"[1.476, 1.477)",0.030901458303731325,1.477
"[1.477, 1.478)",0.025506557941434266,1.478
"[1.478, 1.479)",0.024528933417083326,1.479
"[1.479, 1.48)",0.029954002036305945,1.48
"[1.48, 1.481)",0.023692386016597504,1.481
"[1.481, 1.482)",0.02538749669328063,1.482
"[1.482, 1.483)",0.02492890643868312,1.483
"[1.483, 1.484)",0.025764139626249995,1.484
"[1.484, 1.485)",0.02443861823694779,1.485
"[1.485, 1.486)",0.022577420901599997,1.486
"[1.486, 1.487)",0.023028423174505923,1.487
"[1.487, 1.488)",0.022082288949999994,1.488
"[1.488, 1.489)",0.027894171604471538,1.489
"[1.489, 1.49)",0.031636192450638305,1.49
"[1.49, 1.491)",0.029318894140493254,1.491
"[1.491, 1.492)",0.028837868953526975,1.492
"[1.492, 1.493)",0.027240912839475998,1.493
"[1.493, 1.494)",0.030923663404943805,1.494
"[1.494, 1.495)",0.032733811318025746,1.495
"[1.495, 1.496)",0.032341175016037726,1.496
"[1.496, 1.497)",0.02760620497087337,1.497
"[1.497, 1.498)",0.032492576375862066,1.498
"[1.498, 1.499)",0.027444402762660962,1.499
"[1.499, 1.5)",0.03193803483305784,1.5
"[1.5, 1.5010000000000001)",0.02923235319626556,1.501
"[1.5010000000000001, 1.502)",0.033309498854028424,1.502
"[1.502, 1.5030000000000001)",0.029713388835000014,1.503
"[1.5030000000000001, 1.504)",0.02482610141666666,1.504
"[1.504, 1.5050000000000001)",0.03175389280173159,1.505
"[1.5050000000000001, 1.506)",0.026807699708925624,1.506
"[1.506, 1.5070000000000001)",0.029226340913317505,1.507
"[1.5070000000000001, 1.508)",0.02952516599152543,1.508
"[1.508, 1.5090000000000001)",0.037000523604979234,1.509
"[1.5090000000000001, 1.51)",0.02962120876469828,1.51
"[1.51, 1.5110000000000001)",0.02665823757244444,1.511
"[1.5110000000000001, 1.512)",0.030787184411904766,1.512
"[1.512, 1.5130000000000001)",0.0330999435208955,1.513
"[1.5130000000000001, 1.514)",0.03969233209653678,1.514
"[1.514, 1.5150000000000001)",0.023126363077621354,1.515
"[1.5150000000000001, 1.516)",0.034604403187439604,1.516
"[1.516, 1.5170000000000001)",0.024694793914285713,1.517
"[1.5170000000000001, 1.518)",0.031521044420792066,1.518
"[1.518, 1.5190000000000001)",0.022831190265493562,1.519
"[1.5190000000000001, 1.52)",0.025015335133980573,1.52
"[1.52, 1.5210000000000001)",0.021996545292237452,1.521
"[1.5210000000000001, 1.522)",0.022768907512093012,1.522
"[1.522, 1.5230000000000001)",0.021574938102976737,1.523
"[1.5230000000000001, 1.524)",0.03303407322420351,1.524
"[1.524, 1.5250000000000001)",0.02096036958592233,1.525
"[1.5250000000000001, 1.526)",0.037058173723255816,1.526
"[1.526, 1.5270000000000001)",0.03315324429691998,1.527
"[1.5270000000000001, 1.528)",0.036689068901687785,1.528
"[1.528, 1.5290000000000001)",0.027000341601716746,1.529
"[1.5290000000000001, 1.53)",0.02401171268184738,1.53
"[1.53, 1.5310000000000001)",0.025033858644495383,1.531
"[1.5310000000000001, 1.532)",0.020023782262311555,1.532
"[1.532, 1.5330000000000001)",0.025678250941666668,1.533
"[1.5330000000000001, 1.534)",0.028771698196172233,1.534
"[1.534, 1.5350000000000001)",0.029770836403619907,1.535
"[1.5350000000000001, 1.536)",0.024856299102369677,1.536
"[1.536, 1.537)",0.027398303925272732,1.537
"[1.537, 1.538)",0.02447028562959015,1.538
"[1.538, 1.539)",0.02907862087695473,1.539
"[1.539, 1.54)",0.01959555340142158,1.54
"[1.54, 1.541)",0.037098068824977376,1.541
"[1.541, 1.542)",0.021216176633953494,1.542
"[1.542, 1.543)",0.027645403100436675,1.543
"[1.543, 1.544)",0.021303621449812737,1.544
"[1.544, 1.545)",0.028026473160499978,1.545
"[1.545, 1.546)",0.029609019218181824,1.546
"[1.546, 1.547)",0.024248093185116275,1.547
"[1.547, 1.548)",0.026186701050710914,1.548
"[1.548, 1.549)",0.03748649068411212,1.549
"[1.549, 1.55)",0.03598953691497836,1.55
"[1.55, 1.551)",0.02284710583274337,1.551
"[1.551, 1.552)",0.028486707744444437,1.552
"[1.552, 1.553)",0.024703995592831852,1.553
"[1.553, 1.554)",0.035180873963519314,1.554
"[1.554, 1.555)",0.023368888667788468,1.555
"[1.555, 1.556)",0.02691745872151217,1.556
"[1.556, 1.557)",0.0313268493649289,1.557
"[1.557, 1.558)",0.026390334586206897,1.558
"[1.558, 1.559)",0.023422226723280426,1.559
"[1.559, 1.56)",0.027621305931775666,1.56
"[1.56, 1.561)",0.02115732860321102,1.561
"[1.561, 1.562)",0.027510407787272716,1.562
"[1.562, 1.563)",0.031584055327433636,1.563
"[1.563, 1.564)",0.03834712154409089,1.564
"[1.564, 1.565)",0.02176436368376067,1.565
"[1.565, 1.566)",0.02927364892981651,1.566
"[1.566, 1.567)",0.02465608298092592,1.567
"[1.567, 1.568)",0.039190462300483085,1.568
"[1.568, 1.569)",0.02666896483133048,1.569
"[1.569, 1.57)",0.027664484633103427,1.57
"[1.57, 1.571)",0.030118563922821574,1.571
"[1.571, 1.572)",0.029240348236544717,1.572
"[1.572, 1.573)",0.023151707919264044,1.573
"[1.573, 1.574)",0.029129005050214585,1.574
"[1.574, 1.575)",0.024950589108071762,1.575
"[1.575, 1.576)",0.033581488333695654,1.576
"[1.576, 1.577)",0.02762195794096914,1.577
"[1.577, 1.578)",0.03240252021106192,1.578
"[1.578, 1.579)",0.030742245261111103,1.579
"[1.579, 1.58)",0.038560582342424224,1.58
"[1.58, 1.581)",0.020136569947643977,1.581
"[1.581, 1.582)",0.03573959093050926,1.582
"[1.582, 1.583)",0.03318026914273504,1.583
"[1.583, 1.584)",0.026787431928372067,1.584
"[1.584, 1.585)",0.022995964607905765,1.585
"[1.585, 1.586)",0.029957729292788463,1.586
"[1.586, 1.587)",0.04099503627912624,1.587
"[1.587, 1.588)",0.03318601350772726,1.588
"[1.588, 1.589)",0.025792500461946904,1.589
"[1.589, 1.59)",0.030746461018318943,1.59
"[1.59, 1.591)",0.03162931208035711,1.591
"[1.591, 1.592)",0.03466672832608695,1.592
"[1.592, 1.593)",0.02719385627048458,1.593
"[1.593, 1.594)",0.033879405929464264,1.594
"[1.594, 1.595)",0.022065278528767142,1.595
"[1.595, 1.596)",0.030172651439055787,1.596
"[1.596, 1.597)",0.026355307789449996,1.597
"[1.597, 1.598)",0.030067946589224143,1.598
"[1.598, 1.599)",0.02952907210240385,1.599
"[1.599, 1.6)",0.024064339097711853,1.6
"[1.6, 1.601)",0.024122677558553178,1.601
"[1.601, 1.602)",0.02376321349836735,1.602
"[1.602, 1.603)",0.04234734806082252,1.603
"[1.603, 1.604)",0.022799352188038267,1.604
"[1.604, 1.605)",0.02082427935222728,1.605
"[1.605, 1.606)",0.030667874713392846,1.606
"[1.606, 1.607)",0.024818508685507234,1.607
"[1.607, 1.608)",0.02321805078651742,1.608
"[1.608, 1.609)",0.029720464361722473,1.609
"[1.609, 1.61)",0.024965990056880726,1.61
"[1.61, 1.611)",0.03479147117663827,1.611
"[1.611, 1.612)",0.029197238579274618,1.612
"[1.612, 1.613)",0.023065790650230403,1.613
"[1.613, 1.614)",0.027907831863097334,1.614
"[1.614, 1.615)",0.02301601954622222,1.615
"[1.615, 1.616)",0.03411887056301369,1.616
"[1.616, 1.617)",0.033472426265714283,1.617
"[1.617, 1.618)",0.026650695269491525,1.618
"[1.618, 1.619)",0.03845766019574466,1.619
"[1.619, 1.62)",0.03139593591407035,1.62
"[1.62, 1.621)",0.032800966718604656,1.621
"[1.621, 1.622)",0.020657179084951464,1.622
"[1.622, 1.623)",0.023703081985769214,1.623
"[1.623, 1.624)",0.026192164847826088,1.624
"[1.624, 1.625)",0.024285568925599993,1.625
"[1.625, 1.6260000000000001)",0.021708385364397908,1.626
"[1.6260000000000001, 1.627)",0.0360886688072464,1.627
"[1.627, 1.6280000000000001)",0.04174691862062782,1.628
"[1.6280000000000001, 1.629)",0.022245038878155345,1.629
"[1.629, 1.6300000000000001)",0.030989427583750003,1.63
"[1.6300000000000001, 1.631)",0.027717029263513503,1.631
"[1.631, 1.6320000000000001)",0.022984612144255314,1.632
"[1.6320000000000001, 1.633)",0.02839607607610618,1.633
"[1.633, 1.6340000000000001)",0.03060231577676767,1.634
"[1.6340000000000001, 1.635)",0.027597398452060305,1.635
"[1.635, 1.6360000000000001)",0.03320557408590908,1.636
"[1.6360000000000001, 1.637)",0.026253146569565206,1.637
"[1.637, 1.6380000000000001)",0.02387308277999998,1.638
"[1.6380000000000001, 1.639)",0.033135711181441055,1.639
"[1.639, 1.6400000000000001)",0.04375513721554626,1.64
"[1.6400000000000001, 1.641)",0.02943120565050506,1.641
"[1.641, 1.6420000000000001)",0.03057569924433499,1.642
"[1.6420000000000001, 1.643)",0.03216370879639174,1.643
"[1.643, 1.6440000000000001)",0.024677488053398054,1.644
"[1.6440000000000001, 1.645)",0.024310070243518504,1.645
"[1.645, 1.6460000000000001)",0.02815702043957445,1.646
"[1.6460000000000001, 1.647)",0.021524928183173062,1.647
"[1.647, 1.6480000000000001)",0.023689320715310987,1.648
"[1.6480000000000001, 1.649)",0.02413623543299998,1.649
"[1.649, 1.6500000000000001)",0.022887650310714287,1.65
"[1.6500000000000001, 1.651)",0.029975307726584154,1.651
"[1.651, 1.6520000000000001)",0.026936927817435882,1.652
"[1.6520000000000001, 1.653)",0.024888956823756914,1.653
"[1.653, 1.6540000000000001)",0.033252218972872345,1.654
"[1.6540000000000001, 1.655)",0.023489274826178033,1.655
"[1.655, 1.6560000000000001)",0.02272740577288136,1.656
"[1.6560000000000001, 1.657)",0.020279968414525142,1.657
"[1.657, 1.6580000000000001)",0.025573360287150834,1.658
"[1.6580000000000001, 1.659)",0.027679553061835754,1.659
"[1.659, 1.6600000000000001)",0.032196989281447964,1.66
"[1.6600000000000001, 1.661)",0.031105449228426403,1.661
"[1.661, 1.6620000000000001)",0.040742792910055836,1.662
"[1.6620000000000001, 1.663)",0.03579832744333331,1.663
"[1.663, 1.6640000000000001)",0.021699028889500004,1.664
"[1.6640000000000001, 1.665)",0.024773207039000017,1.665
"[1.665, 1.666)",0.02888630657309178,1.666
"[1.666, 1.667)",0.02661901035515463,1.667
"[1.667, 1.668)",0.03371010832812502,1.668
"[1.668, 1.669)",0.037104466978,1.669
"[1.669, 1.67)",0.023619845517391293,1.67
"[1.67, 1.671)",0.0289487561492228,1.671
"[1.671, 1.672)",0.027693065860999982,1.672
"[1.672, 1.673)",0.02678613718936169,1.673
"[1.673, 1.674)",0.026077770507317057,1.674
"[1.674, 1.675)",0.025214968916497705,1.675
"[1.675, 1.676)",0.03113281834601228,1.676
"[1.676, 1.677)",0.028292468852336976,1.677
"[1.677, 1.678)",0.02577732625154638,1.678
"[1.678, 1.679)",0.02800079265724719,1.679
"[1.679, 1.68)",0.04231991264502417,1.68
"[1.68, 1.681)",0.03358166652729857,1.681
"[1.681, 1.682)",0.027369079370930225,1.682
"[1.682, 1.683)",0.02454728434385027,1.683
"[1.683, 1.684)",0.03468901978816089,1.684
"[1.684, 1.685)",0.03461847671036269,1.685
"[1.685, 1.686)",0.028937938616551726,1.686
"[1.686, 1.687)",0.02378052891677019,1.687
"[1.687, 1.688)",0.0234584537242932,1.688
"[1.688, 1.689)",0.020262549112886597,1.689
"[1.689, 1.69)",0.04071637675430461,1.69
"[1.69, 1.691)",0.02528326902473117,1.691
"[1.691, 1.692)",0.024933998618769233,1.692
"[1.692, 1.693)",0.03576290116111113,1.693
"[1.693, 1.694)",0.04141094256130952,1.694
"[1.694, 1.695)",0.029757793261797755,1.695
"[1.695, 1.696)",0.02094936881728396,1.696
"[1.696, 1.697)",0.018678327732065226,1.697
"[1.697, 1.698)",0.02558670978418604,1.698
"[1.698, 1.699)",0.025199222826086953,1.699
"[1.699, 1.7)",0.02203006059064327,1.7
"[1.7, 1.701)",0.04644815898782051,1.701
"[1.701, 1.702)",0.024365163768862285,1.702
"[1.702, 1.703)",0.04825730179281047,1.703
"[1.703, 1.704)",0.02830710567335258,1.704
"[1.704, 1.705)",0.037231007964285676,1.705
"[1.705, 1.706)",0.03641780636325303,1.706
"[1.706, 1.707)",0.030842301612138738,1.707
"[1.707, 1.708)",0.04006745053717949,1.708
"[1.708, 1.709)",0.02711977275517412,1.709
"[1.709, 1.71)",0.029768299224299077,1.71
"[1.71, 1.711)",0.03197077134092657,1.711
"[1.711, 1.712)",0.024444711154255314,1.712
"[1.712, 1.713)",0.028498156385185176,1.713
"[1.713, 1.714)",0.041935131432222224,1.714
"[1.714, 1.715)",0.022541553297267754,1.715
"[1.715, 1.716)",0.025724147164625837,1.716
"[1.716, 1.717)",0.03411193615524861,1.717
"[1.717, 1.718)",0.036094017835483876,1.718
"[1.718, 1.719)",0.029950824052531636,1.719
"[1.719, 1.72)",0.026608767618243236,1.72
"[1.72, 1.721)",0.03658673940853656,1.721
"[1.721, 1.722)",0.0252571166841772,1.722
"[1.722, 1.723)",0.03179909525395973,1.723
"[1.723, 1.724)",0.03259909937848099,1.724
"[1.724, 1.725)",0.03250976152694612,1.725
"[1.725, 1.726)",0.037637256875000004,1.726
"[1.726, 1.727)",0.033602012680645166,1.727
"[1.727, 1.728)",0.029196630372020707,1.728
"[1.728, 1.729)",0.030385837149390246,1.729
"[1.729, 1.73)",0.027220958543930626,1.73
"[1.73, 1.731)",0.027750758270588212,1.731
"[1.731, 1.732)",0.031700484931097575,1.732
"[1.732, 1.733)",0.03527810500738636,1.733
"[1.733, 1.734)",0.02540731218834357,1.734
"[1.734, 1.735)",0.03667223963371428,1.735
"[1.735, 1.736)",0.03530879331999999,1.736
"[1.736, 1.737)",0.02534068207672956,1.737
"[1.737, 1.738)",0.0263583314888158,1.738
"[1.738, 1.739)",0.024104502220529792,1.739
"[1.739, 1.74)",0.024641707704225344,1.74
"[1.74, 1.741)",0.02827315435430379,1.741
"[1.741, 1.742)",0.03004522920141845,1.742
"[1.742, 1.743)",0.03323791255407406,1.743
"[1.743, 1.744)",0.03813301459160839,1.744
"[1.744, 1.745)",0.033577088361111104,1.745
"[1.745, 1.746)",0.017959370175595228,1.746
"[1.746, 1.747)",0.021356203346715327,1.747
"[1.747, 1.748)",0.028932612771874984,1.748
"[1.748, 1.749)",0.031381988093835626,1.749
"[1.749, 1.75)",0.02068345795031056,1.75
"[1.75, 1.7510000000000001)",0.03147491582485915,1.751
"[1.7510000000000001, 1.752)",0.026701096066666662,1.752
"[1.752, 1.7530000000000001)",0.026294284144966436,1.753
"[1.7530000000000001, 1.754)",0.03539573153907284,1.754
"[1.754, 1.7550000000000001)",0.023609786205483863,1.755
"[1.7550000000000001, 1.756)",0.03646405419589039,1.756
"[1.756, 1.7570000000000001)",0.022168926970980385,1.757
"[1.7570000000000001, 1.758)",0.03651621550223463,1.758
"[1.758, 1.7590000000000001)",0.03707388284233129,1.759
"[1.7590000000000001, 1.76)",0.025220128647482014,1.76
"[1.76, 1.7610000000000001)",0.03567725989022989,1.761
"[1.7610000000000001, 1.762)",0.028337566084090902,1.762
"[1.762, 1.7630000000000001)",0.027568353304545455,1.763
"[1.7630000000000001, 1.764)",0.02678482417150537,1.764
"[1.764, 1.7650000000000001)",0.01746331686987805,1.765
"[1.7650000000000001, 1.766)",0.028282605485549114,1.766
"[1.766, 1.7670000000000001)",0.030547864714950964,1.767
"[1.7670000000000001, 1.768)",0.02720492584011298,1.768
"[1.768, 1.7690000000000001)",0.034072598345833344,1.769
"[1.7690000000000001, 1.77)",0.03921479170903225,1.77
"[1.77, 1.7710000000000001)",0.0279094506654762,1.771
"[1.7710000000000001, 1.772)",0.027025959039285712,1.772
"[1.772, 1.7730000000000001)",0.03381871763928569,1.773
"[1.7730000000000001, 1.774)",0.018489377753448274,1.774
"[1.774, 1.7750000000000001)",0.027842295798693188,1.775
"[1.7750000000000001, 1.776)",0.03340909668051949,1.776
"[1.776, 1.7770000000000001)",0.028103344175903624,1.777
"[1.7770000000000001, 1.778)",0.027533745917142867,1.778
"[1.778, 1.7790000000000001)",0.05264372628230261,1.779
"[1.7790000000000001, 1.78)",0.03989301466473985,1.78
"[1.78, 1.7810000000000001)",0.021920017044444445,1.781
"[1.7810000000000001, 1.782)",0.03063558546432748,1.782
"[1.782, 1.7830000000000001)",0.028663834140935675,1.783
"[1.7830000000000001, 1.784)",0.026129016011560684,1.784
"[1.784, 1.7850000000000001)",0.032400728165730336,1.785
"[1.7850000000000001, 1.786)",0.029586900265957446,1.786
"[1.786, 1.7870000000000001)",0.02444083374611109,1.787
"[1.7870000000000001, 1.788)",0.026042024290173417,1.788
"[1.788, 1.7890000000000001)",0.0395563241602564,1.789
"[1.7890000000000001, 1.79)",0.017153943104895108,1.79
"[1.79, 1.7910000000000001)",0.044108995674999964,1.791
"[1.7910000000000001, 1.792)",0.027613906867307695,1.792
"[1.792, 1.793)",0.017793464950354616,1.793
"[1.793, 1.794)",0.028374560908928557,1.794
"[1.794, 1.795)",0.03888904435246915,1.795
"[1.795, 1.796)",0.028551505738372104,1.796
"[1.796, 1.797)",0.02340500436830985,1.797
"[1.797, 1.798)",0.027290990596938763,1.798
"[1.798, 1.799)",0.027694874648369554,1.799
"[1.799, 1.8)",0.03306588663333333,1.8
"[1.8, 1.801)",0.031242925230270287,1.801
"[1.801, 1.802)",0.033406296400621115,1.802
"[1.802, 1.803)",0.01930696151875,1.803
"[1.803, 1.804)",0.025272966748503,1.804
"[1.804, 1.805)",0.045110691743165454,1.805
"[1.805, 1.806)",0.02979938155932837,1.806
"[1.806, 1.807)",0.03309682220516483,1.807
"[1.807, 1.808)",0.02736822155555556,1.808
"[1.808, 1.809)",0.02570778764736843,1.809
"[1.809, 1.81)",0.027642991108344384,1.81
"[1.81, 1.811)",0.02924821062889707,1.811
"[1.811, 1.812)",0.02170197568773007,1.812
"[1.812, 1.813)",0.031619515791275164,1.813
"[1.813, 1.814)",0.031169066048437485,1.814
"[1.814, 1.815)",0.034533153621186446,1.815
"[1.815, 1.816)",0.025694264303424655,1.816
"[1.816, 1.817)",0.02417488819591838,1.817
"[1.817, 1.818)",0.029506243029770993,1.818
"[1.818, 1.819)",0.01857659680000001,1.819
"[1.819, 1.82)",0.04090281780000001,1.82
"[1.82, 1.821)",0.027309039828571424,1.821
"[1.821, 1.822)",0.03940258951282053,1.822
"[1.822, 1.823)",0.02510204237323943,1.823
"[1.823, 1.824)",0.02435220232743362,1.824
"[1.824, 1.825)",0.02545632537569444,1.825
"[1.825, 1.826)",0.04723390528660711,1.826
"[1.826, 1.827)",0.036945948090909085,1.827
"[1.827, 1.828)",0.029158364441176487,1.828
"[1.828, 1.829)",0.03419270973935485,1.829
"[1.829, 1.83)",0.04569674057894736,1.83
"[1.83, 1.831)",0.03434942390625,1.831
"[1.831, 1.832)",0.02469338234924243,1.832
"[1.832, 1.833)",0.02978865949444445,1.833
"[1.833, 1.834)",0.029979709354615396,1.834
"[1.834, 1.835)",0.03205327248428572,1.835
"[1.835, 1.836)",0.030254538504511284,1.836
"[1.836, 1.837)",0.024195480419847336,1.837
"[1.837, 1.838)",0.029937174622123888,1.838
"[1.838, 1.839)",0.0274945330877193,1.839
"[1.839, 1.84)",0.025104166918333337,1.84
"[1.84, 1.841)",0.053053881081967215,1.841
"[1.841, 1.842)",0.02852342683064515,1.842
"[1.842, 1.843)",0.029517795359166668,1.843
"[1.843, 1.844)",0.024898255271844666,1.844
"[1.844, 1.845)",0.029193719449579842,1.845
"[1.845, 1.846)",0.02167654303684211,1.846
"[1.846, 1.847)",0.03180693776453901,1.847
"[1.847, 1.848)",0.024288127743750016,1.848
"[1.848, 1.849)",0.03519633659821429,1.849
"[1.849, 1.85)",0.028879978492201835,1.85
"[1.85, 1.851)",0.03549511547368422,1.851
"[1.851, 1.852)",0.023516601418939385,1.852
"[1.852, 1.853)",0.02096372366112905,1.853
"[1.853, 1.854)",0.026366892258041952,1.854
"[1.854, 1.855)",0.03221854784954954,1.855
"[1.855, 1.856)",0.0454087478262295,1.856
"[1.856, 1.857)",0.02742044321666667,1.857
"[1.857, 1.858)",0.024977616400800016,1.858
"[1.858, 1.859)",0.04411614085811967,1.859
"[1.859, 1.86)",0.029442872055882342,1.86
"[1.86, 1.861)",0.040123472144761904,1.861
"[1.861, 1.862)",0.017308516665079366,1.862
"[1.862, 1.863)",0.023955804703305786,1.863
"[1.863, 1.864)",0.03151430102272728,1.864
"[1.864, 1.865)",0.020277419678991607,1.865
"[1.865, 1.866)",0.032708020948360665,1.866
"[1.866, 1.867)",0.0257203453231405,1.867
"[1.867, 1.868)",0.0335533432076923,1.868
"[1.868, 1.869)",0.022348984860162603,1.869
"[1.869, 1.87)",0.02879455212280703,1.87
"[1.87, 1.871)",0.025315823653225822,1.871
"[1.871, 1.872)",0.018250172594059418,1.872
"[1.872, 1.873)",0.022075391645689654,1.873
"[1.873, 1.874)",0.027429529983000002,1.874
"[1.874, 1.875)",0.03212528479166667,1.875
"[1.875, 1.8760000000000001)",0.021808396387719302,1.876
"[1.8760000000000001, 1.877)",0.03826250717596154,1.877
"[1.877, 1.8780000000000001)",0.024958270331896557,1.878
"[1.8780000000000001, 1.879)",0.029154532565591397,1.879
"[1.879, 1.8800000000000001)",0.0364633204846847,1.88
"[1.8800000000000001, 1.881)",0.02622538546728972,1.881
"[1.881, 1.8820000000000001)",0.03612343239999999,1.882
"[1.8820000000000001, 1.883)",0.02019408149484538,1.883
"[1.883, 1.8840000000000001)",0.03946467037931035,1.884
"[1.8840000000000001, 1.885)",0.03714445504854369,1.885
"[1.885, 1.8860000000000001)",0.04438945083018866,1.886
"[1.8860000000000001, 1.887)",0.02543949528660713,1.887
"[1.887, 1.8880000000000001)",0.036269567950485436,1.888
"[1.8880000000000001, 1.889)",0.041693654057258056,1.889
"[1.889, 1.8900000000000001)",0.01701792344117646,1.89
"[1.8900000000000001, 1.891)",0.024938565357281554,1.891
"[1.891, 1.8920000000000001)",0.04511928854310344,1.892
"[1.8920000000000001, 1.893)",0.024361348725641024,1.893
"[1.893, 1.8940000000000001)",0.052581096926415084,1.894
"[1.8940000000000001, 1.895)",0.041545517878070176,1.895
"[1.895, 1.8960000000000001)",0.039347284779999984,1.896
"[1.8960000000000001, 1.897)",0.01599758321557378,1.897
"[1.897, 1.8980000000000001)",0.025944172317265618,1.898
"[1.8980000000000001, 1.899)",0.026303276645535723,1.899
"[1.899, 1.9000000000000001)",0.01832759635176471,1.9
"[1.9000000000000001, 1.901)",0.02598494682653061,1.901
"[1.901, 1.9020000000000001)",0.026004536378070164,1.902
"[1.9020000000000001, 1.903)",0.024993141448484843,1.903
"[1.903, 1.9040000000000001)",0.018862494952389387,1.904
"[1.9040000000000001, 1.905)",0.02296759410537635,1.905
"[1.905, 1.9060000000000001)",0.03292589767441861,1.906
"[1.9060000000000001, 1.907)",0.029758184341923087,1.907
"[1.907, 1.9080000000000001)",0.02081271162616822,1.908
"[1.9080000000000001, 1.909)",0.023581012423529422,1.909
"[1.909, 1.9100000000000001)",0.030802081560714296,1.91
"[1.9100000000000001, 1.911)",0.03348693150714285,1.911
"[1.911, 1.9120000000000001)",0.021123885715254226,1.912
"[1.9120000000000001, 1.913)",0.030796486510344813,1.913
"[1.913, 1.9140000000000001)",0.033473215341818185,1.914
"[1.9140000000000001, 1.915)",0.03562045890123456,1.915
"[1.915, 1.9160000000000001)",0.04039526337582419,1.916
"[1.9160000000000001, 1.917)",0.047062872349115034,1.917
"[1.917, 1.9180000000000001)",0.01720440007383178,1.918
"[1.9180000000000001, 1.919)",0.02375197277380953,1.919
"[1.919, 1.92)",0.03858573481575342,1.92
"[1.92, 1.921)",0.03133088506134455,1.921
"[1.921, 1.922)",0.03180056137107436,1.922
"[1.922, 1.923)",0.036056542370093474,1.923
"[1.923, 1.924)",0.02322805965481483,1.924
"[1.924, 1.925)",0.03558315407692307,1.925
"[1.925, 1.926)",0.02649226790708661,1.926
"[1.926, 1.927)",0.036992545281398614,1.927
"[1.927, 1.928)",0.027943058147142853,1.928
"[1.928, 1.929)",0.029170672286363632,1.929
"[1.929, 1.93)",0.017490683348550733,1.93
"[1.93, 1.931)",0.025088531466393445,1.931
"[1.931, 1.932)",0.033928182632456144,1.932
"[1.932, 1.933)",0.03834592415793652,1.933
"[1.933, 1.934)",0.036369064175999985,1.934
"[1.934, 1.935)",0.027835619443220338,1.935
"[1.935, 1.936)",0.022416091036936946,1.936
"[1.936, 1.937)",0.02120456735918367,1.937
"[1.937, 1.938)",0.029031553196581197,1.938
"[1.938, 1.939)",0.017338280846846844,1.939
"[1.939, 1.94)",0.028664658454326936,1.94
"[1.94, 1.941)",0.026187011721153848,1.941
"[1.941, 1.942)",0.03801570161346153,1.942
"[1.942, 1.943)",0.03149659682203391,1.943
"[1.943, 1.944)",0.021769056344000007,1.944
"[1.944, 1.945)",0.01861563912252253,1.945
"[1.945, 1.946)",0.024400910346666662,1.946
"[1.946, 1.947)",0.030606316969387756,1.947
"[1.947, 1.948)",0.03780316934285715,1.948
"[1.948, 1.949)",0.03737187667058822,1.949
"[1.949, 1.95)",0.046441616857692325,1.95
"[1.95, 1.951)",0.042598632450434805,1.951
"[1.951, 1.952)",0.019696339032110103,1.952
"[1.952, 1.953)",0.036437713655172434,1.953
"[1.953, 1.954)",0.0366412693605042,1.954
"[1.954, 1.955)",0.025770376097183106,1.955
"[1.955, 1.956)",0.01887354276566372,1.956
"[1.956, 1.957)",0.03028872992018348,1.957
"[1.957, 1.958)",0.02578237405412844,1.958
"[1.958, 1.959)",0.03297252435480769,1.959
"[1.959, 1.96)",0.02653827759433962,1.96
"[1.96, 1.961)",0.02475403294615385,1.961
"[1.961, 1.962)",0.02294577079200002,1.962
"[1.962, 1.963)",0.02681438702685186,1.963
"[1.963, 1.964)",0.037746116377777784,1.964
"[1.964, 1.965)",0.027194894745299143,1.965
"[1.965, 1.966)",0.02282606837169811,1.966
"[1.966, 1.967)",0.02658237924324325,1.967
"[1.967, 1.968)",0.023651356578899073,1.968
"[1.968, 1.969)",0.022201071481730766,1.969
"[1.969, 1.97)",0.024567581799999995,1.97
"[1.97, 1.971)",0.026941291849557524,1.971
"[1.971, 1.972)",0.028875098969523817,1.972
"[1.972, 1.973)",0.03651345249450549,1.973
"[1.973, 1.974)",0.03363221624528089,1.974
"[1.974, 1.975)",0.0535494428886598,1.975
"[1.975, 1.976)",0.03018110090816328,1.976
"[1.976, 1.977)",0.06202343302900002,1.977
"[1.977, 1.978)",0.03704589905825243,1.978
"[1.978, 1.979)",0.03185216524615385,1.979
"[1.979, 1.98)",0.03653548272285714,1.98
"[1.98, 1.981)",0.0619082234509804,1.981
"[1.981, 1.982)",0.05353063729,1.982
"[1.982, 1.983)",0.028560201482692317,1.983
"[1.983, 1.984)",0.03725906825842697,1.984
"[1.984, 1.985)",0.02926340694678898,1.985
"[1.985, 1.986)",0.03030455190625,1.986
"[1.986, 1.987)",0.038021123276190484,1.987
"[1.987, 1.988)",0.02778518210860216,1.988
"[1.988, 1.989)",0.023235083538461546,1.989
"[1.989, 1.99)",0.028954581284466017,1.99
"[1.99, 1.991)",0.02774724469495575,1.991
"[1.991, 1.992)",0.03462002548936171,1.992
"[1.992, 1.993)",0.04140404363396229,1.993
"[1.993, 1.994)",0.03724301027865169,1.994
"[1.994, 1.995)",0.030535204616535434,1.995
"[1.995, 1.996)",0.02115159791923077,1.996
"[1.996, 1.997)",0.026986596893457955,1.997
"[1.997, 1.998)",0.022107081550961548,1.998
"[1.998, 1.999)",0.02280643940297029,1.999
"[1.999, 2.0)",0.026152041379338856,2.0
"[2.0, 2.001)",0.024790040876530625,2.001
"[2.001, 2.0020000000000002)",0.036821448288659804,2.002
"[2.0020000000000002, 2.003)",0.015234147387628866,2.003
"[2.003, 2.004)",0.021277158186597943,2.004
"[2.004, 2.005)",0.041719164946153846,2.005
"[2.005, 2.0060000000000002)",0.04081270902875,2.006
"[2.0060000000000002, 2.007)",0.0185590446117647,2.007
"[2.007, 2.008)",0.028628568568807335,2.008
"[2.008, 2.009)",0.03157765882210526,2.009
"[2.009, 2.0100000000000002)",0.03585784191346153,2.01
"[2.0100000000000002, 2.011)",0.033335973917346946,2.011
"[2.011, 2.012)",0.023073424156730773,2.012
"[2.012, 2.013)",0.03627296208980198,2.013
"[2.013, 2.0140000000000002)",0.03528959437010311,2.014
"[2.0140000000000002, 2.015)",0.021834954682421057,2.015
"[2.015, 2.016)",0.03777251847666667,2.016
"[2.016, 2.017)",0.020177019083505162,2.017
"[2.017, 2.0180000000000002)",0.049610215836538435,2.018
"[2.0180000000000002, 2.019)",0.022795616505319156,2.019
"[2.019, 2.02)",0.03621594650515464,2.02
"[2.02, 2.021)",0.03818648624302325,2.021
"[2.021, 2.0220000000000002)",0.022331232659550566,2.022
"[2.0220000000000002, 2.023)",0.046228673779816515,2.023
"[2.023, 2.024)",0.022254909289024398,2.024
"[2.024, 2.025)",0.03348840926276596,2.025
"[2.025, 2.0260000000000002)",0.028610262964285704,2.026
"[2.0260000000000002, 2.027)",0.027285070646551723,2.027
"[2.027, 2.028)",0.042824990304347825,2.028
"[2.028, 2.029)",0.03315666238351647,2.029
"[2.029, 2.0300000000000002)",0.03875576354651162,2.03
"[2.0300000000000002, 2.031)",0.015594337286395353,2.031
"[2.031, 2.032)",0.034020044859663874,2.032
"[2.032, 2.033)",0.031837018971962616,2.033
"[2.033, 2.0340000000000003)",0.038046567865591414,2.034
"[2.0340000000000003, 2.035)",0.027466342628448277,2.035
"[2.035, 2.036)",0.033390472468421056,2.036
"[2.036, 2.037)",0.042896764968421056,2.037
"[2.037, 2.0380000000000003)",0.03384635728431375,2.038
"[2.0380000000000003, 2.039)",0.02188979216304349,2.039
"[2.039, 2.04)",0.026742873417475724,2.04
"[2.04, 2.041)",0.014252780567058821,2.041
"[2.041, 2.0420000000000003)",0.020107117000000004,2.042
"[2.0420000000000003, 2.043)",0.03346235868018865,2.043
"[2.043, 2.044)",0.023530829578217824,2.044
"[2.044, 2.045)",0.032821361943181825,2.045
"[2.045, 2.0460000000000003)",0.021126047323255827,2.046
"[2.0460000000000003, 2.047)",0.02964784122368421,2.047
"[2.047, 2.048)",0.016952462538372095,2.048
"[2.048, 2.049)",0.036675352507042264,2.049
"[2.049, 2.05)",0.024283360155555565,2.05
"[2.05, 2.051)",0.027190433154216875,2.051
"[2.051, 2.052)",0.01644634378133334,2.052
"[2.052, 2.053)",0.029931505846153842,2.053
"[2.053, 2.054)",0.04439769474111113,2.054
"[2.054, 2.055)",0.03789470900000001,2.055
"[2.055, 2.056)",0.021575060340425545,2.056
"[2.056, 2.057)",0.02337898246728973,2.057
"[2.057, 2.058)",0.024536713099107148,2.058
"[2.058, 2.059)",0.035349229964556965,2.059
"[2.059, 2.06)",0.05092546315294118,2.06
"[2.06, 2.061)",0.019533298354430375,2.061
"[2.061, 2.062)",0.023692469471794875,2.062
"[2.062, 2.063)",0.032082987013181824,2.063
"[2.063, 2.064)",0.03037283985000002,2.064
"[2.064, 2.065)",0.024228782403750017,2.065
"[2.065, 2.066)",0.021117122199000006,2.066
"[2.066, 2.067)",0.02810879626195653,2.067
"[2.067, 2.068)",0.014647487892278478,2.068
"[2.068, 2.069)",0.035001791719999995,2.069
"[2.069, 2.07)",0.022235154833333343,2.07
"[2.07, 2.071)",0.0346457271011236,2.071
"[2.071, 2.072)",0.028199965691489366,2.072
"[2.072, 2.073)",0.04189378497342341,2.073
"[2.073, 2.074)",0.026897826672574267,2.074
"[2.074, 2.075)",0.042754150138383816,2.075
"[2.075, 2.076)",0.02217891550412371,2.076
"[2.076, 2.077)",0.026347058116883117,2.077
"[2.077, 2.078)",0.03059276297247706,2.078
"[2.078, 2.079)",0.044093499733333326,2.079
"[2.079, 2.08)",0.04767235390909091,2.08
"[2.08, 2.081)",0.035017784506666684,2.081
"[2.081, 2.082)",0.03161845745869565,2.082
"[2.082, 2.083)",0.041305663712499996,2.083
"[2.083, 2.084)",0.043473838062549036,2.084
"[2.084, 2.085)",0.033998425416666686,2.085
"[2.085, 2.086)",0.023414538539622644,2.086
"[2.086, 2.087)",0.033602637690000006,2.087
"[2.087, 2.088)",0.02920779336875001,2.088
"[2.088, 2.089)",0.018972697153000012,2.089
"[2.089, 2.09)",0.06607154553483145,2.09
"[2.09, 2.091)",0.026794309876237637,2.091
"[2.091, 2.092)",0.019161965642528735,2.092
"[2.092, 2.093)",0.025223097666216224,2.093
"[2.093, 2.094)",0.02971510421948053,2.094
"[2.094, 2.095)",0.02356908025376344,2.095
"[2.095, 2.096)",0.03585637454722222,2.096
"[2.096, 2.097)",0.03539182839759036,2.097
"[2.097, 2.098)",0.049966163238043475,2.098
"[2.098, 2.099)",0.0447033909595238,2.099
"[2.099, 2.1)",0.02777657494235294,2.1
"[2.1, 2.101)",0.02566650165391753,2.101
"[2.101, 2.102)",0.02882180291493976,2.102
"[2.102, 2.103)",0.037016093737634405,2.103
"[2.103, 2.104)",0.022610937688888895,2.104
"[2.104, 2.105)",0.023887509428048792,2.105
"[2.105, 2.106)",0.03377557416000001,2.106
"[2.106, 2.107)",0.015509346767831328,2.107
"[2.107, 2.108)",0.020087108865333336,2.108
"[2.108, 2.109)",0.0294469867356322,2.109
"[2.109, 2.11)",0.030903195304878048,2.11
"[2.11, 2.111)",0.03988024590208334,2.111
"[2.111, 2.112)",0.05203848871444448,2.112
"[2.112, 2.113)",0.02767492076829268,2.113
"[2.113, 2.114)",0.024181935352941185,2.114
"[2.114, 2.115)",0.02606264196250001,2.115
"[2.115, 2.116)",0.03444951826043954,2.116
"[2.116, 2.117)",0.02753046762666667,2.117
"[2.117, 2.118)",0.03068879702234041,2.118
"[2.118, 2.119)",0.03340128246341464,2.119
"[2.119, 2.12)",0.024256167070833348,2.12
"[2.12, 2.121)",0.01883366102659341,2.121
"[2.121, 2.122)",0.028959705684210534,2.122
"[2.122, 2.123)",0.025207289296842097,2.123
"[2.123, 2.124)",0.022457859421975306,2.124
"[2.124, 2.125)",0.025062538689041108,2.125
"[2.125, 2.126)",0.03873514083690477,2.126
"[2.126, 2.1270000000000002)",0.038521633857142856,2.127
"[2.1270000000000002, 2.128)",0.02024109987323944,2.128
"[2.128, 2.129)",0.03287607956976744,2.129
"[2.129, 2.13)",0.02519731732772279,2.13
"[2.13, 2.1310000000000002)",0.018152757616923077,2.131
"[2.1310000000000002, 2.132)",0.03227486583548389,2.132
"[2.132, 2.133)",0.04966975222727273,2.133
"[2.133, 2.134)",0.02724386203098593,2.134
"[2.134, 2.1350000000000002)",0.03784799879069767,2.135
"[2.1350000000000002, 2.136)",0.03370382229850746,2.136
"[2.136, 2.137)",0.026802782433734948,2.137
"[2.137, 2.138)",0.03538363869444445,2.138
"[2.138, 2.1390000000000002)",0.03503000850746268,2.139
"[2.1390000000000002, 2.14)",0.04106544438059701,2.14
"[2.14, 2.141)",0.03743868299428572,2.141
"[2.141, 2.142)",0.03721376192207791,2.142
"[2.142, 2.1430000000000002)",0.026600608496875004,2.143
"[2.1430000000000002, 2.144)",0.026765077671232877,2.144
"[2.144, 2.145)",0.016781192281081082,2.145
"[2.145, 2.146)",0.023329896472972983,2.146
"[2.146, 2.1470000000000002)",0.016429787710526313,2.147
"[2.1470000000000002, 2.148)",0.0277697029147059,2.148
"[2.148, 2.149)",0.03706324495714286,2.149
"[2.149, 2.15)",0.03363482964044943,2.15
"[2.15, 2.1510000000000002)",0.03866915558024689,2.151
"[2.1510000000000002, 2.152)",0.028257343558227847,2.152
"[2.152, 2.153)",0.021300185049494966,2.153
"[2.153, 2.154)",0.024836063829473676,2.154
"[2.154, 2.1550000000000002)",0.025959723941428578,2.155
"[2.1550000000000002, 2.156)",0.036053421854385974,2.156
"[2.156, 2.157)",0.03428710336619719,2.157
"[2.157, 2.158)",0.027663089748717954,2.158
"[2.158, 2.1590000000000003)",0.030672029632394366,2.159
"[2.1590000000000003, 2.16)",0.032425901973333324,2.16
"[2.16, 2.161)",0.021560810906329133,2.161
"[2.161, 2.162)",0.02425847250574712,2.162
"[2.162, 2.1630000000000003)",0.020439606090410966,2.163
"[2.1630000000000003, 2.164)",0.025370912366216216,2.164
"[2.164, 2.165)",0.031231850596666656,2.165
"[2.165, 2.166)",0.025941476052439023,2.166
"[2.166, 2.1670000000000003)",0.018412411707407404,2.167
"[2.1670000000000003, 2.168)",0.01839832008275861,2.168
"[2.168, 2.169)",0.030897675214084517,2.169
"[2.169, 2.17)",0.02301643332183908,2.17
"[2.17, 2.1710000000000003)",0.017906470732954555,2.171
"[2.1710000000000003, 2.172)",0.018257544384269672,2.172
"[2.172, 2.173)",0.022323567436781617,2.173
"[2.173, 2.174)",0.035730807687142874,2.174
"[2.174, 2.1750000000000003)",0.04095246565,2.175
"[2.1750000000000003, 2.176)",0.02605725897260274,2.176
"[2.176, 2.177)",0.0257339032554054,2.177
"[2.177, 2.178)",0.024271380836781615,2.178
"[2.178, 2.179)",0.028697638584883726,2.179
"[2.179, 2.18)",0.025713563900000003,2.18
"[2.18, 2.181)",0.033884934303370785,2.181
"[2.181, 2.182)",0.027767719224731188,2.182
"[2.182, 2.183)",0.028622403353896108,2.183
"[2.183, 2.184)",0.023020914887323943,2.184
"[2.184, 2.185)",0.03934205178533333,2.185
"[2.185, 2.186)",0.014764650710526317,2.186
"[2.186, 2.187)",0.027676665225,2.187
"[2.187, 2.188)",0.036664627497872325,2.188
"[2.188, 2.189)",0.024304255441954026,2.189
"[2.189, 2.19)",0.025698508393939397,2.19
"[2.19, 2.191)",0.021617489569230774,2.191
"[2.191, 2.192)",0.04660872026315789,2.192
"[2.192, 2.193)",0.01775569826119403,2.193
"[2.193, 2.194)",0.026100313065934064,2.194
"[2.194, 2.195)",0.019407470188235302,2.195
"[2.195, 2.196)",0.019149918682926825,2.196
"[2.196, 2.197)",0.028538398755555555,2.197
"[2.197, 2.198)",0.04397306200000001,2.198
"[2.198, 2.199)",0.027227215023026316,2.199
"[2.199, 2.2)",0.025907836613243244,2.2
"[2.2, 2.201)",0.03544467575797102,2.201
"[2.201, 2.202)",0.026581020791269838,2.202
"[2.202, 2.203)",0.01764181503105263,2.203
"[2.203, 2.204)",0.028339759468115948,2.204
"[2.204, 2.205)",0.017453323518518523,2.205
"[2.205, 2.206)",0.044613425338888894,2.206
"[2.206, 2.207)",0.03152833882666669,2.207
"[2.207, 2.208)",0.036782969761904774,2.208
"[2.208, 2.209)",0.031088310946753264,2.209
"[2.209, 2.21)",0.029808557539682545,2.21
"[2.21, 2.211)",0.036309682265882354,2.211
"[2.211, 2.212)",0.018485218553246755,2.212
"[2.212, 2.213)",0.037352991909090895,2.213
"[2.213, 2.214)",0.029308650978604654,2.214
"[2.214, 2.215)",0.03336229715625001,2.215
"[2.215, 2.216)",0.03455208332976191,2.216
"[2.216, 2.217)",0.02191460519512195,2.217
"[2.217, 2.218)",0.03132755680519481,2.218
"[2.218, 2.219)",0.04462725026470588,2.219
"[2.219, 2.22)",0.02326511029518073,2.22
"[2.22, 2.221)",0.03459578898305087,2.221
"[2.221, 2.222)",0.025193807896363652,2.222
"[2.222, 2.223)",0.028126796043750006,2.223
"[2.223, 2.224)",0.024357917757142855,2.224
"[2.224, 2.225)",0.039641798207142864,2.225
"[2.225, 2.226)",0.0860954750125,2.226
"[2.226, 2.227)",0.017826070282142854,2.227
"[2.227, 2.228)",0.016161290825396822,2.228
"[2.228, 2.229)",0.035776658337349394,2.229
"[2.229, 2.23)",0.03427606020833333,2.23
"[2.23, 2.231)",0.02091432897083333,2.231
"[2.231, 2.232)",0.036402066968205124,2.232
"[2.232, 2.233)",0.018306024716666668,2.233
"[2.233, 2.234)",0.04150848718641976,2.234
"[2.234, 2.235)",0.018699986189610395,2.235
"[2.235, 2.236)",0.027898464398780493,2.236
"[2.236, 2.237)",0.018689092162365598,2.237
"[2.237, 2.238)",0.034174706909210525,2.238
"[2.238, 2.239)",0.025871267729885065,2.239
"[2.239, 2.24)",0.02391716995945947,2.24
"[2.24, 2.241)",0.03532743164556963,2.241
"[2.241, 2.242)",0.027375683779220783,2.242
"[2.242, 2.243)",0.04706710316091954,2.243
"[2.243, 2.244)",0.048021418901282045,2.244
"[2.244, 2.245)",0.02232663718988764,2.245
"[2.245, 2.246)",0.02282844419000001,2.246
"[2.246, 2.247)",0.04089647599868422,2.247
"[2.247, 2.248)",0.03791748436486487,2.248
"[2.248, 2.249)",0.024037359616279074,2.249
"[2.249, 2.25)",0.02250928173150001,2.25
"[2.25, 2.251)",0.03385526530880001,2.251
"[2.251, 2.2520000000000002)",0.01878784278663366,2.252
"[2.2520000000000002, 2.253)",0.018404308872727277,2.253
"[2.253, 2.254)",0.03873538495294119,2.254
"[2.254, 2.255)",0.040076221841463415,2.255
"[2.255, 2.2560000000000002)",0.030891888395121945,2.256
"[2.2560000000000002, 2.257)",0.017920771586956524,2.257
"[2.257, 2.258)",0.013939988123943654,2.258
"[2.258, 2.259)",0.025309672413749994,2.259
"[2.259, 2.2600000000000002)",0.032526712816666664,2.26
"[2.2600000000000002, 2.261)",0.03551659157831327,2.261
"[2.261, 2.262)",0.03126868210394738,2.262
"[2.262, 2.263)",0.015774737368421044,2.263
"[2.263, 2.2640000000000002)",0.014477638732835826,2.264
"[2.2640000000000002, 2.265)",0.02825931941891891,2.265
"[2.265, 2.266)",0.024206516054929572,2.266
"[2.266, 2.267)",0.02998615732857145,2.267
"[2.267, 2.2680000000000002)",0.028560360965789483,2.268
"[2.2680000000000002, 2.269)",0.01629849152112676,2.269
"[2.269, 2.27)",0.015514687513157899,2.27
"[2.27, 2.271)",0.044409753550724636,2.271
"[2.271, 2.2720000000000002)",0.02792295231891892,2.272
"[2.2720000000000002, 2.273)",0.022066588513513518,2.273
"[2.273, 2.274)",0.047038660205882356,2.274
"[2.274, 2.275)",0.04294910041636364,2.275
"[2.275, 2.2760000000000002)",0.050708061718749996,2.276
"[2.2760000000000002, 2.277)",0.0430042657457143,2.277
"[2.277, 2.278)",0.0521799526875,2.278
"[2.278, 2.279)",0.02436142376060607,2.279
"[2.279, 2.2800000000000002)",0.026358959068253973,2.28
"[2.2800000000000002, 2.281)",0.04383317666071429,2.281
"[2.281, 2.282)",0.026967120824561402,2.282
"[2.282, 2.283)",0.058966477310416675,2.283
"[2.283, 2.2840000000000003)",0.027239629702702703,2.284
"[2.2840000000000003, 2.285)",0.023878404682692318,2.285
"[2.285, 2.286)",0.03574113442857143,2.286
"[2.286, 2.287)",0.030486419391891895,2.287
"[2.287, 2.2880000000000003)",0.025849281709090906,2.288
"[2.2880000000000003, 2.289)",0.03037857324918033,2.289
"[2.289, 2.29)",0.04442222215633803,2.29
"[2.29, 2.291)",0.02442542933962264,2.291
"[2.291, 2.2920000000000003)",0.04041718207272727,2.292
"[2.2920000000000003, 2.293)",0.028996290852459028,2.293
"[2.293, 2.294)",0.02474980721218751,2.294
"[2.294, 2.295)",0.04625549761290323,2.295
"[2.295, 2.2960000000000003)",0.03581999990476188,2.296
"[2.2960000000000003, 2.297)",0.02288681849852942,2.297
"[2.297, 2.298)",0.02584592898529413,2.298
"[2.298, 2.299)",0.03381188487500002,2.299
"[2.299, 2.3000000000000003)",0.022810334611111125,2.3
"[2.3000000000000003, 2.301)",0.024425972454794522,2.301
"[2.301, 2.302)",0.03898777218461538,2.302
"[2.302, 2.303)",0.02060887259272727,2.303
"[2.303, 2.3040000000000003)",0.031157471614492747,2.304
"[2.3040000000000003, 2.305)",0.01141676417857143,2.305
"[2.305, 2.306)",0.016701708116901415,2.306
"[2.306, 2.307)",0.03998282815492958,2.307
"[2.307, 2.308)",0.035776590183333346,2.308
"[2.308, 2.309)",0.03178401557162161,2.309
"[2.309, 2.31)",0.018834363639655172,2.31
"[2.31, 2.311)",0.018041806317460322,2.311
"[2.311, 2.312)",0.020239075895454546,2.312
"[2.312, 2.313)",0.02301866068571429,2.313
"[2.313, 2.314)",0.02583854525151515,2.314
"[2.314, 2.315)",0.051999330677777775,2.315
"[2.315, 2.316)",0.024049991371232878,2.316
"[2.316, 2.317)",0.03662967170000001,2.317
"[2.317, 2.318)",0.019928043178409093,2.318
"[2.318, 2.319)",0.03123076166231884,2.319
"[2.319, 2.32)",0.02297867268936171,2.32
"[2.32, 2.321)",0.03471564356119403,2.321
"[2.321, 2.322)",0.027611969350877185,2.322
"[2.322, 2.323)",0.027266031250000006,2.323
"[2.323, 2.324)",0.019235396434374996,2.324
"[2.324, 2.325)",0.04494838058461539,2.325
"[2.325, 2.326)",0.024132853364285722,2.326
"[2.326, 2.327)",0.03196575451724139,2.327
"[2.327, 2.328)",0.035999523004411775,2.328
"[2.328, 2.329)",0.026428461515151522,2.329
"[2.329, 2.33)",0.015163432409589042,2.33
"[2.33, 2.331)",0.0253752554421875,2.331
"[2.331, 2.332)",0.05284132873382354,2.332
"[2.332, 2.333)",0.022822831218604643,2.333
"[2.333, 2.334)",0.02016147660972222,2.334
"[2.334, 2.335)",0.021489841896551714,2.335
"[2.335, 2.336)",0.042474883414035096,2.336
"[2.336, 2.337)",0.027005404838709675,2.337
"[2.337, 2.338)",0.023406372775862064,2.338
"[2.338, 2.339)",0.02910155728281251,2.339
"[2.339, 2.34)",0.02056693770943396,2.34
"[2.34, 2.341)",0.025920913469841277,2.341
"[2.341, 2.342)",0.021558488921153845,2.342
"[2.342, 2.343)",0.029793162203333327,2.343
"[2.343, 2.344)",0.024749845433333334,2.344
"[2.344, 2.345)",0.025056580804761915,2.345
"[2.345, 2.346)",0.03192596572363637,2.346
"[2.346, 2.347)",0.024498450682539682,2.347
"[2.347, 2.348)",0.027582407545573763,2.348
"[2.348, 2.349)",0.03131105915789475,2.349
"[2.349, 2.35)",0.03976165073846153,2.35
"[2.35, 2.351)",0.02306815391428572,2.351
"[2.351, 2.352)",0.02371324116290323,2.352
"[2.352, 2.353)",0.037349909237288134,2.353
"[2.353, 2.354)",0.019573928692307698,2.354
"[2.354, 2.355)",0.030152318546875015,2.355
"[2.355, 2.356)",0.0335159993440678,2.356
"[2.356, 2.357)",0.025204091322580644,2.357
"[2.357, 2.358)",0.041275636203571435,2.358
"[2.358, 2.359)",0.04513241327272728,2.359
"[2.359, 2.36)",0.02032911426785714,2.36
"[2.36, 2.361)",0.02689533044901961,2.361
"[2.361, 2.362)",0.04358269730178572,2.362
"[2.362, 2.363)",0.02780088985000001,2.363
"[2.363, 2.364)",0.026221257804878044,2.364
"[2.364, 2.365)",0.0317376143367347,2.365
"[2.365, 2.366)",0.035214195996206905,2.366
"[2.366, 2.367)",0.01666440379807692,2.367
"[2.367, 2.368)",0.025171559703703703,2.368
"[2.368, 2.369)",0.02516997338709678,2.369
"[2.369, 2.37)",0.01675000796222222,2.37
"[2.37, 2.371)",0.02451782307708333,2.371
"[2.371, 2.372)",0.03012116621923076,2.372
"[2.372, 2.373)",0.03682621150425533,2.373
"[2.373, 2.374)",0.023428834824561397,2.374
"[2.374, 2.375)",0.022580989187543855,2.375
"[2.375, 2.376)",0.01731556774468085,2.376
"[2.376, 2.3770000000000002)",0.04153766303636362,2.377
"[2.3770000000000002, 2.378)",0.04108656100923076,2.378
"[2.378, 2.379)",0.020263996301694922,2.379
"[2.379, 2.38)",0.04456032786111111,2.38
"[2.38, 2.3810000000000002)",0.03988719285294118,2.381
"[2.3810000000000002, 2.382)",0.03502604530470589,2.382
"[2.382, 2.383)",0.01772123540869564,2.383
"[2.383, 2.384)",0.042014014697260266,2.384
"[2.384, 2.3850000000000002)",0.027542182137254904,2.385
"[2.3850000000000002, 2.386)",0.02062628038297873,2.386
"[2.386, 2.387)",0.03746177952432836,2.387
"[2.387, 2.388)",0.041540004581481486,2.388
"[2.388, 2.3890000000000002)",0.02093175859107143,2.389
"[2.3890000000000002, 2.39)",0.016980311692307692,2.39
"[2.39, 2.391)",0.024687044314999997,2.391
"[2.391, 2.392)",0.06121916745762711,2.392
"[2.392, 2.3930000000000002)",0.021201692897959187,2.393
"[2.3930000000000002, 2.394)",0.07015485451049185,2.394
"[2.394, 2.395)",0.030200404934042552,2.395
"[2.395, 2.396)",0.015022533888679239,2.396
"[2.396, 2.3970000000000002)",0.025014114886363646,2.397
"[2.3970000000000002, 2.398)",0.025204218678571432,2.398
"[2.398, 2.399)",0.02266618370000002,2.399
"[2.399, 2.4)",0.024274430294285713,2.4
"[2.4, 2.4010000000000002)",0.04654714764651165,2.401
"[2.4010000000000002, 2.402)",0.02129636597777778,2.402
"[2.402, 2.403)",0.031065567210526317,2.403
"[2.403, 2.404)",0.031766262847457635,2.404
"[2.404, 2.4050000000000002)",0.033002440847826074,2.405
"[2.4050000000000002, 2.406)",0.010887868998039216,2.406
"[2.406, 2.407)",0.055724018411764685,2.407
"[2.407, 2.408)",0.03429826243750001,2.408
"[2.408, 2.4090000000000003)",0.023107046126785706,2.409
"[2.4090000000000003, 2.41)",0.029889059992452845,2.41
"[2.41, 2.411)",0.04147789329787234,2.411
"[2.411, 2.412)",0.029963296992000007,2.412
"[2.412, 2.4130000000000003)",0.01696440758333333,2.413
"[2.4130000000000003, 2.414)",0.0241213883909091,2.414
"[2.414, 2.415)",0.033476218700000004,2.415
"[2.415, 2.416)",0.049709245467857155,2.416
"[2.416, 2.4170000000000003)",0.022866930174999998,2.417
"[2.4170000000000003, 2.418)",0.03170503183720932,2.418
"[2.418, 2.419)",0.01774042853999999,2.419
"[2.419, 2.42)",0.016156339793913038,2.42
"[2.42, 2.4210000000000003)",0.018289058734285712,2.421
"[2.4210000000000003, 2.422)",0.041517597794736856,2.422
"[2.422, 2.423)",0.02881314973170732,2.423
"[2.423, 2.424)",0.02511702701944444,2.424
"[2.424, 2.4250000000000003)",0.030930503317948714,2.425
"[2.4250000000000003, 2.426)",0.047192324843749994,2.426
"[2.426, 2.427)",0.024313350342105272,2.427
"[2.427, 2.428)",0.04697242417878788,2.428
"[2.428, 2.4290000000000003)",0.03262507263461538,2.429
"[2.4290000000000003, 2.43)",0.024300501890000003,2.43
"[2.43, 2.431)",0.037081256936170225,2.431
"[2.431, 2.432)",0.017936678374285708,2.432
"[2.432, 2.433)",0.02579494973913043,2.433
"[2.433, 2.434)",0.02349355210714286,2.434
"[2.434, 2.435)",0.03470869425,2.435
"[2.435, 2.436)",0.017538086803703706,2.436
"[2.436, 2.437)",0.04442212565789474,2.437
"[2.437, 2.438)",0.02555460791250001,2.438
"[2.438, 2.439)",0.024478587763157898,2.439
"[2.439, 2.44)",0.02741591092857143,2.44
"[2.44, 2.441)",0.018251408529411758,2.441
"[2.441, 2.442)",0.026978307543589743,2.442
"[2.442, 2.443)",0.031118905767878794,2.443
"[2.443, 2.444)",0.027314083178688536,2.444
"[2.444, 2.445)",0.02897100030972224,2.445
"[2.445, 2.446)",0.03307031975,2.446
"[2.446, 2.447)",0.016736470777777776,2.447
"[2.447, 2.448)",0.01289887184583334,2.448
"[2.448, 2.449)",0.041312989755319156,2.449
"[2.449, 2.45)",0.03386634514090909,2.45
"[2.45, 2.451)",0.05118024147727274,2.451
"[2.451, 2.452)",0.015103159919999998,2.452
"[2.452, 2.453)",0.021299573441860464,2.453
"[2.453, 2.454)",0.039285592537254894,2.454
"[2.454, 2.455)",0.036648093473684216,2.455
"[2.455, 2.456)",0.017514983971428574,2.456
"[2.456, 2.457)",0.03535271402400002,2.457
"[2.457, 2.458)",0.015322825938461543,2.458
"[2.458, 2.459)",0.024377271102564102,2.459
"[2.459, 2.46)",0.049032364371428584,2.46
"[2.46, 2.461)",0.021593909078947364,2.461
"[2.461, 2.462)",0.013466422851851855,2.462
"[2.462, 2.463)",0.02227966105263158,2.463
"[2.463, 2.464)",0.06708207165625002,2.464
"[2.464, 2.465)",0.04274655576935485,2.465
"[2.465, 2.466)",0.01609526940454545,2.466
"[2.466, 2.467)",0.05422301181275001,2.467
"[2.467, 2.468)",0.027571269810810817,2.468
"[2.468, 2.469)",0.027173439714285715,2.469
"[2.469, 2.47)",0.013954241862068967,2.47
"[2.47, 2.471)",0.027413817275000012,2.471
"[2.471, 2.472)",0.017599365604571426,2.472
"[2.472, 2.473)",0.0155795365483871,2.473
"[2.473, 2.474)",0.019579443390243905,2.474
"[2.474, 2.475)",0.026283048428571428,2.475
"[2.475, 2.476)",0.02799090105882353,2.476
"[2.476, 2.477)",0.016445837464285715,2.477
"[2.477, 2.478)",0.02142844825714286,2.478
"[2.478, 2.479)",0.019429969657142856,2.479
"[2.479, 2.48)",0.025903306037037038,2.48
"[2.48, 2.481)",0.07010945325,2.481
"[2.481, 2.482)",0.017534578090909095,2.482
"[2.482, 2.483)",0.023883488535714276,2.483
"[2.483, 2.484)",0.015303787678571433,2.484
"[2.484, 2.485)",0.027467487928571427,2.485
"[2.485, 2.486)",0.07189977145000001,2.486
"[2.486, 2.487)",0.012816387332432436,2.487
"[2.487, 2.488)",0.024966156652173915,2.488
"[2.488, 2.489)",0.05167651482962965,2.489
"[2.489, 2.49)",0.01963686037931035,2.49
"[2.49, 2.491)",0.020808974368421048,2.491
"[2.491, 2.492)",0.03250243017948718,2.492
"[2.492, 2.493)",0.023593641012682926,2.493
"[2.493, 2.494)",0.023543968137931023,2.494
"[2.494, 2.495)",0.0374464157923077,2.495
"[2.495, 2.496)",0.0234986519375,2.496
"[2.496, 2.497)",0.021340909769230774,2.497
"[2.497, 2.498)",0.032153795,2.498
"[2.498, 2.499)",0.013482766515151515,2.499
"[2.499, 2.5)",0.025100978281250002,2.5
"[2.5, 2.501)",0.03576219625925926,2.501
"[2.501, 2.5020000000000002)",0.01965344854736842,2.502
"[2.5020000000000002, 2.503)",0.027885300695652166,2.503
"[2.503, 2.504)",0.017394089914285718,2.504
"[2.504, 2.505)",0.022493362484848473,2.505
"[2.505, 2.5060000000000002)",0.022347387718749997,2.506
"[2.5060000000000002, 2.507)",0.027222014437500008,2.507
"[2.507, 2.508)",0.05469195713793104,2.508
"[2.508, 2.509)",0.03391517335,2.509
"[2.509, 2.5100000000000002)",0.0630430223857143,2.51
"[2.5100000000000002, 2.511)",0.022951673628571437,2.511
"[2.511, 2.512)",0.07889242118333334,2.512
"[2.512, 2.513)",0.047802467,2.513
"[2.513, 2.5140000000000002)",0.04467723409090909,2.514
"[2.5140000000000002, 2.515)",0.07140365415384617,2.515
"[2.515, 2.516)",0.053619739621621636,2.516
"[2.516, 2.517)",0.015910622440909093,2.517
"[2.517, 2.5180000000000002)",0.01839758076190476,2.518
"[2.5180000000000002, 2.519)",0.01655697714210527,2.519
"[2.519, 2.52)",0.02416377976666666,2.52
"[2.52, 2.521)",0.01719148985555556,2.521
"[2.521, 2.5220000000000002)",0.023054866909090903,2.522
"[2.5220000000000002, 2.523)",0.04376228503055555,2.523
"[2.523, 2.524)",0.026283092847272725,2.524
"[2.524, 2.525)",0.027106394499999995,2.525
"[2.525, 2.5260000000000002)",0.024067580833333335,2.526
"[2.5260000000000002, 2.527)",0.015036846157894737,2.527
"[2.527, 2.528)",0.018654000794117647,2.528
"[2.528, 2.529)",0.0284972183030303,2.529
"[2.529, 2.5300000000000002)",0.015534813183783781,2.53
"[2.5300000000000002, 2.531)",0.041768891536585376,2.531
"[2.531, 2.532)",0.046407646629444445,2.532
"[2.532, 2.533)",0.03520856793939395,2.533
"[2.533, 2.5340000000000003)",0.037122300468387104,2.534
"[2.5340000000000003, 2.535)",0.029354479068571422,2.535
"[2.535, 2.536)",0.03604874047000001,2.536
"[2.536, 2.537)",0.02825444975405405,2.537
"[2.537, 2.5380000000000003)",0.02225120039130435,2.538
"[2.5380000000000003, 2.539)",0.02959200663235293,2.539
"[2.539, 2.54)",0.016984837023255817,2.54
"[2.54, 2.541)",0.015489848424999994,2.541
"[2.541, 2.5420000000000003)",0.013431465278125002,2.542
"[2.5420000000000003, 2.543)",0.036375538137931034,2.543
"[2.543, 2.544)",0.04543410187179488,2.544
"[2.544, 2.545)",0.014406997346153843,2.545
"[2.545, 2.5460000000000003)",0.021182665559999994,2.546
"[2.5460000000000003, 2.547)",0.05938890104347827,2.547
"[2.547, 2.548)",0.029106711971428573,2.548
"[2.548, 2.549)",0.05651584107407408,2.549
"[2.549, 2.5500000000000003)",0.02271548634375,2.55
"[2.5500000000000003, 2.551)",0.020783934162564105,2.551
"[2.551, 2.552)",0.036687403272727265,2.552
"[2.552, 2.553)",0.020675406433333328,2.553
"[2.553, 2.5540000000000003)",0.020626683880769235,2.554
"[2.5540000000000003, 2.555)",0.06656907930909092,2.555
"[2.555, 2.556)",0.040083354612903216,2.556
"[2.556, 2.557)",0.03834129100625001,2.557
"[2.557, 2.5580000000000003)",0.03839824174999999,2.558
"[2.5580000000000003, 2.559)",0.023238307758620694,2.559
"[2.559, 2.56)",0.02891793694736842,2.56
"[2.56, 2.561)",0.017701367731707312,2.561
"[2.561, 2.562)",0.055542856450000004,2.562
"[2.562, 2.563)",0.02212763761290323,2.563
"[2.563, 2.564)",0.05912038148918919,2.564
"[2.564, 2.565)",0.02899973518399999,2.565
"[2.565, 2.566)",0.021626724958333333,2.566
"[2.566, 2.567)",0.042547473416666676,2.567
"[2.567, 2.568)",0.06071360766969698,2.568
"[2.568, 2.569)",0.025663687894117635,2.569
"[2.569, 2.57)",0.03162897282121212,2.57
"[2.57, 2.571)",0.028931848459459463,2.571
"[2.571, 2.572)",0.023410633571428575,2.572
"[2.572, 2.573)",0.014743433999999996,2.573
"[2.573, 2.574)",0.01584059205714286,2.574
"[2.574, 2.575)",0.02875595118518519,2.575
"[2.575, 2.576)",0.012012125766666666,2.576
"[2.576, 2.577)",0.027980278392857143,2.577
"[2.577, 2.578)",0.015737375684838708,2.578
"[2.578, 2.579)",0.027555577277777774,2.579
"[2.579, 2.58)",0.020888235515151517,2.58
"[2.58, 2.581)",0.02177585475,2.581
"[2.581, 2.582)",0.03551597755,2.582
"[2.582, 2.583)",0.03481925412765957,2.583
"[2.583, 2.584)",0.03771934591666667,2.584
"[2.584, 2.585)",0.060696071800000015,2.585
"[2.585, 2.586)",0.02798111006551723,2.586
"[2.586, 2.587)",0.0185446678725,2.587
"[2.587, 2.588)",0.034088766861111126,2.588
"[2.588, 2.589)",0.03190780976176471,2.589
"[2.589, 2.59)",0.020911777076190474,2.59
"[2.59, 2.591)",0.054785219386666674,2.591
"[2.591, 2.592)",0.02455861807317073,2.592
"[2.592, 2.593)",0.01719078220689655,2.593
"[2.593, 2.594)",0.031319733832352946,2.594
"[2.594, 2.595)",0.0784935549904762,2.595
"[2.595, 2.596)",0.014218517793103453,2.596
"[2.596, 2.597)",0.04566962913636364,2.597
"[2.597, 2.598)",0.014602620799999999,2.598
"[2.598, 2.599)",0.024280222633333324,2.599
"[2.599, 2.6)",0.10046655534482761,2.6
"[2.6, 2.601)",0.04696773062500002,2.601
"[2.601, 2.602)",0.03172017020909091,2.602
"[2.602, 2.603)",0.020500131365853665,2.603
"[2.603, 2.604)",0.025342837656249995,2.604
"[2.604, 2.605)",0.03335778822962963,2.605
"[2.605, 2.606)",0.09596177688888889,2.606
"[2.606, 2.607)",0.02300751438709677,2.607
"[2.607, 2.608)",0.016381600826086955,2.608
"[2.608, 2.609)",0.07965960832000002,2.609
"[2.609, 2.61)",0.05092951697142858,2.61
"[2.61, 2.611)",0.028756179416666663,2.611
"[2.611, 2.612)",0.012801947479999999,2.612
"[2.612, 2.613)",0.03183975808695653,2.613
"[2.613, 2.614)",0.018329045321428573,2.614
"[2.614, 2.615)",0.03509243031578948,2.615
"[2.615, 2.616)",0.05528417365384616,2.616
"[2.616, 2.617)",0.0377178543125,2.617
"[2.617, 2.618)",0.09611124585714285,2.618
"[2.618, 2.619)",0.018040089600000003,2.619
"[2.619, 2.62)",0.023449900130769235,2.62
"[2.62, 2.621)",0.027151748032258064,2.621
"[2.621, 2.622)",0.023678919555555556,2.622
"[2.622, 2.623)",0.03704379184235293,2.623
"[2.623, 2.624)",0.03639297019354839,2.624
"[2.624, 2.625)",0.031827482081481485,2.625
"[2.625, 2.626)",0.017912703148,2.626
"[2.626, 2.6270000000000002)",0.018790184370833338,2.627
"[2.6270000000000002, 2.628)",0.032918283206896555,2.628
"[2.628, 2.629)",0.030885407295238095,2.629
"[2.629, 2.63)",0.05063695864347826,2.63
"[2.63, 2.6310000000000002)",0.01709358661764706,2.631
"[2.6310000000000002, 2.632)",0.033446424545454545,2.632
"[2.632, 2.633)",0.012353637780882347,2.633
"[2.633, 2.634)",0.04495656534615385,2.634
"[2.634, 2.6350000000000002)",0.02060096590952381,2.635
"[2.6350000000000002, 2.636)",0.03845342609090908,2.636
"[2.636, 2.637)",0.039105691611111125,2.637
"[2.637, 2.638)",0.030975909733333338,2.638
"[2.638, 2.6390000000000002)",0.011155705947368418,2.639
"[2.6390000000000002, 2.64)",0.02014301464,2.64
"[2.64, 2.641)",0.043592455975862074,2.641
"[2.641, 2.642)",0.015640314785,2.642
"[2.642, 2.6430000000000002)",0.025717050499999998,2.643
"[2.6430000000000002, 2.644)",0.013559126250000001,2.644
"[2.644, 2.645)",0.027214047921874995,2.645
"[2.645, 2.646)",0.023507586079999997,2.646
"[2.646, 2.6470000000000002)",0.01366173324230769,2.647
"[2.6470000000000002, 2.648)",0.026535719181818185,2.648
"[2.648, 2.649)",0.02824533342307692,2.649
"[2.649, 2.65)",0.0769683548,2.65
"[2.65, 2.6510000000000002)",0.03382846592857144,2.651
"[2.6510000000000002, 2.652)",0.020332672031250002,2.652
"[2.652, 2.653)",0.014922993561538466,2.653
"[2.653, 2.654)",0.03241728774999999,2.654
"[2.654, 2.6550000000000002)",0.051375824727272756,2.655
"[2.6550000000000002, 2.656)",0.025070133333333338,2.656
"[2.656, 2.657)",0.07826091503703704,2.657
"[2.657, 2.658)",0.014696636919512198,2.658
"[2.658, 2.6590000000000003)",0.05550815452631577,2.659
"[2.6590000000000003, 2.66)",0.020170591826086957,2.66
"[2.66, 2.661)",0.023666121656250004,2.661
"[2.661, 2.662)",0.02215799698,2.662
"[2.662, 2.6630000000000003)",0.03656479662222222,2.663
"[2.6630000000000003, 2.664)",0.030132327323529412,2.664
"[2.664, 2.665)",0.08011626250000002,2.665
"[2.665, 2.666)",0.07285437000357142,2.666
"[2.666, 2.6670000000000003)",0.012822864409090907,2.667
"[2.6670000000000003, 2.668)",0.031119078750000004,2.668
"[2.668, 2.669)",0.037051784227272726,2.669
"[2.669, 2.67)",0.06068183931481482,2.67
"[2.67, 2.6710000000000003)",0.026803934583333328,2.671
"[2.6710000000000003, 2.672)",0.02203899024,2.672
"[2.672, 2.673)",0.03775111923076923,2.673
"[2.673, 2.674)",0.01887603526916667,2.674
"[2.674, 2.6750000000000003)",0.015555353999999999,2.675
"[2.6750000000000003, 2.676)",0.03432387061904762,2.676
"[2.676, 2.677)",0.03429409315999999,2.677
"[2.677, 2.678)",0.018957033720000002,2.678
"[2.678, 2.6790000000000003)",0.06108280253333333,2.679
"[2.6790000000000003, 2.68)",0.0197309181,2.68
"[2.68, 2.681)",0.06198200790000001,2.681
"[2.681, 2.682)",0.04199170025,2.682
"[2.682, 2.6830000000000003)",0.02443992727272727,2.683
"[2.6830000000000003, 2.684)",0.08148753824193547,2.684
"[2.684, 2.685)",0.02401997967777778,2.685
"[2.685, 2.686)",0.014518195863636367,2.686
"[2.686, 2.6870000000000003)",0.02841401277407407,2.687
"[2.6870000000000003, 2.688)",0.03162069144285713,2.688
"[2.688, 2.689)",0.011209386000000002,2.689
"[2.689, 2.69)",0.02664754065217391,2.69
"[2.69, 2.691)",0.023348634866666666,2.691
"[2.691, 2.692)",0.03289407866470589,2.692
"[2.692, 2.693)",0.019584690157894734,2.693
"[2.693, 2.694)",0.018612735286206893,2.694
"[2.694, 2.695)",0.05169711459090909,2.695
"[2.695, 2.696)",0.012147392875000003,2.696
"[2.696, 2.697)",0.04297190573333333,2.697
"[2.697, 2.698)",0.039283748735,2.698
"[2.698, 2.699)",0.0495231075,2.699
"[2.699, 2.7)",0.029071803783333332,2.7
"[2.7, 2.701)",0.02396553736363636,2.701
"[2.701, 2.702)",0.029997927449999996,2.702
"[2.702, 2.703)",0.031456963740740744,2.703
"[2.703, 2.704)",0.031431583294117646,2.704
"[2.704, 2.705)",0.06221558108333333,2.705
"[2.705, 2.706)",0.06553969264000001,2.706
"[2.706, 2.707)",0.033607763833333325,2.707
"[2.707, 2.708)",0.05542617055555556,2.708
"[2.708, 2.709)",0.022797516166666663,2.709
"[2.709, 2.71)",0.030001726151515157,2.71
"[2.71, 2.711)",0.03595063805882353,2.711
"[2.711, 2.712)",0.021553452111111118,2.712
"[2.712, 2.713)",0.02753886115,2.713
"[2.713, 2.714)",0.01971521553846154,2.714
"[2.714, 2.715)",0.050948122500000005,2.715
"[2.715, 2.716)",0.021177642035714282,2.716
"[2.716, 2.717)",0.028077613391304344,2.717
"[2.717, 2.718)",0.05370271441428571,2.718
"[2.718, 2.719)",0.056712863294117656,2.719
"[2.719, 2.72)",0.025893951285714287,2.72
"[2.72, 2.721)",0.03793734083333333,2.721
"[2.721, 2.722)",0.02023665282727273,2.722
"[2.722, 2.723)",0.03421390733333333,2.723
"[2.723, 2.724)",0.0189852324,2.724
"[2.724, 2.725)",0.023692495642857136,2.725
"[2.725, 2.726)",0.04491060175727273,2.726
"[2.726, 2.727)",0.006711955857142857,2.727
"[2.727, 2.728)",0.04545271594117647,2.728
"[2.728, 2.729)",0.023568804000000002,2.729
"[2.729, 2.73)",0.03613870993333334,2.73
"[2.73, 2.731)",0.03970481625,2.731
"[2.731, 2.732)",0.017095461185185186,2.732
"[2.732, 2.733)",0.09199875599999997,2.733
"[2.733, 2.734)",0.06282435915454544,2.734
"[2.734, 2.735)",0.027676880359999996,2.735
"[2.735, 2.736)",0.00884265212,2.736
"[2.736, 2.737)",0.006629419857142856,2.737
"[2.737, 2.738)",0.016144674475,2.738
"[2.738, 2.739)",0.04334453304,2.739
"[2.739, 2.74)",0.012291386083333333,2.74
"[2.74, 2.741)",0.017583185578947367,2.741
"[2.741, 2.742)",0.054261897631578945,2.742
"[2.742, 2.743)",0.021011426444444446,2.743
"[2.743, 2.744)",0.00902827319047619,2.744
"[2.744, 2.745)",0.0313428124375,2.745
"[2.745, 2.746)",0.030188122117647053,2.746
"[2.746, 2.747)",0.03911663991352941,2.747
"[2.747, 2.748)",0.05401562416666666,2.748
"[2.748, 2.749)",0.027298573397999997,2.749
"[2.749, 2.75)",0.028294953666666664,2.75
"[2.75, 2.751)",0.0233217501875,2.751
"[2.751, 2.7520000000000002)",0.02573691627777778,2.752
"[2.7520000000000002, 2.753)",0.018222409705882348,2.753
"[2.753, 2.754)",0.03138681118181818,2.754
"[2.754, 2.755)",0.049632418578947374,2.755
"[2.755, 2.7560000000000002)",0.049433130374999995,2.756
"[2.7560000000000002, 2.757)",0.01719898547058824,2.757
"[2.757, 2.758)",0.01115870204347826,2.758
"[2.758, 2.759)",0.011715292785714286,2.759
"[2.759, 2.7600000000000002)",0.007858196173913043,2.76
"[2.7600000000000002, 2.761)",0.01494753504736842,2.761
"[2.761, 2.762)",0.047762184866666654,2.762
"[2.762, 2.763)",0.013269258857142857,2.763
"[2.763, 2.7640000000000002)",0.01323959788888889,2.764
"[2.7640000000000002, 2.765)",0.04669636481818182,2.765
"[2.765, 2.766)",0.021164335272727274,2.766
"[2.766, 2.767)",0.012567899615384615,2.767
"[2.767, 2.7680000000000002)",0.030863138405263158,2.768
"[2.7680000000000002, 2.769)",0.04365830816842105,2.769
"[2.769, 2.77)",0.02982625131818182,2.77
"[2.77, 2.771)",0.013708675999999998,2.771
"[2.771, 2.7720000000000002)",0.03293520687,2.772
"[2.7720000000000002, 2.773)",0.02638055586666667,2.773
"[2.773, 2.774)",0.013130312562499998,2.774
"[2.774, 2.775)",0.014031962080000007,2.775
"[2.775, 2.7760000000000002)",0.017182451625,2.776
"[2.7760000000000002, 2.777)",0.026629711285714282,2.777
"[2.777, 2.778)",0.016540397176470586,2.778
"[2.778, 2.779)",0.029378856011538463,2.779
"[2.779, 2.7800000000000002)",0.036766778099999994,2.78
"[2.7800000000000002, 2.781)",0.009553548545230769,2.781
"[2.781, 2.782)",0.004269150615384614,2.782
"[2.782, 2.783)",0.014004261600000002,2.783
"[2.783, 2.7840000000000003)",0.02080684882352941,2.784
"[2.7840000000000003, 2.785)",0.027590080421052626,2.785
"[2.785, 2.786)",0.0139505655,2.786
"[2.786, 2.787)",0.024513971399999987,2.787
"[2.787, 2.7880000000000003)",0.0139449595,2.788
"[2.7880000000000003, 2.789)",0.014464004028571432,2.789
"[2.789, 2.79)",0.02348755266666667,2.79
"[2.79, 2.791)",0.021638435888888894,2.791
"[2.791, 2.7920000000000003)",0.045452249826086956,2.792
"[2.7920000000000003, 2.793)",0.008812078133333335,2.793
"[2.793, 2.794)",0.034105116666666664,2.794
"[2.794, 2.795)",0.011764229045454544,2.795
"[2.795, 2.7960000000000003)",0.02334172400416667,2.796
"[2.7960000000000003, 2.797)",0.006391932736842106,2.797
"[2.797, 2.798)",0.02504008144444445,2.798
"[2.798, 2.799)",0.0052149068235294105,2.799
"[2.799, 2.8000000000000003)",0.02867493909090908,2.8
"[2.8000000000000003, 2.801)",0.02032403776190476,2.801
"[2.801, 2.802)",0.010561121684210523,2.802
"[2.802, 2.803)",0.008826957692307692,2.803
"[2.803, 2.8040000000000003)",0.029526827652173914,2.804
"[2.8040000000000003, 2.805)",0.02170277572222222,2.805
"[2.805, 2.806)",0.042880919999999996,2.806
"[2.806, 2.807)",0.011989589954545455,2.807
"[2.807, 2.8080000000000003)",0.037626933983333326,2.808
"[2.8080000000000003, 2.809)",0.026893777086956526,2.809
"[2.809, 2.81)",0.06354442350000002,2.81
"[2.81, 2.811)",0.028465999,2.811
"[2.811, 2.8120000000000003)",0.01752498772727273,2.812
"[2.8120000000000003, 2.813)",0.0128833711875,2.813
"[2.813, 2.814)",0.010485236812499998,2.814
"[2.814, 2.815)",0.07712815470588236,2.815
"[2.815, 2.816)",0.029421062650000003,2.816
"[2.816, 2.817)",0.027670495333333333,2.817
"[2.817, 2.818)",0.0470349902142857,2.818
"[2.818, 2.819)",0.036608005470588234,2.819
"[2.819, 2.82)",0.02088125715384615,2.82
"[2.82, 2.821)",0.018786612785714286,2.821
"[2.821, 2.822)",0.0796410941764706,2.822
"[2.822, 2.823)",0.020983639096842102,2.823
"[2.823, 2.824)",0.02332764691666667,2.824
"[2.824, 2.825)",0.08574416752631576,2.825
"[2.825, 2.826)",0.01986091910206897,2.826
"[2.826, 2.827)",0.011342766454545454,2.827
"[2.827, 2.828)",0.02755046980952381,2.828
"[2.828, 2.829)",0.039194929375,2.829
"[2.829, 2.83)",0.010348468917647059,2.83
"[2.83, 2.831)",0.07702588328571428,2.831
"[2.831, 2.832)",0.014666503785714284,2.832
"[2.832, 2.833)",0.02540245505882353,2.833
"[2.833, 2.834)",0.029630400941176468,2.834
"[2.834, 2.835)",0.017401242909090918,2.835
"[2.835, 2.836)",0.05834086804347829,2.836
"[2.836, 2.837)",0.032672912388888885,2.837
"[2.837, 2.838)",0.024726753062500002,2.838
"[2.838, 2.839)",0.05227000699999999,2.839
"[2.839, 2.84)",0.028850872809523802,2.84
"[2.84, 2.841)",0.008197257,2.841
"[2.841, 2.842)",0.09034148864,2.842
"[2.842, 2.843)",0.0030213248,2.843
"[2.843, 2.844)",0.019245277181818177,2.844
"[2.844, 2.845)",0.00885632536,2.845
"[2.845, 2.846)",0.023521147315789477,2.846
"[2.846, 2.847)",0.0071671771875,2.847
"[2.847, 2.848)",0.04120809031250001,2.848
"[2.848, 2.849)",0.015160082062499998,2.849
"[2.849, 2.85)",0.007198678400000001,2.85
"[2.85, 2.851)",0.011225255384615383,2.851
"[2.851, 2.852)",0.0311917676875,2.852
"[2.852, 2.853)",0.009617157714285715,2.853
"[2.853, 2.854)",0.020342385888888884,2.854
"[2.854, 2.855)",0.0124332588,2.855
"[2.855, 2.856)",0.03593545805263156,2.856
"[2.856, 2.857)",0.0088766165,2.857
"[2.857, 2.858)",0.024035948642857147,2.858
"[2.858, 2.859)",0.030517330230769232,2.859
"[2.859, 2.86)",0.04210802717647059,2.86
"[2.86, 2.861)",0.06545800389473684,2.861
"[2.861, 2.862)",0.011746334100000002,2.862
"[2.862, 2.863)",0.028873491999999997,2.863
"[2.863, 2.864)",0.027623652538461538,2.864
"[2.864, 2.865)",0.024146763739999997,2.865
"[2.865, 2.866)",0.009510683,2.866
"[2.866, 2.867)",0.012728662818181814,2.867
"[2.867, 2.868)",0.0054882195,2.868
"[2.868, 2.869)",0.06292617519999999,2.869
"[2.869, 2.87)",0.008882299,2.87
"[2.87, 2.871)",0.08829877543750002,2.871
"[2.871, 2.872)",0.0944636642222222,2.872
"[2.872, 2.873)",0.012693819999999998,2.873
"[2.873, 2.874)",0.004684087299999999,2.874
"[2.874, 2.875)",0.01540883192307692,2.875
"[2.875, 2.876)",0.025325312809090908,2.876
"[2.876, 2.8770000000000002)",0.04100499287500001,2.877
"[2.8770000000000002, 2.878)",0.04327850007142857,2.878
"[2.878, 2.879)",0.029999862333333332,2.879
"[2.879, 2.88)",0.035794675952380936,2.88
"[2.88, 2.8810000000000002)",0.00709236406153846,2.881
"[2.8810000000000002, 2.882)",0.07435964381818182,2.882
"[2.882, 2.883)",0.05406795909090909,2.883
"[2.883, 2.884)",0.02067024948333333,2.884
"[2.884, 2.8850000000000002)",0.03201907591666666,2.885
"[2.8850000000000002, 2.886)",0.005820487466666666,2.886
"[2.886, 2.887)",0.04865417370588235,2.887
"[2.887, 2.888)",0.029839939133333333,2.888
"[2.888, 2.8890000000000002)",0.04613031922222223,2.889
"[2.8890000000000002, 2.89)",0.01003662286,2.89
"[2.89, 2.891)",0.022834485731578952,2.891
"[2.891, 2.892)",0.0187997416,2.892
"[2.892, 2.8930000000000002)",0.027080693076923075,2.893
"[2.8930000000000002, 2.894)",0.0260978564,2.894
"[2.894, 2.895)",0.012883273111111114,2.895
"[2.895, 2.896)",0.042291234000000004,2.896
"[2.896, 2.8970000000000002)",0.05553211205263158,2.897
"[2.8970000000000002, 2.898)",0.028995579909090907,2.898
"[2.898, 2.899)",0.0039196669166666675,2.899
"[2.899, 2.9)",0.022668637733333333,2.9
"[2.9, 2.9010000000000002)",0.030443353872727265,2.901
"[2.9010000000000002, 2.902)",0.017128750571428573,2.902
"[2.902, 2.903)",0.014633499600000002,2.903
"[2.903, 2.904)",0.025641890562105273,2.904
"[2.904, 2.9050000000000002)",0.0161183489,2.905
"[2.9050000000000002, 2.906)",0.019604404,2.906
"[2.906, 2.907)",0.0523404265,2.907
"[2.907, 2.908)",0.023061156400000005,2.908
"[2.908, 2.9090000000000003)",0.015410508937499996,2.909
"[2.9090000000000003, 2.91)",0.012399673307692307,2.91
"[2.91, 2.911)",0.019152405642857143,2.911
"[2.911, 2.912)",0.021120591666666664,2.912
"[2.912, 2.9130000000000003)",0.010519623285714286,2.913
"[2.9130000000000003, 2.914)",0.03908096,2.914
"[2.914, 2.915)",0.033130028888888885,2.915
"[2.915, 2.916)",0.03213130222222221,2.916
"[2.916, 2.9170000000000003)",0.0066564848571428565,2.917
"[2.9170000000000003, 2.918)",0.009082831727272728,2.918
"[2.918, 2.919)",0.0252200982,2.919
"[2.919, 2.92)",0.005850307538461538,2.92
"[2.92, 2.9210000000000003)",0.029068159999999992,2.921
"[2.9210000000000003, 2.922)",0.0076014348749999985,2.922
"[2.922, 2.923)",0.018415743833333335,2.923
"[2.923, 2.924)",0.040088737,2.924
"[2.924, 2.9250000000000003)",0.012885869454545456,2.925
"[2.9250000000000003, 2.926)",0.024608536666666667,2.926
"[2.926, 2.927)",0.008114643385714286,2.927
"[2.927, 2.928)",0.05332954433333333,2.928
"[2.928, 2.9290000000000003)",0.040220339300000005,2.929
"[2.9290000000000003, 2.93)",0.03262349915384615,2.93
"[2.93, 2.931)",0.019835467647058822,2.931
"[2.931, 2.932)",0.007016273285714285,2.932
"[2.932, 2.9330000000000003)",0.02789993222222222,2.933
"[2.9330000000000003, 2.934)",0.032339134,2.934
"[2.934, 2.935)",0.015255273200000002,2.935
"[2.935, 2.936)",0.026605979499999998,2.936
"[2.936, 2.9370000000000003)",0.0590446675,2.937
"[2.9370000000000003, 2.938)",0.132964212325,2.938
"[2.938, 2.939)",0.017382002827272727,2.939
"[2.939, 2.94)",0.055481856383333326,2.94
"[2.94, 2.9410000000000003)",0.03868599955555555,2.941
"[2.9410000000000003, 2.942)",0.0364150242857143,2.942
"[2.942, 2.943)",0.049473774500000005,2.943
"[2.943, 2.944)",0.043376273,2.944
"[2.944, 2.945)",0.01916348869,2.945
"[2.945, 2.946)",0.02674432253846154,2.946
"[2.946, 2.947)",0.0077501567272727275,2.947
"[2.947, 2.948)",0.015982280833333334,2.948
"[2.948, 2.949)",0.15098461845454544,2.949
"[2.949, 2.95)",0.0478063392142857,2.95
"[2.95, 2.951)",0.019540319277777777,2.951
"[2.951, 2.952)",0.01644126588888889,2.952
"[2.952, 2.953)",0.036730821125,2.953
"[2.953, 2.954)",0.036438502875,2.954
"[2.954, 2.955)",0.013661087923076921,2.955
"[2.955, 2.956)",0.027967850375,2.956
"[2.956, 2.957)",0.020068443844444443,2.957
"[2.957, 2.958)",0.014358769441666669,2.958
"[2.958, 2.959)",0.10735580199999999,2.959
"[2.959, 2.96)",0.011239199833333336,2.96
"[2.96, 2.961)",0.05671761966666666,2.961
"[2.961, 2.962)",0.016732066042857145,2.962
"[2.962, 2.963)",0.019370957166666664,2.963
"[2.963, 2.964)",0.016366645861818182,2.964
"[2.964, 2.965)",0.041856380000000006,2.965
"[2.965, 2.966)",0.046386704758,2.966
"[2.966, 2.967)",0.012308414333333333,2.967
"[2.967, 2.968)",0.012748458,2.968
"[2.968, 2.969)",0.0128123411,2.969
"[2.969, 2.97)",0.007697411857142856,2.97
"[2.97, 2.971)",0.13061900683333333,2.971
"[2.971, 2.972)",0.040903575,2.972
"[2.972, 2.973)",0.07016169399999998,2.973
"[2.973, 2.974)",0.028864928571428576,2.974
"[2.974, 2.975)",0.01517836,2.975
"[2.975, 2.976)",0.015812681444444445,2.976
"[2.976, 2.977)",0.03260610166666667,2.977
"[2.977, 2.978)",0.012010970571428572,2.978
"[2.978, 2.979)",0.00739329,2.979
"[2.979, 2.98)",0.10441828130000001,2.98
"[2.98, 2.981)",0.014197264000000001,2.981
"[2.981, 2.982)",0.003948182600000001,2.982
"[2.982, 2.983)",0.001984605,2.983
"[2.983, 2.984)",0.023400186,2.984
"[2.984, 2.985)",0.012109287125000001,2.985
"[2.985, 2.986)",0.017085264011111115,2.986
"[2.986, 2.987)",0.02838295922222222,2.987
"[2.987, 2.988)",0.028289222800000003,2.988
"[2.988, 2.989)",0.017156240750000003,2.989
"[2.989, 2.99)",0.020712849999999998,2.99
"[2.99, 2.991)",0.02200464209090909,2.991
"[2.991, 2.992)",0.05126876666666666,2.992
"[2.992, 2.993)",0.019906881249999998,2.993
"[2.993, 2.994)",0.017593632857142855,2.994
"[2.994, 2.995)",0.009454741999999999,2.995
"[2.995, 2.996)",0.0070711033333333345,2.996
"[2.996, 2.997)",0.015379995916666667,2.997
"[2.997, 2.998)",0.040895923333333334,2.998
"[2.998, 2.999)",0.03480378666666666,2.999
"[2.999, 3.0)",0.019370853333333334,3.0
"[3.0, 3.001)",0.010742721111111112,3.001
"[3.001, 3.0020000000000002)",0.029689245250000006,3.002
"[3.0020000000000002, 3.003)",0.006181890857142857,3.003
"[3.003, 3.004)",0.014615327874999997,3.004
"[3.004, 3.005)",0.20680710824999998,3.005
"[3.005, 3.0060000000000002)",0.028603755,3.006
"[3.0060000000000002, 3.007)",0.009357812166666667,3.007
"[3.007, 3.008)",0.07113713142857143,3.008
"[3.008, 3.009)",0.005261736076923077,3.009
"[3.009, 3.0100000000000002)",0.12985456787500002,3.01
"[3.0100000000000002, 3.011)",0.0348785858,3.011
"[3.011, 3.012)",0.016916537875,3.012
"[3.012, 3.013)",0.1311107275,3.013
"[3.013, 3.0140000000000002)",0.013387482400000001,3.014
"[3.0140000000000002, 3.015)",0.03278419,3.015
"[3.015, 3.016)",0.019324834285714288,3.016
"[3.016, 3.017)",0.0707314798,3.017
"[3.017, 3.0180000000000002)",0.03226735416666667,3.018
"[3.0180000000000002, 3.019)",0.007415064545454545,3.019
"[3.019, 3.02)",0.010755000666666665,3.02
"[3.02, 3.021)",0.016789632000000002,3.021
"[3.021, 3.0220000000000002)",0.0085605625,3.022
"[3.0220000000000002, 3.023)",0.015314094,3.023
"[3.023, 3.024)",0.0218692763,3.024
"[3.024, 3.025)",0.021464786127272727,3.025
"[3.025, 3.0260000000000002)",0.014181876142857142,3.026
"[3.0260000000000002, 3.027)",0.015602696999999999,3.027
"[3.027, 3.028)",0.010148761666666666,3.028
"[3.028, 3.029)",0.027369241333333336,3.029
"[3.029, 3.0300000000000002)",0.01232833075,3.03
"[3.0300000000000002, 3.031)",0.03477000125,3.031
"[3.031, 3.032)",0.03194885778666667,3.032
"[3.032, 3.033)",0.03194288781818182,3.033
"[3.033, 3.0340000000000003)",0.005698214625,3.034
"[3.0340000000000003, 3.035)",0.03065563433333334,3.035
"[3.035, 3.036)",0.06244669,3.036
"[3.036, 3.037)",0.049905476666666664,3.037
"[3.037, 3.0380000000000003)",0.0402735457,3.038
"[3.0380000000000003, 3.039)",0.03562417,3.039
"[3.039, 3.04)",0.0148530405,3.04
"[3.04, 3.041)",0.029466860454545454,3.041
"[3.041, 3.0420000000000003)",0.027480302533333334,3.042
"[3.0420000000000003, 3.043)",0.014328077571428571,3.043
"[3.043, 3.044)",0.018836149599999998,3.044
"[3.044, 3.045)",0.0047497563076923065,3.045
"[3.045, 3.0460000000000003)",0.02246382735714286,3.046
"[3.0460000000000003, 3.047)",0.03317370422222223,3.047
"[3.047, 3.048)",0.011940011750000002,3.048
"[3.048, 3.049)",0.0316116295,3.049
"[3.049, 3.0500000000000003)",0.03261747178571429,3.05
"[3.0500000000000003, 3.051)",0.023716242300000002,3.051
"[3.051, 3.052)",0.08019007064666667,3.052
"[3.052, 3.053)",0.012560765609090906,3.053
"[3.053, 3.0540000000000003)",0.019835863285714288,3.054
"[3.0540000000000003, 3.055)",0.013159405214285715,3.055
"[3.055, 3.056)",0.034934418333333335,3.056
"[3.056, 3.057)",0.010194090333333334,3.057
"[3.057, 3.0580000000000003)",0.017655776363636362,3.058
"[3.0580000000000003, 3.059)",0.0302077171875,3.059
"[3.059, 3.06)",0.005207237875,3.06
"[3.06, 3.061)",0.026571572555555548,3.061
"[3.061, 3.0620000000000003)",0.033210471666666665,3.062
"[3.0620000000000003, 3.063)",0.01586359025,3.063
"[3.063, 3.064)",0.011912106666666667,3.064
"[3.064, 3.065)",0.06195377042857142,3.065
"[3.065, 3.0660000000000003)",0.03988884636363636,3.066
"[3.0660000000000003, 3.067)",0.010091900000000001,3.067
"[3.067, 3.068)",0.015099754909090908,3.068
"[3.068, 3.069)",0.010015334485714286,3.069
"[3.069, 3.0700000000000003)",0.013539493384615384,3.07
"[3.0700000000000003, 3.071)",0.015348851624999998,3.071
"[3.071, 3.072)",0.013762784100000001,3.072
"[3.072, 3.073)",0.016523952875,3.073
"[3.073, 3.074)",0.02929372125,3.074
"[3.074, 3.075)",0.032578601625,3.075
"[3.075, 3.076)",0.00796237375,3.076
"[3.076, 3.077)",0.017788415999999998,3.077
"[3.077, 3.078)",0.0290095125,3.078
"[3.078, 3.079)",0.0017788072,3.079
"[3.079, 3.08)",0.031290469599999995,3.08
"[3.08, 3.081)",0.05277305843,3.081
"[3.081, 3.082)",0.01452233511111111,3.082
"[3.082, 3.083)",0.0338330519,3.083
"[3.083, 3.084)",0.06807693,3.084
"[3.084, 3.085)",0.004725927375,3.085
"[3.085, 3.086)",0.030300245979999994,3.086
"[3.086, 3.087)",0.032077282166666665,3.087
"[3.087, 3.088)",0.013616716666666666,3.088
"[3.088, 3.089)",0.09203603599999999,3.089
"[3.089, 3.09)",0.07341872999999999,3.09
"[3.09, 3.091)",0.025473332000000005,3.091
"[3.091, 3.092)",0.012887810909090908,3.092
"[3.092, 3.093)",0.029971106000000008,3.093
"[3.093, 3.094)",0.005646008571428571,3.094
"[3.094, 3.095)",0.04103384625,3.095
"[3.095, 3.096)",0.006748500888888889,3.096
"[3.096, 3.097)",0.008733287857142856,3.097
"[3.097, 3.098)",0.015663272299999996,3.098
"[3.098, 3.099)",0.10093186666666666,3.099
"[3.099, 3.1)",0.0390637169,3.1
"[3.1, 3.101)",0.015160961428571429,3.101
"[3.101, 3.102)",0.0139690183,3.102
"[3.102, 3.103)",0.00986824125,3.103
"[3.103, 3.104)",0.018844494416666666,3.104
"[3.104, 3.105)",0.05614727845454545,3.105
"[3.105, 3.106)",0.02983137,3.106
"[3.106, 3.107)",0.005989334,3.107
"[3.107, 3.108)",0.07993435614285714,3.108
"[3.108, 3.109)",0.0525430105,3.109
"[3.109, 3.11)",0.047929936272727264,3.11
"[3.11, 3.111)",0.0145880146,3.111
"[3.111, 3.112)",0.04239205314285714,3.112
"[3.112, 3.113)",0.04201830252000001,3.113
"[3.113, 3.114)",0.0019060494285714285,3.114
"[3.114, 3.115)",0.014085617874999998,3.115
"[3.115, 3.116)",0.04120804300000001,3.116
"[3.116, 3.117)",0.02752700757142857,3.117
"[3.117, 3.118)",0.027363628857142858,3.118
"[3.118, 3.119)",0.00753686575,3.119
"[3.119, 3.12)",0.010429858111111112,3.12
"[3.12, 3.121)",0.012795754999999999,3.121
"[3.121, 3.122)",0.013155939000000002,3.122
"[3.122, 3.123)",0.02631302183333334,3.123
"[3.123, 3.124)",0.028058369222222226,3.124
"[3.124, 3.125)",0.038993368857142864,3.125
"[3.125, 3.126)",0.0317707679,3.126
"[3.126, 3.1270000000000002)",0.057764896666666656,3.127
"[3.1270000000000002, 3.128)",0.015464288236363637,3.128
"[3.128, 3.129)",0.0035588483333333335,3.129
"[3.129, 3.13)",0.009434674333333332,3.13
"[3.13, 3.1310000000000002)",0.0031779674,3.131
"[3.1310000000000002, 3.132)",0.00833207,3.132
"[3.132, 3.133)",0.02715281357142857,3.133
"[3.133, 3.134)",0.017259944125000003,3.134
"[3.134, 3.1350000000000002)",0.011960159999999997,3.135
"[3.1350000000000002, 3.136)",0.0115270093,3.136
"[3.136, 3.137)",0.019624195000000004,3.137
"[3.137, 3.138)",0.02141415,3.138
"[3.138, 3.1390000000000002)",0.10738618750000001,3.139
"[3.1390000000000002, 3.14)",0.0086043366,3.14
"[3.14, 3.141)",0.00534361,3.141
"[3.141, 3.142)",0.0186473435,3.142
"[3.142, 3.1430000000000002)",0.035740417142857146,3.143
"[3.1430000000000002, 3.144)",0.0080257047875,3.144
"[3.144, 3.145)",0.019247209999999997,3.145
"[3.145, 3.146)",0.024396904799999997,3.146
"[3.146, 3.1470000000000002)",0.03830754442857143,3.147
"[3.1470000000000002, 3.148)",0.021996246133333335,3.148
"[3.148, 3.149)",0.008686355333333335,3.149
"[3.149, 3.15)",0.022726237,3.15
"[3.15, 3.1510000000000002)",0.026748399875,3.151
"[3.1510000000000002, 3.152)",0.04226040402727273,3.152
"[3.152, 3.153)",0.0041884514285714285,3.153
"[3.153, 3.154)",0.029040130375,3.154
"[3.154, 3.1550000000000002)",0.02202808,3.155
"[3.1550000000000002, 3.156)",0.06315260989999999,3.156
"[3.156, 3.157)",0.08046929454545454,3.157
"[3.157, 3.158)",0.006585090000000001,3.158
"[3.158, 3.1590000000000003)",0.014191201249999999,3.159
"[3.1590000000000003, 3.16)",0.021105967677777778,3.16
"[3.16, 3.161)",0.0065021732857142855,3.161
"[3.161, 3.162)",0.012749044714285715,3.162
"[3.162, 3.1630000000000003)",0.0173657005,3.163
"[3.1630000000000003, 3.164)",0.007693308,3.164
"[3.164, 3.165)",0.050570569,3.165
"[3.165, 3.166)",0.05361209075,3.166
"[3.166, 3.1670000000000003)",0.013808257749999999,3.167
"[3.1670000000000003, 3.168)",0.034692540333333334,3.168
"[3.168, 3.169)",0.046460816625,3.169
"[3.169, 3.17)",0.02419022,3.17
"[3.17, 3.1710000000000003)",0.11689379042857141,3.171
"[3.1710000000000003, 3.172)",0.061357863333333325,3.172
"[3.172, 3.173)",0.03105400657142857,3.173
"[3.173, 3.174)",0.01812894775,3.174
"[3.174, 3.1750000000000003)",0.01958805275,3.175
"[3.1750000000000003, 3.176)",0.0067819018571428575,3.176
"[3.176, 3.177)",0.069582482,3.177
"[3.177, 3.178)",0.0222792714,3.178
"[3.178, 3.1790000000000003)",0.005335400666666666,3.179
"[3.1790000000000003, 3.18)",0.0065799198,3.18
"[3.18, 3.181)",0.0132977225,3.181
"[3.181, 3.182)",0.009383902777777777,3.182
"[3.182, 3.1830000000000003)",0.012793744166666668,3.183
"[3.1830000000000003, 3.184)",0.020299260999999996,3.184
"[3.184, 3.185)",0.01794143390909091,3.185
"[3.185, 3.186)",0.03097973285714286,3.186
"[3.186, 3.1870000000000003)",0.010711899981818181,3.187
"[3.1870000000000003, 3.188)",0.011206717375000001,3.188
"[3.188, 3.189)",0.02530515441666667,3.189
"[3.189, 3.19)",0.03800221833333333,3.19
"[3.19, 3.1910000000000003)",0.02725928394736842,3.191
"[3.1910000000000003, 3.192)",0.0023804136666666664,3.192
"[3.192, 3.193)",0.024337190866666667,3.193
"[3.193, 3.194)",0.06624597287499999,3.194
"[3.194, 3.1950000000000003)",0.019980845222222224,3.195
"[3.1950000000000003, 3.196)",0.11973711430000003,3.196
"[3.196, 3.197)",0.039495775542857145,3.197
"[3.197, 3.198)",0.011168753789999998,3.198
"[3.198, 3.1990000000000003)",0.0571594096923077,3.199
"[3.1990000000000003, 3.2)",0.011350008444444443,3.2
"[3.2, 3.201)",0.056264395938461546,3.201
"[3.201, 3.202)",0.0057089763076923076,3.202
"[3.202, 3.203)",0.02744513555384617,3.203
"[3.203, 3.204)",0.003931178222222222,3.204
"[3.204, 3.205)",0.0040830393,3.205
"[3.205, 3.206)",0.005849113833333333,3.206
"[3.206, 3.207)",0.017346146649999998,3.207
"[3.207, 3.208)",0.009360543333333332,3.208
"[3.208, 3.209)",0.0548555455,3.209
"[3.209, 3.21)",0.041170025500000006,3.21
"[3.21, 3.211)",0.020453350375,3.211
"[3.211, 3.212)",0.010771443285714286,3.212
"[3.212, 3.213)",0.0358503803,3.213
"[3.213, 3.214)",0.0106615057,3.214
"[3.214, 3.215)",0.03291906,3.215
"[3.215, 3.216)",0.02422206186666666,3.216
"[3.216, 3.217)",0.022671935666666667,3.217
"[3.217, 3.218)",0.0127966355,3.218
"[3.218, 3.219)",0.043600961300000005,3.219
"[3.219, 3.22)",0.014843400599999997,3.22
"[3.22, 3.221)",0.0572052935,3.221
"[3.221, 3.222)",0.02509204027272727,3.222
"[3.222, 3.223)",0.02468636,3.223
"[3.223, 3.224)",0.012167023,3.224
"[3.224, 3.225)",0.005198377999999999,3.225
"[3.225, 3.226)",0.015984840687499998,3.226
"[3.226, 3.227)",0.024510353666666665,3.227
"[3.227, 3.228)",0.0549404,3.228
"[3.228, 3.229)",0.012669862333333332,3.229
"[3.229, 3.23)",0.02907052666666667,3.23
"[3.23, 3.231)",0.013633398033333334,3.231
"[3.231, 3.232)",0.007739255500000001,3.232
"[3.232, 3.233)",0.0166504405,3.233
"[3.233, 3.234)",0.027725772599999997,3.234
"[3.234, 3.235)",0.007943746666666668,3.235
"[3.235, 3.236)",0.0049253666,3.236
"[3.236, 3.237)",0.06258868660000001,3.237
"[3.237, 3.238)",0.0081820666,3.238
"[3.238, 3.239)",0.007466225022222223,3.239
"[3.239, 3.24)",0.0822647243,3.24
"[3.24, 3.241)",0.041859938,3.241
"[3.241, 3.242)",0.029603732633333334,3.242
"[3.242, 3.243)",0.007963472285714287,3.243
"[3.243, 3.244)",0.030886150909090915,3.244
"[3.244, 3.245)",0.006945823333333333,3.245
"[3.245, 3.246)",0.016378108727272727,3.246
"[3.246, 3.247)",0.017044254600000003,3.247
"[3.247, 3.248)",0.041459819555555555,3.248
"[3.248, 3.249)",0.012833147571428572,3.249
"[3.249, 3.25)",0.007984574125,3.25
"[3.25, 3.251)",0.012730613166666668,3.251
"[3.251, 3.2520000000000002)",0.009261057000000001,3.252
"[3.2520000000000002, 3.253)",0.1491511707142857,3.253
"[3.253, 3.254)",0.05387173263999999,3.254
"[3.254, 3.255)",0.0047186576666666665,3.255
"[3.255, 3.2560000000000002)",0.07104276,3.256
"[3.2560000000000002, 3.257)",0.03556621,3.257
"[3.257, 3.258)",0.0137304225,3.258
"[3.258, 3.259)",0.0035515967999999996,3.259
"[3.259, 3.2600000000000002)",0.11568644799999998,3.26
"[3.2600000000000002, 3.261)",0.012122339999999999,3.261
"[3.261, 3.262)",0.03944597125,3.262
"[3.262, 3.263)",0.0109255875,3.263
"[3.263, 3.2640000000000002)",0.001413064,3.264
"[3.2640000000000002, 3.265)",0.017402161710000003,3.265
"[3.265, 3.266)",0.0156476506,3.266
"[3.266, 3.267)",0.040250908249999995,3.267
"[3.267, 3.2680000000000002)",0.02497242555555556,3.268
"[3.2680000000000002, 3.269)",0.0051189825,3.269
"[3.269, 3.27)",0.012365725142857142,3.27
"[3.27, 3.271)",0.031901846,3.271
"[3.271, 3.2720000000000002)",0.011227981625000001,3.272
"[3.2720000000000002, 3.273)",0.009232416666666667,3.273
"[3.273, 3.274)",0.032267463833333336,3.274
"[3.274, 3.275)",0.0087866025,3.275
"[3.275, 3.2760000000000002)",0.027722525499999998,3.276
"[3.2760000000000002, 3.277)",0.007308532800000001,3.277
"[3.277, 3.278)",0.04953585216666667,3.278
"[3.278, 3.279)",0.02013521,3.279
"[3.279, 3.2800000000000002)",0.0030668600000000002,3.28
"[3.2800000000000002, 3.281)",0.019591104714285712,3.281
"[3.281, 3.282)",0.02422500716666667,3.282
"[3.282, 3.283)",0.011228614000000001,3.283
"[3.283, 3.2840000000000003)",0.048604997500000004,3.284
"[3.2840000000000003, 3.285)",0.018857348600000004,3.285
"[3.285, 3.286)",0.0041912706400000005,3.286
"[3.286, 3.287)",0.020759396222222223,3.287
"[3.287, 3.2880000000000003)",0.013999639875,3.288
"[3.2880000000000003, 3.289)",0.015429019923076926,3.289
"[3.289, 3.29)",0.0060310350000000006,3.29
"[3.29, 3.291)",0.013088384333333335,3.291
"[3.291, 3.2920000000000003)",0.024050219600000002,3.292
"[3.2920000000000003, 3.293)",0.008685324,3.293
"[3.293, 3.294)",0.0133141,3.294
"[3.294, 3.295)",0.016206406333333333,3.295
"[3.295, 3.2960000000000003)",0.029439500545454547,3.296
"[3.2960000000000003, 3.297)",0.0056046866,3.297
"[3.297, 3.298)",0.0006586154999999999,3.298
"[3.298, 3.299)",0.0015129996666666666,3.299
"[3.299, 3.3000000000000003)",0.0167861466,3.3
"[3.3000000000000003, 3.301)",0.009070253625,3.301
"[3.301, 3.302)",0.0021013229666666665,3.302
"[3.302, 3.303)",0.0017269373333333334,3.303
"[3.303, 3.3040000000000003)",0.02584086825,3.304
"[3.3040000000000003, 3.305)",0.0050462275,3.305
"[3.305, 3.306)",0.0235367,3.306
"[3.306, 3.307)",0.018611450000000005,3.307
"[3.307, 3.3080000000000003)",0.004676868333333333,3.308
"[3.3080000000000003, 3.309)",0.03137244,3.309
"[3.309, 3.31)",0.005205722166666667,3.31
"[3.31, 3.311)",0.00602528,3.311
"[3.311, 3.3120000000000003)",0.043795313999999995,3.312
"[3.3120000000000003, 3.313)",0.015133726142857143,3.313
"[3.313, 3.314)",0.0029313811999999995,3.314
"[3.314, 3.315)",0.0188943635,3.315
"[3.315, 3.3160000000000003)",0.005734365142857143,3.316
"[3.3160000000000003, 3.317)",0.011942362500000001,3.317
"[3.317, 3.318)",0.033575460275,3.318
"[3.318, 3.319)",0.0013983415,3.319
"[3.319, 3.3200000000000003)",0.015364581999999998,3.32
"[3.3200000000000003, 3.321)",0.00110742,3.321
"[3.321, 3.322)",0.017958639999999998,3.322
"[3.322, 3.323)",0.0002704165,3.323
"[3.323, 3.3240000000000003)",0.045798206666666674,3.324
"[3.325, 3.326)",0.00560271,3.325
"[3.326, 3.327)",0.011731517666666668,3.326
"[3.327, 3.3280000000000003)",0.0080043165,3.327
"[3.3280000000000003, 3.329)",0.008988243333333333,3.328
"[3.329, 3.33)",0.01257522,3.329
"[3.33, 3.331)",0.03807655,3.33
"[3.331, 3.332)",0.030572147499999997,3.331
"[3.332, 3.333)",0.0029462,3.332
"[3.333, 3.334)",0.005789362333333333,3.333
"[3.334, 3.335)",0.0589184288,3.334
"[3.335, 3.336)",0.05977050833333333,3.335
"[3.336, 3.337)",0.018030145,3.336
"[3.337, 3.338)",0.0197063,3.337
"[3.338, 3.339)",0.09593666916666665,3.338
"[3.339, 3.34)",0.023016699999999998,3.339
"[3.34, 3.341)",0.03197589666666666,3.34
"[3.341, 3.342)",0.004998374799999999,3.341
"[3.342, 3.343)",0.028708848599999993,3.342
"[3.343, 3.344)",0.03248925666666667,3.343
"[3.344, 3.345)",0.00932395825,3.344
"[3.345, 3.346)",0.057338230000000004,3.345
"[3.346, 3.347)",0.005364832,3.346
"[3.347, 3.348)",0.03319557,3.347
"[3.348, 3.349)",0.07851354662499999,3.348
"[3.349, 3.35)",0.03714601333333333,3.349
"[3.35, 3.351)",0.03155558,3.35
"[3.351, 3.352)",0.011152206142857144,3.351
"[3.352, 3.353)",0.04170149428571429,3.352
"[3.353, 3.354)",0.02404901333333333,3.353
"[3.354, 3.355)",0.06921048925,3.354
"[3.355, 3.356)",0.081528645,3.355
"[3.356, 3.357)",0.15079670500000003,3.356
"[3.357, 3.358)",0.049492915000000005,3.357
"[3.358, 3.359)",0.014145247666666666,3.358
"[3.359, 3.36)",0.022255896,3.359
"[3.36, 3.361)",0.05334126,3.36
"[3.361, 3.362)",0.019193193833333334,3.361
"[3.362, 3.363)",0.0025876502857142855,3.362
"[3.363, 3.364)",0.04121504714285714,3.363
"[3.364, 3.365)",0.010308091300000002,3.364
"[3.365, 3.366)",0.025265782000000004,3.365
"[3.366, 3.367)",0.0311091,3.366
"[3.367, 3.368)",0.0026494,3.367
"[3.368, 3.369)",0.0032642821666666664,3.368
"[3.369, 3.37)",0.0178219098,3.369
"[3.37, 3.371)",0.023718706600000004,3.37
"[3.371, 3.372)",0.24656694999999998,3.371
"[3.372, 3.373)",0.023352587666666664,3.372
"[3.373, 3.374)",0.00657752,3.373
"[3.374, 3.375)",0.014963061777777774,3.374
"[3.375, 3.376)",0.0181271,3.375
"[3.376, 3.3770000000000002)",0.0840639,3.376
"[3.3770000000000002, 3.378)",0.00525238,3.377
"[3.378, 3.379)",0.005183860333333333,3.378
"[3.379, 3.38)",0.05117112,3.379
"[3.38, 3.3810000000000002)",0.068702715,3.38
"[3.3810000000000002, 3.382)",0.00289478,3.381
"[3.382, 3.383)",0.019553939571428567,3.382
"[3.383, 3.384)",0.03385448,3.383
"[3.384, 3.3850000000000002)",0.001037602,3.384
"[3.3850000000000002, 3.386)",0.010409475000000001,3.385
"[3.386, 3.387)",0.002177132,3.386
"[3.387, 3.388)",0.0055495885,3.387
"[3.388, 3.3890000000000002)",0.0032959016,3.388
"[3.3890000000000002, 3.39)",0.025629947128571428,3.389
"[3.39, 3.391)",0.004552684666666667,3.39
"[3.391, 3.392)",0.017899892857142857,3.391
"[3.392, 3.3930000000000002)",0.005182996666666666,3.392
"[3.3930000000000002, 3.394)",0.00765890575,3.393
"[3.394, 3.395)",0.008686863250000001,3.394
"[3.395, 3.396)",0.00804624575,3.395
"[3.396, 3.3970000000000002)",0.06506846,3.396
"[3.3970000000000002, 3.398)",0.005073917666666666,3.397
"[3.398, 3.399)",0.0189013826,3.398
"[3.399, 3.4)",0.0840639,3.399
"[3.4, 3.4010000000000002)",0.0102143365,3.4
"[3.4010000000000002, 3.402)",0.019271108250000002,3.401
"[3.402, 3.403)",0.012668055,3.402
"[3.403, 3.404)",0.0002834465,3.403
"[3.404, 3.4050000000000002)",0.000540833,3.404
"[3.4050000000000002, 3.406)",0.01304541,3.405
"[3.406, 3.407)",0.025249191,3.406
"[3.407, 3.408)",0.0005538629999999999,3.407
"[3.408, 3.4090000000000003)",0.009986852511666667,3.408
"[3.4090000000000003, 3.41)",0.0091171,3.409
"[3.41, 3.411)",0.028121,3.41
"[3.411, 3.412)",0.007438203775000001,3.411
"[3.412, 3.4130000000000003)",0.00875432575,3.412
"[3.4130000000000003, 3.414)",0.00280446846,3.413
"[3.414, 3.415)",0.011150008,3.414
"[3.415, 3.416)",0.012110946000000001,3.415
"[3.416, 3.4170000000000003)",0.050340475,3.416
"[3.4170000000000003, 3.418)",0.07535146,3.417
"[3.418, 3.419)",0.045131416,3.418
"[3.419, 3.42)",0.018506011,3.419
"[3.42, 3.4210000000000003)",0.02493256666666667,3.42
"[3.4210000000000003, 3.422)",0.05474451666666666,3.421
"[3.422, 3.423)",0.005714080000000001,3.422
"[3.423, 3.424)",0.0122449,3.423
"[3.424, 3.4250000000000003)",0.00159858,3.424
"[3.4250000000000003, 3.426)",0.016515819999999997,3.425
"[3.426, 3.427)",0.012895953333333333,3.426
"[3.427, 3.428)",0.072446167525,3.427
"[3.428, 3.4290000000000003)",0.020351541444444447,3.428
"[3.4290000000000003, 3.43)",0.008261319000000001,3.429
"[3.43, 3.431)",0.00527323975,3.43
"[3.431, 3.432)",0.008629900000000001,3.431
"[3.432, 3.4330000000000003)",0.1297372625,3.432
"[3.4330000000000003, 3.434)",0.00603365439,3.433
"[3.434, 3.435)",0.014891601799999998,3.434
"[3.435, 3.436)",0.002047361,3.435
"[3.436, 3.4370000000000003)",0.007864201,3.436
"[3.4370000000000003, 3.438)",0.007635658833333333,3.437
"[3.438, 3.439)",0.013594592999999999,3.438
"[3.439, 3.44)",0.07377998166666666,3.439
"[3.44, 3.4410000000000003)",0.06965462666666666,3.44
"[3.4410000000000003, 3.442)",0.009576382999999999,3.441
"[3.442, 3.443)",0.035969585,3.442
"[3.443, 3.444)",0.11745383288888887,3.443
"[3.444, 3.4450000000000003)",0.023113389571428573,3.444
"[3.4450000000000003, 3.446)",0.004188490375,3.445
"[3.446, 3.447)",0.048504012,3.446
"[3.447, 3.448)",0.012127539222222223,3.447
"[3.448, 3.4490000000000003)",0.03191083,3.448
"[3.4490000000000003, 3.45)",0.0075041451999999995,3.449
"[3.45, 3.451)",0.01239172025,3.45
"[3.451, 3.452)",0.09686227333333335,3.451
"[3.452, 3.4530000000000003)",0.34126876666666667,3.452
"[3.4530000000000003, 3.454)",0.00420367075,3.453
"[3.454, 3.455)",0.018074293114285715,3.454
"[3.455, 3.456)",0.022435346666666665,3.455
"[3.456, 3.457)",0.03838912825,3.456
"[3.457, 3.458)",0.007511209333333334,3.457
"[3.458, 3.459)",0.014461505999999999,3.458
"[3.459, 3.46)",0.023676056,3.459
"[3.46, 3.461)",0.030495743333333335,3.46
"[3.461, 3.462)",0.04544548833333333,3.461
"[3.462, 3.463)",0.008774723333333333,3.462
"[3.463, 3.464)",0.0027436445999999997,3.463
"[3.464, 3.465)",0.0062551740000000005,3.464
"[3.465, 3.466)",0.03563444428571429,3.465
"[3.466, 3.467)",0.0061315553333333335,3.466
"[3.467, 3.468)",0.016967245,3.467
"[3.468, 3.469)",0.0038365,3.468
"[3.469, 3.47)",0.009371344333333333,3.469
"[3.47, 3.471)",0.041794818166666664,3.47
"[3.471, 3.472)",0.03567186666666666,3.471
"[3.472, 3.473)",0.001171042,3.472
"[3.473, 3.474)",0.0102136308,3.473
"[3.474, 3.475)",0.01744661,3.474
"[3.475, 3.476)",0.011278895,3.475
"[3.476, 3.477)",0.011627317666666666,3.476
"[3.477, 3.478)",0.01965505,3.477
"[3.478, 3.479)",0.012577911333333336,3.478
"[3.479, 3.48)",0.005853413250000001,3.479
"[3.48, 3.481)",0.004285233333333333,3.48
"[3.481, 3.482)",0.0042398,3.481
"[3.482, 3.483)",0.050904027500000004,3.482
"[3.483, 3.484)",0.03559996766666666,3.483
"[3.484, 3.485)",0.0181393,3.484
"[3.485, 3.486)",0.010727129,3.485
"[3.486, 3.487)",0.016447567,3.486
"[3.487, 3.488)",0.008343505,3.487
"[3.488, 3.489)",0.004112969,3.488
"[3.489, 3.49)",0.0047646686,3.489
"[3.49, 3.491)",0.00104022,3.49
"[3.491, 3.492)",0.013614179999999998,3.491
"[3.492, 3.493)",0.03464927883333333,3.492
"[3.493, 3.494)",0.007135333000000001,3.493
"[3.494, 3.495)",0.0503817,3.494
"[3.495, 3.496)",0.016437770836666667,3.495
"[3.496, 3.497)",0.0991860975,3.496
"[3.498, 3.499)",0.002433023333333333,3.497
"[3.499, 3.5)",0.019309720000000002,3.498
"[3.5, 3.501)",0.00533194,3.499
"[3.501, 3.5020000000000002)",0.04541261319999999,3.5
"[3.5020000000000002, 3.503)",0.07725983,3.501
"[3.503, 3.504)",0.06404202571428572,3.502
"[3.504, 3.505)",0.026435841666666664,3.503
"[3.505, 3.5060000000000002)",0.0017435099999999998,3.504
"[3.5060000000000002, 3.507)",0.02968348,3.505
"[3.507, 3.508)",0.0984334174,3.506
"[3.508, 3.509)",0.028179208999999997,3.507
"[3.509, 3.5100000000000002)",0.0181583006,3.508
"[3.5100000000000002, 3.511)",0.01617382,3.509
"[3.511, 3.512)",0.06607191999999999,3.51
"[3.512, 3.513)",0.0035591765,3.511
"[3.513, 3.5140000000000002)",0.014351996,3.512
"[3.5140000000000002, 3.515)",0.03760315433333333,3.513
"[3.515, 3.516)",0.00804378,3.514
"[3.516, 3.517)",0.010180544333333335,3.515
"[3.517, 3.5180000000000002)",0.013829333333333334,3.516
"[3.5180000000000002, 3.519)",0.07079166779999999,3.517
"[3.519, 3.52)",0.0014646546666666667,3.518
"[3.52, 3.521)",0.002460261,3.519
"[3.5220000000000002, 3.523)",0.0045901488,3.52
"[3.523, 3.524)",0.04921299875,3.521
"[3.524, 3.525)",0.03954377660000001,3.522
"[3.525, 3.5260000000000002)",0.0080403,3.523
"[3.5260000000000002, 3.527)",0.0033264676666666664,3.524
"[3.527, 3.528)",0.059207899999999994,3.525
"[3.528, 3.529)",0.03388706,3.526
"[3.529, 3.5300000000000002)",0.0029373903333333334,3.527
"[3.5300000000000002, 3.531)",0.000454794,3.528
"[3.531, 3.532)",0.00871012,3.529
"[3.532, 3.533)",0.0029472076666666666,3.53
"[3.533, 3.5340000000000003)",0.02188348,3.531
"[3.5340000000000003, 3.535)",0.0185827665,3.532
"[3.536, 3.537)",0.0023078526666666663,3.533
"[3.537, 3.5380000000000003)",0.0017611715000000001,3.534
"[3.5380000000000003, 3.539)",0.025373210333333333,3.535
"[3.539, 3.54)",0.0029692810000000003,3.536
"[3.54, 3.541)",0.001116631,3.537
"[3.541, 3.5420000000000003)",0.04964508433333333,3.538
"[3.5420000000000003, 3.543)",0.02323908666666667,3.539
"[3.543, 3.544)",0.0021168307499999997,3.54
"[3.544, 3.545)",0.0351178,3.541
"[3.545, 3.5460000000000003)",0.00992824,3.542
"[3.5460000000000003, 3.547)",0.0203096,3.543
"[3.547, 3.548)",0.0008797259999999999,3.544
"[3.548, 3.549)",0.0168009,3.545
"[3.549, 3.5500000000000003)",0.004079813375,3.546
"[3.5500000000000003, 3.551)",0.01227742,3.547
"[3.552, 3.553)",8.90313e-5,3.548
"[3.553, 3.5540000000000003)",0.008374216666666667,3.549
"[3.5540000000000003, 3.555)",0.0023812457499999998,3.55
"[3.555, 3.556)",0.000566893,3.551
"[3.556, 3.557)",0.008676456499999999,3.552
"[3.557, 3.5580000000000003)",0.002226847666666667,3.553
"[3.5580000000000003, 3.559)",0.000540833,3.554
"[3.559, 3.56)",0.019208084333333333,3.555
"[3.56, 3.561)",0.00990471,3.556
"[3.561, 3.5620000000000003)",0.012579745,3.557
"[3.5620000000000003, 3.563)",0.005215475000000001,3.558
"[3.563, 3.564)",0.00414938,3.559
"[3.564, 3.565)",0.000540833,3.56
"[3.565, 3.5660000000000003)",0.072751,3.561
"[3.5660000000000003, 3.567)",0.00151007,3.562
"[3.567, 3.568)",0.015452086666666665,3.563
"[3.569, 3.5700000000000003)",0.0072024666000000005,3.564
"[3.5700000000000003, 3.571)",0.0102162665,3.565
"[3.571, 3.572)",0.0149118,3.566
"[3.572, 3.573)",0.03829274433333333,3.567
"[3.573, 3.5740000000000003)",0.0115533,3.568
"[3.5740000000000003, 3.575)",0.0281925132,3.569
"[3.576, 3.577)",0.01242816,3.57
"[3.577, 3.5780000000000003)",0.000566893,3.571
"[3.579, 3.58)",0.00232558,3.572
"[3.58, 3.581)",0.00918888,3.573
"[3.581, 3.5820000000000003)",0.023557336666666668,3.574
"[3.5820000000000003, 3.583)",0.004838869000000001,3.575
"[3.583, 3.584)",0.003919817666666666,3.576
"[3.584, 3.585)",0.00861137,3.577
"[3.585, 3.586)",0.039346,3.578
"[3.586, 3.587)",0.0396262,3.579
"[3.587, 3.588)",0.01542643,3.58
"[3.588, 3.589)",0.0322344,3.581
"[3.589, 3.59)",0.0633908,3.582
"[3.59, 3.591)",0.0210618,3.583
"[3.591, 3.592)",0.0748299,3.584
"[3.592, 3.593)",0.010417865,3.585
"[3.593, 3.594)",0.000540833,3.586
"[3.594, 3.595)",0.0382045,3.587
"[3.595, 3.596)",0.000540833,3.588
"[3.596, 3.597)",0.0090281,3.589
"[3.598, 3.599)",0.000146606,3.59
"[3.599, 3.6)",0.00121615,3.591
"[3.6, 3.601)",0.0125115,3.592
"[3.601, 3.602)",0.000820793,3.593
"[3.602, 3.603)",0.005663,3.594
"[3.603, 3.604)",0.007298850000000001,3.595
"[3.604, 3.605)",0.0002863426,3.596
"[3.605, 3.606)",0.00542495,3.597
"[3.606, 3.607)",0.00110742,3.598
"[3.608, 3.609)",0.0801583,3.599
"[3.609, 3.61)",0.022536490000000003,3.6
"[3.611, 3.612)",0.00110742,3.601
"[3.612, 3.613)",0.03242488333333333,3.602
"[3.613, 3.614)",0.000540833,3.603
"[3.614, 3.615)",0.000540833,3.604
"[3.615, 3.616)",0.0251589,3.605
"[3.616, 3.617)",0.01199125,3.606
"[3.618, 3.619)",0.00678797,3.607
"[3.621, 3.622)",0.016245015999999998,3.608
"[3.623, 3.624)",0.0705739,3.609
"[3.625, 3.626)",0.0366415,3.61
"[3.6270000000000002, 3.628)",0.017442819999999998,3.611
"[3.629, 3.63)",0.007860820000000001,3.612
"[3.63, 3.6310000000000002)",0.00277008,3.613
"[3.6310000000000002, 3.632)",0.00709499,3.614
"[3.632, 3.633)",0.0521846235,3.615
"[3.6350000000000002, 3.636)",0.00110742,3.616
"[3.637, 3.638)",0.0122762,3.617
"[3.6390000000000002, 3.64)",0.00929589,3.618
"[3.64, 3.641)",0.019686046666666665,3.619
"[3.642, 3.6430000000000002)",1.0,3.62
"[3.645, 3.646)",0.000540833,3.621
"[3.646, 3.6470000000000002)",0.00730256,3.622
"[3.6470000000000002, 3.648)",0.0145278,3.623
"[3.648, 3.649)",0.007794366499999999,3.624
"[3.649, 3.65)",0.0173131,3.625
"[3.65, 3.6510000000000002)",0.002909996,3.626
"[3.6510000000000002, 3.652)",0.00352229,3.627
"[3.652, 3.653)",0.00232558,3.628
"[3.654, 3.6550000000000002)",0.0222563,3.629
"[3.6550000000000002, 3.656)",0.00067192,3.63
"[3.656, 3.657)",0.00267924,3.631
"[3.657, 3.658)",0.0188153,3.632
"[3.6590000000000003, 3.66)",0.0014332065,3.633
"[3.661, 3.662)",0.069803325,3.634
"[3.6630000000000003, 3.664)",0.020172346666666667,3.635
"[3.664, 3.665)",0.0026494,3.636
"[3.666, 3.6670000000000003)",0.00110742,3.637
"[3.6670000000000003, 3.668)",0.000376537,3.638
"[3.668, 3.669)",0.0234488,3.639
"[3.669, 3.67)",0.0279802,3.64
"[3.6710000000000003, 3.672)",0.0016800353333333332,3.641
"[3.676, 3.677)",0.0050806,3.642
"[3.677, 3.678)",0.0750705,3.643
"[3.6790000000000003, 3.68)",0.0061166599999999995,3.644
"[3.68, 3.681)",0.009252,3.645
"[3.681, 3.682)",0.002998775,3.646
"[3.6830000000000003, 3.684)",0.000540833,3.647
"[3.6870000000000003, 3.688)",0.0799674,3.648
"[3.688, 3.689)",0.0571314,3.649
"[3.689, 3.69)",0.012254566500000001,3.65
"[3.693, 3.694)",0.00232558,3.651
"[3.694, 3.6950000000000003)",0.006261535,3.652
"[3.6950000000000003, 3.696)",0.000466881,3.653
"[3.696, 3.697)",0.0035524,3.654
"[3.697, 3.698)",0.001586155,3.655
"[3.698, 3.6990000000000003)",0.0151772665,3.656
"[3.6990000000000003, 3.7)",0.02045503825,3.657
"[3.7, 3.701)",0.00367197,3.658
"[3.701, 3.702)",0.0304249,3.659
"[3.702, 3.7030000000000003)",0.00610501,3.66
"[3.7030000000000003, 3.704)",0.00918888,3.661
"[3.705, 3.706)",0.007631955,3.662
"[3.706, 3.7070000000000003)",0.0150312,3.663
"[3.7070000000000003, 3.708)",0.0205320675,3.664
"[3.708, 3.709)",0.00110742,3.665
"[3.709, 3.71)",0.0633533,3.666
"[3.7110000000000003, 3.712)",0.0109649,3.667
"[3.714, 3.715)",0.01450161,3.668
"[3.716, 3.717)",0.000540833,3.669
"[3.717, 3.718)",0.0141423,3.67
"[3.722, 3.723)",0.00422152,3.671
"[3.723, 3.724)",0.047561,3.672
"[3.724, 3.725)",0.00110742,3.673
"[3.725, 3.726)",0.00327051,3.674
"[3.726, 3.727)",0.013587,3.675
"[3.727, 3.728)",0.0147333,3.676
"[3.728, 3.729)",0.00709499,3.677
"[3.729, 3.73)",0.00836164,3.678
"[3.73, 3.731)",0.00955617,3.679
"[3.732, 3.733)",0.02893225,3.68
"[3.733, 3.734)",0.0213183,3.681
"[3.734, 3.735)",0.0333333,3.682
"[3.736, 3.737)",0.02011696,3.683
"[3.739, 3.74)",0.052651515999999995,3.684
"[3.74, 3.741)",0.00110742,3.685
"[3.741, 3.742)",0.0250293197,3.686
"[3.742, 3.743)",0.00400445,3.687
"[3.743, 3.744)",0.194704,3.688
"[3.744, 3.745)",0.0065233700000000006,3.689
"[3.745, 3.746)",0.000540833,3.69
"[3.746, 3.747)",0.013914010000000001,3.691
"[3.749, 3.75)",0.0064430965,3.692
"[3.751, 3.7520000000000002)",0.0388379,3.693
"[3.7520000000000002, 3.753)",0.0646547,3.694
"[3.753, 3.754)",0.019662600000000002,3.695
"[3.755, 3.7560000000000002)",0.012701317,3.696
"[3.7560000000000002, 3.757)",0.03233635,3.697
"[3.757, 3.758)",0.04512566666666667,3.698
"[3.758, 3.759)",0.007812456666666668,3.699
"[3.759, 3.7600000000000002)",0.00508251,3.7
"[3.7600000000000002, 3.761)",0.00836164,3.701
"[3.761, 3.762)",0.013847997999999999,3.702
"[3.763, 3.7640000000000002)",0.0827413742,3.703
"[3.7640000000000002, 3.765)",0.00768403,3.704
"[3.765, 3.766)",0.0170213,3.705
"[3.766, 3.767)",0.0017094985,3.706
"[3.767, 3.7680000000000002)",0.0428508,3.707
"[3.7680000000000002, 3.769)",0.00232558,3.708
"[3.771, 3.7720000000000002)",0.0150479,3.709
"[3.7720000000000002, 3.773)",0.0218435,3.71
"[3.775, 3.7760000000000002)",0.0440816,3.711
"[3.778, 3.779)",0.000301114,3.712
"[3.779, 3.7800000000000002)",0.041971625,3.713
"[3.781, 3.782)",0.00748578,3.714
"[3.782, 3.783)",0.0171171886,3.715
"[3.783, 3.7840000000000003)",0.00395844,3.716
"[3.7840000000000003, 3.785)",0.00367197,3.717
"[3.785, 3.786)",0.00226757,3.718
"[3.786, 3.787)",0.0145602,3.719
"[3.787, 3.7880000000000003)",7.03538e-5,3.72
"[3.7880000000000003, 3.789)",0.02471437575,3.721
"[3.79, 3.791)",0.00516796,3.722
"[3.791, 3.7920000000000003)",0.153522,3.723
"[3.7920000000000003, 3.793)",0.00232558,3.724
"[3.795, 3.7960000000000003)",0.0298496,3.725
"[3.7960000000000003, 3.797)",0.00375464,3.726
"[3.797, 3.798)",0.131975,3.727
"[3.799, 3.8000000000000003)",0.000540833,3.728
"[3.801, 3.802)",0.014979428,3.729
"[3.802, 3.803)",0.134454,3.73
"[3.803, 3.8040000000000003)",0.020340929599999998,3.731
"[3.806, 3.807)",0.000540833,3.732
"[3.807, 3.8080000000000003)",0.0235528,3.733
"[3.8080000000000003, 3.809)",0.02127778666666667,3.734
"[3.809, 3.81)",0.000615042,3.735
"[3.81, 3.811)",0.0014332065,3.736
"[3.811, 3.8120000000000003)",0.189971,3.737
"[3.8120000000000003, 3.813)",0.00232558,3.738
"[3.813, 3.814)",0.013623241,3.739
"[3.814, 3.815)",0.0801583,3.74
"[3.817, 3.818)",0.0272966,3.741
"[3.818, 3.819)",0.0039289515,3.742
"[3.819, 3.8200000000000003)",0.00327491,3.743
"[3.8200000000000003, 3.821)",0.00709499,3.744
"[3.822, 3.823)",0.0312739,3.745
"[3.825, 3.826)",0.022963717999999998,3.746
"[3.826, 3.827)",0.00954085,3.747
"[3.8280000000000003, 3.829)",0.006465114333333334,3.748
"[3.829, 3.83)",0.00232558,3.749
"[3.831, 3.8320000000000003)",0.00110742,3.75
"[3.834, 3.835)",0.0186108165,3.751
"[3.8360000000000003, 3.837)",0.05627678666666667,3.752
"[3.837, 3.838)",0.00133511,3.753
"[3.838, 3.839)",0.00232558,3.754
"[3.84, 3.841)",0.0047788050000000006,3.755
"[3.841, 3.842)",0.00516796,3.756
"[3.842, 3.843)",0.00895129,3.757
"[3.843, 3.844)",0.00232558,3.758
"[3.846, 3.847)",0.018702,3.759
"[3.847, 3.848)",0.02022945,3.76
"[3.85, 3.851)",0.019562450000000002,3.761
"[3.853, 3.854)",0.11647,3.762
"[3.854, 3.855)",0.0501082,3.763
"[3.856, 3.857)",0.015368721750000001,3.764
"[3.858, 3.859)",0.000358321,3.765
"[3.86, 3.861)",0.025122500000000002,3.766
"[3.862, 3.863)",0.0008241265000000001,3.767
"[3.867, 3.868)",0.02999568575,3.768
"[3.868, 3.869)",0.000540833,3.769
"[3.871, 3.872)",0.00110742,3.77
"[3.872, 3.873)",0.0160214,3.771
"[3.873, 3.874)",0.000540833,3.772
"[3.875, 3.876)",0.117672,3.773
"[3.878, 3.879)",0.0026494,3.774
"[3.8810000000000002, 3.882)",0.0026643965,3.775
"[3.883, 3.884)",0.0257348,3.776
"[3.884, 3.8850000000000002)",0.00657752,3.777
"[3.8850000000000002, 3.886)",0.0170543,3.778
"[3.8890000000000002, 3.89)",0.0139606,3.779
"[3.891, 3.892)",0.015190296499999999,3.78
"[3.8930000000000002, 3.894)",0.000912812,3.781
"[3.8970000000000002, 3.898)",0.0122163,3.782
"[3.898, 3.899)",0.0038179115,3.783
"[3.9, 3.9010000000000002)",0.00775194,3.784
"[3.902, 3.903)",0.000540833,3.785
"[3.904, 3.9050000000000002)",0.000540833,3.786
"[3.908, 3.9090000000000003)",0.000429646,3.787
"[3.9090000000000003, 3.91)",0.011085710816666665,3.788
"[3.911, 3.912)",0.0058924,3.789
"[3.9130000000000003, 3.914)",0.156227,3.79
"[3.914, 3.915)",0.00505618,3.791
"[3.9170000000000003, 3.918)",0.0011212365,3.792
"[3.9210000000000003, 3.922)",9.09918e-5,3.793
"[3.922, 3.923)",0.317829,3.794
"[3.927, 3.928)",5.70288e-5,3.795
"[3.928, 3.9290000000000003)",0.0185911665,3.796
"[3.931, 3.932)",0.00516796,3.797
"[3.9330000000000003, 3.934)",0.0557485,3.798
"[3.936, 3.9370000000000003)",0.0179397,3.799
"[3.939, 3.94)",0.0777997,3.8
"[3.94, 3.9410000000000003)",0.00178571,3.801
"[3.9490000000000003, 3.95)",0.0717676,3.802
"[3.955, 3.956)",0.0801215,3.803
"[3.958, 3.959)",0.0223233,3.804
"[3.9610000000000003, 3.962)",0.0205949,3.805
"[3.974, 3.975)",0.388889,3.806
"[3.975, 3.976)",1.0,3.807
"[3.977, 3.978)",0.00170164,3.808
"[3.985, 3.986)",0.000540833,3.809
"[3.988, 3.989)",0.00603015,3.81
"[3.991, 3.992)",0.0198349665,3.811
"[3.993, 3.994)",0.00516796,3.812
"[3.997, 3.998)",0.02456455,3.813
"[4.0, 4.001)",0.0669509,3.814
"[4.001, 4.002)",0.0058924,3.815
"[4.006, 4.007)",0.0336962,3.816
"[4.007, 4.008)",0.0240052,3.817
"[4.011, 4.0120000000000005)",0.0042654,3.818
"[4.0120000000000005, 4.013)",0.00422152,3.819
"[4.013, 4.014)",0.000212598,3.82
"[4.014, 4.015)",0.00836164,3.821
"[4.016, 4.017)",0.0964286,3.822
"[4.019, 4.0200000000000005)",0.0256075,3.823
"[4.021, 4.022)",2.11609e-5,3.824
"[4.022, 4.023)",0.0222222,3.825
"[4.026, 4.027)",0.0428508,3.826
"[4.03, 4.031)",0.0257668,3.827
"[4.035, 4.0360000000000005)",0.00170164,3.828
"[4.037, 4.038)",0.00883368,3.829
"[4.0440000000000005, 4.045)",2.2169e-5,3.83
"[4.048, 4.049)",0.0874219,3.831
"[4.055, 4.056)",0.0651781,3.832
"[4.062, 4.063)",0.122423,3.833
"[4.066, 4.067)",0.105626,3.834
"[4.067, 4.0680000000000005)",0.00422152,3.835
"[4.073, 4.074)",0.00598007,3.836
"[4.074, 4.075)",0.0256075,3.837
"[4.078, 4.079)",0.013007035,3.838
"[4.081, 4.082)",2.11609e-5,3.839
"[4.085, 4.086)",0.0131545,3.84
"[4.089, 4.09)",0.00508827,3.841
"[4.096, 4.097)",0.0899471,3.842
"[4.097, 4.098)",0.00232558,3.843
"[4.102, 4.103)",0.02065409,3.844
"[4.108, 4.109)",0.0111259,3.845
"[4.11, 4.111)",0.000991954,3.846
"[4.114, 4.115)",0.0784504,3.847
"[4.122, 4.123)",0.000540833,3.848
"[4.132, 4.133)",0.000540833,3.849
"[4.133, 4.134)",0.00232558,3.85
