bin,R2_mean,dist
,0.04770131311287039,0.0
"[0.0, 0.001)",0.06995122935708918,0.001
"[0.001, 0.002)",0.06539861463305367,0.002
"[0.002, 0.003)",0.06435862661423417,0.003
"[0.003, 0.004)",0.056745970416881224,0.004
"[0.004, 0.005)",0.0579997516431981,0.005
"[0.005, 0.006)",0.05878830911273008,0.006
"[0.006, 0.007)",0.056531002049841905,0.007
"[0.007, 0.008)",0.052122334639729866,0.008
"[0.008, 0.009000000000000001)",0.05383142428206798,0.009
"[0.009000000000000001, 0.01)",0.0549044287040708,0.01
"[0.01, 0.011)",0.05793798322491756,0.011
"[0.011, 0.012)",0.04420163576537785,0.012
"[0.012, 0.013000000000000001)",0.05004925669327858,0.013
"[0.013000000000000001, 0.014)",0.04470579295948847,0.014
"[0.014, 0.015)",0.05360109199103904,0.015
"[0.015, 0.016)",0.04389697712262045,0.016
"[0.016, 0.017)",0.050605218819469756,0.017
"[0.017, 0.018000000000000002)",0.0505408995707937,0.018
"[0.018000000000000002, 0.019)",0.04649498141166669,0.019
"[0.019, 0.02)",0.04783658321631911,0.02
"[0.02, 0.021)",0.0485152766993439,0.021
"[0.021, 0.022)",0.043590889437646746,0.022
"[0.022, 0.023)",0.04869030809329785,0.023
"[0.023, 0.024)",0.04517190671475845,0.024
"[0.024, 0.025)",0.04285439991623085,0.025
"[0.025, 0.026000000000000002)",0.04536283208320041,0.026
"[0.026000000000000002, 0.027)",0.04260456201713298,0.027
"[0.027, 0.028)",0.04219122326818921,0.028
"[0.028, 0.029)",0.04059706632736493,0.029
"[0.029, 0.03)",0.04523870214188288,0.03
"[0.03, 0.031)",0.04814194469743375,0.031
"[0.031, 0.032)",0.044775277249914716,0.032
"[0.032, 0.033)",0.04027627998701147,0.033
"[0.033, 0.034)",0.04584020328702069,0.034
"[0.034, 0.035)",0.0495733953730888,0.035
"[0.035, 0.036000000000000004)",0.04862901341804758,0.036
"[0.036000000000000004, 0.037)",0.04888734209649761,0.037
"[0.037, 0.038)",0.04496343804599518,0.038
"[0.038, 0.039)",0.04751098051006853,0.039
"[0.039, 0.04)",0.04507144688172576,0.04
"[0.04, 0.041)",0.042845512831832896,0.041
"[0.041, 0.042)",0.044551373181764276,0.042
"[0.042, 0.043000000000000003)",0.045921588043374054,0.043
"[0.043000000000000003, 0.044)",0.04183732679415832,0.044
"[0.044, 0.045)",0.03528217244487983,0.045
"[0.045, 0.046)",0.043070510041574896,0.046
"[0.046, 0.047)",0.045816986758665315,0.047
"[0.047, 0.048)",0.038697966871137315,0.048
"[0.048, 0.049)",0.05059334449096065,0.049
"[0.049, 0.05)",0.04243233346481594,0.05
"[0.05, 0.051000000000000004)",0.03878827817347589,0.051
"[0.051000000000000004, 0.052000000000000005)",0.037569192098803286,0.052
"[0.052000000000000005, 0.053)",0.035553049882034955,0.053
"[0.053, 0.054)",0.039098733780035116,0.054
"[0.054, 0.055)",0.0388007411026717,0.055
"[0.055, 0.056)",0.04159232213853268,0.056
"[0.056, 0.057)",0.03828890649362754,0.057
"[0.057, 0.058)",0.037712650378839765,0.058
"[0.058, 0.059000000000000004)",0.035549598114465814,0.059
"[0.059000000000000004, 0.06)",0.03864809720681375,0.06
"[0.06, 0.061)",0.03957842054915003,0.061
"[0.061, 0.062)",0.03916691382904734,0.062
"[0.062, 0.063)",0.041590355958183625,0.063
"[0.063, 0.064)",0.036172323213649944,0.064
"[0.064, 0.065)",0.03642963286430443,0.065
"[0.065, 0.066)",0.042557243943859444,0.066
"[0.066, 0.067)",0.03474076526965928,0.067
"[0.067, 0.068)",0.03902668715091146,0.068
"[0.068, 0.069)",0.04237154863706946,0.069
"[0.069, 0.07)",0.04018109633706995,0.07
"[0.07, 0.07100000000000001)",0.04195940318191281,0.071
"[0.07100000000000001, 0.07200000000000001)",0.037065460475705296,0.072
"[0.07200000000000001, 0.073)",0.0375017093270177,0.073
"[0.073, 0.074)",0.03645922935592739,0.074
"[0.074, 0.075)",0.034972910232888454,0.075
"[0.075, 0.076)",0.0385257154844842,0.076
"[0.076, 0.077)",0.035271635116793314,0.077
"[0.077, 0.078)",0.0399827946550813,0.078
"[0.078, 0.079)",0.04270494974506011,0.079
"[0.079, 0.08)",0.03482573823562989,0.08
"[0.08, 0.081)",0.03999609785026326,0.081
"[0.081, 0.082)",0.03593197055931591,0.082
"[0.082, 0.083)",0.03986272554907877,0.083
"[0.083, 0.084)",0.03513380292545051,0.084
"[0.084, 0.085)",0.03918279496752702,0.085
"[0.085, 0.08600000000000001)",0.0402790440520833,0.086
"[0.08600000000000001, 0.08700000000000001)",0.03716086554535514,0.087
"[0.08700000000000001, 0.088)",0.03790588975249826,0.088
"[0.088, 0.089)",0.037115003586099864,0.089
"[0.089, 0.09)",0.03860820088510072,0.09
"[0.09, 0.091)",0.030916489108459316,0.091
"[0.091, 0.092)",0.03677564392497001,0.092
"[0.092, 0.093)",0.03794820061366778,0.093
"[0.093, 0.094)",0.036823502519287524,0.094
"[0.094, 0.095)",0.03780231918526385,0.095
"[0.095, 0.096)",0.03463178583885973,0.096
"[0.096, 0.097)",0.038312233974190535,0.097
"[0.097, 0.098)",0.03467201889759604,0.098
"[0.098, 0.099)",0.03422082720686447,0.099
"[0.099, 0.1)",0.033742630167217506,0.1
"[0.1, 0.101)",0.03301001238726745,0.101
"[0.101, 0.10200000000000001)",0.03369526137145139,0.102
"[0.10200000000000001, 0.10300000000000001)",0.03588499151948628,0.103
"[0.10300000000000001, 0.10400000000000001)",0.031942034166265794,0.104
"[0.10400000000000001, 0.105)",0.03020404717236862,0.105
"[0.105, 0.106)",0.036473036875197824,0.106
"[0.106, 0.107)",0.035548594166385505,0.107
"[0.107, 0.108)",0.03806761973984971,0.108
"[0.108, 0.109)",0.03788868116122888,0.109
"[0.109, 0.11)",0.038466430465331214,0.11
"[0.11, 0.111)",0.03689755771052656,0.111
"[0.111, 0.112)",0.03555256546240421,0.112
"[0.112, 0.113)",0.03818316858644066,0.113
"[0.113, 0.114)",0.029952593321374364,0.114
"[0.114, 0.115)",0.03669753771046408,0.115
"[0.115, 0.116)",0.03528738734703503,0.116
"[0.116, 0.117)",0.0337189291712489,0.117
"[0.117, 0.11800000000000001)",0.033982091775615154,0.118
"[0.11800000000000001, 0.11900000000000001)",0.035914125167524055,0.119
"[0.11900000000000001, 0.12)",0.03649599405300895,0.12
"[0.12, 0.121)",0.034998572167749514,0.121
"[0.121, 0.122)",0.03916344780451664,0.122
"[0.122, 0.123)",0.03193946984468964,0.123
"[0.123, 0.124)",0.0383347802199312,0.124
"[0.124, 0.125)",0.03211786980667592,0.125
"[0.125, 0.126)",0.030257277510052652,0.126
"[0.126, 0.127)",0.03906637421886783,0.127
"[0.127, 0.128)",0.03006098010851058,0.128
"[0.128, 0.129)",0.03940009577388118,0.129
"[0.129, 0.13)",0.031125012492629212,0.13
"[0.13, 0.131)",0.03331238515504934,0.131
"[0.131, 0.132)",0.0350785054062708,0.132
"[0.132, 0.133)",0.04057292122846481,0.133
"[0.133, 0.134)",0.03872294887877136,0.134
"[0.134, 0.135)",0.03420102838497385,0.135
"[0.135, 0.136)",0.03343939996682876,0.136
"[0.136, 0.137)",0.03591435885458769,0.137
"[0.137, 0.138)",0.0323278340581118,0.138
"[0.138, 0.139)",0.03392129257764156,0.139
"[0.139, 0.14)",0.04126932639534243,0.14
"[0.14, 0.14100000000000001)",0.03129798384016272,0.141
"[0.14100000000000001, 0.14200000000000002)",0.030943695096038656,0.142
"[0.14200000000000002, 0.14300000000000002)",0.03443273581977467,0.143
"[0.14300000000000002, 0.14400000000000002)",0.029796857334082653,0.144
"[0.14400000000000002, 0.145)",0.03382458156855931,0.145
"[0.145, 0.146)",0.03633640452047576,0.146
"[0.146, 0.147)",0.036175527325288157,0.147
"[0.147, 0.148)",0.03352359800975442,0.148
"[0.148, 0.149)",0.03464924521290234,0.149
"[0.149, 0.15)",0.03505142684147028,0.15
"[0.15, 0.151)",0.035408517226422534,0.151
"[0.151, 0.152)",0.03901369159808527,0.152
"[0.152, 0.153)",0.035503551976731315,0.153
"[0.153, 0.154)",0.03625267613662377,0.154
"[0.154, 0.155)",0.03636282770146922,0.155
"[0.155, 0.156)",0.03559493142004158,0.156
"[0.156, 0.157)",0.034846735142399964,0.157
"[0.157, 0.158)",0.03389608268550039,0.158
"[0.158, 0.159)",0.0401292995342979,0.159
"[0.159, 0.16)",0.028798993874323817,0.16
"[0.16, 0.161)",0.03629973328713563,0.161
"[0.161, 0.162)",0.03532179514315352,0.162
"[0.162, 0.163)",0.03350306290850873,0.163
"[0.163, 0.164)",0.033045203055175436,0.164
"[0.164, 0.165)",0.03338258630845456,0.165
"[0.165, 0.166)",0.03129984790276784,0.166
"[0.166, 0.167)",0.03260767496320662,0.167
"[0.167, 0.168)",0.03747260599728459,0.168
"[0.168, 0.169)",0.037473477855589535,0.169
"[0.169, 0.17)",0.034443060994784426,0.17
"[0.17, 0.171)",0.03328993957208894,0.171
"[0.171, 0.17200000000000001)",0.03801562272636019,0.172
"[0.17200000000000001, 0.17300000000000001)",0.03196037544463631,0.173
"[0.17300000000000001, 0.17400000000000002)",0.032929919261950207,0.174
"[0.17400000000000002, 0.17500000000000002)",0.03501005420727842,0.175
"[0.17500000000000002, 0.176)",0.03314494083614586,0.176
"[0.176, 0.177)",0.04038205947290143,0.177
"[0.177, 0.178)",0.035488019378144775,0.178
"[0.178, 0.179)",0.036391744644470495,0.179
"[0.179, 0.18)",0.035833647231825395,0.18
"[0.18, 0.181)",0.03237525436389081,0.181
"[0.181, 0.182)",0.03333706690864714,0.182
"[0.182, 0.183)",0.030362661473302428,0.183
"[0.183, 0.184)",0.032204032665785774,0.184
"[0.184, 0.185)",0.0356033754323249,0.185
"[0.185, 0.186)",0.029743454174090102,0.186
"[0.186, 0.187)",0.04052471830349115,0.187
"[0.187, 0.188)",0.03764287724971709,0.188
"[0.188, 0.189)",0.03814030481363633,0.189
"[0.189, 0.19)",0.038368405156312305,0.19
"[0.19, 0.191)",0.032405985953161694,0.191
"[0.191, 0.192)",0.036161729577150255,0.192
"[0.192, 0.193)",0.0328904943860033,0.193
"[0.193, 0.194)",0.0308440538467325,0.194
"[0.194, 0.195)",0.03276337491986994,0.195
"[0.195, 0.196)",0.032515607835204054,0.196
"[0.196, 0.197)",0.03834021296353708,0.197
"[0.197, 0.198)",0.031636851186616695,0.198
"[0.198, 0.199)",0.03464277266629963,0.199
"[0.199, 0.2)",0.035088975223835105,0.2
"[0.2, 0.201)",0.03246623450683022,0.201
"[0.201, 0.202)",0.03337503896984025,0.202
"[0.202, 0.203)",0.03809090801156212,0.203
"[0.203, 0.20400000000000001)",0.038551792386869586,0.204
"[0.20400000000000001, 0.20500000000000002)",0.03424770818913314,0.205
"[0.20500000000000002, 0.20600000000000002)",0.04157306718504744,0.206
"[0.20600000000000002, 0.20700000000000002)",0.03316593777840165,0.207
"[0.20700000000000002, 0.20800000000000002)",0.03435483346708513,0.208
"[0.20800000000000002, 0.209)",0.03138875110533745,0.209
"[0.209, 0.21)",0.036416891222477446,0.21
"[0.21, 0.211)",0.033521280981181824,0.211
"[0.211, 0.212)",0.03475838699334156,0.212
"[0.212, 0.213)",0.029249450436652315,0.213
"[0.213, 0.214)",0.0360996871339828,0.214
"[0.214, 0.215)",0.04223821514131526,0.215
"[0.215, 0.216)",0.03172774857389852,0.216
"[0.216, 0.217)",0.03286600303524382,0.217
"[0.217, 0.218)",0.029523113851592314,0.218
"[0.218, 0.219)",0.034908774349402,0.219
"[0.219, 0.22)",0.0383128800630743,0.22
"[0.22, 0.221)",0.032647496384184065,0.221
"[0.221, 0.222)",0.032405209294402035,0.222
"[0.222, 0.223)",0.03164021582790599,0.223
"[0.223, 0.224)",0.028669475561672386,0.224
"[0.224, 0.225)",0.03400893975646176,0.225
"[0.225, 0.226)",0.03299258890973224,0.226
"[0.226, 0.227)",0.03184871823691356,0.227
"[0.227, 0.228)",0.03444776315702627,0.228
"[0.228, 0.229)",0.03227680517665796,0.229
"[0.229, 0.23)",0.034908566682669666,0.23
"[0.23, 0.231)",0.03332458793185114,0.231
"[0.231, 0.232)",0.03116835356424183,0.232
"[0.232, 0.233)",0.030985860303102474,0.233
"[0.233, 0.234)",0.03367622681479853,0.234
"[0.234, 0.23500000000000001)",0.02903201623237653,0.235
"[0.23500000000000001, 0.23600000000000002)",0.031666949335141754,0.236
"[0.23600000000000002, 0.23700000000000002)",0.029509271867591686,0.237
"[0.23700000000000002, 0.23800000000000002)",0.031069284442723766,0.238
"[0.23800000000000002, 0.23900000000000002)",0.03180097702179592,0.239
"[0.23900000000000002, 0.24)",0.0314947653032461,0.24
"[0.24, 0.241)",0.03282870540594374,0.241
"[0.241, 0.242)",0.03006152147755096,0.242
"[0.242, 0.243)",0.030004090901582826,0.243
"[0.243, 0.244)",0.030011729805548365,0.244
"[0.244, 0.245)",0.032754982758348386,0.245
"[0.245, 0.246)",0.031795647258046456,0.246
"[0.246, 0.247)",0.03208026498302341,0.247
"[0.247, 0.248)",0.030481242263208284,0.248
"[0.248, 0.249)",0.0330907952579654,0.249
"[0.249, 0.25)",0.03916515924497718,0.25
"[0.25, 0.251)",0.036450271658839406,0.251
"[0.251, 0.252)",0.029223143253070117,0.252
"[0.252, 0.253)",0.03566405382897002,0.253
"[0.253, 0.254)",0.030975516804696623,0.254
"[0.254, 0.255)",0.036698911913141695,0.255
"[0.255, 0.256)",0.030585972249583673,0.256
"[0.256, 0.257)",0.03109922207621118,0.257
"[0.257, 0.258)",0.03065652178462728,0.258
"[0.258, 0.259)",0.02635142858550911,0.259
"[0.259, 0.26)",0.03528529972458203,0.26
"[0.26, 0.261)",0.03777718591242682,0.261
"[0.261, 0.262)",0.032720119474021765,0.262
"[0.262, 0.263)",0.035028947264668646,0.263
"[0.263, 0.264)",0.034713737700746795,0.264
"[0.264, 0.265)",0.03186617201119643,0.265
"[0.265, 0.266)",0.03630826015493101,0.266
"[0.266, 0.267)",0.034770925695408815,0.267
"[0.267, 0.268)",0.033522586973486944,0.268
"[0.268, 0.269)",0.03253843349046845,0.269
"[0.269, 0.27)",0.03064541904399577,0.27
"[0.27, 0.271)",0.036872286527705155,0.271
"[0.271, 0.272)",0.029223758174209327,0.272
"[0.272, 0.273)",0.03238713710764641,0.273
"[0.273, 0.274)",0.03367362748881314,0.274
"[0.274, 0.275)",0.034002667332082015,0.275
"[0.275, 0.276)",0.030089274951577913,0.276
"[0.276, 0.277)",0.03291915672983706,0.277
"[0.277, 0.278)",0.028664591689054875,0.278
"[0.278, 0.279)",0.03158168723461455,0.279
"[0.279, 0.28)",0.027464138053449817,0.28
"[0.28, 0.281)",0.03172751482340705,0.281
"[0.281, 0.28200000000000003)",0.029295958719219983,0.282
"[0.28200000000000003, 0.28300000000000003)",0.03418661850557337,0.283
"[0.28300000000000003, 0.28400000000000003)",0.03445502588954251,0.284
"[0.28400000000000003, 0.28500000000000003)",0.03316435635894513,0.285
"[0.28500000000000003, 0.28600000000000003)",0.03696957407910276,0.286
"[0.28600000000000003, 0.28700000000000003)",0.031304737279211035,0.287
"[0.28700000000000003, 0.28800000000000003)",0.03733234903638166,0.288
"[0.28800000000000003, 0.289)",0.03249578524557321,0.289
"[0.289, 0.29)",0.032922908615746746,0.29
"[0.29, 0.291)",0.03245337081926902,0.291
"[0.291, 0.292)",0.02765217726126879,0.292
"[0.292, 0.293)",0.02895887879290154,0.293
"[0.293, 0.294)",0.03230222111487287,0.294
"[0.294, 0.295)",0.03183462683019051,0.295
"[0.295, 0.296)",0.029951304531012607,0.296
"[0.296, 0.297)",0.033062998010432304,0.297
"[0.297, 0.298)",0.03519512318047118,0.298
"[0.298, 0.299)",0.03356326239832208,0.299
"[0.299, 0.3)",0.038631820503883474,0.3
"[0.3, 0.301)",0.034215248798392266,0.301
"[0.301, 0.302)",0.02937123513109887,0.302
"[0.302, 0.303)",0.03166697705114247,0.303
"[0.303, 0.304)",0.03223502396175209,0.304
"[0.304, 0.305)",0.03304321490531111,0.305
"[0.305, 0.306)",0.027326101615522493,0.306
"[0.306, 0.307)",0.03003692128367943,0.307
"[0.307, 0.308)",0.029686176063775098,0.308
"[0.308, 0.309)",0.030029899726853784,0.309
"[0.309, 0.31)",0.03058635172277719,0.31
"[0.31, 0.311)",0.03257470677949255,0.311
"[0.311, 0.312)",0.03406351378413973,0.312
"[0.312, 0.313)",0.03486547019247877,0.313
"[0.313, 0.314)",0.03206439747797282,0.314
"[0.314, 0.315)",0.03544688640269147,0.315
"[0.315, 0.316)",0.03025896711478168,0.316
"[0.316, 0.317)",0.0341360789465544,0.317
"[0.317, 0.318)",0.031078443857299073,0.318
"[0.318, 0.319)",0.03723591891769809,0.319
"[0.319, 0.32)",0.03224027602443965,0.32
"[0.32, 0.321)",0.03329525961731433,0.321
"[0.321, 0.322)",0.03361393598568417,0.322
"[0.322, 0.323)",0.03140277008025769,0.323
"[0.323, 0.324)",0.03200852122848357,0.324
"[0.324, 0.325)",0.030397678698960495,0.325
"[0.325, 0.326)",0.029143817470793767,0.326
"[0.326, 0.327)",0.029363878524929332,0.327
"[0.327, 0.328)",0.02601057736235926,0.328
"[0.328, 0.329)",0.03312467244261902,0.329
"[0.329, 0.33)",0.028947304927733564,0.33
"[0.33, 0.331)",0.028173092922599983,0.331
"[0.331, 0.332)",0.029451929317777722,0.332
"[0.332, 0.333)",0.029053641446394725,0.333
"[0.333, 0.334)",0.03666879481774806,0.334
"[0.334, 0.335)",0.02869173149264273,0.335
"[0.335, 0.336)",0.031444058300665226,0.336
"[0.336, 0.337)",0.030471552133470126,0.337
"[0.337, 0.338)",0.03068741248129866,0.338
"[0.338, 0.339)",0.03207338990365492,0.339
"[0.339, 0.34)",0.0313556349387956,0.34
"[0.34, 0.341)",0.03130865907574016,0.341
"[0.341, 0.342)",0.025854338023158424,0.342
"[0.342, 0.343)",0.0357155073000097,0.343
"[0.343, 0.34400000000000003)",0.03163209542643897,0.344
"[0.34400000000000003, 0.34500000000000003)",0.03278279454979838,0.345
"[0.34500000000000003, 0.34600000000000003)",0.034662165702131716,0.346
"[0.34600000000000003, 0.34700000000000003)",0.027495678313591575,0.347
"[0.34700000000000003, 0.34800000000000003)",0.0331233551556987,0.348
"[0.34800000000000003, 0.34900000000000003)",0.028185332188090325,0.349
"[0.34900000000000003, 0.35000000000000003)",0.03085811464593837,0.35
"[0.35000000000000003, 0.35100000000000003)",0.03065273675553336,0.351
"[0.35100000000000003, 0.352)",0.032005153573646965,0.352
"[0.352, 0.353)",0.02992718446561512,0.353
"[0.353, 0.354)",0.02728495864752532,0.354
"[0.354, 0.355)",0.03095053374315788,0.355
"[0.355, 0.356)",0.0275859715496758,0.356
"[0.356, 0.357)",0.03323030197369285,0.357
"[0.357, 0.358)",0.03146094970856146,0.358
"[0.358, 0.359)",0.02910997232733728,0.359
"[0.359, 0.36)",0.03070163993709524,0.36
"[0.36, 0.361)",0.03129681715948686,0.361
"[0.361, 0.362)",0.03243887743929295,0.362
"[0.362, 0.363)",0.029325827173872138,0.363
"[0.363, 0.364)",0.035341519248894976,0.364
"[0.364, 0.365)",0.030770775118800317,0.365
"[0.365, 0.366)",0.032853477351702486,0.366
"[0.366, 0.367)",0.034411043827992406,0.367
"[0.367, 0.368)",0.02699884150276038,0.368
"[0.368, 0.369)",0.029242474577413937,0.369
"[0.369, 0.37)",0.03254002492173571,0.37
"[0.37, 0.371)",0.03317750377925195,0.371
"[0.371, 0.372)",0.03206224705627855,0.372
"[0.372, 0.373)",0.028779711160465057,0.373
"[0.373, 0.374)",0.02670477521774847,0.374
"[0.374, 0.375)",0.03203308235063505,0.375
"[0.375, 0.376)",0.026479371148457474,0.376
"[0.376, 0.377)",0.03113933348766176,0.377
"[0.377, 0.378)",0.03503836136696435,0.378
"[0.378, 0.379)",0.028304354717521296,0.379
"[0.379, 0.38)",0.031406156660643496,0.38
"[0.38, 0.381)",0.028942037352263226,0.381
"[0.381, 0.382)",0.02844433467626767,0.382
"[0.382, 0.383)",0.03350989899597243,0.383
"[0.383, 0.384)",0.028499780036923793,0.384
"[0.384, 0.385)",0.031653316888643146,0.385
"[0.385, 0.386)",0.032893013532037725,0.386
"[0.386, 0.387)",0.03136746506602891,0.387
"[0.387, 0.388)",0.032261117806447824,0.388
"[0.388, 0.389)",0.03385456044961974,0.389
"[0.389, 0.39)",0.027086843895491795,0.39
"[0.39, 0.391)",0.030924102555991862,0.391
"[0.391, 0.392)",0.03205922144974677,0.392
"[0.392, 0.393)",0.02903959063709674,0.393
"[0.393, 0.394)",0.03129730020921805,0.394
"[0.394, 0.395)",0.031685011305498896,0.395
"[0.395, 0.396)",0.029733808228843965,0.396
"[0.396, 0.397)",0.026881923841228037,0.397
"[0.397, 0.398)",0.028232337747047302,0.398
"[0.398, 0.399)",0.02816806785263719,0.399
"[0.399, 0.4)",0.03117407178589471,0.4
"[0.4, 0.401)",0.029934727370903663,0.401
"[0.401, 0.402)",0.02838052665002041,0.402
"[0.402, 0.403)",0.03350425162787519,0.403
"[0.403, 0.404)",0.033251701297710046,0.404
"[0.404, 0.405)",0.028155880940817873,0.405
"[0.405, 0.406)",0.03330754644836726,0.406
"[0.406, 0.40700000000000003)",0.029455233262191318,0.407
"[0.40700000000000003, 0.40800000000000003)",0.03144232171818447,0.408
"[0.40800000000000003, 0.40900000000000003)",0.031211855312593302,0.409
"[0.40900000000000003, 0.41000000000000003)",0.028474020610021036,0.41
"[0.41000000000000003, 0.41100000000000003)",0.032494360876331764,0.411
"[0.41100000000000003, 0.41200000000000003)",0.028462286123396213,0.412
"[0.41200000000000003, 0.41300000000000003)",0.027853252946978838,0.413
"[0.41300000000000003, 0.41400000000000003)",0.029981608588976395,0.414
"[0.41400000000000003, 0.41500000000000004)",0.02905708119885005,0.415
"[0.41500000000000004, 0.41600000000000004)",0.029622727764306734,0.416
"[0.41600000000000004, 0.417)",0.030908345465790518,0.417
"[0.417, 0.418)",0.030158218911278574,0.418
"[0.418, 0.419)",0.035484387108580775,0.419
"[0.419, 0.42)",0.028036728599701955,0.42
"[0.42, 0.421)",0.029470432838699347,0.421
"[0.421, 0.422)",0.03207243340858549,0.422
"[0.422, 0.423)",0.033420451170246994,0.423
"[0.423, 0.424)",0.029361786391530132,0.424
"[0.424, 0.425)",0.030829122977984753,0.425
"[0.425, 0.426)",0.029282876237029656,0.426
"[0.426, 0.427)",0.030025488010594438,0.427
"[0.427, 0.428)",0.028400019262177677,0.428
"[0.428, 0.429)",0.0313660447791294,0.429
"[0.429, 0.43)",0.031802414882238915,0.43
"[0.43, 0.431)",0.03129402734138306,0.431
"[0.431, 0.432)",0.02969433953268603,0.432
"[0.432, 0.433)",0.02856694002023636,0.433
"[0.433, 0.434)",0.030218233853018975,0.434
"[0.434, 0.435)",0.027456609613856653,0.435
"[0.435, 0.436)",0.029295921356993666,0.436
"[0.436, 0.437)",0.031080377481473374,0.437
"[0.437, 0.438)",0.03017748358349883,0.438
"[0.438, 0.439)",0.03304248454213959,0.439
"[0.439, 0.44)",0.028921191062488725,0.44
"[0.44, 0.441)",0.02706287379277966,0.441
"[0.441, 0.442)",0.027432860103838136,0.442
"[0.442, 0.443)",0.032444147722141964,0.443
"[0.443, 0.444)",0.03359394891580183,0.444
"[0.444, 0.445)",0.02615218529813678,0.445
"[0.445, 0.446)",0.03087209485612468,0.446
"[0.446, 0.447)",0.028466117273831724,0.447
"[0.447, 0.448)",0.028860232279293345,0.448
"[0.448, 0.449)",0.030049208522732754,0.449
"[0.449, 0.45)",0.035196977326458545,0.45
"[0.45, 0.451)",0.031365933951640106,0.451
"[0.451, 0.452)",0.03656659447994025,0.452
"[0.452, 0.453)",0.02813217857209155,0.453
"[0.453, 0.454)",0.028374550538222413,0.454
"[0.454, 0.455)",0.030107258000885328,0.455
"[0.455, 0.456)",0.0294880862320689,0.456
"[0.456, 0.457)",0.032794921000971304,0.457
"[0.457, 0.458)",0.030829106703798813,0.458
"[0.458, 0.459)",0.0257807570012036,0.459
"[0.459, 0.46)",0.028995219544781656,0.46
"[0.46, 0.461)",0.02990210285523587,0.461
"[0.461, 0.462)",0.030286889086081813,0.462
"[0.462, 0.463)",0.03137488462149051,0.463
"[0.463, 0.464)",0.030943258943703252,0.464
"[0.464, 0.465)",0.02862233293370239,0.465
"[0.465, 0.466)",0.026161810436459675,0.466
"[0.466, 0.467)",0.03147315634013414,0.467
"[0.467, 0.468)",0.03066590487188991,0.468
"[0.468, 0.46900000000000003)",0.02774613283444575,0.469
"[0.46900000000000003, 0.47000000000000003)",0.025913090311702584,0.47
"[0.47000000000000003, 0.47100000000000003)",0.03045905119349741,0.471
"[0.47100000000000003, 0.47200000000000003)",0.02973503213281989,0.472
"[0.47200000000000003, 0.47300000000000003)",0.029071877043649826,0.473
"[0.47300000000000003, 0.47400000000000003)",0.028481479341260017,0.474
"[0.47400000000000003, 0.47500000000000003)",0.02583694295596219,0.475
"[0.47500000000000003, 0.47600000000000003)",0.032066116813972236,0.476
"[0.47600000000000003, 0.47700000000000004)",0.025798832662823273,0.477
"[0.47700000000000004, 0.47800000000000004)",0.029321965703711084,0.478
"[0.47800000000000004, 0.47900000000000004)",0.02847810247415203,0.479
"[0.47900000000000004, 0.48)",0.022430554136104223,0.48
"[0.48, 0.481)",0.023780803749200927,0.481
"[0.481, 0.482)",0.02835507250796564,0.482
"[0.482, 0.483)",0.034179407477528054,0.483
"[0.483, 0.484)",0.0296429554356189,0.484
"[0.484, 0.485)",0.02190153866703571,0.485
"[0.485, 0.486)",0.027734267177075538,0.486
"[0.486, 0.487)",0.03567082095759089,0.487
"[0.487, 0.488)",0.025185389230620466,0.488
"[0.488, 0.489)",0.030527677098519373,0.489
"[0.489, 0.49)",0.02789408931141498,0.49
"[0.49, 0.491)",0.02873963851210712,0.491
"[0.491, 0.492)",0.030860045758741267,0.492
"[0.492, 0.493)",0.026272239097465497,0.493
"[0.493, 0.494)",0.029194393300478873,0.494
"[0.494, 0.495)",0.030577687118064446,0.495
"[0.495, 0.496)",0.03102589082515036,0.496
"[0.496, 0.497)",0.029537481191780818,0.497
"[0.497, 0.498)",0.03447038015127552,0.498
"[0.498, 0.499)",0.027696577112109363,0.499
"[0.499, 0.5)",0.027636697613701446,0.5
"[0.5, 0.501)",0.02770010577108571,0.501
"[0.501, 0.502)",0.0391615107862752,0.502
"[0.502, 0.503)",0.02975852756315164,0.503
"[0.503, 0.504)",0.029241780694017182,0.504
"[0.504, 0.505)",0.02879664765933925,0.505
"[0.505, 0.506)",0.03175462088895408,0.506
"[0.506, 0.507)",0.03126551581147095,0.507
"[0.507, 0.508)",0.03268024316615922,0.508
"[0.508, 0.509)",0.03286582018213392,0.509
"[0.509, 0.51)",0.03350246660666279,0.51
"[0.51, 0.511)",0.035099767494230744,0.511
"[0.511, 0.512)",0.030427238198156004,0.512
"[0.512, 0.513)",0.030053278915197927,0.513
"[0.513, 0.514)",0.03581102373356887,0.514
"[0.514, 0.515)",0.03356014645058136,0.515
"[0.515, 0.516)",0.02974318799249442,0.516
"[0.516, 0.517)",0.02812590773325657,0.517
"[0.517, 0.518)",0.029045004120322133,0.518
"[0.518, 0.519)",0.027403592561839038,0.519
"[0.519, 0.52)",0.025243736317399987,0.52
"[0.52, 0.521)",0.028291099284204098,0.521
"[0.521, 0.522)",0.033445308184319934,0.522
"[0.522, 0.523)",0.03128787059841429,0.523
"[0.523, 0.524)",0.029288218791186385,0.524
"[0.524, 0.525)",0.030650463842969423,0.525
"[0.525, 0.526)",0.0316437626404643,0.526
"[0.526, 0.527)",0.02782789002239948,0.527
"[0.527, 0.528)",0.029300748289815933,0.528
"[0.528, 0.529)",0.031513066726896494,0.529
"[0.529, 0.53)",0.025504269904277455,0.53
"[0.53, 0.531)",0.028815131148958284,0.531
"[0.531, 0.532)",0.02988241968817565,0.532
"[0.532, 0.533)",0.03153224062126141,0.533
"[0.533, 0.534)",0.027024649402923966,0.534
"[0.534, 0.535)",0.025584135019898455,0.535
"[0.535, 0.536)",0.03062983086122607,0.536
"[0.536, 0.537)",0.03087583411665896,0.537
"[0.537, 0.538)",0.039134730067730175,0.538
"[0.538, 0.539)",0.03224834785093217,0.539
"[0.539, 0.54)",0.03174610542482175,0.54
"[0.54, 0.541)",0.02869336346938243,0.541
"[0.541, 0.542)",0.029647301508299584,0.542
"[0.542, 0.543)",0.028750431294544413,0.543
"[0.543, 0.544)",0.028058858382678943,0.544
"[0.544, 0.545)",0.026853589863382345,0.545
"[0.545, 0.546)",0.0274759802459364,0.546
"[0.546, 0.547)",0.031878189832456896,0.547
"[0.547, 0.548)",0.028829818263134844,0.548
"[0.548, 0.549)",0.02902877699977006,0.549
"[0.549, 0.55)",0.027482600219667894,0.55
"[0.55, 0.551)",0.03014209108091257,0.551
"[0.551, 0.552)",0.030880310965925896,0.552
"[0.552, 0.553)",0.029908862506159397,0.553
"[0.553, 0.554)",0.030359103588387046,0.554
"[0.554, 0.555)",0.03212802812014134,0.555
"[0.555, 0.556)",0.030687709097406965,0.556
"[0.556, 0.557)",0.03752514519071339,0.557
"[0.557, 0.558)",0.03621461442146851,0.558
"[0.558, 0.559)",0.02877060725506797,0.559
"[0.559, 0.56)",0.03198932046633564,0.56
"[0.56, 0.561)",0.032910438945146066,0.561
"[0.561, 0.562)",0.03326519468809997,0.562
"[0.562, 0.5630000000000001)",0.02873498574036946,0.563
"[0.5630000000000001, 0.5640000000000001)",0.03644178328773357,0.564
"[0.5640000000000001, 0.5650000000000001)",0.031777616155504805,0.565
"[0.5650000000000001, 0.5660000000000001)",0.02962794506196802,0.566
"[0.5660000000000001, 0.5670000000000001)",0.02717932861649586,0.567
"[0.5670000000000001, 0.5680000000000001)",0.03116070457524036,0.568
"[0.5680000000000001, 0.5690000000000001)",0.030525027485439688,0.569
"[0.5690000000000001, 0.5700000000000001)",0.029688461669951885,0.57
"[0.5700000000000001, 0.5710000000000001)",0.03155604193511899,0.571
"[0.5710000000000001, 0.5720000000000001)",0.02710147509131773,0.572
"[0.5720000000000001, 0.5730000000000001)",0.029654438027580842,0.573
"[0.5730000000000001, 0.5740000000000001)",0.02574847316625293,0.574
"[0.5740000000000001, 0.5750000000000001)",0.035385182082104664,0.575
"[0.5750000000000001, 0.5760000000000001)",0.03049156794133016,0.576
"[0.5760000000000001, 0.577)",0.03216016599679376,0.577
"[0.577, 0.578)",0.028468299191094674,0.578
"[0.578, 0.579)",0.03332895463251734,0.579
"[0.579, 0.58)",0.0328229991945386,0.58
"[0.58, 0.581)",0.029115851335631285,0.581
"[0.581, 0.582)",0.030108294292070945,0.582
"[0.582, 0.583)",0.028517882019220935,0.583
"[0.583, 0.584)",0.029013089749045082,0.584
"[0.584, 0.585)",0.03239037546631512,0.585
"[0.585, 0.586)",0.028288181057604042,0.586
"[0.586, 0.587)",0.03223213598981335,0.587
"[0.587, 0.588)",0.032588070616033665,0.588
"[0.588, 0.589)",0.026066561730663507,0.589
"[0.589, 0.59)",0.02858817834938993,0.59
"[0.59, 0.591)",0.024383607876845355,0.591
"[0.591, 0.592)",0.028612716075935848,0.592
"[0.592, 0.593)",0.02881071321969342,0.593
"[0.593, 0.594)",0.029545715325905313,0.594
"[0.594, 0.595)",0.029661342421895,0.595
"[0.595, 0.596)",0.03484686683488781,0.596
"[0.596, 0.597)",0.033768068984541,0.597
"[0.597, 0.598)",0.02710307972422083,0.598
"[0.598, 0.599)",0.032306878573907544,0.599
"[0.599, 0.6)",0.029467458680950603,0.6
"[0.6, 0.601)",0.023966190795585735,0.601
"[0.601, 0.602)",0.038202980147661096,0.602
"[0.602, 0.603)",0.033544895261171236,0.603
"[0.603, 0.604)",0.02506335767815693,0.604
"[0.604, 0.605)",0.030016925404269056,0.605
"[0.605, 0.606)",0.03166022854509271,0.606
"[0.606, 0.607)",0.030458936976007513,0.607
"[0.607, 0.608)",0.029190811578500002,0.608
"[0.608, 0.609)",0.03061079505017433,0.609
"[0.609, 0.61)",0.028563689506366036,0.61
"[0.61, 0.611)",0.025118039846606228,0.611
"[0.611, 0.612)",0.030797600090265484,0.612
"[0.612, 0.613)",0.026349849847803638,0.613
"[0.613, 0.614)",0.028302501251564607,0.614
"[0.614, 0.615)",0.026923835603506644,0.615
"[0.615, 0.616)",0.03073726153835187,0.616
"[0.616, 0.617)",0.0320287419052955,0.617
"[0.617, 0.618)",0.02882911836824324,0.618
"[0.618, 0.619)",0.03341822077991873,0.619
"[0.619, 0.62)",0.03283393286489873,0.62
"[0.62, 0.621)",0.030286541794934983,0.621
"[0.621, 0.622)",0.026947503628194973,0.622
"[0.622, 0.623)",0.03208318170302231,0.623
"[0.623, 0.624)",0.028703050960294806,0.624
"[0.624, 0.625)",0.03448105970757121,0.625
"[0.625, 0.626)",0.03031437935453355,0.626
"[0.626, 0.627)",0.03447659766142129,0.627
"[0.627, 0.628)",0.03164773317198005,0.628
"[0.628, 0.629)",0.03015887064134742,0.629
"[0.629, 0.63)",0.027763438290625005,0.63
"[0.63, 0.631)",0.02581463742966623,0.631
"[0.631, 0.632)",0.025477232720221614,0.632
"[0.632, 0.633)",0.03289786138620368,0.633
"[0.633, 0.634)",0.027212132208135165,0.634
"[0.634, 0.635)",0.035726546092910406,0.635
"[0.635, 0.636)",0.024832285751672904,0.636
"[0.636, 0.637)",0.03335359253234534,0.637
"[0.637, 0.638)",0.03185989056267436,0.638
"[0.638, 0.639)",0.02716242150440107,0.639
"[0.639, 0.64)",0.027680994816330472,0.64
"[0.64, 0.641)",0.025775550568709248,0.641
"[0.641, 0.642)",0.029747050638022098,0.642
"[0.642, 0.643)",0.032427589444581205,0.643
"[0.643, 0.644)",0.027124115878289504,0.644
"[0.644, 0.645)",0.02680298565190185,0.645
"[0.645, 0.646)",0.027221381634868414,0.646
"[0.646, 0.647)",0.032588891429070954,0.647
"[0.647, 0.648)",0.029322629844727985,0.648
"[0.648, 0.649)",0.03484181150845239,0.649
"[0.649, 0.65)",0.036210839266259134,0.65
"[0.65, 0.651)",0.03306709892821159,0.651
"[0.651, 0.652)",0.027796259832774332,0.652
"[0.652, 0.653)",0.025598454392268218,0.653
"[0.653, 0.654)",0.03195134576524342,0.654
"[0.654, 0.655)",0.02611876298701474,0.655
"[0.655, 0.656)",0.030330580928624014,0.656
"[0.656, 0.657)",0.030364449211323724,0.657
"[0.657, 0.658)",0.02615941489952561,0.658
"[0.658, 0.659)",0.028140994761024357,0.659
"[0.659, 0.66)",0.029747573820498238,0.66
"[0.66, 0.661)",0.026392621497595792,0.661
"[0.661, 0.662)",0.028364545296961998,0.662
"[0.662, 0.663)",0.030745695889637912,0.663
"[0.663, 0.664)",0.02171040856447137,0.664
"[0.664, 0.665)",0.026248853420744726,0.665
"[0.665, 0.666)",0.026011098777792757,0.666
"[0.666, 0.667)",0.029114659249948042,0.667
"[0.667, 0.668)",0.02863175910616865,0.668
"[0.668, 0.669)",0.03646765020201379,0.669
"[0.669, 0.67)",0.027331683405367284,0.67
"[0.67, 0.671)",0.0294254008167622,0.671
"[0.671, 0.672)",0.027537921733644038,0.672
"[0.672, 0.673)",0.025419988256232727,0.673
"[0.673, 0.674)",0.02598770277787117,0.674
"[0.674, 0.675)",0.03627675748551129,0.675
"[0.675, 0.676)",0.025987996518134035,0.676
"[0.676, 0.677)",0.031488096131603874,0.677
"[0.677, 0.678)",0.027820463917867945,0.678
"[0.678, 0.679)",0.03788255433247706,0.679
"[0.679, 0.68)",0.031039071009426263,0.68
"[0.68, 0.681)",0.031366169619155664,0.681
"[0.681, 0.682)",0.02585773498685679,0.682
"[0.682, 0.683)",0.027925974928515566,0.683
"[0.683, 0.684)",0.03147889700070526,0.684
"[0.684, 0.685)",0.025467036209660607,0.685
"[0.685, 0.686)",0.028758444461601067,0.686
"[0.686, 0.687)",0.02911809982144703,0.687
"[0.687, 0.6880000000000001)",0.029880763981077158,0.688
"[0.6880000000000001, 0.6890000000000001)",0.03344379433171759,0.689
"[0.6890000000000001, 0.6900000000000001)",0.03373787081544442,0.69
"[0.6900000000000001, 0.6910000000000001)",0.031172259930811515,0.691
"[0.6910000000000001, 0.6920000000000001)",0.031575163422207085,0.692
"[0.6920000000000001, 0.6930000000000001)",0.028058218324315813,0.693
"[0.6930000000000001, 0.6940000000000001)",0.034399676001115674,0.694
"[0.6940000000000001, 0.6950000000000001)",0.03099867903671073,0.695
"[0.6950000000000001, 0.6960000000000001)",0.03287003587982586,0.696
"[0.6960000000000001, 0.6970000000000001)",0.028891549146464666,0.697
"[0.6970000000000001, 0.6980000000000001)",0.030064848033205173,0.698
"[0.6980000000000001, 0.6990000000000001)",0.036717862143732176,0.699
"[0.6990000000000001, 0.7000000000000001)",0.02966570863655416,0.7
"[0.7000000000000001, 0.7010000000000001)",0.03060566333935395,0.701
"[0.7010000000000001, 0.7020000000000001)",0.025299426721959478,0.702
"[0.7020000000000001, 0.7030000000000001)",0.03302911173959184,0.703
"[0.7030000000000001, 0.704)",0.024191780401104975,0.704
"[0.704, 0.705)",0.036769425885887184,0.705
"[0.705, 0.706)",0.03256617554235809,0.706
"[0.706, 0.707)",0.03123007436151642,0.707
"[0.707, 0.708)",0.023361260275669215,0.708
"[0.708, 0.709)",0.026608621451548343,0.709
"[0.709, 0.71)",0.029847038394423365,0.71
"[0.71, 0.711)",0.02289136344878298,0.711
"[0.711, 0.712)",0.030965573393969235,0.712
"[0.712, 0.713)",0.028351460823800922,0.713
"[0.713, 0.714)",0.028117270223892904,0.714
"[0.714, 0.715)",0.025079133622003102,0.715
"[0.715, 0.716)",0.026025181923556254,0.716
"[0.716, 0.717)",0.028061523756877947,0.717
"[0.717, 0.718)",0.025912030682912392,0.718
"[0.718, 0.719)",0.030859660480795956,0.719
"[0.719, 0.72)",0.029236525730285734,0.72
"[0.72, 0.721)",0.03077441956452567,0.721
"[0.721, 0.722)",0.03033030170217088,0.722
"[0.722, 0.723)",0.03348297142169015,0.723
"[0.723, 0.724)",0.02333276902050602,0.724
"[0.724, 0.725)",0.028746371084356695,0.725
"[0.725, 0.726)",0.024491342149249685,0.726
"[0.726, 0.727)",0.02747419532537655,0.727
"[0.727, 0.728)",0.035775080435425544,0.728
"[0.728, 0.729)",0.02717919545974514,0.729
"[0.729, 0.73)",0.02961369619225911,0.73
"[0.73, 0.731)",0.02979100108235297,0.731
"[0.731, 0.732)",0.029763023446971657,0.732
"[0.732, 0.733)",0.03112588304361371,0.733
"[0.733, 0.734)",0.029915525950327888,0.734
"[0.734, 0.735)",0.029077367729098226,0.735
"[0.735, 0.736)",0.03363461093154569,0.736
"[0.736, 0.737)",0.031059513330475477,0.737
"[0.737, 0.738)",0.028523985646078446,0.738
"[0.738, 0.739)",0.03200918635465837,0.739
"[0.739, 0.74)",0.03462123398723045,0.74
"[0.74, 0.741)",0.02628337598036915,0.741
"[0.741, 0.742)",0.029593671550649365,0.742
"[0.742, 0.743)",0.028244894717694598,0.743
"[0.743, 0.744)",0.027542633429386117,0.744
"[0.744, 0.745)",0.026459864697727323,0.745
"[0.745, 0.746)",0.02598692620775583,0.746
"[0.746, 0.747)",0.03197770352012382,0.747
"[0.747, 0.748)",0.02817850772452344,0.748
"[0.748, 0.749)",0.029981255955927086,0.749
"[0.749, 0.75)",0.02363622590065255,0.75
"[0.75, 0.751)",0.029317046494520518,0.751
"[0.751, 0.752)",0.026768444951690524,0.752
"[0.752, 0.753)",0.028533599859450764,0.753
"[0.753, 0.754)",0.032906409454738564,0.754
"[0.754, 0.755)",0.033442791757710644,0.755
"[0.755, 0.756)",0.02787773907477747,0.756
"[0.756, 0.757)",0.025590017099399412,0.757
"[0.757, 0.758)",0.030077314958702518,0.758
"[0.758, 0.759)",0.02903877287778311,0.759
"[0.759, 0.76)",0.03446642271052852,0.76
"[0.76, 0.761)",0.02696618198435487,0.761
"[0.761, 0.762)",0.026302258364292518,0.762
"[0.762, 0.763)",0.025944766175040584,0.763
"[0.763, 0.764)",0.030409287554828624,0.764
"[0.764, 0.765)",0.029566594558786963,0.765
"[0.765, 0.766)",0.029350969163907295,0.766
"[0.766, 0.767)",0.025965597378299704,0.767
"[0.767, 0.768)",0.02523449975949849,0.768
"[0.768, 0.769)",0.03182601003814936,0.769
"[0.769, 0.77)",0.02997576574862684,0.77
"[0.77, 0.771)",0.025555214521355188,0.771
"[0.771, 0.772)",0.02627870411033903,0.772
"[0.772, 0.773)",0.031816490840178575,0.773
"[0.773, 0.774)",0.025355321178420754,0.774
"[0.774, 0.775)",0.026673563353565816,0.775
"[0.775, 0.776)",0.02821191598452342,0.776
"[0.776, 0.777)",0.028657840884139016,0.777
"[0.777, 0.778)",0.027204644128109877,0.778
"[0.778, 0.779)",0.028627199772927263,0.779
"[0.779, 0.78)",0.029175169944684432,0.78
"[0.78, 0.781)",0.028339967040155067,0.781
"[0.781, 0.782)",0.026485063754017137,0.782
"[0.782, 0.783)",0.029781659109704,0.783
"[0.783, 0.784)",0.03510490967778614,0.784
"[0.784, 0.785)",0.03296513747145162,0.785
"[0.785, 0.786)",0.02544184939065749,0.786
"[0.786, 0.787)",0.03079658179096673,0.787
"[0.787, 0.788)",0.02574117096986537,0.788
"[0.788, 0.789)",0.027175921863787224,0.789
"[0.789, 0.79)",0.028584538815309486,0.79
"[0.79, 0.791)",0.0357879178978699,0.791
"[0.791, 0.792)",0.0316974015064148,0.792
"[0.792, 0.793)",0.0356411325044374,0.793
"[0.793, 0.794)",0.029926752128067526,0.794
"[0.794, 0.795)",0.029972000680173933,0.795
"[0.795, 0.796)",0.03209479583863146,0.796
"[0.796, 0.797)",0.03291435835093491,0.797
"[0.797, 0.798)",0.029425387180399276,0.798
"[0.798, 0.799)",0.029918131102618685,0.799
"[0.799, 0.8)",0.027778271758638798,0.8
"[0.8, 0.801)",0.02959345136859211,0.801
"[0.801, 0.802)",0.030871517564569555,0.802
"[0.802, 0.803)",0.033846933273562405,0.803
"[0.803, 0.804)",0.024968445090121315,0.804
"[0.804, 0.805)",0.03175807218462299,0.805
"[0.805, 0.806)",0.025880293846366646,0.806
"[0.806, 0.807)",0.023604317974548792,0.807
"[0.807, 0.808)",0.03031468442727275,0.808
"[0.808, 0.809)",0.028594779567294566,0.809
"[0.809, 0.81)",0.028956281460416684,0.81
"[0.81, 0.811)",0.03143164318608063,0.811
"[0.811, 0.812)",0.03143294123761999,0.812
"[0.812, 0.8130000000000001)",0.027752665571399302,0.813
"[0.8130000000000001, 0.8140000000000001)",0.026945518656093202,0.814
"[0.8140000000000001, 0.8150000000000001)",0.029842707058931908,0.815
"[0.8150000000000001, 0.8160000000000001)",0.028359945380570448,0.816
"[0.8160000000000001, 0.8170000000000001)",0.028863756244906065,0.817
"[0.8170000000000001, 0.8180000000000001)",0.03152819866738224,0.818
"[0.8180000000000001, 0.8190000000000001)",0.03337401233510274,0.819
"[0.8190000000000001, 0.8200000000000001)",0.030415802873297294,0.82
"[0.8200000000000001, 0.8210000000000001)",0.0313647488643427,0.821
"[0.8210000000000001, 0.8220000000000001)",0.028978548459333363,0.822
"[0.8220000000000001, 0.8230000000000001)",0.026782433640412204,0.823
"[0.8230000000000001, 0.8240000000000001)",0.031025711687920832,0.824
"[0.8240000000000001, 0.8250000000000001)",0.027976765523475257,0.825
"[0.8250000000000001, 0.8260000000000001)",0.022507186147636422,0.826
"[0.8260000000000001, 0.8270000000000001)",0.027812804015650592,0.827
"[0.8270000000000001, 0.8280000000000001)",0.037475866122943485,0.828
"[0.8280000000000001, 0.8290000000000001)",0.025672325882261243,0.829
"[0.8290000000000001, 0.8300000000000001)",0.029564318778710953,0.83
"[0.8300000000000001, 0.8310000000000001)",0.024372718362857152,0.831
"[0.8310000000000001, 0.8320000000000001)",0.03000627686457725,0.832
"[0.8320000000000001, 0.833)",0.02997795568039608,0.833
"[0.833, 0.834)",0.037400770454128665,0.834
"[0.834, 0.835)",0.03386108046023257,0.835
"[0.835, 0.836)",0.02857076279111115,0.836
"[0.836, 0.837)",0.02728272522895334,0.837
"[0.837, 0.838)",0.02401709314945657,0.838
"[0.838, 0.839)",0.02939916417131936,0.839
"[0.839, 0.84)",0.03075097226940305,0.84
"[0.84, 0.841)",0.03131302945959188,0.841
"[0.841, 0.842)",0.02888608202718101,0.842
"[0.842, 0.843)",0.027010030563829866,0.843
"[0.843, 0.844)",0.03179231267912726,0.844
"[0.844, 0.845)",0.027129287776649785,0.845
"[0.845, 0.846)",0.029318453601953863,0.846
"[0.846, 0.847)",0.03147169752853529,0.847
"[0.847, 0.848)",0.0330663650951493,0.848
"[0.848, 0.849)",0.032417854951724175,0.849
"[0.849, 0.85)",0.03265530728279771,0.85
"[0.85, 0.851)",0.03181361319317348,0.851
"[0.851, 0.852)",0.030798919361784333,0.852
"[0.852, 0.853)",0.022468477851872698,0.853
"[0.853, 0.854)",0.03069191792010582,0.854
"[0.854, 0.855)",0.029882585591477346,0.855
"[0.855, 0.856)",0.030246417612343496,0.856
"[0.856, 0.857)",0.03300836012694301,0.857
"[0.857, 0.858)",0.026909455957884625,0.858
"[0.858, 0.859)",0.03543427389198544,0.859
"[0.859, 0.86)",0.030822989395782714,0.86
"[0.86, 0.861)",0.024936215867924535,0.861
"[0.861, 0.862)",0.03428065717717601,0.862
"[0.862, 0.863)",0.024975502073702388,0.863
"[0.863, 0.864)",0.023551483070135444,0.864
"[0.864, 0.865)",0.027315018981276626,0.865
"[0.865, 0.866)",0.022629070340818725,0.866
"[0.866, 0.867)",0.03190269482218874,0.867
"[0.867, 0.868)",0.03248889257433467,0.868
"[0.868, 0.869)",0.029023443805967105,0.869
"[0.869, 0.87)",0.032996929474157305,0.87
"[0.87, 0.871)",0.033730670867162756,0.871
"[0.871, 0.872)",0.027544199554671325,0.872
"[0.872, 0.873)",0.027256047478148207,0.873
"[0.873, 0.874)",0.03446885947701865,0.874
"[0.874, 0.875)",0.02614084673634542,0.875
"[0.875, 0.876)",0.027341183911175362,0.876
"[0.876, 0.877)",0.037500721321257605,0.877
"[0.877, 0.878)",0.0281014203488223,0.878
"[0.878, 0.879)",0.02839782099417722,0.879
"[0.879, 0.88)",0.026955603515881183,0.88
"[0.88, 0.881)",0.03533964182633933,0.881
"[0.881, 0.882)",0.02629391299460502,0.882
"[0.882, 0.883)",0.03404239857925113,0.883
"[0.883, 0.884)",0.03344530351939836,0.884
"[0.884, 0.885)",0.028531446178970986,0.885
"[0.885, 0.886)",0.02894380361981673,0.886
"[0.886, 0.887)",0.03592314525430864,0.887
"[0.887, 0.888)",0.030077587493972095,0.888
"[0.888, 0.889)",0.030592704356437267,0.889
"[0.889, 0.89)",0.03677977181402806,0.89
"[0.89, 0.891)",0.029711104963256768,0.891
"[0.891, 0.892)",0.025660970755555585,0.892
"[0.892, 0.893)",0.026809001730506158,0.893
"[0.893, 0.894)",0.02743504355108503,0.894
"[0.894, 0.895)",0.031411022795428595,0.895
"[0.895, 0.896)",0.033585052564298896,0.896
"[0.896, 0.897)",0.032961571000000064,0.897
"[0.897, 0.898)",0.02811612234452835,0.898
"[0.898, 0.899)",0.029728291987907888,0.899
"[0.899, 0.9)",0.04184381698720293,0.9
"[0.9, 0.901)",0.0295992082871226,0.901
"[0.901, 0.902)",0.0333157898769336,0.902
"[0.902, 0.903)",0.03307017174943186,0.903
"[0.903, 0.904)",0.025416700718304465,0.904
"[0.904, 0.905)",0.02676693263700375,0.905
"[0.905, 0.906)",0.0312535494594961,0.906
"[0.906, 0.907)",0.02915551170117992,0.907
"[0.907, 0.908)",0.030179171423306776,0.908
"[0.908, 0.909)",0.03438275151950721,0.909
"[0.909, 0.91)",0.02959778945782106,0.91
"[0.91, 0.911)",0.031631069262465776,0.911
"[0.911, 0.912)",0.030026440303106076,0.912
"[0.912, 0.913)",0.027303252271941438,0.913
"[0.913, 0.914)",0.026195217043669762,0.914
"[0.914, 0.915)",0.033269017646226466,0.915
"[0.915, 0.916)",0.028856997245699872,0.916
"[0.916, 0.917)",0.023516035862300756,0.917
"[0.917, 0.918)",0.030436962660000077,0.918
"[0.918, 0.919)",0.03321382403147117,0.919
"[0.919, 0.92)",0.02736791106220005,0.92
"[0.92, 0.921)",0.02809126573701071,0.921
"[0.921, 0.922)",0.03547136835807051,0.922
"[0.922, 0.923)",0.03396131976632863,0.923
"[0.923, 0.924)",0.03666229632912089,0.924
"[0.924, 0.925)",0.03565148215294801,0.925
"[0.925, 0.926)",0.03414432074000001,0.926
"[0.926, 0.927)",0.036840600415511286,0.927
"[0.927, 0.928)",0.032581648618688265,0.928
"[0.928, 0.929)",0.03148927480863728,0.929
"[0.929, 0.93)",0.03874011752658154,0.93
"[0.93, 0.931)",0.03216310694221014,0.931
"[0.931, 0.932)",0.02716096829765876,0.932
"[0.932, 0.933)",0.031015424009160356,0.933
"[0.933, 0.934)",0.028180950968015463,0.934
"[0.934, 0.935)",0.026806190349293185,0.935
"[0.935, 0.936)",0.03570511995845221,0.936
"[0.936, 0.937)",0.028601733010820925,0.937
"[0.937, 0.9380000000000001)",0.028699140964990384,0.938
"[0.9380000000000001, 0.9390000000000001)",0.032934309367061175,0.939
"[0.9390000000000001, 0.9400000000000001)",0.02904867206797025,0.94
"[0.9400000000000001, 0.9410000000000001)",0.03303699455699802,0.941
"[0.9410000000000001, 0.9420000000000001)",0.039570678823359046,0.942
"[0.9420000000000001, 0.9430000000000001)",0.024291952884183718,0.943
"[0.9430000000000001, 0.9440000000000001)",0.031183226695800044,0.944
"[0.9440000000000001, 0.9450000000000001)",0.037229935245720255,0.945
"[0.9450000000000001, 0.9460000000000001)",0.03235503046815418,0.946
"[0.9460000000000001, 0.9470000000000001)",0.02810290939216115,0.947
"[0.9470000000000001, 0.9480000000000001)",0.027365870862626294,0.948
"[0.9480000000000001, 0.9490000000000001)",0.032387758302069705,0.949
"[0.9490000000000001, 0.9500000000000001)",0.03934588142767782,0.95
"[0.9500000000000001, 0.9510000000000001)",0.030165189003094835,0.951
"[0.9510000000000001, 0.9520000000000001)",0.030255125498661602,0.952
"[0.9520000000000001, 0.9530000000000001)",0.028796582022796953,0.953
"[0.9530000000000001, 0.9540000000000001)",0.021698282912914982,0.954
"[0.9540000000000001, 0.9550000000000001)",0.03332949560747133,0.955
"[0.9550000000000001, 0.9560000000000001)",0.03044631088699363,0.956
"[0.9560000000000001, 0.9570000000000001)",0.030242298833076952,0.957
"[0.9570000000000001, 0.9580000000000001)",0.02421153846218939,0.958
"[0.9580000000000001, 0.9590000000000001)",0.027141888718052773,0.959
"[0.9590000000000001, 0.96)",0.03343929558250004,0.96
"[0.96, 0.961)",0.027437798518596877,0.961
"[0.961, 0.962)",0.03136242555870447,0.962
"[0.962, 0.963)",0.028434689368226147,0.963
"[0.963, 0.964)",0.039079153251785737,0.964
"[0.964, 0.965)",0.030386406055676895,0.965
"[0.965, 0.966)",0.026671065826315846,0.966
"[0.966, 0.967)",0.022892040629545463,0.967
"[0.967, 0.968)",0.030760240288636394,0.968
"[0.968, 0.969)",0.03143613698025215,0.969
"[0.969, 0.97)",0.026198017626106202,0.97
"[0.97, 0.971)",0.022961743588318963,0.971
"[0.971, 0.972)",0.029313332155069913,0.972
"[0.972, 0.973)",0.023376652988050327,0.973
"[0.973, 0.974)",0.02698848747337667,0.974
"[0.974, 0.975)",0.030608019906841075,0.975
"[0.975, 0.976)",0.03160921921687,0.976
"[0.976, 0.977)",0.028958391884531573,0.977
"[0.977, 0.978)",0.035669324533134934,0.978
"[0.978, 0.979)",0.021055502627104757,0.979
"[0.979, 0.98)",0.02801774123870107,0.98
"[0.98, 0.981)",0.030876345543524447,0.981
"[0.981, 0.982)",0.023904945085209236,0.982
"[0.982, 0.983)",0.02834611758571719,0.983
"[0.983, 0.984)",0.030318592742533637,0.984
"[0.984, 0.985)",0.030967059350754774,0.985
"[0.985, 0.986)",0.034685452226708116,0.986
"[0.986, 0.987)",0.028876015693041802,0.987
"[0.987, 0.988)",0.03678864668719009,0.988
"[0.988, 0.989)",0.030738870876659632,0.989
"[0.989, 0.99)",0.0314087057339752,0.99
"[0.99, 0.991)",0.02671303056474105,0.991
"[0.991, 0.992)",0.026245664697436496,0.992
"[0.992, 0.993)",0.029647827298497905,0.993
"[0.993, 0.994)",0.03226505418169293,0.994
"[0.994, 0.995)",0.030411509227017568,0.995
"[0.995, 0.996)",0.0306147932791045,0.996
"[0.996, 0.997)",0.033051233393111126,0.997
"[0.997, 0.998)",0.03041437510104604,0.998
"[0.998, 0.999)",0.028203149047835097,0.999
"[0.999, 1.0)",0.027168033463362263,1.0
"[1.0, 1.0010000000000001)",0.028964500445071317,1.001
"[1.0010000000000001, 1.002)",0.03885561307046089,1.002
"[1.002, 1.0030000000000001)",0.03353620515503191,1.003
"[1.0030000000000001, 1.004)",0.03069209668396442,1.004
"[1.004, 1.0050000000000001)",0.028115616863232155,1.005
"[1.0050000000000001, 1.006)",0.02507472068566211,1.006
"[1.006, 1.0070000000000001)",0.020004084940103955,1.007
"[1.0070000000000001, 1.008)",0.027912577301973718,1.008
"[1.008, 1.0090000000000001)",0.027028660146593445,1.009
"[1.0090000000000001, 1.01)",0.029965109879870732,1.01
"[1.01, 1.0110000000000001)",0.030624287247936196,1.011
"[1.0110000000000001, 1.012)",0.033761625670842885,1.012
"[1.012, 1.0130000000000001)",0.027362822507745542,1.013
"[1.0130000000000001, 1.014)",0.020080309997333328,1.014
"[1.014, 1.0150000000000001)",0.028167857129931532,1.015
"[1.0150000000000001, 1.016)",0.026384819447651038,1.016
"[1.016, 1.0170000000000001)",0.02980569084839454,1.017
"[1.0170000000000001, 1.018)",0.023201614658503435,1.018
"[1.018, 1.0190000000000001)",0.027408667551261076,1.019
"[1.0190000000000001, 1.02)",0.02743326979569163,1.02
"[1.02, 1.0210000000000001)",0.024991308476152184,1.021
"[1.0210000000000001, 1.022)",0.030432357319320615,1.022
"[1.022, 1.0230000000000001)",0.02797395939936035,1.023
"[1.0230000000000001, 1.024)",0.02867895534485966,1.024
"[1.024, 1.025)",0.0346446300498005,1.025
"[1.025, 1.026)",0.02752846265923568,1.026
"[1.026, 1.027)",0.02462498585339955,1.027
"[1.027, 1.028)",0.02499077257110095,1.028
"[1.028, 1.029)",0.0270319795683742,1.029
"[1.029, 1.03)",0.02526429786898233,1.03
"[1.03, 1.031)",0.02787123739501102,1.031
"[1.031, 1.032)",0.026908355565143493,1.032
"[1.032, 1.033)",0.02421453738736621,1.033
"[1.033, 1.034)",0.028349080583251578,1.034
"[1.034, 1.035)",0.028996065528510268,1.035
"[1.035, 1.036)",0.030690729511880194,1.036
"[1.036, 1.037)",0.028504017943644072,1.037
"[1.037, 1.038)",0.029128981088284555,1.038
"[1.038, 1.039)",0.02720649390436834,1.039
"[1.039, 1.04)",0.02856272898418894,1.04
"[1.04, 1.041)",0.024481880832631593,1.041
"[1.041, 1.042)",0.027354256206800036,1.042
"[1.042, 1.043)",0.030493774791737326,1.043
"[1.043, 1.044)",0.03106729373134334,1.044
"[1.044, 1.045)",0.03304762936329675,1.045
"[1.045, 1.046)",0.032614413930752456,1.046
"[1.046, 1.047)",0.027940543962325606,1.047
"[1.047, 1.048)",0.02582429802808282,1.048
"[1.048, 1.049)",0.023076961919952496,1.049
"[1.049, 1.05)",0.03295021390739919,1.05
"[1.05, 1.051)",0.031374385636853984,1.051
"[1.051, 1.052)",0.03186809361943851,1.052
"[1.052, 1.053)",0.02768374314425893,1.053
"[1.053, 1.054)",0.027124510762757254,1.054
"[1.054, 1.055)",0.03047705521392115,1.055
"[1.055, 1.056)",0.026357822754558228,1.056
"[1.056, 1.057)",0.02317284565496691,1.057
"[1.057, 1.058)",0.023556881345370404,1.058
"[1.058, 1.059)",0.028336487994832224,1.059
"[1.059, 1.06)",0.025495702740042866,1.06
"[1.06, 1.061)",0.029543417500000026,1.061
"[1.061, 1.062)",0.029470708101728426,1.062
"[1.062, 1.063)",0.03448313070985408,1.063
"[1.063, 1.064)",0.026193760480927614,1.064
"[1.064, 1.065)",0.03012263322252881,1.065
"[1.065, 1.066)",0.04275259468816329,1.066
"[1.066, 1.067)",0.02957274174089838,1.067
"[1.067, 1.068)",0.02962182814113478,1.068
"[1.068, 1.069)",0.032096170869011786,1.069
"[1.069, 1.07)",0.033875516758354145,1.07
"[1.07, 1.071)",0.029804355986104245,1.071
"[1.071, 1.072)",0.03155517150233102,1.072
"[1.072, 1.073)",0.03490746440508644,1.073
"[1.073, 1.074)",0.03552932536528221,1.074
"[1.074, 1.075)",0.021678270199488463,1.075
"[1.075, 1.076)",0.029476616429227075,1.076
"[1.076, 1.077)",0.029529263190483886,1.077
"[1.077, 1.078)",0.02971661365025384,1.078
"[1.078, 1.079)",0.024687315935550003,1.079
"[1.079, 1.08)",0.029318244614129366,1.08
"[1.08, 1.081)",0.0310964895480402,1.081
"[1.081, 1.082)",0.032215729553571444,1.082
"[1.082, 1.083)",0.026712235292727288,1.083
"[1.083, 1.084)",0.031759793898794,1.084
"[1.084, 1.085)",0.027207754129563,1.085
"[1.085, 1.086)",0.03520782450671301,1.086
"[1.086, 1.087)",0.03138178838736714,1.087
"[1.087, 1.088)",0.025185182456852712,1.088
"[1.088, 1.089)",0.023078153557437045,1.089
"[1.089, 1.09)",0.02705566410138253,1.09
"[1.09, 1.091)",0.02772819739570139,1.091
"[1.091, 1.092)",0.029127256327861787,1.092
"[1.092, 1.093)",0.02779990765034806,1.093
"[1.093, 1.094)",0.024913348428181836,1.094
"[1.094, 1.095)",0.031899834141458375,1.095
"[1.095, 1.096)",0.0281383033473836,1.096
"[1.096, 1.097)",0.02948029978225184,1.097
"[1.097, 1.098)",0.02528024047957685,1.098
"[1.098, 1.099)",0.02818183874997468,1.099
"[1.099, 1.1)",0.022074552115915094,1.1
"[1.1, 1.101)",0.03184326052851119,1.101
"[1.101, 1.102)",0.02497215777390587,1.102
"[1.102, 1.103)",0.03601691331691546,1.103
"[1.103, 1.104)",0.0267422423961174,1.104
"[1.104, 1.105)",0.03360917726993011,1.105
"[1.105, 1.106)",0.025391858220417708,1.106
"[1.106, 1.107)",0.030816677173302134,1.107
"[1.107, 1.108)",0.022182845196820365,1.108
"[1.108, 1.109)",0.0237432726604116,1.109
"[1.109, 1.11)",0.03785509126618364,1.11
"[1.11, 1.111)",0.02828473586750591,1.111
"[1.111, 1.112)",0.02692633789413333,1.112
"[1.112, 1.113)",0.03239865421106482,1.113
"[1.113, 1.114)",0.024196562776865653,1.114
"[1.114, 1.115)",0.029585846200838744,1.115
"[1.115, 1.116)",0.028095576489766384,1.116
"[1.116, 1.117)",0.02374488633542417,1.117
"[1.117, 1.118)",0.022362404770074798,1.118
"[1.118, 1.119)",0.028261435000602422,1.119
"[1.119, 1.12)",0.027387277449403325,1.12
"[1.12, 1.121)",0.025539900759787227,1.121
"[1.121, 1.122)",0.03264482450756886,1.122
"[1.122, 1.123)",0.030130145338228487,1.123
"[1.123, 1.124)",0.026913089342396338,1.124
"[1.124, 1.125)",0.025900243083836493,1.125
"[1.125, 1.1260000000000001)",0.028769041698076942,1.126
"[1.1260000000000001, 1.127)",0.023260861287000004,1.127
"[1.127, 1.1280000000000001)",0.03475499790818187,1.128
"[1.1280000000000001, 1.129)",0.023112112903805094,1.129
"[1.129, 1.1300000000000001)",0.0314619781923256,1.13
"[1.1300000000000001, 1.131)",0.030188882295034997,1.131
"[1.131, 1.1320000000000001)",0.0306343598311321,1.132
"[1.1320000000000001, 1.133)",0.026028232349893377,1.133
"[1.133, 1.1340000000000001)",0.0363884976503958,1.134
"[1.1340000000000001, 1.135)",0.02538083002464453,1.135
"[1.135, 1.1360000000000001)",0.02579841408646792,1.136
"[1.1360000000000001, 1.137)",0.026787671992987015,1.137
"[1.137, 1.1380000000000001)",0.033855472641050155,1.138
"[1.1380000000000001, 1.139)",0.024292225362807906,1.139
"[1.139, 1.1400000000000001)",0.029921674951546868,1.14
"[1.1400000000000001, 1.141)",0.027792623439902683,1.141
"[1.141, 1.1420000000000001)",0.026761474013624702,1.142
"[1.1420000000000001, 1.143)",0.028696817432506266,1.143
"[1.143, 1.1440000000000001)",0.03272633946329414,1.144
"[1.1440000000000001, 1.145)",0.027858267180147066,1.145
"[1.145, 1.1460000000000001)",0.023366905538061467,1.146
"[1.1460000000000001, 1.147)",0.02815018997615576,1.147
"[1.147, 1.1480000000000001)",0.03234175540125945,1.148
"[1.1480000000000001, 1.149)",0.026579946290610335,1.149
"[1.149, 1.1500000000000001)",0.02872284013650831,1.15
"[1.1500000000000001, 1.151)",0.03147982173743963,1.151
"[1.151, 1.1520000000000001)",0.02561630376090912,1.152
"[1.1520000000000001, 1.153)",0.02758963532716632,1.153
"[1.153, 1.154)",0.02604536345694763,1.154
"[1.154, 1.155)",0.03179536050221132,1.155
"[1.155, 1.156)",0.028590392029184578,1.156
"[1.156, 1.157)",0.026390721101293542,1.157
"[1.157, 1.158)",0.023111939922596136,1.158
"[1.158, 1.159)",0.030352191762842925,1.159
"[1.159, 1.16)",0.026901471720370402,1.16
"[1.16, 1.161)",0.023446274866834173,1.161
"[1.161, 1.162)",0.031378346330861284,1.162
"[1.162, 1.163)",0.02631159822319728,1.163
"[1.163, 1.164)",0.029711254474468093,1.164
"[1.164, 1.165)",0.031012778730673332,1.165
"[1.165, 1.166)",0.024168669456344136,1.166
"[1.166, 1.167)",0.026816836427600053,1.167
"[1.167, 1.168)",0.027976903916216236,1.168
"[1.168, 1.169)",0.03137432657866514,1.169
"[1.169, 1.17)",0.026964310149113952,1.17
"[1.17, 1.171)",0.02549854416599503,1.171
"[1.171, 1.172)",0.035988325180175924,1.172
"[1.172, 1.173)",0.028637611175680013,1.173
"[1.173, 1.174)",0.027700831520533375,1.174
"[1.174, 1.175)",0.03065076855404042,1.175
"[1.175, 1.176)",0.02224650228465471,1.176
"[1.176, 1.177)",0.021214503244871785,1.177
"[1.177, 1.178)",0.026789676634464746,1.178
"[1.178, 1.179)",0.027578451209289593,1.179
"[1.179, 1.18)",0.02536855294143678,1.18
"[1.18, 1.181)",0.02501650660711686,1.181
"[1.181, 1.182)",0.027275025641686757,1.182
"[1.182, 1.183)",0.023521984044329893,1.183
"[1.183, 1.184)",0.024780966531077687,1.184
"[1.184, 1.185)",0.03840143339040408,1.185
"[1.185, 1.186)",0.027341305411960313,1.186
"[1.186, 1.187)",0.0235490962896042,1.187
"[1.187, 1.188)",0.031171596723450164,1.188
"[1.188, 1.189)",0.03125427437881871,1.189
"[1.189, 1.19)",0.027347216651283958,1.19
"[1.19, 1.191)",0.03531999858968257,1.191
"[1.191, 1.192)",0.03267165693634084,1.192
"[1.192, 1.193)",0.03308189382566848,1.193
"[1.193, 1.194)",0.028677400110933348,1.194
"[1.194, 1.195)",0.02698382575331697,1.195
"[1.195, 1.196)",0.030454836661621645,1.196
"[1.196, 1.197)",0.0328164699350369,1.197
"[1.197, 1.198)",0.031058374448097833,1.198
"[1.198, 1.199)",0.02921360902042443,1.199
"[1.199, 1.2)",0.031040041572382302,1.2
"[1.2, 1.201)",0.026890208138213443,1.201
"[1.201, 1.202)",0.026281031060427784,1.202
"[1.202, 1.203)",0.031081563947404387,1.203
"[1.203, 1.204)",0.026571137153475925,1.204
"[1.204, 1.205)",0.029073117583764064,1.205
"[1.205, 1.206)",0.030807545207728566,1.206
"[1.206, 1.207)",0.02660880754415203,1.207
"[1.207, 1.208)",0.029177244631444808,1.208
"[1.208, 1.209)",0.03152308335950415,1.209
"[1.209, 1.21)",0.030050157947979796,1.21
"[1.21, 1.211)",0.026768516846498593,1.211
"[1.211, 1.212)",0.031945686361338814,1.212
"[1.212, 1.213)",0.03410799833673326,1.213
"[1.213, 1.214)",0.024544376103399435,1.214
"[1.214, 1.215)",0.026529983341436462,1.215
"[1.215, 1.216)",0.03544011956648504,1.216
"[1.216, 1.217)",0.03035169555137362,1.217
"[1.217, 1.218)",0.03746984697680418,1.218
"[1.218, 1.219)",0.025709710041791085,1.219
"[1.219, 1.22)",0.03028407860613942,1.22
"[1.22, 1.221)",0.023758133247647036,1.221
"[1.221, 1.222)",0.026170846539400626,1.222
"[1.222, 1.223)",0.032607692503535374,1.223
"[1.223, 1.224)",0.02668018217479678,1.224
"[1.224, 1.225)",0.0303471093008086,1.225
"[1.225, 1.226)",0.026491168900932182,1.226
"[1.226, 1.227)",0.028813988525462204,1.227
"[1.227, 1.228)",0.026396984740171926,1.228
"[1.228, 1.229)",0.028099560179525234,1.229
"[1.229, 1.23)",0.026630836512486513,1.23
"[1.23, 1.231)",0.030944270248902818,1.231
"[1.231, 1.232)",0.031393155121040024,1.232
"[1.232, 1.233)",0.028948122341775177,1.233
"[1.233, 1.234)",0.026255343997198855,1.234
"[1.234, 1.235)",0.02969322056897509,1.235
"[1.235, 1.236)",0.03195068456467047,1.236
"[1.236, 1.237)",0.024162869709819144,1.237
"[1.237, 1.238)",0.0316884642916714,1.238
"[1.238, 1.239)",0.030373564301886775,1.239
"[1.239, 1.24)",0.02504754026706069,1.24
"[1.24, 1.241)",0.0323559273198777,1.241
"[1.241, 1.242)",0.03496022925722074,1.242
"[1.242, 1.243)",0.030814844563532773,1.243
"[1.243, 1.244)",0.02645018137002728,1.244
"[1.244, 1.245)",0.028278694003975497,1.245
"[1.245, 1.246)",0.02844185288222892,1.246
"[1.246, 1.247)",0.02717130121921921,1.247
"[1.247, 1.248)",0.04215211589940301,1.248
"[1.248, 1.249)",0.02854537203466259,1.249
"[1.249, 1.25)",0.030826026982500004,1.25
"[1.25, 1.2510000000000001)",0.03255642984647061,1.251
"[1.2510000000000001, 1.252)",0.023279224971253832,1.252
"[1.252, 1.2530000000000001)",0.03228689107968258,1.253
"[1.2530000000000001, 1.254)",0.028245312355512458,1.254
"[1.254, 1.2550000000000001)",0.025666135067812477,1.255
"[1.2550000000000001, 1.256)",0.03476019481463021,1.256
"[1.256, 1.2570000000000001)",0.032288288990476206,1.257
"[1.2570000000000001, 1.258)",0.023126165948538002,1.258
"[1.258, 1.2590000000000001)",0.021209745365622985,1.259
"[1.2590000000000001, 1.26)",0.024146747792990912,1.26
"[1.26, 1.2610000000000001)",0.032713273657911414,1.261
"[1.2610000000000001, 1.262)",0.029821880761613954,1.262
"[1.262, 1.2630000000000001)",0.027356280684927556,1.263
"[1.2630000000000001, 1.264)",0.03588901711094396,1.264
"[1.264, 1.2650000000000001)",0.02991075955446686,1.265
"[1.2650000000000001, 1.266)",0.039581116245035464,1.266
"[1.266, 1.2670000000000001)",0.03856780017573969,1.267
"[1.2670000000000001, 1.268)",0.029114929837025308,1.268
"[1.268, 1.2690000000000001)",0.034835315769697034,1.269
"[1.2690000000000001, 1.27)",0.02590673957405249,1.27
"[1.27, 1.2710000000000001)",0.03232149189482957,1.271
"[1.2710000000000001, 1.272)",0.023566957703012027,1.272
"[1.272, 1.2730000000000001)",0.02286111491050897,1.273
"[1.2730000000000001, 1.274)",0.02965092127696971,1.274
"[1.274, 1.2750000000000001)",0.023199960230067575,1.275
"[1.2750000000000001, 1.276)",0.024159099030283904,1.276
"[1.276, 1.2770000000000001)",0.024154146654790418,1.277
"[1.2770000000000001, 1.278)",0.024371332313948224,1.278
"[1.278, 1.2790000000000001)",0.02906969963879316,1.279
"[1.2790000000000001, 1.28)",0.027653395914798744,1.28
"[1.28, 1.281)",0.025002320342187488,1.281
"[1.281, 1.282)",0.027425565658742528,1.282
"[1.282, 1.283)",0.03081236877795113,1.283
"[1.283, 1.284)",0.029588538839999994,1.284
"[1.284, 1.285)",0.032237951777485445,1.285
"[1.285, 1.286)",0.029680663964948437,1.286
"[1.286, 1.287)",0.025282961961585342,1.287
"[1.287, 1.288)",0.029811335378872407,1.288
"[1.288, 1.289)",0.0294040652521875,1.289
"[1.289, 1.29)",0.02751788710484847,1.29
"[1.29, 1.291)",0.031157967457548376,1.291
"[1.291, 1.292)",0.029094643448378383,1.292
"[1.292, 1.293)",0.029894268366990315,1.293
"[1.293, 1.294)",0.02678919411225397,1.294
"[1.294, 1.295)",0.02517227469473117,1.295
"[1.295, 1.296)",0.03078965793711659,1.296
"[1.296, 1.297)",0.030048249040989367,1.297
"[1.297, 1.298)",0.02413791142637795,1.298
"[1.298, 1.299)",0.03317066613470789,1.299
"[1.299, 1.3)",0.025134738494276092,1.3
"[1.3, 1.301)",0.025112387559717297,1.301
"[1.301, 1.302)",0.02235973191294119,1.302
"[1.302, 1.303)",0.025138842143795633,1.303
"[1.303, 1.304)",0.03540162075797102,1.304
"[1.304, 1.305)",0.029689346391007183,1.305
"[1.305, 1.306)",0.028287950332945726,1.306
"[1.306, 1.307)",0.024816635716319424,1.307
"[1.307, 1.308)",0.022089577449635023,1.308
"[1.308, 1.309)",0.026303731181818172,1.309
"[1.309, 1.31)",0.025922258985622972,1.31
"[1.31, 1.311)",0.03479329947931035,1.311
"[1.311, 1.312)",0.022547367518505335,1.312
"[1.312, 1.313)",0.031069095585083046,1.313
"[1.313, 1.314)",0.02864667263594771,1.314
"[1.314, 1.315)",0.03184460894019734,1.315
"[1.315, 1.316)",0.030774903842192704,1.316
"[1.316, 1.317)",0.024616114187967702,1.317
"[1.317, 1.318)",0.020354795673707474,1.318
"[1.318, 1.319)",0.036242280145424834,1.319
"[1.319, 1.32)",0.03343090000177304,1.32
"[1.32, 1.321)",0.031851845893292714,1.321
"[1.321, 1.322)",0.028651097351071415,1.322
"[1.322, 1.323)",0.029520333656456964,1.323
"[1.323, 1.324)",0.033580864128813545,1.324
"[1.324, 1.325)",0.029695391549491534,1.325
"[1.325, 1.326)",0.02473528786975088,1.326
"[1.326, 1.327)",0.023213765129692854,1.327
"[1.327, 1.328)",0.02742450881106006,1.328
"[1.328, 1.329)",0.03338550022203946,1.329
"[1.329, 1.33)",0.026296842333441563,1.33
"[1.33, 1.331)",0.0329194079904714,1.331
"[1.331, 1.332)",0.025769924116785716,1.332
"[1.332, 1.333)",0.021596465667731636,1.333
"[1.333, 1.334)",0.03381766924585801,1.334
"[1.334, 1.335)",0.026295640294344808,1.335
"[1.335, 1.336)",0.02954471756282051,1.336
"[1.336, 1.337)",0.03378228005689044,1.337
"[1.337, 1.338)",0.031178515520000005,1.338
"[1.338, 1.339)",0.030923148174482773,1.339
"[1.339, 1.34)",0.028547931305769242,1.34
"[1.34, 1.341)",0.026414696494827566,1.341
"[1.341, 1.342)",0.03768600281290327,1.342
"[1.342, 1.343)",0.02994209710102387,1.343
"[1.343, 1.344)",0.018167457114381256,1.344
"[1.344, 1.345)",0.022480542907547158,1.345
"[1.345, 1.346)",0.021798180223606564,1.346
"[1.346, 1.347)",0.03342637161578947,1.347
"[1.347, 1.348)",0.025896519144582037,1.348
"[1.348, 1.349)",0.032419564664492334,1.349
"[1.349, 1.35)",0.024723692384462,1.35
"[1.35, 1.351)",0.026260494323024037,1.351
"[1.351, 1.352)",0.02579102877585031,1.352
"[1.352, 1.353)",0.025570389178571424,1.353
"[1.353, 1.354)",0.025441963796726173,1.354
"[1.354, 1.355)",0.027216631076978394,1.355
"[1.355, 1.356)",0.03632315593529416,1.356
"[1.356, 1.357)",0.029821882349999985,1.357
"[1.357, 1.358)",0.025098153784000002,1.358
"[1.358, 1.359)",0.032302465217182115,1.359
"[1.359, 1.36)",0.022384026925165553,1.36
"[1.36, 1.361)",0.02955468165865981,1.361
"[1.361, 1.362)",0.02565501957979093,1.362
"[1.362, 1.363)",0.023016117979731517,1.363
"[1.363, 1.364)",0.025235184098591563,1.364
"[1.364, 1.365)",0.02883293388653465,1.365
"[1.365, 1.366)",0.03136980895919733,1.366
"[1.366, 1.367)",0.02374915344130432,1.367
"[1.367, 1.368)",0.027442796090175425,1.368
"[1.368, 1.369)",0.031181647702614397,1.369
"[1.369, 1.37)",0.026646424786348114,1.37
"[1.37, 1.371)",0.027941762446953382,1.371
"[1.371, 1.372)",0.03170837694773518,1.372
"[1.372, 1.373)",0.02746040530724139,1.373
"[1.373, 1.374)",0.021994856138727266,1.374
"[1.374, 1.375)",0.02981061709614147,1.375
"[1.375, 1.3760000000000001)",0.03693643044431823,1.376
"[1.3760000000000001, 1.377)",0.030144671544094472,1.377
"[1.377, 1.3780000000000001)",0.031990355059689904,1.378
"[1.3780000000000001, 1.379)",0.03157405287122529,1.379
"[1.379, 1.3800000000000001)",0.034631110775862096,1.38
"[1.3800000000000001, 1.381)",0.025424667003597103,1.381
"[1.381, 1.3820000000000001)",0.02877164397398467,1.382
"[1.3820000000000001, 1.383)",0.02945437936602314,1.383
"[1.383, 1.3840000000000001)",0.03268839238164064,1.384
"[1.3840000000000001, 1.385)",0.02822209629060148,1.385
"[1.385, 1.3860000000000001)",0.025299594727169805,1.386
"[1.3860000000000001, 1.387)",0.023112322875627225,1.387
"[1.387, 1.3880000000000001)",0.030596242710115802,1.388
"[1.3880000000000001, 1.389)",0.03288916750790513,1.389
"[1.389, 1.3900000000000001)",0.029854053114580385,1.39
"[1.3900000000000001, 1.391)",0.025788374373457233,1.391
"[1.391, 1.3920000000000001)",0.030867340861507938,1.392
"[1.3920000000000001, 1.393)",0.03579804712276786,1.393
"[1.393, 1.3940000000000001)",0.03242343164140627,1.394
"[1.3940000000000001, 1.395)",0.02334700600687023,1.395
"[1.395, 1.3960000000000001)",0.027805930987050368,1.396
"[1.3960000000000001, 1.397)",0.029783760678148134,1.397
"[1.397, 1.3980000000000001)",0.01588431242134832,1.398
"[1.3980000000000001, 1.399)",0.029904241813236372,1.399
"[1.399, 1.4000000000000001)",0.029175835236363627,1.4
"[1.4000000000000001, 1.401)",0.034339508013909795,1.401
"[1.401, 1.4020000000000001)",0.03341271420518115,1.402
"[1.4020000000000001, 1.403)",0.029374228596797156,1.403
"[1.403, 1.4040000000000001)",0.02831617156195204,1.404
"[1.4040000000000001, 1.405)",0.026922871226280006,1.405
"[1.405, 1.4060000000000001)",0.03793494079283276,1.406
"[1.4060000000000001, 1.407)",0.03356008836215139,1.407
"[1.407, 1.408)",0.0286949976840909,1.408
"[1.408, 1.409)",0.026323321608999993,1.409
"[1.409, 1.41)",0.0286103594846442,1.41
"[1.41, 1.411)",0.03719049652222222,1.411
"[1.411, 1.412)",0.037053718546992485,1.412
"[1.412, 1.413)",0.0295520348109649,1.413
"[1.413, 1.414)",0.023701347963008126,1.414
"[1.414, 1.415)",0.019531634799196784,1.415
"[1.415, 1.416)",0.03632775604029915,1.416
"[1.416, 1.417)",0.03857758430000003,1.417
"[1.417, 1.418)",0.03132575912168675,1.418
"[1.418, 1.419)",0.04662726176816331,1.419
"[1.419, 1.42)",0.024876232018310507,1.42
"[1.42, 1.421)",0.03485285415173909,1.421
"[1.421, 1.422)",0.04997063210970885,1.422
"[1.422, 1.423)",0.020222855001234556,1.423
"[1.423, 1.424)",0.028911526781666648,1.424
"[1.424, 1.425)",0.02271408741438913,1.425
"[1.425, 1.426)",0.03636888174765959,1.426
"[1.426, 1.427)",0.027631206159383248,1.427
"[1.427, 1.428)",0.0357820048815207,1.428
"[1.428, 1.429)",0.03610201317398373,1.429
"[1.429, 1.43)",0.03555821142669682,1.43
"[1.43, 1.431)",0.03417648737787233,1.431
"[1.431, 1.432)",0.0311769690538326,1.432
"[1.432, 1.433)",0.025098400824369736,1.433
"[1.433, 1.434)",0.02627431748047617,1.434
"[1.434, 1.435)",0.024506934333864538,1.435
"[1.435, 1.436)",0.03443239703931035,1.436
"[1.436, 1.437)",0.02173796501255813,1.437
"[1.437, 1.438)",0.02744112581838564,1.438
"[1.438, 1.439)",0.03350791010624996,1.439
"[1.439, 1.44)",0.026575750652293572,1.44
"[1.44, 1.441)",0.026697804039215664,1.441
"[1.441, 1.442)",0.022159146296414346,1.442
"[1.442, 1.443)",0.04400785392173913,1.443
"[1.443, 1.444)",0.03161079574096382,1.444
"[1.444, 1.445)",0.03157116007192984,1.445
"[1.445, 1.446)",0.03458676337892374,1.446
"[1.446, 1.447)",0.033075963315609774,1.447
"[1.447, 1.448)",0.023309965380542984,1.448
"[1.448, 1.449)",0.02418403690476191,1.449
"[1.449, 1.45)",0.02893685148229663,1.45
"[1.45, 1.451)",0.04198353143638886,1.451
"[1.451, 1.452)",0.027785866479004336,1.452
"[1.452, 1.453)",0.03648907014637554,1.453
"[1.453, 1.454)",0.0379817044956332,1.454
"[1.454, 1.455)",0.02129676783117408,1.455
"[1.455, 1.456)",0.03217879870593603,1.456
"[1.456, 1.457)",0.02347536296387849,1.457
"[1.457, 1.458)",0.022558349387644762,1.458
"[1.458, 1.459)",0.024296121696219905,1.459
"[1.459, 1.46)",0.028007824647034205,1.46
"[1.46, 1.461)",0.028406123300816315,1.461
"[1.461, 1.462)",0.024274373763255804,1.462
"[1.462, 1.463)",0.03111381979582607,1.463
"[1.463, 1.464)",0.027804123808547004,1.464
"[1.464, 1.465)",0.031210702786440666,1.465
"[1.465, 1.466)",0.031186656706726455,1.466
"[1.466, 1.467)",0.02510131344858489,1.467
"[1.467, 1.468)",0.024983655094715458,1.468
"[1.468, 1.469)",0.03599999834577777,1.469
"[1.469, 1.47)",0.022033226779099108,1.47
"[1.47, 1.471)",0.034467378364956884,1.471
"[1.471, 1.472)",0.028249714181858416,1.472
"[1.472, 1.473)",0.0322746328980827,1.473
"[1.473, 1.474)",0.034008335540265486,1.474
"[1.474, 1.475)",0.023871055158984387,1.475
"[1.475, 1.476)",0.028687004516129024,1.476
"[1.476, 1.477)",0.03027425082716002,1.477
"[1.477, 1.478)",0.03023164387456067,1.478
"[1.478, 1.479)",0.029971097792481194,1.479
"[1.479, 1.48)",0.03512975081627905,1.48
"[1.48, 1.481)",0.026151316960323887,1.481
"[1.481, 1.482)",0.022507965348484836,1.482
"[1.482, 1.483)",0.04173853932433635,1.483
"[1.483, 1.484)",0.025323136311803298,1.484
"[1.484, 1.485)",0.026752207370731702,1.485
"[1.485, 1.486)",0.028893833025446434,1.486
"[1.486, 1.487)",0.023995411911739147,1.487
"[1.487, 1.488)",0.028760025386636776,1.488
"[1.488, 1.489)",0.03633507610964914,1.489
"[1.489, 1.49)",0.023966712648743706,1.49
"[1.49, 1.491)",0.023513233823414633,1.491
"[1.491, 1.492)",0.02567549459914164,1.492
"[1.492, 1.493)",0.019214320432772734,1.493
"[1.493, 1.494)",0.02091227805622316,1.494
"[1.494, 1.495)",0.025094002968533327,1.495
"[1.495, 1.496)",0.02403477057096775,1.496
"[1.496, 1.497)",0.030894283468421064,1.497
"[1.497, 1.498)",0.030603466205633822,1.498
"[1.498, 1.499)",0.023934544367346947,1.499
"[1.499, 1.5)",0.03345318509078946,1.5
"[1.5, 1.5010000000000001)",0.033580026077659586,1.501
"[1.5010000000000001, 1.502)",0.027085474907804875,1.502
"[1.502, 1.5030000000000001)",0.02243112826263158,1.503
"[1.5030000000000001, 1.504)",0.027427876486111107,1.504
"[1.504, 1.5050000000000001)",0.024991253667179473,1.505
"[1.5050000000000001, 1.506)",0.017316280333802822,1.506
"[1.506, 1.5070000000000001)",0.028980079503482595,1.507
"[1.5070000000000001, 1.508)",0.02658205199181817,1.508
"[1.508, 1.5090000000000001)",0.03221361981191489,1.509
"[1.5090000000000001, 1.51)",0.03309262849447235,1.51
"[1.51, 1.5110000000000001)",0.03090632817610839,1.511
"[1.5110000000000001, 1.512)",0.02953946412331684,1.512
"[1.512, 1.5130000000000001)",0.026559899970090912,1.513
"[1.5130000000000001, 1.514)",0.025979500984401913,1.514
"[1.514, 1.5150000000000001)",0.027255482725358847,1.515
"[1.5150000000000001, 1.516)",0.02399836450085104,1.516
"[1.516, 1.5170000000000001)",0.025023758482403437,1.517
"[1.5170000000000001, 1.518)",0.020956240870753772,1.518
"[1.518, 1.5190000000000001)",0.043453313236138595,1.519
"[1.5190000000000001, 1.52)",0.019103693627149324,1.52
"[1.52, 1.5210000000000001)",0.020518316790731708,1.521
"[1.5210000000000001, 1.522)",0.030553434260245878,1.522
"[1.522, 1.5230000000000001)",0.02811971321518987,1.523
"[1.5230000000000001, 1.524)",0.02335401029908256,1.524
"[1.524, 1.5250000000000001)",0.022373208234375,1.525
"[1.5250000000000001, 1.526)",0.03197084302017937,1.526
"[1.526, 1.5270000000000001)",0.028586723072142845,1.527
"[1.5270000000000001, 1.528)",0.03001330262878047,1.528
"[1.528, 1.5290000000000001)",0.03698610271944185,1.529
"[1.5290000000000001, 1.53)",0.027323220525106377,1.53
"[1.53, 1.5310000000000001)",0.026357117969747462,1.531
"[1.5310000000000001, 1.532)",0.027481762937440757,1.532
"[1.532, 1.5330000000000001)",0.03650271653585858,1.533
"[1.5330000000000001, 1.534)",0.022569126796363637,1.534
"[1.534, 1.5350000000000001)",0.029216576089805827,1.535
"[1.5350000000000001, 1.536)",0.03397758983099477,1.536
"[1.536, 1.537)",0.03696605024974486,1.537
"[1.537, 1.538)",0.0377085709004587,1.538
"[1.538, 1.539)",0.03829040274866309,1.539
"[1.539, 1.54)",0.030809328105999997,1.54
"[1.54, 1.541)",0.0343825593766169,1.541
"[1.541, 1.542)",0.03447248801119403,1.542
"[1.542, 1.543)",0.028445844339378253,1.543
"[1.543, 1.544)",0.025196869338719223,1.544
"[1.544, 1.545)",0.02586778579187816,1.545
"[1.545, 1.546)",0.02130442461878453,1.546
"[1.546, 1.547)",0.03054164410483868,1.547
"[1.547, 1.548)",0.026505227226000013,1.548
"[1.548, 1.549)",0.02426533869462767,1.549
"[1.549, 1.55)",0.03608469324606796,1.55
"[1.55, 1.551)",0.03580530130343135,1.551
"[1.551, 1.552)",0.03020945756523809,1.552
"[1.552, 1.553)",0.038875911057,1.553
"[1.553, 1.554)",0.0256413204480198,1.554
"[1.554, 1.555)",0.025559161507000005,1.555
"[1.555, 1.556)",0.02477806581857143,1.556
"[1.556, 1.557)",0.03377904756823528,1.557
"[1.557, 1.558)",0.030007370599090897,1.558
"[1.558, 1.559)",0.029772438007407427,1.559
"[1.559, 1.56)",0.03748377188586047,1.56
"[1.56, 1.561)",0.021274585643317957,1.561
"[1.561, 1.562)",0.02742207495272727,1.562
"[1.562, 1.563)",0.020856649957286425,1.563
"[1.563, 1.564)",0.023853440253846166,1.564
"[1.564, 1.565)",0.028328681830049017,1.565
"[1.565, 1.566)",0.030598798283720925,1.566
"[1.566, 1.567)",0.026729232729107977,1.567
"[1.567, 1.568)",0.026566851741037713,1.568
"[1.568, 1.569)",0.04148284330331731,1.569
"[1.569, 1.57)",0.025789164359605918,1.57
"[1.57, 1.571)",0.029259040734474887,1.571
"[1.571, 1.572)",0.026492706599086764,1.572
"[1.572, 1.573)",0.032265576419806756,1.573
"[1.573, 1.574)",0.025129428073611095,1.574
"[1.574, 1.575)",0.024423193303349282,1.575
"[1.575, 1.576)",0.030250477744270813,1.576
"[1.576, 1.577)",0.03219190848164253,1.577
"[1.577, 1.578)",0.023505629017999997,1.578
"[1.578, 1.579)",0.03276612012769229,1.579
"[1.579, 1.58)",0.0382463443090991,1.58
"[1.58, 1.581)",0.022927867987628858,1.581
"[1.581, 1.582)",0.04030152776995307,1.582
"[1.582, 1.583)",0.038096882872523344,1.583
"[1.583, 1.584)",0.032495112841747574,1.584
"[1.584, 1.585)",0.029267174075421058,1.585
"[1.585, 1.586)",0.024656540715730327,1.586
"[1.586, 1.587)",0.03016651143116277,1.587
"[1.587, 1.588)",0.034482653271122966,1.588
"[1.588, 1.589)",0.027216837105797104,1.589
"[1.589, 1.59)",0.02578065874382978,1.59
"[1.59, 1.591)",0.023953934494117663,1.591
"[1.591, 1.592)",0.023522438852548073,1.592
"[1.592, 1.593)",0.025948422672946867,1.593
"[1.593, 1.594)",0.0409489690623256,1.594
"[1.594, 1.595)",0.0255271839935,1.595
"[1.595, 1.596)",0.03172635319374999,1.596
"[1.596, 1.597)",0.03426923314396135,1.597
"[1.597, 1.598)",0.025333733997227714,1.598
"[1.598, 1.599)",0.03419164625346532,1.599
"[1.599, 1.6)",0.024642328847290635,1.6
"[1.6, 1.601)",0.03079262078675797,1.601
"[1.601, 1.602)",0.033536887607619026,1.602
"[1.602, 1.603)",0.025095192123101594,1.603
"[1.603, 1.604)",0.02012410893551403,1.604
"[1.604, 1.605)",0.027624025937383185,1.605
"[1.605, 1.606)",0.04090103899313721,1.606
"[1.606, 1.607)",0.03638577874564104,1.607
"[1.607, 1.608)",0.034648673501401855,1.608
"[1.608, 1.609)",0.03182323128504671,1.609
"[1.609, 1.61)",0.029060615942672417,1.61
"[1.61, 1.611)",0.02873063028418367,1.611
"[1.611, 1.612)",0.02798660979775785,1.612
"[1.612, 1.613)",0.038814449452889914,1.613
"[1.613, 1.614)",0.030496401899450534,1.614
"[1.614, 1.615)",0.0333483043393269,1.615
"[1.615, 1.616)",0.024033821847457615,1.616
"[1.616, 1.617)",0.04122532975742573,1.617
"[1.617, 1.618)",0.0359608703686567,1.618
"[1.618, 1.619)",0.024687488741617643,1.619
"[1.619, 1.62)",0.022931014057711457,1.62
"[1.62, 1.621)",0.0194367593150259,1.621
"[1.621, 1.622)",0.03219669669430051,1.622
"[1.622, 1.623)",0.030094423593562222,1.623
"[1.623, 1.624)",0.024912281388826816,1.624
"[1.624, 1.625)",0.021504673671204184,1.625
"[1.625, 1.6260000000000001)",0.021521039314358982,1.626
"[1.6260000000000001, 1.627)",0.021548071474876834,1.627
"[1.627, 1.6280000000000001)",0.02653932369949747,1.628
"[1.6280000000000001, 1.629)",0.02554573508021979,1.629
"[1.629, 1.6300000000000001)",0.026126979860962553,1.63
"[1.6300000000000001, 1.631)",0.030790451840213902,1.631
"[1.631, 1.6320000000000001)",0.02847916279685865,1.632
"[1.6320000000000001, 1.633)",0.028093995787179457,1.633
"[1.633, 1.6340000000000001)",0.02567716071708332,1.634
"[1.6340000000000001, 1.635)",0.02597438128571428,1.635
"[1.635, 1.6360000000000001)",0.038102336999502454,1.636
"[1.6360000000000001, 1.637)",0.03724988048969073,1.637
"[1.637, 1.6380000000000001)",0.021091287781914894,1.638
"[1.6380000000000001, 1.639)",0.04160599730639998,1.639
"[1.639, 1.6400000000000001)",0.0198376212754902,1.64
"[1.6400000000000001, 1.641)",0.034432443643540665,1.641
"[1.641, 1.6420000000000001)",0.022338429178061205,1.642
"[1.6420000000000001, 1.643)",0.0273596813310526,1.643
"[1.643, 1.6440000000000001)",0.02365301199435895,1.644
"[1.6440000000000001, 1.645)",0.024872177889374986,1.645
"[1.645, 1.6460000000000001)",0.03892186735548077,1.646
"[1.6460000000000001, 1.647)",0.021154159714746542,1.647
"[1.647, 1.6480000000000001)",0.034138988660618555,1.648
"[1.6480000000000001, 1.649)",0.01700376637880184,1.649
"[1.649, 1.6500000000000001)",0.023616623448936166,1.65
"[1.6500000000000001, 1.651)",0.021549305500515474,1.651
"[1.651, 1.6520000000000001)",0.026118457518000005,1.652
"[1.6520000000000001, 1.653)",0.02561118138202186,1.653
"[1.653, 1.6540000000000001)",0.03205334042342342,1.654
"[1.6540000000000001, 1.655)",0.028928176767826077,1.655
"[1.655, 1.6560000000000001)",0.024535434960540548,1.656
"[1.6560000000000001, 1.657)",0.028801204724444453,1.657
"[1.657, 1.6580000000000001)",0.02679599712598869,1.658
"[1.6580000000000001, 1.659)",0.02046036939655172,1.659
"[1.659, 1.6600000000000001)",0.02155924188686169,1.66
"[1.6600000000000001, 1.661)",0.02263292337762238,1.661
"[1.661, 1.6620000000000001)",0.020577933544252885,1.662
"[1.6620000000000001, 1.663)",0.0272939680445026,1.663
"[1.663, 1.6640000000000001)",0.02530266445438711,1.664
"[1.6640000000000001, 1.665)",0.023211208907511743,1.665
"[1.665, 1.666)",0.016831876987837842,1.666
"[1.666, 1.667)",0.02084619405961539,1.667
"[1.667, 1.668)",0.02600399584067901,1.668
"[1.668, 1.669)",0.023416490505780357,1.669
"[1.669, 1.67)",0.016012796696808516,1.67
"[1.67, 1.671)",0.0231039516877095,1.671
"[1.671, 1.672)",0.036024025235668805,1.672
"[1.672, 1.673)",0.02784627542138729,1.673
"[1.673, 1.674)",0.02783806328289474,1.674
"[1.674, 1.675)",0.028487895356097567,1.675
"[1.675, 1.676)",0.019467237020887592,1.676
"[1.676, 1.677)",0.029013383333999984,1.677
"[1.677, 1.678)",0.022866772229940116,1.678
"[1.678, 1.679)",0.02893880569390245,1.679
"[1.679, 1.68)",0.03920636579787234,1.68
"[1.68, 1.681)",0.025166721408037974,1.681
"[1.681, 1.682)",0.025024925462500007,1.682
"[1.682, 1.683)",0.028483863508771908,1.683
"[1.683, 1.684)",0.03285157126420453,1.684
"[1.684, 1.685)",0.031832724558255795,1.685
"[1.685, 1.686)",0.031139652790449435,1.686
"[1.686, 1.687)",0.017949465593288593,1.687
"[1.687, 1.688)",0.02726774182613955,1.688
"[1.688, 1.689)",0.03055797166597087,1.689
"[1.689, 1.69)",0.03970234271746754,1.69
"[1.69, 1.691)",0.03546683709306358,1.691
"[1.691, 1.692)",0.02953298732142858,1.692
"[1.692, 1.693)",0.03256214002290501,1.693
"[1.693, 1.694)",0.027715688599999996,1.694
"[1.694, 1.695)",0.020045473513636364,1.695
"[1.695, 1.696)",0.02291335364705882,1.696
"[1.696, 1.697)",0.02591128972030458,1.697
"[1.697, 1.698)",0.024827050096571424,1.698
"[1.698, 1.699)",0.03484124844222222,1.699
"[1.699, 1.7)",0.023489102813450288,1.7
"[1.7, 1.701)",0.038218055475862066,1.701
"[1.701, 1.702)",0.039508030511666646,1.702
"[1.702, 1.703)",0.028151942910454558,1.703
"[1.703, 1.704)",0.01992160731564245,1.704
"[1.704, 1.705)",0.02778932714069767,1.705
"[1.705, 1.706)",0.030185902587425144,1.706
"[1.706, 1.707)",0.031024690483333308,1.707
"[1.707, 1.708)",0.020349815231122458,1.708
"[1.708, 1.709)",0.033195807543678166,1.709
"[1.709, 1.71)",0.03508190278270271,1.71
"[1.71, 1.711)",0.03561629262417579,1.711
"[1.711, 1.712)",0.0331446708801105,1.712
"[1.712, 1.713)",0.027221933080000003,1.713
"[1.713, 1.714)",0.03960653619261364,1.714
"[1.714, 1.715)",0.031978474413375785,1.715
"[1.715, 1.716)",0.02496319227203791,1.716
"[1.716, 1.717)",0.027283915061330027,1.717
"[1.717, 1.718)",0.02849308243488369,1.718
"[1.718, 1.719)",0.030972797851851853,1.719
"[1.719, 1.72)",0.02740238772185792,1.72
"[1.72, 1.721)",0.030203945216446683,1.721
"[1.721, 1.722)",0.02845582135133722,1.722
"[1.722, 1.723)",0.029907133181065082,1.723
"[1.723, 1.724)",0.02158394915548389,1.724
"[1.724, 1.725)",0.02314508829623654,1.725
"[1.725, 1.726)",0.030917229910638284,1.726
"[1.726, 1.727)",0.01858059584970062,1.727
"[1.727, 1.728)",0.02754707494126984,1.728
"[1.728, 1.729)",0.02959649120118343,1.729
"[1.729, 1.73)",0.039177448170886066,1.73
"[1.73, 1.731)",0.031750782025806445,1.731
"[1.731, 1.732)",0.02885272476896552,1.732
"[1.732, 1.733)",0.029861048009740238,1.733
"[1.733, 1.734)",0.031257529960227265,1.734
"[1.734, 1.735)",0.016949613306250014,1.735
"[1.735, 1.736)",0.036802052452459016,1.736
"[1.736, 1.737)",0.04010366966193182,1.737
"[1.737, 1.738)",0.027013918501257853,1.738
"[1.738, 1.739)",0.023006319938372096,1.739
"[1.739, 1.74)",0.03251479065033557,1.74
"[1.74, 1.741)",0.021092815649710987,1.741
"[1.741, 1.742)",0.035247096417159764,1.742
"[1.742, 1.743)",0.02730204176835444,1.743
"[1.743, 1.744)",0.032529431598780474,1.744
"[1.744, 1.745)",0.032323680651612896,1.745
"[1.745, 1.746)",0.02926607367048194,1.746
"[1.746, 1.747)",0.03325403536969696,1.747
"[1.747, 1.748)",0.023474175881875003,1.748
"[1.748, 1.749)",0.021959892957605632,1.749
"[1.749, 1.75)",0.03092807215432098,1.75
"[1.75, 1.7510000000000001)",0.025641502167499997,1.751
"[1.7510000000000001, 1.752)",0.03554671550617283,1.752
"[1.752, 1.7530000000000001)",0.042317414380434765,1.753
"[1.7530000000000001, 1.754)",0.016840072128,1.754
"[1.754, 1.7550000000000001)",0.0199359798627907,1.755
"[1.7550000000000001, 1.756)",0.03227577349112426,1.756
"[1.756, 1.7570000000000001)",0.03106221433550723,1.757
"[1.7570000000000001, 1.758)",0.03866307141624277,1.758
"[1.758, 1.7590000000000001)",0.022944259385534592,1.759
"[1.7590000000000001, 1.76)",0.02475603307019354,1.76
"[1.76, 1.7610000000000001)",0.031983596816233785,1.761
"[1.7610000000000001, 1.762)",0.020215854138216565,1.762
"[1.762, 1.7630000000000001)",0.028122995623376626,1.763
"[1.7630000000000001, 1.764)",0.02482837646914286,1.764
"[1.764, 1.7650000000000001)",0.03593647689736527,1.765
"[1.7650000000000001, 1.766)",0.03423394856049384,1.766
"[1.766, 1.7670000000000001)",0.03058845770133334,1.767
"[1.7670000000000001, 1.768)",0.02449449557142857,1.768
"[1.768, 1.7690000000000001)",0.034743214047916665,1.769
"[1.7690000000000001, 1.77)",0.025807181079738575,1.77
"[1.77, 1.7710000000000001)",0.05149459676815285,1.771
"[1.7710000000000001, 1.772)",0.02907061361656803,1.772
"[1.772, 1.7730000000000001)",0.02635370616687117,1.773
"[1.7730000000000001, 1.774)",0.02435107898957344,1.774
"[1.774, 1.7750000000000001)",0.02638684034647058,1.775
"[1.7750000000000001, 1.776)",0.029829644325806443,1.776
"[1.776, 1.7770000000000001)",0.023054224727160483,1.777
"[1.7770000000000001, 1.778)",0.03583400974750001,1.778
"[1.778, 1.7790000000000001)",0.041674181414383546,1.779
"[1.7790000000000001, 1.78)",0.02397341460125,1.78
"[1.78, 1.7810000000000001)",0.025001103715923557,1.781
"[1.7810000000000001, 1.782)",0.028471516491772143,1.782
"[1.782, 1.7830000000000001)",0.03409789631525425,1.783
"[1.7830000000000001, 1.784)",0.0345096409671141,1.784
"[1.784, 1.7850000000000001)",0.027750421906790113,1.785
"[1.7850000000000001, 1.786)",0.02067466206481928,1.786
"[1.786, 1.7870000000000001)",0.028851743482285714,1.787
"[1.7870000000000001, 1.788)",0.04210358201036587,1.788
"[1.788, 1.7890000000000001)",0.031038660376433116,1.789
"[1.7890000000000001, 1.79)",0.029696407927710847,1.79
"[1.79, 1.7910000000000001)",0.033948317754320965,1.791
"[1.7910000000000001, 1.792)",0.021810953138216554,1.792
"[1.792, 1.793)",0.019901324357278115,1.793
"[1.793, 1.794)",0.03263997210205479,1.794
"[1.794, 1.795)",0.036509459198601386,1.795
"[1.795, 1.796)",0.023810767133125,1.796
"[1.796, 1.797)",0.019728785656220924,1.797
"[1.797, 1.798)",0.03369205409807692,1.798
"[1.798, 1.799)",0.036522598845664715,1.799
"[1.799, 1.8)",0.02481234877433155,1.8
"[1.8, 1.801)",0.02535021585975609,1.801
"[1.801, 1.802)",0.020311427183040937,1.802
"[1.802, 1.803)",0.026896604828571428,1.803
"[1.803, 1.804)",0.023381914253793105,1.804
"[1.804, 1.805)",0.031752381464666656,1.805
"[1.805, 1.806)",0.03190969115052979,1.806
"[1.806, 1.807)",0.030108554084931516,1.807
"[1.807, 1.808)",0.0328433289936508,1.808
"[1.808, 1.809)",0.0242192542137931,1.809
"[1.809, 1.81)",0.025658720361883117,1.81
"[1.81, 1.811)",0.02709486019448277,1.811
"[1.811, 1.812)",0.02858033128030303,1.812
"[1.812, 1.813)",0.0298050810094203,1.813
"[1.813, 1.814)",0.021876593361250005,1.814
"[1.814, 1.815)",0.025580234857446812,1.815
"[1.815, 1.816)",0.029463216374218754,1.816
"[1.816, 1.817)",0.01928334080628931,1.817
"[1.817, 1.818)",0.02662727028581081,1.818
"[1.818, 1.819)",0.0372379061288732,1.819
"[1.819, 1.82)",0.03348989391468533,1.82
"[1.82, 1.821)",0.01994674722937063,1.821
"[1.821, 1.822)",0.02868951753666667,1.822
"[1.822, 1.823)",0.02867830758265307,1.823
"[1.823, 1.824)",0.04371235690410958,1.824
"[1.824, 1.825)",0.0308917312074468,1.825
"[1.825, 1.826)",0.03616295013785122,1.826
"[1.826, 1.827)",0.024120636031088428,1.827
"[1.827, 1.828)",0.028509784304081617,1.828
"[1.828, 1.829)",0.016598088380434795,1.829
"[1.829, 1.83)",0.04437697557121214,1.83
"[1.83, 1.831)",0.02548234432653062,1.831
"[1.831, 1.832)",0.024366494692925164,1.832
"[1.832, 1.833)",0.02595615095037038,1.833
"[1.833, 1.834)",0.021257484137914118,1.834
"[1.834, 1.835)",0.027849658232857146,1.835
"[1.835, 1.836)",0.03409017109085711,1.836
"[1.836, 1.837)",0.02472120563561643,1.837
"[1.837, 1.838)",0.031199622783216793,1.838
"[1.838, 1.839)",0.029416493653289473,1.839
"[1.839, 1.84)",0.0177140107044586,1.84
"[1.84, 1.841)",0.021855181573509942,1.841
"[1.841, 1.842)",0.019218751009420294,1.842
"[1.842, 1.843)",0.026573103626370376,1.843
"[1.843, 1.844)",0.024140783509999993,1.844
"[1.844, 1.845)",0.023752028589843748,1.845
"[1.845, 1.846)",0.02751084756283783,1.846
"[1.846, 1.847)",0.022241753072142847,1.847
"[1.847, 1.848)",0.022585053647581708,1.848
"[1.848, 1.849)",0.03522504481173182,1.849
"[1.849, 1.85)",0.016809852341296307,1.85
"[1.85, 1.851)",0.02866973387482015,1.851
"[1.851, 1.852)",0.03356486816107383,1.852
"[1.852, 1.853)",0.041483975943037966,1.853
"[1.853, 1.854)",0.027684905199057985,1.854
"[1.854, 1.855)",0.03297086827290322,1.855
"[1.855, 1.856)",0.03464999387908496,1.856
"[1.856, 1.857)",0.032064296874489806,1.857
"[1.857, 1.858)",0.02884028362976607,1.858
"[1.858, 1.859)",0.021544376545398775,1.859
"[1.859, 1.86)",0.026433462762411358,1.86
"[1.86, 1.861)",0.026051968623717957,1.861
"[1.861, 1.862)",0.03436179888601034,1.862
"[1.862, 1.863)",0.024352554508024697,1.863
"[1.863, 1.864)",0.02817296468357142,1.864
"[1.864, 1.865)",0.035315367474814806,1.865
"[1.865, 1.866)",0.03290652537956204,1.866
"[1.866, 1.867)",0.03945363751408449,1.867
"[1.867, 1.868)",0.029830222292413788,1.868
"[1.868, 1.869)",0.024277417285093177,1.869
"[1.869, 1.87)",0.03208000254838709,1.87
"[1.87, 1.871)",0.03175431445955695,1.871
"[1.871, 1.872)",0.027379860142941182,1.872
"[1.872, 1.873)",0.027292653097351,1.873
"[1.873, 1.874)",0.027528390893382344,1.874
"[1.874, 1.875)",0.025998160158503397,1.875
"[1.875, 1.8760000000000001)",0.0299041804597222,1.876
"[1.8760000000000001, 1.877)",0.03041845362302158,1.877
"[1.877, 1.8780000000000001)",0.026217123910138473,1.878
"[1.8780000000000001, 1.879)",0.025098178993076932,1.879
"[1.879, 1.8800000000000001)",0.03172739041666668,1.88
"[1.8800000000000001, 1.881)",0.028504914144366213,1.881
"[1.881, 1.8820000000000001)",0.027047507963333335,1.882
"[1.8820000000000001, 1.883)",0.03839040917876712,1.883
"[1.883, 1.8840000000000001)",0.03930321472597403,1.884
"[1.8840000000000001, 1.885)",0.02585162486209678,1.885
"[1.885, 1.8860000000000001)",0.02322686691510791,1.886
"[1.8860000000000001, 1.887)",0.021798630952777773,1.887
"[1.887, 1.8880000000000001)",0.02195370498503402,1.888
"[1.8880000000000001, 1.889)",0.03212008859718309,1.889
"[1.889, 1.8900000000000001)",0.020182362316176487,1.89
"[1.8900000000000001, 1.891)",0.03721461417837838,1.891
"[1.891, 1.8920000000000001)",0.026568140785897434,1.892
"[1.8920000000000001, 1.893)",0.024522140808800007,1.893
"[1.893, 1.8940000000000001)",0.018365716340445867,1.894
"[1.8940000000000001, 1.895)",0.040689192038167926,1.895
"[1.895, 1.8960000000000001)",0.020312423737410077,1.896
"[1.8960000000000001, 1.897)",0.021153846065100672,1.897
"[1.897, 1.8980000000000001)",0.025386301384615406,1.898
"[1.8980000000000001, 1.899)",0.01712886019594594,1.899
"[1.899, 1.9000000000000001)",0.029416334026143777,1.9
"[1.9000000000000001, 1.901)",0.026941172150375937,1.901
"[1.901, 1.9020000000000001)",0.03565283800348992,1.902
"[1.9020000000000001, 1.903)",0.022436463836879427,1.903
"[1.903, 1.9040000000000001)",0.022851060297278906,1.904
"[1.9040000000000001, 1.905)",0.026859555268518524,1.905
"[1.905, 1.9060000000000001)",0.04466133923214286,1.906
"[1.9060000000000001, 1.907)",0.022058469803812944,1.907
"[1.907, 1.9080000000000001)",0.027849207084496123,1.908
"[1.9080000000000001, 1.909)",0.01671552521167884,1.909
"[1.909, 1.9100000000000001)",0.03652143491428571,1.91
"[1.9100000000000001, 1.911)",0.025055801332031273,1.911
"[1.911, 1.9120000000000001)",0.030150315059504145,1.912
"[1.9120000000000001, 1.913)",0.029837225841428578,1.913
"[1.913, 1.9140000000000001)",0.02654404872999999,1.914
"[1.9140000000000001, 1.915)",0.023178795643478255,1.915
"[1.915, 1.9160000000000001)",0.01995145614197453,1.916
"[1.9160000000000001, 1.917)",0.017857485478448284,1.917
"[1.917, 1.9180000000000001)",0.028307486171317835,1.918
"[1.9180000000000001, 1.919)",0.03140185050542636,1.919
"[1.919, 1.92)",0.029532062049645386,1.92
"[1.92, 1.921)",0.03133922659854014,1.921
"[1.921, 1.922)",0.029712707768027202,1.922
"[1.922, 1.923)",0.020128804767333336,1.923
"[1.923, 1.924)",0.028542446887313427,1.924
"[1.924, 1.925)",0.03721991985923078,1.925
"[1.925, 1.926)",0.020492110377777786,1.926
"[1.926, 1.927)",0.030264213636283187,1.927
"[1.927, 1.928)",0.043443272817931054,1.928
"[1.928, 1.929)",0.044329570462171036,1.929
"[1.929, 1.93)",0.030302192556068377,1.93
"[1.93, 1.931)",0.03222700042430555,1.931
"[1.931, 1.932)",0.03231037962500001,1.932
"[1.932, 1.933)",0.029793671588549623,1.933
"[1.933, 1.934)",0.027295969798639446,1.934
"[1.934, 1.935)",0.038700885609271526,1.935
"[1.935, 1.936)",0.026013668704225373,1.936
"[1.936, 1.937)",0.025601187899236644,1.937
"[1.937, 1.938)",0.03326349898095238,1.938
"[1.938, 1.939)",0.051065803176821176,1.939
"[1.939, 1.94)",0.036061313364417175,1.94
"[1.94, 1.941)",0.030849731608275862,1.941
"[1.941, 1.942)",0.018532901873815788,1.942
"[1.942, 1.943)",0.019572229470454543,1.943
"[1.943, 1.944)",0.03213427428467155,1.944
"[1.944, 1.945)",0.03081208891328361,1.945
"[1.945, 1.946)",0.03905623668095239,1.946
"[1.946, 1.947)",0.02140910029173334,1.947
"[1.947, 1.948)",0.02625885334892087,1.948
"[1.948, 1.949)",0.03378408775590551,1.949
"[1.949, 1.95)",0.02474160147846154,1.95
"[1.95, 1.951)",0.0348990948842975,1.951
"[1.951, 1.952)",0.03604888739586208,1.952
"[1.952, 1.953)",0.02593527859568966,1.953
"[1.953, 1.954)",0.024007382452941185,1.954
"[1.954, 1.955)",0.030003353149930564,1.955
"[1.955, 1.956)",0.0293274512532258,1.956
"[1.956, 1.957)",0.03325814066578948,1.957
"[1.957, 1.958)",0.029080471010406516,1.958
"[1.958, 1.959)",0.028059079801481486,1.959
"[1.959, 1.96)",0.03692301441958043,1.96
"[1.96, 1.961)",0.0250984880375,1.961
"[1.961, 1.962)",0.03148958093418804,1.962
"[1.962, 1.963)",0.01797995327416668,1.963
"[1.963, 1.964)",0.018241625936283187,1.964
"[1.964, 1.965)",0.033459166554347816,1.965
"[1.965, 1.966)",0.03863914670789854,1.966
"[1.966, 1.967)",0.01546031506829269,1.967
"[1.967, 1.968)",0.030954472581343283,1.968
"[1.968, 1.969)",0.025046830915732496,1.969
"[1.969, 1.97)",0.024790333537398384,1.97
"[1.97, 1.971)",0.02644041681130436,1.971
"[1.971, 1.972)",0.02139679296640001,1.972
"[1.972, 1.973)",0.03809734481666667,1.973
"[1.973, 1.974)",0.02501826802499999,1.974
"[1.974, 1.975)",0.028133121397058824,1.975
"[1.975, 1.976)",0.026285940974999998,1.976
"[1.976, 1.977)",0.029110037946564905,1.977
"[1.977, 1.978)",0.04112910600078127,1.978
"[1.978, 1.979)",0.026201260822857144,1.979
"[1.979, 1.98)",0.03074878065263157,1.98
"[1.98, 1.981)",0.020247514464166665,1.981
"[1.981, 1.982)",0.03724916635245902,1.982
"[1.982, 1.983)",0.0338535770948276,1.983
"[1.983, 1.984)",0.034956622834453784,1.984
"[1.984, 1.985)",0.030592718064923086,1.985
"[1.985, 1.986)",0.018228246406956524,1.986
"[1.986, 1.987)",0.02330513814173228,1.987
"[1.987, 1.988)",0.0398530432279661,1.988
"[1.988, 1.989)",0.03246048870075189,1.989
"[1.989, 1.99)",0.029764036381818196,1.99
"[1.99, 1.991)",0.02957196742615384,1.991
"[1.991, 1.992)",0.025122535800909097,1.992
"[1.992, 1.993)",0.032288147215037616,1.993
"[1.993, 1.994)",0.04649375674038459,1.994
"[1.994, 1.995)",0.04305473244921874,1.995
"[1.995, 1.996)",0.033538890312068984,1.996
"[1.996, 1.997)",0.026206868229702973,1.997
"[1.997, 1.998)",0.02459978720751881,1.998
"[1.998, 1.999)",0.011807787649218755,1.999
"[1.999, 2.0)",0.03375291001214955,2.0
"[2.0, 2.001)",0.026629553191379315,2.001
"[2.001, 2.0020000000000002)",0.021672012579487167,2.002
"[2.0020000000000002, 2.003)",0.02828209278416667,2.003
"[2.003, 2.004)",0.021821238267826087,2.004
"[2.004, 2.005)",0.03351802169565217,2.005
"[2.005, 2.0060000000000002)",0.0263663624427481,2.006
"[2.0060000000000002, 2.007)",0.02995206786638656,2.007
"[2.007, 2.008)",0.026985200009615386,2.008
"[2.008, 2.009)",0.03612332208264462,2.009
"[2.009, 2.0100000000000002)",0.040446051139344255,2.01
"[2.0100000000000002, 2.011)",0.029788847078125003,2.011
"[2.011, 2.012)",0.030261800093076927,2.012
"[2.012, 2.013)",0.021611479711340215,2.013
"[2.013, 2.0140000000000002)",0.03928007299191176,2.014
"[2.0140000000000002, 2.015)",0.029870719833898312,2.015
"[2.015, 2.016)",0.028991015277685953,2.016
"[2.016, 2.017)",0.03821381713947368,2.017
"[2.017, 2.0180000000000002)",0.03030302096831858,2.018
"[2.0180000000000002, 2.019)",0.02625033000695652,2.019
"[2.019, 2.02)",0.021452631511320756,2.02
"[2.02, 2.021)",0.02281250133281251,2.021
"[2.021, 2.0220000000000002)",0.03332762556464649,2.022
"[2.0220000000000002, 2.023)",0.025985959727343758,2.023
"[2.023, 2.024)",0.024508894550467297,2.024
"[2.024, 2.025)",0.023530506396491242,2.025
"[2.025, 2.0260000000000002)",0.02793887972666667,2.026
"[2.0260000000000002, 2.027)",0.03210171645286822,2.027
"[2.027, 2.028)",0.029766896815671646,2.028
"[2.028, 2.029)",0.020222570007079655,2.029
"[2.029, 2.0300000000000002)",0.023463432960975604,2.03
"[2.0300000000000002, 2.031)",0.03723355595913045,2.031
"[2.031, 2.032)",0.030255670113114762,2.032
"[2.032, 2.033)",0.02752387759568965,2.033
"[2.033, 2.0340000000000003)",0.03605294209000001,2.034
"[2.0340000000000003, 2.035)",0.030300531662043793,2.035
"[2.035, 2.036)",0.0172974380952,2.036
"[2.036, 2.037)",0.020522033692173928,2.037
"[2.037, 2.0380000000000003)",0.021093743454135325,2.038
"[2.0380000000000003, 2.039)",0.039548475850450446,2.039
"[2.039, 2.04)",0.021328169276666684,2.04
"[2.04, 2.041)",0.020401357152542373,2.041
"[2.041, 2.0420000000000003)",0.036201094489843745,2.042
"[2.0420000000000003, 2.043)",0.027854143362264144,2.043
"[2.043, 2.044)",0.016087519316666667,2.044
"[2.044, 2.045)",0.022877087847115393,2.045
"[2.045, 2.0460000000000003)",0.04493484509482756,2.046
"[2.0460000000000003, 2.047)",0.030988881683969467,2.047
"[2.047, 2.048)",0.041129476029896916,2.048
"[2.048, 2.049)",0.016990299637391303,2.049
"[2.049, 2.05)",0.03394483888585857,2.05
"[2.05, 2.051)",0.017331498422680412,2.051
"[2.051, 2.052)",0.025227500658536597,2.052
"[2.052, 2.053)",0.024036457412380953,2.053
"[2.053, 2.054)",0.02656970470654206,2.054
"[2.054, 2.055)",0.021933273574257426,2.055
"[2.055, 2.056)",0.017780469048412722,2.056
"[2.056, 2.057)",0.02665350897405064,2.057
"[2.057, 2.058)",0.04212474049197079,2.058
"[2.058, 2.059)",0.0236770638952,2.059
"[2.059, 2.06)",0.026213642354032264,2.06
"[2.06, 2.061)",0.02555449360740741,2.061
"[2.061, 2.062)",0.03426437687301588,2.062
"[2.062, 2.063)",0.036832525644930586,2.063
"[2.063, 2.064)",0.018981521922033902,2.064
"[2.064, 2.065)",0.03007769481523809,2.065
"[2.065, 2.066)",0.029404310111926606,2.066
"[2.066, 2.067)",0.02881953814960631,2.067
"[2.067, 2.068)",0.023062485686868688,2.068
"[2.068, 2.069)",0.019596142210000004,2.069
"[2.069, 2.07)",0.017760405724999994,2.07
"[2.07, 2.071)",0.038164698762886605,2.071
"[2.071, 2.072)",0.023176064663461553,2.072
"[2.072, 2.073)",0.03237814278195488,2.073
"[2.073, 2.074)",0.038533105223333336,2.074
"[2.074, 2.075)",0.03206257290795457,2.075
"[2.075, 2.076)",0.05934217665981312,2.076
"[2.076, 2.077)",0.026326014614,2.077
"[2.077, 2.078)",0.026142020797872333,2.078
"[2.078, 2.079)",0.022778038623,2.079
"[2.079, 2.08)",0.021229781130263158,2.08
"[2.08, 2.081)",0.020314471150537635,2.081
"[2.081, 2.082)",0.01904667767605634,2.082
"[2.082, 2.083)",0.022534634183018865,2.083
"[2.083, 2.084)",0.03361740999117647,2.084
"[2.084, 2.085)",0.029411437189042558,2.085
"[2.085, 2.086)",0.02345806606413045,2.086
"[2.086, 2.087)",0.017995479168539334,2.087
"[2.087, 2.088)",0.02812659141413043,2.088
"[2.088, 2.089)",0.027108731873076938,2.089
"[2.089, 2.09)",0.048232175039759045,2.09
"[2.09, 2.091)",0.017802756669166673,2.091
"[2.091, 2.092)",0.03281362959325843,2.092
"[2.092, 2.093)",0.04001616977978723,2.093
"[2.093, 2.094)",0.02996424332554744,2.094
"[2.094, 2.095)",0.02462997116179776,2.095
"[2.095, 2.096)",0.0166534409576087,2.096
"[2.096, 2.097)",0.04401533837444443,2.097
"[2.097, 2.098)",0.036138318212389366,2.098
"[2.098, 2.099)",0.02112863757954546,2.099
"[2.099, 2.1)",0.043493158207843156,2.1
"[2.1, 2.101)",0.01577868364210527,2.101
"[2.101, 2.102)",0.03517959810366971,2.102
"[2.102, 2.103)",0.030121487328421067,2.103
"[2.103, 2.104)",0.04075779258163265,2.104
"[2.104, 2.105)",0.027934715448648638,2.105
"[2.105, 2.106)",0.038416325036986304,2.106
"[2.106, 2.107)",0.028217948986,2.107
"[2.107, 2.108)",0.02697346521276594,2.108
"[2.108, 2.109)",0.023802604035398234,2.109
"[2.109, 2.11)",0.03480619093693694,2.11
"[2.11, 2.111)",0.02467444510418182,2.111
"[2.111, 2.112)",0.014057252366346164,2.112
"[2.112, 2.113)",0.03666995336534654,2.113
"[2.113, 2.114)",0.029394290735643574,2.114
"[2.114, 2.115)",0.033012696837209296,2.115
"[2.115, 2.116)",0.03559708928105263,2.116
"[2.116, 2.117)",0.021849280696470588,2.117
"[2.117, 2.118)",0.0235379286344086,2.118
"[2.118, 2.119)",0.028363657242424234,2.119
"[2.119, 2.12)",0.041391690647727276,2.12
"[2.12, 2.121)",0.025310295247058832,2.121
"[2.121, 2.122)",0.028496064220454562,2.122
"[2.122, 2.123)",0.021591880403157893,2.123
"[2.123, 2.124)",0.018581483820543476,2.124
"[2.124, 2.125)",0.027364888833684216,2.125
"[2.125, 2.126)",0.025522689325510203,2.126
"[2.126, 2.1270000000000002)",0.037337212531250004,2.127
"[2.1270000000000002, 2.128)",0.01973666246111111,2.128
"[2.128, 2.129)",0.036624910480645166,2.129
"[2.129, 2.13)",0.044857402028571434,2.13
"[2.13, 2.1310000000000002)",0.02228815531494253,2.131
"[2.1310000000000002, 2.132)",0.046642505191025654,2.132
"[2.132, 2.133)",0.030210794178723417,2.133
"[2.133, 2.134)",0.02037706306454545,2.134
"[2.134, 2.1350000000000002)",0.021565954153658543,2.135
"[2.1350000000000002, 2.136)",0.03515665739883724,2.136
"[2.136, 2.137)",0.024613459482000017,2.137
"[2.137, 2.138)",0.021238934091954036,2.138
"[2.138, 2.1390000000000002)",0.03183538728588236,2.139
"[2.1390000000000002, 2.14)",0.026898495150649362,2.14
"[2.14, 2.141)",0.02733177758045977,2.141
"[2.141, 2.142)",0.03990142313837209,2.142
"[2.142, 2.1430000000000002)",0.04443459663529413,2.143
"[2.1430000000000002, 2.144)",0.016452378444943818,2.144
"[2.144, 2.145)",0.03194116911558442,2.145
"[2.145, 2.146)",0.03089338892654762,2.146
"[2.146, 2.1470000000000002)",0.016072170242125004,2.147
"[2.1470000000000002, 2.148)",0.04421718501136363,2.148
"[2.148, 2.149)",0.01737448158705882,2.149
"[2.149, 2.15)",0.017853460265492962,2.15
"[2.15, 2.1510000000000002)",0.019167330461538474,2.151
"[2.1510000000000002, 2.152)",0.047475618385542186,2.152
"[2.152, 2.153)",0.02983172391123596,2.153
"[2.153, 2.154)",0.024601401187356344,2.154
"[2.154, 2.1550000000000002)",0.04523861536036037,2.155
"[2.1550000000000002, 2.156)",0.02716518466304348,2.156
"[2.156, 2.157)",0.025164725936144577,2.157
"[2.157, 2.158)",0.03726843139574468,2.158
"[2.158, 2.1590000000000003)",0.03613780740594059,2.159
"[2.1590000000000003, 2.16)",0.03830930468965516,2.16
"[2.16, 2.161)",0.02398260113932586,2.161
"[2.161, 2.162)",0.04501029588260869,2.162
"[2.162, 2.1630000000000003)",0.027266536307339443,2.163
"[2.1630000000000003, 2.164)",0.029470428355656574,2.164
"[2.164, 2.165)",0.025763233696428585,2.165
"[2.165, 2.166)",0.019208641668085117,2.166
"[2.166, 2.1670000000000003)",0.03204913300989012,2.167
"[2.1670000000000003, 2.168)",0.032246964785964914,2.168
"[2.168, 2.169)",0.036947438408510634,2.169
"[2.169, 2.17)",0.02906935765168538,2.17
"[2.17, 2.1710000000000003)",0.04244055444466018,2.171
"[2.1710000000000003, 2.172)",0.01809959577473684,2.172
"[2.172, 2.173)",0.015672400901111123,2.173
"[2.173, 2.174)",0.022077790621649496,2.174
"[2.174, 2.1750000000000003)",0.03924486095753424,2.175
"[2.1750000000000003, 2.176)",0.03495719867738097,2.176
"[2.176, 2.177)",0.04638568104246575,2.177
"[2.177, 2.178)",0.018673962340506337,2.178
"[2.178, 2.179)",0.015293870926153842,2.179
"[2.179, 2.18)",0.0221643258084507,2.18
"[2.18, 2.181)",0.03309038193846156,2.181
"[2.181, 2.182)",0.03257055636865673,2.182
"[2.182, 2.183)",0.05589850496027397,2.183
"[2.183, 2.184)",0.019345773841463427,2.184
"[2.184, 2.185)",0.03016344402876715,2.185
"[2.185, 2.186)",0.039440022200000015,2.186
"[2.186, 2.187)",0.049124693109375,2.187
"[2.187, 2.188)",0.025657231370967752,2.188
"[2.188, 2.189)",0.04259371905217391,2.189
"[2.189, 2.19)",0.04652115555696201,2.19
"[2.19, 2.191)",0.03711544570153846,2.191
"[2.191, 2.192)",0.029040509730769246,2.192
"[2.192, 2.193)",0.032451544075824165,2.193
"[2.193, 2.194)",0.014280839997468353,2.194
"[2.194, 2.195)",0.03040053551216216,2.195
"[2.195, 2.196)",0.027951442105882365,2.196
"[2.196, 2.197)",0.02171256563076924,2.197
"[2.197, 2.198)",0.03210277858518519,2.198
"[2.198, 2.199)",0.030822676205128203,2.199
"[2.199, 2.2)",0.030438472884615386,2.2
"[2.2, 2.201)",0.029639871274025988,2.201
"[2.201, 2.202)",0.034219583698750014,2.202
"[2.202, 2.203)",0.022902497324675322,2.203
"[2.203, 2.204)",0.029067209518518534,2.204
"[2.204, 2.205)",0.032975272808860756,2.205
"[2.205, 2.206)",0.025894665334246596,2.206
"[2.206, 2.207)",0.027208374632352945,2.207
"[2.207, 2.208)",0.02869344675409836,2.208
"[2.208, 2.209)",0.01682645772,2.209
"[2.209, 2.21)",0.019720748154098362,2.21
"[2.21, 2.211)",0.025319269544117645,2.211
"[2.211, 2.212)",0.02600469518253969,2.212
"[2.212, 2.213)",0.031076729751562504,2.213
"[2.213, 2.214)",0.04611747810000001,2.214
"[2.214, 2.215)",0.01858074663636363,2.215
"[2.215, 2.216)",0.024097785515151512,2.216
"[2.216, 2.217)",0.016674970060563378,2.217
"[2.217, 2.218)",0.03712155512328768,2.218
"[2.218, 2.219)",0.022005586593243236,2.219
"[2.219, 2.22)",0.029470151445762708,2.22
"[2.22, 2.221)",0.021303542665384628,2.221
"[2.221, 2.222)",0.04318072168939394,2.222
"[2.222, 2.223)",0.021387627928915662,2.223
"[2.223, 2.224)",0.03298775010294118,2.224
"[2.224, 2.225)",0.04570777846153848,2.225
"[2.225, 2.226)",0.03262147090410959,2.226
"[2.226, 2.227)",0.029304980949152546,2.227
"[2.227, 2.228)",0.03839266263225,2.228
"[2.228, 2.229)",0.017480212805479442,2.229
"[2.229, 2.23)",0.04142584201515153,2.23
"[2.23, 2.231)",0.03056207525974026,2.231
"[2.231, 2.232)",0.03323738661971832,2.232
"[2.232, 2.233)",0.02916791218666667,2.233
"[2.233, 2.234)",0.036038379392405055,2.234
"[2.234, 2.235)",0.027689455055384633,2.235
"[2.235, 2.236)",0.0263530604757353,2.236
"[2.236, 2.237)",0.024060613362295084,2.237
"[2.237, 2.238)",0.025346881939240517,2.238
"[2.238, 2.239)",0.021682426577464803,2.239
"[2.239, 2.24)",0.04140708154864866,2.24
"[2.24, 2.241)",0.03015792323088236,2.241
"[2.241, 2.242)",0.02471445273239438,2.242
"[2.242, 2.243)",0.06012702408426664,2.243
"[2.243, 2.244)",0.03702739019444445,2.244
"[2.244, 2.245)",0.050764465982608684,2.245
"[2.245, 2.246)",0.036396503205882356,2.246
"[2.246, 2.247)",0.022718528702702703,2.247
"[2.247, 2.248)",0.017875276792957754,2.248
"[2.248, 2.249)",0.026701565185714288,2.249
"[2.249, 2.25)",0.031869800531645565,2.25
"[2.25, 2.251)",0.022767506285245907,2.251
"[2.251, 2.2520000000000002)",0.016812422925000004,2.252
"[2.2520000000000002, 2.253)",0.019792830600000005,2.253
"[2.253, 2.254)",0.026117999446551732,2.254
"[2.254, 2.255)",0.02659995400684932,2.255
"[2.255, 2.2560000000000002)",0.028180653208333333,2.256
"[2.2560000000000002, 2.257)",0.026411775239350656,2.257
"[2.257, 2.258)",0.033536222852500006,2.258
"[2.258, 2.259)",0.042941615913793106,2.259
"[2.259, 2.2600000000000002)",0.04286587865079366,2.26
"[2.2600000000000002, 2.261)",0.026830333602941174,2.261
"[2.261, 2.262)",0.022008374563513518,2.262
"[2.262, 2.263)",0.05032832338260868,2.263
"[2.263, 2.2640000000000002)",0.022931789074603186,2.264
"[2.2640000000000002, 2.265)",0.017503253661290314,2.265
"[2.265, 2.266)",0.0451630478875,2.266
"[2.266, 2.267)",0.02760933699041098,2.267
"[2.267, 2.2680000000000002)",0.05045914947076921,2.268
"[2.2680000000000002, 2.269)",0.02633945062807018,2.269
"[2.269, 2.27)",0.01697982551724138,2.27
"[2.27, 2.271)",0.03537118261594202,2.271
"[2.271, 2.2720000000000002)",0.03393430487500001,2.272
"[2.2720000000000002, 2.273)",0.01732593119262295,2.273
"[2.273, 2.274)",0.03118583888800001,2.274
"[2.274, 2.275)",0.04148455253166668,2.275
"[2.275, 2.2760000000000002)",0.014731470435483864,2.276
"[2.2760000000000002, 2.277)",0.021078912958135597,2.277
"[2.277, 2.278)",0.024900521434328363,2.278
"[2.278, 2.279)",0.02686535558070176,2.279
"[2.279, 2.2800000000000002)",0.022394185333333327,2.28
"[2.2800000000000002, 2.281)",0.01944761689830508,2.281
"[2.281, 2.282)",0.017968937072131146,2.282
"[2.282, 2.283)",0.01883535512459016,2.283
"[2.283, 2.2840000000000003)",0.020539470803846147,2.284
"[2.2840000000000003, 2.285)",0.029052971685714284,2.285
"[2.285, 2.286)",0.026525954691935496,2.286
"[2.286, 2.287)",0.02568338735370372,2.287
"[2.287, 2.2880000000000003)",0.022346924254237302,2.288
"[2.2880000000000003, 2.289)",0.03159957605970149,2.289
"[2.289, 2.29)",0.033639718853246764,2.29
"[2.29, 2.291)",0.03221902533278688,2.291
"[2.291, 2.2920000000000003)",0.028965941117391304,2.292
"[2.2920000000000003, 2.293)",0.02002609463428573,2.293
"[2.293, 2.294)",0.038309327232786905,2.294
"[2.294, 2.295)",0.019762851919148935,2.295
"[2.295, 2.2960000000000003)",0.04606953263521128,2.296
"[2.2960000000000003, 2.297)",0.01764330352777778,2.297
"[2.297, 2.298)",0.02615078491666668,2.298
"[2.298, 2.299)",0.04130338734375001,2.299
"[2.299, 2.3000000000000003)",0.0273571535774648,2.3
"[2.3000000000000003, 2.301)",0.023054900888750004,2.301
"[2.301, 2.302)",0.05526722286515149,2.302
"[2.302, 2.303)",0.047948003610000005,2.303
"[2.303, 2.3040000000000003)",0.014111778691803276,2.304
"[2.3040000000000003, 2.305)",0.05410894364615384,2.305
"[2.305, 2.306)",0.040572539285063276,2.306
"[2.306, 2.307)",0.04229896611125,2.307
"[2.307, 2.308)",0.027651022033870973,2.308
"[2.308, 2.309)",0.02354714655737705,2.309
"[2.309, 2.31)",0.04696742842211766,2.31
"[2.31, 2.311)",0.01499089186567164,2.311
"[2.311, 2.312)",0.030540568660317468,2.312
"[2.312, 2.313)",0.02032419646774193,2.313
"[2.313, 2.314)",0.028558858204687503,2.314
"[2.314, 2.315)",0.027012447636206905,2.315
"[2.315, 2.316)",0.024231676177419354,2.316
"[2.316, 2.317)",0.025661123594594586,2.317
"[2.317, 2.318)",0.03119669886,2.318
"[2.318, 2.319)",0.03402626860882352,2.319
"[2.319, 2.32)",0.03797851667796611,2.32
"[2.32, 2.321)",0.02427307122571429,2.321
"[2.321, 2.322)",0.030334180635164847,2.322
"[2.322, 2.323)",0.018221925828000002,2.323
"[2.323, 2.324)",0.05009492544137929,2.324
"[2.324, 2.325)",0.025910254319178084,2.325
"[2.325, 2.326)",0.043654262,2.326
"[2.326, 2.327)",0.025712316380000006,2.327
"[2.327, 2.328)",0.01577473624189189,2.328
"[2.328, 2.329)",0.03032942689649123,2.329
"[2.329, 2.33)",0.030683188677142845,2.33
"[2.33, 2.331)",0.02169163530151515,2.331
"[2.331, 2.332)",0.03342755507761195,2.332
"[2.332, 2.333)",0.03718494194936709,2.333
"[2.333, 2.334)",0.027243572292537307,2.334
"[2.334, 2.335)",0.022402412953846162,2.335
"[2.335, 2.336)",0.050823049450704226,2.336
"[2.336, 2.337)",0.03244659744444445,2.337
"[2.337, 2.338)",0.030448030779411762,2.338
"[2.338, 2.339)",0.019945883869841263,2.339
"[2.339, 2.34)",0.02052879651948053,2.34
"[2.34, 2.341)",0.02336071792537314,2.341
"[2.341, 2.342)",0.03660558407142857,2.342
"[2.342, 2.343)",0.017899957063333333,2.343
"[2.343, 2.344)",0.03253822562031249,2.344
"[2.344, 2.345)",0.02250943416338028,2.345
"[2.345, 2.346)",0.018192640458333336,2.346
"[2.346, 2.347)",0.01822737432777778,2.347
"[2.347, 2.348)",0.01924051091276596,2.348
"[2.348, 2.349)",0.024462692953424677,2.349
"[2.349, 2.35)",0.020216001931034486,2.35
"[2.35, 2.351)",0.03615557603571428,2.351
"[2.351, 2.352)",0.028046536080357145,2.352
"[2.352, 2.353)",0.027655442654166668,2.353
"[2.353, 2.354)",0.04091625526666668,2.354
"[2.354, 2.355)",0.030862076507246382,2.355
"[2.355, 2.356)",0.04705151123636364,2.356
"[2.356, 2.357)",0.017247917868749997,2.357
"[2.357, 2.358)",0.02683789228714286,2.358
"[2.358, 2.359)",0.022923305143055555,2.359
"[2.359, 2.36)",0.03132208088888888,2.36
"[2.36, 2.361)",0.036824152569230766,2.361
"[2.361, 2.362)",0.012359628923684208,2.362
"[2.362, 2.363)",0.022611900488372114,2.363
"[2.363, 2.364)",0.03245442258172044,2.364
"[2.364, 2.365)",0.021342391826086972,2.365
"[2.365, 2.366)",0.03269782266129033,2.366
"[2.366, 2.367)",0.04360232574852941,2.367
"[2.367, 2.368)",0.024786444704166667,2.368
"[2.368, 2.369)",0.04154987175076924,2.369
"[2.369, 2.37)",0.03849163859701493,2.37
"[2.37, 2.371)",0.02948746757000001,2.371
"[2.371, 2.372)",0.033379796653846154,2.372
"[2.372, 2.373)",0.023291887788461536,2.373
"[2.373, 2.374)",0.03852742306557378,2.374
"[2.374, 2.375)",0.02519723826315789,2.375
"[2.375, 2.376)",0.016552199084507047,2.376
"[2.376, 2.3770000000000002)",0.025584892529411762,2.377
"[2.3770000000000002, 2.378)",0.028051772805,2.378
"[2.378, 2.379)",0.01707373314857142,2.379
"[2.379, 2.38)",0.05193024040847459,2.38
"[2.38, 2.3810000000000002)",0.03918429350877193,2.381
"[2.3810000000000002, 2.382)",0.02329560796296296,2.382
"[2.382, 2.383)",0.03171900025507247,2.383
"[2.383, 2.384)",0.053689376311538466,2.384
"[2.384, 2.3850000000000002)",0.04183219366417912,2.385
"[2.3850000000000002, 2.386)",0.01909451385714287,2.386
"[2.386, 2.387)",0.01648883614925373,2.387
"[2.387, 2.388)",0.028464539926865685,2.388
"[2.388, 2.3890000000000002)",0.03307325701923078,2.389
"[2.3890000000000002, 2.39)",0.03274421616363636,2.39
"[2.39, 2.391)",0.0546683721641791,2.391
"[2.391, 2.392)",0.020591014224,2.392
"[2.392, 2.3930000000000002)",0.02974562550892857,2.393
"[2.3930000000000002, 2.394)",0.02728595472586206,2.394
"[2.394, 2.395)",0.021185325730769224,2.395
"[2.395, 2.396)",0.032065838535820894,2.396
"[2.396, 2.3970000000000002)",0.021723367215686275,2.397
"[2.3970000000000002, 2.398)",0.013404370115384617,2.398
"[2.398, 2.399)",0.017416574060937502,2.399
"[2.399, 2.4)",0.019199161673972606,2.4
"[2.4, 2.4010000000000002)",0.021068589500000002,2.401
"[2.4010000000000002, 2.402)",0.02733742295964912,2.402
"[2.402, 2.403)",0.01743909911290321,2.403
"[2.403, 2.404)",0.019788555959629632,2.404
"[2.404, 2.4050000000000002)",0.019831088617333324,2.405
"[2.4050000000000002, 2.406)",0.013750604272727274,2.406
"[2.406, 2.407)",0.029313903340909088,2.407
"[2.407, 2.408)",0.02755137027758621,2.408
"[2.408, 2.4090000000000003)",0.041171068567567574,2.409
"[2.4090000000000003, 2.41)",0.01850606571836735,2.41
"[2.41, 2.411)",0.024934874394915253,2.411
"[2.411, 2.412)",0.019401137849999996,2.412
"[2.412, 2.4130000000000003)",0.016627818735849054,2.413
"[2.4130000000000003, 2.414)",0.03368427872156862,2.414
"[2.414, 2.415)",0.03070213483333333,2.415
"[2.415, 2.416)",0.062454450162962964,2.416
"[2.416, 2.4170000000000003)",0.03114688204000001,2.417
"[2.4170000000000003, 2.418)",0.014478998307692297,2.418
"[2.418, 2.419)",0.04892039775283018,2.419
"[2.419, 2.42)",0.04593312353555556,2.42
"[2.42, 2.4210000000000003)",0.04898926322916666,2.421
"[2.4210000000000003, 2.422)",0.036241104323076936,2.422
"[2.422, 2.423)",0.022307217687500002,2.423
"[2.423, 2.424)",0.037008880488372094,2.424
"[2.424, 2.4250000000000003)",0.021103965490196074,2.425
"[2.4250000000000003, 2.426)",0.017115933001666667,2.426
"[2.426, 2.427)",0.01950192213207548,2.427
"[2.427, 2.428)",0.044405745137254905,2.428
"[2.428, 2.4290000000000003)",0.019313219424444444,2.429
"[2.4290000000000003, 2.43)",0.04466774862857144,2.43
"[2.43, 2.431)",0.028065394244444434,2.431
"[2.431, 2.432)",0.015721659266666663,2.432
"[2.432, 2.433)",0.018367811431707314,2.433
"[2.433, 2.434)",0.03189166020508474,2.434
"[2.434, 2.435)",0.027349689472222216,2.435
"[2.435, 2.436)",0.019718257962790697,2.436
"[2.436, 2.437)",0.02240122160943395,2.437
"[2.437, 2.438)",0.01940830851395349,2.438
"[2.438, 2.439)",0.06124429371428571,2.439
"[2.439, 2.44)",0.04279695354473684,2.44
"[2.44, 2.441)",0.02769589054901961,2.441
"[2.441, 2.442)",0.03017612623600002,2.442
"[2.442, 2.443)",0.02438554306521739,2.443
"[2.443, 2.444)",0.027737021479999995,2.444
"[2.444, 2.445)",0.025691976755384628,2.445
"[2.445, 2.446)",0.047826664547169793,2.446
"[2.446, 2.447)",0.03197109949811322,2.447
"[2.447, 2.448)",0.02293357953846153,2.448
"[2.448, 2.449)",0.022448182848148136,2.449
"[2.449, 2.45)",0.024982325237037032,2.45
"[2.45, 2.451)",0.04745707155263157,2.451
"[2.451, 2.452)",0.03469054483555556,2.452
"[2.452, 2.453)",0.02622381188095238,2.453
"[2.453, 2.454)",0.01516946534,2.454
"[2.454, 2.455)",0.02377817366808511,2.455
"[2.455, 2.456)",0.03069197403023255,2.456
"[2.456, 2.457)",0.018673338349019603,2.457
"[2.457, 2.458)",0.03185851480392157,2.458
"[2.458, 2.459)",0.019469347311111107,2.459
"[2.459, 2.46)",0.02369509731034483,2.46
"[2.46, 2.461)",0.02941221483333334,2.461
"[2.461, 2.462)",0.04845615609183674,2.462
"[2.462, 2.463)",0.023551957934782607,2.463
"[2.463, 2.464)",0.04092262380714286,2.464
"[2.464, 2.465)",0.015397300863461536,2.465
"[2.465, 2.466)",0.026917364109259267,2.466
"[2.466, 2.467)",0.031202783951020406,2.467
"[2.467, 2.468)",0.03581219730227273,2.468
"[2.468, 2.469)",0.04212170258085107,2.469
"[2.469, 2.47)",0.019891370365454547,2.47
"[2.47, 2.471)",0.055820367012962946,2.471
"[2.471, 2.472)",0.021919452729166674,2.472
"[2.472, 2.473)",0.05165927192857142,2.473
"[2.473, 2.474)",0.018526149508510642,2.474
"[2.474, 2.475)",0.024465580531034488,2.475
"[2.475, 2.476)",0.0254130366147541,2.476
"[2.476, 2.477)",0.033989334924999996,2.477
"[2.477, 2.478)",0.04678319078913042,2.478
"[2.478, 2.479)",0.051530112778571426,2.479
"[2.479, 2.48)",0.026243910005882363,2.48
"[2.48, 2.481)",0.02683567459822221,2.481
"[2.481, 2.482)",0.02560406367924529,2.482
"[2.482, 2.483)",0.015440614052173913,2.483
"[2.483, 2.484)",0.03736734708032259,2.484
"[2.484, 2.485)",0.02659476466122449,2.485
"[2.485, 2.486)",0.024883408310000004,2.486
"[2.486, 2.487)",0.02355329102222222,2.487
"[2.487, 2.488)",0.028422899132075467,2.488
"[2.488, 2.489)",0.024252857000000003,2.489
"[2.489, 2.49)",0.022598339763636364,2.49
"[2.49, 2.491)",0.03088393661632654,2.491
"[2.491, 2.492)",0.022438211997674408,2.492
"[2.492, 2.493)",0.02467707745869565,2.493
"[2.493, 2.494)",0.017810561556896552,2.494
"[2.494, 2.495)",0.024763482187500012,2.495
"[2.495, 2.496)",0.018791109421739127,2.496
"[2.496, 2.497)",0.036964029100000004,2.497
"[2.497, 2.498)",0.016802458444444432,2.498
"[2.498, 2.499)",0.03536747828062501,2.499
"[2.499, 2.5)",0.03320260561162792,2.5
"[2.5, 2.501)",0.02170393386363637,2.501
"[2.501, 2.5020000000000002)",0.028047825850000006,2.502
"[2.5020000000000002, 2.503)",0.025764377027777775,2.503
"[2.503, 2.504)",0.047732974131578954,2.504
"[2.504, 2.505)",0.028924162621428565,2.505
"[2.505, 2.5060000000000002)",0.027597595489285708,2.506
"[2.5060000000000002, 2.507)",0.032289658152173904,2.507
"[2.507, 2.508)",0.0276644655952381,2.508
"[2.508, 2.509)",0.0209709216983871,2.509
"[2.509, 2.5100000000000002)",0.02494353899836065,2.51
"[2.5100000000000002, 2.511)",0.04764844958139535,2.511
"[2.511, 2.512)",0.02309437439431372,2.512
"[2.512, 2.513)",0.023235598261904765,2.513
"[2.513, 2.5140000000000002)",0.027228641874999997,2.514
"[2.5140000000000002, 2.515)",0.033561209303571427,2.515
"[2.515, 2.516)",0.02349548685714285,2.516
"[2.516, 2.517)",0.021939499758064526,2.517
"[2.517, 2.5180000000000002)",0.033834200264285734,2.518
"[2.5180000000000002, 2.519)",0.01863678774999999,2.519
"[2.519, 2.52)",0.01629734711818182,2.52
"[2.52, 2.521)",0.02592405069230769,2.521
"[2.521, 2.5220000000000002)",0.021332829081967215,2.522
"[2.5220000000000002, 2.523)",0.01413224267407407,2.523
"[2.523, 2.524)",0.01731570023191489,2.524
"[2.524, 2.525)",0.031832653260869564,2.525
"[2.525, 2.5260000000000002)",0.021733490637021274,2.526
"[2.5260000000000002, 2.527)",0.031269939779729736,2.527
"[2.527, 2.528)",0.029338692425531915,2.528
"[2.528, 2.529)",0.015252239929166666,2.529
"[2.529, 2.5300000000000002)",0.024608928946428573,2.53
"[2.5300000000000002, 2.531)",0.02505168188750001,2.531
"[2.531, 2.532)",0.03213486596931036,2.532
"[2.532, 2.533)",0.022057449999999996,2.533
"[2.533, 2.5340000000000003)",0.027631287746031748,2.534
"[2.5340000000000003, 2.535)",0.016810209836923072,2.535
"[2.535, 2.536)",0.030615083133333332,2.536
"[2.536, 2.537)",0.02862870225227273,2.537
"[2.537, 2.5380000000000003)",0.038024939252941196,2.538
"[2.5380000000000003, 2.539)",0.034864160414634165,2.539
"[2.539, 2.54)",0.02662891976153848,2.54
"[2.54, 2.541)",0.025646551239130445,2.541
"[2.541, 2.5420000000000003)",0.024846631214285722,2.542
"[2.5420000000000003, 2.543)",0.022528023993877554,2.543
"[2.543, 2.544)",0.01983134215581395,2.544
"[2.544, 2.545)",0.02259963116808511,2.545
"[2.545, 2.5460000000000003)",0.017986564716666674,2.546
"[2.5460000000000003, 2.547)",0.046988807738095245,2.547
"[2.547, 2.548)",0.04816306104186047,2.548
"[2.548, 2.549)",0.022035729929824555,2.549
"[2.549, 2.5500000000000003)",0.015456093063636362,2.55
"[2.5500000000000003, 2.551)",0.027787916606060593,2.551
"[2.551, 2.552)",0.017772136744736846,2.552
"[2.552, 2.553)",0.023451114875000005,2.553
"[2.553, 2.5540000000000003)",0.040458560303030314,2.554
"[2.5540000000000003, 2.555)",0.016084135735294117,2.555
"[2.555, 2.556)",0.0270309002452381,2.556
"[2.556, 2.557)",0.019776182461538463,2.557
"[2.557, 2.5580000000000003)",0.029061629034482752,2.558
"[2.5580000000000003, 2.559)",0.03173872394482759,2.559
"[2.559, 2.56)",0.024853568812499997,2.56
"[2.56, 2.561)",0.047831643746875,2.561
"[2.561, 2.562)",0.03886137643902438,2.562
"[2.562, 2.563)",0.02352885008484849,2.563
"[2.563, 2.564)",0.02331693940645161,2.564
"[2.564, 2.565)",0.026460213283870965,2.565
"[2.565, 2.566)",0.03673426775862068,2.566
"[2.566, 2.567)",0.023265029534883717,2.567
"[2.567, 2.568)",0.00819035915357143,2.568
"[2.568, 2.569)",0.019750205588235294,2.569
"[2.569, 2.57)",0.01704272934285714,2.57
"[2.57, 2.571)",0.01659421778125,2.571
"[2.571, 2.572)",0.029516524928571427,2.572
"[2.572, 2.573)",0.011478010694285718,2.573
"[2.573, 2.574)",0.030212361809523813,2.574
"[2.574, 2.575)",0.01374612933333334,2.575
"[2.575, 2.576)",0.01601225651162791,2.576
"[2.576, 2.577)",0.015242531938461538,2.577
"[2.577, 2.578)",0.03105667860606061,2.578
"[2.578, 2.579)",0.01108603698275862,2.579
"[2.579, 2.58)",0.016434312312121207,2.58
"[2.58, 2.581)",0.012826290467857143,2.581
"[2.581, 2.582)",0.037701458333333326,2.582
"[2.582, 2.583)",0.011577746545454544,2.583
"[2.583, 2.584)",0.015062108073684214,2.584
"[2.584, 2.585)",0.019090806658064518,2.585
"[2.585, 2.586)",0.018280602820588233,2.586
"[2.586, 2.587)",0.016063800884615384,2.587
"[2.587, 2.588)",0.022364550690909084,2.588
"[2.588, 2.589)",0.033101583315789475,2.589
"[2.589, 2.59)",0.014782670846153846,2.59
"[2.59, 2.591)",0.025529291661538462,2.591
"[2.591, 2.592)",0.029520721862068968,2.592
"[2.592, 2.593)",0.015464649205882357,2.593
"[2.593, 2.594)",0.03313793289361703,2.594
"[2.594, 2.595)",0.030236323800000003,2.595
"[2.595, 2.596)",0.07489354799310345,2.596
"[2.596, 2.597)",0.05892379825,2.597
"[2.597, 2.598)",0.03605137309090909,2.598
"[2.598, 2.599)",0.04269888966666666,2.599
"[2.599, 2.6)",0.046052876014285725,2.6
"[2.6, 2.601)",0.045017453562500004,2.601
"[2.601, 2.602)",0.020304839689189186,2.602
"[2.602, 2.603)",0.015029482066666667,2.603
"[2.603, 2.604)",0.023853657492000004,2.604
"[2.604, 2.605)",0.020269871088235292,2.605
"[2.605, 2.606)",0.04077013685714286,2.606
"[2.606, 2.607)",0.035419217009756095,2.607
"[2.607, 2.608)",0.02799889510526316,2.608
"[2.608, 2.609)",0.019048257612903227,2.609
"[2.609, 2.61)",0.025804819,2.61
"[2.61, 2.611)",0.029015118088235294,2.611
"[2.611, 2.612)",0.014140657688837212,2.612
"[2.612, 2.613)",0.03357360120000001,2.613
"[2.613, 2.614)",0.024056374687500003,2.614
"[2.614, 2.615)",0.030547766134374994,2.615
"[2.615, 2.616)",0.05210641854062501,2.616
"[2.616, 2.617)",0.02497254137837837,2.617
"[2.617, 2.618)",0.021619119263157894,2.618
"[2.618, 2.619)",0.04249886780487804,2.619
"[2.619, 2.62)",0.02809824995348838,2.62
"[2.62, 2.621)",0.03667383539722223,2.621
"[2.621, 2.622)",0.032049177269230775,2.622
"[2.622, 2.623)",0.03998133941533334,2.623
"[2.623, 2.624)",0.0281387131108108,2.624
"[2.624, 2.625)",0.053191464811627905,2.625
"[2.625, 2.626)",0.05091721276361111,2.626
"[2.626, 2.6270000000000002)",0.03555093402142857,2.627
"[2.6270000000000002, 2.628)",0.059877122250000005,2.628
"[2.628, 2.629)",0.04131506968292685,2.629
"[2.629, 2.63)",0.024188734672727263,2.63
"[2.63, 2.6310000000000002)",0.027080599936734694,2.631
"[2.6310000000000002, 2.632)",0.02276430800000001,2.632
"[2.632, 2.633)",0.026837498299999995,2.633
"[2.633, 2.634)",0.03591322332285715,2.634
"[2.634, 2.6350000000000002)",0.023360749182916668,2.635
"[2.6350000000000002, 2.636)",0.0189866172,2.636
"[2.636, 2.637)",0.0351187193725,2.637
"[2.637, 2.638)",0.02358542852291667,2.638
"[2.638, 2.6390000000000002)",0.03421094782352941,2.639
"[2.6390000000000002, 2.64)",0.023276639836585362,2.64
"[2.64, 2.641)",0.040214068512820514,2.641
"[2.641, 2.642)",0.05087614630416668,2.642
"[2.642, 2.6430000000000002)",0.04080664586486488,2.643
"[2.6430000000000002, 2.644)",0.016020580307692302,2.644
"[2.644, 2.645)",0.02309622062222222,2.645
"[2.645, 2.646)",0.02017345241363636,2.646
"[2.646, 2.6470000000000002)",0.043886799046511646,2.647
"[2.6470000000000002, 2.648)",0.04063066053333333,2.648
"[2.648, 2.649)",0.03274672018378378,2.649
"[2.649, 2.65)",0.02919765290697674,2.65
"[2.65, 2.6510000000000002)",0.05487220090909091,2.651
"[2.6510000000000002, 2.652)",0.0175481179,2.652
"[2.652, 2.653)",0.017188673052631578,2.653
"[2.653, 2.654)",0.06845021668421053,2.654
"[2.654, 2.6550000000000002)",0.04554700495348836,2.655
"[2.6550000000000002, 2.656)",0.03651972516666666,2.656
"[2.656, 2.657)",0.030591938906250005,2.657
"[2.657, 2.658)",0.014809911977272732,2.658
"[2.658, 2.6590000000000003)",0.01453506621428572,2.659
"[2.6590000000000003, 2.66)",0.018606791000000008,2.66
"[2.66, 2.661)",0.016669125207547177,2.661
"[2.661, 2.662)",0.012568931716666674,2.662
"[2.662, 2.6630000000000003)",0.015128118200000006,2.663
"[2.6630000000000003, 2.664)",0.045631358233333336,2.664
"[2.664, 2.665)",0.03091795552068965,2.665
"[2.665, 2.666)",0.029089950212121206,2.666
"[2.666, 2.6670000000000003)",0.0392879385,2.667
"[2.6670000000000003, 2.668)",0.023714579811764697,2.668
"[2.668, 2.669)",0.02723411362068965,2.669
"[2.669, 2.67)",0.03684804229268294,2.67
"[2.67, 2.6710000000000003)",0.01831523003255813,2.671
"[2.6710000000000003, 2.672)",0.02296124028275862,2.672
"[2.672, 2.673)",0.02304202777619048,2.673
"[2.673, 2.674)",0.046541402285714295,2.674
"[2.674, 2.6750000000000003)",0.018202694407499997,2.675
"[2.6750000000000003, 2.676)",0.010885941072222221,2.676
"[2.676, 2.677)",0.01733668687058823,2.677
"[2.677, 2.678)",0.019950879997222216,2.678
"[2.678, 2.6790000000000003)",0.017627145249999997,2.679
"[2.6790000000000003, 2.68)",0.029336952542857134,2.68
"[2.68, 2.681)",0.018586293939130433,2.681
"[2.681, 2.682)",0.024464464940625,2.682
"[2.682, 2.6830000000000003)",0.019253349476190475,2.683
"[2.6830000000000003, 2.684)",0.02109666802162162,2.684
"[2.684, 2.685)",0.01539459525806452,2.685
"[2.685, 2.686)",0.031322019857142856,2.686
"[2.686, 2.6870000000000003)",0.017254349973684212,2.687
"[2.6870000000000003, 2.688)",0.051484814500000024,2.688
"[2.688, 2.689)",0.012804390112903229,2.689
"[2.689, 2.69)",0.07047619515,2.69
"[2.69, 2.691)",0.02814017298333333,2.691
"[2.691, 2.692)",0.014083196239473687,2.692
"[2.692, 2.693)",0.03124828001714285,2.693
"[2.693, 2.694)",0.021956045499999997,2.694
"[2.694, 2.695)",0.0149123639375,2.695
"[2.695, 2.696)",0.018935933104166667,2.696
"[2.696, 2.697)",0.015557387588235294,2.697
"[2.697, 2.698)",0.02830377791304348,2.698
"[2.698, 2.699)",0.023750294041874988,2.699
"[2.699, 2.7)",0.01840095222580645,2.7
"[2.7, 2.701)",0.02999129765217391,2.701
"[2.701, 2.702)",0.030916795064516132,2.702
"[2.702, 2.703)",0.0243979543030303,2.703
"[2.703, 2.704)",0.012689440558823529,2.704
"[2.704, 2.705)",0.017461101705882352,2.705
"[2.705, 2.706)",0.02471927522857142,2.706
"[2.706, 2.707)",0.05015701737837838,2.707
"[2.707, 2.708)",0.03125522173947369,2.708
"[2.708, 2.709)",0.026623881533333324,2.709
"[2.709, 2.71)",0.012196186155882355,2.71
"[2.71, 2.711)",0.055156689617857135,2.711
"[2.711, 2.712)",0.02546546333333333,2.712
"[2.712, 2.713)",0.01682456674193548,2.713
"[2.713, 2.714)",0.015361694203448278,2.714
"[2.714, 2.715)",0.02306327763333333,2.715
"[2.715, 2.716)",0.03762848602631579,2.716
"[2.716, 2.717)",0.023541711251162795,2.717
"[2.717, 2.718)",0.020511423296296297,2.718
"[2.718, 2.719)",0.03360223212903227,2.719
"[2.719, 2.72)",0.03535749196875001,2.72
"[2.72, 2.721)",0.028003866145833334,2.721
"[2.721, 2.722)",0.02707255897931035,2.722
"[2.722, 2.723)",0.032356776346153845,2.723
"[2.723, 2.724)",0.03785679645714286,2.724
"[2.724, 2.725)",0.03219287120689655,2.725
"[2.725, 2.726)",0.018686906956250002,2.726
"[2.726, 2.727)",0.024902650058823528,2.727
"[2.727, 2.728)",0.013860445640740736,2.728
"[2.728, 2.729)",0.016249409313636363,2.729
"[2.729, 2.73)",0.025795200483870965,2.73
"[2.73, 2.731)",0.027830486191999997,2.731
"[2.731, 2.732)",0.029368857500000005,2.732
"[2.732, 2.733)",0.02789425751612903,2.733
"[2.733, 2.734)",0.021882876538461542,2.734
"[2.734, 2.735)",0.0573179515,2.735
"[2.735, 2.736)",0.024390359846153845,2.736
"[2.736, 2.737)",0.028152428875000007,2.737
"[2.737, 2.738)",0.029151767550000006,2.738
"[2.738, 2.739)",0.031136781126086952,2.739
"[2.739, 2.74)",0.01548995164,2.74
"[2.74, 2.741)",0.016387242153846158,2.741
"[2.741, 2.742)",0.02702478992972972,2.742
"[2.742, 2.743)",0.018221169461538463,2.743
"[2.743, 2.744)",0.02303677645454546,2.744
"[2.744, 2.745)",0.04982726875870968,2.745
"[2.745, 2.746)",0.026725387219444445,2.746
"[2.746, 2.747)",0.01451241759655173,2.747
"[2.747, 2.748)",0.011049307363636364,2.748
"[2.748, 2.749)",0.015722061607407408,2.749
"[2.749, 2.75)",0.034176276941176476,2.75
"[2.75, 2.751)",0.018649552433333334,2.751
"[2.751, 2.7520000000000002)",0.026090971808695657,2.752
"[2.7520000000000002, 2.753)",0.03349369769090909,2.753
"[2.753, 2.754)",0.04039744109375001,2.754
"[2.754, 2.755)",0.02929415413793103,2.755
"[2.755, 2.7560000000000002)",0.029888749153571433,2.756
"[2.7560000000000002, 2.757)",0.04241310039892858,2.757
"[2.757, 2.758)",0.009087849652173912,2.758
"[2.758, 2.759)",0.021582251735294117,2.759
"[2.759, 2.7600000000000002)",0.023277480802499997,2.76
"[2.7600000000000002, 2.761)",0.035438843379310345,2.761
"[2.761, 2.762)",0.02607402249999999,2.762
"[2.762, 2.763)",0.025859989047826076,2.763
"[2.763, 2.7640000000000002)",0.06710689105,2.764
"[2.7640000000000002, 2.765)",0.019579044968750004,2.765
"[2.765, 2.766)",0.02161478544827586,2.766
"[2.766, 2.767)",0.031780081561538456,2.767
"[2.767, 2.7680000000000002)",0.014857100961538465,2.768
"[2.7680000000000002, 2.769)",0.02103451255172414,2.769
"[2.769, 2.77)",0.01198008724,2.77
"[2.77, 2.771)",0.021204152166666667,2.771
"[2.771, 2.7720000000000002)",0.03110788809999999,2.772
"[2.7720000000000002, 2.773)",0.024680399137037033,2.773
"[2.773, 2.774)",0.020307428840000002,2.774
"[2.774, 2.775)",0.025179662296296305,2.775
"[2.775, 2.7760000000000002)",0.012324984175000001,2.776
"[2.7760000000000002, 2.777)",0.019469517854571423,2.777
"[2.777, 2.778)",0.010479759482758625,2.778
"[2.778, 2.779)",0.038901672666666665,2.779
"[2.779, 2.7800000000000002)",0.033023444352941175,2.78
"[2.7800000000000002, 2.781)",0.014642978111111114,2.781
"[2.781, 2.782)",0.02788198532,2.782
"[2.782, 2.783)",0.034803776625,2.783
"[2.783, 2.7840000000000003)",0.06418012452631579,2.784
"[2.7840000000000003, 2.785)",0.030318747322580643,2.785
"[2.785, 2.786)",0.027625957311538458,2.786
"[2.786, 2.787)",0.034359893923076916,2.787
"[2.787, 2.7880000000000003)",0.03843275347368421,2.788
"[2.7880000000000003, 2.789)",0.021889685562499997,2.789
"[2.789, 2.79)",0.013811096648648649,2.79
"[2.79, 2.791)",0.040636235,2.791
"[2.791, 2.7920000000000003)",0.02991661603846154,2.792
"[2.7920000000000003, 2.793)",0.021039245142857144,2.793
"[2.793, 2.794)",0.01828628012,2.794
"[2.794, 2.795)",0.050907224211428584,2.795
"[2.795, 2.7960000000000003)",0.0425585759565625,2.796
"[2.7960000000000003, 2.797)",0.019030709750000006,2.797
"[2.797, 2.798)",0.01708240710869565,2.798
"[2.798, 2.799)",0.041637086899999995,2.799
"[2.799, 2.8000000000000003)",0.02025602033043478,2.8
"[2.8000000000000003, 2.801)",0.03988139521428571,2.801
"[2.801, 2.802)",0.044646347291666666,2.802
"[2.802, 2.803)",0.012968947679999999,2.803
"[2.803, 2.8040000000000003)",0.01956890124137932,2.804
"[2.8040000000000003, 2.805)",0.032501502157894734,2.805
"[2.805, 2.806)",0.016498794655172414,2.806
"[2.806, 2.807)",0.06680742525454544,2.807
"[2.807, 2.8080000000000003)",0.02609333168000001,2.808
"[2.8080000000000003, 2.809)",0.047061508919999974,2.809
"[2.809, 2.81)",0.07423046636000002,2.81
"[2.81, 2.811)",0.03983925295,2.811
"[2.811, 2.8120000000000003)",0.015408397259259262,2.812
"[2.8120000000000003, 2.813)",0.03428340812903225,2.813
"[2.813, 2.814)",0.019375163592592597,2.814
"[2.814, 2.815)",0.012056646846153853,2.815
"[2.815, 2.816)",0.0722633073,2.816
"[2.816, 2.817)",0.030364560947368426,2.817
"[2.817, 2.818)",0.009059215967741932,2.818
"[2.818, 2.819)",0.023004312516666667,2.819
"[2.819, 2.82)",0.0290349993076923,2.82
"[2.82, 2.821)",0.018475666214285712,2.821
"[2.821, 2.822)",0.009693454055555554,2.822
"[2.822, 2.823)",0.026997875359999996,2.823
"[2.823, 2.824)",0.03699017765384615,2.824
"[2.824, 2.825)",0.053395114500000035,2.825
"[2.825, 2.826)",0.0198324024,2.826
"[2.826, 2.827)",0.031246096733333322,2.827
"[2.827, 2.828)",0.018877246588235294,2.828
"[2.828, 2.829)",0.01887041677272727,2.829
"[2.829, 2.83)",0.02347589150000001,2.83
"[2.83, 2.831)",0.01737416661428572,2.831
"[2.831, 2.832)",0.015306539800000006,2.832
"[2.832, 2.833)",0.018386002916666668,2.833
"[2.833, 2.834)",0.013939110222222224,2.834
"[2.834, 2.835)",0.011113597526315789,2.835
"[2.835, 2.836)",0.006157350879310343,2.836
"[2.836, 2.837)",0.030127592359999997,2.837
"[2.837, 2.838)",0.04906516676486486,2.838
"[2.838, 2.839)",0.02461253295,2.839
"[2.839, 2.84)",0.026629921806451608,2.84
"[2.84, 2.841)",0.017699430545454534,2.841
"[2.841, 2.842)",0.06110543435185186,2.842
"[2.842, 2.843)",0.022604592741935485,2.843
"[2.843, 2.844)",0.014771852416666667,2.844
"[2.844, 2.845)",0.036907763062499994,2.845
"[2.845, 2.846)",0.06228384834500002,2.846
"[2.846, 2.847)",0.03779941795833333,2.847
"[2.847, 2.848)",0.04943991964705882,2.848
"[2.848, 2.849)",0.02531538235714286,2.849
"[2.849, 2.85)",0.025585408500000007,2.85
"[2.85, 2.851)",0.00816378604,2.851
"[2.851, 2.852)",0.05627723035999999,2.852
"[2.852, 2.853)",0.014685937464285715,2.853
"[2.853, 2.854)",0.04114242719999999,2.854
"[2.854, 2.855)",0.04215862561538461,2.855
"[2.855, 2.856)",0.014021899636363638,2.856
"[2.856, 2.857)",0.0261530042475,2.857
"[2.857, 2.858)",0.01324178489090909,2.858
"[2.858, 2.859)",0.03510275386956521,2.859
"[2.859, 2.86)",0.008871580173913042,2.86
"[2.86, 2.861)",0.023875945296296285,2.861
"[2.861, 2.862)",0.04294633404545455,2.862
"[2.862, 2.863)",0.0288438645,2.863
"[2.863, 2.864)",0.0061244426352941184,2.864
"[2.864, 2.865)",0.026950438400000006,2.865
"[2.865, 2.866)",0.025514905312500002,2.866
"[2.866, 2.867)",0.013445289641176469,2.867
"[2.867, 2.868)",0.01758043973333333,2.868
"[2.868, 2.869)",0.031559707124999996,2.869
"[2.869, 2.87)",0.013230154909090913,2.87
"[2.87, 2.871)",0.012009725533333333,2.871
"[2.871, 2.872)",0.03691383804761905,2.872
"[2.872, 2.873)",0.01959568919047619,2.873
"[2.873, 2.874)",0.0201758146,2.874
"[2.874, 2.875)",0.011412173436363637,2.875
"[2.875, 2.876)",0.017355019307692305,2.876
"[2.876, 2.8770000000000002)",0.011700739521739134,2.877
"[2.8770000000000002, 2.878)",0.007736648722222222,2.878
"[2.878, 2.879)",0.05308782882105263,2.879
"[2.879, 2.88)",0.021921548549230768,2.88
"[2.88, 2.8810000000000002)",0.015318231437931039,2.881
"[2.8810000000000002, 2.882)",0.025023030500000005,2.882
"[2.882, 2.883)",0.07124184678947368,2.883
"[2.883, 2.884)",0.023194845040000002,2.884
"[2.884, 2.8850000000000002)",0.012802443818181818,2.885
"[2.8850000000000002, 2.886)",0.021282330764705884,2.886
"[2.886, 2.887)",0.06845087731578949,2.887
"[2.887, 2.888)",0.025568080350000005,2.888
"[2.888, 2.8890000000000002)",0.01487170782352941,2.889
"[2.8890000000000002, 2.89)",0.019542128600000003,2.89
"[2.89, 2.891)",0.03927990342857142,2.891
"[2.891, 2.892)",0.014669567,2.892
"[2.892, 2.8930000000000002)",0.008472232449999999,2.893
"[2.8930000000000002, 2.894)",0.017702725000000006,2.894
"[2.894, 2.895)",0.0052244365,2.895
"[2.895, 2.896)",0.01802845278947368,2.896
"[2.896, 2.8970000000000002)",0.04486674643999999,2.897
"[2.8970000000000002, 2.898)",0.007661148430000001,2.898
"[2.898, 2.899)",0.04790938878571428,2.899
"[2.899, 2.9)",0.054344104272727296,2.9
"[2.9, 2.9010000000000002)",0.03303046015,2.901
"[2.9010000000000002, 2.902)",0.016836443873333332,2.902
"[2.902, 2.903)",0.015886023045454552,2.903
"[2.903, 2.904)",0.018534625888888892,2.904
"[2.904, 2.9050000000000002)",0.013091857117647057,2.905
"[2.9050000000000002, 2.906)",0.01428904533333333,2.906
"[2.906, 2.907)",0.017862251285714285,2.907
"[2.907, 2.908)",0.015414997063333333,2.908
"[2.908, 2.9090000000000003)",0.019890160440000006,2.909
"[2.9090000000000003, 2.91)",0.018347625960000006,2.91
"[2.91, 2.911)",0.016729502333333337,2.911
"[2.911, 2.912)",0.005525764176470588,2.912
"[2.912, 2.9130000000000003)",0.014081557613043479,2.913
"[2.9130000000000003, 2.914)",0.025703513338500007,2.914
"[2.914, 2.915)",0.02218537605882353,2.915
"[2.915, 2.916)",0.021589239125000003,2.916
"[2.916, 2.9170000000000003)",0.011685392233333333,2.917
"[2.9170000000000003, 2.918)",0.05075404253727272,2.918
"[2.918, 2.919)",0.009600401000000001,2.919
"[2.919, 2.92)",0.03522241704,2.92
"[2.92, 2.9210000000000003)",0.003655269,2.921
"[2.9210000000000003, 2.922)",0.012872859652941175,2.922
"[2.922, 2.923)",0.00952702557142857,2.923
"[2.923, 2.924)",0.011834500823529413,2.924
"[2.924, 2.9250000000000003)",0.010645812136363637,2.925
"[2.9250000000000003, 2.926)",0.01649689465833333,2.926
"[2.926, 2.927)",0.011514647222222221,2.927
"[2.927, 2.928)",0.015190641011111113,2.928
"[2.928, 2.9290000000000003)",0.021400210705882355,2.929
"[2.9290000000000003, 2.93)",0.016959223434782608,2.93
"[2.93, 2.931)",0.028022924,2.931
"[2.931, 2.932)",0.019352284333333334,2.932
"[2.932, 2.9330000000000003)",0.010947192111111111,2.933
"[2.9330000000000003, 2.934)",0.042189694965517235,2.934
"[2.934, 2.935)",0.032537274127499995,2.935
"[2.935, 2.936)",0.027675953533333335,2.936
"[2.936, 2.9370000000000003)",0.10772878430769232,2.937
"[2.9370000000000003, 2.938)",0.05596572718260869,2.938
"[2.938, 2.939)",0.0423139743125,2.939
"[2.939, 2.94)",0.0051156696875,2.94
"[2.94, 2.9410000000000003)",0.009511351933333334,2.941
"[2.9410000000000003, 2.942)",0.02747429766521739,2.942
"[2.942, 2.943)",0.02010736907391305,2.943
"[2.943, 2.944)",0.01261279799888889,2.944
"[2.944, 2.945)",0.008745242052631576,2.945
"[2.945, 2.946)",0.02019283710526316,2.946
"[2.946, 2.947)",0.05236878466666666,2.947
"[2.947, 2.948)",0.01728149565,2.948
"[2.948, 2.949)",0.01787120633076923,2.949
"[2.949, 2.95)",0.03477805773684211,2.95
"[2.95, 2.951)",0.03138638142857142,2.951
"[2.951, 2.952)",0.017270804937500005,2.952
"[2.952, 2.953)",0.019706373560000004,2.953
"[2.953, 2.954)",0.018133836937500005,2.954
"[2.954, 2.955)",0.019248066393750003,2.955
"[2.955, 2.956)",0.008351172785714286,2.956
"[2.956, 2.957)",0.02061993184210527,2.957
"[2.957, 2.958)",0.013208627555555554,2.958
"[2.958, 2.959)",0.059563165052631574,2.959
"[2.959, 2.96)",0.012532905005555556,2.96
"[2.96, 2.961)",0.018141370956250003,2.961
"[2.961, 2.962)",0.04284968092599999,2.962
"[2.962, 2.963)",0.012014080565217392,2.963
"[2.963, 2.964)",0.005640136976470589,2.964
"[2.964, 2.965)",0.03355220739999999,2.965
"[2.965, 2.966)",0.11675472111111113,2.966
"[2.966, 2.967)",0.01875565910666667,2.967
"[2.967, 2.968)",0.011846088352941174,2.968
"[2.968, 2.969)",0.02519095321818182,2.969
"[2.969, 2.97)",0.0111501785,2.97
"[2.97, 2.971)",0.029036288553846153,2.971
"[2.971, 2.972)",0.02668171270588236,2.972
"[2.972, 2.973)",0.015266340866666669,2.973
"[2.973, 2.974)",0.020925168325000004,2.974
"[2.974, 2.975)",0.06116231999999999,2.975
"[2.975, 2.976)",0.015101540315789471,2.976
"[2.976, 2.977)",0.007895452352941179,2.977
"[2.977, 2.978)",0.010653136263157895,2.978
"[2.978, 2.979)",0.044586308352941174,2.979
"[2.979, 2.98)",0.018303756076923073,2.98
"[2.98, 2.981)",0.025498726666666666,2.981
"[2.981, 2.982)",0.011773276153846154,2.982
"[2.982, 2.983)",0.009833916842105264,2.983
"[2.983, 2.984)",0.031093148374999997,2.984
"[2.984, 2.985)",0.036467139999999995,2.985
"[2.985, 2.986)",0.020459741444444443,2.986
"[2.986, 2.987)",0.01597827092857143,2.987
"[2.987, 2.988)",0.02543121353846154,2.988
"[2.988, 2.989)",0.0164661835,2.989
"[2.989, 2.99)",0.03600287635714285,2.99
"[2.99, 2.991)",0.011992869636363635,2.991
"[2.991, 2.992)",0.025150654416666668,2.992
"[2.992, 2.993)",0.010441447000000001,2.993
"[2.993, 2.994)",0.022764919,2.994
"[2.994, 2.995)",0.0373006663,2.995
"[2.995, 2.996)",0.0160916144,2.996
"[2.996, 2.997)",0.02673357190909091,2.997
"[2.997, 2.998)",0.011619329909090908,2.998
"[2.998, 2.999)",0.04517059941666666,2.999
"[2.999, 3.0)",0.041191441437500004,3.0
"[3.0, 3.001)",0.04891738166666667,3.001
"[3.001, 3.0020000000000002)",0.02714873538461539,3.002
"[3.0020000000000002, 3.003)",0.0205980125,3.003
"[3.003, 3.004)",0.025658275000000008,3.004
"[3.004, 3.005)",0.02127163757142857,3.005
"[3.005, 3.0060000000000002)",0.09245057545454545,3.006
"[3.0060000000000002, 3.007)",0.010382416599999998,3.007
"[3.007, 3.008)",0.02309944105714286,3.008
"[3.008, 3.009)",0.014387608444444443,3.009
"[3.009, 3.0100000000000002)",0.08403215091666666,3.01
"[3.0100000000000002, 3.011)",0.028042452966666666,3.011
"[3.011, 3.012)",0.017436646636363632,3.012
"[3.012, 3.013)",0.0196746383,3.013
"[3.013, 3.0140000000000002)",0.009986609411764706,3.014
"[3.0140000000000002, 3.015)",0.06508518855000002,3.015
"[3.015, 3.016)",0.014382142866666664,3.016
"[3.016, 3.017)",0.022899096916666667,3.017
"[3.017, 3.0180000000000002)",0.026322445846153848,3.018
"[3.0180000000000002, 3.019)",0.001969009214,3.019
"[3.019, 3.02)",0.0392842602,3.02
"[3.02, 3.021)",0.0389424476,3.021
"[3.021, 3.0220000000000002)",0.014028416223076922,3.022
"[3.0220000000000002, 3.023)",0.0279556646,3.023
"[3.023, 3.024)",0.0172473683,3.024
"[3.024, 3.025)",0.022224341840000002,3.025
"[3.025, 3.0260000000000002)",0.06261742893076921,3.026
"[3.0260000000000002, 3.027)",0.01725946429411765,3.027
"[3.027, 3.028)",0.041655476187500005,3.028
"[3.028, 3.029)",0.005242569988888888,3.029
"[3.029, 3.0300000000000002)",0.017471608071428574,3.03
"[3.0300000000000002, 3.031)",0.009066131646666666,3.031
"[3.031, 3.032)",0.011816339999999998,3.032
"[3.032, 3.033)",0.007879393625,3.033
"[3.033, 3.0340000000000003)",0.011432410684210524,3.034
"[3.0340000000000003, 3.035)",0.027668988153846157,3.035
"[3.035, 3.036)",0.04098669328571429,3.036
"[3.036, 3.037)",0.01975029229411765,3.037
"[3.037, 3.0380000000000003)",0.006184754879999999,3.038
"[3.0380000000000003, 3.039)",0.012901579235294117,3.039
"[3.039, 3.04)",0.02338535493750001,3.04
"[3.04, 3.041)",0.021318140249999996,3.041
"[3.041, 3.0420000000000003)",0.06991784692307693,3.042
"[3.0420000000000003, 3.043)",0.13266076066666668,3.043
"[3.043, 3.044)",0.019193095888888886,3.044
"[3.044, 3.045)",0.00813456657142857,3.045
"[3.045, 3.0460000000000003)",0.01957210446666667,3.046
"[3.0460000000000003, 3.047)",0.018431744647058827,3.047
"[3.047, 3.048)",0.02619063495733333,3.048
"[3.048, 3.049)",0.016070893,3.049
"[3.049, 3.0500000000000003)",0.006836838066666666,3.05
"[3.0500000000000003, 3.051)",0.0174842238,3.051
"[3.051, 3.052)",0.015412580416666669,3.052
"[3.052, 3.053)",0.019247366925,3.053
"[3.053, 3.0540000000000003)",0.003919482072727273,3.054
"[3.0540000000000003, 3.055)",0.006259967400000001,3.055
"[3.055, 3.056)",0.014946085000000001,3.056
"[3.056, 3.057)",0.034832206708333334,3.057
"[3.057, 3.0580000000000003)",0.014631780176470589,3.058
"[3.0580000000000003, 3.059)",0.02309214369047619,3.059
"[3.059, 3.06)",0.00848590746153846,3.06
"[3.06, 3.061)",0.0405092158,3.061
"[3.061, 3.0620000000000003)",0.03203195384615384,3.062
"[3.0620000000000003, 3.063)",0.039045216428571415,3.063
"[3.063, 3.064)",0.12091450666666671,3.064
"[3.064, 3.065)",0.02828111847058824,3.065
"[3.065, 3.0660000000000003)",0.04975166476470588,3.066
"[3.0660000000000003, 3.067)",0.024712081625000003,3.067
"[3.067, 3.068)",0.015733927572727277,3.068
"[3.068, 3.069)",0.035253129785714286,3.069
"[3.069, 3.0700000000000003)",0.0239060336875,3.07
"[3.0700000000000003, 3.071)",0.021754496727777777,3.071
"[3.071, 3.072)",0.042603364222222224,3.072
"[3.072, 3.073)",0.029563034124999995,3.073
"[3.073, 3.074)",0.08010169108333334,3.074
"[3.074, 3.075)",0.013885477875,3.075
"[3.075, 3.076)",0.03269837072222223,3.076
"[3.076, 3.077)",0.0187532786875,3.077
"[3.077, 3.078)",0.020176952312500003,3.078
"[3.078, 3.079)",0.0482862697,3.079
"[3.079, 3.08)",0.01483821375,3.08
"[3.08, 3.081)",0.01789137153846154,3.081
"[3.081, 3.082)",0.0452855645,3.082
"[3.082, 3.083)",0.05438161817647059,3.083
"[3.083, 3.084)",0.0601257576875,3.084
"[3.084, 3.085)",0.026364233090909094,3.085
"[3.085, 3.086)",0.01121010752631579,3.086
"[3.086, 3.087)",0.011479620076923075,3.087
"[3.087, 3.088)",0.013682165846153846,3.088
"[3.088, 3.089)",0.03856470359999999,3.089
"[3.089, 3.09)",0.016466434363636366,3.09
"[3.09, 3.091)",0.024011966750000002,3.091
"[3.091, 3.092)",0.019708739461538463,3.092
"[3.092, 3.093)",0.01657385146153846,3.093
"[3.093, 3.094)",0.005717034499999999,3.094
"[3.094, 3.095)",0.01931491103066667,3.095
"[3.095, 3.096)",0.00626944325,3.096
"[3.096, 3.097)",0.022935656966666673,3.097
"[3.097, 3.098)",0.020385271142857146,3.098
"[3.098, 3.099)",0.035293474117647064,3.099
"[3.099, 3.1)",0.09966207572727276,3.1
"[3.1, 3.101)",0.02391592273684211,3.101
"[3.101, 3.102)",0.077531795,3.102
"[3.102, 3.103)",0.039715933476111104,3.103
"[3.103, 3.104)",0.017979551583333333,3.104
"[3.104, 3.105)",0.018299116,3.105
"[3.105, 3.106)",0.06052959833333333,3.106
"[3.106, 3.107)",0.025476177437500004,3.107
"[3.107, 3.108)",0.04180855114285714,3.108
"[3.108, 3.109)",0.03262198795384616,3.109
"[3.109, 3.11)",0.017566881583333336,3.11
"[3.11, 3.111)",0.010391067111111112,3.111
"[3.111, 3.112)",0.0791669513,3.112
"[3.112, 3.113)",0.0197981155,3.113
"[3.113, 3.114)",0.02738073416153847,3.114
"[3.114, 3.115)",0.038414193500000006,3.115
"[3.115, 3.116)",0.024934696247058828,3.116
"[3.116, 3.117)",0.09556161317391307,3.117
"[3.117, 3.118)",0.08910389525,3.118
"[3.118, 3.119)",0.020123675545454547,3.119
"[3.119, 3.12)",0.064212566,3.12
"[3.12, 3.121)",0.03597948182608695,3.121
"[3.121, 3.122)",0.07472337400000002,3.122
"[3.122, 3.123)",0.02454697684,3.123
"[3.123, 3.124)",0.013336767913043477,3.124
"[3.124, 3.125)",0.020579542230769226,3.125
"[3.125, 3.126)",0.011472677429411764,3.126
"[3.126, 3.1270000000000002)",0.04420587664705883,3.127
"[3.1270000000000002, 3.128)",0.07421897389,3.128
"[3.128, 3.129)",0.06592584317692309,3.129
"[3.129, 3.13)",0.012896182626666664,3.13
"[3.13, 3.1310000000000002)",0.04238891915117648,3.131
"[3.1310000000000002, 3.132)",0.019601169357142862,3.132
"[3.132, 3.133)",0.009878069638461539,3.133
"[3.133, 3.134)",0.03070986,3.134
"[3.134, 3.1350000000000002)",0.04907167454545454,3.135
"[3.1350000000000002, 3.136)",0.07007318086666667,3.136
"[3.136, 3.137)",0.010047676375000002,3.137
"[3.137, 3.138)",0.023705028500000003,3.138
"[3.138, 3.1390000000000002)",0.03254663046153847,3.139
"[3.1390000000000002, 3.14)",0.010845398333333334,3.14
"[3.14, 3.141)",0.01568574807142857,3.141
"[3.141, 3.142)",0.006041060272727272,3.142
"[3.142, 3.1430000000000002)",0.040660532875,3.143
"[3.1430000000000002, 3.144)",0.0136567517,3.144
"[3.144, 3.145)",0.0033011287333333337,3.145
"[3.145, 3.146)",0.019831771909090905,3.146
"[3.146, 3.1470000000000002)",0.008551071125,3.147
"[3.1470000000000002, 3.148)",0.020851895111111112,3.148
"[3.148, 3.149)",0.03355291775,3.149
"[3.149, 3.15)",0.013299361269999999,3.15
"[3.15, 3.1510000000000002)",0.002255962888888889,3.151
"[3.1510000000000002, 3.152)",0.009970785125,3.152
"[3.152, 3.153)",0.021857086,3.153
"[3.153, 3.154)",0.014012669545454546,3.154
"[3.154, 3.1550000000000002)",0.050794889811111105,3.155
"[3.1550000000000002, 3.156)",0.04525952391666666,3.156
"[3.156, 3.157)",0.010634998444444446,3.157
"[3.157, 3.158)",0.026965426071428576,3.158
"[3.158, 3.1590000000000003)",0.13824808755555554,3.159
"[3.1590000000000003, 3.16)",0.021450125928571432,3.16
"[3.16, 3.161)",0.008690963000000001,3.161
"[3.161, 3.162)",0.028694551818181823,3.162
"[3.162, 3.1630000000000003)",0.008427054818749998,3.163
"[3.1630000000000003, 3.164)",0.027436117500000003,3.164
"[3.164, 3.165)",0.01891198364285715,3.165
"[3.165, 3.166)",0.039349507416666665,3.166
"[3.166, 3.1670000000000003)",0.03190193977071429,3.167
"[3.1670000000000003, 3.168)",0.005298512100000001,3.168
"[3.168, 3.169)",0.032007528333333334,3.169
"[3.169, 3.17)",0.025670667499999997,3.17
"[3.17, 3.1710000000000003)",0.006707026691666666,3.171
"[3.1710000000000003, 3.172)",0.01571949869230769,3.172
"[3.172, 3.173)",0.010573626222222222,3.173
"[3.173, 3.174)",0.009880025027272728,3.174
"[3.174, 3.1750000000000003)",0.015659539125,3.175
"[3.1750000000000003, 3.176)",0.019987745,3.176
"[3.176, 3.177)",0.05584826969230769,3.177
"[3.177, 3.178)",0.028040160230769235,3.178
"[3.178, 3.1790000000000003)",0.02815464757142857,3.179
"[3.1790000000000003, 3.18)",0.07604369666666667,3.18
"[3.18, 3.181)",0.019977475063636358,3.181
"[3.181, 3.182)",0.025450415999999997,3.182
"[3.182, 3.1830000000000003)",0.026040906142857142,3.183
"[3.1830000000000003, 3.184)",0.0050463439999999995,3.184
"[3.184, 3.185)",0.016248457545454544,3.185
"[3.185, 3.186)",0.005034784,3.186
"[3.186, 3.1870000000000003)",0.01749662525,3.187
"[3.1870000000000003, 3.188)",0.06842703927272727,3.188
"[3.188, 3.189)",0.024485308,3.189
"[3.189, 3.19)",0.0130967795,3.19
"[3.19, 3.1910000000000003)",0.019517874999999997,3.191
"[3.1910000000000003, 3.192)",0.0416361494,3.192
"[3.192, 3.193)",0.042558289333333346,3.193
"[3.193, 3.194)",0.09318033325,3.194
"[3.194, 3.1950000000000003)",0.03933471614285715,3.195
"[3.1950000000000003, 3.196)",0.0524527179090909,3.196
"[3.196, 3.197)",0.1244816272722222,3.197
"[3.197, 3.198)",0.024056119400000003,3.198
"[3.198, 3.1990000000000003)",0.015010715800000005,3.199
"[3.1990000000000003, 3.2)",0.010448441714285715,3.2
"[3.2, 3.201)",0.029352089999999997,3.201
"[3.201, 3.202)",0.05107493236363636,3.202
"[3.202, 3.203)",0.012951181727272722,3.203
"[3.203, 3.204)",0.024250578999999998,3.204
"[3.204, 3.205)",0.105665045,3.205
"[3.205, 3.206)",0.046431326222222215,3.206
"[3.206, 3.207)",0.02121771971428572,3.207
"[3.207, 3.208)",0.007367198272727273,3.208
"[3.208, 3.209)",0.01332220511111111,3.209
"[3.209, 3.21)",0.026288303,3.21
"[3.21, 3.211)",0.015070877333333335,3.211
"[3.211, 3.212)",0.023091803250000004,3.212
"[3.212, 3.213)",0.009513002,3.213
"[3.213, 3.214)",0.00204119825,3.214
"[3.214, 3.215)",0.04076532414285715,3.215
"[3.215, 3.216)",0.04457870575,3.216
"[3.216, 3.217)",0.016039235375,3.217
"[3.217, 3.218)",0.04262994122222222,3.218
"[3.218, 3.219)",0.00411409385,3.219
"[3.219, 3.22)",0.0172422835,3.22
"[3.22, 3.221)",0.015796671,3.221
"[3.221, 3.222)",0.017642329666666668,3.222
"[3.222, 3.223)",0.04192461111111111,3.223
"[3.223, 3.224)",0.017596407555555558,3.224
"[3.224, 3.225)",0.0053688183157894745,3.225
"[3.225, 3.226)",0.012146586428571427,3.226
"[3.226, 3.227)",0.016345525454545453,3.227
"[3.227, 3.228)",0.020365279130434785,3.228
"[3.228, 3.229)",0.031783326,3.229
"[3.229, 3.23)",0.020509545153846155,3.23
"[3.23, 3.231)",0.027669063153846152,3.231
"[3.231, 3.232)",0.013262311714285714,3.232
"[3.232, 3.233)",0.010083257,3.233
"[3.233, 3.234)",0.009868303,3.234
"[3.234, 3.235)",0.02115165566666666,3.235
"[3.235, 3.236)",0.008920005375000001,3.236
"[3.236, 3.237)",0.113227247,3.237
"[3.237, 3.238)",0.02243876436363636,3.238
"[3.238, 3.239)",0.0040321723749999995,3.239
"[3.239, 3.24)",0.02197278818181818,3.24
"[3.24, 3.241)",0.010936287459999998,3.241
"[3.241, 3.242)",0.032341978246153855,3.242
"[3.242, 3.243)",0.05246123033333334,3.243
"[3.243, 3.244)",0.022667003999999998,3.244
"[3.244, 3.245)",0.018400427299999998,3.245
"[3.245, 3.246)",0.011260772538461538,3.246
"[3.246, 3.247)",0.012837754444444443,3.247
"[3.247, 3.248)",0.0155010086,3.248
"[3.248, 3.249)",0.028380662600000002,3.249
"[3.249, 3.25)",0.004336923124999999,3.25
"[3.25, 3.251)",0.030257208,3.251
"[3.251, 3.2520000000000002)",0.011183613249999998,3.252
"[3.2520000000000002, 3.253)",0.06160209481818182,3.253
"[3.253, 3.254)",0.018577596000000005,3.254
"[3.254, 3.255)",0.061995786,3.255
"[3.255, 3.2560000000000002)",0.008469891716666665,3.256
"[3.2560000000000002, 3.257)",0.025328677500000004,3.257
"[3.257, 3.258)",0.033621203583333335,3.258
"[3.258, 3.259)",0.05800614000000001,3.259
"[3.259, 3.2600000000000002)",0.02307229222222222,3.26
"[3.2600000000000002, 3.261)",0.03310323849999999,3.261
"[3.261, 3.262)",0.03480486177777778,3.262
"[3.262, 3.263)",0.01634325496666667,3.263
"[3.263, 3.2640000000000002)",0.012085096777777778,3.264
"[3.2640000000000002, 3.265)",0.010211747166666667,3.265
"[3.265, 3.266)",0.035575350213333336,3.266
"[3.266, 3.267)",0.005843913333333333,3.267
"[3.267, 3.2680000000000002)",0.030683256142857145,3.268
"[3.2680000000000002, 3.269)",0.012952123833333336,3.269
"[3.269, 3.27)",0.011138681874999999,3.27
"[3.27, 3.271)",0.02292654705714286,3.271
"[3.271, 3.2720000000000002)",0.04221524160000001,3.272
"[3.2720000000000002, 3.273)",0.020651635999999998,3.273
"[3.273, 3.274)",0.05166291090909091,3.274
"[3.274, 3.275)",0.007330413973333334,3.275
"[3.275, 3.2760000000000002)",0.015008541175,3.276
"[3.2760000000000002, 3.277)",0.009220615179999999,3.277
"[3.277, 3.278)",0.040832634777777786,3.278
"[3.278, 3.279)",0.018429919833333332,3.279
"[3.279, 3.2800000000000002)",0.01250565,3.28
"[3.2800000000000002, 3.281)",0.0008241265000000001,3.281
"[3.281, 3.282)",0.0053799322499999995,3.282
"[3.282, 3.283)",0.004457297166666666,3.283
"[3.283, 3.2840000000000003)",0.019619263475,3.284
"[3.2840000000000003, 3.285)",0.0008241265000000001,3.285
"[3.285, 3.286)",0.042831633333333334,3.286
"[3.286, 3.287)",0.0345312085,3.287
"[3.287, 3.2880000000000003)",0.023583841499999997,3.288
"[3.2880000000000003, 3.289)",0.0254576162,3.289
"[3.289, 3.29)",0.012294006,3.29
"[3.29, 3.291)",0.028421958390909094,3.291
"[3.291, 3.2920000000000003)",0.0364277634,3.292
"[3.2920000000000003, 3.293)",0.0032216366666666667,3.293
"[3.293, 3.294)",0.00362835825,3.294
"[3.294, 3.295)",0.032896466299999996,3.295
"[3.295, 3.2960000000000003)",0.028412190000000004,3.296
"[3.2960000000000003, 3.297)",0.03260860714285714,3.297
"[3.297, 3.298)",0.03197074666666667,3.298
"[3.298, 3.299)",0.011550534,3.299
"[3.299, 3.3000000000000003)",0.07095209999999999,3.3
"[3.3000000000000003, 3.301)",0.011955092285714286,3.301
"[3.301, 3.302)",0.0448334346,3.302
"[3.302, 3.303)",0.07011065666666666,3.303
"[3.303, 3.3040000000000003)",0.01648153965166667,3.304
"[3.3040000000000003, 3.305)",0.02486840875,3.305
"[3.305, 3.306)",0.012840475999999998,3.306
"[3.306, 3.307)",0.0160489309875,3.307
"[3.307, 3.3080000000000003)",0.03520192099999999,3.308
"[3.3080000000000003, 3.309)",0.024416085,3.309
"[3.309, 3.31)",0.020668268833333333,3.31
"[3.31, 3.311)",0.050596329999999995,3.311
"[3.311, 3.3120000000000003)",0.06633203,3.312
"[3.3120000000000003, 3.313)",0.011209451428571427,3.313
"[3.313, 3.314)",0.043991446600000005,3.314
"[3.314, 3.315)",0.032840195428571424,3.315
"[3.315, 3.3160000000000003)",0.06991331825,3.316
"[3.3160000000000003, 3.317)",0.0165995543,3.317
"[3.317, 3.318)",0.003342676666666667,3.318
"[3.318, 3.319)",0.00170164,3.319
"[3.319, 3.3200000000000003)",0.014882944285714286,3.32
"[3.3200000000000003, 3.321)",0.05579645555555557,3.321
"[3.321, 3.322)",0.065082931,3.322
"[3.322, 3.323)",0.03642731875,3.323
"[3.323, 3.3240000000000003)",0.01454413,3.324
"[3.3240000000000003, 3.325)",0.044277075500000006,3.325
"[3.325, 3.326)",0.0124234425,3.326
"[3.326, 3.327)",0.12668507333333334,3.327
"[3.327, 3.3280000000000003)",0.025837433333333337,3.328
"[3.3280000000000003, 3.329)",0.01470798,3.329
"[3.329, 3.33)",0.007635706139999999,3.33
"[3.33, 3.331)",0.0104353825,3.331
"[3.331, 3.332)",0.000540833,3.332
"[3.332, 3.333)",0.027212129999999998,3.333
"[3.333, 3.334)",0.01842073333333333,3.334
"[3.334, 3.335)",0.0018027232499999999,3.335
"[3.335, 3.336)",0.0207793,3.336
"[3.336, 3.337)",0.021674542666666668,3.337
"[3.337, 3.338)",0.044864299999999996,3.338
"[3.338, 3.339)",0.006884530999999999,3.339
"[3.339, 3.34)",0.012704027875,3.34
"[3.34, 3.341)",0.0281152825,3.341
"[3.341, 3.342)",0.00367197,3.342
"[3.342, 3.343)",0.052777880000000006,3.343
"[3.343, 3.344)",0.00348432,3.344
"[3.344, 3.345)",0.0210482775,3.345
"[3.345, 3.346)",0.019710831,3.346
"[3.346, 3.347)",0.009267451333333333,3.347
"[3.347, 3.348)",0.003811205,3.348
"[3.348, 3.349)",0.015403,3.349
"[3.349, 3.35)",0.0016305333333333334,3.35
"[3.35, 3.351)",0.03127771444,3.351
"[3.351, 3.352)",0.03954526216666667,3.352
"[3.352, 3.353)",0.0074416510000000005,3.353
"[3.353, 3.354)",0.013766329999999998,3.354
"[3.354, 3.355)",0.0003726995,3.355
"[3.355, 3.356)",0.053126297999999995,3.356
"[3.356, 3.357)",0.07207612000000001,3.357
"[3.357, 3.358)",0.000757262,3.358
"[3.358, 3.359)",0.00111067,3.359
"[3.359, 3.36)",0.023955316280000003,3.36
"[3.36, 3.361)",0.00297195,3.361
"[3.361, 3.362)",0.000540833,3.362
"[3.362, 3.363)",0.007222790749999999,3.363
"[3.363, 3.364)",0.030913056666666664,3.364
"[3.364, 3.365)",0.06227760666666666,3.365
"[3.365, 3.366)",0.0158571375,3.366
"[3.366, 3.367)",0.011538344333333334,3.367
"[3.367, 3.368)",0.1591849165,3.368
"[3.368, 3.369)",0.0130117,3.369
"[3.369, 3.37)",0.00791035,3.37
"[3.37, 3.371)",0.0244588875,3.371
"[3.371, 3.372)",0.021630776,3.372
"[3.372, 3.373)",0.09596404,3.373
"[3.374, 3.375)",0.013849850000000002,3.374
"[3.375, 3.376)",0.0223233,3.375
"[3.376, 3.3770000000000002)",0.054968331999999995,3.376
"[3.3770000000000002, 3.378)",0.04084543333333334,3.377
"[3.378, 3.379)",0.022564863333333334,3.378
"[3.379, 3.38)",0.022485691500000002,3.379
"[3.38, 3.3810000000000002)",0.02998165,3.38
"[3.3810000000000002, 3.382)",0.005268294000000001,3.381
"[3.382, 3.383)",0.0233844,3.382
"[3.383, 3.384)",0.00431471,3.383
"[3.384, 3.3850000000000002)",0.010317163333333332,3.384
"[3.3850000000000002, 3.386)",0.006527096666666667,3.385
"[3.386, 3.387)",0.035457840000000004,3.386
"[3.387, 3.388)",0.001927335,3.387
"[3.3890000000000002, 3.39)",0.01127555,3.388
"[3.39, 3.391)",0.004965986666666667,3.389
"[3.391, 3.392)",0.01451199,3.39
"[3.3930000000000002, 3.394)",0.00810537,3.391
"[3.394, 3.395)",0.019800203333333332,3.392
"[3.395, 3.396)",0.0475836,3.393
"[3.396, 3.3970000000000002)",0.017826353666666666,3.394
"[3.3970000000000002, 3.398)",0.016962145,3.395
"[3.398, 3.399)",0.00226675,3.396
"[3.399, 3.4)",0.00900901,3.397
"[3.4, 3.4010000000000002)",0.00666077,3.398
"[3.4010000000000002, 3.402)",0.054739826666666665,3.399
"[3.402, 3.403)",0.0161993,3.4
"[3.404, 3.4050000000000002)",0.0456876975,3.401
"[3.4050000000000002, 3.406)",0.19424106,3.402
"[3.406, 3.407)",0.00348432,3.403
"[3.407, 3.408)",0.0022365700000000002,3.404
"[3.408, 3.4090000000000003)",0.009755827500000001,3.405
"[3.4090000000000003, 3.41)",0.01066129,3.406
"[3.41, 3.411)",0.1446089675,3.407
"[3.412, 3.4130000000000003)",0.00228218,3.408
"[3.4130000000000003, 3.414)",0.047434793499999996,3.409
"[3.414, 3.415)",0.01153492,3.41
"[3.415, 3.416)",0.000201018,3.411
"[3.416, 3.4170000000000003)",0.15100057,3.412
"[3.4170000000000003, 3.418)",0.035055155,3.413
"[3.418, 3.419)",0.011793040999999999,3.414
"[3.42, 3.4210000000000003)",0.00110742,3.415
"[3.4210000000000003, 3.422)",0.006231835,3.416
"[3.422, 3.423)",0.033470548333333336,3.417
"[3.423, 3.424)",0.0814715,3.418
"[3.424, 3.4250000000000003)",0.012184968600000002,3.419
"[3.4250000000000003, 3.426)",0.049194800000000004,3.42
"[3.426, 3.427)",0.01315519,3.421
"[3.427, 3.428)",0.000582751,3.422
"[3.428, 3.4290000000000003)",0.00116144,3.423
"[3.4290000000000003, 3.43)",0.0039955,3.424
"[3.43, 3.431)",0.028561200000000002,3.425
"[3.431, 3.432)",0.012452288249999999,3.426
"[3.432, 3.4330000000000003)",0.0676952,3.427
"[3.4330000000000003, 3.434)",0.002781515,3.428
"[3.434, 3.435)",0.07885314313333333,3.429
"[3.435, 3.436)",0.00110742,3.43
"[3.436, 3.4370000000000003)",0.017404076666666664,3.431
"[3.4370000000000003, 3.438)",0.132415,3.432
"[3.438, 3.439)",0.0028482676666666666,3.433
"[3.439, 3.44)",0.0617454465,3.434
"[3.44, 3.4410000000000003)",0.01693565,3.435
"[3.4410000000000003, 3.442)",0.07247045999999999,3.436
"[3.442, 3.443)",0.0017734076666666666,3.437
"[3.443, 3.444)",0.025250306666666666,3.438
"[3.444, 3.4450000000000003)",0.005704385750000001,3.439
"[3.4450000000000003, 3.446)",0.00840419,3.44
"[3.446, 3.447)",0.20779478399999998,3.441
"[3.447, 3.448)",0.00385695,3.442
"[3.448, 3.4490000000000003)",0.0013159383333333334,3.443
"[3.4490000000000003, 3.45)",0.0080658,3.444
"[3.45, 3.451)",0.0417231925,3.445
"[3.451, 3.452)",0.041837110000000004,3.446
"[3.452, 3.4530000000000003)",0.0054336,3.447
"[3.4530000000000003, 3.454)",0.0123979165,3.448
"[3.454, 3.455)",0.0443324044,3.449
"[3.455, 3.456)",0.0068965499999999996,3.45
"[3.456, 3.457)",0.017069038999999998,3.451
"[3.457, 3.458)",0.0283159445,3.452
"[3.459, 3.46)",0.015574696199999998,3.453
"[3.46, 3.461)",0.00110742,3.454
"[3.461, 3.462)",0.0049243794000000006,3.455
"[3.462, 3.463)",0.03559297,3.456
"[3.463, 3.464)",0.0105841,3.457
"[3.464, 3.465)",0.0033229215,3.458
"[3.465, 3.466)",0.022530706666666667,3.459
"[3.466, 3.467)",0.34114471333333335,3.46
"[3.467, 3.468)",0.041148325,3.461
"[3.468, 3.469)",0.00226757,3.462
"[3.469, 3.47)",0.04069419999999999,3.463
"[3.47, 3.471)",0.03570581333333333,3.464
"[3.471, 3.472)",0.00348432,3.465
"[3.472, 3.473)",0.00570689,3.466
"[3.473, 3.474)",0.0084475,3.467
"[3.474, 3.475)",0.004758484333333333,3.468
"[3.475, 3.476)",0.02538514,3.469
"[3.476, 3.477)",0.00187477,3.47
"[3.477, 3.478)",0.0957623,3.471
"[3.478, 3.479)",0.00794897,3.472
"[3.48, 3.481)",0.00367197,3.473
"[3.481, 3.482)",0.020075935,3.474
"[3.482, 3.483)",0.000540833,3.475
"[3.483, 3.484)",0.014904849999999999,3.476
"[3.484, 3.485)",0.00587277,3.477
"[3.486, 3.487)",0.0964286,3.478
"[3.488, 3.489)",0.010780896666666666,3.479
"[3.491, 3.492)",0.090893771,3.48
"[3.492, 3.493)",0.0075188,3.481
"[3.493, 3.494)",0.0537655,3.482
"[3.495, 3.496)",0.000606986,3.483
"[3.497, 3.498)",0.0016594914,3.484
"[3.498, 3.499)",0.000540833,3.485
"[3.499, 3.5)",0.0204993,3.486
"[3.5, 3.501)",0.037181334999999996,3.487
"[3.501, 3.5020000000000002)",0.004373363333333334,3.488
"[3.503, 3.504)",0.0304069,3.489
"[3.504, 3.505)",0.059204099999999996,3.49
"[3.5060000000000002, 3.507)",0.0202418926,3.491
"[3.507, 3.508)",0.00110742,3.492
"[3.508, 3.509)",0.0018486,3.493
"[3.509, 3.5100000000000002)",0.002098229,3.494
"[3.5100000000000002, 3.511)",0.023147749999999998,3.495
"[3.511, 3.512)",2.30028e-5,3.496
"[3.512, 3.513)",0.0114438,3.497
"[3.513, 3.5140000000000002)",0.0128205,3.498
"[3.516, 3.517)",0.0021064015,3.499
"[3.517, 3.5180000000000002)",0.0503388,3.5
"[3.5180000000000002, 3.519)",0.00226757,3.501
"[3.52, 3.521)",0.0308555,3.502
"[3.521, 3.5220000000000002)",0.0415385,3.503
"[3.5220000000000002, 3.523)",0.488372,3.504
"[3.523, 3.524)",0.0750552,3.505
"[3.524, 3.525)",0.317829,3.506
"[3.525, 3.5260000000000002)",0.0047619,3.507
"[3.527, 3.528)",0.0026644700000000004,3.508
"[3.5300000000000002, 3.531)",0.007545573333333334,3.509
"[3.532, 3.533)",0.00291388,3.51
"[3.533, 3.5340000000000003)",0.004960846499999999,3.511
"[3.5340000000000003, 3.535)",0.013400135,3.512
"[3.536, 3.537)",0.000540833,3.513
"[3.5380000000000003, 3.539)",0.00780635,3.514
"[3.539, 3.54)",0.028360791,3.515
"[3.541, 3.5420000000000003)",0.0741634,3.516
"[3.5420000000000003, 3.543)",0.0021465449999999997,3.517
"[3.543, 3.544)",0.0020544,3.518
"[3.544, 3.545)",0.041132709999999996,3.519
"[3.545, 3.5460000000000003)",0.000540833,3.52
"[3.5460000000000003, 3.547)",0.0042432,3.521
"[3.547, 3.548)",0.05454454433333333,3.522
"[3.548, 3.549)",0.01672895,3.523
"[3.549, 3.5500000000000003)",0.0109682,3.524
"[3.5500000000000003, 3.551)",0.10407263333333334,3.525
"[3.551, 3.552)",0.00888676825,3.526
"[3.552, 3.553)",0.0216723,3.527
"[3.553, 3.5540000000000003)",0.01368652,3.528
"[3.5540000000000003, 3.555)",0.00203114,3.529
"[3.556, 3.557)",0.10565864999999999,3.53
"[3.557, 3.5580000000000003)",0.0047619,3.531
"[3.5580000000000003, 3.559)",0.0020662966666666668,3.532
"[3.56, 3.561)",0.00147801,3.533
"[3.561, 3.5620000000000003)",0.00110742,3.534
"[3.565, 3.5660000000000003)",0.006433635,3.535
"[3.5660000000000003, 3.567)",0.000540833,3.536
"[3.567, 3.568)",0.02788781,3.537
"[3.568, 3.569)",0.00535396,3.538
"[3.569, 3.5700000000000003)",0.000991954,3.539
"[3.5700000000000003, 3.571)",0.019536,3.54
"[3.571, 3.572)",0.0070697,3.541
"[3.572, 3.573)",0.000540833,3.542
"[3.573, 3.5740000000000003)",0.0077048164999999995,3.543
"[3.5740000000000003, 3.575)",0.003113005,3.544
"[3.575, 3.576)",0.000991954,3.545
"[3.576, 3.577)",0.001064465,3.546
"[3.577, 3.5780000000000003)",0.00377121,3.547
"[3.579, 3.58)",0.0448179,3.548
"[3.58, 3.581)",0.240473,3.549
"[3.581, 3.5820000000000003)",0.0510217,3.55
"[3.5820000000000003, 3.583)",0.06061978899999999,3.551
"[3.584, 3.585)",0.021622276,3.552
"[3.585, 3.586)",0.000540833,3.553
"[3.586, 3.587)",0.0029872165,3.554
"[3.587, 3.588)",0.067024977,3.555
"[3.589, 3.59)",0.00395844,3.556
"[3.592, 3.593)",0.055773804999999996,3.557
"[3.593, 3.594)",0.000540833,3.558
"[3.594, 3.595)",0.023461,3.559
"[3.596, 3.597)",0.010134230000000001,3.56
"[3.597, 3.598)",0.001049988,3.561
"[3.598, 3.599)",0.00856718,3.562
"[3.6, 3.601)",0.01385708,3.563
"[3.601, 3.602)",0.0054336,3.564
"[3.602, 3.603)",0.00467425,3.565
"[3.603, 3.604)",0.07457529,3.566
"[3.605, 3.606)",0.013311551999999999,3.567
"[3.606, 3.607)",0.000540833,3.568
"[3.607, 3.608)",0.0268293,3.569
"[3.608, 3.609)",0.02395926825,3.57
"[3.609, 3.61)",0.0015028,3.571
"[3.611, 3.612)",0.00428247,3.572
"[3.612, 3.613)",0.00614287,3.573
"[3.613, 3.614)",0.00367197,3.574
"[3.614, 3.615)",0.0199693,3.575
"[3.615, 3.616)",0.0268293,3.576
"[3.616, 3.617)",0.0044957665,3.577
"[3.617, 3.618)",0.0349206,3.578
"[3.62, 3.621)",0.013819617666666666,3.579
"[3.622, 3.623)",0.0706907,3.58
"[3.623, 3.624)",0.0309285,3.581
"[3.624, 3.625)",0.0127758,3.582
"[3.626, 3.6270000000000002)",0.0170543,3.583
"[3.6270000000000002, 3.628)",0.0503046,3.584
"[3.628, 3.629)",0.0021064015,3.585
"[3.629, 3.63)",0.000540833,3.586
"[3.632, 3.633)",0.01168923,3.587
"[3.633, 3.634)",0.00232558,3.588
"[3.636, 3.637)",0.0749328,3.589
"[3.637, 3.638)",0.000540833,3.59
"[3.638, 3.6390000000000002)",0.004267625,3.591
"[3.6390000000000002, 3.64)",0.00110742,3.592
"[3.64, 3.641)",0.01536086,3.593
"[3.641, 3.642)",0.009689940000000001,3.594
"[3.6430000000000002, 3.644)",0.015037983333333333,3.595
"[3.644, 3.645)",0.11654941649999999,3.596
"[3.645, 3.646)",0.0020544,3.597
"[3.6470000000000002, 3.648)",0.00623936,3.598
"[3.648, 3.649)",0.006525296666666666,3.599
"[3.649, 3.65)",0.000540833,3.6
"[3.65, 3.6510000000000002)",0.00713906,3.601
"[3.6510000000000002, 3.652)",0.0536508,3.602
"[3.652, 3.653)",0.00232558,3.603
"[3.653, 3.654)",0.00110742,3.604
"[3.6550000000000002, 3.656)",0.00110742,3.605
"[3.656, 3.657)",0.0047619,3.606
"[3.657, 3.658)",0.00420663,3.607
"[3.658, 3.6590000000000003)",0.000540833,3.608
"[3.66, 3.661)",0.0122449,3.609
"[3.661, 3.662)",0.00110742,3.61
"[3.662, 3.6630000000000003)",0.0101944,3.611
"[3.6630000000000003, 3.664)",0.00232558,3.612
"[3.665, 3.666)",0.06362878500000001,3.613
"[3.666, 3.6670000000000003)",0.0234146,3.614
"[3.668, 3.669)",0.0032604515,3.615
"[3.669, 3.67)",0.00232558,3.616
"[3.67, 3.6710000000000003)",0.00162898,3.617
"[3.6710000000000003, 3.672)",0.00232558,3.618
"[3.672, 3.673)",0.0549246,3.619
"[3.674, 3.6750000000000003)",0.0669977915,3.62
"[3.6750000000000003, 3.676)",0.00073114,3.621
"[3.678, 3.6790000000000003)",0.04294893333333333,3.622
"[3.681, 3.682)",0.002191795,3.623
"[3.682, 3.6830000000000003)",0.00240741,3.624
"[3.684, 3.685)",0.00598007,3.625
"[3.685, 3.686)",0.004921425,3.626
"[3.686, 3.6870000000000003)",0.00395844,3.627
"[3.693, 3.694)",0.002442,3.628
"[3.694, 3.6950000000000003)",0.00110742,3.629
"[3.701, 3.702)",0.002442,3.63
"[3.702, 3.7030000000000003)",0.0801583,3.631
"[3.708, 3.709)",0.000208676,3.632
"[3.709, 3.71)",0.192765,3.633
"[3.71, 3.7110000000000003)",0.00110742,3.634
"[3.7110000000000003, 3.712)",0.00986842,3.635
"[3.712, 3.713)",0.100986,3.636
"[3.715, 3.716)",0.0913197,3.637
"[3.717, 3.718)",0.01105015,3.638
"[3.718, 3.719)",0.00222011,3.639
"[3.719, 3.72)",0.00170164,3.64
"[3.725, 3.726)",0.00215054,3.641
"[3.726, 3.727)",0.000294356,3.642
"[3.728, 3.729)",0.0055624665,3.643
"[3.735, 3.736)",0.0706907,3.644
"[3.736, 3.737)",0.000540833,3.645
"[3.737, 3.738)",0.0773886,3.646
"[3.738, 3.739)",0.0170543,3.647
"[3.741, 3.742)",0.000540833,3.648
"[3.744, 3.745)",0.00367197,3.649
"[3.745, 3.746)",0.00505018,3.65
"[3.747, 3.748)",0.0670315,3.651
"[3.75, 3.751)",0.033743325000000005,3.652
"[3.7520000000000002, 3.753)",0.0397693,3.653
"[3.753, 3.754)",0.0730764,3.654
"[3.754, 3.755)",0.0170543,3.655
"[3.757, 3.758)",0.000540833,3.656
"[3.758, 3.759)",0.0897762,3.657
"[3.7600000000000002, 3.761)",0.0054336,3.658
"[3.761, 3.762)",0.016489065,3.659
"[3.763, 3.7640000000000002)",0.00670129,3.66
"[3.766, 3.767)",0.0186667,3.661
"[3.771, 3.7720000000000002)",0.004077451,3.662
"[3.777, 3.778)",0.00367197,3.663
"[3.779, 3.7800000000000002)",0.0422755685,3.664
"[3.782, 3.783)",0.0234146,3.665
"[3.786, 3.787)",0.00110742,3.666
"[3.787, 3.7880000000000003)",0.00367197,3.667
"[3.791, 3.7920000000000003)",0.0130152,3.668
"[3.795, 3.7960000000000003)",0.0183727,3.669
"[3.803, 3.8040000000000003)",0.00110742,3.67
"[3.806, 3.807)",0.0248227,3.671
"[3.814, 3.815)",0.00110742,3.672
"[3.815, 3.8160000000000003)",0.0234146,3.673
"[3.817, 3.818)",0.00269663,3.674
"[3.818, 3.819)",0.00395844,3.675
"[3.819, 3.8200000000000003)",0.00110742,3.676
"[3.826, 3.827)",0.24569379,3.677
"[3.835, 3.8360000000000003)",0.0183727,3.678
"[3.863, 3.864)",0.00372312,3.679
"[3.867, 3.868)",0.00467425,3.68
"[3.872, 3.873)",0.0628124,3.681
"[3.874, 3.875)",0.0175277,3.682
"[3.879, 3.88)",0.0054336,3.683
"[3.883, 3.884)",0.0105841,3.684
"[3.8890000000000002, 3.89)",0.0646373,3.685
"[3.89, 3.891)",0.0115533,3.686
