bin,R2_mean,dist
,0.043737046626275845,0.0
"[0.0, 0.001)",0.07737796924371153,0.001
"[0.001, 0.002)",0.062260427664400535,0.002
"[0.002, 0.003)",0.07037054912120139,0.003
"[0.003, 0.004)",0.06724136344300152,0.004
"[0.004, 0.005)",0.047857135883744475,0.005
"[0.005, 0.006)",0.04984295759751544,0.006
"[0.006, 0.007)",0.05199664304283009,0.007
"[0.007, 0.008)",0.052858797785850786,0.008
"[0.008, 0.009000000000000001)",0.06260363278446592,0.009
"[0.009000000000000001, 0.01)",0.05417330509048086,0.01
"[0.01, 0.011)",0.05978650772708325,0.011
"[0.011, 0.012)",0.06107708200530063,0.012
"[0.012, 0.013000000000000001)",0.053821694987619066,0.013
"[0.013000000000000001, 0.014)",0.045265940392805695,0.014
"[0.014, 0.015)",0.055626306549620225,0.015
"[0.015, 0.016)",0.04906483784396136,0.016
"[0.016, 0.017)",0.04479365413825882,0.017
"[0.017, 0.018000000000000002)",0.03508522795621767,0.018
"[0.018000000000000002, 0.019)",0.04177743000000004,0.019
"[0.019, 0.02)",0.04601456829719219,0.02
"[0.02, 0.021)",0.059697454826184174,0.021
"[0.021, 0.022)",0.045062117382051355,0.022
"[0.022, 0.023)",0.039576042653397654,0.023
"[0.023, 0.024)",0.04565228882975212,0.024
"[0.024, 0.025)",0.050255411374563574,0.025
"[0.025, 0.026000000000000002)",0.049213044919346055,0.026
"[0.026000000000000002, 0.027)",0.043811938142201856,0.027
"[0.027, 0.028)",0.04114289075343755,0.028
"[0.028, 0.029)",0.029597983806930704,0.029
"[0.029, 0.03)",0.0632201612903999,0.03
"[0.03, 0.031)",0.046758438126478924,0.031
"[0.031, 0.032)",0.047569401748322165,0.032
"[0.032, 0.033)",0.041292299422909115,0.033
"[0.033, 0.034)",0.03142236304742646,0.034
"[0.034, 0.035)",0.04037856030105636,0.035
"[0.035, 0.036000000000000004)",0.038063126957999974,0.036
"[0.036000000000000004, 0.037)",0.0438570820831126,0.037
"[0.037, 0.038)",0.03054739744007348,0.038
"[0.038, 0.039)",0.0388694794508712,0.039
"[0.039, 0.04)",0.04393381699824569,0.04
"[0.04, 0.041)",0.047825174352786,0.041
"[0.041, 0.042)",0.03649466073454547,0.042
"[0.042, 0.043000000000000003)",0.049456962510480325,0.043
"[0.043000000000000003, 0.044)",0.03584489083992537,0.044
"[0.044, 0.045)",0.02432368665116275,0.045
"[0.045, 0.046)",0.03635654520242914,0.046
"[0.046, 0.047)",0.0443728988280851,0.047
"[0.047, 0.048)",0.02716223540266158,0.048
"[0.048, 0.049)",0.036783712935687725,0.049
"[0.049, 0.05)",0.03402335293038347,0.05
"[0.05, 0.051000000000000004)",0.04671520858859196,0.051
"[0.051000000000000004, 0.052000000000000005)",0.032629648756666685,0.052
"[0.052000000000000005, 0.053)",0.03508987157807692,0.053
"[0.053, 0.054)",0.03974126775833337,0.054
"[0.054, 0.055)",0.03451014009531251,0.055
"[0.055, 0.056)",0.027435990185156252,0.056
"[0.056, 0.057)",0.026775694107936517,0.057
"[0.057, 0.058)",0.04217852877400729,0.058
"[0.058, 0.059000000000000004)",0.039574476977679976,0.059
"[0.059000000000000004, 0.06)",0.049333567675238124,0.06
"[0.06, 0.061)",0.03902437828488751,0.061
"[0.061, 0.062)",0.03335178171764706,0.062
"[0.062, 0.063)",0.03302123774176705,0.063
"[0.063, 0.064)",0.03177300816266094,0.064
"[0.064, 0.065)",0.03221914045234041,0.065
"[0.065, 0.066)",0.038360711151141536,0.066
"[0.066, 0.067)",0.03356012473962265,0.067
"[0.067, 0.068)",0.02898952908750002,0.068
"[0.068, 0.069)",0.04037510254473686,0.069
"[0.069, 0.07)",0.04677324490769235,0.07
"[0.07, 0.07100000000000001)",0.050323621615827374,0.071
"[0.07100000000000001, 0.07200000000000001)",0.042439843316751255,0.072
"[0.07200000000000001, 0.073)",0.03910930135123967,0.073
"[0.073, 0.074)",0.03080569346130435,0.074
"[0.074, 0.075)",0.037588098135148934,0.075
"[0.075, 0.076)",0.036542718308715555,0.076
"[0.076, 0.077)",0.04375501302843601,0.077
"[0.077, 0.078)",0.033762943969058275,0.078
"[0.078, 0.079)",0.03564080674009661,0.079
"[0.079, 0.08)",0.031878433325278836,0.08
"[0.08, 0.081)",0.03686723141732603,0.081
"[0.081, 0.082)",0.05526152606839622,0.082
"[0.082, 0.083)",0.029993958359333328,0.083
"[0.083, 0.084)",0.039266758332211556,0.084
"[0.084, 0.085)",0.027084000488625568,0.085
"[0.085, 0.08600000000000001)",0.03356616999687502,0.086
"[0.08600000000000001, 0.08700000000000001)",0.027284899392307674,0.087
"[0.08700000000000001, 0.088)",0.0499978519019608,0.088
"[0.088, 0.089)",0.0376887353752688,0.089
"[0.089, 0.09)",0.03950112213789067,0.09
"[0.09, 0.091)",0.04158894801830358,0.091
"[0.091, 0.092)",0.0282721737396407,0.092
"[0.092, 0.093)",0.04447762464519775,0.093
"[0.093, 0.094)",0.04515429690689654,0.094
"[0.094, 0.095)",0.04354801731964287,0.095
"[0.095, 0.096)",0.04162687382375691,0.096
"[0.096, 0.097)",0.041598584755789446,0.097
"[0.097, 0.098)",0.02965429718823528,0.098
"[0.098, 0.099)",0.04204031407906977,0.099
"[0.099, 0.1)",0.03503917225836576,0.1
"[0.1, 0.101)",0.043198642503083716,0.101
"[0.101, 0.10200000000000001)",0.03183476745025906,0.102
"[0.10200000000000001, 0.10300000000000001)",0.043344783551516816,0.103
"[0.10300000000000001, 0.10400000000000001)",0.032238806181097535,0.104
"[0.10400000000000001, 0.105)",0.03310656653770492,0.105
"[0.105, 0.106)",0.0437787294338624,0.106
"[0.106, 0.107)",0.039508433726011524,0.107
"[0.107, 0.108)",0.028174487751086948,0.108
"[0.108, 0.109)",0.03674424859404761,0.109
"[0.109, 0.11)",0.0448856557257384,0.11
"[0.11, 0.111)",0.03616934150499998,0.111
"[0.111, 0.112)",0.03678980060063291,0.112
"[0.112, 0.113)",0.043269525085093144,0.113
"[0.113, 0.114)",0.032662337388484855,0.114
"[0.114, 0.115)",0.0322403926442211,0.115
"[0.115, 0.116)",0.040840967319883056,0.116
"[0.116, 0.117)",0.039933219486802014,0.117
"[0.117, 0.11800000000000001)",0.053600596582233526,0.118
"[0.11800000000000001, 0.11900000000000001)",0.030754543132203382,0.119
"[0.11900000000000001, 0.12)",0.04358633043333331,0.12
"[0.12, 0.121)",0.04468591669149798,0.121
"[0.121, 0.122)",0.03184870197010869,0.122
"[0.122, 0.123)",0.030818514608313943,0.123
"[0.123, 0.124)",0.04172852635027321,0.124
"[0.124, 0.125)",0.034586490005235546,0.125
"[0.125, 0.126)",0.03223617193405404,0.126
"[0.126, 0.127)",0.03541929286705201,0.127
"[0.127, 0.128)",0.05079816999758454,0.128
"[0.128, 0.129)",0.025140643028248585,0.129
"[0.129, 0.13)",0.04398524139307361,0.13
"[0.13, 0.131)",0.03805117670136365,0.131
"[0.131, 0.132)",0.040123757199189175,0.132
"[0.132, 0.133)",0.036852114236180886,0.133
"[0.133, 0.134)",0.03488911506847824,0.134
"[0.134, 0.135)",0.03766383909064864,0.135
"[0.135, 0.136)",0.04435643350523073,0.136
"[0.136, 0.137)",0.04150357266039108,0.137
"[0.137, 0.138)",0.02697509932247192,0.138
"[0.138, 0.139)",0.036566003271889386,0.139
"[0.139, 0.14)",0.03544387518473896,0.14
"[0.14, 0.14100000000000001)",0.04866319591297709,0.141
"[0.14100000000000001, 0.14200000000000002)",0.027273721428019353,0.142
"[0.14200000000000002, 0.14300000000000002)",0.04642655796062174,0.143
"[0.14300000000000002, 0.14400000000000002)",0.04246138774894731,0.144
"[0.14400000000000002, 0.145)",0.03703559443609751,0.145
"[0.145, 0.146)",0.05088852949925928,0.146
"[0.146, 0.147)",0.029345621847448967,0.147
"[0.147, 0.148)",0.03306177243383837,0.148
"[0.148, 0.149)",0.03706547432741936,0.149
"[0.149, 0.15)",0.030824596262962963,0.15
"[0.15, 0.151)",0.0460662869659184,0.151
"[0.151, 0.152)",0.030179255894409947,0.152
"[0.152, 0.153)",0.03199387490954772,0.153
"[0.153, 0.154)",0.03710634082461111,0.154
"[0.154, 0.155)",0.03759085036704544,0.155
"[0.155, 0.156)",0.0341326824095238,0.156
"[0.156, 0.157)",0.03610278771999998,0.157
"[0.157, 0.158)",0.03606809776356725,0.158
"[0.158, 0.159)",0.02934832457271355,0.159
"[0.159, 0.16)",0.030758381205394203,0.16
"[0.16, 0.161)",0.049265617024909905,0.161
"[0.161, 0.162)",0.036056585603743294,0.162
"[0.162, 0.163)",0.0254976947769697,0.163
"[0.163, 0.164)",0.03932159084069768,0.164
"[0.164, 0.165)",0.025517329978461536,0.165
"[0.165, 0.166)",0.023517762042011833,0.166
"[0.166, 0.167)",0.03447506185289472,0.167
"[0.167, 0.168)",0.028113237345882336,0.168
"[0.168, 0.169)",0.032632738592982415,0.169
"[0.169, 0.17)",0.02952610073570833,0.17
"[0.17, 0.171)",0.03248374424285712,0.171
"[0.171, 0.17200000000000001)",0.028784950557763988,0.172
"[0.17200000000000001, 0.17300000000000001)",0.02296311807359552,0.173
"[0.17300000000000001, 0.17400000000000002)",0.05810580033770497,0.174
"[0.17400000000000002, 0.17500000000000002)",0.03902410044791207,0.175
"[0.17500000000000002, 0.176)",0.04082528353497537,0.176
"[0.176, 0.177)",0.024054238193301405,0.177
"[0.177, 0.178)",0.02187647369794872,0.178
"[0.178, 0.179)",0.02993260309005235,0.179
"[0.179, 0.18)",0.03358023232512316,0.18
"[0.18, 0.181)",0.03988470688733337,0.181
"[0.181, 0.182)",0.03312778048814432,0.182
"[0.182, 0.183)",0.033890465657297274,0.183
"[0.183, 0.184)",0.035655374920689646,0.184
"[0.184, 0.185)",0.029789611066492146,0.185
"[0.185, 0.186)",0.04087894053484845,0.186
"[0.186, 0.187)",0.032352054761621625,0.187
"[0.187, 0.188)",0.030185632864117636,0.188
"[0.188, 0.189)",0.046889341010285676,0.189
"[0.189, 0.19)",0.036419741590438225,0.19
"[0.19, 0.191)",0.025910106185679994,0.191
"[0.191, 0.192)",0.04369123242840905,0.192
"[0.192, 0.193)",0.05063659391242606,0.193
"[0.193, 0.194)",0.041466424856213005,0.194
"[0.194, 0.195)",0.03447320382762428,0.195
"[0.195, 0.196)",0.03844422351351348,0.196
"[0.196, 0.197)",0.035646152172043005,0.197
"[0.197, 0.198)",0.027168186937449986,0.198
"[0.198, 0.199)",0.0354554286639785,0.199
"[0.199, 0.2)",0.028165276674261563,0.2
"[0.2, 0.201)",0.03517869841555117,0.201
"[0.201, 0.202)",0.034515579054545435,0.202
"[0.202, 0.203)",0.03068715326010927,0.203
"[0.203, 0.20400000000000001)",0.03202584782365589,0.204
"[0.20400000000000001, 0.20500000000000002)",0.026258614132926822,0.205
"[0.20500000000000002, 0.20600000000000002)",0.045800607990710375,0.206
"[0.20600000000000002, 0.20700000000000002)",0.02342619206292136,0.207
"[0.20700000000000002, 0.20800000000000002)",0.03131666807794872,0.208
"[0.20800000000000002, 0.209)",0.029066221125000003,0.209
"[0.209, 0.21)",0.03702292662793251,0.21
"[0.21, 0.211)",0.03380023116708332,0.211
"[0.211, 0.212)",0.03222552933715847,0.212
"[0.212, 0.213)",0.03077733695627118,0.213
"[0.213, 0.214)",0.024825942432896177,0.214
"[0.214, 0.215)",0.02681105881542858,0.215
"[0.215, 0.216)",0.03245898697606061,0.216
"[0.216, 0.217)",0.02999768371509433,0.217
"[0.217, 0.218)",0.03791911921812183,0.218
"[0.218, 0.219)",0.025978028198813577,0.219
"[0.219, 0.22)",0.02559050002061066,0.22
"[0.22, 0.221)",0.033714528712698394,0.221
"[0.221, 0.222)",0.03393577644201181,0.222
"[0.222, 0.223)",0.029676876103296706,0.223
"[0.223, 0.224)",0.02783713971686045,0.224
"[0.224, 0.225)",0.034072519330256415,0.225
"[0.225, 0.226)",0.04986781639946238,0.226
"[0.226, 0.227)",0.03423902735621621,0.227
"[0.227, 0.228)",0.034475076457407404,0.228
"[0.228, 0.229)",0.03113489706590906,0.229
"[0.229, 0.23)",0.030130686492805755,0.23
"[0.23, 0.231)",0.032940996915950406,0.231
"[0.231, 0.232)",0.032302151685128205,0.232
"[0.232, 0.233)",0.03629082238642531,0.233
"[0.233, 0.234)",0.035554064337019235,0.234
"[0.234, 0.23500000000000001)",0.025159297041578953,0.235
"[0.23500000000000001, 0.23600000000000002)",0.029067659516445493,0.236
"[0.23600000000000002, 0.23700000000000002)",0.021997208179908658,0.237
"[0.23700000000000002, 0.23800000000000002)",0.02568611214417476,0.238
"[0.23800000000000002, 0.23900000000000002)",0.034609395858695643,0.239
"[0.23900000000000002, 0.24)",0.034406609535416646,0.24
"[0.24, 0.241)",0.027543933479268288,0.241
"[0.241, 0.242)",0.039005009810994744,0.242
"[0.242, 0.243)",0.02759859595659574,0.243
"[0.243, 0.244)",0.025419404410891088,0.244
"[0.244, 0.245)",0.028075510754761893,0.245
"[0.245, 0.246)",0.023325722415270936,0.246
"[0.246, 0.247)",0.03141723861374407,0.247
"[0.247, 0.248)",0.027762011656783905,0.248
"[0.248, 0.249)",0.03030989917286432,0.249
"[0.249, 0.25)",0.026664251420564476,0.25
"[0.25, 0.251)",0.031685550242399996,0.251
"[0.251, 0.252)",0.037552391289371954,0.252
"[0.252, 0.253)",0.0275992826540201,0.253
"[0.253, 0.254)",0.028206808237378634,0.254
"[0.254, 0.255)",0.03046285158421049,0.255
"[0.255, 0.256)",0.024341941159887,0.256
"[0.256, 0.257)",0.02730838366507178,0.257
"[0.257, 0.258)",0.02932600628775147,0.258
"[0.258, 0.259)",0.031003248696482404,0.259
"[0.259, 0.26)",0.025724704615315282,0.26
"[0.26, 0.261)",0.032007291743190634,0.261
"[0.261, 0.262)",0.028940492367741936,0.262
"[0.262, 0.263)",0.028561395212820497,0.263
"[0.263, 0.264)",0.027088919794021747,0.264
"[0.264, 0.265)",0.02480153440094339,0.265
"[0.265, 0.266)",0.034740100063428564,0.266
"[0.266, 0.267)",0.027732176368947377,0.267
"[0.267, 0.268)",0.02756457972864078,0.268
"[0.268, 0.269)",0.03347261005034312,0.269
"[0.269, 0.27)",0.032209386527731095,0.27
"[0.27, 0.271)",0.03623249893622046,0.271
"[0.271, 0.272)",0.035070305254838716,0.272
"[0.272, 0.273)",0.03483632808421053,0.273
"[0.273, 0.274)",0.02412977071542287,0.274
"[0.274, 0.275)",0.0174055499122093,0.275
"[0.275, 0.276)",0.026419658833333328,0.276
"[0.276, 0.277)",0.037037043823188384,0.277
"[0.277, 0.278)",0.02382089951951613,0.278
"[0.278, 0.279)",0.02835940013238094,0.279
"[0.279, 0.28)",0.029497574604296868,0.28
"[0.28, 0.281)",0.02947352708084291,0.281
"[0.281, 0.28200000000000003)",0.025407880768564803,0.282
"[0.28200000000000003, 0.28300000000000003)",0.0272287285881188,0.283
"[0.28300000000000003, 0.28400000000000003)",0.020106600755291002,0.284
"[0.28400000000000003, 0.28500000000000003)",0.02455867336377551,0.285
"[0.28500000000000003, 0.28600000000000003)",0.023961385095159573,0.286
"[0.28600000000000003, 0.28700000000000003)",0.029916423679601973,0.287
"[0.28700000000000003, 0.28800000000000003)",0.03485852783285714,0.288
"[0.28800000000000003, 0.289)",0.02865195980343137,0.289
"[0.289, 0.29)",0.027853107416347028,0.29
"[0.29, 0.291)",0.037282687966532245,0.291
"[0.291, 0.292)",0.03984365546999999,0.292
"[0.292, 0.293)",0.04157101847832515,0.293
"[0.293, 0.294)",0.02824610379238578,0.294
"[0.294, 0.295)",0.021117546852238815,0.295
"[0.295, 0.296)",0.027368715174299067,0.296
"[0.296, 0.297)",0.02806821585106384,0.297
"[0.297, 0.298)",0.036501031737948685,0.298
"[0.298, 0.299)",0.02708384763350515,0.299
"[0.299, 0.3)",0.03425638821794871,0.3
"[0.3, 0.301)",0.02897054799279999,0.301
"[0.301, 0.302)",0.026891244283597876,0.302
"[0.302, 0.303)",0.04070624169481865,0.303
"[0.303, 0.304)",0.020371635365694443,0.304
"[0.304, 0.305)",0.030845548203045667,0.305
"[0.305, 0.306)",0.029553976415673075,0.306
"[0.306, 0.307)",0.03519562601521325,0.307
"[0.307, 0.308)",0.0315834251542105,0.308
"[0.308, 0.309)",0.029252439765875715,0.309
"[0.309, 0.31)",0.030915599423405184,0.31
"[0.31, 0.311)",0.027799054318549007,0.311
"[0.311, 0.312)",0.03541523982424391,0.312
"[0.312, 0.313)",0.03892154625760866,0.313
"[0.313, 0.314)",0.027009237706395357,0.314
"[0.314, 0.315)",0.03226634248795809,0.315
"[0.315, 0.316)",0.021242382807303367,0.316
"[0.316, 0.317)",0.023014789400507617,0.317
"[0.317, 0.318)",0.031431728291387545,0.318
"[0.318, 0.319)",0.031197848482887675,0.319
"[0.319, 0.32)",0.025688165219457024,0.32
"[0.32, 0.321)",0.030503654851587295,0.321
"[0.321, 0.322)",0.02894516002598041,0.322
"[0.322, 0.323)",0.034687195484951444,0.323
"[0.323, 0.324)",0.02926613682009131,0.324
"[0.324, 0.325)",0.028083797452970273,0.325
"[0.325, 0.326)",0.03335897600344828,0.326
"[0.326, 0.327)",0.026059630269841254,0.327
"[0.327, 0.328)",0.03254845471412932,0.328
"[0.328, 0.329)",0.023608533987671237,0.329
"[0.329, 0.33)",0.030735965130941695,0.33
"[0.33, 0.331)",0.024395516046992485,0.331
"[0.331, 0.332)",0.033947353098130816,0.332
"[0.332, 0.333)",0.015291427291666661,0.333
"[0.333, 0.334)",0.03725622467272729,0.334
"[0.334, 0.335)",0.029561890497222205,0.335
"[0.335, 0.336)",0.033612178059900986,0.336
"[0.336, 0.337)",0.027016998478578413,0.337
"[0.337, 0.338)",0.035485082734895826,0.338
"[0.338, 0.339)",0.023298272240291247,0.339
"[0.339, 0.34)",0.024236905984920638,0.34
"[0.34, 0.341)",0.03645233648185483,0.341
"[0.341, 0.342)",0.026209717670646764,0.342
"[0.342, 0.343)",0.040526117328061204,0.343
"[0.343, 0.34400000000000003)",0.03859335498522389,0.344
"[0.34400000000000003, 0.34500000000000003)",0.02741526783399999,0.345
"[0.34500000000000003, 0.34600000000000003)",0.030452027619090896,0.346
"[0.34600000000000003, 0.34700000000000003)",0.0281568870795031,0.347
"[0.34700000000000003, 0.34800000000000003)",0.03815515660974358,0.348
"[0.34800000000000003, 0.34900000000000003)",0.025846524051630435,0.349
"[0.34900000000000003, 0.35000000000000003)",0.025013517584415574,0.35
"[0.35000000000000003, 0.35100000000000003)",0.030037650256099557,0.351
"[0.35100000000000003, 0.352)",0.028474655772023107,0.352
"[0.352, 0.353)",0.021581521231055913,0.353
"[0.353, 0.354)",0.03079038944137933,0.354
"[0.354, 0.355)",0.025712049413124993,0.355
"[0.355, 0.356)",0.03760117525802468,0.356
"[0.356, 0.357)",0.02781236077206704,0.357
"[0.357, 0.358)",0.03160200540437159,0.358
"[0.358, 0.359)",0.029880114043888885,0.359
"[0.359, 0.36)",0.04614928714181818,0.36
"[0.36, 0.361)",0.033242593653982286,0.361
"[0.361, 0.362)",0.02790059033980097,0.362
"[0.362, 0.363)",0.044181737202515725,0.363
"[0.363, 0.364)",0.030718876217307674,0.364
"[0.364, 0.365)",0.048836610883974355,0.365
"[0.365, 0.366)",0.027395552340804607,0.366
"[0.366, 0.367)",0.025370962038043465,0.367
"[0.367, 0.368)",0.030264106762499993,0.368
"[0.368, 0.369)",0.022603796659574463,0.369
"[0.369, 0.37)",0.032839666050803545,0.37
"[0.37, 0.371)",0.026600693824657535,0.371
"[0.371, 0.372)",0.027438650675634543,0.372
"[0.372, 0.373)",0.023346296829629652,0.373
"[0.373, 0.374)",0.025684604491041655,0.374
"[0.374, 0.375)",0.022412651875999987,0.375
"[0.375, 0.376)",0.033503951445161294,0.376
"[0.376, 0.377)",0.0237537405459596,0.377
"[0.377, 0.378)",0.019488372146448083,0.378
"[0.378, 0.379)",0.04723573026929347,0.379
"[0.379, 0.38)",0.025646866082533307,0.38
"[0.38, 0.381)",0.029042112553711787,0.381
"[0.381, 0.382)",0.02760478347788178,0.382
"[0.382, 0.383)",0.02816791289385474,0.383
"[0.383, 0.384)",0.032033145785500004,0.384
"[0.384, 0.385)",0.03909432205446009,0.385
"[0.385, 0.386)",0.024742149651030932,0.386
"[0.386, 0.387)",0.042920301732163726,0.387
"[0.387, 0.388)",0.049423444788146045,0.388
"[0.388, 0.389)",0.031255799857222204,0.389
"[0.389, 0.39)",0.024919704725925935,0.39
"[0.39, 0.391)",0.033462557368442634,0.391
"[0.391, 0.392)",0.033123903064171095,0.392
"[0.392, 0.393)",0.026448906652577323,0.393
"[0.393, 0.394)",0.028487705911707312,0.394
"[0.394, 0.395)",0.032438856662234034,0.395
"[0.395, 0.396)",0.0312029021937824,0.396
"[0.396, 0.397)",0.03233525548235297,0.397
"[0.397, 0.398)",0.020725079383505145,0.398
"[0.398, 0.399)",0.03538234318655915,0.399
"[0.399, 0.4)",0.030455236771428567,0.4
"[0.4, 0.401)",0.03120175921538459,0.401
"[0.401, 0.402)",0.0262092026764151,0.402
"[0.402, 0.403)",0.026115568383870972,0.403
"[0.403, 0.404)",0.026254757116000015,0.404
"[0.404, 0.405)",0.029893794386528463,0.405
"[0.405, 0.406)",0.025379681423414638,0.406
"[0.406, 0.40700000000000003)",0.02814785698429317,0.407
"[0.40700000000000003, 0.40800000000000003)",0.03540868473906975,0.408
"[0.40800000000000003, 0.40900000000000003)",0.025396409189847705,0.409
"[0.40900000000000003, 0.41000000000000003)",0.03156802887908745,0.41
"[0.41000000000000003, 0.41100000000000003)",0.025677769544656483,0.411
"[0.41100000000000003, 0.41200000000000003)",0.03394964701784037,0.412
"[0.41200000000000003, 0.41300000000000003)",0.03292697524028436,0.413
"[0.41300000000000003, 0.41400000000000003)",0.03065448981868685,0.414
"[0.41400000000000003, 0.41500000000000004)",0.023549367711374412,0.415
"[0.41500000000000004, 0.41600000000000004)",0.02612367310744184,0.416
"[0.41600000000000004, 0.417)",0.036066316858019795,0.417
"[0.417, 0.418)",0.032363175876937794,0.418
"[0.418, 0.419)",0.03204546920980391,0.419
"[0.419, 0.42)",0.02823910955340908,0.42
"[0.42, 0.421)",0.03020211013358778,0.421
"[0.421, 0.422)",0.025010961923762363,0.422
"[0.422, 0.423)",0.027367241424200904,0.423
"[0.423, 0.424)",0.040278948298550735,0.424
"[0.424, 0.425)",0.023191594224766344,0.425
"[0.425, 0.426)",0.0269085494610577,0.426
"[0.426, 0.427)",0.03871195325649997,0.427
"[0.427, 0.428)",0.027602014248633885,0.428
"[0.428, 0.429)",0.03600976248539822,0.429
"[0.429, 0.43)",0.03352386848888887,0.43
"[0.43, 0.431)",0.030878141755598432,0.431
"[0.431, 0.432)",0.028208252934170844,0.432
"[0.432, 0.433)",0.030140312690616095,0.433
"[0.433, 0.434)",0.027981583855045865,0.434
"[0.434, 0.435)",0.03442210528348212,0.435
"[0.435, 0.436)",0.030190070538679243,0.436
"[0.436, 0.437)",0.03794019488215959,0.437
"[0.437, 0.438)",0.029562766994845342,0.438
"[0.438, 0.439)",0.030874381247013555,0.439
"[0.439, 0.44)",0.03614892976639004,0.44
"[0.44, 0.441)",0.02844762065938697,0.441
"[0.441, 0.442)",0.036860262316410215,0.442
"[0.442, 0.443)",0.026578115253000013,0.443
"[0.443, 0.444)",0.030022845742708335,0.444
"[0.444, 0.445)",0.03211435601050001,0.445
"[0.445, 0.446)",0.04606444862688172,0.446
"[0.446, 0.447)",0.03703508076315789,0.447
"[0.447, 0.448)",0.025028212182741115,0.448
"[0.448, 0.449)",0.027228342730952385,0.449
"[0.449, 0.45)",0.028448439484615368,0.45
"[0.45, 0.451)",0.030694454102469123,0.451
"[0.451, 0.452)",0.024650335285798814,0.452
"[0.452, 0.453)",0.03754058108388888,0.453
"[0.453, 0.454)",0.026709949445762708,0.454
"[0.454, 0.455)",0.029294687960215032,0.455
"[0.455, 0.456)",0.025156770479213476,0.456
"[0.456, 0.457)",0.029359252754010686,0.457
"[0.457, 0.458)",0.03809419562984291,0.458
"[0.458, 0.459)",0.033860240473429934,0.459
"[0.459, 0.46)",0.031384271476960775,0.46
"[0.46, 0.461)",0.030464956766220436,0.461
"[0.461, 0.462)",0.022996946181720428,0.462
"[0.462, 0.463)",0.04044886379655171,0.463
"[0.463, 0.464)",0.026641878712735843,0.464
"[0.464, 0.465)",0.030311758493264236,0.465
"[0.465, 0.466)",0.027203353354314685,0.466
"[0.466, 0.467)",0.02153923008083832,0.467
"[0.467, 0.468)",0.02695018471632653,0.468
"[0.468, 0.46900000000000003)",0.03384817530844918,0.469
"[0.46900000000000003, 0.47000000000000003)",0.03164497238961038,0.47
"[0.47000000000000003, 0.47100000000000003)",0.036404799370454495,0.471
"[0.47100000000000003, 0.47200000000000003)",0.027286368225443794,0.472
"[0.47200000000000003, 0.47300000000000003)",0.028302533101578937,0.473
"[0.47300000000000003, 0.47400000000000003)",0.017741441407978727,0.474
"[0.47400000000000003, 0.47500000000000003)",0.03360438156564104,0.475
"[0.47500000000000003, 0.47600000000000003)",0.027793690658378372,0.476
"[0.47600000000000003, 0.47700000000000004)",0.043136970091787435,0.477
"[0.47700000000000004, 0.47800000000000004)",0.02665056089117648,0.478
"[0.47800000000000004, 0.47900000000000004)",0.03446020551122449,0.479
"[0.47900000000000004, 0.48)",0.024633677334645665,0.48
"[0.48, 0.481)",0.037268857595546524,0.481
"[0.481, 0.482)",0.03415022309019605,0.482
"[0.482, 0.483)",0.02565518903738739,0.483
"[0.483, 0.484)",0.020584743475454543,0.484
"[0.484, 0.485)",0.029648460942105267,0.485
"[0.485, 0.486)",0.02164815286579438,0.486
"[0.486, 0.487)",0.03228435942303663,0.487
"[0.487, 0.488)",0.027128429680572923,0.488
"[0.488, 0.489)",0.02732914409414893,0.489
"[0.489, 0.49)",0.030561608646226406,0.49
"[0.49, 0.491)",0.02438177838476563,0.491
"[0.491, 0.492)",0.029217679180327853,0.492
"[0.492, 0.493)",0.027150434980104717,0.493
"[0.493, 0.494)",0.022444374226993885,0.494
"[0.494, 0.495)",0.05235196922497265,0.495
"[0.495, 0.496)",0.019538629138461543,0.496
"[0.496, 0.497)",0.03547648510462428,0.497
"[0.497, 0.498)",0.03116231136176469,0.498
"[0.498, 0.499)",0.026330879915491337,0.499
"[0.499, 0.5)",0.0174278207685,0.5
"[0.5, 0.501)",0.025915385333705354,0.501
"[0.501, 0.502)",0.03656616936302324,0.502
"[0.502, 0.503)",0.042720314389937106,0.503
"[0.503, 0.504)",0.0242876000653012,0.504
"[0.504, 0.505)",0.04594322896329784,0.505
"[0.505, 0.506)",0.028392807668944114,0.506
"[0.506, 0.507)",0.03480616335632911,0.507
"[0.507, 0.508)",0.03780185162820512,0.508
"[0.508, 0.509)",0.029614316914035085,0.509
"[0.509, 0.51)",0.035336801565000006,0.51
"[0.51, 0.511)",0.02878915729981566,0.511
"[0.511, 0.512)",0.028780303718703715,0.512
"[0.512, 0.513)",0.025603102738410606,0.513
"[0.513, 0.514)",0.023962848581379304,0.514
"[0.514, 0.515)",0.02848817775743244,0.515
"[0.515, 0.516)",0.022497574085365863,0.516
"[0.516, 0.517)",0.025885327074404756,0.517
"[0.517, 0.518)",0.037204302994594554,0.518
"[0.518, 0.519)",0.030298435342696606,0.519
"[0.519, 0.52)",0.02741266013934425,0.52
"[0.52, 0.521)",0.025527669926605514,0.521
"[0.521, 0.522)",0.02929773001156067,0.522
"[0.522, 0.523)",0.024868787532500006,0.523
"[0.523, 0.524)",0.028884217624999996,0.524
"[0.524, 0.525)",0.013118424188461545,0.525
"[0.525, 0.526)",0.030780622943786962,0.526
"[0.526, 0.527)",0.025144509067630057,0.527
"[0.527, 0.528)",0.02295987664884848,0.528
"[0.528, 0.529)",0.031872638772602706,0.529
"[0.529, 0.53)",0.024895219779396988,0.53
"[0.53, 0.531)",0.02150935200851064,0.531
"[0.531, 0.532)",0.023872972686931816,0.532
"[0.532, 0.533)",0.026603316067114104,0.533
"[0.533, 0.534)",0.028017462605732478,0.534
"[0.534, 0.535)",0.02825568505707692,0.535
"[0.535, 0.536)",0.018236801978211935,0.536
"[0.536, 0.537)",0.02157547293461539,0.537
"[0.537, 0.538)",0.02299309488597632,0.538
"[0.538, 0.539)",0.018136834631055903,0.539
"[0.539, 0.54)",0.03767677097204302,0.54
"[0.54, 0.541)",0.02551106511428571,0.541
"[0.541, 0.542)",0.029375514893491134,0.542
"[0.542, 0.543)",0.035396717699363055,0.543
"[0.543, 0.544)",0.02884085322352941,0.544
"[0.544, 0.545)",0.03143682585935485,0.545
"[0.545, 0.546)",0.030183773091666668,0.546
"[0.546, 0.547)",0.038819560086549694,0.547
"[0.547, 0.548)",0.02607742110056497,0.548
"[0.548, 0.549)",0.031485142659064304,0.549
"[0.549, 0.55)",0.02832287627771737,0.55
"[0.55, 0.551)",0.03833370860975607,0.551
"[0.551, 0.552)",0.04166311163185186,0.552
"[0.552, 0.553)",0.02499230399754602,0.553
"[0.553, 0.554)",0.037459282289084975,0.554
"[0.554, 0.555)",0.02435279051190476,0.555
"[0.555, 0.556)",0.03735910120283687,0.556
"[0.556, 0.557)",0.027079810472340437,0.557
"[0.557, 0.558)",0.024559304035915504,0.558
"[0.558, 0.559)",0.02758492162692307,0.559
"[0.559, 0.56)",0.029116774752105265,0.56
"[0.56, 0.561)",0.028927398040049474,0.561
"[0.561, 0.562)",0.023045636139743603,0.562
"[0.562, 0.5630000000000001)",0.0268895016792453,0.563
"[0.5630000000000001, 0.5640000000000001)",0.043186170727261886,0.564
"[0.5640000000000001, 0.5650000000000001)",0.030861436929113903,0.565
"[0.5650000000000001, 0.5660000000000001)",0.031183149582822096,0.566
"[0.5660000000000001, 0.5670000000000001)",0.03359950079378531,0.567
"[0.5670000000000001, 0.5680000000000001)",0.03336091603392856,0.568
"[0.5680000000000001, 0.5690000000000001)",0.02793483901585366,0.569
"[0.5690000000000001, 0.5700000000000001)",0.029091453739910303,0.57
"[0.5700000000000001, 0.5710000000000001)",0.028507585793269237,0.571
"[0.5710000000000001, 0.5720000000000001)",0.023803329969281063,0.572
"[0.5720000000000001, 0.5730000000000001)",0.02567974735442177,0.573
"[0.5730000000000001, 0.5740000000000001)",0.02975718804938272,0.574
"[0.5740000000000001, 0.5750000000000001)",0.02842137994968553,0.575
"[0.5750000000000001, 0.5760000000000001)",0.02357117085248227,0.576
"[0.5760000000000001, 0.577)",0.03099784678321679,0.577
"[0.577, 0.578)",0.030483772871250002,0.578
"[0.578, 0.579)",0.021562593447989418,0.579
"[0.579, 0.58)",0.03374398627641026,0.58
"[0.58, 0.581)",0.030868775297960185,0.581
"[0.581, 0.582)",0.03490689925272726,0.582
"[0.582, 0.583)",0.017300379361870507,0.583
"[0.583, 0.584)",0.026221562812500016,0.584
"[0.584, 0.585)",0.025622437441379313,0.585
"[0.585, 0.586)",0.0285193097586207,0.586
"[0.586, 0.587)",0.03219840729999999,0.587
"[0.587, 0.588)",0.02712652362131149,0.588
"[0.588, 0.589)",0.03630179449212122,0.589
"[0.589, 0.59)",0.02806231963976608,0.59
"[0.59, 0.591)",0.02767627022553191,0.591
"[0.591, 0.592)",0.019737650818881125,0.592
"[0.592, 0.593)",0.03420537945520833,0.593
"[0.593, 0.594)",0.030743283291566254,0.594
"[0.594, 0.595)",0.025674576717391307,0.595
"[0.595, 0.596)",0.03496951925085714,0.596
"[0.596, 0.597)",0.031609441726666646,0.597
"[0.597, 0.598)",0.032134194550617286,0.598
"[0.598, 0.599)",0.027579463860818745,0.599
"[0.599, 0.6)",0.04223198100053765,0.6
"[0.6, 0.601)",0.026724003022842634,0.601
"[0.601, 0.602)",0.031925793921568635,0.602
"[0.602, 0.603)",0.043091999028579867,0.603
"[0.603, 0.604)",0.035135995837951815,0.604
"[0.604, 0.605)",0.03850127301755814,0.605
"[0.605, 0.606)",0.024230716160493833,0.606
"[0.606, 0.607)",0.018743533270930222,0.607
"[0.607, 0.608)",0.04249207838324022,0.608
"[0.608, 0.609)",0.03898859374585987,0.609
"[0.609, 0.61)",0.02398170388361581,0.61
"[0.61, 0.611)",0.02870494226818181,0.611
"[0.611, 0.612)",0.03540294580462426,0.612
"[0.612, 0.613)",0.025239143626035493,0.613
"[0.613, 0.614)",0.023185588193939392,0.614
"[0.614, 0.615)",0.018525655924277462,0.615
"[0.615, 0.616)",0.02743518365348839,0.616
"[0.616, 0.617)",0.02989982435581395,0.617
"[0.617, 0.618)",0.031804919599435044,0.618
"[0.618, 0.619)",0.022422015400568172,0.619
"[0.619, 0.62)",0.02722353752604651,0.62
"[0.62, 0.621)",0.0264869660799107,0.621
"[0.621, 0.622)",0.03338139836684785,0.622
"[0.622, 0.623)",0.03290657678527607,0.623
"[0.623, 0.624)",0.039854366247692306,0.624
"[0.624, 0.625)",0.033489360339884366,0.625
"[0.625, 0.626)",0.025557206117341046,0.626
"[0.626, 0.627)",0.033289471545290696,0.627
"[0.627, 0.628)",0.02460986408441558,0.628
"[0.628, 0.629)",0.02022510552371796,0.629
"[0.629, 0.63)",0.02305506121650001,0.63
"[0.63, 0.631)",0.03376560062758619,0.631
"[0.631, 0.632)",0.025127070084883723,0.632
"[0.632, 0.633)",0.025114577906962022,0.633
"[0.633, 0.634)",0.02932401709800001,0.634
"[0.634, 0.635)",0.031189277911949673,0.635
"[0.635, 0.636)",0.038280064135915504,0.636
"[0.636, 0.637)",0.025650231821212125,0.637
"[0.637, 0.638)",0.03353452451358025,0.638
"[0.638, 0.639)",0.035817098509090914,0.639
"[0.639, 0.64)",0.04421648001296087,0.64
"[0.64, 0.641)",0.02977635609850744,0.641
"[0.641, 0.642)",0.019634386613157896,0.642
"[0.642, 0.643)",0.026338254079375,0.643
"[0.643, 0.644)",0.024207847029411776,0.644
"[0.644, 0.645)",0.03253863530000001,0.645
"[0.645, 0.646)",0.019179375860558682,0.646
"[0.646, 0.647)",0.040769365980769204,0.647
"[0.647, 0.648)",0.028855995195512827,0.648
"[0.648, 0.649)",0.025059657023225827,0.649
"[0.649, 0.65)",0.03776032771282047,0.65
"[0.65, 0.651)",0.028159868217277475,0.651
"[0.651, 0.652)",0.04079510506716422,0.652
"[0.652, 0.653)",0.016994832432450334,0.653
"[0.653, 0.654)",0.023263894016549717,0.654
"[0.654, 0.655)",0.03394446083066666,0.655
"[0.655, 0.656)",0.025881722422619043,0.656
"[0.656, 0.657)",0.02774662930814209,0.657
"[0.657, 0.658)",0.03410335639024391,0.658
"[0.658, 0.659)",0.027712761357923492,0.659
"[0.659, 0.66)",0.03479688686041666,0.66
"[0.66, 0.661)",0.034766338529670315,0.661
"[0.661, 0.662)",0.0239794089378882,0.662
"[0.662, 0.663)",0.024614394948427678,0.663
"[0.663, 0.664)",0.03559843557559524,0.664
"[0.664, 0.665)",0.042045290309395945,0.665
"[0.665, 0.666)",0.02847051184011301,0.666
"[0.666, 0.667)",0.03183676176756756,0.667
"[0.667, 0.668)",0.0249844839630137,0.668
"[0.668, 0.669)",0.03231253217795699,0.669
"[0.669, 0.67)",0.026720724349723755,0.67
"[0.67, 0.671)",0.027807300191794868,0.671
"[0.671, 0.672)",0.031900681702675154,0.672
"[0.672, 0.673)",0.03456766267346939,0.673
"[0.673, 0.674)",0.02474859316494048,0.674
"[0.674, 0.675)",0.03206888924295775,0.675
"[0.675, 0.676)",0.027857999103896115,0.676
"[0.676, 0.677)",0.030887836610493817,0.677
"[0.677, 0.678)",0.025535122229487183,0.678
"[0.678, 0.679)",0.021927770970779234,0.679
"[0.679, 0.68)",0.03051812346249999,0.68
"[0.68, 0.681)",0.029565327460703512,0.681
"[0.681, 0.682)",0.036015349608433736,0.682
"[0.682, 0.683)",0.01965762769640719,0.683
"[0.683, 0.684)",0.025279418156725134,0.684
"[0.684, 0.685)",0.02783415144827586,0.685
"[0.685, 0.686)",0.03363059038994415,0.686
"[0.686, 0.687)",0.019704223081460675,0.687
"[0.687, 0.6880000000000001)",0.033463992137967885,0.688
"[0.6880000000000001, 0.6890000000000001)",0.03990202314670658,0.689
"[0.6890000000000001, 0.6900000000000001)",0.039666807556060585,0.69
"[0.6900000000000001, 0.6910000000000001)",0.031692099535937476,0.691
"[0.6910000000000001, 0.6920000000000001)",0.025049114333734943,0.692
"[0.6920000000000001, 0.6930000000000001)",0.035699394696647374,0.693
"[0.6930000000000001, 0.6940000000000001)",0.01899266060914635,0.694
"[0.6940000000000001, 0.6950000000000001)",0.028150247343023262,0.695
"[0.6950000000000001, 0.6960000000000001)",0.032834074574054045,0.696
"[0.6960000000000001, 0.6970000000000001)",0.03023033841868685,0.697
"[0.6970000000000001, 0.6980000000000001)",0.03108040719375,0.698
"[0.6980000000000001, 0.6990000000000001)",0.025556040877683612,0.699
"[0.6990000000000001, 0.7000000000000001)",0.027061710553424666,0.7
"[0.7000000000000001, 0.7010000000000001)",0.023399754568181812,0.701
"[0.7010000000000001, 0.7020000000000001)",0.021133328970588235,0.702
"[0.7020000000000001, 0.7030000000000001)",0.024421764919459455,0.703
"[0.7030000000000001, 0.704)",0.021459523377472537,0.704
"[0.704, 0.705)",0.02281278363395061,0.705
"[0.705, 0.706)",0.023915145729418608,0.706
"[0.706, 0.707)",0.03184593351800002,0.707
"[0.707, 0.708)",0.023525704795172412,0.708
"[0.708, 0.709)",0.03188782679166665,0.709
"[0.709, 0.71)",0.034022616264550255,0.71
"[0.71, 0.711)",0.03036859400502513,0.711
"[0.711, 0.712)",0.029212916577844316,0.712
"[0.712, 0.713)",0.03736274905882352,0.713
"[0.713, 0.714)",0.023396484831038955,0.714
"[0.714, 0.715)",0.0386676212387952,0.715
"[0.715, 0.716)",0.019013264359770115,0.716
"[0.716, 0.717)",0.03661409694814815,0.717
"[0.717, 0.718)",0.022476538551075266,0.718
"[0.718, 0.719)",0.022876979466860486,0.719
"[0.719, 0.72)",0.030323111401960777,0.72
"[0.72, 0.721)",0.02151236338415,0.721
"[0.721, 0.722)",0.043210148073529395,0.722
"[0.722, 0.723)",0.03613501237857142,0.723
"[0.723, 0.724)",0.04021895820000001,0.724
"[0.724, 0.725)",0.03563421332763159,0.725
"[0.725, 0.726)",0.0365806950292517,0.726
"[0.726, 0.727)",0.021841818930769245,0.727
"[0.727, 0.728)",0.029954955736645934,0.728
"[0.728, 0.729)",0.020119277207352956,0.729
"[0.729, 0.73)",0.029475663264534876,0.73
"[0.73, 0.731)",0.026770659355440405,0.731
"[0.731, 0.732)",0.03263714745899282,0.732
"[0.732, 0.733)",0.03056353006973683,0.733
"[0.733, 0.734)",0.024881511187499993,0.734
"[0.734, 0.735)",0.04196986522535211,0.735
"[0.735, 0.736)",0.02856166106413792,0.736
"[0.736, 0.737)",0.02299661405594406,0.737
"[0.737, 0.738)",0.026789242593288593,0.738
"[0.738, 0.739)",0.018951930867132878,0.739
"[0.739, 0.74)",0.03262138324793812,0.74
"[0.74, 0.741)",0.02888601621137724,0.741
"[0.741, 0.742)",0.02043265554413408,0.742
"[0.742, 0.743)",0.026976372870886084,0.743
"[0.743, 0.744)",0.031188293966871162,0.744
"[0.744, 0.745)",0.043743000861006284,0.745
"[0.745, 0.746)",0.02669401631242605,0.746
"[0.746, 0.747)",0.027693432930188687,0.747
"[0.747, 0.748)",0.020570527167105276,0.748
"[0.748, 0.749)",0.02231774151351352,0.749
"[0.749, 0.75)",0.03829689466648937,0.75
"[0.75, 0.751)",0.026768872703723398,0.751
"[0.751, 0.752)",0.0249004059109756,0.752
"[0.752, 0.753)",0.026831867772297315,0.753
"[0.753, 0.754)",0.018260124020833334,0.754
"[0.754, 0.755)",0.024916811440816318,0.755
"[0.755, 0.756)",0.0247585836245283,0.756
"[0.756, 0.757)",0.03222747290566037,0.757
"[0.757, 0.758)",0.03433983205616436,0.758
"[0.758, 0.759)",0.028051284961875,0.759
"[0.759, 0.76)",0.025458040968263467,0.76
"[0.76, 0.761)",0.0329069149712575,0.761
"[0.761, 0.762)",0.0243543322244898,0.762
"[0.762, 0.763)",0.025690044506944457,0.763
"[0.763, 0.764)",0.026010143276785736,0.764
"[0.764, 0.765)",0.02413012588741721,0.765
"[0.765, 0.766)",0.02879035582119203,0.766
"[0.766, 0.767)",0.027038297235616435,0.767
"[0.767, 0.768)",0.029753350240875918,0.768
"[0.768, 0.769)",0.03701152657865851,0.769
"[0.769, 0.77)",0.03228406034569894,0.77
"[0.77, 0.771)",0.035134796301647064,0.771
"[0.771, 0.772)",0.026781542914754104,0.772
"[0.772, 0.773)",0.021967025575886538,0.773
"[0.773, 0.774)",0.034691066925373125,0.774
"[0.774, 0.775)",0.025245661177692322,0.775
"[0.775, 0.776)",0.03206396461073826,0.776
"[0.776, 0.777)",0.024415357365671648,0.777
"[0.777, 0.778)",0.02435904953125002,0.778
"[0.778, 0.779)",0.018790942159420294,0.779
"[0.779, 0.78)",0.041152016263124994,0.78
"[0.78, 0.781)",0.030214498832259885,0.781
"[0.781, 0.782)",0.027074591028985504,0.782
"[0.782, 0.783)",0.028667006222857148,0.783
"[0.783, 0.784)",0.029974921986923076,0.784
"[0.784, 0.785)",0.031197626213235297,0.785
"[0.785, 0.786)",0.023872535435179858,0.786
"[0.786, 0.787)",0.034067423776515164,0.787
"[0.787, 0.788)",0.04082086862837836,0.788
"[0.788, 0.789)",0.02206869469090909,0.789
"[0.789, 0.79)",0.028741036288124983,0.79
"[0.79, 0.791)",0.02504752728648647,0.791
"[0.791, 0.792)",0.021567054578947392,0.792
"[0.792, 0.793)",0.04200808802411347,0.793
"[0.793, 0.794)",0.024751312278787872,0.794
"[0.794, 0.795)",0.029785627993333313,0.795
"[0.795, 0.796)",0.02299791522522523,0.796
"[0.796, 0.797)",0.023292665676056337,0.797
"[0.797, 0.798)",0.016840486097014933,0.798
"[0.798, 0.799)",0.03356380978510637,0.799
"[0.799, 0.8)",0.02209488214673334,0.8
"[0.8, 0.801)",0.038595868026153855,0.801
"[0.801, 0.802)",0.025385313106870238,0.802
"[0.802, 0.803)",0.02976245836778523,0.803
"[0.803, 0.804)",0.028634254776377963,0.804
"[0.804, 0.805)",0.035776758799999996,0.805
"[0.805, 0.806)",0.0331605724,0.806
"[0.806, 0.807)",0.027636404944604318,0.807
"[0.807, 0.808)",0.023393803720000012,0.808
"[0.808, 0.809)",0.04170287158809524,0.809
"[0.809, 0.81)",0.021418447598765447,0.81
"[0.81, 0.811)",0.03654312217679556,0.811
"[0.811, 0.812)",0.030850206047945215,0.812
"[0.812, 0.8130000000000001)",0.021440081583216797,0.813
"[0.8130000000000001, 0.8140000000000001)",0.03245825384027777,0.814
"[0.8140000000000001, 0.8150000000000001)",0.03178578580136055,0.815
"[0.8150000000000001, 0.8160000000000001)",0.033612695997241385,0.816
"[0.8160000000000001, 0.8170000000000001)",0.026695744198,0.817
"[0.8170000000000001, 0.8180000000000001)",0.020445813978048774,0.818
"[0.8180000000000001, 0.8190000000000001)",0.02755166389115646,0.819
"[0.8190000000000001, 0.8200000000000001)",0.027677613494578313,0.82
"[0.8200000000000001, 0.8210000000000001)",0.04758354880486488,0.821
"[0.8210000000000001, 0.8220000000000001)",0.02864601289423077,0.822
"[0.8220000000000001, 0.8230000000000001)",0.03605557633165467,0.823
"[0.8230000000000001, 0.8240000000000001)",0.02800786866265061,0.824
"[0.8240000000000001, 0.8250000000000001)",0.043205984690789484,0.825
"[0.8250000000000001, 0.8260000000000001)",0.037942609793706304,0.826
"[0.8260000000000001, 0.8270000000000001)",0.03937085849541984,0.827
"[0.8270000000000001, 0.8280000000000001)",0.03289873191374045,0.828
"[0.8280000000000001, 0.8290000000000001)",0.02858412972589929,0.829
"[0.8290000000000001, 0.8300000000000001)",0.025505339235672508,0.83
"[0.8300000000000001, 0.8310000000000001)",0.040794572099269656,0.831
"[0.8310000000000001, 0.8320000000000001)",0.02378621199626866,0.832
"[0.8320000000000001, 0.833)",0.021374537949999998,0.833
"[0.833, 0.834)",0.031219618330985927,0.834
"[0.834, 0.835)",0.031269432500729936,0.835
"[0.835, 0.836)",0.04298637761226417,0.836
"[0.836, 0.837)",0.01988445458096001,0.837
"[0.837, 0.838)",0.028880751762913905,0.838
"[0.838, 0.839)",0.02382749673730158,0.839
"[0.839, 0.84)",0.03239698578451613,0.84
"[0.84, 0.841)",0.02861444814736841,0.841
"[0.841, 0.842)",0.026170024760000004,0.842
"[0.842, 0.843)",0.017859932123015877,0.843
"[0.843, 0.844)",0.030148504632978735,0.844
"[0.844, 0.845)",0.03023805968493151,0.845
"[0.845, 0.846)",0.032694648825797104,0.846
"[0.846, 0.847)",0.0413880742773333,0.847
"[0.847, 0.848)",0.03889588977938933,0.848
"[0.848, 0.849)",0.020634792293233083,0.849
"[0.849, 0.85)",0.030382716170063707,0.85
"[0.85, 0.851)",0.023192727555769233,0.851
"[0.851, 0.852)",0.024673993069064763,0.852
"[0.852, 0.853)",0.03146719528563025,0.853
"[0.853, 0.854)",0.0414201998955128,0.854
"[0.854, 0.855)",0.04247628644065041,0.855
"[0.855, 0.856)",0.027350030124460446,0.856
"[0.856, 0.857)",0.03320786057142858,0.857
"[0.857, 0.858)",0.02765860157558621,0.858
"[0.858, 0.859)",0.0223492170941606,0.859
"[0.859, 0.86)",0.03245078356910995,0.86
"[0.86, 0.861)",0.0277588294381818,0.861
"[0.861, 0.862)",0.034982707082677165,0.862
"[0.862, 0.863)",0.030834636105882357,0.863
"[0.863, 0.864)",0.025611337439024377,0.864
"[0.864, 0.865)",0.026736034125999997,0.865
"[0.865, 0.866)",0.025838686001999997,0.866
"[0.866, 0.867)",0.022799465392517003,0.867
"[0.867, 0.868)",0.027381086357076003,0.868
"[0.868, 0.869)",0.023002260778639465,0.869
"[0.869, 0.87)",0.019549365456976758,0.87
"[0.87, 0.871)",0.03370670560208331,0.871
"[0.871, 0.872)",0.04418737929047295,0.872
"[0.872, 0.873)",0.024614572106493492,0.873
"[0.873, 0.874)",0.028198728825806443,0.874
"[0.874, 0.875)",0.022461262478913044,0.875
"[0.875, 0.876)",0.021658937273124994,0.876
"[0.876, 0.877)",0.04823500245290323,0.877
"[0.877, 0.878)",0.0266233965394737,0.878
"[0.878, 0.879)",0.026040234970604034,0.879
"[0.879, 0.88)",0.029623099911956514,0.88
"[0.88, 0.881)",0.025044944584782607,0.881
"[0.881, 0.882)",0.03433163276582278,0.882
"[0.882, 0.883)",0.02972805503053436,0.883
"[0.883, 0.884)",0.031340951946153835,0.884
"[0.884, 0.885)",0.021956749905769228,0.885
"[0.885, 0.886)",0.036049790042953014,0.886
"[0.886, 0.887)",0.028922470447597392,0.887
"[0.887, 0.888)",0.025363295935664325,0.888
"[0.888, 0.889)",0.034327405781506844,0.889
"[0.889, 0.89)",0.028182299908974365,0.89
"[0.89, 0.891)",0.04906404599640717,0.891
"[0.891, 0.892)",0.03490612539768785,0.892
"[0.892, 0.893)",0.022543813752760735,0.893
"[0.893, 0.894)",0.03270280319078946,0.894
"[0.894, 0.895)",0.03617377523124997,0.895
"[0.895, 0.896)",0.024260218273310808,0.896
"[0.896, 0.897)",0.043232806999305526,0.897
"[0.897, 0.898)",0.034490749375974,0.898
"[0.898, 0.899)",0.024509560716560522,0.899
"[0.899, 0.9)",0.027009150814917126,0.9
"[0.9, 0.901)",0.02856691358324022,0.901
"[0.901, 0.902)",0.021799980515430476,0.902
"[0.902, 0.903)",0.026763543565,0.903
"[0.903, 0.904)",0.03008434116944445,0.904
"[0.904, 0.905)",0.02600854127437086,0.905
"[0.905, 0.906)",0.02230715547469879,0.906
"[0.906, 0.907)",0.03561620695443787,0.907
"[0.907, 0.908)",0.036250677548124985,0.908
"[0.908, 0.909)",0.018700729096969695,0.909
"[0.909, 0.91)",0.032265845671590875,0.91
"[0.91, 0.911)",0.015997190530208323,0.911
"[0.911, 0.912)",0.032019116659935905,0.912
"[0.912, 0.913)",0.02869039474730538,0.913
"[0.913, 0.914)",0.03507752603439491,0.914
"[0.914, 0.915)",0.027346680552095805,0.915
"[0.915, 0.916)",0.02374336570566039,0.916
"[0.916, 0.917)",0.02111977655636364,0.917
"[0.917, 0.918)",0.02511563462111801,0.918
"[0.918, 0.919)",0.02281963247114093,0.919
"[0.919, 0.92)",0.03211157136061224,0.92
"[0.92, 0.921)",0.02277174261316383,0.921
"[0.921, 0.922)",0.018079828988636373,0.922
"[0.922, 0.923)",0.0241727654379085,0.923
"[0.923, 0.924)",0.029272300500000004,0.924
"[0.924, 0.925)",0.048696891557999986,0.925
"[0.925, 0.926)",0.03438966480689652,0.926
"[0.926, 0.927)",0.03420607916662855,0.927
"[0.927, 0.928)",0.029198573078343955,0.928
"[0.928, 0.929)",0.022621495047716055,0.929
"[0.929, 0.93)",0.04548516571226993,0.93
"[0.93, 0.931)",0.030087640796368442,0.931
"[0.931, 0.932)",0.02696668634404762,0.932
"[0.932, 0.933)",0.031014852924193547,0.933
"[0.933, 0.934)",0.026682225260714277,0.934
"[0.934, 0.935)",0.029972087735227252,0.935
"[0.935, 0.936)",0.02782251926901409,0.936
"[0.936, 0.937)",0.032331757597282615,0.937
"[0.937, 0.9380000000000001)",0.028115580593717274,0.938
"[0.9380000000000001, 0.9390000000000001)",0.02561413904375002,0.939
"[0.9390000000000001, 0.9400000000000001)",0.029572940960115597,0.94
"[0.9400000000000001, 0.9410000000000001)",0.023072262872736823,0.941
"[0.9410000000000001, 0.9420000000000001)",0.024637009826217953,0.942
"[0.9420000000000001, 0.9430000000000001)",0.026752541565227262,0.943
"[0.9430000000000001, 0.9440000000000001)",0.019222190287951826,0.944
"[0.9440000000000001, 0.9450000000000001)",0.028276270174418607,0.945
"[0.9450000000000001, 0.9460000000000001)",0.04822035012874251,0.946
"[0.9460000000000001, 0.9470000000000001)",0.035722183786338804,0.947
"[0.9470000000000001, 0.9480000000000001)",0.036022412784795316,0.948
"[0.9480000000000001, 0.9490000000000001)",0.035975649331595076,0.949
"[0.9490000000000001, 0.9500000000000001)",0.05051761973646409,0.95
"[0.9500000000000001, 0.9510000000000001)",0.026923220139267012,0.951
"[0.9510000000000001, 0.9520000000000001)",0.039543207850184045,0.952
"[0.9520000000000001, 0.9530000000000001)",0.021468162662666657,0.953
"[0.9530000000000001, 0.9540000000000001)",0.02825316839751554,0.954
"[0.9540000000000001, 0.9550000000000001)",0.0221013263704142,0.955
"[0.9550000000000001, 0.9560000000000001)",0.02853159907356322,0.956
"[0.9560000000000001, 0.9570000000000001)",0.03431809916387096,0.957
"[0.9570000000000001, 0.9580000000000001)",0.028236886909722234,0.958
"[0.9580000000000001, 0.9590000000000001)",0.026265259250993385,0.959
"[0.9590000000000001, 0.96)",0.02338782527305388,0.96
"[0.96, 0.961)",0.021402445289673923,0.961
"[0.961, 0.962)",0.02168654161624999,0.962
"[0.962, 0.963)",0.024440102148947367,0.963
"[0.963, 0.964)",0.0296832310860465,0.964
"[0.964, 0.965)",0.024942902785714295,0.965
"[0.965, 0.966)",0.03354875857764704,0.966
"[0.966, 0.967)",0.03685226263288591,0.967
"[0.967, 0.968)",0.03541546084489797,0.968
"[0.968, 0.969)",0.025211824771212137,0.969
"[0.969, 0.97)",0.02551824692460608,0.97
"[0.97, 0.971)",0.03542732573061224,0.971
"[0.971, 0.972)",0.02317346647315436,0.972
"[0.972, 0.973)",0.0290210301564626,0.973
"[0.973, 0.974)",0.033719376092968746,0.974
"[0.974, 0.975)",0.02658787175298012,0.975
"[0.975, 0.976)",0.025618822395999996,0.976
"[0.976, 0.977)",0.028361495518881112,0.977
"[0.977, 0.978)",0.02568159856115108,0.978
"[0.978, 0.979)",0.03028603872684564,0.979
"[0.979, 0.98)",0.02793484777807291,0.98
"[0.98, 0.981)",0.03457034033397435,0.981
"[0.981, 0.982)",0.01918936577806452,0.982
"[0.982, 0.983)",0.034022488167346945,0.983
"[0.983, 0.984)",0.020019758216197187,0.984
"[0.984, 0.985)",0.02753613413307692,0.985
"[0.985, 0.986)",0.028948355777777785,0.986
"[0.986, 0.987)",0.02504671789172414,0.987
"[0.987, 0.988)",0.0335062469176,0.988
"[0.988, 0.989)",0.03573352140939598,0.989
"[0.989, 0.99)",0.0191733516,0.99
"[0.99, 0.991)",0.03209122478881987,0.991
"[0.991, 0.992)",0.028094211800806443,0.992
"[0.992, 0.993)",0.03061142396653845,0.993
"[0.993, 0.994)",0.016765133260869574,0.994
"[0.994, 0.995)",0.022742836433333344,0.995
"[0.995, 0.996)",0.02274065625,0.996
"[0.996, 0.997)",0.022877103016393445,0.997
"[0.997, 0.998)",0.024852417666141744,0.998
"[0.998, 0.999)",0.019345066582727274,0.999
"[0.999, 1.0)",0.026104444242465746,1.0
"[1.0, 1.0010000000000001)",0.021985244439370083,1.001
"[1.0010000000000001, 1.002)",0.03642107199152543,1.002
"[1.002, 1.0030000000000001)",0.024906167382352944,1.003
"[1.0030000000000001, 1.004)",0.02741988177522124,1.004
"[1.004, 1.0050000000000001)",0.030412445705426342,1.005
"[1.0050000000000001, 1.006)",0.025000446466935486,1.006
"[1.006, 1.0070000000000001)",0.025738079192982464,1.007
"[1.0070000000000001, 1.008)",0.02321336483038168,1.008
"[1.008, 1.0090000000000001)",0.025576607791666664,1.009
"[1.0090000000000001, 1.01)",0.0302822209793651,1.01
"[1.01, 1.0110000000000001)",0.02188592170526316,1.011
"[1.0110000000000001, 1.012)",0.0284681007,1.012
"[1.012, 1.0130000000000001)",0.022872864965277788,1.013
"[1.0130000000000001, 1.014)",0.03770356516642335,1.014
"[1.014, 1.0150000000000001)",0.01725252420222223,1.015
"[1.0150000000000001, 1.016)",0.025978159863265307,1.016
"[1.016, 1.0170000000000001)",0.0272247302984127,1.017
"[1.0170000000000001, 1.018)",0.028343387209677422,1.018
"[1.018, 1.0190000000000001)",0.02546771708444445,1.019
"[1.0190000000000001, 1.02)",0.0315662799296899,1.02
"[1.02, 1.0210000000000001)",0.025815077262295084,1.021
"[1.0210000000000001, 1.022)",0.030019992826851853,1.022
"[1.022, 1.0230000000000001)",0.015167247232786892,1.023
"[1.0230000000000001, 1.024)",0.02043209850731707,1.024
"[1.024, 1.025)",0.023340687189781023,1.025
"[1.025, 1.026)",0.034329335825271326,1.026
"[1.026, 1.027)",0.02709633851021898,1.027
"[1.027, 1.028)",0.03005866030496453,1.028
"[1.028, 1.029)",0.03628447010362318,1.029
"[1.029, 1.03)",0.030908868353731352,1.03
"[1.03, 1.031)",0.025859446166923077,1.031
"[1.031, 1.032)",0.03308561980138889,1.032
"[1.032, 1.033)",0.015515854837500013,1.033
"[1.033, 1.034)",0.026158566149802637,1.034
"[1.034, 1.035)",0.02354199754701492,1.035
"[1.035, 1.036)",0.0455916595827338,1.036
"[1.036, 1.037)",0.03211098955633803,1.037
"[1.037, 1.038)",0.025551491212751687,1.038
"[1.038, 1.039)",0.02729435393076923,1.039
"[1.039, 1.04)",0.03182430025177305,1.04
"[1.04, 1.041)",0.030506279201418445,1.041
"[1.041, 1.042)",0.020635921255303048,1.042
"[1.042, 1.043)",0.038710485444594565,1.043
"[1.043, 1.044)",0.019909476439669425,1.044
"[1.044, 1.045)",0.02160352599493671,1.045
"[1.045, 1.046)",0.029293110366666656,1.046
"[1.046, 1.047)",0.030467474203225802,1.047
"[1.047, 1.048)",0.030117713602597403,1.048
"[1.048, 1.049)",0.026576062554140124,1.049
"[1.049, 1.05)",0.03464537110070923,1.05
"[1.05, 1.051)",0.029034676816149064,1.051
"[1.051, 1.052)",0.028555193609558823,1.052
"[1.052, 1.053)",0.02809682706986303,1.053
"[1.053, 1.054)",0.023431628301860474,1.054
"[1.054, 1.055)",0.03069725797812031,1.055
"[1.055, 1.056)",0.03894984127464788,1.056
"[1.056, 1.057)",0.017432387317358498,1.057
"[1.057, 1.058)",0.02159246149044587,1.058
"[1.058, 1.059)",0.024590514114503817,1.059
"[1.059, 1.06)",0.02390755536384616,1.06
"[1.06, 1.061)",0.0301393569013986,1.061
"[1.061, 1.062)",0.025196114674418596,1.062
"[1.062, 1.063)",0.025339445933108103,1.063
"[1.063, 1.064)",0.032423243682119185,1.064
"[1.064, 1.065)",0.033858632119333334,1.065
"[1.065, 1.066)",0.02735546876225165,1.066
"[1.066, 1.067)",0.03068258884512194,1.067
"[1.067, 1.068)",0.028439450675862087,1.068
"[1.068, 1.069)",0.0346547938346939,1.069
"[1.069, 1.07)",0.02903394201864408,1.07
"[1.07, 1.071)",0.020461495909615383,1.071
"[1.071, 1.072)",0.019076451462480624,1.072
"[1.072, 1.073)",0.019635201906711412,1.073
"[1.073, 1.074)",0.030710151400000007,1.074
"[1.074, 1.075)",0.028621887260563365,1.075
"[1.075, 1.076)",0.03755419525985916,1.076
"[1.076, 1.077)",0.03204141318705035,1.077
"[1.077, 1.078)",0.035120732107857135,1.078
"[1.078, 1.079)",0.027174317019402993,1.079
"[1.079, 1.08)",0.03730018830303029,1.08
"[1.08, 1.081)",0.034763244938356176,1.081
"[1.081, 1.082)",0.03068212271439395,1.082
"[1.082, 1.083)",0.02184555736981133,1.083
"[1.083, 1.084)",0.026620845641666665,1.084
"[1.084, 1.085)",0.03247627396732026,1.085
"[1.085, 1.086)",0.026835505390780154,1.086
"[1.086, 1.087)",0.03126680733934307,1.087
"[1.087, 1.088)",0.0364026511653077,1.088
"[1.088, 1.089)",0.03076569228493054,1.089
"[1.089, 1.09)",0.03337588759931974,1.09
"[1.09, 1.091)",0.028923380136363638,1.091
"[1.091, 1.092)",0.022040335654625005,1.092
"[1.092, 1.093)",0.015786204388636364,1.093
"[1.093, 1.094)",0.0268555452597015,1.094
"[1.094, 1.095)",0.029234677476388884,1.095
"[1.095, 1.096)",0.017566290100757588,1.096
"[1.096, 1.097)",0.03409980666717949,1.097
"[1.097, 1.098)",0.018607355348251753,1.098
"[1.098, 1.099)",0.020791632408367358,1.099
"[1.099, 1.1)",0.027193775676712342,1.1
"[1.1, 1.101)",0.04103070109674605,1.101
"[1.101, 1.102)",0.026054853430188676,1.102
"[1.102, 1.103)",0.03406729635352114,1.103
"[1.103, 1.104)",0.04284952980656934,1.104
"[1.104, 1.105)",0.030392510290909096,1.105
"[1.105, 1.106)",0.04431902539310343,1.106
"[1.106, 1.107)",0.023855181408029197,1.107
"[1.107, 1.108)",0.02321265557875,1.108
"[1.108, 1.109)",0.04547160971939658,1.109
"[1.109, 1.11)",0.03394301847777778,1.11
"[1.11, 1.111)",0.023565933147682128,1.111
"[1.111, 1.112)",0.020668344983571438,1.112
"[1.112, 1.113)",0.02477410854477612,1.113
"[1.113, 1.114)",0.03462138876068026,1.114
"[1.114, 1.115)",0.029833973657894735,1.115
"[1.115, 1.116)",0.042081713759701496,1.116
"[1.116, 1.117)",0.03112276914285714,1.117
"[1.117, 1.118)",0.02717053152537878,1.118
"[1.118, 1.119)",0.03250062419531249,1.119
"[1.119, 1.12)",0.018359996601240314,1.12
"[1.12, 1.121)",0.024841374073846154,1.121
"[1.121, 1.122)",0.040037889680378795,1.122
"[1.122, 1.123)",0.019246307170579704,1.123
"[1.123, 1.124)",0.03980348521818181,1.124
"[1.124, 1.125)",0.024793988394814837,1.125
"[1.125, 1.1260000000000001)",0.03801267698082191,1.126
"[1.1260000000000001, 1.127)",0.024751173497391313,1.127
"[1.127, 1.1280000000000001)",0.03197701243557143,1.128
"[1.1280000000000001, 1.129)",0.028161804621917814,1.129
"[1.129, 1.1300000000000001)",0.028972056504444448,1.13
"[1.1300000000000001, 1.131)",0.020215767140441192,1.131
"[1.131, 1.1320000000000001)",0.026256713592361116,1.132
"[1.1320000000000001, 1.133)",0.04010190599270075,1.133
"[1.133, 1.1340000000000001)",0.028564716860958905,1.134
"[1.1340000000000001, 1.135)",0.027213036024000006,1.135
"[1.135, 1.1360000000000001)",0.02119459812868219,1.136
"[1.1360000000000001, 1.137)",0.0359367099612403,1.137
"[1.137, 1.1380000000000001)",0.026023112358914736,1.138
"[1.1380000000000001, 1.139)",0.029245193629850737,1.139
"[1.139, 1.1400000000000001)",0.033963813159212604,1.14
"[1.1400000000000001, 1.141)",0.029592549600769222,1.141
"[1.141, 1.1420000000000001)",0.040690646756637174,1.142
"[1.1420000000000001, 1.143)",0.028425293289855078,1.143
"[1.143, 1.1440000000000001)",0.021359339098333322,1.144
"[1.1440000000000001, 1.145)",0.01600414064180328,1.145
"[1.145, 1.1460000000000001)",0.021346106684615382,1.146
"[1.1460000000000001, 1.147)",0.029985182522834664,1.147
"[1.147, 1.1480000000000001)",0.02041340468750001,1.148
"[1.1480000000000001, 1.149)",0.03307911710176472,1.149
"[1.149, 1.1500000000000001)",0.02121479811338844,1.15
"[1.1500000000000001, 1.151)",0.03794050015467623,1.151
"[1.151, 1.1520000000000001)",0.04188324555206611,1.152
"[1.1520000000000001, 1.153)",0.019295442012992128,1.153
"[1.153, 1.154)",0.019739277721739133,1.154
"[1.154, 1.155)",0.026474011573648648,1.155
"[1.155, 1.156)",0.016321767054716982,1.156
"[1.156, 1.157)",0.03934717616578948,1.157
"[1.157, 1.158)",0.02816280620472727,1.158
"[1.158, 1.159)",0.027309716371212118,1.159
"[1.159, 1.16)",0.029677415582089563,1.16
"[1.16, 1.161)",0.025652445844313733,1.161
"[1.161, 1.162)",0.0357064081477966,1.162
"[1.162, 1.163)",0.022570423728421055,1.163
"[1.163, 1.164)",0.042483266996116494,1.164
"[1.164, 1.165)",0.02298743474603173,1.165
"[1.165, 1.166)",0.04332932004495413,1.166
"[1.166, 1.167)",0.0171414158263158,1.167
"[1.167, 1.168)",0.019508837260330595,1.168
"[1.168, 1.169)",0.02357701492519085,1.169
"[1.169, 1.17)",0.025948753889763785,1.17
"[1.17, 1.171)",0.02997062674358976,1.171
"[1.171, 1.172)",0.02961694251206896,1.172
"[1.172, 1.173)",0.0215554583984252,1.173
"[1.173, 1.174)",0.024496665408695658,1.174
"[1.174, 1.175)",0.03897539135416665,1.175
"[1.175, 1.176)",0.03055600194274193,1.176
"[1.176, 1.177)",0.023352880748091616,1.177
"[1.177, 1.178)",0.038815895609756096,1.178
"[1.178, 1.179)",0.03077245919545455,1.179
"[1.179, 1.18)",0.05528462281824815,1.18
"[1.18, 1.181)",0.02281640938333332,1.181
"[1.181, 1.182)",0.05317724815929202,1.182
"[1.182, 1.183)",0.028285017626446276,1.183
"[1.183, 1.184)",0.03034257614953271,1.184
"[1.184, 1.185)",0.018231826472416675,1.185
"[1.185, 1.186)",0.030701662353333336,1.186
"[1.186, 1.187)",0.03302428241880341,1.187
"[1.187, 1.188)",0.02320421148928572,1.188
"[1.188, 1.189)",0.026511924851138225,1.189
"[1.189, 1.19)",0.02416021260264901,1.19
"[1.19, 1.191)",0.04070336409191173,1.191
"[1.191, 1.192)",0.03526491885980393,1.192
"[1.192, 1.193)",0.034424778022388046,1.193
"[1.193, 1.194)",0.03014897861764705,1.194
"[1.194, 1.195)",0.038244185698540135,1.195
"[1.195, 1.196)",0.027498012360902258,1.196
"[1.196, 1.197)",0.0215757877504065,1.197
"[1.197, 1.198)",0.023107242069236648,1.198
"[1.198, 1.199)",0.024119274619921277,1.199
"[1.199, 1.2)",0.026714067215200022,1.2
"[1.2, 1.201)",0.027508172875912406,1.201
"[1.201, 1.202)",0.02111743704682693,1.202
"[1.202, 1.203)",0.032139676916083326,1.203
"[1.203, 1.204)",0.026393211304385968,1.204
"[1.204, 1.205)",0.02886017550714285,1.205
"[1.205, 1.206)",0.02043752911627908,1.206
"[1.206, 1.207)",0.03699533321984731,1.207
"[1.207, 1.208)",0.03415113268445945,1.208
"[1.208, 1.209)",0.03679732161960319,1.209
"[1.209, 1.21)",0.02491902512979308,1.21
"[1.21, 1.211)",0.02038188988175182,1.211
"[1.211, 1.212)",0.035032898458333336,1.212
"[1.212, 1.213)",0.024900729228571433,1.213
"[1.213, 1.214)",0.03347435791079136,1.214
"[1.214, 1.215)",0.030694413062773738,1.215
"[1.215, 1.216)",0.0252170278699187,1.216
"[1.216, 1.217)",0.03977258592962964,1.217
"[1.217, 1.218)",0.017984005596376817,1.218
"[1.218, 1.219)",0.022938452356100637,1.219
"[1.219, 1.22)",0.031569783051449245,1.22
"[1.22, 1.221)",0.026154724136551726,1.221
"[1.221, 1.222)",0.02799411663509933,1.222
"[1.222, 1.223)",0.031974824503225786,1.223
"[1.223, 1.224)",0.028480510038834967,1.224
"[1.224, 1.225)",0.026952363131862073,1.225
"[1.225, 1.226)",0.025507711453103443,1.226
"[1.226, 1.227)",0.019435276975342457,1.227
"[1.227, 1.228)",0.04132693115454545,1.228
"[1.228, 1.229)",0.02048073482366413,1.229
"[1.229, 1.23)",0.0427969694074074,1.23
"[1.23, 1.231)",0.027599249434351148,1.231
"[1.231, 1.232)",0.026082549128169014,1.232
"[1.232, 1.233)",0.019418260760869575,1.233
"[1.233, 1.234)",0.024118058909929074,1.234
"[1.234, 1.235)",0.017054672637594,1.235
"[1.235, 1.236)",0.031809950691044774,1.236
"[1.236, 1.237)",0.04748647090601503,1.237
"[1.237, 1.238)",0.030967311918068986,1.238
"[1.238, 1.239)",0.03438805150921987,1.239
"[1.239, 1.24)",0.030273869434782615,1.24
"[1.24, 1.241)",0.03644906161290321,1.241
"[1.241, 1.242)",0.03732058723458646,1.242
"[1.242, 1.243)",0.025177353440303026,1.243
"[1.243, 1.244)",0.03286318187603306,1.244
"[1.244, 1.245)",0.03130451562949275,1.245
"[1.245, 1.246)",0.03323357090012986,1.246
"[1.246, 1.247)",0.019981358452702713,1.247
"[1.247, 1.248)",0.03146048668776978,1.248
"[1.248, 1.249)",0.022217432325827822,1.249
"[1.249, 1.25)",0.017821651350000002,1.25
"[1.25, 1.2510000000000001)",0.030762741980289852,1.251
"[1.2510000000000001, 1.252)",0.030858367172435903,1.252
"[1.252, 1.2530000000000001)",0.024575095263513525,1.253
"[1.2530000000000001, 1.254)",0.026665077435251816,1.254
"[1.254, 1.2550000000000001)",0.04005683284710147,1.255
"[1.2550000000000001, 1.256)",0.031352245737748356,1.256
"[1.256, 1.2570000000000001)",0.03610372047602739,1.257
"[1.2570000000000001, 1.258)",0.026698854557857147,1.258
"[1.258, 1.2590000000000001)",0.022380918367768607,1.259
"[1.2590000000000001, 1.26)",0.026451976983453227,1.26
"[1.26, 1.2610000000000001)",0.028828541802380966,1.261
"[1.2610000000000001, 1.262)",0.031194142871428576,1.262
"[1.262, 1.2630000000000001)",0.024047506654032255,1.263
"[1.2630000000000001, 1.264)",0.022999619728467157,1.264
"[1.264, 1.2650000000000001)",0.03175061480597015,1.265
"[1.2650000000000001, 1.266)",0.030846235588970573,1.266
"[1.266, 1.2670000000000001)",0.02758191615562914,1.267
"[1.2670000000000001, 1.268)",0.02600473665065788,1.268
"[1.268, 1.2690000000000001)",0.028997847284276707,1.269
"[1.2690000000000001, 1.27)",0.04288426538688524,1.27
"[1.27, 1.2710000000000001)",0.030041412439189175,1.271
"[1.2710000000000001, 1.272)",0.02427384191032259,1.272
"[1.272, 1.2730000000000001)",0.030040423436241605,1.273
"[1.2730000000000001, 1.274)",0.022029280856069353,1.274
"[1.274, 1.2750000000000001)",0.028044797029054064,1.275
"[1.2750000000000001, 1.276)",0.03488967138461536,1.276
"[1.276, 1.2770000000000001)",0.03433487738585187,1.277
"[1.2770000000000001, 1.278)",0.0317581853816794,1.278
"[1.278, 1.2790000000000001)",0.030024983449218768,1.279
"[1.2790000000000001, 1.28)",0.023925909145161302,1.28
"[1.28, 1.281)",0.035831773901666655,1.281
"[1.281, 1.282)",0.035687457380141833,1.282
"[1.282, 1.283)",0.04591237730000001,1.283
"[1.283, 1.284)",0.03137430647685185,1.284
"[1.284, 1.285)",0.031810797893617015,1.285
"[1.285, 1.286)",0.028883822008196704,1.286
"[1.286, 1.287)",0.02908267003196722,1.287
"[1.287, 1.288)",0.02171773911784615,1.288
"[1.288, 1.289)",0.04241324630492536,1.289
"[1.289, 1.29)",0.04832705243032789,1.29
"[1.29, 1.291)",0.040233415670802915,1.291
"[1.291, 1.292)",0.024690204953076937,1.292
"[1.292, 1.293)",0.027259831909259263,1.293
"[1.293, 1.294)",0.026395236132727286,1.294
"[1.294, 1.295)",0.02953668690943397,1.295
"[1.295, 1.296)",0.026219004170642206,1.296
"[1.296, 1.297)",0.030798563811881192,1.297
"[1.297, 1.298)",0.05310441592803738,1.298
"[1.298, 1.299)",0.029975143686194687,1.299
"[1.299, 1.3)",0.01632217725596331,1.3
"[1.3, 1.301)",0.020764371188181825,1.301
"[1.301, 1.302)",0.027231930680833336,1.302
"[1.302, 1.303)",0.04604729084466019,1.303
"[1.303, 1.304)",0.024197762257657664,1.304
"[1.304, 1.305)",0.022795193255999994,1.305
"[1.305, 1.306)",0.0397997215852174,1.306
"[1.306, 1.307)",0.020871837254838706,1.307
"[1.307, 1.308)",0.03339881938645834,1.308
"[1.308, 1.309)",0.040705140605660384,1.309
"[1.309, 1.31)",0.023833040613846168,1.31
"[1.31, 1.311)",0.022360956302752307,1.311
"[1.311, 1.312)",0.043557200278688535,1.312
"[1.312, 1.313)",0.03018674134227641,1.313
"[1.313, 1.314)",0.03099997544761904,1.314
"[1.314, 1.315)",0.0331845701325397,1.315
"[1.315, 1.316)",0.02737608279150943,1.316
"[1.316, 1.317)",0.02761260123883495,1.317
"[1.317, 1.318)",0.019045773295535716,1.318
"[1.318, 1.319)",0.020753268991228074,1.319
"[1.319, 1.32)",0.029140012880341872,1.32
"[1.32, 1.321)",0.01827836726115703,1.321
"[1.321, 1.322)",0.03971997537479678,1.322
"[1.322, 1.323)",0.02748554590144067,1.323
"[1.323, 1.324)",0.017646509240648152,1.324
"[1.324, 1.325)",0.020840392167543863,1.325
"[1.325, 1.326)",0.02864662202702703,1.326
"[1.326, 1.327)",0.02874478980732285,1.327
"[1.327, 1.328)",0.022964466089473688,1.328
"[1.328, 1.329)",0.03473913399047618,1.329
"[1.329, 1.33)",0.021667284329999995,1.33
"[1.33, 1.331)",0.026469531575200014,1.331
"[1.331, 1.332)",0.03735256156267242,1.332
"[1.332, 1.333)",0.01827576129166668,1.333
"[1.333, 1.334)",0.018512787096346163,1.334
"[1.334, 1.335)",0.022931756577884623,1.335
"[1.335, 1.336)",0.03823340366761905,1.336
"[1.336, 1.337)",0.025404793306250006,1.337
"[1.337, 1.338)",0.021921252462500002,1.338
"[1.338, 1.339)",0.04271396229098361,1.339
"[1.339, 1.34)",0.02299392565377359,1.34
"[1.34, 1.341)",0.023028231462385328,1.341
"[1.341, 1.342)",0.024791346375999997,1.342
"[1.342, 1.343)",0.03082205071067962,1.343
"[1.343, 1.344)",0.022970384618852473,1.344
"[1.344, 1.345)",0.019152886560550465,1.345
"[1.345, 1.346)",0.0312650984117647,1.346
"[1.346, 1.347)",0.02967046096203704,1.347
"[1.347, 1.348)",0.01613747877373738,1.348
"[1.348, 1.349)",0.0240053192509804,1.349
"[1.349, 1.35)",0.043201033893805314,1.35
"[1.35, 1.351)",0.023551074127192973,1.351
"[1.351, 1.352)",0.03718431950413221,1.352
"[1.352, 1.353)",0.02607676120714286,1.353
"[1.353, 1.354)",0.02844309835304348,1.354
"[1.354, 1.355)",0.03133167101834863,1.355
"[1.355, 1.356)",0.026552663859813093,1.356
"[1.356, 1.357)",0.03023273582857142,1.357
"[1.357, 1.358)",0.0235731723857143,1.358
"[1.358, 1.359)",0.014747628630000004,1.359
"[1.359, 1.36)",0.028040822498019806,1.36
"[1.36, 1.361)",0.03648193324903845,1.361
"[1.361, 1.362)",0.024526516784000002,1.362
"[1.362, 1.363)",0.021349507110545465,1.363
"[1.363, 1.364)",0.030678915009090906,1.364
"[1.364, 1.365)",0.05431352455092591,1.365
"[1.365, 1.366)",0.04427785676803419,1.366
"[1.366, 1.367)",0.030140280894174747,1.367
"[1.367, 1.368)",0.02871410538392858,1.368
"[1.368, 1.369)",0.028376458907407393,1.369
"[1.369, 1.37)",0.04513579072033899,1.37
"[1.37, 1.371)",0.026825582102803735,1.371
"[1.371, 1.372)",0.03362795940601505,1.372
"[1.372, 1.373)",0.030420308658333322,1.373
"[1.373, 1.374)",0.024827633790000008,1.374
"[1.374, 1.375)",0.029180778960769236,1.375
"[1.375, 1.3760000000000001)",0.01628908953913044,1.376
"[1.3760000000000001, 1.377)",0.028936474627272727,1.377
"[1.377, 1.3780000000000001)",0.03281854955478262,1.378
"[1.3780000000000001, 1.379)",0.02214453991346154,1.379
"[1.379, 1.3800000000000001)",0.03355107751065575,1.38
"[1.3800000000000001, 1.381)",0.03517504796542056,1.381
"[1.381, 1.3820000000000001)",0.033004445893333324,1.382
"[1.3820000000000001, 1.383)",0.026086136131578955,1.383
"[1.383, 1.3840000000000001)",0.035258535665094334,1.384
"[1.3840000000000001, 1.385)",0.026167042780219776,1.385
"[1.385, 1.3860000000000001)",0.03325608339351853,1.386
"[1.3860000000000001, 1.387)",0.025788326327102793,1.387
"[1.387, 1.3880000000000001)",0.027133949411308412,1.388
"[1.3880000000000001, 1.389)",0.02894342562500001,1.389
"[1.389, 1.3900000000000001)",0.025961956670877175,1.39
"[1.3900000000000001, 1.391)",0.03034717082380953,1.391
"[1.391, 1.3920000000000001)",0.04343324346938774,1.392
"[1.3920000000000001, 1.393)",0.024250440158620695,1.393
"[1.393, 1.3940000000000001)",0.031566566256276594,1.394
"[1.3940000000000001, 1.395)",0.01644063282240741,1.395
"[1.395, 1.3960000000000001)",0.022203748064814812,1.396
"[1.3960000000000001, 1.397)",0.032241747256,1.397
"[1.397, 1.3980000000000001)",0.01828383638,1.398
"[1.3980000000000001, 1.399)",0.025955690355813948,1.399
"[1.399, 1.4000000000000001)",0.030627784029999994,1.4
"[1.4000000000000001, 1.401)",0.029821089844827592,1.401
"[1.401, 1.4020000000000001)",0.03620221580060004,1.402
"[1.4020000000000001, 1.403)",0.020019649105952383,1.403
"[1.403, 1.4040000000000001)",0.021673634546391752,1.404
"[1.4040000000000001, 1.405)",0.03266589341157896,1.405
"[1.405, 1.4060000000000001)",0.02537162437373738,1.406
"[1.4060000000000001, 1.407)",0.030238902242105275,1.407
"[1.407, 1.408)",0.02373055664444445,1.408
"[1.408, 1.409)",0.02554750349306931,1.409
"[1.409, 1.41)",0.030405859481443295,1.41
"[1.41, 1.411)",0.02595490647916666,1.411
"[1.411, 1.412)",0.03463335122050506,1.412
"[1.412, 1.413)",0.01998490012978724,1.413
"[1.413, 1.414)",0.02545544937184467,1.414
"[1.414, 1.415)",0.021132553958415838,1.415
"[1.415, 1.416)",0.030814545146428566,1.416
"[1.416, 1.417)",0.03187310788172043,1.417
"[1.417, 1.418)",0.030163920012612613,1.418
"[1.418, 1.419)",0.022929757492452837,1.419
"[1.419, 1.42)",0.03345047628541667,1.42
"[1.42, 1.421)",0.023276687017094042,1.421
"[1.421, 1.422)",0.033722820688073404,1.422
"[1.422, 1.423)",0.03401552638800001,1.423
"[1.423, 1.424)",0.03145066194495413,1.424
"[1.424, 1.425)",0.021250798551020408,1.425
"[1.425, 1.426)",0.02704937296491227,1.426
"[1.426, 1.427)",0.035191401517857164,1.427
"[1.427, 1.428)",0.024932082313513525,1.428
"[1.428, 1.429)",0.018642074882500005,1.429
"[1.429, 1.43)",0.04307875667032966,1.43
"[1.43, 1.431)",0.03338504474712644,1.431
"[1.431, 1.432)",0.025856369058613875,1.432
"[1.432, 1.433)",0.03214358571958762,1.433
"[1.433, 1.434)",0.03922025669759037,1.434
"[1.434, 1.435)",0.016860509046478872,1.435
"[1.435, 1.436)",0.021964403395604393,1.436
"[1.436, 1.437)",0.021539997981521748,1.437
"[1.437, 1.438)",0.01347843755980393,1.438
"[1.438, 1.439)",0.031483624580952385,1.439
"[1.439, 1.44)",0.02155057020674158,1.44
"[1.44, 1.441)",0.047178712053191484,1.441
"[1.441, 1.442)",0.030785607140860222,1.442
"[1.442, 1.443)",0.026762781059756092,1.443
"[1.443, 1.444)",0.03265248707474747,1.444
"[1.444, 1.445)",0.023470874577319584,1.445
"[1.445, 1.446)",0.027582802326315797,1.446
"[1.446, 1.447)",0.02036700785714287,1.447
"[1.447, 1.448)",0.020908874469387766,1.448
"[1.448, 1.449)",0.028549020509009013,1.449
"[1.449, 1.45)",0.021571780314639185,1.45
"[1.45, 1.451)",0.03765958551046512,1.451
"[1.451, 1.452)",0.026870607580681816,1.452
"[1.452, 1.453)",0.022051349189899004,1.453
"[1.453, 1.454)",0.03025019114568965,1.454
"[1.454, 1.455)",0.019507533107216497,1.455
"[1.455, 1.456)",0.02462350529101124,1.456
"[1.456, 1.457)",0.030885298101010088,1.457
"[1.457, 1.458)",0.025291191590000008,1.458
"[1.458, 1.459)",0.04455008594318183,1.459
"[1.459, 1.46)",0.03135542883516484,1.46
"[1.46, 1.461)",0.030961016784313733,1.461
"[1.461, 1.462)",0.04072888721951219,1.462
"[1.462, 1.463)",0.025531519500000006,1.463
"[1.463, 1.464)",0.032245942166666666,1.464
"[1.464, 1.465)",0.03202917767070708,1.465
"[1.465, 1.466)",0.019076410322641516,1.466
"[1.466, 1.467)",0.019242735494949505,1.467
"[1.467, 1.468)",0.02124561088404256,1.468
"[1.468, 1.469)",0.03109685644329899,1.469
"[1.469, 1.47)",0.019415639223000002,1.47
"[1.47, 1.471)",0.030318852515384614,1.471
"[1.471, 1.472)",0.01707761766346155,1.472
"[1.472, 1.473)",0.022125992119266063,1.473
"[1.473, 1.474)",0.03398072567578946,1.474
"[1.474, 1.475)",0.02347107283406595,1.475
"[1.475, 1.476)",0.022176403615384623,1.476
"[1.476, 1.477)",0.020683842752941186,1.477
"[1.477, 1.478)",0.018257295170833337,1.478
"[1.478, 1.479)",0.031212449742857133,1.479
"[1.479, 1.48)",0.022161319576315792,1.48
"[1.48, 1.481)",0.0322035955625,1.481
"[1.481, 1.482)",0.025547740575238093,1.482
"[1.482, 1.483)",0.018845529948453597,1.483
"[1.483, 1.484)",0.039632816597938145,1.484
"[1.484, 1.485)",0.04403549473394491,1.485
"[1.485, 1.486)",0.023415496184545446,1.486
"[1.486, 1.487)",0.038929864123711334,1.487
"[1.487, 1.488)",0.02449963106666666,1.488
"[1.488, 1.489)",0.025917412039622653,1.489
"[1.489, 1.49)",0.02865127629803923,1.49
"[1.49, 1.491)",0.03293079594000001,1.491
"[1.491, 1.492)",0.02265865968534483,1.492
"[1.492, 1.493)",0.019822622291304354,1.493
"[1.493, 1.494)",0.023809420541304364,1.494
"[1.494, 1.495)",0.02694390213934426,1.495
"[1.495, 1.496)",0.041768924636974805,1.496
"[1.496, 1.497)",0.03527160680720723,1.497
"[1.497, 1.498)",0.03983757225825244,1.498
"[1.498, 1.499)",0.024171581353684208,1.499
"[1.499, 1.5)",0.04470022762095237,1.5
"[1.5, 1.5010000000000001)",0.037070819167368416,1.501
"[1.5010000000000001, 1.502)",0.026517448885496182,1.502
"[1.502, 1.5030000000000001)",0.022864859150000007,1.503
"[1.5030000000000001, 1.504)",0.034009076010416674,1.504
"[1.504, 1.5050000000000001)",0.027969506181308425,1.505
"[1.5050000000000001, 1.506)",0.04559671062268041,1.506
"[1.506, 1.5070000000000001)",0.019449434989690716,1.507
"[1.5070000000000001, 1.508)",0.03369061805616073,1.508
"[1.508, 1.5090000000000001)",0.029084291644943826,1.509
"[1.5090000000000001, 1.51)",0.032405534439583335,1.51
"[1.51, 1.5110000000000001)",0.026471331911764713,1.511
"[1.5110000000000001, 1.512)",0.04380499599897961,1.512
"[1.512, 1.5130000000000001)",0.021619972319587632,1.513
"[1.5130000000000001, 1.514)",0.02699858515865385,1.514
"[1.514, 1.5150000000000001)",0.04626176906237623,1.515
"[1.5150000000000001, 1.516)",0.026846052878048775,1.516
"[1.516, 1.5170000000000001)",0.022819312074226817,1.517
"[1.5170000000000001, 1.518)",0.03829353243444445,1.518
"[1.518, 1.5190000000000001)",0.03540435298333332,1.519
"[1.5190000000000001, 1.52)",0.0341837079787234,1.52
"[1.52, 1.5210000000000001)",0.028483049024731193,1.521
"[1.5210000000000001, 1.522)",0.02316624715638299,1.522
"[1.522, 1.5230000000000001)",0.026018276019230773,1.523
"[1.5230000000000001, 1.524)",0.022432510488372102,1.524
"[1.524, 1.5250000000000001)",0.026283100934042562,1.525
"[1.5250000000000001, 1.526)",0.03344979168029414,1.526
"[1.526, 1.5270000000000001)",0.03428070704042553,1.527
"[1.5270000000000001, 1.528)",0.019106066151515153,1.528
"[1.528, 1.5290000000000001)",0.02840444827021977,1.529
"[1.5290000000000001, 1.53)",0.02768387904356437,1.53
"[1.53, 1.5310000000000001)",0.033142468009999995,1.531
"[1.5310000000000001, 1.532)",0.02785553449882354,1.532
"[1.532, 1.5330000000000001)",0.02096023415238097,1.533
"[1.5330000000000001, 1.534)",0.02745775297352941,1.534
"[1.534, 1.5350000000000001)",0.030191485677999997,1.535
"[1.5350000000000001, 1.536)",0.019412313109473694,1.536
"[1.536, 1.537)",0.024448160770642213,1.537
"[1.537, 1.538)",0.038293852416666656,1.538
"[1.538, 1.539)",0.03190628681999999,1.539
"[1.539, 1.54)",0.025719277787628874,1.54
"[1.54, 1.541)",0.058713220654321004,1.541
"[1.541, 1.542)",0.020820268923655922,1.542
"[1.542, 1.543)",0.026676055864077675,1.543
"[1.543, 1.544)",0.027515366845370374,1.544
"[1.544, 1.545)",0.027956777760869578,1.545
"[1.545, 1.546)",0.035851344361290345,1.546
"[1.546, 1.547)",0.052538910032926815,1.547
"[1.547, 1.548)",0.024515142517592594,1.548
"[1.548, 1.549)",0.02222105971717173,1.549
"[1.549, 1.55)",0.03150025013078947,1.55
"[1.55, 1.551)",0.04692257515696202,1.551
"[1.551, 1.552)",0.02354927766333333,1.552
"[1.552, 1.553)",0.04459578793457941,1.553
"[1.553, 1.554)",0.040009162028971965,1.554
"[1.554, 1.555)",0.016551298858446604,1.555
"[1.555, 1.556)",0.02419953820183488,1.556
"[1.556, 1.557)",0.02335842088080809,1.557
"[1.557, 1.558)",0.022209280500000008,1.558
"[1.558, 1.559)",0.02538920712780702,1.559
"[1.559, 1.56)",0.026520292297058816,1.56
"[1.56, 1.561)",0.023395191882123894,1.561
"[1.561, 1.562)",0.03450525136792455,1.562
"[1.562, 1.563)",0.03157507539406778,1.563
"[1.563, 1.564)",0.017279591792792807,1.564
"[1.564, 1.565)",0.026990947975257744,1.565
"[1.565, 1.566)",0.021449873835922333,1.566
"[1.566, 1.567)",0.018612499784521747,1.567
"[1.567, 1.568)",0.031608445535514014,1.568
"[1.568, 1.569)",0.03360076366741573,1.569
"[1.569, 1.57)",0.020388242666666674,1.57
"[1.57, 1.571)",0.027449794499999982,1.571
"[1.571, 1.572)",0.026241400292173915,1.572
"[1.572, 1.573)",0.033608737284466034,1.573
"[1.573, 1.574)",0.02142518388495576,1.574
"[1.574, 1.575)",0.01585577389907408,1.575
"[1.575, 1.576)",0.029436128458333332,1.576
"[1.576, 1.577)",0.029487956706542064,1.577
"[1.577, 1.578)",0.02645491620212766,1.578
"[1.578, 1.579)",0.027999426748636373,1.579
"[1.579, 1.58)",0.01637896458394231,1.58
"[1.58, 1.581)",0.028588124722093027,1.581
"[1.581, 1.582)",0.02457259031683169,1.582
"[1.582, 1.583)",0.039477727233663364,1.583
"[1.583, 1.584)",0.02806040252142858,1.584
"[1.584, 1.585)",0.03418894809777778,1.585
"[1.585, 1.586)",0.02768671081329788,1.586
"[1.586, 1.587)",0.03314583606764706,1.587
"[1.587, 1.588)",0.027010233242424252,1.588
"[1.588, 1.589)",0.027724124736036034,1.589
"[1.589, 1.59)",0.04286205272659575,1.59
"[1.59, 1.591)",0.0247658930804598,1.591
"[1.591, 1.592)",0.03612213338723405,1.592
"[1.592, 1.593)",0.018162693984000007,1.593
"[1.593, 1.594)",0.02775854613861387,1.594
"[1.594, 1.595)",0.02743378114705882,1.595
"[1.595, 1.596)",0.032255624269306934,1.596
"[1.596, 1.597)",0.04630429820238095,1.597
"[1.597, 1.598)",0.023532535564999995,1.598
"[1.598, 1.599)",0.015159192728395067,1.599
"[1.599, 1.6)",0.02979807084444445,1.6
"[1.6, 1.601)",0.05054437747945206,1.601
"[1.601, 1.602)",0.019322579311688324,1.602
"[1.602, 1.603)",0.024365796809523815,1.603
"[1.603, 1.604)",0.024155557529444444,1.604
"[1.604, 1.605)",0.02985187356250001,1.605
"[1.605, 1.606)",0.029618815019801993,1.606
"[1.606, 1.607)",0.03461588072439025,1.607
"[1.607, 1.608)",0.02683548706973686,1.608
"[1.608, 1.609)",0.027358191313253018,1.609
"[1.609, 1.61)",0.03392285716538461,1.61
"[1.61, 1.611)",0.026553301993928573,1.611
"[1.611, 1.612)",0.02463015592771083,1.612
"[1.612, 1.613)",0.016046982963855427,1.613
"[1.613, 1.614)",0.025136510708433736,1.614
"[1.614, 1.615)",0.026204376890361453,1.615
"[1.615, 1.616)",0.0328939402575,1.616
"[1.616, 1.617)",0.02803642192682928,1.617
"[1.617, 1.618)",0.019847867592592584,1.618
"[1.618, 1.619)",0.020419793100000003,1.619
"[1.619, 1.62)",0.026985439365853667,1.62
"[1.62, 1.621)",0.04065800420921054,1.621
"[1.621, 1.622)",0.0359880899632184,1.622
"[1.622, 1.623)",0.01887423679080461,1.623
"[1.623, 1.624)",0.02096710203658537,1.624
"[1.624, 1.625)",0.02414542582926828,1.625
"[1.625, 1.6260000000000001)",0.03340421399032259,1.626
"[1.6260000000000001, 1.627)",0.02899041549012345,1.627
"[1.627, 1.6280000000000001)",0.02167339781515152,1.628
"[1.6280000000000001, 1.629)",0.019538285188571425,1.629
"[1.629, 1.6300000000000001)",0.029969494539325833,1.63
"[1.6300000000000001, 1.631)",0.026741874531025642,1.631
"[1.631, 1.6320000000000001)",0.033016193289873416,1.632
"[1.6320000000000001, 1.633)",0.023634800801980202,1.633
"[1.633, 1.6340000000000001)",0.03521233839529411,1.634
"[1.6340000000000001, 1.635)",0.02634197650000001,1.635
"[1.635, 1.6360000000000001)",0.02526888529210527,1.636
"[1.6360000000000001, 1.637)",0.029716297544117656,1.637
"[1.637, 1.6380000000000001)",0.02854798504545454,1.638
"[1.6380000000000001, 1.639)",0.031400260345161295,1.639
"[1.639, 1.6400000000000001)",0.02810752423809524,1.64
"[1.6400000000000001, 1.641)",0.03282787230136987,1.641
"[1.641, 1.6420000000000001)",0.03132247664634145,1.642
"[1.6420000000000001, 1.643)",0.03040364358227849,1.643
"[1.643, 1.6440000000000001)",0.035511627764615375,1.644
"[1.6440000000000001, 1.645)",0.037780430985714285,1.645
"[1.645, 1.6460000000000001)",0.025756146779220796,1.646
"[1.6460000000000001, 1.647)",0.023833438732800014,1.647
"[1.647, 1.6480000000000001)",0.01990876480945946,1.648
"[1.6480000000000001, 1.649)",0.03056851655913978,1.649
"[1.649, 1.6500000000000001)",0.03368081702325582,1.65
"[1.6500000000000001, 1.651)",0.026359551884210523,1.651
"[1.651, 1.6520000000000001)",0.030488625877464797,1.652
"[1.6520000000000001, 1.653)",0.025699671982539685,1.653
"[1.653, 1.6540000000000001)",0.05303172929931508,1.654
"[1.6540000000000001, 1.655)",0.03089035179277108,1.655
"[1.655, 1.6560000000000001)",0.01975330811168831,1.656
"[1.6560000000000001, 1.657)",0.029014256584415594,1.657
"[1.657, 1.6580000000000001)",0.018169504293150684,1.658
"[1.6580000000000001, 1.659)",0.02864221954342466,1.659
"[1.659, 1.6600000000000001)",0.03704966039705883,1.66
"[1.6600000000000001, 1.661)",0.022187748640579725,1.661
"[1.661, 1.6620000000000001)",0.024742000897435914,1.662
"[1.6620000000000001, 1.663)",0.03642518851864407,1.663
"[1.663, 1.6640000000000001)",0.016899637558333333,1.664
"[1.6640000000000001, 1.665)",0.02035392491477778,1.665
"[1.665, 1.666)",0.025763743579710154,1.666
"[1.666, 1.667)",0.03260640540869566,1.667
"[1.667, 1.668)",0.02689488123076924,1.668
"[1.668, 1.669)",0.04629368408641977,1.669
"[1.669, 1.67)",0.019796255072857143,1.67
"[1.67, 1.671)",0.028103529261038963,1.671
"[1.671, 1.672)",0.027221453000000007,1.672
"[1.672, 1.673)",0.02773921369736842,1.673
"[1.673, 1.674)",0.024409599047435917,1.674
"[1.674, 1.675)",0.029875473506557376,1.675
"[1.675, 1.676)",0.028648330625000003,1.676
"[1.676, 1.677)",0.028338883519480534,1.677
"[1.677, 1.678)",0.038173367859374994,1.678
"[1.678, 1.679)",0.01585149841666666,1.679
"[1.679, 1.68)",0.015245937201639342,1.68
"[1.68, 1.681)",0.023073270207547163,1.681
"[1.681, 1.682)",0.017483963507462685,1.682
"[1.682, 1.683)",0.04700216279846154,1.683
"[1.683, 1.684)",0.026516225621212128,1.684
"[1.684, 1.685)",0.024212432862499998,1.685
"[1.685, 1.686)",0.026096135258730162,1.686
"[1.686, 1.687)",0.04103367137288138,1.687
"[1.687, 1.688)",0.019029771325757578,1.688
"[1.688, 1.689)",0.027118614542647072,1.689
"[1.689, 1.69)",0.022275859019047623,1.69
"[1.69, 1.691)",0.016303638038461535,1.691
"[1.691, 1.692)",0.014197746101562502,1.692
"[1.692, 1.693)",0.029111880316666686,1.693
"[1.693, 1.694)",0.02567850295087719,1.694
"[1.694, 1.695)",0.02086027197014926,1.695
"[1.695, 1.696)",0.04027865514814817,1.696
"[1.696, 1.697)",0.022582350315789475,1.697
"[1.697, 1.698)",0.020474870218181822,1.698
"[1.698, 1.699)",0.039631949403508795,1.699
"[1.699, 1.7)",0.02321868749863014,1.7
"[1.7, 1.701)",0.0237671860425532,1.701
"[1.701, 1.702)",0.02178590789545455,1.702
"[1.702, 1.703)",0.036996358737704925,1.703
"[1.703, 1.704)",0.03650897795260276,1.704
"[1.704, 1.705)",0.02452782459375,1.705
"[1.705, 1.706)",0.01115781330952381,1.706
"[1.706, 1.707)",0.05794791587499999,1.707
"[1.707, 1.708)",0.03853683560937502,1.708
"[1.708, 1.709)",0.01727366755384616,1.709
"[1.709, 1.71)",0.03888490801639343,1.71
"[1.71, 1.711)",0.019409356986666664,1.711
"[1.711, 1.712)",0.024492358016129027,1.712
"[1.712, 1.713)",0.029955575917241375,1.713
"[1.713, 1.714)",0.028591598500000013,1.714
"[1.714, 1.715)",0.025037405316617637,1.715
"[1.715, 1.716)",0.039870455389830514,1.716
"[1.716, 1.717)",0.011975292835820899,1.717
"[1.717, 1.718)",0.02067953396226415,1.718
"[1.718, 1.719)",0.030116327927272726,1.719
"[1.719, 1.72)",0.020548244454545457,1.72
"[1.72, 1.721)",0.03528500303636365,1.721
"[1.721, 1.722)",0.024752543135483876,1.722
"[1.722, 1.723)",0.041179723338461566,1.723
"[1.723, 1.724)",0.018961627247457636,1.724
"[1.724, 1.725)",0.026591672066666676,1.725
"[1.725, 1.726)",0.021232219861904766,1.726
"[1.726, 1.727)",0.026221962840579725,1.727
"[1.727, 1.728)",0.04334582623800001,1.728
"[1.728, 1.729)",0.021874712631718755,1.729
"[1.729, 1.73)",0.030122421098611116,1.73
"[1.73, 1.731)",0.03086843951307692,1.731
"[1.731, 1.732)",0.030537555510344826,1.732
"[1.732, 1.733)",0.052387454688524585,1.733
"[1.733, 1.734)",0.03301068349230769,1.734
"[1.734, 1.735)",0.019440951758620685,1.735
"[1.735, 1.736)",0.01595213745,1.736
"[1.736, 1.737)",0.02072583217222223,1.737
"[1.737, 1.738)",0.03526290828906252,1.738
"[1.738, 1.739)",0.01959589057878788,1.739
"[1.739, 1.74)",0.027668628428813565,1.74
"[1.74, 1.741)",0.027369139242424248,1.741
"[1.741, 1.742)",0.02212332445555556,1.742
"[1.742, 1.743)",0.023307360202040814,1.743
"[1.743, 1.744)",0.025663723982142863,1.744
"[1.744, 1.745)",0.030931861622641516,1.745
"[1.745, 1.746)",0.026733609382456138,1.746
"[1.746, 1.747)",0.018560588338709674,1.747
"[1.747, 1.748)",0.0414244113508772,1.748
"[1.748, 1.749)",0.04637769373214286,1.749
"[1.749, 1.75)",0.034058878061016956,1.75
"[1.75, 1.7510000000000001)",0.027432949150000014,1.751
"[1.7510000000000001, 1.752)",0.04324101452857143,1.752
"[1.752, 1.7530000000000001)",0.018389038140350873,1.753
"[1.7530000000000001, 1.754)",0.023349558681481482,1.754
"[1.754, 1.7550000000000001)",0.012551651186440681,1.755
"[1.7550000000000001, 1.756)",0.020629644166153854,1.756
"[1.756, 1.7570000000000001)",0.03140146875,1.757
"[1.7570000000000001, 1.758)",0.021651917045454546,1.758
"[1.758, 1.7590000000000001)",0.023450634935714282,1.759
"[1.7590000000000001, 1.76)",0.01690663610169492,1.76
"[1.76, 1.7610000000000001)",0.03404932341481482,1.761
"[1.7610000000000001, 1.762)",0.02312134571730768,1.762
"[1.762, 1.7630000000000001)",0.038287994375000016,1.763
"[1.7630000000000001, 1.764)",0.028094280075471705,1.764
"[1.764, 1.7650000000000001)",0.013621274046875001,1.765
"[1.7650000000000001, 1.766)",0.02710816600357144,1.766
"[1.766, 1.7670000000000001)",0.031564022606557385,1.767
"[1.7670000000000001, 1.768)",0.017234391428571427,1.768
"[1.768, 1.7690000000000001)",0.024494345728301895,1.769
"[1.7690000000000001, 1.77)",0.023412412280923087,1.77
"[1.77, 1.7710000000000001)",0.0212689848125,1.771
"[1.7710000000000001, 1.772)",0.0332589304364865,1.772
"[1.772, 1.7730000000000001)",0.01872972360482143,1.773
"[1.7730000000000001, 1.774)",0.02469459498070176,1.774
"[1.774, 1.7750000000000001)",0.03388374464736843,1.775
"[1.7750000000000001, 1.776)",0.015437516099999993,1.776
"[1.776, 1.7770000000000001)",0.03022141084153847,1.777
"[1.7770000000000001, 1.778)",0.03667188515254238,1.778
"[1.778, 1.7790000000000001)",0.023484287087096777,1.779
"[1.7790000000000001, 1.78)",0.018861195712459016,1.78
"[1.78, 1.7810000000000001)",0.04414010995833334,1.781
"[1.7810000000000001, 1.782)",0.0329272377761194,1.782
"[1.782, 1.7830000000000001)",0.042720883573972614,1.783
"[1.7830000000000001, 1.784)",0.02594830587179488,1.784
"[1.784, 1.7850000000000001)",0.014308088469999999,1.785
"[1.7850000000000001, 1.786)",0.0317238342,1.786
"[1.786, 1.7870000000000001)",0.024795127015151526,1.787
"[1.7870000000000001, 1.788)",0.016312851350877195,1.788
"[1.788, 1.7890000000000001)",0.02254877385081967,1.789
"[1.7890000000000001, 1.79)",0.02154459845074626,1.79
"[1.79, 1.7910000000000001)",0.0419405599142857,1.791
"[1.7910000000000001, 1.792)",0.025763056671641783,1.792
"[1.792, 1.793)",0.04712199420000002,1.793
"[1.793, 1.794)",0.02846835234153846,1.794
"[1.794, 1.795)",0.028445690482142866,1.795
"[1.795, 1.796)",0.036486982291666664,1.796
"[1.796, 1.797)",0.03312950534246576,1.797
"[1.797, 1.798)",0.028016886747435913,1.798
"[1.798, 1.799)",0.03095490478666667,1.799
"[1.799, 1.8)",0.030616052347638905,1.8
"[1.8, 1.801)",0.012255567145161295,1.801
"[1.801, 1.802)",0.0117586231171875,1.802
"[1.802, 1.803)",0.03206039890740741,1.803
"[1.803, 1.804)",0.015027728873239436,1.804
"[1.804, 1.805)",0.034324662406756745,1.805
"[1.805, 1.806)",0.02336275648709678,1.806
"[1.806, 1.807)",0.022531048373214287,1.807
"[1.807, 1.808)",0.03482786740677967,1.808
"[1.808, 1.809)",0.01767278099230769,1.809
"[1.809, 1.81)",0.03784746019130435,1.81
"[1.81, 1.811)",0.018055997798113205,1.811
"[1.811, 1.812)",0.022429439285714288,1.812
"[1.812, 1.813)",0.046182393425531924,1.813
"[1.813, 1.814)",0.026245886222222226,1.814
"[1.814, 1.815)",0.018992483530612236,1.815
"[1.815, 1.816)",0.01837188986046511,1.816
"[1.816, 1.817)",0.01906213028787879,1.817
"[1.817, 1.818)",0.030393627935849054,1.818
"[1.818, 1.819)",0.03697490727000002,1.819
"[1.819, 1.82)",0.016479894170212766,1.82
"[1.82, 1.821)",0.03793137217704918,1.821
"[1.821, 1.822)",0.057343092926829264,1.822
"[1.822, 1.823)",0.04768497068253969,1.823
"[1.823, 1.824)",0.02308051838983052,1.824
"[1.824, 1.825)",0.032509083803703716,1.825
"[1.825, 1.826)",0.015377858779661016,1.826
"[1.826, 1.827)",0.03346066294375,1.827
"[1.827, 1.828)",0.020421514579999998,1.828
"[1.828, 1.829)",0.028121942863636364,1.829
"[1.829, 1.83)",0.021513148839285717,1.83
"[1.83, 1.831)",0.02437252135538461,1.831
"[1.831, 1.832)",0.020480544760000004,1.832
"[1.832, 1.833)",0.013768478338461537,1.833
"[1.833, 1.834)",0.015626354340000002,1.834
"[1.834, 1.835)",0.05777263895833334,1.835
"[1.835, 1.836)",0.03503708159722223,1.836
"[1.836, 1.837)",0.03775222107317073,1.837
"[1.837, 1.838)",0.012714014994545457,1.838
"[1.838, 1.839)",0.019897655933333338,1.839
"[1.839, 1.84)",0.025732532304347827,1.84
"[1.84, 1.841)",0.046588605280701766,1.841
"[1.841, 1.842)",0.017669338881666663,1.842
"[1.842, 1.843)",0.01652960139607843,1.843
"[1.843, 1.844)",0.02555387911764707,1.844
"[1.844, 1.845)",0.036470980374999996,1.845
"[1.845, 1.846)",0.013512577,1.846
"[1.846, 1.847)",0.02724367864912281,1.847
"[1.847, 1.848)",0.02357328655319149,1.848
"[1.848, 1.849)",0.030341633130434795,1.849
"[1.849, 1.85)",0.03592950692499999,1.85
"[1.85, 1.851)",0.028780169085185194,1.851
"[1.851, 1.852)",0.0326082474117647,1.852
"[1.852, 1.853)",0.022027001705660375,1.853
"[1.853, 1.854)",0.015343932933928573,1.854
"[1.854, 1.855)",0.024352854804878043,1.855
"[1.855, 1.856)",0.03453410428292684,1.856
"[1.856, 1.857)",0.021588554970588234,1.857
"[1.857, 1.858)",0.05607179646153847,1.858
"[1.858, 1.859)",0.029573114023809514,1.859
"[1.859, 1.86)",0.025517118613636366,1.86
"[1.86, 1.861)",0.022143848219512187,1.861
"[1.861, 1.862)",0.06483083059574468,1.862
"[1.862, 1.863)",0.02866313545945946,1.863
"[1.863, 1.864)",0.045109397230769226,1.864
"[1.864, 1.865)",0.019409431777777778,1.865
"[1.865, 1.866)",0.03647208579999999,1.866
"[1.866, 1.867)",0.023520780944130435,1.867
"[1.867, 1.868)",0.03964922957022726,1.868
"[1.868, 1.869)",0.020363297023809523,1.869
"[1.869, 1.87)",0.023755245345652164,1.87
"[1.87, 1.871)",0.02249843527419353,1.871
"[1.871, 1.872)",0.030108718433333334,1.872
"[1.872, 1.873)",0.010282719229166671,1.873
"[1.873, 1.874)",0.020735508436363632,1.874
"[1.874, 1.875)",0.034788390432692315,1.875
"[1.875, 1.8760000000000001)",0.021002272491525417,1.876
"[1.8760000000000001, 1.877)",0.019082716294339618,1.877
"[1.877, 1.8780000000000001)",0.020145475155999994,1.878
"[1.8780000000000001, 1.879)",0.024292259718750004,1.879
"[1.879, 1.8800000000000001)",0.028310419517647067,1.88
"[1.8800000000000001, 1.881)",0.08247789839655174,1.881
"[1.881, 1.8820000000000001)",0.016445849404893617,1.882
"[1.8820000000000001, 1.883)",0.03516619997727271,1.883
"[1.883, 1.8840000000000001)",0.013209038575999997,1.884
"[1.8840000000000001, 1.885)",0.034364221458333365,1.885
"[1.885, 1.8860000000000001)",0.04858827758,1.886
"[1.8860000000000001, 1.887)",0.029534190763829803,1.887
"[1.887, 1.8880000000000001)",0.032604608266393435,1.888
"[1.8880000000000001, 1.889)",0.016987449651020406,1.889
"[1.889, 1.8900000000000001)",0.04299577272340426,1.89
"[1.8900000000000001, 1.891)",0.031400889451923084,1.891
"[1.891, 1.8920000000000001)",0.01604786648979592,1.892
"[1.8920000000000001, 1.893)",0.007487143453658536,1.893
"[1.893, 1.8940000000000001)",0.026101458471698112,1.894
"[1.8940000000000001, 1.895)",0.04214813911320755,1.895
"[1.895, 1.8960000000000001)",0.029269245560000004,1.896
"[1.8960000000000001, 1.897)",0.01765156413461538,1.897
"[1.897, 1.8980000000000001)",0.035325057898113216,1.898
"[1.8980000000000001, 1.899)",0.03298042958823529,1.899
"[1.899, 1.9000000000000001)",0.029797280214814828,1.9
"[1.9000000000000001, 1.901)",0.022785604874999997,1.901
"[1.901, 1.9020000000000001)",0.0536185629,1.902
"[1.9020000000000001, 1.903)",0.024555786578947376,1.903
"[1.903, 1.9040000000000001)",0.025569072814814815,1.904
"[1.9040000000000001, 1.905)",0.03100187884905661,1.905
"[1.905, 1.9060000000000001)",0.0380274569482143,1.906
"[1.9060000000000001, 1.907)",0.06238286040476192,1.907
"[1.907, 1.9080000000000001)",0.02824742204000001,1.908
"[1.9080000000000001, 1.909)",0.026240037423076925,1.909
"[1.909, 1.9100000000000001)",0.027832432346938777,1.91
"[1.9100000000000001, 1.911)",0.03133606330612245,1.911
"[1.911, 1.9120000000000001)",0.045229239464444446,1.912
"[1.9120000000000001, 1.913)",0.030996024954237294,1.913
"[1.913, 1.9140000000000001)",0.021899050511999998,1.914
"[1.9140000000000001, 1.915)",0.018342052296666668,1.915
"[1.915, 1.9160000000000001)",0.026205919029411755,1.916
"[1.9160000000000001, 1.917)",0.019234590180327863,1.917
"[1.917, 1.9180000000000001)",0.034161998516666674,1.918
"[1.9180000000000001, 1.919)",0.03582829417021278,1.919
"[1.919, 1.92)",0.01873598053846154,1.92
"[1.92, 1.921)",0.01322291179818182,1.921
"[1.921, 1.922)",0.022951454051063826,1.922
"[1.922, 1.923)",0.02882787299111111,1.923
"[1.923, 1.924)",0.02766647311764706,1.924
"[1.924, 1.925)",0.03126873889473685,1.925
"[1.925, 1.926)",0.024846476615384618,1.926
"[1.926, 1.927)",0.03484487175510205,1.927
"[1.927, 1.928)",0.03334348352045455,1.928
"[1.928, 1.929)",0.02939221630882353,1.929
"[1.929, 1.93)",0.021778713173913045,1.93
"[1.93, 1.931)",0.03509084902195123,1.931
"[1.931, 1.932)",0.021098402999999995,1.932
"[1.932, 1.933)",0.030018075785714294,1.933
"[1.933, 1.934)",0.012282153726,1.934
"[1.934, 1.935)",0.048521045170731705,1.935
"[1.935, 1.936)",0.02847649151020408,1.936
"[1.936, 1.937)",0.020535697057407407,1.937
"[1.937, 1.938)",0.022328042146341463,1.938
"[1.938, 1.939)",0.023239018729824562,1.939
"[1.939, 1.94)",0.025354251781632645,1.94
"[1.94, 1.941)",0.02611073503298246,1.941
"[1.941, 1.942)",0.03479037266101698,1.942
"[1.942, 1.943)",0.0293483085909091,1.943
"[1.943, 1.944)",0.019710931019999996,1.944
"[1.944, 1.945)",0.03493575385245902,1.945
"[1.945, 1.946)",0.022845135079166672,1.946
"[1.946, 1.947)",0.022097524442307687,1.947
"[1.947, 1.948)",0.0200641823625,1.948
"[1.948, 1.949)",0.013847421862068962,1.949
"[1.949, 1.95)",0.029190999363636363,1.95
"[1.95, 1.951)",0.031858405,1.951
"[1.951, 1.952)",0.02467513042452831,1.952
"[1.952, 1.953)",0.018388328758620686,1.953
"[1.953, 1.954)",0.03249834843749999,1.954
"[1.954, 1.955)",0.02540057093617022,1.955
"[1.955, 1.956)",0.0294060073030303,1.956
"[1.956, 1.957)",0.02056165407222222,1.957
"[1.957, 1.958)",0.017614337878947374,1.958
"[1.958, 1.959)",0.02296651278947368,1.959
"[1.959, 1.96)",0.03152299869565218,1.96
"[1.96, 1.961)",0.028258910261363637,1.961
"[1.961, 1.962)",0.016885543142857146,1.962
"[1.962, 1.963)",0.010036705829787237,1.963
"[1.963, 1.964)",0.016235855951219517,1.964
"[1.964, 1.965)",0.033346739134693874,1.965
"[1.965, 1.966)",0.028893499370370366,1.966
"[1.966, 1.967)",0.01835394182978723,1.967
"[1.967, 1.968)",0.03958365602222224,1.968
"[1.968, 1.969)",0.014854557665306122,1.969
"[1.969, 1.97)",0.07332616870833333,1.97
"[1.97, 1.971)",0.07541133630512821,1.971
"[1.971, 1.972)",0.023236480176470585,1.972
"[1.972, 1.973)",0.029976951444897967,1.973
"[1.973, 1.974)",0.025905218682608692,1.974
"[1.974, 1.975)",0.04299487372727274,1.975
"[1.975, 1.976)",0.03470515133333334,1.976
"[1.976, 1.977)",0.02996982235384615,1.977
"[1.977, 1.978)",0.02940828037560975,1.978
"[1.978, 1.979)",0.017696473208571435,1.979
"[1.979, 1.98)",0.03942302064571428,1.98
"[1.98, 1.981)",0.02815231396428571,1.981
"[1.981, 1.982)",0.023805120632653068,1.982
"[1.982, 1.983)",0.0308647014883721,1.983
"[1.983, 1.984)",0.02026964570212765,1.984
"[1.984, 1.985)",0.016231472574509798,1.985
"[1.985, 1.986)",0.04906128777254545,1.986
"[1.986, 1.987)",0.019541051978723405,1.987
"[1.987, 1.988)",0.028626966795454553,1.988
"[1.988, 1.989)",0.08389699828840909,1.989
"[1.989, 1.99)",0.043648524717021284,1.99
"[1.99, 1.991)",0.029779453140000016,1.991
"[1.991, 1.992)",0.01749976347999999,1.992
"[1.992, 1.993)",0.022521205830909094,1.993
"[1.993, 1.994)",0.02638104199999999,1.994
"[1.994, 1.995)",0.04692391629787235,1.995
"[1.995, 1.996)",0.023385719640000007,1.996
"[1.996, 1.997)",0.03937331346744188,1.997
"[1.997, 1.998)",0.02431000766037737,1.998
"[1.998, 1.999)",0.02910020289583333,1.999
"[1.999, 2.0)",0.0188278771244898,2.0
"[2.0, 2.001)",0.038878450397999996,2.001
"[2.001, 2.0020000000000002)",0.02637262956,2.002
"[2.0020000000000002, 2.003)",0.03216936482222223,2.003
"[2.003, 2.004)",0.02628756715909091,2.004
"[2.004, 2.005)",0.02361929288235294,2.005
"[2.005, 2.0060000000000002)",0.009194894596491232,2.006
"[2.0060000000000002, 2.007)",0.01651107602439024,2.007
"[2.007, 2.008)",0.019942115090277778,2.008
"[2.008, 2.009)",0.02984307103055555,2.009
"[2.009, 2.0100000000000002)",0.025660267737735838,2.01
"[2.0100000000000002, 2.011)",0.027429969363636363,2.011
"[2.011, 2.012)",0.022108617616666673,2.012
"[2.012, 2.013)",0.011267837679411767,2.013
"[2.013, 2.0140000000000002)",0.02044918123658537,2.014
"[2.0140000000000002, 2.015)",0.026120337727272725,2.015
"[2.015, 2.016)",0.04080522766666668,2.016
"[2.016, 2.017)",0.03419361212682928,2.017
"[2.017, 2.0180000000000002)",0.04865586572340426,2.018
"[2.0180000000000002, 2.019)",0.02921611684375,2.019
"[2.019, 2.02)",0.02731420779545454,2.02
"[2.02, 2.021)",0.03645115192682927,2.021
"[2.021, 2.0220000000000002)",0.012754950625000006,2.022
"[2.0220000000000002, 2.023)",0.018094512322580643,2.023
"[2.023, 2.024)",0.027261679702702695,2.024
"[2.024, 2.025)",0.04450299929205882,2.025
"[2.025, 2.0260000000000002)",0.04862951064102564,2.026
"[2.0260000000000002, 2.027)",0.026781649227906976,2.027
"[2.027, 2.028)",0.014413506258620696,2.028
"[2.028, 2.029)",0.017601118200000005,2.029
"[2.029, 2.0300000000000002)",0.011166259804878053,2.03
"[2.0300000000000002, 2.031)",0.032029295534883734,2.031
"[2.031, 2.032)",0.017725138512195125,2.032
"[2.032, 2.033)",0.03792866293617021,2.033
"[2.033, 2.0340000000000003)",0.030528859575,2.034
"[2.0340000000000003, 2.035)",0.01555874010268293,2.035
"[2.035, 2.036)",0.034174195155555566,2.036
"[2.036, 2.037)",0.052764338727272736,2.037
"[2.037, 2.0380000000000003)",0.025233042900000002,2.038
"[2.0380000000000003, 2.039)",0.02030230902325581,2.039
"[2.039, 2.04)",0.011023877589743592,2.04
"[2.04, 2.041)",0.04253257840249999,2.041
"[2.041, 2.0420000000000003)",0.020044254571428572,2.042
"[2.0420000000000003, 2.043)",0.025244344675675674,2.043
"[2.043, 2.044)",0.010788068982857144,2.044
"[2.044, 2.045)",0.03852741368536586,2.045
"[2.045, 2.0460000000000003)",0.02756513723684211,2.046
"[2.0460000000000003, 2.047)",0.04210696720512822,2.047
"[2.047, 2.048)",0.03893210384444445,2.048
"[2.048, 2.049)",0.023637851379999995,2.049
"[2.049, 2.05)",0.018267197396226408,2.05
"[2.05, 2.051)",0.04022163749714285,2.051
"[2.051, 2.052)",0.01036828102682927,2.052
"[2.052, 2.053)",0.015006933038095239,2.053
"[2.053, 2.054)",0.023622246874038463,2.054
"[2.054, 2.055)",0.02482633798292682,2.055
"[2.055, 2.056)",0.028547849232558143,2.056
"[2.056, 2.057)",0.021103349962962967,2.057
"[2.057, 2.058)",0.024251552187499994,2.058
"[2.058, 2.059)",0.02294613642906977,2.059
"[2.059, 2.06)",0.015100021910416664,2.06
"[2.06, 2.061)",0.02823116544074075,2.061
"[2.061, 2.062)",0.0111480799516129,2.062
"[2.062, 2.063)",0.007800214076923077,2.063
"[2.063, 2.064)",0.020154995094230774,2.064
"[2.064, 2.065)",0.013783175777419363,2.065
"[2.065, 2.066)",0.031920089857906966,2.066
"[2.066, 2.067)",0.06036696150000001,2.067
"[2.067, 2.068)",0.015390221182051285,2.068
"[2.068, 2.069)",0.024387546064285722,2.069
"[2.069, 2.07)",0.018961157534883723,2.07
"[2.07, 2.071)",0.025454999534318175,2.071
"[2.071, 2.072)",0.037120298827586225,2.072
"[2.072, 2.073)",0.03308900644117646,2.073
"[2.073, 2.074)",0.020531048438888887,2.074
"[2.074, 2.075)",0.027365122000000002,2.075
"[2.075, 2.076)",0.013418731183673472,2.076
"[2.076, 2.077)",0.025424632891304345,2.077
"[2.077, 2.078)",0.025260101923076927,2.078
"[2.078, 2.079)",0.057591575108108126,2.079
"[2.079, 2.08)",0.017879381264375004,2.08
"[2.08, 2.081)",0.016818886385964914,2.081
"[2.081, 2.082)",0.03423190347555556,2.082
"[2.082, 2.083)",0.03380620541219514,2.083
"[2.083, 2.084)",0.028815735341666673,2.084
"[2.084, 2.085)",0.021089141655172415,2.085
"[2.085, 2.086)",0.019857569560975605,2.086
"[2.086, 2.087)",0.019143364531914894,2.087
"[2.087, 2.088)",0.024868215059999997,2.088
"[2.088, 2.089)",0.023790847702127662,2.089
"[2.089, 2.09)",0.028994615590731708,2.09
"[2.09, 2.091)",0.02161281278,2.091
"[2.091, 2.092)",0.014711276116279067,2.092
"[2.092, 2.093)",0.019274138399999998,2.093
"[2.093, 2.094)",0.03772129414634146,2.094
"[2.094, 2.095)",0.024163938829787242,2.095
"[2.095, 2.096)",0.02627669748780488,2.096
"[2.096, 2.097)",0.01639506827586207,2.097
"[2.097, 2.098)",0.03185870071739131,2.098
"[2.098, 2.099)",0.020430395388636367,2.099
"[2.099, 2.1)",0.022413711435897436,2.1
"[2.1, 2.101)",0.02357311261764706,2.101
"[2.101, 2.102)",0.027468971359999993,2.102
"[2.102, 2.103)",0.031843531929999995,2.103
"[2.103, 2.104)",0.025921369807083317,2.104
"[2.104, 2.105)",0.021501758207692307,2.105
"[2.105, 2.106)",0.013999901095238096,2.106
"[2.106, 2.107)",0.023516094500000004,2.107
"[2.107, 2.108)",0.024548239249999996,2.108
"[2.108, 2.109)",0.026043724909090914,2.109
"[2.109, 2.11)",0.025128317322580647,2.11
"[2.11, 2.111)",0.016998512887179486,2.111
"[2.111, 2.112)",0.015004518930303029,2.112
"[2.112, 2.113)",0.03393549511190476,2.113
"[2.113, 2.114)",0.03425779530612244,2.114
"[2.114, 2.115)",0.015899333617142852,2.115
"[2.115, 2.116)",0.011681362228571426,2.116
"[2.116, 2.117)",0.02174646003902439,2.117
"[2.117, 2.118)",0.03353582039130435,2.118
"[2.118, 2.119)",0.03595253738235293,2.119
"[2.119, 2.12)",0.03264602118181817,2.12
"[2.12, 2.121)",0.0156655951,2.121
"[2.121, 2.122)",0.0339908654137931,2.122
"[2.122, 2.123)",0.016104556499999995,2.123
"[2.123, 2.124)",0.017542263559259263,2.124
"[2.124, 2.125)",0.03677374600000001,2.125
"[2.125, 2.126)",0.034314480147058825,2.126
"[2.126, 2.1270000000000002)",0.02096047556206896,2.127
"[2.1270000000000002, 2.128)",0.019360600742857146,2.128
"[2.128, 2.129)",0.0279076831254902,2.129
"[2.129, 2.13)",0.014530268861111112,2.13
"[2.13, 2.1310000000000002)",0.034133174609756095,2.131
"[2.1310000000000002, 2.132)",0.020110680577551023,2.132
"[2.132, 2.133)",0.016548639562500002,2.133
"[2.133, 2.134)",0.03382056127586207,2.134
"[2.134, 2.1350000000000002)",0.021905525742857146,2.135
"[2.1350000000000002, 2.136)",0.025278407474999997,2.136
"[2.136, 2.137)",0.014496021675000002,2.137
"[2.137, 2.138)",0.026628119062499997,2.138
"[2.138, 2.1390000000000002)",0.03431236093333334,2.139
"[2.1390000000000002, 2.14)",0.04632194547179486,2.14
"[2.14, 2.141)",0.07801087742307693,2.141
"[2.141, 2.142)",0.025386791968749992,2.142
"[2.142, 2.1430000000000002)",0.05779302612820514,2.143
"[2.1430000000000002, 2.144)",0.01660988825,2.144
"[2.144, 2.145)",0.03473669989189188,2.145
"[2.145, 2.146)",0.0329480732,2.146
"[2.146, 2.1470000000000002)",0.02425379580000001,2.147
"[2.1470000000000002, 2.148)",0.016267831053333334,2.148
"[2.148, 2.149)",0.01765003151724138,2.149
"[2.149, 2.15)",0.042900484728125,2.15
"[2.15, 2.1510000000000002)",0.017973593844444448,2.151
"[2.1510000000000002, 2.152)",0.016487008736842113,2.152
"[2.152, 2.153)",0.023977377794117648,2.153
"[2.153, 2.154)",0.011560312103448277,2.154
"[2.154, 2.1550000000000002)",0.013424686325000004,2.155
"[2.1550000000000002, 2.156)",0.034897426947368436,2.156
"[2.156, 2.157)",0.027061164359999987,2.157
"[2.157, 2.158)",0.03512276569696972,2.158
"[2.158, 2.1590000000000003)",0.02208185280555555,2.159
"[2.1590000000000003, 2.16)",0.02957171464470587,2.16
"[2.16, 2.161)",0.09272816314814815,2.161
"[2.161, 2.162)",0.033348606862068954,2.162
"[2.162, 2.1630000000000003)",0.018784468885714285,2.163
"[2.1630000000000003, 2.164)",0.018120902194444444,2.164
"[2.164, 2.165)",0.02352027536,2.165
"[2.165, 2.166)",0.012408270789473687,2.166
"[2.166, 2.1670000000000003)",0.036368198466666675,2.167
"[2.1670000000000003, 2.168)",0.01926671322400001,2.168
"[2.168, 2.169)",0.015928675228571425,2.169
"[2.169, 2.17)",0.05236954122777778,2.17
"[2.17, 2.1710000000000003)",0.03073688203846154,2.171
"[2.1710000000000003, 2.172)",0.07360528829032262,2.172
"[2.172, 2.173)",0.021748442933333324,2.173
"[2.173, 2.174)",0.053988587430555554,2.174
"[2.174, 2.1750000000000003)",0.01331922068378379,2.175
"[2.1750000000000003, 2.176)",0.03276350256521739,2.176
"[2.176, 2.177)",0.020499339449999997,2.177
"[2.177, 2.178)",0.049405217794871795,2.178
"[2.178, 2.179)",0.0178978025,2.179
"[2.179, 2.18)",0.020712440915384614,2.18
"[2.18, 2.181)",0.051020682437500006,2.181
"[2.181, 2.182)",0.017006965791666665,2.182
"[2.182, 2.183)",0.01580986438235294,2.183
"[2.183, 2.184)",0.015189245400000002,2.184
"[2.184, 2.185)",0.038081960903333316,2.185
"[2.185, 2.186)",0.012404776882352949,2.186
"[2.186, 2.187)",0.021705343257142858,2.187
"[2.187, 2.188)",0.06115755866270269,2.188
"[2.188, 2.189)",0.020599217082142855,2.189
"[2.189, 2.19)",0.024900152200000004,2.19
"[2.19, 2.191)",0.017211033151219513,2.191
"[2.191, 2.192)",0.01431286797878788,2.192
"[2.192, 2.193)",0.03765724505641027,2.193
"[2.193, 2.194)",0.026718677794871793,2.194
"[2.194, 2.195)",0.03907798081081081,2.195
"[2.195, 2.196)",0.024001573312499993,2.196
"[2.196, 2.197)",0.022131009934285715,2.197
"[2.197, 2.198)",0.03764163081000001,2.198
"[2.198, 2.199)",0.023369537960526314,2.199
"[2.199, 2.2)",0.017678193111111108,2.2
"[2.2, 2.201)",0.018410383,2.201
"[2.201, 2.202)",0.015691527918918924,2.202
"[2.202, 2.203)",0.021677968878787878,2.203
"[2.203, 2.204)",0.03375028576190476,2.204
"[2.204, 2.205)",0.018429178290322583,2.205
"[2.205, 2.206)",0.03611950234285714,2.206
"[2.206, 2.207)",0.0484643541131579,2.207
"[2.207, 2.208)",0.015997314064516134,2.208
"[2.208, 2.209)",0.03599587352432433,2.209
"[2.209, 2.21)",0.03752067248571429,2.21
"[2.21, 2.211)",0.016217849862068968,2.211
"[2.211, 2.212)",0.014057447370370377,2.212
"[2.212, 2.213)",0.02612589083333334,2.213
"[2.213, 2.214)",0.017753976794117655,2.214
"[2.214, 2.215)",0.020893950499999998,2.215
"[2.215, 2.216)",0.04935733661111112,2.216
"[2.216, 2.217)",0.0204899614,2.217
"[2.217, 2.218)",0.047374959200000004,2.218
"[2.218, 2.219)",0.022769928792307697,2.219
"[2.219, 2.22)",0.024784760242424247,2.22
"[2.22, 2.221)",0.016233958666666666,2.221
"[2.221, 2.222)",0.03004923262777777,2.222
"[2.222, 2.223)",0.03189730142857142,2.223
"[2.223, 2.224)",0.03380300428947369,2.224
"[2.224, 2.225)",0.028152445499999998,2.225
"[2.225, 2.226)",0.01940542272222222,2.226
"[2.226, 2.227)",0.017165966951219507,2.227
"[2.227, 2.228)",0.018891490111111107,2.228
"[2.228, 2.229)",0.03218411990909091,2.229
"[2.229, 2.23)",0.033194876937500006,2.23
"[2.23, 2.231)",0.02971941616562499,2.231
"[2.231, 2.232)",0.021972053023076924,2.232
"[2.232, 2.233)",0.047540216304347835,2.233
"[2.233, 2.234)",0.014570828666666674,2.234
"[2.234, 2.235)",0.022775610620689647,2.235
"[2.235, 2.236)",0.05121313456666668,2.236
"[2.236, 2.237)",0.013490328842105265,2.237
"[2.237, 2.238)",0.04283998967741937,2.238
"[2.238, 2.239)",0.032076362842105265,2.239
"[2.239, 2.24)",0.015364036520000002,2.24
"[2.24, 2.241)",0.018704427885714286,2.241
"[2.241, 2.242)",0.05885433903333334,2.242
"[2.242, 2.243)",0.014237475484848487,2.243
"[2.243, 2.244)",0.011291644834390248,2.244
"[2.244, 2.245)",0.03755266164285714,2.245
"[2.245, 2.246)",0.06892276926315791,2.246
"[2.246, 2.247)",0.03815074457692308,2.247
"[2.247, 2.248)",0.02152769263636364,2.248
"[2.248, 2.249)",0.016621429677419357,2.249
"[2.249, 2.25)",0.015261364629629633,2.25
"[2.25, 2.251)",0.05484963900000004,2.251
"[2.251, 2.2520000000000002)",0.01948362048484848,2.252
"[2.2520000000000002, 2.253)",0.016456767864285717,2.253
"[2.253, 2.254)",0.035996631458823536,2.254
"[2.254, 2.255)",0.017269369296296296,2.255
"[2.255, 2.2560000000000002)",0.030938300578947375,2.256
"[2.2560000000000002, 2.257)",0.018918469703703703,2.257
"[2.257, 2.258)",0.02829361645806451,2.258
"[2.258, 2.259)",0.023346228740740743,2.259
"[2.259, 2.2600000000000002)",0.047094264036000005,2.26
"[2.2600000000000002, 2.261)",0.06124479316666668,2.261
"[2.261, 2.262)",0.037369890833333336,2.262
"[2.262, 2.263)",0.022823343233333335,2.263
"[2.263, 2.2640000000000002)",0.016467237000000006,2.264
"[2.2640000000000002, 2.265)",0.03851393925806452,2.265
"[2.265, 2.266)",0.027780864645714286,2.266
"[2.266, 2.267)",0.015986023892857144,2.267
"[2.267, 2.2680000000000002)",0.03637689818518518,2.268
"[2.2680000000000002, 2.269)",0.07118839487600001,2.269
"[2.269, 2.27)",0.01847257813636364,2.27
"[2.27, 2.271)",0.0225426441,2.271
"[2.271, 2.2720000000000002)",0.020116325384615382,2.272
"[2.2720000000000002, 2.273)",0.030665908458333335,2.273
"[2.273, 2.274)",0.04055496671935485,2.274
"[2.274, 2.275)",0.017602513535714286,2.275
"[2.275, 2.2760000000000002)",0.02548932538888889,2.276
"[2.2760000000000002, 2.277)",0.059489782468749995,2.277
"[2.277, 2.278)",0.01773458255172414,2.278
"[2.278, 2.279)",0.028417093866799997,2.279
"[2.279, 2.2800000000000002)",0.02443038683333333,2.28
"[2.2800000000000002, 2.281)",0.024512496083333335,2.281
"[2.281, 2.282)",0.019729517391304345,2.282
"[2.282, 2.283)",0.028275096946428574,2.283
"[2.283, 2.2840000000000003)",0.01521013615909091,2.284
"[2.2840000000000003, 2.285)",0.024559130499999998,2.285
"[2.285, 2.286)",0.022356772,2.286
"[2.286, 2.287)",0.02824004360869566,2.287
"[2.287, 2.2880000000000003)",0.019992604961363635,2.288
"[2.2880000000000003, 2.289)",0.048553130695652175,2.289
"[2.289, 2.29)",0.023896065832142856,2.29
"[2.29, 2.291)",0.03683312845454545,2.291
"[2.291, 2.2920000000000003)",0.05127560727586209,2.292
"[2.2920000000000003, 2.293)",0.011256690962962966,2.293
"[2.293, 2.294)",0.044668113551428586,2.294
"[2.294, 2.295)",0.06787749787200001,2.295
"[2.295, 2.2960000000000003)",0.019343126375,2.296
"[2.2960000000000003, 2.297)",0.021411405308823534,2.297
"[2.297, 2.298)",0.014253163608695656,2.298
"[2.298, 2.299)",0.01269710968,2.299
"[2.299, 2.3000000000000003)",0.010192569231818181,2.3
"[2.3000000000000003, 2.301)",0.011639948256756757,2.301
"[2.301, 2.302)",0.03472280299999999,2.302
"[2.302, 2.303)",0.024143752749999994,2.303
"[2.303, 2.3040000000000003)",0.023556131285714283,2.304
"[2.3040000000000003, 2.305)",0.024480755243333336,2.305
"[2.305, 2.306)",0.018867151029032254,2.306
"[2.306, 2.307)",0.02841933422083333,2.307
"[2.307, 2.308)",0.022043497781250004,2.308
"[2.308, 2.309)",0.021614249600000007,2.309
"[2.309, 2.31)",0.024767693714285714,2.31
"[2.31, 2.311)",0.03546535486956521,2.311
"[2.311, 2.312)",0.04177836981081083,2.312
"[2.312, 2.313)",0.05208669515000001,2.313
"[2.313, 2.314)",0.03472896624242423,2.314
"[2.314, 2.315)",0.037276516000000016,2.315
"[2.315, 2.316)",0.04587410283333334,2.316
"[2.316, 2.317)",0.021467205385714283,2.317
"[2.317, 2.318)",0.019907730846153847,2.318
"[2.318, 2.319)",0.030846527199999998,2.319
"[2.319, 2.32)",0.022899415266666667,2.32
"[2.32, 2.321)",0.063269365471875,2.321
"[2.321, 2.322)",0.027232759576666665,2.322
"[2.322, 2.323)",0.03127484275999999,2.323
"[2.323, 2.324)",0.058794603031249996,2.324
"[2.324, 2.325)",0.05255075896249999,2.325
"[2.325, 2.326)",0.013214778074074071,2.326
"[2.326, 2.327)",0.01723036396551724,2.327
"[2.327, 2.328)",0.020292070035714288,2.328
"[2.328, 2.329)",0.025404334746551724,2.329
"[2.329, 2.33)",0.02770345111111111,2.33
"[2.33, 2.331)",0.04561064246428572,2.331
"[2.331, 2.332)",0.00960055432142857,2.332
"[2.332, 2.333)",0.05331493704166665,2.333
"[2.333, 2.334)",0.01800010235925926,2.334
"[2.334, 2.335)",0.014952535343478266,2.335
"[2.335, 2.336)",0.01913938089473684,2.336
"[2.336, 2.337)",0.017521520634482757,2.337
"[2.337, 2.338)",0.011498622625000001,2.338
"[2.338, 2.339)",0.01445849326666667,2.339
"[2.339, 2.34)",0.061010218070588235,2.34
"[2.34, 2.341)",0.03121564403703703,2.341
"[2.341, 2.342)",0.031407684929629635,2.342
"[2.342, 2.343)",0.011572101250000001,2.343
"[2.343, 2.344)",0.01799953441176471,2.344
"[2.344, 2.345)",0.07288117121875,2.345
"[2.345, 2.346)",0.039315308473684196,2.346
"[2.346, 2.347)",0.018270026605263157,2.347
"[2.347, 2.348)",0.0461748847862069,2.348
"[2.348, 2.349)",0.018004864179166667,2.349
"[2.349, 2.35)",0.022029436432432426,2.35
"[2.35, 2.351)",0.011350560428,2.351
"[2.351, 2.352)",0.02685249017297297,2.352
"[2.352, 2.353)",0.014624931611111114,2.353
"[2.353, 2.354)",0.019406175666666664,2.354
"[2.354, 2.355)",0.02872831095909091,2.355
"[2.355, 2.356)",0.01734422725,2.356
"[2.356, 2.357)",0.05918252227666669,2.357
"[2.357, 2.358)",0.04842657411428571,2.358
"[2.358, 2.359)",0.029327549676470582,2.359
"[2.359, 2.36)",0.02232812069047619,2.36
"[2.36, 2.361)",0.030764502999999995,2.361
"[2.361, 2.362)",0.02450250465714286,2.362
"[2.362, 2.363)",0.02260454441935484,2.363
"[2.363, 2.364)",0.009781040217391302,2.364
"[2.364, 2.365)",0.04979692702941176,2.365
"[2.365, 2.366)",0.018411315000000004,2.366
"[2.366, 2.367)",0.008667660272727272,2.367
"[2.367, 2.368)",0.015207132060606058,2.368
"[2.368, 2.369)",0.03056735886842105,2.369
"[2.369, 2.37)",0.028484917719999996,2.37
"[2.37, 2.371)",0.012041667365217388,2.371
"[2.371, 2.372)",0.036055490545454545,2.372
"[2.372, 2.373)",0.030352140930434778,2.373
"[2.373, 2.374)",0.01490128294857143,2.374
"[2.374, 2.375)",0.03624209463333333,2.375
"[2.375, 2.376)",0.01861563651515151,2.376
"[2.376, 2.3770000000000002)",0.032047982642857145,2.377
"[2.3770000000000002, 2.378)",0.03269806427272728,2.378
"[2.378, 2.379)",0.029425209156249996,2.379
"[2.379, 2.38)",0.0064800349500000005,2.38
"[2.38, 2.3810000000000002)",0.03182112944,2.381
"[2.3810000000000002, 2.382)",0.017121896794687504,2.382
"[2.382, 2.383)",0.04076698988888889,2.383
"[2.383, 2.384)",0.014586558200000002,2.384
"[2.384, 2.3850000000000002)",0.02308619820833334,2.385
"[2.3850000000000002, 2.386)",0.03955949211999999,2.386
"[2.386, 2.387)",0.025424038757575762,2.387
"[2.387, 2.388)",0.01832245470833334,2.388
"[2.388, 2.3890000000000002)",0.012140601120000004,2.389
"[2.3890000000000002, 2.39)",0.03815698451851852,2.39
"[2.39, 2.391)",0.01456858661538462,2.391
"[2.391, 2.392)",0.023382198727272728,2.392
"[2.392, 2.3930000000000002)",0.032750722291666666,2.393
"[2.3930000000000002, 2.394)",0.010374419917647057,2.394
"[2.394, 2.395)",0.014831074551724137,2.395
"[2.395, 2.396)",0.0224411163125,2.396
"[2.396, 2.3970000000000002)",0.0231506750909091,2.397
"[2.3970000000000002, 2.398)",0.03100918318518518,2.398
"[2.398, 2.399)",0.028549498182222226,2.399
"[2.399, 2.4)",0.014909507357142856,2.4
"[2.4, 2.4010000000000002)",0.034107736625217384,2.401
"[2.4010000000000002, 2.402)",0.013261932761904764,2.402
"[2.402, 2.403)",0.018438466299999998,2.403
"[2.403, 2.404)",0.020956097733333335,2.404
"[2.404, 2.4050000000000002)",0.023434634842105263,2.405
"[2.4050000000000002, 2.406)",0.0236183928155,2.406
"[2.406, 2.407)",0.028880015239999998,2.407
"[2.407, 2.408)",0.012440345799999997,2.408
"[2.408, 2.4090000000000003)",0.011993470200000002,2.409
"[2.4090000000000003, 2.41)",0.021242975869565216,2.41
"[2.41, 2.411)",0.013388136685000001,2.411
"[2.411, 2.412)",0.038368785350000004,2.412
"[2.412, 2.4130000000000003)",0.0802036515263158,2.413
"[2.4130000000000003, 2.414)",0.02511265723809523,2.414
"[2.414, 2.415)",0.025827587619047614,2.415
"[2.415, 2.416)",0.09241043895454547,2.416
"[2.416, 2.4170000000000003)",0.015786088062500002,2.417
"[2.4170000000000003, 2.418)",0.01875866482608696,2.418
"[2.418, 2.419)",0.015187952874999999,2.419
"[2.419, 2.42)",0.037248283111111107,2.42
"[2.42, 2.4210000000000003)",0.017068792390909093,2.421
"[2.4210000000000003, 2.422)",0.036138404409090906,2.422
"[2.422, 2.423)",0.024232084416666664,2.423
"[2.423, 2.424)",0.045603554710526316,2.424
"[2.424, 2.4250000000000003)",0.04877441376400001,2.425
"[2.4250000000000003, 2.426)",0.09670808763529412,2.426
"[2.426, 2.427)",0.016537485666666667,2.427
"[2.427, 2.428)",0.00970316452,2.428
"[2.428, 2.4290000000000003)",0.026355623761538462,2.429
"[2.4290000000000003, 2.43)",0.038115086631578955,2.43
"[2.43, 2.431)",0.011238279777777778,2.431
"[2.431, 2.432)",0.006851801354545454,2.432
"[2.432, 2.433)",0.02201536368181818,2.433
"[2.433, 2.434)",0.0171377736875,2.434
"[2.434, 2.435)",0.026157748384615383,2.435
"[2.435, 2.436)",0.007702436636363636,2.436
"[2.436, 2.437)",0.0113225614,2.437
"[2.437, 2.438)",0.012063757166666668,2.438
"[2.438, 2.439)",0.014258410136363637,2.439
"[2.439, 2.44)",0.017063404473684207,2.44
"[2.44, 2.441)",0.03526131645454545,2.441
"[2.441, 2.442)",0.022968825090909088,2.442
"[2.442, 2.443)",0.027169371454545458,2.443
"[2.443, 2.444)",0.05743033260000001,2.444
"[2.444, 2.445)",0.026265073367741937,2.445
"[2.445, 2.446)",0.019032352529411763,2.446
"[2.446, 2.447)",0.07617453159259258,2.447
"[2.447, 2.448)",0.029589122744999995,2.448
"[2.448, 2.449)",0.01748408331818182,2.449
"[2.449, 2.45)",0.03309952667777778,2.45
"[2.45, 2.451)",0.020902285166666663,2.451
"[2.451, 2.452)",0.026658795380952376,2.452
"[2.452, 2.453)",0.012387096611111108,2.453
"[2.453, 2.454)",0.010464313619047618,2.454
"[2.454, 2.455)",0.056850762105263165,2.455
"[2.455, 2.456)",0.032895411478260875,2.456
"[2.456, 2.457)",0.009989510374999998,2.457
"[2.457, 2.458)",0.021413130636363634,2.458
"[2.458, 2.459)",0.020553917272727273,2.459
"[2.459, 2.46)",0.03387773832,2.46
"[2.46, 2.461)",0.090930117444,2.461
"[2.461, 2.462)",0.02936380823809523,2.462
"[2.462, 2.463)",0.01777663428571429,2.463
"[2.463, 2.464)",0.02472603733333333,2.464
"[2.464, 2.465)",0.011220226272727273,2.465
"[2.465, 2.466)",0.058017091529411764,2.466
"[2.466, 2.467)",0.05428514874999999,2.467
"[2.467, 2.468)",0.03055719672222222,2.468
"[2.468, 2.469)",0.022178944744999998,2.469
"[2.469, 2.47)",0.03819320528695652,2.47
"[2.47, 2.471)",0.0325677119047619,2.471
"[2.471, 2.472)",0.06239045795238095,2.472
"[2.472, 2.473)",0.0659600451904762,2.473
"[2.473, 2.474)",0.04096946333749999,2.474
"[2.474, 2.475)",0.028019232000000005,2.475
"[2.475, 2.476)",0.02329614414285714,2.476
"[2.476, 2.477)",0.02315897652857143,2.477
"[2.477, 2.478)",0.018247605727272728,2.478
"[2.478, 2.479)",0.016889019285714284,2.479
"[2.479, 2.48)",0.13288540342222224,2.48
"[2.48, 2.481)",0.012706786333333334,2.481
"[2.481, 2.482)",0.018514348615384615,2.482
"[2.482, 2.483)",0.025114920500000002,2.483
"[2.483, 2.484)",0.010954828278947368,2.484
"[2.484, 2.485)",0.03530131783333334,2.485
"[2.485, 2.486)",0.010540931733333335,2.486
"[2.486, 2.487)",0.019546128390000004,2.487
"[2.487, 2.488)",0.010543021913043477,2.488
"[2.488, 2.489)",0.015262215176470594,2.489
"[2.489, 2.49)",0.03572278041379312,2.49
"[2.49, 2.491)",0.04077079577142857,2.491
"[2.491, 2.492)",0.049557371866666665,2.492
"[2.492, 2.493)",0.05223794742222222,2.493
"[2.493, 2.494)",0.028715437000000007,2.494
"[2.494, 2.495)",0.0331025566,2.495
"[2.495, 2.496)",0.031439682047619044,2.496
"[2.496, 2.497)",0.019367246653846155,2.497
"[2.497, 2.498)",0.018703763111111108,2.498
"[2.498, 2.499)",0.02023378878095238,2.499
"[2.499, 2.5)",0.023267351,2.5
"[2.5, 2.501)",0.05945638447826087,2.501
"[2.501, 2.5020000000000002)",0.0119200305625,2.502
"[2.5020000000000002, 2.503)",0.05768869621428573,2.503
"[2.503, 2.504)",0.021143849092857138,2.504
"[2.504, 2.505)",0.0717039030909091,2.505
"[2.505, 2.5060000000000002)",0.02779870623529412,2.506
"[2.5060000000000002, 2.507)",0.019352257375,2.507
"[2.507, 2.508)",0.029540678454545454,2.508
"[2.508, 2.509)",0.028627330526315786,2.509
"[2.509, 2.5100000000000002)",0.017055897058823526,2.51
"[2.5100000000000002, 2.511)",0.04364089354545454,2.511
"[2.511, 2.512)",0.020511492,2.512
"[2.512, 2.513)",0.018491774944444445,2.513
"[2.513, 2.5140000000000002)",0.0210965226875,2.514
"[2.5140000000000002, 2.515)",0.030668100000000007,2.515
"[2.515, 2.516)",0.03970361176470588,2.516
"[2.516, 2.517)",0.02810408656666667,2.517
"[2.517, 2.5180000000000002)",0.027990462499999997,2.518
"[2.5180000000000002, 2.519)",0.083960531325,2.519
"[2.519, 2.52)",0.029891488453333337,2.52
"[2.52, 2.521)",0.011823105466666668,2.521
"[2.521, 2.5220000000000002)",0.03494001625,2.522
"[2.5220000000000002, 2.523)",0.016190981826315787,2.523
"[2.523, 2.524)",0.02127139775,2.524
"[2.524, 2.525)",0.04234925815384615,2.525
"[2.525, 2.5260000000000002)",0.03085768105882353,2.526
"[2.5260000000000002, 2.527)",0.03931419895,2.527
"[2.527, 2.528)",0.022428348635999996,2.528
"[2.528, 2.529)",0.019885232500000002,2.529
"[2.529, 2.5300000000000002)",0.02494621653,2.53
"[2.5300000000000002, 2.531)",0.02514836942105264,2.531
"[2.531, 2.532)",0.03827044623076924,2.532
"[2.532, 2.533)",0.025165404304347824,2.533
"[2.533, 2.5340000000000003)",0.024060636062500005,2.534
"[2.5340000000000003, 2.535)",0.012329868331249999,2.535
"[2.535, 2.536)",0.02713471929999999,2.536
"[2.536, 2.537)",0.02627955538888889,2.537
"[2.537, 2.5380000000000003)",0.028186941937499994,2.538
"[2.5380000000000003, 2.539)",0.054557141999999996,2.539
"[2.539, 2.54)",0.0371086456875,2.54
"[2.54, 2.541)",0.021831654111111112,2.541
"[2.541, 2.5420000000000003)",0.0138547323,2.542
"[2.5420000000000003, 2.543)",0.0058285666083333345,2.543
"[2.543, 2.544)",0.007600432266666668,2.544
"[2.544, 2.545)",0.04422273965,2.545
"[2.545, 2.5460000000000003)",0.021480863545454542,2.546
"[2.5460000000000003, 2.547)",0.0264633839375,2.547
"[2.547, 2.548)",0.13055866045454548,2.548
"[2.548, 2.549)",0.062178319090909095,2.549
"[2.549, 2.5500000000000003)",0.009329510499999999,2.55
"[2.5500000000000003, 2.551)",0.016352283394444445,2.551
"[2.551, 2.552)",0.021996245692307695,2.552
"[2.552, 2.553)",0.028678965187500006,2.553
"[2.553, 2.5540000000000003)",0.06028820486666667,2.554
"[2.5540000000000003, 2.555)",0.03243216727272727,2.555
"[2.555, 2.556)",0.025641156260869567,2.556
"[2.556, 2.557)",0.010633264235294116,2.557
"[2.557, 2.5580000000000003)",0.020779164538461535,2.558
"[2.5580000000000003, 2.559)",0.03587740892307692,2.559
"[2.559, 2.56)",0.005477101583333334,2.56
"[2.56, 2.561)",0.010450720762941176,2.561
"[2.561, 2.562)",0.011733470428571428,2.562
"[2.562, 2.563)",0.02256291670833333,2.563
"[2.563, 2.564)",0.02606447611111111,2.564
"[2.564, 2.565)",0.025812836041666665,2.565
"[2.565, 2.566)",0.027137940000000003,2.566
"[2.566, 2.567)",0.02892752384615385,2.567
"[2.567, 2.568)",0.024302233636363635,2.568
"[2.568, 2.569)",0.01745133176923077,2.569
"[2.569, 2.57)",0.01992685124761905,2.57
"[2.57, 2.571)",0.09499404052941178,2.571
"[2.571, 2.572)",0.02958496610526316,2.572
"[2.572, 2.573)",0.08474062466428571,2.573
"[2.573, 2.574)",0.050549788714285726,2.574
"[2.574, 2.575)",0.01397581952631579,2.575
"[2.575, 2.576)",0.03566706552173913,2.576
"[2.576, 2.577)",0.024836316846153846,2.577
"[2.577, 2.578)",0.019106150754285716,2.578
"[2.578, 2.579)",0.02056398433333333,2.579
"[2.579, 2.58)",0.01287308558333333,2.58
"[2.58, 2.581)",0.01288502357142857,2.581
"[2.581, 2.582)",0.03589474258333334,2.582
"[2.582, 2.583)",0.01580223201333333,2.583
"[2.583, 2.584)",0.023320800625000006,2.584
"[2.584, 2.585)",0.012167770964285713,2.585
"[2.585, 2.586)",0.06140832063157895,2.586
"[2.586, 2.587)",0.022722952700000007,2.587
"[2.587, 2.588)",0.10756064209090908,2.588
"[2.588, 2.589)",0.022038636357142864,2.589
"[2.589, 2.59)",0.04842296985714286,2.59
"[2.59, 2.591)",0.0432907488,2.591
"[2.591, 2.592)",0.028914948444444446,2.592
"[2.592, 2.593)",0.02723673125,2.593
"[2.593, 2.594)",0.03879563615384615,2.594
"[2.594, 2.595)",0.03145126942105263,2.595
"[2.595, 2.596)",0.01743865152941176,2.596
"[2.596, 2.597)",0.056440911692307694,2.597
"[2.597, 2.598)",0.02341642966875,2.598
"[2.598, 2.599)",0.04242117490909091,2.599
"[2.599, 2.6)",0.05396346569285714,2.6
"[2.6, 2.601)",0.024795035250000003,2.601
"[2.601, 2.602)",0.028377164999999996,2.602
"[2.602, 2.603)",0.06317847812499999,2.603
"[2.603, 2.604)",0.02176768023076923,2.604
"[2.604, 2.605)",0.017764341823529414,2.605
"[2.605, 2.606)",0.044090017071428574,2.606
"[2.606, 2.607)",0.016387872999999997,2.607
"[2.607, 2.608)",0.045193598883333325,2.608
"[2.608, 2.609)",0.032935408299999996,2.609
"[2.609, 2.61)",0.012232116764705883,2.61
"[2.61, 2.611)",0.01798540788888889,2.611
"[2.611, 2.612)",0.011346197818181818,2.612
"[2.612, 2.613)",0.011324029888888887,2.613
"[2.613, 2.614)",0.03858069144444444,2.614
"[2.614, 2.615)",0.01791525042857143,2.615
"[2.615, 2.616)",0.033957825,2.616
"[2.616, 2.617)",0.026128434846153847,2.617
"[2.617, 2.618)",0.006618995000000001,2.618
"[2.618, 2.619)",0.017095789555555557,2.619
"[2.619, 2.62)",0.013375895125000002,2.62
"[2.62, 2.621)",0.0701046952857143,2.621
"[2.621, 2.622)",0.0326643163,2.622
"[2.622, 2.623)",0.017677253272727268,2.623
"[2.623, 2.624)",0.05277798892307691,2.624
"[2.624, 2.625)",0.12126706777777778,2.625
"[2.625, 2.626)",0.0186943495,2.626
"[2.626, 2.6270000000000002)",0.032469777400000004,2.627
"[2.6270000000000002, 2.628)",0.01975071,2.628
"[2.628, 2.629)",0.0347986436875,2.629
"[2.629, 2.63)",0.01862672766666667,2.63
"[2.63, 2.6310000000000002)",0.02049956478571429,2.631
"[2.6310000000000002, 2.632)",0.009446577235294115,2.632
"[2.632, 2.633)",0.01956600521,2.633
"[2.633, 2.634)",0.01695302845454546,2.634
"[2.634, 2.6350000000000002)",0.12578399666666665,2.635
"[2.6350000000000002, 2.636)",0.024946379,2.636
"[2.636, 2.637)",0.013453763,2.637
"[2.637, 2.638)",0.008612907153846154,2.638
"[2.638, 2.6390000000000002)",0.0107363846,2.639
"[2.6390000000000002, 2.64)",0.013054315888888888,2.64
"[2.64, 2.641)",0.023977462666666664,2.641
"[2.641, 2.642)",0.030237488583333336,2.642
"[2.642, 2.6430000000000002)",0.033637576888888895,2.643
"[2.6430000000000002, 2.644)",0.07404615366666666,2.644
"[2.644, 2.645)",0.051228146384615376,2.645
"[2.645, 2.646)",0.043272720333333334,2.646
"[2.646, 2.6470000000000002)",0.02093028692307692,2.647
"[2.6470000000000002, 2.648)",0.013114791588235294,2.648
"[2.648, 2.649)",0.03675790422222222,2.649
"[2.649, 2.65)",0.05754104630000001,2.65
"[2.65, 2.6510000000000002)",0.01133853314285714,2.651
"[2.6510000000000002, 2.652)",0.0151023773,2.652
"[2.652, 2.653)",0.01848232260769231,2.653
"[2.653, 2.654)",0.004637339636363636,2.654
"[2.654, 2.6550000000000002)",0.0528416621875,2.655
"[2.6550000000000002, 2.656)",0.013701596636363634,2.656
"[2.656, 2.657)",0.05197702983333333,2.657
"[2.657, 2.658)",0.02317038125,2.658
"[2.658, 2.6590000000000003)",0.006320022555555555,2.659
"[2.6590000000000003, 2.66)",0.01331998071111111,2.66
"[2.66, 2.661)",0.10463179866666666,2.661
"[2.661, 2.662)",0.0160294344,2.662
"[2.662, 2.6630000000000003)",0.035400962,2.663
"[2.6630000000000003, 2.664)",0.01675835475,2.664
"[2.664, 2.665)",0.06024914775,2.665
"[2.665, 2.666)",0.0281044834,2.666
"[2.666, 2.6670000000000003)",0.014447814164705882,2.667
"[2.6670000000000003, 2.668)",0.03784308118181818,2.668
"[2.668, 2.669)",0.012999217599999998,2.669
"[2.669, 2.67)",0.05711281907142857,2.67
"[2.67, 2.6710000000000003)",0.013235996,2.671
"[2.6710000000000003, 2.672)",0.012978946583333333,2.672
"[2.672, 2.673)",0.030578163666666672,2.673
"[2.673, 2.674)",0.024990683500000003,2.674
"[2.674, 2.6750000000000003)",0.045295989999999994,2.675
"[2.6750000000000003, 2.676)",0.03754600709523809,2.676
"[2.676, 2.677)",0.016811253785714284,2.677
"[2.677, 2.678)",0.020559333000000003,2.678
"[2.678, 2.6790000000000003)",0.03825490927777777,2.679
"[2.6790000000000003, 2.68)",0.02062676825,2.68
"[2.68, 2.681)",0.0669541301752381,2.681
"[2.681, 2.682)",0.020981642636842105,2.682
"[2.682, 2.6830000000000003)",0.062327742705882344,2.683
"[2.6830000000000003, 2.684)",0.032774720625,2.684
"[2.684, 2.685)",0.02532406603846154,2.685
"[2.685, 2.686)",0.01937962541176471,2.686
"[2.686, 2.6870000000000003)",0.007266647571428572,2.687
"[2.6870000000000003, 2.688)",0.01924422073684211,2.688
"[2.688, 2.689)",0.03572548653333334,2.689
"[2.689, 2.69)",0.039747709222222226,2.69
"[2.69, 2.691)",0.013624294000000004,2.691
"[2.691, 2.692)",0.04426534530434783,2.692
"[2.692, 2.693)",0.03436358736842105,2.693
"[2.693, 2.694)",0.023425001210526313,2.694
"[2.694, 2.695)",0.019947404714285716,2.695
"[2.695, 2.696)",0.013250287933333332,2.696
"[2.696, 2.697)",0.012749909285714286,2.697
"[2.697, 2.698)",0.029477489,2.698
"[2.698, 2.699)",0.025802820624999997,2.699
"[2.699, 2.7)",0.032963674722222225,2.7
"[2.7, 2.701)",0.07282780361538461,2.701
"[2.701, 2.702)",0.027728848136363636,2.702
"[2.702, 2.703)",0.012486992333333332,2.703
"[2.703, 2.704)",0.0171861444,2.704
"[2.704, 2.705)",0.02363265094117647,2.705
"[2.705, 2.706)",0.022153588888888888,2.706
"[2.706, 2.707)",0.021323088181818176,2.707
"[2.707, 2.708)",0.014343990625,2.708
"[2.708, 2.709)",0.019872865829411765,2.709
"[2.709, 2.71)",0.03102317848148148,2.71
"[2.71, 2.711)",0.014888135846153845,2.711
"[2.711, 2.712)",0.08546244846153847,2.712
"[2.712, 2.713)",0.023270288238095235,2.713
"[2.713, 2.714)",0.02977639187368421,2.714
"[2.714, 2.715)",0.00860303123076923,2.715
"[2.715, 2.716)",0.019795286800000002,2.716
"[2.716, 2.717)",0.025529514562499998,2.717
"[2.717, 2.718)",0.0925895542,2.718
"[2.718, 2.719)",0.04821701463636363,2.719
"[2.719, 2.72)",0.0169166125,2.72
"[2.72, 2.721)",0.01020573,2.721
"[2.721, 2.722)",0.031503667624999995,2.722
"[2.722, 2.723)",0.03587717631578948,2.723
"[2.723, 2.724)",0.015486596909090907,2.724
"[2.724, 2.725)",0.03637135899999999,2.725
"[2.725, 2.726)",0.01401472883333333,2.726
"[2.726, 2.727)",0.0403255739375,2.727
"[2.727, 2.728)",0.005634880333333333,2.728
"[2.728, 2.729)",0.013935955299999997,2.729
"[2.729, 2.73)",0.028413346133333336,2.73
"[2.73, 2.731)",0.019907043583333336,2.731
"[2.731, 2.732)",0.010146053333333334,2.732
"[2.732, 2.733)",0.0829820875,2.733
"[2.733, 2.734)",0.07379189600000001,2.734
"[2.734, 2.735)",0.014897449600000001,2.735
"[2.735, 2.736)",0.012657086428571428,2.736
"[2.736, 2.737)",0.018745590399999998,2.737
"[2.737, 2.738)",0.02927471707142857,2.738
"[2.738, 2.739)",0.02755892783333333,2.739
"[2.739, 2.74)",0.04840207128571429,2.74
"[2.74, 2.741)",0.013010236400000002,2.741
"[2.741, 2.742)",0.020662352555555555,2.742
"[2.742, 2.743)",0.0210948136,2.743
"[2.743, 2.744)",0.013149448624999999,2.744
"[2.744, 2.745)",0.023643014,2.745
"[2.745, 2.746)",0.017013107875,2.746
"[2.746, 2.747)",0.0108858376,2.747
"[2.747, 2.748)",0.012070856916666664,2.748
"[2.748, 2.749)",0.011915343249999998,2.749
"[2.749, 2.75)",0.03703408333333333,2.75
"[2.75, 2.751)",0.0050763250000000005,2.751
"[2.751, 2.7520000000000002)",0.018480347384615382,2.752
"[2.7520000000000002, 2.753)",0.03735368144444444,2.753
"[2.753, 2.754)",0.012948188833333332,2.754
"[2.754, 2.755)",0.01325296,2.755
"[2.755, 2.7560000000000002)",0.04630845666666667,2.756
"[2.7560000000000002, 2.757)",0.0663670545,2.757
"[2.757, 2.758)",0.023457872299999995,2.758
"[2.758, 2.759)",0.07497241823333332,2.759
"[2.759, 2.7600000000000002)",0.06495195123,2.76
"[2.7600000000000002, 2.761)",0.0138617624375,2.761
"[2.761, 2.762)",0.019608900514615387,2.762
"[2.762, 2.763)",0.03525007453846154,2.763
"[2.763, 2.7640000000000002)",0.04144512028571429,2.764
"[2.7640000000000002, 2.765)",0.031734385727272725,2.765
"[2.765, 2.766)",0.018083489692307695,2.766
"[2.766, 2.767)",0.014936817,2.767
"[2.767, 2.7680000000000002)",0.020390215888888886,2.768
"[2.7680000000000002, 2.769)",0.053068131625,2.769
"[2.769, 2.77)",0.02459263216666667,2.77
"[2.77, 2.771)",0.02500130572727273,2.771
"[2.771, 2.7720000000000002)",0.06683747093333334,2.772
"[2.7720000000000002, 2.773)",0.0197471365,2.773
"[2.773, 2.774)",0.02458713430769231,2.774
"[2.774, 2.775)",0.0117359675,2.775
"[2.775, 2.7760000000000002)",0.007951906076923075,2.776
"[2.7760000000000002, 2.777)",0.07304100623529411,2.777
"[2.777, 2.778)",0.02614728075,2.778
"[2.778, 2.779)",0.0104989439,2.779
"[2.779, 2.7800000000000002)",0.04224853235714286,2.78
"[2.7800000000000002, 2.781)",0.004342694542857143,2.781
"[2.781, 2.782)",0.04552094,2.782
"[2.782, 2.783)",0.0178897256,2.783
"[2.783, 2.7840000000000003)",0.015386418000000004,2.784
"[2.7840000000000003, 2.785)",0.013628642636363637,2.785
"[2.785, 2.786)",0.018665449245454543,2.786
"[2.786, 2.787)",0.07476078294444445,2.787
"[2.787, 2.7880000000000003)",0.0228914040625,2.788
"[2.7880000000000003, 2.789)",0.013438228727272728,2.789
"[2.789, 2.79)",0.02358590975,2.79
"[2.79, 2.791)",0.01834010382352941,2.791
"[2.791, 2.7920000000000003)",0.042852941000000006,2.792
"[2.7920000000000003, 2.793)",0.027373865915000007,2.793
"[2.793, 2.794)",0.013031308236363635,2.794
"[2.794, 2.795)",0.01622858611764706,2.795
"[2.795, 2.7960000000000003)",0.05087322523076923,2.796
"[2.7960000000000003, 2.797)",0.09821391566666665,2.797
"[2.797, 2.798)",0.03300676300000001,2.798
"[2.798, 2.799)",0.004650654392307692,2.799
"[2.799, 2.8000000000000003)",0.025652153461538468,2.8
"[2.8000000000000003, 2.801)",0.012871119153846153,2.801
"[2.801, 2.802)",0.02886095638461538,2.802
"[2.802, 2.803)",0.01893009715789474,2.803
"[2.803, 2.8040000000000003)",0.021539252999999998,2.804
"[2.8040000000000003, 2.805)",0.03778531809230769,2.805
"[2.805, 2.806)",0.026908562333333334,2.806
"[2.806, 2.807)",0.034951417949999994,2.807
"[2.807, 2.8080000000000003)",0.01735211481818182,2.808
"[2.8080000000000003, 2.809)",0.019091851727272725,2.809
"[2.809, 2.81)",0.11861103390000001,2.81
"[2.81, 2.811)",0.02435494525000001,2.811
"[2.811, 2.8120000000000003)",0.02822489375,2.812
"[2.8120000000000003, 2.813)",0.010824897333333333,2.813
"[2.813, 2.814)",0.012737643666666666,2.814
"[2.814, 2.815)",0.019352105833333338,2.815
"[2.815, 2.816)",0.020895813285714288,2.816
"[2.816, 2.817)",0.02772893833333333,2.817
"[2.817, 2.818)",0.02591312875,2.818
"[2.818, 2.819)",0.026923078571428567,2.819
"[2.819, 2.82)",0.02061846646153846,2.82
"[2.82, 2.821)",0.01618064,2.821
"[2.821, 2.822)",0.013254091583333336,2.822
"[2.822, 2.823)",0.01520562963125,2.823
"[2.823, 2.824)",0.03688410857142856,2.824
"[2.824, 2.825)",0.023168958357142857,2.825
"[2.825, 2.826)",0.12464644777777778,2.826
"[2.826, 2.827)",0.046578129333333336,2.827
"[2.827, 2.828)",0.01982138125,2.828
"[2.828, 2.829)",0.02403532881818182,2.829
"[2.829, 2.83)",0.01107559009,2.83
"[2.83, 2.831)",0.019362117333333335,2.831
"[2.831, 2.832)",0.046547057384615384,2.832
"[2.832, 2.833)",0.023140856666666668,2.833
"[2.833, 2.834)",0.01468040351111111,2.834
"[2.834, 2.835)",0.060516608923076906,2.835
"[2.835, 2.836)",0.016720234857142857,2.836
"[2.836, 2.837)",0.06600579713333334,2.837
"[2.837, 2.838)",0.014582637733333332,2.838
"[2.838, 2.839)",0.019213389166666667,2.839
"[2.839, 2.84)",0.013375477454545454,2.84
"[2.84, 2.841)",0.043285883307692306,2.841
"[2.841, 2.842)",0.027308770583333333,2.842
"[2.842, 2.843)",0.012642682313124999,2.843
"[2.843, 2.844)",0.022886826300000003,2.844
"[2.844, 2.845)",0.029388609416666666,2.845
"[2.845, 2.846)",0.03892962893888888,2.846
"[2.846, 2.847)",0.048275289299999996,2.847
"[2.847, 2.848)",0.066252094,2.848
"[2.848, 2.849)",0.0333062563125,2.849
"[2.849, 2.85)",0.014224590666666667,2.85
"[2.85, 2.851)",0.010917581777777779,2.851
"[2.851, 2.852)",0.025911132666666663,2.852
"[2.852, 2.853)",0.1137915156,2.853
"[2.853, 2.854)",0.022577345727272723,2.854
"[2.854, 2.855)",0.015005291555555562,2.855
"[2.855, 2.856)",0.028022320230769233,2.856
"[2.856, 2.857)",0.011198787166666667,2.857
"[2.857, 2.858)",0.03375240658823529,2.858
"[2.858, 2.859)",0.005644279988888889,2.859
"[2.859, 2.86)",0.010062857692307692,2.86
"[2.86, 2.861)",0.019535621099999997,2.861
"[2.861, 2.862)",0.05900038941666666,2.862
"[2.862, 2.863)",0.024633493714285713,2.863
"[2.863, 2.864)",0.04246501881818182,2.864
"[2.864, 2.865)",0.024287012,2.865
"[2.865, 2.866)",0.01621198675,2.866
"[2.866, 2.867)",0.01755415928571429,2.867
"[2.867, 2.868)",0.0151520464375,2.868
"[2.868, 2.869)",0.005148138599999999,2.869
"[2.869, 2.87)",0.02469585418181819,2.87
"[2.87, 2.871)",0.04016733691666667,2.871
"[2.871, 2.872)",0.03462641600000001,2.872
"[2.872, 2.873)",0.02855723985714286,2.873
"[2.873, 2.874)",0.02468263525,2.874
"[2.874, 2.875)",0.017614965133333334,2.875
"[2.875, 2.876)",0.0120585355,2.876
"[2.876, 2.8770000000000002)",0.0038335089999999997,2.877
"[2.8770000000000002, 2.878)",0.07493718,2.878
"[2.878, 2.879)",0.016426417777777775,2.879
"[2.879, 2.88)",0.021270732599999998,2.88
"[2.88, 2.8810000000000002)",0.026830388699999996,2.881
"[2.8810000000000002, 2.882)",0.03337839669999999,2.882
"[2.882, 2.883)",0.009647215454545456,2.883
"[2.883, 2.884)",0.029375266340000004,2.884
"[2.884, 2.8850000000000002)",0.017220172357142856,2.885
"[2.8850000000000002, 2.886)",0.010695210999999998,2.886
"[2.886, 2.887)",0.038141619090909094,2.887
"[2.887, 2.888)",0.032082397000000006,2.888
"[2.888, 2.8890000000000002)",0.023546455,2.889
"[2.8890000000000002, 2.89)",0.023645075499999998,2.89
"[2.89, 2.891)",0.03273621666666667,2.891
"[2.891, 2.892)",0.09080294285714285,2.892
"[2.892, 2.8930000000000002)",0.03838872,2.893
"[2.8930000000000002, 2.894)",0.02940545811111111,2.894
"[2.894, 2.895)",0.019696329666666665,2.895
"[2.895, 2.896)",0.026825501857142855,2.896
"[2.896, 2.8970000000000002)",0.0410991355,2.897
"[2.8970000000000002, 2.898)",0.04211188333333333,2.898
"[2.898, 2.899)",0.031571862857142856,2.899
"[2.899, 2.9)",0.034350048555555554,2.9
"[2.9, 2.9010000000000002)",0.1469642007888889,2.901
"[2.9010000000000002, 2.902)",0.031971994637499994,2.902
"[2.902, 2.903)",0.010530349,2.903
"[2.903, 2.904)",0.014472414714285715,2.904
"[2.904, 2.9050000000000002)",0.0069111214285714285,2.905
"[2.9050000000000002, 2.906)",0.026510032857142853,2.906
"[2.906, 2.907)",0.02083996811111111,2.907
"[2.907, 2.908)",0.013600117153846153,2.908
"[2.908, 2.9090000000000003)",0.07450092659999999,2.909
"[2.9090000000000003, 2.91)",0.008135601499999999,2.91
"[2.91, 2.911)",0.028723661818181822,2.911
"[2.911, 2.912)",0.055678971287777795,2.912
"[2.912, 2.9130000000000003)",0.00768762,2.913
"[2.9130000000000003, 2.914)",0.019330785374999996,2.914
"[2.914, 2.915)",0.06728587969230768,2.915
"[2.915, 2.916)",0.006629651500000001,2.916
"[2.916, 2.9170000000000003)",0.010147243714285716,2.917
"[2.9170000000000003, 2.918)",0.013646208,2.918
"[2.918, 2.919)",0.013699764100000001,2.919
"[2.919, 2.92)",0.099501176375,2.92
"[2.92, 2.9210000000000003)",0.04799462,2.921
"[2.9210000000000003, 2.922)",0.014149442166666667,2.922
"[2.922, 2.923)",0.021922735285714284,2.923
"[2.923, 2.924)",0.0034602743333333338,2.924
"[2.924, 2.9250000000000003)",0.021145516,2.925
"[2.9250000000000003, 2.926)",0.010491679875000002,2.926
"[2.926, 2.927)",0.035834717142857145,2.927
"[2.927, 2.928)",0.02094095888888889,2.928
"[2.928, 2.9290000000000003)",0.01828960716666667,2.929
"[2.9290000000000003, 2.93)",0.02142365075,2.93
"[2.93, 2.931)",0.010253725749999998,2.931
"[2.931, 2.932)",0.0046290661999999995,2.932
"[2.932, 2.9330000000000003)",0.012549124,2.933
"[2.9330000000000003, 2.934)",0.005082029428571428,2.934
"[2.934, 2.935)",0.02864406670000001,2.935
"[2.935, 2.936)",0.06531327999999999,2.936
"[2.936, 2.9370000000000003)",0.013168753666666666,2.937
"[2.9370000000000003, 2.938)",0.006852538600000001,2.938
"[2.938, 2.939)",0.22660680999999996,2.939
"[2.939, 2.94)",0.004967602636363636,2.94
"[2.94, 2.9410000000000003)",0.03899396430769231,2.941
"[2.9410000000000003, 2.942)",0.02950176375,2.942
"[2.942, 2.943)",0.0432321792,2.943
"[2.943, 2.944)",0.05858409857142858,2.944
"[2.944, 2.945)",0.012934681090909091,2.945
"[2.945, 2.946)",0.020277635000000002,2.946
"[2.946, 2.947)",0.029547827300000003,2.947
"[2.947, 2.948)",0.039833219700000005,2.948
"[2.948, 2.949)",0.009154822555555556,2.949
"[2.949, 2.95)",0.0077487243,2.95
"[2.95, 2.951)",0.171870411,2.951
"[2.951, 2.952)",0.007824661428571428,2.952
"[2.952, 2.953)",0.03216454428571428,2.953
"[2.953, 2.954)",0.0051087366,2.954
"[2.954, 2.955)",0.012541735636363637,2.955
"[2.955, 2.956)",0.061932857,2.956
"[2.956, 2.957)",0.020995095,2.957
"[2.957, 2.958)",0.022162785545454543,2.958
"[2.958, 2.959)",0.0081410085,2.959
"[2.959, 2.96)",0.011114094,2.96
"[2.96, 2.961)",0.056247990716923074,2.961
"[2.961, 2.962)",0.045279852499999995,2.962
"[2.962, 2.963)",0.007048566714285713,2.963
"[2.963, 2.964)",0.008613864666666667,2.964
"[2.964, 2.965)",0.0555114025,2.965
"[2.965, 2.966)",0.028615107777777777,2.966
"[2.966, 2.967)",0.018023107938461538,2.967
"[2.967, 2.968)",0.016479275888888884,2.968
"[2.968, 2.969)",0.0041428535999999995,2.969
"[2.969, 2.97)",0.027627617666666663,2.97
"[2.97, 2.971)",0.01426701825,2.971
"[2.971, 2.972)",0.053838176142857144,2.972
"[2.972, 2.973)",0.0076096524,2.973
"[2.973, 2.974)",0.023508606600000002,2.974
"[2.974, 2.975)",0.024267886,2.975
"[2.975, 2.976)",0.06394286118181819,2.976
"[2.976, 2.977)",0.04331259342857143,2.977
"[2.977, 2.978)",0.026693661666666667,2.978
"[2.978, 2.979)",0.007888207874999999,2.979
"[2.979, 2.98)",0.029270587750000004,2.98
"[2.98, 2.981)",0.051553035571428575,2.981
"[2.981, 2.982)",0.038458535014285714,2.982
"[2.982, 2.983)",0.052117694000000006,2.983
"[2.983, 2.984)",0.008831403909090908,2.984
"[2.984, 2.985)",0.009909313764285712,2.985
"[2.985, 2.986)",0.04368524857142857,2.986
"[2.986, 2.987)",0.0238899853,2.987
"[2.987, 2.988)",0.012495389199999998,2.988
"[2.988, 2.989)",0.05408157936363636,2.989
"[2.989, 2.99)",0.017884904,2.99
"[2.99, 2.991)",0.019839685375,2.991
"[2.991, 2.992)",0.004614264125,2.992
"[2.992, 2.993)",0.03319889777777778,2.993
"[2.993, 2.994)",0.030993499999999997,2.994
"[2.994, 2.995)",0.0008800690000000001,2.995
"[2.995, 2.996)",0.034260602599999995,2.996
"[2.996, 2.997)",0.00273399,2.997
"[2.997, 2.998)",0.07437413,2.998
"[2.998, 2.999)",0.030757518599999995,2.999
"[2.999, 3.0)",0.040798747571428574,3.0
"[3.0, 3.001)",0.021291072499999997,3.001
"[3.001, 3.0020000000000002)",0.020763398333333332,3.002
"[3.0020000000000002, 3.003)",0.00418187275,3.003
"[3.003, 3.004)",0.038861415,3.004
"[3.004, 3.005)",0.009585405,3.005
"[3.005, 3.0060000000000002)",0.02859401857142857,3.006
"[3.0060000000000002, 3.007)",0.034734785222222224,3.007
"[3.007, 3.008)",0.03666678325,3.008
"[3.008, 3.009)",0.0543449906,3.009
"[3.009, 3.0100000000000002)",0.015356382499999998,3.01
"[3.0100000000000002, 3.011)",0.05444400066666667,3.011
"[3.011, 3.012)",0.031785158333333334,3.012
"[3.012, 3.013)",0.013015396142857143,3.013
"[3.013, 3.0140000000000002)",0.029088769999999996,3.014
"[3.0140000000000002, 3.015)",0.03486266166666666,3.015
"[3.015, 3.016)",0.008100087485714285,3.016
"[3.016, 3.017)",0.0005225283433333334,3.017
"[3.017, 3.0180000000000002)",0.005764217285714286,3.018
"[3.0180000000000002, 3.019)",0.01840605,3.019
"[3.019, 3.02)",0.0167149,3.02
"[3.02, 3.021)",0.05975645571428572,3.021
"[3.021, 3.0220000000000002)",0.037323132555555555,3.022
"[3.0220000000000002, 3.023)",0.0033502557142857147,3.023
"[3.023, 3.024)",0.01425743142857143,3.024
"[3.024, 3.025)",0.03784129666666667,3.025
"[3.025, 3.0260000000000002)",0.02174326336363636,3.026
"[3.0260000000000002, 3.027)",0.027642712555555556,3.027
"[3.027, 3.028)",0.022706705888888894,3.028
"[3.028, 3.029)",0.020528017666666665,3.029
"[3.029, 3.0300000000000002)",0.043291397,3.03
"[3.0300000000000002, 3.031)",0.010204523833333331,3.031
"[3.031, 3.032)",0.015117553333333335,3.032
"[3.032, 3.033)",0.004646624,3.033
"[3.033, 3.0340000000000003)",0.02568396714285714,3.034
"[3.0340000000000003, 3.035)",0.040661178133333344,3.035
"[3.035, 3.036)",0.019166758625000006,3.036
"[3.036, 3.037)",0.017008964999999997,3.037
"[3.037, 3.0380000000000003)",0.011979265749999999,3.038
"[3.0380000000000003, 3.039)",0.06002288333333334,3.039
"[3.039, 3.04)",0.024739046647058824,3.04
"[3.04, 3.041)",0.046763939125,3.041
"[3.041, 3.0420000000000003)",0.019602168999999996,3.042
"[3.0420000000000003, 3.043)",0.009939686142857142,3.043
"[3.043, 3.044)",0.03485776883333334,3.044
"[3.044, 3.045)",0.015024409,3.045
"[3.045, 3.0460000000000003)",0.0076139745,3.046
"[3.0460000000000003, 3.047)",0.0537097004375,3.047
"[3.047, 3.048)",0.007874131466666667,3.048
"[3.048, 3.049)",0.009735323909090909,3.049
"[3.049, 3.0500000000000003)",0.02682996754545455,3.05
"[3.0500000000000003, 3.051)",0.10721496846153845,3.051
"[3.051, 3.052)",0.04870224666666667,3.052
"[3.052, 3.053)",0.05226177,3.053
"[3.053, 3.0540000000000003)",0.036022135705882356,3.054
"[3.0540000000000003, 3.055)",0.020979036688888886,3.055
"[3.055, 3.056)",0.008871480749999999,3.056
"[3.056, 3.057)",0.06051228549999999,3.057
"[3.057, 3.0580000000000003)",0.023575186300000002,3.058
"[3.0580000000000003, 3.059)",0.020406182166666665,3.059
"[3.059, 3.06)",0.077983642,3.06
"[3.06, 3.061)",0.03212155588888889,3.061
"[3.061, 3.0620000000000003)",0.06345205549999999,3.062
"[3.0620000000000003, 3.063)",0.004268724777777778,3.063
"[3.063, 3.064)",0.0321517315,3.064
"[3.064, 3.065)",0.027660917777777776,3.065
"[3.065, 3.0660000000000003)",0.03201711555555556,3.066
"[3.0660000000000003, 3.067)",0.0086455306,3.067
"[3.067, 3.068)",0.007332954,3.068
"[3.068, 3.069)",0.03811811181818182,3.069
"[3.069, 3.0700000000000003)",0.01423928825,3.07
"[3.0700000000000003, 3.071)",0.0032005740000000003,3.071
"[3.071, 3.072)",0.0049447588,3.072
"[3.072, 3.073)",0.0399235305,3.073
"[3.073, 3.074)",0.006416629666666666,3.074
"[3.074, 3.075)",0.03516492754545455,3.075
"[3.075, 3.076)",0.049732218111111115,3.076
"[3.076, 3.077)",0.016047383733333333,3.077
"[3.077, 3.078)",0.004513949,3.078
"[3.078, 3.079)",0.026368499630000004,3.079
"[3.079, 3.08)",0.02139523328571428,3.08
"[3.08, 3.081)",0.036482888199999994,3.081
"[3.081, 3.082)",0.013080917363636363,3.082
"[3.082, 3.083)",0.04467132328571429,3.083
"[3.083, 3.084)",0.020849676442857144,3.084
"[3.084, 3.085)",0.059748730374999996,3.085
"[3.085, 3.086)",0.008075086555555555,3.086
"[3.086, 3.087)",0.010053187166666666,3.087
"[3.087, 3.088)",0.026031749599999997,3.088
"[3.088, 3.089)",0.13170865500000004,3.089
"[3.089, 3.09)",0.04586480999999999,3.09
"[3.09, 3.091)",0.01911963371428571,3.091
"[3.091, 3.092)",0.024485901454545454,3.092
"[3.092, 3.093)",0.009163332,3.093
"[3.093, 3.094)",0.04437041209090909,3.094
"[3.094, 3.095)",0.033398668549999996,3.095
"[3.095, 3.096)",0.019177721249999995,3.096
"[3.096, 3.097)",0.0044368975714285715,3.097
"[3.097, 3.098)",0.01262140142857143,3.098
"[3.098, 3.099)",0.060569340000000006,3.099
"[3.099, 3.1)",0.030069241666666673,3.1
"[3.1, 3.101)",0.030295794124999997,3.101
"[3.101, 3.102)",0.028105030000000003,3.102
"[3.102, 3.103)",0.02786038142857143,3.103
"[3.103, 3.104)",0.018191179999999998,3.104
"[3.104, 3.105)",0.017294130375,3.105
"[3.105, 3.106)",0.028672554416666673,3.106
"[3.106, 3.107)",0.020685717066666668,3.107
"[3.107, 3.108)",0.009458320846153846,3.108
"[3.108, 3.109)",0.0226346313,3.109
"[3.109, 3.11)",0.0345363924,3.11
"[3.11, 3.111)",0.0249863729,3.111
"[3.111, 3.112)",0.02071566275,3.112
"[3.112, 3.113)",0.049115579124999996,3.113
"[3.113, 3.114)",0.011037466624999999,3.114
"[3.114, 3.115)",0.04881736428571428,3.115
"[3.115, 3.116)",0.007788481000000001,3.116
"[3.116, 3.117)",0.043596234125,3.117
"[3.117, 3.118)",0.05095183825,3.118
"[3.118, 3.119)",0.009504982,3.119
"[3.119, 3.12)",0.030111424285714287,3.12
"[3.12, 3.121)",0.01681242633333333,3.121
"[3.121, 3.122)",0.015107638571428572,3.122
"[3.122, 3.123)",0.010482,3.123
"[3.123, 3.124)",0.04578416,3.124
"[3.124, 3.125)",0.017309494999999998,3.125
"[3.125, 3.126)",0.019277842363636367,3.126
"[3.126, 3.1270000000000002)",0.02149704922222222,3.127
"[3.1270000000000002, 3.128)",0.017616852000000002,3.128
"[3.128, 3.129)",0.028336041333333336,3.129
"[3.129, 3.13)",0.025068823555555553,3.13
"[3.13, 3.1310000000000002)",0.012320270000000001,3.131
"[3.1310000000000002, 3.132)",0.013077478333333333,3.132
"[3.132, 3.133)",0.0723472455,3.133
"[3.133, 3.134)",0.017701140230769227,3.134
"[3.134, 3.1350000000000002)",0.07490701400000001,3.135
"[3.1350000000000002, 3.136)",0.005720928,3.136
"[3.136, 3.137)",0.0044399446,3.137
"[3.137, 3.138)",0.014568435200000002,3.138
"[3.138, 3.1390000000000002)",0.041237398,3.139
"[3.1390000000000002, 3.14)",0.0030540265571428575,3.14
"[3.14, 3.141)",0.026678557058333333,3.141
"[3.141, 3.142)",0.05299801499999999,3.142
"[3.142, 3.1430000000000002)",0.022020829999999998,3.143
"[3.1430000000000002, 3.144)",0.0075198906,3.144
"[3.144, 3.145)",0.019344650333333335,3.145
"[3.145, 3.146)",0.0073867099999999995,3.146
"[3.146, 3.1470000000000002)",0.018376928444444444,3.147
"[3.1470000000000002, 3.148)",0.01093621,3.148
"[3.148, 3.149)",0.015561177166666664,3.149
"[3.149, 3.15)",0.010214641545454546,3.15
"[3.15, 3.1510000000000002)",0.023921567545454547,3.151
"[3.1510000000000002, 3.152)",0.07336660714285714,3.152
"[3.152, 3.153)",0.014386742285714288,3.153
"[3.153, 3.154)",0.13883186425,3.154
"[3.154, 3.1550000000000002)",0.052238786625,3.155
"[3.1550000000000002, 3.156)",0.03538444400000001,3.156
"[3.156, 3.157)",0.012922138444444446,3.157
"[3.157, 3.158)",0.006574398666666666,3.158
"[3.158, 3.1590000000000003)",0.029210846000000002,3.159
"[3.1590000000000003, 3.16)",0.0171986556,3.16
"[3.16, 3.161)",0.03531640333333333,3.161
"[3.161, 3.162)",0.01066489575,3.162
"[3.162, 3.1630000000000003)",0.050965446,3.163
"[3.1630000000000003, 3.164)",0.04333737714285714,3.164
"[3.164, 3.165)",0.042853647777777774,3.165
"[3.165, 3.166)",0.17420754285714285,3.166
"[3.166, 3.1670000000000003)",0.0324726315125,3.167
"[3.1670000000000003, 3.168)",5.373425e-5,3.168
"[3.168, 3.169)",0.017691135500000003,3.169
"[3.169, 3.17)",0.0058576257500000005,3.17
"[3.17, 3.1710000000000003)",0.0016327038,3.171
"[3.1710000000000003, 3.172)",0.0351412068375,3.172
"[3.172, 3.173)",0.03127624518181819,3.173
"[3.173, 3.174)",0.007583225,3.174
"[3.174, 3.1750000000000003)",0.020294119333333333,3.175
"[3.1750000000000003, 3.176)",0.02221859125,3.176
"[3.176, 3.177)",0.008562069999999998,3.177
"[3.177, 3.178)",0.008880701299999998,3.178
"[3.178, 3.1790000000000003)",0.0710742,3.179
"[3.1790000000000003, 3.18)",0.008307560199999998,3.18
"[3.18, 3.181)",0.046732078,3.181
"[3.181, 3.182)",0.06402815788888888,3.182
"[3.182, 3.1830000000000003)",0.02256971,3.183
"[3.1830000000000003, 3.184)",0.036621480000000005,3.184
"[3.184, 3.185)",0.02398690833333333,3.185
"[3.185, 3.186)",0.011319982875000002,3.186
"[3.186, 3.1870000000000003)",0.020946453666666667,3.187
"[3.1870000000000003, 3.188)",0.0188646075,3.188
"[3.188, 3.189)",0.0086809855,3.189
"[3.189, 3.19)",0.08968108749999999,3.19
"[3.19, 3.1910000000000003)",0.05551970485714286,3.191
"[3.1910000000000003, 3.192)",0.00546068575,3.192
"[3.192, 3.193)",0.0111114,3.193
"[3.193, 3.194)",0.010038490666666665,3.194
"[3.194, 3.1950000000000003)",0.012785728,3.195
"[3.1950000000000003, 3.196)",0.032922535,3.196
"[3.196, 3.197)",0.04556255616,3.197
"[3.197, 3.198)",0.011762041333333334,3.198
"[3.198, 3.1990000000000003)",0.0175943725,3.199
"[3.1990000000000003, 3.2)",0.05328739480000001,3.2
"[3.2, 3.201)",0.016003467166666663,3.201
"[3.201, 3.202)",0.10879123428571427,3.202
"[3.202, 3.203)",0.033977766666666666,3.203
"[3.203, 3.204)",0.043243835555555554,3.204
"[3.204, 3.205)",0.012225646666666666,3.205
"[3.205, 3.206)",0.044557588375,3.206
"[3.206, 3.207)",0.03584986,3.207
"[3.207, 3.208)",0.008206916500000001,3.208
"[3.208, 3.209)",0.10606505241666668,3.209
"[3.209, 3.21)",0.041210137499999994,3.21
"[3.21, 3.211)",0.034441807166666664,3.211
"[3.211, 3.212)",0.014705378222222223,3.212
"[3.212, 3.213)",0.029606445433333337,3.213
"[3.213, 3.214)",0.008251329428571428,3.214
"[3.214, 3.215)",0.03205802666666666,3.215
"[3.215, 3.216)",0.011289314909090908,3.216
"[3.216, 3.217)",0.03226734,3.217
"[3.217, 3.218)",0.021478484777777775,3.218
"[3.218, 3.219)",0.0156477,3.219
"[3.219, 3.22)",0.044636644777777776,3.22
"[3.22, 3.221)",0.04590437399999999,3.221
"[3.221, 3.222)",0.026069459125,3.222
"[3.222, 3.223)",0.0223168394,3.223
"[3.223, 3.224)",0.017184991666666666,3.224
"[3.224, 3.225)",0.004836959,3.225
"[3.225, 3.226)",0.0355568525,3.226
"[3.226, 3.227)",0.048361211857142865,3.227
"[3.227, 3.228)",0.102711725,3.228
"[3.228, 3.229)",0.0014042015,3.229
"[3.229, 3.23)",0.038859874,3.23
"[3.23, 3.231)",0.021527,3.231
"[3.231, 3.232)",0.00984529,3.232
"[3.232, 3.233)",0.04945485825,3.233
"[3.233, 3.234)",0.008574196000000001,3.234
"[3.234, 3.235)",0.009037591666666666,3.235
"[3.235, 3.236)",0.03333335711111111,3.236
"[3.236, 3.237)",0.0065973758888888895,3.237
"[3.237, 3.238)",0.032199030000000003,3.238
"[3.238, 3.239)",0.010539672555555556,3.239
"[3.239, 3.24)",0.014695358454545454,3.24
"[3.24, 3.241)",0.005313724069999999,3.241
"[3.241, 3.242)",0.018768846739999998,3.242
"[3.242, 3.243)",0.0215864541,3.243
"[3.243, 3.244)",0.0288973829125,3.244
"[3.244, 3.245)",0.01002027098888889,3.245
"[3.245, 3.246)",0.031912723999999996,3.246
"[3.246, 3.247)",0.006989433333333333,3.247
"[3.247, 3.248)",0.07826917333333333,3.248
"[3.248, 3.249)",0.0242286816375,3.249
"[3.249, 3.25)",0.00110742,3.25
"[3.25, 3.251)",0.025324260375,3.251
"[3.251, 3.2520000000000002)",0.036600528111111114,3.252
"[3.2520000000000002, 3.253)",0.12836693333333335,3.253
"[3.253, 3.254)",0.025954225571428572,3.254
"[3.254, 3.255)",0.049114974285714284,3.255
"[3.255, 3.2560000000000002)",0.014291637999999999,3.256
"[3.2560000000000002, 3.257)",0.04304105166666667,3.257
"[3.257, 3.258)",0.012714083555555554,3.258
"[3.258, 3.259)",0.014258584,3.259
"[3.259, 3.2600000000000002)",0.046272126,3.26
"[3.2600000000000002, 3.261)",0.016813007999999997,3.261
"[3.261, 3.262)",0.021541638333333335,3.262
"[3.262, 3.263)",0.049604133249999995,3.263
"[3.263, 3.2640000000000002)",0.022273900985714284,3.264
"[3.2640000000000002, 3.265)",0.082200615,3.265
"[3.265, 3.266)",0.009167881285714287,3.266
"[3.266, 3.267)",0.030697321,3.267
"[3.267, 3.2680000000000002)",0.038723158333333334,3.268
"[3.2680000000000002, 3.269)",0.024759547142857143,3.269
"[3.269, 3.27)",0.018020025000000002,3.27
"[3.27, 3.271)",0.0444701026,3.271
"[3.271, 3.2720000000000002)",0.06649798966666666,3.272
"[3.2720000000000002, 3.273)",0.022943826666666667,3.273
"[3.273, 3.274)",0.005817888250000001,3.274
"[3.274, 3.275)",0.04563301888888889,3.275
"[3.275, 3.2760000000000002)",0.054258885375,3.276
"[3.2760000000000002, 3.277)",0.012761651428571427,3.277
"[3.277, 3.278)",0.12057205599999998,3.278
"[3.278, 3.279)",0.049042796,3.279
"[3.279, 3.2800000000000002)",0.019745065,3.28
"[3.2800000000000002, 3.281)",0.0092990584,3.281
"[3.281, 3.282)",0.0245207624,3.282
"[3.282, 3.283)",0.031005461333333335,3.283
"[3.283, 3.2840000000000003)",0.04170570085714286,3.284
"[3.2840000000000003, 3.285)",0.05658807883333333,3.285
"[3.285, 3.286)",0.025441675888888887,3.286
"[3.286, 3.287)",0.07143437766666666,3.287
"[3.287, 3.2880000000000003)",0.008840927,3.288
"[3.2880000000000003, 3.289)",0.060467549006666683,3.289
"[3.289, 3.29)",0.052780628625,3.29
"[3.29, 3.291)",0.019223152125,3.291
"[3.291, 3.2920000000000003)",0.005409418455555554,3.292
"[3.2920000000000003, 3.293)",0.0861562805,3.293
"[3.293, 3.294)",0.007129258846153847,3.294
"[3.294, 3.295)",0.022803630000000002,3.295
"[3.295, 3.2960000000000003)",0.026873403333333334,3.296
"[3.2960000000000003, 3.297)",0.0315982075,3.297
"[3.297, 3.298)",0.025182792500000002,3.298
"[3.298, 3.299)",0.02072984992857143,3.299
"[3.299, 3.3000000000000003)",0.033533600999999996,3.3
"[3.3000000000000003, 3.301)",0.004568010999999999,3.301
"[3.301, 3.302)",0.023854546085714284,3.302
"[3.302, 3.303)",0.032684671,3.303
"[3.303, 3.3040000000000003)",0.09854518012,3.304
"[3.3040000000000003, 3.305)",0.02364299325,3.305
"[3.305, 3.306)",0.068774855,3.306
"[3.306, 3.307)",0.05246106275,3.307
"[3.307, 3.3080000000000003)",0.03761936,3.308
"[3.3080000000000003, 3.309)",0.039677408000000004,3.309
"[3.309, 3.31)",0.01020746,3.31
"[3.31, 3.311)",0.0100928879,3.311
"[3.311, 3.3120000000000003)",0.039233866666666666,3.312
"[3.3120000000000003, 3.313)",0.024168878125,3.313
"[3.313, 3.314)",0.01471628,3.314
"[3.314, 3.315)",0.14902491666666667,3.315
"[3.315, 3.3160000000000003)",0.02297265,3.316
"[3.3160000000000003, 3.317)",0.012925356666666667,3.317
"[3.317, 3.318)",0.009715631999999998,3.318
"[3.318, 3.319)",0.0521875475,3.319
"[3.319, 3.3200000000000003)",0.02721426514285714,3.32
"[3.3200000000000003, 3.321)",0.019920471666666665,3.321
"[3.321, 3.322)",0.005957532777777778,3.322
"[3.322, 3.323)",0.012101014,3.323
"[3.323, 3.3240000000000003)",0.064315267875,3.324
"[3.3240000000000003, 3.325)",0.02067808209090909,3.325
"[3.325, 3.326)",0.04571218444444444,3.326
"[3.326, 3.327)",0.012395395555555556,3.327
"[3.327, 3.3280000000000003)",0.02358072763636364,3.328
"[3.3280000000000003, 3.329)",0.022520791666666665,3.329
"[3.329, 3.33)",0.031253652874999996,3.33
"[3.33, 3.331)",0.02103591042857143,3.331
"[3.331, 3.332)",0.005176624124999999,3.332
"[3.332, 3.333)",0.020079092299999997,3.333
"[3.333, 3.334)",0.0192839105,3.334
"[3.334, 3.335)",0.03461850244444445,3.335
"[3.335, 3.336)",0.0038243574999999998,3.336
"[3.336, 3.337)",0.005345240857142858,3.337
"[3.337, 3.338)",0.030045875,3.338
"[3.338, 3.339)",0.020084338333333333,3.339
"[3.339, 3.34)",0.026622140666666665,3.34
"[3.34, 3.341)",0.043505010014285715,3.341
"[3.341, 3.342)",0.0012055084999999998,3.342
"[3.342, 3.343)",0.036312142222222225,3.343
"[3.343, 3.344)",0.0523483209,3.344
"[3.344, 3.345)",0.005490982166666668,3.345
"[3.345, 3.346)",0.011741894500000002,3.346
"[3.346, 3.347)",0.034614743325,3.347
"[3.347, 3.348)",0.013355929428571429,3.348
"[3.348, 3.349)",0.022562958,3.349
"[3.349, 3.35)",0.026197496249999997,3.35
"[3.35, 3.351)",0.019019984,3.351
"[3.351, 3.352)",0.037376026,3.352
"[3.352, 3.353)",0.0898075024,3.353
"[3.353, 3.354)",0.013904050571428572,3.354
"[3.354, 3.355)",0.023444676,3.355
"[3.355, 3.356)",0.02330990575,3.356
"[3.356, 3.357)",0.016383591222222226,3.357
"[3.357, 3.358)",0.033738592875,3.358
"[3.358, 3.359)",0.025451856666666665,3.359
"[3.359, 3.36)",0.030979345166666672,3.36
"[3.36, 3.361)",0.0026192432499999997,3.361
"[3.361, 3.362)",0.036456922875,3.362
"[3.362, 3.363)",0.033595435,3.363
"[3.363, 3.364)",0.007422125999999999,3.364
"[3.364, 3.365)",0.012132594700000002,3.365
"[3.365, 3.366)",0.09007344550000002,3.366
"[3.366, 3.367)",0.0156855292,3.367
"[3.367, 3.368)",0.018564465265714286,3.368
"[3.368, 3.369)",0.05126207333333333,3.369
"[3.369, 3.37)",0.019973415499999998,3.37
"[3.37, 3.371)",0.06655765875,3.371
"[3.371, 3.372)",0.011660844333333331,3.372
"[3.372, 3.373)",0.00880340042857143,3.373
"[3.373, 3.374)",0.01255797325,3.374
"[3.374, 3.375)",0.038659908,3.375
"[3.375, 3.376)",0.012786275428571428,3.376
"[3.376, 3.3770000000000002)",0.02457926415,3.377
"[3.3770000000000002, 3.378)",0.015317848785714284,3.378
"[3.378, 3.379)",0.027553912300000004,3.379
"[3.379, 3.38)",0.05082366700000001,3.38
"[3.38, 3.3810000000000002)",0.006830684333333333,3.381
"[3.3810000000000002, 3.382)",0.034426877499999994,3.382
"[3.382, 3.383)",0.009825758111111112,3.383
"[3.383, 3.384)",0.068450878,3.384
"[3.384, 3.3850000000000002)",0.008073360571428571,3.385
"[3.3850000000000002, 3.386)",0.04156346428571429,3.386
"[3.386, 3.387)",0.012844288818181816,3.387
"[3.387, 3.388)",0.06878432162499999,3.388
"[3.388, 3.3890000000000002)",0.005882279527142856,3.389
"[3.3890000000000002, 3.39)",0.04294679833333334,3.39
"[3.39, 3.391)",0.03840913666666667,3.391
"[3.391, 3.392)",0.0272868784,3.392
"[3.392, 3.3930000000000002)",0.0250833007,3.393
"[3.3930000000000002, 3.394)",0.0063884616249999995,3.394
"[3.394, 3.395)",0.02180979111111111,3.395
"[3.395, 3.396)",0.004851346800000001,3.396
"[3.396, 3.3970000000000002)",0.023715846,3.397
"[3.3970000000000002, 3.398)",0.027326456636363638,3.398
"[3.398, 3.399)",0.056413674999999996,3.399
"[3.399, 3.4)",0.021761123333333337,3.4
"[3.4, 3.4010000000000002)",0.008165420214285714,3.401
"[3.4010000000000002, 3.402)",0.0137208325,3.402
"[3.402, 3.403)",0.007591463375,3.403
"[3.403, 3.404)",0.03168264859999999,3.404
"[3.404, 3.4050000000000002)",0.01673873088888889,3.405
"[3.4050000000000002, 3.406)",0.017801889428571426,3.406
"[3.406, 3.407)",0.01696363663222222,3.407
"[3.407, 3.408)",0.05727272428571429,3.408
"[3.408, 3.4090000000000003)",0.004386163,3.409
"[3.4090000000000003, 3.41)",0.023328195500000003,3.41
"[3.41, 3.411)",0.04783254166666667,3.411
"[3.411, 3.412)",0.013516394999999999,3.412
"[3.412, 3.4130000000000003)",0.033140319999999994,3.413
"[3.4130000000000003, 3.414)",0.036816808375,3.414
"[3.414, 3.415)",0.06850312063636364,3.415
"[3.415, 3.416)",0.050622788749999995,3.416
"[3.416, 3.4170000000000003)",0.005336785,3.417
"[3.4170000000000003, 3.418)",0.015466308571428571,3.418
"[3.418, 3.419)",0.056142723000000005,3.419
"[3.419, 3.42)",0.03792291875,3.42
"[3.42, 3.4210000000000003)",0.0033170857142857143,3.421
"[3.4210000000000003, 3.422)",0.018255376250000004,3.422
"[3.422, 3.423)",0.01798548325,3.423
"[3.423, 3.424)",0.021645325749999996,3.424
"[3.424, 3.4250000000000003)",0.021302541,3.425
"[3.4250000000000003, 3.426)",0.03677649225,3.426
"[3.426, 3.427)",0.013577615285714287,3.427
"[3.427, 3.428)",0.09085926185714287,3.428
"[3.428, 3.4290000000000003)",0.0077751619999999995,3.429
"[3.4290000000000003, 3.43)",0.023356107555555554,3.43
"[3.43, 3.431)",0.06584058128571428,3.431
"[3.431, 3.432)",0.015608753285714287,3.432
"[3.432, 3.4330000000000003)",0.073411526,3.433
"[3.4330000000000003, 3.434)",0.05456717333333335,3.434
"[3.434, 3.435)",0.006987803833333334,3.435
"[3.435, 3.436)",0.053807596,3.436
"[3.436, 3.4370000000000003)",0.027490703333333335,3.437
"[3.4370000000000003, 3.438)",0.02751912,3.438
"[3.438, 3.439)",0.025714350000000004,3.439
"[3.439, 3.44)",0.016303292666666667,3.44
"[3.44, 3.4410000000000003)",0.031198966,3.441
"[3.4410000000000003, 3.442)",0.02290558111111111,3.442
"[3.442, 3.443)",0.019634850000000002,3.443
"[3.443, 3.444)",0.03011797925,3.444
"[3.444, 3.4450000000000003)",0.029737767499999998,3.445
"[3.4450000000000003, 3.446)",0.02056865075,3.446
"[3.446, 3.447)",0.03865983333333334,3.447
"[3.447, 3.448)",0.04055789075,3.448
"[3.448, 3.4490000000000003)",0.0101112,3.449
"[3.4490000000000003, 3.45)",0.008692363666666666,3.45
"[3.45, 3.451)",0.08218283333333333,3.451
"[3.451, 3.452)",0.06832934,3.452
"[3.452, 3.4530000000000003)",0.025351710750000003,3.453
"[3.4530000000000003, 3.454)",0.019222313833333334,3.454
"[3.454, 3.455)",0.0101223285,3.455
"[3.455, 3.456)",0.14632514666666666,3.456
"[3.456, 3.457)",0.006582033333333333,3.457
"[3.457, 3.458)",0.009030528333333334,3.458
"[3.458, 3.459)",0.010148329999999999,3.459
"[3.459, 3.46)",0.016621848333333335,3.46
"[3.46, 3.461)",0.002594985,3.461
"[3.461, 3.462)",0.0430121,3.462
"[3.462, 3.463)",0.0042654,3.463
"[3.463, 3.464)",0.01940875766666667,3.464
"[3.464, 3.465)",0.012117593333333334,3.465
"[3.465, 3.466)",0.018202788333333334,3.466
"[3.466, 3.467)",0.034668192333333334,3.467
"[3.467, 3.468)",0.24489832,3.468
"[3.468, 3.469)",0.02845500333333333,3.469
"[3.469, 3.47)",0.0210674085,3.47
"[3.47, 3.471)",0.002498507666666667,3.471
"[3.471, 3.472)",0.009388428142857144,3.472
"[3.472, 3.473)",0.0014332065,3.473
"[3.473, 3.474)",0.030735750000000003,3.474
"[3.474, 3.475)",0.00709403,3.475
"[3.475, 3.476)",0.00150038,3.476
"[3.476, 3.477)",0.022520366666666666,3.477
"[3.477, 3.478)",0.03508985,3.478
"[3.478, 3.479)",0.07133995,3.479
"[3.479, 3.48)",0.003983291,3.48
"[3.48, 3.481)",0.051767,3.481
"[3.481, 3.482)",0.0082965555,3.482
"[3.482, 3.483)",0.013186661428571429,3.483
"[3.483, 3.484)",0.00666667,3.484
"[3.484, 3.485)",0.07257762575,3.485
"[3.485, 3.486)",0.0463082666,3.486
"[3.486, 3.487)",0.002996278,3.487
"[3.487, 3.488)",0.027124963250000002,3.488
"[3.488, 3.489)",0.048757550000000004,3.489
"[3.489, 3.49)",0.007787313333333333,3.49
"[3.49, 3.491)",0.040147378,3.491
"[3.491, 3.492)",0.00416769,3.492
"[3.492, 3.493)",0.047007330640000004,3.493
"[3.493, 3.494)",0.059557243333333336,3.494
"[3.494, 3.495)",0.03290736125,3.495
"[3.495, 3.496)",0.017150449999999998,3.496
"[3.496, 3.497)",0.04114338333333333,3.497
"[3.497, 3.498)",0.0561444,3.498
"[3.498, 3.499)",0.10152585,3.499
"[3.499, 3.5)",0.04775355,3.5
"[3.5, 3.501)",0.07456420000000001,3.501
"[3.501, 3.5020000000000002)",0.038020109999999996,3.502
"[3.5020000000000002, 3.503)",0.016959248599999997,3.503
"[3.503, 3.504)",0.0020544,3.504
"[3.504, 3.505)",0.016053977666666667,3.505
"[3.505, 3.5060000000000002)",0.00833591,3.506
"[3.5060000000000002, 3.507)",0.0059269995,3.507
"[3.507, 3.508)",0.0047619,3.508
"[3.508, 3.509)",0.025970196599999995,3.509
"[3.509, 3.5100000000000002)",0.01250889,3.51
"[3.5100000000000002, 3.511)",0.0469252,3.511
"[3.511, 3.512)",0.008761748833333334,3.512
"[3.512, 3.513)",0.05122280243333333,3.513
"[3.513, 3.5140000000000002)",0.1067399,3.514
"[3.5140000000000002, 3.515)",0.05177691952,3.515
"[3.515, 3.516)",0.054835895,3.516
"[3.516, 3.517)",0.0214082,3.517
"[3.517, 3.5180000000000002)",0.009645835,3.518
"[3.5180000000000002, 3.519)",0.03025936883333333,3.519
"[3.519, 3.52)",0.010071856249999999,3.52
"[3.52, 3.521)",0.02856469,3.521
"[3.521, 3.5220000000000002)",0.06706,3.522
"[3.5220000000000002, 3.523)",0.010518345,3.523
"[3.523, 3.524)",0.004779959,3.524
"[3.524, 3.525)",0.06179080216666666,3.525
"[3.525, 3.5260000000000002)",0.05786315,3.526
"[3.5260000000000002, 3.527)",0.096021911,3.527
"[3.527, 3.528)",0.00602814476,3.528
"[3.528, 3.529)",0.04437215833333333,3.529
"[3.529, 3.5300000000000002)",0.010594389666666667,3.53
"[3.5300000000000002, 3.531)",0.011931646666666663,3.531
"[3.531, 3.532)",0.00486456,3.532
"[3.532, 3.533)",0.018087096666666667,3.533
"[3.533, 3.5340000000000003)",0.0468989,3.534
"[3.5340000000000003, 3.535)",0.056946975749999997,3.535
"[3.535, 3.536)",0.20672191650000002,3.536
"[3.536, 3.537)",0.021837933333333334,3.537
"[3.5380000000000003, 3.539)",0.044524622,3.538
"[3.539, 3.54)",0.005563265666666667,3.539
"[3.54, 3.541)",0.0054336,3.54
"[3.541, 3.5420000000000003)",0.053388250000000005,3.541
"[3.5420000000000003, 3.543)",0.07801438249999999,3.542
"[3.543, 3.544)",0.07274979,3.543
"[3.544, 3.545)",0.053236276666666665,3.544
"[3.545, 3.5460000000000003)",0.01017082075,3.545
"[3.5460000000000003, 3.547)",0.03559475,3.546
"[3.547, 3.548)",0.0012763053333333333,3.547
"[3.548, 3.549)",0.03232411883333333,3.548
"[3.549, 3.5500000000000003)",0.047744949999999994,3.549
"[3.5500000000000003, 3.551)",0.0170627,3.55
"[3.551, 3.552)",0.0409683075,3.551
"[3.552, 3.553)",0.024401173642857144,3.552
"[3.553, 3.5540000000000003)",0.037368222,3.553
"[3.5540000000000003, 3.555)",0.02969978811111111,3.554
"[3.555, 3.556)",0.0532189665,3.555
"[3.556, 3.557)",0.0462201386,3.556
"[3.557, 3.5580000000000003)",0.046548064,3.557
"[3.5580000000000003, 3.559)",0.04252811825,3.558
"[3.559, 3.56)",0.0420099715,3.559
"[3.56, 3.561)",0.012203213714285715,3.56
"[3.561, 3.5620000000000003)",0.0037288398750000003,3.561
"[3.5620000000000003, 3.563)",0.00139294,3.562
"[3.563, 3.564)",0.023638937166666665,3.563
"[3.564, 3.565)",0.0255946175,3.564
"[3.565, 3.5660000000000003)",0.016340755000000002,3.565
"[3.5660000000000003, 3.567)",0.039021090519999996,3.566
"[3.567, 3.568)",0.01313479,3.567
"[3.568, 3.569)",0.017480703333333333,3.568
"[3.569, 3.5700000000000003)",0.0271680186,3.569
"[3.5700000000000003, 3.571)",0.022736824,3.57
"[3.571, 3.572)",0.3358949066666667,3.571
"[3.572, 3.573)",0.028492921966666664,3.572
"[3.573, 3.5740000000000003)",0.029079061666666666,3.573
"[3.5740000000000003, 3.575)",0.018818242,3.574
"[3.575, 3.576)",0.00250102762,3.575
"[3.576, 3.577)",0.022232815444444443,3.576
"[3.577, 3.5780000000000003)",0.04648879675,3.577
"[3.5780000000000003, 3.579)",0.03696036571428572,3.578
"[3.579, 3.58)",0.01080736,3.579
"[3.58, 3.581)",0.014099492500000001,3.58
"[3.581, 3.5820000000000003)",0.1074887666,3.581
"[3.5820000000000003, 3.583)",0.007889575,3.582
"[3.583, 3.584)",0.0067138065714285695,3.583
"[3.584, 3.585)",0.11316912999999999,3.584
"[3.585, 3.586)",0.026519849999999998,3.585
"[3.586, 3.587)",0.000773647,3.586
"[3.587, 3.588)",0.027025073999999993,3.587
"[3.588, 3.589)",0.11741278499999999,3.588
"[3.589, 3.59)",0.0111590126,3.589
"[3.59, 3.591)",0.0139811446,3.59
"[3.591, 3.592)",0.01430153,3.591
"[3.592, 3.593)",0.0016423828333333333,3.592
"[3.593, 3.594)",0.00658563,3.593
"[3.594, 3.595)",0.00505798,3.594
"[3.595, 3.596)",0.0072399866,3.595
"[3.596, 3.597)",0.06423880074999999,3.596
"[3.597, 3.598)",0.0021064015,3.597
"[3.598, 3.599)",0.002094805,3.598
"[3.599, 3.6)",0.07678129,3.599
"[3.6, 3.601)",0.02081989,3.6
"[3.603, 3.604)",0.017078893333333334,3.601
"[3.604, 3.605)",0.02582257,3.602
"[3.606, 3.607)",0.041370344999999996,3.603
"[3.607, 3.608)",0.08903335,3.604
"[3.608, 3.609)",0.00775194,3.605
"[3.609, 3.61)",0.02453475714285714,3.606
"[3.611, 3.612)",0.03630435,3.607
"[3.612, 3.613)",0.00868381,3.608
"[3.614, 3.615)",0.006754909999999999,3.609
"[3.615, 3.616)",0.005570566666666666,3.61
"[3.616, 3.617)",0.06833263333333334,3.611
"[3.617, 3.618)",0.017310777000000003,3.612
"[3.618, 3.619)",0.0039123510000000005,3.613
"[3.619, 3.62)",0.24920946666666666,3.614
"[3.62, 3.621)",0.01196733,3.615
"[3.621, 3.622)",0.015524666500000001,3.616
"[3.622, 3.623)",0.030165827571428574,3.617
"[3.623, 3.624)",0.014660550000000001,3.618
"[3.624, 3.625)",0.020069081,3.619
"[3.625, 3.626)",0.11059402600000001,3.62
"[3.626, 3.6270000000000002)",0.0065984749999999995,3.621
"[3.6270000000000002, 3.628)",0.021740055714285715,3.622
"[3.628, 3.629)",0.04213728,3.623
"[3.629, 3.63)",0.0125487405,3.624
"[3.63, 3.6310000000000002)",0.05398025199999999,3.625
"[3.6310000000000002, 3.632)",0.003068892262,3.626
"[3.632, 3.633)",0.0086166567,3.627
"[3.633, 3.634)",0.0006912066666666666,3.628
"[3.634, 3.6350000000000002)",0.01129636325,3.629
"[3.6350000000000002, 3.636)",0.0193106694,3.63
"[3.636, 3.637)",0.0239809,3.631
"[3.637, 3.638)",0.05115940275,3.632
"[3.638, 3.6390000000000002)",0.02852557333333333,3.633
"[3.64, 3.641)",0.04379996,3.634
"[3.641, 3.642)",0.009424973714285715,3.635
"[3.642, 3.6430000000000002)",0.013732940333333332,3.636
"[3.6430000000000002, 3.644)",0.018095226371111113,3.637
"[3.644, 3.645)",0.0290989,3.638
"[3.645, 3.646)",0.009490780600000002,3.639
"[3.646, 3.6470000000000002)",0.048140958750000004,3.64
"[3.6470000000000002, 3.648)",0.202616,3.641
"[3.648, 3.649)",0.011549177999999998,3.642
"[3.649, 3.65)",0.04937491499999999,3.643
"[3.65, 3.6510000000000002)",0.0109785278,3.644
"[3.6510000000000002, 3.652)",0.02475827925,3.645
"[3.652, 3.653)",0.0014647176666666665,3.646
"[3.653, 3.654)",0.01214622,3.647
"[3.654, 3.6550000000000002)",0.061621942,3.648
"[3.6550000000000002, 3.656)",0.004521,3.649
"[3.656, 3.657)",0.011408637166666666,3.65
"[3.657, 3.658)",0.0185565,3.651
"[3.658, 3.6590000000000003)",0.00201361,3.652
"[3.6590000000000003, 3.66)",0.002989485,3.653
"[3.66, 3.661)",0.03375600075,3.654
"[3.661, 3.662)",0.05321319,3.655
"[3.662, 3.6630000000000003)",0.008229535799999998,3.656
"[3.6630000000000003, 3.664)",0.07836558666666667,3.657
"[3.664, 3.665)",0.046326263833333325,3.658
"[3.666, 3.6670000000000003)",0.040191195,3.659
"[3.6670000000000003, 3.668)",0.1693978775,3.66
"[3.668, 3.669)",0.05922400825,3.661
"[3.67, 3.6710000000000003)",0.029430836999999998,3.662
"[3.6710000000000003, 3.672)",0.0397382465,3.663
"[3.672, 3.673)",0.05677921,3.664
"[3.674, 3.6750000000000003)",0.025163058250000005,3.665
"[3.6750000000000003, 3.676)",0.0080710665,3.666
"[3.676, 3.677)",0.000540833,3.667
"[3.677, 3.678)",0.03419632,3.668
"[3.678, 3.6790000000000003)",0.006562707000000001,3.669
"[3.6790000000000003, 3.68)",0.00724175,3.67
"[3.68, 3.681)",0.0318134,3.671
"[3.681, 3.682)",0.013418684333333333,3.672
"[3.682, 3.6830000000000003)",0.0016890176666666667,3.673
"[3.6830000000000003, 3.684)",0.402313345,3.674
"[3.684, 3.685)",0.0377523,3.675
"[3.685, 3.686)",0.0095011665,3.676
"[3.686, 3.6870000000000003)",0.000540833,3.677
"[3.6870000000000003, 3.688)",0.043445866666666666,3.678
"[3.688, 3.689)",0.00623936,3.679
"[3.689, 3.69)",0.21906641466666665,3.68
"[3.69, 3.6910000000000003)",0.021175061,3.681
"[3.6910000000000003, 3.692)",0.019950174999999997,3.682
"[3.692, 3.693)",0.00170164,3.683
"[3.693, 3.694)",0.0318945,3.684
"[3.6950000000000003, 3.696)",0.00872093,3.685
"[3.696, 3.697)",0.000540833,3.686
"[3.697, 3.698)",0.05767745,3.687
"[3.698, 3.6990000000000003)",0.0186682,3.688
"[3.6990000000000003, 3.7)",0.008858205000000001,3.689
"[3.7, 3.701)",0.0015226843333333332,3.69
"[3.701, 3.702)",0.019034817666666665,3.691
"[3.702, 3.7030000000000003)",0.020479592,3.692
"[3.7030000000000003, 3.704)",0.0094912165,3.693
"[3.704, 3.705)",0.0085462665,3.694
"[3.705, 3.706)",0.061861074999999995,3.695
"[3.706, 3.7070000000000003)",0.0015432543333333334,3.696
"[3.7070000000000003, 3.708)",0.01896949575,3.697
"[3.708, 3.709)",0.006629731,3.698
"[3.709, 3.71)",0.013309177666666665,3.699
"[3.71, 3.7110000000000003)",0.027734335,3.7
"[3.7110000000000003, 3.712)",0.010091963333333334,3.701
"[3.712, 3.713)",0.05278464433333333,3.702
"[3.714, 3.715)",0.0033307018,3.703
"[3.715, 3.716)",0.008433931,3.704
"[3.716, 3.717)",0.014970772600000001,3.705
"[3.717, 3.718)",0.001734919,3.706
"[3.718, 3.719)",0.0007856365000000001,3.707
"[3.719, 3.72)",0.0017115466666666665,3.708
"[3.72, 3.721)",0.0056224955000000005,3.709
"[3.721, 3.722)",0.05388786666666667,3.71
"[3.722, 3.723)",0.0011212365,3.711
"[3.723, 3.724)",0.00487044,3.712
"[3.724, 3.725)",0.00611654075,3.713
"[3.725, 3.726)",0.00367197,3.714
"[3.726, 3.727)",0.01013462,3.715
"[3.727, 3.728)",0.021511640000000002,3.716
"[3.728, 3.729)",0.00171398,3.717
"[3.729, 3.73)",0.03115886,3.718
"[3.73, 3.731)",0.010701585,3.719
"[3.731, 3.732)",0.06629343883333334,3.72
"[3.732, 3.733)",0.0328458135,3.721
"[3.733, 3.734)",0.00295547,3.722
"[3.734, 3.735)",0.019292086666666666,3.723
"[3.735, 3.736)",0.04558206666666667,3.724
"[3.736, 3.737)",0.00546591,3.725
"[3.737, 3.738)",0.00118956855,3.726
"[3.738, 3.739)",0.0481026825,3.727
"[3.739, 3.74)",0.0207039,3.728
"[3.74, 3.741)",0.00680401475,3.729
"[3.741, 3.742)",0.00232558,3.73
"[3.742, 3.743)",0.016641478833333334,3.731
"[3.743, 3.744)",0.024714866999999998,3.732
"[3.744, 3.745)",0.0261155525,3.733
"[3.745, 3.746)",0.04554623324999999,3.734
"[3.746, 3.747)",0.025902580360000003,3.735
"[3.747, 3.748)",0.05172629999999999,3.736
"[3.748, 3.749)",0.1587368466,3.737
"[3.749, 3.75)",0.058167800000000006,3.738
"[3.75, 3.751)",0.0088198375,3.739
"[3.751, 3.7520000000000002)",0.049271592166666676,3.74
"[3.7520000000000002, 3.753)",0.057351956666666676,3.741
"[3.753, 3.754)",0.030204546666666665,3.742
"[3.754, 3.755)",0.02777976,3.743
"[3.755, 3.7560000000000002)",0.08604780325,3.744
"[3.7560000000000002, 3.757)",0.013011844285714284,3.745
"[3.757, 3.758)",0.016649176666666664,3.746
"[3.758, 3.759)",0.008734851833333333,3.747
"[3.759, 3.7600000000000002)",0.021643735,3.748
"[3.7600000000000002, 3.761)",0.018297975,3.749
"[3.761, 3.762)",0.03079349,3.75
"[3.762, 3.763)",0.045239830375000005,3.751
"[3.763, 3.7640000000000002)",0.034837016666666665,3.752
"[3.7640000000000002, 3.765)",0.03421526714285714,3.753
"[3.765, 3.766)",0.011298339000000001,3.754
"[3.766, 3.767)",0.030710763428571423,3.755
"[3.767, 3.7680000000000002)",0.0205395752,3.756
"[3.7680000000000002, 3.769)",0.037170633333333335,3.757
"[3.769, 3.77)",0.02671936666666667,3.758
"[3.77, 3.771)",0.0150776,3.759
"[3.771, 3.7720000000000002)",0.03609488428571428,3.76
"[3.7720000000000002, 3.773)",0.028394627500000002,3.761
"[3.773, 3.774)",0.06384211333333334,3.762
"[3.774, 3.775)",0.0035043,3.763
"[3.775, 3.7760000000000002)",0.014856345,3.764
"[3.7760000000000002, 3.777)",0.071632656,3.765
"[3.777, 3.778)",0.048757466666666666,3.766
"[3.778, 3.779)",0.01584754,3.767
"[3.779, 3.7800000000000002)",0.009287835,3.768
"[3.7800000000000002, 3.781)",0.020024236666666667,3.769
"[3.781, 3.782)",0.007688946666666666,3.77
"[3.782, 3.783)",0.00961173,3.771
"[3.783, 3.7840000000000003)",0.012098959999999999,3.772
"[3.7840000000000003, 3.785)",0.00170198,3.773
"[3.785, 3.786)",0.06500052333333332,3.774
"[3.786, 3.787)",0.03893156666666667,3.775
"[3.787, 3.7880000000000003)",0.02399486325,3.776
"[3.7880000000000003, 3.789)",0.023002289999999998,3.777
"[3.789, 3.79)",0.0206293,3.778
"[3.79, 3.791)",0.02550012,3.779
"[3.791, 3.7920000000000003)",0.0011212365,3.78
"[3.7920000000000003, 3.793)",0.004370823333333333,3.781
"[3.793, 3.794)",0.0212154845,3.782
"[3.794, 3.795)",0.000540833,3.783
"[3.795, 3.7960000000000003)",0.03716754,3.784
"[3.7960000000000003, 3.797)",0.012747950000000001,3.785
"[3.797, 3.798)",0.043043235,3.786
"[3.798, 3.799)",0.0024702915,3.787
"[3.799, 3.8000000000000003)",0.00110742,3.788
"[3.8000000000000003, 3.801)",0.005076715000000001,3.789
"[3.801, 3.802)",0.010399394499999999,3.79
"[3.802, 3.803)",0.0362869668,3.791
"[3.803, 3.8040000000000003)",0.07336917500000001,3.792
"[3.8040000000000003, 3.805)",0.00570888,3.793
"[3.805, 3.806)",0.00412455,3.794
"[3.806, 3.807)",0.007852283333333333,3.795
"[3.807, 3.8080000000000003)",0.25708666325,3.796
"[3.8080000000000003, 3.809)",0.25580473545,3.797
"[3.809, 3.81)",0.0011286665000000001,3.798
"[3.81, 3.811)",0.013233587571428571,3.799
"[3.811, 3.8120000000000003)",0.00232558,3.8
"[3.8120000000000003, 3.813)",0.0069351176666666665,3.801
"[3.813, 3.814)",0.061442666666666666,3.802
"[3.814, 3.815)",0.06267812399999999,3.803
"[3.815, 3.8160000000000003)",0.014639484999999999,3.804
"[3.8160000000000003, 3.817)",0.00412311,3.805
"[3.817, 3.818)",0.006102625,3.806
"[3.818, 3.819)",0.02027505,3.807
"[3.819, 3.8200000000000003)",0.000540833,3.808
"[3.8200000000000003, 3.821)",0.23594812850000002,3.809
"[3.821, 3.822)",0.0245356266,3.81
"[3.822, 3.823)",0.114803,3.811
"[3.823, 3.8240000000000003)",0.00699202,3.812
"[3.8240000000000003, 3.825)",0.002766671,3.813
"[3.825, 3.826)",0.00683995,3.814
"[3.826, 3.827)",0.031230079999999997,3.815
"[3.827, 3.8280000000000003)",0.00238095,3.816
"[3.829, 3.83)",0.00110742,3.817
"[3.83, 3.831)",0.004377356666666667,3.818
"[3.831, 3.8320000000000003)",0.0196683,3.819
"[3.8320000000000003, 3.833)",0.0277534,3.82
"[3.833, 3.834)",0.00192294,3.821
"[3.834, 3.835)",0.00170164,3.822
"[3.835, 3.8360000000000003)",0.02964898666666667,3.823
"[3.8360000000000003, 3.837)",0.02697489,3.824
"[3.837, 3.838)",0.0039913464999999995,3.825
"[3.838, 3.839)",0.00717547,3.826
"[3.839, 3.84)",0.0101640975,3.827
"[3.84, 3.841)",0.185275,3.828
"[3.841, 3.842)",0.05088858325000001,3.829
"[3.842, 3.843)",0.01984125,3.83
"[3.843, 3.844)",0.01316737,3.831
"[3.844, 3.845)",0.0,3.832
"[3.845, 3.846)",0.027355113333333334,3.833
"[3.846, 3.847)",0.004479365,3.834
"[3.847, 3.848)",0.0296107,3.835
"[3.848, 3.849)",0.00170164,3.836
"[3.849, 3.85)",0.05122621,3.837
"[3.851, 3.852)",0.000677966,3.838
"[3.852, 3.853)",0.0359119875,3.839
"[3.853, 3.854)",0.015322539333333334,3.84
"[3.854, 3.855)",0.043423050000000005,3.841
"[3.856, 3.857)",0.00738749,3.842
"[3.857, 3.858)",0.00588041,3.843
"[3.858, 3.859)",0.1866575,3.844
"[3.859, 3.86)",0.129187,3.845
"[3.86, 3.861)",0.02590936666666667,3.846
"[3.861, 3.862)",0.0465116,3.847
"[3.862, 3.863)",0.014647826666666667,3.848
"[3.863, 3.864)",0.0002397505,3.849
"[3.864, 3.865)",0.01488902,3.85
"[3.865, 3.866)",0.0252704165,3.851
"[3.866, 3.867)",0.011572265,3.852
"[3.868, 3.869)",0.008072121333333333,3.853
"[3.869, 3.87)",0.015199617666666665,3.854
"[3.87, 3.871)",0.0196664605,3.855
"[3.871, 3.872)",0.33604041366666665,3.856
"[3.872, 3.873)",0.033402428,3.857
"[3.874, 3.875)",0.052042,3.858
"[3.875, 3.876)",0.0988463,3.859
"[3.876, 3.8770000000000002)",0.06766826666666666,3.86
"[3.8770000000000002, 3.878)",0.010209115,3.861
"[3.878, 3.879)",0.01560483,3.862
"[3.879, 3.88)",0.010810707000000001,3.863
"[3.88, 3.8810000000000002)",0.000253314,3.864
"[3.8810000000000002, 3.882)",0.002454603666666667,3.865
"[3.884, 3.8850000000000002)",0.015177557000000001,3.866
"[3.8850000000000002, 3.886)",0.020981605,3.867
"[3.886, 3.887)",0.002710637,3.868
"[3.887, 3.888)",0.005384595000000001,3.869
"[3.888, 3.8890000000000002)",0.00610501,3.87
"[3.8890000000000002, 3.89)",0.017908900000000002,3.871
"[3.891, 3.892)",0.000308463,3.872
"[3.892, 3.8930000000000002)",0.00170164,3.873
"[3.895, 3.896)",0.06456060666666667,3.874
"[3.896, 3.8970000000000002)",0.00232558,3.875
"[3.8970000000000002, 3.898)",0.02293283,3.876
"[3.898, 3.899)",0.00232558,3.877
"[3.899, 3.9)",0.0011212365,3.878
"[3.9, 3.9010000000000002)",0.1378705,3.879
"[3.9010000000000002, 3.902)",0.0115828,3.88
"[3.902, 3.903)",0.00232558,3.881
"[3.904, 3.9050000000000002)",0.019948245,3.882
"[3.9050000000000002, 3.906)",0.013289,3.883
"[3.906, 3.907)",0.00298151,3.884
"[3.907, 3.908)",0.0471474,3.885
"[3.908, 3.9090000000000003)",0.00170164,3.886
"[3.9090000000000003, 3.91)",0.01487297,3.887
"[3.91, 3.911)",0.021998183999999997,3.888
"[3.911, 3.912)",0.00897272,3.889
"[3.912, 3.9130000000000003)",0.0680556,3.89
"[3.9130000000000003, 3.914)",0.10962517,3.891
"[3.914, 3.915)",0.014104070000000002,3.892
"[3.915, 3.916)",0.00566465,3.893
"[3.916, 3.9170000000000003)",0.0406977,3.894
"[3.918, 3.919)",0.0016490643333333334,3.895
"[3.919, 3.92)",0.0406977,3.896
"[3.92, 3.9210000000000003)",0.00897272,3.897
"[3.9210000000000003, 3.922)",0.021875085000000002,3.898
"[3.922, 3.923)",0.0216723,3.899
"[3.923, 3.924)",0.015780303333333332,3.9
"[3.924, 3.9250000000000003)",0.0036452566666666662,3.901
"[3.9250000000000003, 3.926)",0.0775530325,3.902
"[3.926, 3.927)",0.00203114,3.903
"[3.927, 3.928)",0.0018583286666666666,3.904
"[3.928, 3.9290000000000003)",0.0060172726,3.905
"[3.9290000000000003, 3.93)",0.0029289866666666665,3.906
"[3.93, 3.931)",0.07148030535,3.907
"[3.931, 3.932)",0.005048785,3.908
"[3.932, 3.9330000000000003)",0.07710936580000001,3.909
"[3.9330000000000003, 3.934)",0.03571465825,3.91
"[3.934, 3.935)",0.01451199,3.911
"[3.935, 3.936)",0.0167947414,3.912
"[3.936, 3.9370000000000003)",0.0016136215,3.913
"[3.9370000000000003, 3.938)",0.00746199,3.914
"[3.938, 3.939)",0.016621946666666665,3.915
"[3.939, 3.94)",0.004952535,3.916
"[3.94, 3.9410000000000003)",0.008610125,3.917
"[3.9410000000000003, 3.942)",0.025770263333333335,3.918
"[3.942, 3.943)",0.01842125,3.919
"[3.943, 3.944)",0.0017611715000000001,3.92
"[3.944, 3.9450000000000003)",0.0276941165,3.921
"[3.9450000000000003, 3.946)",0.301075,3.922
"[3.946, 3.947)",0.00683995,3.923
"[3.947, 3.948)",0.060134838833333336,3.924
"[3.948, 3.9490000000000003)",0.17811384660000001,3.925
"[3.9490000000000003, 3.95)",0.0024702915,3.926
"[3.95, 3.951)",0.000897308,3.927
"[3.951, 3.952)",0.05152292575,3.928
"[3.952, 3.9530000000000003)",0.00426510825,3.929
"[3.9530000000000003, 3.954)",0.01540692,3.93
"[3.954, 3.955)",0.008640314333333333,3.931
"[3.955, 3.956)",0.015375965,3.932
"[3.956, 3.9570000000000003)",0.0023916412857142855,3.933
"[3.9570000000000003, 3.958)",0.028298683714285712,3.934
"[3.958, 3.959)",0.02350049625,3.935
"[3.959, 3.96)",0.009760407571428572,3.936
"[3.96, 3.9610000000000003)",0.05194220544444444,3.937
"[3.9610000000000003, 3.962)",0.016787939636363634,3.938
"[3.962, 3.963)",0.020262182666666666,3.939
"[3.963, 3.964)",0.03311774508333333,3.94
"[3.964, 3.9650000000000003)",0.014156956142857143,3.941
"[3.9650000000000003, 3.966)",0.05424556177777778,3.942
"[3.966, 3.967)",0.04903405288888888,3.943
"[3.967, 3.968)",0.030550350555555557,3.944
"[3.968, 3.969)",0.047677572166666675,3.945
"[3.969, 3.97)",0.021477518749999997,3.946
"[3.97, 3.971)",0.006365775,3.947
"[3.971, 3.972)",0.00839304,3.948
"[3.972, 3.973)",0.01375922,3.949
"[3.974, 3.975)",0.008537966666666666,3.95
"[3.975, 3.976)",0.0522244,3.951
"[3.976, 3.977)",0.0157895,3.952
"[3.977, 3.978)",0.011977363333333333,3.953
"[3.978, 3.979)",0.17134343428571427,3.954
"[3.979, 3.98)",0.021856657800000002,3.955
"[3.98, 3.981)",0.0175647682,3.956
"[3.981, 3.982)",0.031425452166666666,3.957
"[3.982, 3.983)",0.0541145,3.958
"[3.983, 3.984)",0.02359891142857143,3.959
"[3.984, 3.985)",0.020278183333333335,3.96
"[3.985, 3.986)",0.026861552666666663,3.961
"[3.986, 3.987)",0.03262948,3.962
"[3.987, 3.988)",0.0033621612000000003,3.963
"[3.988, 3.989)",0.0038581365333333326,3.964
"[3.989, 3.99)",0.0082453775,3.965
"[3.99, 3.991)",0.0160368121,3.966
"[3.991, 3.992)",0.022316589999999997,3.967
"[3.992, 3.993)",0.004645843333333333,3.968
"[3.993, 3.994)",0.000540833,3.969
"[3.994, 3.995)",0.0265576665,3.97
"[3.996, 3.997)",0.0103647665,3.971
"[3.997, 3.998)",0.035542785,3.972
"[3.998, 3.999)",0.07593013825,3.973
"[3.999, 4.0)",0.028578919999999997,3.974
"[4.0, 4.001)",0.10469273999999999,3.975
"[4.001, 4.002)",0.028578919999999997,3.976
"[4.002, 4.003)",0.016474844333333332,3.977
"[4.003, 4.0040000000000004)",0.007217299999999999,3.978
"[4.005, 4.006)",0.07180844,3.979
"[4.006, 4.007)",0.1526862125,3.98
"[4.007, 4.008)",0.0017165,3.981
"[4.008, 4.009)",0.031198323333333333,3.982
"[4.009, 4.01)",0.01194755,3.983
"[4.01, 4.011)",0.057914106666666666,3.984
"[4.011, 4.0120000000000005)",0.0388362,3.985
"[4.0120000000000005, 4.013)",0.010147944999999998,3.986
"[4.014, 4.015)",0.02737891666666667,3.987
"[4.015, 4.016)",0.000540833,3.988
"[4.016, 4.017)",0.016853795,3.989
"[4.017, 4.018)",0.02002611,3.99
"[4.018, 4.019)",0.036222856666666664,3.991
"[4.019, 4.0200000000000005)",0.053914859999999995,3.992
"[4.0200000000000005, 4.021)",0.007749386666666667,3.993
"[4.021, 4.022)",0.01817069716666667,3.994
"[4.022, 4.023)",0.009739335,3.995
"[4.023, 4.024)",0.032395562499999996,3.996
"[4.024, 4.025)",0.073764106,3.997
"[4.025, 4.026)",0.00728983,3.998
"[4.026, 4.027)",0.0066437,3.999
"[4.027, 4.0280000000000005)",0.0045801,4.0
"[4.0280000000000005, 4.029)",0.009863785,4.001
"[4.029, 4.03)",0.0037281635,4.002
"[4.03, 4.031)",0.011710333333333335,4.003
"[4.031, 4.032)",0.005901385,4.004
"[4.032, 4.033)",0.0375,4.005
"[4.033, 4.034)",0.00904872,4.006
"[4.035, 4.0360000000000005)",0.02064489,4.007
"[4.0360000000000005, 4.037)",0.01114689,4.008
"[4.037, 4.038)",0.0096588775,4.009
"[4.038, 4.039)",0.002015065,4.01
"[4.039, 4.04)",0.010719399999999999,4.011
"[4.04, 4.041)",0.014654373333333333,4.012
"[4.041, 4.042)",0.022952037142857144,4.013
"[4.042, 4.043)",0.00492219,4.014
"[4.043, 4.0440000000000005)",0.024472717800000002,4.015
"[4.0440000000000005, 4.045)",0.0482143,4.016
"[4.045, 4.046)",0.030759364000000004,4.017
"[4.046, 4.047)",0.00196751,4.018
"[4.048, 4.049)",0.00609543352,4.019
"[4.049, 4.05)",0.022224243333333334,4.02
"[4.05, 4.051)",0.021013066666666667,4.021
"[4.051, 4.0520000000000005)",0.006169457999999999,4.022
"[4.0520000000000005, 4.053)",0.0019396635,4.023
"[4.053, 4.054)",0.00496493,4.024
"[4.054, 4.055)",0.04830183642857143,4.025
"[4.055, 4.056)",0.0191571,4.026
"[4.056, 4.057)",0.020088067999999997,4.027
"[4.057, 4.058)",0.005431895,4.028
"[4.058, 4.059)",0.01,4.029
"[4.059, 4.0600000000000005)",0.005810305,4.03
"[4.0600000000000005, 4.061)",0.016891962499999996,4.031
"[4.061, 4.062)",0.013128560000000001,4.032
"[4.062, 4.063)",0.00159858,4.033
"[4.063, 4.064)",0.125196,4.034
"[4.064, 4.065)",0.06009915,4.035
"[4.066, 4.067)",0.017977003333333335,4.036
"[4.067, 4.0680000000000005)",0.026131048199999996,4.037
"[4.0680000000000005, 4.069)",0.0028769033333333333,4.038
"[4.069, 4.07)",0.013941377666666666,4.039
"[4.07, 4.071)",0.0303522225,4.04
"[4.071, 4.072)",0.05291216666666667,4.041
"[4.072, 4.073)",0.0556561768,4.042
"[4.073, 4.074)",0.03892623325,4.043
"[4.074, 4.075)",0.04862870025,4.044
"[4.075, 4.0760000000000005)",0.0312887,4.045
"[4.0760000000000005, 4.077)",0.0798823,4.046
"[4.077, 4.078)",0.03402288166666667,4.047
"[4.078, 4.079)",0.034364,4.048
"[4.079, 4.08)",0.03540595,4.049
"[4.08, 4.081)",0.0125,4.05
"[4.081, 4.082)",0.042694575000000005,4.051
"[4.083, 4.0840000000000005)",0.014518,4.052
"[4.0840000000000005, 4.085)",0.021272,4.053
"[4.086, 4.087)",0.00232558,4.054
"[4.087, 4.088)",0.0260321,4.055
"[4.09, 4.091)",0.0234146,4.056
"[4.0920000000000005, 4.093)",0.10650923,4.057
"[4.093, 4.094)",0.0191571,4.058
"[4.106, 4.107)",0.023300440000000002,4.059
"[4.111, 4.112)",0.0283333,4.06
"[4.112, 4.113)",0.00283613,4.061
"[4.113, 4.114)",0.0215054,4.062
"[4.114, 4.115)",0.0790698,4.063
"[4.115, 4.116)",0.0215054,4.064
"[4.118, 4.119)",0.00308785,4.065
"[4.119, 4.12)",0.0541002,4.066
"[4.12, 4.121)",0.12436470000000001,4.067
"[4.122, 4.123)",0.00683995,4.068
"[4.124, 4.125)",0.005931001000000001,4.069
"[4.125, 4.126)",0.0022205,4.07
"[4.126, 4.127)",0.005727039999999999,4.071
"[4.127, 4.128)",0.004756343499999999,4.072
"[4.128, 4.1290000000000004)",0.181395,4.073
"[4.1290000000000004, 4.13)",0.0022865465,4.074
"[4.13, 4.131)",0.00232558,4.075
"[4.131, 4.132)",0.0052559600000000005,4.076
"[4.132, 4.133)",0.009866404333333334,4.077
"[4.133, 4.134)",0.072443855,4.078
"[4.134, 4.135)",0.03573452,4.079
"[4.136, 4.1370000000000005)",0.0491575,4.08
"[4.138, 4.139)",0.000540833,4.081
"[4.139, 4.14)",0.0265111,4.082
"[4.14, 4.141)",0.00367197,4.083
"[4.141, 4.142)",0.0014332065,4.084
"[4.142, 4.143)",0.012546446,4.085
"[4.143, 4.144)",0.0020600057499999998,4.086
"[4.144, 4.1450000000000005)",0.01986407325,4.087
"[4.1450000000000005, 4.146)",0.10450770000000001,4.088
"[4.146, 4.147)",0.0014332065,4.089
"[4.148, 4.149)",0.000294118,4.09
"[4.149, 4.15)",0.00185925,4.091
"[4.154, 4.155)",0.00121786,4.092
"[4.155, 4.156)",0.045424545000000004,4.093
"[4.156, 4.157)",0.00298151,4.094
"[4.157, 4.158)",0.031498700000000004,4.095
"[4.158, 4.159)",0.00232558,4.096
"[4.16, 4.1610000000000005)",0.0045,4.097
"[4.162, 4.163)",0.00775194,4.098
"[4.164, 4.165)",0.00177276,4.099
"[4.166, 4.167)",0.000540833,4.1
"[4.167, 4.168)",0.0265111,4.101
"[4.17, 4.171)",0.0175754,4.102
"[4.171, 4.172)",0.00367197,4.103
"[4.174, 4.175)",0.0237924,4.104
"[4.188, 4.189)",0.0128205,4.105
"[4.191, 4.192)",0.01,4.106
"[4.195, 4.196)",0.0333333,4.107
"[4.198, 4.199)",0.00232558,4.108
"[4.2, 4.2010000000000005)",0.0200474,4.109
"[4.202, 4.203)",0.0436518,4.11
"[4.204, 4.205)",0.0157895,4.111
"[4.214, 4.215)",0.00610501,4.112
"[4.2170000000000005, 4.218)",0.0047619,4.113
"[4.22, 4.221)",0.00610501,4.114
"[4.221, 4.222)",0.1373165,4.115
"[4.222, 4.223)",0.0047619,4.116
"[4.223, 4.224)",0.058892255000000004,4.117
"[4.224, 4.225)",0.00696396,4.118
"[4.225, 4.226)",0.00232558,4.119
"[4.226, 4.227)",0.030391770000000002,4.12
"[4.227, 4.228)",0.0425197,4.121
"[4.228, 4.229)",0.0207865,4.122
"[4.229, 4.23)",0.00775194,4.123
"[4.23, 4.231)",0.00110742,4.124
"[4.231, 4.232)",0.0266984,4.125
"[4.236, 4.237)",0.00110294,4.126
"[4.245, 4.246)",0.0411184,4.127
