bin,R2_mean,dist
,0.10221750935284794,0.0
"[0.0, 0.001)",0.07562208214555947,0.001
"[0.001, 0.002)",0.0760502325087751,0.002
"[0.002, 0.003)",0.07054961758075175,0.003
"[0.003, 0.004)",0.06682234870875699,0.004
"[0.004, 0.005)",0.07011053704594133,0.005
"[0.005, 0.006)",0.06294550328807319,0.006
"[0.006, 0.007)",0.06072827104401417,0.007
"[0.007, 0.008)",0.06104183398477528,0.008
"[0.008, 0.009000000000000001)",0.057563421200397986,0.009
"[0.009000000000000001, 0.01)",0.059486337784830035,0.01
"[0.01, 0.011)",0.058814092076311754,0.011
"[0.011, 0.012)",0.05525391546409298,0.012
"[0.012, 0.013000000000000001)",0.05212987674660244,0.013
"[0.013000000000000001, 0.014)",0.05568985222384679,0.014
"[0.014, 0.015)",0.055886300350373216,0.015
"[0.015, 0.016)",0.05286001159928385,0.016
"[0.016, 0.017)",0.055184502378526235,0.017
"[0.017, 0.018000000000000002)",0.04947040514178785,0.018
"[0.018000000000000002, 0.019)",0.04878215382483178,0.019
"[0.019, 0.02)",0.052609764773149874,0.02
"[0.02, 0.021)",0.05380025585133079,0.021
"[0.021, 0.022)",0.054014046842258155,0.022
"[0.022, 0.023)",0.046967234712673486,0.023
"[0.023, 0.024)",0.05171683580215808,0.024
"[0.024, 0.025)",0.04798216193559825,0.025
"[0.025, 0.026000000000000002)",0.045611211865096604,0.026
"[0.026000000000000002, 0.027)",0.04731979904716776,0.027
"[0.027, 0.028)",0.04967311041401434,0.028
"[0.028, 0.029)",0.04753875761877258,0.029
"[0.029, 0.03)",0.04971586095393238,0.03
"[0.03, 0.031)",0.05071801792535079,0.031
"[0.031, 0.032)",0.044487227959073325,0.032
"[0.032, 0.033)",0.05175248127324644,0.033
"[0.033, 0.034)",0.04646213614355436,0.034
"[0.034, 0.035)",0.0468380508601041,0.035
"[0.035, 0.036000000000000004)",0.0430037482412887,0.036
"[0.036000000000000004, 0.037)",0.0453228898795755,0.037
"[0.037, 0.038)",0.051145065293481756,0.038
"[0.038, 0.039)",0.04912346310425137,0.039
"[0.039, 0.04)",0.04728924069598092,0.04
"[0.04, 0.041)",0.047730497836089625,0.041
"[0.041, 0.042)",0.04392806335673584,0.042
"[0.042, 0.043000000000000003)",0.04163012981944258,0.043
"[0.043000000000000003, 0.044)",0.046150410161616834,0.044
"[0.044, 0.045)",0.04257063324792253,0.045
"[0.045, 0.046)",0.04217806430898173,0.046
"[0.046, 0.047)",0.03985118661046883,0.047
"[0.047, 0.048)",0.040595994482708654,0.048
"[0.048, 0.049)",0.043407745202820355,0.049
"[0.049, 0.05)",0.04031052824321953,0.05
"[0.05, 0.051000000000000004)",0.04234523823584836,0.051
"[0.051000000000000004, 0.052000000000000005)",0.04559607538857145,0.052
"[0.052000000000000005, 0.053)",0.04136517967288187,0.053
"[0.053, 0.054)",0.045795068549515185,0.054
"[0.054, 0.055)",0.04204177888531954,0.055
"[0.055, 0.056)",0.04650288810042731,0.056
"[0.056, 0.057)",0.04310214225505413,0.057
"[0.057, 0.058)",0.043701942099870356,0.058
"[0.058, 0.059000000000000004)",0.04104815105833142,0.059
"[0.059000000000000004, 0.06)",0.04170014045521773,0.06
"[0.06, 0.061)",0.04029735605556072,0.061
"[0.061, 0.062)",0.03707383098853574,0.062
"[0.062, 0.063)",0.04194004772394525,0.063
"[0.063, 0.064)",0.03947469973259034,0.064
"[0.064, 0.065)",0.04108457256361011,0.065
"[0.065, 0.066)",0.04247666064673078,0.066
"[0.066, 0.067)",0.04136965093120565,0.067
"[0.067, 0.068)",0.04295082736478859,0.068
"[0.068, 0.069)",0.0410510156436758,0.069
"[0.069, 0.07)",0.039328746002165155,0.07
"[0.07, 0.07100000000000001)",0.0437158898513734,0.071
"[0.07100000000000001, 0.07200000000000001)",0.0374397822438842,0.072
"[0.07200000000000001, 0.073)",0.0424512182448252,0.073
"[0.073, 0.074)",0.0432250040878564,0.074
"[0.074, 0.075)",0.04395885942918369,0.075
"[0.075, 0.076)",0.04084395335882116,0.076
"[0.076, 0.077)",0.03899356356917243,0.077
"[0.077, 0.078)",0.03873387439322368,0.078
"[0.078, 0.079)",0.040535450060008124,0.079
"[0.079, 0.08)",0.043402918928067726,0.08
"[0.08, 0.081)",0.041752523877948824,0.081
"[0.081, 0.082)",0.04143399001954233,0.082
"[0.082, 0.083)",0.03937877444864542,0.083
"[0.083, 0.084)",0.03792302407257138,0.084
"[0.084, 0.085)",0.03980882843764044,0.085
"[0.085, 0.08600000000000001)",0.03909923224825932,0.086
"[0.08600000000000001, 0.08700000000000001)",0.03876599541084691,0.087
"[0.08700000000000001, 0.088)",0.0374864823683799,0.088
"[0.088, 0.089)",0.04128816884003905,0.089
"[0.089, 0.09)",0.03781744053645428,0.09
"[0.09, 0.091)",0.03997638611367522,0.091
"[0.091, 0.092)",0.039684151844237216,0.092
"[0.092, 0.093)",0.04003619396666663,0.093
"[0.093, 0.094)",0.03393502069375436,0.094
"[0.094, 0.095)",0.03746302796581444,0.095
"[0.095, 0.096)",0.03571549940292046,0.096
"[0.096, 0.097)",0.03602660990261762,0.097
"[0.097, 0.098)",0.036367744287960725,0.098
"[0.098, 0.099)",0.03606989889112565,0.099
"[0.099, 0.1)",0.03820322851985208,0.1
"[0.1, 0.101)",0.03798178578147044,0.101
"[0.101, 0.10200000000000001)",0.035258417603094415,0.102
"[0.10200000000000001, 0.10300000000000001)",0.03683454729714913,0.103
"[0.10300000000000001, 0.10400000000000001)",0.033779320630307176,0.104
"[0.10400000000000001, 0.105)",0.0355125806307688,0.105
"[0.105, 0.106)",0.038620400476045064,0.106
"[0.106, 0.107)",0.03741289220466101,0.107
"[0.107, 0.108)",0.039593477190675866,0.108
"[0.108, 0.109)",0.03731026874416228,0.109
"[0.109, 0.11)",0.0352804333894332,0.11
"[0.11, 0.111)",0.033846868233492075,0.111
"[0.111, 0.112)",0.037630044893494974,0.112
"[0.112, 0.113)",0.03899331806437006,0.113
"[0.113, 0.114)",0.03542488202175035,0.114
"[0.114, 0.115)",0.037372033617695775,0.115
"[0.115, 0.116)",0.038852496960740744,0.116
"[0.116, 0.117)",0.035746931525323364,0.117
"[0.117, 0.11800000000000001)",0.0369168422248236,0.118
"[0.11800000000000001, 0.11900000000000001)",0.038808219660813444,0.119
"[0.11900000000000001, 0.12)",0.04391567951266591,0.12
"[0.12, 0.121)",0.034798334208009846,0.121
"[0.121, 0.122)",0.034182858213641074,0.122
"[0.122, 0.123)",0.038625838716192,0.123
"[0.123, 0.124)",0.03837231131969468,0.124
"[0.124, 0.125)",0.037212942850058967,0.125
"[0.125, 0.126)",0.03966763988069425,0.126
"[0.126, 0.127)",0.035571647170203245,0.127
"[0.127, 0.128)",0.03657364184131771,0.128
"[0.128, 0.129)",0.03584002467268186,0.129
"[0.129, 0.13)",0.03761484182271069,0.13
"[0.13, 0.131)",0.03349656299222627,0.131
"[0.131, 0.132)",0.03568293523717884,0.132
"[0.132, 0.133)",0.03608441223237878,0.133
"[0.133, 0.134)",0.03692460143968017,0.134
"[0.134, 0.135)",0.03906244683242939,0.135
"[0.135, 0.136)",0.03670206638854838,0.136
"[0.136, 0.137)",0.03523158572437378,0.137
"[0.137, 0.138)",0.03863216372498314,0.138
"[0.138, 0.139)",0.035730430413181954,0.139
"[0.139, 0.14)",0.0374204084452325,0.14
"[0.14, 0.14100000000000001)",0.037310954779112115,0.141
"[0.14100000000000001, 0.14200000000000002)",0.041312375313760176,0.142
"[0.14200000000000002, 0.14300000000000002)",0.03870988652656484,0.143
"[0.14300000000000002, 0.14400000000000002)",0.03483507320130024,0.144
"[0.14400000000000002, 0.145)",0.03658487425958208,0.145
"[0.145, 0.146)",0.03736366877057892,0.146
"[0.146, 0.147)",0.03938301164297363,0.147
"[0.147, 0.148)",0.03779875109104534,0.148
"[0.148, 0.149)",0.031040022126461984,0.149
"[0.149, 0.15)",0.03963710550699404,0.15
"[0.15, 0.151)",0.03755653183817408,0.151
"[0.151, 0.152)",0.0346011573004965,0.152
"[0.152, 0.153)",0.03805601350066373,0.153
"[0.153, 0.154)",0.04108459449630025,0.154
"[0.154, 0.155)",0.034536832885122284,0.155
"[0.155, 0.156)",0.03402345297500001,0.156
"[0.156, 0.157)",0.03474414606418338,0.157
"[0.157, 0.158)",0.03702996701357042,0.158
"[0.158, 0.159)",0.03610949751322475,0.159
"[0.159, 0.16)",0.03606623837563409,0.16
"[0.16, 0.161)",0.03840171030925471,0.161
"[0.161, 0.162)",0.03985512230529379,0.162
"[0.162, 0.163)",0.03599272602850847,0.163
"[0.163, 0.164)",0.036642629587888276,0.164
"[0.164, 0.165)",0.03562119887969198,0.165
"[0.165, 0.166)",0.03700028482779442,0.166
"[0.166, 0.167)",0.037832583041465494,0.167
"[0.167, 0.168)",0.03449376835842263,0.168
"[0.168, 0.169)",0.03641606709474168,0.169
"[0.169, 0.17)",0.03298459722289687,0.17
"[0.17, 0.171)",0.037124757222080834,0.171
"[0.171, 0.17200000000000001)",0.03729730485969929,0.172
"[0.17200000000000001, 0.17300000000000001)",0.036316313251456,0.173
"[0.17300000000000001, 0.17400000000000002)",0.03823652176120271,0.174
"[0.17400000000000002, 0.17500000000000002)",0.03921300516813625,0.175
"[0.17500000000000002, 0.176)",0.03431137688078872,0.176
"[0.176, 0.177)",0.034288841283797854,0.177
"[0.177, 0.178)",0.03084547524771867,0.178
"[0.178, 0.179)",0.035952168528292534,0.179
"[0.179, 0.18)",0.03588164433803746,0.18
"[0.18, 0.181)",0.03826525164104043,0.181
"[0.181, 0.182)",0.032130139020586784,0.182
"[0.182, 0.183)",0.03330850022121206,0.183
"[0.183, 0.184)",0.03687171932067607,0.184
"[0.184, 0.185)",0.033810529361777364,0.185
"[0.185, 0.186)",0.032860046596754657,0.186
"[0.186, 0.187)",0.03710200403607474,0.187
"[0.187, 0.188)",0.03775443427192336,0.188
"[0.188, 0.189)",0.038481205625459584,0.189
"[0.189, 0.19)",0.03471670251613208,0.19
"[0.19, 0.191)",0.03693512951696043,0.191
"[0.191, 0.192)",0.032277917125695686,0.192
"[0.192, 0.193)",0.03282951908926662,0.193
"[0.193, 0.194)",0.03495106804399114,0.194
"[0.194, 0.195)",0.032395124857895634,0.195
"[0.195, 0.196)",0.02856424721429219,0.196
"[0.196, 0.197)",0.03360696077472183,0.197
"[0.197, 0.198)",0.032071136532819754,0.198
"[0.198, 0.199)",0.036509562872824905,0.199
"[0.199, 0.2)",0.03347895947022236,0.2
"[0.2, 0.201)",0.03317025409738093,0.201
"[0.201, 0.202)",0.03308876067053001,0.202
"[0.202, 0.203)",0.03199606653341631,0.203
"[0.203, 0.20400000000000001)",0.03572723434681083,0.204
"[0.20400000000000001, 0.20500000000000002)",0.03787693990608816,0.205
"[0.20500000000000002, 0.20600000000000002)",0.03257296773865715,0.206
"[0.20600000000000002, 0.20700000000000002)",0.035545828926222225,0.207
"[0.20700000000000002, 0.20800000000000002)",0.030888959876245268,0.208
"[0.20800000000000002, 0.209)",0.03902914951050764,0.209
"[0.209, 0.21)",0.032122242930449116,0.21
"[0.21, 0.211)",0.02893915663263794,0.211
"[0.211, 0.212)",0.03419393533192143,0.212
"[0.212, 0.213)",0.03560480820293099,0.213
"[0.213, 0.214)",0.03020970619597236,0.214
"[0.214, 0.215)",0.03337385976969892,0.215
"[0.215, 0.216)",0.03237971856030181,0.216
"[0.216, 0.217)",0.0333814940084586,0.217
"[0.217, 0.218)",0.036691492510951815,0.218
"[0.218, 0.219)",0.03272119122000461,0.219
"[0.219, 0.22)",0.033596638781982734,0.22
"[0.22, 0.221)",0.03432721942710377,0.221
"[0.221, 0.222)",0.0385265749469364,0.222
"[0.222, 0.223)",0.033251657206115975,0.223
"[0.223, 0.224)",0.03325823627082026,0.224
"[0.224, 0.225)",0.03160372674976954,0.225
"[0.225, 0.226)",0.03352682901957037,0.226
"[0.226, 0.227)",0.03026921295272183,0.227
"[0.227, 0.228)",0.03454016157772112,0.228
"[0.228, 0.229)",0.03127184803992923,0.229
"[0.229, 0.23)",0.02986889450246259,0.23
"[0.23, 0.231)",0.030731158576966493,0.231
"[0.231, 0.232)",0.03434946378015798,0.232
"[0.232, 0.233)",0.034378023763317764,0.233
"[0.233, 0.234)",0.0306877869729168,0.234
"[0.234, 0.23500000000000001)",0.03594992748761557,0.235
"[0.23500000000000001, 0.23600000000000002)",0.030838639164014553,0.236
"[0.23600000000000002, 0.23700000000000002)",0.03398770660060498,0.237
"[0.23700000000000002, 0.23800000000000002)",0.03593272698014488,0.238
"[0.23800000000000002, 0.23900000000000002)",0.03668581284600835,0.239
"[0.23900000000000002, 0.24)",0.031617119288183886,0.24
"[0.24, 0.241)",0.03473357637566534,0.241
"[0.241, 0.242)",0.0321335391591353,0.242
"[0.242, 0.243)",0.03191030316185553,0.243
"[0.243, 0.244)",0.030473860350618612,0.244
"[0.244, 0.245)",0.030704479745315878,0.245
"[0.245, 0.246)",0.03328200420163866,0.246
"[0.246, 0.247)",0.04009138997398997,0.247
"[0.247, 0.248)",0.03633434557883784,0.248
"[0.248, 0.249)",0.03633640564170271,0.249
"[0.249, 0.25)",0.03639252818203347,0.25
"[0.25, 0.251)",0.033305078198503806,0.251
"[0.251, 0.252)",0.03236701512625064,0.252
"[0.252, 0.253)",0.033375500501907115,0.253
"[0.253, 0.254)",0.031538297628897184,0.254
"[0.254, 0.255)",0.03207848310224944,0.255
"[0.255, 0.256)",0.031992794277510964,0.256
"[0.256, 0.257)",0.03253442175121974,0.257
"[0.257, 0.258)",0.03710034420105947,0.258
"[0.258, 0.259)",0.032571874892282304,0.259
"[0.259, 0.26)",0.032437663453277206,0.26
"[0.26, 0.261)",0.03497610058507615,0.261
"[0.261, 0.262)",0.0345190325764339,0.262
"[0.262, 0.263)",0.028015726329129267,0.263
"[0.263, 0.264)",0.034170535158319956,0.264
"[0.264, 0.265)",0.03330678407506231,0.265
"[0.265, 0.266)",0.03476654902580283,0.266
"[0.266, 0.267)",0.03499306612915984,0.267
"[0.267, 0.268)",0.03371664812397036,0.268
"[0.268, 0.269)",0.03166961720228816,0.269
"[0.269, 0.27)",0.032611510269379404,0.27
"[0.27, 0.271)",0.03214265473736006,0.271
"[0.271, 0.272)",0.03480755803115384,0.272
"[0.272, 0.273)",0.03794175386705296,0.273
"[0.273, 0.274)",0.031206532713905562,0.274
"[0.274, 0.275)",0.0315049131776729,0.275
"[0.275, 0.276)",0.031881603296184516,0.276
"[0.276, 0.277)",0.03505872729950921,0.277
"[0.277, 0.278)",0.031448732016180356,0.278
"[0.278, 0.279)",0.03422175936005286,0.279
"[0.279, 0.28)",0.03497987267208453,0.28
"[0.28, 0.281)",0.033144086165636785,0.281
"[0.281, 0.28200000000000003)",0.029058335266545263,0.282
"[0.28200000000000003, 0.28300000000000003)",0.03276198199445017,0.283
"[0.28300000000000003, 0.28400000000000003)",0.032654412089287155,0.284
"[0.28400000000000003, 0.28500000000000003)",0.03286480233970974,0.285
"[0.28500000000000003, 0.28600000000000003)",0.03587616220361726,0.286
"[0.28600000000000003, 0.28700000000000003)",0.03417956079028487,0.287
"[0.28700000000000003, 0.28800000000000003)",0.03210452556978525,0.288
"[0.28800000000000003, 0.289)",0.03542852581451075,0.289
"[0.289, 0.29)",0.030951093375843862,0.29
"[0.29, 0.291)",0.0352086179832423,0.291
"[0.291, 0.292)",0.03275399431218057,0.292
"[0.292, 0.293)",0.03535624988231806,0.293
"[0.293, 0.294)",0.030864759038799712,0.294
"[0.294, 0.295)",0.0268999109859434,0.295
"[0.295, 0.296)",0.033045430719613154,0.296
"[0.296, 0.297)",0.03465032420103708,0.297
"[0.297, 0.298)",0.031275325227532166,0.298
"[0.298, 0.299)",0.0379958257913425,0.299
"[0.299, 0.3)",0.03523622095571112,0.3
"[0.3, 0.301)",0.029715458671326144,0.301
"[0.301, 0.302)",0.03498823348238966,0.302
"[0.302, 0.303)",0.036733317982080856,0.303
"[0.303, 0.304)",0.03160645760236225,0.304
"[0.304, 0.305)",0.0319518791249579,0.305
"[0.305, 0.306)",0.03374142149387644,0.306
"[0.306, 0.307)",0.03664528484442152,0.307
"[0.307, 0.308)",0.03399781168414186,0.308
"[0.308, 0.309)",0.03111427741729917,0.309
"[0.309, 0.31)",0.034417307618468077,0.31
"[0.31, 0.311)",0.03332691571312384,0.311
"[0.311, 0.312)",0.03489914333797172,0.312
"[0.312, 0.313)",0.031764391177604254,0.313
"[0.313, 0.314)",0.03363562433257041,0.314
"[0.314, 0.315)",0.030736139561623535,0.315
"[0.315, 0.316)",0.034546483037145144,0.316
"[0.316, 0.317)",0.03334353499782697,0.317
"[0.317, 0.318)",0.03369731481245963,0.318
"[0.318, 0.319)",0.030600301545472754,0.319
"[0.319, 0.32)",0.031102105460521393,0.32
"[0.32, 0.321)",0.032167828596988766,0.321
"[0.321, 0.322)",0.03430872745821906,0.322
"[0.322, 0.323)",0.03253447418873945,0.323
"[0.323, 0.324)",0.03307647843903027,0.324
"[0.324, 0.325)",0.032648817043646125,0.325
"[0.325, 0.326)",0.03340641698659086,0.326
"[0.326, 0.327)",0.03296876423343541,0.327
"[0.327, 0.328)",0.03225976451800419,0.328
"[0.328, 0.329)",0.03275836254361518,0.329
"[0.329, 0.33)",0.03160245629240413,0.33
"[0.33, 0.331)",0.03786505412390079,0.331
"[0.331, 0.332)",0.03508087750269488,0.332
"[0.332, 0.333)",0.030643740831131524,0.333
"[0.333, 0.334)",0.0338626301788303,0.334
"[0.334, 0.335)",0.03311395400557072,0.335
"[0.335, 0.336)",0.033264083160867285,0.336
"[0.336, 0.337)",0.029509540938678983,0.337
"[0.337, 0.338)",0.0291625437580666,0.338
"[0.338, 0.339)",0.03699114451468338,0.339
"[0.339, 0.34)",0.037265130533867964,0.34
"[0.34, 0.341)",0.03182670800035728,0.341
"[0.341, 0.342)",0.0383993182209867,0.342
"[0.342, 0.343)",0.027327322832125498,0.343
"[0.343, 0.34400000000000003)",0.03487293699437489,0.344
"[0.34400000000000003, 0.34500000000000003)",0.03429230622910565,0.345
"[0.34500000000000003, 0.34600000000000003)",0.03321757091433838,0.346
"[0.34600000000000003, 0.34700000000000003)",0.03181103885618378,0.347
"[0.34700000000000003, 0.34800000000000003)",0.030902431309722946,0.348
"[0.34800000000000003, 0.34900000000000003)",0.03364226905416422,0.349
"[0.34900000000000003, 0.35000000000000003)",0.02984089311819044,0.35
"[0.35000000000000003, 0.35100000000000003)",0.03114281955762499,0.351
"[0.35100000000000003, 0.352)",0.03282116427077007,0.352
"[0.352, 0.353)",0.03472588645528542,0.353
"[0.353, 0.354)",0.031038700088622504,0.354
"[0.354, 0.355)",0.03316816943113112,0.355
"[0.355, 0.356)",0.03574906385059125,0.356
"[0.356, 0.357)",0.03270518109646105,0.357
"[0.357, 0.358)",0.03287086875454076,0.358
"[0.358, 0.359)",0.03260759861865581,0.359
"[0.359, 0.36)",0.03301702933948251,0.36
"[0.36, 0.361)",0.03310721510969408,0.361
"[0.361, 0.362)",0.03218522040306407,0.362
"[0.362, 0.363)",0.03008072364086119,0.363
"[0.363, 0.364)",0.029331696004108645,0.364
"[0.364, 0.365)",0.03191932558519832,0.365
"[0.365, 0.366)",0.03420598826324881,0.366
"[0.366, 0.367)",0.03235734980130693,0.367
"[0.367, 0.368)",0.03367580585750591,0.368
"[0.368, 0.369)",0.03154231337988748,0.369
"[0.369, 0.37)",0.02954178420463597,0.37
"[0.37, 0.371)",0.03058435810779728,0.371
"[0.371, 0.372)",0.031784753660054225,0.372
"[0.372, 0.373)",0.03286906433240514,0.373
"[0.373, 0.374)",0.03359773922416905,0.374
"[0.374, 0.375)",0.028696137089301178,0.375
"[0.375, 0.376)",0.032482516719687396,0.376
"[0.376, 0.377)",0.031025566277984296,0.377
"[0.377, 0.378)",0.03435839110768946,0.378
"[0.378, 0.379)",0.03148475949714354,0.379
"[0.379, 0.38)",0.03258432247296376,0.38
"[0.38, 0.381)",0.030134579676068644,0.381
"[0.381, 0.382)",0.03306920238277228,0.382
"[0.382, 0.383)",0.035095407077697066,0.383
"[0.383, 0.384)",0.030681877021785105,0.384
"[0.384, 0.385)",0.034351647345627914,0.385
"[0.385, 0.386)",0.032502726411839884,0.386
"[0.386, 0.387)",0.03793567241164527,0.387
"[0.387, 0.388)",0.030199220008949333,0.388
"[0.388, 0.389)",0.032241409644524606,0.389
"[0.389, 0.39)",0.03028915595205988,0.39
"[0.39, 0.391)",0.034834300854784464,0.391
"[0.391, 0.392)",0.03153443588900569,0.392
"[0.392, 0.393)",0.030195710035556173,0.393
"[0.393, 0.394)",0.030961297593026564,0.394
"[0.394, 0.395)",0.02691915387938249,0.395
"[0.395, 0.396)",0.034053963503470217,0.396
"[0.396, 0.397)",0.032070030210477024,0.397
"[0.397, 0.398)",0.030561300789649675,0.398
"[0.398, 0.399)",0.030537677971830574,0.399
"[0.399, 0.4)",0.02845835153562034,0.4
"[0.4, 0.401)",0.02870825814164336,0.401
"[0.401, 0.402)",0.029172666105375864,0.402
"[0.402, 0.403)",0.03141153459187969,0.403
"[0.403, 0.404)",0.03224717580147328,0.404
"[0.404, 0.405)",0.030376037722095454,0.405
"[0.405, 0.406)",0.029605134958839877,0.406
"[0.406, 0.40700000000000003)",0.038834511927851256,0.407
"[0.40700000000000003, 0.40800000000000003)",0.030736859491256166,0.408
"[0.40800000000000003, 0.40900000000000003)",0.033981179377917316,0.409
"[0.40900000000000003, 0.41000000000000003)",0.02908677312007427,0.41
"[0.41000000000000003, 0.41100000000000003)",0.029034192987540574,0.411
"[0.41100000000000003, 0.41200000000000003)",0.03121818169571164,0.412
"[0.41200000000000003, 0.41300000000000003)",0.032359145387943766,0.413
"[0.41300000000000003, 0.41400000000000003)",0.03312940867174993,0.414
"[0.41400000000000003, 0.41500000000000004)",0.031688446136448,0.415
"[0.41500000000000004, 0.41600000000000004)",0.028464171938598296,0.416
"[0.41600000000000004, 0.417)",0.027245578578673803,0.417
"[0.417, 0.418)",0.03315763542771061,0.418
"[0.418, 0.419)",0.031431155360509326,0.419
"[0.419, 0.42)",0.03721200339364714,0.42
"[0.42, 0.421)",0.03282476712841692,0.421
"[0.421, 0.422)",0.03249627522959233,0.422
"[0.422, 0.423)",0.0331408707279426,0.423
"[0.423, 0.424)",0.03245043623144277,0.424
"[0.424, 0.425)",0.03246040010421431,0.425
"[0.425, 0.426)",0.030883643243865597,0.426
"[0.426, 0.427)",0.03562056267552309,0.427
"[0.427, 0.428)",0.030607293884655783,0.428
"[0.428, 0.429)",0.03616975306151886,0.429
"[0.429, 0.43)",0.035536129146433115,0.43
"[0.43, 0.431)",0.03264139934573541,0.431
"[0.431, 0.432)",0.03229748985412305,0.432
"[0.432, 0.433)",0.03161265392696947,0.433
"[0.433, 0.434)",0.033484502099951394,0.434
"[0.434, 0.435)",0.03088985523134232,0.435
"[0.435, 0.436)",0.029447004320384364,0.436
"[0.436, 0.437)",0.03027369510689613,0.437
"[0.437, 0.438)",0.03190042826786769,0.438
"[0.438, 0.439)",0.031138001521634245,0.439
"[0.439, 0.44)",0.03186525346018108,0.44
"[0.44, 0.441)",0.0277896455220023,0.441
"[0.441, 0.442)",0.03185110433970809,0.442
"[0.442, 0.443)",0.029693312063050058,0.443
"[0.443, 0.444)",0.028579683266687715,0.444
"[0.444, 0.445)",0.03309441359042787,0.445
"[0.445, 0.446)",0.031407156418593256,0.446
"[0.446, 0.447)",0.031553569684739866,0.447
"[0.447, 0.448)",0.03060530195589116,0.448
"[0.448, 0.449)",0.031966791105744456,0.449
"[0.449, 0.45)",0.030436902495786587,0.45
"[0.45, 0.451)",0.033811761690150474,0.451
"[0.451, 0.452)",0.031448217598321684,0.452
"[0.452, 0.453)",0.033490140393094905,0.453
"[0.453, 0.454)",0.028947834252725627,0.454
"[0.454, 0.455)",0.030832234046601244,0.455
"[0.455, 0.456)",0.030224880075739,0.456
"[0.456, 0.457)",0.03062645493214237,0.457
"[0.457, 0.458)",0.03444290137835105,0.458
"[0.458, 0.459)",0.030348126579304194,0.459
"[0.459, 0.46)",0.03135116598704439,0.46
"[0.46, 0.461)",0.033718072660939714,0.461
"[0.461, 0.462)",0.03248937407824534,0.462
"[0.462, 0.463)",0.030433541040380787,0.463
"[0.463, 0.464)",0.03471959282114037,0.464
"[0.464, 0.465)",0.02795819816432513,0.465
"[0.465, 0.466)",0.032912963763210346,0.466
"[0.466, 0.467)",0.025243286170573226,0.467
"[0.467, 0.468)",0.03306144151997552,0.468
"[0.468, 0.46900000000000003)",0.02970204717749083,0.469
"[0.46900000000000003, 0.47000000000000003)",0.02993244610390046,0.47
"[0.47000000000000003, 0.47100000000000003)",0.030288750409267602,0.471
"[0.47100000000000003, 0.47200000000000003)",0.03345410465361724,0.472
"[0.47200000000000003, 0.47300000000000003)",0.030253177807283146,0.473
"[0.47300000000000003, 0.47400000000000003)",0.033526703129064556,0.474
"[0.47400000000000003, 0.47500000000000003)",0.029053925808099904,0.475
"[0.47500000000000003, 0.47600000000000003)",0.033296178242875424,0.476
"[0.47600000000000003, 0.47700000000000004)",0.03462025321697727,0.477
"[0.47700000000000004, 0.47800000000000004)",0.033571594041167135,0.478
"[0.47800000000000004, 0.47900000000000004)",0.030093999290855152,0.479
"[0.47900000000000004, 0.48)",0.029929881053616946,0.48
"[0.48, 0.481)",0.028420966609987323,0.481
"[0.481, 0.482)",0.03311924521127132,0.482
"[0.482, 0.483)",0.029147927522867396,0.483
"[0.483, 0.484)",0.03296213346621026,0.484
"[0.484, 0.485)",0.03126927877217096,0.485
"[0.485, 0.486)",0.027255111243997494,0.486
"[0.486, 0.487)",0.03475796195128569,0.487
"[0.487, 0.488)",0.03312944888773758,0.488
"[0.488, 0.489)",0.027974643099171727,0.489
"[0.489, 0.49)",0.02876972971323513,0.49
"[0.49, 0.491)",0.031146428943092927,0.491
"[0.491, 0.492)",0.03169925257311048,0.492
"[0.492, 0.493)",0.032411336333921154,0.493
"[0.493, 0.494)",0.032985576762805106,0.494
"[0.494, 0.495)",0.033131983578718875,0.495
"[0.495, 0.496)",0.031625271936386375,0.496
"[0.496, 0.497)",0.028526697614553002,0.497
"[0.497, 0.498)",0.030321292521146213,0.498
"[0.498, 0.499)",0.03156628686477697,0.499
"[0.499, 0.5)",0.03364064699029046,0.5
"[0.5, 0.501)",0.02909954609929572,0.501
"[0.501, 0.502)",0.029176261337812356,0.502
"[0.502, 0.503)",0.037093323685728215,0.503
"[0.503, 0.504)",0.03336491422320747,0.504
"[0.504, 0.505)",0.02781668084079663,0.505
"[0.505, 0.506)",0.032637462784536685,0.506
"[0.506, 0.507)",0.029730239557596766,0.507
"[0.507, 0.508)",0.029909236349458225,0.508
"[0.508, 0.509)",0.031090252140143552,0.509
"[0.509, 0.51)",0.02962454367405228,0.51
"[0.51, 0.511)",0.03415364597198672,0.511
"[0.511, 0.512)",0.03434779223384046,0.512
"[0.512, 0.513)",0.031295816524532,0.513
"[0.513, 0.514)",0.02980061432357462,0.514
"[0.514, 0.515)",0.031324396575055036,0.515
"[0.515, 0.516)",0.03167403572383716,0.516
"[0.516, 0.517)",0.032789402390221434,0.517
"[0.517, 0.518)",0.033194104163941834,0.518
"[0.518, 0.519)",0.034431802691072315,0.519
"[0.519, 0.52)",0.028372957127325862,0.52
"[0.52, 0.521)",0.03369644310019388,0.521
"[0.521, 0.522)",0.028938920756767024,0.522
"[0.522, 0.523)",0.02936859640814543,0.523
"[0.523, 0.524)",0.030026142413784235,0.524
"[0.524, 0.525)",0.03023345200247408,0.525
"[0.525, 0.526)",0.03219442104990974,0.526
"[0.526, 0.527)",0.029357338287570263,0.527
"[0.527, 0.528)",0.02977574028094106,0.528
"[0.528, 0.529)",0.029012219160882664,0.529
"[0.529, 0.53)",0.03182718410966316,0.53
"[0.53, 0.531)",0.031812361704699206,0.531
"[0.531, 0.532)",0.028230180443602194,0.532
"[0.532, 0.533)",0.03141111429410355,0.533
"[0.533, 0.534)",0.03388195008188969,0.534
"[0.534, 0.535)",0.03202363723833014,0.535
"[0.535, 0.536)",0.030327064773089076,0.536
"[0.536, 0.537)",0.02888670472720912,0.537
"[0.537, 0.538)",0.02703564587504701,0.538
"[0.538, 0.539)",0.029220780034081295,0.539
"[0.539, 0.54)",0.035737391362743426,0.54
"[0.54, 0.541)",0.030772301522200573,0.541
"[0.541, 0.542)",0.031238313135514433,0.542
"[0.542, 0.543)",0.0309672262207185,0.543
"[0.543, 0.544)",0.03204365754685725,0.544
"[0.544, 0.545)",0.030100289100871216,0.545
"[0.545, 0.546)",0.03582006983728351,0.546
"[0.546, 0.547)",0.02823259905822432,0.547
"[0.547, 0.548)",0.030042568112797912,0.548
"[0.548, 0.549)",0.03379349480591326,0.549
"[0.549, 0.55)",0.030404431846091318,0.55
"[0.55, 0.551)",0.030559080872914382,0.551
"[0.551, 0.552)",0.030272025875714263,0.552
"[0.552, 0.553)",0.029896519800390535,0.553
"[0.553, 0.554)",0.030650266768357654,0.554
"[0.554, 0.555)",0.027611205344968116,0.555
"[0.555, 0.556)",0.027525185857088148,0.556
"[0.556, 0.557)",0.025223030271998688,0.557
"[0.557, 0.558)",0.030793760775906696,0.558
"[0.558, 0.559)",0.028434019495987065,0.559
"[0.559, 0.56)",0.03791405786926422,0.56
"[0.56, 0.561)",0.03304908402123888,0.561
"[0.561, 0.562)",0.030171241715881602,0.562
"[0.562, 0.5630000000000001)",0.028360735355142653,0.563
"[0.5630000000000001, 0.5640000000000001)",0.02581749155556019,0.564
"[0.5640000000000001, 0.5650000000000001)",0.03157854662591885,0.565
"[0.5650000000000001, 0.5660000000000001)",0.0322911652442665,0.566
"[0.5660000000000001, 0.5670000000000001)",0.033227253118629306,0.567
"[0.5670000000000001, 0.5680000000000001)",0.030417594852007505,0.568
"[0.5680000000000001, 0.5690000000000001)",0.030319872484367613,0.569
"[0.5690000000000001, 0.5700000000000001)",0.033588490314819495,0.57
"[0.5700000000000001, 0.5710000000000001)",0.029926388882111684,0.571
"[0.5710000000000001, 0.5720000000000001)",0.03097282974941199,0.572
"[0.5720000000000001, 0.5730000000000001)",0.028573471162596807,0.573
"[0.5730000000000001, 0.5740000000000001)",0.02540716374485244,0.574
"[0.5740000000000001, 0.5750000000000001)",0.035147165649312806,0.575
"[0.5750000000000001, 0.5760000000000001)",0.03091416515597635,0.576
"[0.5760000000000001, 0.577)",0.034852771012611326,0.577
"[0.577, 0.578)",0.03241064254128015,0.578
"[0.578, 0.579)",0.02667943664771235,0.579
"[0.579, 0.58)",0.02875938631749829,0.58
"[0.58, 0.581)",0.030446791887968214,0.581
"[0.581, 0.582)",0.029176833296808584,0.582
"[0.582, 0.583)",0.027284743459298575,0.583
"[0.583, 0.584)",0.02722378534813141,0.584
"[0.584, 0.585)",0.03185636386542172,0.585
"[0.585, 0.586)",0.029518078412704037,0.586
"[0.586, 0.587)",0.03194639196331845,0.587
"[0.587, 0.588)",0.02960650099144942,0.588
"[0.588, 0.589)",0.028767687587882288,0.589
"[0.589, 0.59)",0.034147834426575485,0.59
"[0.59, 0.591)",0.03075840234645909,0.591
"[0.591, 0.592)",0.03344945624212277,0.592
"[0.592, 0.593)",0.02929364496895185,0.593
"[0.593, 0.594)",0.03663345115429546,0.594
"[0.594, 0.595)",0.03262738664158233,0.595
"[0.595, 0.596)",0.03343372534537065,0.596
"[0.596, 0.597)",0.025796441343971653,0.597
"[0.597, 0.598)",0.030006844783465124,0.598
"[0.598, 0.599)",0.029224798498829356,0.599
"[0.599, 0.6)",0.03209851864966572,0.6
"[0.6, 0.601)",0.03196872858961323,0.601
"[0.601, 0.602)",0.028473509886536314,0.602
"[0.602, 0.603)",0.031244369571277564,0.603
"[0.603, 0.604)",0.03511320504802579,0.604
"[0.604, 0.605)",0.03145401381696309,0.605
"[0.605, 0.606)",0.030225290292246725,0.606
"[0.606, 0.607)",0.03512126812044069,0.607
"[0.607, 0.608)",0.02967120081114843,0.608
"[0.608, 0.609)",0.032890486463401515,0.609
"[0.609, 0.61)",0.031216594061887596,0.61
"[0.61, 0.611)",0.0297211157976878,0.611
"[0.611, 0.612)",0.030611970849933397,0.612
"[0.612, 0.613)",0.03181159764871367,0.613
"[0.613, 0.614)",0.02647671160463144,0.614
"[0.614, 0.615)",0.03277306382120293,0.615
"[0.615, 0.616)",0.03250063123270573,0.616
"[0.616, 0.617)",0.027767212193156865,0.617
"[0.617, 0.618)",0.02966893952083755,0.618
"[0.618, 0.619)",0.03572644349873819,0.619
"[0.619, 0.62)",0.03263344354293743,0.62
"[0.62, 0.621)",0.033809292627856646,0.621
"[0.621, 0.622)",0.03276581933990467,0.622
"[0.622, 0.623)",0.03200187858168668,0.623
"[0.623, 0.624)",0.03378490301165081,0.624
"[0.624, 0.625)",0.03567165479845837,0.625
"[0.625, 0.626)",0.028961664613898673,0.626
"[0.626, 0.627)",0.032599130887824,0.627
"[0.627, 0.628)",0.02935595785075946,0.628
"[0.628, 0.629)",0.030753236863603803,0.629
"[0.629, 0.63)",0.033416588214549243,0.63
"[0.63, 0.631)",0.028551132650508803,0.631
"[0.631, 0.632)",0.032496219464951806,0.632
"[0.632, 0.633)",0.03352900758401403,0.633
"[0.633, 0.634)",0.03377602431207484,0.634
"[0.634, 0.635)",0.03129642497972967,0.635
"[0.635, 0.636)",0.03413905276764659,0.636
"[0.636, 0.637)",0.03178216433712612,0.637
"[0.637, 0.638)",0.028856203014974154,0.638
"[0.638, 0.639)",0.029119723549244466,0.639
"[0.639, 0.64)",0.030154029518604568,0.64
"[0.64, 0.641)",0.027631571307582824,0.641
"[0.641, 0.642)",0.032721046769203344,0.642
"[0.642, 0.643)",0.029019492282405416,0.643
"[0.643, 0.644)",0.03359765852382943,0.644
"[0.644, 0.645)",0.03534783405840688,0.645
"[0.645, 0.646)",0.033775557934756166,0.646
"[0.646, 0.647)",0.02924382857482123,0.647
"[0.647, 0.648)",0.031842592423669464,0.648
"[0.648, 0.649)",0.032810324744692046,0.649
"[0.649, 0.65)",0.034108646605810186,0.65
"[0.65, 0.651)",0.04013332548260362,0.651
"[0.651, 0.652)",0.03544715352061246,0.652
"[0.652, 0.653)",0.029314588163635642,0.653
"[0.653, 0.654)",0.03922468782360153,0.654
"[0.654, 0.655)",0.029936668696462613,0.655
"[0.655, 0.656)",0.03516926415204672,0.656
"[0.656, 0.657)",0.029102753643984906,0.657
"[0.657, 0.658)",0.031797801195168354,0.658
"[0.658, 0.659)",0.031020750687553136,0.659
"[0.659, 0.66)",0.03221994215331545,0.66
"[0.66, 0.661)",0.027766230942125603,0.661
"[0.661, 0.662)",0.03430989706017682,0.662
"[0.662, 0.663)",0.027044730843651017,0.663
"[0.663, 0.664)",0.03237533391647489,0.664
"[0.664, 0.665)",0.02902079798075695,0.665
"[0.665, 0.666)",0.027803499701776053,0.666
"[0.666, 0.667)",0.033559586463717365,0.667
"[0.667, 0.668)",0.03146568784835712,0.668
"[0.668, 0.669)",0.02943582609558476,0.669
"[0.669, 0.67)",0.02959904699382103,0.67
"[0.67, 0.671)",0.030994055288210778,0.671
"[0.671, 0.672)",0.03173731054094669,0.672
"[0.672, 0.673)",0.031369924537323186,0.673
"[0.673, 0.674)",0.029744631944362002,0.674
"[0.674, 0.675)",0.03453820340567274,0.675
"[0.675, 0.676)",0.030378781155240505,0.676
"[0.676, 0.677)",0.03161115706996954,0.677
"[0.677, 0.678)",0.03129691250469333,0.678
"[0.678, 0.679)",0.027440325854894664,0.679
"[0.679, 0.68)",0.03580535148426224,0.68
"[0.68, 0.681)",0.032911783980291286,0.681
"[0.681, 0.682)",0.03401357490737766,0.682
"[0.682, 0.683)",0.027614812863982156,0.683
"[0.683, 0.684)",0.03223964550849768,0.684
"[0.684, 0.685)",0.030300591085207974,0.685
"[0.685, 0.686)",0.03441963506037689,0.686
"[0.686, 0.687)",0.02977149284351323,0.687
"[0.687, 0.6880000000000001)",0.02896770930171562,0.688
"[0.6880000000000001, 0.6890000000000001)",0.031662688615875595,0.689
"[0.6890000000000001, 0.6900000000000001)",0.03425106843601787,0.69
"[0.6900000000000001, 0.6910000000000001)",0.031119997001865102,0.691
"[0.6910000000000001, 0.6920000000000001)",0.0335906750264982,0.692
"[0.6920000000000001, 0.6930000000000001)",0.032031133164375385,0.693
"[0.6930000000000001, 0.6940000000000001)",0.032595666881173026,0.694
"[0.6940000000000001, 0.6950000000000001)",0.03316105220003655,0.695
"[0.6950000000000001, 0.6960000000000001)",0.03226592608463139,0.696
"[0.6960000000000001, 0.6970000000000001)",0.032426863220930545,0.697
"[0.6970000000000001, 0.6980000000000001)",0.028720536898881814,0.698
"[0.6980000000000001, 0.6990000000000001)",0.03588835018269374,0.699
"[0.6990000000000001, 0.7000000000000001)",0.035987569694478985,0.7
"[0.7000000000000001, 0.7010000000000001)",0.032280564652705804,0.701
"[0.7010000000000001, 0.7020000000000001)",0.031431235999629055,0.702
"[0.7020000000000001, 0.7030000000000001)",0.029018427107935195,0.703
"[0.7030000000000001, 0.704)",0.031401305649577396,0.704
"[0.704, 0.705)",0.032607970857242485,0.705
"[0.705, 0.706)",0.02661972310031694,0.706
"[0.706, 0.707)",0.03040672155786041,0.707
"[0.707, 0.708)",0.03376997099265522,0.708
"[0.708, 0.709)",0.0289235770735614,0.709
"[0.709, 0.71)",0.02855656603800786,0.71
"[0.71, 0.711)",0.0373800377952815,0.711
"[0.711, 0.712)",0.028055154212652048,0.712
"[0.712, 0.713)",0.024474993448186818,0.713
"[0.713, 0.714)",0.02758259858498325,0.714
"[0.714, 0.715)",0.036469162965735366,0.715
"[0.715, 0.716)",0.0284804286593523,0.716
"[0.716, 0.717)",0.03405838959507204,0.717
"[0.717, 0.718)",0.026255605103027675,0.718
"[0.718, 0.719)",0.03216130489795274,0.719
"[0.719, 0.72)",0.0320397372321877,0.72
"[0.72, 0.721)",0.03196683340817665,0.721
"[0.721, 0.722)",0.029746193347563704,0.722
"[0.722, 0.723)",0.027073110193241712,0.723
"[0.723, 0.724)",0.03253165865330797,0.724
"[0.724, 0.725)",0.0343788002490771,0.725
"[0.725, 0.726)",0.03409546041450926,0.726
"[0.726, 0.727)",0.032268146156881436,0.727
"[0.727, 0.728)",0.029969410567943115,0.728
"[0.728, 0.729)",0.026883295991836573,0.729
"[0.729, 0.73)",0.03493445251193883,0.73
"[0.73, 0.731)",0.03277465050605582,0.731
"[0.731, 0.732)",0.03125385850542112,0.732
"[0.732, 0.733)",0.027066691812386388,0.733
"[0.733, 0.734)",0.030755292650074918,0.734
"[0.734, 0.735)",0.03260069066868189,0.735
"[0.735, 0.736)",0.03404512022845323,0.736
"[0.736, 0.737)",0.03168949887667614,0.737
"[0.737, 0.738)",0.033298182180095295,0.738
"[0.738, 0.739)",0.03351737629121807,0.739
"[0.739, 0.74)",0.0294363193494778,0.74
"[0.74, 0.741)",0.03199658607346697,0.741
"[0.741, 0.742)",0.030630819954497453,0.742
"[0.742, 0.743)",0.0317179850663967,0.743
"[0.743, 0.744)",0.030055696075265925,0.744
"[0.744, 0.745)",0.03318507856918381,0.745
"[0.745, 0.746)",0.03119033170489725,0.746
"[0.746, 0.747)",0.03604901450964365,0.747
"[0.747, 0.748)",0.03171698269500394,0.748
"[0.748, 0.749)",0.029759685096118847,0.749
"[0.749, 0.75)",0.033749101068214236,0.75
"[0.75, 0.751)",0.0313223660485749,0.751
"[0.751, 0.752)",0.028430490035395713,0.752
"[0.752, 0.753)",0.03189438673085366,0.753
"[0.753, 0.754)",0.03425779695537988,0.754
"[0.754, 0.755)",0.029691632915566778,0.755
"[0.755, 0.756)",0.031984143692181666,0.756
"[0.756, 0.757)",0.03420985320379046,0.757
"[0.757, 0.758)",0.030915534585387695,0.758
"[0.758, 0.759)",0.02921615771847301,0.759
"[0.759, 0.76)",0.03236668102391161,0.76
"[0.76, 0.761)",0.025015103425590594,0.761
"[0.761, 0.762)",0.031278695452592264,0.762
"[0.762, 0.763)",0.03424297878004803,0.763
"[0.763, 0.764)",0.03407378224096077,0.764
"[0.764, 0.765)",0.03467513983054006,0.765
"[0.765, 0.766)",0.028298918462735398,0.766
"[0.766, 0.767)",0.029999968643410264,0.767
"[0.767, 0.768)",0.03598015060895397,0.768
"[0.768, 0.769)",0.03230143017551331,0.769
"[0.769, 0.77)",0.03150648863054223,0.77
"[0.77, 0.771)",0.028257267001795056,0.771
"[0.771, 0.772)",0.030383001848723522,0.772
"[0.772, 0.773)",0.03273419696916339,0.773
"[0.773, 0.774)",0.027965064410604385,0.774
"[0.774, 0.775)",0.036121516752337206,0.775
"[0.775, 0.776)",0.03574819640192938,0.776
"[0.776, 0.777)",0.029458638597253447,0.777
"[0.777, 0.778)",0.029010561230723708,0.778
"[0.778, 0.779)",0.0299182871257637,0.779
"[0.779, 0.78)",0.03705725047333081,0.78
"[0.78, 0.781)",0.029263494668654064,0.781
"[0.781, 0.782)",0.032508991624590255,0.782
"[0.782, 0.783)",0.02988415431916217,0.783
"[0.783, 0.784)",0.03143675441255817,0.784
"[0.784, 0.785)",0.03615840028042149,0.785
"[0.785, 0.786)",0.031244872028330817,0.786
"[0.786, 0.787)",0.03368951976429114,0.787
"[0.787, 0.788)",0.03173299228218535,0.788
"[0.788, 0.789)",0.0322787024336714,0.789
"[0.789, 0.79)",0.03307595948743751,0.79
"[0.79, 0.791)",0.029749290182602056,0.791
"[0.791, 0.792)",0.02767052808926402,0.792
"[0.792, 0.793)",0.029750758330606804,0.793
"[0.793, 0.794)",0.03270682113539835,0.794
"[0.794, 0.795)",0.029905908321241854,0.795
"[0.795, 0.796)",0.03248542385814306,0.796
"[0.796, 0.797)",0.03305639499206896,0.797
"[0.797, 0.798)",0.034985963445560736,0.798
"[0.798, 0.799)",0.031302885919025164,0.799
"[0.799, 0.8)",0.028256309382780002,0.8
"[0.8, 0.801)",0.029213199864504918,0.801
"[0.801, 0.802)",0.03909319189947543,0.802
"[0.802, 0.803)",0.03319698862296133,0.803
"[0.803, 0.804)",0.03140491578786497,0.804
"[0.804, 0.805)",0.03346779294473018,0.805
"[0.805, 0.806)",0.03382032515155275,0.806
"[0.806, 0.807)",0.027121487402391866,0.807
"[0.807, 0.808)",0.029995902960935603,0.808
"[0.808, 0.809)",0.031887659420026755,0.809
"[0.809, 0.81)",0.031582296084460046,0.81
"[0.81, 0.811)",0.028800140909689086,0.811
"[0.811, 0.812)",0.030699001735237253,0.812
"[0.812, 0.8130000000000001)",0.029319353041534345,0.813
"[0.8130000000000001, 0.8140000000000001)",0.03037464947326141,0.814
"[0.8140000000000001, 0.8150000000000001)",0.0294876881422406,0.815
"[0.8150000000000001, 0.8160000000000001)",0.02776323218770948,0.816
"[0.8160000000000001, 0.8170000000000001)",0.030719275541308193,0.817
"[0.8170000000000001, 0.8180000000000001)",0.029911380077760546,0.818
"[0.8180000000000001, 0.8190000000000001)",0.03429556435814054,0.819
"[0.8190000000000001, 0.8200000000000001)",0.02872791600985756,0.82
"[0.8200000000000001, 0.8210000000000001)",0.030081906489211854,0.821
"[0.8210000000000001, 0.8220000000000001)",0.03575443213717608,0.822
"[0.8220000000000001, 0.8230000000000001)",0.029743263506897703,0.823
"[0.8230000000000001, 0.8240000000000001)",0.031796672142758574,0.824
"[0.8240000000000001, 0.8250000000000001)",0.029713625999449125,0.825
"[0.8250000000000001, 0.8260000000000001)",0.03598034966749362,0.826
"[0.8260000000000001, 0.8270000000000001)",0.029344901995706964,0.827
"[0.8270000000000001, 0.8280000000000001)",0.02990777451430266,0.828
"[0.8280000000000001, 0.8290000000000001)",0.029923574769556722,0.829
"[0.8290000000000001, 0.8300000000000001)",0.02711211858563397,0.83
"[0.8300000000000001, 0.8310000000000001)",0.03378051898864255,0.831
"[0.8310000000000001, 0.8320000000000001)",0.03271363439115043,0.832
"[0.8320000000000001, 0.833)",0.030559399463245204,0.833
"[0.833, 0.834)",0.0275357943211996,0.834
"[0.834, 0.835)",0.02914711869929511,0.835
"[0.835, 0.836)",0.026869441002508584,0.836
"[0.836, 0.837)",0.027541554242653574,0.837
"[0.837, 0.838)",0.02718600797965217,0.838
"[0.838, 0.839)",0.03156639089707155,0.839
"[0.839, 0.84)",0.036637143165122565,0.84
"[0.84, 0.841)",0.033783550922277236,0.841
"[0.841, 0.842)",0.0326598319785937,0.842
"[0.842, 0.843)",0.027518586053913004,0.843
"[0.843, 0.844)",0.031176076625934388,0.844
"[0.844, 0.845)",0.03217031753622491,0.845
"[0.845, 0.846)",0.028563138364634758,0.846
"[0.846, 0.847)",0.034058761042206835,0.847
"[0.847, 0.848)",0.033203895855463544,0.848
"[0.848, 0.849)",0.02581699726280637,0.849
"[0.849, 0.85)",0.02874493336818624,0.85
"[0.85, 0.851)",0.031172938295984907,0.851
"[0.851, 0.852)",0.027300847395228634,0.852
"[0.852, 0.853)",0.027508230689451053,0.853
"[0.853, 0.854)",0.03122205120692038,0.854
"[0.854, 0.855)",0.02949781281432218,0.855
"[0.855, 0.856)",0.032044802541078964,0.856
"[0.856, 0.857)",0.03074102876932371,0.857
"[0.857, 0.858)",0.0284068292311283,0.858
"[0.858, 0.859)",0.026195414817700553,0.859
"[0.859, 0.86)",0.032958698845391154,0.86
"[0.86, 0.861)",0.027459981153162345,0.861
"[0.861, 0.862)",0.02927361253392501,0.862
"[0.862, 0.863)",0.02727809411544733,0.863
"[0.863, 0.864)",0.031962379442519215,0.864
"[0.864, 0.865)",0.03482909063068181,0.865
"[0.865, 0.866)",0.028565351788514378,0.866
"[0.866, 0.867)",0.02955926486045063,0.867
"[0.867, 0.868)",0.028418416776377235,0.868
"[0.868, 0.869)",0.030788326868183367,0.869
"[0.869, 0.87)",0.03202431748538662,0.87
"[0.87, 0.871)",0.027039603440141544,0.871
"[0.871, 0.872)",0.032711391618058965,0.872
"[0.872, 0.873)",0.02999208887279397,0.873
"[0.873, 0.874)",0.02614451119066223,0.874
"[0.874, 0.875)",0.030507033236687988,0.875
"[0.875, 0.876)",0.03253348315227266,0.876
"[0.876, 0.877)",0.03155869799441968,0.877
"[0.877, 0.878)",0.030926345102901372,0.878
"[0.878, 0.879)",0.029470927105740213,0.879
"[0.879, 0.88)",0.028554773362998876,0.88
"[0.88, 0.881)",0.028789107492962547,0.881
"[0.881, 0.882)",0.029917003719340637,0.882
"[0.882, 0.883)",0.03284283176713175,0.883
"[0.883, 0.884)",0.03212029536605168,0.884
"[0.884, 0.885)",0.03487782399208514,0.885
"[0.885, 0.886)",0.031235940055893127,0.886
"[0.886, 0.887)",0.031975535660928374,0.887
"[0.887, 0.888)",0.0376731113977254,0.888
"[0.888, 0.889)",0.031208441070617047,0.889
"[0.889, 0.89)",0.02796411128752306,0.89
"[0.89, 0.891)",0.030089874680399236,0.891
"[0.891, 0.892)",0.02852274260999038,0.892
"[0.892, 0.893)",0.030734726498249584,0.893
"[0.893, 0.894)",0.03426243870273171,0.894
"[0.894, 0.895)",0.034469704735027654,0.895
"[0.895, 0.896)",0.03072460577941292,0.896
"[0.896, 0.897)",0.030735754756367414,0.897
"[0.897, 0.898)",0.029488279094797062,0.898
"[0.898, 0.899)",0.027699426267778892,0.899
"[0.899, 0.9)",0.03177862754213846,0.9
"[0.9, 0.901)",0.031404879075365086,0.901
"[0.901, 0.902)",0.03028023186745761,0.902
"[0.902, 0.903)",0.03241625657243852,0.903
"[0.903, 0.904)",0.028253279741164438,0.904
"[0.904, 0.905)",0.027449585890243863,0.905
"[0.905, 0.906)",0.02944001194208919,0.906
"[0.906, 0.907)",0.03070069872604483,0.907
"[0.907, 0.908)",0.03077283484141516,0.908
"[0.908, 0.909)",0.02842405681129528,0.909
"[0.909, 0.91)",0.03077968319866518,0.91
"[0.91, 0.911)",0.0304786368431479,0.911
"[0.911, 0.912)",0.03201625172611936,0.912
"[0.912, 0.913)",0.02814228088611685,0.913
"[0.913, 0.914)",0.03544094137431608,0.914
"[0.914, 0.915)",0.03054821339127233,0.915
"[0.915, 0.916)",0.030283419777144386,0.916
"[0.916, 0.917)",0.03607229150216926,0.917
"[0.917, 0.918)",0.03310338006249187,0.918
"[0.918, 0.919)",0.034813761096670455,0.919
"[0.919, 0.92)",0.03221551703245407,0.92
"[0.92, 0.921)",0.0347675575381579,0.921
"[0.921, 0.922)",0.03145817472721304,0.922
"[0.922, 0.923)",0.029987054134633543,0.923
"[0.923, 0.924)",0.03280296094192219,0.924
"[0.924, 0.925)",0.03333229789212444,0.925
"[0.925, 0.926)",0.03594264829977949,0.926
"[0.926, 0.927)",0.026451149410248086,0.927
"[0.927, 0.928)",0.03407820233516085,0.928
"[0.928, 0.929)",0.02825628577001102,0.929
"[0.929, 0.93)",0.03125712243532796,0.93
"[0.93, 0.931)",0.028066489015946838,0.931
"[0.931, 0.932)",0.03800362284793095,0.932
"[0.932, 0.933)",0.03147357304629418,0.933
"[0.933, 0.934)",0.0335593364353603,0.934
"[0.934, 0.935)",0.03416598984653971,0.935
"[0.935, 0.936)",0.028515793152906924,0.936
"[0.936, 0.937)",0.03266293400279636,0.937
"[0.937, 0.9380000000000001)",0.030027084721208814,0.938
"[0.9380000000000001, 0.9390000000000001)",0.030842776003619028,0.939
"[0.9390000000000001, 0.9400000000000001)",0.030922932637144383,0.94
"[0.9400000000000001, 0.9410000000000001)",0.038884650695205955,0.941
"[0.9410000000000001, 0.9420000000000001)",0.02582379010399039,0.942
"[0.9420000000000001, 0.9430000000000001)",0.03274508407429243,0.943
"[0.9430000000000001, 0.9440000000000001)",0.034645668493202664,0.944
"[0.9440000000000001, 0.9450000000000001)",0.02625848827177773,0.945
"[0.9450000000000001, 0.9460000000000001)",0.03178927072339847,0.946
"[0.9460000000000001, 0.9470000000000001)",0.034440228828961014,0.947
"[0.9470000000000001, 0.9480000000000001)",0.033932910290423286,0.948
"[0.9480000000000001, 0.9490000000000001)",0.028915187417104412,0.949
"[0.9490000000000001, 0.9500000000000001)",0.03545400738168102,0.95
"[0.9500000000000001, 0.9510000000000001)",0.03277421767802103,0.951
"[0.9510000000000001, 0.9520000000000001)",0.03262556380387239,0.952
"[0.9520000000000001, 0.9530000000000001)",0.03166571369868132,0.953
"[0.9530000000000001, 0.9540000000000001)",0.02712660674755875,0.954
"[0.9540000000000001, 0.9550000000000001)",0.028416545250713493,0.955
"[0.9550000000000001, 0.9560000000000001)",0.028506564685663035,0.956
"[0.9560000000000001, 0.9570000000000001)",0.03448781707850167,0.957
"[0.9570000000000001, 0.9580000000000001)",0.03096234372088742,0.958
"[0.9580000000000001, 0.9590000000000001)",0.027887265767636303,0.959
"[0.9590000000000001, 0.96)",0.031870492595354745,0.96
"[0.96, 0.961)",0.028890063432321023,0.961
"[0.961, 0.962)",0.030044999903465527,0.962
"[0.962, 0.963)",0.038751497696674096,0.963
"[0.963, 0.964)",0.037744664676595686,0.964
"[0.964, 0.965)",0.03705696270942787,0.965
"[0.965, 0.966)",0.030274678900066795,0.966
"[0.966, 0.967)",0.03718086068817677,0.967
"[0.967, 0.968)",0.0408343880822419,0.968
"[0.968, 0.969)",0.029055167960770074,0.969
"[0.969, 0.97)",0.036161228086753094,0.97
"[0.97, 0.971)",0.02944497449171528,0.971
"[0.971, 0.972)",0.030477884628814293,0.972
"[0.972, 0.973)",0.03956062881996841,0.973
"[0.973, 0.974)",0.03338408871884537,0.974
"[0.974, 0.975)",0.03218536215401077,0.975
"[0.975, 0.976)",0.03410135109316849,0.976
"[0.976, 0.977)",0.034566078905698294,0.977
"[0.977, 0.978)",0.030177590064573264,0.978
"[0.978, 0.979)",0.029885213010813642,0.979
"[0.979, 0.98)",0.03317471295652031,0.98
"[0.98, 0.981)",0.03072718318910521,0.981
"[0.981, 0.982)",0.029390247632377346,0.982
"[0.982, 0.983)",0.030793172124061016,0.983
"[0.983, 0.984)",0.0278223535858093,0.984
"[0.984, 0.985)",0.028037524728662788,0.985
"[0.985, 0.986)",0.03001125823942658,0.986
"[0.986, 0.987)",0.03464720296997739,0.987
"[0.987, 0.988)",0.031493508453427944,0.988
"[0.988, 0.989)",0.028736861853366404,0.989
"[0.989, 0.99)",0.029010510267535226,0.99
"[0.99, 0.991)",0.03422661816077094,0.991
"[0.991, 0.992)",0.03147957873788162,0.992
"[0.992, 0.993)",0.028068006493480627,0.993
"[0.993, 0.994)",0.028801674799180103,0.994
"[0.994, 0.995)",0.03059407187764425,0.995
"[0.995, 0.996)",0.029897809230244387,0.996
"[0.996, 0.997)",0.032544179502592564,0.997
"[0.997, 0.998)",0.032502675190961054,0.998
"[0.998, 0.999)",0.03130263381391583,0.999
"[0.999, 1.0)",0.035137505312366535,1.0
"[1.0, 1.0010000000000001)",0.03291676403228501,1.001
"[1.0010000000000001, 1.002)",0.02635526140444846,1.002
"[1.002, 1.0030000000000001)",0.03409276027599546,1.003
"[1.0030000000000001, 1.004)",0.033928306576647395,1.004
"[1.004, 1.0050000000000001)",0.03157221746324579,1.005
"[1.0050000000000001, 1.006)",0.03626531494425122,1.006
"[1.006, 1.0070000000000001)",0.030157478003236943,1.007
"[1.0070000000000001, 1.008)",0.029738654873573765,1.008
"[1.008, 1.0090000000000001)",0.03125518723938924,1.009
"[1.0090000000000001, 1.01)",0.03607575914109284,1.01
"[1.01, 1.0110000000000001)",0.02842543755195267,1.011
"[1.0110000000000001, 1.012)",0.030285343277488063,1.012
"[1.012, 1.0130000000000001)",0.037361380148693696,1.013
"[1.0130000000000001, 1.014)",0.033327423358922886,1.014
"[1.014, 1.0150000000000001)",0.031273948450665105,1.015
"[1.0150000000000001, 1.016)",0.026893009815832356,1.016
"[1.016, 1.0170000000000001)",0.03261705236459014,1.017
"[1.0170000000000001, 1.018)",0.026272050742110975,1.018
"[1.018, 1.0190000000000001)",0.037283242082090065,1.019
"[1.0190000000000001, 1.02)",0.03330057519891688,1.02
"[1.02, 1.0210000000000001)",0.032311513024626815,1.021
"[1.0210000000000001, 1.022)",0.035390608751726185,1.022
"[1.022, 1.0230000000000001)",0.03319523725106693,1.023
"[1.0230000000000001, 1.024)",0.033288452158789214,1.024
"[1.024, 1.025)",0.04054421264215908,1.025
"[1.025, 1.026)",0.03389028492690949,1.026
"[1.026, 1.027)",0.03760507137443604,1.027
"[1.027, 1.028)",0.0371290337869047,1.028
"[1.028, 1.029)",0.040318543341800614,1.029
"[1.029, 1.03)",0.04125368447464164,1.03
"[1.03, 1.031)",0.038744998424509715,1.031
"[1.031, 1.032)",0.030690979010152785,1.032
"[1.032, 1.033)",0.038475105646556984,1.033
"[1.033, 1.034)",0.040591012956607435,1.034
"[1.034, 1.035)",0.041932650376338386,1.035
"[1.035, 1.036)",0.03673512739517164,1.036
"[1.036, 1.037)",0.04191966629914891,1.037
"[1.037, 1.038)",0.03794783091936404,1.038
"[1.038, 1.039)",0.03792991363445625,1.039
"[1.039, 1.04)",0.033554137644100035,1.04
"[1.04, 1.041)",0.03325303201382741,1.041
"[1.041, 1.042)",0.03956904106308777,1.042
"[1.042, 1.043)",0.03706825894379379,1.043
"[1.043, 1.044)",0.04174864837331538,1.044
"[1.044, 1.045)",0.04779067385927123,1.045
"[1.045, 1.046)",0.04158869772891255,1.046
"[1.046, 1.047)",0.038767994385884894,1.047
"[1.047, 1.048)",0.03653208177106706,1.048
"[1.048, 1.049)",0.031312114129964465,1.049
"[1.049, 1.05)",0.03446554727304023,1.05
"[1.05, 1.051)",0.0317490810506674,1.051
"[1.051, 1.052)",0.0359942474484733,1.052
"[1.052, 1.053)",0.024212373816582995,1.053
"[1.053, 1.054)",0.03157920989349262,1.054
"[1.054, 1.055)",0.035564518253995286,1.055
"[1.055, 1.056)",0.030620628876129007,1.056
"[1.056, 1.057)",0.0336950711954016,1.057
"[1.057, 1.058)",0.029196784111001167,1.058
"[1.058, 1.059)",0.035859333629294235,1.059
"[1.059, 1.06)",0.031931299356580525,1.06
"[1.06, 1.061)",0.027956356586727925,1.061
"[1.061, 1.062)",0.03168084750728742,1.062
"[1.062, 1.063)",0.030435197385809028,1.063
"[1.063, 1.064)",0.029542799785880147,1.064
"[1.064, 1.065)",0.032838921035542125,1.065
"[1.065, 1.066)",0.0323719429992915,1.066
"[1.066, 1.067)",0.03295488538278578,1.067
"[1.067, 1.068)",0.029662269433742387,1.068
"[1.068, 1.069)",0.026501433020675706,1.069
"[1.069, 1.07)",0.028310705210668616,1.07
"[1.07, 1.071)",0.02716310787662202,1.071
"[1.071, 1.072)",0.031829152528410676,1.072
"[1.072, 1.073)",0.029598176646129046,1.073
"[1.073, 1.074)",0.029235533802219316,1.074
"[1.074, 1.075)",0.03208604578998647,1.075
"[1.075, 1.076)",0.030924172483310162,1.076
"[1.076, 1.077)",0.025591557181270052,1.077
"[1.077, 1.078)",0.02734800828607971,1.078
"[1.078, 1.079)",0.03271840681138541,1.079
"[1.079, 1.08)",0.02957009729715481,1.08
"[1.08, 1.081)",0.027527011053067027,1.081
"[1.081, 1.082)",0.03181761118280727,1.082
"[1.082, 1.083)",0.031254252173342933,1.083
"[1.083, 1.084)",0.025518485127064276,1.084
"[1.084, 1.085)",0.029783752263223107,1.085
"[1.085, 1.086)",0.029208366807883822,1.086
"[1.086, 1.087)",0.03193412349354393,1.087
"[1.087, 1.088)",0.022055525829878908,1.088
"[1.088, 1.089)",0.026395239887165033,1.089
"[1.089, 1.09)",0.024848735646318603,1.09
"[1.09, 1.091)",0.027571177680056347,1.091
"[1.091, 1.092)",0.0280842353727891,1.092
"[1.092, 1.093)",0.026958076421624066,1.093
"[1.093, 1.094)",0.027031474758379866,1.094
"[1.094, 1.095)",0.029916800398354062,1.095
"[1.095, 1.096)",0.0284735176906757,1.096
"[1.096, 1.097)",0.03254789054530305,1.097
"[1.097, 1.098)",0.02965491159882508,1.098
"[1.098, 1.099)",0.026176018477394217,1.099
"[1.099, 1.1)",0.028331567801080672,1.1
"[1.1, 1.101)",0.02778038593670558,1.101
"[1.101, 1.102)",0.03220675073164075,1.102
"[1.102, 1.103)",0.0322287118296761,1.103
"[1.103, 1.104)",0.02631719272774651,1.104
"[1.104, 1.105)",0.026040004711638157,1.105
"[1.105, 1.106)",0.030139916533399702,1.106
"[1.106, 1.107)",0.028627822257095953,1.107
"[1.107, 1.108)",0.030167766156674977,1.108
"[1.108, 1.109)",0.035212457454221587,1.109
"[1.109, 1.11)",0.02908313649119946,1.11
"[1.11, 1.111)",0.030636524569260686,1.111
"[1.111, 1.112)",0.03380710330365354,1.112
"[1.112, 1.113)",0.03470736877035275,1.113
"[1.113, 1.114)",0.037820816463636324,1.114
"[1.114, 1.115)",0.03622895063642051,1.115
"[1.115, 1.116)",0.029266360093366698,1.116
"[1.116, 1.117)",0.03443275973231157,1.117
"[1.117, 1.118)",0.03781689542512692,1.118
"[1.118, 1.119)",0.045090428939510305,1.119
"[1.119, 1.12)",0.034430261871958225,1.12
"[1.12, 1.121)",0.033139625157935455,1.121
"[1.121, 1.122)",0.027581580533992275,1.122
"[1.122, 1.123)",0.03019816986974905,1.123
"[1.123, 1.124)",0.03987478487846569,1.124
"[1.124, 1.125)",0.03941880953177637,1.125
"[1.125, 1.1260000000000001)",0.035939436782651706,1.126
"[1.1260000000000001, 1.127)",0.041274666184002544,1.127
"[1.127, 1.1280000000000001)",0.03748528185366845,1.128
"[1.1280000000000001, 1.129)",0.029633278059124298,1.129
"[1.129, 1.1300000000000001)",0.0383467409430556,1.13
"[1.1300000000000001, 1.131)",0.02822232898907454,1.131
"[1.131, 1.1320000000000001)",0.028739596052811647,1.132
"[1.1320000000000001, 1.133)",0.03172963526538562,1.133
"[1.133, 1.1340000000000001)",0.033074458310129784,1.134
"[1.1340000000000001, 1.135)",0.03457675502141893,1.135
"[1.135, 1.1360000000000001)",0.03493809162392156,1.136
"[1.1360000000000001, 1.137)",0.036523344586852094,1.137
"[1.137, 1.1380000000000001)",0.03173520369408964,1.138
"[1.1380000000000001, 1.139)",0.032964847056652966,1.139
"[1.139, 1.1400000000000001)",0.030133508353407033,1.14
"[1.1400000000000001, 1.141)",0.032989727925171144,1.141
"[1.141, 1.1420000000000001)",0.03516224186275068,1.142
"[1.1420000000000001, 1.143)",0.04078711253375977,1.143
"[1.143, 1.1440000000000001)",0.033796567267747976,1.144
"[1.1440000000000001, 1.145)",0.03489425164047013,1.145
"[1.145, 1.1460000000000001)",0.038593367363186096,1.146
"[1.1460000000000001, 1.147)",0.02428993749390582,1.147
"[1.147, 1.1480000000000001)",0.0328572793385885,1.148
"[1.1480000000000001, 1.149)",0.03124232403333332,1.149
"[1.149, 1.1500000000000001)",0.034078715834339565,1.15
"[1.1500000000000001, 1.151)",0.03609055024917802,1.151
"[1.151, 1.1520000000000001)",0.029499930548941636,1.152
"[1.1520000000000001, 1.153)",0.04002592291145504,1.153
"[1.153, 1.154)",0.03514692085073827,1.154
"[1.154, 1.155)",0.038134685994411305,1.155
"[1.155, 1.156)",0.0324595038203495,1.156
"[1.156, 1.157)",0.03620674324676545,1.157
"[1.157, 1.158)",0.034342522975058264,1.158
"[1.158, 1.159)",0.03237231566265057,1.159
"[1.159, 1.16)",0.03296537898132145,1.16
"[1.16, 1.161)",0.03337204278191121,1.161
"[1.161, 1.162)",0.040947742985381626,1.162
"[1.162, 1.163)",0.029781935231565245,1.163
"[1.163, 1.164)",0.03299218899305737,1.164
"[1.164, 1.165)",0.03513615035238924,1.165
"[1.165, 1.166)",0.03458385663754357,1.166
"[1.166, 1.167)",0.03684144427499988,1.167
"[1.167, 1.168)",0.03787100352459236,1.168
"[1.168, 1.169)",0.03655873213881573,1.169
"[1.169, 1.17)",0.03669891720317461,1.17
"[1.17, 1.171)",0.030765106222694006,1.171
"[1.171, 1.172)",0.03619080152638641,1.172
"[1.172, 1.173)",0.036189378812410765,1.173
"[1.173, 1.174)",0.03286636951457723,1.174
"[1.174, 1.175)",0.03376425918112227,1.175
"[1.175, 1.176)",0.03370221307579435,1.176
"[1.176, 1.177)",0.03432247135257731,1.177
"[1.177, 1.178)",0.02659188567326444,1.178
"[1.178, 1.179)",0.02673833825064749,1.179
"[1.179, 1.18)",0.025139150613737095,1.18
"[1.18, 1.181)",0.028589781510115618,1.181
"[1.181, 1.182)",0.029622363891803255,1.182
"[1.182, 1.183)",0.026924407426666696,1.183
"[1.183, 1.184)",0.028052428705589143,1.184
"[1.184, 1.185)",0.03208026309016395,1.185
"[1.185, 1.186)",0.030905967020705534,1.186
"[1.186, 1.187)",0.036352916473684146,1.187
"[1.187, 1.188)",0.02905256129441707,1.188
"[1.188, 1.189)",0.028749114027329017,1.189
"[1.189, 1.19)",0.035754861436437885,1.19
"[1.19, 1.191)",0.0334437795472484,1.191
"[1.191, 1.192)",0.035524937329291725,1.192
"[1.192, 1.193)",0.027561670567166664,1.193
"[1.193, 1.194)",0.036698082618867874,1.194
"[1.194, 1.195)",0.03238860478281479,1.195
"[1.195, 1.196)",0.025440288206372605,1.196
"[1.196, 1.197)",0.033675794587725905,1.197
"[1.197, 1.198)",0.03710975742444087,1.198
"[1.198, 1.199)",0.03363482005439628,1.199
"[1.199, 1.2)",0.03021655426507694,1.2
"[1.2, 1.201)",0.026244049184523863,1.201
"[1.201, 1.202)",0.02700397265980071,1.202
"[1.202, 1.203)",0.03035265775531058,1.203
"[1.203, 1.204)",0.02984104877229231,1.204
"[1.204, 1.205)",0.03707679271016686,1.205
"[1.205, 1.206)",0.029926382396264366,1.206
"[1.206, 1.207)",0.03917754357483968,1.207
"[1.207, 1.208)",0.03854682238575848,1.208
"[1.208, 1.209)",0.035425741976433126,1.209
"[1.209, 1.21)",0.03777862547546455,1.21
"[1.21, 1.211)",0.029373794595524704,1.211
"[1.211, 1.212)",0.025833756284577958,1.212
"[1.212, 1.213)",0.036738908342520145,1.213
"[1.213, 1.214)",0.030946603931309918,1.214
"[1.214, 1.215)",0.023696355223333364,1.215
"[1.215, 1.216)",0.028786073802160528,1.216
"[1.216, 1.217)",0.03150279328309176,1.217
"[1.217, 1.218)",0.025519700919917145,1.218
"[1.218, 1.219)",0.03281005056630442,1.219
"[1.219, 1.22)",0.032757014498122884,1.22
"[1.22, 1.221)",0.031132812437477175,1.221
"[1.221, 1.222)",0.028699609716634832,1.222
"[1.222, 1.223)",0.02583148204991183,1.223
"[1.223, 1.224)",0.027961739940270295,1.224
"[1.224, 1.225)",0.03422770217370439,1.225
"[1.225, 1.226)",0.027893901094503595,1.226
"[1.226, 1.227)",0.025712375957692366,1.227
"[1.227, 1.228)",0.030480094717570176,1.228
"[1.228, 1.229)",0.024827577554736902,1.229
"[1.229, 1.23)",0.028200512099603604,1.23
"[1.23, 1.231)",0.029462794086152478,1.231
"[1.231, 1.232)",0.029366306788144184,1.232
"[1.232, 1.233)",0.026503874123880646,1.233
"[1.233, 1.234)",0.027751983448096276,1.234
"[1.234, 1.235)",0.02639559273001982,1.235
"[1.235, 1.236)",0.028288490633398087,1.236
"[1.236, 1.237)",0.029161091647262823,1.237
"[1.237, 1.238)",0.028814293199268766,1.238
"[1.238, 1.239)",0.024641936742190704,1.239
"[1.239, 1.24)",0.03041660013995986,1.24
"[1.24, 1.241)",0.03231475324576275,1.241
"[1.241, 1.242)",0.030137324727967874,1.242
"[1.242, 1.243)",0.028394640343893166,1.243
"[1.243, 1.244)",0.03723651122461247,1.244
"[1.244, 1.245)",0.02671801310423283,1.245
"[1.245, 1.246)",0.030108057331467236,1.246
"[1.246, 1.247)",0.028164814617077826,1.247
"[1.247, 1.248)",0.030668877773743046,1.248
"[1.248, 1.249)",0.029916027453271078,1.249
"[1.249, 1.25)",0.029719844813729582,1.25
"[1.25, 1.2510000000000001)",0.0350435146188236,1.251
"[1.2510000000000001, 1.252)",0.024744305074122196,1.252
"[1.252, 1.2530000000000001)",0.03127206359037742,1.253
"[1.2530000000000001, 1.254)",0.031224285589236848,1.254
"[1.254, 1.2550000000000001)",0.026468454160552185,1.255
"[1.2550000000000001, 1.256)",0.026022026800970925,1.256
"[1.256, 1.2570000000000001)",0.027751365244930465,1.257
"[1.2570000000000001, 1.258)",0.030784827990079883,1.258
"[1.258, 1.2590000000000001)",0.03026267325844184,1.259
"[1.2590000000000001, 1.26)",0.02989631327343098,1.26
"[1.26, 1.2610000000000001)",0.02835281105730997,1.261
"[1.2610000000000001, 1.262)",0.030844409493921636,1.262
"[1.262, 1.2630000000000001)",0.03025428927973742,1.263
"[1.2630000000000001, 1.264)",0.03019806647675782,1.264
"[1.264, 1.2650000000000001)",0.03830229688540893,1.265
"[1.2650000000000001, 1.266)",0.03189033696963954,1.266
"[1.266, 1.2670000000000001)",0.032740116248832316,1.267
"[1.2670000000000001, 1.268)",0.03137332056223912,1.268
"[1.268, 1.2690000000000001)",0.031246860174280622,1.269
"[1.2690000000000001, 1.27)",0.030229701011844703,1.27
"[1.27, 1.2710000000000001)",0.03175375171340999,1.271
"[1.2710000000000001, 1.272)",0.02881099699832405,1.272
"[1.272, 1.2730000000000001)",0.031517273258884315,1.273
"[1.2730000000000001, 1.274)",0.02985098630643385,1.274
"[1.274, 1.2750000000000001)",0.034263575782698126,1.275
"[1.2750000000000001, 1.276)",0.02778408692299798,1.276
"[1.276, 1.2770000000000001)",0.027068342476535126,1.277
"[1.2770000000000001, 1.278)",0.027917188485466433,1.278
"[1.278, 1.2790000000000001)",0.030209992955818565,1.279
"[1.2790000000000001, 1.28)",0.037503586360931214,1.28
"[1.28, 1.281)",0.03157475675363828,1.281
"[1.281, 1.282)",0.027019630797692363,1.282
"[1.282, 1.283)",0.03254227674687505,1.283
"[1.283, 1.284)",0.03569314877494309,1.284
"[1.284, 1.285)",0.026883219234139465,1.285
"[1.285, 1.286)",0.03148431503094422,1.286
"[1.286, 1.287)",0.027418601527550622,1.287
"[1.287, 1.288)",0.02647297215119309,1.288
"[1.288, 1.289)",0.03023939851395748,1.289
"[1.289, 1.29)",0.03059438609668876,1.29
"[1.29, 1.291)",0.022146168741906863,1.291
"[1.291, 1.292)",0.029842309136217323,1.292
"[1.292, 1.293)",0.029518529129723546,1.293
"[1.293, 1.294)",0.027757746365833363,1.294
"[1.294, 1.295)",0.028658785488200018,1.295
"[1.295, 1.296)",0.0359315383967414,1.296
"[1.296, 1.297)",0.030556582426168273,1.297
"[1.297, 1.298)",0.02600717274440951,1.298
"[1.298, 1.299)",0.026002588942854298,1.299
"[1.299, 1.3)",0.030584574730263235,1.3
"[1.3, 1.301)",0.03157639158507751,1.301
"[1.301, 1.302)",0.028515265478248092,1.302
"[1.302, 1.303)",0.031238756514503856,1.303
"[1.303, 1.304)",0.03369671791788847,1.304
"[1.304, 1.305)",0.027916494752192152,1.305
"[1.305, 1.306)",0.037953439196299225,1.306
"[1.306, 1.307)",0.039564553951774516,1.307
"[1.307, 1.308)",0.03063552753757343,1.308
"[1.308, 1.309)",0.03542282505937635,1.309
"[1.309, 1.31)",0.0346589513727273,1.31
"[1.31, 1.311)",0.033101768848393595,1.311
"[1.311, 1.312)",0.02922182574694739,1.312
"[1.312, 1.313)",0.030841380882086458,1.313
"[1.313, 1.314)",0.034791721041948345,1.314
"[1.314, 1.315)",0.026472208481054735,1.315
"[1.315, 1.316)",0.03267806164074077,1.316
"[1.316, 1.317)",0.03130943919513082,1.317
"[1.317, 1.318)",0.0267971372103037,1.318
"[1.318, 1.319)",0.02802177519980085,1.319
"[1.319, 1.32)",0.029657270356666696,1.32
"[1.32, 1.321)",0.023876930890876513,1.321
"[1.321, 1.322)",0.025936566396407224,1.322
"[1.322, 1.323)",0.03104188429678114,1.323
"[1.323, 1.324)",0.030787535271907765,1.324
"[1.324, 1.325)",0.029803370179570843,1.325
"[1.325, 1.326)",0.03024853649779254,1.326
"[1.326, 1.327)",0.03176777063395065,1.327
"[1.327, 1.328)",0.02722208528855294,1.328
"[1.328, 1.329)",0.038563383101476584,1.329
"[1.329, 1.33)",0.027705005041487332,1.33
"[1.33, 1.331)",0.029054707808113634,1.331
"[1.331, 1.332)",0.03281880634800802,1.332
"[1.332, 1.333)",0.0285485615501794,1.333
"[1.333, 1.334)",0.033023966361440706,1.334
"[1.334, 1.335)",0.027722269569512188,1.335
"[1.335, 1.336)",0.029803944393661144,1.336
"[1.336, 1.337)",0.03233529971362535,1.337
"[1.337, 1.338)",0.03333804666000004,1.338
"[1.338, 1.339)",0.02869013906379632,1.339
"[1.339, 1.34)",0.03089528764455702,1.34
"[1.34, 1.341)",0.025572483523710075,1.341
"[1.341, 1.342)",0.023351837558955233,1.342
"[1.342, 1.343)",0.029759143967654333,1.343
"[1.343, 1.344)",0.027037009526428617,1.344
"[1.344, 1.345)",0.0393670913099274,1.345
"[1.345, 1.346)",0.027810403842578376,1.346
"[1.346, 1.347)",0.028836682501445814,1.347
"[1.347, 1.348)",0.03012734854085512,1.348
"[1.348, 1.349)",0.029293049775169906,1.349
"[1.349, 1.35)",0.027159602355089327,1.35
"[1.35, 1.351)",0.025909715988505784,1.351
"[1.351, 1.352)",0.03367712496699272,1.352
"[1.352, 1.353)",0.021909240026374142,1.353
"[1.353, 1.354)",0.0355631330796875,1.354
"[1.354, 1.355)",0.03044540623327985,1.355
"[1.355, 1.356)",0.03273171697574261,1.356
"[1.356, 1.357)",0.030376299224801888,1.357
"[1.357, 1.358)",0.02660507744652175,1.358
"[1.358, 1.359)",0.030393177609303403,1.359
"[1.359, 1.36)",0.031831999628810115,1.36
"[1.36, 1.361)",0.029413294931432063,1.361
"[1.361, 1.362)",0.028605214831405008,1.362
"[1.362, 1.363)",0.029759189047619056,1.363
"[1.363, 1.364)",0.0270673887534091,1.364
"[1.364, 1.365)",0.03189353069444445,1.365
"[1.365, 1.366)",0.03096118510022625,1.366
"[1.366, 1.367)",0.02645812218651969,1.367
"[1.367, 1.368)",0.03453519289558145,1.368
"[1.368, 1.369)",0.03723632131816428,1.369
"[1.369, 1.37)",0.028364159686577232,1.37
"[1.37, 1.371)",0.026748553408564257,1.371
"[1.371, 1.372)",0.02967154242407065,1.372
"[1.372, 1.373)",0.029886232284910497,1.373
"[1.373, 1.374)",0.031634910195023715,1.374
"[1.374, 1.375)",0.02992553040531403,1.375
"[1.375, 1.3760000000000001)",0.032196333136674846,1.376
"[1.3760000000000001, 1.377)",0.026804650635233185,1.377
"[1.377, 1.3780000000000001)",0.029616771160923108,1.378
"[1.3780000000000001, 1.379)",0.036146090295162824,1.379
"[1.379, 1.3800000000000001)",0.022461127847995352,1.38
"[1.3800000000000001, 1.381)",0.034827225637948725,1.381
"[1.381, 1.3820000000000001)",0.03209404829539952,1.382
"[1.3820000000000001, 1.383)",0.024850334654987212,1.383
"[1.383, 1.3840000000000001)",0.03381803481620773,1.384
"[1.3840000000000001, 1.385)",0.03840058419401499,1.385
"[1.385, 1.3860000000000001)",0.03881663925070429,1.386
"[1.3860000000000001, 1.387)",0.03475965744077139,1.387
"[1.387, 1.3880000000000001)",0.03718635282766504,1.388
"[1.3880000000000001, 1.389)",0.03591736826477276,1.389
"[1.389, 1.3900000000000001)",0.03346241568442215,1.39
"[1.3900000000000001, 1.391)",0.031928863224427534,1.391
"[1.391, 1.3920000000000001)",0.033047692369370475,1.392
"[1.3920000000000001, 1.393)",0.03511929033489365,1.393
"[1.393, 1.3940000000000001)",0.03296808303102569,1.394
"[1.3940000000000001, 1.395)",0.025888346679726018,1.395
"[1.395, 1.3960000000000001)",0.020067609419138772,1.396
"[1.3960000000000001, 1.397)",0.02840878460417756,1.397
"[1.397, 1.3980000000000001)",0.023278994486756757,1.398
"[1.3980000000000001, 1.399)",0.034303443518660375,1.399
"[1.399, 1.4000000000000001)",0.03319983154081523,1.4
"[1.4000000000000001, 1.401)",0.029343116398492502,1.401
"[1.401, 1.4020000000000001)",0.03182264282683548,1.402
"[1.4020000000000001, 1.403)",0.032824241187674456,1.403
"[1.403, 1.4040000000000001)",0.029221012600505077,1.404
"[1.4040000000000001, 1.405)",0.025673269187344912,1.405
"[1.405, 1.4060000000000001)",0.02927288451625593,1.406
"[1.4060000000000001, 1.407)",0.03382318632626732,1.407
"[1.407, 1.408)",0.03389759324227608,1.408
"[1.408, 1.409)",0.031803427521495335,1.409
"[1.409, 1.41)",0.022551014346318284,1.41
"[1.41, 1.411)",0.04000920065659207,1.411
"[1.411, 1.412)",0.03918702940796922,1.412
"[1.412, 1.413)",0.029126004443333336,1.413
"[1.413, 1.414)",0.04012190976388332,1.414
"[1.414, 1.415)",0.034616073954196656,1.415
"[1.415, 1.416)",0.027974569373621142,1.416
"[1.416, 1.417)",0.030460292603102696,1.417
"[1.417, 1.418)",0.03639741711623718,1.418
"[1.418, 1.419)",0.030064654966270834,1.419
"[1.419, 1.42)",0.024261565542643432,1.42
"[1.42, 1.421)",0.025803967795153086,1.421
"[1.421, 1.422)",0.03308100778528042,1.422
"[1.422, 1.423)",0.028751676529327974,1.423
"[1.423, 1.424)",0.029961985353960448,1.424
"[1.424, 1.425)",0.022667641865917885,1.425
"[1.425, 1.426)",0.032026955489295086,1.426
"[1.426, 1.427)",0.028090261798000015,1.427
"[1.427, 1.428)",0.03017648537090465,1.428
"[1.428, 1.429)",0.027629490648979613,1.429
"[1.429, 1.43)",0.03312092833973891,1.43
"[1.43, 1.431)",0.030468822342867817,1.431
"[1.431, 1.432)",0.028156001683050415,1.432
"[1.432, 1.433)",0.03222713703093334,1.433
"[1.433, 1.434)",0.03223681606454296,1.434
"[1.434, 1.435)",0.021697042657029705,1.435
"[1.435, 1.436)",0.027425777272040316,1.436
"[1.436, 1.437)",0.03189506454351354,1.437
"[1.437, 1.438)",0.02731709465959081,1.438
"[1.438, 1.439)",0.026087512837913513,1.439
"[1.439, 1.44)",0.020948514098637575,1.44
"[1.44, 1.441)",0.034805860876635536,1.441
"[1.441, 1.442)",0.02275358101148827,1.442
"[1.442, 1.443)",0.029467968038944747,1.443
"[1.443, 1.444)",0.025901907608883272,1.444
"[1.444, 1.445)",0.03512590245169714,1.445
"[1.445, 1.446)",0.03208375535040217,1.446
"[1.446, 1.447)",0.028090662107124065,1.447
"[1.447, 1.448)",0.027485843579198966,1.448
"[1.448, 1.449)",0.026201070801030905,1.449
"[1.449, 1.45)",0.025675625324464733,1.45
"[1.45, 1.451)",0.031048406552259884,1.451
"[1.451, 1.452)",0.023761543214153465,1.452
"[1.452, 1.453)",0.03189450224477781,1.453
"[1.453, 1.454)",0.031632127553201154,1.454
"[1.454, 1.455)",0.03263640938397626,1.455
"[1.455, 1.456)",0.026567853910249326,1.456
"[1.456, 1.457)",0.026200409769452898,1.457
"[1.457, 1.458)",0.026112976906684498,1.458
"[1.458, 1.459)",0.03411413842720211,1.459
"[1.459, 1.46)",0.03982043563409095,1.46
"[1.46, 1.461)",0.0292219732348955,1.461
"[1.461, 1.462)",0.03547189543962268,1.462
"[1.462, 1.463)",0.023927308184179086,1.463
"[1.463, 1.464)",0.03456802232127663,1.464
"[1.464, 1.465)",0.02599415122719999,1.465
"[1.465, 1.466)",0.03414232528492754,1.466
"[1.466, 1.467)",0.026956733348941823,1.467
"[1.467, 1.468)",0.031703840041298746,1.468
"[1.468, 1.469)",0.026804768155860394,1.469
"[1.469, 1.47)",0.030501177444438844,1.47
"[1.47, 1.471)",0.03277853987627254,1.471
"[1.471, 1.472)",0.0414420166178515,1.472
"[1.472, 1.473)",0.03804916744747126,1.473
"[1.473, 1.474)",0.03286652621771774,1.474
"[1.474, 1.475)",0.03295557664918039,1.475
"[1.475, 1.476)",0.032315029402173956,1.476
"[1.476, 1.477)",0.030387397373611152,1.477
"[1.477, 1.478)",0.03394385340282053,1.478
"[1.478, 1.479)",0.03121774294355439,1.479
"[1.479, 1.48)",0.02802658823051771,1.48
"[1.48, 1.481)",0.028664297510930244,1.481
"[1.481, 1.482)",0.03550475642474751,1.482
"[1.482, 1.483)",0.028345759906765553,1.483
"[1.483, 1.484)",0.026988811422655377,1.484
"[1.484, 1.485)",0.02658005125636365,1.485
"[1.485, 1.486)",0.033731891443113005,1.486
"[1.486, 1.487)",0.027100465788953518,1.487
"[1.487, 1.488)",0.03929727820459774,1.488
"[1.488, 1.489)",0.02933723301790632,1.489
"[1.489, 1.49)",0.03082636274092221,1.49
"[1.49, 1.491)",0.02188297991819525,1.491
"[1.491, 1.492)",0.02892191351393939,1.492
"[1.492, 1.493)",0.029002999928143744,1.493
"[1.493, 1.494)",0.03231749023844158,1.494
"[1.494, 1.495)",0.04060106170521371,1.495
"[1.495, 1.496)",0.03523789386762402,1.496
"[1.496, 1.497)",0.035999023600833374,1.497
"[1.497, 1.498)",0.044214948906122466,1.498
"[1.498, 1.499)",0.02891422318352945,1.499
"[1.499, 1.5)",0.03589310383013702,1.5
"[1.5, 1.5010000000000001)",0.03897747905752509,1.501
"[1.5010000000000001, 1.502)",0.029264894633333347,1.502
"[1.502, 1.5030000000000001)",0.02532053482100918,1.503
"[1.5030000000000001, 1.504)",0.025114162458739268,1.504
"[1.504, 1.5050000000000001)",0.02635421657851005,1.505
"[1.5050000000000001, 1.506)",0.02960838514181283,1.506
"[1.506, 1.5070000000000001)",0.021508779918059294,1.507
"[1.5070000000000001, 1.508)",0.024908460263607036,1.508
"[1.508, 1.5090000000000001)",0.02503243415653495,1.509
"[1.5090000000000001, 1.51)",0.027102752781709434,1.51
"[1.51, 1.5110000000000001)",0.028656881614006497,1.511
"[1.5110000000000001, 1.512)",0.02852652580395064,1.512
"[1.512, 1.5130000000000001)",0.027328179245833313,1.513
"[1.5130000000000001, 1.514)",0.032086333402695455,1.514
"[1.514, 1.5150000000000001)",0.028900748140583615,1.515
"[1.5150000000000001, 1.516)",0.030725427071513364,1.516
"[1.516, 1.5170000000000001)",0.030946863530406984,1.517
"[1.5170000000000001, 1.518)",0.030410365728318595,1.518
"[1.518, 1.5190000000000001)",0.0340933274988095,1.519
"[1.5190000000000001, 1.52)",0.028001338694672615,1.52
"[1.52, 1.5210000000000001)",0.029347962000874667,1.521
"[1.5210000000000001, 1.522)",0.03439188115630768,1.522
"[1.522, 1.5230000000000001)",0.02782576970114613,1.523
"[1.5230000000000001, 1.524)",0.040195435095936684,1.524
"[1.524, 1.5250000000000001)",0.03935551254013553,1.525
"[1.5250000000000001, 1.526)",0.043767909852676104,1.526
"[1.526, 1.5270000000000001)",0.055959636724580916,1.527
"[1.5270000000000001, 1.528)",0.03747194816339287,1.528
"[1.528, 1.5290000000000001)",0.041430792077459054,1.529
"[1.5290000000000001, 1.53)",0.03829971183256488,1.53
"[1.53, 1.5310000000000001)",0.04356431274567499,1.531
"[1.5310000000000001, 1.532)",0.03918384458623599,1.532
"[1.532, 1.5330000000000001)",0.0345068350160378,1.533
"[1.5330000000000001, 1.534)",0.029467170868343204,1.534
"[1.534, 1.5350000000000001)",0.03927313823627698,1.535
"[1.5350000000000001, 1.536)",0.03670337776495728,1.536
"[1.536, 1.537)",0.028429357419426787,1.537
"[1.537, 1.538)",0.03081664744922122,1.538
"[1.538, 1.539)",0.028796197587378676,1.539
"[1.539, 1.54)",0.02519271638034375,1.54
"[1.54, 1.541)",0.038792465625352136,1.541
"[1.541, 1.542)",0.03043715616318184,1.542
"[1.542, 1.543)",0.030916738511949687,1.543
"[1.543, 1.544)",0.031742119011619725,1.544
"[1.544, 1.545)",0.027208967232187502,1.545
"[1.545, 1.546)",0.030992762276807233,1.546
"[1.546, 1.547)",0.029767052000285715,1.547
"[1.547, 1.548)",0.04107770653343658,1.548
"[1.548, 1.549)",0.04050309983011699,1.549
"[1.549, 1.55)",0.03080530054144931,1.55
"[1.55, 1.551)",0.04198938980066894,1.551
"[1.551, 1.552)",0.03668127834521745,1.552
"[1.552, 1.553)",0.03166389998285716,1.553
"[1.553, 1.554)",0.03253652795323533,1.554
"[1.554, 1.555)",0.02876731799686522,1.555
"[1.555, 1.556)",0.026953129893175866,1.556
"[1.556, 1.557)",0.041212819149712664,1.557
"[1.557, 1.558)",0.03665342834599489,1.558
"[1.558, 1.559)",0.03537830553885718,1.559
"[1.559, 1.56)",0.032734900441843615,1.56
"[1.56, 1.561)",0.03439777136962754,1.561
"[1.561, 1.562)",0.028245438980838342,1.562
"[1.562, 1.563)",0.02783088043958944,1.563
"[1.563, 1.564)",0.0302419933035503,1.564
"[1.564, 1.565)",0.03487988380155767,1.565
"[1.565, 1.566)",0.03895455311937504,1.566
"[1.566, 1.567)",0.03674164048594343,1.567
"[1.567, 1.568)",0.03099560391443185,1.568
"[1.568, 1.569)",0.03452230112021567,1.569
"[1.569, 1.57)",0.03995799925964016,1.57
"[1.57, 1.571)",0.059522828228918974,1.571
"[1.571, 1.572)",0.038573210712640485,1.572
"[1.572, 1.573)",0.03739264855680004,1.573
"[1.573, 1.574)",0.04292436793673472,1.574
"[1.574, 1.575)",0.04241011394505819,1.575
"[1.575, 1.576)",0.06284247941820652,1.576
"[1.576, 1.577)",0.04843348053881019,1.577
"[1.577, 1.578)",0.04058462133333336,1.578
"[1.578, 1.579)",0.041721273638885774,1.579
"[1.579, 1.58)",0.04967867549301676,1.58
"[1.58, 1.581)",0.04508369769009292,1.581
"[1.581, 1.582)",0.036236948169476785,1.582
"[1.582, 1.583)",0.04163949637797104,1.583
"[1.583, 1.584)",0.048977130719047614,1.584
"[1.584, 1.585)",0.03585871221047383,1.585
"[1.585, 1.586)",0.0404250588132184,1.586
"[1.586, 1.587)",0.03660795907907248,1.587
"[1.587, 1.588)",0.031121615870059932,1.588
"[1.588, 1.589)",0.03896054069593503,1.589
"[1.589, 1.59)",0.040713520018292725,1.59
"[1.59, 1.591)",0.040655282010130356,1.591
"[1.591, 1.592)",0.04154082319898307,1.592
"[1.592, 1.593)",0.04109149779192695,1.593
"[1.593, 1.594)",0.031941331457288155,1.594
"[1.594, 1.595)",0.03717253269204822,1.595
"[1.595, 1.596)",0.030708519609935942,1.596
"[1.596, 1.597)",0.041662826108206936,1.597
"[1.597, 1.598)",0.03635716336389894,1.598
"[1.598, 1.599)",0.030274421985971234,1.599
"[1.599, 1.6)",0.03320908493216786,1.6
"[1.6, 1.601)",0.025588002436713293,1.601
"[1.601, 1.602)",0.029167217610380602,1.602
"[1.602, 1.603)",0.034876464424999996,1.603
"[1.603, 1.604)",0.037240402603730134,1.604
"[1.604, 1.605)",0.026308367731699325,1.605
"[1.605, 1.606)",0.022421825648913034,1.606
"[1.606, 1.607)",0.03150503184229167,1.607
"[1.607, 1.608)",0.03172328766603774,1.608
"[1.608, 1.609)",0.031435695654895145,1.609
"[1.609, 1.61)",0.029155186409060407,1.61
"[1.61, 1.611)",0.040879461361071436,1.611
"[1.611, 1.612)",0.031241730696885992,1.612
"[1.612, 1.613)",0.027949613282264155,1.613
"[1.613, 1.614)",0.03125586857727278,1.614
"[1.614, 1.615)",0.028800642328519838,1.615
"[1.615, 1.616)",0.023802358599793814,1.616
"[1.616, 1.617)",0.03254391918390411,1.617
"[1.617, 1.618)",0.029307134065480415,1.618
"[1.618, 1.619)",0.02895655333568771,1.619
"[1.619, 1.62)",0.027686807437113402,1.62
"[1.62, 1.621)",0.021005950290109085,1.621
"[1.621, 1.622)",0.027392557178571437,1.622
"[1.622, 1.623)",0.023795923823630136,1.623
"[1.623, 1.624)",0.03678539776156462,1.624
"[1.624, 1.625)",0.030310357270992346,1.625
"[1.625, 1.6260000000000001)",0.04291598276819927,1.626
"[1.6260000000000001, 1.627)",0.03617007521340998,1.627
"[1.627, 1.6280000000000001)",0.03873780708082195,1.628
"[1.6280000000000001, 1.629)",0.025406265257092196,1.629
"[1.629, 1.6300000000000001)",0.02861028016492536,1.63
"[1.6300000000000001, 1.631)",0.030930729985714275,1.631
"[1.631, 1.6320000000000001)",0.02692266435769231,1.632
"[1.6320000000000001, 1.633)",0.032786249528775506,1.633
"[1.633, 1.6340000000000001)",0.03616769886459462,1.634
"[1.6340000000000001, 1.635)",0.03546463717849833,1.635
"[1.635, 1.6360000000000001)",0.04099610912236844,1.636
"[1.6360000000000001, 1.637)",0.028927002494565215,1.637
"[1.637, 1.6380000000000001)",0.03526508743237416,1.638
"[1.6380000000000001, 1.639)",0.02699315062391305,1.639
"[1.639, 1.6400000000000001)",0.03540101528813623,1.64
"[1.6400000000000001, 1.641)",0.030083939971962625,1.641
"[1.641, 1.6420000000000001)",0.029948961305067558,1.642
"[1.6420000000000001, 1.643)",0.03246910972570535,1.643
"[1.643, 1.6440000000000001)",0.027999192493262402,1.644
"[1.6440000000000001, 1.645)",0.03223496117862319,1.645
"[1.645, 1.6460000000000001)",0.03655657210352206,1.646
"[1.6460000000000001, 1.647)",0.027648244274651904,1.647
"[1.647, 1.6480000000000001)",0.025802451893311033,1.648
"[1.6480000000000001, 1.649)",0.029752720199331114,1.649
"[1.649, 1.6500000000000001)",0.03044018947165682,1.65
"[1.6500000000000001, 1.651)",0.030253311478731344,1.651
"[1.651, 1.6520000000000001)",0.029362208133333314,1.652
"[1.6520000000000001, 1.653)",0.026374885587213102,1.653
"[1.653, 1.6540000000000001)",0.032378956821673,1.654
"[1.6540000000000001, 1.655)",0.033546722401470566,1.655
"[1.655, 1.6560000000000001)",0.03343090647904415,1.656
"[1.6560000000000001, 1.657)",0.033080189711258305,1.657
"[1.657, 1.6580000000000001)",0.03488926086986757,1.658
"[1.6580000000000001, 1.659)",0.029131801287457636,1.659
"[1.659, 1.6600000000000001)",0.03153589100074908,1.66
"[1.6600000000000001, 1.661)",0.026814899232280694,1.661
"[1.661, 1.6620000000000001)",0.027201823634859134,1.662
"[1.6620000000000001, 1.663)",0.033538156973888913,1.663
"[1.663, 1.6640000000000001)",0.03373540927147659,1.664
"[1.6640000000000001, 1.665)",0.032450653470786496,1.665
"[1.665, 1.666)",0.021918225479349317,1.666
"[1.666, 1.667)",0.022713665188850162,1.667
"[1.667, 1.668)",0.04522951340711749,1.668
"[1.668, 1.669)",0.0305005637978571,1.669
"[1.669, 1.67)",0.026823499391828785,1.67
"[1.67, 1.671)",0.02536291802169118,1.671
"[1.671, 1.672)",0.03212291693956833,1.672
"[1.672, 1.673)",0.030877312517182127,1.673
"[1.673, 1.674)",0.028808303558076922,1.674
"[1.674, 1.675)",0.039377877613642864,1.675
"[1.675, 1.676)",0.03028699384149375,1.676
"[1.676, 1.677)",0.03166310555852712,1.677
"[1.677, 1.678)",0.03373252964728683,1.678
"[1.678, 1.679)",0.030425932662093848,1.679
"[1.679, 1.68)",0.03210708685245286,1.68
"[1.68, 1.681)",0.03320749131306123,1.681
"[1.681, 1.682)",0.033720738898339764,1.682
"[1.682, 1.683)",0.03830414083559322,1.683
"[1.683, 1.684)",0.02634828465330738,1.684
"[1.684, 1.685)",0.026877769897579354,1.685
"[1.685, 1.686)",0.03918658316934989,1.686
"[1.686, 1.687)",0.03571647925252525,1.687
"[1.687, 1.688)",0.030244685528996278,1.688
"[1.688, 1.689)",0.022669649761350347,1.689
"[1.689, 1.69)",0.02760495437843748,1.69
"[1.69, 1.691)",0.026769590171900812,1.691
"[1.691, 1.692)",0.03310356301891892,1.692
"[1.692, 1.693)",0.033311378177464795,1.693
"[1.693, 1.694)",0.035231086234671576,1.694
"[1.694, 1.695)",0.036761893077142886,1.695
"[1.695, 1.696)",0.048976107282008345,1.696
"[1.696, 1.697)",0.033195453802952045,1.697
"[1.697, 1.698)",0.030193626997727256,1.698
"[1.698, 1.699)",0.0334031408285714,1.699
"[1.699, 1.7)",0.031062712941880326,1.7
"[1.7, 1.701)",0.02937672727276265,1.701
"[1.701, 1.702)",0.020043719665652167,1.702
"[1.702, 1.703)",0.02151592153684211,1.703
"[1.703, 1.704)",0.03221218731803276,1.704
"[1.704, 1.705)",0.03335296159402392,1.705
"[1.705, 1.706)",0.03372748903396224,1.706
"[1.706, 1.707)",0.03253735737982454,1.707
"[1.707, 1.708)",0.03330785496594263,1.708
"[1.708, 1.709)",0.032637863605882333,1.709
"[1.709, 1.71)",0.026192496730894306,1.71
"[1.71, 1.711)",0.03200239332679246,1.711
"[1.711, 1.712)",0.024623431130776408,1.712
"[1.712, 1.713)",0.03750651578876811,1.713
"[1.713, 1.714)",0.0422492510857143,1.714
"[1.714, 1.715)",0.02692059123874998,1.715
"[1.715, 1.716)",0.023558348864799992,1.716
"[1.716, 1.717)",0.031242027522627728,1.717
"[1.717, 1.718)",0.04269805624412952,1.718
"[1.718, 1.719)",0.0343928368752066,1.719
"[1.719, 1.72)",0.03803531838439998,1.72
"[1.72, 1.721)",0.026635338019665274,1.721
"[1.721, 1.722)",0.03581954958808511,1.722
"[1.722, 1.723)",0.042033148269188206,1.723
"[1.723, 1.724)",0.0370693950846154,1.724
"[1.724, 1.725)",0.03414984053291512,1.725
"[1.725, 1.726)",0.027509284733730145,1.726
"[1.726, 1.727)",0.036125276844268785,1.727
"[1.727, 1.728)",0.027659672868913854,1.728
"[1.728, 1.729)",0.028948953304435476,1.729
"[1.729, 1.73)",0.031117534709057936,1.73
"[1.73, 1.731)",0.04072838846328125,1.731
"[1.731, 1.732)",0.032361046186330955,1.732
"[1.732, 1.733)",0.027918288958299595,1.733
"[1.733, 1.734)",0.025210415414522812,1.734
"[1.734, 1.735)",0.042950351544280445,1.735
"[1.735, 1.736)",0.02947616362718894,1.736
"[1.736, 1.737)",0.05101460237716897,1.737
"[1.737, 1.738)",0.029665629653599982,1.738
"[1.738, 1.739)",0.03973442378939391,1.739
"[1.739, 1.74)",0.02671551566497696,1.74
"[1.74, 1.741)",0.02744214836933333,1.741
"[1.741, 1.742)",0.032334085631506845,1.742
"[1.742, 1.743)",0.021071215978297878,1.743
"[1.743, 1.744)",0.033467119511353685,1.744
"[1.744, 1.745)",0.02765296588418972,1.745
"[1.745, 1.746)",0.036234608583088246,1.746
"[1.746, 1.747)",0.032465976291525415,1.747
"[1.747, 1.748)",0.03297085171100916,1.748
"[1.748, 1.749)",0.023131720936934663,1.749
"[1.749, 1.75)",0.022118223556250007,1.75
"[1.75, 1.7510000000000001)",0.02939734415789473,1.751
"[1.7510000000000001, 1.752)",0.029963287960267853,1.752
"[1.752, 1.7530000000000001)",0.044198572825899576,1.753
"[1.7530000000000001, 1.754)",0.026957142658527142,1.754
"[1.754, 1.7550000000000001)",0.02951236411189427,1.755
"[1.7550000000000001, 1.756)",0.02276267671945526,1.756
"[1.756, 1.7570000000000001)",0.030946890574885828,1.757
"[1.7570000000000001, 1.758)",0.026507344933443387,1.758
"[1.758, 1.7590000000000001)",0.04172433274273859,1.759
"[1.7590000000000001, 1.76)",0.025157594861666667,1.76
"[1.76, 1.7610000000000001)",0.029516554435748788,1.761
"[1.7610000000000001, 1.762)",0.02763250154088888,1.762
"[1.762, 1.7630000000000001)",0.0250522531127193,1.763
"[1.7630000000000001, 1.764)",0.03310628153552629,1.764
"[1.764, 1.7650000000000001)",0.019402017198253265,1.765
"[1.7650000000000001, 1.766)",0.027671709913636343,1.766
"[1.766, 1.7670000000000001)",0.025408759740789474,1.767
"[1.7670000000000001, 1.768)",0.027534024222580646,1.768
"[1.768, 1.7690000000000001)",0.036027747913333324,1.769
"[1.7690000000000001, 1.77)",0.033258140575984245,1.77
"[1.77, 1.7710000000000001)",0.03044829043416666,1.771
"[1.7710000000000001, 1.772)",0.029635154397752786,1.772
"[1.772, 1.7730000000000001)",0.02978807903346612,1.773
"[1.7730000000000001, 1.774)",0.019787124466527185,1.774
"[1.774, 1.7750000000000001)",0.028973630033480174,1.775
"[1.7750000000000001, 1.776)",0.030085244151012148,1.776
"[1.776, 1.7770000000000001)",0.037272421167980296,1.777
"[1.7770000000000001, 1.778)",0.03290942922209303,1.778
"[1.778, 1.7790000000000001)",0.025831814030803587,1.779
"[1.7790000000000001, 1.78)",0.029112214431363626,1.78
"[1.78, 1.7810000000000001)",0.025968966580607298,1.781
"[1.7810000000000001, 1.782)",0.0339645574221774,1.782
"[1.782, 1.7830000000000001)",0.0272838680812,1.783
"[1.7830000000000001, 1.784)",0.041329423893093194,1.784
"[1.784, 1.7850000000000001)",0.027233380784400005,1.785
"[1.7850000000000001, 1.786)",0.03042915431411538,1.786
"[1.786, 1.7870000000000001)",0.030956939576470575,1.787
"[1.7870000000000001, 1.788)",0.023293233684210535,1.788
"[1.788, 1.7890000000000001)",0.03793162418173515,1.789
"[1.7890000000000001, 1.79)",0.02346675162972972,1.79
"[1.79, 1.7910000000000001)",0.025944752490430618,1.791
"[1.7910000000000001, 1.792)",0.03439918429995781,1.792
"[1.792, 1.793)",0.037753466940562266,1.793
"[1.793, 1.794)",0.04962721924250003,1.794
"[1.794, 1.795)",0.040656814254500004,1.795
"[1.795, 1.796)",0.03129303384902913,1.796
"[1.796, 1.797)",0.035641345458604666,1.797
"[1.797, 1.798)",0.03029775313416666,1.798
"[1.798, 1.799)",0.03434747017119656,1.799
"[1.799, 1.8)",0.041465875049282314,1.8
"[1.8, 1.801)",0.04115161877478873,1.801
"[1.801, 1.802)",0.025585268921989524,1.802
"[1.802, 1.803)",0.03202960366799999,1.803
"[1.803, 1.804)",0.025271697426943008,1.804
"[1.804, 1.805)",0.025402929939671363,1.805
"[1.805, 1.806)",0.028579005541144266,1.806
"[1.806, 1.807)",0.022692892075627906,1.807
"[1.807, 1.808)",0.024655735354455425,1.808
"[1.808, 1.809)",0.028502477993333334,1.809
"[1.809, 1.81)",0.03898394921164019,1.81
"[1.81, 1.811)",0.044772635664601754,1.811
"[1.811, 1.812)",0.02678680253565574,1.812
"[1.812, 1.813)",0.029711390285045856,1.813
"[1.813, 1.814)",0.026975772051388878,1.814
"[1.814, 1.815)",0.041369844357377054,1.815
"[1.815, 1.816)",0.03406207990350876,1.816
"[1.816, 1.817)",0.033345616244978143,1.817
"[1.817, 1.818)",0.03938418136917295,1.818
"[1.818, 1.819)",0.03924550889126989,1.819
"[1.819, 1.82)",0.039985137081092456,1.82
"[1.82, 1.821)",0.026595250503940883,1.821
"[1.821, 1.822)",0.04841970290000002,1.822
"[1.822, 1.823)",0.046807128898393634,1.823
"[1.823, 1.824)",0.04835689534628977,1.824
"[1.824, 1.825)",0.03925697297327211,1.825
"[1.825, 1.826)",0.03599720025992886,1.826
"[1.826, 1.827)",0.039293983544106514,1.827
"[1.827, 1.828)",0.03901791289833343,1.828
"[1.828, 1.829)",0.035499376922641525,1.829
"[1.829, 1.83)",0.03912700002520662,1.83
"[1.83, 1.831)",0.04228940260800004,1.831
"[1.831, 1.832)",0.04776489129173557,1.832
"[1.832, 1.833)",0.032572690239087106,1.833
"[1.833, 1.834)",0.04249306557184106,1.834
"[1.834, 1.835)",0.04174206846858638,1.835
"[1.835, 1.836)",0.04198532078414099,1.836
"[1.836, 1.837)",0.03814345612430104,1.837
"[1.837, 1.838)",0.041050446633488405,1.838
"[1.838, 1.839)",0.045986635532460754,1.839
"[1.839, 1.84)",0.03545083798947368,1.84
"[1.84, 1.841)",0.030435522845579394,1.841
"[1.841, 1.842)",0.031556120347802204,1.842
"[1.842, 1.843)",0.04840656467991272,1.843
"[1.843, 1.844)",0.02877045712459015,1.844
"[1.844, 1.845)",0.047548439332022484,1.845
"[1.845, 1.846)",0.03924168465426828,1.846
"[1.846, 1.847)",0.0392245843985294,1.847
"[1.847, 1.848)",0.026710023667462682,1.848
"[1.848, 1.849)",0.043138507039361666,1.849
"[1.849, 1.85)",0.03374255635849056,1.85
"[1.85, 1.851)",0.036118771007584274,1.851
"[1.851, 1.852)",0.022622491982162134,1.852
"[1.852, 1.853)",0.03068329434067797,1.853
"[1.853, 1.854)",0.021732109528928574,1.854
"[1.854, 1.855)",0.022227664973563214,1.855
"[1.855, 1.856)",0.03191107617341039,1.856
"[1.856, 1.857)",0.03219106541134018,1.857
"[1.857, 1.858)",0.032956460645355186,1.858
"[1.858, 1.859)",0.03001517961949999,1.859
"[1.859, 1.86)",0.03155622386,1.86
"[1.86, 1.861)",0.026328354991701018,1.861
"[1.861, 1.862)",0.016654579150531916,1.862
"[1.862, 1.863)",0.02858552184494383,1.863
"[1.863, 1.864)",0.042623171349999996,1.864
"[1.864, 1.865)",0.026590001781467393,1.865
"[1.865, 1.866)",0.03361156051633664,1.866
"[1.866, 1.867)",0.02888903987205881,1.867
"[1.867, 1.868)",0.03241765660728155,1.868
"[1.868, 1.869)",0.03670071431746032,1.869
"[1.869, 1.87)",0.0313609409661202,1.87
"[1.87, 1.871)",0.04207821391152077,1.871
"[1.871, 1.872)",0.039375412709729725,1.872
"[1.872, 1.873)",0.04226698537042254,1.873
"[1.873, 1.874)",0.03226221183977271,1.874
"[1.874, 1.875)",0.03685743333028571,1.875
"[1.875, 1.8760000000000001)",0.02704605840816325,1.876
"[1.8760000000000001, 1.877)",0.028974176852358483,1.877
"[1.877, 1.8780000000000001)",0.0251291248688889,1.878
"[1.8780000000000001, 1.879)",0.030566835267379636,1.879
"[1.879, 1.8800000000000001)",0.03910760018688524,1.88
"[1.8800000000000001, 1.881)",0.04611577221164021,1.881
"[1.881, 1.8820000000000001)",0.03503683214077252,1.882
"[1.8820000000000001, 1.883)",0.03501221038781727,1.883
"[1.883, 1.8840000000000001)",0.031221716576470566,1.884
"[1.8840000000000001, 1.885)",0.035018764781725914,1.885
"[1.885, 1.8860000000000001)",0.021278711561306535,1.886
"[1.8860000000000001, 1.887)",0.030172496686227526,1.887
"[1.887, 1.8880000000000001)",0.03780799766,1.888
"[1.8880000000000001, 1.889)",0.0274962976488235,1.889
"[1.889, 1.8900000000000001)",0.04336832072283949,1.89
"[1.8900000000000001, 1.891)",0.03467516302849743,1.891
"[1.891, 1.8920000000000001)",0.03134766184909091,1.892
"[1.8920000000000001, 1.893)",0.03204056645580108,1.893
"[1.893, 1.8940000000000001)",0.03717063427977529,1.894
"[1.8940000000000001, 1.895)",0.032451783204605254,1.895
"[1.895, 1.8960000000000001)",0.01928361783803681,1.896
"[1.8960000000000001, 1.897)",0.03641207941944443,1.897
"[1.897, 1.8980000000000001)",0.034827282583237,1.898
"[1.8980000000000001, 1.899)",0.02583755680718233,1.899
"[1.899, 1.9000000000000001)",0.01799045476352202,1.9
"[1.9000000000000001, 1.901)",0.034482440286979166,1.901
"[1.901, 1.9020000000000001)",0.03545534753085714,1.902
"[1.9020000000000001, 1.903)",0.027325196881325287,1.903
"[1.903, 1.9040000000000001)",0.040470514598809494,1.904
"[1.9040000000000001, 1.905)",0.04425948966687115,1.905
"[1.905, 1.9060000000000001)",0.025641689354450253,1.906
"[1.9060000000000001, 1.907)",0.02927254874201182,1.907
"[1.907, 1.9080000000000001)",0.028827009864197523,1.908
"[1.9080000000000001, 1.909)",0.027977297134502917,1.909
"[1.909, 1.9100000000000001)",0.03480835263743017,1.91
"[1.9100000000000001, 1.911)",0.024927029102409636,1.911
"[1.911, 1.9120000000000001)",0.029862867054054068,1.912
"[1.9120000000000001, 1.913)",0.03354930509395971,1.913
"[1.913, 1.9140000000000001)",0.03284298383776468,1.914
"[1.9140000000000001, 1.915)",0.03653881535892854,1.915
"[1.915, 1.9160000000000001)",0.014967437378417273,1.916
"[1.9160000000000001, 1.917)",0.023405979972151908,1.917
"[1.917, 1.9180000000000001)",0.02267777105487806,1.918
"[1.9180000000000001, 1.919)",0.027388727932022437,1.919
"[1.919, 1.92)",0.02760796236242425,1.92
"[1.92, 1.921)",0.028749160047904215,1.921
"[1.921, 1.922)",0.026511675144303793,1.922
"[1.922, 1.923)",0.01391218059285715,1.923
"[1.923, 1.924)",0.019365112817283953,1.924
"[1.924, 1.925)",0.023824496152800006,1.925
"[1.925, 1.926)",0.034283673679333326,1.926
"[1.926, 1.927)",0.04362613745095542,1.927
"[1.927, 1.928)",0.01861203661037037,1.928
"[1.928, 1.929)",0.027982632791333333,1.929
"[1.929, 1.93)",0.028397748862337653,1.93
"[1.93, 1.931)",0.01759717582689656,1.931
"[1.931, 1.932)",0.027170735140394732,1.932
"[1.932, 1.933)",0.03307564908111887,1.933
"[1.933, 1.934)",0.0316474684659091,1.934
"[1.934, 1.935)",0.05729413974078951,1.935
"[1.935, 1.936)",0.046091992099999965,1.936
"[1.936, 1.937)",0.04450569780110499,1.937
"[1.937, 1.938)",0.03881336867415728,1.938
"[1.938, 1.939)",0.03489238611039998,1.939
"[1.939, 1.94)",0.03924020478169017,1.94
"[1.94, 1.941)",0.03934251314820143,1.941
"[1.941, 1.942)",0.03386999309647887,1.942
"[1.942, 1.943)",0.03087551841111112,1.943
"[1.943, 1.944)",0.019743963866037745,1.944
"[1.944, 1.945)",0.046164657227066634,1.945
"[1.945, 1.946)",0.04742435453324504,1.946
"[1.946, 1.947)",0.03600960660220994,1.947
"[1.947, 1.948)",0.04261552974210527,1.948
"[1.948, 1.949)",0.036157559381884065,1.949
"[1.949, 1.95)",0.05490772443541665,1.95
"[1.95, 1.951)",0.03402664735220128,1.951
"[1.951, 1.952)",0.032369309431200005,1.952
"[1.952, 1.953)",0.03640988363655172,1.953
"[1.953, 1.954)",0.029531232261267606,1.954
"[1.954, 1.955)",0.03036586932399999,1.955
"[1.955, 1.956)",0.03527318461164381,1.956
"[1.956, 1.957)",0.024824263576859507,1.957
"[1.957, 1.958)",0.02972638919850746,1.958
"[1.958, 1.959)",0.019177511634532376,1.959
"[1.959, 1.96)",0.046128599709756093,1.96
"[1.96, 1.961)",0.04764492287212119,1.961
"[1.961, 1.962)",0.049395505198675506,1.962
"[1.962, 1.963)",0.023653641067164177,1.963
"[1.963, 1.964)",0.036143520900769256,1.964
"[1.964, 1.965)",0.037158771020472436,1.965
"[1.965, 1.966)",0.03393743117384615,1.966
"[1.966, 1.967)",0.03829162799374999,1.967
"[1.967, 1.968)",0.03266986715588233,1.968
"[1.968, 1.969)",0.03273386073986013,1.969
"[1.969, 1.97)",0.037501459145081954,1.97
"[1.97, 1.971)",0.0415367525443548,1.971
"[1.971, 1.972)",0.027751319897810222,1.972
"[1.972, 1.973)",0.03249218352518519,1.973
"[1.973, 1.974)",0.03409594978591548,1.974
"[1.974, 1.975)",0.021476547230000004,1.975
"[1.975, 1.976)",0.03243301727919999,1.976
"[1.976, 1.977)",0.02670525206789474,1.977
"[1.977, 1.978)",0.0321849002041844,1.978
"[1.978, 1.979)",0.022847034626241138,1.979
"[1.979, 1.98)",0.024391718273103456,1.98
"[1.98, 1.981)",0.025149547955974842,1.981
"[1.981, 1.982)",0.03011758581418918,1.982
"[1.982, 1.983)",0.03455705299366196,1.983
"[1.983, 1.984)",0.023749597321111135,1.984
"[1.984, 1.985)",0.0337141532423077,1.985
"[1.985, 1.986)",0.025381380531052638,1.986
"[1.986, 1.987)",0.027174701973770504,1.987
"[1.987, 1.988)",0.03924802107338128,1.988
"[1.988, 1.989)",0.03958839967293233,1.989
"[1.989, 1.99)",0.019717327532089553,1.99
"[1.99, 1.991)",0.03326160454014599,1.991
"[1.991, 1.992)",0.025952919866272198,1.992
"[1.992, 1.993)",0.040128070002649,1.993
"[1.993, 1.994)",0.02405234095833334,1.994
"[1.994, 1.995)",0.03907835503034481,1.995
"[1.995, 1.996)",0.02277713595492957,1.996
"[1.996, 1.997)",0.033494580779199985,1.997
"[1.997, 1.998)",0.0206267781952381,1.998
"[1.998, 1.999)",0.03815906205298014,1.999
"[1.999, 2.0)",0.0394671436979452,2.0
"[2.0, 2.001)",0.033362671296875,2.001
"[2.001, 2.0020000000000002)",0.023017779985789463,2.002
"[2.0020000000000002, 2.003)",0.02899764181932202,2.003
"[2.003, 2.004)",0.021962846740000007,2.004
"[2.004, 2.005)",0.02967488515156249,2.005
"[2.005, 2.0060000000000002)",0.035153353269811304,2.006
"[2.0060000000000002, 2.007)",0.03525325995069444,2.007
"[2.007, 2.008)",0.038979962476190476,2.008
"[2.008, 2.009)",0.021621281641791033,2.009
"[2.009, 2.0100000000000002)",0.04828130438562091,2.01
"[2.0100000000000002, 2.011)",0.03941673980848101,2.011
"[2.011, 2.012)",0.02481918403309859,2.012
"[2.012, 2.013)",0.024485062170068028,2.013
"[2.013, 2.0140000000000002)",0.04769031139185185,2.014
"[2.0140000000000002, 2.015)",0.030821035380132433,2.015
"[2.015, 2.016)",0.03400614891942445,2.016
"[2.016, 2.017)",0.04497628587594201,2.017
"[2.017, 2.0180000000000002)",0.037977397364084516,2.018
"[2.0180000000000002, 2.019)",0.03735574508456374,2.019
"[2.019, 2.02)",0.03166794696012903,2.02
"[2.02, 2.021)",0.03851690930519481,2.021
"[2.021, 2.0220000000000002)",0.035770743638709676,2.022
"[2.0220000000000002, 2.023)",0.04686975018993287,2.023
"[2.023, 2.024)",0.04898978723661972,2.024
"[2.024, 2.025)",0.030216315112500013,2.025
"[2.025, 2.0260000000000002)",0.03067922997647059,2.026
"[2.0260000000000002, 2.027)",0.03564748865999996,2.027
"[2.027, 2.028)",0.037113463030303016,2.028
"[2.028, 2.029)",0.027633169963005768,2.029
"[2.029, 2.0300000000000002)",0.041207099182957736,2.03
"[2.0300000000000002, 2.031)",0.046506325338518506,2.031
"[2.031, 2.032)",0.035327647498484833,2.032
"[2.032, 2.033)",0.04225377449268291,2.033
"[2.033, 2.0340000000000003)",0.02460048020860928,2.034
"[2.0340000000000003, 2.035)",0.03567056645251796,2.035
"[2.035, 2.036)",0.044996324249999976,2.036
"[2.036, 2.037)",0.02475773583732394,2.037
"[2.037, 2.0380000000000003)",0.022434415779527574,2.038
"[2.0380000000000003, 2.039)",0.03150978104777071,2.039
"[2.039, 2.04)",0.05249572085599999,2.04
"[2.04, 2.041)",0.0216511432503876,2.041
"[2.041, 2.0420000000000003)",0.034531851084027766,2.042
"[2.0420000000000003, 2.043)",0.03655414101916666,2.043
"[2.043, 2.044)",0.030886099488983052,2.044
"[2.044, 2.045)",0.03827212027476562,2.045
"[2.045, 2.0460000000000003)",0.04626905107642857,2.046
"[2.0460000000000003, 2.047)",0.02530316183284671,2.047
"[2.047, 2.048)",0.036876571030075175,2.048
"[2.048, 2.049)",0.030287652768503936,2.049
"[2.049, 2.05)",0.03336283914462811,2.05
"[2.05, 2.051)",0.02789495794850747,2.051
"[2.051, 2.052)",0.03700411272396694,2.052
"[2.052, 2.053)",0.033824578710000004,2.053
"[2.053, 2.054)",0.022265806131249986,2.054
"[2.054, 2.055)",0.024880445975000005,2.055
"[2.055, 2.056)",0.02813284370000002,2.056
"[2.056, 2.057)",0.03364891180438597,2.057
"[2.057, 2.058)",0.023909362812307683,2.058
"[2.058, 2.059)",0.026169032522549013,2.059
"[2.059, 2.06)",0.032079242857499995,2.06
"[2.06, 2.061)",0.03156946903968992,2.061
"[2.061, 2.062)",0.047761039526548664,2.062
"[2.062, 2.063)",0.028558830237199996,2.063
"[2.063, 2.064)",0.023876273541860456,2.064
"[2.064, 2.065)",0.027418960564754114,2.065
"[2.065, 2.066)",0.030728677620000002,2.066
"[2.066, 2.067)",0.03852749348194443,2.067
"[2.067, 2.068)",0.03422365427310344,2.068
"[2.068, 2.069)",0.02509881809655173,2.069
"[2.069, 2.07)",0.029472895731746034,2.07
"[2.07, 2.071)",0.020586517250763364,2.071
"[2.071, 2.072)",0.033148986820000004,2.072
"[2.072, 2.073)",0.02262229766942149,2.073
"[2.073, 2.074)",0.02826156212937064,2.074
"[2.074, 2.075)",0.02838848424166666,2.075
"[2.075, 2.076)",0.03446527940798613,2.076
"[2.076, 2.077)",0.026745551102439015,2.077
"[2.077, 2.078)",0.030261029487850467,2.078
"[2.078, 2.079)",0.02790932951782178,2.079
"[2.079, 2.08)",0.03380729869849623,2.08
"[2.08, 2.081)",0.022649084493893138,2.081
"[2.081, 2.082)",0.024618054356250006,2.082
"[2.082, 2.083)",0.030353697169230753,2.083
"[2.083, 2.084)",0.027066788274920654,2.084
"[2.084, 2.085)",0.025142244563025228,2.085
"[2.085, 2.086)",0.02603436343341881,2.086
"[2.086, 2.087)",0.026188358237878788,2.087
"[2.087, 2.088)",0.023013874599242437,2.088
"[2.088, 2.089)",0.030583274660360364,2.089
"[2.089, 2.09)",0.030567402727199995,2.09
"[2.09, 2.091)",0.024700592727586203,2.091
"[2.091, 2.092)",0.037794236424999995,2.092
"[2.092, 2.093)",0.028031922005042002,2.093
"[2.093, 2.094)",0.02543853399699248,2.094
"[2.094, 2.095)",0.03931346328225804,2.095
"[2.095, 2.096)",0.02730121674344826,2.096
"[2.096, 2.097)",0.03047295776249999,2.097
"[2.097, 2.098)",0.033034295374305564,2.098
"[2.098, 2.099)",0.01779384029268293,2.099
"[2.099, 2.1)",0.02946957390350877,2.1
"[2.1, 2.101)",0.036616197219424454,2.101
"[2.101, 2.102)",0.026143108977777767,2.102
"[2.102, 2.103)",0.01788061757414966,2.103
"[2.103, 2.104)",0.022960581555874122,2.104
"[2.104, 2.105)",0.03425178220571429,2.105
"[2.105, 2.106)",0.023860914923076917,2.106
"[2.106, 2.107)",0.023939171604999993,2.107
"[2.107, 2.108)",0.029223281458604655,2.108
"[2.108, 2.109)",0.0308781001958042,2.109
"[2.109, 2.11)",0.028738953312,2.11
"[2.11, 2.111)",0.0534287240482353,2.111
"[2.111, 2.112)",0.030982734147008546,2.112
"[2.112, 2.113)",0.033083361293959716,2.113
"[2.113, 2.114)",0.024240830317829476,2.114
"[2.114, 2.115)",0.02663199348951048,2.115
"[2.115, 2.116)",0.02779219208571428,2.116
"[2.116, 2.117)",0.01573610341870968,2.117
"[2.117, 2.118)",0.03910448989541984,2.118
"[2.118, 2.119)",0.03541938832794118,2.119
"[2.119, 2.12)",0.02962404076666665,2.12
"[2.12, 2.121)",0.019363783003305792,2.121
"[2.121, 2.122)",0.032068012830708655,2.122
"[2.122, 2.123)",0.034593567268461536,2.123
"[2.123, 2.124)",0.027627688711666674,2.124
"[2.124, 2.125)",0.02557762854330708,2.125
"[2.125, 2.126)",0.035435053239097715,2.126
"[2.126, 2.1270000000000002)",0.040478884541739125,2.127
"[2.1270000000000002, 2.128)",0.03435997695967741,2.128
"[2.128, 2.129)",0.03253197248999999,2.129
"[2.129, 2.13)",0.029872202504444445,2.13
"[2.13, 2.1310000000000002)",0.05476859771403509,2.131
"[2.1310000000000002, 2.132)",0.020651654318797,2.132
"[2.132, 2.133)",0.031229669528455288,2.133
"[2.133, 2.134)",0.04012709240268456,2.134
"[2.134, 2.1350000000000002)",0.02929883462809917,2.135
"[2.1350000000000002, 2.136)",0.02504370029565218,2.136
"[2.136, 2.137)",0.028526628129411757,2.137
"[2.137, 2.138)",0.05942174385280003,2.138
"[2.138, 2.1390000000000002)",0.030332654821804507,2.139
"[2.1390000000000002, 2.14)",0.03005925823584905,2.14
"[2.14, 2.141)",0.03124834735557376,2.141
"[2.141, 2.142)",0.048161287234918006,2.142
"[2.142, 2.1430000000000002)",0.045284116443396215,2.143
"[2.1430000000000002, 2.144)",0.025310976107894737,2.144
"[2.144, 2.145)",0.04911718168256878,2.145
"[2.145, 2.146)",0.03845218331060605,2.146
"[2.146, 2.1470000000000002)",0.02529225941666668,2.147
"[2.1470000000000002, 2.148)",0.031210240542105274,2.148
"[2.148, 2.149)",0.03862610669363635,2.149
"[2.149, 2.15)",0.019088576216750013,2.15
"[2.15, 2.1510000000000002)",0.028614447431818187,2.151
"[2.1510000000000002, 2.152)",0.025753477815131574,2.152
"[2.152, 2.153)",0.021546963747826085,2.153
"[2.153, 2.154)",0.027536153655999995,2.154
"[2.154, 2.1550000000000002)",0.020124188138125,2.155
"[2.1550000000000002, 2.156)",0.027025943290769232,2.156
"[2.156, 2.157)",0.019271837537735852,2.157
"[2.157, 2.158)",0.02239579770071429,2.158
"[2.158, 2.1590000000000003)",0.024316347504201682,2.159
"[2.1590000000000003, 2.16)",0.024402611181196587,2.16
"[2.16, 2.161)",0.020505253297413793,2.161
"[2.161, 2.162)",0.02639905753225806,2.162
"[2.162, 2.1630000000000003)",0.032621797683823534,2.163
"[2.1630000000000003, 2.164)",0.04014109968189656,2.164
"[2.164, 2.165)",0.026506535555905517,2.165
"[2.165, 2.166)",0.03263352902951612,2.166
"[2.166, 2.1670000000000003)",0.0332135442115108,2.167
"[2.1670000000000003, 2.168)",0.04715721639682538,2.168
"[2.168, 2.169)",0.03250058517291667,2.169
"[2.169, 2.17)",0.021939819228448277,2.17
"[2.17, 2.1710000000000003)",0.025415226325000005,2.171
"[2.1710000000000003, 2.172)",0.05194658980318965,2.172
"[2.172, 2.173)",0.03252742620940172,2.173
"[2.173, 2.174)",0.021684306619858148,2.174
"[2.174, 2.1750000000000003)",0.028360825680327877,2.175
"[2.1750000000000003, 2.176)",0.04237254755882352,2.176
"[2.176, 2.177)",0.039597500946308734,2.177
"[2.177, 2.178)",0.015763194267523813,2.178
"[2.178, 2.179)",0.027715399589743586,2.179
"[2.179, 2.18)",0.032873292703703705,2.18
"[2.18, 2.181)",0.03172227583017243,2.181
"[2.181, 2.182)",0.03118838418787402,2.182
"[2.182, 2.183)",0.03650712363963963,2.183
"[2.183, 2.184)",0.04468823058571425,2.184
"[2.184, 2.185)",0.025271123093753962,2.185
"[2.185, 2.186)",0.035058460079199986,2.186
"[2.186, 2.187)",0.034583242792079236,2.187
"[2.187, 2.188)",0.01942355855948277,2.188
"[2.188, 2.189)",0.02974991526082474,2.189
"[2.189, 2.19)",0.05723686934021741,2.19
"[2.19, 2.191)",0.02712906410933332,2.191
"[2.191, 2.192)",0.03946482773334738,2.192
"[2.192, 2.193)",0.020962956939423075,2.193
"[2.193, 2.194)",0.0319898972258427,2.194
"[2.194, 2.195)",0.01996164869473685,2.195
"[2.195, 2.196)",0.03818524663235294,2.196
"[2.196, 2.197)",0.03167309714953271,2.197
"[2.197, 2.198)",0.02932164033333334,2.198
"[2.198, 2.199)",0.02646291143411765,2.199
"[2.199, 2.2)",0.03491044564303797,2.2
"[2.2, 2.201)",0.029549872930232556,2.201
"[2.201, 2.202)",0.03875600527951808,2.202
"[2.202, 2.203)",0.04499060997792209,2.203
"[2.203, 2.204)",0.0196422384326087,2.204
"[2.204, 2.205)",0.016702695069811334,2.205
"[2.205, 2.206)",0.02972965908125,2.206
"[2.206, 2.207)",0.02526526120212767,2.207
"[2.207, 2.208)",0.04757245830843373,2.208
"[2.208, 2.209)",0.023490808450495046,2.209
"[2.209, 2.21)",0.030400104037037027,2.21
"[2.21, 2.211)",0.01962631719652174,2.211
"[2.211, 2.212)",0.031169922858715608,2.212
"[2.212, 2.213)",0.02802172548482143,2.213
"[2.213, 2.214)",0.04028803657303371,2.214
"[2.214, 2.215)",0.03744376561538463,2.215
"[2.215, 2.216)",0.03879383569607842,2.216
"[2.216, 2.217)",0.019938533867368432,2.217
"[2.217, 2.218)",0.04057453832967033,2.218
"[2.218, 2.219)",0.026723050489795928,2.219
"[2.219, 2.22)",0.017992907088571434,2.22
"[2.22, 2.221)",0.018737266560000007,2.221
"[2.221, 2.222)",0.026341885050892855,2.222
"[2.222, 2.223)",0.020660038595789486,2.223
"[2.223, 2.224)",0.01911272489142857,2.224
"[2.224, 2.225)",0.02954641443434343,2.225
"[2.225, 2.226)",0.02610161306585365,2.226
"[2.226, 2.227)",0.01877824058333334,2.227
"[2.227, 2.228)",0.0369795087931624,2.228
"[2.228, 2.229)",0.0328005470510204,2.229
"[2.229, 2.23)",0.020086621041666676,2.23
"[2.23, 2.231)",0.01927061996489363,2.231
"[2.231, 2.232)",0.021264500228000003,2.232
"[2.232, 2.233)",0.042362699282954545,2.233
"[2.233, 2.234)",0.040979197454782595,2.234
"[2.234, 2.235)",0.012460432215555553,2.235
"[2.235, 2.236)",0.024267035663095245,2.236
"[2.236, 2.237)",0.03047059885760871,2.237
"[2.237, 2.238)",0.035551664786842116,2.238
"[2.238, 2.239)",0.01581174570595238,2.239
"[2.239, 2.24)",0.03418193897073171,2.24
"[2.24, 2.241)",0.02562668986585366,2.241
"[2.241, 2.242)",0.022685211663157907,2.242
"[2.242, 2.243)",0.02737579841973686,2.243
"[2.243, 2.244)",0.04089994545454546,2.244
"[2.244, 2.245)",0.015178872049382718,2.245
"[2.245, 2.246)",0.04685859645257732,2.246
"[2.246, 2.247)",0.023406381117021303,2.247
"[2.247, 2.248)",0.03955837487619048,2.248
"[2.248, 2.249)",0.020969600420512827,2.249
"[2.249, 2.25)",0.023146705255999996,2.25
"[2.25, 2.251)",0.04240985931447367,2.251
"[2.251, 2.2520000000000002)",0.020426883937037038,2.252
"[2.2520000000000002, 2.253)",0.039429283875000005,2.253
"[2.253, 2.254)",0.02509600085057473,2.254
"[2.254, 2.255)",0.026110339547126448,2.255
"[2.255, 2.2560000000000002)",0.020093704533023258,2.256
"[2.2560000000000002, 2.257)",0.015184809536231884,2.257
"[2.257, 2.258)",0.032127049732911396,2.258
"[2.258, 2.259)",0.020060766120879127,2.259
"[2.259, 2.2600000000000002)",0.01673631622183908,2.26
"[2.2600000000000002, 2.261)",0.019658131026315792,2.261
"[2.261, 2.262)",0.02647016212553192,2.262
"[2.262, 2.263)",0.04213710701249997,2.263
"[2.263, 2.2640000000000002)",0.018590116473684214,2.264
"[2.2640000000000002, 2.265)",0.02060584707866667,2.265
"[2.265, 2.266)",0.03593842822289159,2.266
"[2.266, 2.267)",0.028688038142857152,2.267
"[2.267, 2.2680000000000002)",0.03372367150454547,2.268
"[2.2680000000000002, 2.269)",0.03151749694893617,2.269
"[2.269, 2.27)",0.03001080073684212,2.27
"[2.27, 2.271)",0.010891746457377048,2.271
"[2.271, 2.2720000000000002)",0.01855962395180723,2.272
"[2.2720000000000002, 2.273)",0.023522637627586208,2.273
"[2.273, 2.274)",0.019737504725,2.274
"[2.274, 2.275)",0.02961898439390246,2.275
"[2.275, 2.2760000000000002)",0.029745730369565217,2.276
"[2.2760000000000002, 2.277)",0.02808119347297298,2.277
"[2.277, 2.278)",0.036496162499999985,2.278
"[2.278, 2.279)",0.04073003231325301,2.279
"[2.279, 2.2800000000000002)",0.02657995174193548,2.28
"[2.2800000000000002, 2.281)",0.024226297865934065,2.281
"[2.281, 2.282)",0.02161860382978725,2.282
"[2.282, 2.283)",0.029464617368571446,2.283
"[2.283, 2.2840000000000003)",0.03219626669183672,2.284
"[2.2840000000000003, 2.285)",0.02520624141785715,2.285
"[2.285, 2.286)",0.020234117880373832,2.286
"[2.286, 2.287)",0.03323245006315789,2.287
"[2.287, 2.2880000000000003)",0.03124106313519481,2.288
"[2.2880000000000003, 2.289)",0.04837844935483872,2.289
"[2.289, 2.29)",0.03617746902890626,2.29
"[2.29, 2.291)",0.021507665690476192,2.291
"[2.291, 2.2920000000000003)",0.028283654662637374,2.292
"[2.2920000000000003, 2.293)",0.025580459150537634,2.293
"[2.293, 2.294)",0.034501121616129025,2.294
"[2.294, 2.295)",0.04619056234210526,2.295
"[2.295, 2.2960000000000003)",0.04084989927662338,2.296
"[2.2960000000000003, 2.297)",0.022669645071874998,2.297
"[2.297, 2.298)",0.023872411266304353,2.298
"[2.298, 2.299)",0.02216817252857143,2.299
"[2.299, 2.3000000000000003)",0.032920685076315785,2.3
"[2.3000000000000003, 2.301)",0.056879720012820524,2.301
"[2.301, 2.302)",0.017063650564062505,2.302
"[2.302, 2.303)",0.025656258403278693,2.303
"[2.303, 2.3040000000000003)",0.041920223193846154,2.304
"[2.3040000000000003, 2.305)",0.026308646469135808,2.305
"[2.305, 2.306)",0.021788103869055546,2.306
"[2.306, 2.307)",0.02705554435540541,2.307
"[2.307, 2.308)",0.043023196154929576,2.308
"[2.308, 2.309)",0.03068018945970149,2.309
"[2.309, 2.31)",0.025274799446153844,2.31
"[2.31, 2.311)",0.04413384501025642,2.311
"[2.311, 2.312)",0.022475491054794516,2.312
"[2.312, 2.313)",0.0323539677763158,2.313
"[2.313, 2.314)",0.034331792454794535,2.314
"[2.314, 2.315)",0.05951940906202531,2.315
"[2.315, 2.316)",0.03386017765882353,2.316
"[2.316, 2.317)",0.03225690253376624,2.317
"[2.317, 2.318)",0.0221469425625,2.318
"[2.318, 2.319)",0.02997326668059702,2.319
"[2.319, 2.32)",0.04380093141428574,2.32
"[2.32, 2.321)",0.0798872248388889,2.321
"[2.321, 2.322)",0.02811576116363636,2.322
"[2.322, 2.323)",0.02326946976865672,2.323
"[2.323, 2.324)",0.05200241915999999,2.324
"[2.324, 2.325)",0.06029187353636363,2.325
"[2.325, 2.326)",0.023996525287878788,2.326
"[2.326, 2.327)",0.024163448576666666,2.327
"[2.327, 2.328)",0.02599932700923078,2.328
"[2.328, 2.329)",0.03463479435230769,2.329
"[2.329, 2.33)",0.04425899144470588,2.33
"[2.33, 2.331)",0.03058743524193549,2.331
"[2.331, 2.332)",0.0209915442923077,2.332
"[2.332, 2.333)",0.03290618883527274,2.333
"[2.333, 2.334)",0.03565676447297298,2.334
"[2.334, 2.335)",0.012076502066666663,2.335
"[2.335, 2.336)",0.01827737483571429,2.336
"[2.336, 2.337)",0.022530739561643837,2.337
"[2.337, 2.338)",0.03068647107592592,2.338
"[2.338, 2.339)",0.029007720273239442,2.339
"[2.339, 2.34)",0.032857945720000004,2.34
"[2.34, 2.341)",0.0475870608918033,2.341
"[2.341, 2.342)",0.021725279933870956,2.342
"[2.342, 2.343)",0.03290782784,2.343
"[2.343, 2.344)",0.029811338689705882,2.344
"[2.344, 2.345)",0.04625964267966101,2.345
"[2.345, 2.346)",0.07740760961538454,2.346
"[2.346, 2.347)",0.02192317611129032,2.347
"[2.347, 2.348)",0.0404864126597015,2.348
"[2.348, 2.349)",0.026199517646296293,2.349
"[2.349, 2.35)",0.027444659993333335,2.35
"[2.35, 2.351)",0.024562869972602756,2.351
"[2.351, 2.352)",0.032897984718072294,2.352
"[2.352, 2.353)",0.026094450446428573,2.353
"[2.353, 2.354)",0.021698791788461534,2.354
"[2.354, 2.355)",0.026638482814583336,2.355
"[2.355, 2.356)",0.026525770919230772,2.356
"[2.356, 2.357)",0.022947348072413793,2.357
"[2.357, 2.358)",0.031223877754716984,2.358
"[2.358, 2.359)",0.04252708395945947,2.359
"[2.359, 2.36)",0.03486125493214287,2.36
"[2.36, 2.361)",0.022407197491525425,2.361
"[2.361, 2.362)",0.02425457512083335,2.362
"[2.362, 2.363)",0.0375111758903226,2.363
"[2.363, 2.364)",0.029835249960000008,2.364
"[2.364, 2.365)",0.026770679865671648,2.365
"[2.365, 2.366)",0.03570229225373134,2.366
"[2.366, 2.367)",0.03902295699491527,2.367
"[2.367, 2.368)",0.02203190036478874,2.368
"[2.368, 2.369)",0.026443661470000008,2.369
"[2.369, 2.37)",0.03720642998000002,2.37
"[2.37, 2.371)",0.03493295215000001,2.371
"[2.371, 2.372)",0.025819000200000004,2.372
"[2.372, 2.373)",0.03215903740564517,2.373
"[2.373, 2.374)",0.050600827473684225,2.374
"[2.374, 2.375)",0.031650671788461544,2.375
"[2.375, 2.376)",0.03281521586129033,2.376
"[2.376, 2.3770000000000002)",0.017428331195000004,2.377
"[2.3770000000000002, 2.378)",0.03282438332307692,2.378
"[2.378, 2.379)",0.012973683090909092,2.379
"[2.379, 2.38)",0.021886380375000004,2.38
"[2.38, 2.3810000000000002)",0.05157438868965518,2.381
"[2.3810000000000002, 2.382)",0.019624647505230772,2.382
"[2.382, 2.383)",0.049127057955882354,2.383
"[2.383, 2.384)",0.039420782128205115,2.384
"[2.384, 2.3850000000000002)",0.028375278426923087,2.385
"[2.3850000000000002, 2.386)",0.05122503482857144,2.386
"[2.386, 2.387)",0.02006135813513514,2.387
"[2.387, 2.388)",0.02821393834,2.388
"[2.388, 2.3890000000000002)",0.025072354904761916,2.389
"[2.3890000000000002, 2.39)",0.02388412380519481,2.39
"[2.39, 2.391)",0.027541804895180738,2.391
"[2.391, 2.392)",0.013956066328124994,2.392
"[2.392, 2.3930000000000002)",0.027524304636111115,2.393
"[2.3930000000000002, 2.394)",0.029739479289473677,2.394
"[2.394, 2.395)",0.022761382386250008,2.395
"[2.395, 2.396)",0.02128667278166666,2.396
"[2.396, 2.3970000000000002)",0.030915178537333332,2.397
"[2.3970000000000002, 2.398)",0.04465984822666666,2.398
"[2.398, 2.399)",0.034396953582278476,2.399
"[2.399, 2.4)",0.03479983995652174,2.4
"[2.4, 2.4010000000000002)",0.04120812769761195,2.401
"[2.4010000000000002, 2.402)",0.0542608025952381,2.402
"[2.402, 2.403)",0.05132382175675676,2.403
"[2.403, 2.404)",0.023834101985294117,2.404
"[2.404, 2.4050000000000002)",0.02055477303733333,2.405
"[2.4050000000000002, 2.406)",0.017489261997297296,2.406
"[2.406, 2.407)",0.03419525106206897,2.407
"[2.407, 2.408)",0.0289669721937143,2.408
"[2.408, 2.4090000000000003)",0.03119811696144579,2.409
"[2.4090000000000003, 2.41)",0.022172636895522388,2.41
"[2.41, 2.411)",0.02849705744637684,2.411
"[2.411, 2.412)",0.03767726871451613,2.412
"[2.412, 2.4130000000000003)",0.02686799557962963,2.413
"[2.4130000000000003, 2.414)",0.04478181201777779,2.414
"[2.414, 2.415)",0.03645539456891306,2.415
"[2.415, 2.416)",0.027973158520408162,2.416
"[2.416, 2.4170000000000003)",0.0412204932244898,2.417
"[2.4170000000000003, 2.418)",0.02564214426774195,2.418
"[2.418, 2.419)",0.026997724814814817,2.419
"[2.419, 2.42)",0.03609965079824561,2.42
"[2.42, 2.4210000000000003)",0.034837841262000006,2.421
"[2.4210000000000003, 2.422)",0.04218194426666667,2.422
"[2.422, 2.423)",0.028011003717812517,2.423
"[2.423, 2.424)",0.030208489053488375,2.424
"[2.424, 2.4250000000000003)",0.024881002457812502,2.425
"[2.4250000000000003, 2.426)",0.05986822146923078,2.426
"[2.426, 2.427)",0.02375417495849056,2.427
"[2.427, 2.428)",0.015610482083870962,2.428
"[2.428, 2.4290000000000003)",0.023168225504918035,2.429
"[2.4290000000000003, 2.43)",0.0418195671981132,2.43
"[2.43, 2.431)",0.022956029782222224,2.431
"[2.431, 2.432)",0.02613559723272729,2.432
"[2.432, 2.433)",0.02608429968181817,2.433
"[2.433, 2.434)",0.04486547785319149,2.434
"[2.434, 2.435)",0.024014738831111104,2.435
"[2.435, 2.436)",0.052503240202040814,2.436
"[2.436, 2.437)",0.014307556556,2.437
"[2.437, 2.438)",0.014432504112500003,2.438
"[2.438, 2.439)",0.021430610647058826,2.439
"[2.439, 2.44)",0.017665667518749997,2.44
"[2.44, 2.441)",0.03961055337659576,2.441
"[2.441, 2.442)",0.02223731479285715,2.442
"[2.442, 2.443)",0.03412325478666668,2.443
"[2.443, 2.444)",0.0515829713095238,2.444
"[2.444, 2.445)",0.01987928835652174,2.445
"[2.445, 2.446)",0.03972020707959184,2.446
"[2.446, 2.447)",0.023122540185416665,2.447
"[2.447, 2.448)",0.04556750460784314,2.448
"[2.448, 2.449)",0.02576368723684211,2.449
"[2.449, 2.45)",0.032576583729729734,2.45
"[2.45, 2.451)",0.021900579862745097,2.451
"[2.451, 2.452)",0.020211498499999994,2.452
"[2.452, 2.453)",0.03916822370270271,2.453
"[2.453, 2.454)",0.053754899128947375,2.454
"[2.454, 2.455)",0.03475823326000001,2.455
"[2.455, 2.456)",0.03344297353461539,2.456
"[2.456, 2.457)",0.015020722899999998,2.457
"[2.457, 2.458)",0.03615652865000001,2.458
"[2.458, 2.459)",0.027032478049999996,2.459
"[2.459, 2.46)",0.024228948692307687,2.46
"[2.46, 2.461)",0.027941905241176478,2.461
"[2.461, 2.462)",0.01954967261111111,2.462
"[2.462, 2.463)",0.03285093454509804,2.463
"[2.463, 2.464)",0.03222199278571429,2.464
"[2.464, 2.465)",0.028910630644642867,2.465
"[2.465, 2.466)",0.029872684482758625,2.466
"[2.466, 2.467)",0.03094244161538462,2.467
"[2.467, 2.468)",0.061358543595744684,2.468
"[2.468, 2.469)",0.0173181504,2.469
"[2.469, 2.47)",0.03585164921621622,2.47
"[2.47, 2.471)",0.027829510158695652,2.471
"[2.471, 2.472)",0.03446819152285717,2.472
"[2.472, 2.473)",0.025084796332203393,2.473
"[2.473, 2.474)",0.04936628085714286,2.474
"[2.474, 2.475)",0.032046699810344824,2.475
"[2.475, 2.476)",0.03552377205882353,2.476
"[2.476, 2.477)",0.026154351585365856,2.477
"[2.477, 2.478)",0.05367531083794873,2.478
"[2.478, 2.479)",0.012750501250000002,2.479
"[2.479, 2.48)",0.02092599726530611,2.48
"[2.48, 2.481)",0.04220139139215688,2.481
"[2.481, 2.482)",0.025769099281132076,2.482
"[2.482, 2.483)",0.02221545360526315,2.483
"[2.483, 2.484)",0.025236716212765964,2.484
"[2.484, 2.485)",0.02924010229863015,2.485
"[2.485, 2.486)",0.0229609161372549,2.486
"[2.486, 2.487)",0.03013164466,2.487
"[2.487, 2.488)",0.016202491028571422,2.488
"[2.488, 2.489)",0.02372184384848485,2.489
"[2.489, 2.49)",0.014626455121999995,2.49
"[2.49, 2.491)",0.02895236744680851,2.491
"[2.491, 2.492)",0.013033575338596488,2.492
"[2.492, 2.493)",0.020881886788636363,2.493
"[2.493, 2.494)",0.01778809477727273,2.494
"[2.494, 2.495)",0.019713215297368428,2.495
"[2.495, 2.496)",0.01914674791111111,2.496
"[2.496, 2.497)",0.02951805148648649,2.497
"[2.497, 2.498)",0.01596630941463415,2.498
"[2.498, 2.499)",0.013311708890909092,2.499
"[2.499, 2.5)",0.032349615783783786,2.5
"[2.5, 2.501)",0.037407087724999996,2.501
"[2.501, 2.5020000000000002)",0.011258786170212769,2.502
"[2.5020000000000002, 2.503)",0.0223357883325,2.503
"[2.503, 2.504)",0.023089582897435897,2.504
"[2.504, 2.505)",0.03092465621568627,2.505
"[2.505, 2.5060000000000002)",0.028999304268181824,2.506
"[2.5060000000000002, 2.507)",0.03683541592307694,2.507
"[2.507, 2.508)",0.01277421795612245,2.508
"[2.508, 2.509)",0.025774953677419356,2.509
"[2.509, 2.5100000000000002)",0.017571949473809523,2.51
"[2.5100000000000002, 2.511)",0.02314202843658536,2.511
"[2.511, 2.512)",0.04288075915789474,2.512
"[2.512, 2.513)",0.058419759339622644,2.513
"[2.513, 2.5140000000000002)",0.012106221400000004,2.514
"[2.5140000000000002, 2.515)",0.028426528355813954,2.515
"[2.515, 2.516)",0.02245305032790698,2.516
"[2.516, 2.517)",0.03551976640425533,2.517
"[2.517, 2.5180000000000002)",0.019148016942857143,2.518
"[2.5180000000000002, 2.519)",0.02175562790697674,2.519
"[2.519, 2.52)",0.021831784018749995,2.52
"[2.52, 2.521)",0.023646398972340422,2.521
"[2.521, 2.5220000000000002)",0.013881160324489796,2.522
"[2.5220000000000002, 2.523)",0.02300571136857143,2.523
"[2.523, 2.524)",0.014060414511627909,2.524
"[2.524, 2.525)",0.022540291472222224,2.525
"[2.525, 2.5260000000000002)",0.03088790432142857,2.526
"[2.5260000000000002, 2.527)",0.02954965856875,2.527
"[2.527, 2.528)",0.042112501557692306,2.528
"[2.528, 2.529)",0.017678930365853655,2.529
"[2.529, 2.5300000000000002)",0.04522258627777779,2.53
"[2.5300000000000002, 2.531)",0.02805586343243243,2.531
"[2.531, 2.532)",0.014421995869047613,2.532
"[2.532, 2.533)",0.021354060834615385,2.533
"[2.533, 2.5340000000000003)",0.05642094992586208,2.534
"[2.5340000000000003, 2.535)",0.030198768465306138,2.535
"[2.535, 2.536)",0.05483520174222223,2.536
"[2.536, 2.537)",0.017815593911111115,2.537
"[2.537, 2.5380000000000003)",0.06338071638095244,2.538
"[2.5380000000000003, 2.539)",0.02721448330769232,2.539
"[2.539, 2.54)",0.030448921139800002,2.54
"[2.54, 2.541)",0.030143851370370383,2.541
"[2.541, 2.5420000000000003)",0.0462793536904762,2.542
"[2.5420000000000003, 2.543)",0.02736057994545455,2.543
"[2.543, 2.544)",0.01726884290232558,2.544
"[2.544, 2.545)",0.024186163352941194,2.545
"[2.545, 2.5460000000000003)",0.0307890504528302,2.546
"[2.5460000000000003, 2.547)",0.0401584806871795,2.547
"[2.547, 2.548)",0.02457998781250001,2.548
"[2.548, 2.549)",0.045224084850000006,2.549
"[2.549, 2.5500000000000003)",0.030081337022727264,2.55
"[2.5500000000000003, 2.551)",0.02939340352244898,2.551
"[2.551, 2.552)",0.03966503518703705,2.552
"[2.552, 2.553)",0.04782601405208334,2.553
"[2.553, 2.5540000000000003)",0.03510015966666667,2.554
"[2.5540000000000003, 2.555)",0.06424131201754386,2.555
"[2.555, 2.556)",0.03760235603508773,2.556
"[2.556, 2.557)",0.023681258978260872,2.557
"[2.557, 2.5580000000000003)",0.03164538524444445,2.558
"[2.5580000000000003, 2.559)",0.040182915559090905,2.559
"[2.559, 2.56)",0.03239231220454547,2.56
"[2.56, 2.561)",0.01898854207317073,2.561
"[2.561, 2.562)",0.03445894168190476,2.562
"[2.562, 2.563)",0.03395177964545454,2.563
"[2.563, 2.564)",0.018459506123404253,2.564
"[2.564, 2.565)",0.024543140751923084,2.565
"[2.565, 2.566)",0.03262617140833335,2.566
"[2.566, 2.567)",0.013817303875,2.567
"[2.567, 2.568)",0.02640983164705882,2.568
"[2.568, 2.569)",0.03406529313529411,2.569
"[2.569, 2.57)",0.033284269771428565,2.57
"[2.57, 2.571)",0.047779885675,2.571
"[2.571, 2.572)",0.031782973400000004,2.572
"[2.572, 2.573)",0.0335513608292683,2.573
"[2.573, 2.574)",0.020204000995121946,2.574
"[2.574, 2.575)",0.033211670974358974,2.575
"[2.575, 2.576)",0.0197585912051282,2.576
"[2.576, 2.577)",0.027769760513125005,2.577
"[2.577, 2.578)",0.015688989653846158,2.578
"[2.578, 2.579)",0.022927070428571422,2.579
"[2.579, 2.58)",0.022913986516097554,2.58
"[2.58, 2.581)",0.02228725825666667,2.581
"[2.581, 2.582)",0.03137887412903226,2.582
"[2.582, 2.583)",0.027876251534390238,2.583
"[2.583, 2.584)",0.029637092181818175,2.584
"[2.584, 2.585)",0.019436224906382974,2.585
"[2.585, 2.586)",0.03341563182926829,2.586
"[2.586, 2.587)",0.04164281780789474,2.587
"[2.587, 2.588)",0.031854214139999996,2.588
"[2.588, 2.589)",0.023701002044444443,2.589
"[2.589, 2.59)",0.015907814356410258,2.59
"[2.59, 2.591)",0.02013381485294118,2.591
"[2.591, 2.592)",0.024192967187179483,2.592
"[2.592, 2.593)",0.053487993720930244,2.593
"[2.593, 2.594)",0.027505913523809516,2.594
"[2.594, 2.595)",0.016107261527272727,2.595
"[2.595, 2.596)",0.06522053417948719,2.596
"[2.596, 2.597)",0.043236073378571445,2.597
"[2.597, 2.598)",0.019681159717948715,2.598
"[2.598, 2.599)",0.018955785790000006,2.599
"[2.599, 2.6)",0.042363572965217415,2.6
"[2.6, 2.601)",0.016368303254545448,2.601
"[2.601, 2.602)",0.012526405059999999,2.602
"[2.602, 2.603)",0.008427172935483876,2.603
"[2.603, 2.604)",0.029587388194594597,2.604
"[2.604, 2.605)",0.042009548184375016,2.605
"[2.605, 2.606)",0.03752105416666666,2.606
"[2.606, 2.607)",0.016899260317857146,2.607
"[2.607, 2.608)",0.020588326157777777,2.608
"[2.608, 2.609)",0.0501988725489796,2.609
"[2.609, 2.61)",0.014418809833333334,2.61
"[2.61, 2.611)",0.04117079788857143,2.611
"[2.611, 2.612)",0.040861713780000024,2.612
"[2.612, 2.613)",0.02374467376666667,2.613
"[2.613, 2.614)",0.05058154621568626,2.614
"[2.614, 2.615)",0.03442471633611111,2.615
"[2.615, 2.616)",0.030908040794230776,2.616
"[2.616, 2.617)",0.016616567694042548,2.617
"[2.617, 2.618)",0.03157811444047621,2.618
"[2.618, 2.619)",0.038687585157142844,2.619
"[2.619, 2.62)",0.01668919793392857,2.62
"[2.62, 2.621)",0.025409994213157885,2.621
"[2.621, 2.622)",0.028220005500000006,2.622
"[2.622, 2.623)",0.02782211936510639,2.623
"[2.623, 2.624)",0.024496083477272727,2.624
"[2.624, 2.625)",0.04540347855769232,2.625
"[2.625, 2.626)",0.02428532807142857,2.626
"[2.626, 2.6270000000000002)",0.031203619307272737,2.627
"[2.6270000000000002, 2.628)",0.026124738463414628,2.628
"[2.628, 2.629)",0.03596192585416668,2.629
"[2.629, 2.63)",0.02471765752448979,2.63
"[2.63, 2.6310000000000002)",0.026570533267843137,2.631
"[2.6310000000000002, 2.632)",0.02353318819782609,2.632
"[2.632, 2.633)",0.05596213930930232,2.633
"[2.633, 2.634)",0.02380886684090909,2.634
"[2.634, 2.6350000000000002)",0.024755009191666674,2.635
"[2.6350000000000002, 2.636)",0.029830822965217392,2.636
"[2.636, 2.637)",0.014826750844736841,2.637
"[2.637, 2.638)",0.024849019902380948,2.638
"[2.638, 2.6390000000000002)",0.014396345473684213,2.639
"[2.6390000000000002, 2.64)",0.034908840273571426,2.64
"[2.64, 2.641)",0.04655107071111112,2.641
"[2.641, 2.642)",0.014651718285714278,2.642
"[2.642, 2.6430000000000002)",0.04135938188157895,2.643
"[2.6430000000000002, 2.644)",0.023020035125,2.644
"[2.644, 2.645)",0.012401465152173911,2.645
"[2.645, 2.646)",0.0182428916372549,2.646
"[2.646, 2.6470000000000002)",0.026773658677777777,2.647
"[2.6470000000000002, 2.648)",0.02104801415555555,2.648
"[2.648, 2.649)",0.02350655104318182,2.649
"[2.649, 2.65)",0.03768941638095238,2.65
"[2.65, 2.6510000000000002)",0.032997643657894725,2.651
"[2.6510000000000002, 2.652)",0.02383127127777777,2.652
"[2.652, 2.653)",0.028498770459615373,2.653
"[2.653, 2.654)",0.04716518721794872,2.654
"[2.654, 2.6550000000000002)",0.07151284305333337,2.655
"[2.6550000000000002, 2.656)",0.0485489366857143,2.656
"[2.656, 2.657)",0.02726405937777778,2.657
"[2.657, 2.658)",0.042887461229166694,2.658
"[2.658, 2.6590000000000003)",0.025814430630434797,2.659
"[2.6590000000000003, 2.66)",0.052814045297297316,2.66
"[2.66, 2.661)",0.02268410401290322,2.661
"[2.661, 2.662)",0.039319685829268286,2.662
"[2.662, 2.6630000000000003)",0.03144467249803923,2.663
"[2.6630000000000003, 2.664)",0.05378695348979593,2.664
"[2.664, 2.665)",0.028604075165116278,2.665
"[2.665, 2.666)",0.021914841051282052,2.666
"[2.666, 2.6670000000000003)",0.03607768480847458,2.667
"[2.6670000000000003, 2.668)",0.021668107502040804,2.668
"[2.668, 2.669)",0.033307851940425535,2.669
"[2.669, 2.67)",0.042027063481428574,2.67
"[2.67, 2.6710000000000003)",0.04911601023255814,2.671
"[2.6710000000000003, 2.672)",0.029704271653846155,2.672
"[2.672, 2.673)",0.03658350462600001,2.673
"[2.673, 2.674)",0.037648722430952394,2.674
"[2.674, 2.6750000000000003)",0.03970488818139535,2.675
"[2.6750000000000003, 2.676)",0.0383255477948718,2.676
"[2.676, 2.677)",0.04844922063636365,2.677
"[2.677, 2.678)",0.031553024315,2.678
"[2.678, 2.6790000000000003)",0.047112060081081104,2.679
"[2.6790000000000003, 2.68)",0.013994003505000005,2.68
"[2.68, 2.681)",0.05164659717500001,2.681
"[2.681, 2.682)",0.02909772826046512,2.682
"[2.682, 2.6830000000000003)",0.04298179285714286,2.683
"[2.6830000000000003, 2.684)",0.036000492136363645,2.684
"[2.684, 2.685)",0.029260016627906976,2.685
"[2.685, 2.686)",0.035201362084,2.686
"[2.686, 2.6870000000000003)",0.01920205139756098,2.687
"[2.6870000000000003, 2.688)",0.020674074324324332,2.688
"[2.688, 2.689)",0.05742571711428575,2.689
"[2.689, 2.69)",0.04991926105000001,2.69
"[2.69, 2.691)",0.020725755799499992,2.691
"[2.691, 2.692)",0.03106725170054054,2.692
"[2.692, 2.693)",0.016248239082926823,2.693
"[2.693, 2.694)",0.025697359588235304,2.694
"[2.694, 2.695)",0.028449283428571427,2.695
"[2.695, 2.696)",0.027440334567857144,2.696
"[2.696, 2.697)",0.03770190869387756,2.697
"[2.697, 2.698)",0.060646110952558174,2.698
"[2.698, 2.699)",0.026557277669999997,2.699
"[2.699, 2.7)",0.017477280302325572,2.7
"[2.7, 2.701)",0.05631599258695655,2.701
"[2.701, 2.702)",0.0273508976516129,2.702
"[2.702, 2.703)",0.041695880408000006,2.703
"[2.703, 2.704)",0.026409340083333326,2.704
"[2.704, 2.705)",0.02100078317391304,2.705
"[2.705, 2.706)",0.018450696627906982,2.706
"[2.706, 2.707)",0.03036955568085106,2.707
"[2.707, 2.708)",0.028290184800000003,2.708
"[2.708, 2.709)",0.041195085706666676,2.709
"[2.709, 2.71)",0.02586444894999999,2.71
"[2.71, 2.711)",0.01465154172162162,2.711
"[2.711, 2.712)",0.03869969473529412,2.712
"[2.712, 2.713)",0.023513107351724138,2.713
"[2.713, 2.714)",0.0156434315483871,2.714
"[2.714, 2.715)",0.03847675529268293,2.715
"[2.715, 2.716)",0.026169851222580632,2.716
"[2.716, 2.717)",0.02304696497142857,2.717
"[2.717, 2.718)",0.022453188146341462,2.718
"[2.718, 2.719)",0.02625269964444445,2.719
"[2.719, 2.72)",0.029545021222580643,2.72
"[2.72, 2.721)",0.024674275170212763,2.721
"[2.721, 2.722)",0.02934570403636364,2.722
"[2.722, 2.723)",0.03212718697714286,2.723
"[2.723, 2.724)",0.01997526451851852,2.724
"[2.724, 2.725)",0.0537387777647059,2.725
"[2.725, 2.726)",0.01836348210204082,2.726
"[2.726, 2.727)",0.01699458036111111,2.727
"[2.727, 2.728)",0.019333684409090907,2.728
"[2.728, 2.729)",0.04055453810810812,2.729
"[2.729, 2.73)",0.08184027221621623,2.73
"[2.73, 2.731)",0.02174809921052631,2.731
"[2.731, 2.732)",0.016947555944444442,2.732
"[2.732, 2.733)",0.03421061800000002,2.733
"[2.733, 2.734)",0.017390287225000002,2.734
"[2.734, 2.735)",0.03786568318750002,2.735
"[2.735, 2.736)",0.04452282706451614,2.736
"[2.736, 2.737)",0.023154588935483875,2.737
"[2.737, 2.738)",0.027446575528888895,2.738
"[2.738, 2.739)",0.02694083247142857,2.739
"[2.739, 2.74)",0.02572178426666667,2.74
"[2.74, 2.741)",0.019245354777777782,2.741
"[2.741, 2.742)",0.021324602638297878,2.742
"[2.742, 2.743)",0.03667648888571428,2.743
"[2.743, 2.744)",0.041640205144444456,2.744
"[2.744, 2.745)",0.035669436704545456,2.745
"[2.745, 2.746)",0.013789730926829268,2.746
"[2.746, 2.747)",0.022666059873684207,2.747
"[2.747, 2.748)",0.020370618959459467,2.748
"[2.748, 2.749)",0.04597693330000001,2.749
"[2.749, 2.75)",0.016014674078947366,2.75
"[2.75, 2.751)",0.03786277766190477,2.751
"[2.751, 2.7520000000000002)",0.048548483692307694,2.752
"[2.7520000000000002, 2.753)",0.026841918031250002,2.753
"[2.753, 2.754)",0.04544481589189189,2.754
"[2.754, 2.755)",0.07412770634888888,2.755
"[2.755, 2.7560000000000002)",0.04046193634042553,2.756
"[2.7560000000000002, 2.757)",0.048948720657777785,2.757
"[2.757, 2.758)",0.05159198336363636,2.758
"[2.758, 2.759)",0.036905581923684226,2.759
"[2.759, 2.7600000000000002)",0.02178333233902439,2.76
"[2.7600000000000002, 2.761)",0.03304098477142858,2.761
"[2.761, 2.762)",0.04702084086190476,2.762
"[2.762, 2.763)",0.021627560131578943,2.763
"[2.763, 2.7640000000000002)",0.04174806137352943,2.764
"[2.7640000000000002, 2.765)",0.014202069483870969,2.765
"[2.765, 2.766)",0.023117604758695655,2.766
"[2.766, 2.767)",0.0169282184,2.767
"[2.767, 2.7680000000000002)",0.021922422230000002,2.768
"[2.7680000000000002, 2.769)",0.04894471876774194,2.769
"[2.769, 2.77)",0.03184678275,2.77
"[2.77, 2.771)",0.013480188710526314,2.771
"[2.771, 2.7720000000000002)",0.05844465471428572,2.772
"[2.7720000000000002, 2.773)",0.02352385833947369,2.773
"[2.773, 2.774)",0.013291964192307696,2.774
"[2.774, 2.775)",0.026516324929032255,2.775
"[2.775, 2.7760000000000002)",0.050512241145000004,2.776
"[2.7760000000000002, 2.777)",0.027128076193548387,2.777
"[2.777, 2.778)",0.020480986838709678,2.778
"[2.778, 2.779)",0.013203641097368421,2.779
"[2.779, 2.7800000000000002)",0.02176570603823529,2.78
"[2.7800000000000002, 2.781)",0.031315600330555575,2.781
"[2.781, 2.782)",0.020237782482758617,2.782
"[2.782, 2.783)",0.02565138669130435,2.783
"[2.783, 2.7840000000000003)",0.018102799208695657,2.784
"[2.7840000000000003, 2.785)",0.06213739451911765,2.785
"[2.785, 2.786)",0.04068680930769231,2.786
"[2.786, 2.787)",0.04139142160333333,2.787
"[2.787, 2.7880000000000003)",0.015352521121875004,2.788
"[2.7880000000000003, 2.789)",0.04417443919629629,2.789
"[2.789, 2.79)",0.024096624037037044,2.79
"[2.79, 2.791)",0.024934450411764706,2.791
"[2.791, 2.7920000000000003)",0.039486879837499995,2.792
"[2.7920000000000003, 2.793)",0.03397199515151516,2.793
"[2.793, 2.794)",0.030394242900000007,2.794
"[2.794, 2.795)",0.08219560696551724,2.795
"[2.795, 2.7960000000000003)",0.025751684333333327,2.796
"[2.7960000000000003, 2.797)",0.03414689270588236,2.797
"[2.797, 2.798)",0.03364740396774194,2.798
"[2.798, 2.799)",0.025890558006249998,2.799
"[2.799, 2.8000000000000003)",0.043299361066666674,2.8
"[2.8000000000000003, 2.801)",0.015681939838709677,2.801
"[2.801, 2.802)",0.07091400168689654,2.802
"[2.802, 2.803)",0.025430242580000005,2.803
"[2.803, 2.8040000000000003)",0.04988323532000001,2.804
"[2.8040000000000003, 2.805)",0.01606854100952381,2.805
"[2.805, 2.806)",0.03166730444827587,2.806
"[2.806, 2.807)",0.041559196325,2.807
"[2.807, 2.8080000000000003)",0.031054601492857138,2.808
"[2.8080000000000003, 2.809)",0.02772930222142857,2.809
"[2.809, 2.81)",0.030133506071999997,2.81
"[2.81, 2.811)",0.023649822382352942,2.811
"[2.811, 2.8120000000000003)",0.027382757880000008,2.812
"[2.8120000000000003, 2.813)",0.03436528422631578,2.813
"[2.813, 2.814)",0.04879692325263158,2.814
"[2.814, 2.815)",0.037934201299999984,2.815
"[2.815, 2.816)",0.03059909764516129,2.816
"[2.816, 2.817)",0.05727957370588236,2.817
"[2.817, 2.818)",0.020312108580645156,2.818
"[2.818, 2.819)",0.0147248005925926,2.819
"[2.819, 2.82)",0.02455100484000001,2.82
"[2.82, 2.821)",0.018569603575757578,2.821
"[2.821, 2.822)",0.03139701767741935,2.822
"[2.822, 2.823)",0.07944551400000001,2.823
"[2.823, 2.824)",0.1261248522352941,2.824
"[2.824, 2.825)",0.047064024809677425,2.825
"[2.825, 2.826)",0.05723347238685714,2.826
"[2.826, 2.827)",0.0616121223157895,2.827
"[2.827, 2.828)",0.059270464175000016,2.828
"[2.828, 2.829)",0.009416576952380953,2.829
"[2.829, 2.83)",0.0745864541818182,2.83
"[2.83, 2.831)",0.02783408875,2.831
"[2.831, 2.832)",0.04122035814117648,2.832
"[2.832, 2.833)",0.08923633509090911,2.833
"[2.833, 2.834)",0.03194972924242424,2.834
"[2.834, 2.835)",0.047886542692307695,2.835
"[2.835, 2.836)",0.06411086416551724,2.836
"[2.836, 2.837)",0.052182587151515136,2.837
"[2.837, 2.838)",0.027851724392857137,2.838
"[2.838, 2.839)",0.07772010185185187,2.839
"[2.839, 2.84)",0.03298556365625,2.84
"[2.84, 2.841)",0.05649361048076922,2.841
"[2.841, 2.842)",0.08189655803333334,2.842
"[2.842, 2.843)",0.06656735029411766,2.843
"[2.843, 2.844)",0.08627536727777779,2.844
"[2.844, 2.845)",0.061295845694444476,2.845
"[2.845, 2.846)",0.04965528796774195,2.846
"[2.846, 2.847)",0.05742963722758621,2.847
"[2.847, 2.848)",0.04563670487027027,2.848
"[2.848, 2.849)",0.05293215693939394,2.849
"[2.849, 2.85)",0.044680486097777784,2.85
"[2.85, 2.851)",0.020157331839393937,2.851
"[2.851, 2.852)",0.07422373797142856,2.852
"[2.852, 2.853)",0.09542611293000001,2.853
"[2.853, 2.854)",0.05108820556666666,2.854
"[2.854, 2.855)",0.07780965062500002,2.855
"[2.855, 2.856)",0.032594415581481476,2.856
"[2.856, 2.857)",0.06616291142857143,2.857
"[2.857, 2.858)",0.0982670464375,2.858
"[2.858, 2.859)",0.07264197959090911,2.859
"[2.859, 2.86)",0.028798027073170734,2.86
"[2.86, 2.861)",0.04020133031034481,2.861
"[2.861, 2.862)",0.04701127160000001,2.862
"[2.862, 2.863)",0.05367826335999999,2.863
"[2.863, 2.864)",0.02913992376875,2.864
"[2.864, 2.865)",0.01436375922068966,2.865
"[2.865, 2.866)",0.020687971863636363,2.866
"[2.866, 2.867)",0.05783011178571428,2.867
"[2.867, 2.868)",0.045177126322580634,2.868
"[2.868, 2.869)",0.058995897388888885,2.869
"[2.869, 2.87)",0.05465669246875001,2.87
"[2.87, 2.871)",0.023331462982352943,2.871
"[2.871, 2.872)",0.03739381,2.872
"[2.872, 2.873)",0.020541588848275866,2.873
"[2.873, 2.874)",0.038996541881250006,2.874
"[2.874, 2.875)",0.03772370691999999,2.875
"[2.875, 2.876)",0.025122846373333334,2.876
"[2.876, 2.8770000000000002)",0.03002978334814815,2.877
"[2.8770000000000002, 2.878)",0.06680824386956523,2.878
"[2.878, 2.879)",0.045837309934482755,2.879
"[2.879, 2.88)",0.0338928299375,2.88
"[2.88, 2.8810000000000002)",0.03183595203448276,2.881
"[2.8810000000000002, 2.882)",0.0559374175117647,2.882
"[2.882, 2.883)",0.019354572690909087,2.883
"[2.883, 2.884)",0.020269019181818185,2.884
"[2.884, 2.8850000000000002)",0.015852289585185184,2.885
"[2.8850000000000002, 2.886)",0.053444299086956526,2.886
"[2.886, 2.887)",0.03219532817948717,2.887
"[2.887, 2.888)",0.044049239777777784,2.888
"[2.888, 2.8890000000000002)",0.029443740606060607,2.889
"[2.8890000000000002, 2.89)",0.031050830972972975,2.89
"[2.89, 2.891)",0.02638020917647058,2.891
"[2.891, 2.892)",0.029098622800000005,2.892
"[2.892, 2.8930000000000002)",0.029280271575757577,2.893
"[2.8930000000000002, 2.894)",0.0629475359030303,2.894
"[2.894, 2.895)",0.017105593989999997,2.895
"[2.895, 2.896)",0.03491255554333332,2.896
"[2.896, 2.8970000000000002)",0.059366622206896556,2.897
"[2.8970000000000002, 2.898)",0.032116122076923076,2.898
"[2.898, 2.899)",0.016245195128205128,2.899
"[2.899, 2.9)",0.050404620438636354,2.9
"[2.9, 2.9010000000000002)",0.04490900180487805,2.901
"[2.9010000000000002, 2.902)",0.05904631820512823,2.902
"[2.902, 2.903)",0.06896571223783783,2.903
"[2.903, 2.904)",0.09058604304761905,2.904
"[2.904, 2.9050000000000002)",0.027974894451612897,2.905
"[2.9050000000000002, 2.906)",0.036603347041666665,2.906
"[2.906, 2.907)",0.054213486217391305,2.907
"[2.907, 2.908)",0.06333529807692308,2.908
"[2.908, 2.9090000000000003)",0.027375578511111127,2.909
"[2.9090000000000003, 2.91)",0.05949061575094339,2.91
"[2.91, 2.911)",0.05629188760606062,2.911
"[2.911, 2.912)",0.04759231004545454,2.912
"[2.912, 2.9130000000000003)",0.07965273700810813,2.913
"[2.9130000000000003, 2.914)",0.019325246206451617,2.914
"[2.914, 2.915)",0.09409670203030303,2.915
"[2.915, 2.916)",0.0345971723030303,2.916
"[2.916, 2.9170000000000003)",0.10072187465384617,2.917
"[2.9170000000000003, 2.918)",0.049962078914893626,2.918
"[2.918, 2.919)",0.06382167071929826,2.919
"[2.919, 2.92)",0.060236270936170205,2.92
"[2.92, 2.9210000000000003)",0.09301809819298247,2.921
"[2.9210000000000003, 2.922)",0.08433992992692305,2.922
"[2.922, 2.923)",0.084236334362069,2.923
"[2.923, 2.924)",0.09307936878558827,2.924
"[2.924, 2.9250000000000003)",0.05923292146153846,2.925
"[2.9250000000000003, 2.926)",0.07621405981578948,2.926
"[2.926, 2.927)",0.09434426159259257,2.927
"[2.927, 2.928)",0.08264031920588236,2.928
"[2.928, 2.9290000000000003)",0.07233865098032785,2.929
"[2.9290000000000003, 2.93)",0.02812840015625,2.93
"[2.93, 2.931)",0.04201486890550001,2.931
"[2.931, 2.932)",0.02835365677419354,2.932
"[2.932, 2.9330000000000003)",0.041233921640000004,2.933
"[2.9330000000000003, 2.934)",0.0403439293225,2.934
"[2.934, 2.935)",0.06322833445869566,2.935
"[2.935, 2.936)",0.05941699387916668,2.936
"[2.936, 2.9370000000000003)",0.04499404658064516,2.937
"[2.9370000000000003, 2.938)",0.058691075111111095,2.938
"[2.938, 2.939)",0.05166704342857142,2.939
"[2.939, 2.94)",0.07189324269999998,2.94
"[2.94, 2.9410000000000003)",0.05638135674074073,2.941
"[2.9410000000000003, 2.942)",0.08351822228861111,2.942
"[2.942, 2.943)",0.178943426875,2.943
"[2.943, 2.944)",0.09138339707142858,2.944
"[2.944, 2.945)",0.10434781028076924,2.945
"[2.945, 2.946)",0.043703575444117654,2.946
"[2.946, 2.947)",0.10680915338461536,2.947
"[2.947, 2.948)",0.024017777095238096,2.948
"[2.948, 2.949)",0.06828220405882353,2.949
"[2.949, 2.95)",0.024141666363636367,2.95
"[2.95, 2.951)",0.023441385166666672,2.951
"[2.951, 2.952)",0.02712289094594594,2.952
"[2.952, 2.953)",0.04501055318181821,2.953
"[2.953, 2.954)",0.022628585202941177,2.954
"[2.954, 2.955)",0.04526252969130436,2.955
"[2.955, 2.956)",0.10125818696666665,2.956
"[2.956, 2.957)",0.013377746875000004,2.957
"[2.957, 2.958)",0.04178994469230768,2.958
"[2.958, 2.959)",0.022502748957692314,2.959
"[2.959, 2.96)",0.024771633798536585,2.96
"[2.96, 2.961)",0.11100809357692307,2.961
"[2.961, 2.962)",0.03494904789473685,2.962
"[2.962, 2.963)",0.024529892450000007,2.963
"[2.963, 2.964)",0.021508592090909093,2.964
"[2.964, 2.965)",0.0714600056,2.965
"[2.965, 2.966)",0.0660649562,2.966
"[2.966, 2.967)",0.02497756768,2.967
"[2.967, 2.968)",0.02564546076666667,2.968
"[2.968, 2.969)",0.028493580115384613,2.969
"[2.969, 2.97)",0.02111199381818181,2.97
"[2.97, 2.971)",0.027493860359999997,2.971
"[2.971, 2.972)",0.04460639114285716,2.972
"[2.972, 2.973)",0.026540209359999994,2.973
"[2.973, 2.974)",0.015175336239999998,2.974
"[2.974, 2.975)",0.025003919624999996,2.975
"[2.975, 2.976)",0.04558157200000001,2.976
"[2.976, 2.977)",0.015658708111111114,2.977
"[2.977, 2.978)",0.016270698964285714,2.978
"[2.978, 2.979)",0.023204577121874997,2.979
"[2.979, 2.98)",0.02672895089189189,2.98
"[2.98, 2.981)",0.049828849759999995,2.981
"[2.981, 2.982)",0.09442388620000002,2.982
"[2.982, 2.983)",0.04463003084,2.983
"[2.983, 2.984)",0.06545435,2.984
"[2.984, 2.985)",0.027080659379310347,2.985
"[2.985, 2.986)",0.022658834555555556,2.986
"[2.986, 2.987)",0.051042682000000006,2.987
"[2.987, 2.988)",0.05178385516,2.988
"[2.988, 2.989)",0.02364294254166667,2.989
"[2.989, 2.99)",0.032741267037037045,2.99
"[2.99, 2.991)",0.07745404604166667,2.991
"[2.991, 2.992)",0.03316080503448276,2.992
"[2.992, 2.993)",0.031066836333333334,2.993
"[2.993, 2.994)",0.010094614345833332,2.994
"[2.994, 2.995)",0.024782880428571432,2.995
"[2.995, 2.996)",0.02951608710714285,2.996
"[2.996, 2.997)",0.008648395315789472,2.997
"[2.997, 2.998)",0.011558806421052632,2.998
"[2.998, 2.999)",0.015458636914285716,2.999
"[2.999, 3.0)",0.02997771223529412,3.0
"[3.0, 3.001)",0.022465826956521735,3.001
"[3.001, 3.0020000000000002)",0.04871195489473684,3.002
"[3.0020000000000002, 3.003)",0.05838856713793102,3.003
"[3.003, 3.004)",0.013058987272727274,3.004
"[3.004, 3.005)",0.018715288440000002,3.005
"[3.005, 3.0060000000000002)",0.021592664761538462,3.006
"[3.0060000000000002, 3.007)",0.06621195742857144,3.007
"[3.007, 3.008)",0.035205757000000004,3.008
"[3.008, 3.009)",0.016127842063636363,3.009
"[3.009, 3.0100000000000002)",0.017826796263157897,3.01
"[3.0100000000000002, 3.011)",0.0352316196,3.011
"[3.011, 3.012)",0.025403082434782617,3.012
"[3.012, 3.013)",0.02192024272222222,3.013
"[3.013, 3.0140000000000002)",0.07451413096875,3.014
"[3.0140000000000002, 3.015)",0.021033531083333334,3.015
"[3.015, 3.016)",0.02719331155185185,3.016
"[3.016, 3.017)",0.036195626952380947,3.017
"[3.017, 3.0180000000000002)",0.010862670963157893,3.018
"[3.0180000000000002, 3.019)",0.03395445996153846,3.019
"[3.019, 3.02)",0.027606399029032253,3.02
"[3.02, 3.021)",0.040366595521739136,3.021
"[3.021, 3.0220000000000002)",0.013838268499999999,3.022
"[3.0220000000000002, 3.023)",0.026598276300000008,3.023
"[3.023, 3.024)",0.019003956312500004,3.024
"[3.024, 3.025)",0.01568393675,3.025
"[3.025, 3.0260000000000002)",0.04163047919655173,3.026
"[3.0260000000000002, 3.027)",0.028157071118749995,3.027
"[3.027, 3.028)",0.01722781907241379,3.028
"[3.028, 3.029)",0.02640289164285714,3.029
"[3.029, 3.0300000000000002)",0.040708730477419366,3.03
"[3.0300000000000002, 3.031)",0.05078332529411763,3.031
"[3.031, 3.032)",0.02008579814814815,3.032
"[3.032, 3.033)",0.017732261357142853,3.033
"[3.033, 3.0340000000000003)",0.028069861958333334,3.034
"[3.0340000000000003, 3.035)",0.0230116996,3.035
"[3.035, 3.036)",0.025950050266666667,3.036
"[3.036, 3.037)",0.02173762058333333,3.037
"[3.037, 3.0380000000000003)",0.04693532965454545,3.038
"[3.0380000000000003, 3.039)",0.053758590733333333,3.039
"[3.039, 3.04)",0.02938342944999999,3.04
"[3.04, 3.041)",0.028837431760714283,3.041
"[3.041, 3.0420000000000003)",0.07750688319354841,3.042
"[3.0420000000000003, 3.043)",0.010802166348148146,3.043
"[3.043, 3.044)",0.029893743687500002,3.044
"[3.044, 3.045)",0.01655607440909091,3.045
"[3.045, 3.0460000000000003)",0.06085702323076924,3.046
"[3.0460000000000003, 3.047)",0.01644211322352941,3.047
"[3.047, 3.048)",0.022544550555555556,3.048
"[3.048, 3.049)",0.020326007625000003,3.049
"[3.049, 3.0500000000000003)",0.08621901664285714,3.05
"[3.0500000000000003, 3.051)",0.035209211084210525,3.051
"[3.051, 3.052)",0.024114921894736845,3.052
"[3.052, 3.053)",0.05232160579999999,3.053
"[3.053, 3.0540000000000003)",0.0047657406,3.054
"[3.0540000000000003, 3.055)",0.018916276611111116,3.055
"[3.055, 3.056)",0.024183423133333336,3.056
"[3.056, 3.057)",0.010221119235294117,3.057
"[3.057, 3.0580000000000003)",0.01959482329411764,3.058
"[3.0580000000000003, 3.059)",0.032160127840000004,3.059
"[3.059, 3.06)",0.05621650677272728,3.06
"[3.06, 3.061)",0.027555231142857142,3.061
"[3.061, 3.0620000000000003)",0.012434800692307697,3.062
"[3.0620000000000003, 3.063)",0.07706201700000002,3.063
"[3.063, 3.064)",0.05725684483333331,3.064
"[3.064, 3.065)",0.037808962809523804,3.065
"[3.065, 3.0660000000000003)",0.01507926841055556,3.066
"[3.0660000000000003, 3.067)",0.04980852878947369,3.067
"[3.067, 3.068)",0.023186271437500003,3.068
"[3.068, 3.069)",0.03527094582352941,3.069
"[3.069, 3.0700000000000003)",0.03866430688888889,3.07
"[3.0700000000000003, 3.071)",0.07243727774999999,3.071
"[3.071, 3.072)",0.02284182133333333,3.072
"[3.072, 3.073)",0.06286650485625,3.073
"[3.073, 3.074)",0.026909546277777783,3.074
"[3.074, 3.075)",0.04457711050000001,3.075
"[3.075, 3.076)",0.01143133188235294,3.076
"[3.076, 3.077)",0.022642280888888897,3.077
"[3.077, 3.078)",0.028562068083333336,3.078
"[3.078, 3.079)",0.03022785125,3.079
"[3.079, 3.08)",0.016214039,3.08
"[3.08, 3.081)",0.02274654795,3.081
"[3.081, 3.082)",0.010233504411764705,3.082
"[3.082, 3.083)",0.063976089,3.083
"[3.083, 3.084)",0.01266128489473684,3.084
"[3.084, 3.085)",0.03497658025,3.085
"[3.085, 3.086)",0.03100250909090909,3.086
"[3.086, 3.087)",0.02930375076000001,3.087
"[3.087, 3.088)",0.05954950291666666,3.088
"[3.088, 3.089)",0.017839823733333333,3.089
"[3.089, 3.09)",0.013499092,3.09
"[3.09, 3.091)",0.043280756529411754,3.091
"[3.091, 3.092)",0.018274840866666673,3.092
"[3.092, 3.093)",0.014116716625,3.093
"[3.093, 3.094)",0.07697177625000003,3.094
"[3.094, 3.095)",0.13610014806470588,3.095
"[3.095, 3.096)",0.05317158357142857,3.096
"[3.096, 3.097)",0.006851036499999999,3.097
"[3.097, 3.098)",0.028999124545454544,3.098
"[3.098, 3.099)",0.010944483017647059,3.099
"[3.099, 3.1)",0.015266657999999999,3.1
"[3.1, 3.101)",0.010024277512499999,3.101
"[3.101, 3.102)",0.0095857855,3.102
"[3.102, 3.103)",0.031764507687500006,3.103
"[3.103, 3.104)",0.0204800006,3.104
"[3.104, 3.105)",0.010565139533333334,3.105
"[3.105, 3.106)",0.022386685,3.106
"[3.106, 3.107)",0.031760761938181815,3.107
"[3.107, 3.108)",0.071570774625,3.108
"[3.108, 3.109)",0.012639454076923075,3.109
"[3.109, 3.11)",0.09159033779333332,3.11
"[3.11, 3.111)",0.03381388007692308,3.111
"[3.111, 3.112)",0.028360351874999995,3.112
"[3.112, 3.113)",0.016683427923076925,3.113
"[3.113, 3.114)",0.0184736576,3.114
"[3.114, 3.115)",0.025941309812499997,3.115
"[3.115, 3.116)",0.031230864555555553,3.116
"[3.116, 3.117)",0.00949704690909091,3.117
"[3.117, 3.118)",0.08455544416666666,3.118
"[3.118, 3.119)",0.04108382892307692,3.119
"[3.119, 3.12)",0.03685137514285715,3.12
"[3.12, 3.121)",0.010631890727272726,3.121
"[3.121, 3.122)",0.022583734684210526,3.122
"[3.122, 3.123)",0.0529271408125,3.123
"[3.123, 3.124)",0.018748661000000003,3.124
"[3.124, 3.125)",0.02004959590909091,3.125
"[3.125, 3.126)",0.035207470600000006,3.126
"[3.126, 3.1270000000000002)",0.03848171615384615,3.127
"[3.1270000000000002, 3.128)",0.014221790529411764,3.128
"[3.128, 3.129)",0.0157695388125,3.129
"[3.129, 3.13)",0.0293642451,3.13
"[3.13, 3.1310000000000002)",0.019819335214285715,3.131
"[3.1310000000000002, 3.132)",0.013597642428571427,3.132
"[3.132, 3.133)",0.09351393350000002,3.133
"[3.133, 3.134)",0.03767356494444443,3.134
"[3.134, 3.1350000000000002)",0.022599097899999997,3.135
"[3.1350000000000002, 3.136)",0.034919017800000014,3.136
"[3.136, 3.137)",0.010288771807142858,3.137
"[3.137, 3.138)",0.03332410781818182,3.138
"[3.138, 3.1390000000000002)",0.02163947815,3.139
"[3.1390000000000002, 3.14)",0.009742883555555557,3.14
"[3.14, 3.141)",0.03455282933333334,3.141
"[3.141, 3.142)",0.08669930077777778,3.142
"[3.142, 3.1430000000000002)",0.006010647714285714,3.143
"[3.1430000000000002, 3.144)",0.035837507936842115,3.144
"[3.144, 3.145)",0.13816682691666668,3.145
"[3.145, 3.146)",0.02571172682352941,3.146
"[3.146, 3.1470000000000002)",0.020578850928571427,3.147
"[3.1470000000000002, 3.148)",0.0449237423,3.148
"[3.148, 3.149)",0.004551693666666666,3.149
"[3.149, 3.15)",0.034673727166666675,3.15
"[3.15, 3.1510000000000002)",0.02612044957894737,3.151
"[3.1510000000000002, 3.152)",0.04167676764705883,3.152
"[3.152, 3.153)",0.03967767547368421,3.153
"[3.153, 3.154)",0.012810013384615383,3.154
"[3.154, 3.1550000000000002)",0.029475141135294116,3.155
"[3.1550000000000002, 3.156)",0.029292412222222224,3.156
"[3.156, 3.157)",0.02153211,3.157
"[3.157, 3.158)",0.018214670882352943,3.158
"[3.158, 3.1590000000000003)",0.008672612272727271,3.159
"[3.1590000000000003, 3.16)",0.126106519125,3.16
"[3.16, 3.161)",0.01990528054,3.161
"[3.161, 3.162)",0.016105462363636365,3.162
"[3.162, 3.1630000000000003)",0.026753724299999997,3.163
"[3.1630000000000003, 3.164)",0.009426640230769232,3.164
"[3.164, 3.165)",0.03982931666666666,3.165
"[3.165, 3.166)",0.051908667142857134,3.166
"[3.166, 3.1670000000000003)",0.01809402235,3.167
"[3.1670000000000003, 3.168)",0.04702983124214286,3.168
"[3.168, 3.169)",0.005374568,3.169
"[3.169, 3.17)",0.026263943333333335,3.17
"[3.17, 3.1710000000000003)",0.03315118333333333,3.171
"[3.1710000000000003, 3.172)",0.033442011,3.172
"[3.172, 3.173)",0.052727286299999995,3.173
"[3.173, 3.174)",0.033800034,3.174
"[3.174, 3.1750000000000003)",0.1134326865,3.175
"[3.1750000000000003, 3.176)",0.0279316334,3.176
"[3.176, 3.177)",0.17191351075,3.177
"[3.177, 3.178)",0.020585775888888887,3.178
"[3.178, 3.1790000000000003)",0.26449283677999996,3.179
"[3.1790000000000003, 3.18)",0.007236248454545454,3.18
"[3.18, 3.181)",0.036250042333333336,3.181
"[3.181, 3.182)",0.020772710163157893,3.182
"[3.182, 3.1830000000000003)",0.02860086042857143,3.183
"[3.1830000000000003, 3.184)",0.05185476238461538,3.184
"[3.184, 3.185)",0.026636370299999997,3.185
"[3.185, 3.186)",0.013030902005833333,3.186
"[3.186, 3.1870000000000003)",0.015174740909090908,3.187
"[3.1870000000000003, 3.188)",0.04205772735714286,3.188
"[3.188, 3.189)",0.013589274777777778,3.189
"[3.189, 3.19)",0.084993020375,3.19
"[3.19, 3.1910000000000003)",0.02469067922222222,3.191
"[3.1910000000000003, 3.192)",0.07898758999999998,3.192
"[3.192, 3.193)",0.12207977755454542,3.193
"[3.193, 3.194)",0.026937931300000002,3.194
"[3.194, 3.1950000000000003)",0.022977542111111107,3.195
"[3.1950000000000003, 3.196)",0.05012178,3.196
"[3.196, 3.197)",0.0372648397,3.197
"[3.197, 3.198)",0.031865253,3.198
"[3.198, 3.1990000000000003)",0.0502583786,3.199
"[3.1990000000000003, 3.2)",0.0398254959090909,3.2
"[3.2, 3.201)",0.02652069075,3.201
"[3.201, 3.202)",0.031180715454545458,3.202
"[3.202, 3.203)",0.025722455363636362,3.203
"[3.203, 3.204)",0.041054719999999996,3.204
"[3.204, 3.205)",0.03477949695,3.205
"[3.205, 3.206)",0.051612618,3.206
"[3.206, 3.207)",0.033677424250000004,3.207
"[3.207, 3.208)",0.026388664125000003,3.208
"[3.208, 3.209)",0.030471314116666672,3.209
"[3.209, 3.21)",0.04067006866666667,3.21
"[3.21, 3.211)",0.08228478857142855,3.211
"[3.211, 3.212)",0.030194611250000003,3.212
"[3.212, 3.213)",0.10140264216666665,3.213
"[3.213, 3.214)",0.021580446142857142,3.214
"[3.214, 3.215)",0.047793471428571425,3.215
"[3.215, 3.216)",0.11143792199999995,3.216
"[3.216, 3.217)",0.01477209377777778,3.217
"[3.217, 3.218)",0.032328322874999996,3.218
"[3.218, 3.219)",0.0757448233076923,3.219
"[3.219, 3.22)",0.0060905826,3.22
"[3.22, 3.221)",0.06838991211764707,3.221
"[3.221, 3.222)",0.026592147142857143,3.222
"[3.222, 3.223)",0.07503884229999999,3.223
"[3.223, 3.224)",0.04402867075,3.224
"[3.224, 3.225)",0.051411294615384615,3.225
"[3.225, 3.226)",0.0027382381250000004,3.226
"[3.226, 3.227)",0.025077574562499996,3.227
"[3.227, 3.228)",0.024459218133333335,3.228
"[3.228, 3.229)",0.035987700233333336,3.229
"[3.229, 3.23)",0.07387454857142858,3.23
"[3.23, 3.231)",0.02449718407692308,3.231
"[3.231, 3.232)",0.050016208937499994,3.232
"[3.232, 3.233)",0.030977172374999997,3.233
"[3.233, 3.234)",0.0491866468,3.234
"[3.234, 3.235)",0.017953466153846152,3.235
"[3.235, 3.236)",0.0335890182,3.236
"[3.236, 3.237)",0.030667717514999998,3.237
"[3.237, 3.238)",0.035410817071428576,3.238
"[3.238, 3.239)",0.018106296999999997,3.239
"[3.239, 3.24)",0.04709016545454545,3.24
"[3.24, 3.241)",0.015252094181818183,3.241
"[3.241, 3.242)",0.02597713428571429,3.242
"[3.242, 3.243)",0.008445089666666666,3.243
"[3.243, 3.244)",0.023882383076923072,3.244
"[3.244, 3.245)",0.0479791666,3.245
"[3.245, 3.246)",0.03589804333333333,3.246
"[3.246, 3.247)",0.06757228636363635,3.247
"[3.247, 3.248)",0.01570267875,3.248
"[3.248, 3.249)",0.02859579412,3.249
"[3.249, 3.25)",0.012982404307692303,3.25
"[3.25, 3.251)",0.05733688705263159,3.251
"[3.251, 3.2520000000000002)",0.038912010722222216,3.252
"[3.2520000000000002, 3.253)",0.024186969909090906,3.253
"[3.253, 3.254)",0.057626662450000005,3.254
"[3.254, 3.255)",0.1471333376470588,3.255
"[3.255, 3.2560000000000002)",0.022089150230769232,3.256
"[3.2560000000000002, 3.257)",0.04283371936363636,3.257
"[3.257, 3.258)",0.09357766783333334,3.258
"[3.258, 3.259)",0.03491092372142856,3.259
"[3.259, 3.2600000000000002)",0.031541935046153845,3.26
"[3.2600000000000002, 3.261)",0.031492532000000004,3.261
"[3.261, 3.262)",0.0107620832,3.262
"[3.262, 3.263)",0.008057809888888887,3.263
"[3.263, 3.2640000000000002)",0.01725937272727273,3.264
"[3.2640000000000002, 3.265)",0.03291914588888889,3.265
"[3.265, 3.266)",0.011582469583333333,3.266
"[3.266, 3.267)",0.0063570594636363645,3.267
"[3.267, 3.2680000000000002)",0.029546771538461542,3.268
"[3.2680000000000002, 3.269)",0.012909574766666668,3.269
"[3.269, 3.27)",0.031028317400000005,3.27
"[3.27, 3.271)",0.014009250333333334,3.271
"[3.271, 3.2720000000000002)",0.042438057,3.272
"[3.2720000000000002, 3.273)",0.03500302066666667,3.273
"[3.273, 3.274)",0.010622156636363634,3.274
"[3.274, 3.275)",0.024608967000000002,3.275
"[3.275, 3.2760000000000002)",0.028041673999999996,3.276
"[3.2760000000000002, 3.277)",0.04399517228571429,3.277
"[3.277, 3.278)",0.06887394587500001,3.278
"[3.278, 3.279)",0.0019070209999999998,3.279
"[3.279, 3.2800000000000002)",0.024697201299999996,3.28
"[3.2800000000000002, 3.281)",0.0252983515,3.281
"[3.281, 3.282)",0.04110627354545455,3.282
"[3.282, 3.283)",0.014319245928571431,3.283
"[3.283, 3.2840000000000003)",0.01999727800176471,3.284
"[3.2840000000000003, 3.285)",0.07195922105714285,3.285
"[3.285, 3.286)",0.05631667092857142,3.286
"[3.286, 3.287)",0.018997465833333334,3.287
"[3.287, 3.2880000000000003)",0.0460344755,3.288
"[3.2880000000000003, 3.289)",0.01454327,3.289
"[3.289, 3.29)",0.0858440775,3.29
"[3.29, 3.291)",0.061553577153846156,3.291
"[3.291, 3.2920000000000003)",0.070417215,3.292
"[3.2920000000000003, 3.293)",0.07798766799999998,3.293
"[3.293, 3.294)",0.07240761655555555,3.294
"[3.294, 3.295)",0.018852364,3.295
"[3.295, 3.2960000000000003)",0.07810325837499998,3.296
"[3.2960000000000003, 3.297)",0.053681856666666666,3.297
"[3.297, 3.298)",0.04459289638461538,3.298
"[3.298, 3.299)",0.06157695441666667,3.299
"[3.299, 3.3000000000000003)",0.058389307200000004,3.3
"[3.3000000000000003, 3.301)",0.012611065555555556,3.301
"[3.301, 3.302)",0.03803183,3.302
"[3.302, 3.303)",0.04342605477777777,3.303
"[3.303, 3.3040000000000003)",0.021256894777777775,3.304
"[3.3040000000000003, 3.305)",0.024776336,3.305
"[3.305, 3.306)",0.008975889571428572,3.306
"[3.306, 3.307)",0.0400749556,3.307
"[3.307, 3.3080000000000003)",0.022086547166666665,3.308
"[3.3080000000000003, 3.309)",0.03583138486666666,3.309
"[3.309, 3.31)",0.01509430142857143,3.31
"[3.31, 3.311)",0.05109420503333333,3.311
"[3.311, 3.3120000000000003)",0.018478111625,3.312
"[3.3120000000000003, 3.313)",0.014562722,3.313
"[3.313, 3.314)",0.2272904786,3.314
"[3.314, 3.315)",0.011153310999999999,3.315
"[3.315, 3.3160000000000003)",0.0197603886,3.316
"[3.3160000000000003, 3.317)",0.019032134333333336,3.317
"[3.317, 3.318)",0.17387444333333335,3.318
"[3.318, 3.319)",0.0630935595,3.319
"[3.319, 3.3200000000000003)",0.013454419499999997,3.32
"[3.3200000000000003, 3.321)",0.048916364,3.321
"[3.321, 3.322)",0.005100828999999999,3.322
"[3.322, 3.323)",0.07110953185714286,3.323
"[3.323, 3.3240000000000003)",0.0176481,3.324
"[3.3240000000000003, 3.325)",0.026672488727272726,3.325
"[3.325, 3.326)",0.025189447571428575,3.326
"[3.326, 3.327)",0.017244424166666668,3.327
"[3.327, 3.3280000000000003)",0.011882291666666668,3.328
"[3.3280000000000003, 3.329)",0.015515020600000002,3.329
"[3.329, 3.33)",0.016970655,3.33
"[3.33, 3.331)",0.01474625588888889,3.331
"[3.331, 3.332)",0.0268837692,3.332
"[3.332, 3.333)",0.008831478833333333,3.333
"[3.333, 3.334)",0.012812186800000003,3.334
"[3.334, 3.335)",0.01082054825,3.335
"[3.335, 3.336)",0.004609951,3.336
"[3.336, 3.337)",0.02976241,3.337
"[3.337, 3.338)",0.017905706666666667,3.338
"[3.338, 3.339)",0.007339216000000001,3.339
"[3.339, 3.34)",0.0118892025,3.34
"[3.34, 3.341)",0.011781874585714289,3.341
"[3.341, 3.342)",0.0193918415,3.342
"[3.342, 3.343)",0.04752228,3.343
"[3.343, 3.344)",0.004105929428571429,3.344
"[3.344, 3.345)",0.005816224000000001,3.345
"[3.345, 3.346)",0.014884334714285715,3.346
"[3.346, 3.347)",0.018171883983333328,3.347
"[3.347, 3.348)",0.003949192166666666,3.348
"[3.348, 3.349)",0.005414832571428572,3.349
"[3.349, 3.35)",0.12844848286000002,3.35
"[3.35, 3.351)",0.000540833,3.351
"[3.351, 3.352)",0.25223986188333336,3.352
"[3.352, 3.353)",0.030907079499999997,3.353
"[3.353, 3.354)",0.0157398564,3.354
"[3.354, 3.355)",0.017725547666666664,3.355
"[3.355, 3.356)",0.011213255333333332,3.356
"[3.356, 3.357)",0.020530917000000003,3.357
"[3.357, 3.358)",0.023409896666666666,3.358
"[3.358, 3.359)",0.018703136333333335,3.359
"[3.359, 3.36)",0.033672414250000005,3.36
"[3.36, 3.361)",0.052001266625,3.361
"[3.361, 3.362)",0.0325581,3.362
"[3.362, 3.363)",0.028418766636363633,3.363
"[3.363, 3.364)",0.0047555743333333325,3.364
"[3.364, 3.365)",0.059992935,3.365
"[3.365, 3.366)",0.06904877333333333,3.366
"[3.366, 3.367)",0.040797076,3.367
"[3.367, 3.368)",0.04014175742857144,3.368
"[3.368, 3.369)",0.006018020000000001,3.369
"[3.369, 3.37)",0.0342690425,3.37
"[3.37, 3.371)",0.055468232166666666,3.371
"[3.371, 3.372)",0.035427758,3.372
"[3.372, 3.373)",0.0011212365,3.373
"[3.373, 3.374)",0.009817298333333334,3.374
"[3.374, 3.375)",0.033007418600000005,3.375
"[3.375, 3.376)",0.074913785,3.376
"[3.376, 3.3770000000000002)",0.130868485,3.377
"[3.3770000000000002, 3.378)",0.0805311075,3.378
"[3.378, 3.379)",0.0053460908,3.379
"[3.379, 3.38)",0.0027613453333333333,3.38
"[3.38, 3.3810000000000002)",0.04669303825,3.381
"[3.3810000000000002, 3.382)",0.029632572000000003,3.382
"[3.382, 3.383)",0.018966142499999998,3.383
"[3.383, 3.384)",0.034586922000000006,3.384
"[3.384, 3.3850000000000002)",0.02147319825,3.385
"[3.3850000000000002, 3.386)",0.002136155,3.386
"[3.386, 3.387)",0.117867688,3.387
"[3.387, 3.388)",0.0279711,3.388
"[3.388, 3.3890000000000002)",0.028727372600000002,3.389
"[3.3890000000000002, 3.39)",0.013549388249999999,3.39
"[3.39, 3.391)",0.09788870260000002,3.391
"[3.391, 3.392)",0.014352149000000002,3.392
"[3.392, 3.3930000000000002)",0.0206589608,3.393
"[3.3930000000000002, 3.394)",0.131625,3.394
"[3.394, 3.395)",0.04318089,3.395
"[3.395, 3.396)",0.017697116666666665,3.396
"[3.396, 3.3970000000000002)",0.011333897999999999,3.397
"[3.3970000000000002, 3.398)",0.09527034999999999,3.398
"[3.398, 3.399)",0.014942845,3.399
"[3.399, 3.4)",0.029194756,3.4
"[3.4010000000000002, 3.402)",0.019111268600000002,3.401
"[3.402, 3.403)",0.05034617746666666,3.402
"[3.403, 3.404)",0.0427118,3.403
"[3.404, 3.4050000000000002)",0.009788671,3.404
"[3.4050000000000002, 3.406)",0.13363386747499997,3.405
"[3.406, 3.407)",0.03966162,3.406
"[3.407, 3.408)",0.0012976165,3.407
"[3.408, 3.4090000000000003)",0.12171445,3.408
"[3.4090000000000003, 3.41)",0.098199865,3.409
"[3.41, 3.411)",0.013776462000000001,3.41
"[3.411, 3.412)",0.06476263,3.411
"[3.412, 3.4130000000000003)",0.00526444,3.412
"[3.4130000000000003, 3.414)",0.015568877666666666,3.413
"[3.414, 3.415)",0.026989624750000003,3.414
"[3.415, 3.416)",0.025374280428571427,3.415
"[3.416, 3.4170000000000003)",0.04820021142857143,3.416
"[3.4170000000000003, 3.418)",0.00708119825,3.417
"[3.418, 3.419)",0.008931365749999998,3.418
"[3.419, 3.42)",0.051159699999999995,3.419
"[3.42, 3.4210000000000003)",0.020696242714285714,3.42
"[3.4210000000000003, 3.422)",0.007659391500000001,3.421
"[3.422, 3.423)",0.027268851,3.422
"[3.423, 3.424)",0.10629373333333332,3.423
"[3.424, 3.4250000000000003)",0.000540833,3.424
"[3.4250000000000003, 3.426)",0.03407274825,3.425
"[3.426, 3.427)",0.00791692825,3.426
"[3.427, 3.428)",0.0217303675,3.427
"[3.428, 3.4290000000000003)",0.026447585,3.428
"[3.4290000000000003, 3.43)",0.04611464333333334,3.429
"[3.43, 3.431)",0.0073000386,3.43
"[3.431, 3.432)",0.03275351333333334,3.431
"[3.432, 3.4330000000000003)",0.01807699566666667,3.432
"[3.4330000000000003, 3.434)",0.00218124,3.433
"[3.434, 3.435)",0.018759456,3.434
"[3.435, 3.436)",0.02038198325,3.435
"[3.436, 3.4370000000000003)",0.053013903333333334,3.436
"[3.4370000000000003, 3.438)",0.00663708656,3.437
"[3.438, 3.439)",0.058145932166666664,3.438
"[3.439, 3.44)",0.06515383111111112,3.439
"[3.44, 3.4410000000000003)",0.15985356666666667,3.44
"[3.4410000000000003, 3.442)",0.03023622383333333,3.441
"[3.442, 3.443)",0.0349558586,3.442
"[3.443, 3.444)",0.010896507666666668,3.443
"[3.444, 3.4450000000000003)",0.011348748600000002,3.444
"[3.4450000000000003, 3.446)",0.025631235000000002,3.445
"[3.446, 3.447)",0.029631485,3.446
"[3.447, 3.448)",0.0361737475,3.447
"[3.448, 3.4490000000000003)",0.03747604749999999,3.448
"[3.4490000000000003, 3.45)",0.08534216666666666,3.449
"[3.45, 3.451)",0.008779812222222221,3.45
"[3.451, 3.452)",0.0081425285,3.451
"[3.452, 3.4530000000000003)",0.03872788666666666,3.452
"[3.4530000000000003, 3.454)",0.037107964322222214,3.453
"[3.454, 3.455)",0.014987161,3.454
"[3.455, 3.456)",0.05820722660000001,3.455
"[3.456, 3.457)",0.013149277666666667,3.456
"[3.457, 3.458)",0.012792068299999997,3.457
"[3.458, 3.459)",0.0018903745,3.458
"[3.459, 3.46)",0.0027237476666666666,3.459
"[3.46, 3.461)",0.09587946666666668,3.46
"[3.461, 3.462)",0.022441347333333334,3.461
"[3.462, 3.463)",0.00393984825,3.462
"[3.463, 3.464)",0.019862194999999996,3.463
"[3.464, 3.465)",0.00110742,3.464
"[3.465, 3.466)",0.025589784666666667,3.465
"[3.466, 3.467)",0.01726313325,3.466
"[3.467, 3.468)",0.0938304175,3.467
"[3.468, 3.469)",0.005209888833333333,3.468
"[3.469, 3.47)",0.00273111505,3.469
"[3.47, 3.471)",0.09644207860000001,3.47
"[3.471, 3.472)",0.02411155,3.471
"[3.472, 3.473)",0.022928774125,3.472
"[3.473, 3.474)",0.066024952,3.473
"[3.474, 3.475)",0.009301285,3.474
"[3.475, 3.476)",0.010264996666666667,3.475
"[3.476, 3.477)",0.029489831857142858,3.476
"[3.477, 3.478)",0.10387104288888888,3.477
"[3.478, 3.479)",0.045670488333333335,3.478
"[3.479, 3.48)",0.01947385,3.479
"[3.48, 3.481)",0.03152015,3.48
"[3.481, 3.482)",0.010409206666666665,3.481
"[3.482, 3.483)",0.04006102828571429,3.482
"[3.483, 3.484)",0.13123938983333333,3.483
"[3.484, 3.485)",0.05019143857142858,3.484
"[3.485, 3.486)",0.05331446624999999,3.485
"[3.486, 3.487)",0.12817389999999998,3.486
"[3.487, 3.488)",0.02227371946153846,3.487
"[3.488, 3.489)",0.06150696666666666,3.488
"[3.489, 3.49)",0.013286689555555557,3.489
"[3.49, 3.491)",0.024279144444444446,3.49
"[3.491, 3.492)",0.03159276883333333,3.491
"[3.492, 3.493)",0.0958667,3.492
"[3.493, 3.494)",0.00396161,3.493
"[3.494, 3.495)",0.0529313,3.494
"[3.495, 3.496)",0.015456999999999999,3.495
"[3.496, 3.497)",0.03077609,3.496
"[3.497, 3.498)",0.2197868666666667,3.497
"[3.498, 3.499)",0.05907495,3.498
"[3.499, 3.5)",0.000785694,3.499
"[3.5, 3.501)",0.06330347766666666,3.5
"[3.5020000000000002, 3.503)",0.021657996666666665,3.501
"[3.503, 3.504)",0.00232558,3.502
"[3.504, 3.505)",0.0076370924,3.503
"[3.505, 3.5060000000000002)",0.00354374,3.504
"[3.5060000000000002, 3.507)",0.0061633600000000005,3.505
"[3.507, 3.508)",0.0613418272,3.506
"[3.508, 3.509)",0.02648605,3.507
"[3.509, 3.5100000000000002)",0.053729515000000005,3.508
"[3.5100000000000002, 3.511)",0.04927680000000001,3.509
"[3.511, 3.512)",0.05501144814285713,3.51
"[3.512, 3.513)",0.040148533714285714,3.511
"[3.513, 3.5140000000000002)",0.013759128633333333,3.512
"[3.5140000000000002, 3.515)",0.016283711955555554,3.513
"[3.515, 3.516)",0.014199357199999998,3.514
"[3.516, 3.517)",0.050051310166666675,3.515
"[3.517, 3.5180000000000002)",0.047885166666666666,3.516
"[3.5180000000000002, 3.519)",0.11222555795454542,3.517
"[3.519, 3.52)",0.018377543185714284,3.518
"[3.52, 3.521)",0.01028963825,3.519
"[3.521, 3.5220000000000002)",0.0072534999999999995,3.52
"[3.5220000000000002, 3.523)",0.1940701,3.521
"[3.523, 3.524)",0.03912516,3.522
"[3.524, 3.525)",0.122924,3.523
"[3.525, 3.5260000000000002)",0.02415755,3.524
"[3.5260000000000002, 3.527)",0.02543675,3.525
"[3.527, 3.528)",0.0019373425,3.526
"[3.528, 3.529)",0.00110742,3.527
"[3.5300000000000002, 3.531)",0.0317357,3.528
"[3.531, 3.532)",0.025054375,3.529
"[3.532, 3.533)",0.004314973333333334,3.53
"[3.533, 3.5340000000000003)",0.02210184,3.531
"[3.5340000000000003, 3.535)",0.0040759,3.532
"[3.535, 3.536)",0.078222305,3.533
"[3.536, 3.537)",0.00566746,3.534
"[3.537, 3.5380000000000003)",0.000540833,3.535
"[3.5380000000000003, 3.539)",0.0015299876666666665,3.536
"[3.539, 3.54)",0.00872093,3.537
"[3.54, 3.541)",0.00776046,3.538
"[3.5420000000000003, 3.543)",0.00516796,3.539
"[3.543, 3.544)",0.0012325524,3.54
"[3.544, 3.545)",0.0303826,3.541
"[3.545, 3.5460000000000003)",0.0060470665,3.542
"[3.5460000000000003, 3.547)",0.0009277686666666667,3.543
"[3.547, 3.548)",0.016178137,3.544
"[3.548, 3.549)",0.0051536333333333335,3.545
"[3.549, 3.5500000000000003)",0.004274824333333333,3.546
"[3.5500000000000003, 3.551)",0.01539404,3.547
"[3.551, 3.552)",0.0007296953333333334,3.548
"[3.552, 3.553)",0.0066842633333333325,3.549
"[3.553, 3.5540000000000003)",0.008595044333333333,3.55
"[3.5540000000000003, 3.555)",0.0057577425,3.551
"[3.555, 3.556)",0.0037786482499999993,3.552
"[3.556, 3.557)",0.028795884333333337,3.553
"[3.557, 3.5580000000000003)",0.101338,3.554
"[3.5580000000000003, 3.559)",0.052952657800000004,3.555
"[3.559, 3.56)",0.009128698000000001,3.556
"[3.56, 3.561)",0.006292276666666667,3.557
"[3.561, 3.5620000000000003)",0.317829,3.558
"[3.5620000000000003, 3.563)",0.03640065333333333,3.559
"[3.563, 3.564)",0.0005538629999999999,3.56
"[3.564, 3.565)",0.0179611,3.561
"[3.565, 3.5660000000000003)",0.10036927683333334,3.562
"[3.5660000000000003, 3.567)",0.04391192333333333,3.563
"[3.567, 3.568)",0.03601033,3.564
"[3.569, 3.5700000000000003)",0.040634248250000005,3.565
"[3.5700000000000003, 3.571)",0.0215452,3.566
"[3.571, 3.572)",0.031340309000000004,3.567
"[3.572, 3.573)",0.147287,3.568
"[3.573, 3.5740000000000003)",0.0141866146,3.569
"[3.5740000000000003, 3.575)",0.03943466,3.57
"[3.575, 3.576)",0.0483213966,3.571
"[3.576, 3.577)",0.013068411857142859,3.572
"[3.577, 3.5780000000000003)",0.010266822857142857,3.573
"[3.5780000000000003, 3.579)",0.0012668343333333335,3.574
"[3.579, 3.58)",0.0181612634,3.575
"[3.58, 3.581)",0.036204500857142864,3.576
"[3.581, 3.5820000000000003)",0.005652338600000001,3.577
"[3.5820000000000003, 3.583)",0.0002704165,3.578
"[3.583, 3.584)",0.011296581966666665,3.579
"[3.584, 3.585)",0.02455616,3.58
"[3.585, 3.586)",0.004701157500000001,3.581
"[3.586, 3.587)",0.059533775000000004,3.582
"[3.587, 3.588)",0.00442483,3.583
"[3.588, 3.589)",0.008397804333333333,3.584
"[3.589, 3.59)",0.04398686666666667,3.585
"[3.59, 3.591)",0.003920995,3.586
"[3.591, 3.592)",0.00110742,3.587
"[3.592, 3.593)",0.019039733333333333,3.588
"[3.593, 3.594)",0.00110742,3.589
"[3.594, 3.595)",0.010769328,3.59
"[3.595, 3.596)",0.041787371999999996,3.591
"[3.596, 3.597)",0.085753928,3.592
"[3.597, 3.598)",0.026706681333333333,3.593
"[3.598, 3.599)",0.0380513,3.594
"[3.599, 3.6)",0.02682561,3.595
"[3.6, 3.601)",0.5120802,3.596
"[3.601, 3.602)",0.018575793333333337,3.597
"[3.602, 3.603)",0.00535396,3.598
"[3.603, 3.604)",0.0253165,3.599
"[3.604, 3.605)",0.00467425,3.6
"[3.605, 3.606)",0.0005687635,3.601
"[3.606, 3.607)",0.05204690333333334,3.602
"[3.607, 3.608)",0.19718371,3.603
"[3.609, 3.61)",0.019547489999999997,3.604
"[3.61, 3.611)",0.0006607645,3.605
"[3.611, 3.612)",0.0049405675,3.606
"[3.613, 3.614)",0.121446,3.607
"[3.614, 3.615)",0.00292043825,3.608
"[3.615, 3.616)",0.020997116666666666,3.609
"[3.616, 3.617)",0.0518821,3.61
"[3.617, 3.618)",0.011095969999999998,3.611
"[3.618, 3.619)",0.00439975,3.612
"[3.619, 3.62)",0.055173505,3.613
"[3.62, 3.621)",0.02007682,3.614
"[3.621, 3.622)",0.0530333,3.615
"[3.622, 3.623)",0.0023737315,3.616
"[3.623, 3.624)",0.0284238,3.617
"[3.624, 3.625)",0.0705739,3.618
"[3.625, 3.626)",0.0194057775,3.619
"[3.626, 3.6270000000000002)",0.000540833,3.62
"[3.6270000000000002, 3.628)",0.00590433,3.621
"[3.628, 3.629)",0.06304871000000001,3.622
"[3.629, 3.63)",0.00282634,3.623
"[3.63, 3.6310000000000002)",0.00531254,3.624
"[3.6310000000000002, 3.632)",0.00646678,3.625
"[3.633, 3.634)",0.014570320000000001,3.626
"[3.634, 3.6350000000000002)",0.0178689,3.627
"[3.6350000000000002, 3.636)",0.094230375,3.628
"[3.636, 3.637)",0.17598765,3.629
"[3.637, 3.638)",0.051203575,3.63
"[3.638, 3.6390000000000002)",0.00170164,3.631
"[3.6390000000000002, 3.64)",0.0089195875,3.632
"[3.64, 3.641)",0.009036268,3.633
"[3.641, 3.642)",0.02602955,3.634
"[3.642, 3.6430000000000002)",0.0218476948,3.635
"[3.6430000000000002, 3.644)",0.000540833,3.636
"[3.644, 3.645)",0.006067266666666667,3.637
"[3.645, 3.646)",0.018087566500000003,3.638
"[3.646, 3.6470000000000002)",0.023482381,3.639
"[3.6470000000000002, 3.648)",0.020129974000000002,3.64
"[3.648, 3.649)",0.0508685,3.641
"[3.649, 3.65)",0.01081932,3.642
"[3.65, 3.6510000000000002)",0.007091995,3.643
"[3.6510000000000002, 3.652)",0.0125130605,3.644
"[3.652, 3.653)",0.007616233250000001,3.645
"[3.653, 3.654)",0.026328880000000002,3.646
"[3.654, 3.6550000000000002)",0.00110742,3.647
"[3.656, 3.657)",0.00258798325,3.648
"[3.658, 3.6590000000000003)",0.00938086,3.649
"[3.6590000000000003, 3.66)",0.18061,3.65
"[3.66, 3.661)",0.000540833,3.651
"[3.661, 3.662)",0.0363912,3.652
"[3.6630000000000003, 3.664)",0.04778253333333333,3.653
"[3.664, 3.665)",0.022053464999999998,3.654
"[3.665, 3.666)",0.0101112,3.655
"[3.666, 3.6670000000000003)",0.0240052,3.656
"[3.6670000000000003, 3.668)",9.23572e-7,3.657
"[3.668, 3.669)",0.0647821,3.658
"[3.669, 3.67)",0.113368,3.659
"[3.6710000000000003, 3.672)",0.0341756986,3.66
"[3.672, 3.673)",0.0075800450000000005,3.661
"[3.673, 3.674)",0.0111054,3.662
"[3.674, 3.6750000000000003)",0.0482929,3.663
"[3.677, 3.678)",0.0262794,3.664
"[3.678, 3.6790000000000003)",0.000823045,3.665
"[3.681, 3.682)",0.02723173333333333,3.666
"[3.682, 3.6830000000000003)",0.0127069,3.667
"[3.6830000000000003, 3.684)",0.00673266,3.668
"[3.684, 3.685)",0.0031582,3.669
"[3.685, 3.686)",0.00110742,3.67
"[3.686, 3.6870000000000003)",0.126861,3.671
"[3.6870000000000003, 3.688)",0.00150038,3.672
"[3.688, 3.689)",0.0494466,3.673
"[3.69, 3.6910000000000003)",0.0129673,3.674
"[3.6910000000000003, 3.692)",0.000898293,3.675
"[3.692, 3.693)",0.00522069,3.676
"[3.693, 3.694)",0.010582,3.677
"[3.6950000000000003, 3.696)",0.047985466666666664,3.678
"[3.697, 3.698)",0.05736023275,3.679
"[3.6990000000000003, 3.7)",0.08052756333333334,3.68
"[3.7, 3.701)",0.011197717666666667,3.681
"[3.701, 3.702)",0.02422624,3.682
"[3.702, 3.7030000000000003)",0.00367197,3.683
"[3.7030000000000003, 3.704)",0.0628124,3.684
"[3.704, 3.705)",0.0239563,3.685
"[3.706, 3.7070000000000003)",0.0018842336000000001,3.686
"[3.7070000000000003, 3.708)",0.01307934,3.687
"[3.708, 3.709)",0.05556599,3.688
"[3.709, 3.71)",0.01408013075,3.689
"[3.71, 3.7110000000000003)",0.016424528,3.69
"[3.7110000000000003, 3.712)",0.0855177,3.691
"[3.712, 3.713)",0.0008770736999999999,3.692
"[3.713, 3.714)",0.0449843,3.693
"[3.714, 3.715)",0.05689438325,3.694
"[3.715, 3.716)",0.03199651666666667,3.695
"[3.716, 3.717)",0.0197589,3.696
"[3.717, 3.718)",0.0008241265000000001,3.697
"[3.718, 3.719)",0.013826262500000002,3.698
"[3.719, 3.72)",0.006637555,3.699
"[3.72, 3.721)",0.0027191343333333334,3.7
"[3.721, 3.722)",0.008335180000000001,3.701
"[3.722, 3.723)",0.0027406580400000003,3.702
"[3.723, 3.724)",0.05318972488000001,3.703
"[3.724, 3.725)",0.0401288066,3.704
"[3.725, 3.726)",0.037730355,3.705
"[3.726, 3.727)",0.0213508675,3.706
"[3.727, 3.728)",0.040731924999999995,3.707
"[3.728, 3.729)",0.09501886666666666,3.708
"[3.729, 3.73)",0.01516849825,3.709
"[3.73, 3.731)",0.0546622925,3.71
"[3.731, 3.732)",0.045231143333333335,3.711
"[3.733, 3.734)",0.00716401,3.712
"[3.734, 3.735)",0.06217421,3.713
"[3.735, 3.736)",0.133893,3.714
"[3.736, 3.737)",0.28467115,3.715
"[3.737, 3.738)",0.011945665666666666,3.716
"[3.738, 3.739)",0.014895784999999998,3.717
"[3.739, 3.74)",0.00208981,3.718
"[3.74, 3.741)",0.00118332,3.719
"[3.741, 3.742)",0.0887008,3.72
"[3.742, 3.743)",0.007223056,3.721
"[3.743, 3.744)",0.03217965,3.722
"[3.744, 3.745)",0.07158644,3.723
"[3.745, 3.746)",0.006498069999999999,3.724
"[3.746, 3.747)",0.0261808575,3.725
"[3.747, 3.748)",0.00170164,3.726
"[3.748, 3.749)",0.04439870266666667,3.727
"[3.749, 3.75)",0.00060237025,3.728
"[3.75, 3.751)",0.00170164,3.729
"[3.751, 3.7520000000000002)",0.019573417675,3.73
"[3.7520000000000002, 3.753)",0.00860049,3.731
"[3.753, 3.754)",0.00948509,3.732
"[3.754, 3.755)",0.00118332,3.733
"[3.755, 3.7560000000000002)",0.0112918,3.734
"[3.7560000000000002, 3.757)",0.0142077,3.735
"[3.757, 3.758)",0.0298657793,3.736
"[3.758, 3.759)",0.0292188,3.737
"[3.759, 3.7600000000000002)",0.00110742,3.738
"[3.7600000000000002, 3.761)",0.01066495,3.739
"[3.761, 3.762)",0.009180212,3.74
"[3.763, 3.7640000000000002)",0.014543770000000001,3.741
"[3.7640000000000002, 3.765)",0.034016,3.742
"[3.765, 3.766)",0.01662739,3.743
"[3.766, 3.767)",0.009488919066666665,3.744
"[3.767, 3.7680000000000002)",0.017414683666666667,3.745
"[3.7680000000000002, 3.769)",0.00170164,3.746
"[3.769, 3.77)",0.00432614,3.747
"[3.77, 3.771)",0.00330436,3.748
"[3.771, 3.7720000000000002)",0.021529774666666668,3.749
"[3.7720000000000002, 3.773)",0.002240211,3.75
"[3.774, 3.775)",0.00170164,3.751
"[3.775, 3.7760000000000002)",0.0020125765,3.752
"[3.7760000000000002, 3.777)",0.008473683333333334,3.753
"[3.778, 3.779)",0.0111073,3.754
"[3.779, 3.7800000000000002)",0.000540833,3.755
"[3.7800000000000002, 3.781)",0.049655855,3.756
"[3.782, 3.783)",0.002986036666666667,3.757
"[3.783, 3.7840000000000003)",0.00110742,3.758
"[3.7840000000000003, 3.785)",0.0194329,3.759
"[3.785, 3.786)",0.02320925,3.76
"[3.789, 3.79)",0.058906200000000006,3.761
"[3.7920000000000003, 3.793)",0.00110742,3.762
"[3.793, 3.794)",0.00954085,3.763
"[3.795, 3.7960000000000003)",0.02615404,3.764
"[3.797, 3.798)",0.0008241265000000001,3.765
"[3.798, 3.799)",0.050630900000000006,3.766
"[3.799, 3.8000000000000003)",0.02460895,3.767
"[3.8000000000000003, 3.801)",0.055,3.768
"[3.8040000000000003, 3.805)",0.027586866499999998,3.769
"[3.811, 3.8120000000000003)",0.000241106,3.77
"[3.8120000000000003, 3.813)",0.028281809999999998,3.771
"[3.813, 3.814)",0.00170164,3.772
"[3.814, 3.815)",0.01180371,3.773
"[3.8200000000000003, 3.821)",0.0046622,3.774
"[3.8280000000000003, 3.829)",0.013728,3.775
"[3.8320000000000003, 3.833)",0.0911079,3.776
"[3.839, 3.84)",0.00516796,3.777
"[3.842, 3.843)",0.00819672,3.778
"[3.847, 3.848)",0.0253165,3.779
"[3.849, 3.85)",0.00170164,3.78
"[3.858, 3.859)",0.00439975,3.781
"[3.861, 3.862)",0.016451778,3.782
"[3.864, 3.865)",0.00900901,3.783
"[3.865, 3.866)",0.0870779,3.784
"[3.866, 3.867)",0.0188496,3.785
"[3.868, 3.869)",0.0017634194,3.786
"[3.869, 3.87)",0.00975244,3.787
"[3.87, 3.871)",0.029404972499999998,3.788
"[3.871, 3.872)",0.08882978,3.789
"[3.872, 3.873)",0.0706179,3.79
"[3.873, 3.874)",0.023680905,3.791
"[3.874, 3.875)",0.00110742,3.792
"[3.875, 3.876)",0.0161189,3.793
"[3.876, 3.8770000000000002)",0.0026494,3.794
"[3.884, 3.8850000000000002)",0.00110742,3.795
"[3.8890000000000002, 3.89)",0.00110742,3.796
"[3.89, 3.891)",0.0075188,3.797
"[3.891, 3.892)",0.0304145,3.798
"[3.895, 3.896)",0.0075188,3.799
"[3.896, 3.8970000000000002)",0.000540833,3.8
"[3.8970000000000002, 3.898)",0.0126865,3.801
"[3.899, 3.9)",0.0067243,3.802
"[3.902, 3.903)",0.00367197,3.803
"[3.904, 3.9050000000000002)",0.0067243,3.804
"[3.906, 3.907)",0.00207145,3.805
"[3.908, 3.9090000000000003)",0.13976,3.806
"[3.911, 3.912)",0.00328396,3.807
"[3.912, 3.9130000000000003)",0.0075188,3.808
"[3.9130000000000003, 3.914)",0.00348432,3.809
"[3.914, 3.915)",0.00348432,3.81
"[3.915, 3.916)",0.037253,3.811
"[3.918, 3.919)",0.00110742,3.812
"[3.919, 3.92)",0.00348432,3.813
"[3.9210000000000003, 3.922)",0.01502824,3.814
"[3.923, 3.924)",0.00110742,3.815
"[3.93, 3.931)",0.00170164,3.816
"[3.932, 3.9330000000000003)",0.00439975,3.817
"[3.936, 3.9370000000000003)",0.0388727,3.818
"[3.9410000000000003, 3.942)",0.00170164,3.819
"[3.942, 3.943)",0.000540833,3.82
"[3.947, 3.948)",0.0115533,3.821
"[3.956, 3.9570000000000003)",0.0103325,3.822
"[3.959, 3.96)",0.000540833,3.823
"[3.98, 3.981)",0.00170164,3.824
"[3.984, 3.985)",0.00110742,3.825
"[3.985, 3.986)",0.0335694,3.826
"[3.987, 3.988)",0.00170164,3.827
"[3.988, 3.989)",0.0223233,3.828
"[3.989, 3.99)",0.0052457649999999995,3.829
"[3.99, 3.991)",0.004994425,3.83
"[3.991, 3.992)",0.009872259999999999,3.831
"[3.992, 3.993)",0.00259298,3.832
"[4.003, 4.0040000000000004)",0.0173138,3.833
"[4.0040000000000004, 4.005)",0.317829,3.834
"[4.008, 4.009)",0.000540833,3.835
"[4.013, 4.014)",0.0303826,3.836
"[4.016, 4.017)",0.0044512365,3.837
"[4.017, 4.018)",0.014285845,3.838
"[4.018, 4.019)",0.0017611715000000001,3.839
"[4.0200000000000005, 4.021)",0.008335180000000001,3.84
"[4.024, 4.025)",0.122924,3.841
"[4.025, 4.026)",0.0266984,3.842
"[4.03, 4.031)",0.00232558,3.843
"[4.034, 4.035)",0.00110742,3.844
"[4.039, 4.04)",0.0119883,3.845
"[4.04, 4.041)",0.000540833,3.846
"[4.042, 4.043)",0.007817610000000001,3.847
"[4.043, 4.0440000000000005)",0.013591155,3.848
"[4.0440000000000005, 4.045)",0.00110742,3.849
"[4.045, 4.046)",0.012004315,3.85
"[4.046, 4.047)",0.00226757,3.851
"[4.047, 4.048)",0.00828721,3.852
"[4.048, 4.049)",0.1077455,3.853
"[4.049, 4.05)",0.0106295,3.854
"[4.05, 4.051)",0.0209044,3.855
"[4.0520000000000005, 4.053)",0.00829833,3.856
"[4.053, 4.054)",0.00170164,3.857
"[4.056, 4.057)",0.000540833,3.858
"[4.058, 4.059)",0.0223357,3.859
"[4.059, 4.0600000000000005)",0.00683995,3.86
"[4.0600000000000005, 4.061)",0.00829833,3.861
"[4.061, 4.062)",0.0060040243,3.862
"[4.062, 4.063)",0.01113223,3.863
"[4.063, 4.064)",0.0350636,3.864
"[4.066, 4.067)",0.0256075,3.865
"[4.071, 4.072)",0.00226531,3.866
"[4.074, 4.075)",0.005347265,3.867
"[4.075, 4.0760000000000005)",0.0266984,3.868
"[4.079, 4.08)",0.00232558,3.869
"[4.08, 4.081)",0.0260097,3.87
"[4.082, 4.083)",0.0105841,3.871
"[4.083, 4.0840000000000005)",0.0854131,3.872
"[4.0840000000000005, 4.085)",0.00645161,3.873
