bin,R2_mean,dist
,0.05010872550962189,0.0
"[0.0, 0.001)",0.07113152199507072,0.001
"[0.001, 0.002)",0.0753223796875661,0.002
"[0.002, 0.003)",0.0663429604230857,0.003
"[0.003, 0.004)",0.06177322101551459,0.004
"[0.004, 0.005)",0.061336032703480765,0.005
"[0.005, 0.006)",0.0549044384042047,0.006
"[0.006, 0.007)",0.05543618403135746,0.007
"[0.007, 0.008)",0.05654995480973658,0.008
"[0.008, 0.009000000000000001)",0.05213746961918378,0.009
"[0.009000000000000001, 0.01)",0.05015616838506229,0.01
"[0.01, 0.011)",0.05157396650534176,0.011
"[0.011, 0.012)",0.057232712521809434,0.012
"[0.012, 0.013000000000000001)",0.05472539791450556,0.013
"[0.013000000000000001, 0.014)",0.04637630591925728,0.014
"[0.014, 0.015)",0.0486666973352997,0.015
"[0.015, 0.016)",0.04898085091962789,0.016
"[0.016, 0.017)",0.048150756984273214,0.017
"[0.017, 0.018000000000000002)",0.05085293927470629,0.018
"[0.018000000000000002, 0.019)",0.04694054132655782,0.019
"[0.019, 0.02)",0.042161933598056166,0.02
"[0.02, 0.021)",0.042268979725371546,0.021
"[0.021, 0.022)",0.04559218766108819,0.022
"[0.022, 0.023)",0.052511334771490135,0.023
"[0.023, 0.024)",0.05098563798141682,0.024
"[0.024, 0.025)",0.050588919058545956,0.025
"[0.025, 0.026000000000000002)",0.037706895744439355,0.026
"[0.026000000000000002, 0.027)",0.04101073830346058,0.027
"[0.027, 0.028)",0.04015979955095461,0.028
"[0.028, 0.029)",0.039398205913318676,0.029
"[0.029, 0.03)",0.041181820378162176,0.03
"[0.03, 0.031)",0.04465765328623693,0.031
"[0.031, 0.032)",0.041689442269103705,0.032
"[0.032, 0.033)",0.037693221811357994,0.033
"[0.033, 0.034)",0.03767572727061851,0.034
"[0.034, 0.035)",0.044946780733846156,0.035
"[0.035, 0.036000000000000004)",0.04161043986870703,0.036
"[0.036000000000000004, 0.037)",0.03905422601271991,0.037
"[0.037, 0.038)",0.03332271630448809,0.038
"[0.038, 0.039)",0.044786075665799466,0.039
"[0.039, 0.04)",0.037892175042023794,0.04
"[0.04, 0.041)",0.03802856944282399,0.041
"[0.041, 0.042)",0.031980226739635895,0.042
"[0.042, 0.043000000000000003)",0.04124559371531661,0.043
"[0.043000000000000003, 0.044)",0.035036793010385134,0.044
"[0.044, 0.045)",0.036085007607372606,0.045
"[0.045, 0.046)",0.03777838334138266,0.046
"[0.046, 0.047)",0.038112785892587604,0.047
"[0.047, 0.048)",0.03979914998270439,0.048
"[0.048, 0.049)",0.03726420703118805,0.049
"[0.049, 0.05)",0.043555568981217894,0.05
"[0.05, 0.051000000000000004)",0.0389514517061617,0.051
"[0.051000000000000004, 0.052000000000000005)",0.0395550305552559,0.052
"[0.052000000000000005, 0.053)",0.03895285276081691,0.053
"[0.053, 0.054)",0.028759632281536242,0.054
"[0.054, 0.055)",0.035989785002987384,0.055
"[0.055, 0.056)",0.03310234505648727,0.056
"[0.056, 0.057)",0.03573045671938463,0.057
"[0.057, 0.058)",0.04035406433908394,0.058
"[0.058, 0.059000000000000004)",0.039819890988347824,0.059
"[0.059000000000000004, 0.06)",0.03670549579970759,0.06
"[0.06, 0.061)",0.03490796423110233,0.061
"[0.061, 0.062)",0.03815892700038217,0.062
"[0.062, 0.063)",0.03961501231284667,0.063
"[0.063, 0.064)",0.040059039436672064,0.064
"[0.064, 0.065)",0.037696858877709016,0.065
"[0.065, 0.066)",0.029850048527089442,0.066
"[0.066, 0.067)",0.038088813605186865,0.067
"[0.067, 0.068)",0.034387107359235704,0.068
"[0.068, 0.069)",0.04195233252609375,0.069
"[0.069, 0.07)",0.03145821477271996,0.07
"[0.07, 0.07100000000000001)",0.032473985701303755,0.071
"[0.07100000000000001, 0.07200000000000001)",0.041522438236834276,0.072
"[0.07200000000000001, 0.073)",0.041288908473834575,0.073
"[0.073, 0.074)",0.04110983026035241,0.074
"[0.074, 0.075)",0.041216183363854256,0.075
"[0.075, 0.076)",0.03843037461281434,0.076
"[0.076, 0.077)",0.03950763734453173,0.077
"[0.077, 0.078)",0.032362804252995356,0.078
"[0.078, 0.079)",0.04010609177829473,0.079
"[0.079, 0.08)",0.0504195441809619,0.08
"[0.08, 0.081)",0.032167988211097696,0.081
"[0.081, 0.082)",0.03196061030671876,0.082
"[0.082, 0.083)",0.04241406994570134,0.083
"[0.083, 0.084)",0.033053257505669335,0.084
"[0.084, 0.085)",0.03779002082838336,0.085
"[0.085, 0.08600000000000001)",0.03205922105278248,0.086
"[0.08600000000000001, 0.08700000000000001)",0.03535132420292684,0.087
"[0.08700000000000001, 0.088)",0.03323383601695354,0.088
"[0.088, 0.089)",0.032786826352827175,0.089
"[0.089, 0.09)",0.031251664225520885,0.09
"[0.09, 0.091)",0.037497518545371866,0.091
"[0.091, 0.092)",0.03557911789544659,0.092
"[0.092, 0.093)",0.03542431827063368,0.093
"[0.093, 0.094)",0.04607156879706331,0.094
"[0.094, 0.095)",0.03805088161902439,0.095
"[0.095, 0.096)",0.03508029214057971,0.096
"[0.096, 0.097)",0.03936981286247634,0.097
"[0.097, 0.098)",0.04622868226780326,0.098
"[0.098, 0.099)",0.03422467530589874,0.099
"[0.099, 0.1)",0.04060752769864032,0.1
"[0.1, 0.101)",0.03135523187087899,0.101
"[0.101, 0.10200000000000001)",0.033999478577807725,0.102
"[0.10200000000000001, 0.10300000000000001)",0.04353989102809517,0.103
"[0.10300000000000001, 0.10400000000000001)",0.041263778974063,0.104
"[0.10400000000000001, 0.105)",0.03252503841027734,0.105
"[0.105, 0.106)",0.032471690825039354,0.106
"[0.106, 0.107)",0.036875295589999975,0.107
"[0.107, 0.108)",0.03751400770097714,0.108
"[0.108, 0.109)",0.035835480778693495,0.109
"[0.109, 0.11)",0.0377318789175257,0.11
"[0.11, 0.111)",0.03550388141685293,0.111
"[0.111, 0.112)",0.043580031007362956,0.112
"[0.112, 0.113)",0.0332471107181819,0.113
"[0.113, 0.114)",0.04650990054761906,0.114
"[0.114, 0.115)",0.035087405690290105,0.115
"[0.115, 0.116)",0.036764630607006354,0.116
"[0.116, 0.117)",0.035857729145154275,0.117
"[0.117, 0.11800000000000001)",0.033517683497250886,0.118
"[0.11800000000000001, 0.11900000000000001)",0.04112380224867226,0.119
"[0.11900000000000001, 0.12)",0.03414339248040558,0.12
"[0.12, 0.121)",0.030662543852188938,0.121
"[0.121, 0.122)",0.03530416844872235,0.122
"[0.122, 0.123)",0.03879229421546573,0.123
"[0.123, 0.124)",0.04109949657921436,0.124
"[0.124, 0.125)",0.038107511827567574,0.125
"[0.125, 0.126)",0.038654629365289385,0.126
"[0.126, 0.127)",0.033310282902835546,0.127
"[0.127, 0.128)",0.03313058208546714,0.128
"[0.128, 0.129)",0.044997637690166424,0.129
"[0.129, 0.13)",0.0372405861509091,0.13
"[0.13, 0.131)",0.03858328275589519,0.131
"[0.131, 0.132)",0.03198174822124546,0.132
"[0.132, 0.133)",0.032770042173103475,0.133
"[0.133, 0.134)",0.03855879029738139,0.134
"[0.134, 0.135)",0.031250381838013735,0.135
"[0.135, 0.136)",0.03973587711596331,0.136
"[0.136, 0.137)",0.0326776258017483,0.137
"[0.137, 0.138)",0.03730627129063543,0.138
"[0.138, 0.139)",0.04215433804460158,0.139
"[0.139, 0.14)",0.037179665279643385,0.14
"[0.14, 0.14100000000000001)",0.0344203565593391,0.141
"[0.14100000000000001, 0.14200000000000002)",0.03134711545266444,0.142
"[0.14200000000000002, 0.14300000000000002)",0.03555501401156585,0.143
"[0.14300000000000002, 0.14400000000000002)",0.02945829747865172,0.144
"[0.14400000000000002, 0.145)",0.036894835546237306,0.145
"[0.145, 0.146)",0.032287726517346585,0.146
"[0.146, 0.147)",0.03481981687821783,0.147
"[0.147, 0.148)",0.03415962151398967,0.148
"[0.148, 0.149)",0.035054554125454544,0.149
"[0.149, 0.15)",0.03437291505920678,0.15
"[0.15, 0.151)",0.03108822198914622,0.151
"[0.151, 0.152)",0.03913277640853245,0.152
"[0.152, 0.153)",0.030653729200000035,0.153
"[0.153, 0.154)",0.03138142516151147,0.154
"[0.154, 0.155)",0.029775663235652214,0.155
"[0.155, 0.156)",0.044435750626785654,0.156
"[0.156, 0.157)",0.031005066576241167,0.157
"[0.157, 0.158)",0.03016761244161188,0.158
"[0.158, 0.159)",0.029805411554201012,0.159
"[0.159, 0.16)",0.03600201370576924,0.16
"[0.16, 0.161)",0.030242311423235288,0.161
"[0.161, 0.162)",0.04344685729386366,0.162
"[0.162, 0.163)",0.033261489308318334,0.163
"[0.163, 0.164)",0.033240420702409665,0.164
"[0.164, 0.165)",0.041856702415325686,0.165
"[0.165, 0.166)",0.03660855424111316,0.166
"[0.166, 0.167)",0.042917112497534216,0.167
"[0.167, 0.168)",0.03941472826879857,0.168
"[0.168, 0.169)",0.038816364037905414,0.169
"[0.169, 0.17)",0.034042358818638305,0.17
"[0.17, 0.171)",0.029730470636297406,0.171
"[0.171, 0.17200000000000001)",0.028005920480836288,0.172
"[0.17200000000000001, 0.17300000000000001)",0.03158217706875242,0.173
"[0.17300000000000001, 0.17400000000000002)",0.035259969386306295,0.174
"[0.17400000000000002, 0.17500000000000002)",0.035958889024517424,0.175
"[0.17500000000000002, 0.176)",0.03379170603276596,0.176
"[0.176, 0.177)",0.030467835643021045,0.177
"[0.177, 0.178)",0.03070351653798168,0.178
"[0.178, 0.179)",0.03232218157762651,0.179
"[0.179, 0.18)",0.03275843845122238,0.18
"[0.18, 0.181)",0.03469607703235293,0.181
"[0.181, 0.182)",0.02952599634781786,0.182
"[0.182, 0.183)",0.03613760410804601,0.183
"[0.183, 0.184)",0.03913781529491102,0.184
"[0.184, 0.185)",0.03570531361320226,0.185
"[0.185, 0.186)",0.039543384436678874,0.186
"[0.186, 0.187)",0.03799843637132618,0.187
"[0.187, 0.188)",0.04232443088888886,0.188
"[0.188, 0.189)",0.0286453963169742,0.189
"[0.189, 0.19)",0.03217157945561957,0.19
"[0.19, 0.191)",0.03897070617351229,0.191
"[0.191, 0.192)",0.0362072311552128,0.192
"[0.192, 0.193)",0.027724941928402982,0.193
"[0.193, 0.194)",0.03263979622877442,0.194
"[0.194, 0.195)",0.0294998009398937,0.195
"[0.195, 0.196)",0.03589258783979593,0.196
"[0.196, 0.197)",0.0335129825057658,0.197
"[0.197, 0.198)",0.03291962358352349,0.198
"[0.198, 0.199)",0.030055506008455305,0.199
"[0.199, 0.2)",0.030262732688137457,0.2
"[0.2, 0.201)",0.026095259130802934,0.201
"[0.201, 0.202)",0.03041880698539905,0.202
"[0.202, 0.203)",0.028760869210081502,0.203
"[0.203, 0.20400000000000001)",0.04042694207487519,0.204
"[0.20400000000000001, 0.20500000000000002)",0.0344711835577252,0.205
"[0.20500000000000002, 0.20600000000000002)",0.030679694615433444,0.206
"[0.20600000000000002, 0.20700000000000002)",0.03547202145213112,0.207
"[0.20700000000000002, 0.20800000000000002)",0.036682446779062516,0.208
"[0.20800000000000002, 0.209)",0.03762947904746219,0.209
"[0.209, 0.21)",0.027988824592165222,0.21
"[0.21, 0.211)",0.029215915915195397,0.211
"[0.211, 0.212)",0.028917404872184336,0.212
"[0.212, 0.213)",0.0325300976038835,0.213
"[0.213, 0.214)",0.02746060054337957,0.214
"[0.214, 0.215)",0.03110218236789139,0.215
"[0.215, 0.216)",0.03250144769733548,0.216
"[0.216, 0.217)",0.03348922526796207,0.217
"[0.217, 0.218)",0.029294556611726412,0.218
"[0.218, 0.219)",0.038703995300159215,0.219
"[0.219, 0.22)",0.029812081826200307,0.22
"[0.22, 0.221)",0.04224331931295514,0.221
"[0.221, 0.222)",0.029907287522091108,0.222
"[0.222, 0.223)",0.033870751249552494,0.223
"[0.223, 0.224)",0.02695704233781252,0.224
"[0.224, 0.225)",0.03522354106310289,0.225
"[0.225, 0.226)",0.03263615341272438,0.226
"[0.226, 0.227)",0.0361593909673759,0.227
"[0.227, 0.228)",0.03709241145196084,0.228
"[0.228, 0.229)",0.0274715978043625,0.229
"[0.229, 0.23)",0.033178943736242666,0.23
"[0.23, 0.231)",0.028947022512721885,0.231
"[0.231, 0.232)",0.02751771667811392,0.232
"[0.232, 0.233)",0.03595159520459187,0.233
"[0.233, 0.234)",0.033757301762352934,0.234
"[0.234, 0.23500000000000001)",0.03358591975205009,0.235
"[0.23500000000000001, 0.23600000000000002)",0.03947903534714522,0.236
"[0.23600000000000002, 0.23700000000000002)",0.028425006652950606,0.237
"[0.23700000000000002, 0.23800000000000002)",0.03077777015083206,0.238
"[0.23800000000000002, 0.23900000000000002)",0.0400467660887148,0.239
"[0.23900000000000002, 0.24)",0.024835640940146664,0.24
"[0.24, 0.241)",0.02949087108042135,0.241
"[0.241, 0.242)",0.03664596653474664,0.242
"[0.242, 0.243)",0.031953884670016496,0.243
"[0.243, 0.244)",0.028449780854482815,0.244
"[0.244, 0.245)",0.03019165012971625,0.245
"[0.245, 0.246)",0.03217196228554949,0.246
"[0.246, 0.247)",0.030472313871157727,0.247
"[0.247, 0.248)",0.02757170352794619,0.248
"[0.248, 0.249)",0.03209574719640008,0.249
"[0.249, 0.25)",0.025756538297545113,0.25
"[0.25, 0.251)",0.028491013373245656,0.251
"[0.251, 0.252)",0.027538167172366183,0.252
"[0.252, 0.253)",0.03274566172059966,0.253
"[0.253, 0.254)",0.03305267071886798,0.254
"[0.254, 0.255)",0.040347448824173314,0.255
"[0.255, 0.256)",0.035019524897278935,0.256
"[0.256, 0.257)",0.03544754243447236,0.257
"[0.257, 0.258)",0.03263319738548955,0.258
"[0.258, 0.259)",0.031051951831777384,0.259
"[0.259, 0.26)",0.031628748577983055,0.26
"[0.26, 0.261)",0.0335078244658499,0.261
"[0.261, 0.262)",0.031182226675981514,0.262
"[0.262, 0.263)",0.03327704429050177,0.263
"[0.263, 0.264)",0.030191056030442698,0.264
"[0.264, 0.265)",0.028604099327518083,0.265
"[0.265, 0.266)",0.028977231816700245,0.266
"[0.266, 0.267)",0.03945324494951834,0.267
"[0.267, 0.268)",0.0295789034068646,0.268
"[0.268, 0.269)",0.028789660921480057,0.269
"[0.269, 0.27)",0.03262910996099175,0.27
"[0.27, 0.271)",0.028871649477029384,0.271
"[0.271, 0.272)",0.026790971505364036,0.272
"[0.272, 0.273)",0.030367929888900465,0.273
"[0.273, 0.274)",0.03208831116229206,0.274
"[0.274, 0.275)",0.026364377635082346,0.275
"[0.275, 0.276)",0.032779468336558086,0.276
"[0.276, 0.277)",0.03011991529218109,0.277
"[0.277, 0.278)",0.03502973390146753,0.278
"[0.278, 0.279)",0.027577361849386906,0.279
"[0.279, 0.28)",0.03374963281818179,0.28
"[0.28, 0.281)",0.03162919899899499,0.281
"[0.281, 0.28200000000000003)",0.035191034829094414,0.282
"[0.28200000000000003, 0.28300000000000003)",0.02808154338943397,0.283
"[0.28300000000000003, 0.28400000000000003)",0.03153250950573776,0.284
"[0.28400000000000003, 0.28500000000000003)",0.025453374125930524,0.285
"[0.28500000000000003, 0.28600000000000003)",0.030884482738815323,0.286
"[0.28600000000000003, 0.28700000000000003)",0.033533306130038035,0.287
"[0.28700000000000003, 0.28800000000000003)",0.0220556842458103,0.288
"[0.28800000000000003, 0.289)",0.030728134901197662,0.289
"[0.289, 0.29)",0.03134153705721941,0.29
"[0.29, 0.291)",0.03530328191009902,0.291
"[0.291, 0.292)",0.03253253345500985,0.292
"[0.292, 0.293)",0.027364943088867576,0.293
"[0.293, 0.294)",0.03681857936046935,0.294
"[0.294, 0.295)",0.03669273140512244,0.295
"[0.295, 0.296)",0.030932340583213026,0.296
"[0.296, 0.297)",0.0335930648276316,0.297
"[0.297, 0.298)",0.032380306968068845,0.298
"[0.298, 0.299)",0.03536350563956043,0.299
"[0.299, 0.3)",0.027827286987046878,0.3
"[0.3, 0.301)",0.03799030588488825,0.301
"[0.301, 0.302)",0.031101732771914182,0.302
"[0.302, 0.303)",0.02909929859346298,0.303
"[0.303, 0.304)",0.027390953881769965,0.304
"[0.304, 0.305)",0.035283872439059685,0.305
"[0.305, 0.306)",0.032918714531438784,0.306
"[0.306, 0.307)",0.03142477564111115,0.307
"[0.307, 0.308)",0.030624511145238148,0.308
"[0.308, 0.309)",0.026421180808928607,0.309
"[0.309, 0.31)",0.03193729999457368,0.31
"[0.31, 0.311)",0.03324466991830985,0.311
"[0.311, 0.312)",0.03633234093625235,0.312
"[0.312, 0.313)",0.030127541227160506,0.313
"[0.313, 0.314)",0.031018893064326397,0.314
"[0.314, 0.315)",0.029458539608807368,0.315
"[0.315, 0.316)",0.025603140245719556,0.316
"[0.316, 0.317)",0.037812406668164815,0.317
"[0.317, 0.318)",0.02662750339422387,0.318
"[0.318, 0.319)",0.034801510793486645,0.319
"[0.319, 0.32)",0.03312279216548894,0.32
"[0.32, 0.321)",0.026324496875850922,0.321
"[0.321, 0.322)",0.03344018153382027,0.322
"[0.322, 0.323)",0.03083841617239784,0.323
"[0.323, 0.324)",0.028738119818886732,0.324
"[0.324, 0.325)",0.03214133829785162,0.325
"[0.325, 0.326)",0.026028882627798886,0.326
"[0.326, 0.327)",0.03676644583607471,0.327
"[0.327, 0.328)",0.023769979052601167,0.328
"[0.328, 0.329)",0.031252739413152986,0.329
"[0.329, 0.33)",0.031496742469319765,0.33
"[0.33, 0.331)",0.03227871418123957,0.331
"[0.331, 0.332)",0.02668559081176471,0.332
"[0.332, 0.333)",0.02738740608345865,0.333
"[0.333, 0.334)",0.029341418478988354,0.334
"[0.334, 0.335)",0.03648567036332035,0.335
"[0.335, 0.336)",0.03279612056745019,0.336
"[0.336, 0.337)",0.026950418401041665,0.337
"[0.337, 0.338)",0.024692394240515697,0.338
"[0.338, 0.339)",0.03382184716955684,0.339
"[0.339, 0.34)",0.030095427141233762,0.34
"[0.34, 0.341)",0.031389666636102265,0.341
"[0.341, 0.342)",0.03127312813638064,0.342
"[0.342, 0.343)",0.034595740330392186,0.343
"[0.343, 0.34400000000000003)",0.02652172303709165,0.344
"[0.34400000000000003, 0.34500000000000003)",0.03320484978302609,0.345
"[0.34500000000000003, 0.34600000000000003)",0.027980251784190908,0.346
"[0.34600000000000003, 0.34700000000000003)",0.029692269548562397,0.347
"[0.34700000000000003, 0.34800000000000003)",0.025111595555323604,0.348
"[0.34800000000000003, 0.34900000000000003)",0.031600983454854605,0.349
"[0.34900000000000003, 0.35000000000000003)",0.024067658414247066,0.35
"[0.35000000000000003, 0.35100000000000003)",0.034769398408290714,0.351
"[0.35100000000000003, 0.352)",0.02916009917631579,0.352
"[0.352, 0.353)",0.029902623618674684,0.353
"[0.353, 0.354)",0.030146989739771448,0.354
"[0.354, 0.355)",0.03476883354667341,0.355
"[0.355, 0.356)",0.029186786580544775,0.356
"[0.356, 0.357)",0.03572524522649405,0.357
"[0.357, 0.358)",0.031311639257536765,0.358
"[0.358, 0.359)",0.02477976515527342,0.359
"[0.359, 0.36)",0.03446723287064674,0.36
"[0.36, 0.361)",0.03221664304112503,0.361
"[0.361, 0.362)",0.028100247060000024,0.362
"[0.362, 0.363)",0.03467330553784317,0.363
"[0.363, 0.364)",0.0332217446204546,0.364
"[0.364, 0.365)",0.03644628437773113,0.365
"[0.365, 0.366)",0.03297143703255918,0.366
"[0.366, 0.367)",0.02966857001096775,0.367
"[0.367, 0.368)",0.026148213382626292,0.368
"[0.368, 0.369)",0.03131987639046788,0.369
"[0.369, 0.37)",0.03087638355164157,0.37
"[0.37, 0.371)",0.03779509949740933,0.371
"[0.371, 0.372)",0.03390409057548391,0.372
"[0.372, 0.373)",0.028529194285601616,0.373
"[0.373, 0.374)",0.02900814588365387,0.374
"[0.374, 0.375)",0.036858877483231134,0.375
"[0.375, 0.376)",0.04438027855905738,0.376
"[0.376, 0.377)",0.0324339707889225,0.377
"[0.377, 0.378)",0.027112338222040865,0.378
"[0.378, 0.379)",0.0235681518892233,0.379
"[0.379, 0.38)",0.031829041743485345,0.38
"[0.38, 0.381)",0.0354410522487562,0.381
"[0.381, 0.382)",0.026084286951961962,0.382
"[0.382, 0.383)",0.045191275897903234,0.383
"[0.383, 0.384)",0.03112503836399258,0.384
"[0.384, 0.385)",0.03375680583951587,0.385
"[0.385, 0.386)",0.024639023984375064,0.386
"[0.386, 0.387)",0.035343549000949576,0.387
"[0.387, 0.388)",0.03214738707195659,0.388
"[0.388, 0.389)",0.030292289226754584,0.389
"[0.389, 0.39)",0.034253043765570916,0.39
"[0.39, 0.391)",0.031989369582698976,0.391
"[0.391, 0.392)",0.037840746442004296,0.392
"[0.392, 0.393)",0.02953461291163266,0.393
"[0.393, 0.394)",0.03935538162716984,0.394
"[0.394, 0.395)",0.025646264027745693,0.395
"[0.395, 0.396)",0.03168429011239705,0.396
"[0.396, 0.397)",0.03413498280714286,0.397
"[0.397, 0.398)",0.02773434974632484,0.398
"[0.398, 0.399)",0.027124451260920168,0.399
"[0.399, 0.4)",0.029875675293081817,0.4
"[0.4, 0.401)",0.02913421227628127,0.401
"[0.401, 0.402)",0.029596594637421647,0.402
"[0.402, 0.403)",0.029162418209653925,0.403
"[0.403, 0.404)",0.038153310547766495,0.404
"[0.404, 0.405)",0.027551100789681034,0.405
"[0.405, 0.406)",0.029553743013345547,0.406
"[0.406, 0.40700000000000003)",0.03003128211715333,0.407
"[0.40700000000000003, 0.40800000000000003)",0.0367473143681985,0.408
"[0.40800000000000003, 0.40900000000000003)",0.03129700567696851,0.409
"[0.40900000000000003, 0.41000000000000003)",0.030945519734743174,0.41
"[0.41000000000000003, 0.41100000000000003)",0.02895808667918624,0.411
"[0.41100000000000003, 0.41200000000000003)",0.02998544763740407,0.412
"[0.41200000000000003, 0.41300000000000003)",0.030877980400373848,0.413
"[0.41300000000000003, 0.41400000000000003)",0.026512432528606914,0.414
"[0.41400000000000003, 0.41500000000000004)",0.031230144258602197,0.415
"[0.41500000000000004, 0.41600000000000004)",0.027350181416417985,0.416
"[0.41600000000000004, 0.417)",0.033648395097588164,0.417
"[0.417, 0.418)",0.028744441264088438,0.418
"[0.418, 0.419)",0.03348583516266097,0.419
"[0.419, 0.42)",0.029833676358841644,0.42
"[0.42, 0.421)",0.030179125328201023,0.421
"[0.421, 0.422)",0.032296244410646414,0.422
"[0.422, 0.423)",0.03381701282047783,0.423
"[0.423, 0.424)",0.02642410552854579,0.424
"[0.424, 0.425)",0.03749373576271512,0.425
"[0.425, 0.426)",0.02479877507185325,0.426
"[0.426, 0.427)",0.02795562375626576,0.427
"[0.427, 0.428)",0.0279052861432638,0.428
"[0.428, 0.429)",0.027347731372326076,0.429
"[0.429, 0.43)",0.02967413494473764,0.43
"[0.43, 0.431)",0.02058321866506851,0.431
"[0.431, 0.432)",0.028000671659079223,0.432
"[0.432, 0.433)",0.026199454642994256,0.433
"[0.433, 0.434)",0.03269543489469554,0.434
"[0.434, 0.435)",0.024974061920342242,0.435
"[0.435, 0.436)",0.03271747365572521,0.436
"[0.436, 0.437)",0.03114701364413481,0.437
"[0.437, 0.438)",0.035423065618371226,0.438
"[0.438, 0.439)",0.03145517333150947,0.439
"[0.439, 0.44)",0.030110099599983734,0.44
"[0.44, 0.441)",0.030034507671766558,0.441
"[0.441, 0.442)",0.0252158830850103,0.442
"[0.442, 0.443)",0.03271668100038764,0.443
"[0.443, 0.444)",0.026312561115009424,0.444
"[0.444, 0.445)",0.03204858525980201,0.445
"[0.445, 0.446)",0.03548110073357928,0.446
"[0.446, 0.447)",0.03200520138579658,0.447
"[0.447, 0.448)",0.028779264687878833,0.448
"[0.448, 0.449)",0.02843249482907409,0.449
"[0.449, 0.45)",0.029224392693512666,0.45
"[0.45, 0.451)",0.03695937276079289,0.451
"[0.451, 0.452)",0.028896637848300544,0.452
"[0.452, 0.453)",0.028527641059197573,0.453
"[0.453, 0.454)",0.027111106039842268,0.454
"[0.454, 0.455)",0.026312388653107387,0.455
"[0.455, 0.456)",0.03512314004627456,0.456
"[0.456, 0.457)",0.034931519597709924,0.457
"[0.457, 0.458)",0.02874984716290981,0.458
"[0.458, 0.459)",0.030363485775406533,0.459
"[0.459, 0.46)",0.031722081305040686,0.46
"[0.46, 0.461)",0.03411602105576926,0.461
"[0.461, 0.462)",0.028496323694034802,0.462
"[0.462, 0.463)",0.028309034090468466,0.463
"[0.463, 0.464)",0.030746550742708798,0.464
"[0.464, 0.465)",0.030051859054852675,0.465
"[0.465, 0.466)",0.026489537787213798,0.466
"[0.466, 0.467)",0.022269015696714613,0.467
"[0.467, 0.468)",0.028662701880230367,0.468
"[0.468, 0.46900000000000003)",0.024977039076504705,0.469
"[0.46900000000000003, 0.47000000000000003)",0.029261656091202928,0.47
"[0.47000000000000003, 0.47100000000000003)",0.033716223180373865,0.471
"[0.47100000000000003, 0.47200000000000003)",0.024101561307553948,0.472
"[0.47200000000000003, 0.47300000000000003)",0.02388126028235298,0.473
"[0.47300000000000003, 0.47400000000000003)",0.03174748823414638,0.474
"[0.47400000000000003, 0.47500000000000003)",0.03955778547034769,0.475
"[0.47500000000000003, 0.47600000000000003)",0.025822388900199243,0.476
"[0.47600000000000003, 0.47700000000000004)",0.02701903219125775,0.477
"[0.47700000000000004, 0.47800000000000004)",0.031114903617067872,0.478
"[0.47800000000000004, 0.47900000000000004)",0.029234468529230808,0.479
"[0.47900000000000004, 0.48)",0.024685251123703737,0.48
"[0.48, 0.481)",0.03075692181474822,0.481
"[0.481, 0.482)",0.03367012302959645,0.482
"[0.482, 0.483)",0.024995907599645116,0.483
"[0.483, 0.484)",0.027933383828755414,0.484
"[0.484, 0.485)",0.03801864433779529,0.485
"[0.485, 0.486)",0.03035940142538302,0.486
"[0.486, 0.487)",0.0225227632776758,0.487
"[0.487, 0.488)",0.029577691826611293,0.488
"[0.488, 0.489)",0.027727123351656974,0.489
"[0.489, 0.49)",0.027267056301612923,0.49
"[0.49, 0.491)",0.029756754290394535,0.491
"[0.491, 0.492)",0.021526237808367356,0.492
"[0.492, 0.493)",0.026305374571031777,0.493
"[0.493, 0.494)",0.02796371674276396,0.494
"[0.494, 0.495)",0.027389830706617664,0.495
"[0.495, 0.496)",0.03296541863059066,0.496
"[0.496, 0.497)",0.030837868392228723,0.497
"[0.497, 0.498)",0.020730421676565892,0.498
"[0.498, 0.499)",0.035733682193536065,0.499
"[0.499, 0.5)",0.022048640712068978,0.5
"[0.5, 0.501)",0.027883004128436927,0.501
"[0.501, 0.502)",0.03329373377494869,0.502
"[0.502, 0.503)",0.031189639751562526,0.503
"[0.503, 0.504)",0.027355844673867338,0.504
"[0.504, 0.505)",0.030970272152893615,0.505
"[0.505, 0.506)",0.02540507784349598,0.506
"[0.506, 0.507)",0.021084315989999994,0.507
"[0.507, 0.508)",0.03303627466901103,0.508
"[0.508, 0.509)",0.02709948051485947,0.509
"[0.509, 0.51)",0.028945878226250044,0.51
"[0.51, 0.511)",0.0360237619534286,0.511
"[0.511, 0.512)",0.032487960884639844,0.512
"[0.512, 0.513)",0.030898160090598332,0.513
"[0.513, 0.514)",0.0347887362202198,0.514
"[0.514, 0.515)",0.03452768156201719,0.515
"[0.515, 0.516)",0.02886394144568182,0.516
"[0.516, 0.517)",0.028125340744885208,0.517
"[0.517, 0.518)",0.035452846455093605,0.518
"[0.518, 0.519)",0.023865249506466544,0.519
"[0.519, 0.52)",0.02988964822027481,0.52
"[0.52, 0.521)",0.03545046893971214,0.521
"[0.521, 0.522)",0.025890264653669753,0.522
"[0.522, 0.523)",0.03180340081596642,0.523
"[0.523, 0.524)",0.025970070801511914,0.524
"[0.524, 0.525)",0.03293719258465883,0.525
"[0.525, 0.526)",0.03186334798679916,0.526
"[0.526, 0.527)",0.032057884963023295,0.527
"[0.527, 0.528)",0.02652301202746991,0.528
"[0.528, 0.529)",0.02727274198721386,0.529
"[0.529, 0.53)",0.02763224775006985,0.53
"[0.53, 0.531)",0.028332112533270722,0.531
"[0.531, 0.532)",0.02706886652457559,0.532
"[0.532, 0.533)",0.024607524602696648,0.533
"[0.533, 0.534)",0.03219257687218547,0.534
"[0.534, 0.535)",0.03245506878828893,0.535
"[0.535, 0.536)",0.02932703036790705,0.536
"[0.536, 0.537)",0.024891948399734524,0.537
"[0.537, 0.538)",0.03306048239651426,0.538
"[0.538, 0.539)",0.03131865787371796,0.539
"[0.539, 0.54)",0.03684843004239514,0.54
"[0.54, 0.541)",0.02583886430053575,0.541
"[0.541, 0.542)",0.02817262926352943,0.542
"[0.542, 0.543)",0.026978110016738218,0.543
"[0.543, 0.544)",0.030955340583836744,0.544
"[0.544, 0.545)",0.02700865936269318,0.545
"[0.545, 0.546)",0.033460343751277946,0.546
"[0.546, 0.547)",0.0322555143201299,0.547
"[0.547, 0.548)",0.02801099223982537,0.548
"[0.548, 0.549)",0.03400941749624221,0.549
"[0.549, 0.55)",0.0300788098141763,0.55
"[0.55, 0.551)",0.02820423321717356,0.551
"[0.551, 0.552)",0.036682448497071175,0.552
"[0.552, 0.553)",0.026107983486051506,0.553
"[0.553, 0.554)",0.024567413170122843,0.554
"[0.554, 0.555)",0.034515102069662976,0.555
"[0.555, 0.556)",0.03178115742472407,0.556
"[0.556, 0.557)",0.03132995385663903,0.557
"[0.557, 0.558)",0.02544677135814658,0.558
"[0.558, 0.559)",0.027956590978587718,0.559
"[0.559, 0.56)",0.03687945480453689,0.56
"[0.56, 0.561)",0.027965832473207563,0.561
"[0.561, 0.562)",0.03134912307118168,0.562
"[0.562, 0.5630000000000001)",0.027878920163008157,0.563
"[0.5630000000000001, 0.5640000000000001)",0.03356754662141054,0.564
"[0.5640000000000001, 0.5650000000000001)",0.03225239805320265,0.565
"[0.5650000000000001, 0.5660000000000001)",0.028869355597325175,0.566
"[0.5660000000000001, 0.5670000000000001)",0.03529596271182823,0.567
"[0.5670000000000001, 0.5680000000000001)",0.02895370425283846,0.568
"[0.5680000000000001, 0.5690000000000001)",0.040807659299565265,0.569
"[0.5690000000000001, 0.5700000000000001)",0.030236691505555597,0.57
"[0.5700000000000001, 0.5710000000000001)",0.027851817363224663,0.571
"[0.5710000000000001, 0.5720000000000001)",0.03243994629503583,0.572
"[0.5720000000000001, 0.5730000000000001)",0.02994274013784005,0.573
"[0.5730000000000001, 0.5740000000000001)",0.025662669125957462,0.574
"[0.5740000000000001, 0.5750000000000001)",0.030512493972309367,0.575
"[0.5750000000000001, 0.5760000000000001)",0.02616012817053421,0.576
"[0.5760000000000001, 0.577)",0.02805794599067087,0.577
"[0.577, 0.578)",0.023907402643801697,0.578
"[0.578, 0.579)",0.026717344587737862,0.579
"[0.579, 0.58)",0.024192639558431397,0.58
"[0.58, 0.581)",0.033105060908055074,0.581
"[0.581, 0.582)",0.03441798989327359,0.582
"[0.582, 0.583)",0.029395096168052564,0.583
"[0.583, 0.584)",0.028958739911608977,0.584
"[0.584, 0.585)",0.027234505482100255,0.585
"[0.585, 0.586)",0.030198768948796532,0.586
"[0.586, 0.587)",0.026282315648545853,0.587
"[0.587, 0.588)",0.03713541435934309,0.588
"[0.588, 0.589)",0.03109856909674621,0.589
"[0.589, 0.59)",0.027975061454527977,0.59
"[0.59, 0.591)",0.028922816806666675,0.591
"[0.591, 0.592)",0.02677121532507941,0.592
"[0.592, 0.593)",0.019983331805164314,0.593
"[0.593, 0.594)",0.03188079162673036,0.594
"[0.594, 0.595)",0.02769512332516272,0.595
"[0.595, 0.596)",0.033558799195316166,0.596
"[0.596, 0.597)",0.025291219098613007,0.597
"[0.597, 0.598)",0.03426406184657781,0.598
"[0.598, 0.599)",0.027023652676604663,0.599
"[0.599, 0.6)",0.02638549506048694,0.6
"[0.6, 0.601)",0.02306782816042754,0.601
"[0.601, 0.602)",0.035297962914123085,0.602
"[0.602, 0.603)",0.026011419687518387,0.603
"[0.603, 0.604)",0.02621571401245078,0.604
"[0.604, 0.605)",0.030596732982794132,0.605
"[0.605, 0.606)",0.026100087524545474,0.606
"[0.606, 0.607)",0.027022293894925775,0.607
"[0.607, 0.608)",0.036169582195661666,0.608
"[0.608, 0.609)",0.025724327680000037,0.609
"[0.609, 0.61)",0.027226466755858807,0.61
"[0.61, 0.611)",0.031066101514695382,0.611
"[0.611, 0.612)",0.03212869659690479,0.612
"[0.612, 0.613)",0.03361331766872577,0.613
"[0.613, 0.614)",0.026493373923144114,0.614
"[0.614, 0.615)",0.027998769198936242,0.615
"[0.615, 0.616)",0.02930328693761468,0.616
"[0.616, 0.617)",0.02809399948130437,0.617
"[0.617, 0.618)",0.03334978585772045,0.618
"[0.618, 0.619)",0.02666498333496818,0.619
"[0.619, 0.62)",0.02241453210405112,0.62
"[0.62, 0.621)",0.024202815225180575,0.621
"[0.621, 0.622)",0.028877459918943686,0.622
"[0.622, 0.623)",0.0271318696125,0.623
"[0.623, 0.624)",0.026087255703805545,0.624
"[0.624, 0.625)",0.02850391682448981,0.625
"[0.625, 0.626)",0.031368897084744114,0.626
"[0.626, 0.627)",0.027491004417743346,0.627
"[0.627, 0.628)",0.04038724833401374,0.628
"[0.628, 0.629)",0.028052204743807357,0.629
"[0.629, 0.63)",0.03052374893516319,0.63
"[0.63, 0.631)",0.02910807352093498,0.631
"[0.631, 0.632)",0.023751281298829047,0.632
"[0.632, 0.633)",0.02528955043341179,0.633
"[0.633, 0.634)",0.026785216747926284,0.634
"[0.634, 0.635)",0.027449230674905324,0.635
"[0.635, 0.636)",0.031212031096287157,0.636
"[0.636, 0.637)",0.02601942072907801,0.637
"[0.637, 0.638)",0.029492345671732124,0.638
"[0.638, 0.639)",0.023505795253944046,0.639
"[0.639, 0.64)",0.027471751278864993,0.64
"[0.64, 0.641)",0.03538618413281603,0.641
"[0.641, 0.642)",0.025153373181111098,0.642
"[0.642, 0.643)",0.027969408586357512,0.643
"[0.643, 0.644)",0.027400868984375028,0.644
"[0.644, 0.645)",0.025225203519565215,0.645
"[0.645, 0.646)",0.0342500922697369,0.646
"[0.646, 0.647)",0.03434107337859348,0.647
"[0.647, 0.648)",0.029780193620199506,0.648
"[0.648, 0.649)",0.03356354159877153,0.649
"[0.649, 0.65)",0.03291067109638783,0.65
"[0.65, 0.651)",0.026939509665317978,0.651
"[0.651, 0.652)",0.030719803642452845,0.652
"[0.652, 0.653)",0.02737211456191594,0.653
"[0.653, 0.654)",0.027137788445536614,0.654
"[0.654, 0.655)",0.034047754333247075,0.655
"[0.655, 0.656)",0.028874790424935074,0.656
"[0.656, 0.657)",0.034058701701042166,0.657
"[0.657, 0.658)",0.028695504655913487,0.658
"[0.658, 0.659)",0.02913537377113402,0.659
"[0.659, 0.66)",0.03075977579773743,0.66
"[0.66, 0.661)",0.035310468453668795,0.661
"[0.661, 0.662)",0.025776078258518517,0.662
"[0.662, 0.663)",0.0347164859163706,0.663
"[0.663, 0.664)",0.0343571107172032,0.664
"[0.664, 0.665)",0.032153722676412796,0.665
"[0.665, 0.666)",0.03287455529522103,0.666
"[0.666, 0.667)",0.029581624216990312,0.667
"[0.667, 0.668)",0.031777149963192114,0.668
"[0.668, 0.669)",0.03187247221361115,0.669
"[0.669, 0.67)",0.029182487621267888,0.67
"[0.67, 0.671)",0.03283784430486893,0.671
"[0.671, 0.672)",0.03443341137783134,0.672
"[0.672, 0.673)",0.02806570647052899,0.673
"[0.673, 0.674)",0.028249207293986205,0.674
"[0.674, 0.675)",0.02875218411598594,0.675
"[0.675, 0.676)",0.03231916632517651,0.676
"[0.676, 0.677)",0.03314673925307697,0.677
"[0.677, 0.678)",0.033395985187046666,0.678
"[0.678, 0.679)",0.024303912882994928,0.679
"[0.679, 0.68)",0.023782855233858327,0.68
"[0.68, 0.681)",0.031482573639166726,0.681
"[0.681, 0.682)",0.027636091980522585,0.682
"[0.682, 0.683)",0.024576647203720964,0.683
"[0.683, 0.684)",0.03288783698329819,0.684
"[0.684, 0.685)",0.03424207328469659,0.685
"[0.685, 0.686)",0.023801828100480784,0.686
"[0.686, 0.687)",0.03249909407165181,0.687
"[0.687, 0.6880000000000001)",0.03316228775352521,0.688
"[0.6880000000000001, 0.6890000000000001)",0.03373004554671537,0.689
"[0.6890000000000001, 0.6900000000000001)",0.029824753808925818,0.69
"[0.6900000000000001, 0.6910000000000001)",0.033639759200396045,0.691
"[0.6910000000000001, 0.6920000000000001)",0.029103745181432397,0.692
"[0.6920000000000001, 0.6930000000000001)",0.029726194584848493,0.693
"[0.6930000000000001, 0.6940000000000001)",0.031966995809388755,0.694
"[0.6940000000000001, 0.6950000000000001)",0.03340498171614453,0.695
"[0.6950000000000001, 0.6960000000000001)",0.033332416124087626,0.696
"[0.6960000000000001, 0.6970000000000001)",0.034799362286318435,0.697
"[0.6970000000000001, 0.6980000000000001)",0.026170273246666712,0.698
"[0.6980000000000001, 0.6990000000000001)",0.029930059369642905,0.699
"[0.6990000000000001, 0.7000000000000001)",0.025404645043777794,0.7
"[0.7000000000000001, 0.7010000000000001)",0.03704308658521561,0.701
"[0.7010000000000001, 0.7020000000000001)",0.04150733279125326,0.702
"[0.7020000000000001, 0.7030000000000001)",0.02630573750153847,0.703
"[0.7030000000000001, 0.704)",0.02645022092964825,0.704
"[0.704, 0.705)",0.031051850305140835,0.705
"[0.705, 0.706)",0.026857384234782625,0.706
"[0.706, 0.707)",0.030417234555112253,0.707
"[0.707, 0.708)",0.024948912725654446,0.708
"[0.708, 0.709)",0.02749398077688687,0.709
"[0.709, 0.71)",0.030525201932826092,0.71
"[0.71, 0.711)",0.0305225802491562,0.711
"[0.711, 0.712)",0.032351176657863925,0.712
"[0.712, 0.713)",0.026253612132941178,0.713
"[0.713, 0.714)",0.02499622351185185,0.714
"[0.714, 0.715)",0.028455933619564184,0.715
"[0.715, 0.716)",0.030976100179677446,0.716
"[0.716, 0.717)",0.03451314480317078,0.717
"[0.717, 0.718)",0.03650880116134665,0.718
"[0.718, 0.719)",0.035446302780052494,0.719
"[0.719, 0.72)",0.027131477485662116,0.72
"[0.72, 0.721)",0.02451319165665237,0.721
"[0.721, 0.722)",0.028250217344913803,0.722
"[0.722, 0.723)",0.02701682551844737,0.723
"[0.723, 0.724)",0.02859752744502944,0.724
"[0.724, 0.725)",0.023677523421388895,0.725
"[0.725, 0.726)",0.03073647828080229,0.726
"[0.726, 0.727)",0.026273997740949354,0.727
"[0.727, 0.728)",0.023199570570710194,0.728
"[0.728, 0.729)",0.030714131662049882,0.729
"[0.729, 0.73)",0.03125965537229668,0.73
"[0.73, 0.731)",0.03296907371351232,0.731
"[0.731, 0.732)",0.02335648568375637,0.732
"[0.732, 0.733)",0.0314415482209906,0.733
"[0.733, 0.734)",0.03212353104074883,0.734
"[0.734, 0.735)",0.030436465892419395,0.735
"[0.735, 0.736)",0.028635781411111137,0.736
"[0.736, 0.737)",0.02992909128978105,0.737
"[0.737, 0.738)",0.01919249695266991,0.738
"[0.738, 0.739)",0.03428618117461141,0.739
"[0.739, 0.74)",0.03452459892928426,0.74
"[0.74, 0.741)",0.03003696828424664,0.741
"[0.741, 0.742)",0.02481029910795866,0.742
"[0.742, 0.743)",0.021697832133243965,0.743
"[0.743, 0.744)",0.028948943620356264,0.744
"[0.744, 0.745)",0.024034556367521356,0.745
"[0.745, 0.746)",0.029253820698550728,0.746
"[0.746, 0.747)",0.024774940451873208,0.747
"[0.747, 0.748)",0.02959419381174868,0.748
"[0.748, 0.749)",0.024979748225356122,0.749
"[0.749, 0.75)",0.02070456230551561,0.75
"[0.75, 0.751)",0.02847545894575183,0.751
"[0.751, 0.752)",0.022224420313450313,0.752
"[0.752, 0.753)",0.023524196814606733,0.753
"[0.753, 0.754)",0.029983457532439674,0.754
"[0.754, 0.755)",0.033682886341066684,0.755
"[0.755, 0.756)",0.02702376421973685,0.756
"[0.756, 0.757)",0.022561501237165757,0.757
"[0.757, 0.758)",0.033001068242739746,0.758
"[0.758, 0.759)",0.0410790249005666,0.759
"[0.759, 0.76)",0.0351580851914989,0.76
"[0.76, 0.761)",0.03282586270717443,0.761
"[0.761, 0.762)",0.03117060325444748,0.762
"[0.762, 0.763)",0.02652999706740947,0.763
"[0.763, 0.764)",0.02173720367716049,0.764
"[0.764, 0.765)",0.028412635732360744,0.765
"[0.765, 0.766)",0.022895286514457824,0.766
"[0.766, 0.767)",0.024253942218618593,0.767
"[0.767, 0.768)",0.025698959345433522,0.768
"[0.768, 0.769)",0.0406813760457955,0.769
"[0.769, 0.77)",0.02601905775786803,0.77
"[0.77, 0.771)",0.024497858144686004,0.771
"[0.771, 0.772)",0.020224623304191607,0.772
"[0.772, 0.773)",0.033574823379614406,0.773
"[0.773, 0.774)",0.02707807923749999,0.774
"[0.774, 0.775)",0.03246598567242429,0.775
"[0.775, 0.776)",0.037876768975229354,0.776
"[0.776, 0.777)",0.039790709014289986,0.777
"[0.777, 0.778)",0.028903494098153026,0.778
"[0.778, 0.779)",0.02683582177777144,0.779
"[0.779, 0.78)",0.029401696362206627,0.78
"[0.78, 0.781)",0.032173598297453754,0.781
"[0.781, 0.782)",0.027656852311204485,0.782
"[0.782, 0.783)",0.023127620797435893,0.783
"[0.783, 0.784)",0.03203801450282135,0.784
"[0.784, 0.785)",0.026240580318597537,0.785
"[0.785, 0.786)",0.027185270177604165,0.786
"[0.786, 0.787)",0.027602332620298507,0.787
"[0.787, 0.788)",0.02965043606470087,0.788
"[0.788, 0.789)",0.02139624664225351,0.789
"[0.789, 0.79)",0.02700204112367764,0.79
"[0.79, 0.791)",0.02718117136473321,0.791
"[0.791, 0.792)",0.031042907947540978,0.792
"[0.792, 0.793)",0.024328032202857116,0.793
"[0.793, 0.794)",0.03337593326151423,0.794
"[0.794, 0.795)",0.038691321364576814,0.795
"[0.795, 0.796)",0.023055043820707985,0.796
"[0.796, 0.797)",0.02196700968333332,0.797
"[0.797, 0.798)",0.03011072263843751,0.798
"[0.798, 0.799)",0.028674949520370387,0.799
"[0.799, 0.8)",0.03000803072377173,0.8
"[0.8, 0.801)",0.025817257457430746,0.801
"[0.801, 0.802)",0.0293613891116208,0.802
"[0.802, 0.803)",0.026594984216918235,0.803
"[0.803, 0.804)",0.03222399884851485,0.804
"[0.804, 0.805)",0.02364396544303796,0.805
"[0.805, 0.806)",0.019352289610631235,0.806
"[0.806, 0.807)",0.031053645787837834,0.807
"[0.807, 0.808)",0.039754513788947385,0.808
"[0.808, 0.809)",0.026851900851987756,0.809
"[0.809, 0.81)",0.024755448346194236,0.81
"[0.81, 0.811)",0.027333946533333337,0.811
"[0.811, 0.812)",0.03192089671253088,0.812
"[0.812, 0.8130000000000001)",0.028575263312656748,0.813
"[0.8130000000000001, 0.8140000000000001)",0.02493260720363035,0.814
"[0.8140000000000001, 0.8150000000000001)",0.025560088563056468,0.815
"[0.8150000000000001, 0.8160000000000001)",0.04479401111029902,0.816
"[0.8160000000000001, 0.8170000000000001)",0.03138384716103899,0.817
"[0.8170000000000001, 0.8180000000000001)",0.027365337244594588,0.818
"[0.8180000000000001, 0.8190000000000001)",0.042233688289036585,0.819
"[0.8190000000000001, 0.8200000000000001)",0.03066469019573032,0.82
"[0.8200000000000001, 0.8210000000000001)",0.028391754794285733,0.821
"[0.8210000000000001, 0.8220000000000001)",0.02560684627500001,0.822
"[0.8220000000000001, 0.8230000000000001)",0.021712187006484637,0.823
"[0.8230000000000001, 0.8240000000000001)",0.029448908158496736,0.824
"[0.8240000000000001, 0.8250000000000001)",0.022841205246853152,0.825
"[0.8250000000000001, 0.8260000000000001)",0.01969699312652597,0.826
"[0.8260000000000001, 0.8270000000000001)",0.02769440048426573,0.827
"[0.8270000000000001, 0.8280000000000001)",0.024224543057547183,0.828
"[0.8280000000000001, 0.8290000000000001)",0.026496698605970145,0.829
"[0.8290000000000001, 0.8300000000000001)",0.029878783340050157,0.83
"[0.8300000000000001, 0.8310000000000001)",0.028936809258031115,0.831
"[0.8310000000000001, 0.8320000000000001)",0.02688818463816816,0.832
"[0.8320000000000001, 0.833)",0.033851550770607065,0.833
"[0.833, 0.834)",0.034676915625723496,0.834
"[0.834, 0.835)",0.02854586145566669,0.835
"[0.835, 0.836)",0.02279366275583596,0.836
"[0.836, 0.837)",0.02739892778599347,0.837
"[0.837, 0.838)",0.03485419676153847,0.838
"[0.838, 0.839)",0.03457852073170733,0.839
"[0.839, 0.84)",0.039091324309781426,0.84
"[0.84, 0.841)",0.02199665706606936,0.841
"[0.841, 0.842)",0.030203731637654333,0.842
"[0.842, 0.843)",0.024039594600318466,0.843
"[0.843, 0.844)",0.029336692811728415,0.844
"[0.844, 0.845)",0.03475492603265992,0.845
"[0.845, 0.846)",0.031011292773186136,0.846
"[0.846, 0.847)",0.026740019403975506,0.847
"[0.847, 0.848)",0.028137263921254357,0.848
"[0.848, 0.849)",0.03216458535609757,0.849
"[0.849, 0.85)",0.029611882948258728,0.85
"[0.85, 0.851)",0.030675877321621667,0.851
"[0.851, 0.852)",0.03501953149385114,0.852
"[0.852, 0.853)",0.03295710844413582,0.853
"[0.853, 0.854)",0.030614777671168828,0.854
"[0.854, 0.855)",0.020988200046468404,0.855
"[0.855, 0.856)",0.02926775427651006,0.856
"[0.856, 0.857)",0.025964022343564336,0.857
"[0.857, 0.858)",0.02374545214620299,0.858
"[0.858, 0.859)",0.03348391468475178,0.859
"[0.859, 0.86)",0.02730230502664022,0.86
"[0.86, 0.861)",0.03203723063212126,0.861
"[0.861, 0.862)",0.02216613598416148,0.862
"[0.862, 0.863)",0.03280880888309863,0.863
"[0.863, 0.864)",0.027546543372039486,0.864
"[0.864, 0.865)",0.022769207142446048,0.865
"[0.865, 0.866)",0.0293088414427178,0.866
"[0.866, 0.867)",0.03150772730392856,0.867
"[0.867, 0.868)",0.030898348918983035,0.868
"[0.868, 0.869)",0.03711680444657538,0.869
"[0.869, 0.87)",0.026520247355807373,0.87
"[0.87, 0.871)",0.0317525111600544,0.871
"[0.871, 0.872)",0.03906686267153845,0.872
"[0.872, 0.873)",0.02844154413951047,0.873
"[0.873, 0.874)",0.033357895371525406,0.874
"[0.874, 0.875)",0.03508681104469697,0.875
"[0.875, 0.876)",0.02329240591892856,0.876
"[0.876, 0.877)",0.023858173491970815,0.877
"[0.877, 0.878)",0.025167987268361766,0.878
"[0.878, 0.879)",0.03418499554808359,0.879
"[0.879, 0.88)",0.025737200013484857,0.88
"[0.88, 0.881)",0.031617512335041564,0.881
"[0.881, 0.882)",0.024751206035369754,0.882
"[0.882, 0.883)",0.02387057459636365,0.883
"[0.883, 0.884)",0.02897530070618179,0.884
"[0.884, 0.885)",0.034081725590825736,0.885
"[0.885, 0.886)",0.026505311045246463,0.886
"[0.886, 0.887)",0.03157686256940303,0.887
"[0.887, 0.888)",0.03425560333848799,0.888
"[0.888, 0.889)",0.03433960271538465,0.889
"[0.889, 0.89)",0.028747704179290106,0.89
"[0.89, 0.891)",0.03429447152336929,0.891
"[0.891, 0.892)",0.027654331276813555,0.892
"[0.892, 0.893)",0.04231115251541097,0.893
"[0.893, 0.894)",0.025026554809324742,0.894
"[0.894, 0.895)",0.027471237742253504,0.895
"[0.895, 0.896)",0.026780946167609423,0.896
"[0.896, 0.897)",0.030539242631935467,0.897
"[0.897, 0.898)",0.018473309268888898,0.898
"[0.898, 0.899)",0.023921195938487967,0.899
"[0.899, 0.9)",0.03057873662954548,0.9
"[0.9, 0.901)",0.03200956139956409,0.901
"[0.901, 0.902)",0.02816199132409238,0.902
"[0.902, 0.903)",0.030799103755844156,0.903
"[0.903, 0.904)",0.024711509156055345,0.904
"[0.904, 0.905)",0.025248456365467603,0.905
"[0.905, 0.906)",0.02531437360270627,0.906
"[0.906, 0.907)",0.0385567341119403,0.907
"[0.907, 0.908)",0.02649098586420662,0.908
"[0.908, 0.909)",0.02581304364684012,0.909
"[0.909, 0.91)",0.029846930102542368,0.91
"[0.91, 0.911)",0.027817931919018424,0.911
"[0.911, 0.912)",0.024842208914552244,0.912
"[0.912, 0.913)",0.029088689130830563,0.913
"[0.913, 0.914)",0.04403771754615385,0.914
"[0.914, 0.915)",0.028165453581468533,0.915
"[0.915, 0.916)",0.0312847551277778,0.916
"[0.916, 0.917)",0.024397552367944254,0.917
"[0.917, 0.918)",0.02444298985931559,0.918
"[0.918, 0.919)",0.029071450238799968,0.919
"[0.919, 0.92)",0.02934582888091169,0.92
"[0.92, 0.921)",0.024409919521420465,0.921
"[0.921, 0.922)",0.024820228613978486,0.922
"[0.922, 0.923)",0.027181557065068484,0.923
"[0.923, 0.924)",0.02863385896891495,0.924
"[0.924, 0.925)",0.02487179840438807,0.925
"[0.925, 0.926)",0.028149963492492127,0.926
"[0.926, 0.927)",0.026566958048012245,0.927
"[0.927, 0.928)",0.022158273096283772,0.928
"[0.928, 0.929)",0.02446261473084747,0.929
"[0.929, 0.93)",0.027196664445758353,0.93
"[0.93, 0.931)",0.026658383551014513,0.931
"[0.931, 0.932)",0.021271775106462578,0.932
"[0.932, 0.933)",0.02150111704459018,0.933
"[0.933, 0.934)",0.024892080836491207,0.934
"[0.934, 0.935)",0.02249382241212121,0.935
"[0.935, 0.936)",0.03027349942612907,0.936
"[0.936, 0.937)",0.02398288539117646,0.937
"[0.937, 0.9380000000000001)",0.03728726385868726,0.938
"[0.9380000000000001, 0.9390000000000001)",0.03374453496852588,0.939
"[0.9390000000000001, 0.9400000000000001)",0.032370826999120535,0.94
"[0.9400000000000001, 0.9410000000000001)",0.027348642995932197,0.941
"[0.9410000000000001, 0.9420000000000001)",0.036634760173443984,0.942
"[0.9420000000000001, 0.9430000000000001)",0.02711244637607143,0.943
"[0.9430000000000001, 0.9440000000000001)",0.029539770063793096,0.944
"[0.9440000000000001, 0.9450000000000001)",0.022728987159845563,0.945
"[0.9450000000000001, 0.9460000000000001)",0.026339401869003687,0.946
"[0.9460000000000001, 0.9470000000000001)",0.025773606841044776,0.947
"[0.9470000000000001, 0.9480000000000001)",0.03144979847050359,0.948
"[0.9480000000000001, 0.9490000000000001)",0.0205807472740072,0.949
"[0.9490000000000001, 0.9500000000000001)",0.030875179868955688,0.95
"[0.9500000000000001, 0.9510000000000001)",0.028957632835736692,0.951
"[0.9510000000000001, 0.9520000000000001)",0.02292209370084035,0.952
"[0.9520000000000001, 0.9530000000000001)",0.023313010484415093,0.953
"[0.9530000000000001, 0.9540000000000001)",0.03237408370599997,0.954
"[0.9540000000000001, 0.9550000000000001)",0.02218283541726617,0.955
"[0.9550000000000001, 0.9560000000000001)",0.023363490141224484,0.956
"[0.9560000000000001, 0.9570000000000001)",0.029549091913414618,0.957
"[0.9570000000000001, 0.9580000000000001)",0.033897872150375936,0.958
"[0.9580000000000001, 0.9590000000000001)",0.029752205048387072,0.959
"[0.9590000000000001, 0.96)",0.030013778531845264,0.96
"[0.96, 0.961)",0.02537928607694916,0.961
"[0.961, 0.962)",0.02991576362267206,0.962
"[0.962, 0.963)",0.030187684671902637,0.963
"[0.963, 0.964)",0.021484660839303272,0.964
"[0.964, 0.965)",0.023305952811274535,0.965
"[0.965, 0.966)",0.03605610070037736,0.966
"[0.966, 0.967)",0.028816265504089063,0.967
"[0.967, 0.968)",0.023435525687744367,0.968
"[0.968, 0.969)",0.022180033455991198,0.969
"[0.969, 0.97)",0.032652966361322616,0.97
"[0.97, 0.971)",0.02195632336933797,0.971
"[0.971, 0.972)",0.02660387695304346,0.972
"[0.972, 0.973)",0.02231633296611571,0.973
"[0.973, 0.974)",0.0204432122974026,0.974
"[0.974, 0.975)",0.030314720832270933,0.975
"[0.975, 0.976)",0.02619249061755101,0.976
"[0.976, 0.977)",0.03503411894008622,0.977
"[0.977, 0.978)",0.02412959386425533,0.978
"[0.978, 0.979)",0.022473830498039214,0.979
"[0.979, 0.98)",0.03284276965744048,0.98
"[0.98, 0.981)",0.03303953381415664,0.981
"[0.981, 0.982)",0.025692459155462203,0.982
"[0.982, 0.983)",0.0342442705167811,0.983
"[0.983, 0.984)",0.021843080634016403,0.984
"[0.984, 0.985)",0.02897176908359684,0.985
"[0.985, 0.986)",0.040629522039923954,0.986
"[0.986, 0.987)",0.024025856459040578,0.987
"[0.987, 0.988)",0.03932898179225586,0.988
"[0.988, 0.989)",0.03742503207362205,0.989
"[0.989, 0.99)",0.03369695000153846,0.99
"[0.99, 0.991)",0.023252412877850164,0.991
"[0.991, 0.992)",0.03403818287703705,0.992
"[0.992, 0.993)",0.02796627166701753,0.993
"[0.993, 0.994)",0.03195029501585364,0.994
"[0.994, 0.995)",0.03944108146270491,0.995
"[0.995, 0.996)",0.023061257431272707,0.996
"[0.996, 0.997)",0.028197263448897034,0.997
"[0.997, 0.998)",0.02784947745563828,0.998
"[0.998, 0.999)",0.025093400930894304,0.999
"[0.999, 1.0)",0.043298301013666676,1.0
"[1.0, 1.0010000000000001)",0.020761757977394626,1.001
"[1.0010000000000001, 1.002)",0.025918415145454534,1.002
"[1.002, 1.0030000000000001)",0.02834920058114753,1.003
"[1.0030000000000001, 1.004)",0.02057739350116732,1.004
"[1.004, 1.0050000000000001)",0.02428186581259542,1.005
"[1.0050000000000001, 1.006)",0.02935509485698113,1.006
"[1.006, 1.0070000000000001)",0.030051872876258996,1.007
"[1.0070000000000001, 1.008)",0.030561961371681427,1.008
"[1.008, 1.0090000000000001)",0.03199003192967477,1.009
"[1.0090000000000001, 1.01)",0.03029896412057762,1.01
"[1.01, 1.0110000000000001)",0.030713078402127666,1.011
"[1.0110000000000001, 1.012)",0.03679147774535318,1.012
"[1.012, 1.0130000000000001)",0.030686874877510026,1.013
"[1.0130000000000001, 1.014)",0.027766195510526306,1.014
"[1.014, 1.0150000000000001)",0.029158740419672115,1.015
"[1.0150000000000001, 1.016)",0.027778754965098025,1.016
"[1.016, 1.0170000000000001)",0.028645278915447162,1.017
"[1.0170000000000001, 1.018)",0.02546612055642278,1.018
"[1.018, 1.0190000000000001)",0.028694823949471367,1.019
"[1.0190000000000001, 1.02)",0.027764349248122464,1.02
"[1.02, 1.0210000000000001)",0.030277426099095017,1.021
"[1.0210000000000001, 1.022)",0.023455058420446085,1.022
"[1.022, 1.0230000000000001)",0.024372646096202513,1.023
"[1.0230000000000001, 1.024)",0.029294446468379438,1.024
"[1.024, 1.025)",0.02782776428247861,1.025
"[1.025, 1.026)",0.03225566305866141,1.026
"[1.026, 1.027)",0.03273048858888888,1.027
"[1.027, 1.028)",0.02779004942282157,1.028
"[1.028, 1.029)",0.027882366329184567,1.029
"[1.029, 1.03)",0.03279785016888889,1.03
"[1.03, 1.031)",0.025790189136940277,1.031
"[1.031, 1.032)",0.037008279527927915,1.032
"[1.032, 1.033)",0.027904913848594386,1.033
"[1.033, 1.034)",0.040571182078260846,1.034
"[1.034, 1.035)",0.028191635400862062,1.035
"[1.035, 1.036)",0.026574609937499997,1.036
"[1.036, 1.037)",0.028151364832579167,1.037
"[1.037, 1.038)",0.029856494397551024,1.038
"[1.038, 1.039)",0.0202219866777202,1.039
"[1.039, 1.04)",0.023097705020408168,1.04
"[1.04, 1.041)",0.024909619419330353,1.041
"[1.041, 1.042)",0.04357655560618182,1.042
"[1.042, 1.043)",0.02355396490273972,1.043
"[1.043, 1.044)",0.0301268042123348,1.044
"[1.044, 1.045)",0.032583875743319154,1.045
"[1.045, 1.046)",0.02902395721635921,1.046
"[1.046, 1.047)",0.03511710033333334,1.047
"[1.047, 1.048)",0.02443329496565658,1.048
"[1.048, 1.049)",0.015989462274876853,1.049
"[1.049, 1.05)",0.03071098057079646,1.05
"[1.05, 1.051)",0.030280842588151672,1.051
"[1.051, 1.052)",0.04474005112326734,1.052
"[1.052, 1.053)",0.029079954863200003,1.053
"[1.053, 1.054)",0.03426714168799998,1.054
"[1.054, 1.055)",0.03156011699174312,1.055
"[1.055, 1.056)",0.03117657961037736,1.056
"[1.056, 1.057)",0.022756384734313722,1.057
"[1.057, 1.058)",0.0320696171019266,1.058
"[1.058, 1.059)",0.030623950803539798,1.059
"[1.059, 1.06)",0.023215826726991153,1.06
"[1.06, 1.061)",0.022054798754000002,1.061
"[1.061, 1.062)",0.030830835936324793,1.062
"[1.062, 1.063)",0.030738532827358472,1.063
"[1.063, 1.064)",0.026261415236842105,1.064
"[1.064, 1.065)",0.030988548113165135,1.065
"[1.065, 1.066)",0.03342043285446639,1.066
"[1.066, 1.067)",0.022870727933472803,1.067
"[1.067, 1.068)",0.03815840825527638,1.068
"[1.068, 1.069)",0.026761036082535224,1.069
"[1.069, 1.07)",0.032094080747058815,1.07
"[1.07, 1.071)",0.02596853756538462,1.071
"[1.071, 1.072)",0.03155100317167383,1.072
"[1.072, 1.073)",0.022964804971111117,1.073
"[1.073, 1.074)",0.03016367826178011,1.074
"[1.074, 1.075)",0.0268108817893617,1.075
"[1.075, 1.076)",0.022504530595020746,1.076
"[1.076, 1.077)",0.03508880788679245,1.077
"[1.077, 1.078)",0.025622924245402297,1.078
"[1.078, 1.079)",0.02415062197873302,1.079
"[1.079, 1.08)",0.028106877256351366,1.08
"[1.08, 1.081)",0.02542716648743718,1.081
"[1.081, 1.082)",0.0278468086790795,1.082
"[1.082, 1.083)",0.02801789495492538,1.083
"[1.083, 1.084)",0.03074676909953704,1.084
"[1.084, 1.085)",0.03517975309631582,1.085
"[1.085, 1.086)",0.024131718294444434,1.086
"[1.086, 1.087)",0.027626402103999994,1.087
"[1.087, 1.088)",0.033443740172263155,1.088
"[1.088, 1.089)",0.028610040812107624,1.089
"[1.089, 1.09)",0.040355487555144225,1.09
"[1.09, 1.091)",0.024014914810937506,1.091
"[1.091, 1.092)",0.032483455674208135,1.092
"[1.092, 1.093)",0.025958043160550462,1.093
"[1.093, 1.094)",0.02212948865634519,1.094
"[1.094, 1.095)",0.031176172607929518,1.095
"[1.095, 1.096)",0.0254075158925,1.096
"[1.096, 1.097)",0.024685556906103266,1.097
"[1.097, 1.098)",0.0234727779176724,1.098
"[1.098, 1.099)",0.030314464311629954,1.099
"[1.099, 1.1)",0.036197156735571424,1.1
"[1.1, 1.101)",0.04078426925110131,1.101
"[1.101, 1.102)",0.019778018723416665,1.102
"[1.102, 1.103)",0.029797433534096376,1.103
"[1.103, 1.104)",0.03031918562096774,1.104
"[1.104, 1.105)",0.029455132891566278,1.105
"[1.105, 1.106)",0.034649547849572644,1.106
"[1.106, 1.107)",0.027399542136220468,1.107
"[1.107, 1.108)",0.030874508177232148,1.108
"[1.108, 1.109)",0.025916183385812988,1.109
"[1.109, 1.11)",0.03127848433532109,1.11
"[1.11, 1.111)",0.03066241859713113,1.111
"[1.111, 1.112)",0.02717576230407583,1.112
"[1.112, 1.113)",0.04434330362838986,1.113
"[1.113, 1.114)",0.027862520804205627,1.114
"[1.114, 1.115)",0.026581185960734697,1.115
"[1.115, 1.116)",0.03783172558678414,1.116
"[1.116, 1.117)",0.02869334316437245,1.117
"[1.117, 1.118)",0.03683502620368664,1.118
"[1.118, 1.119)",0.030058680955555542,1.119
"[1.119, 1.12)",0.026647507621276594,1.12
"[1.12, 1.121)",0.0263142412651822,1.121
"[1.121, 1.122)",0.02397367754454974,1.122
"[1.122, 1.123)",0.02628421784325396,1.123
"[1.123, 1.124)",0.031119997746995056,1.124
"[1.124, 1.125)",0.022419076289108913,1.125
"[1.125, 1.1260000000000001)",0.02420814328598931,1.126
"[1.1260000000000001, 1.127)",0.038753865523034205,1.127
"[1.127, 1.1280000000000001)",0.03263811790221239,1.128
"[1.1280000000000001, 1.129)",0.032044237185436884,1.129
"[1.129, 1.1300000000000001)",0.033925723117894734,1.13
"[1.1300000000000001, 1.131)",0.02155315841023255,1.131
"[1.131, 1.1320000000000001)",0.020775071249999996,1.132
"[1.1320000000000001, 1.133)",0.023862149462114547,1.133
"[1.133, 1.1340000000000001)",0.030726403053738305,1.134
"[1.1340000000000001, 1.135)",0.033187174803061235,1.135
"[1.135, 1.1360000000000001)",0.03411573103567566,1.136
"[1.1360000000000001, 1.137)",0.027465120357847532,1.137
"[1.137, 1.1380000000000001)",0.028905336816901415,1.138
"[1.1380000000000001, 1.139)",0.033003566779255325,1.139
"[1.139, 1.1400000000000001)",0.035663491345023696,1.14
"[1.1400000000000001, 1.141)",0.02441756295360361,1.141
"[1.141, 1.1420000000000001)",0.021228995310152276,1.142
"[1.1420000000000001, 1.143)",0.02873315194840581,1.143
"[1.143, 1.1440000000000001)",0.023190904493478257,1.144
"[1.1440000000000001, 1.145)",0.024663432234634138,1.145
"[1.145, 1.1460000000000001)",0.041742230903989375,1.146
"[1.1460000000000001, 1.147)",0.02671655706137339,1.147
"[1.147, 1.1480000000000001)",0.023654398636871507,1.148
"[1.1480000000000001, 1.149)",0.031436223623270136,1.149
"[1.149, 1.1500000000000001)",0.025922955662679402,1.15
"[1.1500000000000001, 1.151)",0.027114571613499994,1.151
"[1.151, 1.1520000000000001)",0.03296532749187818,1.152
"[1.1520000000000001, 1.153)",0.02512706684166668,1.153
"[1.153, 1.154)",0.0319784245487958,1.154
"[1.154, 1.155)",0.023568930596244125,1.155
"[1.155, 1.156)",0.048097545298484846,1.156
"[1.156, 1.157)",0.023909710460199015,1.157
"[1.157, 1.158)",0.03839983755999999,1.158
"[1.158, 1.159)",0.01874503421081081,1.159
"[1.159, 1.16)",0.024639581800969396,1.16
"[1.16, 1.161)",0.027445068635121955,1.161
"[1.161, 1.162)",0.023174924125654445,1.162
"[1.162, 1.163)",0.026557233894358996,1.163
"[1.163, 1.164)",0.027954712745291467,1.164
"[1.164, 1.165)",0.03630433507076919,1.165
"[1.165, 1.166)",0.03523713387941176,1.166
"[1.166, 1.167)",0.028427947276585385,1.167
"[1.167, 1.168)",0.03198742454541064,1.168
"[1.168, 1.169)",0.03325353048525344,1.169
"[1.169, 1.17)",0.022648548162561587,1.17
"[1.17, 1.171)",0.024922076713972605,1.171
"[1.171, 1.172)",0.040016648557000004,1.172
"[1.172, 1.173)",0.019462488874863397,1.173
"[1.173, 1.174)",0.0272081719005435,1.174
"[1.174, 1.175)",0.032969298635078526,1.175
"[1.175, 1.176)",0.021337379604040405,1.176
"[1.176, 1.177)",0.03194918194771571,1.177
"[1.177, 1.178)",0.036857472427830176,1.178
"[1.178, 1.179)",0.02325884453025641,1.179
"[1.179, 1.18)",0.03684480200398009,1.18
"[1.18, 1.181)",0.03406575920338984,1.181
"[1.181, 1.182)",0.026293924643283565,1.182
"[1.182, 1.183)",0.027845656695789475,1.183
"[1.183, 1.184)",0.0391921714572683,1.184
"[1.184, 1.185)",0.021580074298453607,1.185
"[1.185, 1.186)",0.029403808473499996,1.186
"[1.186, 1.187)",0.04458863252352944,1.187
"[1.187, 1.188)",0.04118819559271742,1.188
"[1.188, 1.189)",0.03079003346243656,1.189
"[1.189, 1.19)",0.027289744631308437,1.19
"[1.19, 1.191)",0.024777624257422675,1.191
"[1.191, 1.192)",0.026103459165945943,1.192
"[1.192, 1.193)",0.030343685523333337,1.193
"[1.193, 1.194)",0.024787762512365596,1.194
"[1.194, 1.195)",0.029546368310047873,1.195
"[1.195, 1.196)",0.022983306571257477,1.196
"[1.196, 1.197)",0.02390102679213483,1.197
"[1.197, 1.198)",0.02773242778011697,1.198
"[1.198, 1.199)",0.030335337677722767,1.199
"[1.199, 1.2)",0.02668235601169725,1.2
"[1.2, 1.201)",0.02427490453891625,1.201
"[1.201, 1.202)",0.035254733843548366,1.202
"[1.202, 1.203)",0.02597679447076923,1.203
"[1.203, 1.204)",0.026179476687861258,1.204
"[1.204, 1.205)",0.02894739827527473,1.205
"[1.205, 1.206)",0.02873627480018292,1.206
"[1.206, 1.207)",0.03411182769264704,1.207
"[1.207, 1.208)",0.03539471365520832,1.208
"[1.208, 1.209)",0.021241702293989074,1.209
"[1.209, 1.21)",0.03158400509132655,1.21
"[1.21, 1.211)",0.026042568266310177,1.211
"[1.211, 1.212)",0.023303967746448086,1.212
"[1.212, 1.213)",0.034863076955050504,1.213
"[1.213, 1.214)",0.030624605003645847,1.214
"[1.214, 1.215)",0.024988716114,1.215
"[1.215, 1.216)",0.038060203471428584,1.216
"[1.216, 1.217)",0.029171878720202004,1.217
"[1.217, 1.218)",0.032112211763641055,1.218
"[1.218, 1.219)",0.037079029812980766,1.219
"[1.219, 1.22)",0.029438134675355474,1.22
"[1.22, 1.221)",0.030376884776868705,1.221
"[1.221, 1.222)",0.029081187051690837,1.222
"[1.222, 1.223)",0.03227182863883493,1.223
"[1.223, 1.224)",0.023148670099090912,1.224
"[1.224, 1.225)",0.021344032053777773,1.225
"[1.225, 1.226)",0.020345650579211824,1.226
"[1.226, 1.227)",0.031752663727173946,1.227
"[1.227, 1.228)",0.029192406381508357,1.228
"[1.228, 1.229)",0.022647834548128326,1.229
"[1.229, 1.23)",0.02991063739732984,1.23
"[1.23, 1.231)",0.029644713226939894,1.231
"[1.231, 1.232)",0.02984916647979275,1.232
"[1.232, 1.233)",0.028985771739337356,1.233
"[1.233, 1.234)",0.03467687993885713,1.234
"[1.234, 1.235)",0.025180522826256976,1.235
"[1.235, 1.236)",0.040364405349444445,1.236
"[1.236, 1.237)",0.02196491490421053,1.237
"[1.237, 1.238)",0.02352930737287233,1.238
"[1.238, 1.239)",0.0397844759335,1.239
"[1.239, 1.24)",0.02610528225125627,1.24
"[1.24, 1.241)",0.03150188908144511,1.241
"[1.241, 1.242)",0.026191185652092993,1.242
"[1.242, 1.243)",0.025581805080221,1.243
"[1.243, 1.244)",0.02941067335990338,1.244
"[1.244, 1.245)",0.022236966838341973,1.245
"[1.245, 1.246)",0.03045297543551402,1.246
"[1.246, 1.247)",0.027693384820000007,1.247
"[1.247, 1.248)",0.023380305072596173,1.248
"[1.248, 1.249)",0.029002917897224867,1.249
"[1.249, 1.25)",0.018891776579090913,1.25
"[1.25, 1.2510000000000001)",0.03000617668957344,1.251
"[1.2510000000000001, 1.252)",0.027182355412135914,1.252
"[1.252, 1.2530000000000001)",0.027357617315257744,1.253
"[1.2530000000000001, 1.254)",0.029734348499509813,1.254
"[1.254, 1.2550000000000001)",0.03104005895784314,1.255
"[1.2550000000000001, 1.256)",0.024966157205181343,1.256
"[1.256, 1.2570000000000001)",0.034116032343939375,1.257
"[1.2570000000000001, 1.258)",0.034009920945,1.258
"[1.258, 1.2590000000000001)",0.026599715313173084,1.259
"[1.2590000000000001, 1.26)",0.04281459189473685,1.26
"[1.26, 1.2610000000000001)",0.030000119046703293,1.261
"[1.2610000000000001, 1.262)",0.025342731706729855,1.262
"[1.262, 1.2630000000000001)",0.028715015516766466,1.263
"[1.2630000000000001, 1.264)",0.02751562083926702,1.264
"[1.264, 1.2650000000000001)",0.02827156446666666,1.265
"[1.2650000000000001, 1.266)",0.02506487743197971,1.266
"[1.266, 1.2670000000000001)",0.02900721383096446,1.267
"[1.2670000000000001, 1.268)",0.028520774319889503,1.268
"[1.268, 1.2690000000000001)",0.030461404554123717,1.269
"[1.2690000000000001, 1.27)",0.02516535040930234,1.27
"[1.27, 1.2710000000000001)",0.02866827207768042,1.271
"[1.2710000000000001, 1.272)",0.026155936192857145,1.272
"[1.272, 1.2730000000000001)",0.028755261714525134,1.273
"[1.2730000000000001, 1.274)",0.03608776407745098,1.274
"[1.274, 1.2750000000000001)",0.026838710041326524,1.275
"[1.2750000000000001, 1.276)",0.031500715754347826,1.276
"[1.276, 1.2770000000000001)",0.041307607344508675,1.277
"[1.2770000000000001, 1.278)",0.025176441007035175,1.278
"[1.278, 1.2790000000000001)",0.02777449194218391,1.279
"[1.2790000000000001, 1.28)",0.03197275166978024,1.28
"[1.28, 1.281)",0.01920133108932585,1.281
"[1.281, 1.282)",0.026560449133673468,1.282
"[1.282, 1.283)",0.02195363713048779,1.283
"[1.283, 1.284)",0.03414922108426967,1.284
"[1.284, 1.285)",0.033535423591005566,1.285
"[1.285, 1.286)",0.020783494367336675,1.286
"[1.286, 1.287)",0.031698757690256416,1.287
"[1.287, 1.288)",0.026746827679184768,1.288
"[1.288, 1.289)",0.03369898509325155,1.289
"[1.289, 1.29)",0.02849321642732919,1.29
"[1.29, 1.291)",0.033067734531351346,1.291
"[1.291, 1.292)",0.03164504485478724,1.292
"[1.292, 1.293)",0.018921282649999985,1.293
"[1.293, 1.294)",0.027968336987709515,1.294
"[1.294, 1.295)",0.022899201889080466,1.295
"[1.295, 1.296)",0.02453217325474861,1.296
"[1.296, 1.297)",0.02781041334523809,1.297
"[1.297, 1.298)",0.033287302882389944,1.298
"[1.298, 1.299)",0.022645132465517234,1.299
"[1.299, 1.3)",0.033375189330051805,1.3
"[1.3, 1.301)",0.026710199030864197,1.301
"[1.301, 1.302)",0.018670907797752812,1.302
"[1.302, 1.303)",0.021384221098518525,1.303
"[1.303, 1.304)",0.027932637990374324,1.304
"[1.304, 1.305)",0.027169596814666665,1.305
"[1.305, 1.306)",0.024497303745714287,1.306
"[1.306, 1.307)",0.031483061082716056,1.307
"[1.307, 1.308)",0.016059058049645396,1.308
"[1.308, 1.309)",0.029104394932515328,1.309
"[1.309, 1.31)",0.02205756400746268,1.31
"[1.31, 1.311)",0.023875282679838704,1.311
"[1.311, 1.312)",0.029376839595422543,1.312
"[1.312, 1.313)",0.034395169444444436,1.313
"[1.313, 1.314)",0.025356878379166666,1.314
"[1.314, 1.315)",0.02737635156115108,1.315
"[1.315, 1.316)",0.03507680429586205,1.316
"[1.316, 1.317)",0.03743311417866666,1.317
"[1.317, 1.318)",0.03808497488087251,1.318
"[1.318, 1.319)",0.024953383535187976,1.319
"[1.319, 1.32)",0.02944345585192308,1.32
"[1.32, 1.321)",0.026229970271527774,1.321
"[1.321, 1.322)",0.021745515180291972,1.322
"[1.322, 1.323)",0.03981735018560604,1.323
"[1.323, 1.324)",0.02904007688152866,1.324
"[1.324, 1.325)",0.035521306569852945,1.325
"[1.325, 1.326)",0.02360423590393939,1.326
"[1.326, 1.327)",0.025307173857443604,1.327
"[1.327, 1.328)",0.03693451063653845,1.328
"[1.328, 1.329)",0.04240852238026316,1.329
"[1.329, 1.33)",0.037667698540136046,1.33
"[1.33, 1.331)",0.03552987195624999,1.331
"[1.331, 1.332)",0.03588122172630138,1.332
"[1.332, 1.333)",0.018503445757142852,1.333
"[1.333, 1.334)",0.0399085612358209,1.334
"[1.334, 1.335)",0.02812492337636361,1.335
"[1.335, 1.336)",0.021973484050000006,1.336
"[1.336, 1.337)",0.018709946954429537,1.337
"[1.337, 1.338)",0.02892539792525317,1.338
"[1.338, 1.339)",0.026255791845270264,1.339
"[1.339, 1.34)",0.04630040478344371,1.34
"[1.34, 1.341)",0.03139171855000001,1.341
"[1.341, 1.342)",0.032173296072972986,1.342
"[1.342, 1.343)",0.019954353875862064,1.343
"[1.343, 1.344)",0.021885638878531073,1.344
"[1.344, 1.345)",0.026690419075460124,1.345
"[1.345, 1.346)",0.03126007118819874,1.346
"[1.346, 1.347)",0.03894457876127169,1.347
"[1.347, 1.348)",0.03051088105018406,1.348
"[1.348, 1.349)",0.03026248669285715,1.349
"[1.349, 1.35)",0.027269955717714293,1.35
"[1.35, 1.351)",0.0414658985,1.351
"[1.351, 1.352)",0.026906520372189345,1.352
"[1.352, 1.353)",0.026418526854347833,1.353
"[1.353, 1.354)",0.02290219248645833,1.354
"[1.354, 1.355)",0.022938534223255813,1.355
"[1.355, 1.356)",0.02789314569186046,1.356
"[1.356, 1.357)",0.03232486004239631,1.357
"[1.357, 1.358)",0.02577740867719297,1.358
"[1.358, 1.359)",0.03096652380820512,1.359
"[1.359, 1.36)",0.03162771643418268,1.36
"[1.36, 1.361)",0.032003205150261775,1.361
"[1.361, 1.362)",0.03045592411374406,1.362
"[1.362, 1.363)",0.023346359901149426,1.363
"[1.363, 1.364)",0.03653435439999999,1.364
"[1.364, 1.365)",0.02981856941512195,1.365
"[1.365, 1.366)",0.0235484363521,1.366
"[1.366, 1.367)",0.027341186004326928,1.367
"[1.367, 1.368)",0.0316866236,1.368
"[1.368, 1.369)",0.04206771896470587,1.369
"[1.369, 1.37)",0.029308954423809524,1.37
"[1.37, 1.371)",0.03015953482105262,1.371
"[1.371, 1.372)",0.03189562581167513,1.372
"[1.372, 1.373)",0.026310710054245273,1.373
"[1.373, 1.374)",0.02643694688422884,1.374
"[1.374, 1.375)",0.0263921373485294,1.375
"[1.375, 1.3760000000000001)",0.02613121001803279,1.376
"[1.3760000000000001, 1.377)",0.026048504951980193,1.377
"[1.377, 1.3780000000000001)",0.04280917818750001,1.378
"[1.3780000000000001, 1.379)",0.02807256787759562,1.379
"[1.379, 1.3800000000000001)",0.030054556760115616,1.38
"[1.3800000000000001, 1.381)",0.024647332391747587,1.381
"[1.381, 1.3820000000000001)",0.030600360119473684,1.382
"[1.3820000000000001, 1.383)",0.029184479112,1.383
"[1.383, 1.3840000000000001)",0.025319922793033713,1.384
"[1.3840000000000001, 1.385)",0.022497898009090907,1.385
"[1.385, 1.3860000000000001)",0.025521023570108686,1.386
"[1.3860000000000001, 1.387)",0.023244064262871286,1.387
"[1.387, 1.3880000000000001)",0.03256519955422458,1.388
"[1.3880000000000001, 1.389)",0.029934133043814412,1.389
"[1.389, 1.3900000000000001)",0.024666894244736826,1.39
"[1.3900000000000001, 1.391)",0.040311171913772446,1.391
"[1.391, 1.3920000000000001)",0.03920408237219251,1.392
"[1.3920000000000001, 1.393)",0.024867855355978265,1.393
"[1.393, 1.3940000000000001)",0.028817877583783798,1.394
"[1.3940000000000001, 1.395)",0.020975135536206904,1.395
"[1.395, 1.3960000000000001)",0.023433674397368404,1.396
"[1.3960000000000001, 1.397)",0.03314597301657752,1.397
"[1.397, 1.3980000000000001)",0.021636778139896368,1.398
"[1.3980000000000001, 1.399)",0.02682428748833332,1.399
"[1.399, 1.4000000000000001)",0.030772736428070158,1.4
"[1.4000000000000001, 1.401)",0.029915873517894723,1.401
"[1.401, 1.4020000000000001)",0.04402656660236688,1.402
"[1.4020000000000001, 1.403)",0.02211467071144278,1.403
"[1.403, 1.4040000000000001)",0.023636489102617803,1.404
"[1.4040000000000001, 1.405)",0.022640575610949724,1.405
"[1.405, 1.4060000000000001)",0.03182301528019801,1.406
"[1.4060000000000001, 1.407)",0.040880590597549046,1.407
"[1.407, 1.408)",0.0346971672134503,1.408
"[1.408, 1.409)",0.026594618172881338,1.409
"[1.409, 1.41)",0.03469224136121212,1.41
"[1.41, 1.411)",0.023755537564166675,1.411
"[1.411, 1.412)",0.04098943420833332,1.412
"[1.412, 1.413)",0.039726530518478256,1.413
"[1.413, 1.414)",0.025945668769948207,1.414
"[1.414, 1.415)",0.0381685670366864,1.415
"[1.415, 1.416)",0.02864892954634147,1.416
"[1.416, 1.417)",0.03423413961761007,1.417
"[1.417, 1.418)",0.030802580146341466,1.418
"[1.418, 1.419)",0.030644899163229048,1.419
"[1.419, 1.42)",0.026550179194791673,1.42
"[1.42, 1.421)",0.02182098839074325,1.421
"[1.421, 1.422)",0.02798841229093138,1.422
"[1.422, 1.423)",0.03140599087846153,1.423
"[1.423, 1.424)",0.015060699115172427,1.424
"[1.424, 1.425)",0.04328200630108695,1.425
"[1.425, 1.426)",0.03384226796772151,1.426
"[1.426, 1.427)",0.022506069128795814,1.427
"[1.427, 1.428)",0.05176442781301774,1.428
"[1.428, 1.429)",0.032138491976923096,1.429
"[1.429, 1.43)",0.024600357528764064,1.43
"[1.43, 1.431)",0.022532131254088046,1.431
"[1.431, 1.432)",0.04303296020197368,1.432
"[1.432, 1.433)",0.037850350605263136,1.433
"[1.433, 1.434)",0.023005433578823543,1.434
"[1.434, 1.435)",0.026204357669753094,1.435
"[1.435, 1.436)",0.02500177234302324,1.436
"[1.436, 1.437)",0.050194183667532456,1.437
"[1.437, 1.438)",0.03362597331646342,1.438
"[1.438, 1.439)",0.02652845675842697,1.439
"[1.439, 1.44)",0.02139134788826816,1.44
"[1.44, 1.441)",0.04059664982484473,1.441
"[1.441, 1.442)",0.025793187959872607,1.442
"[1.442, 1.443)",0.030632234492705884,1.443
"[1.443, 1.444)",0.029607633969714286,1.444
"[1.444, 1.445)",0.021002754788235295,1.445
"[1.445, 1.446)",0.03991427138142858,1.446
"[1.446, 1.447)",0.023723908258883254,1.447
"[1.447, 1.448)",0.04664938074825581,1.448
"[1.448, 1.449)",0.03352880155397728,1.449
"[1.449, 1.45)",0.034888988253179196,1.45
"[1.45, 1.451)",0.023850376902439033,1.451
"[1.451, 1.452)",0.02664915351204819,1.452
"[1.452, 1.453)",0.0275016769544872,1.453
"[1.453, 1.454)",0.0304741265404762,1.454
"[1.454, 1.455)",0.031580986166666665,1.455
"[1.455, 1.456)",0.025559416075000004,1.456
"[1.456, 1.457)",0.0232993793537415,1.457
"[1.457, 1.458)",0.029004353317088623,1.458
"[1.458, 1.459)",0.026677047558219185,1.459
"[1.459, 1.46)",0.024406549825850356,1.46
"[1.46, 1.461)",0.023510886300775188,1.461
"[1.461, 1.462)",0.02335059814197532,1.462
"[1.462, 1.463)",0.03481437054387096,1.463
"[1.463, 1.464)",0.027208160513178307,1.464
"[1.464, 1.465)",0.03220639834366197,1.465
"[1.465, 1.466)",0.031063433030534354,1.466
"[1.466, 1.467)",0.036550639820567374,1.467
"[1.467, 1.468)",0.0321213110447761,1.468
"[1.468, 1.469)",0.018101055441507953,1.469
"[1.469, 1.47)",0.019388932646610176,1.47
"[1.47, 1.471)",0.02517835060479452,1.471
"[1.471, 1.472)",0.02311902830616883,1.472
"[1.472, 1.473)",0.03043090119032257,1.473
"[1.473, 1.474)",0.021276518158904117,1.474
"[1.474, 1.475)",0.04945809088321166,1.475
"[1.475, 1.476)",0.035805848775187984,1.476
"[1.476, 1.477)",0.032691532805426374,1.477
"[1.477, 1.478)",0.034116461260869556,1.478
"[1.478, 1.479)",0.029681239350746274,1.479
"[1.479, 1.48)",0.04077160179266665,1.48
"[1.48, 1.481)",0.030584584483823528,1.481
"[1.481, 1.482)",0.028034635908391614,1.482
"[1.482, 1.483)",0.018369347135524478,1.483
"[1.483, 1.484)",0.025619266806504053,1.484
"[1.484, 1.485)",0.04492225229485293,1.485
"[1.485, 1.486)",0.03584144641532257,1.486
"[1.486, 1.487)",0.030342898319565208,1.487
"[1.487, 1.488)",0.019200882796402877,1.488
"[1.488, 1.489)",0.03729825040787401,1.489
"[1.489, 1.49)",0.023741383768275875,1.49
"[1.49, 1.491)",0.03588666150833334,1.491
"[1.491, 1.492)",0.03036626240925926,1.492
"[1.492, 1.493)",0.03326958588897637,1.493
"[1.493, 1.494)",0.030753639445255464,1.494
"[1.494, 1.495)",0.03603714608633094,1.495
"[1.495, 1.496)",0.023504220323880602,1.496
"[1.496, 1.497)",0.03837993198321166,1.497
"[1.497, 1.498)",0.030087655739333315,1.498
"[1.498, 1.499)",0.02364794871545455,1.499
"[1.499, 1.5)",0.033924783510344815,1.5
"[1.5, 1.5010000000000001)",0.0355014176884058,1.501
"[1.5010000000000001, 1.502)",0.035679473666423364,1.502
"[1.502, 1.5030000000000001)",0.018646625410958913,1.503
"[1.5030000000000001, 1.504)",0.038418270970261445,1.504
"[1.504, 1.5050000000000001)",0.03261895172068965,1.505
"[1.5050000000000001, 1.506)",0.0246053339562914,1.506
"[1.506, 1.5070000000000001)",0.020742713078914735,1.507
"[1.5070000000000001, 1.508)",0.03032281832846715,1.508
"[1.508, 1.5090000000000001)",0.025155719436641227,1.509
"[1.5090000000000001, 1.51)",0.019629629900624997,1.51
"[1.51, 1.5110000000000001)",0.022531013302877698,1.511
"[1.5110000000000001, 1.512)",0.031818828507801426,1.512
"[1.512, 1.5130000000000001)",0.029589178553846168,1.513
"[1.5130000000000001, 1.514)",0.02793499391830065,1.514
"[1.514, 1.5150000000000001)",0.03602244818248174,1.515
"[1.5150000000000001, 1.516)",0.027738779347445258,1.516
"[1.516, 1.5170000000000001)",0.03267059790551182,1.517
"[1.5170000000000001, 1.518)",0.0316612280725926,1.518
"[1.518, 1.5190000000000001)",0.019837471126315776,1.519
"[1.5190000000000001, 1.52)",0.028820964850375937,1.52
"[1.52, 1.5210000000000001)",0.022163453031746022,1.521
"[1.5210000000000001, 1.522)",0.039655502803472194,1.522
"[1.522, 1.5230000000000001)",0.029916400656934305,1.523
"[1.5230000000000001, 1.524)",0.04826021309384614,1.524
"[1.524, 1.5250000000000001)",0.017148161243999996,1.525
"[1.5250000000000001, 1.526)",0.02724982759850747,1.526
"[1.526, 1.5270000000000001)",0.02556052191242648,1.527
"[1.5270000000000001, 1.528)",0.03186949000789473,1.528
"[1.528, 1.5290000000000001)",0.023729260105882357,1.529
"[1.5290000000000001, 1.53)",0.046764716787929,1.53
"[1.53, 1.5310000000000001)",0.023446113197538476,1.531
"[1.5310000000000001, 1.532)",0.02600325291438357,1.532
"[1.532, 1.5330000000000001)",0.03968183107189542,1.533
"[1.5330000000000001, 1.534)",0.027916900134146345,1.534
"[1.534, 1.5350000000000001)",0.020317323018848178,1.535
"[1.5350000000000001, 1.536)",0.04092646887966102,1.536
"[1.536, 1.537)",0.026040587439610394,1.537
"[1.537, 1.538)",0.0236667709935065,1.538
"[1.538, 1.539)",0.025877948759865783,1.539
"[1.539, 1.54)",0.021274117085401473,1.54
"[1.54, 1.541)",0.01991144987176471,1.541
"[1.541, 1.542)",0.027637120669112423,1.542
"[1.542, 1.543)",0.027523475778313256,1.543
"[1.543, 1.544)",0.03392776398156027,1.544
"[1.544, 1.545)",0.037713297803592796,1.545
"[1.545, 1.546)",0.019434283170921985,1.546
"[1.546, 1.547)",0.02973156911874999,1.547
"[1.547, 1.548)",0.019389651253012057,1.548
"[1.548, 1.549)",0.02285552429935064,1.549
"[1.549, 1.55)",0.02332983692624115,1.55
"[1.55, 1.551)",0.01657553774360761,1.551
"[1.551, 1.552)",0.03830159997219353,1.552
"[1.552, 1.553)",0.035075947860563374,1.553
"[1.553, 1.554)",0.026975124440845058,1.554
"[1.554, 1.555)",0.02568490099164179,1.555
"[1.555, 1.556)",0.032303000286623376,1.556
"[1.556, 1.557)",0.03136295026811595,1.557
"[1.557, 1.558)",0.02819534799189189,1.558
"[1.558, 1.559)",0.02941826262857141,1.559
"[1.559, 1.56)",0.027958697510483868,1.56
"[1.56, 1.561)",0.018733127760937506,1.561
"[1.561, 1.562)",0.026637729792753626,1.562
"[1.562, 1.563)",0.022736523338091594,1.563
"[1.563, 1.564)",0.02365675163940297,1.564
"[1.564, 1.565)",0.03523491414925374,1.565
"[1.565, 1.566)",0.029268127365671658,1.566
"[1.566, 1.567)",0.03016748780566878,1.567
"[1.567, 1.568)",0.03216352843619353,1.568
"[1.568, 1.569)",0.0284896322672388,1.569
"[1.569, 1.57)",0.03533598498091602,1.57
"[1.57, 1.571)",0.03834239751194029,1.571
"[1.571, 1.572)",0.040936616732824394,1.572
"[1.572, 1.573)",0.04157907193493153,1.573
"[1.573, 1.574)",0.025251034666666672,1.574
"[1.574, 1.575)",0.041345100015702484,1.575
"[1.575, 1.576)",0.029631019548936176,1.576
"[1.576, 1.577)",0.024424894772857145,1.577
"[1.577, 1.578)",0.027067063997266185,1.578
"[1.578, 1.579)",0.04005615233783783,1.579
"[1.579, 1.58)",0.035217273920261444,1.58
"[1.58, 1.581)",0.02686142941267606,1.581
"[1.581, 1.582)",0.030231831696551727,1.582
"[1.582, 1.583)",0.03587213800901638,1.583
"[1.583, 1.584)",0.02338720713464567,1.584
"[1.584, 1.585)",0.026289592369172936,1.585
"[1.585, 1.586)",0.02710551723982301,1.586
"[1.586, 1.587)",0.03948249304621213,1.587
"[1.587, 1.588)",0.029887184829464297,1.588
"[1.588, 1.589)",0.030654174269343054,1.589
"[1.589, 1.59)",0.022802877947346947,1.59
"[1.59, 1.591)",0.028960008046906488,1.591
"[1.591, 1.592)",0.03701039108686132,1.592
"[1.592, 1.593)",0.031509593275555546,1.593
"[1.593, 1.594)",0.017343327969705884,1.594
"[1.594, 1.595)",0.014183877734883724,1.595
"[1.595, 1.596)",0.037010771592647033,1.596
"[1.596, 1.597)",0.02106552319756098,1.597
"[1.597, 1.598)",0.03537199205785125,1.598
"[1.598, 1.599)",0.03546723573047619,1.599
"[1.599, 1.6)",0.022539675055813967,1.6
"[1.6, 1.601)",0.03326604504958677,1.601
"[1.601, 1.602)",0.028896785395959586,1.602
"[1.602, 1.603)",0.026230345938931303,1.603
"[1.603, 1.604)",0.020918986981000004,1.604
"[1.604, 1.605)",0.02830493209823009,1.605
"[1.605, 1.606)",0.03776922373214286,1.606
"[1.606, 1.607)",0.022127078896875006,1.607
"[1.607, 1.608)",0.026119510350746254,1.608
"[1.608, 1.609)",0.021352042336974793,1.609
"[1.609, 1.61)",0.04109348736974786,1.61
"[1.61, 1.611)",0.03662067236258992,1.611
"[1.611, 1.612)",0.029541955323809523,1.612
"[1.612, 1.613)",0.0385949095562963,1.613
"[1.613, 1.614)",0.028121092348888883,1.614
"[1.614, 1.615)",0.026558849295726505,1.615
"[1.615, 1.616)",0.02578335896335877,1.616
"[1.616, 1.617)",0.03252362010999999,1.617
"[1.617, 1.618)",0.03762453834007751,1.618
"[1.618, 1.619)",0.03953498137716535,1.619
"[1.619, 1.62)",0.02351658982758622,1.62
"[1.62, 1.621)",0.024582050139090917,1.621
"[1.621, 1.622)",0.0164117697124031,1.622
"[1.622, 1.623)",0.021878234468253956,1.623
"[1.623, 1.624)",0.04726899083439998,1.624
"[1.624, 1.625)",0.03483867057985077,1.625
"[1.625, 1.6260000000000001)",0.022904378229661015,1.626
"[1.6260000000000001, 1.627)",0.02309335949193549,1.627
"[1.627, 1.6280000000000001)",0.028252134943999998,1.628
"[1.6280000000000001, 1.629)",0.029454050697142867,1.629
"[1.629, 1.6300000000000001)",0.0314489957259542,1.63
"[1.6300000000000001, 1.631)",0.029485504659200003,1.631
"[1.631, 1.6320000000000001)",0.022743174119658142,1.632
"[1.6320000000000001, 1.633)",0.02554762792253522,1.633
"[1.633, 1.6340000000000001)",0.033225605421562505,1.634
"[1.6340000000000001, 1.635)",0.030601932851449277,1.635
"[1.635, 1.6360000000000001)",0.022647488872307702,1.636
"[1.6360000000000001, 1.637)",0.037331612015447144,1.637
"[1.637, 1.6380000000000001)",0.024460982819180327,1.638
"[1.6380000000000001, 1.639)",0.03185128003401361,1.639
"[1.639, 1.6400000000000001)",0.028925293454545455,1.64
"[1.6400000000000001, 1.641)",0.03654368167737227,1.641
"[1.641, 1.6420000000000001)",0.02520919633579365,1.642
"[1.6420000000000001, 1.643)",0.023976584467187496,1.643
"[1.643, 1.6440000000000001)",0.031035695078947368,1.644
"[1.6440000000000001, 1.645)",0.02864773185453125,1.645
"[1.645, 1.6460000000000001)",0.03201247505633804,1.646
"[1.6460000000000001, 1.647)",0.016901201812307694,1.647
"[1.647, 1.6480000000000001)",0.02280324396946565,1.648
"[1.6480000000000001, 1.649)",0.023392280140625006,1.649
"[1.649, 1.6500000000000001)",0.05883467752377048,1.65
"[1.6500000000000001, 1.651)",0.036364439473177586,1.651
"[1.651, 1.6520000000000001)",0.028438683107352956,1.652
"[1.6520000000000001, 1.653)",0.032163628546874996,1.653
"[1.653, 1.6540000000000001)",0.03034248877769231,1.654
"[1.6540000000000001, 1.655)",0.022888282486896543,1.655
"[1.655, 1.6560000000000001)",0.03984494471722223,1.656
"[1.6560000000000001, 1.657)",0.037633199705035994,1.657
"[1.657, 1.6580000000000001)",0.03450129900170542,1.658
"[1.6580000000000001, 1.659)",0.03004591456846155,1.659
"[1.659, 1.6600000000000001)",0.031125156196581204,1.66
"[1.6600000000000001, 1.661)",0.031049525347651007,1.661
"[1.661, 1.6620000000000001)",0.02267915059270834,1.662
"[1.6620000000000001, 1.663)",0.041629880192248045,1.663
"[1.663, 1.6640000000000001)",0.020106265826821706,1.664
"[1.6640000000000001, 1.665)",0.021481283604918033,1.665
"[1.665, 1.666)",0.03705712800967744,1.666
"[1.666, 1.667)",0.013772790389831932,1.667
"[1.667, 1.668)",0.01651724028333334,1.668
"[1.668, 1.669)",0.023868307124409446,1.669
"[1.669, 1.67)",0.03139310555468751,1.67
"[1.67, 1.671)",0.020917810871304343,1.671
"[1.671, 1.672)",0.02607855684848485,1.672
"[1.672, 1.673)",0.030753808118253966,1.673
"[1.673, 1.674)",0.019261494651239677,1.674
"[1.674, 1.675)",0.025240457327731093,1.675
"[1.675, 1.676)",0.04314434905041326,1.676
"[1.676, 1.677)",0.03361067753533834,1.677
"[1.677, 1.678)",0.02604738606115108,1.678
"[1.678, 1.679)",0.03166655093486238,1.679
"[1.679, 1.68)",0.02674177465079365,1.68
"[1.68, 1.681)",0.04851026672477877,1.681
"[1.681, 1.682)",0.04704389395434782,1.682
"[1.682, 1.683)",0.040038624313157925,1.683
"[1.683, 1.684)",0.02645422418091604,1.684
"[1.684, 1.685)",0.04262736058260869,1.685
"[1.685, 1.686)",0.031947551317460327,1.686
"[1.686, 1.687)",0.030908588067521385,1.687
"[1.687, 1.688)",0.027557242015999992,1.688
"[1.688, 1.689)",0.028844413193893133,1.689
"[1.689, 1.69)",0.029321724279666665,1.69
"[1.69, 1.691)",0.026904125757462694,1.691
"[1.691, 1.692)",0.026907665007246374,1.692
"[1.692, 1.693)",0.02633070028057554,1.693
"[1.693, 1.694)",0.025183866302000018,1.694
"[1.694, 1.695)",0.018371976491379314,1.695
"[1.695, 1.696)",0.034838760230769254,1.696
"[1.696, 1.697)",0.029733149676153852,1.697
"[1.697, 1.698)",0.03109215770676691,1.698
"[1.698, 1.699)",0.03952176648613138,1.699
"[1.699, 1.7)",0.029844713191044765,1.7
"[1.7, 1.701)",0.028485097638205135,1.701
"[1.701, 1.702)",0.027438551878846165,1.702
"[1.702, 1.703)",0.039490702533834576,1.703
"[1.703, 1.704)",0.03818949367391302,1.704
"[1.704, 1.705)",0.04708193167382551,1.705
"[1.705, 1.706)",0.024701406520279707,1.706
"[1.706, 1.707)",0.03425040338160838,1.707
"[1.707, 1.708)",0.01762334463624161,1.708
"[1.708, 1.709)",0.0240594245753521,1.709
"[1.709, 1.71)",0.037795907324999996,1.71
"[1.71, 1.711)",0.04147649166367742,1.711
"[1.711, 1.712)",0.031895091432846724,1.712
"[1.712, 1.713)",0.026496423781560283,1.713
"[1.713, 1.714)",0.03145634193708029,1.714
"[1.714, 1.715)",0.024543118824460426,1.715
"[1.715, 1.716)",0.03891182535916667,1.716
"[1.716, 1.717)",0.02168578718367347,1.717
"[1.717, 1.718)",0.033368879223999996,1.718
"[1.718, 1.719)",0.026419397962878788,1.719
"[1.719, 1.72)",0.030134519893233094,1.72
"[1.72, 1.721)",0.034491614762867634,1.721
"[1.721, 1.722)",0.020393709588709685,1.722
"[1.722, 1.723)",0.044700579471311445,1.723
"[1.723, 1.724)",0.03172509802678571,1.724
"[1.724, 1.725)",0.022380908277981656,1.725
"[1.725, 1.726)",0.03292533838639999,1.726
"[1.726, 1.727)",0.020571553902479344,1.727
"[1.727, 1.728)",0.04189957401673754,1.728
"[1.728, 1.729)",0.033532354355769234,1.729
"[1.729, 1.73)",0.03433452775887098,1.73
"[1.73, 1.731)",0.03100306919596775,1.731
"[1.731, 1.732)",0.03561761211190476,1.732
"[1.732, 1.733)",0.029559869270588242,1.733
"[1.733, 1.734)",0.025349732844660192,1.734
"[1.734, 1.735)",0.028972409964285715,1.735
"[1.735, 1.736)",0.027051186684615383,1.736
"[1.736, 1.737)",0.03490246685,1.737
"[1.737, 1.738)",0.043335688553278726,1.738
"[1.738, 1.739)",0.025147829866666666,1.739
"[1.739, 1.74)",0.0379369886940171,1.74
"[1.74, 1.741)",0.0324633106745283,1.741
"[1.741, 1.742)",0.03248618209922481,1.742
"[1.742, 1.743)",0.02193119832434784,1.743
"[1.743, 1.744)",0.03216464654807692,1.744
"[1.744, 1.745)",0.023498894110380947,1.745
"[1.745, 1.746)",0.034692601126363645,1.746
"[1.746, 1.747)",0.022730049482680415,1.747
"[1.747, 1.748)",0.027570947017187496,1.748
"[1.748, 1.749)",0.027172786938596493,1.749
"[1.749, 1.75)",0.02464429475118109,1.75
"[1.75, 1.7510000000000001)",0.035664206017525776,1.751
"[1.7510000000000001, 1.752)",0.0324551385,1.752
"[1.752, 1.7530000000000001)",0.022936766327272737,1.753
"[1.7530000000000001, 1.754)",0.030692778756435637,1.754
"[1.754, 1.7550000000000001)",0.026180354901834853,1.755
"[1.7550000000000001, 1.756)",0.0222849074607143,1.756
"[1.756, 1.7570000000000001)",0.03509770719803922,1.757
"[1.7570000000000001, 1.758)",0.026189106598809523,1.758
"[1.758, 1.7590000000000001)",0.038897456827957,1.759
"[1.7590000000000001, 1.76)",0.033948951843243244,1.76
"[1.76, 1.7610000000000001)",0.023874777627500014,1.761
"[1.7610000000000001, 1.762)",0.017123529948148156,1.762
"[1.762, 1.7630000000000001)",0.04078903991891892,1.763
"[1.7630000000000001, 1.764)",0.03123737460000001,1.764
"[1.764, 1.7650000000000001)",0.022463327591176467,1.765
"[1.7650000000000001, 1.766)",0.021888562509523823,1.766
"[1.766, 1.7670000000000001)",0.03497828700733946,1.767
"[1.7670000000000001, 1.768)",0.028281339022988506,1.768
"[1.768, 1.7690000000000001)",0.030073669370000014,1.769
"[1.7690000000000001, 1.77)",0.039197293380314954,1.77
"[1.77, 1.7710000000000001)",0.024445177287254906,1.771
"[1.7710000000000001, 1.772)",0.027079744491666682,1.772
"[1.772, 1.7730000000000001)",0.02235043410609756,1.773
"[1.7730000000000001, 1.774)",0.029154690381862747,1.774
"[1.774, 1.7750000000000001)",0.016479325604347828,1.775
"[1.7750000000000001, 1.776)",0.03681273903191489,1.776
"[1.776, 1.7770000000000001)",0.034130328550000005,1.777
"[1.7770000000000001, 1.778)",0.015566776359223301,1.778
"[1.778, 1.7790000000000001)",0.033902652007767,1.779
"[1.7790000000000001, 1.78)",0.03567148910416667,1.78
"[1.78, 1.7810000000000001)",0.03872578808363639,1.781
"[1.7810000000000001, 1.782)",0.035984281719381464,1.782
"[1.782, 1.7830000000000001)",0.03264764487830188,1.783
"[1.7830000000000001, 1.784)",0.03582870907070707,1.784
"[1.784, 1.7850000000000001)",0.02233722579195403,1.785
"[1.7850000000000001, 1.786)",0.037703397777419344,1.786
"[1.786, 1.7870000000000001)",0.020598097636363645,1.787
"[1.7870000000000001, 1.788)",0.01963232863829788,1.788
"[1.788, 1.7890000000000001)",0.019056916553203893,1.789
"[1.7890000000000001, 1.79)",0.028732567925233654,1.79
"[1.79, 1.7910000000000001)",0.023078063304950498,1.791
"[1.7910000000000001, 1.792)",0.04130498987500002,1.792
"[1.792, 1.793)",0.039195572907692315,1.793
"[1.793, 1.794)",0.030367331695505623,1.794
"[1.794, 1.795)",0.021407720153684213,1.795
"[1.795, 1.796)",0.020059415597938154,1.796
"[1.796, 1.797)",0.019317807528409094,1.797
"[1.797, 1.798)",0.03412814668367348,1.798
"[1.798, 1.799)",0.02995833567777776,1.799
"[1.799, 1.8)",0.033321955377999986,1.8
"[1.8, 1.801)",0.0354920789787879,1.801
"[1.801, 1.802)",0.027099004728155338,1.802
"[1.802, 1.803)",0.031106621256481486,1.803
"[1.803, 1.804)",0.022664285209649127,1.804
"[1.804, 1.805)",0.044320662306306303,1.805
"[1.805, 1.806)",0.038525551048936166,1.806
"[1.806, 1.807)",0.023301085369067817,1.807
"[1.807, 1.808)",0.029917388768041252,1.808
"[1.808, 1.809)",0.0315731684528302,1.809
"[1.809, 1.81)",0.040774346468333354,1.81
"[1.81, 1.811)",0.038333664234444446,1.811
"[1.811, 1.812)",0.04414896946000001,1.812
"[1.812, 1.813)",0.04527211540196077,1.813
"[1.813, 1.814)",0.05761503222340427,1.814
"[1.814, 1.815)",0.02960400944086023,1.815
"[1.815, 1.816)",0.04023539898411764,1.816
"[1.816, 1.817)",0.022179974565882353,1.817
"[1.817, 1.818)",0.04374918061702127,1.818
"[1.818, 1.819)",0.037042565251190485,1.819
"[1.819, 1.82)",0.038906249913953486,1.82
"[1.82, 1.821)",0.042408614675483874,1.821
"[1.821, 1.822)",0.02795308677083333,1.822
"[1.822, 1.823)",0.036875231017117115,1.823
"[1.823, 1.824)",0.04885574059036145,1.824
"[1.824, 1.825)",0.03499291562766355,1.825
"[1.825, 1.826)",0.02261393760754717,1.826
"[1.826, 1.827)",0.023959422914285718,1.827
"[1.827, 1.828)",0.02091435058720931,1.828
"[1.828, 1.829)",0.021333182261946904,1.829
"[1.829, 1.83)",0.024660359365384625,1.83
"[1.83, 1.831)",0.02859487631427084,1.831
"[1.831, 1.832)",0.0265455050011236,1.832
"[1.832, 1.833)",0.041809244661111106,1.833
"[1.833, 1.834)",0.035701322766990284,1.834
"[1.834, 1.835)",0.028067123359183675,1.835
"[1.835, 1.836)",0.028744601535353527,1.836
"[1.836, 1.837)",0.02386939827256637,1.837
"[1.837, 1.838)",0.019838046295238103,1.838
"[1.838, 1.839)",0.0157195649009901,1.839
"[1.839, 1.84)",0.03312916148690475,1.84
"[1.84, 1.841)",0.04004195803614457,1.841
"[1.841, 1.842)",0.024899020720909087,1.842
"[1.842, 1.843)",0.013798602408602149,1.843
"[1.843, 1.844)",0.027615545100873794,1.844
"[1.844, 1.845)",0.021618966306818192,1.845
"[1.845, 1.846)",0.02138493367045455,1.846
"[1.846, 1.847)",0.030971889149557518,1.847
"[1.847, 1.848)",0.021410166873873874,1.848
"[1.848, 1.849)",0.028108826273684218,1.849
"[1.849, 1.85)",0.04968449260379746,1.85
"[1.85, 1.851)",0.05144945761696428,1.851
"[1.851, 1.852)",0.02641456958598132,1.852
"[1.852, 1.853)",0.030600328999999996,1.853
"[1.853, 1.854)",0.03887904553963964,1.854
"[1.854, 1.855)",0.02548944006363637,1.855
"[1.855, 1.856)",0.02973889550961539,1.856
"[1.856, 1.857)",0.02204246582692308,1.857
"[1.857, 1.858)",0.05034311163829786,1.858
"[1.858, 1.859)",0.029436832783505156,1.859
"[1.859, 1.86)",0.03977094411956521,1.86
"[1.86, 1.861)",0.04013150881632655,1.861
"[1.861, 1.862)",0.02256546528105264,1.862
"[1.862, 1.863)",0.02038579682022473,1.863
"[1.863, 1.864)",0.019899876320588237,1.864
"[1.864, 1.865)",0.027602898593203886,1.865
"[1.865, 1.866)",0.022625225115476186,1.866
"[1.866, 1.867)",0.04344599629550563,1.867
"[1.867, 1.868)",0.029807239902127674,1.868
"[1.868, 1.869)",0.03609669231836736,1.869
"[1.869, 1.87)",0.0372577197088889,1.87
"[1.87, 1.871)",0.0288821420936842,1.871
"[1.871, 1.872)",0.029739980147916678,1.872
"[1.872, 1.873)",0.0337199368264151,1.873
"[1.873, 1.874)",0.029835463084210524,1.874
"[1.874, 1.875)",0.03210189092105265,1.875
"[1.875, 1.8760000000000001)",0.025315097581443305,1.876
"[1.8760000000000001, 1.877)",0.02118414153846155,1.877
"[1.877, 1.8780000000000001)",0.04027663289999999,1.878
"[1.8780000000000001, 1.879)",0.0158556890357143,1.879
"[1.879, 1.8800000000000001)",0.02116581994936709,1.88
"[1.8800000000000001, 1.881)",0.030513435684111103,1.881
"[1.881, 1.8820000000000001)",0.02350477100348838,1.882
"[1.8820000000000001, 1.883)",0.026651173153846176,1.883
"[1.883, 1.8840000000000001)",0.020256854304395618,1.884
"[1.8840000000000001, 1.885)",0.028482789844927553,1.885
"[1.885, 1.8860000000000001)",0.037506755967058825,1.886
"[1.8860000000000001, 1.887)",0.03392230786447368,1.887
"[1.887, 1.8880000000000001)",0.029548767347761212,1.888
"[1.8880000000000001, 1.889)",0.037866165972151915,1.889
"[1.889, 1.8900000000000001)",0.05073226254591397,1.89
"[1.8900000000000001, 1.891)",0.05225709684269662,1.891
"[1.891, 1.8920000000000001)",0.030248790574712647,1.892
"[1.8920000000000001, 1.893)",0.0423364952141414,1.893
"[1.893, 1.8940000000000001)",0.022070737151685404,1.894
"[1.8940000000000001, 1.895)",0.025129670474193552,1.895
"[1.895, 1.8960000000000001)",0.02334722737634409,1.896
"[1.8960000000000001, 1.897)",0.03228040680315789,1.897
"[1.897, 1.8980000000000001)",0.033049586092840914,1.898
"[1.8980000000000001, 1.899)",0.022323963966336638,1.899
"[1.899, 1.9000000000000001)",0.017874857491666677,1.9
"[1.9000000000000001, 1.901)",0.02122997610526316,1.901
"[1.901, 1.9020000000000001)",0.036265538481333355,1.902
"[1.9020000000000001, 1.903)",0.031554763219047606,1.903
"[1.903, 1.9040000000000001)",0.026638456523809532,1.904
"[1.9040000000000001, 1.905)",0.027084842345977016,1.905
"[1.905, 1.9060000000000001)",0.034621169469696976,1.906
"[1.9060000000000001, 1.907)",0.04271470313695652,1.907
"[1.907, 1.9080000000000001)",0.027501266912765963,1.908
"[1.9080000000000001, 1.909)",0.03390663754948453,1.909
"[1.909, 1.9100000000000001)",0.04323361062056075,1.91
"[1.9100000000000001, 1.911)",0.032536619533333325,1.911
"[1.911, 1.9120000000000001)",0.0179103518020202,1.912
"[1.9120000000000001, 1.913)",0.0329429071888889,1.913
"[1.913, 1.9140000000000001)",0.0218294826388889,1.914
"[1.9140000000000001, 1.915)",0.01570542433411765,1.915
"[1.915, 1.9160000000000001)",0.03317756526930693,1.916
"[1.9160000000000001, 1.917)",0.023585068552272735,1.917
"[1.917, 1.9180000000000001)",0.028460337517647046,1.918
"[1.9180000000000001, 1.919)",0.03133694156770834,1.919
"[1.919, 1.92)",0.021330025683809522,1.92
"[1.92, 1.921)",0.025200266290000006,1.921
"[1.921, 1.922)",0.024482541213235298,1.922
"[1.922, 1.923)",0.04483789414563106,1.923
"[1.923, 1.924)",0.021486933406451622,1.924
"[1.924, 1.925)",0.04399809113000001,1.925
"[1.925, 1.926)",0.03301691349569892,1.926
"[1.926, 1.927)",0.021789390008510642,1.927
"[1.927, 1.928)",0.036054676503260864,1.928
"[1.928, 1.929)",0.02974262173297872,1.929
"[1.929, 1.93)",0.027569575780000008,1.93
"[1.93, 1.931)",0.029329592546808517,1.931
"[1.931, 1.932)",0.02925630272727272,1.932
"[1.932, 1.933)",0.030044089857575767,1.933
"[1.933, 1.934)",0.01722445928125001,1.934
"[1.934, 1.935)",0.03219441556235295,1.935
"[1.935, 1.936)",0.03566995704081633,1.936
"[1.936, 1.937)",0.02386569639740261,1.937
"[1.937, 1.938)",0.019719252202702715,1.938
"[1.938, 1.939)",0.030466063013157907,1.939
"[1.939, 1.94)",0.02215927670219781,1.94
"[1.94, 1.941)",0.03856454262022471,1.941
"[1.941, 1.942)",0.020650572269841263,1.942
"[1.942, 1.943)",0.02076079340416668,1.943
"[1.943, 1.944)",0.031074145968333328,1.944
"[1.944, 1.945)",0.03131796895074627,1.945
"[1.945, 1.946)",0.03811898025342468,1.946
"[1.946, 1.947)",0.04187880827804881,1.947
"[1.947, 1.948)",0.04604425862051283,1.948
"[1.948, 1.949)",0.023289511207792206,1.949
"[1.949, 1.95)",0.02959831685714285,1.95
"[1.95, 1.951)",0.02723754195652174,1.951
"[1.951, 1.952)",0.03091393991410257,1.952
"[1.952, 1.953)",0.030758034815789485,1.953
"[1.953, 1.954)",0.02663292309130436,1.954
"[1.954, 1.955)",0.028406347323076925,1.955
"[1.955, 1.956)",0.03458113450000001,1.956
"[1.956, 1.957)",0.03032017514347827,1.957
"[1.957, 1.958)",0.023677074683333344,1.958
"[1.958, 1.959)",0.03582232938888889,1.959
"[1.959, 1.96)",0.029139009863636378,1.96
"[1.96, 1.961)",0.021295528632352945,1.961
"[1.961, 1.962)",0.03256323069696971,1.962
"[1.962, 1.963)",0.022683418257142866,1.963
"[1.963, 1.964)",0.020508446715151524,1.964
"[1.964, 1.965)",0.0230221801263158,1.965
"[1.965, 1.966)",0.027168630088888902,1.966
"[1.966, 1.967)",0.04244437906349205,1.967
"[1.967, 1.968)",0.015471404989873419,1.968
"[1.968, 1.969)",0.030807295500000016,1.969
"[1.969, 1.97)",0.03220773295833333,1.97
"[1.97, 1.971)",0.024128496436923073,1.971
"[1.971, 1.972)",0.025506314590563402,1.972
"[1.972, 1.973)",0.04187864686721311,1.973
"[1.973, 1.974)",0.018648140447368428,1.974
"[1.974, 1.975)",0.04808846537878789,1.975
"[1.975, 1.976)",0.025400495954929575,1.976
"[1.976, 1.977)",0.016340845538461535,1.977
"[1.977, 1.978)",0.02702435421694915,1.978
"[1.978, 1.979)",0.02322515641111111,1.979
"[1.979, 1.98)",0.025200389246376808,1.98
"[1.98, 1.981)",0.028808801993103463,1.981
"[1.981, 1.982)",0.046553824869863,1.982
"[1.982, 1.983)",0.0230382213018868,1.983
"[1.983, 1.984)",0.020159092976056347,1.984
"[1.984, 1.985)",0.03550137767213117,1.985
"[1.985, 1.986)",0.014793667,1.986
"[1.986, 1.987)",0.026345389660465113,1.987
"[1.987, 1.988)",0.017052062062222227,1.988
"[1.988, 1.989)",0.024869895350649367,1.989
"[1.989, 1.99)",0.018023901168857145,1.99
"[1.99, 1.991)",0.02827076074305556,1.991
"[1.991, 1.992)",0.014935328128301886,1.992
"[1.992, 1.993)",0.03527429695890411,1.993
"[1.993, 1.994)",0.030657196687500006,1.994
"[1.994, 1.995)",0.042992567521739126,1.995
"[1.995, 1.996)",0.022167339488524593,1.996
"[1.996, 1.997)",0.018566250052631576,1.997
"[1.997, 1.998)",0.028363697958333333,1.998
"[1.998, 1.999)",0.018285136496363635,1.999
"[1.999, 2.0)",0.022000189774647898,2.0
"[2.0, 2.001)",0.03177468205066667,2.001
"[2.001, 2.0020000000000002)",0.020603951044,2.002
"[2.0020000000000002, 2.003)",0.034817503060563394,2.003
"[2.003, 2.004)",0.02876437978253969,2.004
"[2.004, 2.005)",0.02088923063235295,2.005
"[2.005, 2.0060000000000002)",0.022950562555882348,2.006
"[2.0060000000000002, 2.007)",0.02662930000289855,2.007
"[2.007, 2.008)",0.02510810049285714,2.008
"[2.008, 2.009)",0.04830211386724138,2.009
"[2.009, 2.0100000000000002)",0.054480069666666665,2.01
"[2.0100000000000002, 2.011)",0.030908301236000007,2.011
"[2.011, 2.012)",0.023596623897058827,2.012
"[2.012, 2.013)",0.029040553585180717,2.013
"[2.013, 2.0140000000000002)",0.012398718775862069,2.014
"[2.0140000000000002, 2.015)",0.022269937520547952,2.015
"[2.015, 2.016)",0.027927201555555566,2.016
"[2.016, 2.017)",0.037849382865853674,2.017
"[2.017, 2.0180000000000002)",0.034575042192753626,2.018
"[2.0180000000000002, 2.019)",0.050840491895522394,2.019
"[2.019, 2.02)",0.04485512133289474,2.02
"[2.02, 2.021)",0.017127444118333335,2.021
"[2.021, 2.0220000000000002)",0.051760213556626494,2.022
"[2.0220000000000002, 2.023)",0.022526825206349212,2.023
"[2.023, 2.024)",0.022670179485294123,2.024
"[2.024, 2.025)",0.0220398972047619,2.025
"[2.025, 2.0260000000000002)",0.04281869831893333,2.026
"[2.0260000000000002, 2.027)",0.017901292924528307,2.027
"[2.027, 2.028)",0.021811502848484852,2.028
"[2.028, 2.029)",0.04547399833898305,2.029
"[2.029, 2.0300000000000002)",0.02967075507246377,2.03
"[2.0300000000000002, 2.031)",0.020148629452941182,2.031
"[2.031, 2.032)",0.02751167690533333,2.032
"[2.032, 2.033)",0.02209148072262501,2.033
"[2.033, 2.0340000000000003)",0.028064011964285714,2.034
"[2.0340000000000003, 2.035)",0.020866989222222222,2.035
"[2.035, 2.036)",0.01112130606,2.036
"[2.036, 2.037)",0.012995783445783136,2.037
"[2.037, 2.0380000000000003)",0.025519033727419357,2.038
"[2.0380000000000003, 2.039)",0.02424058149047619,2.039
"[2.039, 2.04)",0.028243539971830975,2.04
"[2.04, 2.041)",0.03139569902068965,2.041
"[2.041, 2.0420000000000003)",0.029568266723684213,2.042
"[2.0420000000000003, 2.043)",0.03651024604166666,2.043
"[2.043, 2.044)",0.020758163377777788,2.044
"[2.044, 2.045)",0.03307127017910449,2.045
"[2.045, 2.0460000000000003)",0.04034503034662163,2.046
"[2.0460000000000003, 2.047)",0.03734656212786884,2.047
"[2.047, 2.048)",0.0335084142117647,2.048
"[2.048, 2.049)",0.03397031134615386,2.049
"[2.049, 2.05)",0.040053821178260875,2.05
"[2.05, 2.051)",0.05041013418714285,2.051
"[2.051, 2.052)",0.05952720658666665,2.052
"[2.052, 2.053)",0.036025230287500036,2.053
"[2.053, 2.054)",0.058927433792753614,2.054
"[2.054, 2.055)",0.021610553989062507,2.055
"[2.055, 2.056)",0.01875694738888889,2.056
"[2.056, 2.057)",0.01740841107282609,2.057
"[2.057, 2.058)",0.016508047057142858,2.058
"[2.058, 2.059)",0.030586685486486506,2.059
"[2.059, 2.06)",0.02577983863076924,2.06
"[2.06, 2.061)",0.038771173824637684,2.061
"[2.061, 2.062)",0.027780912628915674,2.062
"[2.062, 2.063)",0.045828926250000006,2.063
"[2.063, 2.064)",0.04680699963768116,2.064
"[2.064, 2.065)",0.045103709062686556,2.065
"[2.065, 2.066)",0.02186974455323529,2.066
"[2.066, 2.067)",0.021042249492753632,2.067
"[2.067, 2.068)",0.02482499610632912,2.068
"[2.068, 2.069)",0.020944346769230782,2.069
"[2.069, 2.07)",0.02049630728787879,2.07
"[2.07, 2.071)",0.024232222733333333,2.071
"[2.071, 2.072)",0.028575719950666666,2.072
"[2.072, 2.073)",0.026228660035087708,2.073
"[2.073, 2.074)",0.03479510782307693,2.074
"[2.074, 2.075)",0.05719818918279412,2.075
"[2.075, 2.076)",0.024417736810447767,2.076
"[2.076, 2.077)",0.037551625158823536,2.077
"[2.077, 2.078)",0.04468699356363637,2.078
"[2.078, 2.079)",0.02802325007462687,2.079
"[2.079, 2.08)",0.02692232365753425,2.08
"[2.08, 2.081)",0.024827329388059705,2.081
"[2.081, 2.082)",0.028652921617647063,2.082
"[2.082, 2.083)",0.042770476305769245,2.083
"[2.083, 2.084)",0.029843096260000007,2.084
"[2.084, 2.085)",0.025466836082191784,2.085
"[2.085, 2.086)",0.03171360508813559,2.086
"[2.086, 2.087)",0.04453493175,2.087
"[2.087, 2.088)",0.03494049645762714,2.088
"[2.088, 2.089)",0.03516007828070176,2.089
"[2.089, 2.09)",0.021320281683928577,2.09
"[2.09, 2.091)",0.04873094758524592,2.091
"[2.091, 2.092)",0.0376854607368421,2.092
"[2.092, 2.093)",0.02831386086607143,2.093
"[2.093, 2.094)",0.037902631211290304,2.094
"[2.094, 2.095)",0.04823393587111111,2.095
"[2.095, 2.096)",0.02750847498596491,2.096
"[2.096, 2.097)",0.011438249032786884,2.097
"[2.097, 2.098)",0.018789723848611113,2.098
"[2.098, 2.099)",0.020168730040740733,2.099
"[2.099, 2.1)",0.03607150109019609,2.1
"[2.1, 2.101)",0.026841561394642867,2.101
"[2.101, 2.102)",0.042947539300000004,2.102
"[2.102, 2.103)",0.028158525253731363,2.103
"[2.103, 2.104)",0.02030912068196722,2.104
"[2.104, 2.105)",0.023830967252000002,2.105
"[2.105, 2.106)",0.046682066337499994,2.106
"[2.106, 2.107)",0.026271020907407405,2.107
"[2.107, 2.108)",0.052112652862500004,2.108
"[2.108, 2.109)",0.018819297929032263,2.109
"[2.109, 2.11)",0.03220688267307693,2.11
"[2.11, 2.111)",0.03152887452711865,2.111
"[2.111, 2.112)",0.03592417852941175,2.112
"[2.112, 2.113)",0.021112773674074076,2.113
"[2.113, 2.114)",0.029715763949090913,2.114
"[2.114, 2.115)",0.02460478383859649,2.115
"[2.115, 2.116)",0.031051130482142864,2.116
"[2.116, 2.117)",0.027510578015384615,2.117
"[2.117, 2.118)",0.02761187440983607,2.118
"[2.118, 2.119)",0.034081912155555553,2.119
"[2.119, 2.12)",0.04277096378947368,2.12
"[2.12, 2.121)",0.03596017629824562,2.121
"[2.121, 2.122)",0.04016616205769231,2.122
"[2.122, 2.123)",0.0244982586035484,2.123
"[2.123, 2.124)",0.01984790270545454,2.124
"[2.124, 2.125)",0.023441224473684213,2.125
"[2.125, 2.126)",0.03287327980816327,2.126
"[2.126, 2.1270000000000002)",0.040055477267307696,2.127
"[2.1270000000000002, 2.128)",0.02425434349180328,2.128
"[2.128, 2.129)",0.02995931866666667,2.129
"[2.129, 2.13)",0.023169678054054045,2.13
"[2.13, 2.1310000000000002)",0.021809809578571433,2.131
"[2.1310000000000002, 2.132)",0.02147808402173913,2.132
"[2.132, 2.133)",0.016882856033898302,2.133
"[2.133, 2.134)",0.03611701640425532,2.134
"[2.134, 2.1350000000000002)",0.034195597086956527,2.135
"[2.1350000000000002, 2.136)",0.016108610703508764,2.136
"[2.136, 2.137)",0.03478881610416667,2.137
"[2.137, 2.138)",0.043739707928571445,2.138
"[2.138, 2.1390000000000002)",0.02095779920851064,2.139
"[2.1390000000000002, 2.14)",0.02541130153508771,2.14
"[2.14, 2.141)",0.03570922314222224,2.141
"[2.141, 2.142)",0.03644221802173914,2.142
"[2.142, 2.1430000000000002)",0.03957712823421053,2.143
"[2.1430000000000002, 2.144)",0.02012354421960784,2.144
"[2.144, 2.145)",0.01354634217391304,2.145
"[2.145, 2.146)",0.024941030152173905,2.146
"[2.146, 2.1470000000000002)",0.03980094381081081,2.147
"[2.1470000000000002, 2.148)",0.0322556928064516,2.148
"[2.148, 2.149)",0.021516567857499995,2.149
"[2.149, 2.15)",0.02306139019999999,2.15
"[2.15, 2.1510000000000002)",0.026712722733333333,2.151
"[2.1510000000000002, 2.152)",0.07725358528181821,2.152
"[2.152, 2.153)",0.02180239053673913,2.153
"[2.153, 2.154)",0.0392945898139535,2.154
"[2.154, 2.1550000000000002)",0.014772782000000005,2.155
"[2.1550000000000002, 2.156)",0.02222167713620689,2.156
"[2.156, 2.157)",0.02998894768200001,2.157
"[2.157, 2.158)",0.04173303664199999,2.158
"[2.158, 2.1590000000000003)",0.035985520433962255,2.159
"[2.1590000000000003, 2.16)",0.015935557947368423,2.16
"[2.16, 2.161)",0.02652974046938777,2.161
"[2.161, 2.162)",0.042441705105263156,2.162
"[2.162, 2.1630000000000003)",0.030594288090909093,2.163
"[2.1630000000000003, 2.164)",0.023193575156666667,2.164
"[2.164, 2.165)",0.031876961075,2.165
"[2.165, 2.166)",0.027359458313461545,2.166
"[2.166, 2.1670000000000003)",0.018006989898148144,2.167
"[2.1670000000000003, 2.168)",0.02925401727090909,2.168
"[2.168, 2.169)",0.05405308588666668,2.169
"[2.169, 2.17)",0.02865889761454546,2.17
"[2.17, 2.1710000000000003)",0.020916984365384618,2.171
"[2.1710000000000003, 2.172)",0.029103736073170728,2.172
"[2.172, 2.173)",0.02066446859272728,2.173
"[2.173, 2.174)",0.023819867555555558,2.174
"[2.174, 2.1750000000000003)",0.024368477754385977,2.175
"[2.1750000000000003, 2.176)",0.016021771638297867,2.176
"[2.176, 2.177)",0.021767063506976745,2.177
"[2.177, 2.178)",0.03262991350909092,2.178
"[2.178, 2.179)",0.05504244853518517,2.179
"[2.179, 2.18)",0.027038604042857146,2.18
"[2.18, 2.181)",0.020803593053571427,2.181
"[2.181, 2.182)",0.04141276586666665,2.182
"[2.182, 2.183)",0.013455685674999999,2.183
"[2.183, 2.184)",0.039406232953124995,2.184
"[2.184, 2.185)",0.04956798049056606,2.185
"[2.185, 2.186)",0.03150308432653062,2.186
"[2.186, 2.187)",0.019404286698076922,2.187
"[2.187, 2.188)",0.027766658197169808,2.188
"[2.188, 2.189)",0.029913368593220337,2.189
"[2.189, 2.19)",0.0206455532537037,2.19
"[2.19, 2.191)",0.023227366491525427,2.191
"[2.191, 2.192)",0.026228866516666678,2.192
"[2.192, 2.193)",0.01663298476212121,2.193
"[2.193, 2.194)",0.03467027597142856,2.194
"[2.194, 2.195)",0.054533388375555554,2.195
"[2.195, 2.196)",0.01901736467142857,2.196
"[2.196, 2.197)",0.04980525496103896,2.197
"[2.197, 2.198)",0.027692615240740757,2.198
"[2.198, 2.199)",0.030264417137931033,2.199
"[2.199, 2.2)",0.060458019979629636,2.2
"[2.2, 2.201)",0.0294515973709091,2.201
"[2.201, 2.202)",0.04534433094081632,2.202
"[2.202, 2.203)",0.04350358679166669,2.203
"[2.203, 2.204)",0.023503900720000002,2.204
"[2.204, 2.205)",0.017154738708333332,2.205
"[2.205, 2.206)",0.021191625681818177,2.206
"[2.206, 2.207)",0.017486119537037034,2.207
"[2.207, 2.208)",0.019589842094999997,2.208
"[2.208, 2.209)",0.029339992820000004,2.209
"[2.209, 2.21)",0.0319661585509434,2.21
"[2.21, 2.211)",0.023433095814285716,2.211
"[2.211, 2.212)",0.016321529299999995,2.212
"[2.212, 2.213)",0.0243777977972549,2.213
"[2.213, 2.214)",0.04229862749999999,2.214
"[2.214, 2.215)",0.050416139757142854,2.215
"[2.215, 2.216)",0.012540022703508773,2.216
"[2.216, 2.217)",0.03578333437288136,2.217
"[2.217, 2.218)",0.028969716189473683,2.218
"[2.218, 2.219)",0.019867417747826088,2.219
"[2.219, 2.22)",0.029483495345000003,2.22
"[2.22, 2.221)",0.03747408263513512,2.221
"[2.221, 2.222)",0.013670954940000006,2.222
"[2.222, 2.223)",0.01597456833880596,2.223
"[2.223, 2.224)",0.03236877376206897,2.224
"[2.224, 2.225)",0.02582689629078947,2.225
"[2.225, 2.226)",0.02589022510769233,2.226
"[2.226, 2.227)",0.0332227500597015,2.227
"[2.227, 2.228)",0.018907608584905665,2.228
"[2.228, 2.229)",0.029966245905454558,2.229
"[2.229, 2.23)",0.023842935171428575,2.23
"[2.23, 2.231)",0.021793511966666672,2.231
"[2.231, 2.232)",0.019253002628125,2.232
"[2.232, 2.233)",0.026196712901960784,2.233
"[2.233, 2.234)",0.035946716492857154,2.234
"[2.234, 2.235)",0.02032893386949153,2.235
"[2.235, 2.236)",0.028002769396825406,2.236
"[2.236, 2.237)",0.03461633259999999,2.237
"[2.237, 2.238)",0.0276243605984127,2.238
"[2.238, 2.239)",0.019766592343548394,2.239
"[2.239, 2.24)",0.04219589650943396,2.24
"[2.24, 2.241)",0.034372810393617025,2.241
"[2.241, 2.242)",0.020375442891044773,2.242
"[2.242, 2.243)",0.04358915170149254,2.243
"[2.243, 2.244)",0.030814206773584922,2.244
"[2.244, 2.245)",0.027001685316949166,2.245
"[2.245, 2.246)",0.03947624692500001,2.246
"[2.246, 2.247)",0.04388878917500001,2.247
"[2.247, 2.248)",0.018851450215384615,2.248
"[2.248, 2.249)",0.035446242477321435,2.249
"[2.249, 2.25)",0.035800980136470595,2.25
"[2.25, 2.251)",0.020935242087931037,2.251
"[2.251, 2.2520000000000002)",0.016511741442372874,2.252
"[2.2520000000000002, 2.253)",0.05414570358333334,2.253
"[2.253, 2.254)",0.02521255465892857,2.254
"[2.254, 2.255)",0.024344528721126763,2.255
"[2.255, 2.2560000000000002)",0.01709457167924528,2.256
"[2.2560000000000002, 2.257)",0.0371765712888889,2.257
"[2.257, 2.258)",0.024727114559803934,2.258
"[2.258, 2.259)",0.027831471670781253,2.259
"[2.259, 2.2600000000000002)",0.017296420439999998,2.26
"[2.2600000000000002, 2.261)",0.050057333275757586,2.261
"[2.261, 2.262)",0.02085942819444445,2.262
"[2.262, 2.263)",0.03815959792096774,2.263
"[2.263, 2.2640000000000002)",0.028075205863333345,2.264
"[2.2640000000000002, 2.265)",0.03245160118857143,2.265
"[2.265, 2.266)",0.020016950779999997,2.266
"[2.266, 2.267)",0.02581230861898306,2.267
"[2.267, 2.2680000000000002)",0.023074515287068966,2.268
"[2.2680000000000002, 2.269)",0.017932983314814813,2.269
"[2.269, 2.27)",0.01773863920408163,2.27
"[2.27, 2.271)",0.02371620241071428,2.271
"[2.271, 2.2720000000000002)",0.026389071838888892,2.272
"[2.2720000000000002, 2.273)",0.023173973863636357,2.273
"[2.273, 2.274)",0.03821576899578948,2.274
"[2.274, 2.275)",0.028760879617857137,2.275
"[2.275, 2.2760000000000002)",0.022823988354237296,2.276
"[2.2760000000000002, 2.277)",0.04942598071509435,2.277
"[2.277, 2.278)",0.023637435819999997,2.278
"[2.278, 2.279)",0.034933154410714304,2.279
"[2.279, 2.2800000000000002)",0.02723822803599999,2.28
"[2.2800000000000002, 2.281)",0.03187540040000001,2.281
"[2.281, 2.282)",0.03989193151333333,2.282
"[2.282, 2.283)",0.034013243111475404,2.283
"[2.283, 2.2840000000000003)",0.04872821524464287,2.284
"[2.2840000000000003, 2.285)",0.03357153672363637,2.285
"[2.285, 2.286)",0.014568419395833337,2.286
"[2.286, 2.287)",0.03365931187083334,2.287
"[2.287, 2.2880000000000003)",0.05082996596612903,2.288
"[2.2880000000000003, 2.289)",0.026142552365384614,2.289
"[2.289, 2.29)",0.022637964889062504,2.29
"[2.29, 2.291)",0.045101291164912294,2.291
"[2.291, 2.2920000000000003)",0.03907698968730158,2.292
"[2.2920000000000003, 2.293)",0.0277619361326087,2.293
"[2.293, 2.294)",0.03617452966034483,2.294
"[2.294, 2.295)",0.03548189366458334,2.295
"[2.295, 2.2960000000000003)",0.03910390455102041,2.296
"[2.2960000000000003, 2.297)",0.02721670450943397,2.297
"[2.297, 2.298)",0.02476039640983607,2.298
"[2.298, 2.299)",0.0226616509442623,2.299
"[2.299, 2.3000000000000003)",0.02580518273432835,2.3
"[2.3000000000000003, 2.301)",0.04602341039024393,2.301
"[2.301, 2.302)",0.02269040221153847,2.302
"[2.302, 2.303)",0.026991350142857137,2.303
"[2.303, 2.3040000000000003)",0.01863635880576923,2.304
"[2.3040000000000003, 2.305)",0.019851330425,2.305
"[2.305, 2.306)",0.04170694754411765,2.306
"[2.306, 2.307)",0.042800984384615395,2.307
"[2.307, 2.308)",0.02398190541219512,2.308
"[2.308, 2.309)",0.02593875071428573,2.309
"[2.309, 2.31)",0.04605786457115384,2.31
"[2.31, 2.311)",0.05149482640000001,2.311
"[2.311, 2.312)",0.02480474306964286,2.312
"[2.312, 2.313)",0.040879239176785716,2.313
"[2.313, 2.314)",0.03598859261904762,2.314
"[2.314, 2.315)",0.0223838702893617,2.315
"[2.315, 2.316)",0.0476012023387755,2.316
"[2.316, 2.317)",0.017652508542424235,2.317
"[2.317, 2.318)",0.014170347456521732,2.318
"[2.318, 2.319)",0.027695453909090915,2.319
"[2.319, 2.32)",0.030648319645833342,2.32
"[2.32, 2.321)",0.027499645817647068,2.321
"[2.321, 2.322)",0.021188379281666666,2.322
"[2.322, 2.323)",0.03456826323076922,2.323
"[2.323, 2.324)",0.0284549963478261,2.324
"[2.324, 2.325)",0.017804684445999995,2.325
"[2.325, 2.326)",0.0390814702264151,2.326
"[2.326, 2.327)",0.02041019728444444,2.327
"[2.327, 2.328)",0.034767208441818194,2.328
"[2.328, 2.329)",0.013600630261904757,2.329
"[2.329, 2.33)",0.03405966653571429,2.33
"[2.33, 2.331)",0.023279343779310353,2.331
"[2.331, 2.332)",0.020356681806451626,2.332
"[2.332, 2.333)",0.03872628478571429,2.333
"[2.333, 2.334)",0.027171275734693894,2.334
"[2.334, 2.335)",0.044676466979999996,2.335
"[2.335, 2.336)",0.016555107733333334,2.336
"[2.336, 2.337)",0.028471465057692318,2.337
"[2.337, 2.338)",0.020725908139215696,2.338
"[2.338, 2.339)",0.022996763435384614,2.339
"[2.339, 2.34)",0.04800825546153848,2.34
"[2.34, 2.341)",0.03658596589383333,2.341
"[2.341, 2.342)",0.023308947430985928,2.342
"[2.342, 2.343)",0.019694608102040823,2.343
"[2.343, 2.344)",0.024357549109523806,2.344
"[2.344, 2.345)",0.021059340869565218,2.345
"[2.345, 2.346)",0.031318200279411755,2.346
"[2.346, 2.347)",0.019112043980000003,2.347
"[2.347, 2.348)",0.035364543836065555,2.348
"[2.348, 2.349)",0.023610944423076936,2.349
"[2.349, 2.35)",0.02872763884528302,2.35
"[2.35, 2.351)",0.044595863720754726,2.351
"[2.351, 2.352)",0.043784010826923084,2.352
"[2.352, 2.353)",0.032829031383333346,2.353
"[2.353, 2.354)",0.0352444010019608,2.354
"[2.354, 2.355)",0.019070665761194035,2.355
"[2.355, 2.356)",0.017620855075862075,2.356
"[2.356, 2.357)",0.04293129465396825,2.357
"[2.357, 2.358)",0.025975655803921575,2.358
"[2.358, 2.359)",0.010745619775510199,2.359
"[2.359, 2.36)",0.03727619926716982,2.36
"[2.36, 2.361)",0.017952343088461536,2.361
"[2.361, 2.362)",0.037859437266666685,2.362
"[2.362, 2.363)",0.023441368470588256,2.363
"[2.363, 2.364)",0.019314688185000005,2.364
"[2.364, 2.365)",0.02958409304761905,2.365
"[2.365, 2.366)",0.04193456127391305,2.366
"[2.366, 2.367)",0.023479532319565222,2.367
"[2.367, 2.368)",0.028682861572340432,2.368
"[2.368, 2.369)",0.0180016140338983,2.369
"[2.369, 2.37)",0.02192711777857142,2.37
"[2.37, 2.371)",0.019863453088372087,2.371
"[2.371, 2.372)",0.022764349574468094,2.372
"[2.372, 2.373)",0.01813514685227273,2.373
"[2.373, 2.374)",0.024807261031818184,2.374
"[2.374, 2.375)",0.024999624468085114,2.375
"[2.375, 2.376)",0.011718616965000001,2.376
"[2.376, 2.3770000000000002)",0.035712559825,2.377
"[2.3770000000000002, 2.378)",0.04160724650000001,2.378
"[2.378, 2.379)",0.040396169563636355,2.379
"[2.379, 2.38)",0.0572577270652174,2.38
"[2.38, 2.3810000000000002)",0.026857953255319148,2.381
"[2.3810000000000002, 2.382)",0.027439025409999998,2.382
"[2.382, 2.383)",0.03316818238913045,2.383
"[2.383, 2.384)",0.015354503996382978,2.384
"[2.384, 2.3850000000000002)",0.027974862827450975,2.385
"[2.3850000000000002, 2.386)",0.04550828754545456,2.386
"[2.386, 2.387)",0.02054506239333333,2.387
"[2.387, 2.388)",0.03794779241509434,2.388
"[2.388, 2.3890000000000002)",0.056761844012499965,2.389
"[2.3890000000000002, 2.39)",0.013692167407407408,2.39
"[2.39, 2.391)",0.03366664682142857,2.391
"[2.391, 2.392)",0.028071069879310358,2.392
"[2.392, 2.3930000000000002)",0.03349082357142859,2.393
"[2.3930000000000002, 2.394)",0.019589166124444436,2.394
"[2.394, 2.395)",0.023454575309090904,2.395
"[2.395, 2.396)",0.02463478410000002,2.396
"[2.396, 2.3970000000000002)",0.01894287084313725,2.397
"[2.3970000000000002, 2.398)",0.039324389608695665,2.398
"[2.398, 2.399)",0.03677603926153845,2.399
"[2.399, 2.4)",0.057083408750000016,2.4
"[2.4, 2.4010000000000002)",0.020151343725806455,2.401
"[2.4010000000000002, 2.402)",0.042925896481034474,2.402
"[2.402, 2.403)",0.03531609278627452,2.403
"[2.403, 2.404)",0.013386775999999998,2.404
"[2.404, 2.4050000000000002)",0.04489530419322035,2.405
"[2.4050000000000002, 2.406)",0.019293724931034487,2.406
"[2.406, 2.407)",0.02842390265909094,2.407
"[2.407, 2.408)",0.03710150296428573,2.408
"[2.408, 2.4090000000000003)",0.019008642707317065,2.409
"[2.4090000000000003, 2.41)",0.026528613250000006,2.41
"[2.41, 2.411)",0.0360123746509804,2.411
"[2.411, 2.412)",0.036505090015094346,2.412
"[2.412, 2.4130000000000003)",0.023753254550000002,2.413
"[2.4130000000000003, 2.414)",0.023723116166666666,2.414
"[2.414, 2.415)",0.04445853817142857,2.415
"[2.415, 2.416)",0.02601206478736843,2.416
"[2.416, 2.4170000000000003)",0.0143660358375,2.417
"[2.4170000000000003, 2.418)",0.019136767461538456,2.418
"[2.418, 2.419)",0.03886257617307693,2.419
"[2.419, 2.42)",0.028233188042857144,2.42
"[2.42, 2.4210000000000003)",0.025619162776190477,2.421
"[2.4210000000000003, 2.422)",0.020635947291666665,2.422
"[2.422, 2.423)",0.0249233554245614,2.423
"[2.423, 2.424)",0.017194533401923076,2.424
"[2.424, 2.4250000000000003)",0.01908069816326531,2.425
"[2.4250000000000003, 2.426)",0.04157935135294119,2.426
"[2.426, 2.427)",0.04907331314285714,2.427
"[2.427, 2.428)",0.038123573100000016,2.428
"[2.428, 2.4290000000000003)",0.01981520097777777,2.429
"[2.4290000000000003, 2.43)",0.03386849363773585,2.43
"[2.43, 2.431)",0.029896835113207544,2.431
"[2.431, 2.432)",0.03386727358139535,2.432
"[2.432, 2.433)",0.015460776179487183,2.433
"[2.433, 2.434)",0.01474237673684211,2.434
"[2.434, 2.435)",0.02717712179756098,2.435
"[2.435, 2.436)",0.01731693357446808,2.436
"[2.436, 2.437)",0.023546580071428576,2.437
"[2.437, 2.438)",0.02358631385714286,2.438
"[2.438, 2.439)",0.03560179834042553,2.439
"[2.439, 2.44)",0.02902199825339286,2.44
"[2.44, 2.441)",0.03322079601886792,2.441
"[2.441, 2.442)",0.04865117752500001,2.442
"[2.442, 2.443)",0.026831496869565218,2.443
"[2.443, 2.444)",0.025168889846153848,2.444
"[2.444, 2.445)",0.021388334017021275,2.445
"[2.445, 2.446)",0.020159304458333326,2.446
"[2.446, 2.447)",0.029737876246808504,2.447
"[2.447, 2.448)",0.013263715318421056,2.448
"[2.448, 2.449)",0.03314510659523809,2.449
"[2.449, 2.45)",0.02643311393103449,2.45
"[2.45, 2.451)",0.03198904616086957,2.451
"[2.451, 2.452)",0.020301296602173908,2.452
"[2.452, 2.453)",0.013336913877551013,2.453
"[2.453, 2.454)",0.021903211765909095,2.454
"[2.454, 2.455)",0.027361004435555555,2.455
"[2.455, 2.456)",0.02867592815217393,2.456
"[2.456, 2.457)",0.032622416300000005,2.457
"[2.457, 2.458)",0.017312069247999995,2.458
"[2.458, 2.459)",0.0345651164275,2.459
"[2.459, 2.46)",0.016475686428571428,2.46
"[2.46, 2.461)",0.02039859242127659,2.461
"[2.461, 2.462)",0.033516059632653084,2.462
"[2.462, 2.463)",0.01647477775555555,2.463
"[2.463, 2.464)",0.009207195986046511,2.464
"[2.464, 2.465)",0.016422270254285713,2.465
"[2.465, 2.466)",0.021691409525,2.466
"[2.466, 2.467)",0.04816158665116279,2.467
"[2.467, 2.468)",0.028296351333333327,2.468
"[2.468, 2.469)",0.025680716445652174,2.469
"[2.469, 2.47)",0.03331013779166667,2.47
"[2.47, 2.471)",0.04088678948974359,2.471
"[2.471, 2.472)",0.03614747466666667,2.472
"[2.472, 2.473)",0.049840850722222205,2.473
"[2.473, 2.474)",0.017792546862068964,2.474
"[2.474, 2.475)",0.03331115321351351,2.475
"[2.475, 2.476)",0.01837933474878049,2.476
"[2.476, 2.477)",0.012512291404651167,2.477
"[2.477, 2.478)",0.024237737681481488,2.478
"[2.478, 2.479)",0.016734323078260872,2.479
"[2.479, 2.48)",0.020750877558139525,2.48
"[2.48, 2.481)",0.0550420552857143,2.481
"[2.481, 2.482)",0.013943320153846151,2.482
"[2.482, 2.483)",0.03437213355833334,2.483
"[2.483, 2.484)",0.02264659032653062,2.484
"[2.484, 2.485)",0.015478371888888889,2.485
"[2.485, 2.486)",0.0512211696574468,2.486
"[2.486, 2.487)",0.026448715286363635,2.487
"[2.487, 2.488)",0.01629820766666667,2.488
"[2.488, 2.489)",0.04899768094772727,2.489
"[2.489, 2.49)",0.020669228636363637,2.49
"[2.49, 2.491)",0.016902057591578947,2.491
"[2.491, 2.492)",0.02586374058979593,2.492
"[2.492, 2.493)",0.027886752724137927,2.493
"[2.493, 2.494)",0.01197580091724138,2.494
"[2.494, 2.495)",0.029639557171428573,2.495
"[2.495, 2.496)",0.05664312970232561,2.496
"[2.496, 2.497)",0.04286024805128206,2.497
"[2.497, 2.498)",0.041995497305405416,2.498
"[2.498, 2.499)",0.03640866979777778,2.499
"[2.499, 2.5)",0.020190021,2.5
"[2.5, 2.501)",0.025705477764705872,2.501
"[2.501, 2.5020000000000002)",0.03383281039375002,2.502
"[2.5020000000000002, 2.503)",0.020977271439024385,2.503
"[2.503, 2.504)",0.033803478441860456,2.504
"[2.504, 2.505)",0.018479107841176463,2.505
"[2.505, 2.5060000000000002)",0.019734155895833338,2.506
"[2.5060000000000002, 2.507)",0.016651385238095243,2.507
"[2.507, 2.508)",0.03584751896969698,2.508
"[2.508, 2.509)",0.06955503064444445,2.509
"[2.509, 2.5100000000000002)",0.02391433735135135,2.51
"[2.5100000000000002, 2.511)",0.02635693764583334,2.511
"[2.511, 2.512)",0.019205024653061224,2.512
"[2.512, 2.513)",0.013836508733333334,2.513
"[2.513, 2.5140000000000002)",0.03796187785365853,2.514
"[2.5140000000000002, 2.515)",0.027980625441041674,2.515
"[2.515, 2.516)",0.034907547319148954,2.516
"[2.516, 2.517)",0.049128530685714315,2.517
"[2.517, 2.5180000000000002)",0.031947868509756096,2.518
"[2.5180000000000002, 2.519)",0.040148860234042544,2.519
"[2.519, 2.52)",0.03155008513513513,2.52
"[2.52, 2.521)",0.011420783575757579,2.521
"[2.521, 2.5220000000000002)",0.03308077054838709,2.522
"[2.5220000000000002, 2.523)",0.03514191847500001,2.523
"[2.523, 2.524)",0.015202694835714283,2.524
"[2.524, 2.525)",0.023834712202702703,2.525
"[2.525, 2.5260000000000002)",0.027744857172340435,2.526
"[2.5260000000000002, 2.527)",0.04272369673684212,2.527
"[2.527, 2.528)",0.04445577691176471,2.528
"[2.528, 2.529)",0.029570297926829275,2.529
"[2.529, 2.5300000000000002)",0.020570666612195122,2.53
"[2.5300000000000002, 2.531)",0.0519188031034483,2.531
"[2.531, 2.532)",0.02931639241025641,2.532
"[2.532, 2.533)",0.02939868071515151,2.533
"[2.533, 2.5340000000000003)",0.058912018846153845,2.534
"[2.5340000000000003, 2.535)",0.023341924888888883,2.535
"[2.535, 2.536)",0.0638745794026316,2.536
"[2.536, 2.537)",0.02334491896046511,2.537
"[2.537, 2.5380000000000003)",0.016475914452777782,2.538
"[2.5380000000000003, 2.539)",0.04254146461904761,2.539
"[2.539, 2.54)",0.01314163940909091,2.54
"[2.54, 2.541)",0.03736713394761907,2.541
"[2.541, 2.5420000000000003)",0.022097163999999996,2.542
"[2.5420000000000003, 2.543)",0.026974875855555542,2.543
"[2.543, 2.544)",0.03608042404000001,2.544
"[2.544, 2.545)",0.0133424582962963,2.545
"[2.545, 2.5460000000000003)",0.03503001107954546,2.546
"[2.5460000000000003, 2.547)",0.03897609071875001,2.547
"[2.547, 2.548)",0.02227969043555555,2.548
"[2.548, 2.549)",0.014942109843750002,2.549
"[2.549, 2.5500000000000003)",0.020308374676470592,2.55
"[2.5500000000000003, 2.551)",0.02000015245945946,2.551
"[2.551, 2.552)",0.0458155203409091,2.552
"[2.552, 2.553)",0.018967464818181817,2.553
"[2.553, 2.5540000000000003)",0.0517865153038,2.554
"[2.5540000000000003, 2.555)",0.015677912581395347,2.555
"[2.555, 2.556)",0.025297467470270268,2.556
"[2.556, 2.557)",0.024843422188095238,2.557
"[2.557, 2.5580000000000003)",0.02394754279999999,2.558
"[2.5580000000000003, 2.559)",0.015868326574,2.559
"[2.559, 2.56)",0.023463050993939395,2.56
"[2.56, 2.561)",0.02552719164523811,2.561
"[2.561, 2.562)",0.01913963959782609,2.562
"[2.562, 2.563)",0.024767812432432427,2.563
"[2.563, 2.564)",0.0274969823902439,2.564
"[2.564, 2.565)",0.05375910346410253,2.565
"[2.565, 2.566)",0.01596293464102564,2.566
"[2.566, 2.567)",0.020434459578723398,2.567
"[2.567, 2.568)",0.0334813196969697,2.568
"[2.568, 2.569)",0.024270676358974355,2.569
"[2.569, 2.57)",0.04130484277419355,2.57
"[2.57, 2.571)",0.03185622989117648,2.571
"[2.571, 2.572)",0.02672440451219512,2.572
"[2.572, 2.573)",0.02714924381142857,2.573
"[2.573, 2.574)",0.014841053394736844,2.574
"[2.574, 2.575)",0.0147300963525,2.575
"[2.575, 2.576)",0.0249075803525,2.576
"[2.576, 2.577)",0.020913545558139533,2.577
"[2.577, 2.578)",0.013897936709677422,2.578
"[2.578, 2.579)",0.05092596136363638,2.579
"[2.579, 2.58)",0.01990762862790697,2.58
"[2.58, 2.581)",0.02665390167647058,2.581
"[2.581, 2.582)",0.03726607575609756,2.582
"[2.582, 2.583)",0.01807559190909091,2.583
"[2.583, 2.584)",0.035763874717948715,2.584
"[2.584, 2.585)",0.0271002469275,2.585
"[2.585, 2.586)",0.029355246999999987,2.586
"[2.586, 2.587)",0.021673416186842105,2.587
"[2.587, 2.588)",0.05755494917021278,2.588
"[2.588, 2.589)",0.023945977262068964,2.589
"[2.589, 2.59)",0.018029473437500002,2.59
"[2.59, 2.591)",0.017358399553333334,2.591
"[2.591, 2.592)",0.04407412954838711,2.592
"[2.592, 2.593)",0.02675869382000002,2.593
"[2.593, 2.594)",0.024974364699999998,2.594
"[2.594, 2.595)",0.02116926861764706,2.595
"[2.595, 2.596)",0.03992900127272726,2.596
"[2.596, 2.597)",0.024841088589743585,2.597
"[2.597, 2.598)",0.03711135786774194,2.598
"[2.598, 2.599)",0.04721526640714285,2.599
"[2.599, 2.6)",0.0374024412,2.6
"[2.6, 2.601)",0.019695377181818182,2.601
"[2.601, 2.602)",0.012111394500000002,2.602
"[2.602, 2.603)",0.04318009573913043,2.603
"[2.603, 2.604)",0.02403899616666666,2.604
"[2.604, 2.605)",0.02592082164864865,2.605
"[2.605, 2.606)",0.0201213211724138,2.606
"[2.606, 2.607)",0.05669386478571429,2.607
"[2.607, 2.608)",0.03620255786486488,2.608
"[2.608, 2.609)",0.014383921654074075,2.609
"[2.609, 2.61)",0.04254877625000001,2.61
"[2.61, 2.611)",0.02561519844516129,2.611
"[2.611, 2.612)",0.024537719235135126,2.612
"[2.612, 2.613)",0.025288355693181826,2.613
"[2.613, 2.614)",0.012568420566666665,2.614
"[2.614, 2.615)",0.025933868195999996,2.615
"[2.615, 2.616)",0.04594119023076924,2.616
"[2.616, 2.617)",0.02742466851282051,2.617
"[2.617, 2.618)",0.03156168267567566,2.618
"[2.618, 2.619)",0.04573459681578949,2.619
"[2.619, 2.62)",0.02080491796875,2.62
"[2.62, 2.621)",0.02712177693529412,2.621
"[2.621, 2.622)",0.025353159424242426,2.622
"[2.622, 2.623)",0.08461798391891891,2.623
"[2.623, 2.624)",0.0333122120952381,2.624
"[2.624, 2.625)",0.02451862546590909,2.625
"[2.625, 2.626)",0.016797841243902444,2.626
"[2.626, 2.6270000000000002)",0.05578811639285715,2.627
"[2.6270000000000002, 2.628)",0.01773587083333333,2.628
"[2.628, 2.629)",0.039901365917142856,2.629
"[2.629, 2.63)",0.018734322870967737,2.63
"[2.63, 2.6310000000000002)",0.010848040190000002,2.631
"[2.6310000000000002, 2.632)",0.022905687390697677,2.632
"[2.632, 2.633)",0.015901510393939396,2.633
"[2.633, 2.634)",0.016112959261904765,2.634
"[2.634, 2.6350000000000002)",0.01311735737837838,2.635
"[2.6350000000000002, 2.636)",0.06485091165200002,2.636
"[2.636, 2.637)",0.016842897923076923,2.637
"[2.637, 2.638)",0.03874947557333333,2.638
"[2.638, 2.6390000000000002)",0.056022470714285726,2.639
"[2.6390000000000002, 2.64)",0.010573229291428574,2.64
"[2.64, 2.641)",0.06950931939285714,2.641
"[2.641, 2.642)",0.02580008800000001,2.642
"[2.642, 2.6430000000000002)",0.024262764888235294,2.643
"[2.6430000000000002, 2.644)",0.02001443586206897,2.644
"[2.644, 2.645)",0.016763825625,2.645
"[2.645, 2.646)",0.028228801093333332,2.646
"[2.646, 2.6470000000000002)",0.009124118374999999,2.647
"[2.6470000000000002, 2.648)",0.028448494300000002,2.648
"[2.648, 2.649)",0.03322732791627908,2.649
"[2.649, 2.65)",0.04295392554750001,2.65
"[2.65, 2.6510000000000002)",0.06033344529629629,2.651
"[2.6510000000000002, 2.652)",0.01018211011111111,2.652
"[2.652, 2.653)",0.05256330988235294,2.653
"[2.653, 2.654)",0.028436932136363637,2.654
"[2.654, 2.6550000000000002)",0.024000555250000003,2.655
"[2.6550000000000002, 2.656)",0.03564196224242425,2.656
"[2.656, 2.657)",0.018280638659090905,2.657
"[2.657, 2.658)",0.027430163764705886,2.658
"[2.658, 2.6590000000000003)",0.04157633524137931,2.659
"[2.6590000000000003, 2.66)",0.03577758217499999,2.66
"[2.66, 2.661)",0.017609378675000006,2.661
"[2.661, 2.662)",0.035622312181818175,2.662
"[2.662, 2.6630000000000003)",0.039315100542857154,2.663
"[2.6630000000000003, 2.664)",0.023852217195121952,2.664
"[2.664, 2.665)",0.029643808613513508,2.665
"[2.665, 2.666)",0.030524392527777777,2.666
"[2.666, 2.6670000000000003)",0.023689210555555545,2.667
"[2.6670000000000003, 2.668)",0.01886724986046512,2.668
"[2.668, 2.669)",0.017846289543478257,2.669
"[2.669, 2.67)",0.05436711246153846,2.67
"[2.67, 2.6710000000000003)",0.02444275855454546,2.671
"[2.6710000000000003, 2.672)",0.03583603440000001,2.672
"[2.672, 2.673)",0.04579385405128205,2.673
"[2.673, 2.674)",0.02180338194871794,2.674
"[2.674, 2.6750000000000003)",0.023023488,2.675
"[2.6750000000000003, 2.676)",0.028832490488888887,2.676
"[2.676, 2.677)",0.02902791054545454,2.677
"[2.677, 2.678)",0.013967521580645162,2.678
"[2.678, 2.6790000000000003)",0.028516103409250003,2.679
"[2.6790000000000003, 2.68)",0.033697801233333324,2.68
"[2.68, 2.681)",0.02805442737837838,2.681
"[2.681, 2.682)",0.042562678723076924,2.682
"[2.682, 2.6830000000000003)",0.025510551487096775,2.683
"[2.6830000000000003, 2.684)",0.026437270082978727,2.684
"[2.684, 2.685)",0.030329698588636368,2.685
"[2.685, 2.686)",0.01644124187777777,2.686
"[2.686, 2.6870000000000003)",0.03964996281081082,2.687
"[2.6870000000000003, 2.688)",0.03979876928571429,2.688
"[2.688, 2.689)",0.058736987030303035,2.689
"[2.689, 2.69)",0.023691258324324328,2.69
"[2.69, 2.691)",0.01989875181212121,2.691
"[2.691, 2.692)",0.033269231314285726,2.692
"[2.692, 2.693)",0.03837103623333333,2.693
"[2.693, 2.694)",0.023114262352499994,2.694
"[2.694, 2.695)",0.03200050854545454,2.695
"[2.695, 2.696)",0.015421758107749997,2.696
"[2.696, 2.697)",0.027532176629629628,2.697
"[2.697, 2.698)",0.01481470076595745,2.698
"[2.698, 2.699)",0.038512786973684224,2.699
"[2.699, 2.7)",0.020189798829268288,2.7
"[2.7, 2.701)",0.03927987116363637,2.701
"[2.701, 2.702)",0.02058766068333334,2.702
"[2.702, 2.703)",0.013379206535714287,2.703
"[2.703, 2.704)",0.023905783520357143,2.704
"[2.704, 2.705)",0.021513439164102557,2.705
"[2.705, 2.706)",0.04066239822580645,2.706
"[2.706, 2.707)",0.03225007278260869,2.707
"[2.707, 2.708)",0.028896815388888886,2.708
"[2.708, 2.709)",0.028364729361250004,2.709
"[2.709, 2.71)",0.02718189444827586,2.71
"[2.71, 2.711)",0.019829033040816325,2.711
"[2.711, 2.712)",0.00986040050740741,2.712
"[2.712, 2.713)",0.012445092062820516,2.713
"[2.713, 2.714)",0.026550220805499992,2.714
"[2.714, 2.715)",0.024509990232142852,2.715
"[2.715, 2.716)",0.027813040780769235,2.716
"[2.716, 2.717)",0.042895506809523816,2.717
"[2.717, 2.718)",0.024511981970588233,2.718
"[2.718, 2.719)",0.025827248454545457,2.719
"[2.719, 2.72)",0.020849087851999997,2.72
"[2.72, 2.721)",0.03931103250000001,2.721
"[2.721, 2.722)",0.03925722176363638,2.722
"[2.722, 2.723)",0.04514939852727273,2.723
"[2.723, 2.724)",0.014441775637037038,2.724
"[2.724, 2.725)",0.012943821172413796,2.725
"[2.725, 2.726)",0.02562623710344828,2.726
"[2.726, 2.727)",0.019896689224999996,2.727
"[2.727, 2.728)",0.042963999107894744,2.728
"[2.728, 2.729)",0.014199988648648645,2.729
"[2.729, 2.73)",0.015523570571428568,2.73
"[2.73, 2.731)",0.029413776083333336,2.731
"[2.731, 2.732)",0.040145075700000005,2.732
"[2.732, 2.733)",0.028699288154838708,2.733
"[2.733, 2.734)",0.029548463821428565,2.734
"[2.734, 2.735)",0.025133995045454546,2.735
"[2.735, 2.736)",0.05288415792500001,2.736
"[2.736, 2.737)",0.0425512505,2.737
"[2.737, 2.738)",0.00992077836,2.738
"[2.738, 2.739)",0.0342959147,2.739
"[2.739, 2.74)",0.041959536818181827,2.74
"[2.74, 2.741)",0.026827383322727275,2.741
"[2.741, 2.742)",0.031482206097435905,2.742
"[2.742, 2.743)",0.03213475129411764,2.743
"[2.743, 2.744)",0.029948201470588232,2.744
"[2.744, 2.745)",0.05141050603333334,2.745
"[2.745, 2.746)",0.021663954888888885,2.746
"[2.746, 2.747)",0.040208523617647075,2.747
"[2.747, 2.748)",0.05415239495142856,2.748
"[2.748, 2.749)",0.007517049545454546,2.749
"[2.749, 2.75)",0.03562431942307693,2.75
"[2.75, 2.751)",0.053851869322580646,2.751
"[2.751, 2.7520000000000002)",0.018824840467027027,2.752
"[2.7520000000000002, 2.753)",0.025999915131578948,2.753
"[2.753, 2.754)",0.03581645773913042,2.754
"[2.754, 2.755)",0.015049445665517245,2.755
"[2.755, 2.7560000000000002)",0.015363828000000001,2.756
"[2.7560000000000002, 2.757)",0.03507908035142856,2.757
"[2.757, 2.758)",0.024410572499999995,2.758
"[2.758, 2.759)",0.024857158076923076,2.759
"[2.759, 2.7600000000000002)",0.042617754388888894,2.76
"[2.7600000000000002, 2.761)",0.022018922173913037,2.761
"[2.761, 2.762)",0.025667997318749997,2.762
"[2.762, 2.763)",0.049900381996666666,2.763
"[2.763, 2.7640000000000002)",0.025834755034482765,2.764
"[2.7640000000000002, 2.765)",0.022705894869565216,2.765
"[2.765, 2.766)",0.02976558875,2.766
"[2.766, 2.767)",0.019158950125,2.767
"[2.767, 2.7680000000000002)",0.026323702444444444,2.768
"[2.7680000000000002, 2.769)",0.049707513068965536,2.769
"[2.769, 2.77)",0.03250628587096774,2.77
"[2.77, 2.771)",0.0195822534975,2.771
"[2.771, 2.7720000000000002)",0.012777471636363637,2.772
"[2.7720000000000002, 2.773)",0.021122151750000002,2.773
"[2.773, 2.774)",0.017221433548275863,2.774
"[2.774, 2.775)",0.02488911764516129,2.775
"[2.775, 2.7760000000000002)",0.05393343924390243,2.776
"[2.7760000000000002, 2.777)",0.027834667114285713,2.777
"[2.777, 2.778)",0.02084980116666667,2.778
"[2.778, 2.779)",0.011681517122857143,2.779
"[2.779, 2.7800000000000002)",0.04361928575444444,2.78
"[2.7800000000000002, 2.781)",0.016519367413793107,2.781
"[2.781, 2.782)",0.02255677133142857,2.782
"[2.782, 2.783)",0.02219715829230769,2.783
"[2.783, 2.7840000000000003)",0.015220691472222223,2.784
"[2.7840000000000003, 2.785)",0.03100318908571428,2.785
"[2.785, 2.786)",0.01008812465714286,2.786
"[2.786, 2.787)",0.03361178574285715,2.787
"[2.787, 2.7880000000000003)",0.032943848000000005,2.788
"[2.7880000000000003, 2.789)",0.011165414684210529,2.789
"[2.789, 2.79)",0.030844790719999998,2.79
"[2.79, 2.791)",0.015048246217142854,2.791
"[2.791, 2.7920000000000003)",0.03278542988611112,2.792
"[2.7920000000000003, 2.793)",0.022839930219512194,2.793
"[2.793, 2.794)",0.03285263666452381,2.794
"[2.794, 2.795)",0.030975640074074072,2.795
"[2.795, 2.7960000000000003)",0.04111446649999999,2.796
"[2.7960000000000003, 2.797)",0.064559359,2.797
"[2.797, 2.798)",0.04666653970000003,2.798
"[2.798, 2.799)",0.035391898334375,2.799
"[2.799, 2.8000000000000003)",0.02578130674358974,2.8
"[2.8000000000000003, 2.801)",0.0760474046916667,2.801
"[2.801, 2.802)",0.019344282512195117,2.802
"[2.802, 2.803)",0.029120290379310344,2.803
"[2.803, 2.8040000000000003)",0.020420121138235294,2.804
"[2.8040000000000003, 2.805)",0.01964723436363636,2.805
"[2.805, 2.806)",0.016754595862068965,2.806
"[2.806, 2.807)",0.027671162648648648,2.807
"[2.807, 2.8080000000000003)",0.03963515507419355,2.808
"[2.8080000000000003, 2.809)",0.038049031812500016,2.809
"[2.809, 2.81)",0.01665581746153846,2.81
"[2.81, 2.811)",0.03453941064,2.811
"[2.811, 2.8120000000000003)",0.030061368102380966,2.812
"[2.8120000000000003, 2.813)",0.029730967560526313,2.813
"[2.813, 2.814)",0.018249353578947365,2.814
"[2.814, 2.815)",0.03591114494146341,2.815
"[2.815, 2.816)",0.04051446148,2.816
"[2.816, 2.817)",0.0510022000275862,2.817
"[2.817, 2.818)",0.033567458542857156,2.818
"[2.818, 2.819)",0.05569261521621623,2.819
"[2.819, 2.82)",0.02573195245357143,2.82
"[2.82, 2.821)",0.011030551232558142,2.821
"[2.821, 2.822)",0.06141968912,2.822
"[2.822, 2.823)",0.014095629833333338,2.823
"[2.823, 2.824)",0.02156726444375,2.824
"[2.824, 2.825)",0.015090871192307702,2.825
"[2.825, 2.826)",0.02361591781951219,2.826
"[2.826, 2.827)",0.024931023400000002,2.827
"[2.827, 2.828)",0.022838938965517246,2.828
"[2.828, 2.829)",0.017497046638461543,2.829
"[2.829, 2.83)",0.022296784774193543,2.83
"[2.83, 2.831)",0.027379468503703694,2.831
"[2.831, 2.832)",0.03700771428125,2.832
"[2.832, 2.833)",0.03275279375862068,2.833
"[2.833, 2.834)",0.02789371184,2.834
"[2.834, 2.835)",0.01970857027586207,2.835
"[2.835, 2.836)",0.010604314181818182,2.836
"[2.836, 2.837)",0.05815573321874999,2.837
"[2.837, 2.838)",0.015834783849999996,2.838
"[2.838, 2.839)",0.028097513481481477,2.839
"[2.839, 2.84)",0.02316916802941176,2.84
"[2.84, 2.841)",0.02287992632258065,2.841
"[2.841, 2.842)",0.015599928551724141,2.842
"[2.842, 2.843)",0.029140836633333327,2.843
"[2.843, 2.844)",0.03310266700294118,2.844
"[2.844, 2.845)",0.013077667764285716,2.845
"[2.845, 2.846)",0.017344410878787877,2.846
"[2.846, 2.847)",0.029115189692307693,2.847
"[2.847, 2.848)",0.048659433342857134,2.848
"[2.848, 2.849)",0.021893875333333333,2.849
"[2.849, 2.85)",0.028834371499999994,2.85
"[2.85, 2.851)",0.020970756230769234,2.851
"[2.851, 2.852)",0.0315864884516129,2.852
"[2.852, 2.853)",0.03146565091666667,2.853
"[2.853, 2.854)",0.032766069440000004,2.854
"[2.854, 2.855)",0.020190029266666666,2.855
"[2.855, 2.856)",0.015527165999999998,2.856
"[2.856, 2.857)",0.01796596979411765,2.857
"[2.857, 2.858)",0.03256895535294117,2.858
"[2.858, 2.859)",0.060388635840000024,2.859
"[2.859, 2.86)",0.045821041866666655,2.86
"[2.86, 2.861)",0.07077587381249999,2.861
"[2.861, 2.862)",0.02360577775757576,2.862
"[2.862, 2.863)",0.01610663341842105,2.863
"[2.863, 2.864)",0.02602027465789473,2.864
"[2.864, 2.865)",0.014182513848484853,2.865
"[2.865, 2.866)",0.01611459423333333,2.866
"[2.866, 2.867)",0.04060674462499999,2.867
"[2.867, 2.868)",0.01683828299428572,2.868
"[2.868, 2.869)",0.024931687675000005,2.869
"[2.869, 2.87)",0.05637761307142857,2.87
"[2.87, 2.871)",0.01185644344117647,2.871
"[2.871, 2.872)",0.03021058746875,2.872
"[2.872, 2.873)",0.04340700258275863,2.873
"[2.873, 2.874)",0.020092407867567566,2.874
"[2.874, 2.875)",0.015075015272727277,2.875
"[2.875, 2.876)",0.04317069603571429,2.876
"[2.876, 2.8770000000000002)",0.019773996084883724,2.877
"[2.8770000000000002, 2.878)",0.027426884171428568,2.878
"[2.878, 2.879)",0.01810380975862069,2.879
"[2.879, 2.88)",0.035671450032258065,2.88
"[2.88, 2.8810000000000002)",0.019216324047619047,2.881
"[2.8810000000000002, 2.882)",0.020515140793103445,2.882
"[2.882, 2.883)",0.04705049834482759,2.883
"[2.883, 2.884)",0.024541208477419356,2.884
"[2.884, 2.8850000000000002)",0.03757730793103449,2.885
"[2.8850000000000002, 2.886)",0.01190162402702703,2.886
"[2.886, 2.887)",0.014758210846153847,2.887
"[2.887, 2.888)",0.06087662111428571,2.888
"[2.888, 2.8890000000000002)",0.021492106097499998,2.889
"[2.8890000000000002, 2.89)",0.01664419353658537,2.89
"[2.89, 2.891)",0.025732822212121215,2.891
"[2.891, 2.892)",0.039585432211764734,2.892
"[2.892, 2.8930000000000002)",0.025575672755555567,2.893
"[2.8930000000000002, 2.894)",0.024255308717391316,2.894
"[2.894, 2.895)",0.020814337824999998,2.895
"[2.895, 2.896)",0.022805216114285713,2.896
"[2.896, 2.8970000000000002)",0.023646848484,2.897
"[2.8970000000000002, 2.898)",0.03743646826666666,2.898
"[2.898, 2.899)",0.012965159185185189,2.899
"[2.899, 2.9)",0.0204759416969697,2.9
"[2.9, 2.9010000000000002)",0.0335818605,2.901
"[2.9010000000000002, 2.902)",0.027395036588235288,2.902
"[2.902, 2.903)",0.03392773843243246,2.903
"[2.903, 2.904)",0.03040464818421053,2.904
"[2.904, 2.9050000000000002)",0.03260577710344827,2.905
"[2.9050000000000002, 2.906)",0.01576023013888889,2.906
"[2.906, 2.907)",0.027873609074074074,2.907
"[2.907, 2.908)",0.015945835027027032,2.908
"[2.908, 2.9090000000000003)",0.028174982225806448,2.909
"[2.9090000000000003, 2.91)",0.014092607481481475,2.91
"[2.91, 2.911)",0.02981471176,2.911
"[2.911, 2.912)",0.03977883191627907,2.912
"[2.912, 2.9130000000000003)",0.022615766133333336,2.913
"[2.9130000000000003, 2.914)",0.01684583323809524,2.914
"[2.914, 2.915)",0.02149715225806452,2.915
"[2.915, 2.916)",0.03511672048275862,2.916
"[2.916, 2.9170000000000003)",0.045484827145714286,2.917
"[2.9170000000000003, 2.918)",0.03052039944358973,2.918
"[2.918, 2.919)",0.018478138174193547,2.919
"[2.919, 2.92)",0.021034015939393944,2.92
"[2.92, 2.9210000000000003)",0.022003674862068962,2.921
"[2.9210000000000003, 2.922)",0.007175950666666666,2.922
"[2.922, 2.923)",0.00838904634137931,2.923
"[2.923, 2.924)",0.03211260672727272,2.924
"[2.924, 2.9250000000000003)",0.023141412072,2.925
"[2.9250000000000003, 2.926)",0.03116050822580644,2.926
"[2.926, 2.927)",0.037264038322580635,2.927
"[2.927, 2.928)",0.02700535252844446,2.928
"[2.928, 2.9290000000000003)",0.01208178203548387,2.929
"[2.9290000000000003, 2.93)",0.01991850822666667,2.93
"[2.93, 2.931)",0.0257978052,2.931
"[2.931, 2.932)",0.0139864815862069,2.932
"[2.932, 2.9330000000000003)",0.008349826382352942,2.933
"[2.9330000000000003, 2.934)",0.011348492739130434,2.934
"[2.934, 2.935)",0.02291475867741936,2.935
"[2.935, 2.936)",0.021974343200000003,2.936
"[2.936, 2.9370000000000003)",0.011388437681249999,2.937
"[2.9370000000000003, 2.938)",0.020979654290322575,2.938
"[2.938, 2.939)",0.021262281499999997,2.939
"[2.939, 2.94)",0.033629147363636355,2.94
"[2.94, 2.9410000000000003)",0.03218353264,2.941
"[2.9410000000000003, 2.942)",0.031228788099999998,2.942
"[2.942, 2.943)",0.02102441162962963,2.943
"[2.943, 2.944)",0.021201046608695654,2.944
"[2.944, 2.945)",0.022442318199999995,2.945
"[2.945, 2.946)",0.022576732421052636,2.946
"[2.946, 2.947)",0.016820774818181814,2.947
"[2.947, 2.948)",0.008074726916666667,2.948
"[2.948, 2.949)",0.0842793634137931,2.949
"[2.949, 2.95)",0.015653259921739132,2.95
"[2.95, 2.951)",0.0248878683,2.951
"[2.951, 2.952)",0.05455485899999998,2.952
"[2.952, 2.953)",0.04188241245833333,2.953
"[2.953, 2.954)",0.03267660573913043,2.954
"[2.954, 2.955)",0.06079118521212121,2.955
"[2.955, 2.956)",0.018531772145000003,2.956
"[2.956, 2.957)",0.022939376666666667,2.957
"[2.957, 2.958)",0.02846106144,2.958
"[2.958, 2.959)",0.020961107964516133,2.959
"[2.959, 2.96)",0.06249347747826087,2.96
"[2.96, 2.961)",0.01924468947058823,2.961
"[2.961, 2.962)",0.0174401103125,2.962
"[2.962, 2.963)",0.009303957185185185,2.963
"[2.963, 2.964)",0.0196846385,2.964
"[2.964, 2.965)",0.021663262296296296,2.965
"[2.965, 2.966)",0.026148458074074073,2.966
"[2.966, 2.967)",0.027297281947368426,2.967
"[2.967, 2.968)",0.018368718900000004,2.968
"[2.968, 2.969)",0.0265402259,2.969
"[2.969, 2.97)",0.016833241000000006,2.97
"[2.97, 2.971)",0.05582634844444444,2.971
"[2.971, 2.972)",0.020181470281249992,2.972
"[2.972, 2.973)",0.02494839573333333,2.973
"[2.973, 2.974)",0.012678145910000004,2.974
"[2.974, 2.975)",0.01758391165384616,2.975
"[2.975, 2.976)",0.04621655986966667,2.976
"[2.976, 2.977)",0.016389604576190476,2.977
"[2.977, 2.978)",0.06247947880769232,2.978
"[2.978, 2.979)",0.028829541027777794,2.979
"[2.979, 2.98)",0.04379116192307693,2.98
"[2.98, 2.981)",0.029599564806451605,2.981
"[2.981, 2.982)",0.028146134612903224,2.982
"[2.982, 2.983)",0.012878776272727273,2.983
"[2.983, 2.984)",0.03055853735714286,2.984
"[2.984, 2.985)",0.026522633212121206,2.985
"[2.985, 2.986)",0.033233801747368445,2.986
"[2.986, 2.987)",0.05047326482608696,2.987
"[2.987, 2.988)",0.01968541871304348,2.988
"[2.988, 2.989)",0.04216757616129034,2.989
"[2.989, 2.99)",0.026573343515384613,2.99
"[2.99, 2.991)",0.046389396375,2.991
"[2.991, 2.992)",0.02464289933333333,2.992
"[2.992, 2.993)",0.039589980500000004,2.993
"[2.993, 2.994)",0.019741891303030303,2.994
"[2.994, 2.995)",0.02237638537037037,2.995
"[2.995, 2.996)",0.01669307644,2.996
"[2.996, 2.997)",0.019118667761904764,2.997
"[2.997, 2.998)",0.02406292172413793,2.998
"[2.998, 2.999)",0.019820788965517238,2.999
"[2.999, 3.0)",0.01689222857575758,3.0
"[3.0, 3.001)",0.02351735130434783,3.001
"[3.001, 3.0020000000000002)",0.024343746752,3.002
"[3.0020000000000002, 3.003)",0.027644034615384613,3.003
"[3.003, 3.004)",0.025240919870967736,3.004
"[3.004, 3.005)",0.025977402749999993,3.005
"[3.005, 3.0060000000000002)",0.034425329263157896,3.006
"[3.0060000000000002, 3.007)",0.04101162966666666,3.007
"[3.007, 3.008)",0.017119151074074076,3.008
"[3.008, 3.009)",0.02252669463636364,3.009
"[3.009, 3.0100000000000002)",0.058049341456666674,3.01
"[3.0100000000000002, 3.011)",0.022608482321428567,3.011
"[3.011, 3.012)",0.05329689751428572,3.012
"[3.012, 3.013)",0.013875101141176472,3.013
"[3.013, 3.0140000000000002)",0.028368997217391303,3.014
"[3.0140000000000002, 3.015)",0.023236385857142855,3.015
"[3.015, 3.016)",0.027012940375000006,3.016
"[3.016, 3.017)",0.03128717526086956,3.017
"[3.017, 3.0180000000000002)",0.03953936431250001,3.018
"[3.0180000000000002, 3.019)",0.008861904636363634,3.019
"[3.019, 3.02)",0.012470598531250002,3.02
"[3.02, 3.021)",0.01710612781481482,3.021
"[3.021, 3.0220000000000002)",0.009223541499999998,3.022
"[3.0220000000000002, 3.023)",0.011653668756521738,3.023
"[3.023, 3.024)",0.01588480464736842,3.024
"[3.024, 3.025)",0.027892274559999996,3.025
"[3.025, 3.0260000000000002)",0.04756223905909089,3.026
"[3.0260000000000002, 3.027)",0.027191749699200005,3.027
"[3.027, 3.028)",0.016206501696666667,3.028
"[3.028, 3.029)",0.06083898833840003,3.029
"[3.029, 3.0300000000000002)",0.011730200826086959,3.03
"[3.0300000000000002, 3.031)",0.026352268499999998,3.031
"[3.031, 3.032)",0.007654985279999999,3.032
"[3.032, 3.033)",0.013202748500000003,3.033
"[3.033, 3.0340000000000003)",0.029424044336842103,3.034
"[3.0340000000000003, 3.035)",0.013534327888888888,3.035
"[3.035, 3.036)",0.015187967750000003,3.036
"[3.036, 3.037)",0.04214463026923078,3.037
"[3.037, 3.0380000000000003)",0.06671570369999999,3.038
"[3.0380000000000003, 3.039)",0.02484425625263158,3.039
"[3.039, 3.04)",0.020798524764705884,3.04
"[3.04, 3.041)",0.04604578866666666,3.041
"[3.041, 3.0420000000000003)",0.019042941750000004,3.042
"[3.0420000000000003, 3.043)",0.037545290329411764,3.043
"[3.043, 3.044)",0.019796294117647058,3.044
"[3.044, 3.045)",0.07319430488235293,3.045
"[3.045, 3.0460000000000003)",0.03891710819047619,3.046
"[3.0460000000000003, 3.047)",0.01875360186666667,3.047
"[3.047, 3.048)",0.008385399191304347,3.048
"[3.048, 3.049)",0.013187679649999997,3.049
"[3.049, 3.0500000000000003)",0.03122477345454545,3.05
"[3.0500000000000003, 3.051)",0.02283473565789474,3.051
"[3.051, 3.052)",0.0787753326,3.052
"[3.052, 3.053)",0.03664138843478261,3.053
"[3.053, 3.0540000000000003)",0.022555337421052632,3.054
"[3.0540000000000003, 3.055)",0.04293491063636363,3.055
"[3.055, 3.056)",0.011607597384615389,3.056
"[3.056, 3.057)",0.012326535684210528,3.057
"[3.057, 3.0580000000000003)",0.05412967871578948,3.058
"[3.0580000000000003, 3.059)",0.019896785285714282,3.059
"[3.059, 3.06)",0.010305048047619048,3.06
"[3.06, 3.061)",0.01699944994074075,3.061
"[3.061, 3.0620000000000003)",0.02852852827083333,3.062
"[3.0620000000000003, 3.063)",0.015563846611111114,3.063
"[3.063, 3.064)",0.03568462696774194,3.064
"[3.064, 3.065)",0.010423271062499998,3.065
"[3.065, 3.0660000000000003)",0.02089500320645161,3.066
"[3.0660000000000003, 3.067)",0.027999192299999996,3.067
"[3.067, 3.068)",0.016692103590909092,3.068
"[3.068, 3.069)",0.018585575375862064,3.069
"[3.069, 3.0700000000000003)",0.02970385443192307,3.07
"[3.0700000000000003, 3.071)",0.056647379619615384,3.071
"[3.071, 3.072)",0.017068704757142856,3.072
"[3.072, 3.073)",0.013373401608695651,3.073
"[3.073, 3.074)",0.04759190110000002,3.074
"[3.074, 3.075)",0.021507219,3.075
"[3.075, 3.076)",0.013513823272727273,3.076
"[3.076, 3.077)",0.024537230799999997,3.077
"[3.077, 3.078)",0.027370867275862062,3.078
"[3.078, 3.079)",0.02481943922727273,3.079
"[3.079, 3.08)",0.019744921724137925,3.08
"[3.08, 3.081)",0.025266274038461545,3.081
"[3.081, 3.082)",0.06441099965000001,3.082
"[3.082, 3.083)",0.024050648136363637,3.083
"[3.083, 3.084)",0.05059169070666666,3.084
"[3.084, 3.085)",0.023431280142857135,3.085
"[3.085, 3.086)",0.0333523244,3.086
"[3.086, 3.087)",0.03558326273333334,3.087
"[3.087, 3.088)",0.04068652496153846,3.088
"[3.088, 3.089)",0.0124738471,3.089
"[3.089, 3.09)",0.04419451255555556,3.09
"[3.09, 3.091)",0.12589855824210525,3.091
"[3.091, 3.092)",0.04294550356,3.092
"[3.092, 3.093)",0.02105104118518519,3.093
"[3.093, 3.094)",0.036695648125,3.094
"[3.094, 3.095)",0.06780198995384615,3.095
"[3.095, 3.096)",0.010131067045454549,3.096
"[3.096, 3.097)",0.038097158879999996,3.097
"[3.097, 3.098)",0.01788454405185185,3.098
"[3.098, 3.099)",0.014243586551851851,3.099
"[3.099, 3.1)",0.03285753896399999,3.1
"[3.1, 3.101)",0.056554982947368417,3.101
"[3.101, 3.102)",0.019961670125000008,3.102
"[3.102, 3.103)",0.015710930662962964,3.103
"[3.103, 3.104)",0.028410614249999997,3.104
"[3.104, 3.105)",0.009186512736842106,3.105
"[3.105, 3.106)",0.02847192468620689,3.106
"[3.106, 3.107)",0.016819339654545455,3.107
"[3.107, 3.108)",0.00387694564,3.108
"[3.108, 3.109)",0.012734611500000001,3.109
"[3.109, 3.11)",0.028596465727272716,3.11
"[3.11, 3.111)",0.010055114500000002,3.111
"[3.111, 3.112)",0.019189832227272732,3.112
"[3.112, 3.113)",0.015010786916666664,3.113
"[3.113, 3.114)",0.018920160315789473,3.114
"[3.114, 3.115)",0.03872120687499999,3.115
"[3.115, 3.116)",0.013653206647058819,3.116
"[3.116, 3.117)",0.016883763722222216,3.117
"[3.117, 3.118)",0.04078887483333333,3.118
"[3.118, 3.119)",0.012818791615384616,3.119
"[3.119, 3.12)",0.06338270659999999,3.12
"[3.12, 3.121)",0.034557170520000006,3.121
"[3.121, 3.122)",0.06481249395000001,3.122
"[3.122, 3.123)",0.030573281095238096,3.123
"[3.123, 3.124)",0.04262779435714286,3.124
"[3.124, 3.125)",0.0177975659,3.125
"[3.125, 3.126)",0.01789246718636364,3.126
"[3.126, 3.1270000000000002)",0.03670108857894736,3.127
"[3.1270000000000002, 3.128)",0.08350051020000002,3.128
"[3.128, 3.129)",0.06973532669565218,3.129
"[3.129, 3.13)",0.015414242846153843,3.13
"[3.13, 3.1310000000000002)",0.015292735193548389,3.131
"[3.1310000000000002, 3.132)",0.040187516538461546,3.132
"[3.132, 3.133)",0.026549210299999994,3.133
"[3.133, 3.134)",0.05119716052000002,3.134
"[3.134, 3.1350000000000002)",0.012430596595454542,3.135
"[3.1350000000000002, 3.136)",0.07260910984708334,3.136
"[3.136, 3.137)",0.1005800036,3.137
"[3.137, 3.138)",0.03854561121,3.138
"[3.138, 3.1390000000000002)",0.018998682937500008,3.139
"[3.1390000000000002, 3.14)",0.006701977549999999,3.14
"[3.14, 3.141)",0.020036597285714282,3.141
"[3.141, 3.142)",0.03522410122499999,3.142
"[3.142, 3.1430000000000002)",0.017775209783333332,3.143
"[3.1430000000000002, 3.144)",0.010100672538461539,3.144
"[3.144, 3.145)",0.025405194534999998,3.145
"[3.145, 3.146)",0.06317708521428571,3.146
"[3.146, 3.1470000000000002)",0.04369173521428571,3.147
"[3.1470000000000002, 3.148)",0.018427604266666668,3.148
"[3.148, 3.149)",0.04113911717241381,3.149
"[3.149, 3.15)",0.049735842,3.15
"[3.15, 3.1510000000000002)",0.050858391875000006,3.151
"[3.1510000000000002, 3.152)",0.03995221235294116,3.152
"[3.152, 3.153)",0.014374748105263157,3.153
"[3.153, 3.154)",0.017571429,3.154
"[3.154, 3.1550000000000002)",0.01239855107142857,3.155
"[3.1550000000000002, 3.156)",0.0264153948,3.156
"[3.156, 3.157)",0.05964894461538462,3.157
"[3.157, 3.158)",0.04618353411764705,3.158
"[3.158, 3.1590000000000003)",0.04353094418181818,3.159
"[3.1590000000000003, 3.16)",0.011723354526315791,3.16
"[3.16, 3.161)",0.012832596893333333,3.161
"[3.161, 3.162)",0.09603279910526315,3.162
"[3.162, 3.1630000000000003)",0.022648736526315792,3.163
"[3.1630000000000003, 3.164)",0.047302501625,3.164
"[3.164, 3.165)",0.0334863922631579,3.165
"[3.165, 3.166)",0.04333951784210526,3.166
"[3.166, 3.1670000000000003)",0.06148411819999999,3.167
"[3.1670000000000003, 3.168)",0.052224002150000004,3.168
"[3.168, 3.169)",0.0149963189,3.169
"[3.169, 3.17)",0.04186398664999999,3.17
"[3.17, 3.1710000000000003)",0.06285152999999999,3.171
"[3.1710000000000003, 3.172)",0.0732034576,3.172
"[3.172, 3.173)",0.015670582186956522,3.173
"[3.173, 3.174)",0.021715024000000003,3.174
"[3.174, 3.1750000000000003)",0.009304405705882353,3.175
"[3.1750000000000003, 3.176)",0.03297236557894736,3.176
"[3.176, 3.177)",0.05503370761904761,3.177
"[3.177, 3.178)",0.03860632889241379,3.178
"[3.178, 3.1790000000000003)",0.035332797949999994,3.179
"[3.1790000000000003, 3.18)",0.01860986449310345,3.18
"[3.18, 3.181)",0.03930128647027027,3.181
"[3.181, 3.182)",0.04734417972222223,3.182
"[3.182, 3.1830000000000003)",0.025311118142857143,3.183
"[3.1830000000000003, 3.184)",0.014898708208333335,3.184
"[3.184, 3.185)",0.03583203415789474,3.185
"[3.185, 3.186)",0.02462579930434783,3.186
"[3.186, 3.1870000000000003)",0.02867556847619047,3.187
"[3.1870000000000003, 3.188)",0.020161232125000005,3.188
"[3.188, 3.189)",0.017973708519999996,3.189
"[3.189, 3.19)",0.03748459056521739,3.19
"[3.19, 3.1910000000000003)",0.041986352750000004,3.191
"[3.1910000000000003, 3.192)",0.014277659470588237,3.192
"[3.192, 3.193)",0.03378295,3.193
"[3.193, 3.194)",0.03968199968181818,3.194
"[3.194, 3.1950000000000003)",0.036487646023529406,3.195
"[3.1950000000000003, 3.196)",0.025766391529411764,3.196
"[3.196, 3.197)",0.015387388956521739,3.197
"[3.197, 3.198)",0.005289039533333333,3.198
"[3.198, 3.1990000000000003)",0.04125451476923077,3.199
"[3.1990000000000003, 3.2)",0.01659976114285714,3.2
"[3.2, 3.201)",0.005661173792,3.201
"[3.201, 3.202)",0.009533158173913042,3.202
"[3.202, 3.203)",0.026762986788888894,3.203
"[3.203, 3.204)",0.00714958023076923,3.204
"[3.204, 3.205)",0.05384869648000002,3.205
"[3.205, 3.206)",0.0098401722,3.206
"[3.206, 3.207)",0.010835729588235294,3.207
"[3.207, 3.208)",0.031020478849999995,3.208
"[3.208, 3.209)",0.031143382944444447,3.209
"[3.209, 3.21)",0.057574933849999975,3.21
"[3.21, 3.211)",0.01702220245909091,3.211
"[3.211, 3.212)",0.01741462505882353,3.212
"[3.212, 3.213)",0.023136311666666666,3.213
"[3.213, 3.214)",0.02205143145217391,3.214
"[3.214, 3.215)",0.010223921277777777,3.215
"[3.215, 3.216)",0.02500996644444444,3.216
"[3.216, 3.217)",0.036682235249999987,3.217
"[3.217, 3.218)",0.030616905144,3.218
"[3.218, 3.219)",0.03702718995454545,3.219
"[3.219, 3.22)",0.02736676,3.22
"[3.22, 3.221)",0.009931776042105264,3.221
"[3.221, 3.222)",0.03175528942105263,3.222
"[3.222, 3.223)",0.02436615057083333,3.223
"[3.223, 3.224)",0.024265474233333334,3.224
"[3.224, 3.225)",0.07364796979583332,3.225
"[3.225, 3.226)",0.06674466144545455,3.226
"[3.226, 3.227)",0.011957940821428573,3.227
"[3.227, 3.228)",0.009914378583333334,3.228
"[3.228, 3.229)",0.00510649670625,3.229
"[3.229, 3.23)",0.029628102304000006,3.23
"[3.23, 3.231)",0.00671961085,3.231
"[3.231, 3.232)",0.0183212073125,3.232
"[3.232, 3.233)",0.07799350707692308,3.233
"[3.233, 3.234)",0.025427406619047625,3.234
"[3.234, 3.235)",0.016922010952380953,3.235
"[3.235, 3.236)",0.009213763666666666,3.236
"[3.236, 3.237)",0.028245371500000005,3.237
"[3.237, 3.238)",0.023945432738095247,3.238
"[3.238, 3.239)",0.019920694058823532,3.239
"[3.239, 3.24)",0.02306867663157894,3.24
"[3.24, 3.241)",0.022925334850000006,3.241
"[3.241, 3.242)",0.018562235270588232,3.242
"[3.242, 3.243)",0.009109740714285714,3.243
"[3.243, 3.244)",0.020882104999999998,3.244
"[3.244, 3.245)",0.09120752152173914,3.245
"[3.245, 3.246)",0.07172695537500001,3.246
"[3.246, 3.247)",0.04437597218476191,3.247
"[3.247, 3.248)",0.06090075383333333,3.248
"[3.248, 3.249)",0.02198722614285714,3.249
"[3.249, 3.25)",0.024888980999999998,3.25
"[3.25, 3.251)",0.007947584499999999,3.251
"[3.251, 3.2520000000000002)",0.01922569722,3.252
"[3.2520000000000002, 3.253)",0.010144279721428572,3.253
"[3.253, 3.254)",0.03474485613333333,3.254
"[3.254, 3.255)",0.02365799269230769,3.255
"[3.255, 3.2560000000000002)",0.034816689500000005,3.256
"[3.2560000000000002, 3.257)",0.015216929888888888,3.257
"[3.257, 3.258)",0.024099398124999998,3.258
"[3.258, 3.259)",0.008659266142857142,3.259
"[3.259, 3.2600000000000002)",0.017949328311111113,3.26
"[3.2600000000000002, 3.261)",0.00966448961904762,3.261
"[3.261, 3.262)",0.026991064727272727,3.262
"[3.262, 3.263)",0.017364088235294117,3.263
"[3.263, 3.2640000000000002)",0.04110908086363636,3.264
"[3.2640000000000002, 3.265)",0.0548980715,3.265
"[3.265, 3.266)",0.02829485108695652,3.266
"[3.266, 3.267)",0.022514029663157898,3.267
"[3.267, 3.2680000000000002)",0.007692708299999999,3.268
"[3.2680000000000002, 3.269)",0.020136748434782605,3.269
"[3.269, 3.27)",0.013740216545454544,3.27
"[3.27, 3.271)",0.0593207870625,3.271
"[3.271, 3.2720000000000002)",0.021378666666666664,3.272
"[3.2720000000000002, 3.273)",0.02011209691304348,3.273
"[3.273, 3.274)",0.030601260253846154,3.274
"[3.274, 3.275)",0.03688191396666666,3.275
"[3.275, 3.2760000000000002)",0.008619389923076922,3.276
"[3.2760000000000002, 3.277)",0.01078891805882353,3.277
"[3.277, 3.278)",0.011569553249999996,3.278
"[3.278, 3.279)",0.02647224836875,3.279
"[3.279, 3.2800000000000002)",0.03312711567619048,3.28
"[3.2800000000000002, 3.281)",0.03013380471666667,3.281
"[3.281, 3.282)",0.021813539333333333,3.282
"[3.282, 3.283)",0.025472269375000006,3.283
"[3.283, 3.2840000000000003)",0.03931205833333334,3.284
"[3.2840000000000003, 3.285)",0.02151101547058823,3.285
"[3.285, 3.286)",0.020909290633333334,3.286
"[3.286, 3.287)",0.07416286392307692,3.287
"[3.287, 3.2880000000000003)",0.024860861666666664,3.288
"[3.2880000000000003, 3.289)",0.035290265187499996,3.289
"[3.289, 3.29)",0.029497705615384617,3.29
"[3.29, 3.291)",0.07427473714285715,3.291
"[3.291, 3.2920000000000003)",0.014846890995238095,3.292
"[3.2920000000000003, 3.293)",0.02091290614285714,3.293
"[3.293, 3.294)",0.008663224153846153,3.294
"[3.294, 3.295)",0.0125278228,3.295
"[3.295, 3.2960000000000003)",0.02445223509090909,3.296
"[3.2960000000000003, 3.297)",0.024315228307692307,3.297
"[3.297, 3.298)",0.02511925,3.298
"[3.298, 3.299)",0.023288460663636365,3.299
"[3.299, 3.3000000000000003)",0.011376108900000001,3.3
"[3.3000000000000003, 3.301)",0.021610917733333335,3.301
"[3.301, 3.302)",0.02123036322222222,3.302
"[3.302, 3.303)",0.051039840769230765,3.303
"[3.303, 3.3040000000000003)",0.03809966050000001,3.304
"[3.3040000000000003, 3.305)",0.04936160428571428,3.305
"[3.305, 3.306)",0.021667638785714285,3.306
"[3.306, 3.307)",0.01598878683846154,3.307
"[3.307, 3.3080000000000003)",0.020923204874999997,3.308
"[3.3080000000000003, 3.309)",0.014247555636363636,3.309
"[3.309, 3.31)",0.0090934561,3.31
"[3.31, 3.311)",0.014020788777777777,3.311
"[3.311, 3.3120000000000003)",0.012181035333333331,3.312
"[3.3120000000000003, 3.313)",0.024566980263157907,3.313
"[3.313, 3.314)",0.04751994485833333,3.314
"[3.314, 3.315)",0.005783469210526315,3.315
"[3.315, 3.3160000000000003)",0.0111699680625,3.316
"[3.3160000000000003, 3.317)",0.03056143777777778,3.317
"[3.317, 3.318)",0.058136724400000006,3.318
"[3.318, 3.319)",0.020868605076923077,3.319
"[3.319, 3.3200000000000003)",0.06944289571428572,3.32
"[3.3200000000000003, 3.321)",0.021295421624999998,3.321
"[3.321, 3.322)",0.0084925123,3.322
"[3.322, 3.323)",0.02823906477777778,3.323
"[3.323, 3.3240000000000003)",0.0099043853,3.324
"[3.3240000000000003, 3.325)",0.026886584846153853,3.325
"[3.325, 3.326)",0.06656936027272725,3.326
"[3.326, 3.327)",0.03814989269333333,3.327
"[3.327, 3.3280000000000003)",0.0310122695,3.328
"[3.3280000000000003, 3.329)",0.038971987166666666,3.329
"[3.329, 3.33)",0.11148951461538462,3.33
"[3.33, 3.331)",0.021604684823529414,3.331
"[3.331, 3.332)",0.016719030428571428,3.332
"[3.332, 3.333)",0.03296570525,3.333
"[3.333, 3.334)",0.025704327235294123,3.334
"[3.334, 3.335)",0.012276751733333334,3.335
"[3.335, 3.336)",0.059007891857142857,3.336
"[3.336, 3.337)",0.024417510249999996,3.337
"[3.337, 3.338)",0.01767721883333333,3.338
"[3.338, 3.339)",0.04731134618181818,3.339
"[3.339, 3.34)",0.007659692874999999,3.34
"[3.34, 3.341)",0.037947053333333335,3.341
"[3.341, 3.342)",0.010194262812499999,3.342
"[3.342, 3.343)",0.035258821999999995,3.343
"[3.343, 3.344)",0.04247598471428571,3.344
"[3.344, 3.345)",0.028702925933333335,3.345
"[3.345, 3.346)",0.023565176363636364,3.346
"[3.346, 3.347)",0.010945243687499998,3.347
"[3.347, 3.348)",0.012852793666666666,3.348
"[3.348, 3.349)",0.009854899588235294,3.349
"[3.349, 3.35)",0.03765121642857142,3.35
"[3.35, 3.351)",0.032647035333333324,3.351
"[3.351, 3.352)",0.03359817924999999,3.352
"[3.352, 3.353)",0.05072604755555554,3.353
"[3.353, 3.354)",0.011663614556249998,3.354
"[3.354, 3.355)",0.01915573161111111,3.355
"[3.355, 3.356)",0.015882214,3.356
"[3.356, 3.357)",0.0329916602,3.357
"[3.357, 3.358)",0.055465618153846145,3.358
"[3.358, 3.359)",0.013127926299999999,3.359
"[3.359, 3.36)",0.016099574454545455,3.36
"[3.36, 3.361)",0.026523197764705884,3.361
"[3.361, 3.362)",0.008157058285714286,3.362
"[3.362, 3.363)",0.01869924921428572,3.363
"[3.363, 3.364)",0.009753063687499997,3.364
"[3.364, 3.365)",0.02564099932222223,3.365
"[3.365, 3.366)",0.020355455076923077,3.366
"[3.366, 3.367)",0.00563228275,3.367
"[3.367, 3.368)",0.003973311307692308,3.368
"[3.368, 3.369)",0.020434783266666666,3.369
"[3.369, 3.37)",0.02041309875,3.37
"[3.37, 3.371)",0.06429365538461539,3.371
"[3.371, 3.372)",0.022154122363636366,3.372
"[3.372, 3.373)",0.0090331424,3.373
"[3.373, 3.374)",0.026486016846153853,3.374
"[3.374, 3.375)",0.01970251333333333,3.375
"[3.375, 3.376)",0.032405155899999996,3.376
"[3.376, 3.3770000000000002)",0.004919190578571429,3.377
"[3.3770000000000002, 3.378)",0.02190693225,3.378
"[3.378, 3.379)",0.033721922875,3.379
"[3.379, 3.38)",0.019713196400000004,3.38
"[3.38, 3.3810000000000002)",0.020536025833333332,3.381
"[3.3810000000000002, 3.382)",0.0288947116,3.382
"[3.382, 3.383)",0.015512621300000001,3.383
"[3.383, 3.384)",0.017107927384615387,3.384
"[3.384, 3.3850000000000002)",0.024083284125,3.385
"[3.3850000000000002, 3.386)",0.01053294317142857,3.386
"[3.386, 3.387)",0.007695585255555557,3.387
"[3.387, 3.388)",0.011687761235714285,3.388
"[3.388, 3.3890000000000002)",0.02335171521666667,3.389
"[3.3890000000000002, 3.39)",0.042797181600000005,3.39
"[3.39, 3.391)",0.0136167909,3.391
"[3.391, 3.392)",0.03927553133333333,3.392
"[3.392, 3.3930000000000002)",0.009596916815,3.393
"[3.3930000000000002, 3.394)",0.013381869785714286,3.394
"[3.394, 3.395)",0.0099022569375,3.395
"[3.395, 3.396)",0.04010424352142857,3.396
"[3.396, 3.3970000000000002)",0.013610537888888892,3.397
"[3.3970000000000002, 3.398)",0.0100590868,3.398
"[3.398, 3.399)",0.009074964555555554,3.399
"[3.399, 3.4)",0.015389261823529413,3.4
"[3.4, 3.4010000000000002)",0.008101497952380953,3.401
"[3.4010000000000002, 3.402)",0.023275217705882353,3.402
"[3.402, 3.403)",0.016718286363636366,3.403
"[3.403, 3.404)",0.02237409833333333,3.404
"[3.404, 3.4050000000000002)",0.03214738136363637,3.405
"[3.4050000000000002, 3.406)",0.0230743166,3.406
"[3.406, 3.407)",0.014823482702142857,3.407
"[3.407, 3.408)",0.017737255181818182,3.408
"[3.408, 3.4090000000000003)",0.0119151188,3.409
"[3.4090000000000003, 3.41)",0.017961878999999997,3.41
"[3.41, 3.411)",0.03070826358333333,3.411
"[3.411, 3.412)",0.015329311545454544,3.412
"[3.412, 3.4130000000000003)",0.04429445571428571,3.413
"[3.4130000000000003, 3.414)",0.028086131500000007,3.414
"[3.414, 3.415)",0.01674551579230769,3.415
"[3.415, 3.416)",0.03959216592307692,3.416
"[3.416, 3.4170000000000003)",0.10966304542000002,3.417
"[3.4170000000000003, 3.418)",0.02273160941666667,3.418
"[3.418, 3.419)",0.029101827916666673,3.419
"[3.419, 3.42)",0.0412302120625,3.42
"[3.42, 3.4210000000000003)",0.07585624011764706,3.421
"[3.4210000000000003, 3.422)",0.017616103799999998,3.422
"[3.422, 3.423)",0.09007830764285718,3.423
"[3.423, 3.424)",0.020185309499999998,3.424
"[3.424, 3.4250000000000003)",0.009485972764705884,3.425
"[3.4250000000000003, 3.426)",0.1171267697142857,3.426
"[3.426, 3.427)",0.031086002199999997,3.427
"[3.427, 3.428)",0.03330289516666667,3.428
"[3.428, 3.4290000000000003)",0.0054890438695652174,3.429
"[3.4290000000000003, 3.43)",0.02332120781818182,3.43
"[3.43, 3.431)",0.03725374585899997,3.431
"[3.431, 3.432)",0.035767015562500004,3.432
"[3.432, 3.4330000000000003)",0.03012333757142857,3.433
"[3.4330000000000003, 3.434)",0.0051655569999999994,3.434
"[3.434, 3.435)",0.03653246747058823,3.435
"[3.435, 3.436)",0.010753927795238094,3.436
"[3.436, 3.4370000000000003)",0.02834838233333333,3.437
"[3.4370000000000003, 3.438)",0.029543031157894736,3.438
"[3.438, 3.439)",0.12256203144444447,3.439
"[3.439, 3.44)",0.01071576070909091,3.44
"[3.44, 3.4410000000000003)",0.03824461168421052,3.441
"[3.4410000000000003, 3.442)",0.09745467240833337,3.442
"[3.442, 3.443)",0.024929946833333334,3.443
"[3.443, 3.444)",0.01837393633333333,3.444
"[3.444, 3.4450000000000003)",0.015171318705882352,3.445
"[3.4450000000000003, 3.446)",0.07396123829999998,3.446
"[3.446, 3.447)",0.01955321247619048,3.447
"[3.447, 3.448)",0.019716567666666664,3.448
"[3.448, 3.4490000000000003)",0.018591243071428575,3.449
"[3.4490000000000003, 3.45)",0.027398328277777786,3.45
"[3.45, 3.451)",0.022873575363636364,3.451
"[3.451, 3.452)",0.023404267299999996,3.452
"[3.452, 3.4530000000000003)",0.037429556625,3.453
"[3.4530000000000003, 3.454)",0.031764549071428574,3.454
"[3.454, 3.455)",0.05849276757142858,3.455
"[3.455, 3.456)",0.018886242875,3.456
"[3.456, 3.457)",0.01115105523076923,3.457
"[3.457, 3.458)",0.0959536594615385,3.458
"[3.458, 3.459)",0.030552521,3.459
"[3.459, 3.46)",0.029806568727272723,3.46
"[3.46, 3.461)",0.0071600523,3.461
"[3.461, 3.462)",0.005581740114285714,3.462
"[3.462, 3.463)",0.022123545875,3.463
"[3.463, 3.464)",0.03247734485,3.464
"[3.464, 3.465)",0.0058769874545454535,3.465
"[3.465, 3.466)",0.022850609181818183,3.466
"[3.466, 3.467)",0.058173210425,3.467
"[3.467, 3.468)",0.003528221,3.468
"[3.468, 3.469)",0.026870103833333336,3.469
"[3.469, 3.47)",0.017638580272727276,3.47
"[3.47, 3.471)",0.006857737142857144,3.471
"[3.471, 3.472)",0.027794322615384615,3.472
"[3.472, 3.473)",0.010853468833333333,3.473
"[3.473, 3.474)",0.03477855375000001,3.474
"[3.474, 3.475)",0.10575605111111111,3.475
"[3.475, 3.476)",0.05598982166666667,3.476
"[3.476, 3.477)",0.03693653527272727,3.477
"[3.477, 3.478)",0.005410906599999999,3.478
"[3.478, 3.479)",0.015614045207142855,3.479
"[3.479, 3.48)",0.020875009999999996,3.48
"[3.48, 3.481)",0.005088493915384615,3.481
"[3.481, 3.482)",0.035616246666666664,3.482
"[3.482, 3.483)",0.010833628333333333,3.483
"[3.483, 3.484)",0.023333152857142856,3.484
"[3.484, 3.485)",0.028522293778571427,3.485
"[3.485, 3.486)",0.02699415825,3.486
"[3.486, 3.487)",0.032041736142857144,3.487
"[3.487, 3.488)",0.004879477971428571,3.488
"[3.488, 3.489)",0.03159665825,3.489
"[3.489, 3.49)",0.017054931285714284,3.49
"[3.49, 3.491)",0.0735503757142857,3.491
"[3.491, 3.492)",0.01693041075,3.492
"[3.492, 3.493)",0.010932314125,3.493
"[3.493, 3.494)",0.080449875,3.494
"[3.494, 3.495)",0.029397202874999997,3.495
"[3.495, 3.496)",0.003510601428571429,3.496
"[3.496, 3.497)",0.025130167999999998,3.497
"[3.497, 3.498)",0.017197630499999998,3.498
"[3.498, 3.499)",0.020640541666666668,3.499
"[3.499, 3.5)",0.0116594486,3.5
"[3.5, 3.501)",0.020657556399999995,3.501
"[3.501, 3.5020000000000002)",0.033936829872727274,3.502
"[3.5020000000000002, 3.503)",0.009512386500000001,3.503
"[3.503, 3.504)",0.011660517666666669,3.504
"[3.504, 3.505)",0.02746880222222222,3.505
"[3.505, 3.5060000000000002)",0.01999715711111111,3.506
"[3.5060000000000002, 3.507)",0.026719291666666662,3.507
"[3.507, 3.508)",0.02114758175,3.508
"[3.508, 3.509)",0.02954415714285714,3.509
"[3.509, 3.5100000000000002)",0.045348616625000004,3.51
"[3.5100000000000002, 3.511)",0.048609770000000004,3.511
"[3.511, 3.512)",0.029810153333333336,3.512
"[3.512, 3.513)",0.02444187714285714,3.513
"[3.513, 3.5140000000000002)",0.11143430250000001,3.514
"[3.5140000000000002, 3.515)",0.02127110125,3.515
"[3.515, 3.516)",0.05064226857142857,3.516
"[3.516, 3.517)",0.0703782985,3.517
"[3.517, 3.5180000000000002)",0.009261711666666667,3.518
"[3.5180000000000002, 3.519)",0.0575575226,3.519
"[3.519, 3.52)",0.007472384125,3.52
"[3.52, 3.521)",0.0037784399999999997,3.521
"[3.521, 3.5220000000000002)",0.003940101857142857,3.522
"[3.5220000000000002, 3.523)",0.11710674988888889,3.523
"[3.523, 3.524)",0.08521521285714284,3.524
"[3.524, 3.525)",0.023811494125000002,3.525
"[3.525, 3.5260000000000002)",0.00699202,3.526
"[3.5260000000000002, 3.527)",0.0008805639999999999,3.527
"[3.527, 3.528)",0.015432468514285714,3.528
"[3.528, 3.529)",0.009631475111111112,3.529
"[3.529, 3.5300000000000002)",0.035456658,3.53
"[3.5300000000000002, 3.531)",0.006411796124999999,3.531
"[3.531, 3.532)",0.049791499999999995,3.532
"[3.532, 3.533)",0.009299741916666666,3.533
"[3.533, 3.5340000000000003)",0.023242355444444442,3.534
"[3.5340000000000003, 3.535)",0.026332983666666667,3.535
"[3.535, 3.536)",0.023057926142857146,3.536
"[3.536, 3.537)",0.014787064333333336,3.537
"[3.537, 3.5380000000000003)",0.130937984,3.538
"[3.5380000000000003, 3.539)",0.04386583328571429,3.539
"[3.539, 3.54)",0.00353777,3.54
"[3.54, 3.541)",0.06302737,3.541
"[3.541, 3.5420000000000003)",0.032321064875,3.542
"[3.5420000000000003, 3.543)",0.005729194333333333,3.543
"[3.543, 3.544)",0.008663154285714287,3.544
"[3.544, 3.545)",0.021377233333333332,3.545
"[3.545, 3.5460000000000003)",0.0017113276666666666,3.546
"[3.5460000000000003, 3.547)",0.004442904714285714,3.547
"[3.547, 3.548)",0.016832737666666667,3.548
"[3.548, 3.549)",0.0224456468,3.549
"[3.549, 3.5500000000000003)",0.08412193999999999,3.55
"[3.5500000000000003, 3.551)",0.003929430750000001,3.551
"[3.551, 3.552)",0.016478019555555553,3.552
"[3.552, 3.553)",0.007695082874999999,3.553
"[3.553, 3.5540000000000003)",0.027949427166666662,3.554
"[3.5540000000000003, 3.555)",0.0082173835,3.555
"[3.555, 3.556)",0.007130422000000001,3.556
"[3.556, 3.557)",0.007969503285714285,3.557
"[3.557, 3.5580000000000003)",0.028823001333333334,3.558
"[3.5580000000000003, 3.559)",0.009362025714285713,3.559
"[3.559, 3.56)",0.0142753886,3.56
"[3.56, 3.561)",0.004312007116666666,3.561
"[3.561, 3.5620000000000003)",0.034781452000000004,3.562
"[3.5620000000000003, 3.563)",0.0204270805,3.563
"[3.563, 3.564)",0.0362460437625,3.564
"[3.564, 3.565)",0.000540833,3.565
"[3.565, 3.5660000000000003)",0.0010629972,3.566
"[3.5660000000000003, 3.567)",0.07119421785714285,3.567
"[3.567, 3.568)",0.02166678883333333,3.568
"[3.568, 3.569)",0.10037469859999999,3.569
"[3.569, 3.5700000000000003)",0.025493694125,3.57
"[3.5700000000000003, 3.571)",0.012983023285714285,3.571
"[3.571, 3.572)",0.010949813900000003,3.572
"[3.572, 3.573)",0.009767853714285716,3.573
"[3.573, 3.5740000000000003)",0.1368936604,3.574
"[3.5740000000000003, 3.575)",0.023465126750000002,3.575
"[3.575, 3.576)",0.02314810871428571,3.576
"[3.576, 3.577)",0.01998082757142857,3.577
"[3.577, 3.5780000000000003)",0.01141914825,3.578
"[3.5780000000000003, 3.579)",0.004499916666666666,3.579
"[3.579, 3.58)",0.04166269413333334,3.58
"[3.58, 3.581)",0.015950727499999998,3.581
"[3.581, 3.5820000000000003)",0.013413902818181818,3.582
"[3.5820000000000003, 3.583)",0.011984906666666668,3.583
"[3.583, 3.584)",0.00983011325,3.584
"[3.584, 3.585)",0.028619826600000002,3.585
"[3.585, 3.586)",0.02732529663636364,3.586
"[3.586, 3.587)",0.05907316383333333,3.587
"[3.587, 3.588)",0.045120255375,3.588
"[3.588, 3.589)",0.016520777799999997,3.589
"[3.589, 3.59)",0.009057962000000001,3.59
"[3.59, 3.591)",0.080554005,3.591
"[3.591, 3.592)",0.25478048000000003,3.592
"[3.592, 3.593)",0.02644068,3.593
"[3.593, 3.594)",0.015996116600000002,3.594
"[3.594, 3.595)",0.024740337874999997,3.595
"[3.595, 3.596)",0.013656087999999997,3.596
"[3.596, 3.597)",0.020307344999999997,3.597
"[3.597, 3.598)",0.0022833185999999997,3.598
"[3.598, 3.599)",0.043811076250000004,3.599
"[3.599, 3.6)",0.023849396,3.6
"[3.6, 3.601)",0.0122509386,3.601
"[3.601, 3.602)",0.01523045275,3.602
"[3.602, 3.603)",0.030614496666666668,3.603
"[3.603, 3.604)",0.0136107686,3.604
"[3.604, 3.605)",0.03187835333333333,3.605
"[3.605, 3.606)",0.011926605750000001,3.606
"[3.606, 3.607)",0.08606921185714286,3.607
"[3.607, 3.608)",0.022126933333333335,3.608
"[3.608, 3.609)",0.003885685,3.609
"[3.609, 3.61)",0.0218659,3.61
"[3.61, 3.611)",0.005854418333333333,3.611
"[3.611, 3.612)",0.012068701624999999,3.612
"[3.612, 3.613)",0.0214359,3.613
"[3.613, 3.614)",0.042690247,3.614
"[3.614, 3.615)",0.008592226625,3.615
"[3.615, 3.616)",0.0319622575,3.616
"[3.616, 3.617)",0.0702329075,3.617
"[3.617, 3.618)",0.054126099999999996,3.618
"[3.618, 3.619)",0.000646713,3.619
"[3.619, 3.62)",0.0198630005,3.62
"[3.62, 3.621)",0.00686771818,3.621
"[3.621, 3.622)",0.13475117707,3.622
"[3.622, 3.623)",0.0220121,3.623
"[3.623, 3.624)",0.027252628249999997,3.624
"[3.624, 3.625)",0.011629389999999998,3.625
"[3.625, 3.626)",0.02054257333333333,3.626
"[3.626, 3.6270000000000002)",0.0013968395000000002,3.627
"[3.6270000000000002, 3.628)",0.009257789,3.628
"[3.628, 3.629)",0.133085256,3.629
"[3.629, 3.63)",0.040982855,3.63
"[3.63, 3.6310000000000002)",0.013113214166666666,3.631
"[3.6310000000000002, 3.632)",0.0250498918,3.632
"[3.632, 3.633)",0.024123001666666668,3.633
"[3.633, 3.634)",0.2702711,3.634
"[3.634, 3.6350000000000002)",0.016154211666666668,3.635
"[3.6350000000000002, 3.636)",0.0256532325,3.636
"[3.636, 3.637)",0.013949275499999999,3.637
"[3.637, 3.638)",0.0275924634,3.638
"[3.638, 3.6390000000000002)",0.02008714755555556,3.639
"[3.6390000000000002, 3.64)",0.03204073325,3.64
"[3.64, 3.641)",0.027304357499999998,3.641
"[3.641, 3.642)",0.020009139999999998,3.642
"[3.642, 3.6430000000000002)",0.0026026805999999998,3.643
"[3.6430000000000002, 3.644)",0.07208938837499998,3.644
"[3.644, 3.645)",0.020509919454545455,3.645
"[3.645, 3.646)",0.007640205,3.646
"[3.646, 3.6470000000000002)",0.011609563333333335,3.647
"[3.6470000000000002, 3.648)",0.011591635999999999,3.648
"[3.648, 3.649)",0.022913116142857144,3.649
"[3.649, 3.65)",0.0024203025,3.65
"[3.65, 3.6510000000000002)",0.019713400375,3.651
"[3.6510000000000002, 3.652)",0.025402172,3.652
"[3.652, 3.653)",0.010740380125000002,3.653
"[3.653, 3.654)",0.032869680000000005,3.654
"[3.654, 3.6550000000000002)",0.005879266571428571,3.655
"[3.6550000000000002, 3.656)",0.011809063,3.656
"[3.656, 3.657)",0.0288706201,3.657
"[3.657, 3.658)",0.0103519998,3.658
"[3.658, 3.6590000000000003)",0.02552493,3.659
"[3.6590000000000003, 3.66)",0.004024134333333333,3.66
"[3.66, 3.661)",0.019826935000000004,3.661
"[3.661, 3.662)",0.04243971383333334,3.662
"[3.662, 3.6630000000000003)",0.02463124288888889,3.663
"[3.6630000000000003, 3.664)",0.004128910714285714,3.664
"[3.664, 3.665)",0.013660927875000001,3.665
"[3.665, 3.666)",0.02717915,3.666
"[3.666, 3.6670000000000003)",0.04092106999999999,3.667
"[3.6670000000000003, 3.668)",0.009797575000000001,3.668
"[3.668, 3.669)",0.007625360749999999,3.669
"[3.669, 3.67)",0.00110742,3.67
"[3.67, 3.6710000000000003)",0.0028283112857142856,3.671
"[3.6710000000000003, 3.672)",0.016668928299999997,3.672
"[3.672, 3.673)",0.056343608,3.673
"[3.673, 3.674)",0.0490969125,3.674
"[3.674, 3.6750000000000003)",0.032839977199999995,3.675
"[3.6750000000000003, 3.676)",0.01064315825,3.676
"[3.676, 3.677)",0.05125819825,3.677
"[3.677, 3.678)",0.026810630000000002,3.678
"[3.678, 3.6790000000000003)",0.005580165749999999,3.679
"[3.6790000000000003, 3.68)",0.014382821625,3.68
"[3.68, 3.681)",0.007764139,3.681
"[3.681, 3.682)",0.003840855,3.682
"[3.682, 3.6830000000000003)",0.0031270359999999997,3.683
"[3.6830000000000003, 3.684)",0.0082898505,3.684
"[3.684, 3.685)",0.030527113666666668,3.685
"[3.685, 3.686)",0.020247055999999996,3.686
"[3.686, 3.6870000000000003)",0.012698745375,3.687
"[3.6870000000000003, 3.688)",0.0306845,3.688
"[3.688, 3.689)",0.007004258833333333,3.689
"[3.689, 3.69)",0.0006933064,3.69
"[3.69, 3.6910000000000003)",0.045610682,3.691
"[3.6910000000000003, 3.692)",0.020524996499999996,3.692
"[3.692, 3.693)",0.023597705714285717,3.693
"[3.693, 3.694)",0.04477354666666667,3.694
"[3.694, 3.6950000000000003)",0.02594722,3.695
"[3.6950000000000003, 3.696)",0.00866502775,3.696
"[3.696, 3.697)",0.011950619999999999,3.697
"[3.697, 3.698)",0.046116025666666664,3.698
"[3.698, 3.6990000000000003)",0.0131912,3.699
"[3.6990000000000003, 3.7)",0.019471511666666667,3.7
"[3.7, 3.701)",0.0535347225,3.701
"[3.701, 3.702)",0.00631164,3.702
"[3.702, 3.7030000000000003)",0.007698055499999999,3.703
"[3.7030000000000003, 3.704)",0.041931416666666665,3.704
"[3.704, 3.705)",0.012749505,3.705
"[3.705, 3.706)",0.030707539999999995,3.706
"[3.706, 3.7070000000000003)",0.025095713024999997,3.707
"[3.7070000000000003, 3.708)",0.028512424499999998,3.708
"[3.708, 3.709)",0.0266357146,3.709
"[3.709, 3.71)",0.015785684285714287,3.71
"[3.71, 3.7110000000000003)",0.011961766249999999,3.711
"[3.7110000000000003, 3.712)",0.00683995,3.712
"[3.712, 3.713)",0.020859078833333336,3.713
"[3.713, 3.714)",0.01188696625,3.714
"[3.714, 3.715)",0.017187008666666666,3.715
"[3.715, 3.716)",0.0290898206,3.716
"[3.716, 3.717)",0.018029104333333334,3.717
"[3.717, 3.718)",0.008539045,3.718
"[3.718, 3.719)",0.005607313888888889,3.719
"[3.72, 3.721)",0.011378166666666668,3.72
"[3.721, 3.722)",0.0137344746,3.721
"[3.722, 3.723)",0.05996443428571429,3.722
"[3.723, 3.724)",0.03428913,3.723
"[3.724, 3.725)",0.03198136471428571,3.724
"[3.725, 3.726)",0.0294292075,3.725
"[3.726, 3.727)",0.025363143999999997,3.726
"[3.727, 3.728)",0.01929005,3.727
"[3.728, 3.729)",0.022984491,3.728
"[3.729, 3.73)",0.020474662666666667,3.729
"[3.73, 3.731)",0.0255827075,3.73
"[3.731, 3.732)",0.026716469999999996,3.731
"[3.732, 3.733)",0.043854489999999996,3.732
"[3.733, 3.734)",0.033859610000000005,3.733
"[3.734, 3.735)",0.006935710625,3.734
"[3.735, 3.736)",0.03238073,3.735
"[3.736, 3.737)",0.010865010000000001,3.736
"[3.737, 3.738)",0.008256744333333335,3.737
"[3.738, 3.739)",0.048930875,3.738
"[3.739, 3.74)",0.016817033333333332,3.739
"[3.74, 3.741)",0.022444122499999997,3.74
"[3.741, 3.742)",0.0501735406,3.741
"[3.742, 3.743)",0.029758634999999995,3.742
"[3.743, 3.744)",0.01267605,3.743
"[3.744, 3.745)",0.0098395255,3.744
"[3.745, 3.746)",0.0790491975,3.745
"[3.746, 3.747)",0.05504142667999999,3.746
"[3.747, 3.748)",0.059787346666666664,3.747
"[3.748, 3.749)",0.07350036,3.748
"[3.749, 3.75)",0.017363915333333334,3.749
"[3.75, 3.751)",0.0204187025,3.75
"[3.751, 3.7520000000000002)",0.025749087666666667,3.751
"[3.7520000000000002, 3.753)",0.000991954,3.752
"[3.753, 3.754)",0.018680474,3.753
"[3.754, 3.755)",0.0143348,3.754
"[3.755, 3.7560000000000002)",0.000540833,3.755
"[3.7560000000000002, 3.757)",0.02136362,3.756
"[3.757, 3.758)",0.039962487500000005,3.757
"[3.758, 3.759)",0.02311459,3.758
"[3.759, 3.7600000000000002)",0.012616114000000001,3.759
"[3.7600000000000002, 3.761)",0.389748975,3.76
"[3.761, 3.762)",0.070342045,3.761
"[3.762, 3.763)",0.018867557625,3.762
"[3.763, 3.7640000000000002)",0.07437142216666666,3.763
"[3.7640000000000002, 3.765)",0.0176888025,3.764
"[3.765, 3.766)",0.0122477005,3.765
"[3.766, 3.767)",0.0316714835,3.766
"[3.767, 3.7680000000000002)",0.0019123965,3.767
"[3.7680000000000002, 3.769)",0.016717766499999998,3.768
"[3.769, 3.77)",0.012486864285714284,3.769
"[3.77, 3.771)",0.001446313,3.77
"[3.771, 3.7720000000000002)",0.035990505,3.771
"[3.7720000000000002, 3.773)",0.09345915499999999,3.772
"[3.773, 3.774)",0.0188153,3.773
"[3.774, 3.775)",0.027273201666666663,3.774
"[3.775, 3.7760000000000002)",0.036959299999999994,3.775
"[3.7760000000000002, 3.777)",0.015091112,3.776
"[3.777, 3.778)",0.25166055575,3.777
"[3.778, 3.779)",0.01956916975,3.778
"[3.779, 3.7800000000000002)",0.03450015,3.779
"[3.7800000000000002, 3.781)",0.008379178,3.78
"[3.781, 3.782)",0.0763835425,3.781
"[3.782, 3.783)",0.020018461777777777,3.782
"[3.783, 3.7840000000000003)",0.01329582138,3.783
"[3.7840000000000003, 3.785)",0.33638024,3.784
"[3.785, 3.786)",0.03287252666666667,3.785
"[3.786, 3.787)",0.018249744999999998,3.786
"[3.787, 3.7880000000000003)",0.0246930666,3.787
"[3.7880000000000003, 3.789)",0.0407555665,3.788
"[3.789, 3.79)",0.013336263499999997,3.789
"[3.79, 3.791)",0.08261060984,3.79
"[3.791, 3.7920000000000003)",0.043129179999999996,3.791
"[3.7920000000000003, 3.793)",0.006326044,3.792
"[3.793, 3.794)",0.0588818,3.793
"[3.794, 3.795)",0.02598471,3.794
"[3.795, 3.7960000000000003)",0.0188449634,3.795
"[3.7960000000000003, 3.797)",0.00435794,3.796
"[3.797, 3.798)",0.1017431106,3.797
"[3.798, 3.799)",0.01109392,3.798
"[3.799, 3.8000000000000003)",0.044599089999999994,3.799
"[3.8000000000000003, 3.801)",0.05384709575,3.8
"[3.801, 3.802)",0.0093545,3.801
"[3.802, 3.803)",0.09592226400000001,3.802
"[3.803, 3.8040000000000003)",0.00372193,3.803
"[3.8040000000000003, 3.805)",0.019490078,3.804
"[3.805, 3.806)",0.06724446814285714,3.805
"[3.806, 3.807)",0.16359184999999998,3.806
"[3.807, 3.8080000000000003)",0.0279572,3.807
"[3.8080000000000003, 3.809)",0.0435095,3.808
"[3.809, 3.81)",0.007035832333333333,3.809
"[3.81, 3.811)",0.07010539766666667,3.81
"[3.811, 3.8120000000000003)",0.027562964333333332,3.811
"[3.8120000000000003, 3.813)",0.126068,3.812
"[3.813, 3.814)",0.04839584499999999,3.813
"[3.814, 3.815)",0.0020125765,3.814
"[3.815, 3.8160000000000003)",0.006152495,3.815
"[3.8160000000000003, 3.817)",0.04035385,3.816
"[3.817, 3.818)",0.000228746,3.817
"[3.819, 3.8200000000000003)",0.010438427500000002,3.818
"[3.8200000000000003, 3.821)",0.0874062712,3.819
"[3.821, 3.822)",0.0534965,3.82
"[3.822, 3.823)",0.0656885025,3.821
"[3.823, 3.8240000000000003)",0.0038062152,3.822
"[3.8240000000000003, 3.825)",0.00365664825,3.823
"[3.825, 3.826)",0.022552785750000002,3.824
"[3.826, 3.827)",0.02134533666666667,3.825
"[3.827, 3.8280000000000003)",0.021235240000000002,3.826
"[3.8280000000000003, 3.829)",0.0038178049999999996,3.827
"[3.829, 3.83)",0.02296414466666667,3.828
"[3.83, 3.831)",0.00914127,3.829
"[3.831, 3.8320000000000003)",0.0020918953333333335,3.83
"[3.8320000000000003, 3.833)",0.03658250666666666,3.831
"[3.833, 3.834)",0.0027535850000000002,3.832
"[3.834, 3.835)",0.33388275100000003,3.833
"[3.835, 3.8360000000000003)",0.020055410599999997,3.834
"[3.8360000000000003, 3.837)",0.0120833195,3.835
"[3.837, 3.838)",0.0038170633333333335,3.836
"[3.838, 3.839)",0.050399737106,3.837
"[3.839, 3.84)",0.0273279,3.838
"[3.84, 3.841)",0.03275986075,3.839
"[3.841, 3.842)",0.007797915000000001,3.84
"[3.842, 3.843)",0.025469314999999996,3.841
"[3.843, 3.844)",0.010614114285714285,3.842
"[3.844, 3.845)",0.00232558,3.843
"[3.845, 3.846)",0.0064708165,3.844
"[3.846, 3.847)",0.027164771666666667,3.845
"[3.847, 3.848)",0.0221117326,3.846
"[3.848, 3.849)",0.013879325000000001,3.847
"[3.849, 3.85)",0.00590773825,3.848
"[3.85, 3.851)",0.030972726666666662,3.849
"[3.851, 3.852)",0.0301018,3.85
"[3.852, 3.853)",0.047472005,3.851
"[3.853, 3.854)",0.006973043333333334,3.852
"[3.854, 3.855)",0.0449438,3.853
"[3.855, 3.856)",0.00170164,3.854
"[3.856, 3.857)",0.0293866,3.855
"[3.857, 3.858)",0.00624337,3.856
"[3.858, 3.859)",0.195499035,3.857
"[3.859, 3.86)",0.012919468,3.858
"[3.86, 3.861)",0.008697665,3.859
"[3.861, 3.862)",0.0008241265000000001,3.86
"[3.862, 3.863)",0.032594874,3.861
"[3.863, 3.864)",0.05164095,3.862
"[3.864, 3.865)",0.023334298333333333,3.863
"[3.865, 3.866)",0.0630767655,3.864
"[3.866, 3.867)",0.00598007,3.865
"[3.867, 3.868)",0.017042181333333333,3.866
"[3.868, 3.869)",0.0024061415000000003,3.867
"[3.869, 3.87)",0.018016760166666663,3.868
"[3.87, 3.871)",0.00770371,3.869
"[3.872, 3.873)",0.02959931825,3.87
"[3.873, 3.874)",0.01218362225,3.871
"[3.874, 3.875)",0.0054299299999999995,3.872
"[3.875, 3.876)",0.0791929775,3.873
"[3.876, 3.8770000000000002)",0.06601930825,3.874
"[3.8770000000000002, 3.878)",0.01622881775,3.875
"[3.878, 3.879)",0.04451266614285714,3.876
"[3.879, 3.88)",0.030810115,3.877
"[3.88, 3.8810000000000002)",0.029504334285714286,3.878
"[3.8810000000000002, 3.882)",0.01382453,3.879
"[3.882, 3.883)",0.011142903333333334,3.88
"[3.883, 3.884)",0.050597868000000004,3.881
"[3.884, 3.8850000000000002)",0.00678202,3.882
"[3.8850000000000002, 3.886)",0.031072195999999996,3.883
"[3.886, 3.887)",0.07011652042857143,3.884
"[3.887, 3.888)",0.1087240826,3.885
"[3.888, 3.8890000000000002)",0.004481073333333333,3.886
"[3.8890000000000002, 3.89)",0.0300778075,3.887
"[3.89, 3.891)",0.048032983,3.888
"[3.891, 3.892)",0.04204799433333334,3.889
"[3.892, 3.8930000000000002)",0.006844220799999999,3.89
"[3.8930000000000002, 3.894)",0.0074296385,3.891
"[3.894, 3.895)",0.04959002,3.892
"[3.895, 3.896)",0.037118985714285714,3.893
"[3.896, 3.8970000000000002)",0.034687968,3.894
"[3.8970000000000002, 3.898)",0.2193091255,3.895
"[3.898, 3.899)",0.012173015,3.896
"[3.899, 3.9)",0.019826211,3.897
"[3.9, 3.9010000000000002)",0.018985927666666663,3.898
"[3.9010000000000002, 3.902)",0.0012353115,3.899
"[3.902, 3.903)",0.17630441333333333,3.9
"[3.903, 3.904)",0.058201345,3.901
"[3.904, 3.9050000000000002)",0.014351178833333332,3.902
"[3.9050000000000002, 3.906)",0.012738200699999999,3.903
"[3.906, 3.907)",0.0267158,3.904
"[3.907, 3.908)",0.051999010750000005,3.905
"[3.908, 3.9090000000000003)",0.0818431074,3.906
"[3.9090000000000003, 3.91)",0.041393444333333335,3.907
"[3.91, 3.911)",0.024202700599999998,3.908
"[3.911, 3.912)",0.04794353666666667,3.909
"[3.912, 3.9130000000000003)",0.042055105999999995,3.91
"[3.9130000000000003, 3.914)",0.023068428833333335,3.911
"[3.914, 3.915)",0.0104572175,3.912
"[3.915, 3.916)",0.10750894799999997,3.913
"[3.916, 3.9170000000000003)",0.027901346999999996,3.914
"[3.9170000000000003, 3.918)",0.007934904599999999,3.915
"[3.918, 3.919)",0.044427678600000006,3.916
"[3.919, 3.92)",0.006201075777777777,3.917
"[3.92, 3.9210000000000003)",0.0590119,3.918
"[3.9210000000000003, 3.922)",0.00959968,3.919
"[3.922, 3.923)",0.0010880579666666668,3.92
"[3.923, 3.924)",0.008889213333333333,3.921
"[3.924, 3.9250000000000003)",0.0049544374,3.922
"[3.9250000000000003, 3.926)",0.013454115,3.923
"[3.926, 3.927)",0.0166231934,3.924
"[3.927, 3.928)",0.06168059333333333,3.925
"[3.928, 3.9290000000000003)",0.046900399999999995,3.926
"[3.9290000000000003, 3.93)",0.02393099833333333,3.927
"[3.93, 3.931)",0.05706288742857143,3.928
"[3.931, 3.932)",0.007962872499999999,3.929
"[3.932, 3.9330000000000003)",0.0109570965,3.93
"[3.9330000000000003, 3.934)",0.013065185,3.931
"[3.934, 3.935)",0.01458722392857143,3.932
"[3.935, 3.936)",0.026999606666666665,3.933
"[3.936, 3.9370000000000003)",0.009105501666666667,3.934
"[3.9370000000000003, 3.938)",0.023698722000000002,3.935
"[3.938, 3.939)",0.0319406525,3.936
"[3.939, 3.94)",0.01637736314285714,3.937
"[3.94, 3.9410000000000003)",0.05249788428571428,3.938
"[3.9410000000000003, 3.942)",0.0087967125,3.939
"[3.942, 3.943)",0.015565227371428571,3.94
"[3.943, 3.944)",0.0180978146,3.941
"[3.944, 3.9450000000000003)",0.08762572986666665,3.942
"[3.9450000000000003, 3.946)",0.076863794,3.943
"[3.946, 3.947)",0.019466246666666666,3.944
"[3.947, 3.948)",0.0057173375,3.945
"[3.948, 3.9490000000000003)",0.007936151,3.946
"[3.9490000000000003, 3.95)",0.024620575111111112,3.947
"[3.95, 3.951)",0.014091203833333331,3.948
"[3.951, 3.952)",0.03287265,3.949
"[3.952, 3.9530000000000003)",0.007266846666666667,3.95
"[3.9530000000000003, 3.954)",0.014981642166666665,3.951
"[3.954, 3.955)",0.08800747333333332,3.952
"[3.955, 3.956)",0.010864026666666667,3.953
"[3.956, 3.9570000000000003)",0.08726812757142856,3.954
"[3.9570000000000003, 3.958)",0.010961232500000001,3.955
"[3.958, 3.959)",0.0064948889999999985,3.956
"[3.959, 3.96)",0.02076429423333333,3.957
"[3.96, 3.9610000000000003)",0.01524766714285714,3.958
"[3.9610000000000003, 3.962)",0.004380564599999999,3.959
"[3.962, 3.963)",0.03506166,3.96
"[3.963, 3.964)",0.0061796625,3.961
"[3.964, 3.9650000000000003)",0.009057540000000001,3.962
"[3.9650000000000003, 3.966)",0.02149588,3.963
"[3.966, 3.967)",0.0445279955,3.964
"[3.967, 3.968)",0.008792936666666668,3.965
"[3.968, 3.969)",0.029263980000000005,3.966
"[3.969, 3.97)",0.00734133325,3.967
"[3.97, 3.971)",0.02147689066666667,3.968
"[3.971, 3.972)",0.0068659875,3.969
"[3.972, 3.973)",0.0024505607499999997,3.97
"[3.973, 3.974)",0.08742816666666665,3.971
"[3.974, 3.975)",0.021753506,3.972
"[3.975, 3.976)",0.03306435787499999,3.973
"[3.976, 3.977)",0.00420663,3.974
"[3.978, 3.979)",0.0075999356666666676,3.975
"[3.979, 3.98)",0.0077871400000000006,3.976
"[3.98, 3.981)",0.0035303065999999993,3.977
"[3.981, 3.982)",0.00439975,3.978
"[3.982, 3.983)",0.00938086,3.979
"[3.983, 3.984)",0.0010689313333333333,3.98
"[3.984, 3.985)",0.028067756666666666,3.981
"[3.985, 3.986)",0.017224495,3.982
"[3.986, 3.987)",0.002955561,3.983
"[3.987, 3.988)",0.005582059,3.984
"[3.988, 3.989)",0.010531252599999999,3.985
"[3.989, 3.99)",0.002866579333333333,3.986
"[3.99, 3.991)",0.028347566499999997,3.987
"[3.991, 3.992)",0.0304362,3.988
"[3.992, 3.993)",0.02353898075,3.989
"[3.993, 3.994)",0.0398818112,3.99
"[3.994, 3.995)",0.030379027500000003,3.991
"[3.995, 3.996)",0.0143340146,3.992
"[3.996, 3.997)",0.012787057159999999,3.993
"[3.997, 3.998)",0.004817436666666667,3.994
"[3.998, 3.999)",0.008754482599999999,3.995
"[3.999, 4.0)",0.000540833,3.996
"[4.0, 4.001)",0.017676551000000002,3.997
"[4.001, 4.002)",0.023478805,3.998
"[4.002, 4.003)",0.00634501,3.999
"[4.003, 4.0040000000000004)",0.0045937525,4.0
"[4.0040000000000004, 4.005)",0.0059278575000000005,4.001
"[4.005, 4.006)",0.010885409,4.002
"[4.006, 4.007)",0.025582607399999995,4.003
"[4.007, 4.008)",0.013986455,4.004
"[4.008, 4.009)",0.0221539,4.005
"[4.009, 4.01)",0.025410711000000002,4.006
"[4.01, 4.011)",0.024105,4.007
"[4.011, 4.0120000000000005)",0.021361790000000002,4.008
"[4.0120000000000005, 4.013)",0.004250441,4.009
"[4.013, 4.014)",0.25855453325,4.01
"[4.016, 4.017)",0.0299045,4.011
"[4.017, 4.018)",0.042642933333333334,4.012
"[4.018, 4.019)",0.033104076499999996,4.013
"[4.019, 4.0200000000000005)",0.0023935985,4.014
"[4.0200000000000005, 4.021)",0.003823364333333333,4.015
"[4.021, 4.022)",0.013137876666666666,4.016
"[4.022, 4.023)",0.011798330000000001,4.017
"[4.023, 4.024)",0.006031393249999999,4.018
"[4.024, 4.025)",0.0337381,4.019
"[4.025, 4.026)",0.0144657575,4.02
"[4.026, 4.027)",0.0159562925,4.021
"[4.027, 4.0280000000000005)",0.01465187,4.022
"[4.0280000000000005, 4.029)",0.02387215,4.023
"[4.029, 4.03)",0.00226757,4.024
"[4.03, 4.031)",0.032467485000000004,4.025
"[4.031, 4.032)",0.0613590175,4.026
"[4.032, 4.033)",0.00809494128,4.027
"[4.033, 4.034)",0.0031575565,4.028
"[4.034, 4.035)",0.019791339999999998,4.029
"[4.035, 4.0360000000000005)",0.10898981333333334,4.03
"[4.0360000000000005, 4.037)",0.00110742,4.031
"[4.037, 4.038)",0.0284238,4.032
"[4.038, 4.039)",0.00996136,4.033
"[4.039, 4.04)",0.000962773,4.034
"[4.04, 4.041)",0.0155627,4.035
"[4.041, 4.042)",2.15241e-5,4.036
"[4.042, 4.043)",0.0020005344,4.037
"[4.043, 4.0440000000000005)",0.06380442519999999,4.038
"[4.0440000000000005, 4.045)",0.01557395,4.039
"[4.045, 4.046)",0.00573112,4.04
"[4.046, 4.047)",0.008805325000000001,4.041
"[4.047, 4.048)",0.0029811435,4.042
"[4.048, 4.049)",0.007057388499999999,4.043
"[4.049, 4.05)",0.003268625,4.044
"[4.05, 4.051)",0.008869477666666667,4.045
"[4.051, 4.0520000000000005)",0.006843113874999999,4.046
"[4.0520000000000005, 4.053)",0.0106373,4.047
"[4.053, 4.054)",0.040989,4.048
"[4.055, 4.056)",0.09143334433333333,4.049
"[4.056, 4.057)",0.50548245,4.05
"[4.057, 4.058)",0.0003670860333333333,4.051
"[4.059, 4.0600000000000005)",0.00232558,4.052
"[4.0600000000000005, 4.061)",0.013808210000000001,4.053
"[4.061, 4.062)",0.007360616499999999,4.054
"[4.062, 4.063)",0.012357796666666665,4.055
"[4.063, 4.064)",0.011229087166666665,4.056
"[4.064, 4.065)",0.0412012,4.057
"[4.065, 4.066)",0.03067158,4.058
"[4.066, 4.067)",0.0028517909999999994,4.059
"[4.067, 4.0680000000000005)",0.00232558,4.06
"[4.0680000000000005, 4.069)",0.0051413299999999995,4.061
"[4.069, 4.07)",0.039674,4.062
"[4.07, 4.071)",0.014430418949999997,4.063
"[4.071, 4.072)",0.026233199999999998,4.064
"[4.072, 4.073)",0.0014332065,4.065
"[4.073, 4.074)",0.0185328725,4.066
"[4.074, 4.075)",0.042698879999999995,4.067
"[4.075, 4.0760000000000005)",0.50218254,4.068
"[4.0760000000000005, 4.077)",0.010667661399999999,4.069
"[4.077, 4.078)",0.008584417666666668,4.07
"[4.078, 4.079)",0.00334334102,4.071
"[4.079, 4.08)",0.015535569999999999,4.072
"[4.08, 4.081)",0.005938214,4.073
"[4.081, 4.082)",0.1504723175,4.074
"[4.082, 4.083)",0.013494973249999999,4.075
"[4.083, 4.0840000000000005)",0.045789745,4.076
"[4.0840000000000005, 4.085)",0.04607047,4.077
"[4.086, 4.087)",0.014281450000000001,4.078
"[4.087, 4.088)",0.057517356666666665,4.079
"[4.088, 4.089)",0.016376835,4.08
"[4.09, 4.091)",0.0039105343333333325,4.081
"[4.091, 4.0920000000000005)",0.05313610428571428,4.082
"[4.0920000000000005, 4.093)",0.000363735,4.083
"[4.093, 4.094)",0.0029933046666666668,4.084
"[4.094, 4.095)",0.034287935,4.085
"[4.095, 4.096)",0.03506740075,4.086
"[4.096, 4.097)",0.047934535,4.087
"[4.097, 4.098)",0.00232558,4.088
"[4.098, 4.099)",0.0749558,4.089
"[4.099, 4.1)",0.012787986666666668,4.09
"[4.1, 4.101)",0.005858335,4.091
"[4.101, 4.102)",0.0205666915,4.092
"[4.102, 4.103)",0.00852703,4.093
"[4.103, 4.104)",0.008590335,4.094
"[4.104, 4.105)",0.0166055,4.095
"[4.105, 4.106)",0.25815662325,4.096
"[4.106, 4.107)",0.34057294999999993,4.097
"[4.108, 4.109)",0.00348432,4.098
"[4.11, 4.111)",0.08844824,4.099
"[4.111, 4.112)",0.0075188,4.1
"[4.112, 4.113)",0.0809703,4.101
"[4.113, 4.114)",0.04196795,4.102
"[4.114, 4.115)",0.00170164,4.103
"[4.115, 4.116)",0.010881416500000001,4.104
"[4.116, 4.117)",0.014741645,4.105
"[4.119, 4.12)",0.00110742,4.106
"[4.122, 4.123)",0.00232558,4.107
"[4.123, 4.124)",0.00348432,4.108
"[4.124, 4.125)",0.0038365,4.109
"[4.126, 4.127)",0.0219837,4.11
"[4.127, 4.128)",0.000540833,4.111
"[4.128, 4.1290000000000004)",0.017110358,4.112
"[4.13, 4.131)",0.00170164,4.113
"[4.131, 4.132)",0.00824925,4.114
"[4.132, 4.133)",0.00170164,4.115
"[4.133, 4.134)",0.042900365,4.116
"[4.134, 4.135)",0.00560268,4.117
"[4.135, 4.136)",0.02260936,4.118
"[4.136, 4.1370000000000005)",0.0215208,4.119
"[4.1370000000000005, 4.138)",8.44245e-6,4.12
"[4.138, 4.139)",0.027998516499999997,4.121
"[4.139, 4.14)",0.00875004,4.122
"[4.14, 4.141)",0.004320001,4.123
"[4.142, 4.143)",0.017715126666666667,4.124
"[4.143, 4.144)",0.007167121999999999,4.125
"[4.144, 4.1450000000000005)",0.001155698,4.126
"[4.1450000000000005, 4.146)",0.0525724375,4.127
"[4.146, 4.147)",0.00110742,4.128
"[4.149, 4.15)",0.24702064499999998,4.129
"[4.15, 4.151)",0.009208429999999998,4.13
"[4.152, 4.1530000000000005)",0.06393478575,4.131
"[4.1530000000000005, 4.154)",0.076842775,4.132
"[4.154, 4.155)",0.009058116500000001,4.133
"[4.155, 4.156)",0.049130759999999996,4.134
"[4.156, 4.157)",0.0012847395,4.135
"[4.157, 4.158)",0.0609756,4.136
"[4.158, 4.159)",0.00472888,4.137
"[4.159, 4.16)",0.0178918,4.138
"[4.16, 4.1610000000000005)",0.0,4.139
"[4.1610000000000005, 4.162)",0.0520325,4.14
"[4.162, 4.163)",0.00110742,4.141
"[4.165, 4.166)",0.00261962,4.142
"[4.167, 4.168)",0.014531153333333333,4.143
"[4.168, 4.1690000000000005)",0.0550476,4.144
"[4.1690000000000005, 4.17)",0.0205213,4.145
"[4.173, 4.174)",0.0013697599999999998,4.146
"[4.174, 4.175)",0.0366335895,4.147
"[4.1770000000000005, 4.178)",0.023814,4.148
"[4.183, 4.184)",0.0284238,4.149
"[4.184, 4.1850000000000005)",0.00226757,4.15
"[4.191, 4.192)",0.00110742,4.151
"[4.1930000000000005, 4.194)",0.00055371,4.152
"[4.194, 4.195)",0.03285011,4.153
"[4.195, 4.196)",0.00229587,4.154
"[4.208, 4.2090000000000005)",0.000540833,4.155
"[4.2090000000000005, 4.21)",0.00226757,4.156
"[4.211, 4.212)",0.000540833,4.157
"[4.213, 4.214)",0.2117263,4.158
"[4.215, 4.216)",0.00110742,4.159
"[4.216, 4.2170000000000005)",0.0305998,4.16
"[4.218, 4.219)",0.00110742,4.161
"[4.219, 4.22)",0.00110742,4.162
"[4.223, 4.224)",0.000594884,4.163
"[4.225, 4.226)",0.0186682,4.164
"[4.227, 4.228)",0.00957107,4.165
"[4.234, 4.235)",0.0207633,4.166
"[4.238, 4.239)",0.0520325,4.167
"[4.239, 4.24)",0.0174858,4.168
"[4.242, 4.243)",0.163127,4.169
"[4.246, 4.247)",0.0112644,4.17
"[4.249, 4.25)",0.062291545000000004,4.171
"[4.251, 4.252)",0.00789757,4.172
"[4.2540000000000004, 4.255)",0.0127536,4.173
"[4.257, 4.258)",0.036414215,4.174
"[4.26, 4.261)",0.0279572,4.175
"[4.261, 4.2620000000000005)",0.0527694,4.176
"[4.264, 4.265)",0.103539,4.177
"[4.2700000000000005, 4.271)",0.00957107,4.178
"[4.271, 4.272)",0.0133929,4.179
"[4.273, 4.274)",0.000594884,4.18
"[4.276, 4.277)",0.005146636499999999,4.181
"[4.277, 4.2780000000000005)",0.032987,4.182
"[4.279, 4.28)",0.005173662,4.183
"[4.28, 4.281)",0.00110742,4.184
"[4.2860000000000005, 4.287)",0.000540833,4.185
"[4.289, 4.29)",0.00187617,4.186
"[4.291, 4.292)",0.0582011,4.187
"[4.297, 4.298)",0.0031582,4.188
"[4.298, 4.299)",0.000429646,4.189
"[4.316, 4.317)",0.00170164,4.19
"[4.329, 4.33)",0.027439,4.191
"[4.33, 4.331)",0.00110742,4.192
"[4.336, 4.337)",0.000540833,4.193
"[4.344, 4.345)",0.0,4.194
