bin,R2_mean,dist
,0.08019048264196688,0.0
"[0.0, 0.001)",0.0808768513191828,0.001
"[0.001, 0.002)",0.07580674254908491,0.002
"[0.002, 0.003)",0.07035071120803164,0.003
"[0.003, 0.004)",0.06879268283483421,0.004
"[0.004, 0.005)",0.06153437580531298,0.005
"[0.005, 0.006)",0.0611303156738989,0.006
"[0.006, 0.007)",0.06200384712655622,0.007
"[0.007, 0.008)",0.059722521781544816,0.008
"[0.008, 0.009000000000000001)",0.053410766529382425,0.009
"[0.009000000000000001, 0.01)",0.05735180690052237,0.01
"[0.01, 0.011)",0.05255464033454722,0.011
"[0.011, 0.012)",0.054544863423253945,0.012
"[0.012, 0.013000000000000001)",0.0553437560543644,0.013
"[0.013000000000000001, 0.014)",0.05086881249081113,0.014
"[0.014, 0.015)",0.05042947724006392,0.015
"[0.015, 0.016)",0.05437413160853268,0.016
"[0.016, 0.017)",0.05136443696435375,0.017
"[0.017, 0.018000000000000002)",0.048278387690825285,0.018
"[0.018000000000000002, 0.019)",0.05291085194127372,0.019
"[0.019, 0.02)",0.04781711506675451,0.02
"[0.02, 0.021)",0.04764721982517983,0.021
"[0.021, 0.022)",0.04459747695816184,0.022
"[0.022, 0.023)",0.046914638507717515,0.023
"[0.023, 0.024)",0.044383533022091484,0.024
"[0.024, 0.025)",0.045822732401951546,0.025
"[0.025, 0.026000000000000002)",0.042465650199116044,0.026
"[0.026000000000000002, 0.027)",0.048101659705255116,0.027
"[0.027, 0.028)",0.04440996631445323,0.028
"[0.028, 0.029)",0.05045689305505903,0.029
"[0.029, 0.03)",0.042139711936051004,0.03
"[0.03, 0.031)",0.045935553583845636,0.031
"[0.031, 0.032)",0.044527322019745345,0.032
"[0.032, 0.033)",0.04036131078005518,0.033
"[0.033, 0.034)",0.04583293975045056,0.034
"[0.034, 0.035)",0.04424650554002154,0.035
"[0.035, 0.036000000000000004)",0.04362824784068262,0.036
"[0.036000000000000004, 0.037)",0.04219332870268396,0.037
"[0.037, 0.038)",0.045141468204767984,0.038
"[0.038, 0.039)",0.04422671671877987,0.039
"[0.039, 0.04)",0.040582014604041546,0.04
"[0.04, 0.041)",0.04473764070352487,0.041
"[0.041, 0.042)",0.03997117796928396,0.042
"[0.042, 0.043000000000000003)",0.047383618746171155,0.043
"[0.043000000000000003, 0.044)",0.044663277556457937,0.044
"[0.044, 0.045)",0.04306693269625912,0.045
"[0.045, 0.046)",0.04120833587786839,0.046
"[0.046, 0.047)",0.03995889738813768,0.047
"[0.047, 0.048)",0.04352344440251221,0.048
"[0.048, 0.049)",0.04393383628638178,0.049
"[0.049, 0.05)",0.04453782823632095,0.05
"[0.05, 0.051000000000000004)",0.038929136922361246,0.051
"[0.051000000000000004, 0.052000000000000005)",0.03931485762397169,0.052
"[0.052000000000000005, 0.053)",0.04336145277803945,0.053
"[0.053, 0.054)",0.0387763051980348,0.054
"[0.054, 0.055)",0.04100354842091414,0.055
"[0.055, 0.056)",0.04390976374367478,0.056
"[0.056, 0.057)",0.04015364567795714,0.057
"[0.057, 0.058)",0.0392425364485607,0.058
"[0.058, 0.059000000000000004)",0.039885277101661315,0.059
"[0.059000000000000004, 0.06)",0.04267197676286282,0.06
"[0.06, 0.061)",0.03936287743490956,0.061
"[0.061, 0.062)",0.041915366930866484,0.062
"[0.062, 0.063)",0.036363632284405416,0.063
"[0.063, 0.064)",0.04207894924776127,0.064
"[0.064, 0.065)",0.03952727056897451,0.065
"[0.065, 0.066)",0.043073454279494564,0.066
"[0.066, 0.067)",0.03856259930607357,0.067
"[0.067, 0.068)",0.04209183278177661,0.068
"[0.068, 0.069)",0.03962120047700717,0.069
"[0.069, 0.07)",0.0375302875065226,0.07
"[0.07, 0.07100000000000001)",0.041284966074097734,0.071
"[0.07100000000000001, 0.07200000000000001)",0.039216389041601414,0.072
"[0.07200000000000001, 0.073)",0.03989111816555269,0.073
"[0.073, 0.074)",0.03969002286362364,0.074
"[0.074, 0.075)",0.04124569386374794,0.075
"[0.075, 0.076)",0.037146265624229825,0.076
"[0.076, 0.077)",0.03787139314323705,0.077
"[0.077, 0.078)",0.03995268817767981,0.078
"[0.078, 0.079)",0.04154388022577895,0.079
"[0.079, 0.08)",0.03839812506486587,0.08
"[0.08, 0.081)",0.04320004223214846,0.081
"[0.081, 0.082)",0.03880528607746412,0.082
"[0.082, 0.083)",0.03940539237105599,0.083
"[0.083, 0.084)",0.03697867988344839,0.084
"[0.084, 0.085)",0.04200891509630416,0.085
"[0.085, 0.08600000000000001)",0.03813880605841866,0.086
"[0.08600000000000001, 0.08700000000000001)",0.039094684201521075,0.087
"[0.08700000000000001, 0.088)",0.042964501191648324,0.088
"[0.088, 0.089)",0.035536940843290045,0.089
"[0.089, 0.09)",0.039269799125779686,0.09
"[0.09, 0.091)",0.03795732193230157,0.091
"[0.091, 0.092)",0.04047972582096139,0.092
"[0.092, 0.093)",0.04148887670849056,0.093
"[0.093, 0.094)",0.03622618244144408,0.094
"[0.094, 0.095)",0.03678609400696486,0.095
"[0.095, 0.096)",0.036227477997255654,0.096
"[0.096, 0.097)",0.0383213272970062,0.097
"[0.097, 0.098)",0.03610927155442234,0.098
"[0.098, 0.099)",0.038465365295285006,0.099
"[0.099, 0.1)",0.03510538645749436,0.1
"[0.1, 0.101)",0.037250754277828646,0.101
"[0.101, 0.10200000000000001)",0.034906299445536935,0.102
"[0.10200000000000001, 0.10300000000000001)",0.03927989088700868,0.103
"[0.10300000000000001, 0.10400000000000001)",0.0373049809441191,0.104
"[0.10400000000000001, 0.105)",0.032266578782863785,0.105
"[0.105, 0.106)",0.0334091436314594,0.106
"[0.106, 0.107)",0.03426634407176626,0.107
"[0.107, 0.108)",0.034978328284418506,0.108
"[0.108, 0.109)",0.03511723784015124,0.109
"[0.109, 0.11)",0.03322988220529945,0.11
"[0.11, 0.111)",0.03595051514580076,0.111
"[0.111, 0.112)",0.0335481076551663,0.112
"[0.112, 0.113)",0.03093185024078436,0.113
"[0.113, 0.114)",0.03431023368830341,0.114
"[0.114, 0.115)",0.03503338171113737,0.115
"[0.115, 0.116)",0.033943999752553605,0.116
"[0.116, 0.117)",0.03218877464215075,0.117
"[0.117, 0.11800000000000001)",0.03743656276446476,0.118
"[0.11800000000000001, 0.11900000000000001)",0.034535547682100924,0.119
"[0.11900000000000001, 0.12)",0.032949692576354266,0.12
"[0.12, 0.121)",0.03747531117025883,0.121
"[0.121, 0.122)",0.034004687991801064,0.122
"[0.122, 0.123)",0.03429703529079653,0.123
"[0.123, 0.124)",0.03348395382158486,0.124
"[0.124, 0.125)",0.02965284390289538,0.125
"[0.125, 0.126)",0.035113035371016885,0.126
"[0.126, 0.127)",0.03053715363262874,0.127
"[0.127, 0.128)",0.03399010983042401,0.128
"[0.128, 0.129)",0.03380637036468553,0.129
"[0.129, 0.13)",0.03367333721553333,0.13
"[0.13, 0.131)",0.03667474244350021,0.131
"[0.131, 0.132)",0.03432452594490212,0.132
"[0.132, 0.133)",0.03639963804263518,0.133
"[0.133, 0.134)",0.035931287602590435,0.134
"[0.134, 0.135)",0.03715173320843068,0.135
"[0.135, 0.136)",0.031619621594219965,0.136
"[0.136, 0.137)",0.034139371743146546,0.137
"[0.137, 0.138)",0.029968811840203745,0.138
"[0.138, 0.139)",0.03738425837965833,0.139
"[0.139, 0.14)",0.037941989937428075,0.14
"[0.14, 0.14100000000000001)",0.032464808755899785,0.141
"[0.14100000000000001, 0.14200000000000002)",0.03276561359816926,0.142
"[0.14200000000000002, 0.14300000000000002)",0.03417685009345286,0.143
"[0.14300000000000002, 0.14400000000000002)",0.03153762888727875,0.144
"[0.14400000000000002, 0.145)",0.03319666791158038,0.145
"[0.145, 0.146)",0.03200828614673312,0.146
"[0.146, 0.147)",0.031089576139592984,0.147
"[0.147, 0.148)",0.03261646906122345,0.148
"[0.148, 0.149)",0.03584867994841459,0.149
"[0.149, 0.15)",0.035975206072917223,0.15
"[0.15, 0.151)",0.03498520695157602,0.151
"[0.151, 0.152)",0.03410459780807731,0.152
"[0.152, 0.153)",0.035586343141478315,0.153
"[0.153, 0.154)",0.032573305663892126,0.154
"[0.154, 0.155)",0.03196839543463627,0.155
"[0.155, 0.156)",0.03202410682459353,0.156
"[0.156, 0.157)",0.03169371471091965,0.157
"[0.157, 0.158)",0.035899135856688864,0.158
"[0.158, 0.159)",0.031382740872267764,0.159
"[0.159, 0.16)",0.032616711275591036,0.16
"[0.16, 0.161)",0.034486151078923874,0.161
"[0.161, 0.162)",0.033380670551447555,0.162
"[0.162, 0.163)",0.039499597064018406,0.163
"[0.163, 0.164)",0.033592459636911556,0.164
"[0.164, 0.165)",0.034621671745393,0.165
"[0.165, 0.166)",0.03318862401910975,0.166
"[0.166, 0.167)",0.035511569826567925,0.167
"[0.167, 0.168)",0.035643833535177305,0.168
"[0.168, 0.169)",0.03119223374056006,0.169
"[0.169, 0.17)",0.034675689919306585,0.17
"[0.17, 0.171)",0.03324825957406143,0.171
"[0.171, 0.17200000000000001)",0.03152216360840832,0.172
"[0.17200000000000001, 0.17300000000000001)",0.034153056944072,0.173
"[0.17300000000000001, 0.17400000000000002)",0.03411488613843711,0.174
"[0.17400000000000002, 0.17500000000000002)",0.03424205925022366,0.175
"[0.17500000000000002, 0.176)",0.033250324133004834,0.176
"[0.176, 0.177)",0.03759348030399232,0.177
"[0.177, 0.178)",0.027950562785072602,0.178
"[0.178, 0.179)",0.03393788782959196,0.179
"[0.179, 0.18)",0.03311298512558802,0.18
"[0.18, 0.181)",0.03348371541284291,0.181
"[0.181, 0.182)",0.03755230660528288,0.182
"[0.182, 0.183)",0.03425369010799301,0.183
"[0.183, 0.184)",0.036223462646653895,0.184
"[0.184, 0.185)",0.0317539757202612,0.185
"[0.185, 0.186)",0.03586412141665002,0.186
"[0.186, 0.187)",0.030983930042870506,0.187
"[0.187, 0.188)",0.03189185444722269,0.188
"[0.188, 0.189)",0.03619421585435848,0.189
"[0.189, 0.19)",0.036018271524836554,0.19
"[0.19, 0.191)",0.03211200039635774,0.191
"[0.191, 0.192)",0.03455406338173029,0.192
"[0.192, 0.193)",0.030255003657120905,0.193
"[0.193, 0.194)",0.031368276818289166,0.194
"[0.194, 0.195)",0.03438247545074137,0.195
"[0.195, 0.196)",0.033138208644966534,0.196
"[0.196, 0.197)",0.035930363805132856,0.197
"[0.197, 0.198)",0.03349236660974971,0.198
"[0.198, 0.199)",0.03608090321336552,0.199
"[0.199, 0.2)",0.04084145739344771,0.2
"[0.2, 0.201)",0.03471394461975675,0.201
"[0.201, 0.202)",0.034894184461130906,0.202
"[0.202, 0.203)",0.0322804771257187,0.203
"[0.203, 0.20400000000000001)",0.03246732091841435,0.204
"[0.20400000000000001, 0.20500000000000002)",0.03359687509223539,0.205
"[0.20500000000000002, 0.20600000000000002)",0.03294623125612005,0.206
"[0.20600000000000002, 0.20700000000000002)",0.03698602237209312,0.207
"[0.20700000000000002, 0.20800000000000002)",0.03314380770139208,0.208
"[0.20800000000000002, 0.209)",0.032286536455412275,0.209
"[0.209, 0.21)",0.033029010135048095,0.21
"[0.21, 0.211)",0.034510883411030126,0.211
"[0.211, 0.212)",0.03458860028041377,0.212
"[0.212, 0.213)",0.03665928603646549,0.213
"[0.213, 0.214)",0.03450220139827202,0.214
"[0.214, 0.215)",0.03594528313819932,0.215
"[0.215, 0.216)",0.03274232411070863,0.216
"[0.216, 0.217)",0.03283015858777191,0.217
"[0.217, 0.218)",0.03273430827411568,0.218
"[0.218, 0.219)",0.030891401777286276,0.219
"[0.219, 0.22)",0.032668958497013054,0.22
"[0.22, 0.221)",0.03394720092366501,0.221
"[0.221, 0.222)",0.030413394716072125,0.222
"[0.222, 0.223)",0.03278909074683864,0.223
"[0.223, 0.224)",0.030676055120510196,0.224
"[0.224, 0.225)",0.03406436739773443,0.225
"[0.225, 0.226)",0.02956005630767684,0.226
"[0.226, 0.227)",0.029223140218736385,0.227
"[0.227, 0.228)",0.031151228141187395,0.228
"[0.228, 0.229)",0.03122668752675249,0.229
"[0.229, 0.23)",0.032941595604053985,0.23
"[0.23, 0.231)",0.030569750009308016,0.231
"[0.231, 0.232)",0.033944271897215765,0.232
"[0.232, 0.233)",0.02995305735890043,0.233
"[0.233, 0.234)",0.033942902912277556,0.234
"[0.234, 0.23500000000000001)",0.03084946654682022,0.235
"[0.23500000000000001, 0.23600000000000002)",0.03375581019549053,0.236
"[0.23600000000000002, 0.23700000000000002)",0.032457473859541945,0.237
"[0.23700000000000002, 0.23800000000000002)",0.028893458289218226,0.238
"[0.23800000000000002, 0.23900000000000002)",0.032683408328374706,0.239
"[0.23900000000000002, 0.24)",0.030658812373175685,0.24
"[0.24, 0.241)",0.028908328181915494,0.241
"[0.241, 0.242)",0.02966001852825524,0.242
"[0.242, 0.243)",0.032584909937289845,0.243
"[0.243, 0.244)",0.029590644555184478,0.244
"[0.244, 0.245)",0.02880449247383437,0.245
"[0.245, 0.246)",0.030217635835507406,0.246
"[0.246, 0.247)",0.027000277921197677,0.247
"[0.247, 0.248)",0.03003732378574009,0.248
"[0.248, 0.249)",0.03138558563592569,0.249
"[0.249, 0.25)",0.0326834121986127,0.25
"[0.25, 0.251)",0.03323768555122086,0.251
"[0.251, 0.252)",0.030832023642778934,0.252
"[0.252, 0.253)",0.03434799252620833,0.253
"[0.253, 0.254)",0.033832708904100665,0.254
"[0.254, 0.255)",0.027739388671091086,0.255
"[0.255, 0.256)",0.033392547864868234,0.256
"[0.256, 0.257)",0.03109321571348709,0.257
"[0.257, 0.258)",0.03492248523598425,0.258
"[0.258, 0.259)",0.03274041690650508,0.259
"[0.259, 0.26)",0.03341167075171158,0.26
"[0.26, 0.261)",0.030603337292237597,0.261
"[0.261, 0.262)",0.030443491638204333,0.262
"[0.262, 0.263)",0.0330942428317309,0.263
"[0.263, 0.264)",0.028805463291137094,0.264
"[0.264, 0.265)",0.02896237751431429,0.265
"[0.265, 0.266)",0.030142852340492514,0.266
"[0.266, 0.267)",0.027840957965098532,0.267
"[0.267, 0.268)",0.029977599660787297,0.268
"[0.268, 0.269)",0.0305741845384648,0.269
"[0.269, 0.27)",0.030478844502556,0.27
"[0.27, 0.271)",0.028793929172271342,0.271
"[0.271, 0.272)",0.03353850029896747,0.272
"[0.272, 0.273)",0.03305720322373146,0.273
"[0.273, 0.274)",0.0343294928969641,0.274
"[0.274, 0.275)",0.02972718931838579,0.275
"[0.275, 0.276)",0.0333154338826227,0.276
"[0.276, 0.277)",0.03366061827330521,0.277
"[0.277, 0.278)",0.03379664448513038,0.278
"[0.278, 0.279)",0.03340505187783295,0.279
"[0.279, 0.28)",0.03323281144039951,0.28
"[0.28, 0.281)",0.03156965612554582,0.281
"[0.281, 0.28200000000000003)",0.030061630239480528,0.282
"[0.28200000000000003, 0.28300000000000003)",0.031095891054947387,0.283
"[0.28300000000000003, 0.28400000000000003)",0.03294963697321135,0.284
"[0.28400000000000003, 0.28500000000000003)",0.028990319133071225,0.285
"[0.28500000000000003, 0.28600000000000003)",0.03151219619443065,0.286
"[0.28600000000000003, 0.28700000000000003)",0.030359748601278068,0.287
"[0.28700000000000003, 0.28800000000000003)",0.03200072331580212,0.288
"[0.28800000000000003, 0.289)",0.029236100924314848,0.289
"[0.289, 0.29)",0.03029938565795866,0.29
"[0.29, 0.291)",0.029671942655922916,0.291
"[0.291, 0.292)",0.03418387186813312,0.292
"[0.292, 0.293)",0.030008925721800573,0.293
"[0.293, 0.294)",0.03495648303790041,0.294
"[0.294, 0.295)",0.03319742633487154,0.295
"[0.295, 0.296)",0.03106105764530756,0.296
"[0.296, 0.297)",0.02913768226920166,0.297
"[0.297, 0.298)",0.02980646092569385,0.298
"[0.298, 0.299)",0.030390605579598245,0.299
"[0.299, 0.3)",0.02931418975178626,0.3
"[0.3, 0.301)",0.03093665878282011,0.301
"[0.301, 0.302)",0.028452733737692675,0.302
"[0.302, 0.303)",0.026180684758915287,0.303
"[0.303, 0.304)",0.029833958153242263,0.304
"[0.304, 0.305)",0.027529228076526663,0.305
"[0.305, 0.306)",0.03190292025680363,0.306
"[0.306, 0.307)",0.03155205407299427,0.307
"[0.307, 0.308)",0.03011209595209699,0.308
"[0.308, 0.309)",0.030274463117146048,0.309
"[0.309, 0.31)",0.03116254311696574,0.31
"[0.31, 0.311)",0.031717163453217394,0.311
"[0.311, 0.312)",0.030184803471953313,0.312
"[0.312, 0.313)",0.03403661104394723,0.313
"[0.313, 0.314)",0.027556333974156605,0.314
"[0.314, 0.315)",0.03327098627313775,0.315
"[0.315, 0.316)",0.03279504963644275,0.316
"[0.316, 0.317)",0.02959170991421924,0.317
"[0.317, 0.318)",0.029954690953729924,0.318
"[0.318, 0.319)",0.02763429901258606,0.319
"[0.319, 0.32)",0.02917639198199512,0.32
"[0.32, 0.321)",0.026379266245143647,0.321
"[0.321, 0.322)",0.03228562271077486,0.322
"[0.322, 0.323)",0.031376452296335275,0.323
"[0.323, 0.324)",0.027677805398352615,0.324
"[0.324, 0.325)",0.034880319764698055,0.325
"[0.325, 0.326)",0.029132588082900666,0.326
"[0.326, 0.327)",0.027017626501852354,0.327
"[0.327, 0.328)",0.026899746170245795,0.328
"[0.328, 0.329)",0.03013220832911821,0.329
"[0.329, 0.33)",0.031039937940651987,0.33
"[0.33, 0.331)",0.03207088521178059,0.331
"[0.331, 0.332)",0.029586303570723345,0.332
"[0.332, 0.333)",0.02864711018062621,0.333
"[0.333, 0.334)",0.03434920874571225,0.334
"[0.334, 0.335)",0.033873978043666805,0.335
"[0.335, 0.336)",0.03193128752199196,0.336
"[0.336, 0.337)",0.030044691951143954,0.337
"[0.337, 0.338)",0.03007046477227711,0.338
"[0.338, 0.339)",0.028039429926086906,0.339
"[0.339, 0.34)",0.027862619052439905,0.34
"[0.34, 0.341)",0.030683296241836643,0.341
"[0.341, 0.342)",0.03211033330510221,0.342
"[0.342, 0.343)",0.029568421629891158,0.343
"[0.343, 0.34400000000000003)",0.0310733993420277,0.344
"[0.34400000000000003, 0.34500000000000003)",0.029399729134463103,0.345
"[0.34500000000000003, 0.34600000000000003)",0.02907522102680752,0.346
"[0.34600000000000003, 0.34700000000000003)",0.03046174426553208,0.347
"[0.34700000000000003, 0.34800000000000003)",0.03281533814137173,0.348
"[0.34800000000000003, 0.34900000000000003)",0.030824473968762083,0.349
"[0.34900000000000003, 0.35000000000000003)",0.029857587902866713,0.35
"[0.35000000000000003, 0.35100000000000003)",0.027136356250415983,0.351
"[0.35100000000000003, 0.352)",0.03255353404903344,0.352
"[0.352, 0.353)",0.02879623460555695,0.353
"[0.353, 0.354)",0.03329229948038089,0.354
"[0.354, 0.355)",0.030242700397264084,0.355
"[0.355, 0.356)",0.02767703481540719,0.356
"[0.356, 0.357)",0.03433820241816618,0.357
"[0.357, 0.358)",0.0313789184133643,0.358
"[0.358, 0.359)",0.03260263618287033,0.359
"[0.359, 0.36)",0.028828645177052956,0.36
"[0.36, 0.361)",0.027226559910249602,0.361
"[0.361, 0.362)",0.032142364261004995,0.362
"[0.362, 0.363)",0.0282695618424666,0.363
"[0.363, 0.364)",0.028396681654789983,0.364
"[0.364, 0.365)",0.031119678533136838,0.365
"[0.365, 0.366)",0.02933543901148211,0.366
"[0.366, 0.367)",0.030332268053476257,0.367
"[0.367, 0.368)",0.028971839948007602,0.368
"[0.368, 0.369)",0.02876546356870967,0.369
"[0.369, 0.37)",0.03371845588706889,0.37
"[0.37, 0.371)",0.030187520611498694,0.371
"[0.371, 0.372)",0.03248986479306197,0.372
"[0.372, 0.373)",0.029441738173563155,0.373
"[0.373, 0.374)",0.030543318544246786,0.374
"[0.374, 0.375)",0.030426639340406795,0.375
"[0.375, 0.376)",0.03027764481735179,0.376
"[0.376, 0.377)",0.032288976493232965,0.377
"[0.377, 0.378)",0.03308785642077739,0.378
"[0.378, 0.379)",0.03101593984979782,0.379
"[0.379, 0.38)",0.03277545830328043,0.38
"[0.38, 0.381)",0.03112814914251651,0.381
"[0.381, 0.382)",0.025579805913255933,0.382
"[0.382, 0.383)",0.03242838418065577,0.383
"[0.383, 0.384)",0.03263653394916067,0.384
"[0.384, 0.385)",0.028475602594488173,0.385
"[0.385, 0.386)",0.03245662763799138,0.386
"[0.386, 0.387)",0.03226516828698627,0.387
"[0.387, 0.388)",0.03366302242973528,0.388
"[0.388, 0.389)",0.0302417025688589,0.389
"[0.389, 0.39)",0.0311690897042193,0.39
"[0.39, 0.391)",0.03178068612103459,0.391
"[0.391, 0.392)",0.027771098062019665,0.392
"[0.392, 0.393)",0.029194142920607548,0.393
"[0.393, 0.394)",0.03224449888830844,0.394
"[0.394, 0.395)",0.030338660249000657,0.395
"[0.395, 0.396)",0.03252604747978658,0.396
"[0.396, 0.397)",0.030176837508263908,0.397
"[0.397, 0.398)",0.02960608445977842,0.398
"[0.398, 0.399)",0.03088023043591542,0.399
"[0.399, 0.4)",0.030143044807142794,0.4
"[0.4, 0.401)",0.031129361919172264,0.401
"[0.401, 0.402)",0.03204462062884483,0.402
"[0.402, 0.403)",0.02949501100255019,0.403
"[0.403, 0.404)",0.029148932044499583,0.404
"[0.404, 0.405)",0.02923444125615926,0.405
"[0.405, 0.406)",0.03059677226954869,0.406
"[0.406, 0.40700000000000003)",0.03037721095464857,0.407
"[0.40700000000000003, 0.40800000000000003)",0.02941354418524164,0.408
"[0.40800000000000003, 0.40900000000000003)",0.028884558796769853,0.409
"[0.40900000000000003, 0.41000000000000003)",0.03328953422786606,0.41
"[0.41000000000000003, 0.41100000000000003)",0.02978439807403908,0.411
"[0.41100000000000003, 0.41200000000000003)",0.03024268124632482,0.412
"[0.41200000000000003, 0.41300000000000003)",0.0325385271945065,0.413
"[0.41300000000000003, 0.41400000000000003)",0.03144557461991786,0.414
"[0.41400000000000003, 0.41500000000000004)",0.03300956209121944,0.415
"[0.41500000000000004, 0.41600000000000004)",0.03133535338719756,0.416
"[0.41600000000000004, 0.417)",0.030193426844242147,0.417
"[0.417, 0.418)",0.028075458831963055,0.418
"[0.418, 0.419)",0.032086884660680354,0.419
"[0.419, 0.42)",0.03129574235707213,0.42
"[0.42, 0.421)",0.028028255570622516,0.421
"[0.421, 0.422)",0.033452844412406674,0.422
"[0.422, 0.423)",0.03054560285236849,0.423
"[0.423, 0.424)",0.032210802353597336,0.424
"[0.424, 0.425)",0.033356550865346835,0.425
"[0.425, 0.426)",0.03398180287084587,0.426
"[0.426, 0.427)",0.033564228899341075,0.427
"[0.427, 0.428)",0.027214070467053677,0.428
"[0.428, 0.429)",0.03079229784769568,0.429
"[0.429, 0.43)",0.026740269426965512,0.43
"[0.43, 0.431)",0.026698489975693365,0.431
"[0.431, 0.432)",0.029545535458784813,0.432
"[0.432, 0.433)",0.028394382218239415,0.433
"[0.433, 0.434)",0.030085724549979192,0.434
"[0.434, 0.435)",0.0312398621059351,0.435
"[0.435, 0.436)",0.030204680399784325,0.436
"[0.436, 0.437)",0.028382011213821674,0.437
"[0.437, 0.438)",0.02967327056658533,0.438
"[0.438, 0.439)",0.030222922536316546,0.439
"[0.439, 0.44)",0.027280335029044443,0.44
"[0.44, 0.441)",0.03205411029432403,0.441
"[0.441, 0.442)",0.029030120099869484,0.442
"[0.442, 0.443)",0.028789054241266366,0.443
"[0.443, 0.444)",0.031808581615355165,0.444
"[0.444, 0.445)",0.034871786450052344,0.445
"[0.445, 0.446)",0.02538630561099919,0.446
"[0.446, 0.447)",0.028832524134227763,0.447
"[0.447, 0.448)",0.029900456191853143,0.448
"[0.448, 0.449)",0.028309955423106242,0.449
"[0.449, 0.45)",0.03031748397753925,0.45
"[0.45, 0.451)",0.03223757339004994,0.451
"[0.451, 0.452)",0.029378236751944974,0.452
"[0.452, 0.453)",0.032669171359298164,0.453
"[0.453, 0.454)",0.034500451763375024,0.454
"[0.454, 0.455)",0.028085828122123183,0.455
"[0.455, 0.456)",0.029967288273132445,0.456
"[0.456, 0.457)",0.026874806094776632,0.457
"[0.457, 0.458)",0.030852683256179802,0.458
"[0.458, 0.459)",0.030409627775972885,0.459
"[0.459, 0.46)",0.031367399990862306,0.46
"[0.46, 0.461)",0.03161210207457563,0.461
"[0.461, 0.462)",0.028222647857902905,0.462
"[0.462, 0.463)",0.028125330198950495,0.463
"[0.463, 0.464)",0.03063463943812027,0.464
"[0.464, 0.465)",0.027862767866333522,0.465
"[0.465, 0.466)",0.028398116125546966,0.466
"[0.466, 0.467)",0.029121740845887582,0.467
"[0.467, 0.468)",0.028792200124449156,0.468
"[0.468, 0.46900000000000003)",0.03052346691448485,0.469
"[0.46900000000000003, 0.47000000000000003)",0.027186113701421072,0.47
"[0.47000000000000003, 0.47100000000000003)",0.02898278534684693,0.471
"[0.47100000000000003, 0.47200000000000003)",0.0285944750270312,0.472
"[0.47200000000000003, 0.47300000000000003)",0.025636404975944275,0.473
"[0.47300000000000003, 0.47400000000000003)",0.03310176416680171,0.474
"[0.47400000000000003, 0.47500000000000003)",0.028918371063196467,0.475
"[0.47500000000000003, 0.47600000000000003)",0.03022419897559476,0.476
"[0.47600000000000003, 0.47700000000000004)",0.029377642801024003,0.477
"[0.47700000000000004, 0.47800000000000004)",0.02748579557230527,0.478
"[0.47800000000000004, 0.47900000000000004)",0.0293511979328581,0.479
"[0.47900000000000004, 0.48)",0.03442810451219751,0.48
"[0.48, 0.481)",0.027692100961499204,0.481
"[0.481, 0.482)",0.027493023510486457,0.482
"[0.482, 0.483)",0.025789928331039918,0.483
"[0.483, 0.484)",0.03131318608606291,0.484
"[0.484, 0.485)",0.026666068489309278,0.485
"[0.485, 0.486)",0.03024412748679739,0.486
"[0.486, 0.487)",0.02779048043658545,0.487
"[0.487, 0.488)",0.030651506186969154,0.488
"[0.488, 0.489)",0.03069543657297394,0.489
"[0.489, 0.49)",0.031112731035451837,0.49
"[0.49, 0.491)",0.031087212480925278,0.491
"[0.491, 0.492)",0.02994874140151827,0.492
"[0.492, 0.493)",0.03162684962824203,0.493
"[0.493, 0.494)",0.03275246594779852,0.494
"[0.494, 0.495)",0.02914673228785364,0.495
"[0.495, 0.496)",0.028498414016890843,0.496
"[0.496, 0.497)",0.03290149259577522,0.497
"[0.497, 0.498)",0.028765369355643985,0.498
"[0.498, 0.499)",0.03347316855907656,0.499
"[0.499, 0.5)",0.030333857536405766,0.5
"[0.5, 0.501)",0.029184216412118786,0.501
"[0.501, 0.502)",0.033137458689233124,0.502
"[0.502, 0.503)",0.027825266534285627,0.503
"[0.503, 0.504)",0.028302298420156198,0.504
"[0.504, 0.505)",0.027003553202079922,0.505
"[0.505, 0.506)",0.03310583208688667,0.506
"[0.506, 0.507)",0.028729162173810684,0.507
"[0.507, 0.508)",0.03630313913346902,0.508
"[0.508, 0.509)",0.027318592265990174,0.509
"[0.509, 0.51)",0.029255334542946154,0.51
"[0.51, 0.511)",0.02847058972675913,0.511
"[0.511, 0.512)",0.02799344194703761,0.512
"[0.512, 0.513)",0.029786362646640873,0.513
"[0.513, 0.514)",0.024444744655201262,0.514
"[0.514, 0.515)",0.030412072121603618,0.515
"[0.515, 0.516)",0.031363788452498015,0.516
"[0.516, 0.517)",0.026066414933280713,0.517
"[0.517, 0.518)",0.029130686445447584,0.518
"[0.518, 0.519)",0.03067012996185033,0.519
"[0.519, 0.52)",0.03192035621941353,0.52
"[0.52, 0.521)",0.030311324801927237,0.521
"[0.521, 0.522)",0.027571011784410335,0.522
"[0.522, 0.523)",0.02512442272774777,0.523
"[0.523, 0.524)",0.029678630655754275,0.524
"[0.524, 0.525)",0.02848402180736839,0.525
"[0.525, 0.526)",0.030842044071202786,0.526
"[0.526, 0.527)",0.03011162412420829,0.527
"[0.527, 0.528)",0.02941333829336032,0.528
"[0.528, 0.529)",0.02949636636562752,0.529
"[0.529, 0.53)",0.032081098737506294,0.53
"[0.53, 0.531)",0.03294235297214873,0.531
"[0.531, 0.532)",0.03330356520349914,0.532
"[0.532, 0.533)",0.025658121539722866,0.533
"[0.533, 0.534)",0.032695066107012054,0.534
"[0.534, 0.535)",0.02816357372633166,0.535
"[0.535, 0.536)",0.030756356695057895,0.536
"[0.536, 0.537)",0.02644502409518882,0.537
"[0.537, 0.538)",0.02794556860910575,0.538
"[0.538, 0.539)",0.026662603651938174,0.539
"[0.539, 0.54)",0.027139817050515293,0.54
"[0.54, 0.541)",0.028075476714039618,0.541
"[0.541, 0.542)",0.027611830051510033,0.542
"[0.542, 0.543)",0.02524531213745044,0.543
"[0.543, 0.544)",0.028987287181604128,0.544
"[0.544, 0.545)",0.0339788333361632,0.545
"[0.545, 0.546)",0.030253573636546783,0.546
"[0.546, 0.547)",0.03154140986733052,0.547
"[0.547, 0.548)",0.029987654868342983,0.548
"[0.548, 0.549)",0.0330719245185102,0.549
"[0.549, 0.55)",0.02945363623271254,0.55
"[0.55, 0.551)",0.03332702698785052,0.551
"[0.551, 0.552)",0.028559840600811164,0.552
"[0.552, 0.553)",0.027497027612918317,0.553
"[0.553, 0.554)",0.027442821929506356,0.554
"[0.554, 0.555)",0.030134370301566255,0.555
"[0.555, 0.556)",0.028380586421037936,0.556
"[0.556, 0.557)",0.028604206661784475,0.557
"[0.557, 0.558)",0.03009353963466187,0.558
"[0.558, 0.559)",0.031022421991927476,0.559
"[0.559, 0.56)",0.028869778825273463,0.56
"[0.56, 0.561)",0.028672150744097798,0.561
"[0.561, 0.562)",0.03091644365008364,0.562
"[0.562, 0.5630000000000001)",0.027470576580252787,0.563
"[0.5630000000000001, 0.5640000000000001)",0.029816304184926784,0.564
"[0.5640000000000001, 0.5650000000000001)",0.029582499617628127,0.565
"[0.5650000000000001, 0.5660000000000001)",0.02845052178972905,0.566
"[0.5660000000000001, 0.5670000000000001)",0.025542293530891127,0.567
"[0.5670000000000001, 0.5680000000000001)",0.026180123753850724,0.568
"[0.5680000000000001, 0.5690000000000001)",0.027065603365841438,0.569
"[0.5690000000000001, 0.5700000000000001)",0.025873221885125204,0.57
"[0.5700000000000001, 0.5710000000000001)",0.030625150073976065,0.571
"[0.5710000000000001, 0.5720000000000001)",0.028761297691090874,0.572
"[0.5720000000000001, 0.5730000000000001)",0.03123883566585844,0.573
"[0.5730000000000001, 0.5740000000000001)",0.030337568877239054,0.574
"[0.5740000000000001, 0.5750000000000001)",0.03303924491854303,0.575
"[0.5750000000000001, 0.5760000000000001)",0.02643725968865679,0.576
"[0.5760000000000001, 0.577)",0.028573777829421478,0.577
"[0.577, 0.578)",0.028009608987324467,0.578
"[0.578, 0.579)",0.03010928178862066,0.579
"[0.579, 0.58)",0.028060488486537243,0.58
"[0.58, 0.581)",0.027349401088256294,0.581
"[0.581, 0.582)",0.03163751048389427,0.582
"[0.582, 0.583)",0.028949440337495917,0.583
"[0.583, 0.584)",0.030238413574195416,0.584
"[0.584, 0.585)",0.02401708447766496,0.585
"[0.585, 0.586)",0.026185115721174903,0.586
"[0.586, 0.587)",0.03248406301155133,0.587
"[0.587, 0.588)",0.033521166689326955,0.588
"[0.588, 0.589)",0.029144973171814283,0.589
"[0.589, 0.59)",0.030286326548339397,0.59
"[0.59, 0.591)",0.024231774925410704,0.591
"[0.591, 0.592)",0.0326224757604465,0.592
"[0.592, 0.593)",0.0343358970896584,0.593
"[0.593, 0.594)",0.025346679359217358,0.594
"[0.594, 0.595)",0.02539379112217511,0.595
"[0.595, 0.596)",0.03312555882300428,0.596
"[0.596, 0.597)",0.025832436895194082,0.597
"[0.597, 0.598)",0.025329473382439432,0.598
"[0.598, 0.599)",0.03211047049111291,0.599
"[0.599, 0.6)",0.027076264464529855,0.6
"[0.6, 0.601)",0.025809099802386982,0.601
"[0.601, 0.602)",0.02864367378231454,0.602
"[0.602, 0.603)",0.03012730419912664,0.603
"[0.603, 0.604)",0.03145576407981705,0.604
"[0.604, 0.605)",0.030984346896626415,0.605
"[0.605, 0.606)",0.025295545960471167,0.606
"[0.606, 0.607)",0.02705688318450944,0.607
"[0.607, 0.608)",0.029354522753590618,0.608
"[0.608, 0.609)",0.031908560469849745,0.609
"[0.609, 0.61)",0.0304420206948887,0.61
"[0.61, 0.611)",0.030147486897437986,0.611
"[0.611, 0.612)",0.028884822846192284,0.612
"[0.612, 0.613)",0.026686573839703156,0.613
"[0.613, 0.614)",0.029664204241862623,0.614
"[0.614, 0.615)",0.02882531914160647,0.615
"[0.615, 0.616)",0.035221027541127305,0.616
"[0.616, 0.617)",0.027783286313440812,0.617
"[0.617, 0.618)",0.02984926570451552,0.618
"[0.618, 0.619)",0.027094471799187697,0.619
"[0.619, 0.62)",0.03256041134929575,0.62
"[0.62, 0.621)",0.0332651511861821,0.621
"[0.621, 0.622)",0.03547353034537365,0.622
"[0.622, 0.623)",0.028761538098046817,0.623
"[0.623, 0.624)",0.028262522977477205,0.624
"[0.624, 0.625)",0.03127952819109303,0.625
"[0.625, 0.626)",0.027255064967346917,0.626
"[0.626, 0.627)",0.031645865924300284,0.627
"[0.627, 0.628)",0.03388106940150494,0.628
"[0.628, 0.629)",0.027012288703492607,0.629
"[0.629, 0.63)",0.02644649999041512,0.63
"[0.63, 0.631)",0.028468330511713474,0.631
"[0.631, 0.632)",0.031251055023970006,0.632
"[0.632, 0.633)",0.027449622689066176,0.633
"[0.633, 0.634)",0.030143790480363405,0.634
"[0.634, 0.635)",0.03149353233841119,0.635
"[0.635, 0.636)",0.02772552063587854,0.636
"[0.636, 0.637)",0.025022889711447605,0.637
"[0.637, 0.638)",0.028889985671545635,0.638
"[0.638, 0.639)",0.029475582192613432,0.639
"[0.639, 0.64)",0.029395344013552743,0.64
"[0.64, 0.641)",0.028152314973309823,0.641
"[0.641, 0.642)",0.029892788825502344,0.642
"[0.642, 0.643)",0.03130402724138499,0.643
"[0.643, 0.644)",0.025927019616582704,0.644
"[0.644, 0.645)",0.030848344258892015,0.645
"[0.645, 0.646)",0.027351358864307233,0.646
"[0.646, 0.647)",0.03174126536103309,0.647
"[0.647, 0.648)",0.034181748165539844,0.648
"[0.648, 0.649)",0.029381928375769556,0.649
"[0.649, 0.65)",0.027382595360971797,0.65
"[0.65, 0.651)",0.029161300283098567,0.651
"[0.651, 0.652)",0.0350853390468025,0.652
"[0.652, 0.653)",0.030687689382825425,0.653
"[0.653, 0.654)",0.030021412438634983,0.654
"[0.654, 0.655)",0.03119416671378475,0.655
"[0.655, 0.656)",0.027450748409818128,0.656
"[0.656, 0.657)",0.0304074062674128,0.657
"[0.657, 0.658)",0.030091688057168657,0.658
"[0.658, 0.659)",0.030937682593929552,0.659
"[0.659, 0.66)",0.02833109317169809,0.66
"[0.66, 0.661)",0.03111685431924166,0.661
"[0.661, 0.662)",0.02848481946873765,0.662
"[0.662, 0.663)",0.029297230071407988,0.663
"[0.663, 0.664)",0.028837863603412183,0.664
"[0.664, 0.665)",0.031330621312231535,0.665
"[0.665, 0.666)",0.03278373470680342,0.666
"[0.666, 0.667)",0.027278661218341896,0.667
"[0.667, 0.668)",0.02886784463306001,0.668
"[0.668, 0.669)",0.02829318572064316,0.669
"[0.669, 0.67)",0.02757490301805016,0.67
"[0.67, 0.671)",0.02751834235132827,0.671
"[0.671, 0.672)",0.03357162442519396,0.672
"[0.672, 0.673)",0.023163168671755698,0.673
"[0.673, 0.674)",0.030920486260823717,0.674
"[0.674, 0.675)",0.026392601969298535,0.675
"[0.675, 0.676)",0.027097441563896305,0.676
"[0.676, 0.677)",0.030141200734146056,0.677
"[0.677, 0.678)",0.029330489778386086,0.678
"[0.678, 0.679)",0.03231681037773492,0.679
"[0.679, 0.68)",0.02957315489244127,0.68
"[0.68, 0.681)",0.02873146069540913,0.681
"[0.681, 0.682)",0.03213485083149752,0.682
"[0.682, 0.683)",0.031001583940553797,0.683
"[0.683, 0.684)",0.025970027566099018,0.684
"[0.684, 0.685)",0.029652864113366463,0.685
"[0.685, 0.686)",0.03181342780265846,0.686
"[0.686, 0.687)",0.026274342040671216,0.687
"[0.687, 0.6880000000000001)",0.03086223321684104,0.688
"[0.6880000000000001, 0.6890000000000001)",0.03144835349199589,0.689
"[0.6890000000000001, 0.6900000000000001)",0.033081691401562474,0.69
"[0.6900000000000001, 0.6910000000000001)",0.03348847121784878,0.691
"[0.6910000000000001, 0.6920000000000001)",0.032890926080728605,0.692
"[0.6920000000000001, 0.6930000000000001)",0.028079920750071253,0.693
"[0.6930000000000001, 0.6940000000000001)",0.03362042053453332,0.694
"[0.6940000000000001, 0.6950000000000001)",0.03141344860951645,0.695
"[0.6950000000000001, 0.6960000000000001)",0.031225034025478555,0.696
"[0.6960000000000001, 0.6970000000000001)",0.030321226563903483,0.697
"[0.6970000000000001, 0.6980000000000001)",0.02802463016905782,0.698
"[0.6980000000000001, 0.6990000000000001)",0.027118763720846307,0.699
"[0.6990000000000001, 0.7000000000000001)",0.0267985367568085,0.7
"[0.7000000000000001, 0.7010000000000001)",0.03199262029729977,0.701
"[0.7010000000000001, 0.7020000000000001)",0.027428292396829743,0.702
"[0.7020000000000001, 0.7030000000000001)",0.03356497621803963,0.703
"[0.7030000000000001, 0.704)",0.030973704386143882,0.704
"[0.704, 0.705)",0.030897092191687237,0.705
"[0.705, 0.706)",0.0317381148212153,0.706
"[0.706, 0.707)",0.03406073391805822,0.707
"[0.707, 0.708)",0.031144657603790375,0.708
"[0.708, 0.709)",0.02934311177286974,0.709
"[0.709, 0.71)",0.027801531584911394,0.71
"[0.71, 0.711)",0.02942437044045353,0.711
"[0.711, 0.712)",0.027973173838080456,0.712
"[0.712, 0.713)",0.031375929247448385,0.713
"[0.713, 0.714)",0.03222384138375525,0.714
"[0.714, 0.715)",0.028236048552072388,0.715
"[0.715, 0.716)",0.027289983865393018,0.716
"[0.716, 0.717)",0.029795228043540643,0.717
"[0.717, 0.718)",0.0314181071346562,0.718
"[0.718, 0.719)",0.02579903026063251,0.719
"[0.719, 0.72)",0.030387441362903587,0.72
"[0.72, 0.721)",0.027898125969875488,0.721
"[0.721, 0.722)",0.03365368428061222,0.722
"[0.722, 0.723)",0.032887088748841095,0.723
"[0.723, 0.724)",0.03124402269756577,0.724
"[0.724, 0.725)",0.033187922729184735,0.725
"[0.725, 0.726)",0.027246278534055444,0.726
"[0.726, 0.727)",0.030726068596688024,0.727
"[0.727, 0.728)",0.02790731299572053,0.728
"[0.728, 0.729)",0.03197848854008067,0.729
"[0.729, 0.73)",0.036332863599892774,0.73
"[0.73, 0.731)",0.03648964205324123,0.731
"[0.731, 0.732)",0.026016266893362627,0.732
"[0.732, 0.733)",0.035620588368503105,0.733
"[0.733, 0.734)",0.030104607999989683,0.734
"[0.734, 0.735)",0.02931130974980657,0.735
"[0.735, 0.736)",0.03219952492749454,0.736
"[0.736, 0.737)",0.025955012555896925,0.737
"[0.737, 0.738)",0.030220450192116558,0.738
"[0.738, 0.739)",0.03395109468400865,0.739
"[0.739, 0.74)",0.03361207334665363,0.74
"[0.74, 0.741)",0.026792639669961635,0.741
"[0.741, 0.742)",0.028668326726810783,0.742
"[0.742, 0.743)",0.02595871219961573,0.743
"[0.743, 0.744)",0.02610351166771083,0.744
"[0.744, 0.745)",0.02662834703874869,0.745
"[0.745, 0.746)",0.02984737561813487,0.746
"[0.746, 0.747)",0.02815596673452376,0.747
"[0.747, 0.748)",0.029138040769822536,0.748
"[0.748, 0.749)",0.024269408455739428,0.749
"[0.749, 0.75)",0.028960787997548972,0.75
"[0.75, 0.751)",0.02771072061893417,0.751
"[0.751, 0.752)",0.027466837957128287,0.752
"[0.752, 0.753)",0.028868628835318266,0.753
"[0.753, 0.754)",0.02549646124226678,0.754
"[0.754, 0.755)",0.027643018807299274,0.755
"[0.755, 0.756)",0.029198035231884054,0.756
"[0.756, 0.757)",0.029957807217011724,0.757
"[0.757, 0.758)",0.028383130883316697,0.758
"[0.758, 0.759)",0.032324349149949715,0.759
"[0.759, 0.76)",0.03604248528799596,0.76
"[0.76, 0.761)",0.028685183186783158,0.761
"[0.761, 0.762)",0.028978787528622853,0.762
"[0.762, 0.763)",0.031123373644104994,0.763
"[0.763, 0.764)",0.02471380114468611,0.764
"[0.764, 0.765)",0.032524165417108966,0.765
"[0.765, 0.766)",0.02862696377669139,0.766
"[0.766, 0.767)",0.031366382005725855,0.767
"[0.767, 0.768)",0.030206519302831334,0.768
"[0.768, 0.769)",0.026788103983913028,0.769
"[0.769, 0.77)",0.02697502377764827,0.77
"[0.77, 0.771)",0.02886702435615223,0.771
"[0.771, 0.772)",0.027837679977147478,0.772
"[0.772, 0.773)",0.02915605003205491,0.773
"[0.773, 0.774)",0.03412854961892809,0.774
"[0.774, 0.775)",0.030196145738410615,0.775
"[0.775, 0.776)",0.027112491743850185,0.776
"[0.776, 0.777)",0.031117394396108087,0.777
"[0.777, 0.778)",0.03006319339732748,0.778
"[0.778, 0.779)",0.03358575326737181,0.779
"[0.779, 0.78)",0.027868058352460805,0.78
"[0.78, 0.781)",0.03127835294125411,0.781
"[0.781, 0.782)",0.028919472437086497,0.782
"[0.782, 0.783)",0.028133415451677007,0.783
"[0.783, 0.784)",0.03149943628795042,0.784
"[0.784, 0.785)",0.030737818923316,0.785
"[0.785, 0.786)",0.027170623207798162,0.786
"[0.786, 0.787)",0.0300715983093668,0.787
"[0.787, 0.788)",0.0256399920493535,0.788
"[0.788, 0.789)",0.02991507395063292,0.789
"[0.789, 0.79)",0.032778986990888395,0.79
"[0.79, 0.791)",0.027622012255646915,0.791
"[0.791, 0.792)",0.028944234056312034,0.792
"[0.792, 0.793)",0.030628600905181224,0.793
"[0.793, 0.794)",0.027601396347557164,0.794
"[0.794, 0.795)",0.025893197796236757,0.795
"[0.795, 0.796)",0.028701423255472088,0.796
"[0.796, 0.797)",0.030122955318599133,0.797
"[0.797, 0.798)",0.025448283162886668,0.798
"[0.798, 0.799)",0.02899140736304706,0.799
"[0.799, 0.8)",0.025165372217728885,0.8
"[0.8, 0.801)",0.03088289124079811,0.801
"[0.801, 0.802)",0.024163215182463924,0.802
"[0.802, 0.803)",0.030395912682464787,0.803
"[0.803, 0.804)",0.029240086824723767,0.804
"[0.804, 0.805)",0.031504784065000034,0.805
"[0.805, 0.806)",0.025902811377358496,0.806
"[0.806, 0.807)",0.030435271560873563,0.807
"[0.807, 0.808)",0.030127552796361548,0.808
"[0.808, 0.809)",0.03222548822847382,0.809
"[0.809, 0.81)",0.03310433878112057,0.81
"[0.81, 0.811)",0.025799205986103697,0.811
"[0.811, 0.812)",0.029427786664014875,0.812
"[0.812, 0.8130000000000001)",0.02823381577284809,0.813
"[0.8130000000000001, 0.8140000000000001)",0.02433589926396305,0.814
"[0.8140000000000001, 0.8150000000000001)",0.030006458090343805,0.815
"[0.8150000000000001, 0.8160000000000001)",0.02569156650111259,0.816
"[0.8160000000000001, 0.8170000000000001)",0.0303136010065977,0.817
"[0.8170000000000001, 0.8180000000000001)",0.025149640604893372,0.818
"[0.8180000000000001, 0.8190000000000001)",0.02785933206784266,0.819
"[0.8190000000000001, 0.8200000000000001)",0.02580807988270756,0.82
"[0.8200000000000001, 0.8210000000000001)",0.027615071166056195,0.821
"[0.8210000000000001, 0.8220000000000001)",0.023859939611743815,0.822
"[0.8220000000000001, 0.8230000000000001)",0.031858325193715314,0.823
"[0.8230000000000001, 0.8240000000000001)",0.02414543919861985,0.824
"[0.8240000000000001, 0.8250000000000001)",0.025443454111493995,0.825
"[0.8250000000000001, 0.8260000000000001)",0.028113608814808164,0.826
"[0.8260000000000001, 0.8270000000000001)",0.029057520493018005,0.827
"[0.8270000000000001, 0.8280000000000001)",0.031714459971203576,0.828
"[0.8280000000000001, 0.8290000000000001)",0.024783843797514207,0.829
"[0.8290000000000001, 0.8300000000000001)",0.026231046940731945,0.83
"[0.8300000000000001, 0.8310000000000001)",0.0298798211518957,0.831
"[0.8310000000000001, 0.8320000000000001)",0.033008782877647726,0.832
"[0.8320000000000001, 0.833)",0.027100689089679716,0.833
"[0.833, 0.834)",0.03165751926588957,0.834
"[0.834, 0.835)",0.02969887714091111,0.835
"[0.835, 0.836)",0.028543766920785935,0.836
"[0.836, 0.837)",0.022940609344824763,0.837
"[0.837, 0.838)",0.0344507238693154,0.838
"[0.838, 0.839)",0.034226067205245646,0.839
"[0.839, 0.84)",0.03344768958309549,0.84
"[0.84, 0.841)",0.02815495460225924,0.841
"[0.841, 0.842)",0.02608541225229543,0.842
"[0.842, 0.843)",0.02946717642438665,0.843
"[0.843, 0.844)",0.026280318402377968,0.844
"[0.844, 0.845)",0.0353632188174405,0.845
"[0.845, 0.846)",0.0280240344501878,0.846
"[0.846, 0.847)",0.03216003484115788,0.847
"[0.847, 0.848)",0.0272858917808303,0.848
"[0.848, 0.849)",0.028717573758871004,0.849
"[0.849, 0.85)",0.02766007349213778,0.85
"[0.85, 0.851)",0.028329450133680437,0.851
"[0.851, 0.852)",0.030636410512345655,0.852
"[0.852, 0.853)",0.03321718580204249,0.853
"[0.853, 0.854)",0.025877090545947647,0.854
"[0.854, 0.855)",0.02834585525287837,0.855
"[0.855, 0.856)",0.027688296792448237,0.856
"[0.856, 0.857)",0.0295982547067584,0.857
"[0.857, 0.858)",0.03019916669533327,0.858
"[0.858, 0.859)",0.030118598627806116,0.859
"[0.859, 0.86)",0.03151725614817949,0.86
"[0.86, 0.861)",0.02542194110372668,0.861
"[0.861, 0.862)",0.030086457699753086,0.862
"[0.862, 0.863)",0.026401136343376125,0.863
"[0.863, 0.864)",0.028799308446415803,0.864
"[0.864, 0.865)",0.029812033560088023,0.865
"[0.865, 0.866)",0.0288278208816883,0.866
"[0.866, 0.867)",0.026392599874933344,0.867
"[0.867, 0.868)",0.033441803687319166,0.868
"[0.868, 0.869)",0.02813932178194563,0.869
"[0.869, 0.87)",0.028149793841022296,0.87
"[0.87, 0.871)",0.029316735320153456,0.871
"[0.871, 0.872)",0.02309395579076726,0.872
"[0.872, 0.873)",0.0355082526,0.873
"[0.873, 0.874)",0.03046979960646029,0.874
"[0.874, 0.875)",0.025806706001254738,0.875
"[0.875, 0.876)",0.02774260131535123,0.876
"[0.876, 0.877)",0.028371035178654583,0.877
"[0.877, 0.878)",0.02892853428122606,0.878
"[0.878, 0.879)",0.02660706679356385,0.879
"[0.879, 0.88)",0.03327577808301157,0.88
"[0.88, 0.881)",0.03045668595542022,0.881
"[0.881, 0.882)",0.02723238898193256,0.882
"[0.882, 0.883)",0.035354747284210494,0.883
"[0.883, 0.884)",0.027064004649387234,0.884
"[0.884, 0.885)",0.02679364909731463,0.885
"[0.885, 0.886)",0.033738532839283714,0.886
"[0.886, 0.887)",0.03421032655103227,0.887
"[0.887, 0.888)",0.029384104309345828,0.888
"[0.888, 0.889)",0.030614828497846542,0.889
"[0.889, 0.89)",0.02866204736830805,0.89
"[0.89, 0.891)",0.0270961075129121,0.891
"[0.891, 0.892)",0.0275459688009223,0.892
"[0.892, 0.893)",0.02599999779918635,0.893
"[0.893, 0.894)",0.026818862353631585,0.894
"[0.894, 0.895)",0.026185424333287282,0.895
"[0.895, 0.896)",0.03327685259586501,0.896
"[0.896, 0.897)",0.03032389660386664,0.897
"[0.897, 0.898)",0.025386196165894485,0.898
"[0.898, 0.899)",0.030600751165793718,0.899
"[0.899, 0.9)",0.02608853366776472,0.9
"[0.9, 0.901)",0.029538411423639832,0.901
"[0.901, 0.902)",0.029212247572086028,0.902
"[0.902, 0.903)",0.029997501660252675,0.903
"[0.903, 0.904)",0.02323167591784556,0.904
"[0.904, 0.905)",0.027974058114209846,0.905
"[0.905, 0.906)",0.02611217495248471,0.906
"[0.906, 0.907)",0.031043466735584398,0.907
"[0.907, 0.908)",0.029006585822770353,0.908
"[0.908, 0.909)",0.02611885536183254,0.909
"[0.909, 0.91)",0.028594326665077687,0.91
"[0.91, 0.911)",0.029511310356190472,0.911
"[0.911, 0.912)",0.026579677577329305,0.912
"[0.912, 0.913)",0.03173656850489592,0.913
"[0.913, 0.914)",0.030730693719383608,0.914
"[0.914, 0.915)",0.0287702167345382,0.915
"[0.915, 0.916)",0.032861176675490114,0.916
"[0.916, 0.917)",0.030845477992180913,0.917
"[0.917, 0.918)",0.027200310390038694,0.918
"[0.918, 0.919)",0.027926611054249987,0.919
"[0.919, 0.92)",0.028459370457315503,0.92
"[0.92, 0.921)",0.029892371167082783,0.921
"[0.921, 0.922)",0.02575834001758393,0.922
"[0.922, 0.923)",0.023623188001887077,0.923
"[0.923, 0.924)",0.03250344637307685,0.924
"[0.924, 0.925)",0.028104300456216192,0.925
"[0.925, 0.926)",0.028779240376538444,0.926
"[0.926, 0.927)",0.030593322132165177,0.927
"[0.927, 0.928)",0.03260273796342857,0.928
"[0.928, 0.929)",0.028173497848716315,0.929
"[0.929, 0.93)",0.02376847408737245,0.93
"[0.93, 0.931)",0.029912303422606368,0.931
"[0.931, 0.932)",0.032351263562049606,0.932
"[0.932, 0.933)",0.02932185067857509,0.933
"[0.933, 0.934)",0.026642347587148618,0.934
"[0.934, 0.935)",0.03042608002582363,0.935
"[0.935, 0.936)",0.031397472925355094,0.936
"[0.936, 0.937)",0.025909892175944815,0.937
"[0.937, 0.9380000000000001)",0.034228062732220635,0.938
"[0.9380000000000001, 0.9390000000000001)",0.03587814827780975,0.939
"[0.9390000000000001, 0.9400000000000001)",0.03526892332299994,0.94
"[0.9400000000000001, 0.9410000000000001)",0.02676710713056227,0.941
"[0.9410000000000001, 0.9420000000000001)",0.03004265856571429,0.942
"[0.9420000000000001, 0.9430000000000001)",0.02972822613720361,0.943
"[0.9430000000000001, 0.9440000000000001)",0.027834365358582944,0.944
"[0.9440000000000001, 0.9450000000000001)",0.03217751646096056,0.945
"[0.9450000000000001, 0.9460000000000001)",0.031036680960931432,0.946
"[0.9460000000000001, 0.9470000000000001)",0.028436463263315243,0.947
"[0.9470000000000001, 0.9480000000000001)",0.0322396492234652,0.948
"[0.9480000000000001, 0.9490000000000001)",0.028288046449174004,0.949
"[0.9490000000000001, 0.9500000000000001)",0.02712555636228819,0.95
"[0.9500000000000001, 0.9510000000000001)",0.030618177222458125,0.951
"[0.9510000000000001, 0.9520000000000001)",0.027005892612336966,0.952
"[0.9520000000000001, 0.9530000000000001)",0.027019663427544097,0.953
"[0.9530000000000001, 0.9540000000000001)",0.027231706445776004,0.954
"[0.9540000000000001, 0.9550000000000001)",0.032015141332816535,0.955
"[0.9550000000000001, 0.9560000000000001)",0.0238642177717731,0.956
"[0.9560000000000001, 0.9570000000000001)",0.03130149968207426,0.957
"[0.9570000000000001, 0.9580000000000001)",0.02526025201754168,0.958
"[0.9580000000000001, 0.9590000000000001)",0.032732472673366445,0.959
"[0.9590000000000001, 0.96)",0.02723312418468824,0.96
"[0.96, 0.961)",0.0316184667264857,0.961
"[0.961, 0.962)",0.028633295629472286,0.962
"[0.962, 0.963)",0.02650004130229112,0.963
"[0.963, 0.964)",0.029289861039502804,0.964
"[0.964, 0.965)",0.029736320091124185,0.965
"[0.965, 0.966)",0.033622193029861254,0.966
"[0.966, 0.967)",0.03230777252132864,0.967
"[0.967, 0.968)",0.02526154531787967,0.968
"[0.968, 0.969)",0.02461774310684497,0.969
"[0.969, 0.97)",0.029328800395744658,0.97
"[0.97, 0.971)",0.027041279172961986,0.971
"[0.971, 0.972)",0.02951583857602181,0.972
"[0.972, 0.973)",0.02733620567776021,0.973
"[0.973, 0.974)",0.03175050687749925,0.974
"[0.974, 0.975)",0.027189045782833824,0.975
"[0.975, 0.976)",0.027012655056000038,0.976
"[0.976, 0.977)",0.030215499655329596,0.977
"[0.977, 0.978)",0.028772308685218743,0.978
"[0.978, 0.979)",0.02944311696145513,0.979
"[0.979, 0.98)",0.024493294591052657,0.98
"[0.98, 0.981)",0.026012536522159114,0.981
"[0.981, 0.982)",0.030666848257172995,0.982
"[0.982, 0.983)",0.026295570952944606,0.983
"[0.983, 0.984)",0.0277915004612613,0.984
"[0.984, 0.985)",0.02789609193411429,0.985
"[0.985, 0.986)",0.023464604068207322,0.986
"[0.986, 0.987)",0.02549906803768707,0.987
"[0.987, 0.988)",0.023851297870262,0.988
"[0.988, 0.989)",0.026641432387744857,0.989
"[0.989, 0.99)",0.030608944908868674,0.99
"[0.99, 0.991)",0.028893890958186737,0.991
"[0.991, 0.992)",0.028086923677794348,0.992
"[0.992, 0.993)",0.03323705233540499,0.993
"[0.993, 0.994)",0.029943649779535602,0.994
"[0.994, 0.995)",0.02567343881073319,0.995
"[0.995, 0.996)",0.03425226480891531,0.996
"[0.996, 0.997)",0.02661476489293741,0.997
"[0.997, 0.998)",0.02631462588719886,0.998
"[0.998, 0.999)",0.02786181760318474,0.999
"[0.999, 1.0)",0.024301623649928085,1.0
"[1.0, 1.0010000000000001)",0.026819904317908413,1.001
"[1.0010000000000001, 1.002)",0.02775139408875973,1.002
"[1.002, 1.0030000000000001)",0.02539820064894493,1.003
"[1.0030000000000001, 1.004)",0.02722636064526989,1.004
"[1.004, 1.0050000000000001)",0.03672364173884493,1.005
"[1.0050000000000001, 1.006)",0.03419223450794913,1.006
"[1.006, 1.0070000000000001)",0.026394586230014772,1.007
"[1.0070000000000001, 1.008)",0.03387743650107354,1.008
"[1.008, 1.0090000000000001)",0.023293163853432892,1.009
"[1.0090000000000001, 1.01)",0.029615385657739916,1.01
"[1.01, 1.0110000000000001)",0.027754438686225864,1.011
"[1.0110000000000001, 1.012)",0.02617542921360943,1.012
"[1.012, 1.0130000000000001)",0.02930553157635797,1.013
"[1.0130000000000001, 1.014)",0.027362439543343685,1.014
"[1.014, 1.0150000000000001)",0.03158182577727931,1.015
"[1.0150000000000001, 1.016)",0.022172430393949463,1.016
"[1.016, 1.0170000000000001)",0.02803762312880002,1.017
"[1.0170000000000001, 1.018)",0.03297074349705446,1.018
"[1.018, 1.0190000000000001)",0.024633359056990736,1.019
"[1.0190000000000001, 1.02)",0.0295683537560629,1.02
"[1.02, 1.0210000000000001)",0.03058786830217965,1.021
"[1.0210000000000001, 1.022)",0.025807920323291936,1.022
"[1.022, 1.0230000000000001)",0.030482480872691113,1.023
"[1.0230000000000001, 1.024)",0.02869885529330218,1.024
"[1.024, 1.025)",0.02825406735731096,1.025
"[1.025, 1.026)",0.025366791336624252,1.026
"[1.026, 1.027)",0.026993829806250008,1.027
"[1.027, 1.028)",0.030241463519242427,1.028
"[1.028, 1.029)",0.03397514536950003,1.029
"[1.029, 1.03)",0.026750017735517263,1.03
"[1.03, 1.031)",0.02595669803655743,1.031
"[1.031, 1.032)",0.028715240359536577,1.032
"[1.032, 1.033)",0.02661263841578952,1.033
"[1.033, 1.034)",0.029589837488103485,1.034
"[1.034, 1.035)",0.036137363638190936,1.035
"[1.035, 1.036)",0.025093877478798043,1.036
"[1.036, 1.037)",0.024402340260336136,1.037
"[1.037, 1.038)",0.027441066699469503,1.038
"[1.038, 1.039)",0.023741580027669944,1.039
"[1.039, 1.04)",0.02783611878676954,1.04
"[1.04, 1.041)",0.02970021147513767,1.041
"[1.041, 1.042)",0.026185922444339302,1.042
"[1.042, 1.043)",0.030981196854379597,1.043
"[1.043, 1.044)",0.02832484070807629,1.044
"[1.044, 1.045)",0.029299591271075877,1.045
"[1.045, 1.046)",0.025742439016433295,1.046
"[1.046, 1.047)",0.031348496026643025,1.047
"[1.047, 1.048)",0.03186367557876112,1.048
"[1.048, 1.049)",0.037100491216992784,1.049
"[1.049, 1.05)",0.03413794492823218,1.05
"[1.05, 1.051)",0.02947398315415338,1.051
"[1.051, 1.052)",0.02910785926310403,1.052
"[1.052, 1.053)",0.021271297158228116,1.053
"[1.053, 1.054)",0.028757604395027704,1.054
"[1.054, 1.055)",0.025396356813126228,1.055
"[1.055, 1.056)",0.025235433504752335,1.056
"[1.056, 1.057)",0.02824409969654702,1.057
"[1.057, 1.058)",0.027342885949820855,1.058
"[1.058, 1.059)",0.028018863740776768,1.059
"[1.059, 1.06)",0.03174790704117351,1.06
"[1.06, 1.061)",0.03726013148666666,1.061
"[1.061, 1.062)",0.026571889069611346,1.062
"[1.062, 1.063)",0.025726818142998313,1.063
"[1.063, 1.064)",0.0317174091984616,1.064
"[1.064, 1.065)",0.02144275951660586,1.065
"[1.065, 1.066)",0.031779375971121356,1.066
"[1.066, 1.067)",0.030773934824903895,1.067
"[1.067, 1.068)",0.03663755076666669,1.068
"[1.068, 1.069)",0.026511939414193022,1.069
"[1.069, 1.07)",0.02627482027774035,1.07
"[1.07, 1.071)",0.02966972197907641,1.071
"[1.071, 1.072)",0.02785895158480664,1.072
"[1.072, 1.073)",0.030034036480593565,1.073
"[1.073, 1.074)",0.03018579361120153,1.074
"[1.074, 1.075)",0.027825424254561432,1.075
"[1.075, 1.076)",0.03071597944444448,1.076
"[1.076, 1.077)",0.02721975814460005,1.077
"[1.077, 1.078)",0.029986105154386294,1.078
"[1.078, 1.079)",0.034700777390586184,1.079
"[1.079, 1.08)",0.030231120833750035,1.08
"[1.08, 1.081)",0.02592589905806197,1.081
"[1.081, 1.082)",0.036493324151395744,1.082
"[1.082, 1.083)",0.027461667402619912,1.083
"[1.083, 1.084)",0.03310063285915686,1.084
"[1.084, 1.085)",0.022269739362263005,1.085
"[1.085, 1.086)",0.028433135086115745,1.086
"[1.086, 1.087)",0.03118502475833621,1.087
"[1.087, 1.088)",0.02647162644250859,1.088
"[1.088, 1.089)",0.027839717459107866,1.089
"[1.089, 1.09)",0.03171113992851858,1.09
"[1.09, 1.091)",0.02517244559104736,1.091
"[1.091, 1.092)",0.022131067586200388,1.092
"[1.092, 1.093)",0.023670024115129185,1.093
"[1.093, 1.094)",0.027179759851841255,1.094
"[1.094, 1.095)",0.022604993964528322,1.095
"[1.095, 1.096)",0.02212096883957601,1.096
"[1.096, 1.097)",0.04203149551244981,1.097
"[1.097, 1.098)",0.027229322351520615,1.098
"[1.098, 1.099)",0.023022870183164353,1.099
"[1.099, 1.1)",0.030815520004093596,1.1
"[1.1, 1.101)",0.028440461324670464,1.101
"[1.101, 1.102)",0.021313202283541187,1.102
"[1.102, 1.103)",0.03249693405951947,1.103
"[1.103, 1.104)",0.026573993582760674,1.104
"[1.104, 1.105)",0.02911411701958425,1.105
"[1.105, 1.106)",0.03140911839606629,1.106
"[1.106, 1.107)",0.02151084768141438,1.107
"[1.107, 1.108)",0.02625888069215295,1.108
"[1.108, 1.109)",0.027269021867845866,1.109
"[1.109, 1.11)",0.03098325926885719,1.11
"[1.11, 1.111)",0.029627913568292714,1.111
"[1.111, 1.112)",0.031259851526035574,1.112
"[1.112, 1.113)",0.02749403217278199,1.113
"[1.113, 1.114)",0.03032952797074692,1.114
"[1.114, 1.115)",0.024713841496606815,1.115
"[1.115, 1.116)",0.023752702033843224,1.116
"[1.116, 1.117)",0.030352914980350254,1.117
"[1.117, 1.118)",0.02624894267410884,1.118
"[1.118, 1.119)",0.030330985923516754,1.119
"[1.119, 1.12)",0.03084229154384911,1.12
"[1.12, 1.121)",0.029806928446311495,1.121
"[1.121, 1.122)",0.028228930822937637,1.122
"[1.122, 1.123)",0.033122861633150216,1.123
"[1.123, 1.124)",0.02709363166565659,1.124
"[1.124, 1.125)",0.03488354781050505,1.125
"[1.125, 1.1260000000000001)",0.02653577232173914,1.126
"[1.1260000000000001, 1.127)",0.030087723659215727,1.127
"[1.127, 1.1280000000000001)",0.023463455173706033,1.128
"[1.1280000000000001, 1.129)",0.02569222610101421,1.129
"[1.129, 1.1300000000000001)",0.027166023100785912,1.13
"[1.1300000000000001, 1.131)",0.03135180991509061,1.131
"[1.131, 1.1320000000000001)",0.028439767931630687,1.132
"[1.1320000000000001, 1.133)",0.030329463059173112,1.133
"[1.133, 1.1340000000000001)",0.02745210975576562,1.134
"[1.1340000000000001, 1.135)",0.02208286303498016,1.135
"[1.135, 1.1360000000000001)",0.023631520132572643,1.136
"[1.1360000000000001, 1.137)",0.028354383239591864,1.137
"[1.137, 1.1380000000000001)",0.024111985391152297,1.138
"[1.1380000000000001, 1.139)",0.029557152729183724,1.139
"[1.139, 1.1400000000000001)",0.02808662964853276,1.14
"[1.1400000000000001, 1.141)",0.02756317584541287,1.141
"[1.141, 1.1420000000000001)",0.02547106053777782,1.142
"[1.1420000000000001, 1.143)",0.02973641428349276,1.143
"[1.143, 1.1440000000000001)",0.02919175825711468,1.144
"[1.1440000000000001, 1.145)",0.029929179892156918,1.145
"[1.145, 1.1460000000000001)",0.02985128472479167,1.146
"[1.1460000000000001, 1.147)",0.02666837941456144,1.147
"[1.147, 1.1480000000000001)",0.02586825276800004,1.148
"[1.1480000000000001, 1.149)",0.023995986289668633,1.149
"[1.149, 1.1500000000000001)",0.027140110625902353,1.15
"[1.1500000000000001, 1.151)",0.034681616191460714,1.151
"[1.151, 1.1520000000000001)",0.029437670081744693,1.152
"[1.1520000000000001, 1.153)",0.03295817835924245,1.153
"[1.153, 1.154)",0.02583793647456939,1.154
"[1.154, 1.155)",0.03145059624422417,1.155
"[1.155, 1.156)",0.024601572736099298,1.156
"[1.156, 1.157)",0.03747696602590095,1.157
"[1.157, 1.158)",0.02788909798321683,1.158
"[1.158, 1.159)",0.026421968188314656,1.159
"[1.159, 1.16)",0.02923492652229302,1.16
"[1.16, 1.161)",0.033915489143612386,1.161
"[1.161, 1.162)",0.0339435446282241,1.162
"[1.162, 1.163)",0.026791184551474372,1.163
"[1.163, 1.164)",0.02741476790483517,1.164
"[1.164, 1.165)",0.02861706728471342,1.165
"[1.165, 1.166)",0.022049145049606318,1.166
"[1.166, 1.167)",0.02670251067835054,1.167
"[1.167, 1.168)",0.03681477391579383,1.168
"[1.168, 1.169)",0.030911908187922357,1.169
"[1.169, 1.17)",0.03348101685537194,1.17
"[1.17, 1.171)",0.03625026100460533,1.171
"[1.171, 1.172)",0.030222696244095036,1.172
"[1.172, 1.173)",0.024147436705812035,1.173
"[1.173, 1.174)",0.02911699072086024,1.174
"[1.174, 1.175)",0.028267788917126075,1.175
"[1.175, 1.176)",0.02112102329383261,1.176
"[1.176, 1.177)",0.025224800977310946,1.177
"[1.177, 1.178)",0.03359836087019652,1.178
"[1.178, 1.179)",0.02821441163056229,1.179
"[1.179, 1.18)",0.024730912186094103,1.18
"[1.18, 1.181)",0.023854355545250543,1.181
"[1.181, 1.182)",0.029991395691079472,1.182
"[1.182, 1.183)",0.02943352549005854,1.183
"[1.183, 1.184)",0.027507976693970926,1.184
"[1.184, 1.185)",0.026509954962348207,1.185
"[1.185, 1.186)",0.025210453140831587,1.186
"[1.186, 1.187)",0.02903309189369569,1.187
"[1.187, 1.188)",0.03228505841127535,1.188
"[1.188, 1.189)",0.03149203233569984,1.189
"[1.189, 1.19)",0.027018474195726894,1.19
"[1.19, 1.191)",0.030908686721694223,1.191
"[1.191, 1.192)",0.028568447850684953,1.192
"[1.192, 1.193)",0.024363045395815026,1.193
"[1.193, 1.194)",0.027434019150573277,1.194
"[1.194, 1.195)",0.025289879464677072,1.195
"[1.195, 1.196)",0.03437571453820252,1.196
"[1.196, 1.197)",0.03222052203310506,1.197
"[1.197, 1.198)",0.023840751387283678,1.198
"[1.198, 1.199)",0.02553841288738744,1.199
"[1.199, 1.2)",0.029190401724145307,1.2
"[1.2, 1.201)",0.02897977644037128,1.201
"[1.201, 1.202)",0.024526912204954947,1.202
"[1.202, 1.203)",0.03740575272830631,1.203
"[1.203, 1.204)",0.0248487499113744,1.204
"[1.204, 1.205)",0.029054411779807717,1.205
"[1.205, 1.206)",0.026094743973333334,1.206
"[1.206, 1.207)",0.02901218718784073,1.207
"[1.207, 1.208)",0.028283902424520318,1.208
"[1.208, 1.209)",0.03335911344345901,1.209
"[1.209, 1.21)",0.02869154656327803,1.21
"[1.21, 1.211)",0.02432131511770835,1.211
"[1.211, 1.212)",0.02805322723269235,1.212
"[1.212, 1.213)",0.024947075367911818,1.213
"[1.213, 1.214)",0.02885091042068969,1.214
"[1.214, 1.215)",0.02991218544816417,1.215
"[1.215, 1.216)",0.03466702588925442,1.216
"[1.216, 1.217)",0.0343828766170341,1.217
"[1.217, 1.218)",0.02797397064465024,1.218
"[1.218, 1.219)",0.030287773749393957,1.219
"[1.219, 1.22)",0.02924148836441723,1.22
"[1.22, 1.221)",0.027503338022757153,1.221
"[1.221, 1.222)",0.02758478704501019,1.222
"[1.222, 1.223)",0.0371588927858628,1.223
"[1.223, 1.224)",0.029145473017420844,1.224
"[1.224, 1.225)",0.034829469544165,1.225
"[1.225, 1.226)",0.03731007674176954,1.226
"[1.226, 1.227)",0.025878999232320725,1.227
"[1.227, 1.228)",0.026901118889565256,1.228
"[1.228, 1.229)",0.021352638562585007,1.229
"[1.229, 1.23)",0.025366940090913045,1.23
"[1.23, 1.231)",0.027278063991576704,1.231
"[1.231, 1.232)",0.026365981843219526,1.232
"[1.232, 1.233)",0.0332707805287062,1.233
"[1.233, 1.234)",0.027144869537093306,1.234
"[1.234, 1.235)",0.018565606756036437,1.235
"[1.235, 1.236)",0.026099563604386027,1.236
"[1.236, 1.237)",0.02446859538923079,1.237
"[1.237, 1.238)",0.026398823621839092,1.238
"[1.238, 1.239)",0.02724976012125605,1.239
"[1.239, 1.24)",0.02747390253078559,1.24
"[1.24, 1.241)",0.030451005797266544,1.241
"[1.241, 1.242)",0.029681428933662577,1.242
"[1.242, 1.243)",0.03646668048668176,1.243
"[1.243, 1.244)",0.02908970373622051,1.244
"[1.244, 1.245)",0.028659301512127693,1.245
"[1.245, 1.246)",0.037470755833668955,1.246
"[1.246, 1.247)",0.02334355091582419,1.247
"[1.247, 1.248)",0.029356765677018663,1.248
"[1.248, 1.249)",0.0307391213093921,1.249
"[1.249, 1.25)",0.028512218738649828,1.25
"[1.25, 1.2510000000000001)",0.029658857606485366,1.251
"[1.2510000000000001, 1.252)",0.02868272367051286,1.252
"[1.252, 1.2530000000000001)",0.024198486878329588,1.253
"[1.2530000000000001, 1.254)",0.0292515762216036,1.254
"[1.254, 1.2550000000000001)",0.02627536192004612,1.255
"[1.2550000000000001, 1.256)",0.028959095711839355,1.256
"[1.256, 1.2570000000000001)",0.023203498826162808,1.257
"[1.2570000000000001, 1.258)",0.024515642878922737,1.258
"[1.258, 1.2590000000000001)",0.030952793888416093,1.259
"[1.2590000000000001, 1.26)",0.02782223321193694,1.26
"[1.26, 1.2610000000000001)",0.031117545797911577,1.261
"[1.2610000000000001, 1.262)",0.02459032846845965,1.262
"[1.262, 1.2630000000000001)",0.026585449162956746,1.263
"[1.2630000000000001, 1.264)",0.0344315437582126,1.264
"[1.264, 1.2650000000000001)",0.030087470754782637,1.265
"[1.2650000000000001, 1.266)",0.031094400038028193,1.266
"[1.266, 1.2670000000000001)",0.031114876290191426,1.267
"[1.2670000000000001, 1.268)",0.029753999459536083,1.268
"[1.268, 1.2690000000000001)",0.029199081990389054,1.269
"[1.2690000000000001, 1.27)",0.022475655592891008,1.27
"[1.27, 1.2710000000000001)",0.0220746963995122,1.271
"[1.2710000000000001, 1.272)",0.02788937726289957,1.272
"[1.272, 1.2730000000000001)",0.02816629167754137,1.273
"[1.2730000000000001, 1.274)",0.028292347553071452,1.274
"[1.274, 1.2750000000000001)",0.025253053517764714,1.275
"[1.2750000000000001, 1.276)",0.025588576829365065,1.276
"[1.276, 1.2770000000000001)",0.026964415660885203,1.277
"[1.2770000000000001, 1.278)",0.030703665122953375,1.278
"[1.278, 1.2790000000000001)",0.030692271497883606,1.279
"[1.2790000000000001, 1.28)",0.02740068993270143,1.28
"[1.28, 1.281)",0.02676085089697734,1.281
"[1.281, 1.282)",0.028526850805238105,1.282
"[1.282, 1.283)",0.03187926888471609,1.283
"[1.283, 1.284)",0.030542790419951376,1.284
"[1.284, 1.285)",0.03569981315200001,1.285
"[1.285, 1.286)",0.02745995938135557,1.286
"[1.286, 1.287)",0.03004124080293401,1.287
"[1.287, 1.288)",0.027093586858433417,1.288
"[1.288, 1.289)",0.022696998405974042,1.289
"[1.289, 1.29)",0.031226742308101286,1.29
"[1.29, 1.291)",0.024581680255457004,1.291
"[1.291, 1.292)",0.026962730961388893,1.292
"[1.292, 1.293)",0.028872255454907157,1.293
"[1.293, 1.294)",0.02339302390994791,1.294
"[1.294, 1.295)",0.0243128695800983,1.295
"[1.295, 1.296)",0.023252214789434893,1.296
"[1.296, 1.297)",0.02700464949586565,1.297
"[1.297, 1.298)",0.02967383730297297,1.298
"[1.298, 1.299)",0.036454475529512836,1.299
"[1.299, 1.3)",0.026918440826614987,1.3
"[1.3, 1.301)",0.03120321424832909,1.301
"[1.301, 1.302)",0.021314496508488042,1.302
"[1.302, 1.303)",0.02804085506765501,1.303
"[1.303, 1.304)",0.024077249688772836,1.304
"[1.304, 1.305)",0.02413907718350003,1.305
"[1.305, 1.306)",0.031245845695853695,1.306
"[1.306, 1.307)",0.024918348381234242,1.307
"[1.307, 1.308)",0.03069838203101181,1.308
"[1.308, 1.309)",0.02678171866322117,1.309
"[1.309, 1.31)",0.027679041107837865,1.31
"[1.31, 1.311)",0.02592290267336815,1.311
"[1.311, 1.312)",0.027992578374113303,1.312
"[1.312, 1.313)",0.035902914526463145,1.313
"[1.313, 1.314)",0.031107322670290295,1.314
"[1.314, 1.315)",0.03054499746572948,1.315
"[1.315, 1.316)",0.02679820442798451,1.316
"[1.316, 1.317)",0.031093188874111683,1.317
"[1.317, 1.318)",0.02406781848812353,1.318
"[1.318, 1.319)",0.020507244229530215,1.319
"[1.319, 1.32)",0.03808330085376348,1.32
"[1.32, 1.321)",0.03689709065107551,1.321
"[1.321, 1.322)",0.03507187878373987,1.322
"[1.322, 1.323)",0.024684644713647057,1.323
"[1.323, 1.324)",0.032027855847242354,1.324
"[1.324, 1.325)",0.03229083675629635,1.325
"[1.325, 1.326)",0.022930063566984123,1.326
"[1.326, 1.327)",0.03742707238370279,1.327
"[1.327, 1.328)",0.026190745499975004,1.328
"[1.328, 1.329)",0.028877392916402147,1.329
"[1.329, 1.33)",0.02983579276387438,1.33
"[1.33, 1.331)",0.03037511167047872,1.331
"[1.331, 1.332)",0.03220887502025645,1.332
"[1.332, 1.333)",0.027493166813766262,1.333
"[1.333, 1.334)",0.04096584969649597,1.334
"[1.334, 1.335)",0.028418004588218436,1.335
"[1.335, 1.336)",0.03108882151315792,1.336
"[1.336, 1.337)",0.028853274172282613,1.337
"[1.337, 1.338)",0.026624993451104962,1.338
"[1.338, 1.339)",0.027385169203703718,1.339
"[1.339, 1.34)",0.02557840375748501,1.34
"[1.34, 1.341)",0.031376921523596744,1.341
"[1.341, 1.342)",0.02688953236071429,1.342
"[1.342, 1.343)",0.02887631317471699,1.343
"[1.343, 1.344)",0.027499991685411146,1.344
"[1.344, 1.345)",0.02428254076936938,1.345
"[1.345, 1.346)",0.02704128453841964,1.346
"[1.346, 1.347)",0.03631482543746315,1.347
"[1.347, 1.348)",0.032640609889518404,1.348
"[1.348, 1.349)",0.02981029073465913,1.349
"[1.349, 1.35)",0.027550817182993178,1.35
"[1.35, 1.351)",0.026551129987246434,1.351
"[1.351, 1.352)",0.019806254426786688,1.352
"[1.352, 1.353)",0.02611159333209149,1.353
"[1.353, 1.354)",0.025612550119207315,1.354
"[1.354, 1.355)",0.022058948022330088,1.355
"[1.355, 1.356)",0.03841067195904197,1.356
"[1.356, 1.357)",0.02145420293898305,1.357
"[1.357, 1.358)",0.042805001575155335,1.358
"[1.358, 1.359)",0.02758188263687879,1.359
"[1.359, 1.36)",0.025807586021428568,1.36
"[1.36, 1.361)",0.027056493671019102,1.361
"[1.361, 1.362)",0.029449982467692305,1.362
"[1.362, 1.363)",0.02669274328233441,1.363
"[1.363, 1.364)",0.026883170927002948,1.364
"[1.364, 1.365)",0.03155988316869568,1.365
"[1.365, 1.366)",0.03038956927987221,1.366
"[1.366, 1.367)",0.02351503556952381,1.367
"[1.367, 1.368)",0.03684146790783135,1.368
"[1.368, 1.369)",0.03523596158898553,1.369
"[1.369, 1.37)",0.03173705185114286,1.37
"[1.37, 1.371)",0.023842656922732915,1.371
"[1.371, 1.372)",0.02231309236864024,1.372
"[1.372, 1.373)",0.03487885961085044,1.373
"[1.373, 1.374)",0.033846838736544864,1.374
"[1.374, 1.375)",0.02546360187185972,1.375
"[1.375, 1.3760000000000001)",0.031541182039628524,1.376
"[1.3760000000000001, 1.377)",0.030659741591126288,1.377
"[1.377, 1.3780000000000001)",0.029341361259246565,1.378
"[1.3780000000000001, 1.379)",0.031080191094158074,1.379
"[1.379, 1.3800000000000001)",0.02837432024013375,1.38
"[1.3800000000000001, 1.381)",0.030837754839747628,1.381
"[1.381, 1.3820000000000001)",0.033732563551290354,1.382
"[1.3820000000000001, 1.383)",0.02937447077572815,1.383
"[1.383, 1.3840000000000001)",0.024157812088958966,1.384
"[1.3840000000000001, 1.385)",0.033525533675588234,1.385
"[1.385, 1.3860000000000001)",0.026916655888311696,1.386
"[1.3860000000000001, 1.387)",0.031989364607785724,1.387
"[1.387, 1.3880000000000001)",0.02585258384006622,1.388
"[1.3880000000000001, 1.389)",0.034413750498513515,1.389
"[1.389, 1.3900000000000001)",0.033507012306574394,1.39
"[1.3900000000000001, 1.391)",0.03821205452753627,1.391
"[1.391, 1.3920000000000001)",0.030989300993069298,1.392
"[1.3920000000000001, 1.393)",0.022034850572390553,1.393
"[1.393, 1.3940000000000001)",0.034103967096453934,1.394
"[1.3940000000000001, 1.395)",0.031699580561694946,1.395
"[1.395, 1.3960000000000001)",0.025140099476824808,1.396
"[1.3960000000000001, 1.397)",0.03353002746780824,1.397
"[1.397, 1.3980000000000001)",0.02438004152563177,1.398
"[1.3980000000000001, 1.399)",0.030071636360144916,1.399
"[1.399, 1.4000000000000001)",0.026514054276029944,1.4
"[1.4000000000000001, 1.401)",0.035997331891485504,1.401
"[1.401, 1.4020000000000001)",0.029938912521621643,1.402
"[1.4020000000000001, 1.403)",0.02780169047588649,1.403
"[1.403, 1.4040000000000001)",0.03414895506784945,1.404
"[1.4040000000000001, 1.405)",0.024290285153723393,1.405
"[1.405, 1.4060000000000001)",0.024139014784142383,1.406
"[1.4060000000000001, 1.407)",0.030395203746923068,1.407
"[1.407, 1.408)",0.03185326969691782,1.408
"[1.408, 1.409)",0.031962525337398635,1.409
"[1.409, 1.41)",0.028951095356776552,1.41
"[1.41, 1.411)",0.03138722770747476,1.411
"[1.411, 1.412)",0.018553751688172047,1.412
"[1.412, 1.413)",0.03372483890586209,1.413
"[1.413, 1.414)",0.029994267797142843,1.414
"[1.414, 1.415)",0.031424019436170986,1.415
"[1.415, 1.416)",0.018573664204843757,1.416
"[1.416, 1.417)",0.02171424166374504,1.417
"[1.417, 1.418)",0.03588162209900995,1.418
"[1.418, 1.419)",0.03604874572230483,1.419
"[1.419, 1.42)",0.02344782101195036,1.42
"[1.42, 1.421)",0.031050116076608392,1.421
"[1.421, 1.422)",0.022497717144176702,1.422
"[1.422, 1.423)",0.031105368552977932,1.423
"[1.423, 1.424)",0.022914657430656918,1.424
"[1.424, 1.425)",0.031346612331476495,1.425
"[1.425, 1.426)",0.02580880762868217,1.426
"[1.426, 1.427)",0.03644733661428571,1.427
"[1.427, 1.428)",0.0317831664513475,1.428
"[1.428, 1.429)",0.031154798002230488,1.429
"[1.429, 1.43)",0.03060616857830509,1.43
"[1.43, 1.431)",0.021621565651601414,1.431
"[1.431, 1.432)",0.03157417123786764,1.432
"[1.432, 1.433)",0.029991437242068975,1.433
"[1.433, 1.434)",0.02952321138271185,1.434
"[1.434, 1.435)",0.03127740594818183,1.435
"[1.435, 1.436)",0.02567250551155556,1.436
"[1.436, 1.437)",0.02935827800756577,1.437
"[1.437, 1.438)",0.02897272216140349,1.438
"[1.438, 1.439)",0.026383528565248216,1.439
"[1.439, 1.44)",0.027527483097450966,1.44
"[1.44, 1.441)",0.041150210534630374,1.441
"[1.441, 1.442)",0.024834906146236548,1.442
"[1.442, 1.443)",0.02702425314563955,1.443
"[1.443, 1.444)",0.027059378255105116,1.444
"[1.444, 1.445)",0.02575006182465279,1.445
"[1.445, 1.446)",0.02346985105131579,1.446
"[1.446, 1.447)",0.03004708699732395,1.447
"[1.447, 1.448)",0.027640684998338858,1.448
"[1.448, 1.449)",0.03334867611003238,1.449
"[1.449, 1.45)",0.03851108510338664,1.45
"[1.45, 1.451)",0.028981261580130317,1.451
"[1.451, 1.452)",0.031105361489667888,1.452
"[1.452, 1.453)",0.038339969937299045,1.453
"[1.453, 1.454)",0.03204670622809368,1.454
"[1.454, 1.455)",0.0298539036080906,1.455
"[1.455, 1.456)",0.0290557911695652,1.456
"[1.456, 1.457)",0.029260219902402396,1.457
"[1.457, 1.458)",0.03471040946508772,1.458
"[1.458, 1.459)",0.029464869166449265,1.459
"[1.459, 1.46)",0.023319729144137928,1.46
"[1.46, 1.461)",0.02889067609732393,1.461
"[1.461, 1.462)",0.028007341746969703,1.462
"[1.462, 1.463)",0.027112086092581797,1.463
"[1.463, 1.464)",0.029507008516027878,1.464
"[1.464, 1.465)",0.034438924164173226,1.465
"[1.465, 1.466)",0.034251923264539026,1.466
"[1.466, 1.467)",0.031027315927378275,1.467
"[1.467, 1.468)",0.030459546661824332,1.468
"[1.468, 1.469)",0.026340872108247405,1.469
"[1.469, 1.47)",0.024576840139283143,1.47
"[1.47, 1.471)",0.03001875685655431,1.471
"[1.471, 1.472)",0.02974204401111108,1.472
"[1.472, 1.473)",0.02556511784714828,1.473
"[1.473, 1.474)",0.03155620805766668,1.474
"[1.474, 1.475)",0.030789386068981125,1.475
"[1.475, 1.476)",0.02608306052405497,1.476
"[1.476, 1.477)",0.033259065751933534,1.477
"[1.477, 1.478)",0.03080267426464407,1.478
"[1.478, 1.479)",0.033407911712091495,1.479
"[1.479, 1.48)",0.02614092197690971,1.48
"[1.48, 1.481)",0.029361635906245732,1.481
"[1.481, 1.482)",0.023534620117038444,1.482
"[1.482, 1.483)",0.029214747990405913,1.483
"[1.483, 1.484)",0.023780694049929822,1.484
"[1.484, 1.485)",0.028730412873214314,1.485
"[1.485, 1.486)",0.031832164862043766,1.486
"[1.486, 1.487)",0.04147291917520001,1.487
"[1.487, 1.488)",0.02618413871853281,1.488
"[1.488, 1.489)",0.02296377983082705,1.489
"[1.489, 1.49)",0.03663139435719426,1.49
"[1.49, 1.491)",0.019610925935019143,1.491
"[1.491, 1.492)",0.03193991068786767,1.492
"[1.492, 1.493)",0.029945987809574474,1.493
"[1.493, 1.494)",0.028644652044557843,1.494
"[1.494, 1.495)",0.023448365120886067,1.495
"[1.495, 1.496)",0.026596999591929814,1.496
"[1.496, 1.497)",0.031192090092617433,1.497
"[1.497, 1.498)",0.03620785105082507,1.498
"[1.498, 1.499)",0.032954537048,1.499
"[1.499, 1.5)",0.023020475275163405,1.5
"[1.5, 1.5010000000000001)",0.04153910086107144,1.501
"[1.5010000000000001, 1.502)",0.028461002525579693,1.502
"[1.502, 1.5030000000000001)",0.027051007313993167,1.503
"[1.5030000000000001, 1.504)",0.028340001824637674,1.504
"[1.504, 1.5050000000000001)",0.027926368009811305,1.505
"[1.5050000000000001, 1.506)",0.027204160721851833,1.506
"[1.506, 1.5070000000000001)",0.02799656704270071,1.507
"[1.5070000000000001, 1.508)",0.04012743420922509,1.508
"[1.508, 1.5090000000000001)",0.02431267928972332,1.509
"[1.5090000000000001, 1.51)",0.02794808112304962,1.51
"[1.51, 1.5110000000000001)",0.032048764406866236,1.511
"[1.5110000000000001, 1.512)",0.026480803645,1.512
"[1.512, 1.5130000000000001)",0.05198079953857678,1.513
"[1.5130000000000001, 1.514)",0.02912702798735176,1.514
"[1.514, 1.5150000000000001)",0.02652745738375448,1.515
"[1.5150000000000001, 1.516)",0.03188714649319501,1.516
"[1.516, 1.5170000000000001)",0.030760387501052634,1.517
"[1.5170000000000001, 1.518)",0.028747874985137235,1.518
"[1.518, 1.5190000000000001)",0.025544418520703098,1.519
"[1.5190000000000001, 1.52)",0.030290770767968735,1.52
"[1.52, 1.5210000000000001)",0.028283375428679237,1.521
"[1.5210000000000001, 1.522)",0.026871663593849366,1.522
"[1.522, 1.5230000000000001)",0.030924207455066063,1.523
"[1.5230000000000001, 1.524)",0.02987352642096774,1.524
"[1.524, 1.5250000000000001)",0.030441695582208852,1.525
"[1.5250000000000001, 1.526)",0.027373161775217373,1.526
"[1.526, 1.5270000000000001)",0.02576519448744937,1.527
"[1.5270000000000001, 1.528)",0.025996468245643126,1.528
"[1.528, 1.5290000000000001)",0.0310482551392857,1.529
"[1.5290000000000001, 1.53)",0.024236953460653052,1.53
"[1.53, 1.5310000000000001)",0.03501349845980544,1.531
"[1.5310000000000001, 1.532)",0.03046336121322958,1.532
"[1.532, 1.5330000000000001)",0.024216308367293223,1.533
"[1.5330000000000001, 1.534)",0.0249055572864754,1.534
"[1.534, 1.5350000000000001)",0.026167437974273833,1.535
"[1.5350000000000001, 1.536)",0.029151260377058806,1.536
"[1.536, 1.537)",0.031251011719028346,1.537
"[1.537, 1.538)",0.020891219029999988,1.538
"[1.538, 1.539)",0.020896081808264463,1.539
"[1.539, 1.54)",0.02173449209052173,1.54
"[1.54, 1.541)",0.017508097580984244,1.541
"[1.541, 1.542)",0.02650727552307691,1.542
"[1.542, 1.543)",0.03034420693023253,1.543
"[1.543, 1.544)",0.025237550949797544,1.544
"[1.544, 1.545)",0.02657989199541984,1.545
"[1.545, 1.546)",0.026249193024675297,1.546
"[1.546, 1.547)",0.025666007016731506,1.547
"[1.547, 1.548)",0.022949656062438,1.548
"[1.548, 1.549)",0.023578669706024083,1.549
"[1.549, 1.55)",0.03654135104190871,1.55
"[1.55, 1.551)",0.02396970355248092,1.551
"[1.551, 1.552)",0.027335839608494204,1.552
"[1.552, 1.553)",0.0364018416556225,1.553
"[1.553, 1.554)",0.028560875793217394,1.554
"[1.554, 1.555)",0.027783657162190077,1.555
"[1.555, 1.556)",0.025276929390446432,1.556
"[1.556, 1.557)",0.026064432715918368,1.557
"[1.557, 1.558)",0.024401279687401592,1.558
"[1.558, 1.559)",0.03128485401594201,1.559
"[1.559, 1.56)",0.02908375873476564,1.56
"[1.56, 1.561)",0.025764092571927254,1.561
"[1.561, 1.562)",0.027209589018951586,1.562
"[1.562, 1.563)",0.02274253805522266,1.563
"[1.563, 1.564)",0.0347250945339161,1.564
"[1.564, 1.565)",0.03990790126411287,1.565
"[1.565, 1.566)",0.031541260903358216,1.566
"[1.566, 1.567)",0.026810946192830185,1.567
"[1.567, 1.568)",0.026221913123616235,1.568
"[1.568, 1.569)",0.0251982136532258,1.569
"[1.569, 1.57)",0.03143577933512396,1.57
"[1.57, 1.571)",0.026766674030303004,1.571
"[1.571, 1.572)",0.02540964445818965,1.572
"[1.572, 1.573)",0.03132840483029045,1.573
"[1.573, 1.574)",0.022614860779126635,1.574
"[1.574, 1.575)",0.029656277048837183,1.575
"[1.575, 1.576)",0.03322584657937742,1.576
"[1.576, 1.577)",0.04136639456839828,1.577
"[1.577, 1.578)",0.022458450376153842,1.578
"[1.578, 1.579)",0.04054355093504276,1.579
"[1.579, 1.58)",0.018569974658577414,1.58
"[1.58, 1.581)",0.027858540182127665,1.581
"[1.581, 1.582)",0.03707386372122448,1.582
"[1.582, 1.583)",0.024280925709543565,1.583
"[1.583, 1.584)",0.0257867503587156,1.584
"[1.584, 1.585)",0.029642410124285704,1.585
"[1.585, 1.586)",0.03481219361176469,1.586
"[1.586, 1.587)",0.025628942010970452,1.587
"[1.587, 1.588)",0.022715576895154178,1.588
"[1.588, 1.589)",0.027199898292115388,1.589
"[1.589, 1.59)",0.029220349125294105,1.59
"[1.59, 1.591)",0.03318684860355729,1.591
"[1.591, 1.592)",0.021198974547916652,1.592
"[1.592, 1.593)",0.025495870331390145,1.593
"[1.593, 1.594)",0.028024198643518492,1.594
"[1.594, 1.595)",0.03389454501176471,1.595
"[1.595, 1.596)",0.023393783271138224,1.596
"[1.596, 1.597)",0.021140524215226338,1.597
"[1.597, 1.598)",0.024983422735217378,1.598
"[1.598, 1.599)",0.033226592549193544,1.599
"[1.599, 1.6)",0.029637057159610385,1.6
"[1.6, 1.601)",0.029472006073122517,1.601
"[1.601, 1.602)",0.031623137617796594,1.602
"[1.602, 1.603)",0.022266448720873782,1.603
"[1.603, 1.604)",0.02756533726659998,1.604
"[1.604, 1.605)",0.026900573066340437,1.605
"[1.605, 1.606)",0.03219464534854771,1.606
"[1.606, 1.607)",0.03128034763536362,1.607
"[1.607, 1.608)",0.03101770344016392,1.608
"[1.608, 1.609)",0.025103120149797573,1.609
"[1.609, 1.61)",0.033709409262868195,1.61
"[1.61, 1.611)",0.033901887010416666,1.611
"[1.611, 1.612)",0.034107523187906975,1.612
"[1.612, 1.613)",0.022576768413223147,1.613
"[1.613, 1.614)",0.03486216686447367,1.614
"[1.614, 1.615)",0.03009012010932127,1.615
"[1.615, 1.616)",0.03385227674887891,1.616
"[1.616, 1.617)",0.02856293499541664,1.617
"[1.617, 1.618)",0.02309685730769229,1.618
"[1.618, 1.619)",0.033736595812395416,1.619
"[1.619, 1.62)",0.0278783842584615,1.62
"[1.62, 1.621)",0.032571467315384635,1.621
"[1.621, 1.622)",0.041586700089719646,1.622
"[1.622, 1.623)",0.030493395339484988,1.623
"[1.623, 1.624)",0.03870707873379628,1.624
"[1.624, 1.625)",0.02934051187847536,1.625
"[1.625, 1.6260000000000001)",0.030248762123170722,1.626
"[1.6260000000000001, 1.627)",0.02311132729331858,1.627
"[1.627, 1.6280000000000001)",0.01915465266394231,1.628
"[1.6280000000000001, 1.629)",0.03851948877209304,1.629
"[1.629, 1.6300000000000001)",0.024433953372146117,1.63
"[1.6300000000000001, 1.631)",0.02824215122583332,1.631
"[1.631, 1.6320000000000001)",0.035910197726359824,1.632
"[1.6320000000000001, 1.633)",0.0329566012632558,1.633
"[1.633, 1.6340000000000001)",0.030627429350000002,1.634
"[1.6340000000000001, 1.635)",0.023321849281165926,1.635
"[1.635, 1.6360000000000001)",0.03178652278235291,1.636
"[1.6360000000000001, 1.637)",0.028873131360747664,1.637
"[1.637, 1.6380000000000001)",0.02587726431101321,1.638
"[1.6380000000000001, 1.639)",0.03194600600669853,1.639
"[1.639, 1.6400000000000001)",0.028005340955721155,1.64
"[1.6400000000000001, 1.641)",0.035505883056422015,1.641
"[1.641, 1.6420000000000001)",0.039415267894778776,1.642
"[1.6420000000000001, 1.643)",0.028086104976576577,1.643
"[1.643, 1.6440000000000001)",0.034877494394067766,1.644
"[1.6440000000000001, 1.645)",0.024921506505555534,1.645
"[1.645, 1.6460000000000001)",0.02815756645269711,1.646
"[1.6460000000000001, 1.647)",0.025609208149107138,1.647
"[1.647, 1.6480000000000001)",0.027563543797596162,1.648
"[1.6480000000000001, 1.649)",0.027677797000790514,1.649
"[1.649, 1.6500000000000001)",0.02493428726976745,1.65
"[1.6500000000000001, 1.651)",0.0438430954604348,1.651
"[1.651, 1.6520000000000001)",0.029335715732038827,1.652
"[1.6520000000000001, 1.653)",0.019106990269856464,1.653
"[1.653, 1.6540000000000001)",0.02639676898578199,1.654
"[1.6540000000000001, 1.655)",0.025482000489622635,1.655
"[1.655, 1.6560000000000001)",0.025200735655288457,1.656
"[1.6560000000000001, 1.657)",0.03408642648311111,1.657
"[1.657, 1.6580000000000001)",0.02854137262930481,1.658
"[1.6580000000000001, 1.659)",0.03049142767431192,1.659
"[1.659, 1.6600000000000001)",0.034810796307281545,1.66
"[1.6600000000000001, 1.661)",0.037963374337499994,1.661
"[1.661, 1.6620000000000001)",0.024760306918181825,1.662
"[1.6620000000000001, 1.663)",0.032376822432710256,1.663
"[1.663, 1.6640000000000001)",0.03139325114305555,1.664
"[1.6640000000000001, 1.665)",0.03956911667580645,1.665
"[1.665, 1.666)",0.029091740744394617,1.666
"[1.666, 1.667)",0.021362912666995075,1.667
"[1.667, 1.668)",0.026740196986595743,1.668
"[1.668, 1.669)",0.020844434035678393,1.669
"[1.669, 1.67)",0.026910781122222234,1.67
"[1.67, 1.671)",0.04632869610677084,1.671
"[1.671, 1.672)",0.024243088737534873,1.672
"[1.672, 1.673)",0.02600042178146341,1.673
"[1.673, 1.674)",0.029427106166829253,1.674
"[1.674, 1.675)",0.02845299882073732,1.675
"[1.675, 1.676)",0.019654814790540546,1.676
"[1.676, 1.677)",0.023240567434951447,1.677
"[1.677, 1.678)",0.022285348162780255,1.678
"[1.678, 1.679)",0.0321004003490196,1.679
"[1.679, 1.68)",0.029366673974876873,1.68
"[1.68, 1.681)",0.024982296444761905,1.681
"[1.681, 1.682)",0.034352022506703925,1.682
"[1.682, 1.683)",0.02231059090702702,1.683
"[1.683, 1.684)",0.04157450409545454,1.684
"[1.684, 1.685)",0.02536117531761906,1.685
"[1.685, 1.686)",0.04434196873796793,1.686
"[1.686, 1.687)",0.023661697259788363,1.687
"[1.687, 1.688)",0.029623806822459874,1.688
"[1.688, 1.689)",0.02596526775609889,1.689
"[1.689, 1.69)",0.020928216285628753,1.69
"[1.69, 1.691)",0.05290729421030304,1.691
"[1.691, 1.692)",0.0209125651684375,1.692
"[1.692, 1.693)",0.02649644843103448,1.693
"[1.693, 1.694)",0.033830486751741926,1.694
"[1.694, 1.695)",0.028134089477837822,1.695
"[1.695, 1.696)",0.02693507417365591,1.696
"[1.696, 1.697)",0.0304756238612745,1.697
"[1.697, 1.698)",0.032591781769680826,1.698
"[1.698, 1.699)",0.028164861539267033,1.699
"[1.699, 1.7)",0.027393821800578047,1.7
"[1.7, 1.701)",0.04049323857076024,1.701
"[1.701, 1.702)",0.03179846348424242,1.702
"[1.702, 1.703)",0.03262828164069767,1.703
"[1.703, 1.704)",0.02110186682317074,1.704
"[1.704, 1.705)",0.03244598239911764,1.705
"[1.705, 1.706)",0.034733106846835435,1.706
"[1.706, 1.707)",0.034950596368627455,1.707
"[1.707, 1.708)",0.024137032861627907,1.708
"[1.708, 1.709)",0.03380840630892857,1.709
"[1.709, 1.71)",0.043347939833333335,1.71
"[1.71, 1.711)",0.02329841657368421,1.711
"[1.711, 1.712)",0.023436227391566276,1.712
"[1.712, 1.713)",0.025599454431694015,1.713
"[1.713, 1.714)",0.02953205187326203,1.714
"[1.714, 1.715)",0.036293226249032265,1.715
"[1.715, 1.716)",0.042542603674545425,1.716
"[1.716, 1.717)",0.02103028657486338,1.717
"[1.717, 1.718)",0.03670467495266274,1.718
"[1.718, 1.719)",0.029085044789523822,1.719
"[1.719, 1.72)",0.019500071554054067,1.72
"[1.72, 1.721)",0.021714292248901087,1.721
"[1.721, 1.722)",0.02488364712707182,1.722
"[1.722, 1.723)",0.027942289725989573,1.723
"[1.723, 1.724)",0.026969964724324322,1.724
"[1.724, 1.725)",0.029864993815094283,1.725
"[1.725, 1.726)",0.03244357657035175,1.726
"[1.726, 1.727)",0.033496460108421035,1.727
"[1.727, 1.728)",0.022597406200547274,1.728
"[1.728, 1.729)",0.030090508744497587,1.729
"[1.729, 1.73)",0.019218049132967048,1.73
"[1.73, 1.731)",0.02644437938505154,1.731
"[1.731, 1.732)",0.024642222856249986,1.732
"[1.732, 1.733)",0.03345966385375722,1.733
"[1.733, 1.734)",0.02652801108194172,1.734
"[1.734, 1.735)",0.028112780090109885,1.735
"[1.735, 1.736)",0.027115816797209296,1.736
"[1.736, 1.737)",0.02996863975818181,1.737
"[1.737, 1.738)",0.033371583909826585,1.738
"[1.738, 1.739)",0.018165043601847824,1.739
"[1.739, 1.74)",0.03963506894374998,1.74
"[1.74, 1.741)",0.02763543831550801,1.741
"[1.741, 1.742)",0.033086154684782584,1.742
"[1.742, 1.743)",0.03140023769404763,1.743
"[1.743, 1.744)",0.029686516489102567,1.744
"[1.744, 1.745)",0.032708244995054925,1.745
"[1.745, 1.746)",0.0334301519814835,1.746
"[1.746, 1.747)",0.02484698468579545,1.747
"[1.747, 1.748)",0.021333973533333325,1.748
"[1.748, 1.749)",0.025432001741666658,1.749
"[1.749, 1.75)",0.02826445964010417,1.75
"[1.75, 1.7510000000000001)",0.03789432571525422,1.751
"[1.7510000000000001, 1.752)",0.025988763122680412,1.752
"[1.752, 1.7530000000000001)",0.023656180116954324,1.753
"[1.7530000000000001, 1.754)",0.03551730966936416,1.754
"[1.754, 1.7550000000000001)",0.028593520133149173,1.755
"[1.7550000000000001, 1.756)",0.03466772421526947,1.756
"[1.756, 1.7570000000000001)",0.04539064468984771,1.757
"[1.7570000000000001, 1.758)",0.02488359406553671,1.758
"[1.758, 1.7590000000000001)",0.02438561925833333,1.759
"[1.7590000000000001, 1.76)",0.032632877481065095,1.76
"[1.76, 1.7610000000000001)",0.03565236644179894,1.761
"[1.7610000000000001, 1.762)",0.025261417674193546,1.762
"[1.762, 1.7630000000000001)",0.03412711364820105,1.763
"[1.7630000000000001, 1.764)",0.027575084549375,1.764
"[1.764, 1.7650000000000001)",0.04590854754827582,1.765
"[1.7650000000000001, 1.766)",0.02754632666820808,1.766
"[1.766, 1.7670000000000001)",0.030707105586227555,1.767
"[1.7670000000000001, 1.768)",0.03056790998354431,1.768
"[1.768, 1.7690000000000001)",0.025464560475064936,1.769
"[1.7690000000000001, 1.77)",0.04409381567857143,1.77
"[1.77, 1.7710000000000001)",0.030798068127450996,1.771
"[1.7710000000000001, 1.772)",0.02243275974364642,1.772
"[1.772, 1.7730000000000001)",0.0271328937537013,1.773
"[1.7730000000000001, 1.774)",0.03350710599977142,1.774
"[1.774, 1.7750000000000001)",0.018147624870310557,1.775
"[1.7750000000000001, 1.776)",0.031074553403370803,1.776
"[1.776, 1.7770000000000001)",0.03518915965569618,1.777
"[1.7770000000000001, 1.778)",0.023734938507386352,1.778
"[1.778, 1.7790000000000001)",0.03634532764848483,1.779
"[1.7790000000000001, 1.78)",0.01984900729064328,1.78
"[1.78, 1.7810000000000001)",0.021230612810928973,1.781
"[1.7810000000000001, 1.782)",0.018203858247953224,1.782
"[1.782, 1.7830000000000001)",0.024196080610256417,1.783
"[1.7830000000000001, 1.784)",0.03389551371965318,1.784
"[1.784, 1.7850000000000001)",0.03120703459876543,1.785
"[1.7850000000000001, 1.786)",0.02344621457012195,1.786
"[1.786, 1.7870000000000001)",0.040053589665705505,1.787
"[1.7870000000000001, 1.788)",0.04237380399881577,1.788
"[1.788, 1.7890000000000001)",0.032299388232941185,1.789
"[1.7890000000000001, 1.79)",0.034714127851724126,1.79
"[1.79, 1.7910000000000001)",0.02842758049653179,1.791
"[1.7910000000000001, 1.792)",0.029948836048000006,1.792
"[1.792, 1.793)",0.032771992923899367,1.793
"[1.793, 1.794)",0.024043004082183916,1.794
"[1.794, 1.795)",0.025780041358940416,1.795
"[1.795, 1.796)",0.03373705325028247,1.796
"[1.796, 1.797)",0.036557385575155275,1.797
"[1.797, 1.798)",0.03925009446202529,1.798
"[1.798, 1.799)",0.032404804578531086,1.799
"[1.799, 1.8)",0.03238695580766467,1.8
"[1.8, 1.801)",0.02859947494969324,1.801
"[1.801, 1.802)",0.032058564081595076,1.802
"[1.802, 1.803)",0.027535531591904746,1.803
"[1.803, 1.804)",0.028459155705521478,1.804
"[1.804, 1.805)",0.02773168292781062,1.805
"[1.805, 1.806)",0.036038005992592576,1.806
"[1.806, 1.807)",0.0273857996993007,1.807
"[1.807, 1.808)",0.03318241261548389,1.808
"[1.808, 1.809)",0.025636013955570466,1.809
"[1.809, 1.81)",0.028921655183333353,1.81
"[1.81, 1.811)",0.02592984301279761,1.811
"[1.811, 1.812)",0.03018473887177914,1.812
"[1.812, 1.813)",0.0223439239918543,1.813
"[1.813, 1.814)",0.022111353280137,1.814
"[1.814, 1.815)",0.029300352846099297,1.815
"[1.815, 1.816)",0.023489181040361455,1.816
"[1.816, 1.817)",0.03134308951839508,1.817
"[1.817, 1.818)",0.029425825638888885,1.818
"[1.818, 1.819)",0.034484194269736854,1.819
"[1.819, 1.82)",0.02877204294386504,1.82
"[1.82, 1.821)",0.02074415300869565,1.821
"[1.821, 1.822)",0.039945219666666656,1.822
"[1.822, 1.823)",0.025310531546103906,1.823
"[1.823, 1.824)",0.02431689121470199,1.824
"[1.824, 1.825)",0.025020101356462588,1.825
"[1.825, 1.826)",0.024254834000000013,1.826
"[1.826, 1.827)",0.031112253478767116,1.827
"[1.827, 1.828)",0.03951119268620687,1.828
"[1.828, 1.829)",0.02254166997472529,1.829
"[1.829, 1.83)",0.04155490639096774,1.83
"[1.83, 1.831)",0.02404203113741498,1.831
"[1.831, 1.832)",0.02727920816433121,1.832
"[1.832, 1.833)",0.02499753372937063,1.833
"[1.833, 1.834)",0.02068103422857143,1.834
"[1.834, 1.835)",0.02774785814705883,1.835
"[1.835, 1.836)",0.03656241565662421,1.836
"[1.836, 1.837)",0.02516260336466665,1.837
"[1.837, 1.838)",0.027375720037837826,1.838
"[1.838, 1.839)",0.028791045216167658,1.839
"[1.839, 1.84)",0.03818637699119494,1.84
"[1.84, 1.841)",0.02981982712384104,1.841
"[1.841, 1.842)",0.02818781929612904,1.842
"[1.842, 1.843)",0.02714144897560977,1.843
"[1.843, 1.844)",0.04270986332926829,1.844
"[1.844, 1.845)",0.03782615238249999,1.845
"[1.845, 1.846)",0.024497349684563758,1.846
"[1.846, 1.847)",0.02769981107482993,1.847
"[1.847, 1.848)",0.0208130453373718,1.848
"[1.848, 1.849)",0.025351113225683456,1.849
"[1.849, 1.85)",0.019040203534782606,1.85
"[1.85, 1.851)",0.020368776429440575,1.851
"[1.851, 1.852)",0.024258040222818796,1.852
"[1.852, 1.853)",0.02209725660377358,1.853
"[1.853, 1.854)",0.026860661845070414,1.854
"[1.854, 1.855)",0.029164949638926185,1.855
"[1.855, 1.856)",0.029029766876027405,1.856
"[1.856, 1.857)",0.020904798958278147,1.857
"[1.857, 1.858)",0.03898011084580645,1.858
"[1.858, 1.859)",0.037693389575,1.859
"[1.859, 1.86)",0.02270332243229814,1.86
"[1.86, 1.861)",0.01983634328176101,1.861
"[1.861, 1.862)",0.035544014443246744,1.862
"[1.862, 1.863)",0.026781256798255798,1.863
"[1.863, 1.864)",0.04428735761546099,1.864
"[1.864, 1.865)",0.023149393569531253,1.865
"[1.865, 1.866)",0.026776754916788336,1.866
"[1.866, 1.867)",0.027106748243393926,1.867
"[1.867, 1.868)",0.03355328183841059,1.868
"[1.868, 1.869)",0.03562600883785715,1.869
"[1.869, 1.87)",0.03040295447933332,1.87
"[1.87, 1.871)",0.019245516005932203,1.871
"[1.871, 1.872)",0.020630012714482764,1.872
"[1.872, 1.873)",0.02743058193050848,1.873
"[1.873, 1.874)",0.03511043775894409,1.874
"[1.874, 1.875)",0.04018220172546584,1.875
"[1.875, 1.8760000000000001)",0.03281133755694443,1.876
"[1.8760000000000001, 1.877)",0.034492555555970146,1.877
"[1.877, 1.8780000000000001)",0.02826004640597015,1.878
"[1.8780000000000001, 1.879)",0.034868457148648654,1.879
"[1.879, 1.8800000000000001)",0.03265159749858155,1.88
"[1.8800000000000001, 1.881)",0.023013420500704228,1.881
"[1.881, 1.8820000000000001)",0.026854405832167836,1.882
"[1.8820000000000001, 1.883)",0.036317911876543194,1.883
"[1.883, 1.8840000000000001)",0.022608106062878792,1.884
"[1.8840000000000001, 1.885)",0.033140336297452236,1.885
"[1.885, 1.8860000000000001)",0.020589524432361114,1.886
"[1.8860000000000001, 1.887)",0.022658627041549296,1.887
"[1.887, 1.8880000000000001)",0.03468451660833334,1.888
"[1.8880000000000001, 1.889)",0.0285168564582822,1.889
"[1.889, 1.8900000000000001)",0.024868662827388525,1.89
"[1.8900000000000001, 1.891)",0.030620040026618712,1.891
"[1.891, 1.8920000000000001)",0.029736979828947362,1.892
"[1.8920000000000001, 1.893)",0.03055093110949366,1.893
"[1.893, 1.8940000000000001)",0.024512364971904756,1.894
"[1.8940000000000001, 1.895)",0.0212661366785276,1.895
"[1.895, 1.8960000000000001)",0.02267815365547945,1.896
"[1.8960000000000001, 1.897)",0.029988286918666666,1.897
"[1.897, 1.8980000000000001)",0.027744437355223892,1.898
"[1.8980000000000001, 1.899)",0.027827159100671156,1.899
"[1.899, 1.9000000000000001)",0.02866359419718312,1.9
"[1.9000000000000001, 1.901)",0.02975839186299212,1.901
"[1.901, 1.9020000000000001)",0.020724512350354603,1.902
"[1.9020000000000001, 1.903)",0.02772994509230769,1.903
"[1.903, 1.9040000000000001)",0.023012994373023257,1.904
"[1.9040000000000001, 1.905)",0.03740812415789475,1.905
"[1.905, 1.9060000000000001)",0.0256902263,1.906
"[1.9060000000000001, 1.907)",0.026970006058695657,1.907
"[1.907, 1.9080000000000001)",0.026368520810638296,1.908
"[1.9080000000000001, 1.909)",0.037892030917647056,1.909
"[1.909, 1.9100000000000001)",0.03985640999117646,1.91
"[1.9100000000000001, 1.911)",0.0330178579560606,1.911
"[1.911, 1.9120000000000001)",0.029416407440322586,1.912
"[1.9120000000000001, 1.913)",0.040229825066780835,1.913
"[1.913, 1.9140000000000001)",0.025776824308870985,1.914
"[1.9140000000000001, 1.915)",0.022058954888980895,1.915
"[1.915, 1.9160000000000001)",0.02582266808852713,1.916
"[1.9160000000000001, 1.917)",0.02315695472608696,1.917
"[1.917, 1.9180000000000001)",0.02982615817424243,1.918
"[1.9180000000000001, 1.919)",0.02095063208048781,1.919
"[1.919, 1.92)",0.018503732325862072,1.92
"[1.92, 1.921)",0.021119455312000008,1.921
"[1.921, 1.922)",0.04147609509307694,1.922
"[1.922, 1.923)",0.02795562850227273,1.923
"[1.923, 1.924)",0.01896585625038169,1.924
"[1.924, 1.925)",0.021472246831293104,1.925
"[1.925, 1.926)",0.04706799233643413,1.926
"[1.926, 1.927)",0.022375730372727286,1.927
"[1.927, 1.928)",0.031778637793700784,1.928
"[1.928, 1.929)",0.018916803292578135,1.929
"[1.929, 1.93)",0.020900872705426364,1.93
"[1.93, 1.931)",0.026666115769784168,1.931
"[1.931, 1.932)",0.03843369814409448,1.932
"[1.932, 1.933)",0.024520970055339823,1.933
"[1.933, 1.934)",0.019377395966093745,1.934
"[1.934, 1.935)",0.022093124561946897,1.935
"[1.935, 1.936)",0.015963777882790697,1.936
"[1.936, 1.937)",0.0226871902689655,1.937
"[1.937, 1.938)",0.02082768790082645,1.938
"[1.938, 1.939)",0.036534819258955235,1.939
"[1.939, 1.94)",0.029808119137931046,1.94
"[1.94, 1.941)",0.03596571191346152,1.941
"[1.941, 1.942)",0.03438498859701494,1.942
"[1.942, 1.943)",0.017072385438461547,1.943
"[1.943, 1.944)",0.030041407771311472,1.944
"[1.944, 1.945)",0.023098697395535717,1.945
"[1.945, 1.946)",0.02467495904793388,1.946
"[1.946, 1.947)",0.024911717521739134,1.947
"[1.947, 1.948)",0.0211995337632,1.948
"[1.948, 1.949)",0.021245551408695662,1.949
"[1.949, 1.95)",0.035562622324409446,1.95
"[1.95, 1.951)",0.02376753925979382,1.951
"[1.951, 1.952)",0.02089144503839286,1.952
"[1.952, 1.953)",0.02128307246339286,1.953
"[1.953, 1.954)",0.030725797259482754,1.954
"[1.954, 1.955)",0.03334098386422764,1.955
"[1.955, 1.956)",0.036915890815344826,1.956
"[1.956, 1.957)",0.033243810694594596,1.957
"[1.957, 1.958)",0.03607167796585366,1.958
"[1.958, 1.959)",0.018149837757281552,1.959
"[1.959, 1.96)",0.038303833048039214,1.96
"[1.96, 1.961)",0.036245469293269224,1.961
"[1.961, 1.962)",0.04179597436788989,1.962
"[1.962, 1.963)",0.023262684124742274,1.963
"[1.963, 1.964)",0.03632600215000001,1.964
"[1.964, 1.965)",0.023167432074680857,1.965
"[1.965, 1.966)",0.026466422791176482,1.966
"[1.966, 1.967)",0.017352758089108918,1.967
"[1.967, 1.968)",0.026877635332631572,1.968
"[1.968, 1.969)",0.02954488838554217,1.969
"[1.969, 1.97)",0.025630105203703693,1.97
"[1.97, 1.971)",0.02217444865384615,1.971
"[1.971, 1.972)",0.03290717628719626,1.972
"[1.972, 1.973)",0.032616791988495576,1.973
"[1.973, 1.974)",0.022840477855,1.974
"[1.974, 1.975)",0.029278781222499987,1.975
"[1.975, 1.976)",0.02000998092621361,1.976
"[1.976, 1.977)",0.028229645886725656,1.977
"[1.977, 1.978)",0.01749152348105264,1.978
"[1.978, 1.979)",0.048671147905208344,1.979
"[1.979, 1.98)",0.024984547493457944,1.98
"[1.98, 1.981)",0.02801550307476636,1.981
"[1.981, 1.982)",0.020642073659090918,1.982
"[1.982, 1.983)",0.029287173711578938,1.983
"[1.983, 1.984)",0.01713739775473685,1.984
"[1.984, 1.985)",0.030559187656880732,1.985
"[1.985, 1.986)",0.019121058300877188,1.986
"[1.986, 1.987)",0.025761745246153857,1.987
"[1.987, 1.988)",0.02126057333366336,1.988
"[1.988, 1.989)",0.01946534297456142,1.989
"[1.989, 1.99)",0.049469131142857135,1.99
"[1.99, 1.991)",0.023519778076923084,1.991
"[1.991, 1.992)",0.032091676185567,1.992
"[1.992, 1.993)",0.02686402222321429,1.993
"[1.993, 1.994)",0.022382914274311924,1.994
"[1.994, 1.995)",0.023391366359615397,1.995
"[1.995, 1.996)",0.019791406554918026,1.996
"[1.996, 1.997)",0.046795297260947374,1.997
"[1.997, 1.998)",0.027618460767826078,1.998
"[1.998, 1.999)",0.0314996766460177,1.999
"[1.999, 2.0)",0.025409480709433958,2.0
"[2.0, 2.001)",0.029330998544954117,2.001
"[2.001, 2.0020000000000002)",0.032272844127722765,2.002
"[2.0020000000000002, 2.003)",0.029757364100980396,2.003
"[2.003, 2.004)",0.01481542669444444,2.004
"[2.004, 2.005)",0.022512727264077673,2.005
"[2.005, 2.0060000000000002)",0.029931092321276602,2.006
"[2.0060000000000002, 2.007)",0.038680266594059404,2.007
"[2.007, 2.008)",0.03153927420956991,2.008
"[2.008, 2.009)",0.038832670911764726,2.009
"[2.009, 2.0100000000000002)",0.020259730285046733,2.01
"[2.0100000000000002, 2.011)",0.03038864604329897,2.011
"[2.011, 2.012)",0.040784138625641043,2.012
"[2.012, 2.013)",0.0232364474269663,2.013
"[2.013, 2.0140000000000002)",0.04552517692555555,2.014
"[2.0140000000000002, 2.015)",0.036677134656666666,2.015
"[2.015, 2.016)",0.03058425406588235,2.016
"[2.016, 2.017)",0.026714087548936165,2.017
"[2.017, 2.0180000000000002)",0.03970785319333334,2.018
"[2.0180000000000002, 2.019)",0.048142688108,2.019
"[2.019, 2.02)",0.016753794307608705,2.02
"[2.02, 2.021)",0.022169404209302343,2.021
"[2.021, 2.0220000000000002)",0.019439619355421697,2.022
"[2.0220000000000002, 2.023)",0.02216551363522729,2.023
"[2.023, 2.024)",0.027380532802325594,2.024
"[2.024, 2.025)",0.025683951088181823,2.025
"[2.025, 2.0260000000000002)",0.04530036460919539,2.026
"[2.0260000000000002, 2.027)",0.031997307131868144,2.027
"[2.027, 2.028)",0.026401910739560455,2.028
"[2.028, 2.029)",0.027509265310344835,2.029
"[2.029, 2.0300000000000002)",0.022391902732291677,2.03
"[2.0300000000000002, 2.031)",0.03183193920117647,2.031
"[2.031, 2.032)",0.023195679832653054,2.032
"[2.032, 2.033)",0.01826164572093024,2.033
"[2.033, 2.0340000000000003)",0.020531800660952382,2.034
"[2.0340000000000003, 2.035)",0.021550062421348323,2.035
"[2.035, 2.036)",0.02846827856470591,2.036
"[2.036, 2.037)",0.039948535875531925,2.037
"[2.037, 2.0380000000000003)",0.024154382508695636,2.038
"[2.0380000000000003, 2.039)",0.032511001314285734,2.039
"[2.039, 2.04)",0.022594855448888902,2.04
"[2.04, 2.041)",0.025835825353571446,2.041
"[2.041, 2.0420000000000003)",0.018170033807956995,2.042
"[2.0420000000000003, 2.043)",0.02586632427083335,2.043
"[2.043, 2.044)",0.02272543007159092,2.044
"[2.044, 2.045)",0.028089441712328772,2.045
"[2.045, 2.0460000000000003)",0.029013870056338043,2.046
"[2.0460000000000003, 2.047)",0.03192137041860466,2.047
"[2.047, 2.048)",0.02062471282343749,2.048
"[2.048, 2.049)",0.03584342687113402,2.049
"[2.049, 2.05)",0.02082973547761195,2.05
"[2.05, 2.051)",0.03723039517171719,2.051
"[2.051, 2.052)",0.04301923710666666,2.052
"[2.052, 2.053)",0.0353730265229885,2.053
"[2.053, 2.054)",0.027007079932261906,2.054
"[2.054, 2.055)",0.02117561739042554,2.055
"[2.055, 2.056)",0.02318334451550564,2.056
"[2.056, 2.057)",0.02512916265060242,2.057
"[2.057, 2.058)",0.01907989931147541,2.058
"[2.058, 2.059)",0.01812229625581396,2.059
"[2.059, 2.06)",0.030127651713108106,2.06
"[2.06, 2.061)",0.02074404592207793,2.061
"[2.061, 2.062)",0.016468727375000002,2.062
"[2.062, 2.063)",0.028059438288732415,2.063
"[2.063, 2.064)",0.027656406051282067,2.064
"[2.064, 2.065)",0.02597296817368422,2.065
"[2.065, 2.066)",0.01465604113289473,2.066
"[2.066, 2.067)",0.018755606157746473,2.067
"[2.067, 2.068)",0.02249362398571429,2.068
"[2.068, 2.069)",0.023644355811571434,2.069
"[2.069, 2.07)",0.02155238873178083,2.07
"[2.07, 2.071)",0.028501256937500004,2.071
"[2.071, 2.072)",0.028849706982758617,2.072
"[2.072, 2.073)",0.02611657487951808,2.073
"[2.073, 2.074)",0.04857934064558827,2.074
"[2.074, 2.075)",0.029880466009999995,2.075
"[2.075, 2.076)",0.04709622327027027,2.076
"[2.076, 2.077)",0.027178154611538472,2.077
"[2.077, 2.078)",0.0359034228220339,2.078
"[2.078, 2.079)",0.01774404994666667,2.079
"[2.079, 2.08)",0.02419554875747127,2.08
"[2.08, 2.081)",0.03482463783974358,2.081
"[2.081, 2.082)",0.025896926688095238,2.082
"[2.082, 2.083)",0.05909231951578948,2.083
"[2.083, 2.084)",0.030629418807352947,2.084
"[2.084, 2.085)",0.02986938546268657,2.085
"[2.085, 2.086)",0.03166221393846153,2.086
"[2.086, 2.087)",0.027109564967499993,2.087
"[2.087, 2.088)",0.016793862220253166,2.088
"[2.088, 2.089)",0.02395364736619719,2.089
"[2.089, 2.09)",0.03378412088000001,2.09
"[2.09, 2.091)",0.044794314433846155,2.091
"[2.091, 2.092)",0.033124783429729736,2.092
"[2.092, 2.093)",0.02514633367105264,2.093
"[2.093, 2.094)",0.02840649986129032,2.094
"[2.094, 2.095)",0.023746892710684933,2.095
"[2.095, 2.096)",0.02586727184,2.096
"[2.096, 2.097)",0.014346139679166666,2.097
"[2.097, 2.098)",0.028046043551515156,2.098
"[2.098, 2.099)",0.032771265320689684,2.099
"[2.099, 2.1)",0.0203620939969697,2.1
"[2.1, 2.101)",0.021639377466666682,2.101
"[2.101, 2.102)",0.033815145095061734,2.102
"[2.102, 2.103)",0.05345910325333333,2.103
"[2.103, 2.104)",0.027367834932098763,2.104
"[2.104, 2.105)",0.02170003235853659,2.105
"[2.105, 2.106)",0.028436929430555574,2.106
"[2.106, 2.107)",0.02112769621978022,2.107
"[2.107, 2.108)",0.0187134437625,2.108
"[2.108, 2.109)",0.03659839935,2.109
"[2.109, 2.11)",0.03964740459181818,2.11
"[2.11, 2.111)",0.03507410262011363,2.111
"[2.111, 2.112)",0.027474157218749996,2.112
"[2.112, 2.113)",0.026813570380499994,2.113
"[2.113, 2.114)",0.028465202840697663,2.114
"[2.114, 2.115)",0.018301349993750007,2.115
"[2.115, 2.116)",0.029312947296296313,2.116
"[2.116, 2.117)",0.02120832936458333,2.117
"[2.117, 2.118)",0.028319539412500004,2.118
"[2.118, 2.119)",0.022347572691208812,2.119
"[2.119, 2.12)",0.027497018656701015,2.12
"[2.12, 2.121)",0.026858867817204323,2.121
"[2.121, 2.122)",0.03019034820267443,2.122
"[2.122, 2.123)",0.020857360694565234,2.123
"[2.123, 2.124)",0.0240061288952381,2.124
"[2.124, 2.125)",0.01958388078152174,2.125
"[2.125, 2.126)",0.025923473753571423,2.126
"[2.126, 2.1270000000000002)",0.027669838483000007,2.127
"[2.1270000000000002, 2.128)",0.021036361913580246,2.128
"[2.128, 2.129)",0.02209194368354431,2.129
"[2.129, 2.13)",0.026894984358333332,2.13
"[2.13, 2.1310000000000002)",0.028735603278750015,2.131
"[2.1310000000000002, 2.132)",0.022471424523636367,2.132
"[2.132, 2.133)",0.03226511682352943,2.133
"[2.133, 2.134)",0.036321955986486486,2.134
"[2.134, 2.1350000000000002)",0.01619363125925927,2.135
"[2.1350000000000002, 2.136)",0.030281098827160503,2.136
"[2.136, 2.137)",0.030098707223684216,2.137
"[2.137, 2.138)",0.0227785852702703,2.138
"[2.138, 2.1390000000000002)",0.03548612690352941,2.139
"[2.1390000000000002, 2.14)",0.01903101847704918,2.14
"[2.14, 2.141)",0.01821718615342466,2.141
"[2.141, 2.142)",0.034288164656716434,2.142
"[2.142, 2.1430000000000002)",0.043850687410958905,2.143
"[2.1430000000000002, 2.144)",0.016631130886075946,2.144
"[2.144, 2.145)",0.024822674235106378,2.145
"[2.145, 2.146)",0.030550021040000014,2.146
"[2.146, 2.1470000000000002)",0.017375247406666676,2.147
"[2.1470000000000002, 2.148)",0.031121051893939395,2.148
"[2.148, 2.149)",0.03814876434657534,2.149
"[2.149, 2.15)",0.030135844373670905,2.15
"[2.15, 2.1510000000000002)",0.039389550795312506,2.151
"[2.1510000000000002, 2.152)",0.019898001403896106,2.152
"[2.152, 2.153)",0.022535409493827166,2.153
"[2.153, 2.154)",0.04138605328235293,2.154
"[2.154, 2.1550000000000002)",0.02905877873214287,2.155
"[2.1550000000000002, 2.156)",0.023007348616867478,2.156
"[2.156, 2.157)",0.03972528026428569,2.157
"[2.157, 2.158)",0.027254365349367114,2.158
"[2.158, 2.1590000000000003)",0.03180287320133333,2.159
"[2.1590000000000003, 2.16)",0.03358907105842696,2.16
"[2.16, 2.161)",0.024991555593975916,2.161
"[2.161, 2.162)",0.01755080663235294,2.162
"[2.162, 2.1630000000000003)",0.03091527001232876,2.163
"[2.1630000000000003, 2.164)",0.025176386441558445,2.164
"[2.164, 2.165)",0.02145419116393443,2.165
"[2.165, 2.166)",0.026539037688311683,2.166
"[2.166, 2.1670000000000003)",0.04209695401492537,2.167
"[2.1670000000000003, 2.168)",0.03056518462962962,2.168
"[2.168, 2.169)",0.02273300016393443,2.169
"[2.169, 2.17)",0.016634970564788732,2.17
"[2.17, 2.1710000000000003)",0.05005099388125,2.171
"[2.1710000000000003, 2.172)",0.022773389808333346,2.172
"[2.172, 2.173)",0.017604268644225353,2.173
"[2.173, 2.174)",0.029072121984848487,2.174
"[2.174, 2.1750000000000003)",0.021652784074074075,2.175
"[2.1750000000000003, 2.176)",0.02922766763380283,2.176
"[2.176, 2.177)",0.027884723429577474,2.177
"[2.177, 2.178)",0.02938852364179105,2.178
"[2.178, 2.179)",0.020513276576271205,2.179
"[2.179, 2.18)",0.043041627880952386,2.18
"[2.18, 2.181)",0.025869964967142858,2.181
"[2.181, 2.182)",0.03598792007160493,2.182
"[2.182, 2.183)",0.03456282807741935,2.183
"[2.183, 2.184)",0.02165000369565218,2.184
"[2.184, 2.185)",0.03963407601754387,2.185
"[2.185, 2.186)",0.027675342557142855,2.186
"[2.186, 2.187)",0.030275085929230762,2.187
"[2.187, 2.188)",0.03777967462580646,2.188
"[2.188, 2.189)",0.027139952472857137,2.189
"[2.189, 2.19)",0.022807138110869575,2.19
"[2.19, 2.191)",0.021402245,2.191
"[2.191, 2.192)",0.044972727210909086,2.192
"[2.192, 2.193)",0.04740137911475409,2.193
"[2.193, 2.194)",0.03186325520000001,2.194
"[2.194, 2.195)",0.03974314988653847,2.195
"[2.195, 2.196)",0.020753476245901636,2.196
"[2.196, 2.197)",0.04027438543103449,2.197
"[2.197, 2.198)",0.02385858915079367,2.198
"[2.198, 2.199)",0.026695465512820513,2.199
"[2.199, 2.2)",0.025842803459701504,2.2
"[2.2, 2.201)",0.02549813894642857,2.201
"[2.201, 2.202)",0.022984710717313426,2.202
"[2.202, 2.203)",0.015174769675438593,2.203
"[2.203, 2.204)",0.02902672117121213,2.204
"[2.204, 2.205)",0.021522757552000008,2.205
"[2.205, 2.206)",0.040645683074545455,2.206
"[2.206, 2.207)",0.026535776776176467,2.207
"[2.207, 2.208)",0.020951316307142857,2.208
"[2.208, 2.209)",0.02299146255084746,2.209
"[2.209, 2.21)",0.01682531742325581,2.21
"[2.21, 2.211)",0.061885108945454535,2.211
"[2.211, 2.212)",0.028989908692307713,2.212
"[2.212, 2.213)",0.023481422954237285,2.213
"[2.213, 2.214)",0.02953137151612904,2.214
"[2.214, 2.215)",0.02014035752459016,2.215
"[2.215, 2.216)",0.03821015119787235,2.216
"[2.216, 2.217)",0.02342944543265306,2.217
"[2.217, 2.218)",0.023951663583333335,2.218
"[2.218, 2.219)",0.023291318711538462,2.219
"[2.219, 2.22)",0.03910441372758621,2.22
"[2.22, 2.221)",0.050238545100000004,2.221
"[2.221, 2.222)",0.03317099316181819,2.222
"[2.222, 2.223)",0.04477404528301886,2.223
"[2.223, 2.224)",0.018387760587719296,2.224
"[2.224, 2.225)",0.03711676589019608,2.225
"[2.225, 2.226)",0.02829198592708333,2.226
"[2.226, 2.227)",0.021644789442307695,2.227
"[2.227, 2.228)",0.027441002073214284,2.228
"[2.228, 2.229)",0.01762431613148148,2.229
"[2.229, 2.23)",0.02500044605357144,2.23
"[2.23, 2.231)",0.03922019979491526,2.231
"[2.231, 2.232)",0.01879987228,2.232
"[2.232, 2.233)",0.01235301263076923,2.233
"[2.233, 2.234)",0.042519418046000006,2.234
"[2.234, 2.235)",0.033818640433333345,2.235
"[2.235, 2.236)",0.02043249984313725,2.236
"[2.236, 2.237)",0.019100020966071433,2.237
"[2.237, 2.238)",0.06955170722641509,2.238
"[2.238, 2.239)",0.02401283009423077,2.239
"[2.239, 2.24)",0.029792357360655747,2.24
"[2.24, 2.241)",0.02954766749056604,2.241
"[2.241, 2.242)",0.03784528150000002,2.242
"[2.242, 2.243)",0.06713546377777778,2.243
"[2.243, 2.244)",0.02411617492982457,2.244
"[2.244, 2.245)",0.030143033810256428,2.245
"[2.245, 2.246)",0.026931616238888883,2.246
"[2.246, 2.247)",0.022592175891891893,2.247
"[2.247, 2.248)",0.019548938988235284,2.248
"[2.248, 2.249)",0.02527081270370371,2.249
"[2.249, 2.25)",0.016488391777777774,2.25
"[2.25, 2.251)",0.03933907095416667,2.251
"[2.251, 2.2520000000000002)",0.02659234188095238,2.252
"[2.2520000000000002, 2.253)",0.030887618509374992,2.253
"[2.253, 2.254)",0.026783628942857143,2.254
"[2.254, 2.255)",0.01920797021818181,2.255
"[2.255, 2.2560000000000002)",0.01682159292857143,2.256
"[2.2560000000000002, 2.257)",0.0476925923181818,2.257
"[2.257, 2.258)",0.027439294891304346,2.258
"[2.258, 2.259)",0.03519275112500001,2.259
"[2.259, 2.2600000000000002)",0.041149674951388875,2.26
"[2.2600000000000002, 2.261)",0.03549172250666666,2.261
"[2.261, 2.262)",0.017790659102040817,2.262
"[2.262, 2.263)",0.02442894174509804,2.263
"[2.263, 2.2640000000000002)",0.03670840329545456,2.264
"[2.2640000000000002, 2.265)",0.02704413713157895,2.265
"[2.265, 2.266)",0.03217903754412701,2.266
"[2.266, 2.267)",0.014853346579310346,2.267
"[2.267, 2.2680000000000002)",0.01944272797959183,2.268
"[2.2680000000000002, 2.269)",0.024473692367346932,2.269
"[2.269, 2.27)",0.03082231283928572,2.27
"[2.27, 2.271)",0.012850296120833334,2.271
"[2.271, 2.2720000000000002)",0.023512502085454558,2.272
"[2.2720000000000002, 2.273)",0.023233147470588245,2.273
"[2.273, 2.274)",0.04875148110256411,2.274
"[2.274, 2.275)",0.019611462482142857,2.275
"[2.275, 2.2760000000000002)",0.034260466836734706,2.276
"[2.2760000000000002, 2.277)",0.026560577492307693,2.277
"[2.277, 2.278)",0.039503355536363645,2.278
"[2.278, 2.279)",0.027661282017500004,2.279
"[2.279, 2.2800000000000002)",0.01649146778163265,2.28
"[2.2800000000000002, 2.281)",0.018439031978431362,2.281
"[2.281, 2.282)",0.02642483104782608,2.282
"[2.282, 2.283)",0.03249116574313728,2.283
"[2.283, 2.2840000000000003)",0.051743676669000004,2.284
"[2.2840000000000003, 2.285)",0.028234026160714305,2.285
"[2.285, 2.286)",0.0222891604509804,2.286
"[2.286, 2.287)",0.031484221398039226,2.287
"[2.287, 2.2880000000000003)",0.02080900121199999,2.288
"[2.2880000000000003, 2.289)",0.039336878923809535,2.289
"[2.289, 2.29)",0.03499814144807693,2.29
"[2.29, 2.291)",0.06297586712244899,2.291
"[2.291, 2.2920000000000003)",0.02836892485652174,2.292
"[2.2920000000000003, 2.293)",0.03604589958181818,2.293
"[2.293, 2.294)",0.014147487072093025,2.294
"[2.294, 2.295)",0.022296840023255812,2.295
"[2.295, 2.2960000000000003)",0.03635410760652174,2.296
"[2.2960000000000003, 2.297)",0.02181981347727273,2.297
"[2.297, 2.298)",0.026205705466666677,2.298
"[2.298, 2.299)",0.02623091612452831,2.299
"[2.299, 2.3000000000000003)",0.016829859825641027,2.3
"[2.3000000000000003, 2.301)",0.028806581795918378,2.301
"[2.301, 2.302)",0.014452135236842101,2.302
"[2.302, 2.303)",0.02922326734042554,2.303
"[2.303, 2.3040000000000003)",0.03793673851851852,2.304
"[2.3040000000000003, 2.305)",0.01868369292926829,2.305
"[2.305, 2.306)",0.03721810250000002,2.306
"[2.306, 2.307)",0.024842573574468094,2.307
"[2.307, 2.308)",0.027618125000000004,2.308
"[2.308, 2.309)",0.027957111377083333,2.309
"[2.309, 2.31)",0.04193636799259261,2.31
"[2.31, 2.311)",0.032533436655172415,2.311
"[2.311, 2.312)",0.03101706264782609,2.312
"[2.312, 2.313)",0.02125897636363636,2.313
"[2.313, 2.314)",0.023848238630434792,2.314
"[2.314, 2.315)",0.02239665043902439,2.315
"[2.315, 2.316)",0.02810081694090909,2.316
"[2.316, 2.317)",0.01975868340952381,2.317
"[2.317, 2.318)",0.02260751662857143,2.318
"[2.318, 2.319)",0.02180365077358491,2.319
"[2.319, 2.32)",0.012904998868421053,2.32
"[2.32, 2.321)",0.023964345239534886,2.321
"[2.321, 2.322)",0.04351263618604651,2.322
"[2.322, 2.323)",0.01743937533921568,2.323
"[2.323, 2.324)",0.03886841469230769,2.324
"[2.324, 2.325)",0.035466353872727285,2.325
"[2.325, 2.326)",0.02321034461111111,2.326
"[2.326, 2.327)",0.017157923461041665,2.327
"[2.327, 2.328)",0.01527332680851064,2.328
"[2.328, 2.329)",0.01504907673125,2.329
"[2.329, 2.33)",0.031508189340909085,2.33
"[2.33, 2.331)",0.02093624043137255,2.331
"[2.331, 2.332)",0.05093316572222222,2.332
"[2.332, 2.333)",0.03023189300851064,2.333
"[2.333, 2.334)",0.026103096962790697,2.334
"[2.334, 2.335)",0.021129397578947363,2.335
"[2.335, 2.336)",0.019167686315789464,2.336
"[2.336, 2.337)",0.026788479733333335,2.337
"[2.337, 2.338)",0.028317940437500008,2.338
"[2.338, 2.339)",0.033875633277551026,2.339
"[2.339, 2.34)",0.0382123361923077,2.34
"[2.34, 2.341)",0.04345588116500001,2.341
"[2.341, 2.342)",0.018540038788461534,2.342
"[2.342, 2.343)",0.016229664229268297,2.343
"[2.343, 2.344)",0.02830276424999999,2.344
"[2.344, 2.345)",0.05555634569047618,2.345
"[2.345, 2.346)",0.02359703851020408,2.346
"[2.346, 2.347)",0.01931302709333333,2.347
"[2.347, 2.348)",0.016239511515384615,2.348
"[2.348, 2.349)",0.018276528254901964,2.349
"[2.349, 2.35)",0.028168156888888882,2.35
"[2.35, 2.351)",0.028424719488372104,2.351
"[2.351, 2.352)",0.01991503502391304,2.352
"[2.352, 2.353)",0.01708053100833333,2.353
"[2.353, 2.354)",0.022069928499999995,2.354
"[2.354, 2.355)",0.03059718627142858,2.355
"[2.355, 2.356)",0.029378458416666673,2.356
"[2.356, 2.357)",0.04540733196574468,2.357
"[2.357, 2.358)",0.029548573360000007,2.358
"[2.358, 2.359)",0.020220836243902432,2.359
"[2.359, 2.36)",0.04269787470851066,2.36
"[2.36, 2.361)",0.01434339776425,2.361
"[2.361, 2.362)",0.020792619557692307,2.362
"[2.362, 2.363)",0.035783544144897976,2.363
"[2.363, 2.364)",0.045800342024999996,2.364
"[2.364, 2.365)",0.015719045865454542,2.365
"[2.365, 2.366)",0.022312470891891884,2.366
"[2.366, 2.367)",0.031016569755555556,2.367
"[2.367, 2.368)",0.05092184459459459,2.368
"[2.368, 2.369)",0.0269855305,2.369
"[2.369, 2.37)",0.03431448433333333,2.37
"[2.37, 2.371)",0.010216555543478265,2.371
"[2.371, 2.372)",0.028173025018333325,2.372
"[2.372, 2.373)",0.0257887163495,2.373
"[2.373, 2.374)",0.029999173090909104,2.374
"[2.374, 2.375)",0.029210843627906973,2.375
"[2.375, 2.376)",0.0460446771388889,2.376
"[2.376, 2.3770000000000002)",0.03544961717555557,2.377
"[2.3770000000000002, 2.378)",0.01502477553181818,2.378
"[2.378, 2.379)",0.014968766682926828,2.379
"[2.379, 2.38)",0.03034867663877552,2.38
"[2.38, 2.3810000000000002)",0.024216812375000007,2.381
"[2.3810000000000002, 2.382)",0.017347097551020402,2.382
"[2.382, 2.383)",0.04844521152000003,2.383
"[2.383, 2.384)",0.01997649875,2.384
"[2.384, 2.3850000000000002)",0.02415037508333333,2.385
"[2.3850000000000002, 2.386)",0.025535304437777774,2.386
"[2.386, 2.387)",0.03369467715918368,2.387
"[2.387, 2.388)",0.0352891311388889,2.388
"[2.388, 2.3890000000000002)",0.043473048705,2.389
"[2.3890000000000002, 2.39)",0.019326184108695653,2.39
"[2.39, 2.391)",0.10387563053571428,2.391
"[2.391, 2.392)",0.02046865567647058,2.392
"[2.392, 2.3930000000000002)",0.01573943604878049,2.393
"[2.3930000000000002, 2.394)",0.02523772557777778,2.394
"[2.394, 2.395)",0.021357761972222222,2.395
"[2.395, 2.396)",0.02417769374193548,2.396
"[2.396, 2.3970000000000002)",0.057716201377358486,2.397
"[2.3970000000000002, 2.398)",0.06548403030952381,2.398
"[2.398, 2.399)",0.020636147354761904,2.399
"[2.399, 2.4)",0.022124006457894738,2.4
"[2.4, 2.4010000000000002)",0.05144345813773588,2.401
"[2.4010000000000002, 2.402)",0.02668231004615385,2.402
"[2.402, 2.403)",0.015601923516129034,2.403
"[2.403, 2.404)",0.03156926643888888,2.404
"[2.404, 2.4050000000000002)",0.023169922749999995,2.405
"[2.4050000000000002, 2.406)",0.05320869290909091,2.406
"[2.406, 2.407)",0.021397807767441858,2.407
"[2.407, 2.408)",0.025971682515000004,2.408
"[2.408, 2.4090000000000003)",0.024443779846153844,2.409
"[2.4090000000000003, 2.41)",0.01859878314000001,2.41
"[2.41, 2.411)",0.016439544583333333,2.411
"[2.411, 2.412)",0.018005389741666655,2.412
"[2.412, 2.4130000000000003)",0.05112944299500001,2.413
"[2.4130000000000003, 2.414)",0.027962381023684202,2.414
"[2.414, 2.415)",0.0635788252195122,2.415
"[2.415, 2.416)",0.029765038292500007,2.416
"[2.416, 2.4170000000000003)",0.022972444162162167,2.417
"[2.4170000000000003, 2.418)",0.022101266923076925,2.418
"[2.418, 2.419)",0.029194532800000006,2.419
"[2.419, 2.42)",0.026362299545454538,2.42
"[2.42, 2.4210000000000003)",0.02655977497555556,2.421
"[2.4210000000000003, 2.422)",0.031365920564102555,2.422
"[2.422, 2.423)",0.013162122300000004,2.423
"[2.423, 2.424)",0.03434980057142857,2.424
"[2.424, 2.4250000000000003)",0.0241493175547619,2.425
"[2.4250000000000003, 2.426)",0.0303991336904762,2.426
"[2.426, 2.427)",0.018695132922222222,2.427
"[2.427, 2.428)",0.03030093756530611,2.428
"[2.428, 2.4290000000000003)",0.05258495777777778,2.429
"[2.4290000000000003, 2.43)",0.020223102876744184,2.43
"[2.43, 2.431)",0.03624330521428571,2.431
"[2.431, 2.432)",0.017224936285714285,2.432
"[2.432, 2.433)",0.026206774268378374,2.433
"[2.433, 2.434)",0.04162243210425532,2.434
"[2.434, 2.435)",0.021097598958695653,2.435
"[2.435, 2.436)",0.04120664877500001,2.436
"[2.436, 2.437)",0.029431192889743586,2.437
"[2.437, 2.438)",0.026643952290322584,2.438
"[2.438, 2.439)",0.09766684031034485,2.439
"[2.439, 2.44)",0.02311675855,2.44
"[2.44, 2.441)",0.02596645255555555,2.441
"[2.441, 2.442)",0.033144367077777785,2.442
"[2.442, 2.443)",0.01905535048181818,2.443
"[2.443, 2.444)",0.01343112488888889,2.444
"[2.444, 2.445)",0.030617068620512812,2.445
"[2.445, 2.446)",0.015386022407500005,2.446
"[2.446, 2.447)",0.02445029266666667,2.447
"[2.447, 2.448)",0.019621281824999996,2.448
"[2.448, 2.449)",0.045906728130434796,2.449
"[2.449, 2.45)",0.038131644199999995,2.45
"[2.45, 2.451)",0.04684532857000001,2.451
"[2.451, 2.452)",0.033957275725,2.452
"[2.452, 2.453)",0.03473205523684211,2.453
"[2.453, 2.454)",0.03987170403421053,2.454
"[2.454, 2.455)",0.031416231694444435,2.455
"[2.455, 2.456)",0.037577445861111114,2.456
"[2.456, 2.457)",0.018843036348837206,2.457
"[2.457, 2.458)",0.03332744858333333,2.458
"[2.458, 2.459)",0.030468881529411768,2.459
"[2.459, 2.46)",0.02083086168095238,2.46
"[2.46, 2.461)",0.021881508160606054,2.461
"[2.461, 2.462)",0.04925971284285715,2.462
"[2.462, 2.463)",0.015574456200000001,2.463
"[2.463, 2.464)",0.06652035523333334,2.464
"[2.464, 2.465)",0.0305638096,2.465
"[2.465, 2.466)",0.021882637382352944,2.466
"[2.466, 2.467)",0.015369790602380954,2.467
"[2.467, 2.468)",0.056037351115384625,2.468
"[2.468, 2.469)",0.020532917556250002,2.469
"[2.469, 2.47)",0.06476552299642856,2.47
"[2.47, 2.471)",0.04491033941818182,2.471
"[2.471, 2.472)",0.05761248860714285,2.472
"[2.472, 2.473)",0.011872714812499997,2.473
"[2.473, 2.474)",0.017118151499999994,2.474
"[2.474, 2.475)",0.024462259060606055,2.475
"[2.475, 2.476)",0.02940520524666666,2.476
"[2.476, 2.477)",0.010682687722727275,2.477
"[2.477, 2.478)",0.03678549083870969,2.478
"[2.478, 2.479)",0.02247464893103449,2.479
"[2.479, 2.48)",0.020420380751428567,2.48
"[2.48, 2.481)",0.030030703327272725,2.481
"[2.481, 2.482)",0.022230821696969695,2.482
"[2.482, 2.483)",0.013335895148800004,2.483
"[2.483, 2.484)",0.02616839712121213,2.484
"[2.484, 2.485)",0.03194212538333333,2.485
"[2.485, 2.486)",0.03106025629629629,2.486
"[2.486, 2.487)",0.014367775199999997,2.487
"[2.487, 2.488)",0.026974860924999993,2.488
"[2.488, 2.489)",0.016243132483225807,2.489
"[2.489, 2.49)",0.032355545156250005,2.49
"[2.49, 2.491)",0.0154884005,2.491
"[2.491, 2.492)",0.02597543542916667,2.492
"[2.492, 2.493)",0.020327276477777774,2.493
"[2.493, 2.494)",0.018114814056756755,2.494
"[2.494, 2.495)",0.051878429809999994,2.495
"[2.495, 2.496)",0.01905345643333333,2.496
"[2.496, 2.497)",0.029040393733333336,2.497
"[2.497, 2.498)",0.02004474551428571,2.498
"[2.498, 2.499)",0.053425551155555556,2.499
"[2.499, 2.5)",0.036891908545454544,2.5
"[2.5, 2.501)",0.023665274078947363,2.501
"[2.501, 2.5020000000000002)",0.013212546600000001,2.502
"[2.5020000000000002, 2.503)",0.013372753382352946,2.503
"[2.503, 2.504)",0.01996078566896551,2.504
"[2.504, 2.505)",0.037929313416666666,2.505
"[2.505, 2.5060000000000002)",0.013610679967741936,2.506
"[2.5060000000000002, 2.507)",0.04089017180645162,2.507
"[2.507, 2.508)",0.01633207926896552,2.508
"[2.508, 2.509)",0.02221028893548387,2.509
"[2.509, 2.5100000000000002)",0.02008864928571429,2.51
"[2.5100000000000002, 2.511)",0.06721729234615384,2.511
"[2.511, 2.512)",0.04145090805555556,2.512
"[2.512, 2.513)",0.028929526714285718,2.513
"[2.513, 2.5140000000000002)",0.06225416689117648,2.514
"[2.5140000000000002, 2.515)",0.010046644095833333,2.515
"[2.515, 2.516)",0.03826052251724137,2.516
"[2.516, 2.517)",0.02751812215925926,2.517
"[2.517, 2.5180000000000002)",0.023090506749999996,2.518
"[2.5180000000000002, 2.519)",0.02905556411999999,2.519
"[2.519, 2.52)",0.03982246013793104,2.52
"[2.52, 2.521)",0.016017920851851858,2.521
"[2.521, 2.5220000000000002)",0.05802453746428572,2.522
"[2.5220000000000002, 2.523)",0.024325277217391316,2.523
"[2.523, 2.524)",0.02072175227586207,2.524
"[2.524, 2.525)",0.06834505775757575,2.525
"[2.525, 2.5260000000000002)",0.04107815984,2.526
"[2.5260000000000002, 2.527)",0.009763375993939396,2.527
"[2.527, 2.528)",0.028086270593103452,2.528
"[2.528, 2.529)",0.007886848434782608,2.529
"[2.529, 2.5300000000000002)",0.024990040896551723,2.53
"[2.5300000000000002, 2.531)",0.036748370962962955,2.531
"[2.531, 2.532)",0.10092302739285716,2.532
"[2.532, 2.533)",0.016231968705882352,2.533
"[2.533, 2.5340000000000003)",0.03900480976666666,2.534
"[2.5340000000000003, 2.535)",0.0291462216,2.535
"[2.535, 2.536)",0.016090476571428574,2.536
"[2.536, 2.537)",0.007934942842105264,2.537
"[2.537, 2.5380000000000003)",0.017964258666666667,2.538
"[2.5380000000000003, 2.539)",0.008714864767741934,2.539
"[2.539, 2.54)",0.02479964930434783,2.54
"[2.54, 2.541)",0.05671358383783783,2.541
"[2.541, 2.5420000000000003)",0.03220009304,2.542
"[2.5420000000000003, 2.543)",0.015723237477777777,2.543
"[2.543, 2.544)",0.0164010102975,2.544
"[2.544, 2.545)",0.01739421595833333,2.545
"[2.545, 2.5460000000000003)",0.027825201571428565,2.546
"[2.5460000000000003, 2.547)",0.012572549286111111,2.547
"[2.547, 2.548)",0.019221829894736843,2.548
"[2.548, 2.549)",0.058275476586206895,2.549
"[2.549, 2.5500000000000003)",0.02415719494705882,2.55
"[2.5500000000000003, 2.551)",0.017626084227272736,2.551
"[2.551, 2.552)",0.02994857618181818,2.552
"[2.552, 2.553)",0.006642209411111111,2.553
"[2.553, 2.5540000000000003)",0.007701882221739132,2.554
"[2.5540000000000003, 2.555)",0.030837124774193553,2.555
"[2.555, 2.556)",0.012674850804736841,2.556
"[2.556, 2.557)",0.019941272,2.557
"[2.557, 2.5580000000000003)",0.023772913642857142,2.558
"[2.5580000000000003, 2.559)",0.009679010434615385,2.559
"[2.559, 2.56)",0.017567073625000002,2.56
"[2.56, 2.561)",0.018556535559999997,2.561
"[2.561, 2.562)",0.030639538791666657,2.562
"[2.562, 2.563)",0.014875743621739138,2.563
"[2.563, 2.564)",0.011619251559999995,2.564
"[2.564, 2.565)",0.030781936205882352,2.565
"[2.565, 2.566)",0.014818232541666665,2.566
"[2.566, 2.567)",0.02829713273928572,2.567
"[2.567, 2.568)",0.03357586110526316,2.568
"[2.568, 2.569)",0.029545069190476187,2.569
"[2.569, 2.57)",0.07128951512820514,2.57
"[2.57, 2.571)",0.025155447381818182,2.571
"[2.571, 2.572)",0.027502627724137918,2.572
"[2.572, 2.573)",0.014600289068965521,2.573
"[2.573, 2.574)",0.023789940976470577,2.574
"[2.574, 2.575)",0.012740672085714286,2.575
"[2.575, 2.576)",0.05515499311111111,2.576
"[2.576, 2.577)",0.03686100816666666,2.577
"[2.577, 2.578)",0.04460770929166666,2.578
"[2.578, 2.579)",0.027114166580645156,2.579
"[2.579, 2.58)",0.061687559715384616,2.58
"[2.58, 2.581)",0.018812499714285707,2.581
"[2.581, 2.582)",0.024147066096774188,2.582
"[2.582, 2.583)",0.03011012388275861,2.583
"[2.583, 2.584)",0.031452800866666665,2.584
"[2.584, 2.585)",0.03930793905714285,2.585
"[2.585, 2.586)",0.02668742934615384,2.586
"[2.586, 2.587)",0.01809224395444444,2.587
"[2.587, 2.588)",0.025281990038461526,2.588
"[2.588, 2.589)",0.04658625610333334,2.589
"[2.589, 2.59)",0.02187248244827586,2.59
"[2.59, 2.591)",0.033055687983333325,2.591
"[2.591, 2.592)",0.02267734123571429,2.592
"[2.592, 2.593)",0.0261738876,2.593
"[2.593, 2.594)",0.024864620037037037,2.594
"[2.594, 2.595)",0.035638174113636366,2.595
"[2.595, 2.596)",0.03187184482352942,2.596
"[2.596, 2.597)",0.02325346060454545,2.597
"[2.597, 2.598)",0.04107653721428572,2.598
"[2.598, 2.599)",0.021313467879999996,2.599
"[2.599, 2.6)",0.017141731957142865,2.6
"[2.6, 2.601)",0.03350858381481481,2.601
"[2.601, 2.602)",0.020182419903846147,2.602
"[2.602, 2.603)",0.0557636726903226,2.603
"[2.603, 2.604)",0.023211697347826084,2.604
"[2.604, 2.605)",0.026520964391304355,2.605
"[2.605, 2.606)",0.013138057874999998,2.606
"[2.606, 2.607)",0.013583830480000003,2.607
"[2.607, 2.608)",0.01965202170588235,2.608
"[2.608, 2.609)",0.043531211913043474,2.609
"[2.609, 2.61)",0.025752888285714287,2.61
"[2.61, 2.611)",0.011506950986363635,2.611
"[2.611, 2.612)",0.026591198360000002,2.612
"[2.612, 2.613)",0.016529292869565223,2.613
"[2.613, 2.614)",0.009504451310526317,2.614
"[2.614, 2.615)",0.06017863242105263,2.615
"[2.615, 2.616)",0.031628739259259256,2.616
"[2.616, 2.617)",0.026406189333333337,2.617
"[2.617, 2.618)",0.03030253107692308,2.618
"[2.618, 2.619)",0.03030388815999999,2.619
"[2.619, 2.62)",0.021108279785714286,2.62
"[2.62, 2.621)",0.02846237633333333,2.621
"[2.621, 2.622)",0.0422403488095238,2.622
"[2.622, 2.623)",0.028380024791666656,2.623
"[2.623, 2.624)",0.025030988148148144,2.624
"[2.624, 2.625)",0.06683720318181818,2.625
"[2.625, 2.626)",0.03404644052000001,2.626
"[2.626, 2.6270000000000002)",0.020899325372222225,2.627
"[2.6270000000000002, 2.628)",0.01758781150000001,2.628
"[2.628, 2.629)",0.027611629875000005,2.629
"[2.629, 2.63)",0.027362412346153844,2.63
"[2.63, 2.6310000000000002)",0.021380591458333334,2.631
"[2.6310000000000002, 2.632)",0.04627056046153846,2.632
"[2.632, 2.633)",0.01149377453846154,2.633
"[2.633, 2.634)",0.02880332375,2.634
"[2.634, 2.6350000000000002)",0.05290370582352941,2.635
"[2.6350000000000002, 2.636)",0.013968186588888888,2.636
"[2.636, 2.637)",0.019057658840000002,2.637
"[2.637, 2.638)",0.01239088535,2.638
"[2.638, 2.6390000000000002)",0.02606643612500001,2.639
"[2.6390000000000002, 2.64)",0.04209293429999999,2.64
"[2.64, 2.641)",0.027397718083333328,2.641
"[2.641, 2.642)",0.037915868076470585,2.642
"[2.642, 2.6430000000000002)",0.04301794944137932,2.643
"[2.6430000000000002, 2.644)",0.013056038791666669,2.644
"[2.644, 2.645)",0.0305148869032258,2.645
"[2.645, 2.646)",0.04387297780285714,2.646
"[2.646, 2.6470000000000002)",0.022058342269230764,2.647
"[2.6470000000000002, 2.648)",0.017557922975,2.648
"[2.648, 2.649)",0.07569006365263159,2.649
"[2.649, 2.65)",0.028564040076923074,2.65
"[2.65, 2.6510000000000002)",0.02496145444444445,2.651
"[2.6510000000000002, 2.652)",0.018452659166666666,2.652
"[2.652, 2.653)",0.020145576080000005,2.653
"[2.653, 2.654)",0.0068844333428571425,2.654
"[2.654, 2.6550000000000002)",0.021121192332000004,2.655
"[2.6550000000000002, 2.656)",0.045562827961538474,2.656
"[2.656, 2.657)",0.02574203259130435,2.657
"[2.657, 2.658)",0.02769671288888889,2.658
"[2.658, 2.6590000000000003)",0.016677555952173913,2.659
"[2.6590000000000003, 2.66)",0.04861992978333333,2.66
"[2.66, 2.661)",0.015316353421052633,2.661
"[2.661, 2.662)",0.04801256258636364,2.662
"[2.662, 2.6630000000000003)",0.015993996688888894,2.663
"[2.6630000000000003, 2.664)",0.022080528849666665,2.664
"[2.664, 2.665)",0.014928859222222222,2.665
"[2.665, 2.666)",0.037881683928571434,2.666
"[2.666, 2.6670000000000003)",0.029153808142857143,2.667
"[2.6670000000000003, 2.668)",0.018540300414814817,2.668
"[2.668, 2.669)",0.014766557450000004,2.669
"[2.669, 2.67)",0.046676619624999985,2.67
"[2.67, 2.6710000000000003)",0.01655973383,2.671
"[2.6710000000000003, 2.672)",0.008681314761904762,2.672
"[2.672, 2.673)",0.014836925875000002,2.673
"[2.673, 2.674)",0.02137371684444444,2.674
"[2.674, 2.6750000000000003)",0.021053760416666668,2.675
"[2.6750000000000003, 2.676)",0.021885519685000004,2.676
"[2.676, 2.677)",0.01916825779130435,2.677
"[2.677, 2.678)",0.04252932907142857,2.678
"[2.678, 2.6790000000000003)",0.013408594444444444,2.679
"[2.6790000000000003, 2.68)",0.024991506266666668,2.68
"[2.68, 2.681)",0.017036375000000003,2.681
"[2.681, 2.682)",0.026814925120000003,2.682
"[2.682, 2.6830000000000003)",0.035217557012903224,2.683
"[2.6830000000000003, 2.684)",0.0210538244,2.684
"[2.684, 2.685)",0.021366095370370368,2.685
"[2.685, 2.686)",0.036392174251851844,2.686
"[2.686, 2.6870000000000003)",0.027188058703703707,2.687
"[2.6870000000000003, 2.688)",0.008153604529411764,2.688
"[2.688, 2.689)",0.012272861583333334,2.689
"[2.689, 2.69)",0.009213416785714286,2.69
"[2.69, 2.691)",0.01843783043181818,2.691
"[2.691, 2.692)",0.02180302793478261,2.692
"[2.692, 2.693)",0.03119146161904763,2.693
"[2.693, 2.694)",0.027298786807692307,2.694
"[2.694, 2.695)",0.04401736224000001,2.695
"[2.695, 2.696)",0.0259011222,2.696
"[2.696, 2.697)",0.026983290375000007,2.697
"[2.697, 2.698)",0.03363156199565217,2.698
"[2.698, 2.699)",0.029925485627586203,2.699
"[2.699, 2.7)",0.026473977777777782,2.7
"[2.7, 2.701)",0.06940632903999999,2.701
"[2.701, 2.702)",0.026595267761904764,2.702
"[2.702, 2.703)",0.032212040576923076,2.703
"[2.703, 2.704)",0.018166993999999995,2.704
"[2.704, 2.705)",0.05037580064285714,2.705
"[2.705, 2.706)",0.03486643857894736,2.706
"[2.706, 2.707)",0.03001996543333334,2.707
"[2.707, 2.708)",0.01181841085263158,2.708
"[2.708, 2.709)",0.030323911962068965,2.709
"[2.709, 2.71)",0.01662002036666667,2.71
"[2.71, 2.711)",0.01326251753478261,2.711
"[2.711, 2.712)",0.023534496913043487,2.712
"[2.712, 2.713)",0.024413422521739125,2.713
"[2.713, 2.714)",0.024129538416666662,2.714
"[2.714, 2.715)",0.018353675526315796,2.715
"[2.715, 2.716)",0.02344851280769231,2.716
"[2.716, 2.717)",0.01455214938954545,2.717
"[2.717, 2.718)",0.025814575725000004,2.718
"[2.718, 2.719)",0.029021127576923076,2.719
"[2.719, 2.72)",0.02726139028666667,2.72
"[2.72, 2.721)",0.01233388595,2.721
"[2.721, 2.722)",0.03259456357368421,2.722
"[2.722, 2.723)",0.030208211190476193,2.723
"[2.723, 2.724)",0.020905951736842107,2.724
"[2.724, 2.725)",0.007633336437500001,2.725
"[2.725, 2.726)",0.02633564775,2.726
"[2.726, 2.727)",0.01767751569230769,2.727
"[2.727, 2.728)",0.033954169399999984,2.728
"[2.728, 2.729)",0.07717786685000001,2.729
"[2.729, 2.73)",0.040157410375,2.73
"[2.73, 2.731)",0.03584208327777777,2.731
"[2.731, 2.732)",0.0630429112837037,2.732
"[2.732, 2.733)",0.010208260417647056,2.733
"[2.733, 2.734)",0.026352459500000005,2.734
"[2.734, 2.735)",0.016904651450000006,2.735
"[2.735, 2.736)",0.02269844059999999,2.736
"[2.736, 2.737)",0.020506555578947372,2.737
"[2.737, 2.738)",0.02296287056363636,2.738
"[2.738, 2.739)",0.02985373547058824,2.739
"[2.739, 2.74)",0.025062397217391303,2.74
"[2.74, 2.741)",0.0183762774375,2.741
"[2.741, 2.742)",0.06581805129411765,2.742
"[2.742, 2.743)",0.047225597226086956,2.743
"[2.743, 2.744)",0.024350189611111114,2.744
"[2.744, 2.745)",0.010554597215789472,2.745
"[2.745, 2.746)",0.043288720749999995,2.746
"[2.746, 2.747)",0.0205316406,2.747
"[2.747, 2.748)",0.015355587235294121,2.748
"[2.748, 2.749)",0.0196821548,2.749
"[2.749, 2.75)",0.03407178345454545,2.75
"[2.75, 2.751)",0.011333128733333331,2.751
"[2.751, 2.7520000000000002)",0.0716289205909091,2.752
"[2.7520000000000002, 2.753)",0.03228162065263158,2.753
"[2.753, 2.754)",0.03535475545833333,2.754
"[2.754, 2.755)",0.06957421003913045,2.755
"[2.755, 2.7560000000000002)",0.0157605983,2.756
"[2.7560000000000002, 2.757)",0.012841964547058823,2.757
"[2.757, 2.758)",0.036764970714285715,2.758
"[2.758, 2.759)",0.030512110347826086,2.759
"[2.759, 2.7600000000000002)",0.03262893963636363,2.76
"[2.7600000000000002, 2.761)",0.06553113860869567,2.761
"[2.761, 2.762)",0.05852655153846155,2.762
"[2.762, 2.763)",0.0046949472,2.763
"[2.763, 2.7640000000000002)",0.025628439056521728,2.764
"[2.7640000000000002, 2.765)",0.06773308738888889,2.765
"[2.765, 2.766)",0.014282818857142858,2.766
"[2.766, 2.767)",0.02442078631818182,2.767
"[2.767, 2.7680000000000002)",0.03505885489999999,2.768
"[2.7680000000000002, 2.769)",0.025964157391304345,2.769
"[2.769, 2.77)",0.027871209428571426,2.77
"[2.77, 2.771)",0.015449694526315795,2.771
"[2.771, 2.7720000000000002)",0.05262152686956522,2.772
"[2.7720000000000002, 2.773)",0.033295613117647054,2.773
"[2.773, 2.774)",0.010702107431578947,2.774
"[2.774, 2.775)",0.006952728399999999,2.775
"[2.775, 2.7760000000000002)",0.026344756854375,2.776
"[2.7760000000000002, 2.777)",0.035924835380952376,2.777
"[2.777, 2.778)",0.03851173134285713,2.778
"[2.778, 2.779)",0.010189689187500002,2.779
"[2.779, 2.7800000000000002)",0.014924168071428571,2.78
"[2.7800000000000002, 2.781)",0.02828568664285715,2.781
"[2.781, 2.782)",0.014216189533333333,2.782
"[2.782, 2.783)",0.041068557250000005,2.783
"[2.783, 2.7840000000000003)",0.019607895335714283,2.784
"[2.7840000000000003, 2.785)",0.013567293714285717,2.785
"[2.785, 2.786)",0.0205390415625,2.786
"[2.786, 2.787)",0.02100804275333333,2.787
"[2.787, 2.7880000000000003)",0.019771800444444446,2.788
"[2.7880000000000003, 2.789)",0.01472356329375,2.789
"[2.789, 2.79)",0.028640302,2.79
"[2.79, 2.791)",0.009131556466666666,2.791
"[2.791, 2.7920000000000003)",0.03846077861538461,2.792
"[2.7920000000000003, 2.793)",0.0172363539375,2.793
"[2.793, 2.794)",0.021307074296296285,2.794
"[2.794, 2.795)",0.026747459462500005,2.795
"[2.795, 2.7960000000000003)",0.030091309,2.796
"[2.7960000000000003, 2.797)",0.0316333892,2.797
"[2.797, 2.798)",0.04428202543913042,2.798
"[2.798, 2.799)",0.013607839249999998,2.799
"[2.799, 2.8000000000000003)",0.028477078084210527,2.8
"[2.8000000000000003, 2.801)",0.04233943847058824,2.801
"[2.801, 2.802)",0.020335282857142856,2.802
"[2.802, 2.803)",0.0318961582125,2.803
"[2.803, 2.8040000000000003)",0.027419414614705883,2.804
"[2.8040000000000003, 2.805)",0.059565807809523794,2.805
"[2.805, 2.806)",0.024402979228846156,2.806
"[2.806, 2.807)",0.01965420403636364,2.807
"[2.807, 2.8080000000000003)",0.07890891473888889,2.808
"[2.8080000000000003, 2.809)",0.036325872875,2.809
"[2.809, 2.81)",0.02428274954545455,2.81
"[2.81, 2.811)",0.051650840280000006,2.811
"[2.811, 2.8120000000000003)",0.04281368142105263,2.812
"[2.8120000000000003, 2.813)",0.032853723222222214,2.813
"[2.813, 2.814)",0.028110376495238096,2.814
"[2.814, 2.815)",0.06548033848,2.815
"[2.815, 2.816)",0.021119439227272725,2.816
"[2.816, 2.817)",0.020429033893750004,2.817
"[2.817, 2.818)",0.02175207828571429,2.818
"[2.818, 2.819)",0.034586358,2.819
"[2.819, 2.82)",0.07454715794117647,2.82
"[2.82, 2.821)",0.03879566631818181,2.821
"[2.821, 2.822)",0.016284543578947368,2.822
"[2.822, 2.823)",0.032744208923076924,2.823
"[2.823, 2.824)",0.05830822500800001,2.824
"[2.824, 2.825)",0.14063592913333336,2.825
"[2.825, 2.826)",0.009710717999999998,2.826
"[2.826, 2.827)",0.019155715285714282,2.827
"[2.827, 2.828)",0.02407432784210527,2.828
"[2.828, 2.829)",0.016586658043478267,2.829
"[2.829, 2.83)",0.029350224555555558,2.83
"[2.83, 2.831)",0.016951580375,2.831
"[2.831, 2.832)",0.04428751631818182,2.832
"[2.832, 2.833)",0.0244546224,2.833
"[2.833, 2.834)",0.022584331266666667,2.834
"[2.834, 2.835)",0.010084713384615383,2.835
"[2.835, 2.836)",0.014020649789473684,2.836
"[2.836, 2.837)",0.024386223961538465,2.837
"[2.837, 2.838)",0.043239944375,2.838
"[2.838, 2.839)",0.015431003777777782,2.839
"[2.839, 2.84)",0.015549172764705884,2.84
"[2.84, 2.841)",0.03934423904999999,2.841
"[2.841, 2.842)",0.03256668649999999,2.842
"[2.842, 2.843)",0.010496714055555556,2.843
"[2.843, 2.844)",0.03832889353333333,2.844
"[2.844, 2.845)",0.0061843316923076925,2.845
"[2.845, 2.846)",0.020446510045454544,2.846
"[2.846, 2.847)",0.021409544929411765,2.847
"[2.847, 2.848)",0.07945588393750001,2.848
"[2.848, 2.849)",0.016634457336842108,2.849
"[2.849, 2.85)",0.023434370928571428,2.85
"[2.85, 2.851)",0.023148736082142855,2.851
"[2.851, 2.852)",0.021196005375,2.852
"[2.852, 2.853)",0.050793988153846156,2.853
"[2.853, 2.854)",0.06189783909090909,2.854
"[2.854, 2.855)",0.01215904419090909,2.855
"[2.855, 2.856)",0.0285431880909091,2.856
"[2.856, 2.857)",0.012271838583333331,2.857
"[2.857, 2.858)",0.01605880680476191,2.858
"[2.858, 2.859)",0.023216857488235293,2.859
"[2.859, 2.86)",0.014623806333333333,2.86
"[2.86, 2.861)",0.010997324400000003,2.861
"[2.861, 2.862)",0.02439367625,2.862
"[2.862, 2.863)",0.027276875250000002,2.863
"[2.863, 2.864)",0.024473304666666664,2.864
"[2.864, 2.865)",0.06429987643478262,2.865
"[2.865, 2.866)",0.04834734187692307,2.866
"[2.866, 2.867)",0.05731552030000001,2.867
"[2.867, 2.868)",0.027472884415,2.868
"[2.868, 2.869)",0.0107561078,2.869
"[2.869, 2.87)",0.0215537663,2.87
"[2.87, 2.871)",0.036526835872222226,2.871
"[2.871, 2.872)",0.028161297723076927,2.872
"[2.872, 2.873)",0.026840562768421054,2.873
"[2.873, 2.874)",0.05266712711764705,2.874
"[2.874, 2.875)",0.024645055,2.875
"[2.875, 2.876)",0.048736218399999996,2.876
"[2.876, 2.8770000000000002)",0.015512643600000004,2.877
"[2.8770000000000002, 2.878)",0.10747033684615383,2.878
"[2.878, 2.879)",0.08702315600714285,2.879
"[2.879, 2.88)",0.021275312499999997,2.88
"[2.88, 2.8810000000000002)",0.023115481277777784,2.881
"[2.8810000000000002, 2.882)",0.045297448874999986,2.882
"[2.882, 2.883)",0.08534474,2.883
"[2.883, 2.884)",0.04969884439166666,2.884
"[2.884, 2.8850000000000002)",0.007870674461538458,2.885
"[2.8850000000000002, 2.886)",0.017134914125,2.886
"[2.886, 2.887)",0.025968265500000004,2.887
"[2.887, 2.888)",0.018877391,2.888
"[2.888, 2.8890000000000002)",0.027172445555555553,2.889
"[2.8890000000000002, 2.89)",0.017838796642857143,2.89
"[2.89, 2.891)",0.016055456416666666,2.891
"[2.891, 2.892)",0.020916292666666666,2.892
"[2.892, 2.8930000000000002)",0.00937869342857143,2.893
"[2.8930000000000002, 2.894)",0.022672745937499995,2.894
"[2.894, 2.895)",0.022648582571428575,2.895
"[2.895, 2.896)",0.0732432312222222,2.896
"[2.896, 2.8970000000000002)",0.023018614615384618,2.897
"[2.8970000000000002, 2.898)",0.008637608223076923,2.898
"[2.898, 2.899)",0.017913339,2.899
"[2.899, 2.9)",0.012735761214285714,2.9
"[2.9, 2.9010000000000002)",0.00524960125,2.901
"[2.9010000000000002, 2.902)",0.04079791205833334,2.902
"[2.902, 2.903)",0.03100627833333333,2.903
"[2.903, 2.904)",0.038304798749999994,2.904
"[2.904, 2.9050000000000002)",0.0496375978,2.905
"[2.9050000000000002, 2.906)",0.029399769125,2.906
"[2.906, 2.907)",0.06112159686666666,2.907
"[2.907, 2.908)",0.022261224680000004,2.908
"[2.908, 2.9090000000000003)",0.025327752071428573,2.909
"[2.9090000000000003, 2.91)",0.024934097646153845,2.91
"[2.91, 2.911)",0.05981014101111112,2.911
"[2.911, 2.912)",0.008804655500000001,2.912
"[2.912, 2.9130000000000003)",0.02530080200000001,2.913
"[2.9130000000000003, 2.914)",0.01225876011111111,2.914
"[2.914, 2.915)",0.006095660722222222,2.915
"[2.915, 2.916)",0.034424369794736835,2.916
"[2.916, 2.9170000000000003)",0.011599739666666666,2.917
"[2.9170000000000003, 2.918)",0.02821198441666667,2.918
"[2.918, 2.919)",0.007961167399999998,2.919
"[2.919, 2.92)",0.028140463533333333,2.92
"[2.92, 2.9210000000000003)",0.009668319312500001,2.921
"[2.9210000000000003, 2.922)",0.022791633058823525,2.922
"[2.922, 2.923)",0.014694030272727272,2.923
"[2.923, 2.924)",0.02121042608333333,2.924
"[2.924, 2.9250000000000003)",0.02032409216666667,2.925
"[2.9250000000000003, 2.926)",0.023183131210526314,2.926
"[2.926, 2.927)",0.01174287575,2.927
"[2.927, 2.928)",0.030573741888888888,2.928
"[2.928, 2.9290000000000003)",0.018841224076923076,2.929
"[2.9290000000000003, 2.93)",0.03912612590909092,2.93
"[2.93, 2.931)",0.060556039222222226,2.931
"[2.931, 2.932)",0.02525219028125,2.932
"[2.932, 2.9330000000000003)",0.03104419876923077,2.933
"[2.9330000000000003, 2.934)",0.024772667388888888,2.934
"[2.934, 2.935)",0.028650530475,2.935
"[2.935, 2.936)",0.043890715000000004,2.936
"[2.936, 2.9370000000000003)",0.0312320298125,2.937
"[2.9370000000000003, 2.938)",0.018974768788235296,2.938
"[2.938, 2.939)",0.029644993699999997,2.939
"[2.939, 2.94)",0.019242143933333334,2.94
"[2.94, 2.9410000000000003)",0.08070117166666668,2.941
"[2.9410000000000003, 2.942)",0.01847146576470589,2.942
"[2.942, 2.943)",0.0370359061875,2.943
"[2.943, 2.944)",0.0514195435,2.944
"[2.944, 2.945)",0.026449610654166664,2.945
"[2.945, 2.946)",0.020117597944444447,2.946
"[2.946, 2.947)",0.010827117105263157,2.947
"[2.947, 2.948)",0.04802940879230769,2.948
"[2.948, 2.949)",0.003930338083333334,2.949
"[2.949, 2.95)",0.01567106288235294,2.95
"[2.95, 2.951)",0.022342611491999998,2.951
"[2.951, 2.952)",0.023260317062500004,2.952
"[2.952, 2.953)",0.01581012023529412,2.953
"[2.953, 2.954)",0.01578766490909091,2.954
"[2.954, 2.955)",0.035462176500000005,2.955
"[2.955, 2.956)",0.011379110916666666,2.956
"[2.956, 2.957)",0.08365455659999999,2.957
"[2.957, 2.958)",0.059179734928571426,2.958
"[2.958, 2.959)",0.03707765566666667,2.959
"[2.959, 2.96)",0.0502358095,2.96
"[2.96, 2.961)",0.019765341781818182,2.961
"[2.961, 2.962)",0.03065060031578947,2.962
"[2.962, 2.963)",0.027496046812499998,2.963
"[2.963, 2.964)",0.0292217575,2.964
"[2.964, 2.965)",0.015919039416666666,2.965
"[2.965, 2.966)",0.020374138583333333,2.966
"[2.966, 2.967)",0.006124946090909091,2.967
"[2.967, 2.968)",0.016295375166666667,2.968
"[2.968, 2.969)",0.059474808399999995,2.969
"[2.969, 2.97)",0.016387668888888887,2.97
"[2.97, 2.971)",0.011691403538461535,2.971
"[2.971, 2.972)",0.031071814800000003,2.972
"[2.972, 2.973)",0.01723201384615385,2.973
"[2.973, 2.974)",0.058055346047619034,2.974
"[2.974, 2.975)",0.029435553619047622,2.975
"[2.975, 2.976)",0.02572343506666667,2.976
"[2.976, 2.977)",0.03835473827777778,2.977
"[2.977, 2.978)",0.019199288310476192,2.978
"[2.978, 2.979)",0.012964872615384617,2.979
"[2.979, 2.98)",0.020455675533333332,2.98
"[2.98, 2.981)",0.008377328642857142,2.981
"[2.981, 2.982)",0.010360035140000001,2.982
"[2.982, 2.983)",0.011012750499999996,2.983
"[2.983, 2.984)",0.017901932199999998,2.984
"[2.984, 2.985)",0.030858261000000005,2.985
"[2.985, 2.986)",0.020080568153846155,2.986
"[2.986, 2.987)",0.018698198333333332,2.987
"[2.987, 2.988)",0.04271865222222222,2.988
"[2.988, 2.989)",0.021269216076923076,2.989
"[2.989, 2.99)",0.02389806307692308,2.99
"[2.99, 2.991)",0.020861259660000003,2.991
"[2.991, 2.992)",0.05283406572727272,2.992
"[2.992, 2.993)",0.016414429363636365,2.993
"[2.993, 2.994)",0.02457652923076923,2.994
"[2.994, 2.995)",0.06885229307142857,2.995
"[2.995, 2.996)",0.0175724068125,2.996
"[2.996, 2.997)",0.02139813466666667,2.997
"[2.997, 2.998)",0.015342934714285713,2.998
"[2.998, 2.999)",0.021265327783333333,2.999
"[2.999, 3.0)",0.028921827181818183,3.0
"[3.0, 3.001)",0.02235909230769231,3.001
"[3.001, 3.0020000000000002)",0.08399687998750001,3.002
"[3.0020000000000002, 3.003)",0.025308727833333336,3.003
"[3.003, 3.004)",0.020157899937499998,3.004
"[3.004, 3.005)",0.008998437153846154,3.005
"[3.005, 3.0060000000000002)",0.0166817905,3.006
"[3.0060000000000002, 3.007)",0.048411067133333326,3.007
"[3.007, 3.008)",0.027530307818181818,3.008
"[3.008, 3.009)",0.04554372179999999,3.009
"[3.009, 3.0100000000000002)",0.01846735661111111,3.01
"[3.0100000000000002, 3.011)",0.021872752999999998,3.011
"[3.011, 3.012)",0.02507012071428571,3.012
"[3.012, 3.013)",0.03406632657142857,3.013
"[3.013, 3.0140000000000002)",0.018661995624999997,3.014
"[3.0140000000000002, 3.015)",0.0795185,3.015
"[3.015, 3.016)",0.050106190993333334,3.016
"[3.016, 3.017)",0.011446027800000003,3.017
"[3.017, 3.0180000000000002)",0.013369588083333333,3.018
"[3.0180000000000002, 3.019)",0.02265633164285714,3.019
"[3.019, 3.02)",0.022088308727272726,3.02
"[3.02, 3.021)",0.015182600844444442,3.021
"[3.021, 3.0220000000000002)",0.015537288857142858,3.022
"[3.0220000000000002, 3.023)",0.01598144022222222,3.023
"[3.023, 3.024)",0.0140939238,3.024
"[3.024, 3.025)",0.019460164142857145,3.025
"[3.025, 3.0260000000000002)",0.013572745928571427,3.026
"[3.0260000000000002, 3.027)",0.10183335045000001,3.027
"[3.027, 3.028)",0.017406516823529415,3.028
"[3.028, 3.029)",0.024846088454545456,3.029
"[3.029, 3.0300000000000002)",0.0385275249375,3.03
"[3.0300000000000002, 3.031)",0.005484091571428573,3.031
"[3.031, 3.032)",0.011670797466666667,3.032
"[3.032, 3.033)",0.04413888266666666,3.033
"[3.033, 3.0340000000000003)",0.043433760263636365,3.034
"[3.0340000000000003, 3.035)",0.04754438766666666,3.035
"[3.035, 3.036)",0.036402196500000004,3.036
"[3.036, 3.037)",0.03877883990909091,3.037
"[3.037, 3.0380000000000003)",0.03134024084444444,3.038
"[3.0380000000000003, 3.039)",0.036404200000000005,3.039
"[3.039, 3.04)",0.012281309666666664,3.04
"[3.04, 3.041)",0.06409352963636364,3.041
"[3.041, 3.0420000000000003)",0.0324929275263158,3.042
"[3.0420000000000003, 3.043)",0.05157943447058823,3.043
"[3.043, 3.044)",0.03845873368461538,3.044
"[3.044, 3.045)",0.012245729873333333,3.045
"[3.045, 3.0460000000000003)",0.0427461323,3.046
"[3.0460000000000003, 3.047)",0.03409044678947369,3.047
"[3.047, 3.048)",0.051199234875000006,3.048
"[3.048, 3.049)",0.013690181052631577,3.049
"[3.049, 3.0500000000000003)",0.03192547028571429,3.05
"[3.0500000000000003, 3.051)",0.0096563080625,3.051
"[3.051, 3.052)",0.011434606020000003,3.052
"[3.052, 3.053)",0.06610885481818182,3.053
"[3.053, 3.0540000000000003)",0.033372642437499996,3.054
"[3.0540000000000003, 3.055)",0.036550990352941175,3.055
"[3.055, 3.056)",0.004009414857142857,3.056
"[3.056, 3.057)",0.00831358033333333,3.057
"[3.057, 3.0580000000000003)",0.03717106530769231,3.058
"[3.0580000000000003, 3.059)",0.010474331466666664,3.059
"[3.059, 3.06)",0.013961617176470587,3.06
"[3.06, 3.061)",0.023274918375,3.061
"[3.061, 3.0620000000000003)",0.0144544006,3.062
"[3.0620000000000003, 3.063)",0.016056901866666664,3.063
"[3.063, 3.064)",0.015145433428571428,3.064
"[3.064, 3.065)",0.007145388470588236,3.065
"[3.065, 3.0660000000000003)",0.04140362553333333,3.066
"[3.0660000000000003, 3.067)",0.010194312015789473,3.067
"[3.067, 3.068)",0.017022325374999998,3.068
"[3.068, 3.069)",0.009355688952380951,3.069
"[3.069, 3.0700000000000003)",0.009619623476190477,3.07
"[3.0700000000000003, 3.071)",0.03282807486399999,3.071
"[3.071, 3.072)",0.045344634863636366,3.072
"[3.072, 3.073)",0.02891266882352941,3.073
"[3.073, 3.074)",0.016532482941379312,3.074
"[3.074, 3.075)",0.028651565375000004,3.075
"[3.075, 3.076)",0.026827237868421058,3.076
"[3.076, 3.077)",0.03721672587083333,3.077
"[3.077, 3.078)",0.032031350847727284,3.078
"[3.078, 3.079)",0.018356081611111116,3.079
"[3.079, 3.08)",0.027161976500000004,3.08
"[3.08, 3.081)",0.04524663037692308,3.081
"[3.081, 3.082)",0.03395675330769231,3.082
"[3.082, 3.083)",0.016224351533333334,3.083
"[3.083, 3.084)",0.03383039724999999,3.084
"[3.084, 3.085)",0.024451905375,3.085
"[3.085, 3.086)",0.009614248333333334,3.086
"[3.086, 3.087)",0.01288049482352941,3.087
"[3.087, 3.088)",0.01948851216,3.088
"[3.088, 3.089)",0.016321356636363638,3.089
"[3.089, 3.09)",0.0071170349375,3.09
"[3.09, 3.091)",0.008320024666666667,3.091
"[3.091, 3.092)",0.010286079357142859,3.092
"[3.092, 3.093)",0.016335419266666668,3.093
"[3.093, 3.094)",0.0365927479125,3.094
"[3.094, 3.095)",0.054385195,3.095
"[3.095, 3.096)",0.018176968642857144,3.096
"[3.096, 3.097)",0.022543029999999995,3.097
"[3.097, 3.098)",0.009318290375000001,3.098
"[3.098, 3.099)",0.05863336188235293,3.099
"[3.099, 3.1)",0.03471626566666666,3.1
"[3.1, 3.101)",0.015063806888888889,3.101
"[3.101, 3.102)",0.0096149883,3.102
"[3.102, 3.103)",0.031226845714285714,3.103
"[3.103, 3.104)",0.032841463125000005,3.104
"[3.104, 3.105)",0.02890636545454545,3.105
"[3.105, 3.106)",0.03629209092857143,3.106
"[3.106, 3.107)",0.01578223788888889,3.107
"[3.107, 3.108)",0.03050768144444444,3.108
"[3.108, 3.109)",0.01587863353846154,3.109
"[3.109, 3.11)",0.024831957777777778,3.11
"[3.11, 3.111)",0.015836269,3.111
"[3.111, 3.112)",0.013596881350000001,3.112
"[3.112, 3.113)",0.014916337809090909,3.113
"[3.113, 3.114)",0.0051715462,3.114
"[3.114, 3.115)",0.013618762666666668,3.115
"[3.115, 3.116)",0.0155662323,3.116
"[3.116, 3.117)",0.004472191125,3.117
"[3.117, 3.118)",0.0114790467,3.118
"[3.118, 3.119)",0.01301047075,3.119
"[3.119, 3.12)",0.024928122000000004,3.12
"[3.12, 3.121)",0.027594632299999994,3.121
"[3.121, 3.122)",0.006224224333333334,3.122
"[3.122, 3.123)",0.012570288923076921,3.123
"[3.123, 3.124)",0.048082776083333334,3.124
"[3.124, 3.125)",0.01116865,3.125
"[3.125, 3.126)",0.01489878,3.126
"[3.126, 3.1270000000000002)",0.047695248833333335,3.127
"[3.1270000000000002, 3.128)",0.010467500333333334,3.128
"[3.128, 3.129)",0.032240250666666664,3.129
"[3.129, 3.13)",0.04249359666666666,3.13
"[3.13, 3.1310000000000002)",0.008538116076923076,3.131
"[3.1310000000000002, 3.132)",0.005735146888888889,3.132
"[3.132, 3.133)",0.04570776259999999,3.133
"[3.133, 3.134)",0.007556212600000001,3.134
"[3.134, 3.1350000000000002)",0.007123086499999999,3.135
"[3.1350000000000002, 3.136)",0.0293200713,3.136
"[3.136, 3.137)",0.0050592798571428566,3.137
"[3.137, 3.138)",0.041157170300000004,3.138
"[3.138, 3.1390000000000002)",0.015538913,3.139
"[3.1390000000000002, 3.14)",0.008853394857142857,3.14
"[3.14, 3.141)",0.0323345875,3.141
"[3.141, 3.142)",0.022477805999999996,3.142
"[3.142, 3.1430000000000002)",0.0031618306,3.143
"[3.1430000000000002, 3.144)",0.06715182766666666,3.144
"[3.144, 3.145)",0.0335274966,3.145
"[3.145, 3.146)",0.10281246987499999,3.146
"[3.146, 3.1470000000000002)",0.01721742325,3.147
"[3.1470000000000002, 3.148)",0.011367156571428573,3.148
"[3.148, 3.149)",0.04956800481818182,3.149
"[3.149, 3.15)",0.032531292499999996,3.15
"[3.15, 3.1510000000000002)",0.01772044444444444,3.151
"[3.1510000000000002, 3.152)",0.027807334857142856,3.152
"[3.152, 3.153)",0.02750925785714286,3.153
"[3.153, 3.154)",0.010797296666666666,3.154
"[3.154, 3.1550000000000002)",0.014370773214285714,3.155
"[3.1550000000000002, 3.156)",0.023953744499999995,3.156
"[3.156, 3.157)",0.05023545941666666,3.157
"[3.157, 3.158)",0.01676839253846154,3.158
"[3.158, 3.1590000000000003)",0.023533244124999998,3.159
"[3.1590000000000003, 3.16)",0.012491469000000003,3.16
"[3.16, 3.161)",0.017165031,3.161
"[3.161, 3.162)",0.0154413875,3.162
"[3.162, 3.1630000000000003)",0.006910250692307691,3.163
"[3.1630000000000003, 3.164)",0.005796918333333334,3.164
"[3.164, 3.165)",0.05894795071428571,3.165
"[3.165, 3.166)",0.010022056644444444,3.166
"[3.166, 3.1670000000000003)",0.022899916,3.167
"[3.1670000000000003, 3.168)",0.0412348023,3.168
"[3.168, 3.169)",0.02463990584615385,3.169
"[3.169, 3.17)",0.015788212166666666,3.17
"[3.17, 3.1710000000000003)",0.01264935,3.171
"[3.1710000000000003, 3.172)",0.02756873,3.172
"[3.172, 3.173)",0.008382963,3.173
"[3.173, 3.174)",0.015092948333333335,3.174
"[3.174, 3.1750000000000003)",0.009963946166666666,3.175
"[3.1750000000000003, 3.176)",0.009017124833333333,3.176
"[3.176, 3.177)",0.08330017191666665,3.177
"[3.177, 3.178)",0.020640968888888892,3.178
"[3.178, 3.1790000000000003)",0.0033731966666666665,3.179
"[3.1790000000000003, 3.18)",0.022919479125,3.18
"[3.18, 3.181)",0.07458952288333333,3.181
"[3.181, 3.182)",0.020756560375,3.182
"[3.182, 3.1830000000000003)",0.012064586666666667,3.183
"[3.1830000000000003, 3.184)",0.0035024826,3.184
"[3.184, 3.185)",0.008426871083333334,3.185
"[3.185, 3.186)",0.008155314600000001,3.186
"[3.186, 3.1870000000000003)",0.031340492124999994,3.187
"[3.1870000000000003, 3.188)",0.003971703545454544,3.188
"[3.188, 3.189)",0.012278737875000001,3.189
"[3.189, 3.19)",0.0019589708625000002,3.19
"[3.19, 3.1910000000000003)",0.014811561,3.191
"[3.1910000000000003, 3.192)",0.04843827575000001,3.192
"[3.192, 3.193)",0.0043607130000000004,3.193
"[3.193, 3.194)",0.011139446571428572,3.194
"[3.194, 3.1950000000000003)",0.014502511999999999,3.195
"[3.1950000000000003, 3.196)",0.09512027699999999,3.196
"[3.196, 3.197)",0.0086051255,3.197
"[3.197, 3.198)",0.19817445999999997,3.198
"[3.198, 3.1990000000000003)",0.05352317833333334,3.199
"[3.1990000000000003, 3.2)",0.042120316142857155,3.2
"[3.2, 3.201)",0.007739660499999999,3.201
"[3.201, 3.202)",0.0019986226666666666,3.202
"[3.202, 3.203)",0.017943651571428573,3.203
"[3.203, 3.204)",0.0041227882499999995,3.204
"[3.204, 3.205)",0.005781710999999999,3.205
"[3.205, 3.206)",0.010286004599999999,3.206
"[3.206, 3.207)",0.012568741999999999,3.207
"[3.207, 3.208)",0.03775971412500001,3.208
"[3.208, 3.209)",0.028317323833333335,3.209
"[3.209, 3.21)",0.03172141403333333,3.21
"[3.21, 3.211)",0.018486184000000003,3.211
"[3.211, 3.212)",0.0334296666,3.212
"[3.212, 3.213)",0.020077110999999998,3.213
"[3.213, 3.214)",0.005961606222222222,3.214
"[3.214, 3.215)",0.03870227775714286,3.215
"[3.215, 3.216)",0.038538916666666666,3.216
"[3.216, 3.217)",0.0069714692222222225,3.217
"[3.217, 3.218)",0.05832362833333333,3.218
"[3.218, 3.219)",0.0057770040000000005,3.219
"[3.219, 3.22)",0.00918495,3.22
"[3.22, 3.221)",0.017076873285714285,3.221
"[3.221, 3.222)",0.07101456912499998,3.222
"[3.222, 3.223)",0.016710931,3.223
"[3.223, 3.224)",0.011902482499999999,3.224
"[3.224, 3.225)",0.0350107226,3.225
"[3.225, 3.226)",0.030996853333333328,3.226
"[3.226, 3.227)",0.007141337142857143,3.227
"[3.227, 3.228)",0.020918948166666663,3.228
"[3.228, 3.229)",0.0502681103,3.229
"[3.229, 3.23)",0.015483480333333334,3.23
"[3.23, 3.231)",0.0195376746,3.231
"[3.231, 3.232)",0.022328601857142857,3.232
"[3.232, 3.233)",0.05349943625,3.233
"[3.233, 3.234)",0.009238245599999998,3.234
"[3.234, 3.235)",0.007872198399999999,3.235
"[3.235, 3.236)",0.012805124333333334,3.236
"[3.236, 3.237)",0.009073764916666666,3.237
"[3.237, 3.238)",0.0099403275,3.238
"[3.238, 3.239)",0.014343820928571427,3.239
"[3.239, 3.24)",0.01021494425,3.24
"[3.24, 3.241)",0.05673048614285714,3.241
"[3.241, 3.242)",0.008233138,3.242
"[3.242, 3.243)",0.014130907153846154,3.243
"[3.243, 3.244)",0.0081530584,3.244
"[3.244, 3.245)",0.0008824577499999999,3.245
"[3.245, 3.246)",0.0144862545,3.246
"[3.246, 3.247)",0.006624167428571429,3.247
"[3.247, 3.248)",0.11034562999999999,3.248
"[3.248, 3.249)",0.002273854,3.249
"[3.249, 3.25)",0.027455033714285714,3.25
"[3.25, 3.251)",0.11571149727555559,3.251
"[3.251, 3.2520000000000002)",0.022528042999999994,3.252
"[3.2520000000000002, 3.253)",0.00714105825,3.253
"[3.253, 3.254)",0.022409013250000002,3.254
"[3.254, 3.255)",0.006243347999999999,3.255
"[3.255, 3.2560000000000002)",0.05832758,3.256
"[3.2560000000000002, 3.257)",0.04608174042857143,3.257
"[3.257, 3.258)",0.03103511714285714,3.258
"[3.258, 3.259)",0.030363218999999997,3.259
"[3.259, 3.2600000000000002)",0.02743321255555555,3.26
"[3.2600000000000002, 3.261)",0.05261294749999999,3.261
"[3.261, 3.262)",0.03780244666666667,3.262
"[3.262, 3.263)",0.012598577666666666,3.263
"[3.263, 3.2640000000000002)",0.028850310428571425,3.264
"[3.2640000000000002, 3.265)",0.020881015,3.265
"[3.265, 3.266)",0.0035328822857142858,3.266
"[3.266, 3.267)",0.10876085049999999,3.267
"[3.267, 3.2680000000000002)",0.009348768333333332,3.268
"[3.2680000000000002, 3.269)",0.022801532555555556,3.269
"[3.269, 3.27)",0.010383506571428572,3.27
"[3.27, 3.271)",0.0047481545,3.271
"[3.271, 3.2720000000000002)",0.19575890599999995,3.272
"[3.2720000000000002, 3.273)",0.017768674100000003,3.273
"[3.273, 3.274)",0.0089524921,3.274
"[3.274, 3.275)",0.020708328,3.275
"[3.275, 3.2760000000000002)",0.012696240000000001,3.276
"[3.2760000000000002, 3.277)",0.007979718,3.277
"[3.277, 3.278)",0.018803198181818182,3.278
"[3.278, 3.279)",0.0059613286,3.279
"[3.279, 3.2800000000000002)",0.019114707499999998,3.28
"[3.2800000000000002, 3.281)",0.0047935045,3.281
"[3.281, 3.282)",0.0049586786,3.282
"[3.282, 3.283)",0.0119228483,3.283
"[3.283, 3.2840000000000003)",0.03533239514285714,3.284
"[3.2840000000000003, 3.285)",0.0038447864000000008,3.285
"[3.285, 3.286)",0.0256942,3.286
"[3.286, 3.287)",0.00898105928,3.287
"[3.287, 3.2880000000000003)",0.00037907100000000003,3.288
"[3.2880000000000003, 3.289)",0.010886232166666667,3.289
"[3.289, 3.29)",0.14895761114285716,3.29
"[3.29, 3.291)",0.016622365571428568,3.291
"[3.291, 3.2920000000000003)",0.0049636765,3.292
"[3.2920000000000003, 3.293)",0.022709026250000004,3.293
"[3.293, 3.294)",0.0090992014,3.294
"[3.294, 3.295)",0.0027273749999999998,3.295
"[3.295, 3.2960000000000003)",0.03460838242857143,3.296
"[3.2960000000000003, 3.297)",0.005396570333333332,3.297
"[3.297, 3.298)",0.050427150000000004,3.298
"[3.298, 3.299)",0.01707684118181818,3.299
"[3.299, 3.3000000000000003)",0.03803597166666666,3.3
"[3.3000000000000003, 3.301)",0.012233065,3.301
"[3.301, 3.302)",0.018971101166666667,3.302
"[3.302, 3.303)",0.03188747883333334,3.303
"[3.303, 3.3040000000000003)",0.02736088444444444,3.304
"[3.3040000000000003, 3.305)",0.0086160173,3.305
"[3.305, 3.306)",0.036415333333333334,3.306
"[3.306, 3.307)",0.018290239088888882,3.307
"[3.307, 3.3080000000000003)",0.02584152,3.308
"[3.3080000000000003, 3.309)",0.00226757,3.309
"[3.309, 3.31)",0.05370459666666667,3.31
"[3.31, 3.311)",0.1573684746,3.311
"[3.311, 3.3120000000000003)",0.012668728,3.312
"[3.3120000000000003, 3.313)",0.00638834511111111,3.313
"[3.313, 3.314)",0.048202628000000004,3.314
"[3.314, 3.315)",0.021649094525,3.315
"[3.315, 3.3160000000000003)",0.02267237209090909,3.316
"[3.3160000000000003, 3.317)",0.04146710666666667,3.317
"[3.317, 3.318)",0.08095950787499999,3.318
"[3.318, 3.319)",0.0023495904999999997,3.319
"[3.319, 3.3200000000000003)",0.0033395570000000004,3.32
"[3.3200000000000003, 3.321)",0.013489785999999998,3.321
"[3.321, 3.322)",0.06729776999999998,3.322
"[3.322, 3.323)",0.020442122336842106,3.323
"[3.323, 3.3240000000000003)",0.020075863785714288,3.324
"[3.3240000000000003, 3.325)",0.0034344715,3.325
"[3.325, 3.326)",0.0350884241111111,3.326
"[3.326, 3.327)",0.02519627,3.327
"[3.327, 3.3280000000000003)",0.06236822833333333,3.328
"[3.3280000000000003, 3.329)",0.0290055426,3.329
"[3.329, 3.33)",0.013297515499999997,3.33
"[3.33, 3.331)",0.014209565428571427,3.331
"[3.331, 3.332)",0.0117651186,3.332
"[3.332, 3.333)",0.1477909475,3.333
"[3.333, 3.334)",0.013892927255555557,3.334
"[3.334, 3.335)",0.040815576459999996,3.335
"[3.335, 3.336)",0.0192080575,3.336
"[3.336, 3.337)",0.020993006916666668,3.337
"[3.337, 3.338)",0.0372356783,3.338
"[3.338, 3.339)",0.01322825825,3.339
"[3.339, 3.34)",0.02065460857142857,3.34
"[3.34, 3.341)",0.00662075,3.341
"[3.341, 3.342)",0.472069,3.342
"[3.342, 3.343)",0.02207147483333333,3.343
"[3.343, 3.344)",0.007931468833333333,3.344
"[3.344, 3.345)",0.00956472,3.345
"[3.345, 3.346)",0.0077937910000000004,3.346
"[3.346, 3.347)",0.028965287777777775,3.347
"[3.347, 3.348)",0.012360569124999998,3.348
"[3.348, 3.349)",0.012811244333333333,3.349
"[3.349, 3.35)",0.015708365999999998,3.35
"[3.35, 3.351)",0.020238031,3.351
"[3.351, 3.352)",0.004644587666666667,3.352
"[3.352, 3.353)",0.0095697775,3.353
"[3.353, 3.354)",0.014114944,3.354
"[3.354, 3.355)",0.026535608,3.355
"[3.355, 3.356)",0.00427514,3.356
"[3.356, 3.357)",0.0066904273,3.357
"[3.357, 3.358)",0.037078596666666665,3.358
"[3.358, 3.359)",0.0141982625,3.359
"[3.359, 3.36)",0.0273467615,3.36
"[3.36, 3.361)",0.024721710999999997,3.361
"[3.361, 3.362)",0.026834977750000003,3.362
"[3.362, 3.363)",0.014040513333333332,3.363
"[3.363, 3.364)",0.01773515,3.364
"[3.364, 3.365)",0.0130402546,3.365
"[3.365, 3.366)",0.060899255,3.366
"[3.366, 3.367)",0.005271655333333333,3.367
"[3.367, 3.368)",0.005697911,3.368
"[3.368, 3.369)",0.0070864699000000005,3.369
"[3.369, 3.37)",0.04020529675,3.37
"[3.37, 3.371)",0.00539867819,3.371
"[3.371, 3.372)",0.03186307514285715,3.372
"[3.372, 3.373)",0.008279762333333334,3.373
"[3.373, 3.374)",0.006379595199999999,3.374
"[3.374, 3.375)",0.01192742888888889,3.375
"[3.375, 3.376)",0.05805199700000001,3.376
"[3.376, 3.3770000000000002)",0.011857918333333333,3.377
"[3.3770000000000002, 3.378)",0.029251586666666666,3.378
"[3.378, 3.379)",0.0168475097,3.379
"[3.379, 3.38)",0.06009041499999999,3.38
"[3.38, 3.3810000000000002)",0.0467385445,3.381
"[3.3810000000000002, 3.382)",0.0298899935,3.382
"[3.382, 3.383)",0.011405656370875001,3.383
"[3.383, 3.384)",0.018576788333333333,3.384
"[3.384, 3.3850000000000002)",0.003560127142857143,3.385
"[3.3850000000000002, 3.386)",0.034034136,3.386
"[3.386, 3.387)",0.05195764433333333,3.387
"[3.387, 3.388)",0.013662185000000002,3.388
"[3.388, 3.3890000000000002)",0.022071893333333332,3.389
"[3.3890000000000002, 3.39)",0.02064851111111111,3.39
"[3.39, 3.391)",0.038112986625,3.391
"[3.391, 3.392)",0.002802974825,3.392
"[3.392, 3.3930000000000002)",0.010757891625,3.393
"[3.3930000000000002, 3.394)",0.0007876925,3.394
"[3.394, 3.395)",0.038969919625,3.395
"[3.395, 3.396)",0.016527354,3.396
"[3.396, 3.3970000000000002)",0.047455670666666665,3.397
"[3.3970000000000002, 3.398)",0.00298151,3.398
"[3.398, 3.399)",0.0112206572,3.399
"[3.399, 3.4)",0.01781197333333333,3.4
"[3.4, 3.4010000000000002)",0.0012162766249999997,3.401
"[3.4010000000000002, 3.402)",0.02155651967777778,3.402
"[3.402, 3.403)",0.06164299375,3.403
"[3.403, 3.404)",0.01060033575,3.404
"[3.404, 3.4050000000000002)",0.119652475,3.405
"[3.4050000000000002, 3.406)",0.033312094599999995,3.406
"[3.406, 3.407)",0.0235477826125,3.407
"[3.407, 3.408)",0.015729194999999998,3.408
"[3.408, 3.4090000000000003)",0.025237700000000002,3.409
"[3.4090000000000003, 3.41)",0.02130321111111111,3.41
"[3.41, 3.411)",0.06309770678,3.411
"[3.411, 3.412)",0.049543309,3.412
"[3.412, 3.4130000000000003)",0.005264849166666668,3.413
"[3.4130000000000003, 3.414)",0.0219204325,3.414
"[3.414, 3.415)",0.00336172075,3.415
"[3.415, 3.416)",0.0073977,3.416
"[3.416, 3.4170000000000003)",0.00545274188,3.417
"[3.4170000000000003, 3.418)",0.009982332799999999,3.418
"[3.418, 3.419)",0.03953615237500001,3.419
"[3.419, 3.42)",0.03471852,3.42
"[3.42, 3.4210000000000003)",0.00260623468,3.421
"[3.4210000000000003, 3.422)",0.022088624444444444,3.422
"[3.422, 3.423)",0.0025495366,3.423
"[3.423, 3.424)",0.0050290686000000005,3.424
"[3.424, 3.4250000000000003)",0.02052099,3.425
"[3.4250000000000003, 3.426)",0.0026137833333333333,3.426
"[3.426, 3.427)",0.02458679,3.427
"[3.427, 3.428)",0.03212032260000001,3.428
"[3.428, 3.4290000000000003)",0.00369083,3.429
"[3.4290000000000003, 3.43)",0.018506793714285714,3.43
"[3.43, 3.431)",0.118156928,3.431
"[3.431, 3.432)",0.019882998000000002,3.432
"[3.432, 3.4330000000000003)",0.0081003586,3.433
"[3.4330000000000003, 3.434)",0.01076998076,3.434
"[3.434, 3.435)",0.0062793277250000005,3.435
"[3.435, 3.436)",0.00441914,3.436
"[3.436, 3.4370000000000003)",0.019943403185714283,3.437
"[3.4370000000000003, 3.438)",0.017734113333333332,3.438
"[3.438, 3.439)",0.012987144333333334,3.439
"[3.439, 3.44)",0.04116870900000001,3.44
"[3.44, 3.4410000000000003)",0.026307926666666665,3.441
"[3.4410000000000003, 3.442)",0.004656726,3.442
"[3.442, 3.443)",0.00794172875,3.443
"[3.443, 3.444)",0.009450947500000001,3.444
"[3.444, 3.4450000000000003)",0.014808628,3.445
"[3.4450000000000003, 3.446)",0.00367197,3.446
"[3.446, 3.447)",0.032491570000000004,3.447
"[3.447, 3.448)",0.00636019575,3.448
"[3.448, 3.4490000000000003)",0.03673366025,3.449
"[3.45, 3.451)",0.03435235666666667,3.45
"[3.451, 3.452)",0.01768912325,3.451
"[3.452, 3.4530000000000003)",0.02938812171428571,3.452
"[3.4530000000000003, 3.454)",0.0464305,3.453
"[3.454, 3.455)",0.003905123333333333,3.454
"[3.455, 3.456)",0.0034123360000000006,3.455
"[3.456, 3.457)",0.024523042312499996,3.456
"[3.457, 3.458)",0.000593773,3.457
"[3.458, 3.459)",0.01983548,3.458
"[3.459, 3.46)",0.010553273999999998,3.459
"[3.46, 3.461)",0.05717384,3.46
"[3.461, 3.462)",0.0734557206,3.461
"[3.462, 3.463)",0.031423754285714284,3.462
"[3.463, 3.464)",0.033639816,3.463
"[3.464, 3.465)",0.022230676714285712,3.464
"[3.465, 3.466)",0.0009112286666666667,3.465
"[3.466, 3.467)",0.0104433115,3.466
"[3.467, 3.468)",0.01796619825,3.467
"[3.468, 3.469)",0.03336995,3.468
"[3.47, 3.471)",0.00314395325,3.469
"[3.471, 3.472)",0.028904680000000002,3.47
"[3.472, 3.473)",0.06630415766666667,3.471
"[3.473, 3.474)",0.007407680400000001,3.472
"[3.474, 3.475)",0.00599925,3.473
"[3.475, 3.476)",0.003411005,3.474
"[3.476, 3.477)",0.0240813846,3.475
"[3.477, 3.478)",0.014788373999999998,3.476
"[3.478, 3.479)",0.020767450600000004,3.477
"[3.479, 3.48)",0.04772523333333333,3.478
"[3.48, 3.481)",0.008175819999999999,3.479
"[3.481, 3.482)",0.025194398800000007,3.48
"[3.482, 3.483)",0.001432551,3.481
"[3.483, 3.484)",0.008471355,3.482
"[3.484, 3.485)",0.08040597,3.483
"[3.485, 3.486)",0.010619057666666666,3.484
"[3.486, 3.487)",0.009167154714285714,3.485
"[3.487, 3.488)",0.09071757000000001,3.486
"[3.488, 3.489)",0.07684364666666667,3.487
"[3.489, 3.49)",0.02968458,3.488
"[3.49, 3.491)",0.02882224875,3.489
"[3.491, 3.492)",0.06578611666666667,3.49
"[3.492, 3.493)",0.04244600666666667,3.491
"[3.493, 3.494)",0.013870602499999999,3.492
"[3.495, 3.496)",0.012026865,3.493
"[3.496, 3.497)",0.041857542,3.494
"[3.497, 3.498)",0.019592505,3.495
"[3.498, 3.499)",0.016908811205,3.496
"[3.499, 3.5)",0.02298780825,3.497
"[3.5, 3.501)",0.03843112,3.498
"[3.5020000000000002, 3.503)",0.051329716666666664,3.499
"[3.503, 3.504)",0.00201361,3.5
"[3.504, 3.505)",0.030231255999999995,3.501
"[3.505, 3.5060000000000002)",0.030934446666666667,3.502
"[3.5060000000000002, 3.507)",0.030847098333333333,3.503
"[3.507, 3.508)",0.04110813666666666,3.504
"[3.508, 3.509)",0.008130078333333332,3.505
"[3.509, 3.5100000000000002)",0.042016084,3.506
"[3.5100000000000002, 3.511)",0.009754813285714285,3.507
"[3.511, 3.512)",0.003611368666666666,3.508
"[3.512, 3.513)",0.00453376925,3.509
"[3.513, 3.5140000000000002)",0.009529406,3.51
"[3.5140000000000002, 3.515)",0.06611924999999999,3.511
"[3.515, 3.516)",0.0107696212,3.512
"[3.516, 3.517)",0.027979575000000003,3.513
"[3.517, 3.5180000000000002)",0.0035940725,3.514
"[3.5180000000000002, 3.519)",0.017827200333333335,3.515
"[3.519, 3.52)",0.00313114,3.516
"[3.52, 3.521)",0.0641923,3.517
"[3.521, 3.5220000000000002)",0.0020544,3.518
"[3.5220000000000002, 3.523)",0.009962223333333334,3.519
"[3.523, 3.524)",0.022327299999999998,3.52
"[3.524, 3.525)",0.004188991,3.521
"[3.525, 3.5260000000000002)",0.109005501,3.522
"[3.5260000000000002, 3.527)",0.0104138406,3.523
"[3.527, 3.528)",0.028361375,3.524
"[3.528, 3.529)",0.0050894370000000005,3.525
"[3.529, 3.5300000000000002)",0.011182484999999999,3.526
"[3.5300000000000002, 3.531)",0.04178405,3.527
"[3.531, 3.532)",0.0013217265,3.528
"[3.532, 3.533)",0.014793540749999999,3.529
"[3.533, 3.5340000000000003)",0.008272914333333334,3.53
"[3.5340000000000003, 3.535)",0.016491286,3.531
"[3.535, 3.536)",0.013879506666666666,3.532
"[3.536, 3.537)",0.037286788366666664,3.533
"[3.537, 3.5380000000000003)",0.02603827,3.534
"[3.5380000000000003, 3.539)",0.008058043333333334,3.535
"[3.539, 3.54)",0.012279735,3.536
"[3.54, 3.541)",0.06760567666666666,3.537
"[3.541, 3.5420000000000003)",0.006329841,3.538
"[3.5420000000000003, 3.543)",0.006387639,3.539
"[3.543, 3.544)",0.004737950714285714,3.54
"[3.544, 3.545)",0.317829,3.541
"[3.545, 3.5460000000000003)",0.008721373333333332,3.542
"[3.5460000000000003, 3.547)",0.006427244333333333,3.543
"[3.547, 3.548)",0.0233072066,3.544
"[3.548, 3.549)",0.2525066875,3.545
"[3.549, 3.5500000000000003)",0.011859916600000001,3.546
"[3.5500000000000003, 3.551)",0.00110742,3.547
"[3.551, 3.552)",0.011547789999999999,3.548
"[3.552, 3.553)",0.130300776,3.549
"[3.553, 3.5540000000000003)",0.005105905,3.55
"[3.5540000000000003, 3.555)",0.011417901199999999,3.551
"[3.555, 3.556)",0.001966785,3.552
"[3.556, 3.557)",0.026521818333333336,3.553
"[3.557, 3.5580000000000003)",0.007599816299999999,3.554
"[3.5580000000000003, 3.559)",0.020288863285714286,3.555
"[3.559, 3.56)",0.028519748666666667,3.556
"[3.56, 3.561)",0.0022061891999999995,3.557
"[3.561, 3.5620000000000003)",0.0029621805,3.558
"[3.5620000000000003, 3.563)",0.004245134333333333,3.559
"[3.563, 3.564)",0.01201616457142857,3.56
"[3.564, 3.565)",0.0272792575,3.561
"[3.565, 3.5660000000000003)",0.025963896999999996,3.562
"[3.5660000000000003, 3.567)",0.18990821666666666,3.563
"[3.567, 3.568)",0.00459147325,3.564
"[3.568, 3.569)",0.007490373633333334,3.565
"[3.569, 3.5700000000000003)",0.002471256,3.566
"[3.5700000000000003, 3.571)",0.00252023915,3.567
"[3.571, 3.572)",0.09008249111111112,3.568
"[3.572, 3.573)",0.010596212166666666,3.569
"[3.573, 3.5740000000000003)",0.03912684975,3.57
"[3.5740000000000003, 3.575)",0.055566370600000005,3.571
"[3.575, 3.576)",0.06419112333333334,3.572
"[3.576, 3.577)",0.0035179747142857144,3.573
"[3.577, 3.5780000000000003)",0.0082793002,3.574
"[3.5780000000000003, 3.579)",0.028589485499999998,3.575
"[3.579, 3.58)",0.05913145716666666,3.576
"[3.58, 3.581)",0.005631161666666666,3.577
"[3.581, 3.5820000000000003)",0.04065815,3.578
"[3.5820000000000003, 3.583)",0.05267932128571429,3.579
"[3.583, 3.584)",0.04522642000000001,3.58
"[3.584, 3.585)",0.06527091075,3.581
"[3.585, 3.586)",0.006073484666666666,3.582
"[3.586, 3.587)",0.034435987142857144,3.583
"[3.587, 3.588)",0.012358984,3.584
"[3.588, 3.589)",0.022104361333333333,3.585
"[3.589, 3.59)",0.0031678300000000004,3.586
"[3.59, 3.591)",0.002007633333333333,3.587
"[3.591, 3.592)",0.0122812915,3.588
"[3.592, 3.593)",0.018364938,3.589
"[3.593, 3.594)",0.05028223933333334,3.59
"[3.594, 3.595)",0.006327800000000001,3.591
"[3.595, 3.596)",0.041161505,3.592
"[3.596, 3.597)",0.04196020482499999,3.593
"[3.597, 3.598)",0.00610501,3.594
"[3.598, 3.599)",0.014266513200000002,3.595
"[3.599, 3.6)",0.0049915262499999995,3.596
"[3.6, 3.601)",0.038064933333333335,3.597
"[3.601, 3.602)",0.03629947766666666,3.598
"[3.602, 3.603)",0.011520810000000001,3.599
"[3.603, 3.604)",0.02199583133333333,3.6
"[3.604, 3.605)",0.0160183325,3.601
"[3.605, 3.606)",0.025846394499999998,3.602
"[3.606, 3.607)",0.016644904999999998,3.603
"[3.607, 3.608)",0.024717243333333333,3.604
"[3.608, 3.609)",0.016585658,3.605
"[3.609, 3.61)",0.025621230000000002,3.606
"[3.61, 3.611)",0.14881262333333337,3.607
"[3.611, 3.612)",0.023887059999999998,3.608
"[3.612, 3.613)",0.061614186666666675,3.609
"[3.613, 3.614)",0.030801073333333335,3.61
"[3.614, 3.615)",0.0068427850000000005,3.611
"[3.615, 3.616)",0.0016564745,3.612
"[3.616, 3.617)",0.18006381428571427,3.613
"[3.617, 3.618)",0.015779416666666667,3.614
"[3.618, 3.619)",0.00379693575,3.615
"[3.619, 3.62)",0.061732416500000005,3.616
"[3.621, 3.622)",0.10687824333333333,3.617
"[3.622, 3.623)",0.03914285,3.618
"[3.623, 3.624)",0.0022792042500000003,3.619
"[3.624, 3.625)",0.008443344,3.62
"[3.625, 3.626)",0.021128098000000005,3.621
"[3.626, 3.6270000000000002)",0.05439187383333333,3.622
"[3.6270000000000002, 3.628)",0.0137209766,3.623
"[3.629, 3.63)",0.000540833,3.624
"[3.63, 3.6310000000000002)",0.01315100842857143,3.625
"[3.6310000000000002, 3.632)",0.007012706,3.626
"[3.632, 3.633)",0.022835716600000004,3.627
"[3.633, 3.634)",0.0016236806,3.628
"[3.634, 3.6350000000000002)",0.003884384333333333,3.629
"[3.6350000000000002, 3.636)",0.001116631,3.63
"[3.636, 3.637)",0.08139084999999999,3.631
"[3.637, 3.638)",0.042298984000000005,3.632
"[3.638, 3.6390000000000002)",0.0184571795,3.633
"[3.6390000000000002, 3.64)",0.001116631,3.634
"[3.64, 3.641)",0.0008241265000000001,3.635
"[3.641, 3.642)",0.0017508101800000001,3.636
"[3.642, 3.6430000000000002)",0.0,3.637
"[3.6430000000000002, 3.644)",0.011475190000000001,3.638
"[3.644, 3.645)",0.008884735,3.639
"[3.645, 3.646)",0.060491873333333335,3.64
"[3.646, 3.6470000000000002)",0.05676014433333334,3.641
"[3.6470000000000002, 3.648)",0.0223851525,3.642
"[3.648, 3.649)",0.013882740000000001,3.643
"[3.649, 3.65)",0.004435498249999999,3.644
"[3.65, 3.6510000000000002)",0.000540833,3.645
"[3.6510000000000002, 3.652)",0.11848,3.646
"[3.652, 3.653)",0.007061920599999999,3.647
"[3.653, 3.654)",0.0115967,3.648
"[3.654, 3.6550000000000002)",0.0264724,3.649
"[3.6550000000000002, 3.656)",0.01099694,3.65
"[3.656, 3.657)",0.00303794,3.651
"[3.657, 3.658)",0.00395844,3.652
"[3.658, 3.6590000000000003)",0.014321100000000002,3.653
"[3.6590000000000003, 3.66)",0.0096574,3.654
"[3.66, 3.661)",0.000540833,3.655
"[3.661, 3.662)",0.004633761,3.656
"[3.662, 3.6630000000000003)",0.037940211,3.657
"[3.6630000000000003, 3.664)",0.040034844333333326,3.658
"[3.665, 3.666)",0.00558318,3.659
"[3.666, 3.6670000000000003)",0.014286345,3.66
"[3.6670000000000003, 3.668)",0.0397179,3.661
"[3.668, 3.669)",0.01051987,3.662
"[3.669, 3.67)",0.0047619,3.663
"[3.67, 3.6710000000000003)",0.0101516,3.664
"[3.6710000000000003, 3.672)",0.008019938333333334,3.665
"[3.672, 3.673)",0.000540833,3.666
"[3.674, 3.6750000000000003)",0.00170164,3.667
"[3.6750000000000003, 3.676)",0.0095894025,3.668
"[3.676, 3.677)",0.050115,3.669
"[3.677, 3.678)",0.00170164,3.67
"[3.678, 3.6790000000000003)",0.008495151666666666,3.671
"[3.6790000000000003, 3.68)",0.093103422,3.672
"[3.68, 3.681)",0.000540833,3.673
"[3.681, 3.682)",0.046776766666666664,3.674
"[3.682, 3.6830000000000003)",0.00110742,3.675
"[3.6830000000000003, 3.684)",0.009837243333333334,3.676
"[3.685, 3.686)",0.004468392,3.677
"[3.686, 3.6870000000000003)",0.0357317165,3.678
"[3.6870000000000003, 3.688)",0.012322916500000001,3.679
"[3.688, 3.689)",0.009615819999999999,3.68
"[3.689, 3.69)",0.0417969475,3.681
"[3.69, 3.6910000000000003)",0.00348432,3.682
"[3.6910000000000003, 3.692)",0.013248751000000001,3.683
"[3.692, 3.693)",0.0036408366666666665,3.684
"[3.693, 3.694)",0.019735513333333333,3.685
"[3.694, 3.6950000000000003)",0.00731707,3.686
"[3.696, 3.697)",0.01597063,3.687
"[3.697, 3.698)",0.02143908875,3.688
"[3.698, 3.6990000000000003)",0.00218124,3.689
"[3.6990000000000003, 3.7)",0.036882634733333336,3.69
"[3.7, 3.701)",0.0438001055,3.691
"[3.701, 3.702)",0.0008241265000000001,3.692
"[3.702, 3.7030000000000003)",0.059866311,3.693
"[3.7030000000000003, 3.704)",0.02620637,3.694
"[3.704, 3.705)",0.06129019320000001,3.695
"[3.705, 3.706)",0.03883165500000001,3.696
"[3.706, 3.7070000000000003)",0.0706838,3.697
"[3.7070000000000003, 3.708)",0.008030602433333334,3.698
"[3.708, 3.709)",0.030624191000000005,3.699
"[3.709, 3.71)",0.0561543,3.7
"[3.71, 3.7110000000000003)",0.04467501,3.701
"[3.7110000000000003, 3.712)",0.0029109733333333335,3.702
"[3.712, 3.713)",0.00470689,3.703
"[3.713, 3.714)",0.0155947,3.704
"[3.714, 3.715)",0.028516042499999998,3.705
"[3.715, 3.716)",0.0169585,3.706
"[3.717, 3.718)",0.0188045675,3.707
"[3.719, 3.72)",0.010710537666666667,3.708
"[3.72, 3.721)",0.020999089999999998,3.709
"[3.721, 3.722)",0.038657766,3.71
"[3.722, 3.723)",0.02641425,3.711
"[3.723, 3.724)",0.0221278832,3.712
"[3.724, 3.725)",0.00707414,3.713
"[3.725, 3.726)",0.029399728000000003,3.714
"[3.726, 3.727)",0.08623154433333331,3.715
"[3.727, 3.728)",0.074771575,3.716
"[3.728, 3.729)",0.012772083333333335,3.717
"[3.729, 3.73)",0.00231575,3.718
"[3.73, 3.731)",0.020178960000000003,3.719
"[3.731, 3.732)",0.008228002,3.72
"[3.732, 3.733)",0.019728071666666666,3.721
"[3.733, 3.734)",0.00891487575,3.722
"[3.734, 3.735)",0.018179446666666668,3.723
"[3.735, 3.736)",0.007869300000000001,3.724
"[3.736, 3.737)",0.013993264333333333,3.725
"[3.737, 3.738)",0.016845194333333334,3.726
"[3.738, 3.739)",0.00346603025,3.727
"[3.739, 3.74)",0.0719019,3.728
"[3.74, 3.741)",0.026549358,3.729
"[3.742, 3.743)",0.0035703715000000003,3.73
"[3.743, 3.744)",0.18460202550000002,3.731
"[3.744, 3.745)",0.08429798,3.732
"[3.745, 3.746)",0.0112364665,3.733
"[3.746, 3.747)",0.194698,3.734
"[3.747, 3.748)",0.0081797,3.735
"[3.748, 3.749)",0.012439467499999999,3.736
"[3.75, 3.751)",0.03591868,3.737
"[3.751, 3.7520000000000002)",0.018420162599999998,3.738
"[3.7520000000000002, 3.753)",0.012764329999999999,3.739
"[3.753, 3.754)",0.015472088,3.74
"[3.755, 3.7560000000000002)",0.0017904843333333333,3.741
"[3.7560000000000002, 3.757)",0.027897475,3.742
"[3.757, 3.758)",0.10300185,3.743
"[3.758, 3.759)",0.0265488,3.744
"[3.759, 3.7600000000000002)",0.0034427525,3.745
"[3.7600000000000002, 3.761)",0.00873956,3.746
"[3.761, 3.762)",0.029985282499999998,3.747
"[3.762, 3.763)",0.00140453,3.748
"[3.763, 3.7640000000000002)",0.0122449,3.749
"[3.7640000000000002, 3.765)",0.0461453665,3.75
"[3.765, 3.766)",0.048598230000000006,3.751
"[3.766, 3.767)",0.028103146500000002,3.752
"[3.767, 3.7680000000000002)",0.006008556666666667,3.753
"[3.7680000000000002, 3.769)",0.020427974999999998,3.754
"[3.769, 3.77)",0.00473784,3.755
"[3.77, 3.771)",0.0874630425,3.756
"[3.771, 3.7720000000000002)",0.019601483333333333,3.757
"[3.7720000000000002, 3.773)",0.0429444,3.758
"[3.774, 3.775)",0.00456751,3.759
"[3.775, 3.7760000000000002)",0.0032604515,3.76
"[3.7760000000000002, 3.777)",0.0203602325,3.761
"[3.777, 3.778)",0.02359780825,3.762
"[3.778, 3.779)",0.028721400000000005,3.763
"[3.779, 3.7800000000000002)",0.0029448643333333333,3.764
"[3.7800000000000002, 3.781)",0.0297915425,3.765
"[3.781, 3.782)",0.00598007,3.766
"[3.782, 3.783)",0.0018413932499999998,3.767
"[3.783, 3.7840000000000003)",0.0618832,3.768
"[3.785, 3.786)",0.010328457666666667,3.769
"[3.786, 3.787)",0.02019063,3.77
"[3.787, 3.7880000000000003)",0.0262952,3.771
"[3.7880000000000003, 3.789)",0.0350636,3.772
"[3.789, 3.79)",0.0412012,3.773
"[3.79, 3.791)",0.0107693475,3.774
"[3.791, 3.7920000000000003)",0.04886978,3.775
"[3.7920000000000003, 3.793)",0.000286862,3.776
"[3.793, 3.794)",0.00542635,3.777
"[3.794, 3.795)",0.018026138,3.778
"[3.795, 3.7960000000000003)",0.009109,3.779
"[3.7960000000000003, 3.797)",0.000540833,3.78
"[3.797, 3.798)",0.030932690000000002,3.781
"[3.798, 3.799)",0.0618407,3.782
"[3.799, 3.8000000000000003)",0.0333333,3.783
"[3.8000000000000003, 3.801)",0.0011212365,3.784
"[3.8040000000000003, 3.805)",0.13487679666666666,3.785
"[3.805, 3.806)",0.01104168325,3.786
"[3.806, 3.807)",0.00140453,3.787
"[3.807, 3.8080000000000003)",0.0121353,3.788
"[3.8080000000000003, 3.809)",0.01965275325,3.789
"[3.81, 3.811)",0.000646713,3.79
"[3.811, 3.8120000000000003)",0.008518766666666667,3.791
"[3.8120000000000003, 3.813)",0.038734247,3.792
"[3.813, 3.814)",0.00581949,3.793
"[3.814, 3.815)",0.008576667333333335,3.794
"[3.815, 3.8160000000000003)",0.0029473965,3.795
"[3.8160000000000003, 3.817)",0.012873406666666665,3.796
"[3.817, 3.818)",0.013476252,3.797
"[3.818, 3.819)",0.000540833,3.798
"[3.819, 3.8200000000000003)",0.03425075,3.799
"[3.821, 3.822)",0.002522933333333333,3.8
"[3.822, 3.823)",0.009178511,3.801
"[3.823, 3.8240000000000003)",0.014873162999999998,3.802
"[3.8240000000000003, 3.825)",0.015404217666666666,3.803
"[3.826, 3.827)",0.04375417,3.804
"[3.827, 3.8280000000000003)",0.009599173333333334,3.805
"[3.8280000000000003, 3.829)",0.0029242850000000004,3.806
"[3.829, 3.83)",0.0123896,3.807
"[3.83, 3.831)",0.0452899,3.808
"[3.831, 3.8320000000000003)",0.02784545,3.809
"[3.8320000000000003, 3.833)",0.0030062366666666666,3.81
"[3.833, 3.834)",0.017964733333333333,3.811
"[3.834, 3.835)",0.0064646239999999995,3.812
"[3.835, 3.8360000000000003)",0.01269794,3.813
"[3.8360000000000003, 3.837)",0.015594746666666668,3.814
"[3.839, 3.84)",0.00731707,3.815
"[3.841, 3.842)",0.0225188,3.816
"[3.842, 3.843)",0.017294320000000002,3.817
"[3.843, 3.844)",0.00249066,3.818
"[3.844, 3.845)",0.0913205,3.819
"[3.845, 3.846)",0.00252373,3.82
"[3.846, 3.847)",0.0011212365,3.821
"[3.847, 3.848)",0.00470689,3.822
"[3.849, 3.85)",0.0452149165,3.823
"[3.85, 3.851)",0.041763,3.824
"[3.851, 3.852)",0.000540833,3.825
"[3.852, 3.853)",0.0297738,3.826
"[3.853, 3.854)",0.0198131165,3.827
"[3.854, 3.855)",0.00170164,3.828
"[3.856, 3.857)",0.013822120299999999,3.829
"[3.86, 3.861)",0.00110742,3.83
"[3.863, 3.864)",0.09703480999999999,3.831
"[3.864, 3.865)",0.00560931,3.832
"[3.867, 3.868)",0.0108527,3.833
"[3.868, 3.869)",0.02535905,3.834
"[3.869, 3.87)",0.00110742,3.835
"[3.87, 3.871)",0.141341785,3.836
"[3.871, 3.872)",0.004381645,3.837
"[3.872, 3.873)",0.027018,3.838
"[3.873, 3.874)",0.018823009999999998,3.839
"[3.874, 3.875)",0.0837395,3.84
"[3.875, 3.876)",0.0009543395,3.841
"[3.876, 3.8770000000000002)",0.00589693,3.842
"[3.8770000000000002, 3.878)",0.00345125,3.843
"[3.878, 3.879)",0.01646156575,3.844
"[3.879, 3.88)",0.06004222333333333,3.845
"[3.88, 3.8810000000000002)",0.0024298215,3.846
"[3.883, 3.884)",0.0442623,3.847
"[3.884, 3.8850000000000002)",0.000373936,3.848
"[3.8850000000000002, 3.886)",0.0390854,3.849
"[3.887, 3.888)",0.0268064,3.85
"[3.888, 3.8890000000000002)",0.00110742,3.851
"[3.8890000000000002, 3.89)",0.007722966499999999,3.852
"[3.89, 3.891)",0.0033521645,3.853
"[3.8930000000000002, 3.894)",0.0714225,3.854
"[3.894, 3.895)",0.0162602,3.855
"[3.895, 3.896)",0.005843777666666667,3.856
"[3.896, 3.8970000000000002)",0.024801500000000004,3.857
"[3.8970000000000002, 3.898)",0.0055807007500000005,3.858
"[3.898, 3.899)",0.0102936,3.859
"[3.899, 3.9)",0.223915,3.86
"[3.903, 3.904)",0.00459526,3.861
"[3.904, 3.9050000000000002)",0.0240629,3.862
"[3.9050000000000002, 3.906)",0.018681925000000002,3.863
"[3.906, 3.907)",0.02346676,3.864
"[3.908, 3.9090000000000003)",0.000540833,3.865
"[3.9090000000000003, 3.91)",0.1521595,3.866
"[3.91, 3.911)",0.000540833,3.867
"[3.912, 3.9130000000000003)",0.00232558,3.868
"[3.9130000000000003, 3.914)",0.00224585,3.869
"[3.914, 3.915)",0.0591155,3.87
"[3.915, 3.916)",0.0365904,3.871
"[3.916, 3.9170000000000003)",0.03619715,3.872
"[3.918, 3.919)",0.032987,3.873
"[3.919, 3.92)",0.09922188575,3.874
"[3.9210000000000003, 3.922)",0.011684261,3.875
"[3.922, 3.923)",0.00909556,3.876
"[3.924, 3.9250000000000003)",0.038056792,3.877
"[3.9250000000000003, 3.926)",0.021311870333333333,3.878
"[3.926, 3.927)",0.00623936,3.879
"[3.928, 3.9290000000000003)",0.023737313333333333,3.88
"[3.9290000000000003, 3.93)",0.00678797,3.881
"[3.93, 3.931)",0.02808722,3.882
"[3.931, 3.932)",0.00110742,3.883
"[3.932, 3.9330000000000003)",0.00455574,3.884
"[3.9330000000000003, 3.934)",0.00643805,3.885
"[3.934, 3.935)",0.01044637,3.886
"[3.936, 3.9370000000000003)",0.013668,3.887
"[3.9370000000000003, 3.938)",0.008086027999999999,3.888
"[3.938, 3.939)",0.023814,3.889
"[3.939, 3.94)",0.00243262,3.89
"[3.94, 3.9410000000000003)",0.07280923333333333,3.891
"[3.9410000000000003, 3.942)",0.06871473,3.892
"[3.942, 3.943)",0.000376387,3.893
"[3.943, 3.944)",0.005414405,3.894
"[3.944, 3.9450000000000003)",0.0047619,3.895
"[3.9450000000000003, 3.946)",0.008543823333333334,3.896
"[3.946, 3.947)",0.0284238,3.897
"[3.947, 3.948)",0.0044060665,3.898
"[3.948, 3.9490000000000003)",0.03813092333333334,3.899
"[3.9490000000000003, 3.95)",0.011762686599999999,3.9
"[3.95, 3.951)",0.010770021500000001,3.901
"[3.951, 3.952)",0.027812370000000003,3.902
"[3.952, 3.9530000000000003)",0.002686805,3.903
"[3.9530000000000003, 3.954)",0.0014042015,3.904
"[3.954, 3.955)",0.04033223600000001,3.905
"[3.955, 3.956)",0.0169583,3.906
"[3.956, 3.9570000000000003)",0.0390854,3.907
"[3.9570000000000003, 3.958)",0.0007807197500000001,3.908
"[3.958, 3.959)",0.0125064386,3.909
"[3.959, 3.96)",0.005819814999999999,3.91
"[3.96, 3.9610000000000003)",0.022106525,3.911
"[3.9610000000000003, 3.962)",0.0009726815,3.912
"[3.962, 3.963)",0.00635314,3.913
"[3.963, 3.964)",0.10773867333333333,3.914
"[3.964, 3.9650000000000003)",0.0025321443333333332,3.915
"[3.9650000000000003, 3.966)",0.02984334,3.916
"[3.966, 3.967)",0.0014332065,3.917
"[3.967, 3.968)",0.488372,3.918
"[3.968, 3.969)",0.023008514328571428,3.919
"[3.969, 3.97)",0.006755143333333334,3.92
"[3.97, 3.971)",0.04864156260000001,3.921
"[3.971, 3.972)",0.0038234700000000003,3.922
"[3.972, 3.973)",0.006944878571428571,3.923
"[3.973, 3.974)",0.0063111791,3.924
"[3.974, 3.975)",0.09690672,3.925
"[3.975, 3.976)",0.00764789,3.926
"[3.976, 3.977)",0.032054726,3.927
"[3.977, 3.978)",0.01755908215,3.928
"[3.978, 3.979)",0.17312639999999999,3.929
"[3.979, 3.98)",0.00849724,3.93
"[3.98, 3.981)",0.0016694886666666668,3.931
"[3.981, 3.982)",0.0142068265,3.932
"[3.982, 3.983)",0.017732805,3.933
"[3.983, 3.984)",0.03256225725,3.934
"[3.985, 3.986)",0.017309277666666668,3.935
"[3.986, 3.987)",0.00681398,3.936
"[3.987, 3.988)",0.0032607066666666667,3.937
"[3.988, 3.989)",0.000390854,3.938
"[3.989, 3.99)",0.005272103333333333,3.939
"[3.991, 3.992)",0.08475793333333333,3.94
"[3.992, 3.993)",0.000390854,3.941
"[3.993, 3.994)",0.002786990333333333,3.942
"[3.996, 3.997)",0.00170164,3.943
"[3.997, 3.998)",0.006425381666666667,3.944
"[3.998, 3.999)",0.08212105,3.945
"[4.001, 4.002)",0.00170164,3.946
"[4.002, 4.003)",0.062869085,3.947
"[4.003, 4.0040000000000004)",0.000540833,3.948
"[4.005, 4.006)",0.00388327,3.949
"[4.006, 4.007)",0.04372006666666667,3.95
"[4.008, 4.009)",0.012702953333333331,3.951
"[4.009, 4.01)",0.0284238,3.952
"[4.01, 4.011)",0.022808605,3.953
"[4.011, 4.0120000000000005)",0.008997621,3.954
"[4.0120000000000005, 4.013)",0.015294761666666665,3.955
"[4.013, 4.014)",0.0139483,3.956
"[4.014, 4.015)",0.04010996666666667,3.957
"[4.015, 4.016)",0.012104290000000002,3.958
"[4.017, 4.018)",0.061869256000000004,3.959
"[4.018, 4.019)",0.006838739999999999,3.96
"[4.019, 4.0200000000000005)",0.020211744333333333,3.961
"[4.0200000000000005, 4.021)",0.0035118533333333333,3.962
"[4.021, 4.022)",0.0036129,3.963
"[4.022, 4.023)",0.2029657892,3.964
"[4.023, 4.024)",0.00685025,3.965
"[4.024, 4.025)",0.00589693,3.966
"[4.025, 4.026)",0.064419165,3.967
"[4.027, 4.0280000000000005)",0.00623936,3.968
"[4.0280000000000005, 4.029)",0.00447511,3.969
"[4.029, 4.03)",0.00249204,3.97
"[4.03, 4.031)",0.03421705,3.971
"[4.031, 4.032)",0.02137203,3.972
"[4.032, 4.033)",0.0645048,3.973
"[4.033, 4.034)",0.000898293,3.974
"[4.034, 4.035)",0.0150479,3.975
"[4.035, 4.0360000000000005)",0.0729302,3.976
"[4.0360000000000005, 4.037)",0.0360315,3.977
"[4.037, 4.038)",0.06864046666666666,3.978
"[4.038, 4.039)",0.049523,3.979
"[4.04, 4.041)",0.0122239,3.98
"[4.042, 4.043)",0.0021064015,3.981
"[4.043, 4.0440000000000005)",0.01734432,3.982
"[4.046, 4.047)",0.04682603333333333,3.983
"[4.048, 4.049)",0.0342501,3.984
"[4.049, 4.05)",0.02810950333333333,3.985
"[4.05, 4.051)",0.01221438,3.986
"[4.051, 4.0520000000000005)",0.00177491,3.987
"[4.054, 4.055)",0.000540833,3.988
"[4.055, 4.056)",0.013442915,3.989
"[4.056, 4.057)",0.03368548,3.99
"[4.057, 4.058)",0.5002704165,3.991
"[4.058, 4.059)",0.005263675000000001,3.992
"[4.059, 4.0600000000000005)",0.00820422,3.993
"[4.062, 4.063)",0.0147333,3.994
"[4.063, 4.064)",0.0,3.995
"[4.064, 4.065)",0.03206519,3.996
"[4.065, 4.066)",0.00232558,3.997
"[4.067, 4.0680000000000005)",0.012431076666666666,3.998
"[4.0680000000000005, 4.069)",0.00289178,3.999
"[4.07, 4.071)",0.08969645,4.0
"[4.071, 4.072)",0.042418468,4.001
"[4.073, 4.074)",0.0317295,4.002
"[4.074, 4.075)",0.00598007,4.003
"[4.075, 4.0760000000000005)",0.018572187666666667,4.004
"[4.0760000000000005, 4.077)",0.013617863333333332,4.005
"[4.077, 4.078)",0.017721493333333335,4.006
"[4.078, 4.079)",0.0039467,4.007
"[4.079, 4.08)",0.00170164,4.008
"[4.08, 4.081)",0.003513856666666667,4.009
"[4.081, 4.082)",0.0219321,4.01
"[4.082, 4.083)",0.0145352565,4.011
"[4.083, 4.0840000000000005)",0.0071919665,4.012
"[4.0840000000000005, 4.085)",0.011678125666666669,4.013
"[4.085, 4.086)",0.012474495,4.014
"[4.086, 4.087)",0.019160091333333334,4.015
"[4.087, 4.088)",0.011901140000000001,4.016
"[4.088, 4.089)",0.023664753333333333,4.017
"[4.089, 4.09)",0.0110171582,4.018
"[4.09, 4.091)",0.00231117,4.019
"[4.091, 4.0920000000000005)",0.00367197,4.02
"[4.0920000000000005, 4.093)",0.003962572,4.021
"[4.093, 4.094)",0.008603836666666668,4.022
"[4.094, 4.095)",0.00885646,4.023
"[4.095, 4.096)",0.007688110000000001,4.024
"[4.096, 4.097)",0.0165356875,4.025
"[4.097, 4.098)",0.0040399875,4.026
"[4.098, 4.099)",0.026179933333333332,4.027
"[4.099, 4.1)",0.018267693999999998,4.028
"[4.1, 4.101)",0.0011212365,4.029
"[4.101, 4.102)",0.001254593,4.03
"[4.102, 4.103)",0.08194566666666667,4.031
"[4.103, 4.104)",0.007609433333333333,4.032
"[4.104, 4.105)",0.0030722,4.033
"[4.105, 4.106)",0.05869057766666666,4.034
"[4.106, 4.107)",0.0652214,4.035
"[4.107, 4.108)",0.004658242,4.036
"[4.108, 4.109)",0.007470191000000001,4.037
"[4.109, 4.11)",0.00185659535,4.038
"[4.11, 4.111)",0.08659348833333334,4.039
"[4.111, 4.112)",0.0015291606,4.04
"[4.112, 4.113)",0.0151714,4.041
"[4.113, 4.114)",0.0016117815,4.042
"[4.114, 4.115)",0.025002399999999998,4.043
"[4.115, 4.116)",0.00527832825,4.044
"[4.116, 4.117)",0.010899931000000002,4.045
"[4.117, 4.118)",0.009533533333333333,4.046
"[4.118, 4.119)",0.0673612832,4.047
"[4.119, 4.12)",0.00232558,4.048
"[4.121, 4.122)",0.00298151,4.049
"[4.122, 4.123)",0.0040298165,4.05
"[4.123, 4.124)",0.0174587,4.051
"[4.124, 4.125)",0.004831883333333333,4.052
"[4.125, 4.126)",0.012166650000000001,4.053
"[4.126, 4.127)",0.004531220999999999,4.054
"[4.1290000000000004, 4.13)",0.011943386666666667,4.055
"[4.13, 4.131)",0.0018495165,4.056
"[4.131, 4.132)",0.0058471675,4.057
"[4.132, 4.133)",0.044764151,4.058
"[4.133, 4.134)",0.017960411,4.059
"[4.134, 4.135)",0.062143213333333336,4.06
"[4.135, 4.136)",0.002324175,4.061
"[4.1370000000000005, 4.138)",0.0304295,4.062
"[4.138, 4.139)",0.0038717050000000005,4.063
"[4.139, 4.14)",0.011923467666666666,4.064
"[4.14, 4.141)",0.0427253,4.065
"[4.141, 4.142)",0.006117907499999999,4.066
"[4.142, 4.143)",0.007481885,4.067
"[4.143, 4.144)",0.172874,4.068
"[4.1450000000000005, 4.146)",0.0024702915,4.069
"[4.146, 4.147)",0.0883876,4.07
"[4.147, 4.148)",0.00170164,4.071
"[4.148, 4.149)",0.007934050750000001,4.072
"[4.149, 4.15)",0.00298151,4.073
"[4.15, 4.151)",0.0017165,4.074
"[4.151, 4.152)",0.029997184333333333,4.075
"[4.152, 4.1530000000000005)",0.00878244,4.076
"[4.1530000000000005, 4.154)",0.16007728999999998,4.077
"[4.155, 4.156)",0.026937747499999998,4.078
"[4.157, 4.158)",0.00348432,4.079
"[4.158, 4.159)",0.03764969333333333,4.08
"[4.159, 4.16)",0.00897272,4.081
"[4.16, 4.1610000000000005)",0.0188153,4.082
"[4.1610000000000005, 4.162)",0.0018065165000000002,4.083
"[4.162, 4.163)",0.005341750750000001,4.084
"[4.163, 4.164)",0.222181,4.085
"[4.165, 4.166)",0.004694746500000001,4.086
"[4.166, 4.167)",0.00764789,4.087
"[4.167, 4.168)",0.04704725666666667,4.088
"[4.168, 4.1690000000000005)",0.1363314175,4.089
"[4.1690000000000005, 4.17)",0.0105661392,4.09
"[4.171, 4.172)",0.118494755,4.091
"[4.172, 4.173)",0.0018937090000000001,4.092
"[4.173, 4.174)",0.247536,4.093
"[4.174, 4.175)",0.0059266200000000005,4.094
"[4.175, 4.176)",0.0017611715000000001,4.095
"[4.176, 4.1770000000000005)",0.007922203333333334,4.096
"[4.1770000000000005, 4.178)",0.0017611715000000001,4.097
"[4.178, 4.179)",0.0118366,4.098
"[4.18, 4.181)",0.018920410000000002,4.099
"[4.181, 4.182)",0.004036887666666667,4.1
"[4.182, 4.183)",0.0587119165,4.101
"[4.183, 4.184)",0.002389695,4.102
"[4.184, 4.1850000000000005)",0.0254970665,4.103
"[4.1850000000000005, 4.186)",0.01982046825,4.104
"[4.186, 4.187)",0.0038215,4.105
"[4.187, 4.188)",0.0015884015,4.106
"[4.188, 4.189)",0.010325971666666668,4.107
"[4.189, 4.19)",0.00110742,4.108
"[4.19, 4.191)",0.013340056,4.109
"[4.191, 4.192)",0.24549769,4.11
"[4.192, 4.1930000000000005)",0.00366181,4.111
"[4.194, 4.195)",0.052941075,4.112
"[4.195, 4.196)",0.04982765,4.113
"[4.196, 4.197)",0.12258532659999999,4.114
"[4.197, 4.198)",0.0386447,4.115
"[4.198, 4.199)",0.00170164,4.116
"[4.199, 4.2)",0.00607257825,4.117
"[4.2, 4.2010000000000005)",0.0052601865,4.118
"[4.2010000000000005, 4.202)",0.035860249999999996,4.119
"[4.202, 4.203)",0.00187802,4.12
"[4.203, 4.204)",0.020018763333333335,4.121
"[4.204, 4.205)",0.042992377666666665,4.122
"[4.205, 4.206)",0.02902109333333333,4.123
"[4.206, 4.207)",0.046371005,4.124
"[4.207, 4.208)",0.037448416,4.125
"[4.208, 4.2090000000000005)",0.00348432,4.126
"[4.2090000000000005, 4.21)",0.027617213599999996,4.127
"[4.21, 4.211)",0.06662691571428571,4.128
"[4.211, 4.212)",0.000434783,4.129
"[4.212, 4.213)",0.144795,4.13
"[4.213, 4.214)",0.00226228,4.131
"[4.214, 4.215)",0.019423972499999997,4.132
"[4.215, 4.216)",0.009116085,4.133
"[4.216, 4.2170000000000005)",0.008025427,4.134
"[4.2170000000000005, 4.218)",0.01752628,4.135
"[4.218, 4.219)",0.01628945,4.136
"[4.219, 4.22)",0.062017133333333335,4.137
"[4.22, 4.221)",0.000634994,4.138
"[4.221, 4.222)",0.050660551600000006,4.139
"[4.222, 4.223)",0.01577219,4.14
"[4.223, 4.224)",0.0124368,4.141
"[4.224, 4.225)",0.0397578575,4.142
"[4.225, 4.226)",0.0058746125,4.143
"[4.226, 4.227)",0.001122850725,4.144
"[4.227, 4.228)",0.0202029,4.145
"[4.228, 4.229)",0.06133693099999999,4.146
"[4.229, 4.23)",0.02965232,4.147
"[4.23, 4.231)",0.002355493,4.148
"[4.231, 4.232)",0.0011107515,4.149
"[4.233, 4.234)",0.01038288,4.15
"[4.234, 4.235)",0.060526546666666674,4.151
"[4.235, 4.236)",0.0648662,4.152
"[4.236, 4.237)",0.0029293423333333333,4.153
"[4.238, 4.239)",0.0504533,4.154
"[4.239, 4.24)",0.032619916666666665,4.155
"[4.24, 4.241)",0.01132639,4.156
"[4.241, 4.242)",0.00965429018,4.157
"[4.242, 4.243)",0.14435615,4.158
"[4.245, 4.246)",0.019043519999999998,4.159
"[4.246, 4.247)",0.0162037,4.16
"[4.247, 4.248)",0.000540833,4.161
"[4.248, 4.249)",0.0145278,4.162
"[4.249, 4.25)",0.04681555,4.163
"[4.25, 4.251)",0.03686647333333334,4.164
"[4.252, 4.253)",0.00656814,4.165
"[4.253, 4.2540000000000004)",0.010219308666666668,4.166
"[4.255, 4.256)",0.0067683633333333335,4.167
"[4.256, 4.257)",0.00804094,4.168
"[4.257, 4.258)",0.03845465,4.169
"[4.258, 4.259)",0.00789757,4.17
"[4.259, 4.26)",0.0441197,4.171
"[4.26, 4.261)",0.06855291000000001,4.172
"[4.261, 4.2620000000000005)",0.00456121,4.173
"[4.2620000000000005, 4.263)",0.0048648565,4.174
"[4.263, 4.264)",0.002755665,4.175
"[4.264, 4.265)",0.02144265,4.176
"[4.265, 4.266)",0.0107698,4.177
"[4.266, 4.267)",0.116883,4.178
"[4.267, 4.268)",0.00763321,4.179
"[4.268, 4.269)",0.0210080675,4.18
"[4.269, 4.2700000000000005)",0.02507698866666667,4.181
"[4.2700000000000005, 4.271)",0.00653595,4.182
"[4.271, 4.272)",0.01704125,4.183
"[4.272, 4.273)",0.0149801286,4.184
"[4.273, 4.274)",0.00130233,4.185
"[4.275, 4.276)",0.00535396,4.186
"[4.276, 4.277)",0.09377105,4.187
"[4.2780000000000005, 4.279)",0.0493233,4.188
"[4.279, 4.28)",0.0458333,4.189
"[4.281, 4.282)",0.047507946499999995,4.19
"[4.282, 4.283)",0.038140216500000004,4.191
"[4.283, 4.284)",0.24812,4.192
"[4.284, 4.285)",0.0150479,4.193
"[4.285, 4.2860000000000005)",0.03212687,4.194
"[4.287, 4.288)",0.00644641,4.195
"[4.288, 4.289)",0.0057719435000000005,4.196
"[4.29, 4.291)",0.011324905,4.197
"[4.292, 4.293)",0.0275689,4.198
"[4.293, 4.2940000000000005)",0.0103633425,4.199
"[4.295, 4.296)",0.0397373,4.2
"[4.296, 4.297)",0.03666009625,4.201
"[4.297, 4.298)",0.00255349,4.202
"[4.298, 4.299)",0.1114136,4.203
"[4.299, 4.3)",0.00170164,4.204
"[4.3, 4.301)",0.011403877666666666,4.205
"[4.301, 4.3020000000000005)",0.02690205766666667,4.206
"[4.3020000000000005, 4.303)",0.000540833,4.207
"[4.303, 4.304)",0.005538546666666667,4.208
"[4.304, 4.305)",0.0601135,4.209
"[4.306, 4.307)",0.00764789,4.21
"[4.307, 4.308)",0.030036395,4.211
"[4.308, 4.309)",0.00452489,4.212
"[4.309, 4.3100000000000005)",0.005126594999999999,4.213
"[4.3100000000000005, 4.311)",0.0219321,4.214
"[4.311, 4.312)",0.00110742,4.215
"[4.312, 4.313)",0.008923094999999999,4.216
"[4.313, 4.314)",0.023161533333333335,4.217
"[4.314, 4.315)",0.07644775000000001,4.218
"[4.315, 4.316)",0.010699296666666665,4.219
"[4.316, 4.317)",0.00110409,4.22
"[4.317, 4.3180000000000005)",0.0347699,4.221
"[4.3180000000000005, 4.319)",0.027210949999999998,4.222
"[4.319, 4.32)",0.0147333,4.223
"[4.32, 4.321)",0.030317593599999998,4.224
"[4.321, 4.322)",0.032730300000000004,4.225
"[4.322, 4.323)",0.041296825,4.226
"[4.323, 4.324)",0.014338416666666666,4.227
"[4.324, 4.325)",0.00918888,4.228
"[4.325, 4.3260000000000005)",0.050081062499999995,4.229
"[4.3260000000000005, 4.327)",0.02016676042857143,4.23
"[4.327, 4.328)",0.008497676666666667,4.231
"[4.328, 4.329)",0.08114,4.232
"[4.329, 4.33)",0.018027248,4.233
"[4.33, 4.331)",0.008104783333333334,4.234
"[4.331, 4.332)",0.018911558250000002,4.235
"[4.332, 4.333)",0.0017744470000000002,4.236
"[4.333, 4.3340000000000005)",0.011314142499999999,4.237
"[4.3340000000000005, 4.335)",0.06473625883333332,4.238
"[4.335, 4.336)",0.00492219,4.239
"[4.336, 4.337)",0.11085200666666666,4.24
"[4.337, 4.338)",0.024885636,4.241
"[4.338, 4.339)",0.012411176000000001,4.242
"[4.339, 4.34)",0.04510481999999999,4.243
"[4.34, 4.341)",0.0275362,4.244
"[4.341, 4.3420000000000005)",0.066679435,4.245
"[4.3420000000000005, 4.343)",0.05513571816666666,4.246
"[4.343, 4.344)",0.007226141199999999,4.247
"[4.344, 4.345)",0.03055145,4.248
"[4.345, 4.346)",0.00110409,4.249
"[4.346, 4.347)",0.0009215815,4.25
"[4.347, 4.348)",0.01074647,4.251
"[4.349, 4.3500000000000005)",0.0444747,4.252
"[4.3500000000000005, 4.351)",0.07253065,4.253
"[4.351, 4.352)",0.003362665,4.254
"[4.352, 4.353)",0.0563367,4.255
"[4.353, 4.354)",0.02698179,4.256
"[4.354, 4.355)",0.06323964659999999,4.257
"[4.356, 4.357)",0.0520325,4.258
"[4.357, 4.358)",7.74293e-5,4.259
"[4.358, 4.359)",0.00846299,4.26
"[4.359, 4.36)",0.00170164,4.261
"[4.36, 4.361)",0.00170164,4.262
"[4.361, 4.362)",0.018319646666666665,4.263
"[4.362, 4.363)",0.020354310999999996,4.264
"[4.363, 4.364)",0.00439975,4.265
"[4.365, 4.366)",0.03407205,4.266
"[4.367, 4.368)",0.04238282333333334,4.267
"[4.368, 4.369)",0.00764789,4.268
"[4.369, 4.37)",0.0319403,4.269
"[4.371, 4.372)",0.0219321,4.27
"[4.373, 4.374)",0.00170164,4.271
"[4.374, 4.375)",0.041321566500000004,4.272
"[4.375, 4.376)",0.04203243,4.273
"[4.3790000000000004, 4.38)",0.0059266200000000005,4.274
"[4.381, 4.382)",0.317829,4.275
"[4.382, 4.383)",0.0161765,4.276
"[4.383, 4.384)",0.07582265,4.277
"[4.384, 4.385)",0.0068793,4.278
"[4.385, 4.386)",0.00110742,4.279
"[4.389, 4.39)",0.000540833,4.28
"[4.394, 4.3950000000000005)",0.00439975,4.281
"[4.3950000000000005, 4.396)",0.117114,4.282
"[4.398, 4.399)",0.00129336,4.283
"[4.405, 4.406)",0.00655933,4.284
"[4.41, 4.4110000000000005)",0.000164211,4.285
"[4.412, 4.413)",0.0148135,4.286
"[4.416, 4.417)",0.00516796,4.287
"[4.417, 4.418)",0.010222552000000001,4.288
"[4.4190000000000005, 4.42)",0.0147333,4.289
"[4.421, 4.422)",0.0534484,4.29
"[4.425, 4.426)",0.00938086,4.291
"[4.4270000000000005, 4.428)",0.00367197,4.292
"[4.428, 4.429)",0.00731707,4.293
"[4.431, 4.432)",0.0489073,4.294
"[4.433, 4.434)",0.0202429,4.295
"[4.434, 4.4350000000000005)",0.317829,4.296
"[4.436, 4.437)",0.0112918,4.297
"[4.438, 4.439)",0.174725,4.298
"[4.44, 4.441)",0.08788793333333333,4.299
"[4.442, 4.4430000000000005)",0.007819574999999999,4.3
"[4.4430000000000005, 4.444)",0.147287,4.301
"[4.444, 4.445)",0.024105,4.302
"[4.446, 4.447)",0.00535396,4.303
"[4.447, 4.448)",0.00683187,4.304
"[4.45, 4.4510000000000005)",0.09917440666666666,4.305
"[4.4510000000000005, 4.452)",0.0809703,4.306
"[4.452, 4.453)",0.0646972,4.307
"[4.454, 4.455)",0.0115533,4.308
"[4.458, 4.4590000000000005)",0.112281,4.309
"[4.472, 4.473)",0.0401401,4.31
"[4.487, 4.488)",0.00298151,4.311
"[4.496, 4.497)",0.000540833,4.312
"[4.5440000000000005, 4.545)",0.052597,4.313
"[4.555, 4.556)",0.0139483,4.314
"[4.571, 4.572)",0.0020544,4.315
"[4.587, 4.588)",0.0020544,4.316
"[4.599, 4.6000000000000005)",0.00367197,4.317
"[4.616, 4.617)",0.000540833,4.318
"[4.622, 4.623)",0.00367197,4.319
"[4.638, 4.639)",0.000540833,4.32
"[4.6530000000000005, 4.654)",0.147287,4.321
"[4.758, 4.759)",0.014651,4.322
