bin,R2_mean,dist
,0.05927556747413412,0.0
"[0.0, 0.001)",0.06961093452080688,0.001
"[0.001, 0.002)",0.06719664542655311,0.002
"[0.002, 0.003)",0.06785156420672149,0.003
"[0.003, 0.004)",0.06172587371386453,0.004
"[0.004, 0.005)",0.05537662708288917,0.005
"[0.005, 0.006)",0.0574404687896272,0.006
"[0.006, 0.007)",0.06273904402318446,0.007
"[0.007, 0.008)",0.05790487963665512,0.008
"[0.008, 0.009000000000000001)",0.05406970626742236,0.009
"[0.009000000000000001, 0.01)",0.048292013746425284,0.01
"[0.01, 0.011)",0.05408914002884515,0.011
"[0.011, 0.012)",0.05228322496070139,0.012
"[0.012, 0.013000000000000001)",0.047957493473592204,0.013
"[0.013000000000000001, 0.014)",0.04772257138614042,0.014
"[0.014, 0.015)",0.049266382514627415,0.015
"[0.015, 0.016)",0.050457045404401726,0.016
"[0.016, 0.017)",0.04974889395573691,0.017
"[0.017, 0.018000000000000002)",0.04636405589995679,0.018
"[0.018000000000000002, 0.019)",0.058680839859339,0.019
"[0.019, 0.02)",0.04750327484408436,0.02
"[0.02, 0.021)",0.049621450227619636,0.021
"[0.021, 0.022)",0.043780377212539724,0.022
"[0.022, 0.023)",0.041219042639733625,0.023
"[0.023, 0.024)",0.04409331420390392,0.024
"[0.024, 0.025)",0.04039719922624745,0.025
"[0.025, 0.026000000000000002)",0.04384430625110947,0.026
"[0.026000000000000002, 0.027)",0.04397660070995472,0.027
"[0.027, 0.028)",0.04465653012091683,0.028
"[0.028, 0.029)",0.04482323175799243,0.029
"[0.029, 0.03)",0.04809592647247443,0.03
"[0.03, 0.031)",0.04201741956294381,0.031
"[0.031, 0.032)",0.040863835416933544,0.032
"[0.032, 0.033)",0.036097596840453744,0.033
"[0.033, 0.034)",0.047047195273604354,0.034
"[0.034, 0.035)",0.042364374788999896,0.035
"[0.035, 0.036000000000000004)",0.044993544836437555,0.036
"[0.036000000000000004, 0.037)",0.04663040253299317,0.037
"[0.037, 0.038)",0.04953670592773389,0.038
"[0.038, 0.039)",0.044347744324468565,0.039
"[0.039, 0.04)",0.03855347755185503,0.04
"[0.04, 0.041)",0.04708277866201625,0.041
"[0.041, 0.042)",0.04608371712893134,0.042
"[0.042, 0.043000000000000003)",0.03688536810731463,0.043
"[0.043000000000000003, 0.044)",0.034707250834584355,0.044
"[0.044, 0.045)",0.04047862139919693,0.045
"[0.045, 0.046)",0.042078256211955496,0.046
"[0.046, 0.047)",0.0427484274770333,0.047
"[0.047, 0.048)",0.034321045084566584,0.048
"[0.048, 0.049)",0.036166636493504274,0.049
"[0.049, 0.05)",0.04086916650583004,0.05
"[0.05, 0.051000000000000004)",0.04104360545133208,0.051
"[0.051000000000000004, 0.052000000000000005)",0.03729223142469261,0.052
"[0.052000000000000005, 0.053)",0.034678788192107735,0.053
"[0.053, 0.054)",0.03691550799169849,0.054
"[0.054, 0.055)",0.052321029141330105,0.055
"[0.055, 0.056)",0.03874938008272545,0.056
"[0.056, 0.057)",0.04151215226999992,0.057
"[0.057, 0.058)",0.04044936013171226,0.058
"[0.058, 0.059000000000000004)",0.04118579469071292,0.059
"[0.059000000000000004, 0.06)",0.04292038375607073,0.06
"[0.06, 0.061)",0.03595571213411826,0.061
"[0.061, 0.062)",0.036548597816258875,0.062
"[0.062, 0.063)",0.043007546988554295,0.063
"[0.063, 0.064)",0.03750294359469247,0.064
"[0.064, 0.065)",0.041517074833551326,0.065
"[0.065, 0.066)",0.034944223311353564,0.066
"[0.066, 0.067)",0.034543653604222374,0.067
"[0.067, 0.068)",0.03930534088725178,0.068
"[0.068, 0.069)",0.037468634557492,0.069
"[0.069, 0.07)",0.03498063983896448,0.07
"[0.07, 0.07100000000000001)",0.05060348492752571,0.071
"[0.07100000000000001, 0.07200000000000001)",0.04161202835219286,0.072
"[0.07200000000000001, 0.073)",0.03971838142587669,0.073
"[0.073, 0.074)",0.04031015376349062,0.074
"[0.074, 0.075)",0.041535843649892275,0.075
"[0.075, 0.076)",0.03560738630720585,0.076
"[0.076, 0.077)",0.04345435155195407,0.077
"[0.077, 0.078)",0.04029248306606807,0.078
"[0.078, 0.079)",0.03661501979814514,0.079
"[0.079, 0.08)",0.03266354634142032,0.08
"[0.08, 0.081)",0.04162903898963822,0.081
"[0.081, 0.082)",0.03612987613936825,0.082
"[0.082, 0.083)",0.04175096599655753,0.083
"[0.083, 0.084)",0.04333556125371147,0.084
"[0.084, 0.085)",0.03728380660497509,0.085
"[0.085, 0.08600000000000001)",0.038948305530913586,0.086
"[0.08600000000000001, 0.08700000000000001)",0.04148072662996167,0.087
"[0.08700000000000001, 0.088)",0.032461402553795225,0.088
"[0.088, 0.089)",0.043197650118170616,0.089
"[0.089, 0.09)",0.046835397041635946,0.09
"[0.09, 0.091)",0.04177425122833139,0.091
"[0.091, 0.092)",0.045530583003651245,0.092
"[0.092, 0.093)",0.03411397750795226,0.093
"[0.093, 0.094)",0.04081654903936281,0.094
"[0.094, 0.095)",0.040476859062899266,0.095
"[0.095, 0.096)",0.036326345091858475,0.096
"[0.096, 0.097)",0.035533748692658206,0.097
"[0.097, 0.098)",0.042559590856736614,0.098
"[0.098, 0.099)",0.027542570067284004,0.099
"[0.099, 0.1)",0.04035402647313813,0.1
"[0.1, 0.101)",0.03460802308954379,0.101
"[0.101, 0.10200000000000001)",0.03810506051482716,0.102
"[0.10200000000000001, 0.10300000000000001)",0.03362609173456862,0.103
"[0.10300000000000001, 0.10400000000000001)",0.031519720742067284,0.104
"[0.10400000000000001, 0.105)",0.038221064888579764,0.105
"[0.105, 0.106)",0.03420779278637486,0.106
"[0.106, 0.107)",0.04040150271314897,0.107
"[0.107, 0.108)",0.03432996313221323,0.108
"[0.108, 0.109)",0.030845298374011915,0.109
"[0.109, 0.11)",0.04024514850621886,0.11
"[0.11, 0.111)",0.03850887885938561,0.111
"[0.111, 0.112)",0.03579440160102197,0.112
"[0.112, 0.113)",0.03688725602344957,0.113
"[0.113, 0.114)",0.03696838282767523,0.114
"[0.114, 0.115)",0.03636859906058664,0.115
"[0.115, 0.116)",0.034633381820865915,0.116
"[0.116, 0.117)",0.04147127726531125,0.117
"[0.117, 0.11800000000000001)",0.03503799984197822,0.118
"[0.11800000000000001, 0.11900000000000001)",0.0316981221664294,0.119
"[0.11900000000000001, 0.12)",0.04076273613831554,0.12
"[0.12, 0.121)",0.04503060223584106,0.121
"[0.121, 0.122)",0.032323875690834475,0.122
"[0.122, 0.123)",0.036914016168699076,0.123
"[0.123, 0.124)",0.034935554630727214,0.124
"[0.124, 0.125)",0.030122721408038976,0.125
"[0.125, 0.126)",0.03355891643577266,0.126
"[0.126, 0.127)",0.03528335296623375,0.127
"[0.127, 0.128)",0.038279101570888825,0.128
"[0.128, 0.129)",0.036695659974597235,0.129
"[0.129, 0.13)",0.03629651582084534,0.13
"[0.13, 0.131)",0.042444689018982615,0.131
"[0.131, 0.132)",0.04074858766792015,0.132
"[0.132, 0.133)",0.03477682716110827,0.133
"[0.133, 0.134)",0.039851922487716886,0.134
"[0.134, 0.135)",0.034394782691172375,0.135
"[0.135, 0.136)",0.03503035404239159,0.136
"[0.136, 0.137)",0.032524313177117535,0.137
"[0.137, 0.138)",0.03709128569313051,0.138
"[0.138, 0.139)",0.03895341082616199,0.139
"[0.139, 0.14)",0.037335361878419765,0.14
"[0.14, 0.14100000000000001)",0.046181348432877335,0.141
"[0.14100000000000001, 0.14200000000000002)",0.03706036675990214,0.142
"[0.14200000000000002, 0.14300000000000002)",0.033919559165888444,0.143
"[0.14300000000000002, 0.14400000000000002)",0.045174613500116506,0.144
"[0.14400000000000002, 0.145)",0.032395766267042596,0.145
"[0.145, 0.146)",0.0389213009956109,0.146
"[0.146, 0.147)",0.04463657982537477,0.147
"[0.147, 0.148)",0.03205730459923912,0.148
"[0.148, 0.149)",0.041319541731189215,0.149
"[0.149, 0.15)",0.03898320213601893,0.15
"[0.15, 0.151)",0.03850052713855137,0.151
"[0.151, 0.152)",0.035706033838921146,0.152
"[0.152, 0.153)",0.035990018394913066,0.153
"[0.153, 0.154)",0.03976866989012345,0.154
"[0.154, 0.155)",0.03851313403673211,0.155
"[0.155, 0.156)",0.03525507981752969,0.156
"[0.156, 0.157)",0.03604131260790383,0.157
"[0.157, 0.158)",0.03324806527717945,0.158
"[0.158, 0.159)",0.03381858730299476,0.159
"[0.159, 0.16)",0.029931038546549823,0.16
"[0.16, 0.161)",0.033533967502788226,0.161
"[0.161, 0.162)",0.03611394499604446,0.162
"[0.162, 0.163)",0.03148486540338158,0.163
"[0.163, 0.164)",0.033061574821940255,0.164
"[0.164, 0.165)",0.02775103864157438,0.165
"[0.165, 0.166)",0.03398793139356456,0.166
"[0.166, 0.167)",0.03039691649097746,0.167
"[0.167, 0.168)",0.030308211149399026,0.168
"[0.168, 0.169)",0.04094797540746987,0.169
"[0.169, 0.17)",0.03471045617234271,0.17
"[0.17, 0.171)",0.032693990581684935,0.171
"[0.171, 0.17200000000000001)",0.03431126871884937,0.172
"[0.17200000000000001, 0.17300000000000001)",0.03319050913891518,0.173
"[0.17300000000000001, 0.17400000000000002)",0.036725761185477525,0.174
"[0.17400000000000002, 0.17500000000000002)",0.036613612220644715,0.175
"[0.17500000000000002, 0.176)",0.03334587233305778,0.176
"[0.176, 0.177)",0.03869320626355525,0.177
"[0.177, 0.178)",0.028752953623160923,0.178
"[0.178, 0.179)",0.03259512620269636,0.179
"[0.179, 0.18)",0.027119346395405395,0.18
"[0.18, 0.181)",0.03195985973398127,0.181
"[0.181, 0.182)",0.030586618095499382,0.182
"[0.182, 0.183)",0.02969736466556652,0.183
"[0.183, 0.184)",0.03140583949357326,0.184
"[0.184, 0.185)",0.03575552668536583,0.185
"[0.185, 0.186)",0.038165360795050715,0.186
"[0.186, 0.187)",0.0322771371993511,0.187
"[0.187, 0.188)",0.03168926649018815,0.188
"[0.188, 0.189)",0.03599044270855977,0.189
"[0.189, 0.19)",0.03472063041920947,0.19
"[0.19, 0.191)",0.027532726788627716,0.191
"[0.191, 0.192)",0.029922036564133312,0.192
"[0.192, 0.193)",0.03909736961477428,0.193
"[0.193, 0.194)",0.030902245518573318,0.194
"[0.194, 0.195)",0.03454219678062329,0.195
"[0.195, 0.196)",0.036704893605788685,0.196
"[0.196, 0.197)",0.03554446506127924,0.197
"[0.197, 0.198)",0.02958076482727272,0.198
"[0.198, 0.199)",0.0331480938506082,0.199
"[0.199, 0.2)",0.033194347401539516,0.2
"[0.2, 0.201)",0.038051762169356976,0.201
"[0.201, 0.202)",0.0329217239071225,0.202
"[0.202, 0.203)",0.030989978069951178,0.203
"[0.203, 0.20400000000000001)",0.03383080150968658,0.204
"[0.20400000000000001, 0.20500000000000002)",0.03398596871678612,0.205
"[0.20500000000000002, 0.20600000000000002)",0.030156833923746417,0.206
"[0.20600000000000002, 0.20700000000000002)",0.03150993805223468,0.207
"[0.20700000000000002, 0.20800000000000002)",0.03007822194036218,0.208
"[0.20800000000000002, 0.209)",0.03886559197931172,0.209
"[0.209, 0.21)",0.04185706367479654,0.21
"[0.21, 0.211)",0.03559447732150939,0.211
"[0.211, 0.212)",0.03703671832401081,0.212
"[0.212, 0.213)",0.03395428134528948,0.213
"[0.213, 0.214)",0.03624998777270263,0.214
"[0.214, 0.215)",0.03614311681259943,0.215
"[0.215, 0.216)",0.03508132614261738,0.216
"[0.216, 0.217)",0.033316651452699214,0.217
"[0.217, 0.218)",0.026672352107078523,0.218
"[0.218, 0.219)",0.034728879624967485,0.219
"[0.219, 0.22)",0.03168035917322924,0.22
"[0.22, 0.221)",0.029718230946036,0.221
"[0.221, 0.222)",0.03658340087619659,0.222
"[0.222, 0.223)",0.03395575179479417,0.223
"[0.223, 0.224)",0.03382814217253464,0.224
"[0.224, 0.225)",0.03212748444426562,0.225
"[0.225, 0.226)",0.03471610106313777,0.226
"[0.226, 0.227)",0.032593058815358546,0.227
"[0.227, 0.228)",0.03700609492793922,0.228
"[0.228, 0.229)",0.030881023359305187,0.229
"[0.229, 0.23)",0.038686204465534745,0.23
"[0.23, 0.231)",0.03980533515406503,0.231
"[0.231, 0.232)",0.03424159232441331,0.232
"[0.232, 0.233)",0.0381439738911469,0.233
"[0.233, 0.234)",0.029875719850208024,0.234
"[0.234, 0.23500000000000001)",0.034835816131016,0.235
"[0.23500000000000001, 0.23600000000000002)",0.030678738018565684,0.236
"[0.23600000000000002, 0.23700000000000002)",0.03804705406784464,0.237
"[0.23700000000000002, 0.23800000000000002)",0.034223265904490055,0.238
"[0.23800000000000002, 0.23900000000000002)",0.03539743024985132,0.239
"[0.23900000000000002, 0.24)",0.03581000683678007,0.24
"[0.24, 0.241)",0.034310737006384824,0.241
"[0.241, 0.242)",0.03176101883109738,0.242
"[0.242, 0.243)",0.03591481722578289,0.243
"[0.243, 0.244)",0.03189696525479998,0.244
"[0.244, 0.245)",0.03206282981529095,0.245
"[0.245, 0.246)",0.03603308207060146,0.246
"[0.246, 0.247)",0.03125157220509902,0.247
"[0.247, 0.248)",0.02854900736188653,0.248
"[0.248, 0.249)",0.03436525359164649,0.249
"[0.249, 0.25)",0.03160696734340715,0.25
"[0.25, 0.251)",0.02968647882038413,0.251
"[0.251, 0.252)",0.02815973528622386,0.252
"[0.252, 0.253)",0.033490359409308064,0.253
"[0.253, 0.254)",0.03244060823226202,0.254
"[0.254, 0.255)",0.03373730290384925,0.255
"[0.255, 0.256)",0.02705383052098608,0.256
"[0.256, 0.257)",0.03091909125387499,0.257
"[0.257, 0.258)",0.03262934442391244,0.258
"[0.258, 0.259)",0.030174312567245596,0.259
"[0.259, 0.26)",0.03984616628973329,0.26
"[0.26, 0.261)",0.031233786606447496,0.261
"[0.261, 0.262)",0.03470582411088709,0.262
"[0.262, 0.263)",0.035994714464172274,0.263
"[0.263, 0.264)",0.03283015436882513,0.264
"[0.264, 0.265)",0.03240371098433015,0.265
"[0.265, 0.266)",0.03383204458600823,0.266
"[0.266, 0.267)",0.028097270710867744,0.267
"[0.267, 0.268)",0.03043376067594263,0.268
"[0.268, 0.269)",0.03407809177796098,0.269
"[0.269, 0.27)",0.03408816181525332,0.27
"[0.27, 0.271)",0.03679388973464137,0.271
"[0.271, 0.272)",0.032215097749575344,0.272
"[0.272, 0.273)",0.032660923809638524,0.273
"[0.273, 0.274)",0.040488604930769174,0.274
"[0.274, 0.275)",0.029623836537797564,0.275
"[0.275, 0.276)",0.03057125259554385,0.276
"[0.276, 0.277)",0.030800144380147464,0.277
"[0.277, 0.278)",0.035096629643503234,0.278
"[0.278, 0.279)",0.03604465001227336,0.279
"[0.279, 0.28)",0.03541271108060788,0.28
"[0.28, 0.281)",0.036477807697068015,0.281
"[0.281, 0.28200000000000003)",0.028764517710026676,0.282
"[0.28200000000000003, 0.28300000000000003)",0.039979841336908864,0.283
"[0.28300000000000003, 0.28400000000000003)",0.03172987550584957,0.284
"[0.28400000000000003, 0.28500000000000003)",0.026927924369181573,0.285
"[0.28500000000000003, 0.28600000000000003)",0.03173617234214182,0.286
"[0.28600000000000003, 0.28700000000000003)",0.027879059366066498,0.287
"[0.28700000000000003, 0.28800000000000003)",0.033077387397731646,0.288
"[0.28800000000000003, 0.289)",0.02690947944485844,0.289
"[0.289, 0.29)",0.030665816091416647,0.29
"[0.29, 0.291)",0.02700032523008367,0.291
"[0.291, 0.292)",0.04601699120591218,0.292
"[0.292, 0.293)",0.03540613246263075,0.293
"[0.293, 0.294)",0.03942891281856369,0.294
"[0.294, 0.295)",0.03378594132733916,0.295
"[0.295, 0.296)",0.03094892906974427,0.296
"[0.296, 0.297)",0.02686269762203875,0.297
"[0.297, 0.298)",0.030525537361082995,0.298
"[0.298, 0.299)",0.03495959361962208,0.299
"[0.299, 0.3)",0.03034560944957982,0.3
"[0.3, 0.301)",0.03666299733448269,0.301
"[0.301, 0.302)",0.031454122695136776,0.302
"[0.302, 0.303)",0.02681628480831429,0.303
"[0.303, 0.304)",0.028616898559578673,0.304
"[0.304, 0.305)",0.029826966871770916,0.305
"[0.305, 0.306)",0.03339375440397162,0.306
"[0.306, 0.307)",0.034931505403281264,0.307
"[0.307, 0.308)",0.027612579396590918,0.308
"[0.308, 0.309)",0.035602220515978715,0.309
"[0.309, 0.31)",0.031792558659215646,0.31
"[0.31, 0.311)",0.03443808900574552,0.311
"[0.311, 0.312)",0.02842716471444923,0.312
"[0.312, 0.313)",0.030683978571947688,0.313
"[0.313, 0.314)",0.030031624746710544,0.314
"[0.314, 0.315)",0.030487922695023165,0.315
"[0.315, 0.316)",0.02817766367613543,0.316
"[0.316, 0.317)",0.032166953798412015,0.317
"[0.317, 0.318)",0.035918471310494735,0.318
"[0.318, 0.319)",0.03611366159374998,0.319
"[0.319, 0.32)",0.03926685706022755,0.32
"[0.32, 0.321)",0.03847638752922963,0.321
"[0.321, 0.322)",0.032038727930320185,0.322
"[0.322, 0.323)",0.029988494994040406,0.323
"[0.323, 0.324)",0.03391816596689751,0.324
"[0.324, 0.325)",0.030243563042770746,0.325
"[0.325, 0.326)",0.034639047888454885,0.326
"[0.326, 0.327)",0.025568120833645163,0.327
"[0.327, 0.328)",0.03087488326411853,0.328
"[0.328, 0.329)",0.03512091633378267,0.329
"[0.329, 0.33)",0.03167066951196158,0.33
"[0.33, 0.331)",0.033619191894985655,0.331
"[0.331, 0.332)",0.033460986404056016,0.332
"[0.332, 0.333)",0.03220137817246634,0.333
"[0.333, 0.334)",0.02540744006845931,0.334
"[0.334, 0.335)",0.030107135090489255,0.335
"[0.335, 0.336)",0.027168459393205946,0.336
"[0.336, 0.337)",0.031011586134419327,0.337
"[0.337, 0.338)",0.02991501806365386,0.338
"[0.338, 0.339)",0.029227971476843636,0.339
"[0.339, 0.34)",0.03561725027127221,0.34
"[0.34, 0.341)",0.031195562563252042,0.341
"[0.341, 0.342)",0.03330993212030296,0.342
"[0.342, 0.343)",0.0328122767348529,0.343
"[0.343, 0.34400000000000003)",0.030215962838167954,0.344
"[0.34400000000000003, 0.34500000000000003)",0.030482608388317803,0.345
"[0.34500000000000003, 0.34600000000000003)",0.031125224267694675,0.346
"[0.34600000000000003, 0.34700000000000003)",0.02624230952404646,0.347
"[0.34700000000000003, 0.34800000000000003)",0.02460102657757346,0.348
"[0.34800000000000003, 0.34900000000000003)",0.03615925295788666,0.349
"[0.34900000000000003, 0.35000000000000003)",0.03491950137427185,0.35
"[0.35000000000000003, 0.35100000000000003)",0.028761349874162807,0.351
"[0.35100000000000003, 0.352)",0.029044531236629742,0.352
"[0.352, 0.353)",0.03782033143701844,0.353
"[0.353, 0.354)",0.03565339403256955,0.354
"[0.354, 0.355)",0.0276469068858506,0.355
"[0.355, 0.356)",0.03602873224668179,0.356
"[0.356, 0.357)",0.03104607725502394,0.357
"[0.357, 0.358)",0.034616436601314984,0.358
"[0.358, 0.359)",0.03892085899987213,0.359
"[0.359, 0.36)",0.026153053175707944,0.36
"[0.36, 0.361)",0.03286609533020045,0.361
"[0.361, 0.362)",0.03462696634845814,0.362
"[0.362, 0.363)",0.034935221934711456,0.363
"[0.363, 0.364)",0.027936036155468285,0.364
"[0.364, 0.365)",0.026280032979944606,0.365
"[0.365, 0.366)",0.03050586697447655,0.366
"[0.366, 0.367)",0.035914179183202215,0.367
"[0.367, 0.368)",0.027639944421613837,0.368
"[0.368, 0.369)",0.03390996896434312,0.369
"[0.369, 0.37)",0.028821628359115285,0.37
"[0.37, 0.371)",0.02804259502699054,0.371
"[0.371, 0.372)",0.03547318642198829,0.372
"[0.372, 0.373)",0.03216492695460995,0.373
"[0.373, 0.374)",0.0306603543983357,0.374
"[0.374, 0.375)",0.02849251809619445,0.375
"[0.375, 0.376)",0.029583831068882502,0.376
"[0.376, 0.377)",0.03362965581060125,0.377
"[0.377, 0.378)",0.03389317848984905,0.378
"[0.378, 0.379)",0.032165906007725314,0.379
"[0.379, 0.38)",0.029970914326638908,0.38
"[0.38, 0.381)",0.03471178740493462,0.381
"[0.381, 0.382)",0.03793234858401217,0.382
"[0.382, 0.383)",0.0281082843209857,0.383
"[0.383, 0.384)",0.02784723797197552,0.384
"[0.384, 0.385)",0.038247116778440754,0.385
"[0.385, 0.386)",0.03833535734316277,0.386
"[0.386, 0.387)",0.02829821016801844,0.387
"[0.387, 0.388)",0.03193131076170728,0.388
"[0.388, 0.389)",0.030707888185431388,0.389
"[0.389, 0.39)",0.03886955500353677,0.39
"[0.39, 0.391)",0.02962291862794245,0.391
"[0.391, 0.392)",0.02615443459822483,0.392
"[0.392, 0.393)",0.03359477427546009,0.393
"[0.393, 0.394)",0.028304364228315133,0.394
"[0.394, 0.395)",0.031483114958558565,0.395
"[0.395, 0.396)",0.02868993905661972,0.396
"[0.396, 0.397)",0.02643833091201927,0.397
"[0.397, 0.398)",0.03010334196127083,0.398
"[0.398, 0.399)",0.028862451780292484,0.399
"[0.399, 0.4)",0.026736170536324173,0.4
"[0.4, 0.401)",0.028513181176453073,0.401
"[0.401, 0.402)",0.025225744443535092,0.402
"[0.402, 0.403)",0.02983337597884959,0.403
"[0.403, 0.404)",0.02974472827366004,0.404
"[0.404, 0.405)",0.032921728820149224,0.405
"[0.405, 0.406)",0.029011503751136664,0.406
"[0.406, 0.40700000000000003)",0.027756900966478905,0.407
"[0.40700000000000003, 0.40800000000000003)",0.033328845757377025,0.408
"[0.40800000000000003, 0.40900000000000003)",0.03141865849819695,0.409
"[0.40900000000000003, 0.41000000000000003)",0.027383480665700136,0.41
"[0.41000000000000003, 0.41100000000000003)",0.029674438972771645,0.411
"[0.41100000000000003, 0.41200000000000003)",0.025943896227049974,0.412
"[0.41200000000000003, 0.41300000000000003)",0.030942994251397515,0.413
"[0.41300000000000003, 0.41400000000000003)",0.02619090858487139,0.414
"[0.41400000000000003, 0.41500000000000004)",0.03172346967194613,0.415
"[0.41500000000000004, 0.41600000000000004)",0.031065260385520356,0.416
"[0.41600000000000004, 0.417)",0.029056938322253093,0.417
"[0.417, 0.418)",0.028381517483858146,0.418
"[0.418, 0.419)",0.028962975080453944,0.419
"[0.419, 0.42)",0.03358820772024623,0.42
"[0.42, 0.421)",0.027120968917344872,0.421
"[0.421, 0.422)",0.026316019181661984,0.422
"[0.422, 0.423)",0.031237369478668585,0.423
"[0.423, 0.424)",0.030540247545810452,0.424
"[0.424, 0.425)",0.029520540983059868,0.425
"[0.425, 0.426)",0.03443901210154059,0.426
"[0.426, 0.427)",0.027308665138439728,0.427
"[0.427, 0.428)",0.031806506693258414,0.428
"[0.428, 0.429)",0.03053168505373415,0.429
"[0.429, 0.43)",0.031900073131129435,0.43
"[0.43, 0.431)",0.03040529772422682,0.431
"[0.431, 0.432)",0.028982871253823945,0.432
"[0.432, 0.433)",0.030333586175054494,0.433
"[0.433, 0.434)",0.03454152387948012,0.434
"[0.434, 0.435)",0.027395834664858017,0.435
"[0.435, 0.436)",0.03123906166116638,0.436
"[0.436, 0.437)",0.035550717459955986,0.437
"[0.437, 0.438)",0.03274336551020409,0.438
"[0.438, 0.439)",0.035055913771580474,0.439
"[0.439, 0.44)",0.03197712675326411,0.44
"[0.44, 0.441)",0.034507076453402424,0.441
"[0.441, 0.442)",0.030256954557817108,0.442
"[0.442, 0.443)",0.03195243467954347,0.443
"[0.443, 0.444)",0.033895605889085606,0.444
"[0.444, 0.445)",0.02419243992276317,0.445
"[0.445, 0.446)",0.029577406321067225,0.446
"[0.446, 0.447)",0.03049782483574805,0.447
"[0.447, 0.448)",0.0290820565039936,0.448
"[0.448, 0.449)",0.03332384976010103,0.449
"[0.449, 0.45)",0.033103321547874764,0.45
"[0.45, 0.451)",0.03060921318517998,0.451
"[0.451, 0.452)",0.03261757749242078,0.452
"[0.452, 0.453)",0.035468341578733034,0.453
"[0.453, 0.454)",0.033434272340939326,0.454
"[0.454, 0.455)",0.032250087280726154,0.455
"[0.455, 0.456)",0.033895428546898615,0.456
"[0.456, 0.457)",0.030041744656132092,0.457
"[0.457, 0.458)",0.027351530290688635,0.458
"[0.458, 0.459)",0.031193201265738105,0.459
"[0.459, 0.46)",0.02695063384775069,0.46
"[0.46, 0.461)",0.029877098517185202,0.461
"[0.461, 0.462)",0.029289023820909116,0.462
"[0.462, 0.463)",0.029179754636124013,0.463
"[0.463, 0.464)",0.026732599940878326,0.464
"[0.464, 0.465)",0.03063217975166668,0.465
"[0.465, 0.466)",0.031081609456065102,0.466
"[0.466, 0.467)",0.026513665916028054,0.467
"[0.467, 0.468)",0.034343380545438645,0.468
"[0.468, 0.46900000000000003)",0.024758215975419766,0.469
"[0.46900000000000003, 0.47000000000000003)",0.025345012016541785,0.47
"[0.47000000000000003, 0.47100000000000003)",0.02838379160574079,0.471
"[0.47100000000000003, 0.47200000000000003)",0.03150356138046514,0.472
"[0.47200000000000003, 0.47300000000000003)",0.0301349192511873,0.473
"[0.47300000000000003, 0.47400000000000003)",0.02645174827126249,0.474
"[0.47400000000000003, 0.47500000000000003)",0.026156464712295623,0.475
"[0.47500000000000003, 0.47600000000000003)",0.036195834871007,0.476
"[0.47600000000000003, 0.47700000000000004)",0.03601158604174349,0.477
"[0.47700000000000004, 0.47800000000000004)",0.026877478862003198,0.478
"[0.47800000000000004, 0.47900000000000004)",0.026055349503317584,0.479
"[0.47900000000000004, 0.48)",0.03451942106078632,0.48
"[0.48, 0.481)",0.03250918550949263,0.481
"[0.481, 0.482)",0.03225087552316871,0.482
"[0.482, 0.483)",0.03319395601330192,0.483
"[0.483, 0.484)",0.022745966268503982,0.484
"[0.484, 0.485)",0.03004745345316129,0.485
"[0.485, 0.486)",0.02828550644953102,0.486
"[0.486, 0.487)",0.030474826368840382,0.487
"[0.487, 0.488)",0.031096546626132465,0.488
"[0.488, 0.489)",0.03493840223240132,0.489
"[0.489, 0.49)",0.03182015931916821,0.49
"[0.49, 0.491)",0.024579007207053014,0.491
"[0.491, 0.492)",0.03076822114670545,0.492
"[0.492, 0.493)",0.02891539539298567,0.493
"[0.493, 0.494)",0.03378154970386024,0.494
"[0.494, 0.495)",0.025815116907508564,0.495
"[0.495, 0.496)",0.03783220442768957,0.496
"[0.496, 0.497)",0.028235648077482304,0.497
"[0.497, 0.498)",0.04125045136842973,0.498
"[0.498, 0.499)",0.027273478455477874,0.499
"[0.499, 0.5)",0.028273219168932093,0.5
"[0.5, 0.501)",0.03624032621088041,0.501
"[0.501, 0.502)",0.028412319502857167,0.502
"[0.502, 0.503)",0.031249104857483546,0.503
"[0.503, 0.504)",0.02491125650322584,0.504
"[0.504, 0.505)",0.028877113407488386,0.505
"[0.505, 0.506)",0.026639592128571456,0.506
"[0.506, 0.507)",0.028300203182890383,0.507
"[0.507, 0.508)",0.026889689615818772,0.508
"[0.508, 0.509)",0.024991887939661336,0.509
"[0.509, 0.51)",0.027377357649878246,0.51
"[0.51, 0.511)",0.034212728140305355,0.511
"[0.511, 0.512)",0.03056184888816001,0.512
"[0.512, 0.513)",0.026860366343613662,0.513
"[0.513, 0.514)",0.03066344571077167,0.514
"[0.514, 0.515)",0.028670366577833364,0.515
"[0.515, 0.516)",0.02824998064662097,0.516
"[0.516, 0.517)",0.03250608718665571,0.517
"[0.517, 0.518)",0.027937986014057527,0.518
"[0.518, 0.519)",0.030325488504465623,0.519
"[0.519, 0.52)",0.027740511200623073,0.52
"[0.52, 0.521)",0.028942729337920494,0.521
"[0.521, 0.522)",0.03669410672945765,0.522
"[0.522, 0.523)",0.03521060996299339,0.523
"[0.523, 0.524)",0.031796530798964925,0.524
"[0.524, 0.525)",0.03531543463573767,0.525
"[0.525, 0.526)",0.02930736568620309,0.526
"[0.526, 0.527)",0.027253584515562992,0.527
"[0.527, 0.528)",0.027409930623508823,0.528
"[0.528, 0.529)",0.033046963559259894,0.529
"[0.529, 0.53)",0.029044537761957548,0.53
"[0.53, 0.531)",0.029446315706677294,0.531
"[0.531, 0.532)",0.03851050435241443,0.532
"[0.532, 0.533)",0.027268834202054844,0.533
"[0.533, 0.534)",0.03120989786773378,0.534
"[0.534, 0.535)",0.031351836335281054,0.535
"[0.535, 0.536)",0.024717640104618147,0.536
"[0.536, 0.537)",0.03457785586812819,0.537
"[0.537, 0.538)",0.02741309298844833,0.538
"[0.538, 0.539)",0.030456261970967773,0.539
"[0.539, 0.54)",0.025195326237727324,0.54
"[0.54, 0.541)",0.03237949855199648,0.541
"[0.541, 0.542)",0.032736018170377384,0.542
"[0.542, 0.543)",0.03584738687747826,0.543
"[0.543, 0.544)",0.04068202907711108,0.544
"[0.544, 0.545)",0.035246898175640105,0.545
"[0.545, 0.546)",0.02480760275432102,0.546
"[0.546, 0.547)",0.0347493292634921,0.547
"[0.547, 0.548)",0.030353734216952113,0.548
"[0.548, 0.549)",0.026548073581957987,0.549
"[0.549, 0.55)",0.031320870593453384,0.55
"[0.55, 0.551)",0.028296810030146616,0.551
"[0.551, 0.552)",0.025802930571006986,0.552
"[0.552, 0.553)",0.029154589280250852,0.553
"[0.553, 0.554)",0.024685292591406807,0.554
"[0.554, 0.555)",0.022816416663864074,0.555
"[0.555, 0.556)",0.0312919722748614,0.556
"[0.556, 0.557)",0.027851394397861842,0.557
"[0.557, 0.558)",0.02913687784890541,0.558
"[0.558, 0.559)",0.029861649149365628,0.559
"[0.559, 0.56)",0.03817554296223404,0.56
"[0.56, 0.561)",0.03296118244965156,0.561
"[0.561, 0.562)",0.03251738507937391,0.562
"[0.562, 0.5630000000000001)",0.030296592862661037,0.563
"[0.5630000000000001, 0.5640000000000001)",0.034426739013365064,0.564
"[0.5640000000000001, 0.5650000000000001)",0.03898805810634059,0.565
"[0.5650000000000001, 0.5660000000000001)",0.03370047913202844,0.566
"[0.5660000000000001, 0.5670000000000001)",0.031127784142650602,0.567
"[0.5670000000000001, 0.5680000000000001)",0.02757079522989697,0.568
"[0.5680000000000001, 0.5690000000000001)",0.02849737979038882,0.569
"[0.5690000000000001, 0.5700000000000001)",0.03482591640016665,0.57
"[0.5700000000000001, 0.5710000000000001)",0.03221279825761827,0.571
"[0.5710000000000001, 0.5720000000000001)",0.034963744987095174,0.572
"[0.5720000000000001, 0.5730000000000001)",0.023602940634704868,0.573
"[0.5730000000000001, 0.5740000000000001)",0.030477313473440557,0.574
"[0.5740000000000001, 0.5750000000000001)",0.03656396418058139,0.575
"[0.5750000000000001, 0.5760000000000001)",0.03601302685079223,0.576
"[0.5760000000000001, 0.577)",0.03459470250508975,0.577
"[0.577, 0.578)",0.03843809619164018,0.578
"[0.578, 0.579)",0.024525722241062826,0.579
"[0.579, 0.58)",0.03237557454528074,0.58
"[0.58, 0.581)",0.03373733035799648,0.581
"[0.581, 0.582)",0.03685736679625212,0.582
"[0.582, 0.583)",0.03037802162415631,0.583
"[0.583, 0.584)",0.03288548798692056,0.584
"[0.584, 0.585)",0.030297357949490178,0.585
"[0.585, 0.586)",0.027612800789507345,0.586
"[0.586, 0.587)",0.03557582288869572,0.587
"[0.587, 0.588)",0.029475470414688443,0.588
"[0.588, 0.589)",0.028670431347996846,0.589
"[0.589, 0.59)",0.029994420743754066,0.59
"[0.59, 0.591)",0.028787911537495978,0.591
"[0.591, 0.592)",0.034049059281366915,0.592
"[0.592, 0.593)",0.030109224124955803,0.593
"[0.593, 0.594)",0.02529292665950267,0.594
"[0.594, 0.595)",0.02988520956699837,0.595
"[0.595, 0.596)",0.031202469182631594,0.596
"[0.596, 0.597)",0.03888052933989637,0.597
"[0.597, 0.598)",0.03176917232109936,0.598
"[0.598, 0.599)",0.03708716126645766,0.599
"[0.599, 0.6)",0.032495579168737895,0.6
"[0.6, 0.601)",0.0321140485281536,0.601
"[0.601, 0.602)",0.028610954413587002,0.602
"[0.602, 0.603)",0.03498862868060496,0.603
"[0.603, 0.604)",0.03090029448675675,0.604
"[0.604, 0.605)",0.02870080271600006,0.605
"[0.605, 0.606)",0.026903289155758722,0.606
"[0.606, 0.607)",0.025871070254741755,0.607
"[0.607, 0.608)",0.03276551562301893,0.608
"[0.608, 0.609)",0.03026518612708999,0.609
"[0.609, 0.61)",0.024453747657576824,0.61
"[0.61, 0.611)",0.027130927201414825,0.611
"[0.611, 0.612)",0.03318947586792456,0.612
"[0.612, 0.613)",0.03365365459635738,0.613
"[0.613, 0.614)",0.03376333619261862,0.614
"[0.614, 0.615)",0.03171935694425531,0.615
"[0.615, 0.616)",0.03247635597177261,0.616
"[0.616, 0.617)",0.027258323320840657,0.617
"[0.617, 0.618)",0.029181310103198674,0.618
"[0.618, 0.619)",0.0300408478594419,0.619
"[0.619, 0.62)",0.03441412192328697,0.62
"[0.62, 0.621)",0.02841525622393172,0.621
"[0.621, 0.622)",0.027893134703386304,0.622
"[0.622, 0.623)",0.033123897480587264,0.623
"[0.623, 0.624)",0.03338363334342349,0.624
"[0.624, 0.625)",0.02467309833565867,0.625
"[0.625, 0.626)",0.02915087502703185,0.626
"[0.626, 0.627)",0.03337113447005574,0.627
"[0.627, 0.628)",0.02834148131416189,0.628
"[0.628, 0.629)",0.027486298382162207,0.629
"[0.629, 0.63)",0.03470482191658032,0.63
"[0.63, 0.631)",0.021971801409469725,0.631
"[0.631, 0.632)",0.03261117260217001,0.632
"[0.632, 0.633)",0.034491448340444486,0.633
"[0.633, 0.634)",0.026934178634435684,0.634
"[0.634, 0.635)",0.03125963214641356,0.635
"[0.635, 0.636)",0.030049226342285774,0.636
"[0.636, 0.637)",0.02583785183558191,0.637
"[0.637, 0.638)",0.028669590532751994,0.638
"[0.638, 0.639)",0.02802047095185954,0.639
"[0.639, 0.64)",0.0312975845181633,0.64
"[0.64, 0.641)",0.02749758190831647,0.641
"[0.641, 0.642)",0.027281735060041046,0.642
"[0.642, 0.643)",0.028193725707098174,0.643
"[0.643, 0.644)",0.03900160847680895,0.644
"[0.644, 0.645)",0.027320870004896483,0.645
"[0.645, 0.646)",0.02685799091139244,0.646
"[0.646, 0.647)",0.030354390877406726,0.647
"[0.647, 0.648)",0.026632157787872795,0.648
"[0.648, 0.649)",0.028512585903827214,0.649
"[0.649, 0.65)",0.033556763272519094,0.65
"[0.65, 0.651)",0.030981807680342303,0.651
"[0.651, 0.652)",0.02794733600338268,0.652
"[0.652, 0.653)",0.02971654168280397,0.653
"[0.653, 0.654)",0.0304582256304094,0.654
"[0.654, 0.655)",0.032262078623014785,0.655
"[0.655, 0.656)",0.03412494098093459,0.656
"[0.656, 0.657)",0.030137441728290817,0.657
"[0.657, 0.658)",0.026888583362857172,0.658
"[0.658, 0.659)",0.031173548258507718,0.659
"[0.659, 0.66)",0.03748757940418255,0.66
"[0.66, 0.661)",0.027170624002476218,0.661
"[0.661, 0.662)",0.030606227720128738,0.662
"[0.662, 0.663)",0.03399332992749495,0.663
"[0.663, 0.664)",0.02239519619462303,0.664
"[0.664, 0.665)",0.033981661000857206,0.665
"[0.665, 0.666)",0.03473339483953904,0.666
"[0.666, 0.667)",0.035044023566019426,0.667
"[0.667, 0.668)",0.029689720718773974,0.668
"[0.668, 0.669)",0.028079648908190504,0.669
"[0.669, 0.67)",0.03225420981992192,0.67
"[0.67, 0.671)",0.03088541317309165,0.671
"[0.671, 0.672)",0.039047443340569775,0.672
"[0.672, 0.673)",0.02972206046151145,0.673
"[0.673, 0.674)",0.025942440626860266,0.674
"[0.674, 0.675)",0.025673927014905687,0.675
"[0.675, 0.676)",0.021197176151445087,0.676
"[0.676, 0.677)",0.03231967503647549,0.677
"[0.677, 0.678)",0.03448047314073816,0.678
"[0.678, 0.679)",0.022082349003839735,0.679
"[0.679, 0.68)",0.02852983313875001,0.68
"[0.68, 0.681)",0.030407423133238715,0.681
"[0.681, 0.682)",0.02985411070214432,0.682
"[0.682, 0.683)",0.029110497889626753,0.683
"[0.683, 0.684)",0.032527458429280016,0.684
"[0.684, 0.685)",0.036342325583584946,0.685
"[0.685, 0.686)",0.024690292705485103,0.686
"[0.686, 0.687)",0.02488268136374272,0.687
"[0.687, 0.6880000000000001)",0.035951315918545834,0.688
"[0.6880000000000001, 0.6890000000000001)",0.024902873423465734,0.689
"[0.6890000000000001, 0.6900000000000001)",0.03295294705852783,0.69
"[0.6900000000000001, 0.6910000000000001)",0.03044913979606304,0.691
"[0.6910000000000001, 0.6920000000000001)",0.033809423627029746,0.692
"[0.6920000000000001, 0.6930000000000001)",0.03428023617532927,0.693
"[0.6930000000000001, 0.6940000000000001)",0.02742811636336035,0.694
"[0.6940000000000001, 0.6950000000000001)",0.03566144874780956,0.695
"[0.6950000000000001, 0.6960000000000001)",0.03599900263000005,0.696
"[0.6960000000000001, 0.6970000000000001)",0.027624082144660236,0.697
"[0.6970000000000001, 0.6980000000000001)",0.02870561185200768,0.698
"[0.6980000000000001, 0.6990000000000001)",0.02700504352546071,0.699
"[0.6990000000000001, 0.7000000000000001)",0.03332155007860177,0.7
"[0.7000000000000001, 0.7010000000000001)",0.03406792418289707,0.701
"[0.7010000000000001, 0.7020000000000001)",0.034726436990128236,0.702
"[0.7020000000000001, 0.7030000000000001)",0.03367002525262209,0.703
"[0.7030000000000001, 0.704)",0.03680944999845473,0.704
"[0.704, 0.705)",0.0321060296694546,0.705
"[0.705, 0.706)",0.028084954475543544,0.706
"[0.706, 0.707)",0.027799380109800435,0.707
"[0.707, 0.708)",0.025123197803107927,0.708
"[0.708, 0.709)",0.02493857699921013,0.709
"[0.709, 0.71)",0.029699591019911712,0.71
"[0.71, 0.711)",0.02910365525985272,0.711
"[0.711, 0.712)",0.02679359439182008,0.712
"[0.712, 0.713)",0.03224708590751871,0.713
"[0.713, 0.714)",0.03251054633368873,0.714
"[0.714, 0.715)",0.0314060343956226,0.715
"[0.715, 0.716)",0.03194267593048019,0.716
"[0.716, 0.717)",0.02853125237500007,0.717
"[0.717, 0.718)",0.028617999402161122,0.718
"[0.718, 0.719)",0.03141192820711617,0.719
"[0.719, 0.72)",0.03615177732514397,0.72
"[0.72, 0.721)",0.025002827674472206,0.721
"[0.721, 0.722)",0.03317748509944958,0.722
"[0.722, 0.723)",0.028848826774952572,0.723
"[0.723, 0.724)",0.025202606315031344,0.724
"[0.724, 0.725)",0.029169101569042788,0.725
"[0.725, 0.726)",0.02937509152950106,0.726
"[0.726, 0.727)",0.02734817713412701,0.727
"[0.727, 0.728)",0.032289517612557314,0.728
"[0.728, 0.729)",0.028447784163882796,0.729
"[0.729, 0.73)",0.025883102686987573,0.73
"[0.73, 0.731)",0.03550019466134976,0.731
"[0.731, 0.732)",0.028699038577829655,0.732
"[0.732, 0.733)",0.035941170692871754,0.733
"[0.733, 0.734)",0.027670204013786018,0.734
"[0.734, 0.735)",0.028576015618273134,0.735
"[0.735, 0.736)",0.028500269798050745,0.736
"[0.736, 0.737)",0.03139226628627121,0.737
"[0.737, 0.738)",0.02895637420961605,0.738
"[0.738, 0.739)",0.02799247143824031,0.739
"[0.739, 0.74)",0.025297366988372136,0.74
"[0.74, 0.741)",0.03552284026505689,0.741
"[0.741, 0.742)",0.028573544461091272,0.742
"[0.742, 0.743)",0.02460719624110926,0.743
"[0.743, 0.744)",0.029531557894666712,0.744
"[0.744, 0.745)",0.029890604227053124,0.745
"[0.745, 0.746)",0.03356174733037041,0.746
"[0.746, 0.747)",0.03912022769310926,0.747
"[0.747, 0.748)",0.030448281811711757,0.748
"[0.748, 0.749)",0.03264082760720001,0.749
"[0.749, 0.75)",0.03186780870089286,0.75
"[0.75, 0.751)",0.030232650946969756,0.751
"[0.751, 0.752)",0.03048665296914598,0.752
"[0.752, 0.753)",0.027334634642733627,0.753
"[0.753, 0.754)",0.030083176908568883,0.754
"[0.754, 0.755)",0.03392799869232854,0.755
"[0.755, 0.756)",0.028551409284885792,0.756
"[0.756, 0.757)",0.02935032323554331,0.757
"[0.757, 0.758)",0.0326763574417423,0.758
"[0.758, 0.759)",0.030628463108089518,0.759
"[0.759, 0.76)",0.03063197316781613,0.76
"[0.76, 0.761)",0.032239172099831695,0.761
"[0.761, 0.762)",0.031223184785492273,0.762
"[0.762, 0.763)",0.02539118199000005,0.763
"[0.763, 0.764)",0.02861856173509097,0.764
"[0.764, 0.765)",0.03255400284269873,0.765
"[0.765, 0.766)",0.02890232864080466,0.766
"[0.766, 0.767)",0.02760759671089501,0.767
"[0.767, 0.768)",0.02915355876636695,0.768
"[0.768, 0.769)",0.029414759118199643,0.769
"[0.769, 0.77)",0.02397080934646038,0.77
"[0.77, 0.771)",0.02278223288961774,0.771
"[0.771, 0.772)",0.03195218359045069,0.772
"[0.772, 0.773)",0.029694888332000027,0.773
"[0.773, 0.774)",0.02673855035758836,0.774
"[0.774, 0.775)",0.03507526337010528,0.775
"[0.775, 0.776)",0.029850183055533677,0.776
"[0.776, 0.777)",0.03129507088432996,0.777
"[0.777, 0.778)",0.029408348493858007,0.778
"[0.778, 0.779)",0.03182811416043981,0.779
"[0.779, 0.78)",0.03177422599868136,0.78
"[0.78, 0.781)",0.02984534247681824,0.781
"[0.781, 0.782)",0.03180143707422912,0.782
"[0.782, 0.783)",0.03249274743926009,0.783
"[0.783, 0.784)",0.02826471672293525,0.784
"[0.784, 0.785)",0.029343856058958374,0.785
"[0.785, 0.786)",0.028509174433333367,0.786
"[0.786, 0.787)",0.028512273029740028,0.787
"[0.787, 0.788)",0.03224564341159139,0.788
"[0.788, 0.789)",0.029124974949919544,0.789
"[0.789, 0.79)",0.024948687819833032,0.79
"[0.79, 0.791)",0.030118039461428603,0.791
"[0.791, 0.792)",0.02761372586117138,0.792
"[0.792, 0.793)",0.029577142955869617,0.793
"[0.793, 0.794)",0.025502871240800935,0.794
"[0.794, 0.795)",0.025414791581034536,0.795
"[0.795, 0.796)",0.031269494197624224,0.796
"[0.796, 0.797)",0.029221951074565274,0.797
"[0.797, 0.798)",0.023688178306085175,0.798
"[0.798, 0.799)",0.02961757335670334,0.799
"[0.799, 0.8)",0.03479956855201318,0.8
"[0.8, 0.801)",0.028868078495075,0.801
"[0.801, 0.802)",0.026747192542905397,0.802
"[0.802, 0.803)",0.029059636731917554,0.803
"[0.803, 0.804)",0.026093030352338564,0.804
"[0.804, 0.805)",0.026998509310696642,0.805
"[0.805, 0.806)",0.027688021850635635,0.806
"[0.806, 0.807)",0.030321643292974283,0.807
"[0.807, 0.808)",0.03432541824869962,0.808
"[0.808, 0.809)",0.03637927794296132,0.809
"[0.809, 0.81)",0.02613794128993578,0.81
"[0.81, 0.811)",0.034669688428451945,0.811
"[0.811, 0.812)",0.029778893678150717,0.812
"[0.812, 0.8130000000000001)",0.0306131940225166,0.813
"[0.8130000000000001, 0.8140000000000001)",0.027516624061085147,0.814
"[0.8140000000000001, 0.8150000000000001)",0.02608382865484917,0.815
"[0.8150000000000001, 0.8160000000000001)",0.03250556386513324,0.816
"[0.8160000000000001, 0.8170000000000001)",0.036074190200689735,0.817
"[0.8170000000000001, 0.8180000000000001)",0.027608045851126122,0.818
"[0.8180000000000001, 0.8190000000000001)",0.027254789426168227,0.819
"[0.8190000000000001, 0.8200000000000001)",0.028122489538322026,0.82
"[0.8200000000000001, 0.8210000000000001)",0.030074099684648227,0.821
"[0.8210000000000001, 0.8220000000000001)",0.02887273490840906,0.822
"[0.8220000000000001, 0.8230000000000001)",0.027504772771743752,0.823
"[0.8230000000000001, 0.8240000000000001)",0.029813226717049925,0.824
"[0.8240000000000001, 0.8250000000000001)",0.02680458640841672,0.825
"[0.8250000000000001, 0.8260000000000001)",0.030013345848896398,0.826
"[0.8260000000000001, 0.8270000000000001)",0.03145827236930237,0.827
"[0.8270000000000001, 0.8280000000000001)",0.03258312043625871,0.828
"[0.8280000000000001, 0.8290000000000001)",0.026470462053215103,0.829
"[0.8290000000000001, 0.8300000000000001)",0.028117315623762386,0.83
"[0.8300000000000001, 0.8310000000000001)",0.02454998241428572,0.831
"[0.8310000000000001, 0.8320000000000001)",0.03464750075977533,0.832
"[0.8320000000000001, 0.833)",0.033294425132010586,0.833
"[0.833, 0.834)",0.026812566422139313,0.834
"[0.834, 0.835)",0.031159560870918382,0.835
"[0.835, 0.836)",0.024258142377083344,0.836
"[0.836, 0.837)",0.027575025649000048,0.837
"[0.837, 0.838)",0.028228372806491653,0.838
"[0.838, 0.839)",0.032494665,0.839
"[0.839, 0.84)",0.03218557574533507,0.84
"[0.84, 0.841)",0.037344683445098066,0.841
"[0.841, 0.842)",0.028466503837297288,0.842
"[0.842, 0.843)",0.030747719516748782,0.843
"[0.843, 0.844)",0.02833966070304569,0.844
"[0.844, 0.845)",0.030479516530179024,0.845
"[0.845, 0.846)",0.027781685596114002,0.846
"[0.846, 0.847)",0.03174436911238698,0.847
"[0.847, 0.848)",0.0295324962116787,0.848
"[0.848, 0.849)",0.024116510839230776,0.849
"[0.849, 0.85)",0.03211005352361449,0.85
"[0.85, 0.851)",0.02546151305651519,0.851
"[0.851, 0.852)",0.028204760535000026,0.852
"[0.852, 0.853)",0.028358030807379114,0.853
"[0.853, 0.854)",0.026312376731578952,0.854
"[0.854, 0.855)",0.027409133893867947,0.855
"[0.855, 0.856)",0.027816289729799524,0.856
"[0.856, 0.857)",0.026855944384473696,0.857
"[0.857, 0.858)",0.030115145376081436,0.858
"[0.858, 0.859)",0.031821118315159616,0.859
"[0.859, 0.86)",0.02852018756626509,0.86
"[0.86, 0.861)",0.030596653799326936,0.861
"[0.861, 0.862)",0.02529888536182049,0.862
"[0.862, 0.863)",0.02473421619750002,0.863
"[0.863, 0.864)",0.02977320944884134,0.864
"[0.864, 0.865)",0.029115114041546413,0.865
"[0.865, 0.866)",0.027042299408005184,0.866
"[0.866, 0.867)",0.03607825394734973,0.867
"[0.867, 0.868)",0.028392445719943045,0.868
"[0.868, 0.869)",0.035138374527624326,0.869
"[0.869, 0.87)",0.03425556369005241,0.87
"[0.87, 0.871)",0.02531275618057142,0.871
"[0.871, 0.872)",0.032713443486810566,0.872
"[0.872, 0.873)",0.02565846479754432,0.873
"[0.873, 0.874)",0.035414344804812876,0.874
"[0.874, 0.875)",0.02759368121926893,0.875
"[0.875, 0.876)",0.027844026503359605,0.876
"[0.876, 0.877)",0.03185353687594593,0.877
"[0.877, 0.878)",0.026096948875890414,0.878
"[0.878, 0.879)",0.030771713324739616,0.879
"[0.879, 0.88)",0.022343060260245885,0.88
"[0.88, 0.881)",0.026150088333668626,0.881
"[0.881, 0.882)",0.03122563539461541,0.882
"[0.882, 0.883)",0.027879486501136367,0.883
"[0.883, 0.884)",0.028338299687842076,0.884
"[0.884, 0.885)",0.026647592137302435,0.885
"[0.885, 0.886)",0.025441780907162523,0.886
"[0.886, 0.887)",0.030939298786581946,0.887
"[0.887, 0.888)",0.026513981063609488,0.888
"[0.888, 0.889)",0.03360264298360661,0.889
"[0.889, 0.89)",0.04325541826746671,0.89
"[0.89, 0.891)",0.0336765689566372,0.891
"[0.891, 0.892)",0.022216585310840118,0.892
"[0.892, 0.893)",0.02927340396246686,0.893
"[0.893, 0.894)",0.0354608754233943,0.894
"[0.894, 0.895)",0.025533431110530545,0.895
"[0.895, 0.896)",0.026819687428228222,0.896
"[0.896, 0.897)",0.024630472229745036,0.897
"[0.897, 0.898)",0.032423961577011544,0.898
"[0.898, 0.899)",0.03366788177264215,0.899
"[0.899, 0.9)",0.026560031398687685,0.9
"[0.9, 0.901)",0.02712463600267065,0.901
"[0.901, 0.902)",0.025070002190322606,0.902
"[0.902, 0.903)",0.02579841080182857,0.903
"[0.903, 0.904)",0.02613329529075146,0.904
"[0.904, 0.905)",0.033796894256804766,0.905
"[0.905, 0.906)",0.029848432182941174,0.906
"[0.906, 0.907)",0.02916587022527178,0.907
"[0.907, 0.908)",0.027655372943615156,0.908
"[0.908, 0.909)",0.034447010141408524,0.909
"[0.909, 0.91)",0.030064668728486656,0.91
"[0.91, 0.911)",0.02763858535119763,0.911
"[0.911, 0.912)",0.035597988976291836,0.912
"[0.912, 0.913)",0.03376857936570608,0.913
"[0.913, 0.914)",0.040485573638095275,0.914
"[0.914, 0.915)",0.032301760259581015,0.915
"[0.915, 0.916)",0.04162239257805241,0.916
"[0.916, 0.917)",0.03602362829717519,0.917
"[0.917, 0.918)",0.027561563059327235,0.918
"[0.918, 0.919)",0.03871243891215807,0.919
"[0.919, 0.92)",0.03067772834158731,0.92
"[0.92, 0.921)",0.03413393458780004,0.921
"[0.921, 0.922)",0.029814262503291923,0.922
"[0.922, 0.923)",0.03266765679537039,0.923
"[0.923, 0.924)",0.027808616841187496,0.924
"[0.924, 0.925)",0.03253129373218751,0.925
"[0.925, 0.926)",0.032922713816045765,0.926
"[0.926, 0.927)",0.02791213280420419,0.927
"[0.927, 0.928)",0.01854329594971673,0.928
"[0.928, 0.929)",0.030212874477258574,0.929
"[0.929, 0.93)",0.03225621267414968,0.93
"[0.93, 0.931)",0.026527597975827818,0.931
"[0.931, 0.932)",0.026165860923659297,0.932
"[0.932, 0.933)",0.02488297562460566,0.933
"[0.933, 0.934)",0.028098546507096783,0.934
"[0.934, 0.935)",0.02747778370851065,0.935
"[0.935, 0.936)",0.03358435147406145,0.936
"[0.936, 0.937)",0.03069348860097087,0.937
"[0.937, 0.9380000000000001)",0.022612089814233547,0.938
"[0.9380000000000001, 0.9390000000000001)",0.031126111201718206,0.939
"[0.9390000000000001, 0.9400000000000001)",0.027396431140035832,0.94
"[0.9400000000000001, 0.9410000000000001)",0.03651854684566102,0.941
"[0.9410000000000001, 0.9420000000000001)",0.02875358131314988,0.942
"[0.9420000000000001, 0.9430000000000001)",0.029184731626888213,0.943
"[0.9430000000000001, 0.9440000000000001)",0.025605029761451122,0.944
"[0.9440000000000001, 0.9450000000000001)",0.038496607284524656,0.945
"[0.9450000000000001, 0.9460000000000001)",0.030391378741260768,0.946
"[0.9460000000000001, 0.9470000000000001)",0.022792735285771262,0.947
"[0.9470000000000001, 0.9480000000000001)",0.03459219239410188,0.948
"[0.9480000000000001, 0.9490000000000001)",0.02614759162969695,0.949
"[0.9490000000000001, 0.9500000000000001)",0.027125844671388098,0.95
"[0.9500000000000001, 0.9510000000000001)",0.030930179080913972,0.951
"[0.9510000000000001, 0.9520000000000001)",0.029664190639769446,0.952
"[0.9520000000000001, 0.9530000000000001)",0.024749454958579886,0.953
"[0.9530000000000001, 0.9540000000000001)",0.028666894667560325,0.954
"[0.9540000000000001, 0.9550000000000001)",0.02572117452857143,0.955
"[0.9550000000000001, 0.9560000000000001)",0.029970710682121208,0.956
"[0.9560000000000001, 0.9570000000000001)",0.030719071017333337,0.957
"[0.9570000000000001, 0.9580000000000001)",0.022614527691167195,0.958
"[0.9580000000000001, 0.9590000000000001)",0.02843623170685714,0.959
"[0.9590000000000001, 0.96)",0.029349285257473295,0.96
"[0.96, 0.961)",0.03291078522309679,0.961
"[0.961, 0.962)",0.028478156218411776,0.962
"[0.962, 0.963)",0.026349982389463084,0.963
"[0.963, 0.964)",0.026172870074110437,0.964
"[0.964, 0.965)",0.02923950634198718,0.965
"[0.965, 0.966)",0.030505987477777812,0.966
"[0.966, 0.967)",0.022700849167261894,0.967
"[0.967, 0.968)",0.026599096222674416,0.968
"[0.968, 0.969)",0.031942236254848516,0.969
"[0.969, 0.97)",0.026611994370550167,0.97
"[0.97, 0.971)",0.026858428042105288,0.971
"[0.971, 0.972)",0.029444039988544907,0.972
"[0.972, 0.973)",0.03322044385034019,0.973
"[0.973, 0.974)",0.021504584063252986,0.974
"[0.974, 0.975)",0.03149132204005309,0.975
"[0.975, 0.976)",0.0230951967592715,0.976
"[0.976, 0.977)",0.035659258488888936,0.977
"[0.977, 0.978)",0.032844302203910686,0.978
"[0.978, 0.979)",0.026801980621563373,0.979
"[0.979, 0.98)",0.02276924746832296,0.98
"[0.98, 0.981)",0.03212583903385874,0.981
"[0.981, 0.982)",0.030005297745762723,0.982
"[0.982, 0.983)",0.03226413524553316,0.983
"[0.983, 0.984)",0.02509292427095807,0.984
"[0.984, 0.985)",0.031597167101628694,0.985
"[0.985, 0.986)",0.03446774613209876,0.986
"[0.986, 0.987)",0.02583646166384838,0.987
"[0.987, 0.988)",0.029998516955374584,0.988
"[0.988, 0.989)",0.02264890467694351,0.989
"[0.989, 0.99)",0.026365128418000015,0.99
"[0.99, 0.991)",0.02750847716306306,0.991
"[0.991, 0.992)",0.038605695276859565,0.992
"[0.992, 0.993)",0.03142166834006735,0.993
"[0.993, 0.994)",0.029311087787426703,0.994
"[0.994, 0.995)",0.03357275980666667,0.995
"[0.995, 0.996)",0.031072187230721023,0.996
"[0.996, 0.997)",0.02502437558696969,0.997
"[0.997, 0.998)",0.026777986563961024,0.998
"[0.998, 0.999)",0.03325692022364219,0.999
"[0.999, 1.0)",0.030314893767469868,1.0
"[1.0, 1.0010000000000001)",0.025885988624770647,1.001
"[1.0010000000000001, 1.002)",0.03600669535451717,1.002
"[1.002, 1.0030000000000001)",0.024742310209876526,1.003
"[1.0030000000000001, 1.004)",0.02798971634126157,1.004
"[1.004, 1.0050000000000001)",0.03785128476937673,1.005
"[1.0050000000000001, 1.006)",0.03400615908798703,1.006
"[1.006, 1.0070000000000001)",0.03862654340124619,1.007
"[1.0070000000000001, 1.008)",0.026817460344268792,1.008
"[1.008, 1.0090000000000001)",0.027193207741562503,1.009
"[1.0090000000000001, 1.01)",0.025497387191970783,1.01
"[1.01, 1.0110000000000001)",0.03013816879697367,1.011
"[1.0110000000000001, 1.012)",0.030167064985478578,1.012
"[1.012, 1.0130000000000001)",0.023578369186021485,1.013
"[1.0130000000000001, 1.014)",0.03274191808456376,1.014
"[1.014, 1.0150000000000001)",0.02442934425013773,1.015
"[1.0150000000000001, 1.016)",0.023633198213733896,1.016
"[1.016, 1.0170000000000001)",0.036009973693249105,1.017
"[1.0170000000000001, 1.018)",0.03633546044127738,1.018
"[1.018, 1.0190000000000001)",0.02626649870390879,1.019
"[1.0190000000000001, 1.02)",0.02535150598537414,1.02
"[1.02, 1.0210000000000001)",0.029971690633219188,1.021
"[1.0210000000000001, 1.022)",0.029800653681826928,1.022
"[1.022, 1.0230000000000001)",0.02612174231199998,1.023
"[1.0230000000000001, 1.024)",0.028019019228040534,1.024
"[1.024, 1.025)",0.019241698957755765,1.025
"[1.025, 1.026)",0.025028233754411752,1.026
"[1.026, 1.027)",0.026489655163733337,1.027
"[1.027, 1.028)",0.05305537705910783,1.028
"[1.028, 1.029)",0.03283087934529613,1.029
"[1.029, 1.03)",0.024977715656491203,1.03
"[1.03, 1.031)",0.027204537862470103,1.031
"[1.031, 1.032)",0.023340994412307695,1.032
"[1.032, 1.033)",0.03451883031197081,1.033
"[1.033, 1.034)",0.034834159625214516,1.034
"[1.034, 1.035)",0.0242272503706093,1.035
"[1.035, 1.036)",0.02964097641530946,1.036
"[1.036, 1.037)",0.032947625481290335,1.037
"[1.037, 1.038)",0.02289896887015872,1.038
"[1.038, 1.039)",0.027279708350915744,1.039
"[1.039, 1.04)",0.03436490278371338,1.04
"[1.04, 1.041)",0.039422629961512044,1.041
"[1.041, 1.042)",0.03572414267686008,1.042
"[1.042, 1.043)",0.028940529854026818,1.043
"[1.043, 1.044)",0.03754616558761061,1.044
"[1.044, 1.045)",0.024576563099397583,1.045
"[1.045, 1.046)",0.029002338165830383,1.046
"[1.046, 1.047)",0.03309004926300354,1.047
"[1.047, 1.048)",0.028202658925783948,1.048
"[1.048, 1.049)",0.039986669698937695,1.049
"[1.049, 1.05)",0.022983787235494862,1.05
"[1.05, 1.051)",0.02277341096962962,1.051
"[1.051, 1.052)",0.03807771658602154,1.052
"[1.052, 1.053)",0.02848199721299212,1.053
"[1.053, 1.054)",0.03573500556806083,1.054
"[1.054, 1.055)",0.027133939227797832,1.055
"[1.055, 1.056)",0.032102759260714264,1.056
"[1.056, 1.057)",0.028251688784141783,1.057
"[1.057, 1.058)",0.030135523911075934,1.058
"[1.058, 1.059)",0.024985391473040006,1.059
"[1.059, 1.06)",0.02768591311030535,1.06
"[1.06, 1.061)",0.03438752332470817,1.061
"[1.061, 1.062)",0.024523974742499993,1.062
"[1.062, 1.063)",0.03948246283858267,1.063
"[1.063, 1.064)",0.02983039839578542,1.064
"[1.064, 1.065)",0.02816809941810344,1.065
"[1.065, 1.066)",0.026627230249173548,1.066
"[1.066, 1.067)",0.029913641812765943,1.067
"[1.067, 1.068)",0.023110653498765416,1.068
"[1.068, 1.069)",0.029726037681274884,1.069
"[1.069, 1.07)",0.03031507342197183,1.07
"[1.07, 1.071)",0.02987411844800811,1.071
"[1.071, 1.072)",0.03807000493875001,1.072
"[1.072, 1.073)",0.026721957522065718,1.073
"[1.073, 1.074)",0.03702343922664092,1.074
"[1.074, 1.075)",0.028633282981467178,1.075
"[1.075, 1.076)",0.03419883075042915,1.076
"[1.076, 1.077)",0.02522838288640927,1.077
"[1.077, 1.078)",0.023821875975423724,1.078
"[1.078, 1.079)",0.02902095968483752,1.079
"[1.079, 1.08)",0.03377125253127752,1.08
"[1.08, 1.081)",0.033993965027477445,1.081
"[1.081, 1.082)",0.03162304223703702,1.082
"[1.082, 1.083)",0.032311155497551,1.083
"[1.083, 1.084)",0.031278065995634916,1.084
"[1.084, 1.085)",0.03232337035325205,1.085
"[1.085, 1.086)",0.025826988090492962,1.086
"[1.086, 1.087)",0.03642712057418033,1.087
"[1.087, 1.088)",0.043862135433898275,1.088
"[1.088, 1.089)",0.033210706591596625,1.089
"[1.089, 1.09)",0.028642449525628156,1.09
"[1.09, 1.091)",0.028114675616438364,1.091
"[1.091, 1.092)",0.03175909804136362,1.092
"[1.092, 1.093)",0.023856765788738733,1.093
"[1.093, 1.094)",0.020170093587168137,1.094
"[1.094, 1.095)",0.0321907263716279,1.095
"[1.095, 1.096)",0.033372105190867585,1.096
"[1.096, 1.097)",0.02193041481666666,1.097
"[1.097, 1.098)",0.042816992838743455,1.098
"[1.098, 1.099)",0.03269975872410712,1.099
"[1.099, 1.1)",0.02679419970851064,1.1
"[1.1, 1.101)",0.03663997097710641,1.101
"[1.101, 1.102)",0.022954928986294643,1.102
"[1.102, 1.103)",0.037007509236497683,1.103
"[1.103, 1.104)",0.03219913928814433,1.104
"[1.104, 1.105)",0.02412158104474886,1.105
"[1.105, 1.106)",0.02245865630306122,1.106
"[1.106, 1.107)",0.027737163839378236,1.107
"[1.107, 1.108)",0.027007649650892838,1.108
"[1.108, 1.109)",0.02297055222216215,1.109
"[1.109, 1.11)",0.0306526567221739,1.11
"[1.11, 1.111)",0.027783494188601036,1.111
"[1.111, 1.112)",0.024207783143722943,1.112
"[1.112, 1.113)",0.028328216870506333,1.113
"[1.113, 1.114)",0.035148517020701736,1.114
"[1.114, 1.115)",0.03283780254444444,1.115
"[1.115, 1.116)",0.028595207178280506,1.116
"[1.116, 1.117)",0.02988373818333332,1.117
"[1.117, 1.118)",0.029827892860557776,1.118
"[1.118, 1.119)",0.0330597182445344,1.119
"[1.119, 1.12)",0.02810365986322314,1.12
"[1.12, 1.121)",0.02214357390826086,1.121
"[1.121, 1.122)",0.02809260403307084,1.122
"[1.122, 1.123)",0.03097467495578511,1.123
"[1.123, 1.124)",0.029259230908695647,1.124
"[1.124, 1.125)",0.03282995977174885,1.125
"[1.125, 1.1260000000000001)",0.037452616662857145,1.126
"[1.1260000000000001, 1.127)",0.02792832779082969,1.127
"[1.127, 1.1280000000000001)",0.025081492423809516,1.128
"[1.1280000000000001, 1.129)",0.02736603996807692,1.129
"[1.129, 1.1300000000000001)",0.026656607354235817,1.13
"[1.1300000000000001, 1.131)",0.02417436621531916,1.131
"[1.131, 1.1320000000000001)",0.03069365066983537,1.132
"[1.1320000000000001, 1.133)",0.03049568623697478,1.133
"[1.133, 1.1340000000000001)",0.033296797315207335,1.134
"[1.1340000000000001, 1.135)",0.024147200360930238,1.135
"[1.135, 1.1360000000000001)",0.024090354012820517,1.136
"[1.1360000000000001, 1.137)",0.04511300188735183,1.137
"[1.137, 1.1380000000000001)",0.02380822298410257,1.138
"[1.1380000000000001, 1.139)",0.03346779878122267,1.139
"[1.139, 1.1400000000000001)",0.03195585716775508,1.14
"[1.1400000000000001, 1.141)",0.03314179332314406,1.141
"[1.141, 1.1420000000000001)",0.0360846697966981,1.142
"[1.1420000000000001, 1.143)",0.03231257330221774,1.143
"[1.143, 1.1440000000000001)",0.025579064486619712,1.144
"[1.1440000000000001, 1.145)",0.040945865902487555,1.145
"[1.145, 1.1460000000000001)",0.028994214627093586,1.146
"[1.1460000000000001, 1.147)",0.03060035117009344,1.147
"[1.147, 1.1480000000000001)",0.02687533932121212,1.148
"[1.1480000000000001, 1.149)",0.02868959435877192,1.149
"[1.149, 1.1500000000000001)",0.02648680418309858,1.15
"[1.1500000000000001, 1.151)",0.02557303682062778,1.151
"[1.151, 1.1520000000000001)",0.02695315040726258,1.152
"[1.1520000000000001, 1.153)",0.032229527953658535,1.153
"[1.153, 1.154)",0.029626322436458335,1.154
"[1.154, 1.155)",0.047933350167336665,1.155
"[1.155, 1.156)",0.036253932644131424,1.156
"[1.156, 1.157)",0.032922080678999995,1.157
"[1.157, 1.158)",0.025097194298550722,1.158
"[1.158, 1.159)",0.031289712229492395,1.159
"[1.159, 1.16)",0.029567420060591123,1.16
"[1.16, 1.161)",0.03474722047766495,1.161
"[1.161, 1.162)",0.03580678500975608,1.162
"[1.162, 1.163)",0.024106784713513497,1.163
"[1.163, 1.164)",0.031223440444723593,1.164
"[1.164, 1.165)",0.028235198056818178,1.165
"[1.165, 1.166)",0.024865267218777277,1.166
"[1.166, 1.167)",0.03440679344422109,1.167
"[1.167, 1.168)",0.03248374937232144,1.168
"[1.168, 1.169)",0.03055568721658985,1.169
"[1.169, 1.17)",0.024085747417964064,1.17
"[1.17, 1.171)",0.025206296383870952,1.171
"[1.171, 1.172)",0.03618518470430621,1.172
"[1.172, 1.173)",0.027337949208715604,1.173
"[1.173, 1.174)",0.02184111045459459,1.174
"[1.174, 1.175)",0.02581965353645832,1.175
"[1.175, 1.176)",0.02513682942268041,1.176
"[1.176, 1.177)",0.019384096655,1.177
"[1.177, 1.178)",0.027579538060795442,1.178
"[1.178, 1.179)",0.035379076837931005,1.179
"[1.179, 1.18)",0.027233020539534875,1.18
"[1.18, 1.181)",0.032237464886571414,1.181
"[1.181, 1.182)",0.027931302658548356,1.182
"[1.182, 1.183)",0.04075462020544553,1.183
"[1.183, 1.184)",0.03753491778468295,1.184
"[1.184, 1.185)",0.032802454256565666,1.185
"[1.185, 1.186)",0.023263647016091956,1.186
"[1.186, 1.187)",0.02480829376173469,1.187
"[1.187, 1.188)",0.03139558821196172,1.188
"[1.188, 1.189)",0.041085916579213476,1.189
"[1.189, 1.19)",0.022705138749071048,1.19
"[1.19, 1.191)",0.029389502961375654,1.191
"[1.191, 1.192)",0.028517047036279063,1.192
"[1.192, 1.193)",0.024901455107623326,1.193
"[1.193, 1.194)",0.021365175732173926,1.194
"[1.194, 1.195)",0.02641530267077625,1.195
"[1.195, 1.196)",0.031105264667248892,1.196
"[1.196, 1.197)",0.0328104886017699,1.197
"[1.197, 1.198)",0.025095852212009797,1.198
"[1.198, 1.199)",0.02101253743266333,1.199
"[1.199, 1.2)",0.03594153581174528,1.2
"[1.2, 1.201)",0.02304216152537315,1.201
"[1.201, 1.202)",0.028906829306565643,1.202
"[1.202, 1.203)",0.022830363821390372,1.203
"[1.203, 1.204)",0.027936939704217994,1.204
"[1.204, 1.205)",0.034657200337948724,1.205
"[1.205, 1.206)",0.034087023033513505,1.206
"[1.206, 1.207)",0.020884968143529407,1.207
"[1.207, 1.208)",0.03974045741182797,1.208
"[1.208, 1.209)",0.029259415032160827,1.209
"[1.209, 1.21)",0.027405736089583316,1.21
"[1.21, 1.211)",0.021635220828220864,1.211
"[1.211, 1.212)",0.03349883642292684,1.212
"[1.212, 1.213)",0.023521694020320852,1.213
"[1.213, 1.214)",0.030731374260563375,1.214
"[1.214, 1.215)",0.021261958303363634,1.215
"[1.215, 1.216)",0.029588950123595505,1.216
"[1.216, 1.217)",0.03262568158064515,1.217
"[1.217, 1.218)",0.03279648645765304,1.218
"[1.218, 1.219)",0.0283059726392157,1.219
"[1.219, 1.22)",0.039825694758620654,1.22
"[1.22, 1.221)",0.03626191082875539,1.221
"[1.221, 1.222)",0.03079640729603525,1.222
"[1.222, 1.223)",0.03658607539694321,1.223
"[1.223, 1.224)",0.03123470689029126,1.224
"[1.224, 1.225)",0.0324829649357513,1.225
"[1.225, 1.226)",0.02475661251658767,1.226
"[1.226, 1.227)",0.022548062934673367,1.227
"[1.227, 1.228)",0.026081500864795923,1.228
"[1.228, 1.229)",0.027664129616000004,1.229
"[1.229, 1.23)",0.03897207005537635,1.23
"[1.23, 1.231)",0.02582805482476192,1.231
"[1.231, 1.232)",0.024788185137244897,1.232
"[1.232, 1.233)",0.03446904381508379,1.233
"[1.233, 1.234)",0.024290641239252325,1.234
"[1.234, 1.235)",0.026802904467368428,1.235
"[1.235, 1.236)",0.03376766651707919,1.236
"[1.236, 1.237)",0.022868444144791663,1.237
"[1.237, 1.238)",0.029577396303664922,1.238
"[1.238, 1.239)",0.020941300418421054,1.239
"[1.239, 1.24)",0.028749211249038446,1.24
"[1.24, 1.241)",0.023783205179439267,1.241
"[1.241, 1.242)",0.026118621230456836,1.242
"[1.242, 1.243)",0.02988913097389161,1.243
"[1.243, 1.244)",0.03663609214954543,1.244
"[1.244, 1.245)",0.025162054737433135,1.245
"[1.245, 1.246)",0.02922903494675926,1.246
"[1.246, 1.247)",0.035211954392118244,1.247
"[1.247, 1.248)",0.028952567287692313,1.248
"[1.248, 1.249)",0.02172033314521053,1.249
"[1.249, 1.25)",0.027844020741706138,1.25
"[1.25, 1.2510000000000001)",0.0232061925432161,1.251
"[1.2510000000000001, 1.252)",0.02487015216177777,1.252
"[1.252, 1.2530000000000001)",0.030523257292232996,1.253
"[1.2530000000000001, 1.254)",0.02975823525315788,1.254
"[1.254, 1.2550000000000001)",0.03813239275359114,1.255
"[1.2550000000000001, 1.256)",0.022113212537777798,1.256
"[1.256, 1.2570000000000001)",0.02495649533031916,1.257
"[1.2570000000000001, 1.258)",0.03490638202555555,1.258
"[1.258, 1.2590000000000001)",0.025660083680861246,1.259
"[1.2590000000000001, 1.26)",0.024184586775789448,1.26
"[1.26, 1.2610000000000001)",0.028658552895391678,1.261
"[1.2610000000000001, 1.262)",0.03051127921045456,1.262
"[1.262, 1.2630000000000001)",0.030919322483644852,1.263
"[1.2630000000000001, 1.264)",0.024355728720183493,1.264
"[1.264, 1.2650000000000001)",0.01927513746132075,1.265
"[1.2650000000000001, 1.266)",0.0315488702147619,1.266
"[1.266, 1.2670000000000001)",0.03554047063474178,1.267
"[1.2670000000000001, 1.268)",0.025804151479381417,1.268
"[1.268, 1.2690000000000001)",0.027779853250374315,1.269
"[1.2690000000000001, 1.27)",0.026687179543349752,1.27
"[1.27, 1.2710000000000001)",0.03357235201980197,1.271
"[1.2710000000000001, 1.272)",0.025225849316509424,1.272
"[1.272, 1.2730000000000001)",0.039072725857222226,1.273
"[1.2730000000000001, 1.274)",0.029740983673711325,1.274
"[1.274, 1.2750000000000001)",0.03114320020348837,1.275
"[1.2750000000000001, 1.276)",0.04106003367783249,1.276
"[1.276, 1.2770000000000001)",0.03911334345743591,1.277
"[1.2770000000000001, 1.278)",0.041187684210900445,1.278
"[1.278, 1.2790000000000001)",0.04041527629467455,1.279
"[1.2790000000000001, 1.28)",0.024964703442631582,1.28
"[1.28, 1.281)",0.026829184399999994,1.281
"[1.281, 1.282)",0.03343489679631336,1.282
"[1.282, 1.283)",0.03677910941576085,1.283
"[1.283, 1.284)",0.03804647944712042,1.284
"[1.284, 1.285)",0.022641356705181352,1.285
"[1.285, 1.286)",0.024107841070854265,1.286
"[1.286, 1.287)",0.02479035093809524,1.287
"[1.287, 1.288)",0.03199863353297872,1.288
"[1.288, 1.289)",0.03413195953550001,1.289
"[1.289, 1.29)",0.03001713095454545,1.29
"[1.29, 1.291)",0.03369975367476191,1.291
"[1.291, 1.292)",0.02652587570324323,1.292
"[1.292, 1.293)",0.03773303058032786,1.293
"[1.293, 1.294)",0.031013750976650455,1.294
"[1.294, 1.295)",0.0258258220478409,1.295
"[1.295, 1.296)",0.029966527357142867,1.296
"[1.296, 1.297)",0.036157395010215046,1.297
"[1.297, 1.298)",0.030322574646881723,1.298
"[1.298, 1.299)",0.02667233246059114,1.299
"[1.299, 1.3)",0.030885766708121806,1.3
"[1.3, 1.301)",0.031286367173880544,1.301
"[1.301, 1.302)",0.0340025960015,1.302
"[1.302, 1.303)",0.040785147544,1.303
"[1.303, 1.304)",0.0284521077478469,1.304
"[1.304, 1.305)",0.028944577125810056,1.305
"[1.305, 1.306)",0.03214617008930481,1.306
"[1.306, 1.307)",0.025022952443317967,1.307
"[1.307, 1.308)",0.03241035532843602,1.308
"[1.308, 1.309)",0.041618692328861805,1.309
"[1.309, 1.31)",0.017133275335955062,1.31
"[1.31, 1.311)",0.02701222634590163,1.311
"[1.311, 1.312)",0.023912050023780485,1.312
"[1.312, 1.313)",0.02633368125829146,1.313
"[1.313, 1.314)",0.025015026618531066,1.314
"[1.314, 1.315)",0.03176310584374998,1.315
"[1.315, 1.316)",0.027166372467213113,1.316
"[1.316, 1.317)",0.03204187908510636,1.317
"[1.317, 1.318)",0.03319998196702703,1.318
"[1.318, 1.319)",0.02712063202799999,1.319
"[1.319, 1.32)",0.02003961916080402,1.32
"[1.32, 1.321)",0.026332312901840498,1.321
"[1.321, 1.322)",0.028890688963636363,1.322
"[1.322, 1.323)",0.032070753003571435,1.323
"[1.323, 1.324)",0.042017651991975304,1.324
"[1.324, 1.325)",0.03602401797391305,1.325
"[1.325, 1.326)",0.03490731495320513,1.326
"[1.326, 1.327)",0.02560533147486034,1.327
"[1.327, 1.328)",0.031170914349101794,1.328
"[1.328, 1.329)",0.01664111054583334,1.329
"[1.329, 1.33)",0.01981672236154323,1.33
"[1.33, 1.331)",0.0371157133564516,1.331
"[1.331, 1.332)",0.03201443667989128,1.332
"[1.332, 1.333)",0.02463720198032787,1.333
"[1.333, 1.334)",0.026520188607567555,1.334
"[1.334, 1.335)",0.04063290648385415,1.335
"[1.335, 1.336)",0.030543234321686746,1.336
"[1.336, 1.337)",0.030946604391428576,1.337
"[1.337, 1.338)",0.042737851243125,1.338
"[1.338, 1.339)",0.028712622483333342,1.339
"[1.339, 1.34)",0.032913953657923496,1.34
"[1.34, 1.341)",0.026417467179184796,1.341
"[1.341, 1.342)",0.026455908820958086,1.342
"[1.342, 1.343)",0.033803013827388526,1.343
"[1.343, 1.344)",0.034422001903389836,1.344
"[1.344, 1.345)",0.0288530392220238,1.345
"[1.345, 1.346)",0.025134245561111115,1.346
"[1.346, 1.347)",0.03687159304438201,1.347
"[1.347, 1.348)",0.019658343170222227,1.348
"[1.348, 1.349)",0.02878372118295919,1.349
"[1.349, 1.35)",0.03304465108297873,1.35
"[1.35, 1.351)",0.024043621457653038,1.351
"[1.351, 1.352)",0.02914393250193751,1.352
"[1.352, 1.353)",0.04043115195191254,1.353
"[1.353, 1.354)",0.03299380497796607,1.354
"[1.354, 1.355)",0.03040610634768213,1.355
"[1.355, 1.356)",0.03319091176620689,1.356
"[1.356, 1.357)",0.030442841868376605,1.357
"[1.357, 1.358)",0.032827810749999985,1.358
"[1.358, 1.359)",0.03024173728943661,1.359
"[1.359, 1.36)",0.048699705284210505,1.36
"[1.36, 1.361)",0.029200753275796184,1.361
"[1.361, 1.362)",0.024544529187640437,1.362
"[1.362, 1.363)",0.030634826119680856,1.363
"[1.363, 1.364)",0.018803952521875,1.364
"[1.364, 1.365)",0.027627218248591552,1.365
"[1.365, 1.366)",0.0340054291115607,1.366
"[1.366, 1.367)",0.02348992630536423,1.367
"[1.367, 1.368)",0.029190405811413005,1.368
"[1.368, 1.369)",0.03369044557828569,1.369
"[1.369, 1.37)",0.02330861316415094,1.37
"[1.37, 1.371)",0.030373765414285724,1.371
"[1.371, 1.372)",0.023353050508333337,1.372
"[1.372, 1.373)",0.0204843588896104,1.373
"[1.373, 1.374)",0.0262815242116129,1.374
"[1.374, 1.375)",0.032741197407106584,1.375
"[1.375, 1.3760000000000001)",0.02820058954787707,1.376
"[1.3760000000000001, 1.377)",0.024376488639999996,1.377
"[1.377, 1.3780000000000001)",0.02290126898773007,1.378
"[1.3780000000000001, 1.379)",0.05251604188197671,1.379
"[1.379, 1.3800000000000001)",0.02104147244505496,1.38
"[1.3800000000000001, 1.381)",0.0260739051392265,1.381
"[1.381, 1.3820000000000001)",0.027793380574213832,1.382
"[1.3820000000000001, 1.383)",0.03453922298888888,1.383
"[1.383, 1.3840000000000001)",0.022323304809782615,1.384
"[1.3840000000000001, 1.385)",0.03890466550517241,1.385
"[1.385, 1.3860000000000001)",0.02198980101564766,1.386
"[1.3860000000000001, 1.387)",0.028381546349528303,1.387
"[1.387, 1.3880000000000001)",0.024060816322600004,1.388
"[1.3880000000000001, 1.389)",0.031933244592356684,1.389
"[1.389, 1.3900000000000001)",0.024925519334640524,1.39
"[1.3900000000000001, 1.391)",0.019945313056250007,1.391
"[1.391, 1.3920000000000001)",0.03041476738447204,1.392
"[1.3920000000000001, 1.393)",0.030076926123837208,1.393
"[1.393, 1.3940000000000001)",0.032872112066298344,1.394
"[1.3940000000000001, 1.395)",0.02481130471325301,1.395
"[1.395, 1.3960000000000001)",0.02375054483701299,1.396
"[1.3960000000000001, 1.397)",0.02483601612163743,1.397
"[1.397, 1.3980000000000001)",0.0263841277173077,1.398
"[1.3980000000000001, 1.399)",0.02948257939620253,1.399
"[1.399, 1.4000000000000001)",0.025389959430909093,1.4
"[1.4000000000000001, 1.401)",0.03423098179333334,1.401
"[1.401, 1.4020000000000001)",0.02952391423018868,1.402
"[1.4020000000000001, 1.403)",0.029133494780625,1.403
"[1.403, 1.4040000000000001)",0.030109777607857144,1.404
"[1.4040000000000001, 1.405)",0.028811881407142848,1.405
"[1.405, 1.4060000000000001)",0.02293755652466667,1.406
"[1.4060000000000001, 1.407)",0.026823931801265823,1.407
"[1.407, 1.408)",0.03236519206232877,1.408
"[1.408, 1.409)",0.027848769870588253,1.409
"[1.409, 1.41)",0.03332536402344596,1.41
"[1.41, 1.411)",0.024772046447761202,1.411
"[1.411, 1.412)",0.026927774481333322,1.412
"[1.412, 1.413)",0.028125633150694464,1.413
"[1.413, 1.414)",0.022452781574999997,1.414
"[1.414, 1.415)",0.028995689581395357,1.415
"[1.415, 1.416)",0.02788417183333333,1.416
"[1.416, 1.417)",0.024907642073595495,1.417
"[1.417, 1.418)",0.03047136834776117,1.418
"[1.418, 1.419)",0.025725374247222224,1.419
"[1.419, 1.42)",0.026970448004722224,1.42
"[1.42, 1.421)",0.030803762405185182,1.421
"[1.421, 1.422)",0.021642442692546587,1.422
"[1.422, 1.423)",0.02388634713526013,1.423
"[1.423, 1.424)",0.02879342514085367,1.424
"[1.424, 1.425)",0.027479102020463577,1.425
"[1.425, 1.426)",0.03460255221744961,1.426
"[1.426, 1.427)",0.03883887152116787,1.427
"[1.427, 1.428)",0.018615050338167946,1.428
"[1.428, 1.429)",0.027063222696268662,1.429
"[1.429, 1.43)",0.032198158320547954,1.43
"[1.43, 1.431)",0.028765803444927542,1.431
"[1.431, 1.432)",0.031290063433333334,1.432
"[1.432, 1.433)",0.03479279363496502,1.433
"[1.433, 1.434)",0.040339617359649124,1.434
"[1.434, 1.435)",0.01986823730896553,1.435
"[1.435, 1.436)",0.035329844400709194,1.436
"[1.436, 1.437)",0.03159848218294117,1.437
"[1.437, 1.438)",0.026512838414370868,1.438
"[1.438, 1.439)",0.026985633276047912,1.439
"[1.439, 1.44)",0.026261247857718124,1.44
"[1.44, 1.441)",0.02518425891741935,1.441
"[1.441, 1.442)",0.021768674834351145,1.442
"[1.442, 1.443)",0.024871025300751873,1.443
"[1.443, 1.444)",0.030151120068902425,1.444
"[1.444, 1.445)",0.02919395292789115,1.445
"[1.445, 1.446)",0.03351603631383647,1.446
"[1.446, 1.447)",0.037858258152840905,1.447
"[1.447, 1.448)",0.03516657160046668,1.448
"[1.448, 1.449)",0.03635801874487179,1.449
"[1.449, 1.45)",0.02982537263913044,1.45
"[1.45, 1.451)",0.03093846331056339,1.451
"[1.451, 1.452)",0.03485554468108107,1.452
"[1.452, 1.453)",0.03323043629148936,1.453
"[1.453, 1.454)",0.040063619349999996,1.454
"[1.454, 1.455)",0.0247917403191358,1.455
"[1.455, 1.456)",0.035232898764571426,1.456
"[1.456, 1.457)",0.019570031387931043,1.457
"[1.457, 1.458)",0.027990290104861124,1.458
"[1.458, 1.459)",0.02899645064876543,1.459
"[1.459, 1.46)",0.022955106279285722,1.46
"[1.46, 1.461)",0.028935952037012977,1.461
"[1.461, 1.462)",0.03506381538947368,1.462
"[1.462, 1.463)",0.021726786283600003,1.463
"[1.463, 1.464)",0.030950091112056734,1.464
"[1.464, 1.465)",0.03189031139208633,1.465
"[1.465, 1.466)",0.028946082253896117,1.466
"[1.466, 1.467)",0.020608522990909088,1.467
"[1.467, 1.468)",0.02818492615833334,1.468
"[1.468, 1.469)",0.05103615629473684,1.469
"[1.469, 1.47)",0.017644714071223023,1.47
"[1.47, 1.471)",0.03198345164039737,1.471
"[1.471, 1.472)",0.027389492285714273,1.472
"[1.472, 1.473)",0.02446453051614379,1.473
"[1.473, 1.474)",0.022631879282777788,1.474
"[1.474, 1.475)",0.02055262393846154,1.475
"[1.475, 1.476)",0.03261396795588236,1.476
"[1.476, 1.477)",0.047134733152413795,1.477
"[1.477, 1.478)",0.033407024733823544,1.478
"[1.478, 1.479)",0.031775230621538454,1.479
"[1.479, 1.48)",0.035323593877575735,1.48
"[1.48, 1.481)",0.02672600881857142,1.481
"[1.481, 1.482)",0.02436173743856209,1.482
"[1.482, 1.483)",0.026272646276347303,1.483
"[1.483, 1.484)",0.02168963892,1.484
"[1.484, 1.485)",0.024063292018390803,1.485
"[1.485, 1.486)",0.02977337543712574,1.486
"[1.486, 1.487)",0.030170866121794874,1.487
"[1.487, 1.488)",0.034170308572847675,1.488
"[1.488, 1.489)",0.03649385870340908,1.489
"[1.489, 1.49)",0.03270166927979271,1.49
"[1.49, 1.491)",0.030383014838036796,1.491
"[1.491, 1.492)",0.031409647102955664,1.492
"[1.492, 1.493)",0.02673635360070923,1.493
"[1.493, 1.494)",0.026012684349142858,1.494
"[1.494, 1.495)",0.026213586847368422,1.495
"[1.495, 1.496)",0.03197161446794872,1.496
"[1.496, 1.497)",0.02233230247310344,1.497
"[1.497, 1.498)",0.030918244896103897,1.498
"[1.498, 1.499)",0.031148592873333325,1.499
"[1.499, 1.5)",0.025994260104195803,1.5
"[1.5, 1.5010000000000001)",0.020053283990933347,1.501
"[1.5010000000000001, 1.502)",0.032387891644489776,1.502
"[1.502, 1.5030000000000001)",0.03452875866402778,1.503
"[1.5030000000000001, 1.504)",0.025393667733812953,1.504
"[1.504, 1.5050000000000001)",0.024443842717449656,1.505
"[1.5050000000000001, 1.506)",0.023519413709674804,1.506
"[1.506, 1.5070000000000001)",0.028502660465624996,1.507
"[1.5070000000000001, 1.508)",0.01715551219765626,1.508
"[1.508, 1.5090000000000001)",0.032442184875793104,1.509
"[1.5090000000000001, 1.51)",0.0271520255072,1.51
"[1.51, 1.5110000000000001)",0.018563826670400015,1.511
"[1.5110000000000001, 1.512)",0.0229548840131579,1.512
"[1.512, 1.5130000000000001)",0.028698415259440564,1.513
"[1.5130000000000001, 1.514)",0.042976863365441174,1.514
"[1.514, 1.5150000000000001)",0.03294857741572328,1.515
"[1.5150000000000001, 1.516)",0.020081602046275873,1.516
"[1.516, 1.5170000000000001)",0.020496778236184215,1.517
"[1.5170000000000001, 1.518)",0.028542534397267765,1.518
"[1.518, 1.5190000000000001)",0.03225640784375,1.519
"[1.5190000000000001, 1.52)",0.03511758029014083,1.52
"[1.52, 1.5210000000000001)",0.03176419946503402,1.521
"[1.5210000000000001, 1.522)",0.04057946998874169,1.522
"[1.522, 1.5230000000000001)",0.028187892936551707,1.523
"[1.5230000000000001, 1.524)",0.029169836447517715,1.524
"[1.524, 1.5250000000000001)",0.03287376122307691,1.525
"[1.5250000000000001, 1.526)",0.02554538893506849,1.526
"[1.526, 1.5270000000000001)",0.03296614828080001,1.527
"[1.5270000000000001, 1.528)",0.028235862548000007,1.528
"[1.528, 1.5290000000000001)",0.034681726126771645,1.529
"[1.5290000000000001, 1.53)",0.022332935695945945,1.53
"[1.53, 1.5310000000000001)",0.045545689085344836,1.531
"[1.5310000000000001, 1.532)",0.033637093526829254,1.532
"[1.532, 1.5330000000000001)",0.0339020570647541,1.533
"[1.5330000000000001, 1.534)",0.017973196551470595,1.534
"[1.534, 1.5350000000000001)",0.04237941011162791,1.535
"[1.5350000000000001, 1.536)",0.029644342103100775,1.536
"[1.536, 1.537)",0.029399446118644073,1.537
"[1.537, 1.538)",0.038304848006666656,1.538
"[1.538, 1.539)",0.02158038581917527,1.539
"[1.539, 1.54)",0.02300236579479167,1.54
"[1.54, 1.541)",0.02565563328585859,1.541
"[1.541, 1.542)",0.037119831771810344,1.542
"[1.542, 1.543)",0.022253319331851856,1.543
"[1.543, 1.544)",0.027167608322158282,1.544
"[1.544, 1.545)",0.019735242075652172,1.545
"[1.545, 1.546)",0.025802778517054276,1.546
"[1.546, 1.547)",0.030340107167777772,1.547
"[1.547, 1.548)",0.04219592699716982,1.548
"[1.548, 1.549)",0.03153518196825398,1.549
"[1.549, 1.55)",0.020262667995145638,1.55
"[1.55, 1.551)",0.03836935604955752,1.551
"[1.551, 1.552)",0.031279791146341454,1.552
"[1.552, 1.553)",0.030925261111304357,1.553
"[1.553, 1.554)",0.02486015847692308,1.554
"[1.554, 1.555)",0.028159132890517264,1.555
"[1.555, 1.556)",0.04480338713217393,1.556
"[1.556, 1.557)",0.0193035991859375,1.557
"[1.557, 1.558)",0.02882335351381579,1.558
"[1.558, 1.559)",0.043341506088188986,1.559
"[1.559, 1.56)",0.01880694981008403,1.56
"[1.56, 1.561)",0.034120219910569086,1.561
"[1.561, 1.562)",0.05129830009964287,1.562
"[1.562, 1.563)",0.024312480569298255,1.563
"[1.563, 1.564)",0.038685966418032784,1.564
"[1.564, 1.565)",0.029622922207936508,1.565
"[1.565, 1.566)",0.03423848416346154,1.566
"[1.566, 1.567)",0.02631146862601626,1.567
"[1.567, 1.568)",0.02965096355846154,1.568
"[1.568, 1.569)",0.021743403472419362,1.569
"[1.569, 1.57)",0.03720884158575757,1.57
"[1.57, 1.571)",0.03206603092047246,1.571
"[1.571, 1.572)",0.03660319392916667,1.572
"[1.572, 1.573)",0.02094841377857144,1.573
"[1.573, 1.574)",0.031902787631932786,1.574
"[1.574, 1.575)",0.022830894277142855,1.575
"[1.575, 1.576)",0.01456915373938776,1.576
"[1.576, 1.577)",0.028108472330508477,1.577
"[1.577, 1.578)",0.0296722965712069,1.578
"[1.578, 1.579)",0.020495611287037047,1.579
"[1.579, 1.58)",0.024779448258620686,1.58
"[1.58, 1.581)",0.024116361458333336,1.581
"[1.581, 1.582)",0.027703539439837416,1.582
"[1.582, 1.583)",0.0367419025186916,1.583
"[1.583, 1.584)",0.030102546850000012,1.584
"[1.584, 1.585)",0.03096889846126126,1.585
"[1.585, 1.586)",0.041970184087769785,1.586
"[1.586, 1.587)",0.02372457713600001,1.587
"[1.587, 1.588)",0.031061146558558555,1.588
"[1.588, 1.589)",0.0387953655965517,1.589
"[1.589, 1.59)",0.02682310841851852,1.59
"[1.59, 1.591)",0.020268686798924733,1.591
"[1.591, 1.592)",0.051241680996153824,1.592
"[1.592, 1.593)",0.0301291287347826,1.593
"[1.593, 1.594)",0.025341547016190475,1.594
"[1.594, 1.595)",0.02639932698061222,1.595
"[1.595, 1.596)",0.025389230470078742,1.596
"[1.596, 1.597)",0.020648329345112786,1.597
"[1.597, 1.598)",0.02440757459504133,1.598
"[1.598, 1.599)",0.025535062732456145,1.599
"[1.599, 1.6)",0.033439735983035714,1.6
"[1.6, 1.601)",0.027273979126126134,1.601
"[1.601, 1.602)",0.0510401643875,1.602
"[1.602, 1.603)",0.030932678492792805,1.603
"[1.603, 1.604)",0.029912520219512195,1.604
"[1.604, 1.605)",0.02477617215929204,1.605
"[1.605, 1.606)",0.03150575962649574,1.606
"[1.606, 1.607)",0.03326492923969464,1.607
"[1.607, 1.608)",0.024771957838709686,1.608
"[1.608, 1.609)",0.02590045896804124,1.609
"[1.609, 1.61)",0.02962931568272728,1.61
"[1.61, 1.611)",0.045732414718032785,1.611
"[1.611, 1.612)",0.028691610400000008,1.612
"[1.612, 1.613)",0.02607357878211382,1.613
"[1.613, 1.614)",0.03178803205344828,1.614
"[1.614, 1.615)",0.027369593465517237,1.615
"[1.615, 1.616)",0.04063584315853658,1.616
"[1.616, 1.617)",0.05516405443764706,1.617
"[1.617, 1.618)",0.03558358010747663,1.618
"[1.618, 1.619)",0.021482765901801818,1.619
"[1.619, 1.62)",0.04072399366355141,1.62
"[1.62, 1.621)",0.0295148813294737,1.621
"[1.621, 1.622)",0.03598234273452833,1.622
"[1.622, 1.623)",0.0324800014486598,1.623
"[1.623, 1.624)",0.03721440394948454,1.624
"[1.624, 1.625)",0.021034983547008557,1.625
"[1.625, 1.6260000000000001)",0.0320811335894737,1.626
"[1.6260000000000001, 1.627)",0.03515895126086958,1.627
"[1.627, 1.6280000000000001)",0.04031412601754387,1.628
"[1.6280000000000001, 1.629)",0.030871099383177582,1.629
"[1.629, 1.6300000000000001)",0.0171007789407767,1.63
"[1.6300000000000001, 1.631)",0.035347698121649486,1.631
"[1.631, 1.6320000000000001)",0.0271250880531915,1.632
"[1.6320000000000001, 1.633)",0.023155598847826104,1.633
"[1.633, 1.6340000000000001)",0.027297211323,1.634
"[1.6340000000000001, 1.635)",0.025022765260256413,1.635
"[1.635, 1.6360000000000001)",0.030411684068627466,1.636
"[1.6360000000000001, 1.637)",0.0210914313464567,1.637
"[1.637, 1.6380000000000001)",0.024718282941176485,1.638
"[1.6380000000000001, 1.639)",0.0395446327910891,1.639
"[1.639, 1.6400000000000001)",0.023671192466666668,1.64
"[1.6400000000000001, 1.641)",0.022873269338000015,1.641
"[1.641, 1.6420000000000001)",0.03472695294358974,1.642
"[1.6420000000000001, 1.643)",0.02912887023714286,1.643
"[1.643, 1.6440000000000001)",0.04095382170930232,1.644
"[1.6440000000000001, 1.645)",0.026536812424528298,1.645
"[1.645, 1.6460000000000001)",0.04000015568241758,1.646
"[1.6460000000000001, 1.647)",0.03422517977425744,1.647
"[1.647, 1.6480000000000001)",0.02263219130769232,1.648
"[1.6480000000000001, 1.649)",0.03603922432000001,1.649
"[1.649, 1.6500000000000001)",0.02493839734666668,1.65
"[1.6500000000000001, 1.651)",0.025908652469306934,1.651
"[1.651, 1.6520000000000001)",0.046634846592592594,1.652
"[1.6520000000000001, 1.653)",0.02440139968354432,1.653
"[1.653, 1.6540000000000001)",0.023172828397802207,1.654
"[1.6540000000000001, 1.655)",0.030922164287500015,1.655
"[1.655, 1.6560000000000001)",0.024628878851578967,1.656
"[1.6560000000000001, 1.657)",0.017826937560714292,1.657
"[1.657, 1.6580000000000001)",0.04061456337777779,1.658
"[1.6580000000000001, 1.659)",0.03546006903050848,1.659
"[1.659, 1.6600000000000001)",0.020796075471052625,1.66
"[1.6600000000000001, 1.661)",0.0268969057764706,1.661
"[1.661, 1.6620000000000001)",0.03289187389880951,1.662
"[1.6620000000000001, 1.663)",0.02582438240000001,1.663
"[1.663, 1.6640000000000001)",0.02443890918915664,1.664
"[1.6640000000000001, 1.665)",0.019268567968478267,1.665
"[1.665, 1.666)",0.0356662058,1.666
"[1.666, 1.667)",0.027232526985507245,1.667
"[1.667, 1.668)",0.03753702389999999,1.668
"[1.668, 1.669)",0.03821407129189189,1.669
"[1.669, 1.67)",0.03217445117526882,1.67
"[1.67, 1.671)",0.019308890510144932,1.671
"[1.671, 1.672)",0.019297232533734953,1.672
"[1.672, 1.673)",0.02687399840270271,1.673
"[1.673, 1.674)",0.02232268622567568,1.674
"[1.674, 1.675)",0.020390785624999998,1.675
"[1.675, 1.676)",0.02378017569411764,1.676
"[1.676, 1.677)",0.02730354249858696,1.677
"[1.677, 1.678)",0.024666795493069313,1.678
"[1.678, 1.679)",0.03512596789887643,1.679
"[1.679, 1.68)",0.03309476308387098,1.68
"[1.68, 1.681)",0.03389147249885058,1.681
"[1.681, 1.682)",0.02347083117441861,1.682
"[1.682, 1.683)",0.017693320096700008,1.683
"[1.683, 1.684)",0.0338315481559633,1.684
"[1.684, 1.685)",0.023081148589009903,1.685
"[1.685, 1.686)",0.029310181653097338,1.686
"[1.686, 1.687)",0.02547185048632654,1.687
"[1.687, 1.688)",0.03134447407070708,1.688
"[1.688, 1.689)",0.021356672522680427,1.689
"[1.689, 1.69)",0.01470414844583333,1.69
"[1.69, 1.691)",0.044235932551282074,1.691
"[1.691, 1.692)",0.022469122704040414,1.692
"[1.692, 1.693)",0.0272662686328125,1.693
"[1.693, 1.694)",0.022629336488421053,1.694
"[1.694, 1.695)",0.023847333841904763,1.695
"[1.695, 1.696)",0.038980186055643566,1.696
"[1.696, 1.697)",0.024523043408333337,1.697
"[1.697, 1.698)",0.039893959149473704,1.698
"[1.698, 1.699)",0.02135996683195877,1.699
"[1.699, 1.7)",0.012947325125000006,1.7
"[1.7, 1.701)",0.02401030246545454,1.701
"[1.701, 1.702)",0.030074598541346163,1.702
"[1.702, 1.703)",0.029535286197894743,1.703
"[1.703, 1.704)",0.03840632965412844,1.704
"[1.704, 1.705)",0.037533052185585586,1.705
"[1.705, 1.706)",0.022837237252525257,1.706
"[1.706, 1.707)",0.025729222251632662,1.707
"[1.707, 1.708)",0.024904446247916674,1.708
"[1.708, 1.709)",0.018745254967391312,1.709
"[1.709, 1.71)",0.028374538727272733,1.71
"[1.71, 1.711)",0.03630789416393441,1.711
"[1.711, 1.712)",0.014893857276315797,1.712
"[1.712, 1.713)",0.017983616892391308,1.713
"[1.713, 1.714)",0.04390014855102041,1.714
"[1.714, 1.715)",0.022662837880898887,1.715
"[1.715, 1.716)",0.030812084814432983,1.716
"[1.716, 1.717)",0.03286494561566264,1.717
"[1.717, 1.718)",0.0232959688173077,1.718
"[1.718, 1.719)",0.04620160223695651,1.719
"[1.719, 1.72)",0.020321335076875002,1.72
"[1.72, 1.721)",0.02025047816483517,1.721
"[1.721, 1.722)",0.03128586269685715,1.722
"[1.722, 1.723)",0.05236588123298969,1.723
"[1.723, 1.724)",0.02608582103636363,1.724
"[1.724, 1.725)",0.027945493826666678,1.725
"[1.725, 1.726)",0.03789511510101011,1.726
"[1.726, 1.727)",0.021366476928571427,1.727
"[1.727, 1.728)",0.0347054251747573,1.728
"[1.728, 1.729)",0.036534159750495065,1.729
"[1.729, 1.73)",0.0312285903622449,1.73
"[1.73, 1.731)",0.022393511926262637,1.731
"[1.731, 1.732)",0.029412408697560996,1.732
"[1.732, 1.733)",0.02362646726829268,1.733
"[1.733, 1.734)",0.04925561649878048,1.734
"[1.734, 1.735)",0.023859163960869564,1.735
"[1.735, 1.736)",0.02898049084204545,1.736
"[1.736, 1.737)",0.024815182771739153,1.737
"[1.737, 1.738)",0.0184579804308642,1.738
"[1.738, 1.739)",0.05269786338604648,1.739
"[1.739, 1.74)",0.03622397115584416,1.74
"[1.74, 1.741)",0.022427978452475263,1.741
"[1.741, 1.742)",0.028317805120879138,1.742
"[1.742, 1.743)",0.031242177178082205,1.743
"[1.743, 1.744)",0.04553547816741572,1.744
"[1.744, 1.745)",0.02453682732666668,1.745
"[1.745, 1.746)",0.03129165860784314,1.746
"[1.746, 1.747)",0.01846670055578948,1.747
"[1.747, 1.748)",0.03015930770449438,1.748
"[1.748, 1.749)",0.026894132339999998,1.749
"[1.749, 1.75)",0.025988202787500005,1.75
"[1.75, 1.7510000000000001)",0.01924779364367817,1.751
"[1.7510000000000001, 1.752)",0.04228147465974026,1.752
"[1.752, 1.7530000000000001)",0.022020418890624994,1.753
"[1.7530000000000001, 1.754)",0.045739292919101115,1.754
"[1.754, 1.7550000000000001)",0.03397774627878789,1.755
"[1.7550000000000001, 1.756)",0.025831875829032274,1.756
"[1.756, 1.7570000000000001)",0.022973902942500023,1.757
"[1.7570000000000001, 1.758)",0.022908685515151513,1.758
"[1.758, 1.7590000000000001)",0.028499040758241768,1.759
"[1.7590000000000001, 1.76)",0.02615866387215189,1.76
"[1.76, 1.7610000000000001)",0.03925680240879121,1.761
"[1.7610000000000001, 1.762)",0.03029917707113404,1.762
"[1.762, 1.7630000000000001)",0.015510110883116887,1.763
"[1.7630000000000001, 1.764)",0.03914351593424658,1.764
"[1.764, 1.7650000000000001)",0.03788947877826088,1.765
"[1.7650000000000001, 1.766)",0.02200738438709678,1.766
"[1.766, 1.7670000000000001)",0.027019949707407422,1.767
"[1.7670000000000001, 1.768)",0.03551804036122449,1.768
"[1.768, 1.7690000000000001)",0.02093886315048545,1.769
"[1.7690000000000001, 1.77)",0.032686696956321856,1.77
"[1.77, 1.7710000000000001)",0.02708004334090909,1.771
"[1.7710000000000001, 1.772)",0.017248969573033714,1.772
"[1.772, 1.7730000000000001)",0.03503865511881189,1.773
"[1.7730000000000001, 1.774)",0.04093189380645162,1.774
"[1.774, 1.7750000000000001)",0.03193857805568182,1.775
"[1.7750000000000001, 1.776)",0.028225439282352962,1.776
"[1.776, 1.7770000000000001)",0.02347707948717951,1.777
"[1.7770000000000001, 1.778)",0.023317568000000014,1.778
"[1.778, 1.7790000000000001)",0.02937649802297297,1.779
"[1.7790000000000001, 1.78)",0.01692140653414634,1.78
"[1.78, 1.7810000000000001)",0.021508307667444455,1.781
"[1.7810000000000001, 1.782)",0.0316859021409091,1.782
"[1.782, 1.7830000000000001)",0.029679341059340662,1.783
"[1.7830000000000001, 1.784)",0.021739217284415583,1.784
"[1.784, 1.7850000000000001)",0.04360574053522726,1.785
"[1.7850000000000001, 1.786)",0.024711263375581407,1.786
"[1.786, 1.7870000000000001)",0.01722909420481928,1.787
"[1.7870000000000001, 1.788)",0.04459318120694445,1.788
"[1.788, 1.7890000000000001)",0.029618040316842113,1.789
"[1.7890000000000001, 1.79)",0.028328624602564096,1.79
"[1.79, 1.7910000000000001)",0.043210703587209305,1.791
"[1.7910000000000001, 1.792)",0.04483299784000001,1.792
"[1.792, 1.793)",0.01788890753978495,1.793
"[1.793, 1.794)",0.023448717332142863,1.794
"[1.794, 1.795)",0.0381086754111111,1.795
"[1.795, 1.796)",0.031428666908163275,1.796
"[1.796, 1.797)",0.01763083186530613,1.797
"[1.797, 1.798)",0.036440317174311926,1.798
"[1.798, 1.799)",0.03754424213095238,1.799
"[1.799, 1.8)",0.0335641191943662,1.8
"[1.8, 1.801)",0.029790829666666678,1.801
"[1.801, 1.802)",0.022404590880952386,1.802
"[1.802, 1.803)",0.0244015076770115,1.803
"[1.803, 1.804)",0.05728784075268817,1.804
"[1.804, 1.805)",0.034721986663920006,1.805
"[1.805, 1.806)",0.06467203090294117,1.806
"[1.806, 1.807)",0.026293675636363634,1.807
"[1.807, 1.808)",0.03503990285131579,1.808
"[1.808, 1.809)",0.02639824761489362,1.809
"[1.809, 1.81)",0.017708088432608692,1.81
"[1.81, 1.811)",0.026679854995890418,1.811
"[1.811, 1.812)",0.03687195569673912,1.812
"[1.812, 1.813)",0.02883105457831327,1.813
"[1.813, 1.814)",0.031612194770930246,1.814
"[1.814, 1.815)",0.021324699087804884,1.815
"[1.815, 1.816)",0.041030021504,1.816
"[1.816, 1.817)",0.019526816609756102,1.817
"[1.817, 1.818)",0.03597046244547947,1.818
"[1.818, 1.819)",0.023997808708333353,1.819
"[1.819, 1.82)",0.03676653440243903,1.82
"[1.82, 1.821)",0.031111267941025637,1.821
"[1.821, 1.822)",0.02622562942794118,1.822
"[1.822, 1.823)",0.04392453439240507,1.823
"[1.823, 1.824)",0.049488364550000004,1.824
"[1.824, 1.825)",0.026959755640449452,1.825
"[1.825, 1.826)",0.029621057047142855,1.826
"[1.826, 1.827)",0.040260981572619065,1.827
"[1.827, 1.828)",0.02417426253848838,1.828
"[1.828, 1.829)",0.04369355083670887,1.829
"[1.829, 1.83)",0.02767088426442858,1.83
"[1.83, 1.831)",0.03356773528064516,1.831
"[1.831, 1.832)",0.04203306080555556,1.832
"[1.832, 1.833)",0.0188323862883117,1.833
"[1.833, 1.834)",0.015804803591549295,1.834
"[1.834, 1.835)",0.030333837552173913,1.835
"[1.835, 1.836)",0.039196538124999986,1.836
"[1.836, 1.837)",0.0397545890483871,1.837
"[1.837, 1.838)",0.0349479104625,1.838
"[1.838, 1.839)",0.028660523720000004,1.839
"[1.839, 1.84)",0.026124192886363636,1.84
"[1.84, 1.841)",0.01395747495084746,1.841
"[1.841, 1.842)",0.04530529598550725,1.842
"[1.842, 1.843)",0.033353022149552235,1.843
"[1.843, 1.844)",0.02431440493,1.844
"[1.844, 1.845)",0.032135247375949354,1.845
"[1.845, 1.846)",0.03609337432105263,1.846
"[1.846, 1.847)",0.019783198555405408,1.847
"[1.847, 1.848)",0.02649660588750001,1.848
"[1.848, 1.849)",0.016037585520312495,1.849
"[1.849, 1.85)",0.028423004865517246,1.85
"[1.85, 1.851)",0.02178389142266668,1.851
"[1.851, 1.852)",0.03184722716176469,1.852
"[1.852, 1.853)",0.02373932338433735,1.853
"[1.853, 1.854)",0.04626465805333333,1.854
"[1.854, 1.855)",0.03706735112500003,1.855
"[1.855, 1.856)",0.03016570111625,1.856
"[1.856, 1.857)",0.02133021416111111,1.857
"[1.857, 1.858)",0.056082385225806455,1.858
"[1.858, 1.859)",0.06224318606571429,1.859
"[1.859, 1.86)",0.036636891788235294,1.86
"[1.86, 1.861)",0.039269775969230765,1.861
"[1.861, 1.862)",0.03273766400000001,1.862
"[1.862, 1.863)",0.01782512974920634,1.863
"[1.863, 1.864)",0.043024716918918904,1.864
"[1.864, 1.865)",0.026198443344262294,1.865
"[1.865, 1.866)",0.01849542088405798,1.866
"[1.866, 1.867)",0.031439783637681164,1.867
"[1.867, 1.868)",0.053213507981481493,1.868
"[1.868, 1.869)",0.029394605725000002,1.869
"[1.869, 1.87)",0.02555022101298702,1.87
"[1.87, 1.871)",0.02192244945714285,1.871
"[1.871, 1.872)",0.04129848831764708,1.872
"[1.872, 1.873)",0.02208066327941177,1.873
"[1.873, 1.874)",0.02156783887222223,1.874
"[1.874, 1.875)",0.027826601061538468,1.875
"[1.875, 1.8760000000000001)",0.025006945122608707,1.876
"[1.8760000000000001, 1.877)",0.019625749560606077,1.877
"[1.877, 1.8780000000000001)",0.02613688861911765,1.878
"[1.8780000000000001, 1.879)",0.022812557238805976,1.879
"[1.879, 1.8800000000000001)",0.06135047846538463,1.88
"[1.8800000000000001, 1.881)",0.0316905716231884,1.881
"[1.881, 1.8820000000000001)",0.027269234393055564,1.882
"[1.8820000000000001, 1.883)",0.023289770173529418,1.883
"[1.883, 1.8840000000000001)",0.03411814107246378,1.884
"[1.8840000000000001, 1.885)",0.026532902538461536,1.885
"[1.885, 1.8860000000000001)",0.024762006740259742,1.886
"[1.8860000000000001, 1.887)",0.02681010017647061,1.887
"[1.887, 1.8880000000000001)",0.0306312375925926,1.888
"[1.8880000000000001, 1.889)",0.024420739577464788,1.889
"[1.889, 1.8900000000000001)",0.029090681930136992,1.89
"[1.8900000000000001, 1.891)",0.034231305464509795,1.891
"[1.891, 1.8920000000000001)",0.01944601563607596,1.892
"[1.8920000000000001, 1.893)",0.03855099792452832,1.893
"[1.893, 1.8940000000000001)",0.032880316503030305,1.894
"[1.8940000000000001, 1.895)",0.03599385036727274,1.895
"[1.895, 1.8960000000000001)",0.02725818839152544,1.896
"[1.8960000000000001, 1.897)",0.025705350840579722,1.897
"[1.897, 1.8980000000000001)",0.02267218611940298,1.898
"[1.8980000000000001, 1.899)",0.02742196160869565,1.899
"[1.899, 1.9000000000000001)",0.0145372851,1.9
"[1.9000000000000001, 1.901)",0.046499444917142856,1.901
"[1.901, 1.9020000000000001)",0.03611354461754386,1.902
"[1.9020000000000001, 1.903)",0.016719361509302325,1.903
"[1.903, 1.9040000000000001)",0.021673029565000005,1.904
"[1.9040000000000001, 1.905)",0.03617435996428574,1.905
"[1.905, 1.9060000000000001)",0.03756619133968255,1.906
"[1.9060000000000001, 1.907)",0.02884092113461539,1.907
"[1.907, 1.9080000000000001)",0.02848803991785715,1.908
"[1.9080000000000001, 1.909)",0.021292516742105257,1.909
"[1.909, 1.9100000000000001)",0.026576033321874994,1.91
"[1.9100000000000001, 1.911)",0.028339049892452842,1.911
"[1.911, 1.9120000000000001)",0.026603068098360657,1.912
"[1.9120000000000001, 1.913)",0.030248593265822785,1.913
"[1.913, 1.9140000000000001)",0.018547271265625005,1.914
"[1.9140000000000001, 1.915)",0.017893592191212115,1.915
"[1.915, 1.9160000000000001)",0.023186585542105273,1.916
"[1.9160000000000001, 1.917)",0.021886556846153853,1.917
"[1.917, 1.9180000000000001)",0.02040804261643836,1.918
"[1.9180000000000001, 1.919)",0.021623421809523813,1.919
"[1.919, 1.92)",0.026265996142857156,1.92
"[1.92, 1.921)",0.032770436929824565,1.921
"[1.921, 1.922)",0.027018222158730155,1.922
"[1.922, 1.923)",0.02750133746461539,1.923
"[1.923, 1.924)",0.017976392183018865,1.924
"[1.924, 1.925)",0.04067826210937501,1.925
"[1.925, 1.926)",0.03534320025000001,1.926
"[1.926, 1.927)",0.02585809081636365,1.927
"[1.927, 1.928)",0.028737636776,1.928
"[1.928, 1.929)",0.019330432608695654,1.929
"[1.929, 1.93)",0.01887362993548387,1.93
"[1.93, 1.931)",0.03308824709375001,1.931
"[1.931, 1.932)",0.022310701541666672,1.932
"[1.932, 1.933)",0.026900974779999996,1.933
"[1.933, 1.934)",0.02231063323076922,1.934
"[1.934, 1.935)",0.02396018942539683,1.935
"[1.935, 1.936)",0.01802457021052631,1.936
"[1.936, 1.937)",0.03350176823965518,1.937
"[1.937, 1.938)",0.04940037808620689,1.938
"[1.938, 1.939)",0.020854093083333344,1.939
"[1.939, 1.94)",0.026923169675675693,1.94
"[1.94, 1.941)",0.0392382535625,1.941
"[1.941, 1.942)",0.020928152038000004,1.942
"[1.942, 1.943)",0.026690083145614038,1.943
"[1.943, 1.944)",0.030551129315094332,1.944
"[1.944, 1.945)",0.020595718754054047,1.945
"[1.945, 1.946)",0.02466971744918032,1.946
"[1.946, 1.947)",0.03318422634482759,1.947
"[1.947, 1.948)",0.02079731446969697,1.948
"[1.948, 1.949)",0.0383834300447761,1.949
"[1.949, 1.95)",0.041991835467073156,1.95
"[1.95, 1.951)",0.0346713498744304,1.951
"[1.951, 1.952)",0.029899766567692315,1.952
"[1.952, 1.953)",0.03643610391549294,1.953
"[1.953, 1.954)",0.044993301000000006,1.954
"[1.954, 1.955)",0.05318591003484848,1.955
"[1.955, 1.956)",0.03349967698734176,1.956
"[1.956, 1.957)",0.036869304112676055,1.957
"[1.957, 1.958)",0.04266760952857143,1.958
"[1.958, 1.959)",0.03165398921492537,1.959
"[1.959, 1.96)",0.061780722246428575,1.96
"[1.96, 1.961)",0.019951802286956526,1.961
"[1.961, 1.962)",0.03273754118142856,1.962
"[1.962, 1.963)",0.03762013874939757,1.963
"[1.963, 1.964)",0.018736096732142857,1.964
"[1.964, 1.965)",0.038255924263076925,1.965
"[1.965, 1.966)",0.01922873547540984,1.966
"[1.966, 1.967)",0.03750758697260273,1.967
"[1.967, 1.968)",0.028865639540983614,1.968
"[1.968, 1.969)",0.035205909240740754,1.969
"[1.969, 1.97)",0.017715996592187495,1.97
"[1.97, 1.971)",0.03557928151500001,1.971
"[1.971, 1.972)",0.03428587115873016,1.972
"[1.972, 1.973)",0.031891726085897444,1.973
"[1.973, 1.974)",0.04403039211290322,1.974
"[1.974, 1.975)",0.027786528130746283,1.975
"[1.975, 1.976)",0.012460656531250001,1.976
"[1.976, 1.977)",0.05267937676923076,1.977
"[1.977, 1.978)",0.03357743208333336,1.978
"[1.978, 1.979)",0.03173098755714287,1.979
"[1.979, 1.98)",0.028708488013114764,1.98
"[1.98, 1.981)",0.0468354267,1.981
"[1.981, 1.982)",0.048385630690909086,1.982
"[1.982, 1.983)",0.014347399451612902,1.983
"[1.983, 1.984)",0.0313422811935484,1.984
"[1.984, 1.985)",0.03740595612676058,1.985
"[1.985, 1.986)",0.05278092912307692,1.986
"[1.986, 1.987)",0.020683802521739136,1.987
"[1.987, 1.988)",0.06633678944375,1.988
"[1.988, 1.989)",0.04713794746666664,1.989
"[1.989, 1.99)",0.018540031235294113,1.99
"[1.99, 1.991)",0.030417121560975608,1.991
"[1.991, 1.992)",0.038721898218749995,1.992
"[1.992, 1.993)",0.027167253999999995,1.993
"[1.993, 1.994)",0.042847568136363645,1.994
"[1.994, 1.995)",0.047747458075,1.995
"[1.995, 1.996)",0.055487873190000016,1.996
"[1.996, 1.997)",0.06411294443050848,1.997
"[1.997, 1.998)",0.026223976741791048,1.998
"[1.998, 1.999)",0.03695281534761905,1.999
"[1.999, 2.0)",0.039018131302777787,2.0
"[2.0, 2.001)",0.03376840907931034,2.001
"[2.001, 2.0020000000000002)",0.021067119722000004,2.002
"[2.0020000000000002, 2.003)",0.019762678771666667,2.003
"[2.003, 2.004)",0.028649173678787887,2.004
"[2.004, 2.005)",0.028636136907285715,2.005
"[2.005, 2.0060000000000002)",0.019617528484482755,2.006
"[2.0060000000000002, 2.007)",0.031387306667924525,2.007
"[2.007, 2.008)",0.022922978370833333,2.008
"[2.008, 2.009)",0.024352537552380975,2.009
"[2.009, 2.0100000000000002)",0.029493438843137258,2.01
"[2.0100000000000002, 2.011)",0.018324877662962962,2.011
"[2.011, 2.012)",0.03374732236363636,2.012
"[2.012, 2.013)",0.059931334949230766,2.013
"[2.013, 2.0140000000000002)",0.01956172920289856,2.014
"[2.0140000000000002, 2.015)",0.02866791062000001,2.015
"[2.015, 2.016)",0.018501442228301884,2.016
"[2.016, 2.017)",0.030177616037037034,2.017
"[2.017, 2.0180000000000002)",0.047583794644444455,2.018
"[2.0180000000000002, 2.019)",0.01814364222033898,2.019
"[2.019, 2.02)",0.03150920146376813,2.02
"[2.02, 2.021)",0.023639115357812514,2.021
"[2.021, 2.0220000000000002)",0.019052921300000004,2.022
"[2.0220000000000002, 2.023)",0.022974343358974372,2.023
"[2.023, 2.024)",0.03226697210864198,2.024
"[2.024, 2.025)",0.019056127803488376,2.025
"[2.025, 2.0260000000000002)",0.049044725048387104,2.026
"[2.0260000000000002, 2.027)",0.03409847481343283,2.027
"[2.027, 2.028)",0.03439841129122807,2.028
"[2.028, 2.029)",0.03286224015909092,2.029
"[2.029, 2.0300000000000002)",0.014756050968749991,2.03
"[2.0300000000000002, 2.031)",0.029239062270833335,2.031
"[2.031, 2.032)",0.03122928037704918,2.032
"[2.032, 2.033)",0.03153597775714287,2.033
"[2.033, 2.0340000000000003)",0.02686959414772727,2.034
"[2.0340000000000003, 2.035)",0.01655867914137931,2.035
"[2.035, 2.036)",0.0381596365447761,2.036
"[2.036, 2.037)",0.022869510733333345,2.037
"[2.037, 2.0380000000000003)",0.016034901396551723,2.038
"[2.0380000000000003, 2.039)",0.024664839940298507,2.039
"[2.039, 2.04)",0.022722362256206906,2.04
"[2.04, 2.041)",0.01313221808163265,2.041
"[2.041, 2.0420000000000003)",0.05505700434426229,2.042
"[2.0420000000000003, 2.043)",0.04489750377192984,2.043
"[2.043, 2.044)",0.027843540461538474,2.044
"[2.044, 2.045)",0.036922159822580666,2.045
"[2.045, 2.0460000000000003)",0.015576312266666663,2.046
"[2.0460000000000003, 2.047)",0.03747796600434782,2.047
"[2.047, 2.048)",0.014163085276595742,2.048
"[2.048, 2.049)",0.019805079919999993,2.049
"[2.049, 2.05)",0.03956842733846156,2.05
"[2.05, 2.051)",0.017703975291836732,2.051
"[2.051, 2.052)",0.021247519919999996,2.052
"[2.052, 2.053)",0.013423614525000004,2.053
"[2.053, 2.054)",0.02063710631578948,2.054
"[2.054, 2.055)",0.02791851099384616,2.055
"[2.055, 2.056)",0.02877855860882355,2.056
"[2.056, 2.057)",0.04940776771929825,2.057
"[2.057, 2.058)",0.042303049912280705,2.058
"[2.058, 2.059)",0.03291660544142858,2.059
"[2.059, 2.06)",0.03720564669767441,2.06
"[2.06, 2.061)",0.03117701703030303,2.061
"[2.061, 2.062)",0.040183658074999996,2.062
"[2.062, 2.063)",0.0175871127637931,2.063
"[2.063, 2.064)",0.027613569910769235,2.064
"[2.064, 2.065)",0.015846258568823525,2.065
"[2.065, 2.066)",0.029991726339622653,2.066
"[2.066, 2.067)",0.04879526507692307,2.067
"[2.067, 2.068)",0.046449131902040815,2.068
"[2.068, 2.069)",0.024874072306122444,2.069
"[2.069, 2.07)",0.02443427894814815,2.07
"[2.07, 2.071)",0.01648445564851851,2.071
"[2.071, 2.072)",0.028083645564285723,2.072
"[2.072, 2.073)",0.017588154733333333,2.073
"[2.073, 2.074)",0.029510857999999997,2.074
"[2.074, 2.075)",0.029640963655172412,2.075
"[2.075, 2.076)",0.014996413262295087,2.076
"[2.076, 2.077)",0.03560400562037037,2.077
"[2.077, 2.078)",0.0365954578,2.078
"[2.078, 2.079)",0.03224479826086956,2.079
"[2.079, 2.08)",0.02967937982608695,2.08
"[2.08, 2.081)",0.056064018100000015,2.081
"[2.081, 2.082)",0.045759363163265294,2.082
"[2.082, 2.083)",0.024852287866666673,2.083
"[2.083, 2.084)",0.05552538938709677,2.084
"[2.084, 2.085)",0.011097061478181819,2.085
"[2.085, 2.086)",0.05664835437118644,2.086
"[2.086, 2.087)",0.030782270002083337,2.087
"[2.087, 2.088)",0.02884782785961538,2.088
"[2.088, 2.089)",0.02249028104852943,2.089
"[2.089, 2.09)",0.022318203730508475,2.09
"[2.09, 2.091)",0.049626052000000025,2.091
"[2.091, 2.092)",0.0431716715471698,2.092
"[2.092, 2.093)",0.024077177999999994,2.093
"[2.093, 2.094)",0.03563747974285716,2.094
"[2.094, 2.095)",0.025650370520312507,2.095
"[2.095, 2.096)",0.03428200822903227,2.096
"[2.096, 2.097)",0.031442043,2.097
"[2.097, 2.098)",0.0375800555890411,2.098
"[2.098, 2.099)",0.02884188991400001,2.099
"[2.099, 2.1)",0.024188161385507254,2.1
"[2.1, 2.101)",0.013798770215686273,2.101
"[2.101, 2.102)",0.038337062146666656,2.102
"[2.102, 2.103)",0.021955983823529413,2.103
"[2.103, 2.104)",0.023977881666666666,2.104
"[2.104, 2.105)",0.025612096737500006,2.105
"[2.105, 2.106)",0.026086612108333334,2.106
"[2.106, 2.107)",0.04321502042307693,2.107
"[2.107, 2.108)",0.034438259692307696,2.108
"[2.108, 2.109)",0.01620746806382978,2.109
"[2.109, 2.11)",0.02939820738181819,2.11
"[2.11, 2.111)",0.03482964736956523,2.111
"[2.111, 2.112)",0.03996979133333333,2.112
"[2.112, 2.113)",0.024897976404255315,2.113
"[2.113, 2.114)",0.04980759491666667,2.114
"[2.114, 2.115)",0.01338320813157895,2.115
"[2.115, 2.116)",0.04729793166,2.116
"[2.116, 2.117)",0.027288237786111117,2.117
"[2.117, 2.118)",0.019730144998148156,2.118
"[2.118, 2.119)",0.032303569188679236,2.119
"[2.119, 2.12)",0.01740650248717949,2.12
"[2.12, 2.121)",0.03647762015869566,2.121
"[2.121, 2.122)",0.03545716293404257,2.122
"[2.122, 2.123)",0.03337821561860466,2.123
"[2.123, 2.124)",0.04332445902000003,2.124
"[2.124, 2.125)",0.018592685357142858,2.125
"[2.125, 2.126)",0.031720197358208954,2.126
"[2.126, 2.1270000000000002)",0.032747962271666674,2.127
"[2.1270000000000002, 2.128)",0.03718605013400001,2.128
"[2.128, 2.129)",0.026130677357142886,2.129
"[2.129, 2.13)",0.022259436222222224,2.13
"[2.13, 2.1310000000000002)",0.0273726696590909,2.131
"[2.1310000000000002, 2.132)",0.026009684068181826,2.132
"[2.132, 2.133)",0.051758727253191486,2.133
"[2.133, 2.134)",0.03666068810909092,2.134
"[2.134, 2.1350000000000002)",0.04962392,2.135
"[2.1350000000000002, 2.136)",0.022504023298181824,2.136
"[2.136, 2.137)",0.017096718240000003,2.137
"[2.137, 2.138)",0.015129087659090901,2.138
"[2.138, 2.1390000000000002)",0.0342827121875,2.139
"[2.1390000000000002, 2.14)",0.04809853291600001,2.14
"[2.14, 2.141)",0.04691823950754717,2.141
"[2.141, 2.142)",0.042652018391304364,2.142
"[2.142, 2.1430000000000002)",0.024809786240740744,2.143
"[2.1430000000000002, 2.144)",0.02434175823728815,2.144
"[2.144, 2.145)",0.05207061372000001,2.145
"[2.145, 2.146)",0.02860430773684211,2.146
"[2.146, 2.1470000000000002)",0.05412339166666665,2.147
"[2.1470000000000002, 2.148)",0.043054351674600005,2.148
"[2.148, 2.149)",0.028149910017857136,2.149
"[2.149, 2.15)",0.025523533522727272,2.15
"[2.15, 2.1510000000000002)",0.023533179824999997,2.151
"[2.1510000000000002, 2.152)",0.027312433716666678,2.152
"[2.152, 2.153)",0.04242957758695653,2.153
"[2.153, 2.154)",0.027388581695652173,2.154
"[2.154, 2.1550000000000002)",0.012882901264150948,2.155
"[2.1550000000000002, 2.156)",0.03440254925423728,2.156
"[2.156, 2.157)",0.019341336443877543,2.157
"[2.157, 2.158)",0.0194285916,2.158
"[2.158, 2.1590000000000003)",0.03310563582307695,2.159
"[2.1590000000000003, 2.16)",0.021078156128205124,2.16
"[2.16, 2.161)",0.022243105625531914,2.161
"[2.161, 2.162)",0.02485690570689655,2.162
"[2.162, 2.1630000000000003)",0.03418173400952381,2.163
"[2.1630000000000003, 2.164)",0.018498840390243902,2.164
"[2.164, 2.165)",0.03961135532037038,2.165
"[2.165, 2.166)",0.03226063716538462,2.166
"[2.166, 2.1670000000000003)",0.022244864407692303,2.167
"[2.1670000000000003, 2.168)",0.031950145272,2.168
"[2.168, 2.169)",0.02117802198214285,2.169
"[2.169, 2.17)",0.025641429221875,2.17
"[2.17, 2.1710000000000003)",0.02833746180983607,2.171
"[2.1710000000000003, 2.172)",0.025798787925,2.172
"[2.172, 2.173)",0.02309888152790697,2.173
"[2.173, 2.174)",0.025488018219148933,2.174
"[2.174, 2.1750000000000003)",0.018958838738888883,2.175
"[2.1750000000000003, 2.176)",0.01633695764791667,2.176
"[2.176, 2.177)",0.015564361564102564,2.177
"[2.177, 2.178)",0.025457102577777776,2.178
"[2.178, 2.179)",0.03987155408771933,2.179
"[2.179, 2.18)",0.02205529758695652,2.18
"[2.18, 2.181)",0.018467312043478255,2.181
"[2.181, 2.182)",0.02626718658181818,2.182
"[2.182, 2.183)",0.051368583653061226,2.183
"[2.183, 2.184)",0.05242932714150944,2.184
"[2.184, 2.185)",0.039347443125000006,2.185
"[2.185, 2.186)",0.015925677776086958,2.186
"[2.186, 2.187)",0.02190079903333333,2.187
"[2.187, 2.188)",0.03951005566666666,2.188
"[2.188, 2.189)",0.03233601470263157,2.189
"[2.189, 2.19)",0.01825318488235294,2.19
"[2.19, 2.191)",0.020078443711111116,2.191
"[2.191, 2.192)",0.027977961262500003,2.192
"[2.192, 2.193)",0.016161548914285718,2.193
"[2.193, 2.194)",0.050842704447368416,2.194
"[2.194, 2.195)",0.022453924327272723,2.195
"[2.195, 2.196)",0.0191122530877193,2.196
"[2.196, 2.197)",0.04155894844642858,2.197
"[2.197, 2.198)",0.021403201087755105,2.198
"[2.198, 2.199)",0.030619052243902448,2.199
"[2.199, 2.2)",0.02027301389298245,2.2
"[2.2, 2.201)",0.017696010682,2.201
"[2.201, 2.202)",0.025443943347826094,2.202
"[2.202, 2.203)",0.020309792738181818,2.203
"[2.203, 2.204)",0.028735979666666658,2.204
"[2.204, 2.205)",0.022451090239999996,2.205
"[2.205, 2.206)",0.01874286526304348,2.206
"[2.206, 2.207)",0.030976265385365846,2.207
"[2.207, 2.208)",0.021793970711538452,2.208
"[2.208, 2.209)",0.029575930205882346,2.209
"[2.209, 2.21)",0.03996796123600002,2.21
"[2.21, 2.211)",0.04111790394230771,2.211
"[2.211, 2.212)",0.027834710709387755,2.212
"[2.212, 2.213)",0.016053088243902443,2.213
"[2.213, 2.214)",0.03352719275,2.214
"[2.214, 2.215)",0.02829636877777778,2.215
"[2.215, 2.216)",0.040593627957446816,2.216
"[2.216, 2.217)",0.029255815717948712,2.217
"[2.217, 2.218)",0.06367414903030304,2.218
"[2.218, 2.219)",0.054597606627907,2.219
"[2.219, 2.22)",0.0607915890952381,2.22
"[2.22, 2.221)",0.025691545679999993,2.221
"[2.221, 2.222)",0.04050214133902439,2.222
"[2.222, 2.223)",0.02965588697297298,2.223
"[2.223, 2.224)",0.02799067120588235,2.224
"[2.224, 2.225)",0.020709334453265307,2.225
"[2.225, 2.226)",0.037705607519444455,2.226
"[2.226, 2.227)",0.029370602423076916,2.227
"[2.227, 2.228)",0.05216213705,2.228
"[2.228, 2.229)",0.02171979003170213,2.229
"[2.229, 2.23)",0.0360946875787234,2.23
"[2.23, 2.231)",0.03394723445,2.231
"[2.231, 2.232)",0.06000170680952381,2.232
"[2.232, 2.233)",0.030280925476190473,2.233
"[2.233, 2.234)",0.038739727568292685,2.234
"[2.234, 2.235)",0.031245638740740735,2.235
"[2.235, 2.236)",0.02907267321875,2.236
"[2.236, 2.237)",0.03192463504,2.237
"[2.237, 2.238)",0.05139027267346939,2.238
"[2.238, 2.239)",0.037210450048780486,2.239
"[2.239, 2.24)",0.023203659957446814,2.24
"[2.24, 2.241)",0.04724123401636364,2.241
"[2.241, 2.242)",0.03611351136842105,2.242
"[2.242, 2.243)",0.02878327720000001,2.243
"[2.243, 2.244)",0.03516908650000001,2.244
"[2.244, 2.245)",0.029699489902173908,2.245
"[2.245, 2.246)",0.020058334441860462,2.246
"[2.246, 2.247)",0.02520428855555556,2.247
"[2.247, 2.248)",0.021686745370000007,2.248
"[2.248, 2.249)",0.018211052581395347,2.249
"[2.249, 2.25)",0.0236137111,2.25
"[2.25, 2.251)",0.025327950054054055,2.251
"[2.251, 2.2520000000000002)",0.031631647648888886,2.252
"[2.2520000000000002, 2.253)",0.026004116560000002,2.253
"[2.253, 2.254)",0.02773821953333334,2.254
"[2.254, 2.255)",0.04134684011363637,2.255
"[2.255, 2.2560000000000002)",0.03100892870888889,2.256
"[2.2560000000000002, 2.257)",0.0238144513030303,2.257
"[2.257, 2.258)",0.023844435528301886,2.258
"[2.258, 2.259)",0.021091069461538464,2.259
"[2.259, 2.2600000000000002)",0.05293838832339624,2.26
"[2.2600000000000002, 2.261)",0.023762238933333343,2.261
"[2.261, 2.262)",0.017928964466666666,2.262
"[2.262, 2.263)",0.046951084342105265,2.263
"[2.263, 2.2640000000000002)",0.017088545365853653,2.264
"[2.2640000000000002, 2.265)",0.031247776769230767,2.265
"[2.265, 2.266)",0.05931434889285715,2.266
"[2.266, 2.267)",0.0328935996975,2.267
"[2.267, 2.2680000000000002)",0.034049319029411766,2.268
"[2.2680000000000002, 2.269)",0.021965483169444446,2.269
"[2.269, 2.27)",0.058261561411764716,2.27
"[2.27, 2.271)",0.012858207031249999,2.271
"[2.271, 2.2720000000000002)",0.03546280610710526,2.272
"[2.2720000000000002, 2.273)",0.030472802272727268,2.273
"[2.273, 2.274)",0.02407686290624999,2.274
"[2.274, 2.275)",0.047717468675675674,2.275
"[2.275, 2.2760000000000002)",0.011657452083333337,2.276
"[2.2760000000000002, 2.277)",0.048937005974193565,2.277
"[2.277, 2.278)",0.040218647454285716,2.278
"[2.278, 2.279)",0.015525396243243245,2.279
"[2.279, 2.2800000000000002)",0.06694697080465116,2.28
"[2.2800000000000002, 2.281)",0.02890477497142858,2.281
"[2.281, 2.282)",0.012967678193750002,2.282
"[2.282, 2.283)",0.07135818160454546,2.283
"[2.283, 2.2840000000000003)",0.01639609514705883,2.284
"[2.2840000000000003, 2.285)",0.02471918176470588,2.285
"[2.285, 2.286)",0.06921754490909093,2.286
"[2.286, 2.287)",0.02857499727105264,2.287
"[2.287, 2.2880000000000003)",0.036977411761904756,2.288
"[2.2880000000000003, 2.289)",0.02376490294576272,2.289
"[2.289, 2.29)",0.037899381686842114,2.29
"[2.29, 2.291)",0.013504409095238099,2.291
"[2.291, 2.2920000000000003)",0.019459891451219506,2.292
"[2.2920000000000003, 2.293)",0.016663935390243904,2.293
"[2.293, 2.294)",0.048756539309523825,2.294
"[2.294, 2.295)",0.026830343785714292,2.295
"[2.295, 2.2960000000000003)",0.03706624647209302,2.296
"[2.2960000000000003, 2.297)",0.04387339515952382,2.297
"[2.297, 2.298)",0.020994356102564105,2.298
"[2.298, 2.299)",0.024565587760714276,2.299
"[2.299, 2.3000000000000003)",0.02312016457142857,2.3
"[2.3000000000000003, 2.301)",0.024267994499999997,2.301
"[2.301, 2.302)",0.012005461988571433,2.302
"[2.302, 2.303)",0.013575929027777777,2.303
"[2.303, 2.3040000000000003)",0.03219665946585366,2.304
"[2.3040000000000003, 2.305)",0.015543773088888891,2.305
"[2.305, 2.306)",0.035098998451020415,2.306
"[2.306, 2.307)",0.03281461089999999,2.307
"[2.307, 2.308)",0.02891210067,2.308
"[2.308, 2.309)",0.02556874477419355,2.309
"[2.309, 2.31)",0.010608508599999995,2.31
"[2.31, 2.311)",0.03377127259090909,2.311
"[2.311, 2.312)",0.013031120049999997,2.312
"[2.312, 2.313)",0.023363846971428574,2.313
"[2.313, 2.314)",0.046486273285714294,2.314
"[2.314, 2.315)",0.07069677195348838,2.315
"[2.315, 2.316)",0.03336160215348837,2.316
"[2.316, 2.317)",0.06033695992499999,2.317
"[2.317, 2.318)",0.026354319239130442,2.318
"[2.318, 2.319)",0.03307331940294117,2.319
"[2.319, 2.32)",0.010456200750000002,2.32
"[2.32, 2.321)",0.04393461141142856,2.321
"[2.321, 2.322)",0.037590999363636364,2.322
"[2.322, 2.323)",0.00951164161111111,2.323
"[2.323, 2.324)",0.01764780488888889,2.324
"[2.324, 2.325)",0.030924723590909097,2.325
"[2.325, 2.326)",0.03439548936363636,2.326
"[2.326, 2.327)",0.03793187437872342,2.327
"[2.327, 2.328)",0.03591830317777779,2.328
"[2.328, 2.329)",0.04458296991666666,2.329
"[2.329, 2.33)",0.05461300223076924,2.33
"[2.33, 2.331)",0.029968090812499997,2.331
"[2.331, 2.332)",0.027390851999999997,2.332
"[2.332, 2.333)",0.01538140870980392,2.333
"[2.333, 2.334)",0.03254849831034482,2.334
"[2.334, 2.335)",0.0367371559659091,2.335
"[2.335, 2.336)",0.03084889572222222,2.336
"[2.336, 2.337)",0.013194826059259257,2.337
"[2.337, 2.338)",0.030147980172413793,2.338
"[2.338, 2.339)",0.015225145878787878,2.339
"[2.339, 2.34)",0.015008569423076925,2.34
"[2.34, 2.341)",0.059235522975609765,2.341
"[2.341, 2.342)",0.0367352678139535,2.342
"[2.342, 2.343)",0.020352648695652172,2.343
"[2.343, 2.344)",0.030454016,2.344
"[2.344, 2.345)",0.024487099199999994,2.345
"[2.345, 2.346)",0.0334012219375,2.346
"[2.346, 2.347)",0.024477174114999996,2.347
"[2.347, 2.348)",0.058327292397368426,2.348
"[2.348, 2.349)",0.019890105481481485,2.349
"[2.349, 2.35)",0.031011401054054064,2.35
"[2.35, 2.351)",0.0363964836,2.351
"[2.351, 2.352)",0.05595038830697673,2.352
"[2.352, 2.353)",0.04609371988888891,2.353
"[2.353, 2.354)",0.007129677833333333,2.354
"[2.354, 2.355)",0.007482420696969696,2.355
"[2.355, 2.356)",0.02204394681785715,2.356
"[2.356, 2.357)",0.01947989244772727,2.357
"[2.357, 2.358)",0.053502465647058815,2.358
"[2.358, 2.359)",0.02287022993333333,2.359
"[2.359, 2.36)",0.02238495288918919,2.36
"[2.36, 2.361)",0.016799805024999996,2.361
"[2.361, 2.362)",0.027825822636363642,2.362
"[2.362, 2.363)",0.030585654634285708,2.363
"[2.363, 2.364)",0.0222406246,2.364
"[2.364, 2.365)",0.026600104259259256,2.365
"[2.365, 2.366)",0.021145840631578944,2.366
"[2.366, 2.367)",0.01987993714814815,2.367
"[2.367, 2.368)",0.045571175106451624,2.368
"[2.368, 2.369)",0.02824784242051282,2.369
"[2.369, 2.37)",0.043588170454545466,2.37
"[2.37, 2.371)",0.032122166068965514,2.371
"[2.371, 2.372)",0.02744890304,2.372
"[2.372, 2.373)",0.019602989540540537,2.373
"[2.373, 2.374)",0.025192787468085093,2.374
"[2.374, 2.375)",0.017506340580645166,2.375
"[2.375, 2.376)",0.02806519901960785,2.376
"[2.376, 2.3770000000000002)",0.033886487973684216,2.377
"[2.3770000000000002, 2.378)",0.02536311583333333,2.378
"[2.378, 2.379)",0.017552744694444445,2.379
"[2.379, 2.38)",0.020080668555555556,2.38
"[2.38, 2.3810000000000002)",0.017079199152499995,2.381
"[2.3810000000000002, 2.382)",0.022173974359999998,2.382
"[2.382, 2.383)",0.018828567110714293,2.383
"[2.383, 2.384)",0.027366343692105256,2.384
"[2.384, 2.3850000000000002)",0.021426291335135135,2.385
"[2.3850000000000002, 2.386)",0.018838091299999995,2.386
"[2.386, 2.387)",0.03339164987096774,2.387
"[2.387, 2.388)",0.02236327089361702,2.388
"[2.388, 2.3890000000000002)",0.012261865565217389,2.389
"[2.3890000000000002, 2.39)",0.017947153314285716,2.39
"[2.39, 2.391)",0.028409591448275852,2.391
"[2.391, 2.392)",0.01354768964705883,2.392
"[2.392, 2.3930000000000002)",0.03580931918571428,2.393
"[2.3930000000000002, 2.394)",0.024759319826086958,2.394
"[2.394, 2.395)",0.01574712102941176,2.395
"[2.395, 2.396)",0.03621965454285714,2.396
"[2.396, 2.3970000000000002)",0.02555262818333333,2.397
"[2.3970000000000002, 2.398)",0.028351352551282048,2.398
"[2.398, 2.399)",0.027786110047368407,2.399
"[2.399, 2.4)",0.03508306384565218,2.4
"[2.4, 2.4010000000000002)",0.01986322410810811,2.401
"[2.4010000000000002, 2.402)",0.025350314857142852,2.402
"[2.402, 2.403)",0.01430033950227272,2.403
"[2.403, 2.404)",0.02253350541176471,2.404
"[2.404, 2.4050000000000002)",0.034307721302857135,2.405
"[2.4050000000000002, 2.406)",0.008847372749999997,2.406
"[2.406, 2.407)",0.027308107133333325,2.407
"[2.407, 2.408)",0.032692728649999996,2.408
"[2.408, 2.4090000000000003)",0.018162321507692314,2.409
"[2.4090000000000003, 2.41)",0.025065456914285716,2.41
"[2.41, 2.411)",0.02313787185714285,2.411
"[2.411, 2.412)",0.05462038550000001,2.412
"[2.412, 2.4130000000000003)",0.02872691425806451,2.413
"[2.4130000000000003, 2.414)",0.014335591928571432,2.414
"[2.414, 2.415)",0.025858631486486483,2.415
"[2.415, 2.416)",0.018600092842105263,2.416
"[2.416, 2.4170000000000003)",0.021758492,2.417
"[2.4170000000000003, 2.418)",0.026280481414999998,2.418
"[2.418, 2.419)",0.019981823309523805,2.419
"[2.419, 2.42)",0.006539107653846155,2.42
"[2.42, 2.4210000000000003)",0.03614821168888889,2.421
"[2.4210000000000003, 2.422)",0.019998323289655177,2.422
"[2.422, 2.423)",0.025900374291666677,2.423
"[2.423, 2.424)",0.026968228371428565,2.424
"[2.424, 2.4250000000000003)",0.014137201161290325,2.425
"[2.4250000000000003, 2.426)",0.05014013398780489,2.426
"[2.426, 2.427)",0.02262076319444444,2.427
"[2.427, 2.428)",0.022535345694444445,2.428
"[2.428, 2.4290000000000003)",0.0164604158,2.429
"[2.4290000000000003, 2.43)",0.0799588291409091,2.43
"[2.43, 2.431)",0.022685459824000005,2.431
"[2.431, 2.432)",0.02794165546969698,2.432
"[2.432, 2.433)",0.03238600608285715,2.433
"[2.433, 2.434)",0.04437403892978726,2.434
"[2.434, 2.435)",0.021541434458333328,2.435
"[2.435, 2.436)",0.009732649606000005,2.436
"[2.436, 2.437)",0.036200392872340434,2.437
"[2.437, 2.438)",0.03017497764871795,2.438
"[2.438, 2.439)",0.03679565676744186,2.439
"[2.439, 2.44)",0.018854451156249997,2.44
"[2.44, 2.441)",0.009698647371428578,2.441
"[2.441, 2.442)",0.044818391931818184,2.442
"[2.442, 2.443)",0.017708020146874993,2.443
"[2.443, 2.444)",0.030327936058823526,2.444
"[2.444, 2.445)",0.02386508990555556,2.445
"[2.445, 2.446)",0.019066446354838708,2.446
"[2.446, 2.447)",0.03917361023170733,2.447
"[2.447, 2.448)",0.040247371089130436,2.448
"[2.448, 2.449)",0.03157837791777777,2.449
"[2.449, 2.45)",0.03258724766578946,2.45
"[2.45, 2.451)",0.059050034742857145,2.451
"[2.451, 2.452)",0.027315712411764708,2.452
"[2.452, 2.453)",0.023440371973684197,2.453
"[2.453, 2.454)",0.013237365000000003,2.454
"[2.454, 2.455)",0.06890248942121212,2.455
"[2.455, 2.456)",0.022619186200000006,2.456
"[2.456, 2.457)",0.013887155894736845,2.457
"[2.457, 2.458)",0.04285161515111112,2.458
"[2.458, 2.459)",0.030950058517777792,2.459
"[2.459, 2.46)",0.02256732497560975,2.46
"[2.46, 2.461)",0.017889516514285712,2.461
"[2.461, 2.462)",0.03024282895555556,2.462
"[2.462, 2.463)",0.015830468711538457,2.463
"[2.463, 2.464)",0.029682438000000005,2.464
"[2.464, 2.465)",0.01580729997142857,2.465
"[2.465, 2.466)",0.03207478994117647,2.466
"[2.466, 2.467)",0.018927811289655164,2.467
"[2.467, 2.468)",0.037965098382978735,2.468
"[2.468, 2.469)",0.028213283379310353,2.469
"[2.469, 2.47)",0.022809518246666674,2.47
"[2.47, 2.471)",0.06575875180952383,2.471
"[2.471, 2.472)",0.02735349929821429,2.472
"[2.472, 2.473)",0.040191204113953494,2.473
"[2.473, 2.474)",0.009507767815483873,2.474
"[2.474, 2.475)",0.020744122262499998,2.475
"[2.475, 2.476)",0.024779151935555552,2.476
"[2.476, 2.477)",0.05040767639166666,2.477
"[2.477, 2.478)",0.030615617448,2.478
"[2.478, 2.479)",0.02818115645945946,2.479
"[2.479, 2.48)",0.041267369161363636,2.48
"[2.48, 2.481)",0.02242681765,2.481
"[2.481, 2.482)",0.04163827784090909,2.482
"[2.482, 2.483)",0.024695548936000008,2.483
"[2.483, 2.484)",0.024238144680645165,2.484
"[2.484, 2.485)",0.05170323647619048,2.485
"[2.485, 2.486)",0.028599428,2.486
"[2.486, 2.487)",0.018924674595238094,2.487
"[2.487, 2.488)",0.025202113524999993,2.488
"[2.488, 2.489)",0.03210361786060606,2.489
"[2.489, 2.49)",0.034349482104878065,2.49
"[2.49, 2.491)",0.037188223000000006,2.491
"[2.491, 2.492)",0.022722163506818185,2.492
"[2.492, 2.493)",0.04189657681081081,2.493
"[2.493, 2.494)",0.03845380677777778,2.494
"[2.494, 2.495)",0.020282238038461534,2.495
"[2.495, 2.496)",0.04823500174285715,2.496
"[2.496, 2.497)",0.033773698011666665,2.497
"[2.497, 2.498)",0.03418645264705882,2.498
"[2.498, 2.499)",0.024130215851351347,2.499
"[2.499, 2.5)",0.026999010600000005,2.5
"[2.5, 2.501)",0.01654168556756756,2.501
"[2.501, 2.5020000000000002)",0.027746621807894736,2.502
"[2.5020000000000002, 2.503)",0.050387106007142864,2.503
"[2.503, 2.504)",0.0252319845,2.504
"[2.504, 2.505)",0.06964216155882352,2.505
"[2.505, 2.5060000000000002)",0.0247018244516129,2.506
"[2.5060000000000002, 2.507)",0.021999763896296296,2.507
"[2.507, 2.508)",0.06209345546428572,2.508
"[2.508, 2.509)",0.026707342742857132,2.509
"[2.509, 2.5100000000000002)",0.06140511651764706,2.51
"[2.5100000000000002, 2.511)",0.02855086370588235,2.511
"[2.511, 2.512)",0.0553935623,2.512
"[2.512, 2.513)",0.027687692592,2.513
"[2.513, 2.5140000000000002)",0.029283431170833332,2.514
"[2.5140000000000002, 2.515)",0.02670923485142857,2.515
"[2.515, 2.516)",0.021730486458333326,2.516
"[2.516, 2.517)",0.027341748229411763,2.517
"[2.517, 2.5180000000000002)",0.03065824931818182,2.518
"[2.5180000000000002, 2.519)",0.021863472887500002,2.519
"[2.519, 2.52)",0.030034369321428583,2.52
"[2.52, 2.521)",0.0181212664125,2.521
"[2.521, 2.5220000000000002)",0.02521201273913044,2.522
"[2.5220000000000002, 2.523)",0.06383070326666668,2.523
"[2.523, 2.524)",0.028052669555555545,2.524
"[2.524, 2.525)",0.02727660149772727,2.525
"[2.525, 2.5260000000000002)",0.03246983587837839,2.526
"[2.5260000000000002, 2.527)",0.025684911289473682,2.527
"[2.527, 2.528)",0.0228285955862069,2.528
"[2.528, 2.529)",0.0830969978076923,2.529
"[2.529, 2.5300000000000002)",0.021506721415909095,2.53
"[2.5300000000000002, 2.531)",0.015708398636363637,2.531
"[2.531, 2.532)",0.024678111184210528,2.532
"[2.532, 2.533)",0.0296251407948718,2.533
"[2.533, 2.5340000000000003)",0.05808269621282052,2.534
"[2.5340000000000003, 2.535)",0.02690656044722222,2.535
"[2.535, 2.536)",0.056184153911764706,2.536
"[2.536, 2.537)",0.041820238772727274,2.537
"[2.537, 2.5380000000000003)",0.015622514121212126,2.538
"[2.5380000000000003, 2.539)",0.017667909028571422,2.539
"[2.539, 2.54)",0.024703097809374998,2.54
"[2.54, 2.541)",0.026273159948387092,2.541
"[2.541, 2.5420000000000003)",0.01812816370588236,2.542
"[2.5420000000000003, 2.543)",0.03163297719512195,2.543
"[2.543, 2.544)",0.03343523037142858,2.544
"[2.544, 2.545)",0.027119866999999995,2.545
"[2.545, 2.5460000000000003)",0.0255207723102564,2.546
"[2.5460000000000003, 2.547)",0.037983537361702124,2.547
"[2.547, 2.548)",0.03619441737931033,2.548
"[2.548, 2.549)",0.04708182452499999,2.549
"[2.549, 2.5500000000000003)",0.027052617650000006,2.55
"[2.5500000000000003, 2.551)",0.029140480656250002,2.551
"[2.551, 2.552)",0.04004540772702703,2.552
"[2.552, 2.553)",0.03715917644117648,2.553
"[2.553, 2.5540000000000003)",0.014899069878787882,2.554
"[2.5540000000000003, 2.555)",0.03130648300277778,2.555
"[2.555, 2.556)",0.0358033064,2.556
"[2.556, 2.557)",0.012036471452500001,2.557
"[2.557, 2.5580000000000003)",0.022707490690624995,2.558
"[2.5580000000000003, 2.559)",0.043908061911764724,2.559
"[2.559, 2.56)",0.023040003074074073,2.56
"[2.56, 2.561)",0.039562503794117666,2.561
"[2.561, 2.562)",0.0267455395,2.562
"[2.562, 2.563)",0.010988746473333335,2.563
"[2.563, 2.564)",0.032465533278260864,2.564
"[2.564, 2.565)",0.012878021482857141,2.565
"[2.565, 2.566)",0.015681468062000003,2.566
"[2.566, 2.567)",0.04975602062258066,2.567
"[2.567, 2.568)",0.052439447156250006,2.568
"[2.568, 2.569)",0.019992468333333333,2.569
"[2.569, 2.57)",0.0262357617037037,2.57
"[2.57, 2.571)",0.02370362745416667,2.571
"[2.571, 2.572)",0.02906081275757576,2.572
"[2.572, 2.573)",0.02800020904444444,2.573
"[2.573, 2.574)",0.04723728484210526,2.574
"[2.574, 2.575)",0.050968095266666666,2.575
"[2.575, 2.576)",0.020976997586206896,2.576
"[2.576, 2.577)",0.030237047472222216,2.577
"[2.577, 2.578)",0.023293906205882356,2.578
"[2.578, 2.579)",0.05232448137142858,2.579
"[2.579, 2.58)",0.041160936369565235,2.58
"[2.58, 2.581)",0.02813640478571427,2.581
"[2.581, 2.582)",0.09316330692857143,2.582
"[2.582, 2.583)",0.039755959003030306,2.583
"[2.583, 2.584)",0.014831492714285716,2.584
"[2.584, 2.585)",0.01890422258333334,2.585
"[2.585, 2.586)",0.02413263741612903,2.586
"[2.586, 2.587)",0.043793005161290324,2.587
"[2.587, 2.588)",0.04594118016666667,2.588
"[2.588, 2.589)",0.020374581,2.589
"[2.589, 2.59)",0.025582384172413788,2.59
"[2.59, 2.591)",0.04240389836222223,2.591
"[2.591, 2.592)",0.028038157999999997,2.592
"[2.592, 2.593)",0.014716832907317078,2.593
"[2.593, 2.594)",0.013538443464285716,2.594
"[2.594, 2.595)",0.029317135176470586,2.595
"[2.595, 2.596)",0.03468301006666666,2.596
"[2.596, 2.597)",0.03172351352777778,2.597
"[2.597, 2.598)",0.02423022676666666,2.598
"[2.598, 2.599)",0.027731126478260867,2.599
"[2.599, 2.6)",0.025014918466666664,2.6
"[2.6, 2.601)",0.01603299184,2.601
"[2.601, 2.602)",0.057056342038461556,2.602
"[2.602, 2.603)",0.022826084217391306,2.603
"[2.603, 2.604)",0.019202559466666668,2.604
"[2.604, 2.605)",0.021145694721428573,2.605
"[2.605, 2.606)",0.024880555391304352,2.606
"[2.606, 2.607)",0.018321068392857142,2.607
"[2.607, 2.608)",0.06552157709090911,2.608
"[2.608, 2.609)",0.006150662666666667,2.609
"[2.609, 2.61)",0.029807813964285706,2.61
"[2.61, 2.611)",0.01217922139130435,2.611
"[2.611, 2.612)",0.011676905590909092,2.612
"[2.612, 2.613)",0.019866076481481483,2.613
"[2.613, 2.614)",0.027181778526315793,2.614
"[2.614, 2.615)",0.024226806105263166,2.615
"[2.615, 2.616)",0.0309834952413793,2.616
"[2.616, 2.617)",0.06077541557692308,2.617
"[2.617, 2.618)",0.03176143081481481,2.618
"[2.618, 2.619)",0.05436216163999999,2.619
"[2.619, 2.62)",0.024437268512500002,2.62
"[2.62, 2.621)",0.0402649891923077,2.621
"[2.621, 2.622)",0.06022956716666667,2.622
"[2.622, 2.623)",0.04434974466666666,2.623
"[2.623, 2.624)",0.035590392,2.624
"[2.624, 2.625)",0.02631439822580645,2.625
"[2.625, 2.626)",0.011506803761538464,2.626
"[2.626, 2.6270000000000002)",0.014317684147058824,2.627
"[2.6270000000000002, 2.628)",0.029001382665517238,2.628
"[2.628, 2.629)",0.03103238026923077,2.629
"[2.629, 2.63)",0.02313996225517241,2.63
"[2.63, 2.6310000000000002)",0.018987386471428568,2.631
"[2.6310000000000002, 2.632)",0.013337419961538461,2.632
"[2.632, 2.633)",0.038008113823999996,2.633
"[2.633, 2.634)",0.04098405521739129,2.634
"[2.634, 2.6350000000000002)",0.07322751121904762,2.635
"[2.6350000000000002, 2.636)",0.00863607711578947,2.636
"[2.636, 2.637)",0.025519008204651167,2.637
"[2.637, 2.638)",0.06547326166153847,2.638
"[2.638, 2.6390000000000002)",0.020463579333333332,2.639
"[2.6390000000000002, 2.64)",0.029835214470588234,2.64
"[2.64, 2.641)",0.021840977681818183,2.641
"[2.641, 2.642)",0.022137442863636364,2.642
"[2.642, 2.6430000000000002)",0.01178342953333333,2.643
"[2.6430000000000002, 2.644)",0.032353373678571426,2.644
"[2.644, 2.645)",0.037451858318181826,2.645
"[2.645, 2.646)",0.013377580853333336,2.646
"[2.646, 2.6470000000000002)",0.025860049172413795,2.647
"[2.6470000000000002, 2.648)",0.016485484851851855,2.648
"[2.648, 2.649)",0.04565041845454545,2.649
"[2.649, 2.65)",0.04136946905555556,2.65
"[2.65, 2.6510000000000002)",0.019585187851909085,2.651
"[2.6510000000000002, 2.652)",0.047450434771874994,2.652
"[2.652, 2.653)",0.014640807866666671,2.653
"[2.653, 2.654)",0.017763897920000004,2.654
"[2.654, 2.6550000000000002)",0.008672291484210523,2.655
"[2.6550000000000002, 2.656)",0.0573457873809524,2.656
"[2.656, 2.657)",0.03515718944,2.657
"[2.657, 2.658)",0.016736683673076923,2.658
"[2.658, 2.6590000000000003)",0.02111289431818182,2.659
"[2.6590000000000003, 2.66)",0.029074062227272726,2.66
"[2.66, 2.661)",0.009654812185185184,2.661
"[2.661, 2.662)",0.0195066717175,2.662
"[2.662, 2.6630000000000003)",0.030190223759999992,2.663
"[2.6630000000000003, 2.664)",0.046822157541176475,2.664
"[2.664, 2.665)",0.03771939575769231,2.665
"[2.665, 2.666)",0.038447649969230765,2.666
"[2.666, 2.6670000000000003)",0.02555364857272728,2.667
"[2.6670000000000003, 2.668)",0.02458282824137931,2.668
"[2.668, 2.669)",0.043726337320909074,2.669
"[2.669, 2.67)",0.012632668548387101,2.67
"[2.67, 2.6710000000000003)",0.03691164971428572,2.671
"[2.6710000000000003, 2.672)",0.028801793476470577,2.672
"[2.672, 2.673)",0.02846096085714286,2.673
"[2.673, 2.674)",0.016348412146428574,2.674
"[2.674, 2.6750000000000003)",0.05289414247058824,2.675
"[2.6750000000000003, 2.676)",0.037084270466666666,2.676
"[2.676, 2.677)",0.02549355337209302,2.677
"[2.677, 2.678)",0.017823804130434783,2.678
"[2.678, 2.6790000000000003)",0.01878184568529412,2.679
"[2.6790000000000003, 2.68)",0.028692680419354834,2.68
"[2.68, 2.681)",0.04249959567333333,2.681
"[2.681, 2.682)",0.015278798166666668,2.682
"[2.682, 2.6830000000000003)",0.026632781828571428,2.683
"[2.6830000000000003, 2.684)",0.034105622545454545,2.684
"[2.684, 2.685)",0.02312497525806452,2.685
"[2.685, 2.686)",0.027954672260869565,2.686
"[2.686, 2.6870000000000003)",0.037953676742857136,2.687
"[2.6870000000000003, 2.688)",0.021089239760000003,2.688
"[2.688, 2.689)",0.011301987928571428,2.689
"[2.689, 2.69)",0.018045524625,2.69
"[2.69, 2.691)",0.0239829182328,2.691
"[2.691, 2.692)",0.038934360285714294,2.692
"[2.692, 2.693)",0.023945303,2.693
"[2.693, 2.694)",0.032527432849999996,2.694
"[2.694, 2.695)",0.07846693003703704,2.695
"[2.695, 2.696)",0.030331373499999995,2.696
"[2.696, 2.697)",0.024882183527999997,2.697
"[2.697, 2.698)",0.027388759750000005,2.698
"[2.698, 2.699)",0.047567605596,2.699
"[2.699, 2.7)",0.024708118277777774,2.7
"[2.7, 2.701)",0.029287111440000003,2.701
"[2.701, 2.702)",0.020702834766666674,2.702
"[2.702, 2.703)",0.016479117047619046,2.703
"[2.703, 2.704)",0.02984863580952381,2.704
"[2.704, 2.705)",0.016358556615384615,2.705
"[2.705, 2.706)",0.0309281414823077,2.706
"[2.706, 2.707)",0.0214841507875,2.707
"[2.707, 2.708)",0.03214930922727272,2.708
"[2.708, 2.709)",0.011862484342857145,2.709
"[2.709, 2.71)",0.008689082619047618,2.71
"[2.71, 2.711)",0.02487932300555556,2.711
"[2.711, 2.712)",0.01941243296551724,2.712
"[2.712, 2.713)",0.015936154910526315,2.713
"[2.713, 2.714)",0.025687960365517237,2.714
"[2.714, 2.715)",0.01902809157142857,2.715
"[2.715, 2.716)",0.013054309666666672,2.716
"[2.716, 2.717)",0.014494613889565215,2.717
"[2.717, 2.718)",0.06609678045454546,2.718
"[2.718, 2.719)",0.07127503007096775,2.719
"[2.719, 2.72)",0.032089553496666666,2.72
"[2.72, 2.721)",0.015585568373333332,2.721
"[2.721, 2.722)",0.031372087,2.722
"[2.722, 2.723)",0.03710497824,2.723
"[2.723, 2.724)",0.01968100666818182,2.724
"[2.724, 2.725)",0.036444138214285715,2.725
"[2.725, 2.726)",0.02627334124761905,2.726
"[2.726, 2.727)",0.019653913352941175,2.727
"[2.727, 2.728)",0.024405726499999995,2.728
"[2.728, 2.729)",0.038798801941176464,2.729
"[2.729, 2.73)",0.04311500717696971,2.73
"[2.73, 2.731)",0.010350972679999997,2.731
"[2.731, 2.732)",0.02444674495964285,2.732
"[2.732, 2.733)",0.04486278933333333,2.733
"[2.733, 2.734)",0.061226444482608694,2.734
"[2.734, 2.735)",0.01915279543888889,2.735
"[2.735, 2.736)",0.09857371176923078,2.736
"[2.736, 2.737)",0.017692439869696975,2.737
"[2.737, 2.738)",0.036853340916666665,2.738
"[2.738, 2.739)",0.040294512238095236,2.739
"[2.739, 2.74)",0.01149464690909091,2.74
"[2.74, 2.741)",0.013422682292000004,2.741
"[2.741, 2.742)",0.024100969481481476,2.742
"[2.742, 2.743)",0.04052863772000001,2.743
"[2.743, 2.744)",0.01721648875,2.744
"[2.744, 2.745)",0.04820755849999998,2.745
"[2.745, 2.746)",0.027821055291666664,2.746
"[2.746, 2.747)",0.10277244100666666,2.747
"[2.747, 2.748)",0.017182219178571427,2.748
"[2.748, 2.749)",0.01912611662608696,2.749
"[2.749, 2.75)",0.036250318923076924,2.75
"[2.75, 2.751)",0.07088122411,2.751
"[2.751, 2.7520000000000002)",0.017543439080000004,2.752
"[2.7520000000000002, 2.753)",0.05294925485600003,2.753
"[2.753, 2.754)",0.016743127,2.754
"[2.754, 2.755)",0.032390054412499994,2.755
"[2.755, 2.7560000000000002)",0.06109020062499999,2.756
"[2.7560000000000002, 2.757)",0.032882858438095235,2.757
"[2.757, 2.758)",0.0150136214375,2.758
"[2.758, 2.759)",0.015480158639999998,2.759
"[2.759, 2.7600000000000002)",0.03331649495238095,2.76
"[2.7600000000000002, 2.761)",0.0567100758125,2.761
"[2.761, 2.762)",0.0509067713,2.762
"[2.762, 2.763)",0.06783960834615387,2.763
"[2.763, 2.7640000000000002)",0.024384455812500004,2.764
"[2.7640000000000002, 2.765)",0.028587853434782616,2.765
"[2.765, 2.766)",0.05131249935238095,2.766
"[2.766, 2.767)",0.017494904807692307,2.767
"[2.767, 2.7680000000000002)",0.012234848037894737,2.768
"[2.7680000000000002, 2.769)",0.027992220944444448,2.769
"[2.769, 2.77)",0.021687457259259267,2.77
"[2.77, 2.771)",0.02868061872,2.771
"[2.771, 2.7720000000000002)",0.07746879614,2.772
"[2.7720000000000002, 2.773)",0.04871383278421052,2.773
"[2.773, 2.774)",0.010859755166666665,2.774
"[2.774, 2.775)",0.03547740737777777,2.775
"[2.775, 2.7760000000000002)",0.033325499105263154,2.776
"[2.7760000000000002, 2.777)",0.029421869105263156,2.777
"[2.777, 2.778)",0.017828148650000004,2.778
"[2.778, 2.779)",0.024602188260869563,2.779
"[2.779, 2.7800000000000002)",0.022594464999999994,2.78
"[2.7800000000000002, 2.781)",0.018806756233333333,2.781
"[2.781, 2.782)",0.03718162763636363,2.782
"[2.782, 2.783)",0.02206637222727273,2.783
"[2.783, 2.7840000000000003)",0.030034138687499996,2.784
"[2.7840000000000003, 2.785)",0.01319441208,2.785
"[2.785, 2.786)",0.0121450956,2.786
"[2.786, 2.787)",0.030580572131250004,2.787
"[2.787, 2.7880000000000003)",0.02572271669565218,2.788
"[2.7880000000000003, 2.789)",0.06720767646153845,2.789
"[2.789, 2.79)",0.01607301805263158,2.79
"[2.79, 2.791)",0.02709815802333333,2.791
"[2.791, 2.7920000000000003)",0.027609128777777783,2.792
"[2.7920000000000003, 2.793)",0.02834444855555556,2.793
"[2.793, 2.794)",0.012621035374999997,2.794
"[2.794, 2.795)",0.02321951631818182,2.795
"[2.795, 2.7960000000000003)",0.013423702949999996,2.796
"[2.7960000000000003, 2.797)",0.08146221684210526,2.797
"[2.797, 2.798)",0.042483414159999996,2.798
"[2.798, 2.799)",0.03180731980952382,2.799
"[2.799, 2.8000000000000003)",0.02579626720689655,2.8
"[2.8000000000000003, 2.801)",0.017916548353846155,2.801
"[2.801, 2.802)",0.050431213578947365,2.802
"[2.802, 2.803)",0.02494560673913043,2.803
"[2.803, 2.8040000000000003)",0.026668986050666664,2.804
"[2.8040000000000003, 2.805)",0.04156984855555555,2.805
"[2.805, 2.806)",0.03083136255555556,2.806
"[2.806, 2.807)",0.012840104166666666,2.807
"[2.807, 2.8080000000000003)",0.017198602066666666,2.808
"[2.8080000000000003, 2.809)",0.011637040695652176,2.809
"[2.809, 2.81)",0.01741250657142857,2.81
"[2.81, 2.811)",0.011427175250000001,2.811
"[2.811, 2.8120000000000003)",0.016982239565000005,2.812
"[2.8120000000000003, 2.813)",0.010185490125000002,2.813
"[2.813, 2.814)",0.02885699066666667,2.814
"[2.814, 2.815)",0.052810196187500005,2.815
"[2.815, 2.816)",0.013876228923076927,2.816
"[2.816, 2.817)",0.10947864497714287,2.817
"[2.817, 2.818)",0.026163414918181818,2.818
"[2.818, 2.819)",0.027444420551724132,2.819
"[2.819, 2.82)",0.008670416133333334,2.82
"[2.82, 2.821)",0.034657344444444446,2.821
"[2.821, 2.822)",0.04405144272727273,2.822
"[2.822, 2.823)",0.017988142000000002,2.823
"[2.823, 2.824)",0.1136802921875,2.824
"[2.824, 2.825)",0.04414101981764705,2.825
"[2.825, 2.826)",0.009351000275000002,2.826
"[2.826, 2.827)",0.01057417223076923,2.827
"[2.827, 2.828)",0.027117768750000004,2.828
"[2.828, 2.829)",0.013420832625,2.829
"[2.829, 2.83)",0.05662178553333334,2.83
"[2.83, 2.831)",0.025639175729999998,2.831
"[2.831, 2.832)",0.044201532866666664,2.832
"[2.832, 2.833)",0.032847652166666665,2.833
"[2.833, 2.834)",0.10896473328571428,2.834
"[2.834, 2.835)",0.0322826605625,2.835
"[2.835, 2.836)",0.01417380365,2.836
"[2.836, 2.837)",0.00985060123076923,2.837
"[2.837, 2.838)",0.013917640257142858,2.838
"[2.838, 2.839)",0.030598262666666667,2.839
"[2.839, 2.84)",0.030570863564285716,2.84
"[2.84, 2.841)",0.02467200090909091,2.841
"[2.841, 2.842)",0.0277391192,2.842
"[2.842, 2.843)",0.02324180177647059,2.843
"[2.843, 2.844)",0.018263640272727272,2.844
"[2.844, 2.845)",0.014859544454545454,2.845
"[2.845, 2.846)",0.04243475583333334,2.846
"[2.846, 2.847)",0.011491185571428572,2.847
"[2.847, 2.848)",0.019687094416666665,2.848
"[2.848, 2.849)",0.008762447900000001,2.849
"[2.849, 2.85)",0.024978825736842108,2.85
"[2.85, 2.851)",0.04283740721052631,2.851
"[2.851, 2.852)",0.026553411814285714,2.852
"[2.852, 2.853)",0.02772064090909091,2.853
"[2.853, 2.854)",0.11972765666666667,2.854
"[2.854, 2.855)",0.025581964999999998,2.855
"[2.855, 2.856)",0.0382923056,2.856
"[2.856, 2.857)",0.034898211434782604,2.857
"[2.857, 2.858)",0.06044459218181817,2.858
"[2.858, 2.859)",0.03648552464285715,2.859
"[2.859, 2.86)",0.034198915384615385,2.86
"[2.86, 2.861)",0.013412877833333333,2.861
"[2.861, 2.862)",0.04956077666666666,2.862
"[2.862, 2.863)",0.018286430764705885,2.863
"[2.863, 2.864)",0.007425001000000001,2.864
"[2.864, 2.865)",0.07913351505882353,2.865
"[2.865, 2.866)",0.026016644285714284,2.866
"[2.866, 2.867)",0.012239132,2.867
"[2.867, 2.868)",0.02260776458190476,2.868
"[2.868, 2.869)",0.08396595334315791,2.869
"[2.869, 2.87)",0.009220676386666665,2.87
"[2.87, 2.871)",0.01977828066666667,2.871
"[2.871, 2.872)",0.017721563,2.872
"[2.872, 2.873)",0.020054913642857143,2.873
"[2.873, 2.874)",0.010816879133333335,2.874
"[2.874, 2.875)",0.02310287,2.875
"[2.875, 2.876)",0.03639867832857143,2.876
"[2.876, 2.8770000000000002)",0.009140399333333335,2.877
"[2.8770000000000002, 2.878)",0.009388520818181818,2.878
"[2.878, 2.879)",0.023714339611111114,2.879
"[2.879, 2.88)",0.020041682062500003,2.88
"[2.88, 2.8810000000000002)",0.022362436058823536,2.881
"[2.8810000000000002, 2.882)",0.012077488666666667,2.882
"[2.882, 2.883)",0.02485578572222222,2.883
"[2.883, 2.884)",0.01600208638461538,2.884
"[2.884, 2.8850000000000002)",0.0371149796923077,2.885
"[2.8850000000000002, 2.886)",0.03518713238888889,2.886
"[2.886, 2.887)",0.09063076614285714,2.887
"[2.887, 2.888)",0.0475901723,2.888
"[2.888, 2.8890000000000002)",0.0204561168125,2.889
"[2.8890000000000002, 2.89)",0.027872240916666666,2.89
"[2.89, 2.891)",0.014493139857142857,2.891
"[2.891, 2.892)",0.02103511615384616,2.892
"[2.892, 2.8930000000000002)",0.02296662431818182,2.893
"[2.8930000000000002, 2.894)",0.031191352190476185,2.894
"[2.894, 2.895)",0.027071347155555564,2.895
"[2.895, 2.896)",0.04174216931818182,2.896
"[2.896, 2.8970000000000002)",0.026882857650000005,2.897
"[2.8970000000000002, 2.898)",0.05683841759090911,2.898
"[2.898, 2.899)",0.016779775572000003,2.899
"[2.899, 2.9)",0.04599708585714285,2.9
"[2.9, 2.9010000000000002)",0.029591283960000003,2.901
"[2.9010000000000002, 2.902)",0.028994227559999995,2.902
"[2.902, 2.903)",0.022516560688235293,2.903
"[2.903, 2.904)",0.023543247954545463,2.904
"[2.904, 2.9050000000000002)",0.01989222333333334,2.905
"[2.9050000000000002, 2.906)",0.02411325918181817,2.906
"[2.906, 2.907)",0.025243630479999998,2.907
"[2.907, 2.908)",0.0143195372625,2.908
"[2.908, 2.9090000000000003)",0.08059051236363636,2.909
"[2.9090000000000003, 2.91)",0.014889754384615388,2.91
"[2.91, 2.911)",0.020219513330769236,2.911
"[2.911, 2.912)",0.07860904638461538,2.912
"[2.912, 2.9130000000000003)",0.023172755480000005,2.913
"[2.9130000000000003, 2.914)",0.017543945124999998,2.914
"[2.914, 2.915)",0.015034224944444443,2.915
"[2.915, 2.916)",0.04489548564705881,2.916
"[2.916, 2.9170000000000003)",0.01126405211764706,2.917
"[2.9170000000000003, 2.918)",0.02155419675,2.918
"[2.918, 2.919)",0.029786577904761906,2.919
"[2.919, 2.92)",0.04552855072727273,2.92
"[2.92, 2.9210000000000003)",0.04803323004705881,2.921
"[2.9210000000000003, 2.922)",0.0047085787142857145,2.922
"[2.922, 2.923)",0.009878663083333333,2.923
"[2.923, 2.924)",0.029114760999999996,2.924
"[2.924, 2.9250000000000003)",0.045845721916666665,2.925
"[2.9250000000000003, 2.926)",0.03389247192857143,2.926
"[2.926, 2.927)",0.036762312500000005,2.927
"[2.927, 2.928)",0.03212109454545454,2.928
"[2.928, 2.9290000000000003)",0.052369637499999996,2.929
"[2.9290000000000003, 2.93)",0.015508894166666667,2.93
"[2.93, 2.931)",0.03264353305882353,2.931
"[2.931, 2.932)",0.04038716483333333,2.932
"[2.932, 2.9330000000000003)",0.02788148325333334,2.933
"[2.9330000000000003, 2.934)",0.02087968206666667,2.934
"[2.934, 2.935)",0.008108592435714285,2.935
"[2.935, 2.936)",0.05652626533333333,2.936
"[2.936, 2.9370000000000003)",0.016927286066666665,2.937
"[2.9370000000000003, 2.938)",0.004505587142857142,2.938
"[2.938, 2.939)",0.0321463853,2.939
"[2.939, 2.94)",0.028140025777777782,2.94
"[2.94, 2.9410000000000003)",0.06821688086666668,2.941
"[2.9410000000000003, 2.942)",0.018517187192307695,2.942
"[2.942, 2.943)",0.02181022457894737,2.943
"[2.943, 2.944)",0.0255313093,2.944
"[2.944, 2.945)",0.009649575111111112,2.945
"[2.945, 2.946)",0.011998829692307691,2.946
"[2.946, 2.947)",0.137966584,2.947
"[2.947, 2.948)",0.03892287845,2.948
"[2.948, 2.949)",0.047594637071428574,2.949
"[2.949, 2.95)",0.016049282300000002,2.95
"[2.95, 2.951)",0.0215681436,2.951
"[2.951, 2.952)",0.05851865268749999,2.952
"[2.952, 2.953)",0.12287456181818181,2.953
"[2.953, 2.954)",0.07441707605882353,2.954
"[2.954, 2.955)",0.0282039323,2.955
"[2.955, 2.956)",0.06481152090833332,2.956
"[2.956, 2.957)",0.05733077489333332,2.957
"[2.957, 2.958)",0.016103636857142854,2.958
"[2.958, 2.959)",0.1074033785,2.959
"[2.959, 2.96)",0.04723447818181818,2.96
"[2.96, 2.961)",0.02609315633333333,2.961
"[2.961, 2.962)",0.019681051916666664,2.962
"[2.962, 2.963)",0.03293063327272727,2.963
"[2.963, 2.964)",0.020385253000000002,2.964
"[2.964, 2.965)",0.04788193253846154,2.965
"[2.965, 2.966)",0.01795585890909091,2.966
"[2.966, 2.967)",0.026207506583333335,2.967
"[2.967, 2.968)",0.01614855588888889,2.968
"[2.968, 2.969)",0.018243865425000002,2.969
"[2.969, 2.97)",0.07578516514285714,2.97
"[2.97, 2.971)",0.011626510076923077,2.971
"[2.971, 2.972)",0.01294854,2.972
"[2.972, 2.973)",0.004976127636363636,2.973
"[2.973, 2.974)",0.0281121535,2.974
"[2.974, 2.975)",0.011393206823529413,2.975
"[2.975, 2.976)",0.06123126641666666,2.976
"[2.976, 2.977)",0.04883251754545456,2.977
"[2.977, 2.978)",0.01915951885714286,2.978
"[2.978, 2.979)",0.03297719381875,2.979
"[2.979, 2.98)",0.02860872712,2.98
"[2.98, 2.981)",0.0281623162,2.981
"[2.981, 2.982)",0.018657317999999996,2.982
"[2.982, 2.983)",0.005710951222222222,2.983
"[2.983, 2.984)",0.014334014812499999,2.984
"[2.984, 2.985)",0.036152863,2.985
"[2.985, 2.986)",0.007682976292307691,2.986
"[2.986, 2.987)",0.049326297818181826,2.987
"[2.987, 2.988)",0.042742487187500004,2.988
"[2.988, 2.989)",0.05267553454545455,2.989
"[2.989, 2.99)",0.053803939999999995,2.99
"[2.99, 2.991)",0.02020130966666667,2.991
"[2.991, 2.992)",0.10565366183333331,2.992
"[2.992, 2.993)",0.0262403435,2.993
"[2.993, 2.994)",0.012991267545454543,2.994
"[2.994, 2.995)",0.012543943153846153,2.995
"[2.995, 2.996)",0.04474463492857143,2.996
"[2.996, 2.997)",0.0205223114,2.997
"[2.997, 2.998)",0.033947729176470584,2.998
"[2.998, 2.999)",0.024909512142857144,2.999
"[2.999, 3.0)",0.008324978076923076,3.0
"[3.0, 3.001)",0.017491457000000002,3.001
"[3.001, 3.0020000000000002)",0.028502562999999995,3.002
"[3.0020000000000002, 3.003)",0.032684860642857146,3.003
"[3.003, 3.004)",0.029573843933333333,3.004
"[3.004, 3.005)",0.0193154783,3.005
"[3.005, 3.0060000000000002)",0.00296884258,3.006
"[3.0060000000000002, 3.007)",0.06270702328571429,3.007
"[3.007, 3.008)",0.043434952785714284,3.008
"[3.008, 3.009)",0.00655647799375,3.009
"[3.009, 3.0100000000000002)",0.018323155888888894,3.01
"[3.0100000000000002, 3.011)",0.04211625691666667,3.011
"[3.011, 3.012)",0.014421982857142857,3.012
"[3.012, 3.013)",0.021514022875,3.013
"[3.013, 3.0140000000000002)",0.030386996363636367,3.014
"[3.0140000000000002, 3.015)",0.02851962142857143,3.015
"[3.015, 3.016)",0.022152559125000006,3.016
"[3.016, 3.017)",0.0168128003,3.017
"[3.017, 3.0180000000000002)",0.03075024433333334,3.018
"[3.0180000000000002, 3.019)",0.008778313499999999,3.019
"[3.019, 3.02)",0.009422495500000001,3.02
"[3.02, 3.021)",0.02573577591111111,3.021
"[3.021, 3.0220000000000002)",0.0169528806,3.022
"[3.0220000000000002, 3.023)",0.024530631666666667,3.023
"[3.023, 3.024)",0.07189853844444444,3.024
"[3.024, 3.025)",0.011905437571428572,3.025
"[3.025, 3.0260000000000002)",0.03272859728571429,3.026
"[3.0260000000000002, 3.027)",0.012051926487500001,3.027
"[3.027, 3.028)",0.012268102818181819,3.028
"[3.028, 3.029)",0.027267169125,3.029
"[3.029, 3.0300000000000002)",0.014547873355555555,3.03
"[3.0300000000000002, 3.031)",0.09169510249999999,3.031
"[3.031, 3.032)",0.022795533299999997,3.032
"[3.032, 3.033)",0.007100779,3.033
"[3.033, 3.0340000000000003)",0.021404258750000002,3.034
"[3.0340000000000003, 3.035)",0.010839924818181816,3.035
"[3.035, 3.036)",0.01056166604,3.036
"[3.036, 3.037)",0.017255222799999997,3.037
"[3.037, 3.0380000000000003)",0.017208767076923075,3.038
"[3.0380000000000003, 3.039)",0.025505642507142854,3.039
"[3.039, 3.04)",0.027416523749999998,3.04
"[3.04, 3.041)",0.0111285266,3.041
"[3.041, 3.0420000000000003)",0.02969858161538462,3.042
"[3.0420000000000003, 3.043)",0.01436198125,3.043
"[3.043, 3.044)",0.04212034307692308,3.044
"[3.044, 3.045)",0.019295724440000002,3.045
"[3.045, 3.0460000000000003)",0.02410917456666666,3.046
"[3.0460000000000003, 3.047)",0.03652410358333333,3.047
"[3.047, 3.048)",0.006586622,3.048
"[3.048, 3.049)",0.006911781625,3.049
"[3.049, 3.0500000000000003)",0.003472868333333334,3.05
"[3.0500000000000003, 3.051)",0.03573230176923077,3.051
"[3.051, 3.052)",0.014028302800000003,3.052
"[3.052, 3.053)",0.15028911287500002,3.053
"[3.053, 3.0540000000000003)",0.0206787705,3.054
"[3.0540000000000003, 3.055)",0.0459133032,3.055
"[3.055, 3.056)",0.01748768898888889,3.056
"[3.056, 3.057)",0.023487265470588235,3.057
"[3.057, 3.0580000000000003)",0.016546213857142854,3.058
"[3.0580000000000003, 3.059)",0.004943881999999999,3.059
"[3.059, 3.06)",0.021842913999999998,3.06
"[3.06, 3.061)",0.01488758075,3.061
"[3.061, 3.0620000000000003)",0.07626568391,3.062
"[3.0620000000000003, 3.063)",0.059101938181818185,3.063
"[3.063, 3.064)",0.022503878,3.064
"[3.064, 3.065)",0.03843684307142858,3.065
"[3.065, 3.0660000000000003)",0.04214872807142857,3.066
"[3.0660000000000003, 3.067)",0.028181393866666668,3.067
"[3.067, 3.068)",0.014811880375,3.068
"[3.068, 3.069)",0.0738001885882353,3.069
"[3.069, 3.0700000000000003)",0.030425045363636362,3.07
"[3.0700000000000003, 3.071)",0.023582603636363633,3.071
"[3.071, 3.072)",0.010507343958823532,3.072
"[3.072, 3.073)",0.007360137875,3.073
"[3.073, 3.074)",0.017577609461538458,3.074
"[3.074, 3.075)",0.02964853076190476,3.075
"[3.075, 3.076)",0.0062389603583333335,3.076
"[3.076, 3.077)",0.038096688272727275,3.077
"[3.077, 3.078)",0.0373935381,3.078
"[3.078, 3.079)",0.023884195245454553,3.079
"[3.079, 3.08)",0.03726611909090909,3.08
"[3.08, 3.081)",0.016898070133333335,3.081
"[3.081, 3.082)",0.013056292888888888,3.082
"[3.082, 3.083)",0.036820062875,3.083
"[3.083, 3.084)",0.0357018674375,3.084
"[3.084, 3.085)",0.03428579125,3.085
"[3.085, 3.086)",0.019582242300000004,3.086
"[3.086, 3.087)",0.012192007533333334,3.087
"[3.087, 3.088)",0.01803661441666667,3.088
"[3.088, 3.089)",0.007769842000000001,3.089
"[3.089, 3.09)",0.02452412342857143,3.09
"[3.09, 3.091)",0.007088732000000001,3.091
"[3.091, 3.092)",0.018961084928571428,3.092
"[3.092, 3.093)",0.0241359306,3.093
"[3.093, 3.094)",0.05370687626666667,3.094
"[3.094, 3.095)",0.070314689,3.095
"[3.095, 3.096)",0.053392735076923076,3.096
"[3.096, 3.097)",0.014419672875000001,3.097
"[3.097, 3.098)",0.01627201046153846,3.098
"[3.098, 3.099)",0.042174935538461536,3.099
"[3.099, 3.1)",0.03476200854545454,3.1
"[3.1, 3.101)",0.038138286363636364,3.101
"[3.101, 3.102)",0.04519290214285714,3.102
"[3.102, 3.103)",0.02421335347368421,3.103
"[3.103, 3.104)",0.014246167166666664,3.104
"[3.104, 3.105)",0.02353024010588236,3.105
"[3.105, 3.106)",0.053675702000000006,3.106
"[3.106, 3.107)",0.01714870276923077,3.107
"[3.107, 3.108)",0.013374214750000002,3.108
"[3.108, 3.109)",0.017083502499999997,3.109
"[3.109, 3.11)",0.06659650144444444,3.11
"[3.11, 3.111)",0.031144198071428573,3.111
"[3.111, 3.112)",0.014793121753846153,3.112
"[3.112, 3.113)",0.014595490176470587,3.113
"[3.113, 3.114)",0.029508551999999997,3.114
"[3.114, 3.115)",0.015247746,3.115
"[3.115, 3.116)",0.0363088525,3.116
"[3.116, 3.117)",0.0123347752,3.117
"[3.117, 3.118)",0.061067030833333334,3.118
"[3.118, 3.119)",0.06162813692307693,3.119
"[3.119, 3.12)",0.011701711181818182,3.12
"[3.12, 3.121)",0.06297744578571428,3.121
"[3.121, 3.122)",0.01282898188888889,3.122
"[3.122, 3.123)",0.020777622749999995,3.123
"[3.123, 3.124)",0.009912942166666668,3.124
"[3.124, 3.125)",0.02331293253846154,3.125
"[3.125, 3.126)",0.022585322857142858,3.126
"[3.126, 3.1270000000000002)",0.02396630083333334,3.127
"[3.1270000000000002, 3.128)",0.038676923583333335,3.128
"[3.128, 3.129)",0.017497376624999998,3.129
"[3.129, 3.13)",0.012268724285714286,3.13
"[3.13, 3.1310000000000002)",0.0043072271,3.131
"[3.1310000000000002, 3.132)",0.01630182511111111,3.132
"[3.132, 3.133)",0.04825681545,3.133
"[3.133, 3.134)",0.008109881199999999,3.134
"[3.134, 3.1350000000000002)",0.018950640374999998,3.135
"[3.1350000000000002, 3.136)",0.015998220375,3.136
"[3.136, 3.137)",0.022684570999999994,3.137
"[3.137, 3.138)",0.030970018336363637,3.138
"[3.138, 3.1390000000000002)",0.09115111375000001,3.139
"[3.1390000000000002, 3.14)",0.0205322025,3.14
"[3.14, 3.141)",0.031733374714285716,3.141
"[3.141, 3.142)",0.014825535833333332,3.142
"[3.142, 3.1430000000000002)",0.010585299509090911,3.143
"[3.1430000000000002, 3.144)",0.007782478300000001,3.144
"[3.144, 3.145)",0.009206407199999999,3.145
"[3.145, 3.146)",0.004259185142857143,3.146
"[3.146, 3.1470000000000002)",0.0257645283,3.147
"[3.1470000000000002, 3.148)",0.06645212584615386,3.148
"[3.148, 3.149)",0.030032456442857146,3.149
"[3.149, 3.15)",0.004422728472999999,3.15
"[3.15, 3.1510000000000002)",0.007306704545454545,3.151
"[3.1510000000000002, 3.152)",0.021842470714285713,3.152
"[3.152, 3.153)",0.006520334,3.153
"[3.153, 3.154)",0.080529227,3.154
"[3.154, 3.1550000000000002)",0.026807978090909092,3.155
"[3.1550000000000002, 3.156)",0.02889376727272727,3.156
"[3.156, 3.157)",0.01937183516666667,3.157
"[3.157, 3.158)",0.1272080844,3.158
"[3.158, 3.1590000000000003)",0.008930925099999999,3.159
"[3.1590000000000003, 3.16)",0.0199178073,3.16
"[3.16, 3.161)",0.013166271099999998,3.161
"[3.161, 3.162)",0.021392065000000002,3.162
"[3.162, 3.1630000000000003)",0.0060984711,3.163
"[3.1630000000000003, 3.164)",0.018840166,3.164
"[3.164, 3.165)",0.0304208984,3.165
"[3.165, 3.166)",0.07321010025000001,3.166
"[3.166, 3.1670000000000003)",0.013464556636363634,3.167
"[3.1670000000000003, 3.168)",0.012216631454545455,3.168
"[3.168, 3.169)",0.05019346509090909,3.169
"[3.169, 3.17)",0.009440292588235293,3.17
"[3.17, 3.1710000000000003)",0.007839037872727272,3.171
"[3.1710000000000003, 3.172)",0.04139715646153846,3.172
"[3.172, 3.173)",0.025922463333333333,3.173
"[3.173, 3.174)",0.06491761855384616,3.174
"[3.174, 3.1750000000000003)",0.02813373425,3.175
"[3.1750000000000003, 3.176)",0.03190509245454545,3.176
"[3.176, 3.177)",0.034464368875000005,3.177
"[3.177, 3.178)",0.04851365725,3.178
"[3.178, 3.1790000000000003)",0.014638612666666669,3.179
"[3.1790000000000003, 3.18)",0.022235589222222223,3.18
"[3.18, 3.181)",0.0118961495,3.181
"[3.181, 3.182)",0.036136255,3.182
"[3.182, 3.1830000000000003)",0.013143936416666663,3.183
"[3.1830000000000003, 3.184)",0.013334232857142862,3.184
"[3.184, 3.185)",0.012078519008333335,3.185
"[3.185, 3.186)",0.014134877469230768,3.186
"[3.186, 3.1870000000000003)",0.0140140109,3.187
"[3.1870000000000003, 3.188)",0.012581679428571428,3.188
"[3.188, 3.189)",0.049144007571428575,3.189
"[3.189, 3.19)",0.012127372636363636,3.19
"[3.19, 3.1910000000000003)",0.042309917144444445,3.191
"[3.1910000000000003, 3.192)",0.011298683545454546,3.192
"[3.192, 3.193)",0.04031668374999999,3.193
"[3.193, 3.194)",0.023726417133333334,3.194
"[3.194, 3.1950000000000003)",0.048735075888888896,3.195
"[3.1950000000000003, 3.196)",0.028606308000000004,3.196
"[3.196, 3.197)",0.005455365428571428,3.197
"[3.197, 3.198)",0.033059094230769234,3.198
"[3.198, 3.1990000000000003)",0.11345677690000003,3.199
"[3.1990000000000003, 3.2)",0.007782888153846154,3.2
"[3.2, 3.201)",0.040058531375,3.201
"[3.201, 3.202)",0.016157244,3.202
"[3.202, 3.203)",0.018684452651538463,3.203
"[3.203, 3.204)",0.008951139222222222,3.204
"[3.204, 3.205)",0.018518623018181815,3.205
"[3.205, 3.206)",0.010928251666666668,3.206
"[3.206, 3.207)",0.011061335615384619,3.207
"[3.207, 3.208)",0.008165570828571427,3.208
"[3.208, 3.209)",0.013151616999999999,3.209
"[3.209, 3.21)",0.04535792538461539,3.21
"[3.21, 3.211)",0.04190792333333334,3.211
"[3.211, 3.212)",0.028560772416666668,3.212
"[3.212, 3.213)",0.009552720333333332,3.213
"[3.213, 3.214)",0.013072687,3.214
"[3.214, 3.215)",0.024952494714285713,3.215
"[3.215, 3.216)",0.11709743181250001,3.216
"[3.216, 3.217)",0.01767536197647059,3.217
"[3.217, 3.218)",0.022211173819999996,3.218
"[3.218, 3.219)",0.027774576508333332,3.219
"[3.219, 3.22)",0.017610905336666666,3.22
"[3.22, 3.221)",0.03972770593846153,3.221
"[3.221, 3.222)",0.031238774714285714,3.222
"[3.222, 3.223)",0.013071842499999998,3.223
"[3.223, 3.224)",0.0024145362,3.224
"[3.224, 3.225)",0.015805002300000003,3.225
"[3.225, 3.226)",0.1487752641857143,3.226
"[3.226, 3.227)",0.00632380709090909,3.227
"[3.227, 3.228)",0.018913436833333335,3.228
"[3.228, 3.229)",0.00651736575,3.229
"[3.229, 3.23)",0.036821359,3.23
"[3.23, 3.231)",0.036435778999999995,3.231
"[3.231, 3.232)",0.0478457104,3.232
"[3.232, 3.233)",0.001447667386666667,3.233
"[3.233, 3.234)",0.16663311199999997,3.234
"[3.234, 3.235)",0.0387863246,3.235
"[3.235, 3.236)",0.020774419307692308,3.236
"[3.236, 3.237)",0.04861335372727272,3.237
"[3.237, 3.238)",0.02542129390909091,3.238
"[3.238, 3.239)",0.015108192299999998,3.239
"[3.239, 3.24)",0.010532639083333331,3.24
"[3.24, 3.241)",0.012156736846153844,3.241
"[3.241, 3.242)",0.0080180798,3.242
"[3.242, 3.243)",0.020500923333333334,3.243
"[3.243, 3.244)",0.04286349383333333,3.244
"[3.244, 3.245)",0.032943054777777786,3.245
"[3.245, 3.246)",0.029848721166666665,3.246
"[3.246, 3.247)",0.021508091200000003,3.247
"[3.247, 3.248)",0.019150885727272724,3.248
"[3.248, 3.249)",0.014124654285714286,3.249
"[3.249, 3.25)",0.043125703875,3.25
"[3.25, 3.251)",0.0311663907,3.251
"[3.251, 3.2520000000000002)",0.05542995684615385,3.252
"[3.2520000000000002, 3.253)",0.028668681666666664,3.253
"[3.253, 3.254)",0.04088183108333333,3.254
"[3.254, 3.255)",0.009425005142857143,3.255
"[3.255, 3.2560000000000002)",0.004479045727272728,3.256
"[3.2560000000000002, 3.257)",0.0030029525999999995,3.257
"[3.257, 3.258)",0.016181216249999998,3.258
"[3.258, 3.259)",0.05152602756666666,3.259
"[3.259, 3.2600000000000002)",0.02217923938461539,3.26
"[3.2600000000000002, 3.261)",0.0323593276,3.261
"[3.261, 3.262)",0.054456520642857144,3.262
"[3.262, 3.263)",0.10218101774999999,3.263
"[3.263, 3.2640000000000002)",0.0404583383,3.264
"[3.2640000000000002, 3.265)",0.0308296018875,3.265
"[3.265, 3.266)",0.032407973266666674,3.266
"[3.266, 3.267)",0.011572303538461538,3.267
"[3.267, 3.2680000000000002)",0.0117063710125,3.268
"[3.2680000000000002, 3.269)",0.016037713846153847,3.269
"[3.269, 3.27)",0.0435251928,3.27
"[3.27, 3.271)",0.009220345090909092,3.271
"[3.271, 3.2720000000000002)",0.016084199,3.272
"[3.2720000000000002, 3.273)",0.028536645,3.273
"[3.273, 3.274)",0.03470809263636364,3.274
"[3.274, 3.275)",0.011141209587500001,3.275
"[3.275, 3.2760000000000002)",0.05078264,3.276
"[3.2760000000000002, 3.277)",0.016286389125000002,3.277
"[3.277, 3.278)",0.05351696857142857,3.278
"[3.278, 3.279)",0.013878826642857143,3.279
"[3.279, 3.2800000000000002)",0.030860895000000003,3.28
"[3.2800000000000002, 3.281)",0.0517989,3.281
"[3.281, 3.282)",0.030920169999999997,3.282
"[3.282, 3.283)",0.02003963,3.283
"[3.283, 3.2840000000000003)",0.017767987545454545,3.284
"[3.2840000000000003, 3.285)",0.0038594037500000004,3.285
"[3.285, 3.286)",0.019600930375,3.286
"[3.286, 3.287)",0.0552537307142857,3.287
"[3.287, 3.2880000000000003)",0.04313105229999999,3.288
"[3.2880000000000003, 3.289)",0.028098859200000003,3.289
"[3.289, 3.29)",0.016891290299999997,3.29
"[3.29, 3.291)",0.06679074,3.291
"[3.291, 3.2920000000000003)",0.012092274615384615,3.292
"[3.2920000000000003, 3.293)",0.022878425,3.293
"[3.293, 3.294)",0.013311698418181818,3.294
"[3.294, 3.295)",0.039434406600000006,3.295
"[3.295, 3.2960000000000003)",0.03678495185714285,3.296
"[3.2960000000000003, 3.297)",0.01108811811111111,3.297
"[3.297, 3.298)",0.029310273166666664,3.298
"[3.298, 3.299)",0.022234776300000002,3.299
"[3.299, 3.3000000000000003)",0.011552949000000002,3.3
"[3.3000000000000003, 3.301)",0.039745875936842104,3.301
"[3.301, 3.302)",0.024359508600000003,3.302
"[3.302, 3.303)",0.06591600845454544,3.303
"[3.303, 3.3040000000000003)",0.0419772323,3.304
"[3.3040000000000003, 3.305)",0.0319968843,3.305
"[3.305, 3.306)",0.011444774545454546,3.306
"[3.306, 3.307)",0.012321572545454547,3.307
"[3.307, 3.3080000000000003)",0.008473534818181817,3.308
"[3.3080000000000003, 3.309)",0.013060440722222223,3.309
"[3.309, 3.31)",0.016063251571428572,3.31
"[3.31, 3.311)",0.012301859636363639,3.311
"[3.311, 3.3120000000000003)",0.039610490000000005,3.312
"[3.3120000000000003, 3.313)",0.013751633846153846,3.313
"[3.313, 3.314)",0.03651694030769231,3.314
"[3.314, 3.315)",0.058191046909090896,3.315
"[3.315, 3.3160000000000003)",0.011938197666666666,3.316
"[3.3160000000000003, 3.317)",0.025653210272727267,3.317
"[3.317, 3.318)",0.14968787415714283,3.318
"[3.318, 3.319)",0.012816111454545453,3.319
"[3.319, 3.3200000000000003)",0.029343701444444443,3.32
"[3.3200000000000003, 3.321)",0.008384450374999998,3.321
"[3.321, 3.322)",0.024241110599999997,3.322
"[3.322, 3.323)",0.014734281769230766,3.323
"[3.323, 3.3240000000000003)",0.036747636271428574,3.324
"[3.3240000000000003, 3.325)",0.0122309732,3.325
"[3.325, 3.326)",0.0163647365,3.326
"[3.326, 3.327)",0.034005774714285716,3.327
"[3.327, 3.3280000000000003)",0.01810981611111111,3.328
"[3.3280000000000003, 3.329)",0.004488217666666666,3.329
"[3.329, 3.33)",0.009751791181818183,3.33
"[3.33, 3.331)",0.0280897525,3.331
"[3.331, 3.332)",0.0132368387,3.332
"[3.332, 3.333)",0.01914183625,3.333
"[3.333, 3.334)",0.016570315846153847,3.334
"[3.334, 3.335)",0.015478357818181814,3.335
"[3.335, 3.336)",0.07470136733333334,3.336
"[3.336, 3.337)",0.02322243875,3.337
"[3.337, 3.338)",0.02487848992857144,3.338
"[3.338, 3.339)",0.025232915000000005,3.339
"[3.339, 3.34)",0.011738915384615382,3.34
"[3.34, 3.341)",0.005896437333333333,3.341
"[3.341, 3.342)",0.0098968816,3.342
"[3.342, 3.343)",0.006047183599999999,3.343
"[3.343, 3.344)",0.0062725521111111114,3.344
"[3.344, 3.345)",0.012767713615384615,3.345
"[3.345, 3.346)",0.012827995375,3.346
"[3.346, 3.347)",0.017816957785714287,3.347
"[3.347, 3.348)",0.018858210714285718,3.348
"[3.348, 3.349)",0.015738033999999998,3.349
"[3.349, 3.35)",0.014989868833333331,3.35
"[3.35, 3.351)",0.004980212666666667,3.351
"[3.351, 3.352)",0.008151861583333335,3.352
"[3.352, 3.353)",0.009743207571428571,3.353
"[3.353, 3.354)",0.018459812454545452,3.354
"[3.354, 3.355)",0.016508364172727275,3.355
"[3.355, 3.356)",0.013447239914285715,3.356
"[3.356, 3.357)",0.061997101,3.357
"[3.357, 3.358)",0.033868583900000006,3.358
"[3.358, 3.359)",0.08725886883333332,3.359
"[3.359, 3.36)",0.050240290444444446,3.36
"[3.36, 3.361)",0.01251259146153846,3.361
"[3.361, 3.362)",0.09153354225,3.362
"[3.362, 3.363)",0.020585290272727274,3.363
"[3.363, 3.364)",0.030619780416666673,3.364
"[3.364, 3.365)",0.0204375067,3.365
"[3.365, 3.366)",0.07197984145454545,3.366
"[3.366, 3.367)",0.05225561883333333,3.367
"[3.367, 3.368)",0.038450431818181814,3.368
"[3.368, 3.369)",0.0322777902,3.369
"[3.369, 3.37)",0.019243400122222223,3.37
"[3.37, 3.371)",0.030344115888888894,3.371
"[3.371, 3.372)",0.03316693328571429,3.372
"[3.372, 3.373)",0.010186535981818184,3.373
"[3.373, 3.374)",0.0039079146545454545,3.374
"[3.374, 3.375)",0.011748150666666667,3.375
"[3.375, 3.376)",0.0144711115,3.376
"[3.376, 3.3770000000000002)",0.013567584124999999,3.377
"[3.3770000000000002, 3.378)",0.011645849699999999,3.378
"[3.378, 3.379)",0.020685353714285714,3.379
"[3.379, 3.38)",0.004658817016666666,3.38
"[3.38, 3.3810000000000002)",0.017546690375,3.381
"[3.3810000000000002, 3.382)",0.015239869999999999,3.382
"[3.382, 3.383)",0.041195777,3.383
"[3.383, 3.384)",0.012741804,3.384
"[3.384, 3.3850000000000002)",0.005776313199999999,3.385
"[3.3850000000000002, 3.386)",0.011554481111111113,3.386
"[3.386, 3.387)",0.029482099454545455,3.387
"[3.387, 3.388)",0.010594206076923076,3.388
"[3.388, 3.3890000000000002)",0.008882307818181818,3.389
"[3.3890000000000002, 3.39)",0.0140015107,3.39
"[3.39, 3.391)",0.05190874711111111,3.391
"[3.391, 3.392)",0.009727320538461539,3.392
"[3.392, 3.3930000000000002)",0.008317657246153846,3.393
"[3.3930000000000002, 3.394)",0.03231403614285715,3.394
"[3.394, 3.395)",0.01645422676,3.395
"[3.395, 3.396)",0.03173384916666667,3.396
"[3.396, 3.3970000000000002)",0.0135083475,3.397
"[3.3970000000000002, 3.398)",0.011132162888888889,3.398
"[3.398, 3.399)",0.04452183625,3.399
"[3.399, 3.4)",0.06918622255555555,3.4
"[3.4, 3.4010000000000002)",0.014100254285714283,3.401
"[3.4010000000000002, 3.402)",0.021504457666666667,3.402
"[3.402, 3.403)",0.0043725362999999995,3.403
"[3.403, 3.404)",0.01935860811111111,3.404
"[3.404, 3.4050000000000002)",0.00819402325,3.405
"[3.4050000000000002, 3.406)",0.0117233555,3.406
"[3.406, 3.407)",0.0026068876666666668,3.407
"[3.407, 3.408)",0.045949651470588236,3.408
"[3.408, 3.4090000000000003)",0.013874188785714284,3.409
"[3.4090000000000003, 3.41)",0.0060491275,3.41
"[3.41, 3.411)",0.014711298250000001,3.411
"[3.411, 3.412)",0.010259148311111112,3.412
"[3.412, 3.4130000000000003)",0.008094443666666666,3.413
"[3.4130000000000003, 3.414)",0.13066828362500002,3.414
"[3.414, 3.415)",0.10291750166666667,3.415
"[3.415, 3.416)",0.00941137825,3.416
"[3.416, 3.4170000000000003)",0.020356342222222223,3.417
"[3.4170000000000003, 3.418)",0.013207063233333332,3.418
"[3.418, 3.419)",0.014775964076923078,3.419
"[3.419, 3.42)",0.059201145370000006,3.42
"[3.42, 3.4210000000000003)",0.03365711162500001,3.421
"[3.4210000000000003, 3.422)",0.013359304777777777,3.422
"[3.422, 3.423)",0.0486649843,3.423
"[3.423, 3.424)",0.026130553716666668,3.424
"[3.424, 3.4250000000000003)",0.04291778446666667,3.425
"[3.4250000000000003, 3.426)",0.07037762162499998,3.426
"[3.426, 3.427)",0.022585015800000004,3.427
"[3.427, 3.428)",0.030499837749999998,3.428
"[3.428, 3.4290000000000003)",0.035918598,3.429
"[3.4290000000000003, 3.43)",0.016395972555555555,3.43
"[3.43, 3.431)",0.011172635,3.431
"[3.431, 3.432)",0.021845486636363636,3.432
"[3.432, 3.4330000000000003)",0.025818596285714288,3.433
"[3.4330000000000003, 3.434)",0.011154808692307693,3.434
"[3.434, 3.435)",0.025912061200000003,3.435
"[3.435, 3.436)",0.00981262115,3.436
"[3.436, 3.4370000000000003)",0.02059775,3.437
"[3.4370000000000003, 3.438)",0.003845764181818182,3.438
"[3.438, 3.439)",0.06634963619999999,3.439
"[3.439, 3.44)",0.04128107,3.44
"[3.44, 3.4410000000000003)",0.010588126166666668,3.441
"[3.4410000000000003, 3.442)",0.015879919083333333,3.442
"[3.442, 3.443)",0.013485738571428572,3.443
"[3.443, 3.444)",0.01500770793636364,3.444
"[3.444, 3.4450000000000003)",0.03316277825,3.445
"[3.4450000000000003, 3.446)",0.023226658285714286,3.446
"[3.446, 3.447)",0.006986137666666666,3.447
"[3.447, 3.448)",0.013494355,3.448
"[3.448, 3.4490000000000003)",0.08875989477777778,3.449
"[3.4490000000000003, 3.45)",0.015411472222222222,3.45
"[3.45, 3.451)",0.016651625428571428,3.451
"[3.451, 3.452)",0.000540833,3.452
"[3.452, 3.4530000000000003)",0.03515074811111111,3.453
"[3.4530000000000003, 3.454)",0.099277232,3.454
"[3.454, 3.455)",0.019859302500000002,3.455
"[3.455, 3.456)",0.05449026,3.456
"[3.456, 3.457)",0.03679827181818182,3.457
"[3.457, 3.458)",0.06188499,3.458
"[3.458, 3.459)",0.020123094083333334,3.459
"[3.459, 3.46)",0.030062005,3.46
"[3.46, 3.461)",0.02333269942857143,3.461
"[3.461, 3.462)",0.064602520875,3.462
"[3.462, 3.463)",0.03661222828571429,3.463
"[3.463, 3.464)",0.03394665383333333,3.464
"[3.464, 3.465)",0.014872012416666669,3.465
"[3.465, 3.466)",0.005619935,3.466
"[3.466, 3.467)",0.01661025,3.467
"[3.467, 3.468)",0.0075019385,3.468
"[3.468, 3.469)",0.013637009875,3.469
"[3.469, 3.47)",0.005411211299999999,3.47
"[3.47, 3.471)",0.028019521833333335,3.471
"[3.471, 3.472)",0.06390634799999999,3.472
"[3.472, 3.473)",0.029982593749999998,3.473
"[3.473, 3.474)",0.06898781912499999,3.474
"[3.474, 3.475)",0.02595087025,3.475
"[3.475, 3.476)",0.029699897,3.476
"[3.476, 3.477)",0.10189111616666667,3.477
"[3.477, 3.478)",0.12570209085714287,3.478
"[3.478, 3.479)",0.064118398,3.479
"[3.479, 3.48)",0.03203212371428572,3.48
"[3.48, 3.481)",0.020879487000000002,3.481
"[3.481, 3.482)",0.023489329,3.482
"[3.482, 3.483)",0.02067934428571429,3.483
"[3.483, 3.484)",0.041052713750000004,3.484
"[3.484, 3.485)",0.004947294333333334,3.485
"[3.485, 3.486)",0.009846778571428573,3.486
"[3.486, 3.487)",0.10054434166666666,3.487
"[3.487, 3.488)",0.024505833333333334,3.488
"[3.488, 3.489)",0.07412148,3.489
"[3.489, 3.49)",0.012985854545454546,3.49
"[3.49, 3.491)",0.00659636,3.491
"[3.491, 3.492)",0.012612440249999999,3.492
"[3.492, 3.493)",0.018112776666666667,3.493
"[3.493, 3.494)",0.02442931,3.494
"[3.494, 3.495)",0.07493461166666666,3.495
"[3.495, 3.496)",0.09326092666666667,3.496
"[3.496, 3.497)",0.0416268925,3.497
"[3.497, 3.498)",0.0648782525,3.498
"[3.498, 3.499)",0.030364581727272723,3.499
"[3.499, 3.5)",0.022164961428571432,3.5
"[3.5, 3.501)",0.01021671,3.501
"[3.501, 3.5020000000000002)",0.01584030825,3.502
"[3.5020000000000002, 3.503)",0.020964842433333335,3.503
"[3.503, 3.504)",0.047687375000000004,3.504
"[3.504, 3.505)",0.011705215000000001,3.505
"[3.505, 3.5060000000000002)",0.016902972875000002,3.506
"[3.5060000000000002, 3.507)",0.0012333267,3.507
"[3.507, 3.508)",0.11091902075,3.508
"[3.508, 3.509)",0.02958253333333333,3.509
"[3.509, 3.5100000000000002)",0.052751678333333336,3.51
"[3.5100000000000002, 3.511)",0.04420221666666666,3.511
"[3.511, 3.512)",0.03485763926,3.512
"[3.512, 3.513)",0.014256555714285716,3.513
"[3.513, 3.5140000000000002)",0.05336216677777778,3.514
"[3.5140000000000002, 3.515)",0.032438746153846156,3.515
"[3.515, 3.516)",0.012060388,3.516
"[3.516, 3.517)",0.03441989999999999,3.517
"[3.517, 3.5180000000000002)",0.009685905,3.518
"[3.5180000000000002, 3.519)",0.07722275714285713,3.519
"[3.519, 3.52)",0.021592341857142854,3.52
"[3.52, 3.521)",0.016372886909090906,3.521
"[3.521, 3.5220000000000002)",0.0034188826000000005,3.522
"[3.5220000000000002, 3.523)",0.0217014,3.523
"[3.523, 3.524)",0.012752762,3.524
"[3.524, 3.525)",0.02863082375,3.525
"[3.525, 3.5260000000000002)",0.039154557666666666,3.526
"[3.5260000000000002, 3.527)",0.005992545,3.527
"[3.527, 3.528)",0.025594126666666665,3.528
"[3.528, 3.529)",0.024346853625,3.529
"[3.529, 3.5300000000000002)",0.064632875,3.53
"[3.5300000000000002, 3.531)",0.04242399663636364,3.531
"[3.531, 3.532)",0.05995820533333334,3.532
"[3.532, 3.533)",0.0118508075,3.533
"[3.533, 3.5340000000000003)",0.021494880600000002,3.534
"[3.5340000000000003, 3.535)",0.008703954,3.535
"[3.535, 3.536)",0.034341906666666665,3.536
"[3.536, 3.537)",0.0092792526,3.537
"[3.537, 3.5380000000000003)",0.04784477111111111,3.538
"[3.5380000000000003, 3.539)",0.012487808833333336,3.539
"[3.539, 3.54)",0.050670895714285714,3.54
"[3.54, 3.541)",0.031791858444444446,3.541
"[3.541, 3.5420000000000003)",0.014927303749999999,3.542
"[3.5420000000000003, 3.543)",0.0412111,3.543
"[3.543, 3.544)",0.02229595825,3.544
"[3.544, 3.545)",0.00990267375,3.545
"[3.545, 3.5460000000000003)",0.01641842,3.546
"[3.5460000000000003, 3.547)",0.0056708307500000004,3.547
"[3.547, 3.548)",0.11541378166666667,3.548
"[3.548, 3.549)",0.0182000686,3.549
"[3.549, 3.5500000000000003)",0.03326363166666666,3.55
"[3.5500000000000003, 3.551)",0.01105488,3.551
"[3.551, 3.552)",0.003325661,3.552
"[3.552, 3.553)",0.0056492239999999996,3.553
"[3.553, 3.5540000000000003)",0.221321822,3.554
"[3.5540000000000003, 3.555)",0.006517385222222221,3.555
"[3.555, 3.556)",0.04933127,3.556
"[3.556, 3.557)",0.018438989,3.557
"[3.557, 3.5580000000000003)",0.028183414400000002,3.558
"[3.5580000000000003, 3.559)",0.0330444675,3.559
"[3.559, 3.56)",0.06434575044444446,3.56
"[3.56, 3.561)",0.013103980142857142,3.561
"[3.561, 3.5620000000000003)",0.017393853833333334,3.562
"[3.5620000000000003, 3.563)",0.128205202,3.563
"[3.563, 3.564)",0.025862196666666667,3.564
"[3.564, 3.565)",0.03546959655555556,3.565
"[3.565, 3.5660000000000003)",0.012284850599999998,3.566
"[3.5660000000000003, 3.567)",0.0209044,3.567
"[3.567, 3.568)",0.020454285000000003,3.568
"[3.568, 3.569)",0.04807359775,3.569
"[3.569, 3.5700000000000003)",0.014879074249999999,3.57
"[3.5700000000000003, 3.571)",0.031057644000000002,3.571
"[3.571, 3.572)",0.24004375,3.572
"[3.572, 3.573)",0.00428247,3.573
"[3.573, 3.5740000000000003)",0.15940301111111108,3.574
"[3.5740000000000003, 3.575)",0.01200159696,3.575
"[3.575, 3.576)",0.047360830625,3.576
"[3.576, 3.577)",0.13421104625,3.577
"[3.577, 3.5780000000000003)",0.06839122085714286,3.578
"[3.5780000000000003, 3.579)",0.006327871285714285,3.579
"[3.579, 3.58)",0.016601737545454544,3.58
"[3.58, 3.581)",0.030897434285714283,3.581
"[3.581, 3.5820000000000003)",0.05194906625,3.582
"[3.5820000000000003, 3.583)",0.03548042816666667,3.583
"[3.583, 3.584)",0.0014804214000000001,3.584
"[3.584, 3.585)",0.06345151,3.585
"[3.585, 3.586)",0.029286299333333335,3.586
"[3.586, 3.587)",0.0886555,3.587
"[3.587, 3.588)",0.02385540090909091,3.588
"[3.588, 3.589)",0.0055533526,3.589
"[3.589, 3.59)",0.131183664,3.59
"[3.59, 3.591)",0.27210580500000003,3.591
"[3.591, 3.592)",0.08430895116666666,3.592
"[3.592, 3.593)",0.009091152,3.593
"[3.593, 3.594)",0.013597549633333334,3.594
"[3.595, 3.596)",0.011168016,3.595
"[3.596, 3.597)",0.047619,3.596
"[3.597, 3.598)",0.01656663288888889,3.597
"[3.598, 3.599)",0.025722758571428573,3.598
"[3.599, 3.6)",0.0524785120909091,3.599
"[3.6, 3.601)",0.004638567666666667,3.6
"[3.601, 3.602)",0.0047619,3.601
"[3.602, 3.603)",0.0792475773,3.602
"[3.603, 3.604)",0.10558286666666666,3.603
"[3.604, 3.605)",0.0087122184,3.604
"[3.605, 3.606)",0.0828725414,3.605
"[3.606, 3.607)",0.026189305,3.606
"[3.607, 3.608)",0.0033882283333333332,3.607
"[3.608, 3.609)",0.023511453333333335,3.608
"[3.609, 3.61)",0.0179737,3.609
"[3.61, 3.611)",0.0560832218,3.61
"[3.611, 3.612)",0.16484645085714283,3.611
"[3.612, 3.613)",0.011889162857142862,3.612
"[3.613, 3.614)",0.009959585375000002,3.613
"[3.614, 3.615)",0.0044609607499999995,3.614
"[3.615, 3.616)",0.018445312499999998,3.615
"[3.616, 3.617)",0.030532945750000002,3.616
"[3.617, 3.618)",0.022325267166666666,3.617
"[3.618, 3.619)",0.0170396358,3.618
"[3.619, 3.62)",0.05739946166666667,3.619
"[3.62, 3.621)",0.12965646111111112,3.62
"[3.621, 3.622)",0.0038586949999999997,3.621
"[3.622, 3.623)",0.12903426873333332,3.622
"[3.623, 3.624)",0.01957123666666667,3.623
"[3.624, 3.625)",0.0056029972,3.624
"[3.625, 3.626)",0.04281831571428572,3.625
"[3.626, 3.6270000000000002)",0.027532743199999998,3.626
"[3.6270000000000002, 3.628)",0.016003636166666665,3.627
"[3.628, 3.629)",0.016916125,3.628
"[3.629, 3.63)",0.06695980857142857,3.629
"[3.63, 3.6310000000000002)",0.0066514207499999995,3.63
"[3.6310000000000002, 3.632)",0.14124956499999997,3.631
"[3.632, 3.633)",0.020033125000000002,3.632
"[3.633, 3.634)",0.017028183250000002,3.633
"[3.634, 3.6350000000000002)",0.023481074,3.634
"[3.6350000000000002, 3.636)",0.221275506,3.635
"[3.636, 3.637)",0.204387811,3.636
"[3.637, 3.638)",0.013447523333333334,3.637
"[3.638, 3.6390000000000002)",0.03549506333333333,3.638
"[3.6390000000000002, 3.64)",0.08970838622222223,3.639
"[3.64, 3.641)",0.11809214000000001,3.64
"[3.641, 3.642)",0.022026996666666663,3.641
"[3.642, 3.6430000000000002)",0.002881093314285714,3.642
"[3.6430000000000002, 3.644)",0.019851252499999996,3.643
"[3.644, 3.645)",0.10453227442857142,3.644
"[3.645, 3.646)",0.026668805,3.645
"[3.646, 3.6470000000000002)",0.021229937666666667,3.646
"[3.6470000000000002, 3.648)",0.018124763999999998,3.647
"[3.648, 3.649)",0.01559212666666667,3.648
"[3.649, 3.65)",0.01012636,3.649
"[3.65, 3.6510000000000002)",0.007632873333333334,3.65
"[3.6510000000000002, 3.652)",0.04014587,3.651
"[3.652, 3.653)",0.038015143333333334,3.652
"[3.653, 3.654)",0.022652985,3.653
"[3.654, 3.6550000000000002)",0.123420773,3.654
"[3.6550000000000002, 3.656)",0.008937565,3.655
"[3.656, 3.657)",0.0025825,3.656
"[3.657, 3.658)",0.12388405,3.657
"[3.658, 3.6590000000000003)",0.005653170000000001,3.658
"[3.6590000000000003, 3.66)",0.00072691675,3.659
"[3.66, 3.661)",0.00121907,3.66
"[3.661, 3.662)",0.006615157200000001,3.661
"[3.662, 3.6630000000000003)",0.003434057166666667,3.662
"[3.6630000000000003, 3.664)",0.034541716625,3.663
"[3.664, 3.665)",0.047860266500000005,3.664
"[3.665, 3.666)",0.042524002500000005,3.665
"[3.666, 3.6670000000000003)",0.009691858833333332,3.666
"[3.668, 3.669)",0.017156994000000002,3.667
"[3.669, 3.67)",0.004214829666666667,3.668
"[3.67, 3.6710000000000003)",0.08186574399999999,3.669
"[3.6710000000000003, 3.672)",0.0020328991111111107,3.67
"[3.672, 3.673)",0.031639827499999995,3.671
"[3.673, 3.674)",0.008275392599999999,3.672
"[3.674, 3.6750000000000003)",0.006530595,3.673
"[3.6750000000000003, 3.676)",0.005424585142857143,3.674
"[3.676, 3.677)",0.2155787786,3.675
"[3.677, 3.678)",0.022300300000000002,3.676
"[3.678, 3.6790000000000003)",0.010189083333333333,3.677
"[3.6790000000000003, 3.68)",0.041467891666666666,3.678
"[3.68, 3.681)",0.007508320333333333,3.679
"[3.681, 3.682)",0.00659692075,3.68
"[3.682, 3.6830000000000003)",0.17443366333333332,3.681
"[3.6830000000000003, 3.684)",0.0163013665,3.682
"[3.684, 3.685)",0.02702572075,3.683
"[3.685, 3.686)",0.06450575600000001,3.684
"[3.686, 3.6870000000000003)",0.0910680008,3.685
"[3.6870000000000003, 3.688)",0.004874901999999999,3.686
"[3.688, 3.689)",0.00517715,3.687
"[3.689, 3.69)",0.058819977499999995,3.688
"[3.69, 3.6910000000000003)",0.11147155533333332,3.689
"[3.6910000000000003, 3.692)",0.022276277142857143,3.69
"[3.692, 3.693)",0.2444564165,3.691
"[3.693, 3.694)",0.02112176354285714,3.692
"[3.694, 3.6950000000000003)",0.22252556660000003,3.693
"[3.6950000000000003, 3.696)",0.023006993333333337,3.694
"[3.696, 3.697)",0.00516366075,3.695
"[3.697, 3.698)",0.18356074166666667,3.696
"[3.698, 3.6990000000000003)",0.03531516371428572,3.697
"[3.6990000000000003, 3.7)",0.0009744916666666667,3.698
"[3.7, 3.701)",0.06155171320000001,3.699
"[3.701, 3.702)",0.011904389999999999,3.7
"[3.702, 3.7030000000000003)",0.010726595833333337,3.701
"[3.7030000000000003, 3.704)",0.0127684,3.702
"[3.704, 3.705)",0.0034348,3.703
"[3.705, 3.706)",0.03208714136666666,3.704
"[3.706, 3.7070000000000003)",0.051876482300000006,3.705
"[3.7070000000000003, 3.708)",0.08427751433333332,3.706
"[3.708, 3.709)",0.017063467500000002,3.707
"[3.709, 3.71)",0.011184923499999999,3.708
"[3.71, 3.7110000000000003)",0.0020544,3.709
"[3.7110000000000003, 3.712)",0.05348546,3.71
"[3.712, 3.713)",0.018462625,3.711
"[3.713, 3.714)",0.011340075714285715,3.712
"[3.714, 3.715)",0.025254415000000002,3.713
"[3.715, 3.716)",0.04180481883333333,3.714
"[3.716, 3.717)",0.027590795,3.715
"[3.717, 3.718)",0.008228524333333332,3.716
"[3.718, 3.719)",0.023808997363636366,3.717
"[3.719, 3.72)",0.0005022436666666666,3.718
"[3.72, 3.721)",0.016710414,3.719
"[3.721, 3.722)",0.02909983,3.72
"[3.722, 3.723)",0.011446716333333334,3.721
"[3.723, 3.724)",0.0022710924499999997,3.722
"[3.724, 3.725)",0.0127261185,3.723
"[3.725, 3.726)",0.01344405357142857,3.724
"[3.726, 3.727)",0.021730570375,3.725
"[3.727, 3.728)",0.011954415,3.726
"[3.728, 3.729)",0.10046085383333332,3.727
"[3.729, 3.73)",0.007174942316666666,3.728
"[3.73, 3.731)",0.009560268,3.729
"[3.731, 3.732)",0.0160735,3.73
"[3.732, 3.733)",0.008636588975,3.731
"[3.733, 3.734)",0.004101205,3.732
"[3.734, 3.735)",0.0193615,3.733
"[3.735, 3.736)",0.04397490749999999,3.734
"[3.736, 3.737)",0.10775575,3.735
"[3.737, 3.738)",0.022146365999999997,3.736
"[3.738, 3.739)",0.13474920576,3.737
"[3.739, 3.74)",0.005339041,3.738
"[3.74, 3.741)",0.010540895000000002,3.739
"[3.741, 3.742)",0.0034084168000000003,3.74
"[3.742, 3.743)",0.0660297,3.741
"[3.743, 3.744)",0.016491917166666665,3.742
"[3.744, 3.745)",0.027256750000000003,3.743
"[3.745, 3.746)",0.025183314499999998,3.744
"[3.746, 3.747)",0.020751702,3.745
"[3.747, 3.748)",0.0231785281,3.746
"[3.748, 3.749)",0.020000825124999996,3.747
"[3.749, 3.75)",0.0175012779,3.748
"[3.75, 3.751)",0.011514673999999999,3.749
"[3.751, 3.7520000000000002)",0.015299103016666664,3.75
"[3.7520000000000002, 3.753)",0.02986715,3.751
"[3.753, 3.754)",0.011135596,3.752
"[3.754, 3.755)",0.0051952946,3.753
"[3.755, 3.7560000000000002)",0.006741590157142857,3.754
"[3.7560000000000002, 3.757)",0.03977331,3.755
"[3.757, 3.758)",0.006344716,3.756
"[3.758, 3.759)",0.009725519800000002,3.757
"[3.759, 3.7600000000000002)",0.000540833,3.758
"[3.7600000000000002, 3.761)",0.085445622,3.759
"[3.761, 3.762)",0.0027321976666666668,3.76
"[3.762, 3.763)",0.028626565712500003,3.761
"[3.763, 3.7640000000000002)",0.00797758825,3.762
"[3.7640000000000002, 3.765)",0.035198695,3.763
"[3.765, 3.766)",0.0176526475,3.764
"[3.766, 3.767)",0.018139395125,3.765
"[3.767, 3.7680000000000002)",0.0017611715000000001,3.766
"[3.7680000000000002, 3.769)",0.05407246942857142,3.767
"[3.769, 3.77)",0.0056860352,3.768
"[3.77, 3.771)",0.0301692,3.769
"[3.771, 3.7720000000000002)",0.043893685,3.77
"[3.7720000000000002, 3.773)",0.01910086325,3.771
"[3.773, 3.774)",0.0649211565,3.772
"[3.774, 3.775)",0.04189160883333332,3.773
"[3.775, 3.7760000000000002)",0.0076497726,3.774
"[3.7760000000000002, 3.777)",0.021842881000000005,3.775
"[3.777, 3.778)",0.004694107499999999,3.776
"[3.778, 3.779)",0.004013987666666666,3.777
"[3.779, 3.7800000000000002)",0.17598397550000003,3.778
"[3.7800000000000002, 3.781)",0.03265314757142857,3.779
"[3.781, 3.782)",0.005417676600000001,3.78
"[3.782, 3.783)",0.0032172875000000003,3.781
"[3.783, 3.7840000000000003)",0.0507908975,3.782
"[3.7840000000000003, 3.785)",0.019144407999999998,3.783
"[3.785, 3.786)",0.061654640000000004,3.784
"[3.786, 3.787)",0.006863758,3.785
"[3.787, 3.7880000000000003)",0.00487328,3.786
"[3.7880000000000003, 3.789)",0.046417716,3.787
"[3.789, 3.79)",0.000540833,3.788
"[3.79, 3.791)",0.0008241265000000001,3.789
"[3.791, 3.7920000000000003)",0.006090623333333333,3.79
"[3.7920000000000003, 3.793)",0.25417259,3.791
"[3.793, 3.794)",0.051866749999999996,3.792
"[3.794, 3.795)",0.00646385,3.793
"[3.795, 3.7960000000000003)",0.0619137,3.794
"[3.7960000000000003, 3.797)",0.012303033333333333,3.795
"[3.797, 3.798)",0.005678042500000001,3.796
"[3.798, 3.799)",0.020765009000000004,3.797
"[3.799, 3.8000000000000003)",0.018934137166666667,3.798
"[3.8000000000000003, 3.801)",0.022922096,3.799
"[3.801, 3.802)",0.02850385,3.8
"[3.802, 3.803)",0.0306811886,3.801
"[3.803, 3.8040000000000003)",0.0075547665,3.802
"[3.8040000000000003, 3.805)",0.00811006,3.803
"[3.805, 3.806)",0.0215885,3.804
"[3.806, 3.807)",0.011865377666666664,3.805
"[3.807, 3.8080000000000003)",0.018192876,3.806
"[3.8080000000000003, 3.809)",0.030478691599999996,3.807
"[3.809, 3.81)",0.28390632,3.808
"[3.81, 3.811)",0.0032866232499999997,3.809
"[3.811, 3.8120000000000003)",0.0193569364,3.81
"[3.8120000000000003, 3.813)",0.22513232000000002,3.811
"[3.813, 3.814)",0.04458139133333333,3.812
"[3.814, 3.815)",0.0034399233333333337,3.813
"[3.815, 3.8160000000000003)",0.0007663934999999999,3.814
"[3.8160000000000003, 3.817)",0.017601871,3.815
"[3.817, 3.818)",0.003973297666666666,3.816
"[3.818, 3.819)",0.006858391000000001,3.817
"[3.819, 3.8200000000000003)",0.006291245149999999,3.818
"[3.8200000000000003, 3.821)",0.008425156666666668,3.819
"[3.821, 3.822)",0.2148516125,3.82
"[3.822, 3.823)",0.000540833,3.821
"[3.823, 3.8240000000000003)",0.01140595,3.822
"[3.8240000000000003, 3.825)",0.0162073835,3.823
"[3.825, 3.826)",0.0250130228,3.824
"[3.826, 3.827)",0.036062,3.825
"[3.827, 3.8280000000000003)",0.010317357625000002,3.826
"[3.8280000000000003, 3.829)",0.015071130000000002,3.827
"[3.829, 3.83)",0.005739091400000001,3.828
"[3.83, 3.831)",0.008633786666666666,3.829
"[3.831, 3.8320000000000003)",0.00201361,3.83
"[3.8320000000000003, 3.833)",0.030083881999999996,3.831
"[3.833, 3.834)",0.0651437,3.832
"[3.834, 3.835)",0.004867491333333333,3.833
"[3.835, 3.8360000000000003)",0.003205896833333334,3.834
"[3.8360000000000003, 3.837)",0.000540833,3.835
"[3.837, 3.838)",0.02960888844444445,3.836
"[3.838, 3.839)",0.028164888250000002,3.837
"[3.839, 3.84)",0.10633885000000001,3.838
"[3.84, 3.841)",0.004055816666666667,3.839
"[3.841, 3.842)",0.007695024499999999,3.84
"[3.843, 3.844)",0.004408054333333334,3.841
"[3.844, 3.845)",0.009092798249999999,3.842
"[3.845, 3.846)",0.00232558,3.843
"[3.846, 3.847)",0.002023354,3.844
"[3.847, 3.848)",0.0063443515,3.845
"[3.848, 3.849)",0.008919355,3.846
"[3.849, 3.85)",0.027811033600000007,3.847
"[3.85, 3.851)",0.0040019782500000005,3.848
"[3.851, 3.852)",0.014118728028000002,3.849
"[3.852, 3.853)",0.02533825,3.85
"[3.853, 3.854)",0.127700914525,3.851
"[3.854, 3.855)",0.006959209200000001,3.852
"[3.855, 3.856)",0.022509433714285716,3.853
"[3.856, 3.857)",0.003056287666666667,3.854
"[3.857, 3.858)",0.004697896,3.855
"[3.858, 3.859)",0.019678,3.856
"[3.859, 3.86)",0.006072183833333335,3.857
"[3.86, 3.861)",0.012269517666666665,3.858
"[3.861, 3.862)",0.046986732375,3.859
"[3.862, 3.863)",0.023908982000000002,3.86
"[3.863, 3.864)",0.05679722732,3.861
"[3.864, 3.865)",0.028523938,3.862
"[3.865, 3.866)",0.011155506666666667,3.863
"[3.866, 3.867)",0.0077473318571428555,3.864
"[3.867, 3.868)",0.000256016,3.865
"[3.868, 3.869)",0.028877515999999995,3.866
"[3.869, 3.87)",0.18046445,3.867
"[3.87, 3.871)",0.038353143250000006,3.868
"[3.871, 3.872)",0.00974228575,3.869
"[3.872, 3.873)",0.022740835,3.87
"[3.873, 3.874)",0.038953685,3.871
"[3.874, 3.875)",0.0014544380999999998,3.872
"[3.875, 3.876)",0.0045361032499999995,3.873
"[3.876, 3.8770000000000002)",0.012756831333333335,3.874
"[3.8770000000000002, 3.878)",0.023157467212499998,3.875
"[3.878, 3.879)",0.0655444,3.876
"[3.879, 3.88)",0.00956737,3.877
"[3.88, 3.8810000000000002)",0.02131203216666667,3.878
"[3.8810000000000002, 3.882)",0.0017801011999999997,3.879
"[3.882, 3.883)",0.01542993575,3.88
"[3.883, 3.884)",0.02326387766666667,3.881
"[3.884, 3.8850000000000002)",0.15584543333333334,3.882
"[3.8850000000000002, 3.886)",0.0651469226,3.883
"[3.886, 3.887)",0.010591559,3.884
"[3.887, 3.888)",0.0024605599999999997,3.885
"[3.888, 3.8890000000000002)",0.01431056575,3.886
"[3.8890000000000002, 3.89)",0.007495013833333332,3.887
"[3.89, 3.891)",0.02927463825,3.888
"[3.891, 3.892)",0.0674411,3.889
"[3.892, 3.8930000000000002)",0.016924375999999998,3.89
"[3.8930000000000002, 3.894)",0.008893212000000001,3.891
"[3.894, 3.895)",0.011691173333333332,3.892
"[3.895, 3.896)",0.003122827,3.893
"[3.896, 3.8970000000000002)",0.008382724999999999,3.894
"[3.8970000000000002, 3.898)",0.014917891850000002,3.895
"[3.898, 3.899)",0.008381713333333334,3.896
"[3.899, 3.9)",0.010021188599999998,3.897
"[3.9, 3.9010000000000002)",0.0467769,3.898
"[3.9010000000000002, 3.902)",0.05599803833333333,3.899
"[3.902, 3.903)",0.01856946,3.9
"[3.903, 3.904)",0.08677460285714286,3.901
"[3.904, 3.9050000000000002)",0.00219569,3.902
"[3.9050000000000002, 3.906)",0.004061931,3.903
"[3.906, 3.907)",0.02789130575,3.904
"[3.907, 3.908)",0.010589313999999999,3.905
"[3.908, 3.9090000000000003)",0.004913520333333333,3.906
"[3.9090000000000003, 3.91)",0.0017094620000000001,3.907
"[3.91, 3.911)",0.013660829428571428,3.908
"[3.911, 3.912)",0.015328,3.909
"[3.912, 3.9130000000000003)",0.020701233333333333,3.91
"[3.9130000000000003, 3.914)",0.044245312999999994,3.911
"[3.914, 3.915)",0.019601635,3.912
"[3.915, 3.916)",0.02029942,3.913
"[3.916, 3.9170000000000003)",0.00378317215,3.914
"[3.9170000000000003, 3.918)",0.04347613325,3.915
"[3.918, 3.919)",0.05158540933333334,3.916
"[3.919, 3.92)",0.03421750666666667,3.917
"[3.92, 3.9210000000000003)",0.027663130374999997,3.918
"[3.9210000000000003, 3.922)",0.028872499999999995,3.919
"[3.922, 3.923)",0.488372,3.92
"[3.923, 3.924)",0.010929080166666667,3.921
"[3.924, 3.9250000000000003)",0.065576111,3.922
"[3.9250000000000003, 3.926)",0.05394112000000001,3.923
"[3.926, 3.927)",0.004041156,3.924
"[3.927, 3.928)",0.07971567,3.925
"[3.928, 3.9290000000000003)",0.10584339999999999,3.926
"[3.9290000000000003, 3.93)",0.04241970666666667,3.927
"[3.93, 3.931)",0.0008241265000000001,3.928
"[3.931, 3.932)",0.0190028,3.929
"[3.932, 3.9330000000000003)",0.0247787434,3.93
"[3.9330000000000003, 3.934)",0.054133879999999995,3.931
"[3.934, 3.935)",0.0239234506,3.932
"[3.935, 3.936)",0.0899861457,3.933
"[3.936, 3.9370000000000003)",0.10626118441999999,3.934
"[3.9370000000000003, 3.938)",0.025338117666666663,3.935
"[3.938, 3.939)",0.005271611500000001,3.936
"[3.939, 3.94)",0.0077133775,3.937
"[3.94, 3.9410000000000003)",0.03974092,3.938
"[3.9410000000000003, 3.942)",0.02831104,3.939
"[3.942, 3.943)",0.0032032841249999998,3.94
"[3.943, 3.944)",0.005753004666666666,3.941
"[3.944, 3.9450000000000003)",0.00390829865,3.942
"[3.9450000000000003, 3.946)",0.0100231525,3.943
"[3.946, 3.947)",0.0158988,3.944
"[3.947, 3.948)",0.032675913333333334,3.945
"[3.948, 3.9490000000000003)",0.017983112000000002,3.946
"[3.9490000000000003, 3.95)",0.0252992214,3.947
"[3.95, 3.951)",0.022177456666666668,3.948
"[3.951, 3.952)",0.015053517525,3.949
"[3.952, 3.9530000000000003)",0.026000575,3.95
"[3.9530000000000003, 3.954)",0.002990035,3.951
"[3.954, 3.955)",0.06886265,3.952
"[3.955, 3.956)",0.03721359975,3.953
"[3.956, 3.9570000000000003)",0.01104602,3.954
"[3.9570000000000003, 3.958)",0.0787950006,3.955
"[3.958, 3.959)",0.02025,3.956
"[3.96, 3.9610000000000003)",0.00348432,3.957
"[3.9610000000000003, 3.962)",0.03379104433333333,3.958
"[3.962, 3.963)",0.024828149999999997,3.959
"[3.963, 3.964)",0.003761771,3.96
"[3.964, 3.9650000000000003)",0.00666395,3.961
"[3.9650000000000003, 3.966)",0.0047410815,3.962
"[3.966, 3.967)",0.02780601,3.963
"[3.967, 3.968)",0.0074347025,3.964
"[3.968, 3.969)",0.013686454,3.965
"[3.969, 3.97)",0.0152719525,3.966
"[3.97, 3.971)",0.007628766999999999,3.967
"[3.971, 3.972)",0.009040325,3.968
"[3.972, 3.973)",0.17056143999999998,3.969
"[3.973, 3.974)",0.016016775833333333,3.97
"[3.974, 3.975)",0.0170618,3.971
"[3.975, 3.976)",0.0204553396,3.972
"[3.976, 3.977)",0.01884998285714286,3.973
"[3.978, 3.979)",0.00938086,3.974
"[3.979, 3.98)",0.00248038,3.975
"[3.98, 3.981)",0.07331616666666667,3.976
"[3.981, 3.982)",0.0045035909999999995,3.977
"[3.982, 3.983)",0.024041881666666667,3.978
"[3.983, 3.984)",0.0531614,3.979
"[3.984, 3.985)",0.07002925,3.98
"[3.985, 3.986)",0.02681157066666667,3.981
"[3.986, 3.987)",0.025895661666666667,3.982
"[3.987, 3.988)",0.01058268,3.983
"[3.988, 3.989)",0.0690612175,3.984
"[3.989, 3.99)",0.07372033260000001,3.985
"[3.99, 3.991)",0.254025,3.986
"[3.991, 3.992)",0.019120087666666667,3.987
"[3.992, 3.993)",0.00664698,3.988
"[3.993, 3.994)",0.0008686925000000001,3.989
"[3.994, 3.995)",0.021636576666666667,3.99
"[3.996, 3.997)",0.0027716415,3.991
"[3.997, 3.998)",0.018942721666666665,3.992
"[3.998, 3.999)",0.018057308799999998,3.993
"[3.999, 4.0)",0.02678885075,3.994
"[4.0, 4.001)",0.007144143333333334,3.995
"[4.001, 4.002)",0.0904393,3.996
"[4.002, 4.003)",0.039502676666666674,3.997
"[4.003, 4.0040000000000004)",0.001290798,3.998
"[4.0040000000000004, 4.005)",0.08341560666666666,3.999
"[4.005, 4.006)",0.010615020000000001,4.0
"[4.006, 4.007)",0.033118136666666666,4.001
"[4.007, 4.008)",0.00170164,4.002
"[4.008, 4.009)",0.010324485,4.003
"[4.009, 4.01)",0.0039238833333333336,4.004
"[4.01, 4.011)",0.07051535144444444,4.005
"[4.011, 4.0120000000000005)",0.0173442926,4.006
"[4.0120000000000005, 4.013)",0.015336786666666664,4.007
"[4.013, 4.014)",0.013775144,4.008
"[4.014, 4.015)",0.003327292,4.009
"[4.015, 4.016)",0.0013317176666666666,4.01
"[4.016, 4.017)",0.004646332,4.011
"[4.017, 4.018)",0.011680489777777778,4.012
"[4.018, 4.019)",0.0403905626,4.013
"[4.019, 4.0200000000000005)",0.010469615333333333,4.014
"[4.0200000000000005, 4.021)",0.00654569,4.015
"[4.021, 4.022)",0.015722327666666668,4.016
"[4.022, 4.023)",0.04585846825,4.017
"[4.023, 4.024)",0.0714155185,4.018
"[4.024, 4.025)",0.00239033,4.019
"[4.025, 4.026)",0.011089177,4.02
"[4.026, 4.027)",0.010360785,4.021
"[4.027, 4.0280000000000005)",0.03303723333333333,4.022
"[4.0280000000000005, 4.029)",0.00588353,4.023
"[4.029, 4.03)",0.005264908600000001,4.024
"[4.03, 4.031)",0.0166055,4.025
"[4.031, 4.032)",0.0092302905,4.026
"[4.032, 4.033)",0.29373554999999996,4.027
"[4.034, 4.035)",0.0147573925,4.028
"[4.035, 4.0360000000000005)",0.0234911525,4.029
"[4.0360000000000005, 4.037)",0.01178368,4.03
"[4.037, 4.038)",0.019526385,4.031
"[4.038, 4.039)",0.0060702560000000004,4.032
"[4.039, 4.04)",0.037570768,4.033
"[4.04, 4.041)",0.005649757666666667,4.034
"[4.041, 4.042)",0.00128152,4.035
"[4.042, 4.043)",0.018037883999999997,4.036
"[4.043, 4.0440000000000005)",0.21729663460000004,4.037
"[4.0440000000000005, 4.045)",0.024460986666666667,4.038
"[4.045, 4.046)",0.00598007,4.039
"[4.046, 4.047)",0.019720884,4.04
"[4.047, 4.048)",0.01704417733333333,4.041
"[4.048, 4.049)",0.018328116499999998,4.042
"[4.049, 4.05)",0.00477075,4.043
"[4.05, 4.051)",0.006554890000000001,4.044
"[4.051, 4.0520000000000005)",0.00976562,4.045
"[4.0520000000000005, 4.053)",0.009887041599999999,4.046
"[4.053, 4.054)",0.00110742,4.047
"[4.054, 4.055)",0.0050879079999999995,4.048
"[4.055, 4.056)",0.09426100000000001,4.049
"[4.056, 4.057)",0.0143031,4.05
"[4.058, 4.059)",0.0012055314999999999,4.051
"[4.059, 4.0600000000000005)",0.0043828999999999995,4.052
"[4.0600000000000005, 4.061)",0.0073451848000000005,4.053
"[4.061, 4.062)",0.006882335000000001,4.054
"[4.062, 4.063)",0.012285385000000001,4.055
"[4.063, 4.064)",0.025387180000000006,4.056
"[4.064, 4.065)",0.00324374,4.057
"[4.066, 4.067)",0.02098553666666667,4.058
"[4.067, 4.0680000000000005)",0.0150828,4.059
"[4.0680000000000005, 4.069)",0.0025864351999999994,4.06
"[4.069, 4.07)",0.0343335,4.061
"[4.07, 4.071)",0.07084365666666666,4.062
"[4.071, 4.072)",0.006697361,4.063
"[4.072, 4.073)",0.04402421,4.064
"[4.074, 4.075)",0.00442968,4.065
"[4.075, 4.0760000000000005)",0.00232558,4.066
"[4.0760000000000005, 4.077)",0.004249124999999999,4.067
"[4.077, 4.078)",0.008829155,4.068
"[4.078, 4.079)",0.06983151325,4.069
"[4.079, 4.08)",0.057857015000000005,4.07
"[4.08, 4.081)",0.012541079999999998,4.071
"[4.081, 4.082)",0.005928445,4.072
"[4.082, 4.083)",0.019158936666666668,4.073
"[4.083, 4.0840000000000005)",0.034407433333333334,4.074
"[4.085, 4.086)",0.012711975,4.075
"[4.086, 4.087)",0.1346678,4.076
"[4.087, 4.088)",0.021242468,4.077
"[4.088, 4.089)",0.10286333333333335,4.078
"[4.089, 4.09)",0.02599086,4.079
"[4.09, 4.091)",0.00685714,4.08
"[4.091, 4.0920000000000005)",0.0015840735,4.081
"[4.0920000000000005, 4.093)",0.012894502500000002,4.082
"[4.093, 4.094)",0.010754764,4.083
"[4.094, 4.095)",0.0333333,4.084
"[4.095, 4.096)",0.014333450000000001,4.085
"[4.096, 4.097)",0.0107448,4.086
"[4.098, 4.099)",0.014409173333333336,4.087
"[4.099, 4.1)",0.00775194,4.088
"[4.1, 4.101)",0.012270868249999999,4.089
"[4.101, 4.102)",0.053637939999999995,4.09
"[4.102, 4.103)",0.024690666666666666,4.091
"[4.103, 4.104)",0.00500313,4.092
"[4.104, 4.105)",0.07382223466666667,4.093
"[4.106, 4.107)",0.000540833,4.094
"[4.107, 4.108)",0.006505156599999999,4.095
"[4.108, 4.109)",0.048776598,4.096
"[4.109, 4.11)",0.0074598550000000005,4.097
"[4.11, 4.111)",0.011781250499999998,4.098
"[4.111, 4.112)",0.030767366599999995,4.099
"[4.112, 4.113)",2.50985e-5,4.1
"[4.113, 4.114)",0.129653625,4.101
"[4.115, 4.116)",0.00110742,4.102
"[4.116, 4.117)",0.010316636666666667,4.103
"[4.117, 4.118)",0.009265194599999999,4.104
"[4.118, 4.119)",0.00110742,4.105
"[4.119, 4.12)",0.008151325000000001,4.106
"[4.12, 4.121)",0.0009363533333333333,4.107
"[4.121, 4.122)",0.04042503666666667,4.108
"[4.122, 4.123)",0.002974535,4.109
"[4.123, 4.124)",0.000540833,4.11
"[4.125, 4.126)",0.027052095,4.111
"[4.126, 4.127)",0.0065995164999999995,4.112
"[4.127, 4.128)",0.00201051,4.113
"[4.128, 4.1290000000000004)",0.00267017715,4.114
"[4.1290000000000004, 4.13)",0.0044270333333333335,4.115
"[4.13, 4.131)",0.0060855372,4.116
"[4.131, 4.132)",0.025451949999999997,4.117
"[4.132, 4.133)",0.0005809045000000001,4.118
"[4.134, 4.135)",0.013152186666666668,4.119
"[4.135, 4.136)",0.057882204799999996,4.12
"[4.136, 4.1370000000000005)",0.00543901,4.121
"[4.1370000000000005, 4.138)",0.00232558,4.122
"[4.138, 4.139)",0.0178319165,4.123
"[4.139, 4.14)",0.00025356,4.124
"[4.14, 4.141)",0.00146507,4.125
"[4.141, 4.142)",0.0731275,4.126
"[4.142, 4.143)",0.048979585,4.127
"[4.143, 4.144)",0.00348432,4.128
"[4.144, 4.1450000000000005)",0.0393424665,4.129
"[4.1450000000000005, 4.146)",0.018600523333333334,4.13
"[4.146, 4.147)",0.000992556,4.131
"[4.147, 4.148)",0.000991954,4.132
"[4.148, 4.149)",0.00253293,4.133
"[4.149, 4.15)",0.0008548836666666667,4.134
"[4.15, 4.151)",4.75443e-5,4.135
"[4.151, 4.152)",0.50387597,4.136
"[4.152, 4.1530000000000005)",0.0275429,4.137
"[4.1530000000000005, 4.154)",0.013892373333333334,4.138
"[4.154, 4.155)",0.010990811000000001,4.139
"[4.155, 4.156)",0.016565979999999998,4.14
"[4.156, 4.157)",0.00789474,4.141
"[4.157, 4.158)",0.005500565,4.142
"[4.158, 4.159)",0.02132406,4.143
"[4.159, 4.16)",0.1387127635,4.144
"[4.16, 4.1610000000000005)",0.0571429,4.145
"[4.1610000000000005, 4.162)",0.0211773705,4.146
"[4.162, 4.163)",0.03107549,4.147
"[4.165, 4.166)",0.172537,4.148
"[4.167, 4.168)",0.0137429165,4.149
"[4.168, 4.1690000000000005)",0.0014315399999999998,4.15
"[4.1690000000000005, 4.17)",0.011367881,4.151
"[4.172, 4.173)",0.004244175,4.152
"[4.173, 4.174)",0.0008241265000000001,4.153
"[4.174, 4.175)",0.04980917049999999,4.154
"[4.175, 4.176)",0.00478469,4.155
"[4.1770000000000005, 4.178)",0.0373961,4.156
"[4.178, 4.179)",0.020465735,4.157
"[4.18, 4.181)",0.0264063,4.158
"[4.182, 4.183)",0.00478469,4.159
"[4.183, 4.184)",0.00110742,4.16
"[4.184, 4.1850000000000005)",0.000520325,4.161
"[4.1850000000000005, 4.186)",0.009966302500000001,4.162
"[4.186, 4.187)",0.000357782,4.163
"[4.187, 4.188)",0.00756514,4.164
"[4.189, 4.19)",0.00034684850000000003,4.165
"[4.1930000000000005, 4.194)",0.488372,4.166
"[4.194, 4.195)",0.02314924,4.167
"[4.195, 4.196)",0.0515489165,4.168
"[4.196, 4.197)",0.046331649999999995,4.169
"[4.198, 4.199)",0.00232558,4.17
"[4.199, 4.2)",0.0338397,4.171
"[4.2, 4.2010000000000005)",0.0857796,4.172
"[4.2010000000000005, 4.202)",0.0130799,4.173
"[4.202, 4.203)",0.00348432,4.174
"[4.205, 4.206)",0.00301114,4.175
"[4.206, 4.207)",0.0305998,4.176
"[4.207, 4.208)",0.04118384,4.177
"[4.208, 4.2090000000000005)",0.036028000000000004,4.178
"[4.211, 4.212)",0.0038258650000000003,4.179
"[4.213, 4.214)",0.0843569,4.18
"[4.214, 4.215)",0.01887975,4.181
"[4.215, 4.216)",0.0076298170000000005,4.182
"[4.218, 4.219)",0.00577146,4.183
"[4.22, 4.221)",0.00397161825,4.184
"[4.221, 4.222)",0.04411755333333333,4.185
"[4.222, 4.223)",0.029302579999999998,4.186
"[4.223, 4.224)",0.004158615,4.187
"[4.224, 4.225)",0.10799403333333335,4.188
"[4.225, 4.226)",0.06004065,4.189
"[4.226, 4.227)",4.36414e-5,4.19
"[4.227, 4.228)",0.019004750400000003,4.191
"[4.229, 4.23)",0.03000675,4.192
"[4.23, 4.231)",0.000228938,4.193
"[4.231, 4.232)",0.00116144,4.194
"[4.232, 4.233)",0.0227677,4.195
"[4.233, 4.234)",0.008266563333333333,4.196
"[4.236, 4.237)",0.007815018233333334,4.197
"[4.237, 4.238)",0.05023853325,4.198
"[4.238, 4.239)",0.035404939999999996,4.199
"[4.239, 4.24)",0.014864014999999998,4.2
"[4.24, 4.241)",0.0065069475000000005,4.201
"[4.241, 4.242)",0.0042247100000000004,4.202
"[4.242, 4.243)",0.0381326,4.203
"[4.243, 4.244)",0.023044805,4.204
"[4.244, 4.245)",0.02800955,4.205
"[4.245, 4.246)",0.0145278,4.206
"[4.246, 4.247)",0.000692521,4.207
"[4.248, 4.249)",0.005708093333333333,4.208
"[4.249, 4.25)",0.0270059,4.209
"[4.251, 4.252)",0.0075188,4.21
"[4.252, 4.253)",0.029497850000000003,4.211
"[4.253, 4.2540000000000004)",0.0049144105,4.212
"[4.2540000000000004, 4.255)",0.018088009999999998,4.213
"[4.255, 4.256)",0.004050816,4.214
"[4.256, 4.257)",0.03381758666666666,4.215
"[4.257, 4.258)",0.019779585000000002,4.216
"[4.258, 4.259)",0.03368653,4.217
"[4.259, 4.26)",0.00811688,4.218
"[4.26, 4.261)",0.008752105750000001,4.219
"[4.261, 4.2620000000000005)",0.0003606172,4.22
"[4.2620000000000005, 4.263)",0.019122983333333333,4.221
"[4.263, 4.264)",0.01869771,4.222
"[4.264, 4.265)",0.029204660000000004,4.223
"[4.265, 4.266)",0.0602115146,4.224
"[4.267, 4.268)",0.000657462,4.225
"[4.268, 4.269)",0.007159313666666668,4.226
"[4.269, 4.2700000000000005)",0.0578356,4.227
"[4.2700000000000005, 4.271)",0.01286061,4.228
"[4.271, 4.272)",0.016446284999999998,4.229
"[4.272, 4.273)",0.0426054,4.23
"[4.273, 4.274)",0.00957107,4.231
"[4.274, 4.275)",0.00520510858,4.232
"[4.275, 4.276)",0.00421053,4.233
"[4.276, 4.277)",0.00270472,4.234
"[4.277, 4.2780000000000005)",0.0050317956,4.235
"[4.2780000000000005, 4.279)",0.1193795,4.236
"[4.279, 4.28)",0.00520004,4.237
"[4.28, 4.281)",0.02349496666666667,4.238
"[4.281, 4.282)",0.00226757,4.239
"[4.282, 4.283)",0.02220704,4.24
"[4.283, 4.284)",0.009050155,4.241
"[4.284, 4.285)",0.1653565466666667,4.242
"[4.285, 4.2860000000000005)",0.2927885,4.243
"[4.2860000000000005, 4.287)",0.16014535,4.244
"[4.287, 4.288)",0.08056764666666666,4.245
"[4.288, 4.289)",0.06543165000000001,4.246
"[4.289, 4.29)",0.0179729925,4.247
"[4.291, 4.292)",0.006761736,4.248
"[4.292, 4.293)",0.045103399999999995,4.249
"[4.293, 4.2940000000000005)",0.0020592125,4.25
"[4.295, 4.296)",0.12550487500000002,4.251
"[4.296, 4.297)",0.029872,4.252
"[4.297, 4.298)",0.16475470333333334,4.253
"[4.298, 4.299)",0.0097298665,4.254
"[4.299, 4.3)",0.036548649999999995,4.255
"[4.301, 4.3020000000000005)",0.09786253333333332,4.256
"[4.3020000000000005, 4.303)",0.00675105,4.257
"[4.303, 4.304)",0.0242903,4.258
"[4.305, 4.306)",0.00110742,4.259
"[4.307, 4.308)",0.008377194333333332,4.26
"[4.3100000000000005, 4.311)",0.0912148,4.261
"[4.311, 4.312)",0.0,4.262
"[4.314, 4.315)",0.015873,4.263
"[4.315, 4.316)",0.04358626666666667,4.264
"[4.3180000000000005, 4.319)",0.00367197,4.265
"[4.32, 4.321)",0.02479895,4.266
"[4.322, 4.323)",0.0100888,4.267
"[4.323, 4.324)",0.00367197,4.268
"[4.325, 4.3260000000000005)",0.0032661850000000004,4.269
"[4.328, 4.329)",0.03930153325,4.27
"[4.329, 4.33)",0.038796925,4.271
"[4.33, 4.331)",0.0018500205000000001,4.272
"[4.331, 4.332)",0.0010353205,4.273
"[4.332, 4.333)",0.000540833,4.274
"[4.333, 4.3340000000000005)",0.01698444,4.275
"[4.335, 4.336)",0.0026627615,4.276
"[4.336, 4.337)",0.086941,4.277
"[4.337, 4.338)",0.00226757,4.278
"[4.338, 4.339)",0.00110742,4.279
"[4.339, 4.34)",0.00110742,4.28
"[4.34, 4.341)",0.0301941,4.281
"[4.341, 4.3420000000000005)",0.034016,4.282
"[4.3420000000000005, 4.343)",0.00038091559999999994,4.283
"[4.343, 4.344)",0.0033732076666666663,4.284
"[4.344, 4.345)",0.000613779,4.285
"[4.345, 4.346)",0.0121995928,4.286
"[4.346, 4.347)",0.0065978105,4.287
"[4.348, 4.349)",0.008234606,4.288
"[4.3500000000000005, 4.351)",0.005929415,4.289
"[4.351, 4.352)",0.036677591,4.29
"[4.352, 4.353)",0.00516629,4.291
"[4.353, 4.354)",0.061732416500000005,4.292
"[4.354, 4.355)",0.017657758333333332,4.293
"[4.355, 4.356)",0.0125031,4.294
"[4.357, 4.358)",0.010372819999999998,4.295
"[4.358, 4.359)",0.00516629,4.296
"[4.359, 4.36)",0.0775751,4.297
"[4.36, 4.361)",0.0308568605,4.298
"[4.362, 4.363)",0.0036862616666666673,4.299
"[4.363, 4.364)",0.015614779999999998,4.3
"[4.364, 4.365)",0.07079455,4.301
"[4.365, 4.366)",0.00789474,4.302
"[4.366, 4.367)",0.08017122499999998,4.303
"[4.367, 4.368)",0.00825996,4.304
"[4.368, 4.369)",0.000692521,4.305
"[4.369, 4.37)",0.047255158,4.306
"[4.37, 4.371)",0.0311541,4.307
"[4.371, 4.372)",0.00313283,4.308
"[4.372, 4.373)",0.01002808,4.309
"[4.373, 4.374)",0.0173000665,4.31
"[4.374, 4.375)",0.0125031,4.311
"[4.375, 4.376)",0.0042936305,4.312
"[4.376, 4.377)",0.0496496,4.313
"[4.378, 4.3790000000000004)",0.0571429,4.314
"[4.382, 4.383)",0.03516396833333333,4.315
"[4.383, 4.384)",0.502104375,4.316
"[4.384, 4.385)",0.02626286,4.317
"[4.385, 4.386)",0.013977090000000001,4.318
"[4.386, 4.3870000000000005)",0.0647771,4.319
"[4.3870000000000005, 4.388)",0.00110742,4.32
"[4.39, 4.391)",0.00346784,4.321
"[4.391, 4.392)",0.075858496,4.322
"[4.393, 4.394)",0.000915583,4.323
"[4.3950000000000005, 4.396)",0.0026627615,4.324
"[4.398, 4.399)",0.0661853,4.325
"[4.399, 4.4)",0.0143496,4.326
"[4.401, 4.402)",0.00123462,4.327
"[4.406, 4.407)",0.0240318,4.328
"[4.408, 4.409)",0.0801583,4.329
"[4.409, 4.41)",0.0136452,4.33
"[4.413, 4.414)",0.00202333,4.331
"[4.415, 4.416)",0.0205392,4.332
"[4.417, 4.418)",0.0191627,4.333
"[4.4190000000000005, 4.42)",0.00116144,4.334
"[4.42, 4.421)",8.84251e-5,4.335
"[4.421, 4.422)",0.0360315,4.336
"[4.422, 4.423)",0.0205392,4.337
"[4.423, 4.424)",0.00170164,4.338
"[4.425, 4.426)",0.000540833,4.339
"[4.426, 4.4270000000000005)",0.00500313,4.34
"[4.4270000000000005, 4.428)",0.00175644,4.341
"[4.428, 4.429)",0.02032161,4.342
"[4.429, 4.43)",0.0235287,4.343
"[4.431, 4.432)",0.0049697149999999995,4.344
"[4.432, 4.433)",0.00804404,4.345
"[4.433, 4.434)",0.007758019999999999,4.346
"[4.434, 4.4350000000000005)",0.002186365,4.347
"[4.4350000000000005, 4.436)",0.014961615,4.348
"[4.436, 4.437)",0.0224365,4.349
"[4.437, 4.438)",0.006365714999999999,4.35
"[4.438, 4.439)",0.02674705,4.351
"[4.439, 4.44)",0.0260556,4.352
"[4.44, 4.441)",0.045033750000000004,4.353
"[4.441, 4.442)",0.00125488,4.354
"[4.442, 4.4430000000000005)",0.00450694,4.355
"[4.4430000000000005, 4.444)",0.0241168,4.356
"[4.445, 4.446)",0.00747601,4.357
"[4.446, 4.447)",0.0281633,4.358
"[4.448, 4.449)",0.005109855,4.359
"[4.449, 4.45)",0.0253614,4.36
"[4.4510000000000005, 4.452)",0.0111807,4.361
"[4.453, 4.454)",0.021549732,4.362
"[4.454, 4.455)",0.010001182333333332,4.363
"[4.455, 4.456)",0.042055707,4.364
"[4.456, 4.457)",0.01753255,4.365
"[4.457, 4.458)",0.0346071,4.366
"[4.458, 4.4590000000000005)",0.015665507333333332,4.367
"[4.46, 4.461)",0.008116073333333333,4.368
"[4.461, 4.462)",0.0964286,4.369
"[4.462, 4.463)",0.000540833,4.37
"[4.463, 4.464)",0.0496224,4.371
"[4.464, 4.465)",0.053928949999999996,4.372
"[4.466, 4.4670000000000005)",0.0072865199999999995,4.373
"[4.468, 4.469)",0.0320214302,4.374
"[4.469, 4.47)",0.005110160000000001,4.375
"[4.47, 4.471)",0.016946207,4.376
"[4.471, 4.472)",0.011164745,4.377
"[4.474, 4.4750000000000005)",0.004325305,4.378
"[4.4750000000000005, 4.476)",0.0257333,4.379
"[4.476, 4.477)",0.000941906,4.38
"[4.477, 4.478)",0.0121816,4.381
"[4.478, 4.479)",0.00205058,4.382
"[4.482, 4.483)",0.010476685,4.383
"[4.483, 4.484)",0.0567913,4.384
"[4.484, 4.485)",0.0240318,4.385
"[4.485, 4.486)",0.0294748,4.386
"[4.486, 4.487)",0.02080915,4.387
"[4.487, 4.488)",0.309172,4.388
"[4.488, 4.489)",0.0378216,4.389
"[4.49, 4.491)",0.0148463,4.39
"[4.492, 4.493)",0.00480816,4.391
"[4.494, 4.495)",0.0111114,4.392
"[4.495, 4.496)",0.00940675,4.393
"[4.496, 4.497)",0.0555851,4.394
"[4.498, 4.499)",0.0104118475,4.395
"[4.499, 4.5)",0.00865651,4.396
"[4.5, 4.501)",0.016068286666666667,4.397
"[4.501, 4.502)",0.012160815,4.398
"[4.502, 4.503)",0.062245,4.399
"[4.5040000000000004, 4.505)",0.0294834,4.4
"[4.506, 4.507)",0.00654863,4.401
"[4.507, 4.508)",0.000173001,4.402
"[4.5120000000000005, 4.513)",0.000138141,4.403
"[4.513, 4.514)",0.184757,4.404
"[4.515, 4.516)",0.08331891649999999,4.405
"[4.516, 4.517)",0.00235048,4.406
"[4.517, 4.518)",0.000657895,4.407
"[4.5200000000000005, 4.521)",0.0143496,4.408
"[4.523, 4.524)",0.00431849,4.409
"[4.5280000000000005, 4.529)",0.00232558,4.41
"[4.529, 4.53)",0.155327,4.411
"[4.531, 4.532)",0.00894133,4.412
"[4.533, 4.534)",0.01452966,4.413
"[4.537, 4.538)",0.20874515,4.414
"[4.539, 4.54)",0.00110742,4.415
"[4.541, 4.542)",0.0133286,4.416
"[4.551, 4.5520000000000005)",0.0163903,4.417
"[4.5520000000000005, 4.553)",0.0118796,4.418
"[4.553, 4.554)",0.370189,4.419
"[4.559, 4.5600000000000005)",0.041816504600000005,4.42
"[4.5600000000000005, 4.561)",0.042664945,4.421
"[4.561, 4.562)",0.02017325,4.422
"[4.562, 4.563)",0.000540833,4.423
"[4.566, 4.567)",0.106453,4.424
"[4.569, 4.57)",0.00782709,4.425
"[4.57, 4.571)",0.0005598065,4.426
"[4.572, 4.573)",0.068302,4.427
"[4.5760000000000005, 4.577)",0.0015015,4.428
"[4.577, 4.578)",0.0133286,4.429
"[4.579, 4.58)",0.0330536,4.43
"[4.581, 4.582)",0.000915583,4.431
"[4.5840000000000005, 4.585)",0.021724,4.432
"[4.585, 4.586)",0.00902853,4.433
"[4.586, 4.587)",0.0121816,4.434
"[4.588, 4.589)",0.040315,4.435
"[4.596, 4.597)",0.00172265,4.436
"[4.598, 4.599)",0.000540833,4.437
"[4.6000000000000005, 4.601)",0.013020535250000001,4.438
"[4.605, 4.606)",0.0029434679999999994,4.439
"[4.606, 4.607)",0.03380895,4.44
"[4.607, 4.6080000000000005)",0.184757,4.441
"[4.6080000000000005, 4.609)",0.010578412550000001,4.442
"[4.609, 4.61)",2.22539e-5,4.443
"[4.61, 4.611)",0.000898293,4.444
"[4.611, 4.612)",0.00170164,4.445
"[4.615, 4.616)",0.08981121200000002,4.446
"[4.616, 4.617)",0.012354392,4.447
"[4.617, 4.618)",0.061406923333333335,4.448
"[4.618, 4.619)",0.02656996,4.449
"[4.619, 4.62)",0.116268005,4.45
"[4.62, 4.621)",0.003816607,4.451
"[4.621, 4.622)",0.251701,4.452
"[4.622, 4.623)",0.012325035,4.453
"[4.623, 4.624)",0.08884353069999999,4.454
"[4.624, 4.625)",0.010768020333333335,4.455
"[4.626, 4.627)",0.0047619,4.456
"[4.627, 4.628)",0.006668515,4.457
"[4.6290000000000004, 4.63)",0.011449834999999998,4.458
"[4.63, 4.631)",8.4246e-5,4.459
"[4.631, 4.632)",0.0489005,4.46
"[4.632, 4.633)",0.017925,4.461
"[4.634, 4.635)",0.006245340000000001,4.462
"[4.635, 4.636)",0.011340804999999999,4.463
"[4.6370000000000005, 4.638)",0.0225564,4.464
"[4.638, 4.639)",0.0269824,4.465
"[4.639, 4.64)",0.03321495,4.466
"[4.64, 4.641)",0.0045755,4.467
"[4.641, 4.642)",0.0344527,4.468
"[4.643, 4.644)",0.019678,4.469
"[4.644, 4.6450000000000005)",0.00399221,4.47
"[4.646, 4.647)",0.056836204400000014,4.471
"[4.647, 4.648)",0.000441289,4.472
"[4.648, 4.649)",0.039894146666666665,4.473
"[4.65, 4.651)",0.03528666,4.474
"[4.651, 4.652)",0.019678,4.475
"[4.652, 4.6530000000000005)",0.00110742,4.476
"[4.6530000000000005, 4.654)",0.000540833,4.477
"[4.654, 4.655)",0.019086259999999997,4.478
"[4.655, 4.656)",0.046444835,4.479
"[4.656, 4.657)",0.147287,4.48
"[4.659, 4.66)",0.001848395,4.481
"[4.66, 4.6610000000000005)",0.0682788,4.482
"[4.662, 4.663)",0.00924573,4.483
"[4.663, 4.664)",0.00367197,4.484
"[4.664, 4.665)",0.045517,4.485
"[4.671, 4.672)",0.000540833,4.486
"[4.673, 4.674)",0.000540833,4.487
"[4.675, 4.676)",0.0444065,4.488
"[4.6770000000000005, 4.678)",0.0008241265000000001,4.489
"[4.68, 4.681)",0.0008241265000000001,4.49
"[4.681, 4.682)",0.023376622000000003,4.491
"[4.682, 4.683)",0.002653545,4.492
"[4.683, 4.684)",0.12429231575,4.493
"[4.684, 4.6850000000000005)",0.00110742,4.494
"[4.6850000000000005, 4.686)",0.0289004,4.495
"[4.687, 4.688)",0.00439975,4.496
"[4.688, 4.689)",0.0008241265000000001,4.497
"[4.689, 4.69)",0.0230289165,4.498
"[4.69, 4.691)",0.038431194999999994,4.499
"[4.692, 4.6930000000000005)",0.00800455,4.5
"[4.6930000000000005, 4.694)",1.04444e-5,4.501
"[4.695, 4.696)",0.010532275,4.502
"[4.696, 4.697)",0.05853197,4.503
"[4.698, 4.699)",0.000284177,4.504
"[4.699, 4.7)",0.00800455,4.505
"[4.7, 4.7010000000000005)",0.00110742,4.506
"[4.7010000000000005, 4.702)",0.0541268,4.507
"[4.703, 4.704)",4.36834e-5,4.508
"[4.704, 4.705)",0.004267927666666667,4.509
"[4.705, 4.706)",0.003653427,4.51
"[4.706, 4.707)",0.0046622,4.511
"[4.707, 4.708)",0.011295495,4.512
"[4.708, 4.7090000000000005)",0.00610998,4.513
"[4.7090000000000005, 4.71)",0.000130881,4.514
"[4.71, 4.711)",0.0225564,4.515
"[4.711, 4.712)",0.00516796,4.516
"[4.712, 4.713)",0.000540833,4.517
"[4.714, 4.715)",0.0037594,4.518
"[4.716, 4.7170000000000005)",0.0507519,4.519
"[4.7170000000000005, 4.718)",0.0019922243333333335,4.52
"[4.719, 4.72)",0.000540833,4.521
"[4.72, 4.721)",0.0507519,4.522
"[4.722, 4.723)",0.03663515333333334,4.523
"[4.726, 4.727)",0.000540833,4.524
"[4.728, 4.729)",0.0293142,4.525
"[4.729, 4.73)",0.016534444666666665,4.526
"[4.73, 4.731)",0.00232558,4.527
"[4.731, 4.732)",0.000540833,4.528
"[4.732, 4.7330000000000005)",0.0025857700000000003,4.529
"[4.7330000000000005, 4.734)",0.000540833,4.53
"[4.734, 4.735)",0.009669945,4.531
"[4.735, 4.736)",0.00439975,4.532
"[4.739, 4.74)",0.12478249,4.533
"[4.74, 4.741)",0.05995726659999999,4.534
"[4.741, 4.742)",0.002389695,4.535
"[4.742, 4.743)",0.038892844999999995,4.536
"[4.743, 4.744)",0.0487086,4.537
"[4.745, 4.746)",6.77369e-5,4.538
"[4.747, 4.748)",0.488372,4.539
"[4.751, 4.752)",0.013841275,4.54
"[4.753, 4.7540000000000004)",0.01819895,4.541
"[4.7540000000000004, 4.755)",0.000510167,4.542
"[4.755, 4.756)",0.00232558,4.543
"[4.756, 4.757)",0.0242454665,4.544
"[4.757, 4.758)",0.00821855825,4.545
"[4.758, 4.759)",0.01739860825,4.546
"[4.759, 4.76)",0.006109223333333334,4.547
"[4.76, 4.761)",0.005936569833333333,4.548
"[4.761, 4.7620000000000005)",0.015272003333333332,4.549
"[4.7620000000000005, 4.763)",0.017762056666666668,4.55
"[4.763, 4.764)",0.005294675,4.551
"[4.764, 4.765)",0.0178412685,4.552
"[4.765, 4.766)",0.005667294999999999,4.553
"[4.766, 4.767)",0.03203157433333333,4.554
"[4.767, 4.768)",0.003911093400000001,4.555
"[4.768, 4.769)",0.017997695,4.556
"[4.769, 4.7700000000000005)",0.0145278,4.557
"[4.7700000000000005, 4.771)",0.0440064925,4.558
"[4.771, 4.772)",0.03265326255,4.559
"[4.772, 4.773)",0.00709776,4.56
"[4.773, 4.774)",0.04706472333333333,4.561
"[4.774, 4.775)",0.0,4.562
"[4.775, 4.776)",0.035437409999999996,4.563
"[4.776, 4.777)",0.0094835,4.564
"[4.7780000000000005, 4.779)",0.022365377999999998,4.565
"[4.779, 4.78)",0.00187477,4.566
"[4.78, 4.781)",0.0613198,4.567
"[4.781, 4.782)",0.0265111,4.568
"[4.782, 4.783)",0.00321806,4.569
"[4.783, 4.784)",0.00473453,4.57
"[4.784, 4.785)",0.034869066500000004,4.571
"[4.785, 4.7860000000000005)",0.0145278,4.572
"[4.7860000000000005, 4.787)",0.0405294,4.573
"[4.787, 4.788)",0.0021177076666666667,4.574
"[4.788, 4.789)",0.034581509999999996,4.575
"[4.789, 4.79)",0.014765486666666666,4.576
"[4.79, 4.791)",0.01675741,4.577
"[4.791, 4.792)",0.014763103333333335,4.578
"[4.792, 4.793)",0.000540833,4.579
"[4.793, 4.7940000000000005)",0.0774346,4.58
"[4.795, 4.796)",0.000540833,4.581
"[4.796, 4.797)",0.00298151,4.582
"[4.797, 4.798)",0.0289558,4.583
"[4.798, 4.799)",0.00110742,4.584
"[4.799, 4.8)",0.004805815,4.585
"[4.801, 4.8020000000000005)",0.0068793,4.586
"[4.803, 4.804)",0.0186809,4.587
"[4.805, 4.806)",0.022405636328571423,4.588
"[4.806, 4.807)",0.0148448,4.589
"[4.807, 4.808)",0.127733,4.59
"[4.808, 4.809)",0.0216723,4.591
"[4.809, 4.8100000000000005)",0.00348432,4.592
"[4.8100000000000005, 4.811)",0.0186809,4.593
"[4.814, 4.815)",0.0075188,4.594
"[4.816, 4.817)",0.0242454665,4.595
"[4.817, 4.8180000000000005)",0.00232558,4.596
"[4.8180000000000005, 4.819)",0.000540833,4.597
"[4.819, 4.82)",0.00110742,4.598
"[4.82, 4.821)",0.00406412,4.599
"[4.821, 4.822)",0.0300491,4.6
"[4.822, 4.823)",0.0378329,4.601
"[4.8260000000000005, 4.827)",0.000540833,4.602
"[4.827, 4.828)",0.016971463333333336,4.603
"[4.828, 4.829)",0.00795697,4.604
"[4.831, 4.832)",0.00836164,4.605
"[4.8340000000000005, 4.835)",0.0260728,4.606
"[4.836, 4.837)",0.0130799,4.607
"[4.838, 4.839)",0.00348432,4.608
"[4.841, 4.8420000000000005)",0.00798344,4.609
"[4.8420000000000005, 4.843)",0.0161483,4.61
"[4.845, 4.846)",0.000915583,4.611
"[4.847, 4.848)",0.00598007,4.612
"[4.852, 4.853)",0.00150038,4.613
"[4.853, 4.854)",0.000540833,4.614
"[4.855, 4.856)",0.00836164,4.615
"[4.8580000000000005, 4.859)",0.01827857,4.616
"[4.863, 4.864)",0.0101868,4.617
"[4.866, 4.867)",0.00232558,4.618
"[4.871, 4.872)",0.0279519,4.619
"[4.872, 4.873)",0.00303424755,4.62
"[4.873, 4.874)",0.00232558,4.621
"[4.874, 4.875)",0.000898293,4.622
"[4.875, 4.876)",0.00598007,4.623
"[4.878, 4.8790000000000004)",0.00100047,4.624
"[4.885, 4.886)",0.0344196,4.625
"[4.886, 4.8870000000000005)",0.0170407,4.626
"[4.8870000000000005, 4.888)",0.00256148,4.627
"[4.888, 4.889)",0.00609989,4.628
"[4.889, 4.89)",0.00175644,4.629
"[4.89, 4.891)",0.00394994,4.63
"[4.906, 4.907)",0.00303644,4.631
"[4.9110000000000005, 4.912)",0.00192555,4.632
"[4.917, 4.918)",0.0292925,4.633
"[4.923, 4.924)",0.0133286,4.634
"[4.949, 4.95)",0.0289948,4.635
"[4.95, 4.9510000000000005)",0.00616279,4.636
"[4.9510000000000005, 4.952)",0.006718490000000001,4.637
"[4.953, 4.954)",0.0047619,4.638
"[4.954, 4.955)",0.014120768499999999,4.639
"[4.955, 4.956)",0.0593503,4.64
"[4.96, 4.961)",0.0133286,4.641
"[5.022, 5.023)",0.00116144,4.642
"[5.0280000000000005, 5.029)",0.0008511364999999999,4.643
"[5.034, 5.035)",0.000540833,4.644
"[5.04, 5.041)",0.00961231,4.645
"[5.046, 5.047)",0.00800455,4.646
"[5.056, 5.057)",0.000540833,4.647
"[5.0600000000000005, 5.061)",0.0133286,4.648
"[5.061, 5.062)",0.0225564,4.649
"[5.062, 5.063)",0.000540833,4.65
"[5.064, 5.065)",0.000540833,4.651
"[5.071, 5.072)",0.000540833,4.652
"[5.074, 5.075)",0.045517,4.653
"[5.079, 5.08)",0.0012438,4.654
"[5.083, 5.0840000000000005)",0.00800455,4.655
"[5.104, 5.105)",0.0507519,4.656
"[5.105, 5.106)",0.01043497,4.657
"[5.106, 5.107)",0.00217921,4.658
"[5.1080000000000005, 5.109)",0.00290618,4.659
"[5.111, 5.112)",0.0242454665,4.66
"[5.164, 5.165)",0.000540833,4.661
"[5.171, 5.172)",0.000540833,4.662
"[5.182, 5.183)",0.00800455,4.663
"[5.184, 5.1850000000000005)",0.0879326,4.664
