bin,R2_mean,dist
,0.07126268817919573,0.0
"[0.0, 0.001)",0.08059255731431558,0.001
"[0.001, 0.002)",0.07849295439492725,0.002
"[0.002, 0.003)",0.0707358838520938,0.003
"[0.003, 0.004)",0.06712462542823852,0.004
"[0.004, 0.005)",0.06653161906532885,0.005
"[0.005, 0.006)",0.06334624721766784,0.006
"[0.006, 0.007)",0.06441935667716164,0.007
"[0.007, 0.008)",0.07283474496008988,0.008
"[0.008, 0.009000000000000001)",0.060601125639337845,0.009
"[0.009000000000000001, 0.01)",0.0651975647454464,0.01
"[0.01, 0.011)",0.057587588036644245,0.011
"[0.011, 0.012)",0.06524592738193531,0.012
"[0.012, 0.013000000000000001)",0.06195972884069249,0.013
"[0.013000000000000001, 0.014)",0.059114562415662736,0.014
"[0.014, 0.015)",0.06379734561101537,0.015
"[0.015, 0.016)",0.06237382576943266,0.016
"[0.016, 0.017)",0.061567223986670604,0.017
"[0.017, 0.018000000000000002)",0.05959774394588033,0.018
"[0.018000000000000002, 0.019)",0.058170019521394604,0.019
"[0.019, 0.02)",0.05639147067970236,0.02
"[0.02, 0.021)",0.058361661293036805,0.021
"[0.021, 0.022)",0.05664034267897919,0.022
"[0.022, 0.023)",0.05861816289531056,0.023
"[0.023, 0.024)",0.054147708362498284,0.024
"[0.024, 0.025)",0.05198216533382774,0.025
"[0.025, 0.026000000000000002)",0.053578949234256545,0.026
"[0.026000000000000002, 0.027)",0.052944772542585956,0.027
"[0.027, 0.028)",0.05219388425760068,0.028
"[0.028, 0.029)",0.050609352054398794,0.029
"[0.029, 0.03)",0.056758630847549514,0.03
"[0.03, 0.031)",0.05349807679576256,0.031
"[0.031, 0.032)",0.05686672027616229,0.032
"[0.032, 0.033)",0.051536829167035746,0.033
"[0.033, 0.034)",0.059870135905689646,0.034
"[0.034, 0.035)",0.050753238407105654,0.035
"[0.035, 0.036000000000000004)",0.05312594413801645,0.036
"[0.036000000000000004, 0.037)",0.05409343578995734,0.037
"[0.037, 0.038)",0.06022832963982488,0.038
"[0.038, 0.039)",0.0565931418707546,0.039
"[0.039, 0.04)",0.05477133314991477,0.04
"[0.04, 0.041)",0.058780284457401334,0.041
"[0.041, 0.042)",0.05305321241382531,0.042
"[0.042, 0.043000000000000003)",0.05452343619219854,0.043
"[0.043000000000000003, 0.044)",0.05226983595518728,0.044
"[0.044, 0.045)",0.049388473650368955,0.045
"[0.045, 0.046)",0.053457999272751314,0.046
"[0.046, 0.047)",0.05199529284312504,0.047
"[0.047, 0.048)",0.05192245075938659,0.048
"[0.048, 0.049)",0.0562875588749767,0.049
"[0.049, 0.05)",0.05480171497294002,0.05
"[0.05, 0.051000000000000004)",0.052057879795506544,0.051
"[0.051000000000000004, 0.052000000000000005)",0.05621579451666666,0.052
"[0.052000000000000005, 0.053)",0.05416371160209092,0.053
"[0.053, 0.054)",0.059518799789546765,0.054
"[0.054, 0.055)",0.062259362081593043,0.055
"[0.055, 0.056)",0.054935240877606206,0.056
"[0.056, 0.057)",0.0495307987433002,0.057
"[0.057, 0.058)",0.05119245018436253,0.058
"[0.058, 0.059000000000000004)",0.053218033869941624,0.059
"[0.059000000000000004, 0.06)",0.05275084729507771,0.06
"[0.06, 0.061)",0.045073437665576914,0.061
"[0.061, 0.062)",0.05137052448914157,0.062
"[0.062, 0.063)",0.05065502146318951,0.063
"[0.063, 0.064)",0.036984534541890164,0.064
"[0.064, 0.065)",0.04713463707038653,0.065
"[0.065, 0.066)",0.041383469840611545,0.066
"[0.066, 0.067)",0.04682686004866992,0.067
"[0.067, 0.068)",0.044226429656178554,0.068
"[0.068, 0.069)",0.04632794225551494,0.069
"[0.069, 0.07)",0.045703461386822554,0.07
"[0.07, 0.07100000000000001)",0.045521525239954015,0.071
"[0.07100000000000001, 0.07200000000000001)",0.0389019584027777,0.072
"[0.07200000000000001, 0.073)",0.04201848216230594,0.073
"[0.073, 0.074)",0.04781972304237103,0.074
"[0.074, 0.075)",0.05086092134927681,0.075
"[0.075, 0.076)",0.045600440228048746,0.076
"[0.076, 0.077)",0.0445007868493714,0.077
"[0.077, 0.078)",0.04119691904044548,0.078
"[0.078, 0.079)",0.03535798575704137,0.079
"[0.079, 0.08)",0.042294865166631467,0.08
"[0.08, 0.081)",0.0411566417158762,0.081
"[0.081, 0.082)",0.04209466379389966,0.082
"[0.082, 0.083)",0.03266554789006544,0.083
"[0.083, 0.084)",0.04091601064799564,0.084
"[0.084, 0.085)",0.0451977244096739,0.085
"[0.085, 0.08600000000000001)",0.0342573405752272,0.086
"[0.08600000000000001, 0.08700000000000001)",0.04109645847935409,0.087
"[0.08700000000000001, 0.088)",0.03581267010784803,0.088
"[0.088, 0.089)",0.03538662607264561,0.089
"[0.089, 0.09)",0.04291500409088694,0.09
"[0.09, 0.091)",0.03619655619147531,0.091
"[0.091, 0.092)",0.03669701398421783,0.092
"[0.092, 0.093)",0.037777525697104936,0.093
"[0.093, 0.094)",0.03543045168356334,0.094
"[0.094, 0.095)",0.03924305011383245,0.095
"[0.095, 0.096)",0.04427453889044018,0.096
"[0.096, 0.097)",0.04078611530559005,0.097
"[0.097, 0.098)",0.03971231397584833,0.098
"[0.098, 0.099)",0.04039360018941024,0.099
"[0.099, 0.1)",0.03806189176766657,0.1
"[0.1, 0.101)",0.03948005903043475,0.101
"[0.101, 0.10200000000000001)",0.04012289204725539,0.102
"[0.10200000000000001, 0.10300000000000001)",0.038224528065880815,0.103
"[0.10300000000000001, 0.10400000000000001)",0.04451376298859623,0.104
"[0.10400000000000001, 0.105)",0.049000286415424116,0.105
"[0.105, 0.106)",0.043377416890272275,0.106
"[0.106, 0.107)",0.03789980565084031,0.107
"[0.107, 0.108)",0.039071240252981976,0.108
"[0.108, 0.109)",0.040316308909051725,0.109
"[0.109, 0.11)",0.03586706586624999,0.11
"[0.11, 0.111)",0.04729510784344909,0.111
"[0.111, 0.112)",0.034146981861842146,0.112
"[0.112, 0.113)",0.037655586985068976,0.113
"[0.113, 0.114)",0.036522041809607615,0.114
"[0.114, 0.115)",0.03547208213438712,0.115
"[0.115, 0.116)",0.0406540384486262,0.116
"[0.116, 0.117)",0.038809139873946116,0.117
"[0.117, 0.11800000000000001)",0.03432903168236553,0.118
"[0.11800000000000001, 0.11900000000000001)",0.033883342897201726,0.119
"[0.11900000000000001, 0.12)",0.0358511038813351,0.12
"[0.12, 0.121)",0.04155102750013562,0.121
"[0.121, 0.122)",0.033950434399227104,0.122
"[0.122, 0.123)",0.037070907240087284,0.123
"[0.123, 0.124)",0.037019056243881,0.124
"[0.124, 0.125)",0.03916039334103898,0.125
"[0.125, 0.126)",0.041995425871094824,0.126
"[0.126, 0.127)",0.041317946536369624,0.127
"[0.127, 0.128)",0.0471522902008,0.128
"[0.128, 0.129)",0.036123663167080766,0.129
"[0.129, 0.13)",0.037608524338249606,0.13
"[0.13, 0.131)",0.039219319742797715,0.131
"[0.131, 0.132)",0.03493187941353133,0.132
"[0.132, 0.133)",0.03769071787287894,0.133
"[0.133, 0.134)",0.03415193274080639,0.134
"[0.134, 0.135)",0.03573184565049328,0.135
"[0.135, 0.136)",0.03836742183614191,0.136
"[0.136, 0.137)",0.03489501666217456,0.137
"[0.137, 0.138)",0.038817102750369765,0.138
"[0.138, 0.139)",0.042112553486477904,0.139
"[0.139, 0.14)",0.03568556304038742,0.14
"[0.14, 0.14100000000000001)",0.045475034527826017,0.141
"[0.14100000000000001, 0.14200000000000002)",0.0408977626736333,0.142
"[0.14200000000000002, 0.14300000000000002)",0.036683089074194576,0.143
"[0.14300000000000002, 0.14400000000000002)",0.034501173330352,0.144
"[0.14400000000000002, 0.145)",0.03346380212339744,0.145
"[0.145, 0.146)",0.032137877633692316,0.146
"[0.146, 0.147)",0.031014728028668975,0.147
"[0.147, 0.148)",0.036781154690741946,0.148
"[0.148, 0.149)",0.03327666384706787,0.149
"[0.149, 0.15)",0.04297338444211306,0.15
"[0.15, 0.151)",0.031757268838806425,0.151
"[0.151, 0.152)",0.035225832653913054,0.152
"[0.152, 0.153)",0.03467074387487922,0.153
"[0.153, 0.154)",0.03619919351499995,0.154
"[0.154, 0.155)",0.039559751882018906,0.155
"[0.155, 0.156)",0.03276303679293393,0.156
"[0.156, 0.157)",0.03409733643231025,0.157
"[0.157, 0.158)",0.038932276047460294,0.158
"[0.158, 0.159)",0.03236454601392194,0.159
"[0.159, 0.16)",0.03567141671341462,0.16
"[0.16, 0.161)",0.032774185152155175,0.161
"[0.161, 0.162)",0.03773489706752847,0.162
"[0.162, 0.163)",0.03170354655876826,0.163
"[0.163, 0.164)",0.03449195440553259,0.164
"[0.164, 0.165)",0.03522506563052548,0.165
"[0.165, 0.166)",0.03328908541110076,0.166
"[0.166, 0.167)",0.03338009034523878,0.167
"[0.167, 0.168)",0.03686851857302533,0.168
"[0.168, 0.169)",0.033664154963744294,0.169
"[0.169, 0.17)",0.03831058051321525,0.17
"[0.17, 0.171)",0.0333948375999179,0.171
"[0.171, 0.17200000000000001)",0.037407122961181385,0.172
"[0.17200000000000001, 0.17300000000000001)",0.033420035652518006,0.173
"[0.17300000000000001, 0.17400000000000002)",0.04060235213122506,0.174
"[0.17400000000000002, 0.17500000000000002)",0.03628948034364304,0.175
"[0.17500000000000002, 0.176)",0.03364749058823449,0.176
"[0.176, 0.177)",0.03592206495674892,0.177
"[0.177, 0.178)",0.04362997497713897,0.178
"[0.178, 0.179)",0.04151983140706668,0.179
"[0.179, 0.18)",0.04114404375327095,0.18
"[0.18, 0.181)",0.03136080757731545,0.181
"[0.181, 0.182)",0.03165783256951564,0.182
"[0.182, 0.183)",0.030826196850937543,0.183
"[0.183, 0.184)",0.03633170307290009,0.184
"[0.184, 0.185)",0.03730928325207275,0.185
"[0.185, 0.186)",0.032760494855448755,0.186
"[0.186, 0.187)",0.032899089638735016,0.187
"[0.187, 0.188)",0.03206838194796748,0.188
"[0.188, 0.189)",0.030600558578829627,0.189
"[0.189, 0.19)",0.03161140986265509,0.19
"[0.19, 0.191)",0.03578212552660252,0.191
"[0.191, 0.192)",0.028695619390878443,0.192
"[0.192, 0.193)",0.03509815953008847,0.193
"[0.193, 0.194)",0.03698722687271737,0.194
"[0.194, 0.195)",0.02930529172428121,0.195
"[0.195, 0.196)",0.027625807059253295,0.196
"[0.196, 0.197)",0.032689984175581464,0.197
"[0.197, 0.198)",0.037191839203371366,0.198
"[0.198, 0.199)",0.032694420330456886,0.199
"[0.199, 0.2)",0.027889405477707026,0.2
"[0.2, 0.201)",0.034415977673031804,0.201
"[0.201, 0.202)",0.031917267686170266,0.202
"[0.202, 0.203)",0.02824455381120695,0.203
"[0.203, 0.20400000000000001)",0.03302033153808589,0.204
"[0.20400000000000001, 0.20500000000000002)",0.029367584975043975,0.205
"[0.20500000000000002, 0.20600000000000002)",0.032201899372000006,0.206
"[0.20600000000000002, 0.20700000000000002)",0.02980759705204593,0.207
"[0.20700000000000002, 0.20800000000000002)",0.030030442734509857,0.208
"[0.20800000000000002, 0.209)",0.032416294051183986,0.209
"[0.209, 0.21)",0.035046205562892,0.21
"[0.21, 0.211)",0.04451598404156195,0.211
"[0.211, 0.212)",0.03345754229663934,0.212
"[0.212, 0.213)",0.02842739670432608,0.213
"[0.213, 0.214)",0.03513676318238434,0.214
"[0.214, 0.215)",0.034869232588522925,0.215
"[0.215, 0.216)",0.04886071709298017,0.216
"[0.216, 0.217)",0.03300781876018427,0.217
"[0.217, 0.218)",0.03540412363195878,0.218
"[0.218, 0.219)",0.03943803675052818,0.219
"[0.219, 0.22)",0.04186237743386777,0.22
"[0.22, 0.221)",0.04354245310599669,0.221
"[0.221, 0.222)",0.03678781160542905,0.222
"[0.222, 0.223)",0.02747907233223082,0.223
"[0.223, 0.224)",0.03175860192408168,0.224
"[0.224, 0.225)",0.03533096490887476,0.225
"[0.225, 0.226)",0.036237185597936226,0.226
"[0.226, 0.227)",0.028109892364941397,0.227
"[0.227, 0.228)",0.030213090902277813,0.228
"[0.228, 0.229)",0.033484417326895353,0.229
"[0.229, 0.23)",0.03511476284556107,0.23
"[0.23, 0.231)",0.0361344156504052,0.231
"[0.231, 0.232)",0.040587994412224215,0.232
"[0.232, 0.233)",0.032356023525090934,0.233
"[0.233, 0.234)",0.029108684894324888,0.234
"[0.234, 0.23500000000000001)",0.04100909908783832,0.235
"[0.23500000000000001, 0.23600000000000002)",0.033037811989783956,0.236
"[0.23600000000000002, 0.23700000000000002)",0.03721454991685822,0.237
"[0.23700000000000002, 0.23800000000000002)",0.024796358706225728,0.238
"[0.23800000000000002, 0.23900000000000002)",0.03457868299591872,0.239
"[0.23900000000000002, 0.24)",0.035156659996303186,0.24
"[0.24, 0.241)",0.035349099114032,0.241
"[0.241, 0.242)",0.033250728123954965,0.242
"[0.242, 0.243)",0.03533925288921389,0.243
"[0.243, 0.244)",0.03300001907892456,0.244
"[0.244, 0.245)",0.03381707844859292,0.245
"[0.245, 0.246)",0.035334750595471746,0.246
"[0.246, 0.247)",0.02856556295431038,0.247
"[0.247, 0.248)",0.028283043296326575,0.248
"[0.248, 0.249)",0.037873504613178316,0.249
"[0.249, 0.25)",0.033714371757253454,0.25
"[0.25, 0.251)",0.03454527711821562,0.251
"[0.251, 0.252)",0.03126287265734185,0.252
"[0.252, 0.253)",0.03512591025226822,0.253
"[0.253, 0.254)",0.03434872079655857,0.254
"[0.254, 0.255)",0.03473524806128325,0.255
"[0.255, 0.256)",0.035001634661630227,0.256
"[0.256, 0.257)",0.03398384689096274,0.257
"[0.257, 0.258)",0.02929773827272731,0.258
"[0.258, 0.259)",0.02616527280538307,0.259
"[0.259, 0.26)",0.03781824936066174,0.26
"[0.26, 0.261)",0.03475368234028345,0.261
"[0.261, 0.262)",0.04313326182988282,0.262
"[0.262, 0.263)",0.03426022598261706,0.263
"[0.263, 0.264)",0.039066640120799204,0.264
"[0.264, 0.265)",0.037135601795850647,0.265
"[0.265, 0.266)",0.03369123346302684,0.266
"[0.266, 0.267)",0.03135048090930239,0.267
"[0.267, 0.268)",0.031087496727145697,0.268
"[0.268, 0.269)",0.035452062870602714,0.269
"[0.269, 0.27)",0.034588911709126265,0.27
"[0.27, 0.271)",0.04424589006915596,0.271
"[0.271, 0.272)",0.030161086720000032,0.272
"[0.272, 0.273)",0.03236468783393224,0.273
"[0.273, 0.274)",0.03991347910817121,0.274
"[0.274, 0.275)",0.030398640359534032,0.275
"[0.275, 0.276)",0.03318094136238596,0.276
"[0.276, 0.277)",0.03528093826337009,0.277
"[0.277, 0.278)",0.03428257524989564,0.278
"[0.278, 0.279)",0.030981624569628143,0.279
"[0.279, 0.28)",0.029135841575903664,0.28
"[0.28, 0.281)",0.030223129467768815,0.281
"[0.281, 0.28200000000000003)",0.04006751964442267,0.282
"[0.28200000000000003, 0.28300000000000003)",0.02821516499518601,0.283
"[0.28300000000000003, 0.28400000000000003)",0.029714884365570193,0.284
"[0.28400000000000003, 0.28500000000000003)",0.03526200673398822,0.285
"[0.28500000000000003, 0.28600000000000003)",0.03223918877177356,0.286
"[0.28600000000000003, 0.28700000000000003)",0.0313369066939272,0.287
"[0.28700000000000003, 0.28800000000000003)",0.031863773682241046,0.288
"[0.28800000000000003, 0.289)",0.03559795141911763,0.289
"[0.289, 0.29)",0.0335592454696429,0.29
"[0.29, 0.291)",0.03802038546346511,0.291
"[0.291, 0.292)",0.03213986822647063,0.292
"[0.292, 0.293)",0.024238683790909137,0.293
"[0.293, 0.294)",0.025221894370158135,0.294
"[0.294, 0.295)",0.0419442021419552,0.295
"[0.295, 0.296)",0.03443391650460533,0.296
"[0.296, 0.297)",0.04101645084398287,0.297
"[0.297, 0.298)",0.03056665580332645,0.298
"[0.298, 0.299)",0.034265698609850175,0.299
"[0.299, 0.3)",0.03390749302066669,0.3
"[0.3, 0.301)",0.02797105390969585,0.301
"[0.301, 0.302)",0.025970157224017496,0.302
"[0.302, 0.303)",0.030062185751164285,0.303
"[0.303, 0.304)",0.02897105718506231,0.304
"[0.304, 0.305)",0.036298729206329115,0.305
"[0.305, 0.306)",0.024997629173496697,0.306
"[0.306, 0.307)",0.035143757455753946,0.307
"[0.307, 0.308)",0.03475367628084678,0.308
"[0.308, 0.309)",0.028865819579059843,0.309
"[0.309, 0.31)",0.0374202633677716,0.31
"[0.31, 0.311)",0.03419194566853711,0.311
"[0.311, 0.312)",0.03050727635359344,0.312
"[0.312, 0.313)",0.02595176974409286,0.313
"[0.313, 0.314)",0.02813017620528637,0.314
"[0.314, 0.315)",0.041307917359871306,0.315
"[0.315, 0.316)",0.02833563505795416,0.316
"[0.316, 0.317)",0.03342976159309385,0.317
"[0.317, 0.318)",0.0335003111265098,0.318
"[0.318, 0.319)",0.028792590704040458,0.319
"[0.319, 0.32)",0.031069465133455206,0.32
"[0.32, 0.321)",0.033484969227574005,0.321
"[0.321, 0.322)",0.027418498816004125,0.322
"[0.322, 0.323)",0.04024394301068376,0.323
"[0.323, 0.324)",0.027822425312421087,0.324
"[0.324, 0.325)",0.03046082480235173,0.325
"[0.325, 0.326)",0.02617869120539958,0.326
"[0.326, 0.327)",0.02906459701454754,0.327
"[0.327, 0.328)",0.02794209348658284,0.328
"[0.328, 0.329)",0.02943812388280569,0.329
"[0.329, 0.33)",0.02992845413243734,0.33
"[0.33, 0.331)",0.028120685648893435,0.331
"[0.331, 0.332)",0.03097380975996345,0.332
"[0.332, 0.333)",0.03592061838345861,0.333
"[0.333, 0.334)",0.02969761585499001,0.334
"[0.334, 0.335)",0.03283918581078845,0.335
"[0.335, 0.336)",0.03352502785923431,0.336
"[0.336, 0.337)",0.02673137464224412,0.337
"[0.337, 0.338)",0.030703417528056644,0.338
"[0.338, 0.339)",0.03612250673752153,0.339
"[0.339, 0.34)",0.03141116741493127,0.34
"[0.34, 0.341)",0.03545454743646836,0.341
"[0.341, 0.342)",0.030251152853632522,0.342
"[0.342, 0.343)",0.028261082309335942,0.343
"[0.343, 0.34400000000000003)",0.03353942056041278,0.344
"[0.34400000000000003, 0.34500000000000003)",0.03820424631317362,0.345
"[0.34500000000000003, 0.34600000000000003)",0.034922299636702375,0.346
"[0.34600000000000003, 0.34700000000000003)",0.029069965233950636,0.347
"[0.34700000000000003, 0.34800000000000003)",0.034271489731764734,0.348
"[0.34800000000000003, 0.34900000000000003)",0.031423382368750065,0.349
"[0.34900000000000003, 0.35000000000000003)",0.03318141648332107,0.35
"[0.35000000000000003, 0.35100000000000003)",0.026784290097444884,0.351
"[0.35100000000000003, 0.352)",0.035591670667167015,0.352
"[0.352, 0.353)",0.029789724078598544,0.353
"[0.353, 0.354)",0.02838277434207442,0.354
"[0.354, 0.355)",0.03495181040091909,0.355
"[0.355, 0.356)",0.02678436668351815,0.356
"[0.356, 0.357)",0.03360875884670153,0.357
"[0.357, 0.358)",0.025321198301731632,0.358
"[0.358, 0.359)",0.029135680068989273,0.359
"[0.359, 0.36)",0.0396869993801541,0.36
"[0.36, 0.361)",0.034380538590812006,0.361
"[0.361, 0.362)",0.03660853462252879,0.362
"[0.362, 0.363)",0.034083294060807665,0.363
"[0.363, 0.364)",0.031902246457692365,0.364
"[0.364, 0.365)",0.032761123926997864,0.365
"[0.365, 0.366)",0.04192841470900478,0.366
"[0.366, 0.367)",0.031410387334292605,0.367
"[0.367, 0.368)",0.03207786065634745,0.368
"[0.368, 0.369)",0.023019661100453555,0.369
"[0.369, 0.37)",0.029667901628265155,0.37
"[0.37, 0.371)",0.02938521920395012,0.371
"[0.371, 0.372)",0.03372710892306254,0.372
"[0.372, 0.373)",0.027486137139583377,0.373
"[0.373, 0.374)",0.03199034129182395,0.374
"[0.374, 0.375)",0.03033825261757707,0.375
"[0.375, 0.376)",0.036431834320620894,0.376
"[0.376, 0.377)",0.03382517617459703,0.377
"[0.377, 0.378)",0.021834724870337094,0.378
"[0.378, 0.379)",0.02714692332440093,0.379
"[0.379, 0.38)",0.034908383799857765,0.38
"[0.38, 0.381)",0.04450191503488841,0.381
"[0.381, 0.382)",0.03158946204858391,0.382
"[0.382, 0.383)",0.034043239318625323,0.383
"[0.383, 0.384)",0.029552168644988375,0.384
"[0.384, 0.385)",0.03421692780991386,0.385
"[0.385, 0.386)",0.033854784724966634,0.386
"[0.386, 0.387)",0.03244649877945208,0.387
"[0.387, 0.388)",0.03635774835870287,0.388
"[0.388, 0.389)",0.03876632197318685,0.389
"[0.389, 0.39)",0.042151359822851155,0.39
"[0.39, 0.391)",0.03205793010137934,0.391
"[0.391, 0.392)",0.030697611543065724,0.392
"[0.392, 0.393)",0.029021795096097605,0.393
"[0.393, 0.394)",0.03187505530192313,0.394
"[0.394, 0.395)",0.027739910673975895,0.395
"[0.395, 0.396)",0.02554969371145883,0.396
"[0.396, 0.397)",0.03348306073552368,0.397
"[0.397, 0.398)",0.02798383900761908,0.398
"[0.398, 0.399)",0.025058956850478507,0.399
"[0.399, 0.4)",0.03254327613696502,0.4
"[0.4, 0.401)",0.03306374211798565,0.401
"[0.401, 0.402)",0.028566294736200988,0.402
"[0.402, 0.403)",0.03684312407938937,0.403
"[0.403, 0.404)",0.031623924251842774,0.404
"[0.404, 0.405)",0.040765012815652195,0.405
"[0.405, 0.406)",0.03586894932028441,0.406
"[0.406, 0.40700000000000003)",0.03349381528357487,0.407
"[0.40700000000000003, 0.40800000000000003)",0.02900545028578202,0.408
"[0.40800000000000003, 0.40900000000000003)",0.030104152424257423,0.409
"[0.40900000000000003, 0.41000000000000003)",0.029805140482718893,0.41
"[0.41000000000000003, 0.41100000000000003)",0.02967659043673917,0.411
"[0.41100000000000003, 0.41200000000000003)",0.031910227718319036,0.412
"[0.41200000000000003, 0.41300000000000003)",0.026585523269767472,0.413
"[0.41300000000000003, 0.41400000000000003)",0.030112670245866714,0.414
"[0.41400000000000003, 0.41500000000000004)",0.025706884665254268,0.415
"[0.41500000000000004, 0.41600000000000004)",0.029696557856635115,0.416
"[0.41600000000000004, 0.417)",0.028872899961818247,0.417
"[0.417, 0.418)",0.03117352810400003,0.418
"[0.418, 0.419)",0.03167756856446469,0.419
"[0.419, 0.42)",0.02967406626000002,0.42
"[0.42, 0.421)",0.03296214295538121,0.421
"[0.421, 0.422)",0.027361965726896552,0.422
"[0.422, 0.423)",0.034896344675846604,0.423
"[0.423, 0.424)",0.030271644194704538,0.424
"[0.424, 0.425)",0.044304109743847846,0.425
"[0.425, 0.426)",0.032582079666259214,0.426
"[0.426, 0.427)",0.03177405993338347,0.427
"[0.427, 0.428)",0.026904814742506136,0.428
"[0.428, 0.429)",0.03289761247617868,0.429
"[0.429, 0.43)",0.03357949995500003,0.43
"[0.43, 0.431)",0.03963259230515223,0.431
"[0.431, 0.432)",0.03517795416015469,0.432
"[0.432, 0.433)",0.026379356568671693,0.433
"[0.433, 0.434)",0.03142744852440774,0.434
"[0.434, 0.435)",0.02576468337135923,0.435
"[0.435, 0.436)",0.032117234113089047,0.436
"[0.436, 0.437)",0.037783533073979636,0.437
"[0.437, 0.438)",0.033072598638921605,0.438
"[0.438, 0.439)",0.026934163666080414,0.439
"[0.439, 0.44)",0.033867985300087916,0.44
"[0.44, 0.441)",0.031601325095981125,0.441
"[0.441, 0.442)",0.029373706813059734,0.442
"[0.442, 0.443)",0.02958575009833337,0.443
"[0.443, 0.444)",0.03898115295338353,0.444
"[0.444, 0.445)",0.03396667506058826,0.445
"[0.445, 0.446)",0.030584992705289707,0.446
"[0.446, 0.447)",0.02592258296282724,0.447
"[0.447, 0.448)",0.029842260761403498,0.448
"[0.448, 0.449)",0.021103994709562857,0.449
"[0.449, 0.45)",0.03342783532214615,0.45
"[0.45, 0.451)",0.03330358392671399,0.451
"[0.451, 0.452)",0.025739072146919454,0.452
"[0.452, 0.453)",0.041177958670078785,0.453
"[0.453, 0.454)",0.02859571386161576,0.454
"[0.454, 0.455)",0.035717431565563215,0.455
"[0.455, 0.456)",0.02894981737889708,0.456
"[0.456, 0.457)",0.02411788682101152,0.457
"[0.457, 0.458)",0.03368584728059701,0.458
"[0.458, 0.459)",0.030451478366819246,0.459
"[0.459, 0.46)",0.03554714640744297,0.46
"[0.46, 0.461)",0.0357603427040817,0.461
"[0.461, 0.462)",0.028569192277536272,0.462
"[0.462, 0.463)",0.03423027660503984,0.463
"[0.463, 0.464)",0.039088865005446054,0.464
"[0.464, 0.465)",0.032330713593396246,0.465
"[0.465, 0.466)",0.03372107007053143,0.466
"[0.466, 0.467)",0.028866863137125318,0.467
"[0.467, 0.468)",0.041203993553863644,0.468
"[0.468, 0.46900000000000003)",0.031434615798321706,0.469
"[0.46900000000000003, 0.47000000000000003)",0.02972364342117903,0.47
"[0.47000000000000003, 0.47100000000000003)",0.03034082193584479,0.471
"[0.47100000000000003, 0.47200000000000003)",0.03389717747505889,0.472
"[0.47200000000000003, 0.47300000000000003)",0.03221725912260977,0.473
"[0.47300000000000003, 0.47400000000000003)",0.040604537208188594,0.474
"[0.47400000000000003, 0.47500000000000003)",0.02346954220068969,0.475
"[0.47500000000000003, 0.47600000000000003)",0.026197863790526354,0.476
"[0.47600000000000003, 0.47700000000000004)",0.033618140175089566,0.477
"[0.47700000000000004, 0.47800000000000004)",0.03129827542994795,0.478
"[0.47800000000000004, 0.47900000000000004)",0.02982184429577836,0.479
"[0.47900000000000004, 0.48)",0.033872628821127466,0.48
"[0.48, 0.481)",0.035818768232119894,0.481
"[0.481, 0.482)",0.03265811783743961,0.482
"[0.482, 0.483)",0.032388449537671275,0.483
"[0.483, 0.484)",0.02708201183843285,0.484
"[0.484, 0.485)",0.039603980130071624,0.485
"[0.485, 0.486)",0.040918532395962,0.486
"[0.486, 0.487)",0.03352289513782512,0.487
"[0.487, 0.488)",0.026386705437058847,0.488
"[0.488, 0.489)",0.03333866227512823,0.489
"[0.489, 0.49)",0.039452079097977516,0.49
"[0.49, 0.491)",0.039110473253255805,0.491
"[0.491, 0.492)",0.03630716938664991,0.492
"[0.492, 0.493)",0.03500318230000004,0.493
"[0.493, 0.494)",0.031684206325547484,0.494
"[0.494, 0.495)",0.046682269401204825,0.495
"[0.495, 0.496)",0.029275968748974385,0.496
"[0.496, 0.497)",0.030634871622303952,0.497
"[0.497, 0.498)",0.036928540338596494,0.498
"[0.498, 0.499)",0.02672567722927861,0.499
"[0.499, 0.5)",0.03912605937655429,0.5
"[0.5, 0.501)",0.028610876198276715,0.501
"[0.501, 0.502)",0.031619158700512844,0.502
"[0.502, 0.503)",0.03778699535091867,0.503
"[0.503, 0.504)",0.019032328742942566,0.504
"[0.504, 0.505)",0.03472672954233773,0.505
"[0.505, 0.506)",0.03128209257364345,0.506
"[0.506, 0.507)",0.023679041055721394,0.507
"[0.507, 0.508)",0.028042646083497567,0.508
"[0.508, 0.509)",0.026943932536436215,0.509
"[0.509, 0.51)",0.02310786744475702,0.51
"[0.51, 0.511)",0.03849730916511062,0.511
"[0.511, 0.512)",0.042283376637066696,0.512
"[0.512, 0.513)",0.03442838122519089,0.513
"[0.513, 0.514)",0.02576904851002446,0.514
"[0.514, 0.515)",0.03138902524751135,0.515
"[0.515, 0.516)",0.03099668169899755,0.516
"[0.516, 0.517)",0.03337698405637499,0.517
"[0.517, 0.518)",0.029580089961892556,0.518
"[0.518, 0.519)",0.02416381712782134,0.519
"[0.519, 0.52)",0.03328123128815796,0.52
"[0.52, 0.521)",0.032593078722444484,0.521
"[0.521, 0.522)",0.02858283748514426,0.522
"[0.522, 0.523)",0.03538416861577398,0.523
"[0.523, 0.524)",0.023973552688838374,0.524
"[0.524, 0.525)",0.02537052149260202,0.525
"[0.525, 0.526)",0.03624353114975617,0.526
"[0.526, 0.527)",0.02481048429765625,0.527
"[0.527, 0.528)",0.033281560122192785,0.528
"[0.528, 0.529)",0.03876598819763387,0.529
"[0.529, 0.53)",0.03492420957699536,0.53
"[0.53, 0.531)",0.02494928677939087,0.531
"[0.531, 0.532)",0.030340237532094246,0.532
"[0.532, 0.533)",0.03389608540412372,0.533
"[0.533, 0.534)",0.031516468821456346,0.534
"[0.534, 0.535)",0.03132472037306665,0.535
"[0.535, 0.536)",0.03585846640023645,0.536
"[0.536, 0.537)",0.027174382261424834,0.537
"[0.537, 0.538)",0.0344883830846331,0.538
"[0.538, 0.539)",0.03346071630278483,0.539
"[0.539, 0.54)",0.03294781906004565,0.54
"[0.54, 0.541)",0.04346655466359102,0.541
"[0.541, 0.542)",0.030220919183250063,0.542
"[0.542, 0.543)",0.03647077503611801,0.543
"[0.543, 0.544)",0.03917359255645938,0.544
"[0.544, 0.545)",0.037226877670298926,0.545
"[0.545, 0.546)",0.03604470631704086,0.546
"[0.546, 0.547)",0.03627964599751245,0.547
"[0.547, 0.548)",0.032660328159842565,0.548
"[0.548, 0.549)",0.03759908512974369,0.549
"[0.549, 0.55)",0.03584185925669495,0.55
"[0.55, 0.551)",0.039699990769655184,0.551
"[0.551, 0.552)",0.0316009561491936,0.552
"[0.552, 0.553)",0.034288802203041376,0.553
"[0.553, 0.554)",0.03767128615704227,0.554
"[0.554, 0.555)",0.03433241479806634,0.555
"[0.555, 0.556)",0.0252302520093862,0.556
"[0.556, 0.557)",0.03348051216138353,0.557
"[0.557, 0.558)",0.03734217634201572,0.558
"[0.558, 0.559)",0.03234897046658482,0.559
"[0.559, 0.56)",0.027068561055476188,0.56
"[0.56, 0.561)",0.031026119560068375,0.561
"[0.561, 0.562)",0.029259487645776558,0.562
"[0.562, 0.5630000000000001)",0.028368473680253158,0.563
"[0.5630000000000001, 0.5640000000000001)",0.026221638152710555,0.564
"[0.5640000000000001, 0.5650000000000001)",0.036433991174293044,0.565
"[0.5650000000000001, 0.5660000000000001)",0.036577594711634354,0.566
"[0.5660000000000001, 0.5670000000000001)",0.03264463594268295,0.567
"[0.5670000000000001, 0.5680000000000001)",0.029250524658246974,0.568
"[0.5680000000000001, 0.5690000000000001)",0.03189038518597403,0.569
"[0.5690000000000001, 0.5700000000000001)",0.021803718842372873,0.57
"[0.5700000000000001, 0.5710000000000001)",0.03510480710052639,0.571
"[0.5710000000000001, 0.5720000000000001)",0.030475109741744815,0.572
"[0.5720000000000001, 0.5730000000000001)",0.032850196218139574,0.573
"[0.5730000000000001, 0.5740000000000001)",0.033103974202989155,0.574
"[0.5740000000000001, 0.5750000000000001)",0.030091341225431507,0.575
"[0.5750000000000001, 0.5760000000000001)",0.032459966544166705,0.576
"[0.5760000000000001, 0.577)",0.032195606130973456,0.577
"[0.577, 0.578)",0.03485854655944448,0.578
"[0.578, 0.579)",0.03877406720443867,0.579
"[0.579, 0.58)",0.030224574572413808,0.58
"[0.58, 0.581)",0.02906912007338132,0.581
"[0.581, 0.582)",0.024830734073802808,0.582
"[0.582, 0.583)",0.027818489294951242,0.583
"[0.583, 0.584)",0.033578342639588726,0.584
"[0.584, 0.585)",0.02417869502430518,0.585
"[0.585, 0.586)",0.029051796561111162,0.586
"[0.586, 0.587)",0.02939453356205965,0.587
"[0.587, 0.588)",0.039142015935294136,0.588
"[0.588, 0.589)",0.029173246485353542,0.589
"[0.589, 0.59)",0.02979779241658991,0.59
"[0.59, 0.591)",0.026467602241384638,0.591
"[0.591, 0.592)",0.028374588835012364,0.592
"[0.592, 0.593)",0.031749212009855116,0.593
"[0.593, 0.594)",0.02952519850719796,0.594
"[0.594, 0.595)",0.025025939526682472,0.595
"[0.595, 0.596)",0.027040726713462613,0.596
"[0.596, 0.597)",0.0264543819939726,0.597
"[0.597, 0.598)",0.03218060753333337,0.598
"[0.598, 0.599)",0.03170615465111111,0.599
"[0.599, 0.6)",0.02421722259787654,0.6
"[0.6, 0.601)",0.028175187063905018,0.601
"[0.601, 0.602)",0.026868037308121866,0.602
"[0.602, 0.603)",0.03390955973661621,0.603
"[0.603, 0.604)",0.03137778596594425,0.604
"[0.604, 0.605)",0.025303099793556705,0.605
"[0.605, 0.606)",0.027795745569895836,0.606
"[0.606, 0.607)",0.02988697248410404,0.607
"[0.607, 0.608)",0.03639736150229011,0.608
"[0.608, 0.609)",0.037103152601657634,0.609
"[0.609, 0.61)",0.032155957096181444,0.61
"[0.61, 0.611)",0.03659060243501203,0.611
"[0.611, 0.612)",0.035617221022300534,0.612
"[0.612, 0.613)",0.03125430132320001,0.613
"[0.613, 0.614)",0.026447841175714314,0.614
"[0.614, 0.615)",0.028226815103036117,0.615
"[0.615, 0.616)",0.025813781626623407,0.616
"[0.616, 0.617)",0.02584416311490387,0.617
"[0.617, 0.618)",0.019891766737027715,0.618
"[0.618, 0.619)",0.0382096435256998,0.619
"[0.619, 0.62)",0.03712928207715743,0.62
"[0.62, 0.621)",0.0403816749334159,0.621
"[0.621, 0.622)",0.031262194347200026,0.622
"[0.622, 0.623)",0.0336100332676845,0.623
"[0.623, 0.624)",0.037715443186934754,0.624
"[0.624, 0.625)",0.035455720561845434,0.625
"[0.625, 0.626)",0.028338094645084792,0.626
"[0.626, 0.627)",0.028390839790954924,0.627
"[0.627, 0.628)",0.03186008569564564,0.628
"[0.628, 0.629)",0.029511793052357353,0.629
"[0.629, 0.63)",0.036344490843828736,0.63
"[0.63, 0.631)",0.041318982144315855,0.631
"[0.631, 0.632)",0.03783212121178089,0.632
"[0.632, 0.633)",0.0370783202964179,0.633
"[0.633, 0.634)",0.020801737391608177,0.634
"[0.634, 0.635)",0.03570972661508879,0.635
"[0.635, 0.636)",0.0267478464385269,0.636
"[0.636, 0.637)",0.020291035670284216,0.637
"[0.637, 0.638)",0.031223923324650463,0.638
"[0.638, 0.639)",0.02892551267342105,0.639
"[0.639, 0.64)",0.03019438597201497,0.64
"[0.64, 0.641)",0.030680794823607423,0.641
"[0.641, 0.642)",0.028434346719628675,0.642
"[0.642, 0.643)",0.030286248748299705,0.643
"[0.643, 0.644)",0.037081889419204254,0.644
"[0.644, 0.645)",0.03941858876749353,0.645
"[0.645, 0.646)",0.034530252292878344,0.646
"[0.646, 0.647)",0.03383198857839337,0.647
"[0.647, 0.648)",0.03876676889021166,0.648
"[0.648, 0.649)",0.03365521966705886,0.649
"[0.649, 0.65)",0.03682800791336071,0.65
"[0.65, 0.651)",0.031696977893068815,0.651
"[0.651, 0.652)",0.02839069077152904,0.652
"[0.652, 0.653)",0.031031598198493982,0.653
"[0.653, 0.654)",0.024821861150402125,0.654
"[0.654, 0.655)",0.03897137936969277,0.655
"[0.655, 0.656)",0.03803853907250756,0.656
"[0.656, 0.657)",0.023856335828208536,0.657
"[0.657, 0.658)",0.027927883548895888,0.658
"[0.658, 0.659)",0.028520691363368978,0.659
"[0.659, 0.66)",0.03269955570691643,0.66
"[0.66, 0.661)",0.03384024781521128,0.661
"[0.661, 0.662)",0.0296330698075843,0.662
"[0.662, 0.663)",0.03684155576957932,0.663
"[0.663, 0.664)",0.03298529125341248,0.664
"[0.664, 0.665)",0.02870526091500002,0.665
"[0.665, 0.666)",0.03115667631120446,0.666
"[0.666, 0.667)",0.032942016496371684,0.667
"[0.667, 0.668)",0.02071830476715976,0.668
"[0.668, 0.669)",0.0349992509331461,0.669
"[0.669, 0.67)",0.02539185752792853,0.67
"[0.67, 0.671)",0.02661621196762178,0.671
"[0.671, 0.672)",0.034918603987335144,0.672
"[0.672, 0.673)",0.029975883526611142,0.673
"[0.673, 0.674)",0.03012371293943622,0.674
"[0.674, 0.675)",0.03964595534006029,0.675
"[0.675, 0.676)",0.02730229491993865,0.676
"[0.676, 0.677)",0.034131334645882395,0.677
"[0.677, 0.678)",0.024716477538605345,0.678
"[0.678, 0.679)",0.02754077123169863,0.679
"[0.679, 0.68)",0.032454973241509436,0.68
"[0.68, 0.681)",0.03235644099871936,0.681
"[0.681, 0.682)",0.03914591724481798,0.682
"[0.682, 0.683)",0.031209048552647084,0.683
"[0.683, 0.684)",0.02627139387774482,0.684
"[0.684, 0.685)",0.0344175821171196,0.685
"[0.685, 0.686)",0.023279736809703484,0.686
"[0.686, 0.687)",0.026750361964201178,0.687
"[0.687, 0.6880000000000001)",0.0247235416657478,0.688
"[0.6880000000000001, 0.6890000000000001)",0.03519612937398356,0.689
"[0.6890000000000001, 0.6900000000000001)",0.0262235072,0.69
"[0.6900000000000001, 0.6910000000000001)",0.03025446794818656,0.691
"[0.6910000000000001, 0.6920000000000001)",0.03800672177211272,0.692
"[0.6920000000000001, 0.6930000000000001)",0.029178474767988703,0.693
"[0.6930000000000001, 0.6940000000000001)",0.030765589481369877,0.694
"[0.6940000000000001, 0.6950000000000001)",0.04123666027340729,0.695
"[0.6950000000000001, 0.6960000000000001)",0.028894785538219923,0.696
"[0.6960000000000001, 0.6970000000000001)",0.028017726080675338,0.697
"[0.6970000000000001, 0.6980000000000001)",0.02800669395377906,0.698
"[0.6980000000000001, 0.6990000000000001)",0.027969290192830724,0.699
"[0.6990000000000001, 0.7000000000000001)",0.019152346822898545,0.7
"[0.7000000000000001, 0.7010000000000001)",0.028300651450289028,0.701
"[0.7010000000000001, 0.7020000000000001)",0.032663764120869576,0.702
"[0.7020000000000001, 0.7030000000000001)",0.037176829403687016,0.703
"[0.7030000000000001, 0.704)",0.03356798316384838,0.704
"[0.704, 0.705)",0.03219923230116959,0.705
"[0.705, 0.706)",0.024582904002127648,0.706
"[0.706, 0.707)",0.026367058968361595,0.707
"[0.707, 0.708)",0.036571524293830406,0.708
"[0.708, 0.709)",0.03341970319321151,0.709
"[0.709, 0.71)",0.032112773662704944,0.71
"[0.71, 0.711)",0.03272225611086351,0.711
"[0.711, 0.712)",0.03534315542568308,0.712
"[0.712, 0.713)",0.02895172860273745,0.713
"[0.713, 0.714)",0.024006928440760873,0.714
"[0.714, 0.715)",0.02844828595476192,0.715
"[0.715, 0.716)",0.029133427365988698,0.716
"[0.716, 0.717)",0.029360458102693502,0.717
"[0.717, 0.718)",0.037802129473988456,0.718
"[0.718, 0.719)",0.03281225892303522,0.719
"[0.719, 0.72)",0.027444798594531247,0.72
"[0.72, 0.721)",0.03555171910861623,0.721
"[0.721, 0.722)",0.02227536246126124,0.722
"[0.722, 0.723)",0.037094967260422995,0.723
"[0.723, 0.724)",0.024509911854116027,0.724
"[0.724, 0.725)",0.03030040869904765,0.725
"[0.725, 0.726)",0.024390582921411753,0.726
"[0.726, 0.727)",0.029750858249704165,0.727
"[0.727, 0.728)",0.02652922073163489,0.728
"[0.728, 0.729)",0.024172371762756606,0.729
"[0.729, 0.73)",0.024317488436416197,0.73
"[0.73, 0.731)",0.039890798526628926,0.731
"[0.731, 0.732)",0.032767063308463955,0.732
"[0.732, 0.733)",0.02983838785022015,0.733
"[0.733, 0.734)",0.033205079195321646,0.734
"[0.734, 0.735)",0.03300900258637774,0.735
"[0.735, 0.736)",0.028614806733014694,0.736
"[0.736, 0.737)",0.031934793805315616,0.737
"[0.737, 0.738)",0.035317279191419144,0.738
"[0.738, 0.739)",0.028939371265100662,0.739
"[0.739, 0.74)",0.03669751868892406,0.74
"[0.74, 0.741)",0.042527895615469616,0.741
"[0.741, 0.742)",0.02977753756187687,0.742
"[0.742, 0.743)",0.03728864265454548,0.743
"[0.743, 0.744)",0.03690109872675162,0.744
"[0.744, 0.745)",0.026543007278260873,0.745
"[0.745, 0.746)",0.02151496019187499,0.746
"[0.746, 0.747)",0.03481741215472975,0.747
"[0.747, 0.748)",0.032117079431161516,0.748
"[0.748, 0.749)",0.03798883181671736,0.749
"[0.749, 0.75)",0.03399330024031256,0.75
"[0.75, 0.751)",0.02936449947240359,0.751
"[0.751, 0.752)",0.027115942695312513,0.752
"[0.752, 0.753)",0.024833264220066653,0.753
"[0.753, 0.754)",0.02805201543888271,0.754
"[0.754, 0.755)",0.03172518064494051,0.755
"[0.755, 0.756)",0.02992062273372785,0.756
"[0.756, 0.757)",0.0270586999820122,0.757
"[0.757, 0.758)",0.03842877244146895,0.758
"[0.758, 0.759)",0.02706737398367876,0.759
"[0.759, 0.76)",0.03647188456906081,0.76
"[0.76, 0.761)",0.0336419404474394,0.761
"[0.761, 0.762)",0.02794934272766992,0.762
"[0.762, 0.763)",0.02458590751567566,0.763
"[0.763, 0.764)",0.03038089895215055,0.764
"[0.764, 0.765)",0.03723560127906979,0.765
"[0.765, 0.766)",0.028565655686118994,0.766
"[0.766, 0.767)",0.03042399609725215,0.767
"[0.767, 0.768)",0.02630151158410957,0.768
"[0.768, 0.769)",0.022739197237068933,0.769
"[0.769, 0.77)",0.034006155322452866,0.77
"[0.77, 0.771)",0.03451299627975832,0.771
"[0.771, 0.772)",0.034092299159077855,0.772
"[0.772, 0.773)",0.02845959301999998,0.773
"[0.773, 0.774)",0.028284761131901818,0.774
"[0.774, 0.775)",0.025381560847932094,0.775
"[0.775, 0.776)",0.028976946939099107,0.776
"[0.776, 0.777)",0.0257744105158228,0.777
"[0.777, 0.778)",0.029546016702285745,0.778
"[0.778, 0.779)",0.0292377523727528,0.779
"[0.779, 0.78)",0.028983585209116064,0.78
"[0.78, 0.781)",0.027383766834925372,0.781
"[0.781, 0.782)",0.029548475860240665,0.782
"[0.782, 0.783)",0.03148663156189026,0.783
"[0.783, 0.784)",0.036424655529394875,0.784
"[0.784, 0.785)",0.027241205765875378,0.785
"[0.785, 0.786)",0.033113649487965635,0.786
"[0.786, 0.787)",0.036000124666477305,0.787
"[0.787, 0.788)",0.028832818987771746,0.788
"[0.788, 0.789)",0.023980797334661026,0.789
"[0.789, 0.79)",0.027821871436284944,0.79
"[0.79, 0.791)",0.030800150857264952,0.791
"[0.791, 0.792)",0.023359597963492067,0.792
"[0.792, 0.793)",0.028836786816324365,0.793
"[0.793, 0.794)",0.026620934088217533,0.794
"[0.794, 0.795)",0.030508698465083837,0.795
"[0.795, 0.796)",0.03358363926550726,0.796
"[0.796, 0.797)",0.03379339067339674,0.797
"[0.797, 0.798)",0.02884370284421966,0.798
"[0.798, 0.799)",0.027531736154713896,0.799
"[0.799, 0.8)",0.038492103069252125,0.8
"[0.8, 0.801)",0.03797248441134333,0.801
"[0.801, 0.802)",0.03416375257861273,0.802
"[0.802, 0.803)",0.031623659525373146,0.803
"[0.803, 0.804)",0.03259806103012085,0.804
"[0.804, 0.805)",0.021889742003533552,0.805
"[0.805, 0.806)",0.033588312757396474,0.806
"[0.806, 0.807)",0.030305409829015396,0.807
"[0.807, 0.808)",0.01881576704499999,0.808
"[0.808, 0.809)",0.04065273972218754,0.809
"[0.809, 0.81)",0.023834854415806447,0.81
"[0.81, 0.811)",0.027174878067806284,0.811
"[0.811, 0.812)",0.0314159126289728,0.812
"[0.812, 0.8130000000000001)",0.030831243997966083,0.813
"[0.8130000000000001, 0.8140000000000001)",0.02864730612679523,0.814
"[0.8140000000000001, 0.8150000000000001)",0.021883030021355908,0.815
"[0.8150000000000001, 0.8160000000000001)",0.034746468383439554,0.816
"[0.8160000000000001, 0.8170000000000001)",0.026907896696405205,0.817
"[0.8170000000000001, 0.8180000000000001)",0.027512082269798666,0.818
"[0.8180000000000001, 0.8190000000000001)",0.028813357022535187,0.819
"[0.8190000000000001, 0.8200000000000001)",0.026006402609202464,0.82
"[0.8200000000000001, 0.8210000000000001)",0.024042175218987327,0.821
"[0.8210000000000001, 0.8220000000000001)",0.026488273661538452,0.822
"[0.8220000000000001, 0.8230000000000001)",0.027160470101801802,0.823
"[0.8230000000000001, 0.8240000000000001)",0.02885923532373888,0.824
"[0.8240000000000001, 0.8250000000000001)",0.02076265213969696,0.825
"[0.8250000000000001, 0.8260000000000001)",0.02606619514077671,0.826
"[0.8260000000000001, 0.8270000000000001)",0.032441744477514786,0.827
"[0.8270000000000001, 0.8280000000000001)",0.02844684329559748,0.828
"[0.8280000000000001, 0.8290000000000001)",0.030543800532675608,0.829
"[0.8290000000000001, 0.8300000000000001)",0.027150075004501603,0.83
"[0.8300000000000001, 0.8310000000000001)",0.03253883209614145,0.831
"[0.8310000000000001, 0.8320000000000001)",0.03362355481574345,0.832
"[0.8320000000000001, 0.833)",0.031534145039156664,0.833
"[0.833, 0.834)",0.03977739861639348,0.834
"[0.834, 0.835)",0.03131605464411769,0.835
"[0.835, 0.836)",0.027567684080618,0.836
"[0.836, 0.837)",0.034012572975076955,0.837
"[0.837, 0.838)",0.03020729215594855,0.838
"[0.838, 0.839)",0.030400552067904485,0.839
"[0.839, 0.84)",0.02882972127075473,0.84
"[0.84, 0.841)",0.02984305920819484,0.841
"[0.841, 0.842)",0.03191151414808456,0.842
"[0.842, 0.843)",0.029296656705405415,0.843
"[0.843, 0.844)",0.032699872102903225,0.844
"[0.844, 0.845)",0.03842510190806456,0.845
"[0.845, 0.846)",0.03253542803043482,0.846
"[0.846, 0.847)",0.02830977274449367,0.847
"[0.847, 0.848)",0.025349488360625,0.848
"[0.848, 0.849)",0.024007061667781143,0.849
"[0.849, 0.85)",0.021049142945929203,0.85
"[0.85, 0.851)",0.030984485587125767,0.851
"[0.851, 0.852)",0.03741878274580647,0.852
"[0.852, 0.853)",0.030087481968857153,0.853
"[0.853, 0.854)",0.0357271672639039,0.854
"[0.854, 0.855)",0.03223052159012347,0.855
"[0.855, 0.856)",0.029610563621712542,0.856
"[0.856, 0.857)",0.025551696491849497,0.857
"[0.857, 0.858)",0.03732043648690407,0.858
"[0.858, 0.859)",0.03666170370531566,0.859
"[0.859, 0.86)",0.035974210568449384,0.86
"[0.86, 0.861)",0.028499755343142863,0.861
"[0.861, 0.862)",0.03071575700788645,0.862
"[0.862, 0.863)",0.02384920497859424,0.863
"[0.863, 0.864)",0.03565957063320132,0.864
"[0.864, 0.865)",0.03244574776453677,0.865
"[0.865, 0.866)",0.033939895722754514,0.866
"[0.866, 0.867)",0.02791878773945781,0.867
"[0.867, 0.868)",0.018342275255690137,0.868
"[0.868, 0.869)",0.020556508842666656,0.869
"[0.869, 0.87)",0.030761034440597017,0.87
"[0.87, 0.871)",0.03367037200005559,0.871
"[0.871, 0.872)",0.0308851853935191,0.872
"[0.872, 0.873)",0.025889614546175624,0.873
"[0.873, 0.874)",0.02354726964431137,0.874
"[0.874, 0.875)",0.03263388406694769,0.875
"[0.875, 0.876)",0.03503163872214517,0.876
"[0.876, 0.877)",0.036401685354154695,0.877
"[0.877, 0.878)",0.02740379382033897,0.878
"[0.878, 0.879)",0.04014039920151976,0.879
"[0.879, 0.88)",0.025999983627476034,0.88
"[0.88, 0.881)",0.024437518407507425,0.881
"[0.881, 0.882)",0.02478370819239724,0.882
"[0.882, 0.883)",0.025690970197530864,0.883
"[0.883, 0.884)",0.03768170235587306,0.884
"[0.884, 0.885)",0.037914496620454555,0.885
"[0.885, 0.886)",0.03429012035106583,0.886
"[0.886, 0.887)",0.03282645144150946,0.887
"[0.887, 0.888)",0.028188921063694257,0.888
"[0.888, 0.889)",0.037864923435928156,0.889
"[0.889, 0.89)",0.02930067334906834,0.89
"[0.89, 0.891)",0.035574143689969646,0.891
"[0.891, 0.892)",0.02897243368684213,0.892
"[0.892, 0.893)",0.030646913023875427,0.893
"[0.893, 0.894)",0.029724357210810803,0.894
"[0.894, 0.895)",0.038039055033546314,0.895
"[0.895, 0.896)",0.034228783933550534,0.896
"[0.896, 0.897)",0.025007765793309836,0.897
"[0.897, 0.898)",0.03262077683354237,0.898
"[0.898, 0.899)",0.028822419262717766,0.899
"[0.899, 0.9)",0.03338020895756582,0.9
"[0.9, 0.901)",0.027408803257284755,0.901
"[0.901, 0.902)",0.03694028398653848,0.902
"[0.902, 0.903)",0.024728438944404303,0.903
"[0.903, 0.904)",0.025408519986622073,0.904
"[0.904, 0.905)",0.03225512582888085,0.905
"[0.905, 0.906)",0.025900318255185156,0.906
"[0.906, 0.907)",0.024186883446735388,0.907
"[0.907, 0.908)",0.03474999472107849,0.908
"[0.908, 0.909)",0.03183897753178572,0.909
"[0.909, 0.91)",0.03117786220205775,0.91
"[0.91, 0.911)",0.033271301591695515,0.911
"[0.911, 0.912)",0.025158002098630134,0.912
"[0.912, 0.913)",0.038746403125082526,0.913
"[0.913, 0.914)",0.028771225772018353,0.914
"[0.914, 0.915)",0.02578808805592705,0.915
"[0.915, 0.916)",0.032607164822697376,0.916
"[0.916, 0.917)",0.030218249988958997,0.917
"[0.917, 0.918)",0.033465202493247616,0.918
"[0.918, 0.919)",0.02813882279760477,0.919
"[0.919, 0.92)",0.03228684430993976,0.92
"[0.92, 0.921)",0.030016984875399354,0.921
"[0.921, 0.922)",0.02766128278912387,0.922
"[0.922, 0.923)",0.036073405113888915,0.923
"[0.923, 0.924)",0.035563127747064,0.924
"[0.924, 0.925)",0.03414886923869866,0.925
"[0.925, 0.926)",0.023621206692789963,0.926
"[0.926, 0.927)",0.026401227794838715,0.927
"[0.927, 0.928)",0.025524587809815945,0.928
"[0.928, 0.929)",0.02527970635750797,0.929
"[0.929, 0.93)",0.03035996231889252,0.93
"[0.93, 0.931)",0.030230285739130443,0.931
"[0.931, 0.932)",0.03268607503454546,0.932
"[0.932, 0.933)",0.028975075417295628,0.933
"[0.933, 0.934)",0.0274709980079128,0.934
"[0.934, 0.935)",0.028112452561172615,0.935
"[0.935, 0.936)",0.026444775941324494,0.936
"[0.936, 0.937)",0.0244133407382709,0.937
"[0.937, 0.9380000000000001)",0.033315936142553196,0.938
"[0.9380000000000001, 0.9390000000000001)",0.026166664472622465,0.939
"[0.9390000000000001, 0.9400000000000001)",0.027737042034875783,0.94
"[0.9400000000000001, 0.9410000000000001)",0.03441688585000003,0.941
"[0.9410000000000001, 0.9420000000000001)",0.028695999312420364,0.942
"[0.9420000000000001, 0.9430000000000001)",0.03508749359487182,0.943
"[0.9430000000000001, 0.9440000000000001)",0.0333789571431138,0.944
"[0.9440000000000001, 0.9450000000000001)",0.037953769590099,0.945
"[0.9450000000000001, 0.9460000000000001)",0.02107162556112094,0.946
"[0.9460000000000001, 0.9470000000000001)",0.030708460360333315,0.947
"[0.9470000000000001, 0.9480000000000001)",0.03445881239343752,0.948
"[0.9480000000000001, 0.9490000000000001)",0.03122933145502959,0.949
"[0.9490000000000001, 0.9500000000000001)",0.032377774112225706,0.95
"[0.9500000000000001, 0.9510000000000001)",0.039534454275609754,0.951
"[0.9510000000000001, 0.9520000000000001)",0.02779653312292489,0.952
"[0.9520000000000001, 0.9530000000000001)",0.02459476494631902,0.953
"[0.9530000000000001, 0.9540000000000001)",0.028754051418060218,0.954
"[0.9540000000000001, 0.9550000000000001)",0.02399902176666666,0.955
"[0.9550000000000001, 0.9560000000000001)",0.022229681293962956,0.956
"[0.9560000000000001, 0.9570000000000001)",0.03986259578616128,0.957
"[0.9570000000000001, 0.9580000000000001)",0.03523222725085328,0.958
"[0.9580000000000001, 0.9590000000000001)",0.027225312776811575,0.959
"[0.9590000000000001, 0.96)",0.028104359591958006,0.96
"[0.96, 0.961)",0.030040180618518535,0.961
"[0.961, 0.962)",0.0260447192580645,0.962
"[0.962, 0.963)",0.0364845536467528,0.963
"[0.963, 0.964)",0.019890057640288776,0.964
"[0.964, 0.965)",0.029881140047670247,0.965
"[0.965, 0.966)",0.028242366272692308,0.966
"[0.966, 0.967)",0.026782660572759825,0.967
"[0.967, 0.968)",0.0337330255229927,0.968
"[0.968, 0.969)",0.03390609888945312,0.969
"[0.969, 0.97)",0.029823643755681806,0.97
"[0.97, 0.971)",0.028124990849652486,0.971
"[0.971, 0.972)",0.03127139481626015,0.972
"[0.972, 0.973)",0.030938987365168917,0.973
"[0.973, 0.974)",0.029687394032165606,0.974
"[0.974, 0.975)",0.026458107072161178,0.975
"[0.975, 0.976)",0.0329698389085821,0.976
"[0.976, 0.977)",0.02537990670817121,0.977
"[0.977, 0.978)",0.03363663562084806,0.978
"[0.978, 0.979)",0.024769628403053422,0.979
"[0.979, 0.98)",0.040575277354296876,0.98
"[0.98, 0.981)",0.035396382398717,0.981
"[0.981, 0.982)",0.030633231191875,0.982
"[0.982, 0.983)",0.033285714582499994,0.983
"[0.983, 0.984)",0.023936950559839337,0.984
"[0.984, 0.985)",0.030004659174131275,0.985
"[0.985, 0.986)",0.04190032096831278,0.986
"[0.986, 0.987)",0.03393741700625001,0.987
"[0.987, 0.988)",0.028739416199604722,0.988
"[0.988, 0.989)",0.030462089571713112,0.989
"[0.989, 0.99)",0.025068587347410347,0.99
"[0.99, 0.991)",0.037329134420175436,0.991
"[0.991, 0.992)",0.024793028835370358,0.992
"[0.992, 0.993)",0.036458953952988045,0.993
"[0.993, 0.994)",0.02885968311420408,0.994
"[0.994, 0.995)",0.025177616233203123,0.995
"[0.995, 0.996)",0.03434811829344962,0.996
"[0.996, 0.997)",0.03533850672675187,0.997
"[0.997, 0.998)",0.034460455912773726,0.998
"[0.998, 0.999)",0.03873858317461538,0.999
"[0.999, 1.0)",0.03788496885291666,1.0
"[1.0, 1.0010000000000001)",0.032613072299647904,1.001
"[1.0010000000000001, 1.002)",0.027897068397307684,1.002
"[1.002, 1.0030000000000001)",0.029569228653387746,1.003
"[1.0030000000000001, 1.004)",0.028434828731560266,1.004
"[1.004, 1.0050000000000001)",0.02654139212122448,1.005
"[1.0050000000000001, 1.006)",0.029177722767777765,1.006
"[1.006, 1.0070000000000001)",0.025702382429501926,1.007
"[1.0070000000000001, 1.008)",0.03690946324935062,1.008
"[1.008, 1.0090000000000001)",0.027277938041304343,1.009
"[1.0090000000000001, 1.01)",0.037041045152083354,1.01
"[1.01, 1.0110000000000001)",0.03148326792419751,1.011
"[1.0110000000000001, 1.012)",0.024270577016194332,1.012
"[1.012, 1.0130000000000001)",0.020752610280037883,1.013
"[1.0130000000000001, 1.014)",0.027770517892380945,1.014
"[1.014, 1.0150000000000001)",0.028926005664566917,1.015
"[1.0150000000000001, 1.016)",0.028641647956175284,1.016
"[1.016, 1.0170000000000001)",0.02796934504799212,1.017
"[1.0170000000000001, 1.018)",0.02645500793639847,1.018
"[1.018, 1.0190000000000001)",0.028010660581803973,1.019
"[1.0190000000000001, 1.02)",0.028024198635940176,1.02
"[1.02, 1.0210000000000001)",0.030896568238461534,1.021
"[1.0210000000000001, 1.022)",0.029385078212992116,1.022
"[1.022, 1.0230000000000001)",0.02570284728353414,1.023
"[1.0230000000000001, 1.024)",0.02521555871355311,1.024
"[1.024, 1.025)",0.02322772762360154,1.025
"[1.025, 1.026)",0.023769243370175427,1.026
"[1.026, 1.027)",0.03128894970040322,1.027
"[1.027, 1.028)",0.030157553071923075,1.028
"[1.028, 1.029)",0.021381011833321296,1.029
"[1.029, 1.03)",0.017739865040000007,1.03
"[1.03, 1.031)",0.029713420093207547,1.031
"[1.031, 1.032)",0.02621190116237547,1.032
"[1.032, 1.033)",0.026728013283333334,1.033
"[1.033, 1.034)",0.027156210765151498,1.034
"[1.034, 1.035)",0.03030091356392157,1.035
"[1.035, 1.036)",0.03059861292006623,1.036
"[1.036, 1.037)",0.024296979450588212,1.037
"[1.037, 1.038)",0.024239123898863617,1.038
"[1.038, 1.039)",0.0183763586006967,1.039
"[1.039, 1.04)",0.024187269261603035,1.04
"[1.04, 1.041)",0.0292239657167315,1.041
"[1.041, 1.042)",0.034517987216929176,1.042
"[1.042, 1.043)",0.033977328950392155,1.043
"[1.043, 1.044)",0.02385119084268774,1.044
"[1.044, 1.045)",0.0321108921023346,1.045
"[1.045, 1.046)",0.027778113138254547,1.046
"[1.046, 1.047)",0.029172545580505426,1.047
"[1.047, 1.048)",0.021991209889179096,1.048
"[1.048, 1.049)",0.02459207166956522,1.049
"[1.049, 1.05)",0.029094837367952223,1.05
"[1.05, 1.051)",0.029183232542737223,1.051
"[1.051, 1.052)",0.024599401520727263,1.052
"[1.052, 1.053)",0.02523977872989323,1.053
"[1.053, 1.054)",0.024535924610266137,1.054
"[1.054, 1.055)",0.024808574393197273,1.055
"[1.055, 1.056)",0.028213452458471733,1.056
"[1.056, 1.057)",0.03925662714812245,1.057
"[1.057, 1.058)",0.032914745849252657,1.058
"[1.058, 1.059)",0.023743430760212004,1.059
"[1.059, 1.06)",0.03566942936699671,1.06
"[1.06, 1.061)",0.02648008341572327,1.061
"[1.061, 1.062)",0.028520511309402977,1.062
"[1.062, 1.063)",0.02391827220093024,1.063
"[1.063, 1.064)",0.026104995412292352,1.064
"[1.064, 1.065)",0.028995680682857145,1.065
"[1.065, 1.066)",0.026353940375076004,1.066
"[1.066, 1.067)",0.03258035535185054,1.067
"[1.067, 1.068)",0.033251031466666726,1.068
"[1.068, 1.069)",0.029667725675035714,1.069
"[1.069, 1.07)",0.0321525715032895,1.07
"[1.07, 1.071)",0.02962877708175896,1.071
"[1.071, 1.072)",0.025197220008960543,1.072
"[1.072, 1.073)",0.028322823775339498,1.073
"[1.073, 1.074)",0.031753619994548746,1.074
"[1.074, 1.075)",0.02888191078938568,1.075
"[1.075, 1.076)",0.03958878843571431,1.076
"[1.076, 1.077)",0.03488809145972223,1.077
"[1.077, 1.078)",0.03272837087882353,1.078
"[1.078, 1.079)",0.032115015494845384,1.079
"[1.079, 1.08)",0.028149216307710827,1.08
"[1.08, 1.081)",0.023822530880288788,1.081
"[1.081, 1.082)",0.029590425914444447,1.082
"[1.082, 1.083)",0.026095004693065693,1.083
"[1.083, 1.084)",0.03226277412999999,1.084
"[1.084, 1.085)",0.02761364722748226,1.085
"[1.085, 1.086)",0.03158247669581749,1.086
"[1.086, 1.087)",0.02407511939282527,1.087
"[1.087, 1.088)",0.033590383108333344,1.088
"[1.088, 1.089)",0.029884873573790324,1.089
"[1.089, 1.09)",0.02871082083109019,1.09
"[1.09, 1.091)",0.027223681275563887,1.091
"[1.091, 1.092)",0.030918963618021225,1.092
"[1.092, 1.093)",0.022063960619047616,1.093
"[1.093, 1.094)",0.025306409967884615,1.094
"[1.094, 1.095)",0.03995652504758067,1.095
"[1.095, 1.096)",0.0264324424930736,1.096
"[1.096, 1.097)",0.03577320186666663,1.097
"[1.097, 1.098)",0.03241421480192309,1.098
"[1.098, 1.099)",0.032272947917605634,1.099
"[1.099, 1.1)",0.025682623076315757,1.1
"[1.1, 1.101)",0.03561442336835679,1.101
"[1.101, 1.102)",0.024359600093609,1.102
"[1.102, 1.103)",0.03940632746920413,1.103
"[1.103, 1.104)",0.03664832269335795,1.104
"[1.104, 1.105)",0.0392740557690083,1.105
"[1.105, 1.106)",0.02704015437198578,1.106
"[1.106, 1.107)",0.035988502157936524,1.107
"[1.107, 1.108)",0.023109913478313256,1.108
"[1.108, 1.109)",0.030139955933333372,1.109
"[1.109, 1.11)",0.03142945555402344,1.11
"[1.11, 1.111)",0.02940152143895579,1.111
"[1.111, 1.112)",0.023703494072758603,1.112
"[1.112, 1.113)",0.028213437190769228,1.113
"[1.113, 1.114)",0.02776277787768593,1.114
"[1.114, 1.115)",0.020734843936842096,1.115
"[1.115, 1.116)",0.02800642361183672,1.116
"[1.116, 1.117)",0.027672144397462673,1.117
"[1.117, 1.118)",0.03690008261264366,1.118
"[1.118, 1.119)",0.028503760135416646,1.119
"[1.119, 1.12)",0.02778978522648218,1.12
"[1.12, 1.121)",0.03014027881329411,1.121
"[1.121, 1.122)",0.0363601810882353,1.122
"[1.122, 1.123)",0.03129444403779903,1.123
"[1.123, 1.124)",0.021035489791773578,1.124
"[1.124, 1.125)",0.029100026412719304,1.125
"[1.125, 1.1260000000000001)",0.03558842959798993,1.126
"[1.1260000000000001, 1.127)",0.032369867645669265,1.127
"[1.127, 1.1280000000000001)",0.03920082293000001,1.128
"[1.1280000000000001, 1.129)",0.025319556556431533,1.129
"[1.129, 1.1300000000000001)",0.026266982822535197,1.13
"[1.1300000000000001, 1.131)",0.024901320395991355,1.131
"[1.131, 1.1320000000000001)",0.03615749175145748,1.132
"[1.1320000000000001, 1.133)",0.02915337718841695,1.133
"[1.133, 1.1340000000000001)",0.030016739873770508,1.134
"[1.1340000000000001, 1.135)",0.034482542695278944,1.135
"[1.135, 1.1360000000000001)",0.028495489635156933,1.136
"[1.1360000000000001, 1.137)",0.03293025135299537,1.137
"[1.137, 1.1380000000000001)",0.025455551373617023,1.138
"[1.1380000000000001, 1.139)",0.034698006293700775,1.139
"[1.139, 1.1400000000000001)",0.019856618509019614,1.14
"[1.1400000000000001, 1.141)",0.032953189647692296,1.141
"[1.141, 1.1420000000000001)",0.019071449260826427,1.142
"[1.1420000000000001, 1.143)",0.031869275375000006,1.143
"[1.143, 1.1440000000000001)",0.0286276255473874,1.144
"[1.1440000000000001, 1.145)",0.026640739926446288,1.145
"[1.145, 1.1460000000000001)",0.028024346738235287,1.146
"[1.1460000000000001, 1.147)",0.027912410531196575,1.147
"[1.147, 1.1480000000000001)",0.034818569779872355,1.148
"[1.1480000000000001, 1.149)",0.04113225709090906,1.149
"[1.149, 1.1500000000000001)",0.02923851317130802,1.15
"[1.1500000000000001, 1.151)",0.034321919065094325,1.151
"[1.151, 1.1520000000000001)",0.02944324683486381,1.152
"[1.1520000000000001, 1.153)",0.026640226599578033,1.153
"[1.153, 1.154)",0.028050744523696682,1.154
"[1.154, 1.155)",0.03161055657063831,1.155
"[1.155, 1.156)",0.028984696629333315,1.156
"[1.156, 1.157)",0.02132860164455445,1.157
"[1.157, 1.158)",0.026615574642561986,1.158
"[1.158, 1.159)",0.039378331113733914,1.159
"[1.159, 1.16)",0.019682742494711546,1.16
"[1.16, 1.161)",0.04102020987560002,1.161
"[1.161, 1.162)",0.023799180620216444,1.162
"[1.162, 1.163)",0.032444167656521715,1.163
"[1.163, 1.164)",0.037115715024884796,1.164
"[1.164, 1.165)",0.02907702080938968,1.165
"[1.165, 1.166)",0.0306029140923767,1.166
"[1.166, 1.167)",0.03324445895117371,1.167
"[1.167, 1.168)",0.03261062671119133,1.168
"[1.168, 1.169)",0.03089056853148513,1.169
"[1.169, 1.17)",0.025688004414720803,1.17
"[1.17, 1.171)",0.03445803228841198,1.171
"[1.171, 1.172)",0.027746918109547724,1.172
"[1.172, 1.173)",0.030660588146948328,1.173
"[1.173, 1.174)",0.030218477758156666,1.174
"[1.174, 1.175)",0.02720756541578948,1.175
"[1.175, 1.176)",0.03668389253364929,1.176
"[1.176, 1.177)",0.028142798454858488,1.177
"[1.177, 1.178)",0.025184502026785717,1.178
"[1.178, 1.179)",0.03120068203613333,1.179
"[1.179, 1.18)",0.0252239378948598,1.18
"[1.18, 1.181)",0.02092153582406417,1.181
"[1.181, 1.182)",0.04841569984714285,1.182
"[1.182, 1.183)",0.03590205216138613,1.183
"[1.183, 1.184)",0.035750250856018524,1.184
"[1.184, 1.185)",0.029716450614953257,1.185
"[1.185, 1.186)",0.03299383374599999,1.186
"[1.186, 1.187)",0.03169233508584475,1.187
"[1.187, 1.188)",0.031773009794520565,1.188
"[1.188, 1.189)",0.02920469083043475,1.189
"[1.189, 1.19)",0.02587207195031057,1.19
"[1.19, 1.191)",0.032008899861333324,1.191
"[1.191, 1.192)",0.03414960509049998,1.192
"[1.192, 1.193)",0.026744142947058798,1.193
"[1.193, 1.194)",0.030958091900885432,1.194
"[1.194, 1.195)",0.03616699062601065,1.195
"[1.195, 1.196)",0.033188778628638504,1.196
"[1.196, 1.197)",0.030803780640314134,1.197
"[1.197, 1.198)",0.033730228449090925,1.198
"[1.198, 1.199)",0.03210030084210528,1.199
"[1.199, 1.2)",0.023787338829767437,1.2
"[1.2, 1.201)",0.02292476665307263,1.201
"[1.201, 1.202)",0.04436929278828828,1.202
"[1.202, 1.203)",0.04680499229563105,1.203
"[1.203, 1.204)",0.018433853559633024,1.204
"[1.204, 1.205)",0.02925910736525822,1.205
"[1.205, 1.206)",0.036857637133711346,1.206
"[1.206, 1.207)",0.028030738551243783,1.207
"[1.207, 1.208)",0.026040791458585857,1.208
"[1.208, 1.209)",0.023858785851336887,1.209
"[1.209, 1.21)",0.03558726928717947,1.21
"[1.21, 1.211)",0.028263389691652194,1.211
"[1.211, 1.212)",0.035500224528645825,1.212
"[1.212, 1.213)",0.026954309892307675,1.213
"[1.213, 1.214)",0.031166358360368417,1.214
"[1.214, 1.215)",0.03022959431813188,1.215
"[1.215, 1.216)",0.03754445345388128,1.216
"[1.216, 1.217)",0.03284715213640351,1.217
"[1.217, 1.218)",0.03951124790434779,1.218
"[1.218, 1.219)",0.04381610785081966,1.219
"[1.219, 1.22)",0.039102737794416226,1.22
"[1.22, 1.221)",0.022169398794174743,1.221
"[1.221, 1.222)",0.02785308509519648,1.222
"[1.222, 1.223)",0.023978012826470586,1.223
"[1.223, 1.224)",0.027883821518079104,1.224
"[1.224, 1.225)",0.022165385063716805,1.225
"[1.225, 1.226)",0.023751059326213592,1.226
"[1.226, 1.227)",0.029266686093399014,1.227
"[1.227, 1.228)",0.030723922386632622,1.228
"[1.228, 1.229)",0.03846310302441315,1.229
"[1.229, 1.23)",0.03746348855323382,1.23
"[1.23, 1.231)",0.029823534138864623,1.231
"[1.231, 1.232)",0.02837929506729857,1.232
"[1.232, 1.233)",0.029368571999033814,1.233
"[1.233, 1.234)",0.030446963999999993,1.234
"[1.234, 1.235)",0.0301134127895238,1.235
"[1.235, 1.236)",0.03075392068699998,1.236
"[1.236, 1.237)",0.036506997062133346,1.237
"[1.237, 1.238)",0.025740273482432414,1.238
"[1.238, 1.239)",0.03033522803171998,1.239
"[1.239, 1.24)",0.03160996013835614,1.24
"[1.24, 1.241)",0.02469448859137931,1.241
"[1.241, 1.242)",0.0337019974306383,1.242
"[1.242, 1.243)",0.031205889883105003,1.243
"[1.243, 1.244)",0.025724596521224486,1.244
"[1.244, 1.245)",0.02895615298124999,1.245
"[1.245, 1.246)",0.028955820064049613,1.246
"[1.246, 1.247)",0.02138734979256197,1.247
"[1.247, 1.248)",0.04296199296996079,1.248
"[1.248, 1.249)",0.03693474943293172,1.249
"[1.249, 1.25)",0.023189477304366806,1.25
"[1.25, 1.2510000000000001)",0.02500984256318408,1.251
"[1.2510000000000001, 1.252)",0.03759733778875503,1.252
"[1.252, 1.2530000000000001)",0.02756663138530807,1.253
"[1.2530000000000001, 1.254)",0.02834573577187499,1.254
"[1.254, 1.2550000000000001)",0.034660503793607314,1.255
"[1.2550000000000001, 1.256)",0.01931502037633928,1.256
"[1.256, 1.2570000000000001)",0.021436536225570783,1.257
"[1.2570000000000001, 1.258)",0.028637653860262003,1.258
"[1.258, 1.2590000000000001)",0.030410192041474632,1.259
"[1.2590000000000001, 1.26)",0.026568753026732672,1.26
"[1.26, 1.2610000000000001)",0.04253137862231761,1.261
"[1.2610000000000001, 1.262)",0.02802030982892156,1.262
"[1.262, 1.2630000000000001)",0.04004676918878921,1.263
"[1.2630000000000001, 1.264)",0.03627203976276154,1.264
"[1.264, 1.2650000000000001)",0.031392618399534875,1.265
"[1.2650000000000001, 1.266)",0.02552627455963303,1.266
"[1.266, 1.2670000000000001)",0.029953991420245112,1.267
"[1.2670000000000001, 1.268)",0.038203639235555566,1.268
"[1.268, 1.2690000000000001)",0.027953723647844805,1.269
"[1.2690000000000001, 1.27)",0.029214020064345793,1.27
"[1.27, 1.2710000000000001)",0.030376150793212667,1.271
"[1.2710000000000001, 1.272)",0.02556133931862558,1.272
"[1.272, 1.2730000000000001)",0.03345650805820103,1.273
"[1.2730000000000001, 1.274)",0.037783474127234075,1.274
"[1.274, 1.2750000000000001)",0.02935049940173159,1.275
"[1.2750000000000001, 1.276)",0.025984653016908194,1.276
"[1.276, 1.2770000000000001)",0.03362618200567685,1.277
"[1.2770000000000001, 1.278)",0.03170097829532752,1.278
"[1.278, 1.2790000000000001)",0.03817109891238094,1.279
"[1.2790000000000001, 1.28)",0.028737086042452807,1.28
"[1.28, 1.281)",0.02589801737860696,1.281
"[1.281, 1.282)",0.03696109149238577,1.282
"[1.282, 1.283)",0.03458823608647342,1.283
"[1.283, 1.284)",0.028006518458399993,1.284
"[1.284, 1.285)",0.02495513483661971,1.285
"[1.285, 1.286)",0.03338833157777776,1.286
"[1.286, 1.287)",0.017880375930434782,1.287
"[1.287, 1.288)",0.03796056906288208,1.288
"[1.288, 1.289)",0.027508261636036008,1.289
"[1.289, 1.29)",0.027561915470081955,1.29
"[1.29, 1.291)",0.03609836578949771,1.291
"[1.291, 1.292)",0.01627438623366197,1.292
"[1.292, 1.293)",0.02873589638489583,1.293
"[1.293, 1.294)",0.028397946318840583,1.294
"[1.294, 1.295)",0.03188467582835818,1.295
"[1.295, 1.296)",0.0391239676159624,1.296
"[1.296, 1.297)",0.02760542832453703,1.297
"[1.297, 1.298)",0.03448635004719626,1.298
"[1.298, 1.299)",0.019987346345000004,1.299
"[1.299, 1.3)",0.030388231134761898,1.3
"[1.3, 1.301)",0.029025976950462953,1.301
"[1.301, 1.302)",0.027758961664953234,1.302
"[1.302, 1.303)",0.03715399222412062,1.303
"[1.303, 1.304)",0.03417674652107622,1.304
"[1.304, 1.305)",0.0297224568760204,1.305
"[1.305, 1.306)",0.03292628184163088,1.306
"[1.306, 1.307)",0.02485772815388126,1.307
"[1.307, 1.308)",0.03761922011813949,1.308
"[1.308, 1.309)",0.03233234847827867,1.309
"[1.309, 1.31)",0.02043357470372,1.31
"[1.31, 1.311)",0.01870573344232557,1.311
"[1.311, 1.312)",0.03925206942250002,1.312
"[1.312, 1.313)",0.03342528999493089,1.313
"[1.313, 1.314)",0.02114381251902655,1.314
"[1.314, 1.315)",0.029339050513281242,1.315
"[1.315, 1.316)",0.025472628578817744,1.316
"[1.316, 1.317)",0.03031829195958335,1.317
"[1.317, 1.318)",0.032916381434955753,1.318
"[1.318, 1.319)",0.032253448084433936,1.319
"[1.319, 1.32)",0.021021634977049165,1.32
"[1.32, 1.321)",0.031063612665106377,1.321
"[1.321, 1.322)",0.029924388507359304,1.322
"[1.322, 1.323)",0.034151746436725645,1.323
"[1.323, 1.324)",0.02789505202173913,1.324
"[1.324, 1.325)",0.02660343042323651,1.325
"[1.325, 1.326)",0.025723009794779112,1.326
"[1.326, 1.327)",0.03228738007222223,1.327
"[1.327, 1.328)",0.04226528090138251,1.328
"[1.328, 1.329)",0.021686227262256788,1.329
"[1.329, 1.33)",0.03883417268364484,1.33
"[1.33, 1.331)",0.033334042288793074,1.331
"[1.331, 1.332)",0.03338002433362067,1.332
"[1.332, 1.333)",0.05831115319956338,1.333
"[1.333, 1.334)",0.026438655599579836,1.334
"[1.334, 1.335)",0.02977624897242798,1.335
"[1.335, 1.336)",0.024626940735443026,1.336
"[1.336, 1.337)",0.022317535142307686,1.337
"[1.337, 1.338)",0.028553529875909093,1.338
"[1.338, 1.339)",0.02617126509893803,1.339
"[1.339, 1.34)",0.03192303190789238,1.34
"[1.34, 1.341)",0.023670906310919552,1.341
"[1.341, 1.342)",0.023996856262085326,1.342
"[1.342, 1.343)",0.02863400539817734,1.343
"[1.343, 1.344)",0.02494229996453487,1.344
"[1.344, 1.345)",0.025657568404072358,1.345
"[1.345, 1.346)",0.02945658674391534,1.346
"[1.346, 1.347)",0.03657441837113402,1.347
"[1.347, 1.348)",0.022534700599484533,1.348
"[1.348, 1.349)",0.024358343108080802,1.349
"[1.349, 1.35)",0.024188244390865397,1.35
"[1.35, 1.351)",0.03666349479067797,1.351
"[1.351, 1.352)",0.03669952457075472,1.352
"[1.352, 1.353)",0.03560827138250001,1.353
"[1.353, 1.354)",0.03491239616056339,1.354
"[1.354, 1.355)",0.024027057105660363,1.355
"[1.355, 1.356)",0.041211220549327326,1.356
"[1.356, 1.357)",0.035165165838679235,1.357
"[1.357, 1.358)",0.03423833345821597,1.358
"[1.358, 1.359)",0.03501370067373734,1.359
"[1.359, 1.36)",0.018548813803070177,1.36
"[1.36, 1.361)",0.024175712149523795,1.361
"[1.361, 1.362)",0.028456695223529404,1.362
"[1.362, 1.363)",0.04415730423562503,1.363
"[1.363, 1.364)",0.028129746717326747,1.364
"[1.364, 1.365)",0.026486777923076934,1.365
"[1.365, 1.366)",0.03311668801464999,1.366
"[1.366, 1.367)",0.028877389496568626,1.367
"[1.367, 1.368)",0.04003250695652176,1.368
"[1.368, 1.369)",0.02864463485933013,1.369
"[1.369, 1.37)",0.03709053239623257,1.37
"[1.37, 1.371)",0.030713290353881283,1.371
"[1.371, 1.372)",0.03280943294047616,1.372
"[1.372, 1.373)",0.02645144202777776,1.373
"[1.373, 1.374)",0.03181151260871795,1.374
"[1.374, 1.375)",0.042782100829441616,1.375
"[1.375, 1.3760000000000001)",0.03210053883239434,1.376
"[1.3760000000000001, 1.377)",0.03315166665303866,1.377
"[1.377, 1.3780000000000001)",0.023035832306615378,1.378
"[1.3780000000000001, 1.379)",0.03633322461956524,1.379
"[1.379, 1.3800000000000001)",0.030914658990950236,1.38
"[1.3800000000000001, 1.381)",0.03695299687463414,1.381
"[1.381, 1.3820000000000001)",0.03687864830842105,1.382
"[1.3820000000000001, 1.383)",0.023645333203755847,1.383
"[1.383, 1.3840000000000001)",0.024259202738421054,1.384
"[1.3840000000000001, 1.385)",0.027304488922619042,1.385
"[1.385, 1.3860000000000001)",0.020728972926342848,1.386
"[1.3860000000000001, 1.387)",0.030444055438685436,1.387
"[1.387, 1.3880000000000001)",0.025418146440425515,1.388
"[1.3880000000000001, 1.389)",0.03344501698683168,1.389
"[1.389, 1.3900000000000001)",0.021304080598514852,1.39
"[1.3900000000000001, 1.391)",0.03253311730339285,1.391
"[1.391, 1.3920000000000001)",0.03259523142740385,1.392
"[1.3920000000000001, 1.393)",0.03214291128470588,1.393
"[1.393, 1.3940000000000001)",0.03583306282926827,1.394
"[1.3940000000000001, 1.395)",0.0331263464548718,1.395
"[1.395, 1.3960000000000001)",0.02195908445454128,1.396
"[1.3960000000000001, 1.397)",0.045927972698863624,1.397
"[1.397, 1.3980000000000001)",0.03649833894413409,1.398
"[1.3980000000000001, 1.399)",0.03904321597664976,1.399
"[1.399, 1.4000000000000001)",0.042133394475989294,1.4
"[1.4000000000000001, 1.401)",0.030552669788969044,1.401
"[1.401, 1.4020000000000001)",0.03128393595388888,1.402
"[1.4020000000000001, 1.403)",0.03435574118388889,1.403
"[1.403, 1.4040000000000001)",0.019403274601062507,1.404
"[1.4040000000000001, 1.405)",0.029486751101648345,1.405
"[1.405, 1.4060000000000001)",0.02777979631685393,1.406
"[1.4060000000000001, 1.407)",0.033482098703571425,1.407
"[1.407, 1.408)",0.028847173983606554,1.408
"[1.408, 1.409)",0.021214166712999995,1.409
"[1.409, 1.41)",0.03522737344640884,1.41
"[1.41, 1.411)",0.029365157871428585,1.411
"[1.411, 1.412)",0.018160154797837832,1.412
"[1.412, 1.413)",0.029757809209944752,1.413
"[1.413, 1.414)",0.0341397014054054,1.414
"[1.414, 1.415)",0.028061593140983603,1.415
"[1.415, 1.416)",0.027588391675675675,1.416
"[1.416, 1.417)",0.04347526306648938,1.417
"[1.417, 1.418)",0.028407645898974345,1.418
"[1.418, 1.419)",0.029218264493750014,1.419
"[1.419, 1.42)",0.026804338256157634,1.42
"[1.42, 1.421)",0.030726295792513368,1.421
"[1.421, 1.422)",0.022185502624878038,1.422
"[1.422, 1.423)",0.03528785953541665,1.423
"[1.423, 1.424)",0.027022147422727256,1.424
"[1.424, 1.425)",0.04177450036373625,1.425
"[1.425, 1.426)",0.03267091224111672,1.426
"[1.426, 1.427)",0.02793231664292451,1.427
"[1.427, 1.428)",0.03308034879336737,1.428
"[1.428, 1.429)",0.03156513094242423,1.429
"[1.429, 1.43)",0.037841441134269634,1.43
"[1.43, 1.431)",0.03437347092606636,1.431
"[1.431, 1.432)",0.038053370208071764,1.432
"[1.432, 1.433)",0.02878709889170729,1.433
"[1.433, 1.434)",0.03392282289999999,1.434
"[1.434, 1.435)",0.03015515408018433,1.435
"[1.435, 1.436)",0.02677061725422885,1.436
"[1.436, 1.437)",0.0454728761605769,1.437
"[1.437, 1.438)",0.03334052624349774,1.438
"[1.438, 1.439)",0.026984827513499968,1.439
"[1.439, 1.44)",0.04208082068609864,1.44
"[1.44, 1.441)",0.03352073370162159,1.441
"[1.441, 1.442)",0.024530510978666646,1.442
"[1.442, 1.443)",0.02261145783144329,1.443
"[1.443, 1.444)",0.03744319146850467,1.444
"[1.444, 1.445)",0.03052699106701568,1.445
"[1.445, 1.446)",0.0343830918822335,1.446
"[1.446, 1.447)",0.033634503070512786,1.447
"[1.447, 1.448)",0.04728869914611115,1.448
"[1.448, 1.449)",0.033883011052727265,1.449
"[1.449, 1.45)",0.033894352771739106,1.45
"[1.45, 1.451)",0.05105813320426542,1.451
"[1.451, 1.452)",0.03495982871842102,1.452
"[1.452, 1.453)",0.03096647791652173,1.453
"[1.453, 1.454)",0.03921011939049776,1.454
"[1.454, 1.455)",0.030035872656277048,1.455
"[1.455, 1.456)",0.034142286880373816,1.456
"[1.456, 1.457)",0.03523029849187817,1.457
"[1.457, 1.458)",0.024107811679653656,1.458
"[1.458, 1.459)",0.03330123671584158,1.459
"[1.459, 1.46)",0.028455341241013815,1.46
"[1.46, 1.461)",0.033129636613733894,1.461
"[1.461, 1.462)",0.033395335398598104,1.462
"[1.462, 1.463)",0.027592095946788995,1.463
"[1.463, 1.464)",0.03586646941057268,1.464
"[1.464, 1.465)",0.02616052904913794,1.465
"[1.465, 1.466)",0.03317681528471613,1.466
"[1.466, 1.467)",0.024010893760924374,1.467
"[1.467, 1.468)",0.041857079759751045,1.468
"[1.468, 1.469)",0.027290354519149997,1.469
"[1.469, 1.47)",0.01958151596982758,1.47
"[1.47, 1.471)",0.03003037000964912,1.471
"[1.471, 1.472)",0.02596939694516128,1.472
"[1.472, 1.473)",0.024595235531858405,1.473
"[1.473, 1.474)",0.03767009397051547,1.474
"[1.474, 1.475)",0.02763604929853659,1.475
"[1.475, 1.476)",0.028683340304680838,1.476
"[1.476, 1.477)",0.03279484466315788,1.477
"[1.477, 1.478)",0.03307938061034483,1.478
"[1.478, 1.479)",0.03550803860969386,1.479
"[1.479, 1.48)",0.030615655712831053,1.48
"[1.48, 1.481)",0.030745085250837693,1.481
"[1.481, 1.482)",0.03284288236438355,1.482
"[1.482, 1.483)",0.031983747077202064,1.483
"[1.483, 1.484)",0.023065847377049177,1.484
"[1.484, 1.485)",0.03750931039994764,1.485
"[1.485, 1.486)",0.032860273760563365,1.486
"[1.486, 1.487)",0.02605015058163265,1.487
"[1.487, 1.488)",0.02661636121413978,1.488
"[1.488, 1.489)",0.029207890146987946,1.489
"[1.489, 1.49)",0.022547183241880327,1.49
"[1.49, 1.491)",0.04041719097187501,1.491
"[1.491, 1.492)",0.027421031176960788,1.492
"[1.492, 1.493)",0.030847629082242967,1.493
"[1.493, 1.494)",0.023918917996354164,1.494
"[1.494, 1.495)",0.03228742222955662,1.495
"[1.495, 1.496)",0.03541393932606636,1.496
"[1.496, 1.497)",0.03022992884926967,1.497
"[1.497, 1.498)",0.037367861538072915,1.498
"[1.498, 1.499)",0.0369616161805128,1.499
"[1.499, 1.5)",0.03203267488054299,1.5
"[1.5, 1.5010000000000001)",0.024209462287134824,1.501
"[1.5010000000000001, 1.502)",0.023135479308252438,1.502
"[1.502, 1.5030000000000001)",0.029971684911878134,1.503
"[1.5030000000000001, 1.504)",0.03621747641004783,1.504
"[1.504, 1.5050000000000001)",0.029653138927171717,1.505
"[1.5050000000000001, 1.506)",0.04725992022105266,1.506
"[1.506, 1.5070000000000001)",0.04530716538461536,1.507
"[1.5070000000000001, 1.508)",0.04159963852891565,1.508
"[1.508, 1.5090000000000001)",0.023499450461111095,1.509
"[1.5090000000000001, 1.51)",0.023400072141176474,1.51
"[1.51, 1.5110000000000001)",0.03627999857395831,1.511
"[1.5110000000000001, 1.512)",0.047675389018539314,1.512
"[1.512, 1.5130000000000001)",0.03115803869064327,1.513
"[1.5130000000000001, 1.514)",0.019845169231288328,1.514
"[1.514, 1.5150000000000001)",0.030858314862087892,1.515
"[1.5150000000000001, 1.516)",0.026221477720805367,1.516
"[1.516, 1.5170000000000001)",0.04289404241319443,1.517
"[1.5170000000000001, 1.518)",0.032801471263829776,1.518
"[1.518, 1.5190000000000001)",0.03269615922321428,1.519
"[1.5190000000000001, 1.52)",0.021899570887468356,1.52
"[1.52, 1.5210000000000001)",0.026009169422651912,1.521
"[1.5210000000000001, 1.522)",0.029669841625862056,1.522
"[1.522, 1.5230000000000001)",0.02693898702842104,1.523
"[1.5230000000000001, 1.524)",0.02081995846419752,1.524
"[1.524, 1.5250000000000001)",0.02688222547771085,1.525
"[1.5250000000000001, 1.526)",0.019674075413672318,1.526
"[1.526, 1.5270000000000001)",0.03666721191369047,1.527
"[1.5270000000000001, 1.528)",0.024551197516165787,1.528
"[1.528, 1.5290000000000001)",0.030370362354450255,1.529
"[1.5290000000000001, 1.53)",0.025641198996045205,1.53
"[1.53, 1.5310000000000001)",0.03456311824539879,1.531
"[1.5310000000000001, 1.532)",0.026390090882857136,1.532
"[1.532, 1.5330000000000001)",0.029295048464705868,1.533
"[1.5330000000000001, 1.534)",0.02210693745333334,1.534
"[1.534, 1.5350000000000001)",0.031056289616763,1.535
"[1.5350000000000001, 1.536)",0.02542496303761904,1.536
"[1.536, 1.537)",0.03547137207633134,1.537
"[1.537, 1.538)",0.024213718029027026,1.538
"[1.538, 1.539)",0.030794446431472063,1.539
"[1.539, 1.54)",0.04500556668224852,1.54
"[1.54, 1.541)",0.03583212689714286,1.541
"[1.541, 1.542)",0.03839277605706522,1.542
"[1.542, 1.543)",0.025572981100526325,1.543
"[1.543, 1.544)",0.03602420679411762,1.544
"[1.544, 1.545)",0.033216473187414615,1.545
"[1.545, 1.546)",0.03327583791052941,1.546
"[1.546, 1.547)",0.028826862011111114,1.547
"[1.547, 1.548)",0.034843086520879085,1.548
"[1.548, 1.549)",0.03471016685125627,1.549
"[1.549, 1.55)",0.023203780317674436,1.55
"[1.55, 1.551)",0.02781094163367347,1.551
"[1.551, 1.552)",0.025136908484210536,1.552
"[1.552, 1.553)",0.02513707861415384,1.553
"[1.553, 1.554)",0.02586118757257142,1.554
"[1.554, 1.555)",0.030247047982681567,1.555
"[1.555, 1.556)",0.026969580659217895,1.556
"[1.556, 1.557)",0.023368304355421685,1.557
"[1.557, 1.558)",0.022938470175690603,1.558
"[1.558, 1.559)",0.021145495240883973,1.559
"[1.559, 1.56)",0.03163253369537572,1.56
"[1.56, 1.561)",0.024739385896610178,1.561
"[1.561, 1.562)",0.03043934290282486,1.562
"[1.562, 1.563)",0.04011204903370784,1.563
"[1.563, 1.564)",0.023104214841899437,1.564
"[1.564, 1.565)",0.02703086878,1.565
"[1.565, 1.566)",0.02666523975276072,1.566
"[1.566, 1.567)",0.04102410710295855,1.567
"[1.567, 1.568)",0.022563060354430366,1.568
"[1.568, 1.569)",0.035243833572316356,1.569
"[1.569, 1.57)",0.03976040515592105,1.57
"[1.57, 1.571)",0.02682921071249999,1.571
"[1.571, 1.572)",0.02916343053292682,1.572
"[1.572, 1.573)",0.025788989895384598,1.573
"[1.573, 1.574)",0.040240565492240414,1.574
"[1.574, 1.575)",0.03063196299944134,1.575
"[1.575, 1.576)",0.027307838231707317,1.576
"[1.576, 1.577)",0.03449621363888889,1.577
"[1.577, 1.578)",0.029071655386982222,1.578
"[1.578, 1.579)",0.02900434125736841,1.579
"[1.579, 1.58)",0.024390545249659865,1.58
"[1.58, 1.581)",0.02356873149999999,1.581
"[1.581, 1.582)",0.02460228352528734,1.582
"[1.582, 1.583)",0.033472026002617776,1.583
"[1.583, 1.584)",0.03954703921956519,1.584
"[1.584, 1.585)",0.030868805368965514,1.585
"[1.585, 1.586)",0.025338825603870966,1.586
"[1.586, 1.587)",0.023704230682168665,1.587
"[1.587, 1.588)",0.031154429992095244,1.588
"[1.588, 1.589)",0.037121330872538855,1.589
"[1.589, 1.59)",0.019089705329545462,1.59
"[1.59, 1.591)",0.025833202369780216,1.591
"[1.591, 1.592)",0.019000434543548394,1.592
"[1.592, 1.593)",0.03097624302272724,1.593
"[1.593, 1.594)",0.02590541843846154,1.594
"[1.594, 1.595)",0.026059934519496866,1.595
"[1.595, 1.596)",0.02634530684431136,1.596
"[1.596, 1.597)",0.04090541428152173,1.597
"[1.597, 1.598)",0.028395963217435885,1.598
"[1.598, 1.599)",0.030265844122866672,1.599
"[1.599, 1.6)",0.025031508732653054,1.6
"[1.6, 1.601)",0.03759596334512344,1.601
"[1.601, 1.602)",0.02926337511935484,1.602
"[1.602, 1.603)",0.022945507198295467,1.603
"[1.603, 1.604)",0.024983030877300607,1.604
"[1.604, 1.605)",0.03217452249112426,1.605
"[1.605, 1.606)",0.03383147687818713,1.606
"[1.606, 1.607)",0.032828657296052624,1.607
"[1.607, 1.608)",0.035982942837349395,1.608
"[1.608, 1.609)",0.024135767496178354,1.609
"[1.609, 1.61)",0.031125150019871792,1.61
"[1.61, 1.611)",0.028264393302688175,1.611
"[1.611, 1.612)",0.03100481659773005,1.612
"[1.612, 1.613)",0.025210057445121965,1.613
"[1.613, 1.614)",0.026608960616536323,1.614
"[1.614, 1.615)",0.034754429165027294,1.615
"[1.615, 1.616)",0.03186114690432098,1.616
"[1.616, 1.617)",0.027413697610465127,1.617
"[1.617, 1.618)",0.03672922788383234,1.618
"[1.618, 1.619)",0.02645066029818182,1.619
"[1.619, 1.62)",0.030079423536683424,1.62
"[1.62, 1.621)",0.01752286461979167,1.621
"[1.621, 1.622)",0.028615585047368407,1.622
"[1.622, 1.623)",0.027593084085135132,1.623
"[1.623, 1.624)",0.027074369593939395,1.624
"[1.624, 1.625)",0.027263350653672327,1.625
"[1.625, 1.6260000000000001)",0.02992414332820511,1.626
"[1.6260000000000001, 1.627)",0.034919640865053767,1.627
"[1.627, 1.6280000000000001)",0.03652162794695121,1.628
"[1.6280000000000001, 1.629)",0.024452802741988935,1.629
"[1.629, 1.6300000000000001)",0.023864884505084744,1.63
"[1.6300000000000001, 1.631)",0.03030044969880828,1.631
"[1.631, 1.6320000000000001)",0.027670616000000006,1.632
"[1.6320000000000001, 1.633)",0.02818522950276242,1.633
"[1.633, 1.6340000000000001)",0.03271830040757575,1.634
"[1.6340000000000001, 1.635)",0.03235607078481012,1.635
"[1.635, 1.6360000000000001)",0.032262762019337,1.636
"[1.6360000000000001, 1.637)",0.028131382627540134,1.637
"[1.637, 1.6380000000000001)",0.025561443282634703,1.638
"[1.6380000000000001, 1.639)",0.01576009289748466,1.639
"[1.639, 1.6400000000000001)",0.028514291621249986,1.64
"[1.6400000000000001, 1.641)",0.028331001327184458,1.641
"[1.641, 1.6420000000000001)",0.023731975118562863,1.642
"[1.6420000000000001, 1.643)",0.02629431072812121,1.643
"[1.643, 1.6440000000000001)",0.030556745415950923,1.644
"[1.6440000000000001, 1.645)",0.032597804610465124,1.645
"[1.645, 1.6460000000000001)",0.037058401684666675,1.646
"[1.6460000000000001, 1.647)",0.02356889217837836,1.647
"[1.647, 1.6480000000000001)",0.031041033808938547,1.648
"[1.6480000000000001, 1.649)",0.028649097251677847,1.649
"[1.649, 1.6500000000000001)",0.018173149256706597,1.65
"[1.6500000000000001, 1.651)",0.03162345295163398,1.651
"[1.651, 1.6520000000000001)",0.03980382766666666,1.652
"[1.6520000000000001, 1.653)",0.034242992858282195,1.653
"[1.653, 1.6540000000000001)",0.022786949913043468,1.654
"[1.6540000000000001, 1.655)",0.03498859738034683,1.655
"[1.655, 1.6560000000000001)",0.03326532977070064,1.656
"[1.6560000000000001, 1.657)",0.04121965626975306,1.657
"[1.657, 1.6580000000000001)",0.039438805840243896,1.658
"[1.6580000000000001, 1.659)",0.04358371441314285,1.659
"[1.659, 1.6600000000000001)",0.029890503976216228,1.66
"[1.6600000000000001, 1.661)",0.025505932268888875,1.661
"[1.661, 1.6620000000000001)",0.033536401181443284,1.662
"[1.6620000000000001, 1.663)",0.02362401219421964,1.663
"[1.663, 1.6640000000000001)",0.02950818461656441,1.664
"[1.6640000000000001, 1.665)",0.029976470088397787,1.665
"[1.665, 1.666)",0.032616587148618786,1.666
"[1.666, 1.667)",0.02905739221538042,1.667
"[1.667, 1.668)",0.023470851191226993,1.668
"[1.668, 1.669)",0.030964381055851052,1.669
"[1.669, 1.67)",0.02404422924207649,1.67
"[1.67, 1.671)",0.030888359874691358,1.671
"[1.671, 1.672)",0.02286585511860465,1.672
"[1.672, 1.673)",0.037454651043016755,1.673
"[1.673, 1.674)",0.022680965236216207,1.674
"[1.674, 1.675)",0.032398669891794865,1.675
"[1.675, 1.676)",0.0344148302,1.676
"[1.676, 1.677)",0.03565365743292683,1.677
"[1.677, 1.678)",0.03306259255588234,1.678
"[1.678, 1.679)",0.03988229107602337,1.679
"[1.679, 1.68)",0.021082143964347835,1.68
"[1.68, 1.681)",0.021354202048313963,1.681
"[1.681, 1.682)",0.022234018158974363,1.682
"[1.682, 1.683)",0.04064549385180723,1.683
"[1.683, 1.684)",0.05145652075595236,1.684
"[1.684, 1.685)",0.05101840234142015,1.685
"[1.685, 1.686)",0.04180602103086417,1.686
"[1.686, 1.687)",0.038816380560126595,1.687
"[1.687, 1.688)",0.03237997933878788,1.688
"[1.688, 1.689)",0.023683536064705885,1.689
"[1.689, 1.69)",0.030899659337423283,1.69
"[1.69, 1.691)",0.03558934446666665,1.691
"[1.691, 1.692)",0.04241953621156459,1.692
"[1.692, 1.693)",0.03918532222372881,1.693
"[1.693, 1.694)",0.02735647820522387,1.694
"[1.694, 1.695)",0.02422371444322581,1.695
"[1.695, 1.696)",0.0259393558194631,1.696
"[1.696, 1.697)",0.03875343448499998,1.697
"[1.697, 1.698)",0.023585755291666666,1.698
"[1.698, 1.699)",0.029087103150694443,1.699
"[1.699, 1.7)",0.03804091333255813,1.7
"[1.7, 1.701)",0.018213211175151515,1.701
"[1.701, 1.702)",0.02637990185067568,1.702
"[1.702, 1.703)",0.028719838692857144,1.703
"[1.703, 1.704)",0.03297267435369125,1.704
"[1.704, 1.705)",0.025372871648838724,1.705
"[1.705, 1.706)",0.030748344901614908,1.706
"[1.706, 1.707)",0.0352175374939597,1.707
"[1.707, 1.708)",0.02576448805384615,1.708
"[1.708, 1.709)",0.0331679142522449,1.709
"[1.709, 1.71)",0.02841288733581081,1.71
"[1.71, 1.711)",0.034447957442391305,1.711
"[1.711, 1.712)",0.03500704395555557,1.712
"[1.712, 1.713)",0.047311542216282025,1.713
"[1.713, 1.714)",0.03255164652458101,1.714
"[1.714, 1.715)",0.018589889113089005,1.715
"[1.715, 1.716)",0.027780333109937893,1.716
"[1.716, 1.717)",0.030482340994827564,1.717
"[1.717, 1.718)",0.037291513531638405,1.718
"[1.718, 1.719)",0.028221086863351647,1.719
"[1.719, 1.72)",0.02824213897542858,1.72
"[1.72, 1.721)",0.04250032366089383,1.721
"[1.721, 1.722)",0.021767705445197745,1.722
"[1.722, 1.723)",0.035044115825714275,1.723
"[1.723, 1.724)",0.024626031835057446,1.724
"[1.724, 1.725)",0.02408324478320754,1.725
"[1.725, 1.726)",0.030941073006626508,1.726
"[1.726, 1.727)",0.02950162909435064,1.727
"[1.727, 1.728)",0.04286883357405064,1.728
"[1.728, 1.729)",0.026596354460810802,1.729
"[1.729, 1.73)",0.024948767455172417,1.73
"[1.73, 1.731)",0.0276043042103896,1.731
"[1.731, 1.732)",0.024365352648666676,1.732
"[1.732, 1.733)",0.033451269736301366,1.733
"[1.733, 1.734)",0.02119913710980393,1.734
"[1.734, 1.735)",0.03768505515493828,1.735
"[1.735, 1.736)",0.035634590588372095,1.736
"[1.736, 1.737)",0.027820680975657895,1.737
"[1.737, 1.738)",0.03957673348920862,1.738
"[1.738, 1.739)",0.031919809895789436,1.739
"[1.739, 1.74)",0.033188343738068976,1.74
"[1.74, 1.741)",0.03571359089099289,1.741
"[1.741, 1.742)",0.034284629846794853,1.742
"[1.742, 1.743)",0.03011863864125875,1.743
"[1.743, 1.744)",0.02657380342784811,1.744
"[1.744, 1.745)",0.024635500142763174,1.745
"[1.745, 1.746)",0.02547590328882682,1.746
"[1.746, 1.747)",0.037456841769565215,1.747
"[1.747, 1.748)",0.02731886471329115,1.748
"[1.748, 1.749)",0.03077872576309523,1.749
"[1.749, 1.75)",0.02833433204722222,1.75
"[1.75, 1.7510000000000001)",0.027851387645833336,1.751
"[1.7510000000000001, 1.752)",0.03707987571623373,1.752
"[1.752, 1.7530000000000001)",0.021512406098076916,1.753
"[1.7530000000000001, 1.754)",0.03436128444452054,1.754
"[1.754, 1.7550000000000001)",0.02447829795766422,1.755
"[1.7550000000000001, 1.756)",0.031671593943243245,1.756
"[1.756, 1.7570000000000001)",0.030509011714285696,1.757
"[1.7570000000000001, 1.758)",0.021815147850955428,1.758
"[1.758, 1.7590000000000001)",0.021007155646327685,1.759
"[1.7590000000000001, 1.76)",0.02838074315897437,1.76
"[1.76, 1.7610000000000001)",0.021781789734131723,1.761
"[1.7610000000000001, 1.762)",0.027283391375925916,1.762
"[1.762, 1.7630000000000001)",0.0433885102520482,1.763
"[1.7630000000000001, 1.764)",0.032198222621019096,1.764
"[1.764, 1.7650000000000001)",0.02717097452884614,1.765
"[1.7650000000000001, 1.766)",0.02274912976461537,1.766
"[1.766, 1.7670000000000001)",0.025357753779194626,1.767
"[1.7670000000000001, 1.768)",0.03211189382635135,1.768
"[1.768, 1.7690000000000001)",0.027980969275714276,1.769
"[1.7690000000000001, 1.77)",0.04137561166349999,1.77
"[1.77, 1.7710000000000001)",0.02564449741798561,1.771
"[1.7710000000000001, 1.772)",0.020262265870895534,1.772
"[1.772, 1.7730000000000001)",0.02603212505815603,1.773
"[1.7730000000000001, 1.774)",0.018583840139259275,1.774
"[1.774, 1.7750000000000001)",0.02924291249251699,1.775
"[1.7750000000000001, 1.776)",0.029815488930281697,1.776
"[1.776, 1.7770000000000001)",0.022900792843283578,1.777
"[1.7770000000000001, 1.778)",0.0412427284554878,1.778
"[1.778, 1.7790000000000001)",0.03577647598333335,1.779
"[1.7790000000000001, 1.78)",0.03864556118814813,1.78
"[1.78, 1.7810000000000001)",0.01938236308928572,1.781
"[1.7810000000000001, 1.782)",0.02941090881812081,1.782
"[1.782, 1.7830000000000001)",0.03546467030147061,1.783
"[1.7830000000000001, 1.784)",0.029182663448275862,1.784
"[1.784, 1.7850000000000001)",0.03485672422923076,1.785
"[1.7850000000000001, 1.786)",0.02287438211865672,1.786
"[1.786, 1.7870000000000001)",0.02523611625210083,1.787
"[1.7870000000000001, 1.788)",0.04020819174918032,1.788
"[1.788, 1.7890000000000001)",0.02500733059302326,1.789
"[1.7890000000000001, 1.79)",0.0191899489425926,1.79
"[1.79, 1.7910000000000001)",0.04005402625210083,1.791
"[1.7910000000000001, 1.792)",0.04115278066283186,1.792
"[1.792, 1.793)",0.02880598334108526,1.793
"[1.793, 1.794)",0.03916784907889908,1.794
"[1.794, 1.795)",0.0343767518172131,1.795
"[1.795, 1.796)",0.03441393418278689,1.796
"[1.796, 1.797)",0.03927308517435897,1.797
"[1.797, 1.798)",0.033415565301282056,1.798
"[1.798, 1.799)",0.03555077290277778,1.799
"[1.799, 1.8)",0.02383107363793103,1.8
"[1.8, 1.801)",0.030697611611111116,1.801
"[1.801, 1.802)",0.027936110052407398,1.802
"[1.802, 1.803)",0.022819134565891467,1.803
"[1.803, 1.804)",0.039313776055,1.804
"[1.804, 1.805)",0.029532311112878795,1.805
"[1.805, 1.806)",0.022208306067889913,1.806
"[1.806, 1.807)",0.014740445585344838,1.807
"[1.807, 1.808)",0.03383904258175182,1.808
"[1.808, 1.809)",0.0326916027896,1.809
"[1.809, 1.81)",0.027966280608108098,1.81
"[1.81, 1.811)",0.019595402142400013,1.811
"[1.811, 1.812)",0.028702446349541277,1.812
"[1.812, 1.813)",0.04894360560711998,1.813
"[1.813, 1.814)",0.022343714071830986,1.814
"[1.814, 1.815)",0.03073264659292035,1.815
"[1.815, 1.816)",0.02863541812173912,1.816
"[1.816, 1.817)",0.028452764333333342,1.817
"[1.817, 1.818)",0.020572378446400006,1.818
"[1.818, 1.819)",0.04353009764824562,1.819
"[1.819, 1.82)",0.03143223716046512,1.82
"[1.82, 1.821)",0.0262785417423301,1.821
"[1.821, 1.822)",0.029824451817460292,1.822
"[1.822, 1.823)",0.03489304624881891,1.823
"[1.823, 1.824)",0.04094555320661763,1.824
"[1.824, 1.825)",0.02582872552586208,1.825
"[1.825, 1.826)",0.03446889187423731,1.826
"[1.826, 1.827)",0.01803367376348838,1.827
"[1.827, 1.828)",0.03508311732156863,1.828
"[1.828, 1.829)",0.021485252289256202,1.829
"[1.829, 1.83)",0.026746164473846153,1.83
"[1.83, 1.831)",0.04259678624475525,1.831
"[1.831, 1.832)",0.028035135939393933,1.832
"[1.832, 1.833)",0.038402491541171875,1.833
"[1.833, 1.834)",0.02710110508992248,1.834
"[1.834, 1.835)",0.024429842527272733,1.835
"[1.835, 1.836)",0.034970296219327734,1.836
"[1.836, 1.837)",0.026064104128571436,1.837
"[1.837, 1.838)",0.03290996394508196,1.838
"[1.838, 1.839)",0.026677693404132237,1.839
"[1.839, 1.84)",0.02227720044,1.84
"[1.84, 1.841)",0.027212034390677972,1.841
"[1.841, 1.842)",0.028486792897619045,1.842
"[1.842, 1.843)",0.03486219088240741,1.843
"[1.843, 1.844)",0.04018197991190476,1.844
"[1.844, 1.845)",0.03356753863851588,1.845
"[1.845, 1.846)",0.027171807787591228,1.846
"[1.846, 1.847)",0.03144494098682171,1.847
"[1.847, 1.848)",0.04492832782268907,1.848
"[1.848, 1.849)",0.021189458353225804,1.849
"[1.849, 1.85)",0.02548696707543308,1.85
"[1.85, 1.851)",0.02054378465811966,1.851
"[1.851, 1.852)",0.020157641394464264,1.852
"[1.852, 1.853)",0.023565067020720736,1.853
"[1.853, 1.854)",0.04796918667539678,1.854
"[1.854, 1.855)",0.03069396569491527,1.855
"[1.855, 1.856)",0.03448410533628317,1.856
"[1.856, 1.857)",0.027278931689473696,1.857
"[1.857, 1.858)",0.03148278631782945,1.858
"[1.858, 1.859)",0.036841785923114746,1.859
"[1.859, 1.86)",0.0309283203375,1.86
"[1.86, 1.861)",0.038116623786407754,1.861
"[1.861, 1.862)",0.03456778196793894,1.862
"[1.862, 1.863)",0.03992347626776313,1.863
"[1.863, 1.864)",0.026771258363970575,1.864
"[1.864, 1.865)",0.024947486802962975,1.865
"[1.865, 1.866)",0.034052447076510055,1.866
"[1.866, 1.867)",0.02966013227904762,1.867
"[1.867, 1.868)",0.02213716962125985,1.868
"[1.868, 1.869)",0.02930329828016529,1.869
"[1.869, 1.87)",0.021490394579605266,1.87
"[1.87, 1.871)",0.03424010143828123,1.871
"[1.871, 1.872)",0.031014195494696965,1.872
"[1.872, 1.873)",0.039569785243095214,1.873
"[1.873, 1.874)",0.03657067405086206,1.874
"[1.874, 1.875)",0.02837544968333334,1.875
"[1.875, 1.8760000000000001)",0.03264150884893618,1.876
"[1.8760000000000001, 1.877)",0.03772805986557377,1.877
"[1.877, 1.8780000000000001)",0.027408471986666655,1.878
"[1.8780000000000001, 1.879)",0.029086320546874996,1.879
"[1.879, 1.8800000000000001)",0.02702085708761064,1.88
"[1.8800000000000001, 1.881)",0.0331364867761194,1.881
"[1.881, 1.8820000000000001)",0.03463311915338347,1.882
"[1.8820000000000001, 1.883)",0.03245059702479338,1.883
"[1.883, 1.8840000000000001)",0.03870213202946426,1.884
"[1.8840000000000001, 1.885)",0.030395649529629636,1.885
"[1.885, 1.8860000000000001)",0.03328756823282443,1.886
"[1.8860000000000001, 1.887)",0.021264744309069765,1.887
"[1.887, 1.8880000000000001)",0.0354998997260274,1.888
"[1.8880000000000001, 1.889)",0.02571132635468751,1.889
"[1.889, 1.8900000000000001)",0.04107688506357614,1.89
"[1.8900000000000001, 1.891)",0.04421360200337837,1.891
"[1.891, 1.8920000000000001)",0.03234101332824429,1.892
"[1.8920000000000001, 1.893)",0.02873694626799999,1.893
"[1.893, 1.8940000000000001)",0.03129887931615386,1.894
"[1.8940000000000001, 1.895)",0.03794134978955223,1.895
"[1.895, 1.8960000000000001)",0.023191822892248082,1.896
"[1.8960000000000001, 1.897)",0.036167527113076914,1.897
"[1.897, 1.8980000000000001)",0.03752436466249998,1.898
"[1.8980000000000001, 1.899)",0.02273033735700935,1.899
"[1.899, 1.9000000000000001)",0.04368278453050846,1.9
"[1.9000000000000001, 1.901)",0.04326592700735848,1.901
"[1.901, 1.9020000000000001)",0.02124762053870967,1.902
"[1.9020000000000001, 1.903)",0.030427564239062503,1.903
"[1.903, 1.9040000000000001)",0.029798148211023622,1.904
"[1.9040000000000001, 1.905)",0.026048094134951467,1.905
"[1.905, 1.9060000000000001)",0.03007723770247934,1.906
"[1.9060000000000001, 1.907)",0.019841498592592603,1.907
"[1.907, 1.9080000000000001)",0.020960997897841727,1.908
"[1.9080000000000001, 1.909)",0.026503755394957983,1.909
"[1.909, 1.9100000000000001)",0.023325381027777786,1.91
"[1.9100000000000001, 1.911)",0.023101204135353545,1.911
"[1.911, 1.9120000000000001)",0.031099830564761906,1.912
"[1.9120000000000001, 1.913)",0.023585703491071423,1.913
"[1.913, 1.9140000000000001)",0.025090277616190478,1.914
"[1.9140000000000001, 1.915)",0.029420155400629915,1.915
"[1.915, 1.9160000000000001)",0.02854658988731093,1.916
"[1.9160000000000001, 1.917)",0.02276040267415732,1.917
"[1.917, 1.9180000000000001)",0.031177358470338985,1.918
"[1.9180000000000001, 1.919)",0.03356711918828829,1.919
"[1.919, 1.92)",0.02116449977521369,1.92
"[1.92, 1.921)",0.03029220919417476,1.921
"[1.921, 1.922)",0.02318113630714287,1.922
"[1.922, 1.923)",0.022890536696774193,1.923
"[1.923, 1.924)",0.032316765716981125,1.924
"[1.924, 1.925)",0.034979566551351336,1.925
"[1.925, 1.926)",0.019325273560177002,1.926
"[1.926, 1.927)",0.029538443904166656,1.927
"[1.927, 1.928)",0.026832588815254226,1.928
"[1.928, 1.929)",0.04063568087743999,1.929
"[1.929, 1.93)",0.027423331500943393,1.93
"[1.93, 1.931)",0.037046720243697484,1.931
"[1.931, 1.932)",0.020403259336538467,1.932
"[1.932, 1.933)",0.022650597990740748,1.933
"[1.933, 1.934)",0.026264390925925925,1.934
"[1.934, 1.935)",0.025995824666666674,1.935
"[1.935, 1.936)",0.02881631147326388,1.936
"[1.936, 1.937)",0.028626322743119267,1.937
"[1.937, 1.938)",0.019573986992187507,1.938
"[1.938, 1.939)",0.025972089587179496,1.939
"[1.939, 1.94)",0.030721711341269848,1.94
"[1.94, 1.941)",0.030257240957142856,1.941
"[1.941, 1.942)",0.038657335968141596,1.942
"[1.942, 1.943)",0.02976182137245761,1.943
"[1.943, 1.944)",0.02558642651408452,1.944
"[1.944, 1.945)",0.026100449553982316,1.945
"[1.945, 1.946)",0.025162168615044257,1.946
"[1.946, 1.947)",0.032280250308771935,1.947
"[1.947, 1.948)",0.03740993291470588,1.948
"[1.948, 1.949)",0.03741530146106195,1.949
"[1.949, 1.95)",0.02916038581403509,1.95
"[1.95, 1.951)",0.03213365196213591,1.951
"[1.951, 1.952)",0.03233715581481481,1.952
"[1.952, 1.953)",0.03740632042972973,1.953
"[1.953, 1.954)",0.032174958714516116,1.954
"[1.954, 1.955)",0.025124614580357144,1.955
"[1.955, 1.956)",0.022617639508474587,1.956
"[1.956, 1.957)",0.016846982395047633,1.957
"[1.957, 1.958)",0.03112492509705882,1.958
"[1.958, 1.959)",0.0295306182146789,1.959
"[1.959, 1.96)",0.026719959678899084,1.96
"[1.96, 1.961)",0.025056649749918697,1.961
"[1.961, 1.962)",0.02542172240818181,1.962
"[1.962, 1.963)",0.02466483458418033,1.963
"[1.963, 1.964)",0.025945875818181825,1.964
"[1.964, 1.965)",0.021710219352800007,1.965
"[1.965, 1.966)",0.02577233708437501,1.966
"[1.966, 1.967)",0.028714050080000008,1.967
"[1.967, 1.968)",0.030190513976377953,1.968
"[1.968, 1.969)",0.052588185824,1.969
"[1.969, 1.97)",0.020564194859649124,1.97
"[1.97, 1.971)",0.034553029816666664,1.971
"[1.971, 1.972)",0.020199613478632493,1.972
"[1.972, 1.973)",0.03968484853333332,1.973
"[1.973, 1.974)",0.01943857285606061,1.974
"[1.974, 1.975)",0.04889586620857144,1.975
"[1.975, 1.976)",0.019872375858333347,1.976
"[1.976, 1.977)",0.036902128359340654,1.977
"[1.977, 1.978)",0.0412270757121212,1.978
"[1.978, 1.979)",0.034728117412123886,1.979
"[1.979, 1.98)",0.027228733691836742,1.98
"[1.98, 1.981)",0.03437717533255815,1.981
"[1.981, 1.982)",0.02477812943391305,1.982
"[1.982, 1.983)",0.02404907624528301,1.983
"[1.983, 1.984)",0.016307616050000008,1.984
"[1.984, 1.985)",0.030360949739047637,1.985
"[1.985, 1.986)",0.045849123752212395,1.986
"[1.986, 1.987)",0.03786118111224491,1.987
"[1.987, 1.988)",0.0297857965,1.988
"[1.988, 1.989)",0.03391783045043479,1.989
"[1.989, 1.99)",0.03615186991442309,1.99
"[1.99, 1.991)",0.0256233206663158,1.991
"[1.991, 1.992)",0.037237732739130454,1.992
"[1.992, 1.993)",0.03957668518803416,1.993
"[1.993, 1.994)",0.044398515886956515,1.994
"[1.994, 1.995)",0.03555432767916667,1.995
"[1.995, 1.996)",0.024351660500970866,1.996
"[1.996, 1.997)",0.03089825531578947,1.997
"[1.997, 1.998)",0.02075894026200001,1.998
"[1.998, 1.999)",0.018619395946491243,1.999
"[1.999, 2.0)",0.022521371335416675,2.0
"[2.0, 2.001)",0.03985085534803922,2.001
"[2.001, 2.0020000000000002)",0.0224746223258427,2.002
"[2.0020000000000002, 2.003)",0.031031461225,2.003
"[2.003, 2.004)",0.028169262500000018,2.004
"[2.004, 2.005)",0.02516667949000002,2.005
"[2.005, 2.0060000000000002)",0.026095244692857154,2.006
"[2.0060000000000002, 2.007)",0.022545697829824567,2.007
"[2.007, 2.008)",0.03590221563173078,2.008
"[2.008, 2.009)",0.049913270211363645,2.009
"[2.009, 2.0100000000000002)",0.024281021478787898,2.01
"[2.0100000000000002, 2.011)",0.02555789200000001,2.011
"[2.011, 2.012)",0.02914059074435185,2.012
"[2.012, 2.013)",0.021029183129523822,2.013
"[2.013, 2.0140000000000002)",0.06340283849462365,2.014
"[2.0140000000000002, 2.015)",0.02157047303645834,2.015
"[2.015, 2.016)",0.047825936212048184,2.016
"[2.016, 2.017)",0.01927566604545455,2.017
"[2.017, 2.0180000000000002)",0.05679786108404256,2.018
"[2.0180000000000002, 2.019)",0.04638769349425288,2.019
"[2.019, 2.02)",0.023776344173469383,2.02
"[2.02, 2.021)",0.03685977335514019,2.021
"[2.021, 2.0220000000000002)",0.03719005054578315,2.022
"[2.0220000000000002, 2.023)",0.020505580353012042,2.023
"[2.023, 2.024)",0.039445300867346954,2.024
"[2.024, 2.025)",0.03258876136799999,2.025
"[2.025, 2.0260000000000002)",0.04098998755301207,2.026
"[2.0260000000000002, 2.027)",0.028112124291860465,2.027
"[2.027, 2.028)",0.021189986365384612,2.028
"[2.028, 2.029)",0.03231024615217391,2.029
"[2.029, 2.0300000000000002)",0.027177786494252867,2.03
"[2.0300000000000002, 2.031)",0.024160985116039608,2.031
"[2.031, 2.032)",0.021542559443037977,2.032
"[2.032, 2.033)",0.04131486707777778,2.033
"[2.033, 2.0340000000000003)",0.02170220029201925,2.034
"[2.0340000000000003, 2.035)",0.023937774239583317,2.035
"[2.035, 2.036)",0.022854491011340215,2.036
"[2.036, 2.037)",0.06424162317045452,2.037
"[2.037, 2.0380000000000003)",0.03506751116831683,2.038
"[2.0380000000000003, 2.039)",0.03867312594565218,2.039
"[2.039, 2.04)",0.028139862673469393,2.04
"[2.04, 2.041)",0.030439331774999995,2.041
"[2.041, 2.0420000000000003)",0.03413607167865169,2.042
"[2.0420000000000003, 2.043)",0.0393580971625688,2.043
"[2.043, 2.044)",0.02374035239000001,2.044
"[2.044, 2.045)",0.01967464203786409,2.045
"[2.045, 2.0460000000000003)",0.0279303157172043,2.046
"[2.0460000000000003, 2.047)",0.03022686650306123,2.047
"[2.047, 2.048)",0.028087999357142852,2.048
"[2.048, 2.049)",0.026663857029896907,2.049
"[2.049, 2.05)",0.040316889875294123,2.05
"[2.05, 2.051)",0.03849498011764706,2.051
"[2.051, 2.052)",0.03428424237037036,2.052
"[2.052, 2.053)",0.03438178994869565,2.053
"[2.053, 2.054)",0.02184857184285715,2.054
"[2.054, 2.055)",0.03830877281132075,2.055
"[2.055, 2.056)",0.042283907162962986,2.056
"[2.056, 2.057)",0.030191327411458354,2.057
"[2.057, 2.058)",0.036492861726966294,2.058
"[2.058, 2.059)",0.03562796514415585,2.059
"[2.059, 2.06)",0.016502372805376357,2.06
"[2.06, 2.061)",0.02168863497333335,2.061
"[2.061, 2.062)",0.03370926309130435,2.062
"[2.062, 2.063)",0.021273644750000004,2.063
"[2.063, 2.064)",0.026166745884782606,2.064
"[2.064, 2.065)",0.022271659403571436,2.065
"[2.065, 2.066)",0.02263600127052632,2.066
"[2.066, 2.067)",0.025271413550909092,2.067
"[2.067, 2.068)",0.035123649521875,2.068
"[2.068, 2.069)",0.04263467469305557,2.069
"[2.069, 2.07)",0.028470053275824192,2.07
"[2.07, 2.071)",0.028319269892272722,2.071
"[2.071, 2.072)",0.038496461326262624,2.072
"[2.072, 2.073)",0.01478395493690477,2.073
"[2.073, 2.074)",0.03627134831910113,2.074
"[2.074, 2.075)",0.025595641540217408,2.075
"[2.075, 2.076)",0.03755258916024098,2.076
"[2.076, 2.077)",0.024650470752577328,2.077
"[2.077, 2.078)",0.03713779306185565,2.078
"[2.078, 2.079)",0.03185941581894738,2.079
"[2.079, 2.08)",0.01686958992410527,2.08
"[2.08, 2.081)",0.028405728623655903,2.081
"[2.081, 2.082)",0.017851351126436786,2.082
"[2.082, 2.083)",0.051246586755914,2.083
"[2.083, 2.084)",0.031013346131313138,2.084
"[2.084, 2.085)",0.039493118795180714,2.085
"[2.085, 2.086)",0.03537569090568182,2.086
"[2.086, 2.087)",0.03132983135135137,2.087
"[2.087, 2.088)",0.028364972320987645,2.088
"[2.088, 2.089)",0.021117237825641035,2.089
"[2.089, 2.09)",0.06600448959999998,2.09
"[2.09, 2.091)",0.026788904067816095,2.091
"[2.091, 2.092)",0.038066740682653054,2.092
"[2.092, 2.093)",0.02728605919625,2.093
"[2.093, 2.094)",0.01966692859032258,2.094
"[2.094, 2.095)",0.038672911910112344,2.095
"[2.095, 2.096)",0.024058343842105263,2.096
"[2.096, 2.097)",0.03280635473396227,2.097
"[2.097, 2.098)",0.039675591551666674,2.098
"[2.098, 2.099)",0.036125659215189884,2.099
"[2.099, 2.1)",0.036243925480235285,2.1
"[2.1, 2.101)",0.045417844423913056,2.101
"[2.101, 2.102)",0.03362985581707318,2.102
"[2.102, 2.103)",0.047969904625000004,2.103
"[2.103, 2.104)",0.016433821491208794,2.104
"[2.104, 2.105)",0.03343340976309524,2.105
"[2.105, 2.106)",0.041704695890109895,2.106
"[2.106, 2.107)",0.017415783005747126,2.107
"[2.107, 2.108)",0.028043164551485148,2.108
"[2.108, 2.109)",0.018400348428571436,2.109
"[2.109, 2.11)",0.030948978494382023,2.11
"[2.11, 2.111)",0.03857188816626506,2.111
"[2.111, 2.112)",0.018104195904938267,2.112
"[2.112, 2.113)",0.024342643279583336,2.113
"[2.113, 2.114)",0.023790048620224727,2.114
"[2.114, 2.115)",0.0364526425845238,2.115
"[2.115, 2.116)",0.024029197445977014,2.116
"[2.116, 2.117)",0.020280684583170467,2.117
"[2.117, 2.118)",0.04284775629795921,2.118
"[2.118, 2.119)",0.02759874823376622,2.119
"[2.119, 2.12)",0.03215650912051283,2.12
"[2.12, 2.121)",0.037799318989772734,2.121
"[2.121, 2.122)",0.042581648235526334,2.122
"[2.122, 2.123)",0.023732900870967754,2.123
"[2.123, 2.124)",0.022487291542857148,2.124
"[2.124, 2.125)",0.019497898333695658,2.125
"[2.125, 2.126)",0.027849994385074628,2.126
"[2.126, 2.1270000000000002)",0.019441055540845083,2.127
"[2.1270000000000002, 2.128)",0.03607223055915493,2.128
"[2.128, 2.129)",0.02199908724705883,2.129
"[2.129, 2.13)",0.02569711114000001,2.13
"[2.13, 2.1310000000000002)",0.0264902217795699,2.131
"[2.1310000000000002, 2.132)",0.038533531558750014,2.132
"[2.132, 2.133)",0.02612293689019609,2.133
"[2.133, 2.134)",0.03855030712747254,2.134
"[2.134, 2.1350000000000002)",0.038641957016,2.135
"[2.1350000000000002, 2.136)",0.020631538075,2.136
"[2.136, 2.137)",0.03537434093012049,2.137
"[2.137, 2.138)",0.0202698804,2.138
"[2.138, 2.1390000000000002)",0.02561161968478262,2.139
"[2.1390000000000002, 2.14)",0.023405886505882365,2.14
"[2.14, 2.141)",0.025541674876543206,2.141
"[2.141, 2.142)",0.027324322021176486,2.142
"[2.142, 2.1430000000000002)",0.02984794557142857,2.143
"[2.1430000000000002, 2.144)",0.03194723908764046,2.144
"[2.144, 2.145)",0.031228894177380968,2.145
"[2.145, 2.146)",0.023625887172413793,2.146
"[2.146, 2.1470000000000002)",0.029911873249315088,2.147
"[2.1470000000000002, 2.148)",0.03887473481282049,2.148
"[2.148, 2.149)",0.034871964945833334,2.149
"[2.149, 2.15)",0.04984655279589039,2.15
"[2.15, 2.1510000000000002)",0.04444284816363638,2.151
"[2.1510000000000002, 2.152)",0.030912724446000003,2.152
"[2.152, 2.153)",0.021913224666666665,2.153
"[2.153, 2.154)",0.028182752579710153,2.154
"[2.154, 2.1550000000000002)",0.029784661067415733,2.155
"[2.1550000000000002, 2.156)",0.022247414578571434,2.156
"[2.156, 2.157)",0.029553166370270268,2.157
"[2.157, 2.158)",0.03777423065696204,2.158
"[2.158, 2.1590000000000003)",0.02732382263529412,2.159
"[2.1590000000000003, 2.16)",0.01935252068316327,2.16
"[2.16, 2.161)",0.033260665629629635,2.161
"[2.161, 2.162)",0.021685365223749992,2.162
"[2.162, 2.1630000000000003)",0.04109945540357143,2.163
"[2.1630000000000003, 2.164)",0.03644636445882352,2.164
"[2.164, 2.165)",0.038988294808219186,2.165
"[2.165, 2.166)",0.019855912251315805,2.166
"[2.166, 2.1670000000000003)",0.02788545841976745,2.167
"[2.1670000000000003, 2.168)",0.026503361593406608,2.168
"[2.168, 2.169)",0.020177046567088613,2.169
"[2.169, 2.17)",0.025558204293406602,2.17
"[2.17, 2.1710000000000003)",0.023792520623846156,2.171
"[2.1710000000000003, 2.172)",0.03430554743900001,2.172
"[2.172, 2.173)",0.027176908336708872,2.173
"[2.173, 2.174)",0.027800818168750005,2.174
"[2.174, 2.1750000000000003)",0.03430915531413043,2.175
"[2.1750000000000003, 2.176)",0.025488079361224505,2.176
"[2.176, 2.177)",0.04605631785643562,2.177
"[2.177, 2.178)",0.02228089227111111,2.178
"[2.178, 2.179)",0.030175683857142855,2.179
"[2.179, 2.18)",0.029894451809482775,2.18
"[2.18, 2.181)",0.025568431590740737,2.181
"[2.181, 2.182)",0.0339137116185567,2.182
"[2.182, 2.183)",0.01819830465662651,2.183
"[2.183, 2.184)",0.051912966871264364,2.184
"[2.184, 2.185)",0.01673153426363637,2.185
"[2.185, 2.186)",0.026697280365853664,2.186
"[2.186, 2.187)",0.024089862428125008,2.187
"[2.187, 2.188)",0.03567972659746836,2.188
"[2.188, 2.189)",0.024237193780487817,2.189
"[2.189, 2.19)",0.03648005533472222,2.19
"[2.19, 2.191)",0.040790829346153856,2.191
"[2.191, 2.192)",0.024980448474444448,2.192
"[2.192, 2.193)",0.0260658219041096,2.193
"[2.193, 2.194)",0.044149859332000004,2.194
"[2.194, 2.195)",0.022269356370675678,2.195
"[2.195, 2.196)",0.021880362795945952,2.196
"[2.196, 2.197)",0.021170652971578958,2.197
"[2.197, 2.198)",0.02581833221746032,2.198
"[2.198, 2.199)",0.034454906224999984,2.199
"[2.199, 2.2)",0.02343711988775511,2.2
"[2.2, 2.201)",0.01714047318450705,2.201
"[2.201, 2.202)",0.018118838972602747,2.202
"[2.202, 2.203)",0.03449578936842105,2.203
"[2.203, 2.204)",0.030733150094871788,2.204
"[2.204, 2.205)",0.021439536470103094,2.205
"[2.205, 2.206)",0.030769391731395358,2.206
"[2.206, 2.207)",0.028952282951724154,2.207
"[2.207, 2.208)",0.02444125655000001,2.208
"[2.208, 2.209)",0.03436162234634148,2.209
"[2.209, 2.21)",0.02289519758536586,2.21
"[2.21, 2.211)",0.02598269267722772,2.211
"[2.211, 2.212)",0.017287384334615387,2.212
"[2.212, 2.213)",0.03943721193333334,2.213
"[2.213, 2.214)",0.017111344447058814,2.214
"[2.214, 2.215)",0.033922882288607605,2.215
"[2.215, 2.216)",0.03758381024065933,2.216
"[2.216, 2.217)",0.019592827034065945,2.217
"[2.217, 2.218)",0.033774781110989006,2.218
"[2.218, 2.219)",0.01824231306097561,2.219
"[2.219, 2.22)",0.03852696397777779,2.22
"[2.22, 2.221)",0.02602562721688312,2.221
"[2.221, 2.222)",0.027424674937777786,2.222
"[2.222, 2.223)",0.038477410039560456,2.223
"[2.223, 2.224)",0.018298831544943828,2.224
"[2.224, 2.225)",0.01651327721688172,2.225
"[2.225, 2.226)",0.03011747684065935,2.226
"[2.226, 2.227)",0.024055718724096394,2.227
"[2.227, 2.228)",0.026710632447826097,2.228
"[2.228, 2.229)",0.014814983576250001,2.229
"[2.229, 2.23)",0.017310829500000003,2.23
"[2.23, 2.231)",0.02778116514893618,2.231
"[2.231, 2.232)",0.014815183696511629,2.232
"[2.232, 2.233)",0.03908875663943663,2.233
"[2.233, 2.234)",0.029556913382716064,2.234
"[2.234, 2.235)",0.044977161329411756,2.235
"[2.235, 2.236)",0.032338083367500006,2.236
"[2.236, 2.237)",0.02814718068714286,2.237
"[2.237, 2.238)",0.027169349879687506,2.238
"[2.238, 2.239)",0.024207320075000004,2.239
"[2.239, 2.24)",0.015601929246250002,2.24
"[2.24, 2.241)",0.026294981491150442,2.241
"[2.241, 2.242)",0.03296748428809524,2.242
"[2.242, 2.243)",0.035326772000000006,2.243
"[2.243, 2.244)",0.027582781382075476,2.244
"[2.244, 2.245)",0.026015637288095254,2.245
"[2.245, 2.246)",0.03155227511460676,2.246
"[2.246, 2.247)",0.023826283425,2.247
"[2.247, 2.248)",0.019110178708139546,2.248
"[2.248, 2.249)",0.021834922580821918,2.249
"[2.249, 2.25)",0.022633731872340437,2.25
"[2.25, 2.251)",0.035906812932692315,2.251
"[2.251, 2.2520000000000002)",0.039843399905263165,2.252
"[2.2520000000000002, 2.253)",0.02261988899484849,2.253
"[2.253, 2.254)",0.030151533707317067,2.254
"[2.254, 2.255)",0.03249161184202899,2.255
"[2.255, 2.2560000000000002)",0.04708220607500001,2.256
"[2.2560000000000002, 2.257)",0.03572755298958333,2.257
"[2.257, 2.258)",0.02060078572533334,2.258
"[2.258, 2.259)",0.020004730440506324,2.259
"[2.259, 2.2600000000000002)",0.01856039057558141,2.26
"[2.2600000000000002, 2.261)",0.026479969666666686,2.261
"[2.261, 2.262)",0.030284390771739132,2.262
"[2.262, 2.263)",0.02567110717073171,2.263
"[2.263, 2.2640000000000002)",0.037341098133333334,2.264
"[2.2640000000000002, 2.265)",0.027853189282045443,2.265
"[2.265, 2.266)",0.022969392161363643,2.266
"[2.266, 2.267)",0.03544925286749999,2.267
"[2.267, 2.2680000000000002)",0.019345028873417724,2.268
"[2.2680000000000002, 2.269)",0.025078335394382027,2.269
"[2.269, 2.27)",0.051525128736065566,2.27
"[2.27, 2.271)",0.02086164365957447,2.271
"[2.271, 2.2720000000000002)",0.03245751093506494,2.272
"[2.2720000000000002, 2.273)",0.025409969358333343,2.273
"[2.273, 2.274)",0.02293023897402598,2.274
"[2.274, 2.275)",0.019453201314285722,2.275
"[2.275, 2.2760000000000002)",0.0302885724054054,2.276
"[2.2760000000000002, 2.277)",0.021263557505405414,2.277
"[2.277, 2.278)",0.03211762353928573,2.278
"[2.278, 2.279)",0.02708588042903227,2.279
"[2.279, 2.2800000000000002)",0.02190151304933334,2.28
"[2.2800000000000002, 2.281)",0.0325225442103896,2.281
"[2.281, 2.282)",0.04136794165200001,2.282
"[2.282, 2.283)",0.018555338089743596,2.283
"[2.283, 2.2840000000000003)",0.028312469415942024,2.284
"[2.2840000000000003, 2.285)",0.022298839237142862,2.285
"[2.285, 2.286)",0.03000441180434783,2.286
"[2.286, 2.287)",0.03659030143595504,2.287
"[2.287, 2.2880000000000003)",0.06335933575047618,2.288
"[2.2880000000000003, 2.289)",0.03505076225974027,2.289
"[2.289, 2.29)",0.029302308663636374,2.29
"[2.29, 2.291)",0.0364812908063492,2.291
"[2.291, 2.2920000000000003)",0.027696768801234548,2.292
"[2.2920000000000003, 2.293)",0.034276086045454554,2.293
"[2.293, 2.294)",0.018384483441558443,2.294
"[2.294, 2.295)",0.03279744041656716,2.295
"[2.295, 2.2960000000000003)",0.02415776623428572,2.296
"[2.2960000000000003, 2.297)",0.03176047901935484,2.297
"[2.297, 2.298)",0.03198408435079365,2.298
"[2.298, 2.299)",0.013973837920270273,2.299
"[2.299, 2.3000000000000003)",0.0381369148875,2.3
"[2.3000000000000003, 2.301)",0.02498070667209678,2.301
"[2.301, 2.302)",0.02026368647761195,2.302
"[2.302, 2.303)",0.020437969171875004,2.303
"[2.303, 2.3040000000000003)",0.0327330990857143,2.304
"[2.3040000000000003, 2.305)",0.022908349420895535,2.305
"[2.305, 2.306)",0.043830314265432095,2.306
"[2.306, 2.307)",0.02544592173278689,2.307
"[2.307, 2.308)",0.0289508883086207,2.308
"[2.308, 2.309)",0.029326086435211274,2.309
"[2.309, 2.31)",0.016839998944444448,2.31
"[2.31, 2.311)",0.01625897080547945,2.311
"[2.311, 2.312)",0.025780006393939396,2.312
"[2.312, 2.313)",0.034783753791525415,2.313
"[2.313, 2.314)",0.0160671174057971,2.314
"[2.314, 2.315)",0.024763729887096776,2.315
"[2.315, 2.316)",0.017698082981818186,2.316
"[2.316, 2.317)",0.0269142651780822,2.317
"[2.317, 2.318)",0.027952067427777796,2.318
"[2.318, 2.319)",0.03282194960758064,2.319
"[2.319, 2.32)",0.019201799162162164,2.32
"[2.32, 2.321)",0.03177382518703703,2.321
"[2.321, 2.322)",0.01920751774032258,2.322
"[2.322, 2.323)",0.03575498569565218,2.323
"[2.323, 2.324)",0.02104662234054055,2.324
"[2.324, 2.325)",0.025893799907692302,2.325
"[2.325, 2.326)",0.02197117988208955,2.326
"[2.326, 2.327)",0.027411803718750002,2.327
"[2.327, 2.328)",0.019729535328571423,2.328
"[2.328, 2.329)",0.03506535161290322,2.329
"[2.329, 2.33)",0.03600314291571428,2.33
"[2.33, 2.331)",0.029520306128571434,2.331
"[2.331, 2.332)",0.03599362751406251,2.332
"[2.332, 2.333)",0.01388392792307692,2.333
"[2.333, 2.334)",0.0174371055041096,2.334
"[2.334, 2.335)",0.026512485017808216,2.335
"[2.335, 2.336)",0.01726142835555555,2.336
"[2.336, 2.337)",0.03544824437187499,2.337
"[2.337, 2.338)",0.027054653135820908,2.338
"[2.338, 2.339)",0.027080586507042263,2.339
"[2.339, 2.34)",0.03658052392857144,2.34
"[2.34, 2.341)",0.03263879461206897,2.341
"[2.341, 2.342)",0.020428864770188678,2.342
"[2.342, 2.343)",0.018331489298507458,2.343
"[2.343, 2.344)",0.021060671121126768,2.344
"[2.344, 2.345)",0.03453134937868853,2.345
"[2.345, 2.346)",0.012315806720895524,2.346
"[2.346, 2.347)",0.05199473699672131,2.347
"[2.347, 2.348)",0.029677837758620717,2.348
"[2.348, 2.349)",0.04361081495272726,2.349
"[2.349, 2.35)",0.0371822323030303,2.35
"[2.35, 2.351)",0.024150122323076922,2.351
"[2.351, 2.352)",0.038127989019642865,2.352
"[2.352, 2.353)",0.0345553831890411,2.353
"[2.353, 2.354)",0.03425390036857142,2.354
"[2.354, 2.355)",0.032724821437288144,2.355
"[2.355, 2.356)",0.026295936532051298,2.356
"[2.356, 2.357)",0.04129224439827587,2.357
"[2.357, 2.358)",0.052426618453214294,2.358
"[2.358, 2.359)",0.042573193766666684,2.359
"[2.359, 2.36)",0.026668714136363642,2.36
"[2.36, 2.361)",0.0390479720909091,2.361
"[2.361, 2.362)",0.03231291822033899,2.362
"[2.362, 2.363)",0.016076270668,2.363
"[2.363, 2.364)",0.03950931792816902,2.364
"[2.364, 2.365)",0.025797090977777788,2.365
"[2.365, 2.366)",0.06998854730000001,2.366
"[2.366, 2.367)",0.04229534679076922,2.367
"[2.367, 2.368)",0.03738108334918033,2.368
"[2.368, 2.369)",0.03704861436666666,2.369
"[2.369, 2.37)",0.018554990780882356,2.37
"[2.37, 2.371)",0.021406035351388887,2.371
"[2.371, 2.372)",0.02399525143396227,2.372
"[2.372, 2.373)",0.022512642857142866,2.373
"[2.373, 2.374)",0.03915328156603776,2.374
"[2.374, 2.375)",0.03306753639298246,2.375
"[2.375, 2.376)",0.03536085177162164,2.376
"[2.376, 2.3770000000000002)",0.04612406003137255,2.377
"[2.3770000000000002, 2.378)",0.06036815814328359,2.378
"[2.378, 2.379)",0.027338963995238087,2.379
"[2.379, 2.38)",0.04509816993709677,2.38
"[2.38, 2.3810000000000002)",0.04496692868714287,2.381
"[2.3810000000000002, 2.382)",0.0320599632263889,2.382
"[2.382, 2.383)",0.03058164190909091,2.383
"[2.383, 2.384)",0.035713979336538484,2.384
"[2.384, 2.3850000000000002)",0.024432416036363633,2.385
"[2.3850000000000002, 2.386)",0.02471797553636364,2.386
"[2.386, 2.387)",0.03366181287647059,2.387
"[2.387, 2.388)",0.029507186163333334,2.388
"[2.388, 2.3890000000000002)",0.023241970408450715,2.389
"[2.3890000000000002, 2.39)",0.034429708420454556,2.39
"[2.39, 2.391)",0.027590847229411776,2.391
"[2.391, 2.392)",0.03740776850000003,2.392
"[2.392, 2.3930000000000002)",0.029946644366666664,2.393
"[2.3930000000000002, 2.394)",0.05208654765652176,2.394
"[2.394, 2.395)",0.019797232695588234,2.395
"[2.395, 2.396)",0.02601264030265306,2.396
"[2.396, 2.3970000000000002)",0.04483471348888889,2.397
"[2.3970000000000002, 2.398)",0.026856081739344274,2.398
"[2.398, 2.399)",0.02889383819074074,2.399
"[2.399, 2.4)",0.01826990376923076,2.4
"[2.4, 2.4010000000000002)",0.020023609234482764,2.401
"[2.4010000000000002, 2.402)",0.020637502061538467,2.402
"[2.402, 2.403)",0.04888903730294117,2.403
"[2.403, 2.404)",0.022177988240740753,2.404
"[2.404, 2.4050000000000002)",0.03923615920000001,2.405
"[2.4050000000000002, 2.406)",0.05676109228333333,2.406
"[2.406, 2.407)",0.06121476469814816,2.407
"[2.407, 2.408)",0.029995036979661025,2.408
"[2.408, 2.4090000000000003)",0.025664099991724136,2.409
"[2.4090000000000003, 2.41)",0.025079472473469384,2.41
"[2.41, 2.411)",0.03314796557962962,2.411
"[2.411, 2.412)",0.02134632454576271,2.412
"[2.412, 2.4130000000000003)",0.021076547045454544,2.413
"[2.4130000000000003, 2.414)",0.026483168999999997,2.414
"[2.414, 2.415)",0.038202653101694926,2.415
"[2.415, 2.416)",0.021958642086956536,2.416
"[2.416, 2.4170000000000003)",0.03674322445000002,2.417
"[2.4170000000000003, 2.418)",0.044659526985714286,2.418
"[2.418, 2.419)",0.016542381177419345,2.419
"[2.419, 2.42)",0.03459941193230769,2.42
"[2.42, 2.4210000000000003)",0.02511076386842106,2.421
"[2.4210000000000003, 2.422)",0.02094843519999999,2.422
"[2.422, 2.423)",0.015260799269841268,2.423
"[2.423, 2.424)",0.022251239202857147,2.424
"[2.424, 2.4250000000000003)",0.07090559182258065,2.425
"[2.4250000000000003, 2.426)",0.028893493639014098,2.426
"[2.426, 2.427)",0.014946467632692303,2.427
"[2.427, 2.428)",0.020602389549019603,2.428
"[2.428, 2.4290000000000003)",0.01703629904189189,2.429
"[2.4290000000000003, 2.43)",0.03927523050121953,2.43
"[2.43, 2.431)",0.01628769785737704,2.431
"[2.431, 2.432)",0.06579656387682539,2.432
"[2.432, 2.433)",0.023722052082352934,2.433
"[2.433, 2.434)",0.019195645165384627,2.434
"[2.434, 2.435)",0.0277858801695122,2.435
"[2.435, 2.436)",0.04610189304615385,2.436
"[2.436, 2.437)",0.017254264187719297,2.437
"[2.437, 2.438)",0.02825391156440679,2.438
"[2.438, 2.439)",0.016214037998113204,2.439
"[2.439, 2.44)",0.04600201117500001,2.44
"[2.44, 2.441)",0.03475356366,2.441
"[2.441, 2.442)",0.022129407239215686,2.442
"[2.442, 2.443)",0.027475397906250018,2.443
"[2.443, 2.444)",0.036391916652173915,2.444
"[2.444, 2.445)",0.02424841781818182,2.445
"[2.445, 2.446)",0.029338388314814813,2.446
"[2.446, 2.447)",0.017769945305084744,2.447
"[2.447, 2.448)",0.019425806437500005,2.448
"[2.448, 2.449)",0.03719855953703704,2.449
"[2.449, 2.45)",0.016018634868627445,2.45
"[2.45, 2.451)",0.015271686248333331,2.451
"[2.451, 2.452)",0.03371090094871795,2.452
"[2.452, 2.453)",0.03406076329827587,2.453
"[2.453, 2.454)",0.024640945469354848,2.454
"[2.454, 2.455)",0.043623218875000015,2.455
"[2.455, 2.456)",0.025821799143076925,2.456
"[2.456, 2.457)",0.028526246871428587,2.457
"[2.457, 2.458)",0.03057772291428572,2.458
"[2.458, 2.459)",0.021558736223529423,2.459
"[2.459, 2.46)",0.015489994267741936,2.46
"[2.46, 2.461)",0.02804836394347827,2.461
"[2.461, 2.462)",0.01699644158269231,2.462
"[2.462, 2.463)",0.03149623744,2.463
"[2.463, 2.464)",0.02294618605,2.464
"[2.464, 2.465)",0.01332062804347826,2.465
"[2.465, 2.466)",0.028144417671153853,2.466
"[2.466, 2.467)",0.027398438686274514,2.467
"[2.467, 2.468)",0.040661554235294106,2.468
"[2.468, 2.469)",0.02404207932083334,2.469
"[2.469, 2.47)",0.0279389547088889,2.47
"[2.47, 2.471)",0.02850158077777778,2.471
"[2.471, 2.472)",0.015756484313333333,2.472
"[2.472, 2.473)",0.044599624434090906,2.473
"[2.473, 2.474)",0.030866778655737708,2.474
"[2.474, 2.475)",0.018217618287234033,2.475
"[2.475, 2.476)",0.015159460130000002,2.476
"[2.476, 2.477)",0.019038553249999996,2.477
"[2.477, 2.478)",0.021424319763636353,2.478
"[2.478, 2.479)",0.025912828333333342,2.479
"[2.479, 2.48)",0.02167914022195122,2.48
"[2.48, 2.481)",0.02283976869047618,2.481
"[2.481, 2.482)",0.016288353172549015,2.482
"[2.482, 2.483)",0.020068519930357152,2.483
"[2.483, 2.484)",0.03418600289855073,2.484
"[2.484, 2.485)",0.03549915680769231,2.485
"[2.485, 2.486)",0.03245471880153847,2.486
"[2.486, 2.487)",0.039266410156896546,2.487
"[2.487, 2.488)",0.025802871869245285,2.488
"[2.488, 2.489)",0.03878781184444447,2.489
"[2.489, 2.49)",0.023031549260869564,2.49
"[2.49, 2.491)",0.06162480766666668,2.491
"[2.491, 2.492)",0.014901751693877552,2.492
"[2.492, 2.493)",0.019446555085106374,2.493
"[2.493, 2.494)",0.01805143438870968,2.494
"[2.494, 2.495)",0.030139611227272736,2.495
"[2.495, 2.496)",0.03843066676190478,2.496
"[2.496, 2.497)",0.051879600883333356,2.497
"[2.497, 2.498)",0.01716403427450979,2.498
"[2.498, 2.499)",0.01834442327173913,2.499
"[2.499, 2.5)",0.028331470698113217,2.5
"[2.5, 2.501)",0.027768289408163258,2.501
"[2.501, 2.5020000000000002)",0.02900214405555556,2.502
"[2.5020000000000002, 2.503)",0.025607913432258073,2.503
"[2.503, 2.504)",0.039616489675,2.504
"[2.504, 2.505)",0.035488174277777784,2.505
"[2.505, 2.5060000000000002)",0.03429810554545456,2.506
"[2.5060000000000002, 2.507)",0.018656580475,2.507
"[2.507, 2.508)",0.012916174170000003,2.508
"[2.508, 2.509)",0.03578278608163266,2.509
"[2.509, 2.5100000000000002)",0.0158473284475,2.51
"[2.5100000000000002, 2.511)",0.01761498337735849,2.511
"[2.511, 2.512)",0.03097027094000001,2.512
"[2.512, 2.513)",0.03139172380384616,2.513
"[2.513, 2.5140000000000002)",0.020637939204545444,2.514
"[2.5140000000000002, 2.515)",0.04282314876470588,2.515
"[2.515, 2.516)",0.03000535370000001,2.516
"[2.516, 2.517)",0.021412492275813943,2.517
"[2.517, 2.5180000000000002)",0.027245580157894748,2.518
"[2.5180000000000002, 2.519)",0.044280342659999986,2.519
"[2.519, 2.52)",0.0168976812725,2.52
"[2.52, 2.521)",0.0267057384375,2.521
"[2.521, 2.5220000000000002)",0.018402934097959185,2.522
"[2.5220000000000002, 2.523)",0.015367254037037033,2.523
"[2.523, 2.524)",0.032979501729736835,2.524
"[2.524, 2.525)",0.05214729107600002,2.525
"[2.525, 2.5260000000000002)",0.047601790394339615,2.526
"[2.5260000000000002, 2.527)",0.03204373823207549,2.527
"[2.527, 2.528)",0.024104207229019615,2.528
"[2.528, 2.529)",0.04266494022037036,2.529
"[2.529, 2.5300000000000002)",0.0167683661707317,2.53
"[2.5300000000000002, 2.531)",0.02466244663658536,2.531
"[2.531, 2.532)",0.019720137758181818,2.532
"[2.532, 2.533)",0.02687650275,2.533
"[2.533, 2.5340000000000003)",0.03888695155686277,2.534
"[2.5340000000000003, 2.535)",0.025613716311764713,2.535
"[2.535, 2.536)",0.036157095319403004,2.536
"[2.536, 2.537)",0.04634618035000001,2.537
"[2.537, 2.5380000000000003)",0.04827467197297299,2.538
"[2.5380000000000003, 2.539)",0.047703796099999994,2.539
"[2.539, 2.54)",0.023026780069767442,2.54
"[2.54, 2.541)",0.05767838888249997,2.541
"[2.541, 2.5420000000000003)",0.024927656190701763,2.542
"[2.5420000000000003, 2.543)",0.025706111966101702,2.543
"[2.543, 2.544)",0.03875996338461539,2.544
"[2.544, 2.545)",0.026242541111111115,2.545
"[2.545, 2.5460000000000003)",0.033518120309523815,2.546
"[2.5460000000000003, 2.547)",0.052656169100000004,2.547
"[2.547, 2.548)",0.021558062977586202,2.548
"[2.548, 2.549)",0.02321649165,2.549
"[2.549, 2.5500000000000003)",0.02474255093478261,2.55
"[2.5500000000000003, 2.551)",0.019720889769230768,2.551
"[2.551, 2.552)",0.019506131065384617,2.552
"[2.552, 2.553)",0.04408289280163934,2.553
"[2.553, 2.5540000000000003)",0.02512200314634146,2.554
"[2.5540000000000003, 2.555)",0.02130167187272727,2.555
"[2.555, 2.556)",0.023468698184615385,2.556
"[2.556, 2.557)",0.026000059001851865,2.557
"[2.557, 2.5580000000000003)",0.024591390052173902,2.558
"[2.5580000000000003, 2.559)",0.014935532347826087,2.559
"[2.559, 2.56)",0.015698612261016952,2.56
"[2.56, 2.561)",0.013761670833333333,2.561
"[2.561, 2.562)",0.03337585763829788,2.562
"[2.562, 2.563)",0.02913655238235294,2.563
"[2.563, 2.564)",0.029038312385106384,2.564
"[2.564, 2.565)",0.01615629739130434,2.565
"[2.565, 2.566)",0.04851397982162164,2.566
"[2.566, 2.567)",0.04149410233333333,2.567
"[2.567, 2.568)",0.031099475518518525,2.568
"[2.568, 2.569)",0.02169925065517242,2.569
"[2.569, 2.57)",0.03363849372459018,2.57
"[2.57, 2.571)",0.03402930796078432,2.571
"[2.571, 2.572)",0.03005934710810811,2.572
"[2.572, 2.573)",0.019606338721311477,2.573
"[2.573, 2.574)",0.04427600309850747,2.574
"[2.574, 2.575)",0.03871482340800002,2.575
"[2.575, 2.576)",0.019551410666666668,2.576
"[2.576, 2.577)",0.017825084615384613,2.577
"[2.577, 2.578)",0.02169884945652174,2.578
"[2.578, 2.579)",0.012973148206896545,2.579
"[2.579, 2.58)",0.03840182220370372,2.58
"[2.58, 2.581)",0.021888425470588235,2.581
"[2.581, 2.582)",0.022209350185714287,2.582
"[2.582, 2.583)",0.021902033107692318,2.583
"[2.583, 2.584)",0.045148163566222234,2.584
"[2.584, 2.585)",0.04211629382222223,2.585
"[2.585, 2.586)",0.03347165177827587,2.586
"[2.586, 2.587)",0.024613299714285716,2.587
"[2.587, 2.588)",0.018366516723404256,2.588
"[2.588, 2.589)",0.01836662117368421,2.589
"[2.589, 2.59)",0.02006227729545454,2.59
"[2.59, 2.591)",0.027874712424615394,2.591
"[2.591, 2.592)",0.038166036173913065,2.592
"[2.592, 2.593)",0.019555809182926834,2.593
"[2.593, 2.594)",0.016583039858139536,2.594
"[2.594, 2.595)",0.03893438402272728,2.595
"[2.595, 2.596)",0.04017343184509805,2.596
"[2.596, 2.597)",0.024681876728813557,2.597
"[2.597, 2.598)",0.021822870259090903,2.598
"[2.598, 2.599)",0.03918537998100001,2.599
"[2.599, 2.6)",0.016621002891891896,2.6
"[2.6, 2.601)",0.01523852356097561,2.601
"[2.601, 2.602)",0.026400935414634157,2.602
"[2.602, 2.603)",0.01843426766666667,2.603
"[2.603, 2.604)",0.025823739261904764,2.604
"[2.604, 2.605)",0.02808504725490197,2.605
"[2.605, 2.606)",0.06142249499761906,2.606
"[2.606, 2.607)",0.03748604242105263,2.607
"[2.607, 2.608)",0.0289025978974359,2.608
"[2.608, 2.609)",0.024093815703703704,2.609
"[2.609, 2.61)",0.03597899140425533,2.61
"[2.61, 2.611)",0.06756612882272726,2.611
"[2.611, 2.612)",0.02228745410416666,2.612
"[2.612, 2.613)",0.026266089372549036,2.613
"[2.613, 2.614)",0.026512673999999993,2.614
"[2.614, 2.615)",0.02065005248947369,2.615
"[2.615, 2.616)",0.032180956666666684,2.616
"[2.616, 2.617)",0.0234377930375,2.617
"[2.617, 2.618)",0.015732682270588237,2.618
"[2.618, 2.619)",0.04856179078235295,2.619
"[2.619, 2.62)",0.015052541673913037,2.62
"[2.62, 2.621)",0.026142292469387762,2.621
"[2.621, 2.622)",0.04003853165,2.622
"[2.622, 2.623)",0.046946299622727276,2.623
"[2.623, 2.624)",0.01697584888070175,2.624
"[2.624, 2.625)",0.043821003348837234,2.625
"[2.625, 2.626)",0.04147218345614035,2.626
"[2.626, 2.6270000000000002)",0.01350099838596491,2.627
"[2.6270000000000002, 2.628)",0.030967138877551027,2.628
"[2.628, 2.629)",0.03303502252631578,2.629
"[2.629, 2.63)",0.029512922054054057,2.63
"[2.63, 2.6310000000000002)",0.03432393962,2.631
"[2.6310000000000002, 2.632)",0.02565942458974358,2.632
"[2.632, 2.633)",0.012987141365957446,2.633
"[2.633, 2.634)",0.018408932058333338,2.634
"[2.634, 2.6350000000000002)",0.04490386693750001,2.635
"[2.6350000000000002, 2.636)",0.011370499595238096,2.636
"[2.636, 2.637)",0.020657789057142856,2.637
"[2.637, 2.638)",0.019584135466666666,2.638
"[2.638, 2.6390000000000002)",0.02020650102499999,2.639
"[2.6390000000000002, 2.64)",0.01522768146341464,2.64
"[2.64, 2.641)",0.014300023172413797,2.641
"[2.641, 2.642)",0.019308140076923077,2.642
"[2.642, 2.6430000000000002)",0.028446957423076923,2.643
"[2.6430000000000002, 2.644)",0.045221555875,2.644
"[2.644, 2.645)",0.027853454756097573,2.645
"[2.645, 2.646)",0.021017944051282045,2.646
"[2.646, 2.6470000000000002)",0.026179918375,2.647
"[2.6470000000000002, 2.648)",0.035250724062500016,2.648
"[2.648, 2.649)",0.022236726369387755,2.649
"[2.649, 2.65)",0.012988602714285716,2.65
"[2.65, 2.6510000000000002)",0.013113577864102565,2.651
"[2.6510000000000002, 2.652)",0.037973678191489356,2.652
"[2.652, 2.653)",0.05872094281904762,2.653
"[2.653, 2.654)",0.019869040865789472,2.654
"[2.654, 2.6550000000000002)",0.021346824692307684,2.655
"[2.6550000000000002, 2.656)",0.04693473793333334,2.656
"[2.656, 2.657)",0.031214684976086954,2.657
"[2.657, 2.658)",0.0447621387804878,2.658
"[2.658, 2.6590000000000003)",0.017258611025,2.659
"[2.6590000000000003, 2.66)",0.030133168925000002,2.66
"[2.66, 2.661)",0.01969649675714285,2.661
"[2.661, 2.662)",0.050023840725000025,2.662
"[2.662, 2.6630000000000003)",0.012142291161290326,2.663
"[2.6630000000000003, 2.664)",0.0238390312368421,2.664
"[2.664, 2.665)",0.02605828320487805,2.665
"[2.665, 2.666)",0.01439628771666667,2.666
"[2.666, 2.6670000000000003)",0.030968155863157897,2.667
"[2.6670000000000003, 2.668)",0.030157085794871794,2.668
"[2.668, 2.669)",0.022390388708695648,2.669
"[2.669, 2.67)",0.020504892923076928,2.67
"[2.67, 2.6710000000000003)",0.03889700757857144,2.671
"[2.6710000000000003, 2.672)",0.0403787642152174,2.672
"[2.672, 2.673)",0.044250882549999995,2.673
"[2.673, 2.674)",0.02645594449999999,2.674
"[2.674, 2.6750000000000003)",0.04085451757800002,2.675
"[2.6750000000000003, 2.676)",0.013287618800000003,2.676
"[2.676, 2.677)",0.052856065997777764,2.677
"[2.677, 2.678)",0.039441125127659585,2.678
"[2.678, 2.6790000000000003)",0.02825345137342857,2.679
"[2.6790000000000003, 2.68)",0.02829848322195121,2.68
"[2.68, 2.681)",0.0267528231904762,2.681
"[2.681, 2.682)",0.02634625665714286,2.682
"[2.682, 2.6830000000000003)",0.016586874866666667,2.683
"[2.6830000000000003, 2.684)",0.03290289840000001,2.684
"[2.684, 2.685)",0.021600765038636355,2.685
"[2.685, 2.686)",0.023800799915555556,2.686
"[2.686, 2.6870000000000003)",0.029291632888888888,2.687
"[2.6870000000000003, 2.688)",0.016556851962962957,2.688
"[2.688, 2.689)",0.016973443484848482,2.689
"[2.689, 2.69)",0.01270706816153846,2.69
"[2.69, 2.691)",0.03669084171190475,2.691
"[2.691, 2.692)",0.01464887316666667,2.692
"[2.692, 2.693)",0.05253822951612904,2.693
"[2.693, 2.694)",0.019574427269772723,2.694
"[2.694, 2.695)",0.024757823264285713,2.695
"[2.695, 2.696)",0.03250693220689656,2.696
"[2.696, 2.697)",0.02726755113636364,2.697
"[2.697, 2.698)",0.02382665634146341,2.698
"[2.698, 2.699)",0.031407624663999996,2.699
"[2.699, 2.7)",0.02362550014324324,2.7
"[2.7, 2.701)",0.03622250222745099,2.701
"[2.701, 2.702)",0.02395679942424242,2.702
"[2.702, 2.703)",0.013440016070588241,2.703
"[2.703, 2.704)",0.04458471195526315,2.704
"[2.704, 2.705)",0.01812476287096774,2.705
"[2.705, 2.706)",0.023510920725000002,2.706
"[2.706, 2.707)",0.025647549819999997,2.707
"[2.707, 2.708)",0.07782023198125002,2.708
"[2.708, 2.709)",0.03169996614285714,2.709
"[2.709, 2.71)",0.032732805049999994,2.71
"[2.71, 2.711)",0.02238236858139534,2.711
"[2.711, 2.712)",0.023830023378378373,2.712
"[2.712, 2.713)",0.04675626934210527,2.713
"[2.713, 2.714)",0.036746905230769226,2.714
"[2.714, 2.715)",0.030257038815789474,2.715
"[2.715, 2.716)",0.02651291413872341,2.716
"[2.716, 2.717)",0.033950870120000004,2.717
"[2.717, 2.718)",0.05830143611904766,2.718
"[2.718, 2.719)",0.01522626967647059,2.719
"[2.719, 2.72)",0.02083446954999999,2.72
"[2.72, 2.721)",0.01799669576304348,2.721
"[2.721, 2.722)",0.019016758453846157,2.722
"[2.722, 2.723)",0.039580332484848484,2.723
"[2.723, 2.724)",0.032946748490909096,2.724
"[2.724, 2.725)",0.019094349422222223,2.725
"[2.725, 2.726)",0.04842476262162162,2.726
"[2.726, 2.727)",0.018405983744186043,2.727
"[2.727, 2.728)",0.02187943954761904,2.728
"[2.728, 2.729)",0.01815352957777777,2.729
"[2.729, 2.73)",0.025826395388888885,2.73
"[2.73, 2.731)",0.012547477906818184,2.731
"[2.731, 2.732)",0.021776551666666664,2.732
"[2.732, 2.733)",0.020721324148936168,2.733
"[2.733, 2.734)",0.048166837137931046,2.734
"[2.734, 2.735)",0.026151072410714286,2.735
"[2.735, 2.736)",0.05720199431666668,2.736
"[2.736, 2.737)",0.06556594780000002,2.737
"[2.737, 2.738)",0.013258048066666668,2.738
"[2.738, 2.739)",0.024871722718749992,2.739
"[2.739, 2.74)",0.011949082558620691,2.74
"[2.74, 2.741)",0.014516267885714293,2.741
"[2.741, 2.742)",0.01361082803125,2.742
"[2.742, 2.743)",0.030004230411052626,2.743
"[2.743, 2.744)",0.021076193312500005,2.744
"[2.744, 2.745)",0.019560436706382973,2.745
"[2.745, 2.746)",0.013784173454838714,2.746
"[2.746, 2.747)",0.009677365625000002,2.747
"[2.747, 2.748)",0.03596683683111111,2.748
"[2.748, 2.749)",0.018910372113207556,2.749
"[2.749, 2.75)",0.015273930075,2.75
"[2.75, 2.751)",0.018611404478260866,2.751
"[2.751, 2.7520000000000002)",0.03568331081086957,2.752
"[2.7520000000000002, 2.753)",0.04988617868421054,2.753
"[2.753, 2.754)",0.013586301555555553,2.754
"[2.754, 2.755)",0.019275544571794867,2.755
"[2.755, 2.7560000000000002)",0.019976494951111104,2.756
"[2.7560000000000002, 2.757)",0.05821587799999999,2.757
"[2.757, 2.758)",0.056318181333333314,2.758
"[2.758, 2.759)",0.03337408960606061,2.759
"[2.759, 2.7600000000000002)",0.029722418852941166,2.76
"[2.7600000000000002, 2.761)",0.023947950837837836,2.761
"[2.761, 2.762)",0.044079816511627914,2.762
"[2.762, 2.763)",0.020658796139534873,2.763
"[2.763, 2.7640000000000002)",0.027163339365957447,2.764
"[2.7640000000000002, 2.765)",0.029772491829999997,2.765
"[2.765, 2.766)",0.022003493830952375,2.766
"[2.766, 2.767)",0.022791538276086955,2.767
"[2.767, 2.7680000000000002)",0.015089559787096776,2.768
"[2.7680000000000002, 2.769)",0.03193846838913044,2.769
"[2.769, 2.77)",0.017131374213207547,2.77
"[2.77, 2.771)",0.03272266637209303,2.771
"[2.771, 2.7720000000000002)",0.024654400151515148,2.772
"[2.7720000000000002, 2.773)",0.03816957180487805,2.773
"[2.773, 2.774)",0.031631968815789474,2.774
"[2.774, 2.775)",0.041446123000000015,2.775
"[2.775, 2.7760000000000002)",0.038572441555555566,2.776
"[2.7760000000000002, 2.777)",0.029569237975555565,2.777
"[2.777, 2.778)",0.029976539800000004,2.778
"[2.778, 2.779)",0.03498055147826089,2.779
"[2.779, 2.7800000000000002)",0.019915583022727272,2.78
"[2.7800000000000002, 2.781)",0.02585298828333334,2.781
"[2.781, 2.782)",0.025325152480769227,2.782
"[2.782, 2.783)",0.032421716979166675,2.783
"[2.783, 2.7840000000000003)",0.025665271133333327,2.784
"[2.7840000000000003, 2.785)",0.015894970000000005,2.785
"[2.785, 2.786)",0.050960593125531924,2.786
"[2.786, 2.787)",0.045974249837837836,2.787
"[2.787, 2.7880000000000003)",0.04795930869583336,2.788
"[2.7880000000000003, 2.789)",0.02791202332786886,2.789
"[2.789, 2.79)",0.052742791000000004,2.79
"[2.79, 2.791)",0.045297896526315794,2.791
"[2.791, 2.7920000000000003)",0.019803427151351354,2.792
"[2.7920000000000003, 2.793)",0.027373513489795928,2.793
"[2.793, 2.794)",0.04197384993181819,2.794
"[2.794, 2.795)",0.037874863644444444,2.795
"[2.795, 2.7960000000000003)",0.04859589671794872,2.796
"[2.7960000000000003, 2.797)",0.015794623136363636,2.797
"[2.797, 2.798)",0.01619927548,2.798
"[2.798, 2.799)",0.016802865145454544,2.799
"[2.799, 2.8000000000000003)",0.03566765720408164,2.8
"[2.8000000000000003, 2.801)",0.021500552849999997,2.801
"[2.801, 2.802)",0.01732862364102564,2.802
"[2.802, 2.803)",0.0201027030625,2.803
"[2.803, 2.8040000000000003)",0.0209881974,2.804
"[2.8040000000000003, 2.805)",0.0333955709,2.805
"[2.805, 2.806)",0.04323372147826088,2.806
"[2.806, 2.807)",0.02907186192272727,2.807
"[2.807, 2.8080000000000003)",0.03635644100000002,2.808
"[2.8080000000000003, 2.809)",0.02830426216279069,2.809
"[2.809, 2.81)",0.02679737071777778,2.81
"[2.81, 2.811)",0.018100796075,2.811
"[2.811, 2.8120000000000003)",0.022954947812499998,2.812
"[2.8120000000000003, 2.813)",0.03201677593617022,2.813
"[2.813, 2.814)",0.036904805600000014,2.814
"[2.814, 2.815)",0.02241659997727272,2.815
"[2.815, 2.816)",0.022605296414634143,2.816
"[2.816, 2.817)",0.03032806011627907,2.817
"[2.817, 2.818)",0.04011459308571429,2.818
"[2.818, 2.819)",0.021888209229999997,2.819
"[2.819, 2.82)",0.020683177096226413,2.82
"[2.82, 2.821)",0.020551021865306118,2.821
"[2.821, 2.822)",0.03670581332258064,2.822
"[2.822, 2.823)",0.03202353026923078,2.823
"[2.823, 2.824)",0.027928679259999995,2.824
"[2.824, 2.825)",0.033291219823809545,2.825
"[2.825, 2.826)",0.010351762468750003,2.826
"[2.826, 2.827)",0.017111188496875,2.827
"[2.827, 2.828)",0.02084075095652174,2.828
"[2.828, 2.829)",0.036757297518181825,2.829
"[2.829, 2.83)",0.03898044025000001,2.83
"[2.83, 2.831)",0.014037187173913045,2.831
"[2.831, 2.832)",0.024673116958333324,2.832
"[2.832, 2.833)",0.032790533775862066,2.833
"[2.833, 2.834)",0.026469393609756104,2.834
"[2.834, 2.835)",0.043707069031250004,2.835
"[2.835, 2.836)",0.023914855045454545,2.836
"[2.836, 2.837)",0.0402966954764706,2.837
"[2.837, 2.838)",0.027710679930232567,2.838
"[2.838, 2.839)",0.022561591606060607,2.839
"[2.839, 2.84)",0.02571538941666666,2.84
"[2.84, 2.841)",0.06348170840285715,2.841
"[2.841, 2.842)",0.022883092371739133,2.842
"[2.842, 2.843)",0.01062380403703704,2.843
"[2.843, 2.844)",0.008261610822222225,2.844
"[2.844, 2.845)",0.02747247603666667,2.845
"[2.845, 2.846)",0.05727589866363635,2.846
"[2.846, 2.847)",0.01304933923076923,2.847
"[2.847, 2.848)",0.032863753421052626,2.848
"[2.848, 2.849)",0.022172404330555555,2.849
"[2.849, 2.85)",0.029141580393939392,2.85
"[2.85, 2.851)",0.026994730028571428,2.851
"[2.851, 2.852)",0.026651376500000004,2.852
"[2.852, 2.853)",0.019597496491666665,2.853
"[2.853, 2.854)",0.022131081529411768,2.854
"[2.854, 2.855)",0.01721702981818182,2.855
"[2.855, 2.856)",0.03802701943428573,2.856
"[2.856, 2.857)",0.017337194891891894,2.857
"[2.857, 2.858)",0.03457139013513513,2.858
"[2.858, 2.859)",0.015837119293548387,2.859
"[2.859, 2.86)",0.016088995324324326,2.86
"[2.86, 2.861)",0.03128324600000001,2.861
"[2.861, 2.862)",0.023863700048780488,2.862
"[2.862, 2.863)",0.026650752484848484,2.863
"[2.863, 2.864)",0.02948357563333334,2.864
"[2.864, 2.865)",0.023389355527777777,2.865
"[2.865, 2.866)",0.016569540815789475,2.866
"[2.866, 2.867)",0.010031478909090908,2.867
"[2.867, 2.868)",0.04750502976578948,2.868
"[2.868, 2.869)",0.05501652380000001,2.869
"[2.869, 2.87)",0.03201293828571428,2.87
"[2.87, 2.871)",0.04874771762857144,2.871
"[2.871, 2.872)",0.016965647357142854,2.872
"[2.872, 2.873)",0.01821980474444445,2.873
"[2.873, 2.874)",0.030931024568181812,2.874
"[2.874, 2.875)",0.05150781566666667,2.875
"[2.875, 2.876)",0.023612451914615376,2.876
"[2.876, 2.8770000000000002)",0.02161951015624999,2.877
"[2.8770000000000002, 2.878)",0.012058394410344828,2.878
"[2.878, 2.879)",0.025452488069767437,2.879
"[2.879, 2.88)",0.015435311999999998,2.88
"[2.88, 2.8810000000000002)",0.018251811344827583,2.881
"[2.8810000000000002, 2.882)",0.023694210441176464,2.882
"[2.882, 2.883)",0.012682514461538463,2.883
"[2.883, 2.884)",0.024286302066666664,2.884
"[2.884, 2.8850000000000002)",0.020454399562162162,2.885
"[2.8850000000000002, 2.886)",0.03404980436571429,2.886
"[2.886, 2.887)",0.07977238553333334,2.887
"[2.887, 2.888)",0.010576630364000002,2.888
"[2.888, 2.8890000000000002)",0.015576468624324318,2.889
"[2.8890000000000002, 2.89)",0.017098357666666668,2.89
"[2.89, 2.891)",0.035977110784074076,2.891
"[2.891, 2.892)",0.029125886034285717,2.892
"[2.892, 2.8930000000000002)",0.023790158117647058,2.893
"[2.8930000000000002, 2.894)",0.019681400700000004,2.894
"[2.894, 2.895)",0.021068322428571432,2.895
"[2.895, 2.896)",0.0168798422962963,2.896
"[2.896, 2.8970000000000002)",0.011847585418604652,2.897
"[2.8970000000000002, 2.898)",0.03401172141666667,2.898
"[2.898, 2.899)",0.009526550927333333,2.899
"[2.899, 2.9)",0.04540556507142858,2.9
"[2.9, 2.9010000000000002)",0.029024113679310334,2.901
"[2.9010000000000002, 2.902)",0.01609730697857143,2.902
"[2.902, 2.903)",0.021034256527777778,2.903
"[2.903, 2.904)",0.033843132750000005,2.904
"[2.904, 2.9050000000000002)",0.010489780904761903,2.905
"[2.9050000000000002, 2.906)",0.029412197065957452,2.906
"[2.906, 2.907)",0.0389786121935484,2.907
"[2.907, 2.908)",0.07055237267906975,2.908
"[2.908, 2.9090000000000003)",0.023830633048780483,2.909
"[2.9090000000000003, 2.91)",0.04081833635882355,2.91
"[2.91, 2.911)",0.045153008825,2.911
"[2.911, 2.912)",0.0272560831117647,2.912
"[2.912, 2.9130000000000003)",0.03712181085000003,2.913
"[2.9130000000000003, 2.914)",0.030300013382352938,2.914
"[2.914, 2.915)",0.018383120037037043,2.915
"[2.915, 2.916)",0.017699827499999994,2.916
"[2.916, 2.9170000000000003)",0.028927857999999994,2.917
"[2.9170000000000003, 2.918)",0.09290775299583333,2.918
"[2.918, 2.919)",0.0334820477878788,2.919
"[2.919, 2.92)",0.02895588631707318,2.92
"[2.92, 2.9210000000000003)",0.0401676414897436,2.921
"[2.9210000000000003, 2.922)",0.02400923783333333,2.922
"[2.922, 2.923)",0.01920860150666667,2.923
"[2.923, 2.924)",0.0516569416451613,2.924
"[2.924, 2.9250000000000003)",0.02214432425,2.925
"[2.9250000000000003, 2.926)",0.034528411896551724,2.926
"[2.926, 2.927)",0.029105856478260868,2.927
"[2.927, 2.928)",0.014080384999999999,2.928
"[2.928, 2.9290000000000003)",0.025097877624999997,2.929
"[2.9290000000000003, 2.93)",0.02972639934074073,2.93
"[2.93, 2.931)",0.02018171623529412,2.931
"[2.931, 2.932)",0.021962559160000002,2.932
"[2.932, 2.9330000000000003)",0.039265094913043475,2.933
"[2.9330000000000003, 2.934)",0.02389670244444444,2.934
"[2.934, 2.935)",0.01951557904347826,2.935
"[2.935, 2.936)",0.031104754312499993,2.936
"[2.936, 2.9370000000000003)",0.009695010615384617,2.937
"[2.9370000000000003, 2.938)",0.043195868827586206,2.938
"[2.938, 2.939)",0.04807718805263157,2.939
"[2.939, 2.94)",0.04254576600967743,2.94
"[2.94, 2.9410000000000003)",0.013085930708333334,2.941
"[2.9410000000000003, 2.942)",0.015129256773076928,2.942
"[2.942, 2.943)",0.015094335312500002,2.943
"[2.943, 2.944)",0.01187678776666667,2.944
"[2.944, 2.945)",0.05335788236400002,2.945
"[2.945, 2.946)",0.06234759306249999,2.946
"[2.946, 2.947)",0.009880782146666671,2.947
"[2.947, 2.948)",0.02847677993333332,2.948
"[2.948, 2.949)",0.025553550649999996,2.949
"[2.949, 2.95)",0.02911064764090909,2.95
"[2.95, 2.951)",0.018041269520000004,2.951
"[2.951, 2.952)",0.018486204228571432,2.952
"[2.952, 2.953)",0.021632936281249997,2.953
"[2.953, 2.954)",0.04338899069565218,2.954
"[2.954, 2.955)",0.01751556376000001,2.955
"[2.955, 2.956)",0.049815612892857165,2.956
"[2.956, 2.957)",0.07268289463999998,2.957
"[2.957, 2.958)",0.029790668041666666,2.958
"[2.958, 2.959)",0.03723719028,2.959
"[2.959, 2.96)",0.028052840145714283,2.96
"[2.96, 2.961)",0.03914824400000001,2.961
"[2.961, 2.962)",0.025532177836666663,2.962
"[2.962, 2.963)",0.05969780530434783,2.963
"[2.963, 2.964)",0.057903592185185176,2.964
"[2.964, 2.965)",0.12789266863157894,2.965
"[2.965, 2.966)",0.01286223443478261,2.966
"[2.966, 2.967)",0.08263453095238096,2.967
"[2.967, 2.968)",0.040361464518518506,2.968
"[2.968, 2.969)",0.017713650965,2.969
"[2.969, 2.97)",0.018993349034482767,2.97
"[2.97, 2.971)",0.019887137093939397,2.971
"[2.971, 2.972)",0.02598237529411765,2.972
"[2.972, 2.973)",0.0167990122,2.973
"[2.973, 2.974)",0.031906966553846144,2.974
"[2.974, 2.975)",0.018609482952380952,2.975
"[2.975, 2.976)",0.035483695863636366,2.976
"[2.976, 2.977)",0.026393492031999997,2.977
"[2.977, 2.978)",0.020682740888888888,2.978
"[2.978, 2.979)",0.07044456670833332,2.979
"[2.979, 2.98)",0.017620072944827585,2.98
"[2.98, 2.981)",0.022591079448275864,2.981
"[2.981, 2.982)",0.015436665403225807,2.982
"[2.982, 2.983)",0.03575245273684209,2.983
"[2.983, 2.984)",0.0398901916875,2.984
"[2.984, 2.985)",0.018922887500000003,2.985
"[2.985, 2.986)",0.0270421198,2.986
"[2.986, 2.987)",0.035692470423076925,2.987
"[2.987, 2.988)",0.018752714698695654,2.988
"[2.988, 2.989)",0.023479833796,2.989
"[2.989, 2.99)",0.028851637914285716,2.99
"[2.99, 2.991)",0.0196389252862069,2.991
"[2.991, 2.992)",0.015273589789473685,2.992
"[2.992, 2.993)",0.015494099838709682,2.993
"[2.993, 2.994)",0.042272128111111126,2.994
"[2.994, 2.995)",0.03321758028928571,2.995
"[2.995, 2.996)",0.05517904041379309,2.996
"[2.996, 2.997)",0.018156218280000004,2.997
"[2.997, 2.998)",0.029772078424242416,2.998
"[2.998, 2.999)",0.03726803557692307,2.999
"[2.999, 3.0)",0.02394266354166667,3.0
"[3.0, 3.001)",0.016326322739130438,3.001
"[3.001, 3.0020000000000002)",0.013077749034482758,3.002
"[3.0020000000000002, 3.003)",0.025615066083333336,3.003
"[3.003, 3.004)",0.026481449833333334,3.004
"[3.004, 3.005)",0.02029924069565217,3.005
"[3.005, 3.0060000000000002)",0.024344725249999994,3.006
"[3.0060000000000002, 3.007)",0.03147795405128206,3.007
"[3.007, 3.008)",0.022352554888888883,3.008
"[3.008, 3.009)",0.015958899310344832,3.009
"[3.009, 3.0100000000000002)",0.020285479374074076,3.01
"[3.0100000000000002, 3.011)",0.04882848538095237,3.011
"[3.011, 3.012)",0.019185049851851852,3.012
"[3.012, 3.013)",0.05352378150416667,3.013
"[3.013, 3.0140000000000002)",0.02481226310526316,3.014
"[3.0140000000000002, 3.015)",0.028726524794117653,3.015
"[3.015, 3.016)",0.014380709109090915,3.016
"[3.016, 3.017)",0.029908802228125003,3.017
"[3.017, 3.0180000000000002)",0.034874265399999986,3.018
"[3.0180000000000002, 3.019)",0.03077650553157895,3.019
"[3.019, 3.02)",0.016558420678571432,3.02
"[3.02, 3.021)",0.042129946870967744,3.021
"[3.021, 3.0220000000000002)",0.013655401444444444,3.022
"[3.0220000000000002, 3.023)",0.0321688182962963,3.023
"[3.023, 3.024)",0.01757294018518519,3.024
"[3.024, 3.025)",0.024715444149999995,3.025
"[3.025, 3.0260000000000002)",0.019744386274999998,3.026
"[3.0260000000000002, 3.027)",0.012824801521739131,3.027
"[3.027, 3.028)",0.05768909366666666,3.028
"[3.028, 3.029)",0.023176961964000004,3.029
"[3.029, 3.0300000000000002)",0.06195160366666666,3.03
"[3.0300000000000002, 3.031)",0.033495820440000004,3.031
"[3.031, 3.032)",0.014573051640000001,3.032
"[3.032, 3.033)",0.01859375960714286,3.033
"[3.033, 3.0340000000000003)",0.021943767793103443,3.034
"[3.0340000000000003, 3.035)",0.015409015263157893,3.035
"[3.035, 3.036)",0.01979581766666667,3.036
"[3.036, 3.037)",0.04380648100000001,3.037
"[3.037, 3.0380000000000003)",0.012417102749999999,3.038
"[3.0380000000000003, 3.039)",0.02143053121875,3.039
"[3.039, 3.04)",0.025738999588235296,3.04
"[3.04, 3.041)",0.040022172631578944,3.041
"[3.041, 3.0420000000000003)",0.01545783222222223,3.042
"[3.0420000000000003, 3.043)",0.020945503400000003,3.043
"[3.043, 3.044)",0.016374844960000003,3.044
"[3.044, 3.045)",0.056351083454166666,3.045
"[3.045, 3.0460000000000003)",0.042211439666666656,3.046
"[3.0460000000000003, 3.047)",0.04723763209090908,3.047
"[3.047, 3.048)",0.011961046840909094,3.048
"[3.048, 3.049)",0.01779277726923077,3.049
"[3.049, 3.0500000000000003)",0.04459373978571428,3.05
"[3.0500000000000003, 3.051)",0.029707483631578952,3.051
"[3.051, 3.052)",0.01947742747222223,3.052
"[3.052, 3.053)",0.03722424053703704,3.053
"[3.053, 3.0540000000000003)",0.011715504395000003,3.054
"[3.0540000000000003, 3.055)",0.007264786384615386,3.055
"[3.055, 3.056)",0.006278337166666666,3.056
"[3.056, 3.057)",0.010814977408000003,3.057
"[3.057, 3.0580000000000003)",0.00963942094736842,3.058
"[3.0580000000000003, 3.059)",0.0254119485,3.059
"[3.059, 3.06)",0.014808668399999999,3.06
"[3.06, 3.061)",0.056998163123529406,3.061
"[3.061, 3.0620000000000003)",0.021834451066666666,3.062
"[3.0620000000000003, 3.063)",0.061245557560869544,3.063
"[3.063, 3.064)",0.026247375052631576,3.064
"[3.064, 3.065)",0.020266093687500004,3.065
"[3.065, 3.0660000000000003)",0.035008675749999996,3.066
"[3.0660000000000003, 3.067)",0.01572582447391305,3.067
"[3.067, 3.068)",0.026556245625,3.068
"[3.068, 3.069)",0.016366213086956526,3.069
"[3.069, 3.0700000000000003)",0.011127970769230769,3.07
"[3.0700000000000003, 3.071)",0.028429651117647066,3.071
"[3.071, 3.072)",0.01865601340909091,3.072
"[3.072, 3.073)",0.014868959764705883,3.073
"[3.073, 3.074)",0.01084561065,3.074
"[3.074, 3.075)",0.09754021184210526,3.075
"[3.075, 3.076)",0.01090874215,3.076
"[3.076, 3.077)",0.035793156124999996,3.077
"[3.077, 3.078)",0.03536906416666667,3.078
"[3.078, 3.079)",0.020669987333333337,3.079
"[3.079, 3.08)",0.017987256084615384,3.08
"[3.08, 3.081)",0.015403375263157895,3.081
"[3.081, 3.082)",0.017561960230769228,3.082
"[3.082, 3.083)",0.014862175428571428,3.083
"[3.083, 3.084)",0.025566965,3.084
"[3.084, 3.085)",0.03723510308,3.085
"[3.085, 3.086)",0.07187396519047617,3.086
"[3.086, 3.087)",0.03062035376470589,3.087
"[3.087, 3.088)",0.025810631428571422,3.088
"[3.088, 3.089)",0.029095944157894744,3.089
"[3.089, 3.09)",0.004302072722222222,3.09
"[3.09, 3.091)",0.01615973287142857,3.091
"[3.091, 3.092)",0.0737975225,3.092
"[3.092, 3.093)",0.016578239875,3.093
"[3.093, 3.094)",0.01637986079166667,3.094
"[3.094, 3.095)",0.03735786999999999,3.095
"[3.095, 3.096)",0.02125381807692308,3.096
"[3.096, 3.097)",0.014113075374999999,3.097
"[3.097, 3.098)",0.01861287666666667,3.098
"[3.098, 3.099)",0.04690722527777777,3.099
"[3.099, 3.1)",0.010342054083333335,3.1
"[3.1, 3.101)",0.02317095210526316,3.101
"[3.101, 3.102)",0.0692814487826087,3.102
"[3.102, 3.103)",0.04871381914285714,3.103
"[3.103, 3.104)",0.030852043204999995,3.104
"[3.104, 3.105)",0.029643614189473692,3.105
"[3.105, 3.106)",0.03143770805263158,3.106
"[3.106, 3.107)",0.017328638,3.107
"[3.107, 3.108)",0.029264739080952385,3.108
"[3.108, 3.109)",0.015413123692307693,3.109
"[3.109, 3.11)",0.039614703458333324,3.11
"[3.11, 3.111)",0.008047229042857143,3.111
"[3.111, 3.112)",0.02841255028571427,3.112
"[3.112, 3.113)",0.02364646478666667,3.113
"[3.113, 3.114)",0.059654133444444445,3.114
"[3.114, 3.115)",0.035112047449999996,3.115
"[3.115, 3.116)",0.049275902749999996,3.116
"[3.116, 3.117)",0.016788265665,3.117
"[3.117, 3.118)",0.03862646717647059,3.118
"[3.118, 3.119)",0.027226743895833332,3.119
"[3.119, 3.12)",0.015859518176470588,3.12
"[3.12, 3.121)",0.011388017866666666,3.121
"[3.121, 3.122)",0.0254100559090909,3.122
"[3.122, 3.123)",0.01720325641176471,3.123
"[3.123, 3.124)",0.024570777649999993,3.124
"[3.124, 3.125)",0.02656305573913044,3.125
"[3.125, 3.126)",0.01290985025,3.126
"[3.126, 3.1270000000000002)",0.07437631605555556,3.127
"[3.1270000000000002, 3.128)",0.015926452549999998,3.128
"[3.128, 3.129)",0.08802843863157896,3.129
"[3.129, 3.13)",0.04938191338888888,3.13
"[3.13, 3.1310000000000002)",0.016463060086956523,3.131
"[3.1310000000000002, 3.132)",0.011421200599999999,3.132
"[3.132, 3.133)",0.02374842900000001,3.133
"[3.133, 3.134)",0.0077682204444444415,3.134
"[3.134, 3.1350000000000002)",0.022999912941176474,3.135
"[3.1350000000000002, 3.136)",0.014363130103448278,3.136
"[3.136, 3.137)",0.013707014440000005,3.137
"[3.137, 3.138)",0.032741123768421046,3.138
"[3.138, 3.1390000000000002)",0.014284126782608694,3.139
"[3.1390000000000002, 3.14)",0.020918577307692306,3.14
"[3.14, 3.141)",0.030597191722222233,3.141
"[3.141, 3.142)",0.02124290533125001,3.142
"[3.142, 3.1430000000000002)",0.07753764704166667,3.143
"[3.1430000000000002, 3.144)",0.03279225878260869,3.144
"[3.144, 3.145)",0.020930738732352933,3.145
"[3.145, 3.146)",0.018706609307692308,3.146
"[3.146, 3.1470000000000002)",0.021262336666666673,3.147
"[3.1470000000000002, 3.148)",0.033042173470588236,3.148
"[3.148, 3.149)",0.03777996092857143,3.149
"[3.149, 3.15)",0.026876066916666663,3.15
"[3.15, 3.1510000000000002)",0.052712001888888915,3.151
"[3.1510000000000002, 3.152)",0.013098098624999999,3.152
"[3.152, 3.153)",0.013458509333333337,3.153
"[3.153, 3.154)",0.017926355677419358,3.154
"[3.154, 3.1550000000000002)",0.019513234765,3.155
"[3.1550000000000002, 3.156)",0.04453747330434783,3.156
"[3.156, 3.157)",0.05775725840000002,3.157
"[3.157, 3.158)",0.04303533168421051,3.158
"[3.158, 3.1590000000000003)",0.0075733283125000005,3.159
"[3.1590000000000003, 3.16)",0.012427597888888888,3.16
"[3.16, 3.161)",0.013773039608695655,3.161
"[3.161, 3.162)",0.029163936720000005,3.162
"[3.162, 3.1630000000000003)",0.017087264246086954,3.163
"[3.1630000000000003, 3.164)",0.017114800869230767,3.164
"[3.164, 3.165)",0.042856321375,3.165
"[3.165, 3.166)",0.006484260318181819,3.166
"[3.166, 3.1670000000000003)",0.015864495663636367,3.167
"[3.1670000000000003, 3.168)",0.03714874816499999,3.168
"[3.168, 3.169)",0.011498585098421053,3.169
"[3.169, 3.17)",0.017182278294117646,3.17
"[3.17, 3.1710000000000003)",0.02101484608333334,3.171
"[3.1710000000000003, 3.172)",0.017477084883333337,3.172
"[3.172, 3.173)",0.016785107227272732,3.173
"[3.173, 3.174)",0.029927545115000002,3.174
"[3.174, 3.1750000000000003)",0.01817140366666667,3.175
"[3.1750000000000003, 3.176)",0.018977028833333333,3.176
"[3.176, 3.177)",0.022672023727272728,3.177
"[3.177, 3.178)",0.04625297000000001,3.178
"[3.178, 3.1790000000000003)",0.007490699116666666,3.179
"[3.1790000000000003, 3.18)",0.028443728421052628,3.18
"[3.18, 3.181)",0.02240335047368421,3.181
"[3.181, 3.182)",0.020972210714285715,3.182
"[3.182, 3.1830000000000003)",0.025797873047619047,3.183
"[3.1830000000000003, 3.184)",0.01153222009090909,3.184
"[3.184, 3.185)",0.022988951584,3.185
"[3.185, 3.186)",0.03248334113636363,3.186
"[3.186, 3.1870000000000003)",0.06995353305000002,3.187
"[3.1870000000000003, 3.188)",0.057447811230769225,3.188
"[3.188, 3.189)",0.04205297905263158,3.189
"[3.189, 3.19)",0.02545283666,3.19
"[3.19, 3.1910000000000003)",0.0848167034863158,3.191
"[3.1910000000000003, 3.192)",0.022381760318181818,3.192
"[3.192, 3.193)",0.01636828946153846,3.193
"[3.193, 3.194)",0.021918383583333326,3.194
"[3.194, 3.1950000000000003)",0.02894905576523809,3.195
"[3.1950000000000003, 3.196)",0.024877940428571433,3.196
"[3.196, 3.197)",0.08454322831578948,3.197
"[3.197, 3.198)",0.056013191428571425,3.198
"[3.198, 3.1990000000000003)",0.04106351433333333,3.199
"[3.1990000000000003, 3.2)",0.03278708895238095,3.2
"[3.2, 3.201)",0.02799588888888889,3.201
"[3.201, 3.202)",0.03147597365000001,3.202
"[3.202, 3.203)",0.05637111849999999,3.203
"[3.203, 3.204)",0.010342730950000002,3.204
"[3.204, 3.205)",0.048023423294117656,3.205
"[3.205, 3.206)",0.02700997717647059,3.206
"[3.206, 3.207)",0.1280124878888889,3.207
"[3.207, 3.208)",0.05893042157142857,3.208
"[3.208, 3.209)",0.04722235965217392,3.209
"[3.209, 3.21)",0.026313551625,3.21
"[3.21, 3.211)",0.02842050678571429,3.211
"[3.211, 3.212)",0.04808466162499999,3.212
"[3.212, 3.213)",0.013691497614285713,3.213
"[3.213, 3.214)",0.018184184125000002,3.214
"[3.214, 3.215)",0.020746575066666665,3.215
"[3.215, 3.216)",0.004205190499999999,3.216
"[3.216, 3.217)",0.017391285523809523,3.217
"[3.217, 3.218)",0.0197867429,3.218
"[3.218, 3.219)",0.011256990272727273,3.219
"[3.219, 3.22)",0.01936422957894737,3.22
"[3.22, 3.221)",0.008663734336363636,3.221
"[3.221, 3.222)",0.012221639227272728,3.222
"[3.222, 3.223)",0.026655656375000003,3.223
"[3.223, 3.224)",0.008929156857142859,3.224
"[3.224, 3.225)",0.0870864605882353,3.225
"[3.225, 3.226)",0.027246237599999994,3.226
"[3.226, 3.227)",0.017771870000000002,3.227
"[3.227, 3.228)",0.053175313899999986,3.228
"[3.228, 3.229)",0.007484930769230769,3.229
"[3.229, 3.23)",0.01157680265,3.23
"[3.23, 3.231)",0.01577633915384615,3.231
"[3.231, 3.232)",0.1231459646,3.232
"[3.232, 3.233)",0.017034893,3.233
"[3.233, 3.234)",0.0389473494,3.234
"[3.234, 3.235)",0.03182899068181818,3.235
"[3.235, 3.236)",0.013887883066666665,3.236
"[3.236, 3.237)",0.05479268146153845,3.237
"[3.237, 3.238)",0.07701941355555555,3.238
"[3.238, 3.239)",0.052731255464285705,3.239
"[3.239, 3.24)",0.039260570533333324,3.24
"[3.24, 3.241)",0.017888047571428572,3.241
"[3.241, 3.242)",0.013400721461538461,3.242
"[3.242, 3.243)",0.030638307285714282,3.243
"[3.243, 3.244)",0.02210764818666667,3.244
"[3.244, 3.245)",0.03268440222222222,3.245
"[3.245, 3.246)",0.0297080254117647,3.246
"[3.246, 3.247)",0.03936036283333333,3.247
"[3.247, 3.248)",0.023714622625000004,3.248
"[3.248, 3.249)",0.038632108529411756,3.249
"[3.249, 3.25)",0.019050959111111113,3.25
"[3.25, 3.251)",0.008001990833333333,3.251
"[3.251, 3.2520000000000002)",0.02339085128571429,3.252
"[3.2520000000000002, 3.253)",0.0236998093125,3.253
"[3.253, 3.254)",0.1026036878,3.254
"[3.254, 3.255)",0.015097109944444445,3.255
"[3.255, 3.2560000000000002)",0.03977439833333333,3.256
"[3.2560000000000002, 3.257)",0.020227369228571428,3.257
"[3.257, 3.258)",0.018053450320000004,3.258
"[3.258, 3.259)",0.10139820715384616,3.259
"[3.259, 3.2600000000000002)",0.019604343473684217,3.26
"[3.2600000000000002, 3.261)",0.027182246923076928,3.261
"[3.261, 3.262)",0.04252909253846154,3.262
"[3.262, 3.263)",0.018144881571428576,3.263
"[3.263, 3.2640000000000002)",0.017611665058823528,3.264
"[3.2640000000000002, 3.265)",0.015531302699999996,3.265
"[3.265, 3.266)",0.0457383975,3.266
"[3.266, 3.267)",0.025047685625000003,3.267
"[3.267, 3.2680000000000002)",0.04412203035714285,3.268
"[3.2680000000000002, 3.269)",0.014147900333333331,3.269
"[3.269, 3.27)",0.020427369,3.27
"[3.27, 3.271)",0.015324341809523814,3.271
"[3.271, 3.2720000000000002)",0.015411959666666664,3.272
"[3.2720000000000002, 3.273)",0.012430919066666667,3.273
"[3.273, 3.274)",0.014208520800000003,3.274
"[3.274, 3.275)",0.025972248956521737,3.275
"[3.275, 3.2760000000000002)",0.0321040623,3.276
"[3.2760000000000002, 3.277)",0.011255247110000002,3.277
"[3.277, 3.278)",0.007526110300000001,3.278
"[3.278, 3.279)",0.018734547416666667,3.279
"[3.279, 3.2800000000000002)",0.018664826647058822,3.28
"[3.2800000000000002, 3.281)",0.022747409250000003,3.281
"[3.281, 3.282)",0.06933712566666668,3.282
"[3.282, 3.283)",0.021453045454545454,3.283
"[3.283, 3.2840000000000003)",0.0101759071875,3.284
"[3.2840000000000003, 3.285)",0.01765876894736842,3.285
"[3.285, 3.286)",0.02747137175,3.286
"[3.286, 3.287)",0.0206570151875,3.287
"[3.287, 3.2880000000000003)",0.0072455673749999994,3.288
"[3.2880000000000003, 3.289)",0.012803634821428574,3.289
"[3.289, 3.29)",0.007327262857142858,3.29
"[3.29, 3.291)",0.021082351608695656,3.291
"[3.291, 3.2920000000000003)",0.02048048164,3.292
"[3.2920000000000003, 3.293)",0.023693489944444455,3.293
"[3.293, 3.294)",0.013431173624999999,3.294
"[3.294, 3.295)",0.021739264615384616,3.295
"[3.295, 3.2960000000000003)",0.02008134384615385,3.296
"[3.2960000000000003, 3.297)",0.028592034695652177,3.297
"[3.297, 3.298)",0.021279646437500004,3.298
"[3.298, 3.299)",0.0260265414,3.299
"[3.299, 3.3000000000000003)",0.029209687126315786,3.3
"[3.3000000000000003, 3.301)",0.04122951624,3.301
"[3.301, 3.302)",0.022836301014285715,3.302
"[3.302, 3.303)",0.025964413558823535,3.303
"[3.303, 3.3040000000000003)",0.008469736944444445,3.304
"[3.3040000000000003, 3.305)",0.03204122193448276,3.305
"[3.305, 3.306)",0.07133751713043479,3.306
"[3.306, 3.307)",0.012159224775,3.307
"[3.307, 3.3080000000000003)",0.022324157100000002,3.308
"[3.3080000000000003, 3.309)",0.028950045922727274,3.309
"[3.309, 3.31)",0.038758605195454536,3.31
"[3.31, 3.311)",0.018678846588235296,3.311
"[3.311, 3.3120000000000003)",0.012269127600000002,3.312
"[3.3120000000000003, 3.313)",0.0078708686875,3.313
"[3.313, 3.314)",0.02836435198947369,3.314
"[3.314, 3.315)",0.019343600116666672,3.315
"[3.315, 3.3160000000000003)",0.01706529727272727,3.316
"[3.3160000000000003, 3.317)",0.0342463622,3.317
"[3.317, 3.318)",0.06053773977727273,3.318
"[3.318, 3.319)",0.027821382947368425,3.319
"[3.319, 3.3200000000000003)",0.009723324181818182,3.32
"[3.3200000000000003, 3.321)",0.02006609040909091,3.321
"[3.321, 3.322)",0.07221853347058824,3.322
"[3.322, 3.323)",0.00687569252631579,3.323
"[3.323, 3.3240000000000003)",0.024202672105263164,3.324
"[3.3240000000000003, 3.325)",0.0061778961875,3.325
"[3.325, 3.326)",0.028782461375000006,3.326
"[3.326, 3.327)",0.05490532272222222,3.327
"[3.327, 3.3280000000000003)",0.05280600637499999,3.328
"[3.3280000000000003, 3.329)",0.020488642594444443,3.329
"[3.329, 3.33)",0.006745370374999998,3.33
"[3.33, 3.331)",0.014036592333333334,3.331
"[3.331, 3.332)",0.04864719776190476,3.332
"[3.332, 3.333)",0.023468127636363637,3.333
"[3.333, 3.334)",0.021049421906666668,3.334
"[3.334, 3.335)",0.04002081852380952,3.335
"[3.335, 3.336)",0.021221516600000004,3.336
"[3.336, 3.337)",0.0067990786875,3.337
"[3.337, 3.338)",0.07850708144444447,3.338
"[3.338, 3.339)",0.011468649736842106,3.339
"[3.339, 3.34)",0.030077272499999995,3.34
"[3.34, 3.341)",0.04320755989090908,3.341
"[3.341, 3.342)",0.015631157899999998,3.342
"[3.342, 3.343)",0.03847131153333334,3.343
"[3.343, 3.344)",0.011937336595454545,3.344
"[3.344, 3.345)",0.04655547796551726,3.345
"[3.345, 3.346)",0.03232347534761905,3.346
"[3.346, 3.347)",0.01599746461,3.347
"[3.347, 3.348)",0.02201666162962963,3.348
"[3.348, 3.349)",0.1239513475,3.349
"[3.349, 3.35)",0.014680906833333333,3.35
"[3.35, 3.351)",0.03965804816666666,3.351
"[3.351, 3.352)",0.004697077733333333,3.352
"[3.352, 3.353)",0.03593154080588235,3.353
"[3.353, 3.354)",0.010440149686666665,3.354
"[3.354, 3.355)",0.02281887109166667,3.355
"[3.355, 3.356)",0.014301369789473684,3.356
"[3.356, 3.357)",0.018880322875000004,3.357
"[3.357, 3.358)",0.0048979157,3.358
"[3.358, 3.359)",0.0065136651666666675,3.359
"[3.359, 3.36)",0.009933607722222224,3.36
"[3.36, 3.361)",0.02140765828571429,3.361
"[3.361, 3.362)",0.011828825588235295,3.362
"[3.362, 3.363)",0.02615371885,3.363
"[3.363, 3.364)",0.038774129058823534,3.364
"[3.364, 3.365)",0.0353681692,3.365
"[3.365, 3.366)",0.022017965294117644,3.366
"[3.366, 3.367)",0.017687210427272722,3.367
"[3.367, 3.368)",0.01796423292857143,3.368
"[3.368, 3.369)",0.01855710725,3.369
"[3.369, 3.37)",0.024352206500000004,3.37
"[3.37, 3.371)",0.03829074164705882,3.371
"[3.371, 3.372)",0.025397331000000006,3.372
"[3.372, 3.373)",0.008362244000000001,3.373
"[3.373, 3.374)",0.0834621139375,3.374
"[3.374, 3.375)",0.018146083444444447,3.375
"[3.375, 3.376)",0.014284462599999997,3.376
"[3.376, 3.3770000000000002)",0.012531042529411767,3.377
"[3.3770000000000002, 3.378)",0.030673774764705883,3.378
"[3.378, 3.379)",0.007438656133333335,3.379
"[3.379, 3.38)",0.006772700857142856,3.38
"[3.38, 3.3810000000000002)",0.01411423665,3.381
"[3.3810000000000002, 3.382)",0.012332045857142857,3.382
"[3.382, 3.383)",0.029648917500000007,3.383
"[3.383, 3.384)",0.01113602485,3.384
"[3.384, 3.3850000000000002)",0.0660715143125,3.385
"[3.3850000000000002, 3.386)",0.007348260900000002,3.386
"[3.386, 3.387)",0.018260428149999997,3.387
"[3.387, 3.388)",0.09537200366666666,3.388
"[3.388, 3.3890000000000002)",0.015862435166666668,3.389
"[3.3890000000000002, 3.39)",0.010983149686666667,3.39
"[3.39, 3.391)",0.018902581142857148,3.391
"[3.391, 3.392)",0.025859966615384613,3.392
"[3.392, 3.3930000000000002)",0.011245752100000003,3.393
"[3.3930000000000002, 3.394)",0.017846023733333334,3.394
"[3.394, 3.395)",0.013468594650000002,3.395
"[3.395, 3.396)",0.03836952724999999,3.396
"[3.396, 3.3970000000000002)",0.014830726277777777,3.397
"[3.3970000000000002, 3.398)",0.010824395124999999,3.398
"[3.398, 3.399)",0.08790552064705882,3.399
"[3.399, 3.4)",0.023567419368421057,3.4
"[3.4, 3.4010000000000002)",0.03823080461538462,3.401
"[3.4010000000000002, 3.402)",0.018924356416666666,3.402
"[3.402, 3.403)",0.013589691909090908,3.403
"[3.403, 3.404)",0.01401426475,3.404
"[3.404, 3.4050000000000002)",0.005568890714285715,3.405
"[3.4050000000000002, 3.406)",0.035400701769230776,3.406
"[3.406, 3.407)",0.026364185000000002,3.407
"[3.407, 3.408)",0.020249230999999996,3.408
"[3.408, 3.4090000000000003)",0.02338640346153846,3.409
"[3.4090000000000003, 3.41)",0.024277415384615385,3.41
"[3.41, 3.411)",0.03740456964285715,3.411
"[3.411, 3.412)",0.0908103203846154,3.412
"[3.412, 3.4130000000000003)",0.05517219741666666,3.413
"[3.4130000000000003, 3.414)",0.02666786376923077,3.414
"[3.414, 3.415)",0.05077444545454545,3.415
"[3.415, 3.416)",0.02352878872727273,3.416
"[3.416, 3.4170000000000003)",0.0071024246,3.417
"[3.4170000000000003, 3.418)",0.03694574236363635,3.418
"[3.418, 3.419)",0.10371870106666668,3.419
"[3.419, 3.42)",0.1149226832857143,3.42
"[3.42, 3.4210000000000003)",0.0177898875,3.421
"[3.4210000000000003, 3.422)",0.022579109999999996,3.422
"[3.422, 3.423)",0.014747402642857144,3.423
"[3.423, 3.424)",0.0054090106923076935,3.424
"[3.424, 3.4250000000000003)",0.03301309217857143,3.425
"[3.4250000000000003, 3.426)",0.03592130617777777,3.426
"[3.426, 3.427)",0.0081200858,3.427
"[3.427, 3.428)",0.07694327331250003,3.428
"[3.428, 3.4290000000000003)",0.012732982,3.429
"[3.4290000000000003, 3.43)",0.02654259681818182,3.43
"[3.43, 3.431)",0.0383165818,3.431
"[3.431, 3.432)",0.04687910123076922,3.432
"[3.432, 3.4330000000000003)",0.023792111733333333,3.433
"[3.4330000000000003, 3.434)",0.05408599993333332,3.434
"[3.434, 3.435)",0.008061248625,3.435
"[3.435, 3.436)",0.04733853614285712,3.436
"[3.436, 3.4370000000000003)",0.041244333785714286,3.437
"[3.4370000000000003, 3.438)",0.029521182785714285,3.438
"[3.438, 3.439)",0.026560974823529412,3.439
"[3.439, 3.44)",0.13345366825000005,3.44
"[3.44, 3.4410000000000003)",0.017455881818181817,3.441
"[3.4410000000000003, 3.442)",0.042034757874999995,3.442
"[3.442, 3.443)",0.013439603571428569,3.443
"[3.443, 3.444)",0.09776477429000001,3.444
"[3.444, 3.4450000000000003)",0.028077277833333334,3.445
"[3.4450000000000003, 3.446)",0.0178003361875,3.446
"[3.446, 3.447)",0.0516404685625,3.447
"[3.447, 3.448)",0.026214847875,3.448
"[3.448, 3.4490000000000003)",0.024207891083333336,3.449
"[3.4490000000000003, 3.45)",0.013374314474999998,3.45
"[3.45, 3.451)",0.019812582000000002,3.451
"[3.451, 3.452)",0.019670329999999996,3.452
"[3.452, 3.4530000000000003)",0.0178842214,3.453
"[3.4530000000000003, 3.454)",0.023491667545454543,3.454
"[3.454, 3.455)",0.01556713469230769,3.455
"[3.455, 3.456)",0.0224660420125,3.456
"[3.456, 3.457)",0.05828205344666667,3.457
"[3.457, 3.458)",0.009821255076923077,3.458
"[3.458, 3.459)",0.02720094756153847,3.459
"[3.459, 3.46)",0.02420588707692308,3.46
"[3.46, 3.461)",0.12018164488235294,3.461
"[3.461, 3.462)",0.0188458438,3.462
"[3.462, 3.463)",0.0529868718642857,3.463
"[3.463, 3.464)",0.006364798166666667,3.464
"[3.464, 3.465)",0.0177620855,3.465
"[3.465, 3.466)",0.01005076825,3.466
"[3.466, 3.467)",0.014145819222222224,3.467
"[3.467, 3.468)",0.025958584454545453,3.468
"[3.468, 3.469)",0.029207505428571433,3.469
"[3.469, 3.47)",0.0675164906,3.47
"[3.47, 3.471)",0.03106433347368421,3.471
"[3.471, 3.472)",0.012627704,3.472
"[3.472, 3.473)",0.012903616725999998,3.473
"[3.473, 3.474)",0.010238183533333334,3.474
"[3.474, 3.475)",0.021460741125000005,3.475
"[3.475, 3.476)",0.12808507200000002,3.476
"[3.476, 3.477)",0.07521678888888889,3.477
"[3.477, 3.478)",0.005581576600000001,3.478
"[3.478, 3.479)",0.017327996681818187,3.479
"[3.479, 3.48)",0.02225909666666667,3.48
"[3.48, 3.481)",0.03817800605882352,3.481
"[3.481, 3.482)",0.01857383623076923,3.482
"[3.482, 3.483)",0.017185327571428575,3.483
"[3.483, 3.484)",0.010492624125,3.484
"[3.484, 3.485)",0.02129839,3.485
"[3.485, 3.486)",0.010254087333333333,3.486
"[3.486, 3.487)",0.03132582,3.487
"[3.487, 3.488)",0.013880668,3.488
"[3.488, 3.489)",0.011715632809230771,3.489
"[3.489, 3.49)",0.05644523974999999,3.49
"[3.49, 3.491)",0.026634148428571425,3.491
"[3.491, 3.492)",0.016181129599999997,3.492
"[3.492, 3.493)",0.052158069090909094,3.493
"[3.493, 3.494)",0.01922800911,3.494
"[3.494, 3.495)",0.012806235928571429,3.495
"[3.495, 3.496)",0.034568465727272735,3.496
"[3.496, 3.497)",0.0663858295,3.497
"[3.497, 3.498)",0.05058226214285714,3.498
"[3.498, 3.499)",0.009174963000000001,3.499
"[3.499, 3.5)",0.018969417333333332,3.5
"[3.5, 3.501)",0.014903403,3.501
"[3.501, 3.5020000000000002)",0.01872443349090909,3.502
"[3.5020000000000002, 3.503)",0.0122131113,3.503
"[3.503, 3.504)",0.01021831846153846,3.504
"[3.504, 3.505)",0.007851341545454544,3.505
"[3.505, 3.5060000000000002)",0.03329892706666667,3.506
"[3.5060000000000002, 3.507)",0.13332237657923077,3.507
"[3.507, 3.508)",0.00855943812,3.508
"[3.508, 3.509)",0.011670894333333334,3.509
"[3.509, 3.5100000000000002)",0.011693187181818181,3.51
"[3.5100000000000002, 3.511)",0.025227469833333335,3.511
"[3.511, 3.512)",0.017280891857142856,3.512
"[3.512, 3.513)",0.024059967416666665,3.513
"[3.513, 3.5140000000000002)",0.00917009302,3.514
"[3.5140000000000002, 3.515)",0.029763530600000004,3.515
"[3.515, 3.516)",0.029940720200000003,3.516
"[3.516, 3.517)",0.017964145250000004,3.517
"[3.517, 3.5180000000000002)",0.014165604545454543,3.518
"[3.5180000000000002, 3.519)",0.011397511007692308,3.519
"[3.519, 3.52)",0.008546799222222222,3.52
"[3.52, 3.521)",0.003752845555555556,3.521
"[3.521, 3.5220000000000002)",0.038203328687499996,3.522
"[3.5220000000000002, 3.523)",0.014110566142857144,3.523
"[3.523, 3.524)",0.03186065753333333,3.524
"[3.524, 3.525)",0.01115158388888889,3.525
"[3.525, 3.5260000000000002)",0.030985272727272726,3.526
"[3.5260000000000002, 3.527)",0.008800657545454546,3.527
"[3.527, 3.528)",0.034514797181818185,3.528
"[3.528, 3.529)",0.02990906982352941,3.529
"[3.529, 3.5300000000000002)",0.007149412090909091,3.53
"[3.5300000000000002, 3.531)",0.011506772111111112,3.531
"[3.531, 3.532)",0.04391257753333332,3.532
"[3.532, 3.533)",0.01085068025,3.533
"[3.533, 3.5340000000000003)",0.04479702111111111,3.534
"[3.5340000000000003, 3.535)",0.00912319688888889,3.535
"[3.535, 3.536)",0.0107644063,3.536
"[3.536, 3.537)",0.06288443441666666,3.537
"[3.537, 3.5380000000000003)",0.03693305930000001,3.538
"[3.5380000000000003, 3.539)",0.014310797333333332,3.539
"[3.539, 3.54)",0.015765339461538463,3.54
"[3.54, 3.541)",0.007900252714285714,3.541
"[3.541, 3.5420000000000003)",0.00369577,3.542
"[3.5420000000000003, 3.543)",0.009874646916666665,3.543
"[3.543, 3.544)",0.027636086636363633,3.544
"[3.544, 3.545)",0.010233788142857142,3.545
"[3.545, 3.5460000000000003)",0.013062554461538462,3.546
"[3.5460000000000003, 3.547)",0.030875679153846154,3.547
"[3.547, 3.548)",0.022518067214285713,3.548
"[3.548, 3.549)",0.006175069352941176,3.549
"[3.549, 3.5500000000000003)",0.18539727966666666,3.55
"[3.5500000000000003, 3.551)",0.016451089454545455,3.551
"[3.551, 3.552)",0.015136853882352941,3.552
"[3.552, 3.553)",0.037713998000000006,3.553
"[3.553, 3.5540000000000003)",0.033747988400000005,3.554
"[3.5540000000000003, 3.555)",0.05489609085714285,3.555
"[3.555, 3.556)",0.01182104075,3.556
"[3.556, 3.557)",0.05043677001333334,3.557
"[3.557, 3.5580000000000003)",0.043501789675,3.558
"[3.5580000000000003, 3.559)",0.002606917777777778,3.559
"[3.559, 3.56)",0.019241085727272733,3.56
"[3.56, 3.561)",0.014147947363636363,3.561
"[3.561, 3.5620000000000003)",0.017594448999999998,3.562
"[3.5620000000000003, 3.563)",0.02874121333333333,3.563
"[3.563, 3.564)",0.007486205375,3.564
"[3.564, 3.565)",0.010975485574999999,3.565
"[3.565, 3.5660000000000003)",0.061346493615384606,3.566
"[3.5660000000000003, 3.567)",0.0024661797499999994,3.567
"[3.567, 3.568)",0.0115116505,3.568
"[3.568, 3.569)",0.03560957181818182,3.569
"[3.569, 3.5700000000000003)",0.01194811312727273,3.57
"[3.5700000000000003, 3.571)",0.02769792938888889,3.571
"[3.571, 3.572)",0.017987915599999998,3.572
"[3.572, 3.573)",0.005873862285714285,3.573
"[3.573, 3.5740000000000003)",0.02770861418181818,3.574
"[3.5740000000000003, 3.575)",0.008230189333333334,3.575
"[3.575, 3.576)",0.029031570466666667,3.576
"[3.576, 3.577)",0.013335997900000004,3.577
"[3.577, 3.5780000000000003)",0.0533017745,3.578
"[3.5780000000000003, 3.579)",0.03339793454545454,3.579
"[3.579, 3.58)",0.06904408574999998,3.58
"[3.58, 3.581)",0.12574259333333332,3.581
"[3.581, 3.5820000000000003)",0.010193638555555556,3.582
"[3.5820000000000003, 3.583)",0.08066431375,3.583
"[3.583, 3.584)",0.021544709699999998,3.584
"[3.584, 3.585)",0.00820247622222222,3.585
"[3.585, 3.586)",0.04956873141666666,3.586
"[3.586, 3.587)",0.030194724144444445,3.587
"[3.587, 3.588)",0.03574517314285714,3.588
"[3.588, 3.589)",0.009956864888888887,3.589
"[3.589, 3.59)",0.07591427191666668,3.59
"[3.59, 3.591)",0.01827402325,3.591
"[3.591, 3.592)",0.022172616166666662,3.592
"[3.592, 3.593)",0.0198786413,3.593
"[3.593, 3.594)",0.017829694710000003,3.594
"[3.594, 3.595)",0.04285489690909091,3.595
"[3.595, 3.596)",0.019562567384615384,3.596
"[3.596, 3.597)",0.005989995,3.597
"[3.597, 3.598)",0.06375557878749999,3.598
"[3.598, 3.599)",0.016170420599999995,3.599
"[3.599, 3.6)",0.013330490923076923,3.6
"[3.6, 3.601)",0.009008967625,3.601
"[3.601, 3.602)",0.0171659976875,3.602
"[3.602, 3.603)",0.0852708925,3.603
"[3.603, 3.604)",0.006551239230769231,3.604
"[3.604, 3.605)",0.0389007373,3.605
"[3.605, 3.606)",0.03641058877777778,3.606
"[3.606, 3.607)",0.011252265555555556,3.607
"[3.607, 3.608)",0.09733083142857143,3.608
"[3.608, 3.609)",0.048381439009090886,3.609
"[3.609, 3.61)",0.01177186990909091,3.61
"[3.61, 3.611)",0.01715706046153846,3.611
"[3.611, 3.612)",0.013725573333333336,3.612
"[3.612, 3.613)",0.0061549184444444445,3.613
"[3.613, 3.614)",0.087875325,3.614
"[3.614, 3.615)",0.023289306625,3.615
"[3.615, 3.616)",0.008281467600000002,3.616
"[3.616, 3.617)",0.02728721255555556,3.617
"[3.617, 3.618)",0.016526789266666665,3.618
"[3.618, 3.619)",0.030097184750000002,3.619
"[3.619, 3.62)",0.05459854900000001,3.62
"[3.62, 3.621)",0.044865958399999996,3.621
"[3.621, 3.622)",0.016206365928571425,3.622
"[3.622, 3.623)",0.011424906666666667,3.623
"[3.623, 3.624)",0.04286537621000001,3.624
"[3.624, 3.625)",0.0065541355,3.625
"[3.625, 3.626)",0.009517995,3.626
"[3.626, 3.6270000000000002)",0.012070433461538462,3.627
"[3.6270000000000002, 3.628)",0.029500585899999997,3.628
"[3.628, 3.629)",0.038626793933333334,3.629
"[3.629, 3.63)",0.0115737306,3.63
"[3.63, 3.6310000000000002)",0.012565306714285716,3.631
"[3.6310000000000002, 3.632)",0.046721620666666665,3.632
"[3.632, 3.633)",0.009656362166666667,3.633
"[3.633, 3.634)",0.008630273285714285,3.634
"[3.634, 3.6350000000000002)",0.029618892,3.635
"[3.6350000000000002, 3.636)",0.010612187124999999,3.636
"[3.636, 3.637)",0.05248973561538461,3.637
"[3.637, 3.638)",0.013356784615384615,3.638
"[3.638, 3.6390000000000002)",0.028862399999999996,3.639
"[3.6390000000000002, 3.64)",0.026250382300000003,3.64
"[3.64, 3.641)",0.06126658245454544,3.641
"[3.641, 3.642)",0.005276098999999999,3.642
"[3.642, 3.6430000000000002)",0.024308191636363632,3.643
"[3.6430000000000002, 3.644)",0.026851238181818185,3.644
"[3.644, 3.645)",0.030864655375,3.645
"[3.645, 3.646)",0.006011969555555555,3.646
"[3.646, 3.6470000000000002)",0.028853806299999996,3.647
"[3.6470000000000002, 3.648)",0.02282879828888889,3.648
"[3.648, 3.649)",0.015016297125,3.649
"[3.649, 3.65)",0.023922062307692307,3.65
"[3.65, 3.6510000000000002)",0.04528923042857143,3.651
"[3.6510000000000002, 3.652)",0.014066786333333333,3.652
"[3.652, 3.653)",0.0068549156,3.653
"[3.653, 3.654)",0.03504211090909091,3.654
"[3.654, 3.6550000000000002)",0.011555191999999999,3.655
"[3.6550000000000002, 3.656)",0.025767923249999998,3.656
"[3.656, 3.657)",0.013962415363636361,3.657
"[3.657, 3.658)",0.01404380716666667,3.658
"[3.658, 3.6590000000000003)",0.01904182872727273,3.659
"[3.6590000000000003, 3.66)",0.0463362186,3.66
"[3.66, 3.661)",0.0289089,3.661
"[3.661, 3.662)",0.012741500000000001,3.662
"[3.662, 3.6630000000000003)",0.02680286327272727,3.663
"[3.6630000000000003, 3.664)",0.028297215555555557,3.664
"[3.664, 3.665)",0.0023267665,3.665
"[3.665, 3.666)",0.042486691625,3.666
"[3.666, 3.6670000000000003)",0.03695178805555556,3.667
"[3.6670000000000003, 3.668)",0.013150358249999999,3.668
"[3.668, 3.669)",0.017487876499999996,3.669
"[3.669, 3.67)",0.007551968000000001,3.67
"[3.67, 3.6710000000000003)",0.0024046926,3.671
"[3.6710000000000003, 3.672)",0.047406860749999995,3.672
"[3.672, 3.673)",0.10359352575,3.673
"[3.673, 3.674)",0.06295139882000002,3.674
"[3.674, 3.6750000000000003)",0.0104994952,3.675
"[3.6750000000000003, 3.676)",0.004305876750000001,3.676
"[3.676, 3.677)",0.016293684777777775,3.677
"[3.677, 3.678)",0.025377069999999998,3.678
"[3.678, 3.6790000000000003)",0.058037025250000006,3.679
"[3.6790000000000003, 3.68)",0.033385390749999994,3.68
"[3.68, 3.681)",0.0029228988333333335,3.681
"[3.681, 3.682)",0.1501911641666667,3.682
"[3.682, 3.6830000000000003)",0.023083900384615386,3.683
"[3.6830000000000003, 3.684)",0.03429187955555555,3.684
"[3.684, 3.685)",0.065617316625,3.685
"[3.685, 3.686)",0.03593569990909091,3.686
"[3.686, 3.6870000000000003)",0.050948094,3.687
"[3.6870000000000003, 3.688)",0.008271573222222222,3.688
"[3.688, 3.689)",0.013907578250000002,3.689
"[3.689, 3.69)",0.02424040027272727,3.69
"[3.69, 3.6910000000000003)",0.016601836999999994,3.691
"[3.6910000000000003, 3.692)",0.012992563625000002,3.692
"[3.692, 3.693)",0.017064604714285714,3.693
"[3.693, 3.694)",0.002453337181818182,3.694
"[3.694, 3.6950000000000003)",0.013099921625,3.695
"[3.6950000000000003, 3.696)",0.015393114818181819,3.696
"[3.696, 3.697)",0.023867127545454548,3.697
"[3.697, 3.698)",0.00824462875,3.698
"[3.698, 3.6990000000000003)",0.025659624899999994,3.699
"[3.6990000000000003, 3.7)",0.04366254285714285,3.7
"[3.7, 3.701)",0.036634053,3.701
"[3.701, 3.702)",0.037337232857142855,3.702
"[3.702, 3.7030000000000003)",0.026437262471428573,3.703
"[3.7030000000000003, 3.704)",0.012660622857142858,3.704
"[3.704, 3.705)",0.017714573310000002,3.705
"[3.705, 3.706)",0.012932535888888888,3.706
"[3.706, 3.7070000000000003)",0.04379160454545455,3.707
"[3.7070000000000003, 3.708)",0.020792851272727272,3.708
"[3.708, 3.709)",0.0169607175,3.709
"[3.709, 3.71)",0.026075098555555554,3.71
"[3.71, 3.7110000000000003)",0.04990200300000001,3.711
"[3.7110000000000003, 3.712)",0.006104925299999999,3.712
"[3.712, 3.713)",0.016625106416666664,3.713
"[3.713, 3.714)",0.08349219614285712,3.714
"[3.714, 3.715)",0.02937723455555556,3.715
"[3.715, 3.716)",0.0090910729,3.716
"[3.716, 3.717)",0.0072883133,3.717
"[3.717, 3.718)",0.009675855499999999,3.718
"[3.718, 3.719)",0.02351031381818182,3.719
"[3.719, 3.72)",0.05568759283333333,3.72
"[3.72, 3.721)",0.013366840857142858,3.721
"[3.721, 3.722)",0.0061002769,3.722
"[3.722, 3.723)",0.054446552875000005,3.723
"[3.723, 3.724)",0.010197575833333333,3.724
"[3.724, 3.725)",0.048766468199999996,3.725
"[3.725, 3.726)",0.024917589416666667,3.726
"[3.726, 3.727)",0.0077926227499999995,3.727
"[3.727, 3.728)",0.0101108647,3.728
"[3.728, 3.729)",0.020759259299999992,3.729
"[3.729, 3.73)",0.004439005142857143,3.73
"[3.73, 3.731)",0.03752975090909091,3.731
"[3.731, 3.732)",0.065799029125,3.732
"[3.732, 3.733)",0.0016112252,3.733
"[3.733, 3.734)",0.007378942999999999,3.734
"[3.734, 3.735)",0.023301958789090905,3.735
"[3.735, 3.736)",0.014714970428571427,3.736
"[3.736, 3.737)",0.004362795176923077,3.737
"[3.737, 3.738)",0.07195785817142857,3.738
"[3.738, 3.739)",0.004836369333333334,3.739
"[3.739, 3.74)",0.048501286666666664,3.74
"[3.74, 3.741)",0.02017478750714286,3.741
"[3.741, 3.742)",0.028043945800000004,3.742
"[3.742, 3.743)",0.021116653333333336,3.743
"[3.743, 3.744)",0.0159287443,3.744
"[3.744, 3.745)",0.055632413777777785,3.745
"[3.745, 3.746)",0.018061051249999998,3.746
"[3.746, 3.747)",0.00610889925,3.747
"[3.747, 3.748)",0.020424185833333334,3.748
"[3.748, 3.749)",0.08695015888888889,3.749
"[3.749, 3.75)",0.0558149266,3.75
"[3.75, 3.751)",0.059129363899999995,3.751
"[3.751, 3.7520000000000002)",0.055775758333333335,3.752
"[3.7520000000000002, 3.753)",0.013283629299999999,3.753
"[3.753, 3.754)",0.03007660490909091,3.754
"[3.754, 3.755)",0.035674614714285714,3.755
"[3.755, 3.7560000000000002)",0.031977808,3.756
"[3.7560000000000002, 3.757)",0.004691957777777778,3.757
"[3.757, 3.758)",0.017138892,3.758
"[3.758, 3.759)",0.03238031809411765,3.759
"[3.759, 3.7600000000000002)",0.041081950487500005,3.76
"[3.7600000000000002, 3.761)",0.034963412,3.761
"[3.761, 3.762)",0.013251119,3.762
"[3.762, 3.763)",0.0619772373,3.763
"[3.763, 3.7640000000000002)",0.016988408344444445,3.764
"[3.7640000000000002, 3.765)",0.04351186166666667,3.765
"[3.765, 3.766)",0.025318881890909094,3.766
"[3.766, 3.767)",0.04288705525,3.767
"[3.767, 3.7680000000000002)",0.01861522390909091,3.768
"[3.7680000000000002, 3.769)",0.03245883383333333,3.769
"[3.769, 3.77)",0.09972496953846152,3.77
"[3.77, 3.771)",0.0276320055,3.771
"[3.771, 3.7720000000000002)",0.11412167927272732,3.772
"[3.7720000000000002, 3.773)",0.04278411092857142,3.773
"[3.773, 3.774)",0.006331566728571428,3.774
"[3.774, 3.775)",0.016577986125000003,3.775
"[3.775, 3.7760000000000002)",0.04526891736363637,3.776
"[3.7760000000000002, 3.777)",0.009488275142857144,3.777
"[3.777, 3.778)",0.011593383333333334,3.778
"[3.778, 3.779)",0.037238884550000004,3.779
"[3.779, 3.7800000000000002)",0.050731069666666656,3.78
"[3.7800000000000002, 3.781)",0.021030325777777782,3.781
"[3.781, 3.782)",0.012116625888888889,3.782
"[3.782, 3.783)",0.008789692555555555,3.783
"[3.783, 3.7840000000000003)",0.018146535875,3.784
"[3.7840000000000003, 3.785)",0.016150565727272727,3.785
"[3.785, 3.786)",0.016068387300000004,3.786
"[3.786, 3.787)",0.04961763171111112,3.787
"[3.787, 3.7880000000000003)",0.037870039999999994,3.788
"[3.7880000000000003, 3.789)",0.023268525571428576,3.789
"[3.789, 3.79)",0.04502310753846152,3.79
"[3.79, 3.791)",0.0137578543,3.791
"[3.791, 3.7920000000000003)",0.037983575299999996,3.792
"[3.7920000000000003, 3.793)",0.011148468416666666,3.793
"[3.793, 3.794)",0.02847501375,3.794
"[3.794, 3.795)",0.008017819033333333,3.795
"[3.795, 3.7960000000000003)",0.024635192727272725,3.796
"[3.7960000000000003, 3.797)",0.013089636625,3.797
"[3.797, 3.798)",0.011963006,3.798
"[3.798, 3.799)",0.010970187400000001,3.799
"[3.799, 3.8000000000000003)",0.0336842,3.8
"[3.8000000000000003, 3.801)",0.016630666615384614,3.801
"[3.801, 3.802)",0.007369079083333334,3.802
"[3.802, 3.803)",0.0352614056,3.803
"[3.803, 3.8040000000000003)",0.00220909825,3.804
"[3.8040000000000003, 3.805)",0.03481361285714285,3.805
"[3.805, 3.806)",0.05670596501111111,3.806
"[3.806, 3.807)",0.01981159625,3.807
"[3.807, 3.8080000000000003)",0.04712951766666667,3.808
"[3.8080000000000003, 3.809)",0.027374390117647064,3.809
"[3.809, 3.81)",0.03830515266666667,3.81
"[3.81, 3.811)",0.0281159825,3.811
"[3.811, 3.8120000000000003)",0.03360453829999999,3.812
"[3.8120000000000003, 3.813)",0.02031958290909091,3.813
"[3.813, 3.814)",0.0616993925,3.814
"[3.814, 3.815)",0.030141702000000003,3.815
"[3.815, 3.8160000000000003)",0.11896608545454547,3.816
"[3.8160000000000003, 3.817)",0.007906938727272729,3.817
"[3.817, 3.818)",0.00888880818181818,3.818
"[3.818, 3.819)",0.020995635285714288,3.819
"[3.819, 3.8200000000000003)",0.052631357700000006,3.82
"[3.8200000000000003, 3.821)",0.012521632874999999,3.821
"[3.821, 3.822)",0.008388274300000002,3.822
"[3.822, 3.823)",0.015410942555555553,3.823
"[3.823, 3.8240000000000003)",0.01677853857142857,3.824
"[3.8240000000000003, 3.825)",0.016252308583333333,3.825
"[3.825, 3.826)",0.06331568027272727,3.826
"[3.826, 3.827)",0.06345419875833333,3.827
"[3.827, 3.8280000000000003)",0.046903088749999995,3.828
"[3.8280000000000003, 3.829)",0.02679666,3.829
"[3.829, 3.83)",0.003000618142857143,3.83
"[3.83, 3.831)",0.0021855672,3.831
"[3.831, 3.8320000000000003)",0.024076635099999997,3.832
"[3.8320000000000003, 3.833)",0.04443039714285714,3.833
"[3.833, 3.834)",0.041768177818181824,3.834
"[3.834, 3.835)",0.06233735,3.835
"[3.835, 3.8360000000000003)",0.10777554586363634,3.836
"[3.8360000000000003, 3.837)",0.0316953651,3.837
"[3.837, 3.838)",0.023449533333333338,3.838
"[3.838, 3.839)",0.014482843700000001,3.839
"[3.839, 3.84)",0.009569866,3.84
"[3.84, 3.841)",0.007330416006666666,3.841
"[3.841, 3.842)",0.013212053333333331,3.842
"[3.842, 3.843)",0.0438032223,3.843
"[3.843, 3.844)",0.014004592166666668,3.844
"[3.844, 3.845)",0.043502425000000004,3.845
"[3.845, 3.846)",0.012830328111111112,3.846
"[3.846, 3.847)",0.014153600599999996,3.847
"[3.847, 3.848)",0.004606320860000001,3.848
"[3.848, 3.849)",0.02503160493333333,3.849
"[3.849, 3.85)",0.012803120000000001,3.85
"[3.85, 3.851)",0.01937676511111111,3.851
"[3.851, 3.852)",0.0972351399090909,3.852
"[3.852, 3.853)",0.106068554,3.853
"[3.853, 3.854)",0.006065073285714285,3.854
"[3.854, 3.855)",0.0208373119,3.855
"[3.855, 3.856)",0.07850419,3.856
"[3.856, 3.857)",0.008637858571428571,3.857
"[3.857, 3.858)",0.021845962166666663,3.858
"[3.858, 3.859)",0.01610651922222222,3.859
"[3.859, 3.86)",0.017294700500000003,3.86
"[3.86, 3.861)",0.024523744133333338,3.861
"[3.861, 3.862)",0.020366831999999998,3.862
"[3.862, 3.863)",0.06774078857142857,3.863
"[3.863, 3.864)",0.04993768272727272,3.864
"[3.864, 3.865)",0.0357246966375,3.865
"[3.865, 3.866)",0.000540833,3.866
"[3.866, 3.867)",0.005369606285714286,3.867
"[3.867, 3.868)",0.02038832057142857,3.868
"[3.868, 3.869)",0.036254285250000004,3.869
"[3.869, 3.87)",0.035467911,3.87
"[3.87, 3.871)",0.026185292000000002,3.871
"[3.871, 3.872)",0.012368626625,3.872
"[3.872, 3.873)",0.11417512599999999,3.873
"[3.873, 3.874)",0.016224074999999998,3.874
"[3.874, 3.875)",0.006693141625,3.875
"[3.875, 3.876)",0.07012733524999999,3.876
"[3.876, 3.8770000000000002)",0.039147977,3.877
"[3.8770000000000002, 3.878)",0.06225661799999999,3.878
"[3.878, 3.879)",0.0337437,3.879
"[3.879, 3.88)",0.01690782918181818,3.88
"[3.88, 3.8810000000000002)",0.018079796666666665,3.881
"[3.8810000000000002, 3.882)",0.06583070660000001,3.882
"[3.882, 3.883)",0.043292679125,3.883
"[3.883, 3.884)",0.015013745333333333,3.884
"[3.884, 3.8850000000000002)",0.027360897777777775,3.885
"[3.8850000000000002, 3.886)",0.012033943333333333,3.886
"[3.886, 3.887)",0.01433455625,3.887
"[3.887, 3.888)",0.004366730399999999,3.888
"[3.888, 3.8890000000000002)",0.073560540875,3.889
"[3.8890000000000002, 3.89)",0.14471296875000003,3.89
"[3.89, 3.891)",0.0171289055,3.891
"[3.891, 3.892)",0.019643383375,3.892
"[3.892, 3.8930000000000002)",0.029803706666666666,3.893
"[3.8930000000000002, 3.894)",0.029728452,3.894
"[3.894, 3.895)",0.05977131727272727,3.895
"[3.895, 3.896)",0.017325404142857145,3.896
"[3.896, 3.8970000000000002)",0.023789302300000002,3.897
"[3.8970000000000002, 3.898)",0.002482196555555556,3.898
"[3.898, 3.899)",0.07983799666666666,3.899
"[3.899, 3.9)",0.011347598,3.9
"[3.9, 3.9010000000000002)",0.0188289846,3.901
"[3.9010000000000002, 3.902)",0.032986110222222226,3.902
"[3.902, 3.903)",0.030969844846153855,3.903
"[3.903, 3.904)",0.013152649363636365,3.904
"[3.904, 3.9050000000000002)",0.010555649,3.905
"[3.9050000000000002, 3.906)",0.017342101199999998,3.906
"[3.906, 3.907)",0.015312151250000001,3.907
"[3.907, 3.908)",0.0073009749999999995,3.908
"[3.908, 3.9090000000000003)",0.0242414555,3.909
"[3.9090000000000003, 3.91)",0.017781932071428575,3.91
"[3.91, 3.911)",0.08250508599999998,3.911
"[3.911, 3.912)",0.04234132433333334,3.912
"[3.912, 3.9130000000000003)",0.05416036150714286,3.913
"[3.9130000000000003, 3.914)",0.0033356671666666666,3.914
"[3.914, 3.915)",0.006846294800000001,3.915
"[3.915, 3.916)",0.030011808666666664,3.916
"[3.916, 3.9170000000000003)",0.0068251204999999985,3.917
"[3.9170000000000003, 3.918)",0.007836129399999999,3.918
"[3.918, 3.919)",0.010919756816666666,3.919
"[3.919, 3.92)",0.05995302777777778,3.92
"[3.92, 3.9210000000000003)",0.04855885099999999,3.921
"[3.9210000000000003, 3.922)",0.022862270333333334,3.922
"[3.922, 3.923)",0.005458355727272727,3.923
"[3.923, 3.924)",0.009869006,3.924
"[3.924, 3.9250000000000003)",0.027167385,3.925
"[3.9250000000000003, 3.926)",0.04743340100000001,3.926
"[3.926, 3.927)",0.03714555,3.927
"[3.927, 3.928)",0.0014019215000000002,3.928
"[3.928, 3.9290000000000003)",0.018067010374999998,3.929
"[3.9290000000000003, 3.93)",0.07427989325,3.93
"[3.93, 3.931)",0.029913230857142863,3.931
"[3.931, 3.932)",0.0071282386000000005,3.932
"[3.932, 3.9330000000000003)",0.073894167,3.933
"[3.9330000000000003, 3.934)",0.032569167999999996,3.934
"[3.934, 3.935)",0.016636313333333333,3.935
"[3.935, 3.936)",0.05548913889999999,3.936
"[3.936, 3.9370000000000003)",0.007124,3.937
"[3.9370000000000003, 3.938)",0.017745470000000003,3.938
"[3.938, 3.939)",0.0033860446,3.939
"[3.939, 3.94)",0.0048231755,3.94
"[3.94, 3.9410000000000003)",0.012908754307692307,3.941
"[3.9410000000000003, 3.942)",0.02521935714285714,3.942
"[3.942, 3.943)",0.031125116600000002,3.943
"[3.943, 3.944)",0.02163813825,3.944
"[3.944, 3.9450000000000003)",0.027988517500000004,3.945
"[3.9450000000000003, 3.946)",0.018547264333333334,3.946
"[3.946, 3.947)",0.015160387666666665,3.947
"[3.947, 3.948)",0.034667949999999996,3.948
"[3.948, 3.9490000000000003)",0.006007117666666666,3.949
"[3.9490000000000003, 3.95)",0.0151163125,3.95
"[3.95, 3.951)",0.044740086636363634,3.951
"[3.951, 3.952)",0.012570177142857143,3.952
"[3.952, 3.9530000000000003)",0.07262026,3.953
"[3.9530000000000003, 3.954)",0.020995562166666665,3.954
"[3.954, 3.955)",0.0032615870000000003,3.955
"[3.955, 3.956)",0.00232558,3.956
"[3.956, 3.9570000000000003)",0.015741128833333336,3.957
"[3.9570000000000003, 3.958)",0.005095746,3.958
"[3.958, 3.959)",0.0026259986,3.959
"[3.959, 3.96)",0.00618446,3.96
"[3.96, 3.9610000000000003)",0.030446618600000003,3.961
"[3.9610000000000003, 3.962)",0.005523102499999998,3.962
"[3.962, 3.963)",0.13323085625,3.963
"[3.963, 3.964)",0.036026870499999995,3.964
"[3.964, 3.9650000000000003)",0.015557926,3.965
"[3.9650000000000003, 3.966)",0.004685735,3.966
"[3.966, 3.967)",0.0241632866,3.967
"[3.967, 3.968)",0.0112189525,3.968
"[3.968, 3.969)",0.05130595741666666,3.969
"[3.969, 3.97)",0.04040319822222222,3.97
"[3.97, 3.971)",0.0236218846,3.971
"[3.971, 3.972)",0.0013792331666666665,3.972
"[3.972, 3.973)",0.01880917075,3.973
"[3.973, 3.974)",0.07245412324999999,3.974
"[3.974, 3.975)",0.022009566499999998,3.975
"[3.975, 3.976)",0.05050457216666666,3.976
"[3.976, 3.977)",0.007592893250000001,3.977
"[3.977, 3.978)",0.04190492246666666,3.978
"[3.978, 3.979)",0.02984297075,3.979
"[3.979, 3.98)",0.11550069059999998,3.98
"[3.98, 3.981)",0.008340663090909091,3.981
"[3.981, 3.982)",0.022334771428571428,3.982
"[3.982, 3.983)",0.020287773,3.983
"[3.983, 3.984)",0.0044069465600000005,3.984
"[3.984, 3.985)",0.01590435,3.985
"[3.985, 3.986)",0.0078451366,3.986
"[3.986, 3.987)",0.055591531625,3.987
"[3.987, 3.988)",0.0023973371428571426,3.988
"[3.988, 3.989)",0.010167093285714288,3.989
"[3.989, 3.99)",0.04253426300833333,3.99
"[3.99, 3.991)",0.05274215805714285,3.991
"[3.991, 3.992)",0.08732063333333333,3.992
"[3.992, 3.993)",0.013213192,3.993
"[3.993, 3.994)",0.01768065,3.994
"[3.994, 3.995)",0.10898733754545455,3.995
"[3.995, 3.996)",0.11378487199999998,3.996
"[3.996, 3.997)",0.023526185888888888,3.997
"[3.997, 3.998)",0.007617196666666666,3.998
"[3.998, 3.999)",0.019449383,3.999
"[3.999, 4.0)",0.010806726625,4.0
"[4.0, 4.001)",0.056721576600000004,4.001
"[4.001, 4.002)",0.001190755,4.002
"[4.002, 4.003)",0.13260477230000003,4.003
"[4.003, 4.0040000000000004)",0.033064261,4.004
"[4.0040000000000004, 4.005)",0.06822291059999999,4.005
"[4.005, 4.006)",0.03530178971428572,4.006
"[4.006, 4.007)",0.044167070600000004,4.007
"[4.007, 4.008)",0.0042606632499999995,4.008
"[4.008, 4.009)",0.01114731825,4.009
"[4.009, 4.01)",0.03455054444444444,4.01
"[4.01, 4.011)",0.0032171596833333333,4.011
"[4.011, 4.0120000000000005)",0.017417553199999998,4.012
"[4.0120000000000005, 4.013)",0.0014704941428571427,4.013
"[4.013, 4.014)",0.01766223,4.014
"[4.014, 4.015)",0.04460689471428573,4.015
"[4.015, 4.016)",0.0737244075,4.016
"[4.016, 4.017)",0.008268595142857143,4.017
"[4.017, 4.018)",0.037075457666666665,4.018
"[4.018, 4.019)",0.038745169999999995,4.019
"[4.019, 4.0200000000000005)",0.0036871025000000004,4.02
"[4.0200000000000005, 4.021)",0.029812993333333333,4.021
"[4.021, 4.022)",0.031010959222222228,4.022
"[4.022, 4.023)",0.0014136185714285713,4.023
"[4.023, 4.024)",0.018182510500000002,4.024
"[4.024, 4.025)",0.0054125786,4.025
"[4.025, 4.026)",0.02470328167777778,4.026
"[4.026, 4.027)",0.0038441945,4.027
"[4.027, 4.0280000000000005)",0.005617959428571428,4.028
"[4.0280000000000005, 4.029)",0.00335616,4.029
"[4.029, 4.03)",0.018229852285714283,4.03
"[4.03, 4.031)",0.0085774419,4.031
"[4.031, 4.032)",0.03589075579999999,4.032
"[4.032, 4.033)",0.0091533755,4.033
"[4.033, 4.034)",0.006251556666666667,4.034
"[4.034, 4.035)",0.0117580195,4.035
"[4.035, 4.0360000000000005)",0.05362683060000001,4.036
"[4.0360000000000005, 4.037)",0.05001124914285715,4.037
"[4.037, 4.038)",0.02986448053846154,4.038
"[4.038, 4.039)",0.04724039733333333,4.039
"[4.039, 4.04)",0.0013753231666666667,4.04
"[4.04, 4.041)",0.007233192166666667,4.041
"[4.041, 4.042)",0.007926698700000002,4.042
"[4.042, 4.043)",0.022354731857142856,4.043
"[4.043, 4.0440000000000005)",0.03294241644444444,4.044
"[4.0440000000000005, 4.045)",0.007751094599999999,4.045
"[4.045, 4.046)",0.09481324325,4.046
"[4.046, 4.047)",0.0385727,4.047
"[4.047, 4.048)",0.13873986004444444,4.048
"[4.048, 4.049)",0.015319317714285716,4.049
"[4.049, 4.05)",0.0051686266,4.05
"[4.05, 4.051)",0.033409433333333335,4.051
"[4.051, 4.0520000000000005)",0.012656566555555557,4.052
"[4.0520000000000005, 4.053)",0.0012094290000000001,4.053
"[4.053, 4.054)",0.01755051833333333,4.054
"[4.054, 4.055)",0.05125259125,4.055
"[4.055, 4.056)",0.0037771283000000004,4.056
"[4.056, 4.057)",0.012004144999999997,4.057
"[4.057, 4.058)",0.006822894333333333,4.058
"[4.058, 4.059)",0.02170384614285714,4.059
"[4.059, 4.0600000000000005)",0.004454241,4.06
"[4.0600000000000005, 4.061)",0.03575456125,4.061
"[4.061, 4.062)",0.006319440999999999,4.062
"[4.062, 4.063)",0.002731633333333334,4.063
"[4.063, 4.064)",0.06775403555555554,4.064
"[4.064, 4.065)",0.050281432299999984,4.065
"[4.065, 4.066)",0.0528815622875,4.066
"[4.066, 4.067)",0.018570863888888886,4.067
"[4.067, 4.0680000000000005)",0.0011620294999999997,4.068
"[4.0680000000000005, 4.069)",0.04408739750000001,4.069
"[4.069, 4.07)",0.0038878886666666667,4.07
"[4.07, 4.071)",0.010582890000000001,4.071
"[4.071, 4.072)",0.17869933550000003,4.072
"[4.072, 4.073)",0.004274000666666666,4.073
"[4.073, 4.074)",0.0020880915,4.074
"[4.074, 4.075)",0.039331246,4.075
"[4.075, 4.0760000000000005)",0.019221230833333332,4.076
"[4.0760000000000005, 4.077)",0.018190878,4.077
"[4.077, 4.078)",0.0014475126000000002,4.078
"[4.078, 4.079)",0.012099108142857142,4.079
"[4.079, 4.08)",0.0491355506,4.08
"[4.08, 4.081)",0.005105834857142858,4.081
"[4.081, 4.082)",0.010160595300000002,4.082
"[4.082, 4.083)",0.03160497071428571,4.083
"[4.083, 4.0840000000000005)",0.004465474216666667,4.084
"[4.0840000000000005, 4.085)",0.08880019142857142,4.085
"[4.085, 4.086)",0.029899968250000002,4.086
"[4.086, 4.087)",0.015473293333333334,4.087
"[4.087, 4.088)",0.016161809454545456,4.088
"[4.088, 4.089)",0.10956066655555556,4.089
"[4.089, 4.09)",0.018902560125000002,4.09
"[4.09, 4.091)",0.011915055900000002,4.091
"[4.091, 4.0920000000000005)",0.006069836,4.092
"[4.0920000000000005, 4.093)",0.048696159999999995,4.093
"[4.093, 4.094)",0.0039673406,4.094
"[4.094, 4.095)",0.013049323285714285,4.095
"[4.095, 4.096)",0.22379263833333332,4.096
"[4.096, 4.097)",0.15569850285714285,4.097
"[4.097, 4.098)",0.004290383625000001,4.098
"[4.098, 4.099)",0.012856524,4.099
"[4.099, 4.1)",0.044081435499999995,4.1
"[4.1, 4.101)",0.0128294375,4.101
"[4.101, 4.102)",0.10530204012500001,4.102
"[4.102, 4.103)",0.019576718833333333,4.103
"[4.103, 4.104)",0.0334390925,4.104
"[4.104, 4.105)",0.00312103,4.105
"[4.105, 4.106)",0.021289793222222225,4.106
"[4.106, 4.107)",0.0016319610000000001,4.107
"[4.107, 4.108)",0.006513906111111111,4.108
"[4.108, 4.109)",0.0125407106,4.109
"[4.109, 4.11)",0.00532711775,4.11
"[4.11, 4.111)",0.009820464599999999,4.111
"[4.111, 4.112)",0.0038699599999999995,4.112
"[4.112, 4.113)",0.3344776666666667,4.113
"[4.113, 4.114)",0.008895367166666666,4.114
"[4.114, 4.115)",0.051142506600000005,4.115
"[4.115, 4.116)",0.012192053714285713,4.116
"[4.116, 4.117)",0.005833455,4.117
"[4.117, 4.118)",0.05556963333333334,4.118
"[4.118, 4.119)",0.018748843666666667,4.119
"[4.119, 4.12)",0.029284940875,4.12
"[4.12, 4.121)",0.009759894625,4.121
"[4.121, 4.122)",0.0010681832,4.122
"[4.122, 4.123)",0.012698678333333333,4.123
"[4.123, 4.124)",0.011835582875,4.124
"[4.124, 4.125)",0.022571123285714284,4.125
"[4.125, 4.126)",0.043581981,4.126
"[4.126, 4.127)",0.02340274142857143,4.127
"[4.127, 4.128)",0.020241752499999998,4.128
"[4.128, 4.1290000000000004)",0.0074750450000000005,4.129
"[4.1290000000000004, 4.13)",0.11000560999999999,4.13
"[4.13, 4.131)",0.0081551905,4.131
"[4.131, 4.132)",0.008761997166666667,4.132
"[4.132, 4.133)",0.10182247380000001,4.133
"[4.133, 4.134)",0.014224638000000001,4.134
"[4.134, 4.135)",0.0116247774,4.135
"[4.135, 4.136)",0.023235637333333333,4.136
"[4.136, 4.1370000000000005)",0.01000301,4.137
"[4.1370000000000005, 4.138)",0.04860573,4.138
"[4.138, 4.139)",0.004098799428571429,4.139
"[4.139, 4.14)",0.04008809666666666,4.14
"[4.14, 4.141)",0.0011272603333333333,4.141
"[4.141, 4.142)",0.0070541275,4.142
"[4.142, 4.143)",0.018012504285714288,4.143
"[4.143, 4.144)",0.0036328873375,4.144
"[4.144, 4.1450000000000005)",0.05132935216666667,4.145
"[4.1450000000000005, 4.146)",0.31561115500000003,4.146
"[4.146, 4.147)",0.010258893600000001,4.147
"[4.147, 4.148)",0.043358651000000005,4.148
"[4.148, 4.149)",0.006444936714285714,4.149
"[4.149, 4.15)",0.011467752166666666,4.15
"[4.15, 4.151)",0.0018006349999999999,4.151
"[4.151, 4.152)",0.033464585,4.152
"[4.152, 4.1530000000000005)",0.013191591857142857,4.153
"[4.1530000000000005, 4.154)",0.033678122600000006,4.154
"[4.154, 4.155)",0.0009685620000000001,4.155
"[4.155, 4.156)",0.029262825,4.156
"[4.156, 4.157)",0.0413982905,4.157
"[4.157, 4.158)",0.0042515112,4.158
"[4.158, 4.159)",0.0122493,4.159
"[4.159, 4.16)",0.0217338375,4.16
"[4.16, 4.1610000000000005)",0.039354722599999996,4.161
"[4.1610000000000005, 4.162)",0.015156063333333332,4.162
"[4.162, 4.163)",0.002842408571428572,4.163
"[4.163, 4.164)",0.02203156325,4.164
"[4.164, 4.165)",0.0194133934,4.165
"[4.165, 4.166)",0.009581016500000001,4.166
"[4.166, 4.167)",0.019441408,4.167
"[4.167, 4.168)",0.005912222400000001,4.168
"[4.168, 4.1690000000000005)",0.021220763333333337,4.169
"[4.1690000000000005, 4.17)",0.024931259,4.17
"[4.17, 4.171)",0.00251971075,4.171
"[4.171, 4.172)",0.00177269725,4.172
"[4.172, 4.173)",0.010164183833333331,4.173
"[4.173, 4.174)",0.02873279333333333,4.174
"[4.174, 4.175)",0.0101135386,4.175
"[4.175, 4.176)",0.021413995999999998,4.176
"[4.176, 4.1770000000000005)",0.002200524,4.177
"[4.1770000000000005, 4.178)",0.011050007,4.178
"[4.178, 4.179)",0.022252699124999997,4.179
"[4.179, 4.18)",0.00296167,4.18
"[4.18, 4.181)",0.0034917043333333336,4.181
"[4.181, 4.182)",0.0184056666,4.182
"[4.182, 4.183)",0.0009522118000000002,4.183
"[4.183, 4.184)",0.10258427319999999,4.184
"[4.184, 4.1850000000000005)",0.011184105,4.185
"[4.1850000000000005, 4.186)",0.017479691999999998,4.186
"[4.186, 4.187)",0.003490231,4.187
"[4.187, 4.188)",0.0026513665000000002,4.188
"[4.188, 4.189)",0.004562346666666667,4.189
"[4.189, 4.19)",0.01396355,4.19
"[4.19, 4.191)",0.004134381412500001,4.191
"[4.191, 4.192)",0.003750323833333334,4.192
"[4.192, 4.1930000000000005)",0.014395144525,4.193
"[4.1930000000000005, 4.194)",0.047741498599999994,4.194
"[4.194, 4.195)",0.010880710500000002,4.195
"[4.195, 4.196)",0.0356157665,4.196
"[4.196, 4.197)",0.09670125766666667,4.197
"[4.197, 4.198)",0.019078796599999996,4.198
"[4.198, 4.199)",0.00170164,4.199
"[4.199, 4.2)",0.12300287000000001,4.2
"[4.2, 4.2010000000000005)",0.07266495333333334,4.201
"[4.2010000000000005, 4.202)",0.01384389666666667,4.202
"[4.202, 4.203)",0.060748653333333326,4.203
"[4.203, 4.204)",0.0009880066,4.204
"[4.204, 4.205)",0.0033136949999999997,4.205
"[4.206, 4.207)",0.24564613328571427,4.206
"[4.207, 4.208)",0.0064116165,4.207
"[4.208, 4.2090000000000005)",0.00110742,4.208
"[4.2090000000000005, 4.21)",0.009513,4.209
"[4.21, 4.211)",0.005575879999999999,4.21
"[4.211, 4.212)",0.03539060333333333,4.211
"[4.212, 4.213)",0.03233831325,4.212
"[4.213, 4.214)",0.003988247666666666,4.213
"[4.214, 4.215)",0.0028023139999999998,4.214
"[4.215, 4.216)",0.00127031325,4.215
"[4.216, 4.2170000000000005)",0.001848564,4.216
"[4.2170000000000005, 4.218)",0.0008241265000000001,4.217
"[4.218, 4.219)",0.012821873333333332,4.218
"[4.219, 4.22)",0.05159741099999999,4.219
"[4.22, 4.221)",0.01482985325,4.22
"[4.221, 4.222)",0.006452390750000001,4.221
"[4.222, 4.223)",0.06129832,4.222
"[4.223, 4.224)",0.0150750675,4.223
"[4.224, 4.225)",0.0313482006,4.224
"[4.225, 4.226)",0.0053708186,4.225
"[4.226, 4.227)",0.001523598,4.226
"[4.227, 4.228)",0.03257589325,4.227
"[4.228, 4.229)",0.00182399,4.228
"[4.229, 4.23)",0.020876083333333333,4.229
"[4.23, 4.231)",0.0064973266666666675,4.23
"[4.231, 4.232)",0.00183696475,4.231
"[4.232, 4.233)",0.00722827075,4.232
"[4.233, 4.234)",0.024105,4.233
"[4.234, 4.235)",0.011728081000000001,4.234
"[4.235, 4.236)",0.0022486414999999997,4.235
"[4.236, 4.237)",0.054464970599999996,4.236
"[4.237, 4.238)",0.03373045,4.237
"[4.238, 4.239)",0.0052886465,4.238
"[4.239, 4.24)",0.0031895233333333333,4.239
"[4.24, 4.241)",1.27251e-5,4.24
"[4.241, 4.242)",0.04402129285714286,4.241
"[4.242, 4.243)",0.008180726666666667,4.242
"[4.243, 4.244)",0.16982978316666666,4.243
"[4.244, 4.245)",0.0019123965,4.244
"[4.245, 4.246)",0.028534296,4.245
"[4.246, 4.247)",0.00328396,4.246
"[4.247, 4.248)",0.00205897,4.247
"[4.248, 4.249)",0.002653545,4.248
"[4.249, 4.25)",0.011939992166666668,4.249
"[4.25, 4.251)",0.032008850000000005,4.25
"[4.251, 4.252)",0.12759911999999998,4.251
"[4.252, 4.253)",0.021257504000000003,4.252
"[4.253, 4.2540000000000004)",0.022327,4.253
"[4.2540000000000004, 4.255)",0.016439335,4.254
"[4.255, 4.256)",0.0186212,4.255
"[4.256, 4.257)",0.070673011,4.256
"[4.257, 4.258)",0.0751936,4.257
"[4.258, 4.259)",0.0235425915,4.258
"[4.259, 4.26)",0.147287,4.259
"[4.26, 4.261)",0.010427746666666664,4.26
"[4.261, 4.2620000000000005)",0.03935574149999999,4.261
"[4.2620000000000005, 4.263)",0.0031533439999999998,4.262
"[4.263, 4.264)",0.000540833,4.263
"[4.264, 4.265)",0.18952962999999998,4.264
"[4.265, 4.266)",0.0017734076666666666,4.265
"[4.266, 4.267)",0.0271998527,4.266
"[4.267, 4.268)",0.0193913,4.267
"[4.268, 4.269)",0.000540833,4.268
"[4.269, 4.2700000000000005)",0.0103064105,4.269
"[4.2700000000000005, 4.271)",0.00115100225,4.27
"[4.271, 4.272)",0.00670438,4.271
"[4.272, 4.273)",0.019834202857142855,4.272
"[4.273, 4.274)",0.02550045666666667,4.273
"[4.274, 4.275)",0.0561543,4.274
"[4.275, 4.276)",0.20747598399999995,4.275
"[4.276, 4.277)",0.0066585333333333335,4.276
"[4.277, 4.2780000000000005)",0.02188493,4.277
"[4.2780000000000005, 4.279)",0.0156821914,4.278
"[4.279, 4.28)",0.014815606666666667,4.279
"[4.28, 4.281)",0.010090845499999999,4.28
"[4.281, 4.282)",0.0011212365,4.281
"[4.282, 4.283)",0.0049724717500000005,4.282
"[4.283, 4.284)",0.020593370428571428,4.283
"[4.284, 4.285)",0.0031654233333333333,4.284
"[4.285, 4.2860000000000005)",0.0080344972,4.285
"[4.2860000000000005, 4.287)",0.028198533250000005,4.286
"[4.287, 4.288)",0.0448022186,4.287
"[4.288, 4.289)",0.024172566666666662,4.288
"[4.289, 4.29)",0.0660399,4.289
"[4.29, 4.291)",0.05305206666666667,4.29
"[4.291, 4.292)",0.0122733275,4.291
"[4.292, 4.293)",0.19458657333333332,4.292
"[4.293, 4.2940000000000005)",0.00249931,4.293
"[4.2940000000000005, 4.295)",0.0011733676666666668,4.294
"[4.295, 4.296)",0.00987822,4.295
"[4.296, 4.297)",0.01730437,4.296
"[4.297, 4.298)",0.007658331019999999,4.297
"[4.298, 4.299)",0.030989194999999997,4.298
"[4.299, 4.3)",0.03288575,4.299
"[4.3, 4.301)",0.0157001706,4.3
"[4.301, 4.3020000000000005)",0.03884485025,4.301
"[4.3020000000000005, 4.303)",0.008904126599999998,4.302
"[4.303, 4.304)",0.013779738833333334,4.303
"[4.304, 4.305)",0.021058622899999997,4.304
"[4.305, 4.306)",0.015271093333333333,4.305
"[4.306, 4.307)",0.018294854,4.306
"[4.307, 4.308)",0.047233915749999994,4.307
"[4.308, 4.309)",0.015501605,4.308
"[4.309, 4.3100000000000005)",0.0025680075,4.309
"[4.3100000000000005, 4.311)",0.0202247536,4.31
"[4.311, 4.312)",0.015207312166666667,4.311
"[4.312, 4.313)",0.0038390012,4.312
"[4.313, 4.314)",0.002197359,4.313
"[4.314, 4.315)",0.000540833,4.314
"[4.315, 4.316)",0.0191487,4.315
"[4.316, 4.317)",0.04567584433333333,4.316
"[4.317, 4.3180000000000005)",0.003222285,4.317
"[4.3180000000000005, 4.319)",0.041062039999999994,4.318
"[4.319, 4.32)",0.09066379324999999,4.319
"[4.32, 4.321)",0.045861276666666666,4.32
"[4.321, 4.322)",0.12744620666666667,4.321
"[4.322, 4.323)",0.01401309,4.322
"[4.323, 4.324)",0.014589331,4.323
"[4.324, 4.325)",0.040724391,4.324
"[4.325, 4.3260000000000005)",0.013259595888888889,4.325
"[4.3260000000000005, 4.327)",0.0007663934999999999,4.326
"[4.327, 4.328)",0.016644875,4.327
"[4.328, 4.329)",0.014199573333333333,4.328
"[4.329, 4.33)",0.02311492075,4.329
"[4.33, 4.331)",0.016058124714285717,4.33
"[4.331, 4.332)",0.00443038,4.331
"[4.332, 4.333)",0.003110087666666667,4.332
"[4.333, 4.3340000000000005)",0.01646269,4.333
"[4.3340000000000005, 4.335)",0.01509547,4.334
"[4.335, 4.336)",0.00238379,4.335
"[4.336, 4.337)",0.0027562457499999997,4.336
"[4.337, 4.338)",0.011425183200000001,4.337
"[4.338, 4.339)",0.003986015,4.338
"[4.339, 4.34)",0.01205909885714286,4.339
"[4.34, 4.341)",0.01927625825,4.34
"[4.341, 4.3420000000000005)",0.019728826666666668,4.341
"[4.3420000000000005, 4.343)",0.0193294,4.342
"[4.343, 4.344)",0.07342425000000001,4.343
"[4.344, 4.345)",0.03720054075,4.344
"[4.345, 4.346)",0.0006074271399999999,4.345
"[4.346, 4.347)",0.00800455,4.346
"[4.347, 4.348)",0.0575746,4.347
"[4.348, 4.349)",0.013484755,4.348
"[4.349, 4.3500000000000005)",0.004701556600000001,4.349
"[4.3500000000000005, 4.351)",0.1009636,4.35
"[4.351, 4.352)",0.0668592,4.351
"[4.352, 4.353)",0.021927020000000002,4.352
"[4.353, 4.354)",0.062907854,4.353
"[4.354, 4.355)",0.0023829775000000003,4.354
"[4.355, 4.356)",0.00367197,4.355
"[4.356, 4.357)",0.02492718825,4.356
"[4.357, 4.358)",0.021131363333333333,4.357
"[4.358, 4.359)",0.07351102666666666,4.358
"[4.359, 4.36)",0.00695750325,4.359
"[4.36, 4.361)",0.0615079,4.36
"[4.361, 4.362)",0.004900872666666667,4.361
"[4.362, 4.363)",0.0399990226,4.362
"[4.363, 4.364)",0.166851,4.363
"[4.364, 4.365)",0.005805216666666667,4.364
"[4.365, 4.366)",0.031569904,4.365
"[4.366, 4.367)",0.037517749999999996,4.366
"[4.367, 4.368)",0.0008241265000000001,4.367
"[4.368, 4.369)",0.021560628,4.368
"[4.369, 4.37)",0.013083045,4.369
"[4.37, 4.371)",0.05670717288888887,4.37
"[4.371, 4.372)",0.046944888666666656,4.371
"[4.372, 4.373)",0.00290495,4.372
"[4.373, 4.374)",0.049705055000000005,4.373
"[4.374, 4.375)",0.10784238333333333,4.374
"[4.375, 4.376)",0.009913623333333331,4.375
"[4.376, 4.377)",0.04224576666666666,4.376
"[4.377, 4.378)",0.0133530185,4.377
"[4.378, 4.3790000000000004)",0.022673177666666666,4.378
"[4.3790000000000004, 4.38)",0.05974086,4.379
"[4.38, 4.381)",0.07527404325,4.38
"[4.381, 4.382)",0.025052168833333333,4.381
"[4.382, 4.383)",0.017836177666666665,4.382
"[4.383, 4.384)",0.0028654690000000003,4.383
"[4.384, 4.385)",0.0056091172,4.384
"[4.385, 4.386)",0.01085853075,4.385
"[4.386, 4.3870000000000005)",0.002564606666666667,4.386
"[4.3870000000000005, 4.388)",0.0197681665,4.387
"[4.388, 4.389)",0.023658341750000002,4.388
"[4.389, 4.39)",0.057867249999999995,4.389
"[4.39, 4.391)",0.009783062,4.39
"[4.391, 4.392)",0.00611486,4.391
"[4.392, 4.393)",0.0036163224285714287,4.392
"[4.393, 4.394)",0.0134561,4.393
"[4.394, 4.3950000000000005)",0.007389553183333334,4.394
"[4.3950000000000005, 4.396)",0.16149848,4.395
"[4.396, 4.397)",0.00711663575,4.396
"[4.397, 4.398)",0.08179374433333332,4.397
"[4.398, 4.399)",0.0039072049999999995,4.398
"[4.399, 4.4)",0.0024577843333333333,4.399
"[4.4, 4.401)",0.2760674,4.4
"[4.401, 4.402)",0.0029988906,4.401
"[4.402, 4.4030000000000005)",0.00357441225,4.402
"[4.4030000000000005, 4.404)",0.0027140965333333333,4.403
"[4.404, 4.405)",0.00986507,4.404
"[4.405, 4.406)",0.0172455,4.405
"[4.406, 4.407)",0.028655,4.406
"[4.407, 4.408)",0.015090244333333334,4.407
"[4.408, 4.409)",0.00678375518,4.408
"[4.409, 4.41)",0.026478561274999996,4.409
"[4.41, 4.4110000000000005)",0.013446412,4.41
"[4.4110000000000005, 4.412)",0.0302235665,4.411
"[4.412, 4.413)",0.0467314,4.412
"[4.413, 4.414)",0.0011212365,4.413
"[4.414, 4.415)",0.009822471000000001,4.414
"[4.415, 4.416)",0.016194288666666667,4.415
"[4.416, 4.417)",0.0386861665,4.416
"[4.417, 4.418)",0.064528,4.417
"[4.418, 4.4190000000000005)",0.00930274,4.418
"[4.4190000000000005, 4.42)",0.01832106,4.419
"[4.42, 4.421)",0.000540833,4.42
"[4.421, 4.422)",0.026463325000000003,4.421
"[4.422, 4.423)",0.008330750999999999,4.422
"[4.423, 4.424)",0.0289024922,4.423
"[4.424, 4.425)",0.000540833,4.424
"[4.425, 4.426)",0.0301018,4.425
"[4.426, 4.4270000000000005)",0.0010762806,4.426
"[4.4270000000000005, 4.428)",0.0020521346,4.427
"[4.428, 4.429)",0.05233809716666666,4.428
"[4.429, 4.43)",0.0014827775,4.429
"[4.43, 4.431)",0.004007939999999999,4.43
"[4.432, 4.433)",0.016207883399999998,4.431
"[4.433, 4.434)",0.0240052,4.432
"[4.434, 4.4350000000000005)",0.0343652106,4.433
"[4.4350000000000005, 4.436)",0.00110742,4.434
"[4.436, 4.437)",0.285714,4.435
"[4.437, 4.438)",0.09340839459999999,4.436
"[4.439, 4.44)",0.0682865,4.437
"[4.44, 4.441)",0.0028543965,4.438
"[4.441, 4.442)",0.009692527666666666,4.439
"[4.442, 4.4430000000000005)",0.04590744166666667,4.44
"[4.4430000000000005, 4.444)",0.0028908349999999996,4.441
"[4.444, 4.445)",0.0011345728000000002,4.442
"[4.446, 4.447)",0.08879008000000001,4.443
"[4.447, 4.448)",0.00509831,4.444
"[4.448, 4.449)",0.028068288250000004,4.445
"[4.449, 4.45)",0.010841701,4.446
"[4.45, 4.4510000000000005)",0.029669723999999998,4.447
"[4.4510000000000005, 4.452)",0.027047355,4.448
"[4.452, 4.453)",0.028121,4.449
"[4.453, 4.454)",0.06344473216666667,4.45
"[4.454, 4.455)",0.015509400000000001,4.451
"[4.455, 4.456)",0.06252921333333333,4.452
"[4.456, 4.457)",0.026996500000000003,4.453
"[4.457, 4.458)",0.00170164,4.454
"[4.458, 4.4590000000000005)",0.018179404333333333,4.455
"[4.4590000000000005, 4.46)",0.004772875750000001,4.456
"[4.46, 4.461)",0.01130935,4.457
"[4.461, 4.462)",0.015416,4.458
"[4.462, 4.463)",0.015876725,4.459
"[4.463, 4.464)",0.005288245,4.46
"[4.464, 4.465)",0.00298151,4.461
"[4.465, 4.466)",0.0022248965,4.462
"[4.466, 4.4670000000000005)",0.0047014345,4.463
"[4.4670000000000005, 4.468)",0.068433405,4.464
"[4.468, 4.469)",0.00601557,4.465
"[4.469, 4.47)",0.013440865,4.466
"[4.47, 4.471)",0.008407345,4.467
"[4.471, 4.472)",0.0250556165,4.468
"[4.472, 4.473)",0.02486801,4.469
"[4.473, 4.474)",0.01494967,4.47
"[4.474, 4.4750000000000005)",0.042818049999999996,4.471
"[4.4750000000000005, 4.476)",0.022249799999999997,4.472
"[4.476, 4.477)",0.232558,4.473
"[4.477, 4.478)",0.1641845575,4.474
"[4.478, 4.479)",0.0020544,4.475
"[4.479, 4.48)",0.02571416825,4.476
"[4.48, 4.481)",0.0052931706,4.477
"[4.481, 4.482)",0.011784473833333335,4.478
"[4.482, 4.483)",0.008025582719999999,4.479
"[4.483, 4.484)",0.0079362915,4.48
"[4.484, 4.485)",0.0157704275,4.481
"[4.485, 4.486)",0.247238505,4.482
"[4.486, 4.487)",0.00367197,4.483
"[4.487, 4.488)",0.0036754064999999997,4.484
"[4.488, 4.489)",0.011920973333333333,4.485
"[4.489, 4.49)",0.09264283575,4.486
"[4.49, 4.491)",0.0268532825,4.487
"[4.491, 4.492)",0.019260485,4.488
"[4.492, 4.493)",0.00110742,4.489
"[4.493, 4.494)",0.0031609485,4.49
"[4.494, 4.495)",0.05028093325,4.491
"[4.495, 4.496)",0.018025680183333333,4.492
"[4.496, 4.497)",0.07019249999999999,4.493
"[4.497, 4.498)",0.00929589,4.494
"[4.498, 4.499)",0.061562599999999995,4.495
"[4.499, 4.5)",0.0147333,4.496
"[4.5, 4.501)",0.000625,4.497
"[4.501, 4.502)",0.030282450000000002,4.498
"[4.503, 4.5040000000000004)",0.0010495443333333333,4.499
"[4.505, 4.506)",0.20187796649999998,4.5
"[4.506, 4.507)",0.0074811665,4.501
"[4.507, 4.508)",0.0331971066,4.502
"[4.508, 4.509)",0.0026075415,4.503
"[4.509, 4.51)",0.011155134333333332,4.504
"[4.51, 4.511)",0.014385356419999999,4.505
"[4.511, 4.5120000000000005)",0.0019971376666666667,4.506
"[4.5120000000000005, 4.513)",0.0157841,4.507
"[4.513, 4.514)",0.00497067,4.508
"[4.515, 4.516)",0.01335451,4.509
"[4.516, 4.517)",0.0017330451428571431,4.51
"[4.517, 4.518)",0.00171101,4.511
"[4.518, 4.519)",0.046444048,4.512
"[4.519, 4.5200000000000005)",0.005191021999999999,4.513
"[4.5200000000000005, 4.521)",0.0785579,4.514
"[4.521, 4.522)",0.008863577433333334,4.515
"[4.522, 4.523)",0.3335430860333333,4.516
"[4.523, 4.524)",0.0017377465,4.517
"[4.524, 4.525)",0.001985205,4.518
"[4.525, 4.526)",0.00123115,4.519
"[4.526, 4.527)",0.12836543324999997,4.52
"[4.527, 4.5280000000000005)",0.0002704165,4.521
"[4.529, 4.53)",0.0163796055,4.522
"[4.53, 4.531)",0.00170164,4.523
"[4.531, 4.532)",0.015215556666666664,4.524
"[4.532, 4.533)",0.06144852666666667,4.525
"[4.533, 4.534)",0.00467425,4.526
"[4.534, 4.535)",0.0362258,4.527
"[4.535, 4.5360000000000005)",0.057206635,4.528
"[4.5360000000000005, 4.537)",0.025570059999999995,4.529
"[4.537, 4.538)",0.1953811,4.53
"[4.538, 4.539)",0.0003236675,4.531
"[4.539, 4.54)",0.007793817999999999,4.532
"[4.54, 4.541)",0.004656675,4.533
"[4.541, 4.542)",0.005055951499999999,4.534
"[4.543, 4.5440000000000005)",0.019716311,4.535
"[4.5440000000000005, 4.545)",0.06955298133333333,4.536
"[4.545, 4.546)",0.009829425,4.537
"[4.546, 4.547)",0.011178095,4.538
"[4.547, 4.548)",0.002629091,4.539
"[4.548, 4.549)",0.050278250857142874,4.54
"[4.549, 4.55)",0.02786445,4.541
"[4.55, 4.551)",0.0716699165,4.542
"[4.551, 4.5520000000000005)",0.0029346600000000004,4.543
"[4.5520000000000005, 4.553)",0.001630571333333333,4.544
"[4.553, 4.554)",0.004422257,4.545
"[4.554, 4.555)",0.0037212676666666666,4.546
"[4.555, 4.556)",0.036777705,4.547
"[4.556, 4.557)",0.00422152,4.548
"[4.557, 4.558)",0.02951139,4.549
"[4.558, 4.559)",0.000373936,4.55
"[4.559, 4.5600000000000005)",0.007702977666666666,4.551
"[4.5600000000000005, 4.561)",0.0005829165,4.552
"[4.561, 4.562)",0.00617849,4.553
"[4.562, 4.563)",0.0466952,4.554
"[4.563, 4.564)",0.00110742,4.555
"[4.564, 4.565)",0.004853095,4.556
"[4.566, 4.567)",0.0037038224999999996,4.557
"[4.567, 4.5680000000000005)",0.00693999825,4.558
"[4.5680000000000005, 4.569)",0.10532459999999999,4.559
"[4.569, 4.57)",0.09464932000000001,4.56
"[4.57, 4.571)",0.00110742,4.561
"[4.571, 4.572)",0.00027831055,4.562
"[4.572, 4.573)",0.0008241265000000001,4.563
"[4.573, 4.574)",0.000540833,4.564
"[4.574, 4.575)",0.00614012575,4.565
"[4.575, 4.5760000000000005)",0.0038365,4.566
"[4.5760000000000005, 4.577)",0.00645161,4.567
"[4.577, 4.578)",0.008857405,4.568
"[4.578, 4.579)",0.00450694,4.569
"[4.579, 4.58)",0.004330446666666667,4.57
"[4.58, 4.581)",0.0006161405,4.571
"[4.582, 4.583)",0.079999344,4.572
"[4.583, 4.5840000000000005)",0.0032748939999999995,4.573
"[4.5840000000000005, 4.585)",0.0142458906,4.574
"[4.586, 4.587)",0.00110742,4.575
"[4.587, 4.588)",0.007110035,4.576
"[4.588, 4.589)",0.01474954605,4.577
"[4.59, 4.591)",0.013000533333333333,4.578
"[4.591, 4.5920000000000005)",0.2444564165,4.579
"[4.5920000000000005, 4.593)",0.0026618334999999995,4.58
"[4.593, 4.594)",0.0007296953333333333,4.581
"[4.594, 4.595)",0.018332035000000003,4.582
"[4.595, 4.596)",0.000540833,4.583
"[4.596, 4.597)",0.24764911499999998,4.584
"[4.597, 4.598)",0.00110742,4.585
"[4.598, 4.599)",0.00226757,4.586
"[4.599, 4.6000000000000005)",0.002997685333333333,4.587
"[4.6000000000000005, 4.601)",0.0475393,4.588
"[4.601, 4.602)",0.00031462905,4.589
"[4.604, 4.605)",0.0335309,4.59
"[4.605, 4.606)",0.016554151,4.591
"[4.606, 4.607)",0.226757,4.592
"[4.6080000000000005, 4.609)",0.00110742,4.593
"[4.609, 4.61)",0.0041124314999999995,4.594
"[4.61, 4.611)",0.027263326500000004,4.595
"[4.611, 4.612)",0.08842921100000001,4.596
"[4.612, 4.613)",0.0481177,4.597
"[4.613, 4.614)",0.02673396825,4.598
"[4.614, 4.615)",0.09040026383333333,4.599
"[4.615, 4.616)",0.0496621,4.6
"[4.616, 4.617)",0.12061205,4.601
"[4.617, 4.618)",0.0050106176666666665,4.602
"[4.618, 4.619)",0.00783645,4.603
"[4.62, 4.621)",0.0171215,4.604
"[4.621, 4.622)",0.002048685,4.605
"[4.622, 4.623)",0.013042141333333333,4.606
"[4.623, 4.624)",0.003310735,4.607
"[4.624, 4.625)",0.0041539866666666665,4.608
"[4.625, 4.626)",0.00110742,4.609
"[4.626, 4.627)",0.00467425,4.61
"[4.627, 4.628)",0.008547,4.611
"[4.6290000000000004, 4.63)",0.004005951,4.612
"[4.63, 4.631)",0.00714585775,4.613
"[4.631, 4.632)",0.00830368,4.614
"[4.632, 4.633)",0.0024223825,4.615
"[4.633, 4.634)",0.00160392,4.616
"[4.634, 4.635)",0.007887410000000001,4.617
"[4.635, 4.636)",0.08988160666666667,4.618
"[4.636, 4.6370000000000005)",0.01633737075,4.619
"[4.6370000000000005, 4.638)",0.000640359,4.62
"[4.638, 4.639)",0.000540833,4.621
"[4.639, 4.64)",0.0917499,4.622
"[4.64, 4.641)",0.0469011,4.623
"[4.641, 4.642)",0.020094362499999997,4.624
"[4.642, 4.643)",0.00800455,4.625
"[4.643, 4.644)",0.0225479066,4.626
"[4.644, 4.6450000000000005)",0.041493,4.627
"[4.6450000000000005, 4.646)",0.0026496249999999996,4.628
"[4.646, 4.647)",0.0237489,4.629
"[4.647, 4.648)",0.00226757,4.63
"[4.648, 4.649)",0.000540833,4.631
"[4.649, 4.65)",0.0022421607499999996,4.632
"[4.65, 4.651)",0.0246545,4.633
"[4.651, 4.652)",0.0029524065,4.634
"[4.652, 4.6530000000000005)",0.010582,4.635
"[4.6530000000000005, 4.654)",0.1108347975,4.636
"[4.654, 4.655)",0.002442,4.637
"[4.655, 4.656)",0.0495597,4.638
"[4.656, 4.657)",0.05048715,4.639
"[4.657, 4.658)",0.00128381825,4.64
"[4.658, 4.659)",0.019502059999999998,4.641
"[4.659, 4.66)",0.0063927,4.642
"[4.66, 4.6610000000000005)",0.00833591,4.643
"[4.6610000000000005, 4.662)",0.0157272225,4.644
"[4.662, 4.663)",0.027905015499999998,4.645
"[4.664, 4.665)",0.008010095,4.646
"[4.665, 4.666)",0.01361661,4.647
"[4.666, 4.667)",0.016784326999999998,4.648
"[4.667, 4.668)",0.00711633075,4.649
"[4.6690000000000005, 4.67)",0.00104085,4.65
"[4.67, 4.671)",0.003024975,4.651
"[4.671, 4.672)",0.016778039999999998,4.652
"[4.672, 4.673)",0.000540833,4.653
"[4.673, 4.674)",0.00110742,4.654
"[4.674, 4.675)",0.0177017,4.655
"[4.675, 4.676)",0.009458955,4.656
"[4.676, 4.6770000000000005)",0.0718608,4.657
"[4.6770000000000005, 4.678)",0.006937853333333334,4.658
"[4.678, 4.679)",0.00319836325,4.659
"[4.679, 4.68)",0.002854866666666666,4.66
"[4.68, 4.681)",0.00954085,4.661
"[4.681, 4.682)",0.00232558,4.662
"[4.682, 4.683)",0.06589653333333333,4.663
"[4.683, 4.684)",0.0021059299999999998,4.664
"[4.684, 4.6850000000000005)",0.000540833,4.665
"[4.686, 4.687)",0.0,4.666
"[4.687, 4.688)",0.00293382,4.667
"[4.688, 4.689)",0.03696,4.668
"[4.689, 4.69)",0.018776005,4.669
"[4.69, 4.691)",0.000540833,4.67
"[4.691, 4.692)",0.00226757,4.671
"[4.692, 4.6930000000000005)",0.0135269586,4.672
"[4.6930000000000005, 4.694)",0.000441422,4.673
"[4.694, 4.695)",0.0033157833333333337,4.674
"[4.695, 4.696)",0.02106945,4.675
"[4.696, 4.697)",0.0303826,4.676
"[4.697, 4.698)",0.06296573666666667,4.677
"[4.698, 4.699)",0.00788851325,4.678
"[4.699, 4.7)",0.005327159999999999,4.679
"[4.7, 4.7010000000000005)",0.023200233333333334,4.68
"[4.7010000000000005, 4.702)",0.0031858665,4.681
"[4.702, 4.703)",0.488372,4.682
"[4.703, 4.704)",0.00531428,4.683
"[4.704, 4.705)",0.01970262,4.684
"[4.705, 4.706)",0.0020544,4.685
"[4.706, 4.707)",0.044237592500000006,4.686
"[4.707, 4.708)",0.02968536383333333,4.687
"[4.708, 4.7090000000000005)",0.00103111,4.688
"[4.7090000000000005, 4.71)",0.00110742,4.689
"[4.71, 4.711)",0.0309936,4.69
"[4.711, 4.712)",0.00232558,4.691
"[4.712, 4.713)",0.00170164,4.692
"[4.713, 4.714)",0.03539459566666667,4.693
"[4.714, 4.715)",0.0285195,4.694
"[4.715, 4.716)",0.009066693333333332,4.695
"[4.716, 4.7170000000000005)",0.0007296953333333333,4.696
"[4.7170000000000005, 4.718)",0.0033547176666666664,4.697
"[4.718, 4.719)",0.0218312965,4.698
"[4.719, 4.72)",0.004359175,4.699
"[4.721, 4.722)",0.019112511,4.7
"[4.722, 4.723)",0.006258026,4.701
"[4.723, 4.724)",0.00392157,4.702
"[4.724, 4.7250000000000005)",0.001037602,4.703
"[4.7250000000000005, 4.726)",0.053467,4.704
"[4.726, 4.727)",0.027286751199999994,4.705
"[4.728, 4.729)",0.0262886,4.706
"[4.729, 4.73)",0.0026494,4.707
"[4.73, 4.731)",0.00420663,4.708
"[4.731, 4.732)",0.004865626666666667,4.709
"[4.732, 4.7330000000000005)",0.0186212,4.71
"[4.7330000000000005, 4.734)",0.00356521,4.711
"[4.734, 4.735)",0.0017611715000000001,4.712
"[4.735, 4.736)",0.032638944333333336,4.713
"[4.737, 4.738)",0.0066583165,4.714
"[4.739, 4.74)",0.0528154786,4.715
"[4.74, 4.741)",0.000540833,4.716
"[4.741, 4.742)",0.006386575,4.717
"[4.742, 4.743)",0.015946983333333335,4.718
"[4.743, 4.744)",0.0017325105,4.719
"[4.744, 4.745)",0.00110742,4.72
"[4.745, 4.746)",0.008190756666666667,4.721
"[4.746, 4.747)",0.35601062499999997,4.722
"[4.748, 4.749)",0.008788210000000001,4.723
"[4.749, 4.75)",0.10239791649999999,4.724
"[4.75, 4.751)",0.00412382,4.725
"[4.752, 4.753)",0.000540833,4.726
"[4.753, 4.7540000000000004)",0.008060023714285715,4.727
"[4.7540000000000004, 4.755)",0.0120182,4.728
"[4.755, 4.756)",0.000540833,4.729
"[4.757, 4.758)",0.00110742,4.73
"[4.758, 4.759)",0.00298151,4.731
"[4.759, 4.76)",0.022067141666666665,4.732
"[4.76, 4.761)",0.005890684333333333,4.733
"[4.7620000000000005, 4.763)",0.011286035,4.734
"[4.763, 4.764)",0.025850804714285712,4.735
"[4.764, 4.765)",0.009231637666666667,4.736
"[4.766, 4.767)",0.00170164,4.737
"[4.767, 4.768)",0.0011399815,4.738
"[4.768, 4.769)",0.0014332065,4.739
"[4.769, 4.7700000000000005)",0.021411147499999998,4.74
"[4.7700000000000005, 4.771)",0.034695,4.741
"[4.771, 4.772)",0.012168199999999999,4.742
"[4.772, 4.773)",0.00160101,4.743
"[4.773, 4.774)",0.0257683,4.744
"[4.774, 4.775)",0.0174686665,4.745
"[4.775, 4.776)",0.024024,4.746
"[4.776, 4.777)",0.00110742,4.747
"[4.777, 4.7780000000000005)",0.000540833,4.748
"[4.779, 4.78)",0.000540833,4.749
"[4.78, 4.781)",0.037434850000000006,4.75
"[4.781, 4.782)",0.005345144333333333,4.751
"[4.782, 4.783)",0.00367197,4.752
"[4.783, 4.784)",0.0046347875,4.753
"[4.784, 4.785)",0.011907976666666665,4.754
"[4.785, 4.7860000000000005)",0.000540833,4.755
"[4.7860000000000005, 4.787)",0.004244805,4.756
"[4.787, 4.788)",0.06732221,4.757
"[4.788, 4.789)",0.01828093,4.758
"[4.789, 4.79)",0.0019186386666666666,4.759
"[4.79, 4.791)",0.00248749,4.76
"[4.791, 4.792)",0.04148501066666666,4.761
"[4.792, 4.793)",0.155674,4.762
"[4.7940000000000005, 4.795)",0.03854238325,4.763
"[4.795, 4.796)",0.138462,4.764
"[4.796, 4.797)",0.0398564,4.765
"[4.797, 4.798)",0.0052704165,4.766
"[4.799, 4.8)",0.350762,4.767
"[4.8, 4.801)",0.11575945,4.768
"[4.801, 4.8020000000000005)",0.232558,4.769
"[4.8020000000000005, 4.803)",0.09464580666666667,4.77
"[4.803, 4.804)",0.0064805965000000005,4.771
"[4.804, 4.805)",0.0649559,4.772
"[4.805, 4.806)",0.0103794525,4.773
"[4.806, 4.807)",0.014016208366666666,4.774
"[4.808, 4.809)",0.010728096000000001,4.775
"[4.809, 4.8100000000000005)",0.583333,4.776
"[4.8100000000000005, 4.811)",0.050030253250000004,4.777
"[4.811, 4.812)",0.01431014042857143,4.778
"[4.812, 4.813)",0.00332674,4.779
"[4.813, 4.814)",0.003902621,4.78
"[4.814, 4.815)",0.000211372,4.781
"[4.815, 4.816)",0.0533837,4.782
"[4.816, 4.817)",0.020680013333333334,4.783
"[4.817, 4.8180000000000005)",0.006778215000000001,4.784
"[4.819, 4.82)",0.00110742,4.785
"[4.82, 4.821)",0.010103286500000001,4.786
"[4.821, 4.822)",0.16005470000000002,4.787
"[4.822, 4.823)",0.000540833,4.788
"[4.823, 4.824)",0.008275646666666667,4.789
"[4.824, 4.825)",0.000540833,4.79
"[4.825, 4.8260000000000005)",0.0026494,4.791
"[4.8260000000000005, 4.827)",0.007555126666666666,4.792
"[4.827, 4.828)",0.0145027,4.793
"[4.828, 4.829)",0.008768922,4.794
"[4.829, 4.83)",0.000540833,4.795
"[4.83, 4.831)",0.00467425,4.796
"[4.831, 4.832)",0.03768180825,4.797
"[4.832, 4.833)",0.03964256666666666,4.798
"[4.8340000000000005, 4.835)",0.0026494,4.799
"[4.835, 4.836)",0.0256791,4.8
"[4.836, 4.837)",0.015025205000000002,4.801
"[4.837, 4.838)",0.004976250000000001,4.802
"[4.838, 4.839)",0.002834483066666667,4.803
"[4.839, 4.84)",0.0011212365,4.804
"[4.84, 4.841)",0.004703795,4.805
"[4.8420000000000005, 4.843)",0.010556300420000001,4.806
"[4.843, 4.844)",0.362267,4.807
"[4.845, 4.846)",0.02097138,4.808
"[4.846, 4.847)",0.017291446499999998,4.809
"[4.847, 4.848)",0.00298151,4.81
"[4.848, 4.849)",0.0129961925,4.811
"[4.849, 4.8500000000000005)",0.186183,4.812
"[4.8500000000000005, 4.851)",0.00025025,4.813
"[4.851, 4.852)",0.005526895666666667,4.814
"[4.852, 4.853)",0.0064138665,4.815
"[4.854, 4.855)",0.0522154165,4.816
"[4.856, 4.857)",0.022965806666666668,4.817
"[4.857, 4.8580000000000005)",0.0029872165,4.818
"[4.8580000000000005, 4.859)",0.0103200665,4.819
"[4.859, 4.86)",0.00243652075,4.82
"[4.86, 4.861)",0.000566893,4.821
"[4.861, 4.862)",0.00170164,4.822
"[4.862, 4.863)",0.122693,4.823
"[4.863, 4.864)",0.013222610000000001,4.824
"[4.864, 4.865)",0.232558,4.825
"[4.866, 4.867)",0.05984307,4.826
"[4.867, 4.868)",0.0334849775,4.827
"[4.868, 4.869)",0.006172185,4.828
"[4.869, 4.87)",0.009561775,4.829
"[4.87, 4.871)",0.16111873,4.83
"[4.871, 4.872)",0.0008511364999999999,4.831
"[4.873, 4.874)",0.02444527,4.832
"[4.874, 4.875)",0.0008241265000000001,4.833
"[4.876, 4.877)",0.00218124,4.834
"[4.877, 4.878)",0.00929935,4.835
"[4.878, 4.8790000000000004)",0.057685066666666666,4.836
"[4.8790000000000004, 4.88)",0.002238137,4.837
"[4.88, 4.881)",0.0005538629999999999,4.838
"[4.881, 4.882)",0.109592,4.839
"[4.882, 4.883)",0.04280493333333333,4.84
"[4.883, 4.884)",0.016469,4.841
"[4.884, 4.885)",0.00619829,4.842
"[4.885, 4.886)",0.00569395,4.843
"[4.886, 4.8870000000000005)",0.0362258,4.844
"[4.8870000000000005, 4.888)",0.025544320000000002,4.845
"[4.888, 4.889)",0.0276534,4.846
"[4.889, 4.89)",0.0034427633333333333,4.847
"[4.89, 4.891)",0.08027562675000001,4.848
"[4.891, 4.892)",8.84251e-5,4.849
"[4.894, 4.8950000000000005)",0.00170164,4.85
"[4.8950000000000005, 4.896)",0.044562775,4.851
"[4.896, 4.897)",0.003841575,4.852
"[4.897, 4.898)",0.01882321,4.853
"[4.898, 4.899)",0.3379861,4.854
"[4.9, 4.901)",0.000540833,4.855
"[4.901, 4.902)",0.03743265,4.856
"[4.902, 4.9030000000000005)",0.031676708600000006,4.857
"[4.9030000000000005, 4.904)",0.0029828915000000003,4.858
"[4.904, 4.905)",0.0401786,4.859
"[4.905, 4.906)",0.008138011,4.86
"[4.907, 4.908)",1.0,4.861
"[4.908, 4.909)",0.00934416,4.862
"[4.91, 4.9110000000000005)",0.0104389,4.863
"[4.9110000000000005, 4.912)",0.017736073333333335,4.864
"[4.913, 4.914)",0.001952555,4.865
"[4.914, 4.915)",0.02203095,4.866
"[4.915, 4.916)",0.00383701,4.867
"[4.917, 4.918)",0.004449924333333333,4.868
"[4.918, 4.9190000000000005)",0.5068226,4.869
"[4.9190000000000005, 4.92)",0.10467934133333333,4.87
"[4.92, 4.921)",0.00312103,4.871
"[4.921, 4.922)",0.009700214,4.872
"[4.925, 4.926)",0.002244545,4.873
"[4.926, 4.9270000000000005)",0.00110742,4.874
"[4.9270000000000005, 4.928)",0.0205322,4.875
"[4.928, 4.929)",0.002044465,4.876
"[4.929, 4.93)",0.0016103732500000003,4.877
"[4.931, 4.932)",0.0706907,4.878
"[4.932, 4.933)",0.016677980999999998,4.879
"[4.933, 4.934)",0.020227945,4.88
"[4.934, 4.9350000000000005)",0.01483554,4.881
"[4.9350000000000005, 4.936)",0.0561237,4.882
"[4.936, 4.937)",0.00110742,4.883
"[4.937, 4.938)",0.0207840165,4.884
"[4.939, 4.94)",0.01680661,4.885
"[4.94, 4.941)",0.05603327975,4.886
"[4.941, 4.942)",0.272293,4.887
"[4.942, 4.9430000000000005)",0.0019652849999999998,4.888
"[4.9430000000000005, 4.944)",0.09261575,4.889
"[4.944, 4.945)",0.0817646445,4.89
"[4.945, 4.946)",0.01806147,4.891
"[4.946, 4.947)",0.001478328,4.892
"[4.947, 4.948)",0.00200407825,4.893
"[4.948, 4.949)",0.0,4.894
"[4.949, 4.95)",0.03956825,4.895
"[4.95, 4.9510000000000005)",0.0592587,4.896
"[4.9510000000000005, 4.952)",0.000991954,4.897
"[4.952, 4.953)",0.048144664000000004,4.898
"[4.953, 4.954)",0.000902256,4.899
"[4.955, 4.956)",0.0030643709999999998,4.9
"[4.956, 4.957)",0.01091065,4.901
"[4.957, 4.958)",0.583333,4.902
"[4.958, 4.9590000000000005)",0.040508366500000004,4.903
"[4.9590000000000005, 4.96)",0.041038859999999996,4.904
"[4.96, 4.961)",0.0334066,4.905
"[4.961, 4.962)",0.00602905,4.906
"[4.962, 4.963)",0.004221132000000001,4.907
"[4.963, 4.964)",0.00944798,4.908
"[4.964, 4.965)",0.000540833,4.909
"[4.965, 4.966)",0.01230635,4.91
"[4.966, 4.9670000000000005)",0.011362613333333334,4.911
"[4.9670000000000005, 4.968)",0.00794631,4.912
"[4.968, 4.969)",0.000566893,4.913
"[4.969, 4.97)",0.0008241265000000001,4.914
"[4.97, 4.971)",0.11631783333333333,4.915
"[4.972, 4.973)",0.00203114,4.916
"[4.973, 4.974)",0.0332443,4.917
"[4.974, 4.9750000000000005)",0.00391914,4.918
"[4.976, 4.977)",0.00587002,4.919
"[4.977, 4.978)",0.00232558,4.92
"[4.979, 4.98)",0.05425595,4.921
"[4.98, 4.981)",0.05079515,4.922
"[4.981, 4.982)",0.013286021499999998,4.923
"[4.982, 4.9830000000000005)",0.008086403,4.924
"[4.9830000000000005, 4.984)",0.000540833,4.925
"[4.984, 4.985)",0.022163251,4.926
"[4.986, 4.987)",0.102069,4.927
"[4.987, 4.988)",0.08791701666666667,4.928
"[4.988, 4.989)",0.00836164,4.929
"[4.989, 4.99)",0.01242669333333333,4.93
"[4.99, 4.9910000000000005)",0.00110742,4.931
"[4.9910000000000005, 4.992)",0.02486292355,4.932
"[4.992, 4.993)",0.0432628,4.933
"[4.993, 4.994)",0.0323198,4.934
"[4.995, 4.996)",0.0066148276666666665,4.935
"[4.996, 4.997)",0.0027046915,4.936
"[4.997, 4.998)",0.00298151,4.937
"[4.998, 4.999)",0.059843766666666666,4.938
"[4.999, 5.0)",0.05972639,4.939
"[5.0, 5.001)",0.13234738499999998,4.94
"[5.001, 5.002)",0.00232558,4.941
"[5.002, 5.003)",0.17093415,4.942
"[5.006, 5.007)",0.0075188,4.943
"[5.008, 5.009)",0.000422778,4.944
"[5.009, 5.01)",0.0070390982500000004,4.945
"[5.01, 5.011)",0.006163276666666666,4.946
"[5.011, 5.0120000000000005)",0.00224982,4.947
"[5.013, 5.014)",0.02321039,4.948
"[5.014, 5.015)",0.0014249902500000002,4.949
"[5.016, 5.017)",0.05386093,4.95
"[5.017, 5.018)",0.0162162,4.951
"[5.018, 5.019)",0.000893272,4.952
"[5.019, 5.0200000000000005)",0.00232558,4.953
"[5.0200000000000005, 5.021)",0.0114379,4.954
"[5.022, 5.023)",0.00610501,4.955
"[5.023, 5.024)",0.016125960666666665,4.956
"[5.024, 5.025)",0.0460705,4.957
"[5.026, 5.027)",0.0035495350000000004,4.958
"[5.027, 5.0280000000000005)",0.042096173249999994,4.959
"[5.0280000000000005, 5.029)",0.0416827,4.96
"[5.029, 5.03)",0.01491535,4.961
"[5.03, 5.031)",0.0012116050000000001,4.962
"[5.031, 5.032)",0.0017611715000000001,4.963
"[5.032, 5.033)",0.25919665000000003,4.964
"[5.033, 5.034)",0.000523697,4.965
"[5.034, 5.035)",0.0171215,4.966
"[5.035, 5.0360000000000005)",0.00748578,4.967
"[5.0360000000000005, 5.037)",0.00945503,4.968
"[5.037, 5.038)",0.0012861223333333332,4.969
"[5.038, 5.039)",0.048332925,4.97
"[5.039, 5.04)",0.13394214,4.971
"[5.04, 5.041)",0.0256075,4.972
"[5.041, 5.042)",0.0171215,4.973
"[5.042, 5.043)",0.00575723,4.974
"[5.0440000000000005, 5.045)",0.006951,4.975
"[5.045, 5.046)",0.004680851000000001,4.976
"[5.047, 5.048)",0.00766789,4.977
"[5.049, 5.05)",0.00110742,4.978
"[5.05, 5.051)",0.01625138,4.979
"[5.053, 5.054)",0.0217424,4.98
"[5.054, 5.055)",0.000540833,4.981
"[5.055, 5.056)",0.0401069,4.982
"[5.056, 5.057)",0.07823465,4.983
"[5.057, 5.058)",0.001989875,4.984
"[5.058, 5.059)",0.028119393333333336,4.985
"[5.059, 5.0600000000000005)",0.0039419815,4.986
"[5.0600000000000005, 5.061)",0.0628124,4.987
"[5.061, 5.062)",0.01401497,4.988
"[5.064, 5.065)",0.02147933466666667,4.989
"[5.065, 5.066)",0.02012625,4.99
"[5.066, 5.067)",0.002653545,4.991
"[5.0680000000000005, 5.069)",0.0253165,4.992
"[5.069, 5.07)",0.09939855,4.993
"[5.07, 5.071)",0.0804759,4.994
"[5.072, 5.073)",0.00170164,4.995
"[5.073, 5.074)",0.026884877,4.996
"[5.074, 5.075)",0.013133160000000001,4.997
"[5.075, 5.0760000000000005)",0.028900223333333332,4.998
"[5.0760000000000005, 5.077)",0.0011212365,4.999
"[5.077, 5.078)",0.01124609,5.0
"[5.078, 5.079)",0.0146252,5.001
"[5.079, 5.08)",0.013185253333333334,5.002
"[5.08, 5.081)",0.00448079,5.003
"[5.081, 5.082)",0.0014332065,5.004
"[5.083, 5.0840000000000005)",0.09070386255,5.005
"[5.0840000000000005, 5.085)",0.0153054,5.006
"[5.085, 5.086)",0.000540833,5.007
"[5.086, 5.087)",0.044016758249999996,5.008
"[5.088, 5.089)",0.017011466666666666,5.009
"[5.09, 5.091)",0.00467425,5.01
"[5.091, 5.0920000000000005)",0.00769962,5.011
"[5.093, 5.094)",0.0201149,5.012
"[5.094, 5.095)",0.024819613333333334,5.013
"[5.095, 5.096)",0.0123943,5.014
"[5.096, 5.097)",0.0032001575,5.015
"[5.099, 5.1000000000000005)",0.01782255,5.016
"[5.101, 5.102)",0.0465116,5.017
"[5.102, 5.103)",0.00748578,5.018
"[5.103, 5.104)",0.0008606160499999999,5.019
"[5.104, 5.105)",0.000540833,5.02
"[5.105, 5.106)",0.025548,5.021
"[5.107, 5.1080000000000005)",0.0113604,5.022
"[5.109, 5.11)",0.00516796,5.023
"[5.11, 5.111)",0.0127758,5.024
"[5.111, 5.112)",0.04110338333333333,5.025
"[5.112, 5.113)",0.000540833,5.026
"[5.113, 5.114)",0.0018742665,5.027
"[5.114, 5.115)",0.00604254,5.028
"[5.115, 5.1160000000000005)",0.000954907,5.029
"[5.1160000000000005, 5.117)",0.0002704165,5.03
"[5.117, 5.118)",0.11895597999999999,5.031
"[5.119, 5.12)",0.02172035,5.032
"[5.12, 5.121)",0.027390789999999998,5.033
"[5.122, 5.123)",0.00868674,5.034
"[5.123, 5.124)",0.0295925,5.035
"[5.127, 5.128)",0.010582,5.036
"[5.13, 5.131)",0.0094607965,5.037
"[5.132, 5.133)",0.000540833,5.038
"[5.133, 5.134)",0.00873226425,5.039
"[5.134, 5.135)",0.000540833,5.04
"[5.135, 5.136)",0.0331578,5.041
"[5.1370000000000005, 5.138)",0.000540833,5.042
"[5.138, 5.139)",0.0581666,5.043
"[5.139, 5.14)",0.225931,5.044
"[5.141, 5.142)",0.014079384333333332,5.045
"[5.142, 5.143)",0.0170543,5.046
"[5.144, 5.1450000000000005)",0.1134013,5.047
"[5.146, 5.147)",0.000991954,5.048
"[5.147, 5.148)",0.000540833,5.049
"[5.148, 5.149)",0.00298151,5.05
"[5.15, 5.151)",0.0020125765,5.051
"[5.151, 5.152)",0.00170164,5.052
"[5.1530000000000005, 5.154)",0.101798,5.053
"[5.155, 5.156)",0.004508667666666666,5.054
"[5.157, 5.158)",0.10738137333333332,5.055
"[5.158, 5.159)",0.025548,5.056
"[5.159, 5.16)",0.0295925,5.057
"[5.16, 5.1610000000000005)",0.0168009,5.058
"[5.1610000000000005, 5.162)",0.0044512365,5.059
"[5.164, 5.165)",0.00807766,5.06
"[5.165, 5.166)",0.00110742,5.061
"[5.166, 5.167)",0.0023303415000000003,5.062
"[5.167, 5.168)",0.00681254,5.063
"[5.168, 5.1690000000000005)",0.00110742,5.064
"[5.1690000000000005, 5.17)",0.00170164,5.065
"[5.17, 5.171)",0.0017611715000000001,5.066
"[5.171, 5.172)",0.488372,5.067
"[5.172, 5.173)",0.017721530000000003,5.068
"[5.176, 5.1770000000000005)",0.004322225999999999,5.069
"[5.1770000000000005, 5.178)",0.0305998,5.07
"[5.18, 5.181)",0.00110742,5.071
"[5.181, 5.182)",0.168464485,5.072
"[5.182, 5.183)",0.014545909999999999,5.073
"[5.183, 5.184)",0.0152712,5.074
"[5.184, 5.1850000000000005)",0.006951,5.075
"[5.186, 5.187)",0.381231,5.076
"[5.187, 5.188)",0.00170164,5.077
"[5.189, 5.19)",0.011611311,5.078
"[5.19, 5.191)",0.0028636833333333333,5.079
"[5.192, 5.1930000000000005)",0.00110742,5.08
"[5.1930000000000005, 5.194)",0.07419721,5.081
"[5.197, 5.198)",0.006951,5.082
"[5.199, 5.2)",0.0101112,5.083
"[5.2010000000000005, 5.202)",0.0039911266666666665,5.084
"[5.204, 5.205)",0.00232558,5.085
"[5.205, 5.206)",0.0026075415,5.086
"[5.206, 5.207)",0.0,5.087
"[5.207, 5.208)",0.00110742,5.088
"[5.2090000000000005, 5.21)",0.059144,5.089
"[5.21, 5.211)",0.009309931,5.09
"[5.212, 5.213)",0.0076282165,5.091
"[5.213, 5.214)",0.0106509,5.092
"[5.214, 5.215)",0.00516796,5.093
"[5.215, 5.216)",0.056285966666666666,5.094
"[5.22, 5.221)",0.00110742,5.095
"[5.221, 5.222)",0.00261962,5.096
"[5.222, 5.223)",0.00232558,5.097
"[5.2250000000000005, 5.226)",0.343624211,5.098
"[5.226, 5.227)",0.029565385,5.099
"[5.228, 5.229)",0.285714,5.1
"[5.229, 5.23)",0.00653102,5.101
"[5.23, 5.231)",0.026208826666666667,5.102
"[5.234, 5.235)",0.0011357486666666668,5.103
"[5.235, 5.236)",0.0101112,5.104
"[5.238, 5.239)",0.0043915264999999995,5.105
"[5.244, 5.245)",0.00056350605,5.106
"[5.248, 5.249)",0.0021064015,5.107
"[5.249, 5.25)",0.00110742,5.108
"[5.251, 5.252)",0.00347551,5.109
"[5.253, 5.2540000000000004)",0.04953189,5.11
"[5.2540000000000004, 5.255)",0.000540833,5.111
"[5.255, 5.256)",0.0011212365,5.112
"[5.256, 5.257)",0.039674,5.113
"[5.258, 5.259)",0.05813393766666666,5.114
"[5.259, 5.26)",0.00949375,5.115
"[5.2620000000000005, 5.263)",0.0257683,5.116
"[5.264, 5.265)",0.0410256,5.117
"[5.265, 5.266)",0.000540833,5.118
"[5.266, 5.267)",0.000540833,5.119
"[5.267, 5.268)",0.000540833,5.12
"[5.268, 5.269)",0.00748578,5.121
"[5.2700000000000005, 5.271)",0.0008241265000000001,5.122
"[5.271, 5.272)",0.014515416500000001,5.123
"[5.273, 5.274)",0.020048950000000003,5.124
"[5.274, 5.275)",0.00110742,5.125
"[5.276, 5.277)",0.00186352,5.126
"[5.277, 5.2780000000000005)",0.062240395000000004,5.127
"[5.281, 5.282)",0.0303826,5.128
"[5.284, 5.285)",0.00328396,5.129
"[5.2860000000000005, 5.287)",0.00675662,5.13
"[5.287, 5.288)",0.00666395,5.131
"[5.289, 5.29)",0.00298151,5.132
"[5.29, 5.291)",0.16735321,5.133
"[5.291, 5.292)",0.00110742,5.134
"[5.293, 5.2940000000000005)",0.000540833,5.135
"[5.2940000000000005, 5.295)",0.000540833,5.136
"[5.295, 5.296)",0.0256075,5.137
"[5.296, 5.297)",0.00110742,5.138
"[5.297, 5.298)",0.0942803,5.139
"[5.301, 5.3020000000000005)",0.000540833,5.14
"[5.3020000000000005, 5.303)",0.04735275,5.141
"[5.303, 5.304)",0.0381291,5.142
"[5.305, 5.306)",0.0303826,5.143
"[5.307, 5.308)",0.0011212365,5.144
"[5.309, 5.3100000000000005)",0.0186212,5.145
"[5.313, 5.314)",0.0038100833333333333,5.146
"[5.315, 5.316)",0.0067243,5.147
"[5.316, 5.317)",0.00170164,5.148
"[5.32, 5.321)",0.0917499,5.149
"[5.321, 5.322)",0.0069363125,5.15
"[5.324, 5.325)",0.147287,5.151
"[5.328, 5.329)",0.0217424,5.152
"[5.331, 5.332)",0.000540833,5.153
"[5.332, 5.333)",0.06695689,5.154
"[5.3340000000000005, 5.335)",0.0171902,5.155
"[5.337, 5.338)",0.00348432,5.156
"[5.339, 5.34)",0.000540833,5.157
"[5.34, 5.341)",0.000182698,5.158
"[5.341, 5.3420000000000005)",0.0303826,5.159
"[5.343, 5.344)",0.0514609165,5.16
"[5.345, 5.346)",0.00222757,5.161
"[5.346, 5.347)",0.0214767,5.162
"[5.351, 5.352)",0.0186212,5.163
"[5.352, 5.353)",0.0607147,5.164
"[5.355, 5.356)",0.135431,5.165
"[5.3580000000000005, 5.359)",0.0279802,5.166
"[5.359, 5.36)",0.00610501,5.167
"[5.36, 5.361)",0.0305998,5.168
"[5.363, 5.364)",0.0238095,5.169
"[5.368, 5.369)",0.00222757,5.17
"[5.371, 5.372)",0.010582,5.171
"[5.376, 5.377)",0.0257507,5.172
"[5.378, 5.3790000000000004)",0.00748578,5.173
"[5.3790000000000004, 5.38)",0.000991954,5.174
"[5.384, 5.385)",0.15847,5.175
"[5.3870000000000005, 5.388)",0.00232558,5.176
"[5.389, 5.39)",0.00148749,5.177
"[5.392, 5.393)",0.0295925,5.178
"[5.397, 5.398)",0.025369155,5.179
"[5.401, 5.402)",0.0529694,5.18
"[5.4030000000000005, 5.404)",0.000540833,5.181
"[5.406, 5.407)",8.53935e-5,5.182
"[5.41, 5.4110000000000005)",0.00232558,5.183
"[5.412, 5.413)",0.0170543,5.184
"[5.418, 5.4190000000000005)",0.00232558,5.185
"[5.4190000000000005, 5.42)",0.0150479,5.186
"[5.42, 5.421)",0.00170164,5.187
"[5.426, 5.4270000000000005)",0.0933878,5.188
"[5.436, 5.437)",0.0170543,5.189
"[5.438, 5.439)",0.00261962,5.19
"[5.44, 5.441)",0.00110742,5.191
"[5.444, 5.445)",0.0170543,5.192
"[5.445, 5.446)",0.0150479,5.193
"[5.447, 5.448)",0.00705036,5.194
"[5.455, 5.456)",0.00988693,5.195
"[5.456, 5.457)",0.000639975,5.196
"[5.464, 5.465)",0.0150479,5.197
"[5.4670000000000005, 5.468)",0.000540833,5.198
"[5.482, 5.4830000000000005)",0.000639975,5.199
"[5.501, 5.502)",0.0495597,5.2
"[5.505, 5.506)",0.000540833,5.201
"[5.529, 5.53)",0.00836164,5.202
"[5.535, 5.5360000000000005)",0.00110742,5.203
"[5.54, 5.541)",0.000540833,5.204
"[5.564, 5.565)",0.000540833,5.205
