bin,R2_mean,dist
,0.04837849474660741,0.0
"[0.0, 0.001)",0.07260079750714055,0.001
"[0.001, 0.002)",0.0678258025263475,0.002
"[0.002, 0.003)",0.06527134897626455,0.003
"[0.003, 0.004)",0.06396757167785837,0.004
"[0.004, 0.005)",0.05357203260461893,0.005
"[0.005, 0.006)",0.056497406836144196,0.006
"[0.006, 0.007)",0.05381933517212532,0.007
"[0.007, 0.008)",0.05545557604103526,0.008
"[0.008, 0.009000000000000001)",0.05329940798151683,0.009
"[0.009000000000000001, 0.01)",0.0506375319037857,0.01
"[0.01, 0.011)",0.05393159083895371,0.011
"[0.011, 0.012)",0.052295953204379124,0.012
"[0.012, 0.013000000000000001)",0.05195542169623762,0.013
"[0.013000000000000001, 0.014)",0.04646671914646183,0.014
"[0.014, 0.015)",0.04693453900252142,0.015
"[0.015, 0.016)",0.04845995943191881,0.016
"[0.016, 0.017)",0.04714135060429321,0.017
"[0.017, 0.018000000000000002)",0.043984938670871596,0.018
"[0.018000000000000002, 0.019)",0.04385685208177995,0.019
"[0.019, 0.02)",0.0471349731697193,0.02
"[0.02, 0.021)",0.049915888873058846,0.021
"[0.021, 0.022)",0.04190300976852664,0.022
"[0.022, 0.023)",0.04174660829613445,0.023
"[0.023, 0.024)",0.04572933094694699,0.024
"[0.024, 0.025)",0.04426647004743479,0.025
"[0.025, 0.026000000000000002)",0.043402701387046876,0.026
"[0.026000000000000002, 0.027)",0.046915135185591074,0.027
"[0.027, 0.028)",0.04207711343687706,0.028
"[0.028, 0.029)",0.045404354444911574,0.029
"[0.029, 0.03)",0.04204451295947113,0.03
"[0.03, 0.031)",0.04438590849106698,0.031
"[0.031, 0.032)",0.04319949351698276,0.032
"[0.032, 0.033)",0.04200056303481882,0.033
"[0.033, 0.034)",0.04623889368971548,0.034
"[0.034, 0.035)",0.04315652568674208,0.035
"[0.035, 0.036000000000000004)",0.04224481519823861,0.036
"[0.036000000000000004, 0.037)",0.04016511216418152,0.037
"[0.037, 0.038)",0.04266844191229401,0.038
"[0.038, 0.039)",0.04889646483332793,0.039
"[0.039, 0.04)",0.040927356553047585,0.04
"[0.04, 0.041)",0.04051959259428121,0.041
"[0.041, 0.042)",0.04199521274671844,0.042
"[0.042, 0.043000000000000003)",0.0396182367173949,0.043
"[0.043000000000000003, 0.044)",0.040116637255018996,0.044
"[0.044, 0.045)",0.036676329681367976,0.045
"[0.045, 0.046)",0.03907546568188843,0.046
"[0.046, 0.047)",0.0391459723212924,0.047
"[0.047, 0.048)",0.040521705834195586,0.048
"[0.048, 0.049)",0.03903194208510375,0.049
"[0.049, 0.05)",0.039501767901072356,0.05
"[0.05, 0.051000000000000004)",0.03976503887116787,0.051
"[0.051000000000000004, 0.052000000000000005)",0.04062698616313391,0.052
"[0.052000000000000005, 0.053)",0.03981097246081134,0.053
"[0.053, 0.054)",0.040947624721417164,0.054
"[0.054, 0.055)",0.038789170721458995,0.055
"[0.055, 0.056)",0.03791269281645168,0.056
"[0.056, 0.057)",0.037942975631524566,0.057
"[0.057, 0.058)",0.038114615684876535,0.058
"[0.058, 0.059000000000000004)",0.040757867608135365,0.059
"[0.059000000000000004, 0.06)",0.040640661111047,0.06
"[0.06, 0.061)",0.03959821823869236,0.061
"[0.061, 0.062)",0.035558237736136755,0.062
"[0.062, 0.063)",0.03648571314292882,0.063
"[0.063, 0.064)",0.03776231952955616,0.064
"[0.064, 0.065)",0.04152530167275672,0.065
"[0.065, 0.066)",0.03863135522473358,0.066
"[0.066, 0.067)",0.03749109151728292,0.067
"[0.067, 0.068)",0.035972749692453766,0.068
"[0.068, 0.069)",0.034745038602768834,0.069
"[0.069, 0.07)",0.03459637966381919,0.07
"[0.07, 0.07100000000000001)",0.037847191304562815,0.071
"[0.07100000000000001, 0.07200000000000001)",0.03800315830845728,0.072
"[0.07200000000000001, 0.073)",0.03521456839580611,0.073
"[0.073, 0.074)",0.03776600441624914,0.074
"[0.074, 0.075)",0.0415709876097147,0.075
"[0.075, 0.076)",0.040710038519335134,0.076
"[0.076, 0.077)",0.03548249687643599,0.077
"[0.077, 0.078)",0.03615626740529553,0.078
"[0.078, 0.079)",0.03789956652852391,0.079
"[0.079, 0.08)",0.03246755734864911,0.08
"[0.08, 0.081)",0.035571493543745974,0.081
"[0.081, 0.082)",0.03548688265879397,0.082
"[0.082, 0.083)",0.03782918708451454,0.083
"[0.083, 0.084)",0.03307202088513112,0.084
"[0.084, 0.085)",0.03390279056983775,0.085
"[0.085, 0.08600000000000001)",0.03747731113583632,0.086
"[0.08600000000000001, 0.08700000000000001)",0.035646886793602214,0.087
"[0.08700000000000001, 0.088)",0.036602220264652846,0.088
"[0.088, 0.089)",0.03575037916494147,0.089
"[0.089, 0.09)",0.03361498139826124,0.09
"[0.09, 0.091)",0.03524120224203428,0.091
"[0.091, 0.092)",0.040631856773442894,0.092
"[0.092, 0.093)",0.03319381791170526,0.093
"[0.093, 0.094)",0.039107480913299145,0.094
"[0.094, 0.095)",0.03641000526139444,0.095
"[0.095, 0.096)",0.03916473854366321,0.096
"[0.096, 0.097)",0.0379128684694339,0.097
"[0.097, 0.098)",0.036695682504431025,0.098
"[0.098, 0.099)",0.03539790341718611,0.099
"[0.099, 0.1)",0.03617503744788196,0.1
"[0.1, 0.101)",0.038127758215790244,0.101
"[0.101, 0.10200000000000001)",0.03773251622130177,0.102
"[0.10200000000000001, 0.10300000000000001)",0.033904777272044065,0.103
"[0.10300000000000001, 0.10400000000000001)",0.03626899246605908,0.104
"[0.10400000000000001, 0.105)",0.039022011749347135,0.105
"[0.105, 0.106)",0.03536586836365427,0.106
"[0.106, 0.107)",0.03812515096168476,0.107
"[0.107, 0.108)",0.03564269598957521,0.108
"[0.108, 0.109)",0.03427608001864668,0.109
"[0.109, 0.11)",0.03539837487885944,0.11
"[0.11, 0.111)",0.037290995098158995,0.111
"[0.111, 0.112)",0.0382599862479433,0.112
"[0.112, 0.113)",0.03884047231014518,0.113
"[0.113, 0.114)",0.0399951679609835,0.114
"[0.114, 0.115)",0.035144926081828363,0.115
"[0.115, 0.116)",0.03656565621400667,0.116
"[0.116, 0.117)",0.035425510298751905,0.117
"[0.117, 0.11800000000000001)",0.036084638271771934,0.118
"[0.11800000000000001, 0.11900000000000001)",0.03273600002348782,0.119
"[0.11900000000000001, 0.12)",0.0352257011495706,0.12
"[0.12, 0.121)",0.0407635207984226,0.121
"[0.121, 0.122)",0.03875263957230437,0.122
"[0.122, 0.123)",0.03404440883910945,0.123
"[0.123, 0.124)",0.03461634761511709,0.124
"[0.124, 0.125)",0.03451353697463524,0.125
"[0.125, 0.126)",0.03083810472223106,0.126
"[0.126, 0.127)",0.03559460227241071,0.127
"[0.127, 0.128)",0.03988004495895733,0.128
"[0.128, 0.129)",0.03386431677838669,0.129
"[0.129, 0.13)",0.034061556659661506,0.13
"[0.13, 0.131)",0.03564132975657639,0.131
"[0.131, 0.132)",0.03630842437470645,0.132
"[0.132, 0.133)",0.033836120906937404,0.133
"[0.133, 0.134)",0.03612780399930496,0.134
"[0.134, 0.135)",0.03619839416723451,0.135
"[0.135, 0.136)",0.035142800662702006,0.136
"[0.136, 0.137)",0.03286948640611178,0.137
"[0.137, 0.138)",0.03409951553689692,0.138
"[0.138, 0.139)",0.03917619353305478,0.139
"[0.139, 0.14)",0.03445629231953052,0.14
"[0.14, 0.14100000000000001)",0.03375613274289979,0.141
"[0.14100000000000001, 0.14200000000000002)",0.034114223201834985,0.142
"[0.14200000000000002, 0.14300000000000002)",0.040882610987733145,0.143
"[0.14300000000000002, 0.14400000000000002)",0.03638809501704683,0.144
"[0.14400000000000002, 0.145)",0.03823435499181284,0.145
"[0.145, 0.146)",0.033722623078450496,0.146
"[0.146, 0.147)",0.03776427000183166,0.147
"[0.147, 0.148)",0.03869428803912989,0.148
"[0.148, 0.149)",0.03971870225959044,0.149
"[0.149, 0.15)",0.036794829903019445,0.15
"[0.15, 0.151)",0.03427820236706058,0.151
"[0.151, 0.152)",0.03609406843379636,0.152
"[0.152, 0.153)",0.03396775635224929,0.153
"[0.153, 0.154)",0.036284373714769044,0.154
"[0.154, 0.155)",0.03592127395540257,0.155
"[0.155, 0.156)",0.0329215596761227,0.156
"[0.156, 0.157)",0.03242181236131324,0.157
"[0.157, 0.158)",0.039646255057257704,0.158
"[0.158, 0.159)",0.03390396342588966,0.159
"[0.159, 0.16)",0.031792614155578915,0.16
"[0.16, 0.161)",0.034668147633483075,0.161
"[0.161, 0.162)",0.03337824549900488,0.162
"[0.162, 0.163)",0.03550630605242033,0.163
"[0.163, 0.164)",0.033703063726790536,0.164
"[0.164, 0.165)",0.0333147789717456,0.165
"[0.165, 0.166)",0.033579143564376156,0.166
"[0.166, 0.167)",0.031749266805840996,0.167
"[0.167, 0.168)",0.033123079862386794,0.168
"[0.168, 0.169)",0.03149867126197348,0.169
"[0.169, 0.17)",0.029166163302859528,0.17
"[0.17, 0.171)",0.03475432864854081,0.171
"[0.171, 0.17200000000000001)",0.03246956969751425,0.172
"[0.17200000000000001, 0.17300000000000001)",0.031862534631160455,0.173
"[0.17300000000000001, 0.17400000000000002)",0.03332884803622223,0.174
"[0.17400000000000002, 0.17500000000000002)",0.03374847666029574,0.175
"[0.17500000000000002, 0.176)",0.03168632031268266,0.176
"[0.176, 0.177)",0.035501652875999115,0.177
"[0.177, 0.178)",0.035960649597249546,0.178
"[0.178, 0.179)",0.03156919881684569,0.179
"[0.179, 0.18)",0.034115575391716946,0.18
"[0.18, 0.181)",0.03502011296280909,0.181
"[0.181, 0.182)",0.02948375158324607,0.182
"[0.182, 0.183)",0.03440117658165166,0.183
"[0.183, 0.184)",0.033724572588535055,0.184
"[0.184, 0.185)",0.037063235540620056,0.185
"[0.185, 0.186)",0.0334276822350447,0.186
"[0.186, 0.187)",0.03320848694936483,0.187
"[0.187, 0.188)",0.032822477207248825,0.188
"[0.188, 0.189)",0.034677172848530224,0.189
"[0.189, 0.19)",0.03395275571291248,0.19
"[0.19, 0.191)",0.03516383596996127,0.191
"[0.191, 0.192)",0.03660975679664126,0.192
"[0.192, 0.193)",0.034895893585614415,0.193
"[0.193, 0.194)",0.030841045247366996,0.194
"[0.194, 0.195)",0.034962335535155785,0.195
"[0.195, 0.196)",0.030930748061014198,0.196
"[0.196, 0.197)",0.03377835109664318,0.197
"[0.197, 0.198)",0.03548115732593892,0.198
"[0.198, 0.199)",0.03298502578325112,0.199
"[0.199, 0.2)",0.03300357180900171,0.2
"[0.2, 0.201)",0.03528006017131187,0.201
"[0.201, 0.202)",0.034742855422122146,0.202
"[0.202, 0.203)",0.035126530076314486,0.203
"[0.203, 0.20400000000000001)",0.02907028354349435,0.204
"[0.20400000000000001, 0.20500000000000002)",0.03059821008499538,0.205
"[0.20500000000000002, 0.20600000000000002)",0.032435545496275746,0.206
"[0.20600000000000002, 0.20700000000000002)",0.03212648860956227,0.207
"[0.20700000000000002, 0.20800000000000002)",0.03356357909521428,0.208
"[0.20800000000000002, 0.209)",0.032920549136403666,0.209
"[0.209, 0.21)",0.03161068862043666,0.21
"[0.21, 0.211)",0.03518094557282343,0.211
"[0.211, 0.212)",0.031231649900987944,0.212
"[0.212, 0.213)",0.03225508105683408,0.213
"[0.213, 0.214)",0.030341947696208595,0.214
"[0.214, 0.215)",0.03238550460283578,0.215
"[0.215, 0.216)",0.03471082759822413,0.216
"[0.216, 0.217)",0.034941405959857175,0.217
"[0.217, 0.218)",0.031760205690662666,0.218
"[0.218, 0.219)",0.029125841060664875,0.219
"[0.219, 0.22)",0.03606225221614867,0.22
"[0.22, 0.221)",0.03664929699848834,0.221
"[0.221, 0.222)",0.032317687396591264,0.222
"[0.222, 0.223)",0.029282494111017274,0.223
"[0.223, 0.224)",0.03373375282407266,0.224
"[0.224, 0.225)",0.03011933791472972,0.225
"[0.225, 0.226)",0.03294324337016345,0.226
"[0.226, 0.227)",0.03227962384441051,0.227
"[0.227, 0.228)",0.03142570665524614,0.228
"[0.228, 0.229)",0.032010348526782036,0.229
"[0.229, 0.23)",0.033021743266058896,0.23
"[0.23, 0.231)",0.031111469588978157,0.231
"[0.231, 0.232)",0.03437331559336488,0.232
"[0.232, 0.233)",0.03695118296169913,0.233
"[0.233, 0.234)",0.03590442148994059,0.234
"[0.234, 0.23500000000000001)",0.03318510927321505,0.235
"[0.23500000000000001, 0.23600000000000002)",0.032785975843991226,0.236
"[0.23600000000000002, 0.23700000000000002)",0.03193697841629112,0.237
"[0.23700000000000002, 0.23800000000000002)",0.03125516962897823,0.238
"[0.23800000000000002, 0.23900000000000002)",0.03466524220093077,0.239
"[0.23900000000000002, 0.24)",0.03228206323191699,0.24
"[0.24, 0.241)",0.0360951299061019,0.241
"[0.241, 0.242)",0.03000069088549626,0.242
"[0.242, 0.243)",0.03257536040961276,0.243
"[0.243, 0.244)",0.0328189392677708,0.244
"[0.244, 0.245)",0.031727462263439775,0.245
"[0.245, 0.246)",0.03292184752380121,0.246
"[0.246, 0.247)",0.033161798105932144,0.247
"[0.247, 0.248)",0.03125536621081888,0.248
"[0.248, 0.249)",0.03400321552000455,0.249
"[0.249, 0.25)",0.03242666176762745,0.25
"[0.25, 0.251)",0.035872402511550966,0.251
"[0.251, 0.252)",0.03151771210677545,0.252
"[0.252, 0.253)",0.030700071293300046,0.253
"[0.253, 0.254)",0.03372065718747668,0.254
"[0.254, 0.255)",0.035618559043316525,0.255
"[0.255, 0.256)",0.033400992993548866,0.256
"[0.256, 0.257)",0.031143960343935462,0.257
"[0.257, 0.258)",0.03255618258600892,0.258
"[0.258, 0.259)",0.031380450239295844,0.259
"[0.259, 0.26)",0.03311393609912204,0.26
"[0.26, 0.261)",0.031199665828164407,0.261
"[0.261, 0.262)",0.03222773384741363,0.262
"[0.262, 0.263)",0.03198394518159499,0.263
"[0.263, 0.264)",0.03155248544868542,0.264
"[0.264, 0.265)",0.031106414316938096,0.265
"[0.265, 0.266)",0.032140254818457226,0.266
"[0.266, 0.267)",0.03536188510866963,0.267
"[0.267, 0.268)",0.0302995735615135,0.268
"[0.268, 0.269)",0.03319350186777096,0.269
"[0.269, 0.27)",0.03132947993555589,0.27
"[0.27, 0.271)",0.031735512833409606,0.271
"[0.271, 0.272)",0.03098174913588046,0.272
"[0.272, 0.273)",0.03306011728397626,0.273
"[0.273, 0.274)",0.03341004555853698,0.274
"[0.274, 0.275)",0.03158504793045182,0.275
"[0.275, 0.276)",0.0306547806508558,0.276
"[0.276, 0.277)",0.030614009963715213,0.277
"[0.277, 0.278)",0.031169526988712434,0.278
"[0.278, 0.279)",0.029984450839086563,0.279
"[0.279, 0.28)",0.02951749052559532,0.28
"[0.28, 0.281)",0.03095762332368046,0.281
"[0.281, 0.28200000000000003)",0.031979514840236783,0.282
"[0.28200000000000003, 0.28300000000000003)",0.03198351434122281,0.283
"[0.28300000000000003, 0.28400000000000003)",0.029837693876662144,0.284
"[0.28400000000000003, 0.28500000000000003)",0.032879917738579956,0.285
"[0.28500000000000003, 0.28600000000000003)",0.03634459718259101,0.286
"[0.28600000000000003, 0.28700000000000003)",0.030946424258134368,0.287
"[0.28700000000000003, 0.28800000000000003)",0.029448234847558544,0.288
"[0.28800000000000003, 0.289)",0.033245971075357796,0.289
"[0.289, 0.29)",0.03145393577806066,0.29
"[0.29, 0.291)",0.030807702239216375,0.291
"[0.291, 0.292)",0.02888550874978059,0.292
"[0.292, 0.293)",0.03156162712281387,0.293
"[0.293, 0.294)",0.031077959485959376,0.294
"[0.294, 0.295)",0.03182714128391044,0.295
"[0.295, 0.296)",0.031194372339587075,0.296
"[0.296, 0.297)",0.03453392476004027,0.297
"[0.297, 0.298)",0.030894943739936943,0.298
"[0.298, 0.299)",0.031017114379088842,0.299
"[0.299, 0.3)",0.034617990346006176,0.3
"[0.3, 0.301)",0.030873891079495393,0.301
"[0.301, 0.302)",0.030029335394610848,0.302
"[0.302, 0.303)",0.03296266642296625,0.303
"[0.303, 0.304)",0.03342820902870318,0.304
"[0.304, 0.305)",0.031112469283455405,0.305
"[0.305, 0.306)",0.03160339394505626,0.306
"[0.306, 0.307)",0.030684834810140296,0.307
"[0.307, 0.308)",0.030881685422929305,0.308
"[0.308, 0.309)",0.02664742149655283,0.309
"[0.309, 0.31)",0.029713219200776086,0.31
"[0.31, 0.311)",0.03241929885226345,0.311
"[0.311, 0.312)",0.02914294006090739,0.312
"[0.312, 0.313)",0.027372431143295885,0.313
"[0.313, 0.314)",0.033908939073198675,0.314
"[0.314, 0.315)",0.030746650004606732,0.315
"[0.315, 0.316)",0.028662104172288757,0.316
"[0.316, 0.317)",0.03222403113646107,0.317
"[0.317, 0.318)",0.03360273154537299,0.318
"[0.318, 0.319)",0.031783112113832654,0.319
"[0.319, 0.32)",0.029513703411614283,0.32
"[0.32, 0.321)",0.03060978785581812,0.321
"[0.321, 0.322)",0.030187888669908583,0.322
"[0.322, 0.323)",0.031870016513616525,0.323
"[0.323, 0.324)",0.026541586132501103,0.324
"[0.324, 0.325)",0.029774050798771896,0.325
"[0.325, 0.326)",0.029216214493064066,0.326
"[0.326, 0.327)",0.028556685438321915,0.327
"[0.327, 0.328)",0.028911247598563942,0.328
"[0.328, 0.329)",0.028828913829770247,0.329
"[0.329, 0.33)",0.03333233149220941,0.33
"[0.33, 0.331)",0.032716169989394576,0.331
"[0.331, 0.332)",0.03110727199432088,0.332
"[0.332, 0.333)",0.030339434239424666,0.333
"[0.333, 0.334)",0.032302280979113314,0.334
"[0.334, 0.335)",0.033168926890137104,0.335
"[0.335, 0.336)",0.033545425382701693,0.336
"[0.336, 0.337)",0.03022089325301212,0.337
"[0.337, 0.338)",0.030455978689949523,0.338
"[0.338, 0.339)",0.029705629910119997,0.339
"[0.339, 0.34)",0.03236931554010078,0.34
"[0.34, 0.341)",0.031594298186218034,0.341
"[0.341, 0.342)",0.03041775312395804,0.342
"[0.342, 0.343)",0.030715486342442037,0.343
"[0.343, 0.34400000000000003)",0.030281695038964388,0.344
"[0.34400000000000003, 0.34500000000000003)",0.02989016936030291,0.345
"[0.34500000000000003, 0.34600000000000003)",0.031561898836104677,0.346
"[0.34600000000000003, 0.34700000000000003)",0.028073129950402783,0.347
"[0.34700000000000003, 0.34800000000000003)",0.02986761238750598,0.348
"[0.34800000000000003, 0.34900000000000003)",0.03323359749283988,0.349
"[0.34900000000000003, 0.35000000000000003)",0.03013066177740364,0.35
"[0.35000000000000003, 0.35100000000000003)",0.03186974226163095,0.351
"[0.35100000000000003, 0.352)",0.030612632953866455,0.352
"[0.352, 0.353)",0.029836614302691297,0.353
"[0.353, 0.354)",0.029855092443621653,0.354
"[0.354, 0.355)",0.02927704460187839,0.355
"[0.355, 0.356)",0.030030693514565027,0.356
"[0.356, 0.357)",0.03347515935931567,0.357
"[0.357, 0.358)",0.033087145217365686,0.358
"[0.358, 0.359)",0.029228966764936835,0.359
"[0.359, 0.36)",0.03010966582389934,0.36
"[0.36, 0.361)",0.03324944194058139,0.361
"[0.361, 0.362)",0.03125431787042666,0.362
"[0.362, 0.363)",0.03287740250701747,0.363
"[0.363, 0.364)",0.032161242273761256,0.364
"[0.364, 0.365)",0.028729559548116256,0.365
"[0.365, 0.366)",0.0284835111826107,0.366
"[0.366, 0.367)",0.029163598054155127,0.367
"[0.367, 0.368)",0.028166252566817183,0.368
"[0.368, 0.369)",0.03023302810734396,0.369
"[0.369, 0.37)",0.029292751474495022,0.37
"[0.37, 0.371)",0.030483449417066114,0.371
"[0.371, 0.372)",0.030794572635318027,0.372
"[0.372, 0.373)",0.03467564928921461,0.373
"[0.373, 0.374)",0.02710465211332987,0.374
"[0.374, 0.375)",0.030270739457114205,0.375
"[0.375, 0.376)",0.03275006766522165,0.376
"[0.376, 0.377)",0.031798583624407774,0.377
"[0.377, 0.378)",0.03083828066564692,0.378
"[0.378, 0.379)",0.02560781036346998,0.379
"[0.379, 0.38)",0.03079181235553124,0.38
"[0.38, 0.381)",0.03144981656084084,0.381
"[0.381, 0.382)",0.02955921769029008,0.382
"[0.382, 0.383)",0.031191117360568916,0.383
"[0.383, 0.384)",0.026503590088363914,0.384
"[0.384, 0.385)",0.03285817572442058,0.385
"[0.385, 0.386)",0.030172942935504925,0.386
"[0.386, 0.387)",0.02984732246485556,0.387
"[0.387, 0.388)",0.030128665259139518,0.388
"[0.388, 0.389)",0.02989541305025251,0.389
"[0.389, 0.39)",0.032142900972286566,0.39
"[0.39, 0.391)",0.03264680071336962,0.391
"[0.391, 0.392)",0.030223265406708083,0.392
"[0.392, 0.393)",0.03250613630801812,0.393
"[0.393, 0.394)",0.03006789296587854,0.394
"[0.394, 0.395)",0.0329076504766853,0.395
"[0.395, 0.396)",0.03204384936590892,0.396
"[0.396, 0.397)",0.03211837521803328,0.397
"[0.397, 0.398)",0.03622699913029337,0.398
"[0.398, 0.399)",0.03166911670391002,0.399
"[0.399, 0.4)",0.03127027376557466,0.4
"[0.4, 0.401)",0.035374584970130615,0.401
"[0.401, 0.402)",0.03456284140306172,0.402
"[0.402, 0.403)",0.028487660409829817,0.403
"[0.403, 0.404)",0.03148489677567625,0.404
"[0.404, 0.405)",0.03169357322800584,0.405
"[0.405, 0.406)",0.03343903065561128,0.406
"[0.406, 0.40700000000000003)",0.027870175807647894,0.407
"[0.40700000000000003, 0.40800000000000003)",0.03018844397177749,0.408
"[0.40800000000000003, 0.40900000000000003)",0.031503794813556585,0.409
"[0.40900000000000003, 0.41000000000000003)",0.02779970535682529,0.41
"[0.41000000000000003, 0.41100000000000003)",0.030136034327162907,0.411
"[0.41100000000000003, 0.41200000000000003)",0.029631097879095382,0.412
"[0.41200000000000003, 0.41300000000000003)",0.029305121492226655,0.413
"[0.41300000000000003, 0.41400000000000003)",0.031875955325975376,0.414
"[0.41400000000000003, 0.41500000000000004)",0.03337910011191361,0.415
"[0.41500000000000004, 0.41600000000000004)",0.0306171194661082,0.416
"[0.41600000000000004, 0.417)",0.030734052596335118,0.417
"[0.417, 0.418)",0.031187373677732843,0.418
"[0.418, 0.419)",0.029779652879184,0.419
"[0.419, 0.42)",0.033016113995928874,0.42
"[0.42, 0.421)",0.032473473941156024,0.421
"[0.421, 0.422)",0.03080422760420049,0.422
"[0.422, 0.423)",0.030304468196948556,0.423
"[0.423, 0.424)",0.03648643599383419,0.424
"[0.424, 0.425)",0.03157234357802996,0.425
"[0.425, 0.426)",0.03452626457164996,0.426
"[0.426, 0.427)",0.02959334961761848,0.427
"[0.427, 0.428)",0.031824309917343176,0.428
"[0.428, 0.429)",0.03402987191668367,0.429
"[0.429, 0.43)",0.0314015980374642,0.43
"[0.43, 0.431)",0.028288468911062147,0.431
"[0.431, 0.432)",0.03160125763599014,0.432
"[0.432, 0.433)",0.03600191831977884,0.433
"[0.433, 0.434)",0.033916512385117725,0.434
"[0.434, 0.435)",0.03105750053692335,0.435
"[0.435, 0.436)",0.029467232767305885,0.436
"[0.436, 0.437)",0.03172426138955368,0.437
"[0.437, 0.438)",0.03378639624116019,0.438
"[0.438, 0.439)",0.032629713416800696,0.439
"[0.439, 0.44)",0.02958789495108985,0.44
"[0.44, 0.441)",0.03212103841335385,0.441
"[0.441, 0.442)",0.029517187090248496,0.442
"[0.442, 0.443)",0.031144339861337713,0.443
"[0.443, 0.444)",0.034025574479669224,0.444
"[0.444, 0.445)",0.03451505594438456,0.445
"[0.445, 0.446)",0.03245389351340628,0.446
"[0.446, 0.447)",0.030154590497069953,0.447
"[0.447, 0.448)",0.030305493553148287,0.448
"[0.448, 0.449)",0.030514379945591395,0.449
"[0.449, 0.45)",0.029042861292803153,0.45
"[0.45, 0.451)",0.030475454826236672,0.451
"[0.451, 0.452)",0.030796551448641886,0.452
"[0.452, 0.453)",0.030179255123814572,0.453
"[0.453, 0.454)",0.030455591738024184,0.454
"[0.454, 0.455)",0.029455842616840377,0.455
"[0.455, 0.456)",0.029619973556511286,0.456
"[0.456, 0.457)",0.029048638621670883,0.457
"[0.457, 0.458)",0.02920467999451972,0.458
"[0.458, 0.459)",0.03202095511428569,0.459
"[0.459, 0.46)",0.03173136857508528,0.46
"[0.46, 0.461)",0.03313413692682401,0.461
"[0.461, 0.462)",0.030986593290074225,0.462
"[0.462, 0.463)",0.030175928181580994,0.463
"[0.463, 0.464)",0.029469434792460242,0.464
"[0.464, 0.465)",0.02782666689425352,0.465
"[0.465, 0.466)",0.03192092427116801,0.466
"[0.466, 0.467)",0.03327590089277647,0.467
"[0.467, 0.468)",0.029604499368673154,0.468
"[0.468, 0.46900000000000003)",0.03003714834560944,0.469
"[0.46900000000000003, 0.47000000000000003)",0.029556691707447666,0.47
"[0.47000000000000003, 0.47100000000000003)",0.028133216102039643,0.471
"[0.47100000000000003, 0.47200000000000003)",0.031658094209843245,0.472
"[0.47200000000000003, 0.47300000000000003)",0.03276573238170843,0.473
"[0.47300000000000003, 0.47400000000000003)",0.030913537327050163,0.474
"[0.47400000000000003, 0.47500000000000003)",0.02889945909527915,0.475
"[0.47500000000000003, 0.47600000000000003)",0.02828541817979889,0.476
"[0.47600000000000003, 0.47700000000000004)",0.0290125081606321,0.477
"[0.47700000000000004, 0.47800000000000004)",0.029048734169595372,0.478
"[0.47800000000000004, 0.47900000000000004)",0.02768520942159389,0.479
"[0.47900000000000004, 0.48)",0.02760075395162535,0.48
"[0.48, 0.481)",0.031048626831703244,0.481
"[0.481, 0.482)",0.029518121945879647,0.482
"[0.482, 0.483)",0.02941006693906606,0.483
"[0.483, 0.484)",0.03280941251816169,0.484
"[0.484, 0.485)",0.030706528588197606,0.485
"[0.485, 0.486)",0.031102732765959856,0.486
"[0.486, 0.487)",0.029855821948433503,0.487
"[0.487, 0.488)",0.032344760889556616,0.488
"[0.488, 0.489)",0.03303341857776593,0.489
"[0.489, 0.49)",0.03289771354039027,0.49
"[0.49, 0.491)",0.031667950970113094,0.491
"[0.491, 0.492)",0.031093386927236958,0.492
"[0.492, 0.493)",0.031562206970067015,0.493
"[0.493, 0.494)",0.027838110196103192,0.494
"[0.494, 0.495)",0.031107871697489617,0.495
"[0.495, 0.496)",0.030800921774936797,0.496
"[0.496, 0.497)",0.027933752675612766,0.497
"[0.497, 0.498)",0.03089061643163111,0.498
"[0.498, 0.499)",0.0283725248197863,0.499
"[0.499, 0.5)",0.030023589798661807,0.5
"[0.5, 0.501)",0.031030641642972406,0.501
"[0.501, 0.502)",0.029449528299663942,0.502
"[0.502, 0.503)",0.03022748941830008,0.503
"[0.503, 0.504)",0.027924824405263053,0.504
"[0.504, 0.505)",0.03089976364742124,0.505
"[0.505, 0.506)",0.029617599602853886,0.506
"[0.506, 0.507)",0.026520043378134843,0.507
"[0.507, 0.508)",0.029750396479875044,0.508
"[0.508, 0.509)",0.03126830076306806,0.509
"[0.509, 0.51)",0.03050439196918764,0.51
"[0.51, 0.511)",0.03334984344857216,0.511
"[0.511, 0.512)",0.03235432544114514,0.512
"[0.512, 0.513)",0.03106167806931269,0.513
"[0.513, 0.514)",0.029470809816855223,0.514
"[0.514, 0.515)",0.028134146169011554,0.515
"[0.515, 0.516)",0.029659766679526085,0.516
"[0.516, 0.517)",0.031777888263683565,0.517
"[0.517, 0.518)",0.02584380108160373,0.518
"[0.518, 0.519)",0.03028316513213775,0.519
"[0.519, 0.52)",0.03590039736648841,0.52
"[0.52, 0.521)",0.02810423942818919,0.521
"[0.521, 0.522)",0.031041053750683268,0.522
"[0.522, 0.523)",0.030151643233687513,0.523
"[0.523, 0.524)",0.029249556307571645,0.524
"[0.524, 0.525)",0.03005028706525161,0.525
"[0.525, 0.526)",0.02923406326900563,0.526
"[0.526, 0.527)",0.03061506241144845,0.527
"[0.527, 0.528)",0.02677168170496081,0.528
"[0.528, 0.529)",0.029326424330746396,0.529
"[0.529, 0.53)",0.03358410085619214,0.53
"[0.53, 0.531)",0.02941735497777186,0.531
"[0.531, 0.532)",0.027329993273009688,0.532
"[0.532, 0.533)",0.028719419976105182,0.533
"[0.533, 0.534)",0.032515513635548526,0.534
"[0.534, 0.535)",0.028530490686041625,0.535
"[0.535, 0.536)",0.02649409045653013,0.536
"[0.536, 0.537)",0.02965718506359253,0.537
"[0.537, 0.538)",0.032440677846963924,0.538
"[0.538, 0.539)",0.027250665010197503,0.539
"[0.539, 0.54)",0.028378779474093497,0.54
"[0.54, 0.541)",0.030533800058056858,0.541
"[0.541, 0.542)",0.03378186794452585,0.542
"[0.542, 0.543)",0.03217378778837055,0.543
"[0.543, 0.544)",0.030333984632387383,0.544
"[0.544, 0.545)",0.032306491390419495,0.545
"[0.545, 0.546)",0.03422989521068253,0.546
"[0.546, 0.547)",0.03046791639756502,0.547
"[0.547, 0.548)",0.032796995378797364,0.548
"[0.548, 0.549)",0.03037735036526205,0.549
"[0.549, 0.55)",0.03177817247686,0.55
"[0.55, 0.551)",0.038494202134946594,0.551
"[0.551, 0.552)",0.02907638803704655,0.552
"[0.552, 0.553)",0.03317580767502522,0.553
"[0.553, 0.554)",0.029384581799567887,0.554
"[0.554, 0.555)",0.033065272150841825,0.555
"[0.555, 0.556)",0.029403559204316237,0.556
"[0.556, 0.557)",0.028414832143837353,0.557
"[0.557, 0.558)",0.028228641830157525,0.558
"[0.558, 0.559)",0.027463164586582326,0.559
"[0.559, 0.56)",0.030608739202328438,0.56
"[0.56, 0.561)",0.028797746004824706,0.561
"[0.561, 0.562)",0.031230625000018865,0.562
"[0.562, 0.5630000000000001)",0.02936206452802702,0.563
"[0.5630000000000001, 0.5640000000000001)",0.03164904949728882,0.564
"[0.5640000000000001, 0.5650000000000001)",0.033412893483713124,0.565
"[0.5650000000000001, 0.5660000000000001)",0.025051714009596583,0.566
"[0.5660000000000001, 0.5670000000000001)",0.033762516770714256,0.567
"[0.5670000000000001, 0.5680000000000001)",0.028519252540596986,0.568
"[0.5680000000000001, 0.5690000000000001)",0.03523720582090488,0.569
"[0.5690000000000001, 0.5700000000000001)",0.03079846145255597,0.57
"[0.5700000000000001, 0.5710000000000001)",0.027704134760648955,0.571
"[0.5710000000000001, 0.5720000000000001)",0.02790017973182058,0.572
"[0.5720000000000001, 0.5730000000000001)",0.03186918043261746,0.573
"[0.5730000000000001, 0.5740000000000001)",0.032637455726605986,0.574
"[0.5740000000000001, 0.5750000000000001)",0.030072545476678095,0.575
"[0.5750000000000001, 0.5760000000000001)",0.03300802372366951,0.576
"[0.5760000000000001, 0.577)",0.028157098214979824,0.577
"[0.577, 0.578)",0.03205079306042884,0.578
"[0.578, 0.579)",0.028973886134946635,0.579
"[0.579, 0.58)",0.029517061161213245,0.58
"[0.58, 0.581)",0.029656244611095173,0.581
"[0.581, 0.582)",0.034533525239112545,0.582
"[0.582, 0.583)",0.035394946261562005,0.583
"[0.583, 0.584)",0.031705074535216766,0.584
"[0.584, 0.585)",0.023852171782580592,0.585
"[0.585, 0.586)",0.03369032089180207,0.586
"[0.586, 0.587)",0.03382486957874657,0.587
"[0.587, 0.588)",0.03055280125365619,0.588
"[0.588, 0.589)",0.034536638781879764,0.589
"[0.589, 0.59)",0.028260184768002638,0.59
"[0.59, 0.591)",0.039082616578366466,0.591
"[0.591, 0.592)",0.028592372549086326,0.592
"[0.592, 0.593)",0.033013238025092595,0.593
"[0.593, 0.594)",0.03437999949809033,0.594
"[0.594, 0.595)",0.03148618381813651,0.595
"[0.595, 0.596)",0.03338357349900845,0.596
"[0.596, 0.597)",0.02978980756173103,0.597
"[0.597, 0.598)",0.03190784477968359,0.598
"[0.598, 0.599)",0.0302578883811772,0.599
"[0.599, 0.6)",0.031646555823335476,0.6
"[0.6, 0.601)",0.03759789835270132,0.601
"[0.601, 0.602)",0.03010345713952986,0.602
"[0.602, 0.603)",0.03432722967809451,0.603
"[0.603, 0.604)",0.02775170379260524,0.604
"[0.604, 0.605)",0.032652626930678316,0.605
"[0.605, 0.606)",0.0337283296442204,0.606
"[0.606, 0.607)",0.03243790950897755,0.607
"[0.607, 0.608)",0.03310700351125912,0.608
"[0.608, 0.609)",0.032596743894457825,0.609
"[0.609, 0.61)",0.032148125885958466,0.61
"[0.61, 0.611)",0.032995799100793116,0.611
"[0.611, 0.612)",0.03196182616816556,0.612
"[0.612, 0.613)",0.030583320992143694,0.613
"[0.613, 0.614)",0.03388523395570823,0.614
"[0.614, 0.615)",0.03940168135433032,0.615
"[0.615, 0.616)",0.03220382553567926,0.616
"[0.616, 0.617)",0.03538423910375353,0.617
"[0.617, 0.618)",0.02759784504570181,0.618
"[0.618, 0.619)",0.030772915634688796,0.619
"[0.619, 0.62)",0.028733801764670105,0.62
"[0.62, 0.621)",0.03497789174902288,0.621
"[0.621, 0.622)",0.03762419377970356,0.622
"[0.622, 0.623)",0.02965735114657752,0.623
"[0.623, 0.624)",0.03280425570904368,0.624
"[0.624, 0.625)",0.03394041141853973,0.625
"[0.625, 0.626)",0.0304710729481346,0.626
"[0.626, 0.627)",0.02812929831450626,0.627
"[0.627, 0.628)",0.027048648639591343,0.628
"[0.628, 0.629)",0.03260540896929268,0.629
"[0.629, 0.63)",0.03436268334958778,0.63
"[0.63, 0.631)",0.027513768992703056,0.631
"[0.631, 0.632)",0.031797183352731906,0.632
"[0.632, 0.633)",0.0320229942728383,0.633
"[0.633, 0.634)",0.0316876669933502,0.634
"[0.634, 0.635)",0.028637544065316562,0.635
"[0.635, 0.636)",0.03081748270746263,0.636
"[0.636, 0.637)",0.029673203877888438,0.637
"[0.637, 0.638)",0.031019740407767133,0.638
"[0.638, 0.639)",0.030928666092550742,0.639
"[0.639, 0.64)",0.031129305721925897,0.64
"[0.64, 0.641)",0.02862211053222611,0.641
"[0.641, 0.642)",0.030845046647998437,0.642
"[0.642, 0.643)",0.025277540606695827,0.643
"[0.643, 0.644)",0.027558371903854007,0.644
"[0.644, 0.645)",0.030513657924463256,0.645
"[0.645, 0.646)",0.029686982004973564,0.646
"[0.646, 0.647)",0.0332862025176803,0.647
"[0.647, 0.648)",0.027428601081486672,0.648
"[0.648, 0.649)",0.028521747140635663,0.649
"[0.649, 0.65)",0.032684510838524874,0.65
"[0.65, 0.651)",0.028571200086422895,0.651
"[0.651, 0.652)",0.030920524791685996,0.652
"[0.652, 0.653)",0.02876754730457714,0.653
"[0.653, 0.654)",0.029618210925738058,0.654
"[0.654, 0.655)",0.034693528052122696,0.655
"[0.655, 0.656)",0.024960912073497047,0.656
"[0.656, 0.657)",0.02870761580793524,0.657
"[0.657, 0.658)",0.02866922832254643,0.658
"[0.658, 0.659)",0.025484324236066343,0.659
"[0.659, 0.66)",0.028231013595042372,0.66
"[0.66, 0.661)",0.028803273488838158,0.661
"[0.661, 0.662)",0.024567869109692185,0.662
"[0.662, 0.663)",0.030308075136270096,0.663
"[0.663, 0.664)",0.03234561740858935,0.664
"[0.664, 0.665)",0.028452671658077196,0.665
"[0.665, 0.666)",0.03160813425510538,0.666
"[0.666, 0.667)",0.028282075175388274,0.667
"[0.667, 0.668)",0.026557039577553846,0.668
"[0.668, 0.669)",0.030120244559916808,0.669
"[0.669, 0.67)",0.03176738497957147,0.67
"[0.67, 0.671)",0.03141898096993706,0.671
"[0.671, 0.672)",0.030104485707970377,0.672
"[0.672, 0.673)",0.029208072265287995,0.673
"[0.673, 0.674)",0.029159182652779028,0.674
"[0.674, 0.675)",0.027650744605052038,0.675
"[0.675, 0.676)",0.02992487031253914,0.676
"[0.676, 0.677)",0.03453474378239537,0.677
"[0.677, 0.678)",0.030553167361049276,0.678
"[0.678, 0.679)",0.028963524515501902,0.679
"[0.679, 0.68)",0.029956946198436238,0.68
"[0.68, 0.681)",0.028981682714622203,0.681
"[0.681, 0.682)",0.030796562581866915,0.682
"[0.682, 0.683)",0.02842185877132638,0.683
"[0.683, 0.684)",0.02882110364103276,0.684
"[0.684, 0.685)",0.027637140936876897,0.685
"[0.685, 0.686)",0.027996127125802794,0.686
"[0.686, 0.687)",0.026920830262088333,0.687
"[0.687, 0.6880000000000001)",0.029804751493945243,0.688
"[0.6880000000000001, 0.6890000000000001)",0.03323765833845337,0.689
"[0.6890000000000001, 0.6900000000000001)",0.028287521321905505,0.69
"[0.6900000000000001, 0.6910000000000001)",0.032832683617486036,0.691
"[0.6910000000000001, 0.6920000000000001)",0.032072601904099544,0.692
"[0.6920000000000001, 0.6930000000000001)",0.03233741165773911,0.693
"[0.6930000000000001, 0.6940000000000001)",0.02531916605751145,0.694
"[0.6940000000000001, 0.6950000000000001)",0.028655893202213404,0.695
"[0.6950000000000001, 0.6960000000000001)",0.03689006785227834,0.696
"[0.6960000000000001, 0.6970000000000001)",0.030218305289466722,0.697
"[0.6970000000000001, 0.6980000000000001)",0.031093047938742936,0.698
"[0.6980000000000001, 0.6990000000000001)",0.03433180723979725,0.699
"[0.6990000000000001, 0.7000000000000001)",0.029960021313220297,0.7
"[0.7000000000000001, 0.7010000000000001)",0.03060912041496806,0.701
"[0.7010000000000001, 0.7020000000000001)",0.027748420921479052,0.702
"[0.7020000000000001, 0.7030000000000001)",0.02768922331670509,0.703
"[0.7030000000000001, 0.704)",0.03134468242530739,0.704
"[0.704, 0.705)",0.026105647686951297,0.705
"[0.705, 0.706)",0.027742708334923045,0.706
"[0.706, 0.707)",0.02831334982716637,0.707
"[0.707, 0.708)",0.031304087054488075,0.708
"[0.708, 0.709)",0.028579917437787778,0.709
"[0.709, 0.71)",0.033193030865718474,0.71
"[0.71, 0.711)",0.027919308997704537,0.711
"[0.711, 0.712)",0.02969773952782423,0.712
"[0.712, 0.713)",0.029600217374011976,0.713
"[0.713, 0.714)",0.03367437543588727,0.714
"[0.714, 0.715)",0.030962584962071188,0.715
"[0.715, 0.716)",0.025661671836015542,0.716
"[0.716, 0.717)",0.033087962248885196,0.717
"[0.717, 0.718)",0.027341457664440967,0.718
"[0.718, 0.719)",0.03185689399151683,0.719
"[0.719, 0.72)",0.028873476628121487,0.72
"[0.72, 0.721)",0.02493660205743426,0.721
"[0.721, 0.722)",0.03205867064576458,0.722
"[0.722, 0.723)",0.03207220858824543,0.723
"[0.723, 0.724)",0.038871982617082565,0.724
"[0.724, 0.725)",0.0330423936419451,0.725
"[0.725, 0.726)",0.027608472956125472,0.726
"[0.726, 0.727)",0.03231770257447922,0.727
"[0.727, 0.728)",0.03292343673118886,0.728
"[0.728, 0.729)",0.02972932067969741,0.729
"[0.729, 0.73)",0.03202359120404288,0.73
"[0.73, 0.731)",0.028407950341192107,0.731
"[0.731, 0.732)",0.02902135424015545,0.732
"[0.732, 0.733)",0.027929422659022183,0.733
"[0.733, 0.734)",0.033994657387095915,0.734
"[0.734, 0.735)",0.03200202579132513,0.735
"[0.735, 0.736)",0.02881764057924392,0.736
"[0.736, 0.737)",0.029693998278473046,0.737
"[0.737, 0.738)",0.03422513606987435,0.738
"[0.738, 0.739)",0.03184221246206102,0.739
"[0.739, 0.74)",0.03222020787741816,0.74
"[0.74, 0.741)",0.030349625648531754,0.741
"[0.741, 0.742)",0.02849094537015723,0.742
"[0.742, 0.743)",0.03136151810996021,0.743
"[0.743, 0.744)",0.03245327872306571,0.744
"[0.744, 0.745)",0.036180325767478594,0.745
"[0.745, 0.746)",0.029280015011747616,0.746
"[0.746, 0.747)",0.027319504859953353,0.747
"[0.747, 0.748)",0.02971393367289989,0.748
"[0.748, 0.749)",0.031379771528537194,0.749
"[0.749, 0.75)",0.032094665977422915,0.75
"[0.75, 0.751)",0.027149245607002895,0.751
"[0.751, 0.752)",0.028640954322448897,0.752
"[0.752, 0.753)",0.03525267404126438,0.753
"[0.753, 0.754)",0.027497952717406213,0.754
"[0.754, 0.755)",0.030463218517615943,0.755
"[0.755, 0.756)",0.030178686312165783,0.756
"[0.756, 0.757)",0.030853995713548885,0.757
"[0.757, 0.758)",0.02913879737107877,0.758
"[0.758, 0.759)",0.028928753194415926,0.759
"[0.759, 0.76)",0.03303291144153224,0.76
"[0.76, 0.761)",0.03522883249127921,0.761
"[0.761, 0.762)",0.03223735942010342,0.762
"[0.762, 0.763)",0.030437854348317285,0.763
"[0.763, 0.764)",0.03102706740794986,0.764
"[0.764, 0.765)",0.0308810456125358,0.765
"[0.765, 0.766)",0.028450753290097334,0.766
"[0.766, 0.767)",0.03286051348887171,0.767
"[0.767, 0.768)",0.03182400418484157,0.768
"[0.768, 0.769)",0.031977252755900944,0.769
"[0.769, 0.77)",0.03278947758973586,0.77
"[0.77, 0.771)",0.03255003584722129,0.771
"[0.771, 0.772)",0.032091898405687665,0.772
"[0.772, 0.773)",0.030694262506341777,0.773
"[0.773, 0.774)",0.03330273724275544,0.774
"[0.774, 0.775)",0.02838187333299192,0.775
"[0.775, 0.776)",0.027972053695911943,0.776
"[0.776, 0.777)",0.027595152112028436,0.777
"[0.777, 0.778)",0.033724008149751704,0.778
"[0.778, 0.779)",0.02918723127228207,0.779
"[0.779, 0.78)",0.03015564634003176,0.78
"[0.78, 0.781)",0.03316881743538524,0.781
"[0.781, 0.782)",0.027315866080447865,0.782
"[0.782, 0.783)",0.02825117044093469,0.783
"[0.783, 0.784)",0.0289189990815833,0.784
"[0.784, 0.785)",0.02981328100222604,0.785
"[0.785, 0.786)",0.03224913529203744,0.786
"[0.786, 0.787)",0.031432338670293616,0.787
"[0.787, 0.788)",0.02932299698050692,0.788
"[0.788, 0.789)",0.028506006215736353,0.789
"[0.789, 0.79)",0.031334436923009995,0.79
"[0.79, 0.791)",0.03236160612773539,0.791
"[0.791, 0.792)",0.029299452558760333,0.792
"[0.792, 0.793)",0.03068374199864984,0.793
"[0.793, 0.794)",0.02954968312933002,0.794
"[0.794, 0.795)",0.029779693749856,0.795
"[0.795, 0.796)",0.02825326938241067,0.796
"[0.796, 0.797)",0.029369469429892606,0.797
"[0.797, 0.798)",0.025623786668227698,0.798
"[0.798, 0.799)",0.031884036335732155,0.799
"[0.799, 0.8)",0.030765594044274307,0.8
"[0.8, 0.801)",0.030105507420353495,0.801
"[0.801, 0.802)",0.03178025005058665,0.802
"[0.802, 0.803)",0.02902197859588078,0.803
"[0.803, 0.804)",0.029220885360248052,0.804
"[0.804, 0.805)",0.03268432123698745,0.805
"[0.805, 0.806)",0.03358364048102426,0.806
"[0.806, 0.807)",0.03424202309270312,0.807
"[0.807, 0.808)",0.03491032666224453,0.808
"[0.808, 0.809)",0.03313485265842145,0.809
"[0.809, 0.81)",0.031181364035441944,0.81
"[0.81, 0.811)",0.030226484960416966,0.811
"[0.811, 0.812)",0.03133935971425823,0.812
"[0.812, 0.8130000000000001)",0.03123358810834527,0.813
"[0.8130000000000001, 0.8140000000000001)",0.027625745424587782,0.814
"[0.8140000000000001, 0.8150000000000001)",0.03166725450805002,0.815
"[0.8150000000000001, 0.8160000000000001)",0.031159923350951482,0.816
"[0.8160000000000001, 0.8170000000000001)",0.030436515998480695,0.817
"[0.8170000000000001, 0.8180000000000001)",0.028410381019052317,0.818
"[0.8180000000000001, 0.8190000000000001)",0.03022107964202197,0.819
"[0.8190000000000001, 0.8200000000000001)",0.027748966627194834,0.82
"[0.8200000000000001, 0.8210000000000001)",0.03308614697316845,0.821
"[0.8210000000000001, 0.8220000000000001)",0.029810877842980626,0.822
"[0.8220000000000001, 0.8230000000000001)",0.029130126988669007,0.823
"[0.8230000000000001, 0.8240000000000001)",0.029550247740259817,0.824
"[0.8240000000000001, 0.8250000000000001)",0.02947959997677496,0.825
"[0.8250000000000001, 0.8260000000000001)",0.02703612028289078,0.826
"[0.8260000000000001, 0.8270000000000001)",0.03342246760793661,0.827
"[0.8270000000000001, 0.8280000000000001)",0.03146603351206771,0.828
"[0.8280000000000001, 0.8290000000000001)",0.03127661373647531,0.829
"[0.8290000000000001, 0.8300000000000001)",0.026294346858689716,0.83
"[0.8300000000000001, 0.8310000000000001)",0.03070293458381478,0.831
"[0.8310000000000001, 0.8320000000000001)",0.030762691410958495,0.832
"[0.8320000000000001, 0.833)",0.025964248292817266,0.833
"[0.833, 0.834)",0.027524419874863676,0.834
"[0.834, 0.835)",0.031202088285684975,0.835
"[0.835, 0.836)",0.030717362440662324,0.836
"[0.836, 0.837)",0.032298962643749866,0.837
"[0.837, 0.838)",0.03420229127870936,0.838
"[0.838, 0.839)",0.029688458456076816,0.839
"[0.839, 0.84)",0.029044516646478842,0.84
"[0.84, 0.841)",0.0316738931268355,0.841
"[0.841, 0.842)",0.026732645791086376,0.842
"[0.842, 0.843)",0.03163462874513885,0.843
"[0.843, 0.844)",0.02906466926699799,0.844
"[0.844, 0.845)",0.036290801114180676,0.845
"[0.845, 0.846)",0.02789632041323667,0.846
"[0.846, 0.847)",0.03559449936103644,0.847
"[0.847, 0.848)",0.026996376145580897,0.848
"[0.848, 0.849)",0.03125770454697474,0.849
"[0.849, 0.85)",0.033232198762512245,0.85
"[0.85, 0.851)",0.028019155871391255,0.851
"[0.851, 0.852)",0.02819624656908517,0.852
"[0.852, 0.853)",0.027573225134014327,0.853
"[0.853, 0.854)",0.027988957421425632,0.854
"[0.854, 0.855)",0.03131281175966391,0.855
"[0.855, 0.856)",0.03359909916300398,0.856
"[0.856, 0.857)",0.02602242229608646,0.857
"[0.857, 0.858)",0.031655755130937775,0.858
"[0.858, 0.859)",0.02865404962242417,0.859
"[0.859, 0.86)",0.02794440951465184,0.86
"[0.86, 0.861)",0.032171581095897676,0.861
"[0.861, 0.862)",0.03021972150702702,0.862
"[0.862, 0.863)",0.028758915593264215,0.863
"[0.863, 0.864)",0.02692778002351648,0.864
"[0.864, 0.865)",0.031487704865972146,0.865
"[0.865, 0.866)",0.02974796389890136,0.866
"[0.866, 0.867)",0.02874772274278301,0.867
"[0.867, 0.868)",0.028965646492070018,0.868
"[0.868, 0.869)",0.03701942954875774,0.869
"[0.869, 0.87)",0.030593660468398724,0.87
"[0.87, 0.871)",0.03018695107510332,0.871
"[0.871, 0.872)",0.0325270149670033,0.872
"[0.872, 0.873)",0.03476862031968852,0.873
"[0.873, 0.874)",0.03151145808178182,0.874
"[0.874, 0.875)",0.0245356280367764,0.875
"[0.875, 0.876)",0.03665805824317896,0.876
"[0.876, 0.877)",0.03268986796216392,0.877
"[0.877, 0.878)",0.029523302579348574,0.878
"[0.878, 0.879)",0.03177264958108416,0.879
"[0.879, 0.88)",0.030826665775686265,0.88
"[0.88, 0.881)",0.02913316101728585,0.881
"[0.881, 0.882)",0.027500324197938117,0.882
"[0.882, 0.883)",0.029050399364844565,0.883
"[0.883, 0.884)",0.028149065558766208,0.884
"[0.884, 0.885)",0.02961921678562705,0.885
"[0.885, 0.886)",0.03803897850704382,0.886
"[0.886, 0.887)",0.03699112444266739,0.887
"[0.887, 0.888)",0.03193251487286022,0.888
"[0.888, 0.889)",0.030891182640443493,0.889
"[0.889, 0.89)",0.03112728071898453,0.89
"[0.89, 0.891)",0.029679429443647057,0.891
"[0.891, 0.892)",0.0325679082798687,0.892
"[0.892, 0.893)",0.026917754561785714,0.893
"[0.893, 0.894)",0.0299878264645425,0.894
"[0.894, 0.895)",0.030896613390445134,0.895
"[0.895, 0.896)",0.030365257149212885,0.896
"[0.896, 0.897)",0.028854323898260367,0.897
"[0.897, 0.898)",0.03265051162670371,0.898
"[0.898, 0.899)",0.030007525325816978,0.899
"[0.899, 0.9)",0.030365377191455094,0.9
"[0.9, 0.901)",0.03128128807330548,0.901
"[0.901, 0.902)",0.03284800910957559,0.902
"[0.902, 0.903)",0.03334779162991714,0.903
"[0.903, 0.904)",0.02986697644001008,0.904
"[0.904, 0.905)",0.028799091578702446,0.905
"[0.905, 0.906)",0.028607499901783857,0.906
"[0.906, 0.907)",0.032543485031622424,0.907
"[0.907, 0.908)",0.027697948586857177,0.908
"[0.908, 0.909)",0.030313680601973078,0.909
"[0.909, 0.91)",0.031783717468461536,0.91
"[0.91, 0.911)",0.027767015730640252,0.911
"[0.911, 0.912)",0.03141104939154007,0.912
"[0.912, 0.913)",0.03419810164933256,0.913
"[0.913, 0.914)",0.0354716508241383,0.914
"[0.914, 0.915)",0.033317322534486736,0.915
"[0.915, 0.916)",0.03627706875594959,0.916
"[0.916, 0.917)",0.029341765689220155,0.917
"[0.917, 0.918)",0.03563194346447518,0.918
"[0.918, 0.919)",0.03367066838255522,0.919
"[0.919, 0.92)",0.035899952567018584,0.92
"[0.92, 0.921)",0.033279252574569346,0.921
"[0.921, 0.922)",0.03370620824479993,0.922
"[0.922, 0.923)",0.02759771802941845,0.923
"[0.923, 0.924)",0.027943980655940816,0.924
"[0.924, 0.925)",0.028725685794868866,0.925
"[0.925, 0.926)",0.034635197086126,0.926
"[0.926, 0.927)",0.0254502293124352,0.927
"[0.927, 0.928)",0.029068791175095053,0.928
"[0.928, 0.929)",0.03308193912321864,0.929
"[0.929, 0.93)",0.03328168881969618,0.93
"[0.93, 0.931)",0.028002015699607318,0.931
"[0.931, 0.932)",0.027502446861940463,0.932
"[0.932, 0.933)",0.02798342305469388,0.933
"[0.933, 0.934)",0.02312357974409337,0.934
"[0.934, 0.935)",0.03723973475909447,0.935
"[0.935, 0.936)",0.027832248172739167,0.936
"[0.936, 0.937)",0.029516286965328445,0.937
"[0.937, 0.9380000000000001)",0.03238550163363871,0.938
"[0.9380000000000001, 0.9390000000000001)",0.029352183626452904,0.939
"[0.9390000000000001, 0.9400000000000001)",0.030022061884190196,0.94
"[0.9400000000000001, 0.9410000000000001)",0.03065690669470441,0.941
"[0.9410000000000001, 0.9420000000000001)",0.030381576959096584,0.942
"[0.9420000000000001, 0.9430000000000001)",0.02836219700356512,0.943
"[0.9430000000000001, 0.9440000000000001)",0.029479419194533497,0.944
"[0.9440000000000001, 0.9450000000000001)",0.029419875675249,0.945
"[0.9450000000000001, 0.9460000000000001)",0.030391083468652918,0.946
"[0.9460000000000001, 0.9470000000000001)",0.03220518167811675,0.947
"[0.9470000000000001, 0.9480000000000001)",0.02677431345307985,0.948
"[0.9480000000000001, 0.9490000000000001)",0.03619064253026114,0.949
"[0.9490000000000001, 0.9500000000000001)",0.025998987883253652,0.95
"[0.9500000000000001, 0.9510000000000001)",0.028577890938534047,0.951
"[0.9510000000000001, 0.9520000000000001)",0.028882193243105793,0.952
"[0.9520000000000001, 0.9530000000000001)",0.027348432454821686,0.953
"[0.9530000000000001, 0.9540000000000001)",0.029301370777154053,0.954
"[0.9540000000000001, 0.9550000000000001)",0.03014381825414896,0.955
"[0.9550000000000001, 0.9560000000000001)",0.03046216580533968,0.956
"[0.9560000000000001, 0.9570000000000001)",0.027456721171295054,0.957
"[0.9570000000000001, 0.9580000000000001)",0.031084856346328394,0.958
"[0.9580000000000001, 0.9590000000000001)",0.026143215026676367,0.959
"[0.9590000000000001, 0.96)",0.03404956950574118,0.96
"[0.96, 0.961)",0.026352139720192572,0.961
"[0.961, 0.962)",0.03575283499537811,0.962
"[0.962, 0.963)",0.031047135959046242,0.963
"[0.963, 0.964)",0.023298207561866662,0.964
"[0.964, 0.965)",0.03602236730515395,0.965
"[0.965, 0.966)",0.03880913763997225,0.966
"[0.966, 0.967)",0.026919836192232503,0.967
"[0.967, 0.968)",0.02922806189999996,0.968
"[0.968, 0.969)",0.028928488392064362,0.969
"[0.969, 0.97)",0.024454321482905984,0.97
"[0.97, 0.971)",0.030752085479726333,0.971
"[0.971, 0.972)",0.0329816258569482,0.972
"[0.972, 0.973)",0.028778869793844062,0.973
"[0.973, 0.974)",0.027595980987783385,0.974
"[0.974, 0.975)",0.03404235884462466,0.975
"[0.975, 0.976)",0.035281315626765744,0.976
"[0.976, 0.977)",0.0344873256280566,0.977
"[0.977, 0.978)",0.035860525899970526,0.978
"[0.978, 0.979)",0.035316487747123024,0.979
"[0.979, 0.98)",0.025238322089480913,0.98
"[0.98, 0.981)",0.025928280521279365,0.981
"[0.981, 0.982)",0.030093103046460703,0.982
"[0.982, 0.983)",0.029362218802242677,0.983
"[0.983, 0.984)",0.026550726104803263,0.984
"[0.984, 0.985)",0.025090831361164054,0.985
"[0.985, 0.986)",0.0300749576248235,0.986
"[0.986, 0.987)",0.030853493686949163,0.987
"[0.987, 0.988)",0.029781696631143217,0.988
"[0.988, 0.989)",0.026510084845110846,0.989
"[0.989, 0.99)",0.02599382583725222,0.99
"[0.99, 0.991)",0.028347841992417713,0.991
"[0.991, 0.992)",0.027391037812824058,0.992
"[0.992, 0.993)",0.032550578904635794,0.993
"[0.993, 0.994)",0.03473250362645569,0.994
"[0.994, 0.995)",0.02971514745127521,0.995
"[0.995, 0.996)",0.03519201546656247,0.996
"[0.996, 0.997)",0.028368179950564,0.997
"[0.997, 0.998)",0.030698485103342624,0.998
"[0.998, 0.999)",0.033195043561283465,0.999
"[0.999, 1.0)",0.03507807268963874,1.0
"[1.0, 1.0010000000000001)",0.03257506164552449,1.001
"[1.0010000000000001, 1.002)",0.0287615125688889,1.002
"[1.002, 1.0030000000000001)",0.02553866916289222,1.003
"[1.0030000000000001, 1.004)",0.03006502200716269,1.004
"[1.004, 1.0050000000000001)",0.026960540038896207,1.005
"[1.0050000000000001, 1.006)",0.03083477555023161,1.006
"[1.006, 1.0070000000000001)",0.02743672393165252,1.007
"[1.0070000000000001, 1.008)",0.029367645645376937,1.008
"[1.008, 1.0090000000000001)",0.029185117815720238,1.009
"[1.0090000000000001, 1.01)",0.029270093421132595,1.01
"[1.01, 1.0110000000000001)",0.03241784572717335,1.011
"[1.0110000000000001, 1.012)",0.02595485843404256,1.012
"[1.012, 1.0130000000000001)",0.03118496395996332,1.013
"[1.0130000000000001, 1.014)",0.02874148796990425,1.014
"[1.014, 1.0150000000000001)",0.031095895725679317,1.015
"[1.0150000000000001, 1.016)",0.03230885180828948,1.016
"[1.016, 1.0170000000000001)",0.03340057839006619,1.017
"[1.0170000000000001, 1.018)",0.030210420028202754,1.018
"[1.018, 1.0190000000000001)",0.031617971008419704,1.019
"[1.0190000000000001, 1.02)",0.026894405262865517,1.02
"[1.02, 1.0210000000000001)",0.02716163374111844,1.021
"[1.0210000000000001, 1.022)",0.029695578289583358,1.022
"[1.022, 1.0230000000000001)",0.033520762037248936,1.023
"[1.0230000000000001, 1.024)",0.03285609871062847,1.024
"[1.024, 1.025)",0.032312505856100994,1.025
"[1.025, 1.026)",0.03219393043527025,1.026
"[1.026, 1.027)",0.027748325467601177,1.027
"[1.027, 1.028)",0.028820310639419457,1.028
"[1.028, 1.029)",0.033729981933988275,1.029
"[1.029, 1.03)",0.027440858516629026,1.03
"[1.03, 1.031)",0.030089612387706157,1.031
"[1.031, 1.032)",0.029981605809752773,1.032
"[1.032, 1.033)",0.03024940696030923,1.033
"[1.033, 1.034)",0.028520796248998646,1.034
"[1.034, 1.035)",0.029905530402855107,1.035
"[1.035, 1.036)",0.03445467158203956,1.036
"[1.036, 1.037)",0.02755976254337759,1.037
"[1.037, 1.038)",0.027351176525037945,1.038
"[1.038, 1.039)",0.03339580617409638,1.039
"[1.039, 1.04)",0.027178707982571944,1.04
"[1.04, 1.041)",0.028635596822874792,1.041
"[1.041, 1.042)",0.03957998210380667,1.042
"[1.042, 1.043)",0.03338694444500728,1.043
"[1.043, 1.044)",0.03216932116342524,1.044
"[1.044, 1.045)",0.03161632926017965,1.045
"[1.045, 1.046)",0.03276747063886462,1.046
"[1.046, 1.047)",0.029994327334720225,1.047
"[1.047, 1.048)",0.037654748253381914,1.048
"[1.048, 1.049)",0.03260065563171873,1.049
"[1.049, 1.05)",0.022680474017492295,1.05
"[1.05, 1.051)",0.029014825396696347,1.051
"[1.051, 1.052)",0.026949738998828025,1.052
"[1.052, 1.053)",0.02993197337744514,1.053
"[1.053, 1.054)",0.03067273214293918,1.054
"[1.054, 1.055)",0.02391282729927737,1.055
"[1.055, 1.056)",0.022558457763402255,1.056
"[1.056, 1.057)",0.030722218108785948,1.057
"[1.057, 1.058)",0.029877245861779242,1.058
"[1.058, 1.059)",0.032203372062263855,1.059
"[1.059, 1.06)",0.023360770365824204,1.06
"[1.06, 1.061)",0.030871313840196098,1.061
"[1.061, 1.062)",0.03040047481409172,1.062
"[1.062, 1.063)",0.027175435995270312,1.063
"[1.063, 1.064)",0.02997717136507862,1.064
"[1.064, 1.065)",0.023663137577986146,1.065
"[1.065, 1.066)",0.025275511355319177,1.066
"[1.066, 1.067)",0.02519158199788963,1.067
"[1.067, 1.068)",0.03571797944967842,1.068
"[1.068, 1.069)",0.024356242999407095,1.069
"[1.069, 1.07)",0.030008737481900194,1.07
"[1.07, 1.071)",0.03535843482591978,1.071
"[1.071, 1.072)",0.02351185597487097,1.072
"[1.072, 1.073)",0.02542599634525049,1.073
"[1.073, 1.074)",0.033693128487707634,1.074
"[1.074, 1.075)",0.042324590828606665,1.075
"[1.075, 1.076)",0.030649159402762083,1.076
"[1.076, 1.077)",0.03199540311380418,1.077
"[1.077, 1.078)",0.033926665162652324,1.078
"[1.078, 1.079)",0.029507075114405406,1.079
"[1.079, 1.08)",0.029757101370569142,1.08
"[1.08, 1.081)",0.02610505308321139,1.081
"[1.081, 1.082)",0.028811142672696282,1.082
"[1.082, 1.083)",0.025986628220877234,1.083
"[1.083, 1.084)",0.03309837945428086,1.084
"[1.084, 1.085)",0.032270001013931904,1.085
"[1.085, 1.086)",0.028446364468661455,1.086
"[1.086, 1.087)",0.03146279258259868,1.087
"[1.087, 1.088)",0.0314992051521382,1.088
"[1.088, 1.089)",0.028714234202542405,1.089
"[1.089, 1.09)",0.028630074773825554,1.09
"[1.09, 1.091)",0.0309608650302652,1.091
"[1.091, 1.092)",0.029354077159535263,1.092
"[1.092, 1.093)",0.028555361330421625,1.093
"[1.093, 1.094)",0.033401257595967765,1.094
"[1.094, 1.095)",0.027272811027397287,1.095
"[1.095, 1.096)",0.03647119938876305,1.096
"[1.096, 1.097)",0.03252786314520072,1.097
"[1.097, 1.098)",0.025857006067950994,1.098
"[1.098, 1.099)",0.03316322845775401,1.099
"[1.099, 1.1)",0.03244025717069273,1.1
"[1.1, 1.101)",0.03224530442013496,1.101
"[1.101, 1.102)",0.029485227853685163,1.102
"[1.102, 1.103)",0.02603751673378384,1.103
"[1.103, 1.104)",0.030035435327466897,1.104
"[1.104, 1.105)",0.031041291853134367,1.105
"[1.105, 1.106)",0.03493655177556328,1.106
"[1.106, 1.107)",0.02849642743538339,1.107
"[1.107, 1.108)",0.03008352371240243,1.108
"[1.108, 1.109)",0.02664034949027203,1.109
"[1.109, 1.11)",0.029098874049498364,1.11
"[1.11, 1.111)",0.0226625482641026,1.111
"[1.111, 1.112)",0.028586962918430037,1.112
"[1.112, 1.113)",0.030694278420812193,1.113
"[1.113, 1.114)",0.02518839694124816,1.114
"[1.114, 1.115)",0.023168316957500053,1.115
"[1.115, 1.116)",0.032736762756033946,1.116
"[1.116, 1.117)",0.026615689440168466,1.117
"[1.117, 1.118)",0.030066956147753874,1.118
"[1.118, 1.119)",0.02830387644642516,1.119
"[1.119, 1.12)",0.031565771947113797,1.12
"[1.12, 1.121)",0.027284549189746255,1.121
"[1.121, 1.122)",0.025976770411769008,1.122
"[1.122, 1.123)",0.03136863545213119,1.123
"[1.123, 1.124)",0.031209284361775894,1.124
"[1.124, 1.125)",0.029587408354948868,1.125
"[1.125, 1.1260000000000001)",0.03317232459226891,1.126
"[1.1260000000000001, 1.127)",0.03767574040090763,1.127
"[1.127, 1.1280000000000001)",0.0314376183437069,1.128
"[1.1280000000000001, 1.129)",0.032500859447191076,1.129
"[1.129, 1.1300000000000001)",0.02587099790588805,1.13
"[1.1300000000000001, 1.131)",0.02732397728673917,1.131
"[1.131, 1.1320000000000001)",0.028161189467688637,1.132
"[1.1320000000000001, 1.133)",0.03140556069625988,1.133
"[1.133, 1.1340000000000001)",0.029340965395223958,1.134
"[1.1340000000000001, 1.135)",0.03399001751288853,1.135
"[1.135, 1.1360000000000001)",0.03343562635565642,1.136
"[1.1360000000000001, 1.137)",0.02474606469939946,1.137
"[1.137, 1.1380000000000001)",0.026005369606047258,1.138
"[1.1380000000000001, 1.139)",0.025412202504492564,1.139
"[1.139, 1.1400000000000001)",0.03119660807491151,1.14
"[1.1400000000000001, 1.141)",0.03003690793814636,1.141
"[1.141, 1.1420000000000001)",0.027144668836285267,1.142
"[1.1420000000000001, 1.143)",0.028775989158673153,1.143
"[1.143, 1.1440000000000001)",0.02325162079793631,1.144
"[1.1440000000000001, 1.145)",0.02967776492965785,1.145
"[1.145, 1.1460000000000001)",0.03267425312808691,1.146
"[1.1460000000000001, 1.147)",0.02519989098552637,1.147
"[1.147, 1.1480000000000001)",0.03339847439033283,1.148
"[1.1480000000000001, 1.149)",0.030025041914332792,1.149
"[1.149, 1.1500000000000001)",0.028677471561274554,1.15
"[1.1500000000000001, 1.151)",0.027165898666934085,1.151
"[1.151, 1.1520000000000001)",0.026868323972694445,1.152
"[1.1520000000000001, 1.153)",0.035730869460236916,1.153
"[1.153, 1.154)",0.028184510954819563,1.154
"[1.154, 1.155)",0.02914894612323747,1.155
"[1.155, 1.156)",0.03122914588152754,1.156
"[1.156, 1.157)",0.0278528048572505,1.157
"[1.157, 1.158)",0.028880501408090335,1.158
"[1.158, 1.159)",0.029383665848054106,1.159
"[1.159, 1.16)",0.02753515189519011,1.16
"[1.16, 1.161)",0.024903360333910836,1.161
"[1.161, 1.162)",0.026977609066485563,1.162
"[1.162, 1.163)",0.02873220366194034,1.163
"[1.163, 1.164)",0.026875937910366843,1.164
"[1.164, 1.165)",0.03298114685275864,1.165
"[1.165, 1.166)",0.023684482448858173,1.166
"[1.166, 1.167)",0.03266323478657242,1.167
"[1.167, 1.168)",0.027889404402011,1.168
"[1.168, 1.169)",0.028133464566525608,1.169
"[1.169, 1.17)",0.033033833612989366,1.17
"[1.17, 1.171)",0.02652016408651126,1.171
"[1.171, 1.172)",0.027331134911774812,1.172
"[1.172, 1.173)",0.03083244255335961,1.173
"[1.173, 1.174)",0.034772007834285704,1.174
"[1.174, 1.175)",0.033556963491603045,1.175
"[1.175, 1.176)",0.038599788457728136,1.176
"[1.176, 1.177)",0.032184645710925976,1.177
"[1.177, 1.178)",0.027437707800938144,1.178
"[1.178, 1.179)",0.031282574948626754,1.179
"[1.179, 1.18)",0.034959522172826094,1.18
"[1.18, 1.181)",0.029133375112367507,1.181
"[1.181, 1.182)",0.03296672011767024,1.182
"[1.182, 1.183)",0.030833921657649265,1.183
"[1.183, 1.184)",0.036972465411330944,1.184
"[1.184, 1.185)",0.032049591337380515,1.185
"[1.185, 1.186)",0.02858984855208494,1.186
"[1.186, 1.187)",0.024044131081111156,1.187
"[1.187, 1.188)",0.03162960717269087,1.188
"[1.188, 1.189)",0.025445508184115555,1.189
"[1.189, 1.19)",0.034847549840285215,1.19
"[1.19, 1.191)",0.03724640690894161,1.191
"[1.191, 1.192)",0.03043779591956027,1.192
"[1.192, 1.193)",0.02683905465477674,1.193
"[1.193, 1.194)",0.026923145570118642,1.194
"[1.194, 1.195)",0.03027499833535161,1.195
"[1.195, 1.196)",0.03626460286781444,1.196
"[1.196, 1.197)",0.026425372521343884,1.197
"[1.197, 1.198)",0.03302749945126055,1.198
"[1.198, 1.199)",0.038666627041462974,1.199
"[1.199, 1.2)",0.03487349722000005,1.2
"[1.2, 1.201)",0.03676445500289261,1.201
"[1.201, 1.202)",0.027884490612650643,1.202
"[1.202, 1.203)",0.031233910945696743,1.203
"[1.203, 1.204)",0.03076164722233826,1.204
"[1.204, 1.205)",0.030853963130297063,1.205
"[1.205, 1.206)",0.025812776655000032,1.206
"[1.206, 1.207)",0.02614375027452633,1.207
"[1.207, 1.208)",0.03378869770781126,1.208
"[1.208, 1.209)",0.025094431331401934,1.209
"[1.209, 1.21)",0.025860413833528273,1.21
"[1.21, 1.211)",0.02477244634158218,1.211
"[1.211, 1.212)",0.02973466520371136,1.212
"[1.212, 1.213)",0.029888592569311114,1.213
"[1.213, 1.214)",0.03440975590909666,1.214
"[1.214, 1.215)",0.030072316003162094,1.215
"[1.215, 1.216)",0.0329666460540257,1.216
"[1.216, 1.217)",0.03139459380762889,1.217
"[1.217, 1.218)",0.026607788158458275,1.218
"[1.218, 1.219)",0.03031980673138837,1.219
"[1.219, 1.22)",0.03126533326110643,1.22
"[1.22, 1.221)",0.0248929908366667,1.221
"[1.221, 1.222)",0.028547266248807178,1.222
"[1.222, 1.223)",0.029192368292682444,1.223
"[1.223, 1.224)",0.029265404998174475,1.224
"[1.224, 1.225)",0.02625781340019575,1.225
"[1.225, 1.226)",0.026297019478833724,1.226
"[1.226, 1.227)",0.031288308658008704,1.227
"[1.227, 1.228)",0.034584503455511804,1.228
"[1.228, 1.229)",0.02634989051200796,1.229
"[1.229, 1.23)",0.030480674719675475,1.23
"[1.23, 1.231)",0.030441296071031156,1.231
"[1.231, 1.232)",0.02947286351066244,1.232
"[1.232, 1.233)",0.032349024989125806,1.233
"[1.233, 1.234)",0.030104412522403288,1.234
"[1.234, 1.235)",0.022420115364358503,1.235
"[1.235, 1.236)",0.027886374024263076,1.236
"[1.236, 1.237)",0.030814771516279617,1.237
"[1.237, 1.238)",0.030005193958135952,1.238
"[1.238, 1.239)",0.029507687842582064,1.239
"[1.239, 1.24)",0.024059013480329905,1.24
"[1.24, 1.241)",0.035619550459411765,1.241
"[1.241, 1.242)",0.026086741290000028,1.242
"[1.242, 1.243)",0.025934230004264425,1.243
"[1.243, 1.244)",0.03327886199491491,1.244
"[1.244, 1.245)",0.030749559752539027,1.245
"[1.245, 1.246)",0.031494803796458366,1.246
"[1.246, 1.247)",0.025652860213286055,1.247
"[1.247, 1.248)",0.03031095762960202,1.248
"[1.248, 1.249)",0.025869683127488163,1.249
"[1.249, 1.25)",0.02473922951061542,1.25
"[1.25, 1.2510000000000001)",0.027832513080668253,1.251
"[1.2510000000000001, 1.252)",0.02945757155662108,1.252
"[1.252, 1.2530000000000001)",0.030210444123232396,1.253
"[1.2530000000000001, 1.254)",0.023996258487336247,1.254
"[1.254, 1.2550000000000001)",0.030547309975757622,1.255
"[1.2550000000000001, 1.256)",0.029550054351250018,1.256
"[1.256, 1.2570000000000001)",0.030050666719726046,1.257
"[1.2570000000000001, 1.258)",0.030910787540217432,1.258
"[1.258, 1.2590000000000001)",0.03301847802736084,1.259
"[1.2590000000000001, 1.26)",0.020208817669403686,1.26
"[1.26, 1.2610000000000001)",0.024387123530769245,1.261
"[1.2610000000000001, 1.262)",0.029842044318442246,1.262
"[1.262, 1.2630000000000001)",0.04196884771118566,1.263
"[1.2630000000000001, 1.264)",0.02889794678743845,1.264
"[1.264, 1.2650000000000001)",0.027177158076439834,1.265
"[1.2650000000000001, 1.266)",0.025168050160191874,1.266
"[1.266, 1.2670000000000001)",0.029470762013908657,1.267
"[1.2670000000000001, 1.268)",0.027611387315489743,1.268
"[1.268, 1.2690000000000001)",0.031400574199771714,1.269
"[1.2690000000000001, 1.27)",0.027151368753882382,1.27
"[1.27, 1.2710000000000001)",0.030287157023884907,1.271
"[1.2710000000000001, 1.272)",0.030866890923265364,1.272
"[1.272, 1.2730000000000001)",0.031802084064048684,1.273
"[1.2730000000000001, 1.274)",0.02629585036506855,1.274
"[1.274, 1.2750000000000001)",0.0220516405638444,1.275
"[1.2750000000000001, 1.276)",0.030064575901746455,1.276
"[1.276, 1.2770000000000001)",0.025536391743294133,1.277
"[1.2770000000000001, 1.278)",0.02794406884893766,1.278
"[1.278, 1.2790000000000001)",0.03292744792634035,1.279
"[1.2790000000000001, 1.28)",0.028030918101643175,1.28
"[1.28, 1.281)",0.023561530381659413,1.281
"[1.281, 1.282)",0.02976667612505751,1.282
"[1.282, 1.283)",0.0355278255136259,1.283
"[1.283, 1.284)",0.02714215564539009,1.284
"[1.284, 1.285)",0.024480541834763,1.285
"[1.285, 1.286)",0.027038691478158506,1.286
"[1.286, 1.287)",0.023812388994339642,1.287
"[1.287, 1.288)",0.031622951126529804,1.288
"[1.288, 1.289)",0.030061545301197663,1.289
"[1.289, 1.29)",0.029611664623482453,1.29
"[1.29, 1.291)",0.03195232697188645,1.291
"[1.291, 1.292)",0.03989952029923872,1.292
"[1.292, 1.293)",0.03129661703300784,1.293
"[1.293, 1.294)",0.024842752315529997,1.294
"[1.294, 1.295)",0.029132182294880966,1.295
"[1.295, 1.296)",0.02679015093550567,1.296
"[1.296, 1.297)",0.03187765109324329,1.297
"[1.297, 1.298)",0.026508501051224542,1.298
"[1.298, 1.299)",0.030782194939909958,1.299
"[1.299, 1.3)",0.029485871794382074,1.3
"[1.3, 1.301)",0.023990827920556755,1.301
"[1.301, 1.302)",0.02622794936959368,1.302
"[1.302, 1.303)",0.02926868763562918,1.303
"[1.303, 1.304)",0.02760398159620541,1.304
"[1.304, 1.305)",0.027602180300878895,1.305
"[1.305, 1.306)",0.03481499007929082,1.306
"[1.306, 1.307)",0.029323102463402344,1.307
"[1.307, 1.308)",0.029059760755909148,1.308
"[1.308, 1.309)",0.030279896613730015,1.309
"[1.309, 1.31)",0.028064269280288486,1.31
"[1.31, 1.311)",0.030285776859405963,1.311
"[1.311, 1.312)",0.031854275889099594,1.312
"[1.312, 1.313)",0.034838943556997515,1.313
"[1.313, 1.314)",0.033348725858548076,1.314
"[1.314, 1.315)",0.031060231884615378,1.315
"[1.315, 1.316)",0.035876016078450354,1.316
"[1.316, 1.317)",0.03296394020766264,1.317
"[1.317, 1.318)",0.02950986688333337,1.318
"[1.318, 1.319)",0.02979144293174952,1.319
"[1.319, 1.32)",0.032868887013495635,1.32
"[1.32, 1.321)",0.0328049126376596,1.321
"[1.321, 1.322)",0.033099491448507504,1.322
"[1.322, 1.323)",0.0363802964193534,1.323
"[1.323, 1.324)",0.037486705026117714,1.324
"[1.324, 1.325)",0.04727801763775745,1.325
"[1.325, 1.326)",0.033379995859949045,1.326
"[1.326, 1.327)",0.03797860260553137,1.327
"[1.327, 1.328)",0.036289426739798555,1.328
"[1.328, 1.329)",0.039705054562371216,1.329
"[1.329, 1.33)",0.035158557593514654,1.33
"[1.33, 1.331)",0.03422588404715265,1.331
"[1.331, 1.332)",0.03466130993165078,1.332
"[1.332, 1.333)",0.026670834297804924,1.333
"[1.333, 1.334)",0.028752332434761933,1.334
"[1.334, 1.335)",0.027023976362378695,1.335
"[1.335, 1.336)",0.03142017104278614,1.336
"[1.336, 1.337)",0.033259264133002515,1.337
"[1.337, 1.338)",0.026111547855401703,1.338
"[1.338, 1.339)",0.02446472028123462,1.339
"[1.339, 1.34)",0.032673128853284696,1.34
"[1.34, 1.341)",0.029450647785813383,1.341
"[1.341, 1.342)",0.03282116203206109,1.342
"[1.342, 1.343)",0.03719750753795814,1.343
"[1.343, 1.344)",0.027598027461170214,1.344
"[1.344, 1.345)",0.0341089921442935,1.345
"[1.345, 1.346)",0.029954567581801598,1.346
"[1.346, 1.347)",0.03946892356008572,1.347
"[1.347, 1.348)",0.023161687025606476,1.348
"[1.348, 1.349)",0.02957661889136628,1.349
"[1.349, 1.35)",0.026166522803867404,1.35
"[1.35, 1.351)",0.02916807843428571,1.351
"[1.351, 1.352)",0.038566170173156646,1.352
"[1.352, 1.353)",0.034637051187465184,1.353
"[1.353, 1.354)",0.037888278419777204,1.354
"[1.354, 1.355)",0.02068372899704301,1.355
"[1.355, 1.356)",0.03153770735714291,1.356
"[1.356, 1.357)",0.016129268068726776,1.357
"[1.357, 1.358)",0.026664769376495128,1.358
"[1.358, 1.359)",0.02481636347439355,1.359
"[1.359, 1.36)",0.03489378462654155,1.36
"[1.36, 1.361)",0.03022187138953847,1.361
"[1.361, 1.362)",0.02961468199693773,1.362
"[1.362, 1.363)",0.03348784669201184,1.363
"[1.363, 1.364)",0.028937998595595895,1.364
"[1.364, 1.365)",0.03234825548306012,1.365
"[1.365, 1.366)",0.02869177376980338,1.366
"[1.366, 1.367)",0.0333961439532643,1.367
"[1.367, 1.368)",0.03213261759381448,1.368
"[1.368, 1.369)",0.023605114880678874,1.369
"[1.369, 1.37)",0.028936935485060995,1.37
"[1.37, 1.371)",0.03663447743139845,1.371
"[1.371, 1.372)",0.03032655484221557,1.372
"[1.372, 1.373)",0.03341037150829018,1.373
"[1.373, 1.374)",0.023014552948087425,1.374
"[1.374, 1.375)",0.021693387500000008,1.375
"[1.375, 1.3760000000000001)",0.029136054057340748,1.376
"[1.3760000000000001, 1.377)",0.035953456329510365,1.377
"[1.377, 1.3780000000000001)",0.029301976074404146,1.378
"[1.3780000000000001, 1.379)",0.03554076638177088,1.379
"[1.379, 1.3800000000000001)",0.023810326244366593,1.38
"[1.3800000000000001, 1.381)",0.02511357755307262,1.381
"[1.381, 1.3820000000000001)",0.022726119807474215,1.382
"[1.3820000000000001, 1.383)",0.029915938923914233,1.383
"[1.383, 1.3840000000000001)",0.0371494630437379,1.384
"[1.3840000000000001, 1.385)",0.02877784627931938,1.385
"[1.385, 1.3860000000000001)",0.030374540275561142,1.386
"[1.3860000000000001, 1.387)",0.026940178774033152,1.387
"[1.387, 1.3880000000000001)",0.03193063050496089,1.388
"[1.3880000000000001, 1.389)",0.03319979488907411,1.389
"[1.389, 1.3900000000000001)",0.029597131873664136,1.39
"[1.3900000000000001, 1.391)",0.025913482382916676,1.391
"[1.391, 1.3920000000000001)",0.02271943390561498,1.392
"[1.3920000000000001, 1.393)",0.027661179536458917,1.393
"[1.393, 1.3940000000000001)",0.027675175550080654,1.394
"[1.3940000000000001, 1.395)",0.03669752611502925,1.395
"[1.395, 1.3960000000000001)",0.029777452935468393,1.396
"[1.3960000000000001, 1.397)",0.026141594831891872,1.397
"[1.397, 1.3980000000000001)",0.02258692918647059,1.398
"[1.3980000000000001, 1.399)",0.030428329773190415,1.399
"[1.399, 1.4000000000000001)",0.025743205805511832,1.4
"[1.4000000000000001, 1.401)",0.03250193512819848,1.401
"[1.401, 1.4020000000000001)",0.03336798320871942,1.402
"[1.4020000000000001, 1.403)",0.0432865117772127,1.403
"[1.403, 1.4040000000000001)",0.031385397410411,1.404
"[1.4040000000000001, 1.405)",0.028488032659890108,1.405
"[1.405, 1.4060000000000001)",0.02581172983435115,1.406
"[1.4060000000000001, 1.407)",0.03274505312072544,1.407
"[1.407, 1.408)",0.03350030500763012,1.408
"[1.408, 1.409)",0.02714893782634409,1.409
"[1.409, 1.41)",0.022935948741525422,1.41
"[1.41, 1.411)",0.029295874516230388,1.411
"[1.411, 1.412)",0.034591428708820655,1.412
"[1.412, 1.413)",0.030659763895443063,1.413
"[1.413, 1.414)",0.02089656966177082,1.414
"[1.414, 1.415)",0.028027391028795857,1.415
"[1.415, 1.416)",0.03453339209308649,1.416
"[1.416, 1.417)",0.03419643708818425,1.417
"[1.417, 1.418)",0.038627015420760275,1.418
"[1.418, 1.419)",0.036804189127272784,1.419
"[1.419, 1.42)",0.026688491322162153,1.42
"[1.42, 1.421)",0.035701759713858715,1.421
"[1.421, 1.422)",0.03395980413451794,1.422
"[1.422, 1.423)",0.023850539671646322,1.423
"[1.423, 1.424)",0.027671987125806454,1.424
"[1.424, 1.425)",0.03646400628691278,1.425
"[1.425, 1.426)",0.02582437812490385,1.426
"[1.426, 1.427)",0.03575257744100297,1.427
"[1.427, 1.428)",0.028465943534081037,1.428
"[1.428, 1.429)",0.02461389567215566,1.429
"[1.429, 1.43)",0.02855814365940295,1.43
"[1.43, 1.431)",0.024054451041378305,1.431
"[1.431, 1.432)",0.029674132756005604,1.432
"[1.432, 1.433)",0.03408625308343558,1.433
"[1.433, 1.434)",0.02860064680897101,1.434
"[1.434, 1.435)",0.032844819645962725,1.435
"[1.435, 1.436)",0.03293908278342701,1.436
"[1.436, 1.437)",0.01729269501297934,1.437
"[1.437, 1.438)",0.026325831616819572,1.438
"[1.438, 1.439)",0.02764787599099677,1.439
"[1.439, 1.44)",0.031399828636532484,1.44
"[1.44, 1.441)",0.028228058386904765,1.441
"[1.441, 1.442)",0.027203307845731727,1.442
"[1.442, 1.443)",0.026927009056010975,1.443
"[1.443, 1.444)",0.024574763280722875,1.444
"[1.444, 1.445)",0.02878078582369947,1.445
"[1.445, 1.446)",0.03159687614690266,1.446
"[1.446, 1.447)",0.024181679207100567,1.447
"[1.447, 1.448)",0.030093293942088633,1.448
"[1.448, 1.449)",0.03091480110609761,1.449
"[1.449, 1.45)",0.034096977532634735,1.45
"[1.45, 1.451)",0.022666136789504344,1.451
"[1.451, 1.452)",0.02782009522552554,1.452
"[1.452, 1.453)",0.02747790631755621,1.453
"[1.453, 1.454)",0.029467221842269926,1.454
"[1.454, 1.455)",0.023432303508187115,1.455
"[1.455, 1.456)",0.02742914483289905,1.456
"[1.456, 1.457)",0.027890220298833847,1.457
"[1.457, 1.458)",0.03634500914817937,1.458
"[1.458, 1.459)",0.02301323260268656,1.459
"[1.459, 1.46)",0.029091283360365885,1.46
"[1.46, 1.461)",0.03573895176498518,1.461
"[1.461, 1.462)",0.03942423115125787,1.462
"[1.462, 1.463)",0.021195786528201057,1.463
"[1.463, 1.464)",0.041710013060681145,1.464
"[1.464, 1.465)",0.03339172465486726,1.465
"[1.465, 1.466)",0.03432974266250001,1.466
"[1.466, 1.467)",0.023769938426126118,1.467
"[1.467, 1.468)",0.026086639550174217,1.468
"[1.468, 1.469)",0.028658269166105928,1.469
"[1.469, 1.47)",0.034260853500000035,1.47
"[1.47, 1.471)",0.03144298286643835,1.471
"[1.471, 1.472)",0.03581976716045019,1.472
"[1.472, 1.473)",0.028817480734831508,1.473
"[1.473, 1.474)",0.03655741436816621,1.474
"[1.474, 1.475)",0.030611027016129055,1.475
"[1.475, 1.476)",0.036048090963588054,1.476
"[1.476, 1.477)",0.03384868904184616,1.477
"[1.477, 1.478)",0.028157484453522015,1.478
"[1.478, 1.479)",0.03145525358507467,1.479
"[1.479, 1.48)",0.028657100075238078,1.48
"[1.48, 1.481)",0.033278312141343296,1.481
"[1.481, 1.482)",0.027671283629966324,1.482
"[1.482, 1.483)",0.03112757461089783,1.483
"[1.483, 1.484)",0.02457736236083085,1.484
"[1.484, 1.485)",0.031392135779746866,1.485
"[1.485, 1.486)",0.03220008370189279,1.486
"[1.486, 1.487)",0.029357884771246026,1.487
"[1.487, 1.488)",0.02888845539967844,1.488
"[1.488, 1.489)",0.034403216515974486,1.489
"[1.489, 1.49)",0.02886736881570999,1.49
"[1.49, 1.491)",0.02592839389632108,1.491
"[1.491, 1.492)",0.042945252962576716,1.492
"[1.492, 1.493)",0.03334992958300655,1.493
"[1.493, 1.494)",0.030863126277210867,1.494
"[1.494, 1.495)",0.032137907889072864,1.495
"[1.495, 1.496)",0.03566182123403515,1.496
"[1.496, 1.497)",0.026787153276699022,1.497
"[1.497, 1.498)",0.0390004014676308,1.498
"[1.498, 1.499)",0.033844378616699054,1.499
"[1.499, 1.5)",0.03377541089471948,1.5
"[1.5, 1.5010000000000001)",0.04091673085067569,1.501
"[1.5010000000000001, 1.502)",0.03356699445567075,1.502
"[1.502, 1.5030000000000001)",0.02632847531094803,1.503
"[1.5030000000000001, 1.504)",0.035151766500000035,1.504
"[1.504, 1.5050000000000001)",0.03003229931401255,1.505
"[1.5050000000000001, 1.506)",0.024699989995015572,1.506
"[1.506, 1.5070000000000001)",0.024121571245259925,1.507
"[1.5070000000000001, 1.508)",0.025229597248160502,1.508
"[1.508, 1.5090000000000001)",0.02989854821692309,1.509
"[1.5090000000000001, 1.51)",0.027286743329152548,1.51
"[1.51, 1.5110000000000001)",0.03203406551938463,1.511
"[1.5110000000000001, 1.512)",0.02707755145436306,1.512
"[1.512, 1.5130000000000001)",0.035837104958990534,1.513
"[1.5130000000000001, 1.514)",0.029443409300338976,1.514
"[1.514, 1.5150000000000001)",0.036179680009568116,1.515
"[1.5150000000000001, 1.516)",0.023352987523852946,1.516
"[1.516, 1.5170000000000001)",0.03919587916928573,1.517
"[1.5170000000000001, 1.518)",0.02610663105482867,1.518
"[1.518, 1.5190000000000001)",0.031099181818181817,1.519
"[1.5190000000000001, 1.52)",0.02905582369492062,1.52
"[1.52, 1.5210000000000001)",0.023554907152000006,1.521
"[1.5210000000000001, 1.522)",0.026338841790572394,1.522
"[1.522, 1.5230000000000001)",0.01971915678777778,1.523
"[1.5230000000000001, 1.524)",0.032225140427215186,1.524
"[1.524, 1.5250000000000001)",0.02630601430397349,1.525
"[1.5250000000000001, 1.526)",0.030111669683280776,1.526
"[1.526, 1.5270000000000001)",0.024075410459076917,1.527
"[1.5270000000000001, 1.528)",0.023398930190485435,1.528
"[1.528, 1.5290000000000001)",0.022515274837588653,1.529
"[1.5290000000000001, 1.53)",0.03303176675880281,1.53
"[1.53, 1.5310000000000001)",0.02992393760883561,1.531
"[1.5310000000000001, 1.532)",0.032672575982298155,1.532
"[1.532, 1.5330000000000001)",0.02362693962505534,1.533
"[1.5330000000000001, 1.534)",0.0365051533109554,1.534
"[1.534, 1.5350000000000001)",0.02455238366204621,1.535
"[1.5350000000000001, 1.536)",0.02483759833821427,1.536
"[1.536, 1.537)",0.02996289736090364,1.537
"[1.537, 1.538)",0.02433109342980769,1.538
"[1.538, 1.539)",0.03226823637447554,1.539
"[1.539, 1.54)",0.025111633762318827,1.54
"[1.54, 1.541)",0.03246090536599999,1.541
"[1.541, 1.542)",0.03453621113741006,1.542
"[1.542, 1.543)",0.023632815820420396,1.543
"[1.543, 1.544)",0.02972360366416666,1.544
"[1.544, 1.545)",0.028981390040501587,1.545
"[1.545, 1.546)",0.031205229247962384,1.546
"[1.546, 1.547)",0.033293298164259966,1.547
"[1.547, 1.548)",0.02785763314967948,1.548
"[1.548, 1.549)",0.032496226650367686,1.549
"[1.549, 1.55)",0.024641434308362353,1.55
"[1.55, 1.551)",0.037921084699065445,1.551
"[1.551, 1.552)",0.03127223183655677,1.552
"[1.552, 1.553)",0.03519226668543693,1.553
"[1.553, 1.554)",0.03613986220808081,1.554
"[1.554, 1.555)",0.022275322556164358,1.555
"[1.555, 1.556)",0.03774029106067415,1.556
"[1.556, 1.557)",0.027311822008476573,1.557
"[1.557, 1.558)",0.03870643775900368,1.558
"[1.558, 1.559)",0.031517301464620937,1.559
"[1.559, 1.56)",0.02750795214444444,1.56
"[1.56, 1.561)",0.034360565015830104,1.561
"[1.561, 1.562)",0.02809853513918367,1.562
"[1.562, 1.563)",0.03209787350861423,1.563
"[1.563, 1.564)",0.025325507149356906,1.564
"[1.564, 1.565)",0.025173599129518515,1.565
"[1.565, 1.566)",0.039837860678514844,1.566
"[1.566, 1.567)",0.03182934535088969,1.567
"[1.567, 1.568)",0.03268427409750005,1.568
"[1.568, 1.569)",0.021913239632561417,1.569
"[1.569, 1.57)",0.028987205398052808,1.57
"[1.57, 1.571)",0.032689460089788715,1.571
"[1.571, 1.572)",0.035499120422140255,1.572
"[1.572, 1.573)",0.030999280839245285,1.573
"[1.573, 1.574)",0.02515922173807141,1.574
"[1.574, 1.575)",0.02742122247635657,1.575
"[1.575, 1.576)",0.031965749942448975,1.576
"[1.576, 1.577)",0.03327148436383764,1.577
"[1.577, 1.578)",0.03009183531338027,1.578
"[1.578, 1.579)",0.033181449221323545,1.579
"[1.579, 1.58)",0.03614776436508478,1.58
"[1.58, 1.581)",0.026411406309310336,1.581
"[1.581, 1.582)",0.04059687952579512,1.582
"[1.582, 1.583)",0.04112812234545456,1.583
"[1.583, 1.584)",0.029258907988702933,1.584
"[1.584, 1.585)",0.024003709358052447,1.585
"[1.585, 1.586)",0.029326433748971172,1.586
"[1.586, 1.587)",0.026733762775464662,1.587
"[1.587, 1.588)",0.0193211560536842,1.588
"[1.588, 1.589)",0.0404551688208029,1.589
"[1.589, 1.59)",0.025145389231782948,1.59
"[1.59, 1.591)",0.028535855139338217,1.591
"[1.591, 1.592)",0.03666412620844445,1.592
"[1.592, 1.593)",0.0348006461496063,1.593
"[1.593, 1.594)",0.029628144488284523,1.594
"[1.594, 1.595)",0.022085919561023615,1.595
"[1.595, 1.596)",0.0277064550106383,1.596
"[1.596, 1.597)",0.026574872237647065,1.597
"[1.597, 1.598)",0.029244304727642258,1.598
"[1.598, 1.599)",0.027028563285661746,1.599
"[1.599, 1.6)",0.028367024680615385,1.6
"[1.6, 1.601)",0.031683930691358005,1.601
"[1.601, 1.602)",0.023288005994117646,1.602
"[1.602, 1.603)",0.026385776547104247,1.603
"[1.603, 1.604)",0.03353932690036233,1.604
"[1.604, 1.605)",0.035704126020070434,1.605
"[1.605, 1.606)",0.025343292697119334,1.606
"[1.606, 1.607)",0.028141411826086933,1.607
"[1.607, 1.608)",0.026778555526447364,1.608
"[1.608, 1.609)",0.026149790488070188,1.609
"[1.609, 1.61)",0.030633663729310336,1.61
"[1.61, 1.611)",0.03203765942330507,1.611
"[1.611, 1.612)",0.025573376866517877,1.612
"[1.612, 1.613)",0.025097540059800638,1.613
"[1.613, 1.614)",0.03092546780566801,1.614
"[1.614, 1.615)",0.029728261817187504,1.615
"[1.615, 1.616)",0.02593764026329587,1.616
"[1.616, 1.617)",0.034323179710655766,1.617
"[1.617, 1.618)",0.028895313409341542,1.618
"[1.618, 1.619)",0.02570757532674108,1.619
"[1.619, 1.62)",0.032355100772008365,1.62
"[1.62, 1.621)",0.027637817992342332,1.621
"[1.621, 1.622)",0.04118461793779907,1.622
"[1.622, 1.623)",0.03150385426764705,1.623
"[1.623, 1.624)",0.029315017104245274,1.624
"[1.624, 1.625)",0.038456954765546246,1.625
"[1.625, 1.6260000000000001)",0.03382496071275721,1.626
"[1.6260000000000001, 1.627)",0.0369722752975,1.627
"[1.627, 1.6280000000000001)",0.039128569413409094,1.628
"[1.6280000000000001, 1.629)",0.021200308342583726,1.629
"[1.629, 1.6300000000000001)",0.021653838029523795,1.63
"[1.6300000000000001, 1.631)",0.022435718842735042,1.631
"[1.631, 1.6320000000000001)",0.02863851036749997,1.632
"[1.6320000000000001, 1.633)",0.028707487107042254,1.633
"[1.633, 1.6340000000000001)",0.034671741287128695,1.634
"[1.6340000000000001, 1.635)",0.02527061673549738,1.635
"[1.635, 1.6360000000000001)",0.029429141049333325,1.636
"[1.6360000000000001, 1.637)",0.032376891520596314,1.637
"[1.637, 1.6380000000000001)",0.024735289205370367,1.638
"[1.6380000000000001, 1.639)",0.028523932683333333,1.639
"[1.639, 1.6400000000000001)",0.022172628911893016,1.64
"[1.6400000000000001, 1.641)",0.02543395909692981,1.641
"[1.641, 1.6420000000000001)",0.031022592659999983,1.642
"[1.6420000000000001, 1.643)",0.03469043379490197,1.643
"[1.643, 1.6440000000000001)",0.04109460690089284,1.644
"[1.6440000000000001, 1.645)",0.035856800875000004,1.645
"[1.645, 1.6460000000000001)",0.021464337053718995,1.646
"[1.6460000000000001, 1.647)",0.02581642531240907,1.647
"[1.647, 1.6480000000000001)",0.023808869152803735,1.648
"[1.6480000000000001, 1.649)",0.03802107335648148,1.649
"[1.649, 1.6500000000000001)",0.04026909850701754,1.65
"[1.6500000000000001, 1.651)",0.03296397230921658,1.651
"[1.651, 1.6520000000000001)",0.03488540459739131,1.652
"[1.6520000000000001, 1.653)",0.028321477474384234,1.653
"[1.653, 1.6540000000000001)",0.03080965561961373,1.654
"[1.6540000000000001, 1.655)",0.03270835356694915,1.655
"[1.655, 1.6560000000000001)",0.03934234559712917,1.656
"[1.6560000000000001, 1.657)",0.022467361763318778,1.657
"[1.657, 1.6580000000000001)",0.02527326901105262,1.658
"[1.6580000000000001, 1.659)",0.029136344479629633,1.659
"[1.659, 1.6600000000000001)",0.018385129332019707,1.66
"[1.6600000000000001, 1.661)",0.028018114788834956,1.661
"[1.661, 1.6620000000000001)",0.03416472356738462,1.662
"[1.6620000000000001, 1.663)",0.021074875322330086,1.663
"[1.663, 1.6640000000000001)",0.037284589009950235,1.664
"[1.6640000000000001, 1.665)",0.03375979896328498,1.665
"[1.665, 1.666)",0.03238018551485147,1.666
"[1.666, 1.667)",0.028765309232863818,1.667
"[1.667, 1.668)",0.02846012770236712,1.668
"[1.668, 1.669)",0.027764685845990563,1.669
"[1.669, 1.67)",0.029818622039170507,1.67
"[1.67, 1.671)",0.03458526068119264,1.671
"[1.671, 1.672)",0.030189046550697676,1.672
"[1.672, 1.673)",0.03308404914298641,1.673
"[1.673, 1.674)",0.033479143647342995,1.674
"[1.674, 1.675)",0.02500033973827225,1.675
"[1.675, 1.676)",0.03115935152621004,1.676
"[1.676, 1.677)",0.026077721385221672,1.677
"[1.677, 1.678)",0.03728682746898149,1.678
"[1.678, 1.679)",0.026785874031674196,1.679
"[1.679, 1.68)",0.032149250808450706,1.68
"[1.68, 1.681)",0.02164859266766171,1.681
"[1.681, 1.682)",0.03971480151691543,1.682
"[1.682, 1.683)",0.02635002635336788,1.683
"[1.683, 1.684)",0.023976905147808213,1.684
"[1.684, 1.685)",0.02644365003334905,1.685
"[1.685, 1.686)",0.02718247335325688,1.686
"[1.686, 1.687)",0.03672775608807879,1.687
"[1.687, 1.688)",0.028791955422710267,1.688
"[1.688, 1.689)",0.025335359107692294,1.689
"[1.689, 1.69)",0.026905448859217876,1.69
"[1.69, 1.691)",0.022308788254395594,1.691
"[1.691, 1.692)",0.027779862755752196,1.692
"[1.692, 1.693)",0.021024178393617022,1.693
"[1.693, 1.694)",0.03291225298418076,1.694
"[1.694, 1.695)",0.027747318119138734,1.695
"[1.695, 1.696)",0.0323783441625,1.696
"[1.696, 1.697)",0.041515062434395615,1.697
"[1.697, 1.698)",0.024444358474489798,1.698
"[1.698, 1.699)",0.03412288960526314,1.699
"[1.699, 1.7)",0.02530899410387097,1.7
"[1.7, 1.701)",0.028983552151243784,1.701
"[1.701, 1.702)",0.04169258697104075,1.702
"[1.702, 1.703)",0.023750823662511633,1.703
"[1.703, 1.704)",0.03321366975216083,1.704
"[1.704, 1.705)",0.027156106599591827,1.705
"[1.705, 1.706)",0.03271834635728153,1.706
"[1.706, 1.707)",0.02856237605477386,1.707
"[1.707, 1.708)",0.03279203636696832,1.708
"[1.708, 1.709)",0.024665005167539264,1.709
"[1.709, 1.71)",0.032025448206043944,1.71
"[1.71, 1.711)",0.023827194188940096,1.711
"[1.711, 1.712)",0.024367480160000007,1.712
"[1.712, 1.713)",0.026665697953960375,1.713
"[1.713, 1.714)",0.029761152966500008,1.714
"[1.714, 1.715)",0.032000353418749995,1.715
"[1.715, 1.716)",0.02066118022571429,1.716
"[1.716, 1.717)",0.0264383369923077,1.717
"[1.717, 1.718)",0.023004849795953488,1.718
"[1.718, 1.719)",0.027372897599487186,1.719
"[1.719, 1.72)",0.03312855446042651,1.72
"[1.72, 1.721)",0.029505901337209307,1.721
"[1.721, 1.722)",0.03185260134902912,1.722
"[1.722, 1.723)",0.025196864036486476,1.723
"[1.723, 1.724)",0.025057398363551385,1.724
"[1.724, 1.725)",0.021483675478086117,1.725
"[1.725, 1.726)",0.036097797420289846,1.726
"[1.726, 1.727)",0.02240327609565218,1.727
"[1.727, 1.728)",0.023634347433177588,1.728
"[1.728, 1.729)",0.023242890252083325,1.729
"[1.729, 1.73)",0.030725391148095228,1.73
"[1.73, 1.731)",0.03451915088405796,1.731
"[1.731, 1.732)",0.03377664664077668,1.732
"[1.732, 1.733)",0.02713035234072166,1.733
"[1.733, 1.734)",0.03093647051408448,1.734
"[1.734, 1.735)",0.03360990966481818,1.735
"[1.735, 1.736)",0.029958491750746292,1.736
"[1.736, 1.737)",0.03126989463919786,1.737
"[1.737, 1.738)",0.030568171578999995,1.738
"[1.738, 1.739)",0.03130580697738693,1.739
"[1.739, 1.74)",0.02530330836542055,1.74
"[1.74, 1.741)",0.02629905837252688,1.741
"[1.741, 1.742)",0.03327784873243243,1.742
"[1.742, 1.743)",0.03832080382864323,1.743
"[1.743, 1.744)",0.03045760122556819,1.744
"[1.744, 1.745)",0.03183219925934578,1.745
"[1.745, 1.746)",0.03537837094460674,1.746
"[1.746, 1.747)",0.02530793516497176,1.747
"[1.747, 1.748)",0.037913729205581406,1.748
"[1.748, 1.749)",0.040560600966844905,1.749
"[1.749, 1.75)",0.02000625884222222,1.75
"[1.75, 1.7510000000000001)",0.034644066969553085,1.751
"[1.7510000000000001, 1.752)",0.04572645353932587,1.752
"[1.752, 1.7530000000000001)",0.03499467489523809,1.753
"[1.7530000000000001, 1.754)",0.02614742594945054,1.754
"[1.754, 1.7550000000000001)",0.027552302867027027,1.755
"[1.7550000000000001, 1.756)",0.030625549139375003,1.756
"[1.756, 1.7570000000000001)",0.04426305477388888,1.757
"[1.7570000000000001, 1.758)",0.027008460183928572,1.758
"[1.758, 1.7590000000000001)",0.023754326177840904,1.759
"[1.7590000000000001, 1.76)",0.029885082016129046,1.76
"[1.76, 1.7610000000000001)",0.03007684903352939,1.761
"[1.7610000000000001, 1.762)",0.0301271416453202,1.762
"[1.762, 1.7630000000000001)",0.0209280597937107,1.763
"[1.7630000000000001, 1.764)",0.02718611676887755,1.764
"[1.764, 1.7650000000000001)",0.023972398114285712,1.765
"[1.7650000000000001, 1.766)",0.03423064184816754,1.766
"[1.766, 1.7670000000000001)",0.03886435729123712,1.767
"[1.7670000000000001, 1.768)",0.033938588384090924,1.768
"[1.768, 1.7690000000000001)",0.029419162611475383,1.769
"[1.7690000000000001, 1.77)",0.026477884319796953,1.77
"[1.77, 1.7710000000000001)",0.025494781183720925,1.771
"[1.7710000000000001, 1.772)",0.031905859524010684,1.772
"[1.772, 1.7730000000000001)",0.028309225777777777,1.773
"[1.7730000000000001, 1.774)",0.0407759987121212,1.774
"[1.774, 1.7750000000000001)",0.024704167583132524,1.775
"[1.7750000000000001, 1.776)",0.029506543453548393,1.776
"[1.776, 1.7770000000000001)",0.028614110613483148,1.777
"[1.7770000000000001, 1.778)",0.022419244866206885,1.778
"[1.778, 1.7790000000000001)",0.027976910112500003,1.779
"[1.7790000000000001, 1.78)",0.020336796440981592,1.78
"[1.78, 1.7810000000000001)",0.024795820480612244,1.781
"[1.7810000000000001, 1.782)",0.028076087155688635,1.782
"[1.782, 1.7830000000000001)",0.02394962509289939,1.783
"[1.7830000000000001, 1.784)",0.031754636181179775,1.784
"[1.784, 1.7850000000000001)",0.02643396936677778,1.785
"[1.7850000000000001, 1.786)",0.02633472918187501,1.786
"[1.786, 1.7870000000000001)",0.024676860704117655,1.787
"[1.7870000000000001, 1.788)",0.03133283957999999,1.788
"[1.788, 1.7890000000000001)",0.031680051411250014,1.789
"[1.7890000000000001, 1.79)",0.03237503816874999,1.79
"[1.79, 1.7910000000000001)",0.03596039141436466,1.791
"[1.7910000000000001, 1.792)",0.03657802229050634,1.792
"[1.792, 1.793)",0.02573321829677419,1.793
"[1.793, 1.794)",0.03172003294233917,1.794
"[1.794, 1.795)",0.03564128326480768,1.795
"[1.795, 1.796)",0.020009644280821928,1.796
"[1.796, 1.797)",0.02690642343519738,1.797
"[1.797, 1.798)",0.02629391852325582,1.798
"[1.798, 1.799)",0.023191083944230785,1.799
"[1.799, 1.8)",0.02088727561042945,1.8
"[1.8, 1.801)",0.029728186126712314,1.801
"[1.801, 1.802)",0.03223291099740739,1.802
"[1.802, 1.803)",0.026944811276300606,1.803
"[1.803, 1.804)",0.025250902451973683,1.804
"[1.804, 1.805)",0.027019179518580645,1.805
"[1.805, 1.806)",0.028205051161333324,1.806
"[1.806, 1.807)",0.027736968411940295,1.807
"[1.807, 1.808)",0.025559078543870968,1.808
"[1.808, 1.809)",0.036742415056329095,1.809
"[1.809, 1.81)",0.029976317685443035,1.81
"[1.81, 1.811)",0.022214095272794117,1.811
"[1.811, 1.812)",0.032608017065248227,1.812
"[1.812, 1.813)",0.03400403554444443,1.813
"[1.813, 1.814)",0.02869983449032259,1.814
"[1.814, 1.815)",0.03804163414304599,1.815
"[1.815, 1.816)",0.019570919558385105,1.816
"[1.816, 1.817)",0.027404594144385033,1.817
"[1.817, 1.818)",0.037191602664367815,1.818
"[1.818, 1.819)",0.028032324824242446,1.819
"[1.819, 1.82)",0.02323380289772725,1.82
"[1.82, 1.821)",0.029282399641633986,1.821
"[1.821, 1.822)",0.04062720409259255,1.822
"[1.822, 1.823)",0.02843376187300612,1.823
"[1.823, 1.824)",0.04639404697278479,1.824
"[1.824, 1.825)",0.03554973984764707,1.825
"[1.825, 1.826)",0.026006637425757553,1.826
"[1.826, 1.827)",0.02167250627142858,1.827
"[1.827, 1.828)",0.028871774083625727,1.828
"[1.828, 1.829)",0.03112902225633805,1.829
"[1.829, 1.83)",0.02599718415131579,1.83
"[1.83, 1.831)",0.02246824730596027,1.831
"[1.831, 1.832)",0.030856532462962962,1.832
"[1.832, 1.833)",0.023190000078947372,1.833
"[1.833, 1.834)",0.046921750012426024,1.834
"[1.834, 1.835)",0.022293309257831326,1.835
"[1.835, 1.836)",0.029636966918633538,1.836
"[1.836, 1.837)",0.023179495125786164,1.837
"[1.837, 1.838)",0.038397058464516125,1.838
"[1.838, 1.839)",0.024643678010240953,1.839
"[1.839, 1.84)",0.029413845224025965,1.84
"[1.84, 1.841)",0.0218947421575419,1.841
"[1.841, 1.842)",0.032370847573239415,1.842
"[1.842, 1.843)",0.040728160704201676,1.843
"[1.843, 1.844)",0.021455150781597633,1.844
"[1.844, 1.845)",0.04288889343112584,1.845
"[1.845, 1.846)",0.031719183735624996,1.846
"[1.846, 1.847)",0.026397787658536582,1.847
"[1.847, 1.848)",0.021454373763571438,1.848
"[1.848, 1.849)",0.023654319644055937,1.849
"[1.849, 1.85)",0.022601268020769238,1.85
"[1.85, 1.851)",0.02670896439130435,1.851
"[1.851, 1.852)",0.0431844522536,1.852
"[1.852, 1.853)",0.03270970960675674,1.853
"[1.853, 1.854)",0.04539619157906978,1.854
"[1.854, 1.855)",0.05057615679491522,1.855
"[1.855, 1.856)",0.029009028719166666,1.856
"[1.856, 1.857)",0.03892083869751555,1.857
"[1.857, 1.858)",0.0319535042531746,1.858
"[1.858, 1.859)",0.026689309389855052,1.859
"[1.859, 1.86)",0.030811743184655172,1.86
"[1.86, 1.861)",0.025015464704689655,1.861
"[1.861, 1.862)",0.02370816807142859,1.862
"[1.862, 1.863)",0.03919210049705882,1.863
"[1.863, 1.864)",0.031628684871333336,1.864
"[1.864, 1.865)",0.02894976806666667,1.865
"[1.865, 1.866)",0.026933216664107137,1.866
"[1.866, 1.867)",0.02480768025270269,1.867
"[1.867, 1.868)",0.02967307135608108,1.868
"[1.868, 1.869)",0.02751329148181819,1.869
"[1.869, 1.87)",0.02713075645409836,1.87
"[1.87, 1.871)",0.029802060616062987,1.871
"[1.871, 1.872)",0.032605679762666644,1.872
"[1.872, 1.873)",0.018144504627272733,1.873
"[1.873, 1.874)",0.027202153789473688,1.874
"[1.874, 1.875)",0.030072881144654097,1.875
"[1.875, 1.8760000000000001)",0.027516805286013968,1.876
"[1.8760000000000001, 1.877)",0.02728686291194967,1.877
"[1.877, 1.8780000000000001)",0.035602471312179466,1.878
"[1.8780000000000001, 1.879)",0.027194908245512826,1.879
"[1.879, 1.8800000000000001)",0.03165495498974359,1.88
"[1.8800000000000001, 1.881)",0.0364393747036232,1.881
"[1.881, 1.8820000000000001)",0.026804777449154923,1.882
"[1.8820000000000001, 1.883)",0.022216669128333335,1.883
"[1.883, 1.8840000000000001)",0.03020931067453415,1.884
"[1.8840000000000001, 1.885)",0.030897878848351663,1.885
"[1.885, 1.8860000000000001)",0.028551605999310357,1.886
"[1.8860000000000001, 1.887)",0.019793574173154364,1.887
"[1.887, 1.8880000000000001)",0.04500136085690476,1.888
"[1.8880000000000001, 1.889)",0.03469266703793332,1.889
"[1.889, 1.8900000000000001)",0.029365188374193565,1.89
"[1.8900000000000001, 1.891)",0.03686011734249998,1.891
"[1.891, 1.8920000000000001)",0.02731405567333333,1.892
"[1.8920000000000001, 1.893)",0.03948340886556292,1.893
"[1.893, 1.8940000000000001)",0.023460440047368424,1.894
"[1.8940000000000001, 1.895)",0.02878956321703703,1.895
"[1.895, 1.8960000000000001)",0.021979179022900766,1.896
"[1.8960000000000001, 1.897)",0.027422997421428574,1.897
"[1.897, 1.8980000000000001)",0.05049755656800002,1.898
"[1.8980000000000001, 1.899)",0.025714513060161287,1.899
"[1.899, 1.9000000000000001)",0.04916280354322033,1.9
"[1.9000000000000001, 1.901)",0.03610529778347826,1.901
"[1.901, 1.9020000000000001)",0.036494909297794115,1.902
"[1.9020000000000001, 1.903)",0.041973679373831806,1.903
"[1.903, 1.9040000000000001)",0.028293764497478988,1.904
"[1.9040000000000001, 1.905)",0.028111108871538452,1.905
"[1.905, 1.9060000000000001)",0.024389547853125006,1.906
"[1.9060000000000001, 1.907)",0.03456056104374999,1.907
"[1.907, 1.9080000000000001)",0.03819925884684684,1.908
"[1.9080000000000001, 1.909)",0.03606549071186442,1.909
"[1.909, 1.9100000000000001)",0.04428346728053098,1.91
"[1.9100000000000001, 1.911)",0.022192743090243914,1.911
"[1.911, 1.9120000000000001)",0.034035061570000004,1.912
"[1.9120000000000001, 1.913)",0.029208860616935492,1.913
"[1.913, 1.9140000000000001)",0.02451322931709403,1.914
"[1.9140000000000001, 1.915)",0.019793650987596903,1.915
"[1.915, 1.9160000000000001)",0.022452339080645162,1.916
"[1.9160000000000001, 1.917)",0.029244414207437997,1.917
"[1.917, 1.9180000000000001)",0.028460642239230772,1.918
"[1.9180000000000001, 1.919)",0.025804269613445383,1.919
"[1.919, 1.92)",0.03233935223416667,1.92
"[1.92, 1.921)",0.025516105219296887,1.921
"[1.921, 1.922)",0.043933166452713175,1.922
"[1.922, 1.923)",0.04437442310701755,1.923
"[1.923, 1.924)",0.036692592475000015,1.924
"[1.924, 1.925)",0.028457380143119278,1.925
"[1.925, 1.926)",0.022821995849600006,1.926
"[1.926, 1.927)",0.045762756620909076,1.927
"[1.927, 1.928)",0.024333600493442624,1.928
"[1.928, 1.929)",0.015420605663157911,1.929
"[1.929, 1.93)",0.030738032594117625,1.93
"[1.93, 1.931)",0.03178782543689321,1.931
"[1.931, 1.932)",0.02622255272673267,1.932
"[1.932, 1.933)",0.02776124484250001,1.933
"[1.933, 1.934)",0.020636977578512402,1.934
"[1.934, 1.935)",0.0219010600309091,1.935
"[1.935, 1.936)",0.03998567101851853,1.936
"[1.936, 1.937)",0.021332888794642867,1.937
"[1.937, 1.938)",0.028250250066037746,1.938
"[1.938, 1.939)",0.029701848290000003,1.939
"[1.939, 1.94)",0.019968355415000007,1.94
"[1.94, 1.941)",0.02330510241923078,1.941
"[1.941, 1.942)",0.027256190933333337,1.942
"[1.942, 1.943)",0.025304769065454553,1.943
"[1.943, 1.944)",0.020591609437190087,1.944
"[1.944, 1.945)",0.02357557016638656,1.945
"[1.945, 1.946)",0.03420258619417475,1.946
"[1.946, 1.947)",0.03279265979672132,1.947
"[1.947, 1.948)",0.028217283984426224,1.948
"[1.948, 1.949)",0.01999868774876034,1.949
"[1.949, 1.95)",0.03659389308461537,1.95
"[1.95, 1.951)",0.02178558861626016,1.951
"[1.951, 1.952)",0.024490009957983203,1.952
"[1.952, 1.953)",0.023003179269465657,1.953
"[1.953, 1.954)",0.03971164394065042,1.954
"[1.954, 1.955)",0.030259901959677402,1.955
"[1.955, 1.956)",0.03490240615504587,1.956
"[1.956, 1.957)",0.022071892380165308,1.957
"[1.957, 1.958)",0.028704071547008558,1.958
"[1.958, 1.959)",0.02339896924901786,1.959
"[1.959, 1.96)",0.031091381660869576,1.96
"[1.96, 1.961)",0.03286936939586776,1.961
"[1.961, 1.962)",0.020923939583193288,1.962
"[1.962, 1.963)",0.024779108085714294,1.963
"[1.963, 1.964)",0.022864743335937496,1.964
"[1.964, 1.965)",0.023596258779699245,1.965
"[1.965, 1.966)",0.03225518148629032,1.966
"[1.966, 1.967)",0.022249534123015866,1.967
"[1.967, 1.968)",0.03034124568640777,1.968
"[1.968, 1.969)",0.02500217933111111,1.969
"[1.969, 1.97)",0.034156171101694936,1.97
"[1.97, 1.971)",0.033471706622320005,1.971
"[1.971, 1.972)",0.03141549382713179,1.972
"[1.972, 1.973)",0.03850778295963302,1.973
"[1.973, 1.974)",0.0244211462047619,1.974
"[1.974, 1.975)",0.020995711146846858,1.975
"[1.975, 1.976)",0.020144472182786883,1.976
"[1.976, 1.977)",0.029711201314179106,1.977
"[1.977, 1.978)",0.02513048062907801,1.978
"[1.978, 1.979)",0.03273792300775862,1.979
"[1.979, 1.98)",0.04354836145041322,1.98
"[1.98, 1.981)",0.026583015015929204,1.981
"[1.981, 1.982)",0.0325449507218045,1.982
"[1.982, 1.983)",0.02397168223423423,1.983
"[1.983, 1.984)",0.026844621751666662,1.984
"[1.984, 1.985)",0.029417753765420565,1.985
"[1.985, 1.986)",0.03867898130873786,1.986
"[1.986, 1.987)",0.03116303804903847,1.987
"[1.987, 1.988)",0.03218815290566037,1.988
"[1.988, 1.989)",0.027739830893805325,1.989
"[1.989, 1.99)",0.03574669955963303,1.99
"[1.99, 1.991)",0.023279108884745766,1.991
"[1.991, 1.992)",0.027470221217346942,1.992
"[1.992, 1.993)",0.019603164871544707,1.993
"[1.993, 1.994)",0.021181436291056906,1.994
"[1.994, 1.995)",0.020358896888034196,1.995
"[1.995, 1.996)",0.03715913109758065,1.996
"[1.996, 1.997)",0.047579217199999996,1.997
"[1.997, 1.998)",0.03006328767849463,1.998
"[1.998, 1.999)",0.03553756853735535,1.999
"[1.999, 2.0)",0.035187044230000006,2.0
"[2.0, 2.001)",0.023336562386153847,2.001
"[2.001, 2.0020000000000002)",0.020182217311840008,2.002
"[2.0020000000000002, 2.003)",0.04520914084220186,2.003
"[2.003, 2.004)",0.02194813387128714,2.004
"[2.004, 2.005)",0.03422911432291665,2.005
"[2.005, 2.0060000000000002)",0.03317357152021277,2.006
"[2.0060000000000002, 2.007)",0.024814158222935773,2.007
"[2.007, 2.008)",0.027268191840816327,2.008
"[2.008, 2.009)",0.03073381343370786,2.009
"[2.009, 2.0100000000000002)",0.01873940484117649,2.01
"[2.0100000000000002, 2.011)",0.0299972448369643,2.011
"[2.011, 2.012)",0.02653352223445377,2.012
"[2.012, 2.013)",0.04729209808196722,2.013
"[2.013, 2.0140000000000002)",0.026992927338842978,2.014
"[2.0140000000000002, 2.015)",0.03352627637435897,2.015
"[2.015, 2.016)",0.018716914235294126,2.016
"[2.016, 2.017)",0.02211343801293104,2.017
"[2.017, 2.0180000000000002)",0.022450929300000002,2.018
"[2.0180000000000002, 2.019)",0.037547701166964285,2.019
"[2.019, 2.02)",0.03163610713644858,2.02
"[2.02, 2.021)",0.0239333553491228,2.021
"[2.021, 2.0220000000000002)",0.02864969526037737,2.022
"[2.0220000000000002, 2.023)",0.040608105560337074,2.023
"[2.023, 2.024)",0.03680273236145832,2.024
"[2.024, 2.025)",0.04136892844574468,2.025
"[2.025, 2.0260000000000002)",0.015841787673267334,2.026
"[2.0260000000000002, 2.027)",0.03801062624444443,2.027
"[2.027, 2.028)",0.02178139391184211,2.028
"[2.028, 2.029)",0.023452715427368424,2.029
"[2.029, 2.0300000000000002)",0.03986060937545454,2.03
"[2.0300000000000002, 2.031)",0.02515174063809524,2.031
"[2.031, 2.032)",0.02514248554300001,2.032
"[2.032, 2.033)",0.05136430667469878,2.033
"[2.033, 2.0340000000000003)",0.024291484539805824,2.034
"[2.0340000000000003, 2.035)",0.03143267716666667,2.035
"[2.035, 2.036)",0.05230045915116279,2.036
"[2.036, 2.037)",0.026048497427368426,2.037
"[2.037, 2.0380000000000003)",0.01861659602298852,2.038
"[2.0380000000000003, 2.039)",0.027136956141975324,2.039
"[2.039, 2.04)",0.029006729753623197,2.04
"[2.04, 2.041)",0.02322216514473684,2.041
"[2.041, 2.0420000000000003)",0.018737467343243254,2.042
"[2.0420000000000003, 2.043)",0.020413650425974043,2.043
"[2.043, 2.044)",0.02591987066233766,2.044
"[2.044, 2.045)",0.0403003137868132,2.045
"[2.045, 2.0460000000000003)",0.04319151837702701,2.046
"[2.0460000000000003, 2.047)",0.016986846591139245,2.047
"[2.047, 2.048)",0.023766550313095245,2.048
"[2.048, 2.049)",0.025309208167032967,2.049
"[2.049, 2.05)",0.032334068795,2.05
"[2.05, 2.051)",0.02389518782209304,2.051
"[2.051, 2.052)",0.02803534940540542,2.052
"[2.052, 2.053)",0.022082498311688317,2.053
"[2.053, 2.054)",0.031073791915662657,2.054
"[2.054, 2.055)",0.03670939444387756,2.055
"[2.055, 2.056)",0.03886542399130435,2.056
"[2.056, 2.057)",0.022388990803278688,2.057
"[2.057, 2.058)",0.028610115258426973,2.058
"[2.058, 2.059)",0.03300574479220779,2.059
"[2.059, 2.06)",0.02577674478453609,2.06
"[2.06, 2.061)",0.018426571546666673,2.061
"[2.061, 2.062)",0.017348842064935074,2.062
"[2.062, 2.063)",0.030680054926750005,2.063
"[2.063, 2.064)",0.03770547945671641,2.064
"[2.064, 2.065)",0.01330824794871794,2.065
"[2.065, 2.066)",0.03908823749605262,2.066
"[2.066, 2.067)",0.023858896953636372,2.067
"[2.067, 2.068)",0.0361980449741573,2.068
"[2.068, 2.069)",0.029809818812941185,2.069
"[2.069, 2.07)",0.01575731411830986,2.07
"[2.07, 2.071)",0.027061028718888887,2.071
"[2.071, 2.072)",0.02759607918139535,2.072
"[2.072, 2.073)",0.04284081028260871,2.073
"[2.073, 2.074)",0.02199132447534247,2.074
"[2.074, 2.075)",0.03557278381547619,2.075
"[2.075, 2.076)",0.029629693534883726,2.076
"[2.076, 2.077)",0.025384678951204828,2.077
"[2.077, 2.078)",0.023137551134117647,2.078
"[2.078, 2.079)",0.021733249431707315,2.079
"[2.079, 2.08)",0.02414949559012347,2.08
"[2.08, 2.081)",0.03386093421304348,2.081
"[2.081, 2.082)",0.034873497376623375,2.082
"[2.082, 2.083)",0.053729943237078616,2.083
"[2.083, 2.084)",0.03580036020384615,2.084
"[2.084, 2.085)",0.02122160205875,2.085
"[2.085, 2.086)",0.01930731451025643,2.086
"[2.086, 2.087)",0.016772532292682933,2.087
"[2.087, 2.088)",0.024537593683333345,2.088
"[2.088, 2.089)",0.032884253276315806,2.089
"[2.089, 2.09)",0.03147725487323944,2.09
"[2.09, 2.091)",0.04135631025211268,2.091
"[2.091, 2.092)",0.024501393035294125,2.092
"[2.092, 2.093)",0.018604068698412697,2.093
"[2.093, 2.094)",0.022909548417460315,2.094
"[2.094, 2.095)",0.039995150052702697,2.095
"[2.095, 2.096)",0.021029446456944444,2.096
"[2.096, 2.097)",0.033921476460317464,2.097
"[2.097, 2.098)",0.03589816004226414,2.098
"[2.098, 2.099)",0.01097851962,2.099
"[2.099, 2.1)",0.01915964945737705,2.1
"[2.1, 2.101)",0.022808105537313432,2.101
"[2.101, 2.102)",0.023194863617283953,2.102
"[2.102, 2.103)",0.019951273436507943,2.103
"[2.103, 2.104)",0.019041906285915504,2.104
"[2.104, 2.105)",0.020788062164062496,2.105
"[2.105, 2.106)",0.047433294816091945,2.106
"[2.106, 2.107)",0.03235898166666669,2.107
"[2.107, 2.108)",0.01614146902535211,2.108
"[2.108, 2.109)",0.029656134685294128,2.109
"[2.109, 2.11)",0.020158705685897442,2.11
"[2.11, 2.111)",0.019865798156250003,2.111
"[2.111, 2.112)",0.020115671082432448,2.112
"[2.112, 2.113)",0.03938266374358975,2.113
"[2.113, 2.114)",0.037268216765217396,2.114
"[2.114, 2.115)",0.03541697983714284,2.115
"[2.115, 2.116)",0.028969485384848493,2.116
"[2.116, 2.117)",0.04191729812473119,2.117
"[2.117, 2.118)",0.02292047144285715,2.118
"[2.118, 2.119)",0.024025576972972987,2.119
"[2.119, 2.12)",0.02499482996393443,2.12
"[2.12, 2.121)",0.033893990880597025,2.121
"[2.121, 2.122)",0.03108961230136988,2.122
"[2.122, 2.123)",0.0185518543220339,2.123
"[2.123, 2.124)",0.047232345435294115,2.124
"[2.124, 2.125)",0.014827366581081077,2.125
"[2.125, 2.126)",0.03439104914375001,2.126
"[2.126, 2.1270000000000002)",0.023480702905633814,2.127
"[2.1270000000000002, 2.128)",0.03716105692539683,2.128
"[2.128, 2.129)",0.02539300344680851,2.129
"[2.129, 2.13)",0.024454122533333338,2.13
"[2.13, 2.1310000000000002)",0.03973085778481014,2.131
"[2.1310000000000002, 2.132)",0.028671711162500016,2.132
"[2.132, 2.133)",0.026228158960240965,2.133
"[2.133, 2.134)",0.02216919207083335,2.134
"[2.134, 2.1350000000000002)",0.024304947378787897,2.135
"[2.1350000000000002, 2.136)",0.032957840818181816,2.136
"[2.136, 2.137)",0.018440933401724143,2.137
"[2.137, 2.138)",0.021281905010126608,2.138
"[2.138, 2.1390000000000002)",0.024781369326785718,2.139
"[2.1390000000000002, 2.14)",0.024297157003225805,2.14
"[2.14, 2.141)",0.013045039392156866,2.141
"[2.141, 2.142)",0.018593390880597013,2.142
"[2.142, 2.1430000000000002)",0.04695162511929825,2.143
"[2.1430000000000002, 2.144)",0.01869749576000001,2.144
"[2.144, 2.145)",0.02892548666666667,2.145
"[2.145, 2.146)",0.026622249389411767,2.146
"[2.146, 2.1470000000000002)",0.03828318180952381,2.147
"[2.1470000000000002, 2.148)",0.03684234481973684,2.148
"[2.148, 2.149)",0.027244971369027777,2.149
"[2.149, 2.15)",0.024453589876712343,2.15
"[2.15, 2.1510000000000002)",0.02763417764285715,2.151
"[2.1510000000000002, 2.152)",0.037833619633783774,2.152
"[2.152, 2.153)",0.026491097071052638,2.153
"[2.153, 2.154)",0.02655972527292309,2.154
"[2.154, 2.1550000000000002)",0.04049721827472528,2.155
"[2.1550000000000002, 2.156)",0.026808577646341484,2.156
"[2.156, 2.157)",0.03859487197040816,2.157
"[2.157, 2.158)",0.021574763574418614,2.158
"[2.158, 2.1590000000000003)",0.018494994441052647,2.159
"[2.1590000000000003, 2.16)",0.029357856390243926,2.16
"[2.16, 2.161)",0.027243626109890125,2.161
"[2.161, 2.162)",0.037882559999883714,2.162
"[2.162, 2.1630000000000003)",0.02112228706666668,2.163
"[2.1630000000000003, 2.164)",0.02240383261566266,2.164
"[2.164, 2.165)",0.018766521343373498,2.165
"[2.165, 2.166)",0.025343059600000013,2.166
"[2.166, 2.1670000000000003)",0.027891907160759514,2.167
"[2.1670000000000003, 2.168)",0.04080734185057471,2.168
"[2.168, 2.169)",0.01864717487341773,2.169
"[2.169, 2.17)",0.03852574237808218,2.17
"[2.17, 2.1710000000000003)",0.027742903082608707,2.171
"[2.1710000000000003, 2.172)",0.027652308730769237,2.172
"[2.172, 2.173)",0.044830262392753624,2.173
"[2.173, 2.174)",0.02249132728787879,2.174
"[2.174, 2.1750000000000003)",0.03961579437826087,2.175
"[2.1750000000000003, 2.176)",0.03144441320227273,2.176
"[2.176, 2.177)",0.03079562319906667,2.177
"[2.177, 2.178)",0.026821170464556975,2.178
"[2.178, 2.179)",0.03169685665625001,2.179
"[2.179, 2.18)",0.024803958808219184,2.18
"[2.18, 2.181)",0.04133653640789475,2.181
"[2.181, 2.182)",0.013490235662941177,2.182
"[2.182, 2.183)",0.03210453013846156,2.183
"[2.183, 2.184)",0.03030664564285716,2.184
"[2.184, 2.185)",0.01764358203030303,2.185
"[2.185, 2.186)",0.01711917184597222,2.186
"[2.186, 2.187)",0.03880375994920633,2.187
"[2.187, 2.188)",0.05348101947538464,2.188
"[2.188, 2.189)",0.02099443560125001,2.189
"[2.189, 2.19)",0.04588034934177215,2.19
"[2.19, 2.191)",0.03594723989999998,2.191
"[2.191, 2.192)",0.028457086820512838,2.192
"[2.192, 2.193)",0.023623574212328784,2.193
"[2.193, 2.194)",0.032635861015873006,2.194
"[2.194, 2.195)",0.020053032170666677,2.195
"[2.195, 2.196)",0.03739833829146341,2.196
"[2.196, 2.197)",0.018520697738461545,2.197
"[2.197, 2.198)",0.01690202039868421,2.198
"[2.198, 2.199)",0.030238242041666672,2.199
"[2.199, 2.2)",0.02330835477407407,2.2
"[2.2, 2.201)",0.0388201051277778,2.201
"[2.201, 2.202)",0.026957621679012347,2.202
"[2.202, 2.203)",0.018338074629113927,2.203
"[2.203, 2.204)",0.03470549365303031,2.204
"[2.204, 2.205)",0.034302740181720436,2.205
"[2.205, 2.206)",0.02540422773972603,2.206
"[2.206, 2.207)",0.04887573703918917,2.207
"[2.207, 2.208)",0.030854233641025644,2.208
"[2.208, 2.209)",0.028981848769230767,2.209
"[2.209, 2.21)",0.020339572971,2.21
"[2.21, 2.211)",0.020082232155555563,2.211
"[2.211, 2.212)",0.03200612796015874,2.212
"[2.212, 2.213)",0.027069106631578944,2.213
"[2.213, 2.214)",0.02774706233015873,2.214
"[2.214, 2.215)",0.022343313863218396,2.215
"[2.215, 2.216)",0.03478096163013698,2.216
"[2.216, 2.217)",0.024215472782608712,2.217
"[2.217, 2.218)",0.015676914592666666,2.218
"[2.218, 2.219)",0.026928288574324336,2.219
"[2.219, 2.22)",0.028804910586111114,2.22
"[2.22, 2.221)",0.05645856382602741,2.221
"[2.221, 2.222)",0.029430198616216218,2.222
"[2.222, 2.223)",0.03144274621911764,2.223
"[2.223, 2.224)",0.03939625326091953,2.224
"[2.224, 2.225)",0.05812952893150685,2.225
"[2.225, 2.226)",0.016938715583544307,2.226
"[2.226, 2.227)",0.02109152340764707,2.227
"[2.227, 2.228)",0.029123061463513514,2.228
"[2.228, 2.229)",0.04194133250724639,2.229
"[2.229, 2.23)",0.040261542091176473,2.23
"[2.23, 2.231)",0.025062836528735633,2.231
"[2.231, 2.232)",0.03096912409638555,2.232
"[2.232, 2.233)",0.027528662453333345,2.233
"[2.233, 2.234)",0.0260086865513158,2.234
"[2.234, 2.235)",0.06455729661014495,2.235
"[2.235, 2.236)",0.018149550007352938,2.236
"[2.236, 2.237)",0.01921002526530612,2.237
"[2.237, 2.238)",0.018655695563636377,2.238
"[2.238, 2.239)",0.028426777353623194,2.239
"[2.239, 2.24)",0.02920575407837839,2.24
"[2.24, 2.241)",0.014787878698333324,2.241
"[2.241, 2.242)",0.02822397507236841,2.242
"[2.242, 2.243)",0.02833941218490567,2.243
"[2.243, 2.244)",0.030263531098360674,2.244
"[2.244, 2.245)",0.043059934389705894,2.245
"[2.245, 2.246)",0.0212131563508772,2.246
"[2.246, 2.247)",0.029944053985074638,2.247
"[2.247, 2.248)",0.029057872388888892,2.248
"[2.248, 2.249)",0.03752044339622642,2.249
"[2.249, 2.25)",0.025715998551020407,2.25
"[2.25, 2.251)",0.023511066250000004,2.251
"[2.251, 2.2520000000000002)",0.023651191270588255,2.252
"[2.2520000000000002, 2.253)",0.016743310059999995,2.253
"[2.253, 2.254)",0.03285085655172414,2.254
"[2.254, 2.255)",0.02258420911186441,2.255
"[2.255, 2.2560000000000002)",0.03554420171929826,2.256
"[2.2560000000000002, 2.257)",0.02866863310185186,2.257
"[2.257, 2.258)",0.02360593239215686,2.258
"[2.258, 2.259)",0.03202795969122808,2.259
"[2.259, 2.2600000000000002)",0.04152709550312499,2.26
"[2.2600000000000002, 2.261)",0.026670654531666668,2.261
"[2.261, 2.262)",0.05731016841,2.262
"[2.262, 2.263)",0.0409138946792453,2.263
"[2.263, 2.2640000000000002)",0.035428706162000015,2.264
"[2.2640000000000002, 2.265)",0.03900238273999998,2.265
"[2.265, 2.266)",0.026176571019298243,2.266
"[2.266, 2.267)",0.02252020767611941,2.267
"[2.267, 2.2680000000000002)",0.03692303189999998,2.268
"[2.2680000000000002, 2.269)",0.032134423823529414,2.269
"[2.269, 2.27)",0.020943044045614038,2.27
"[2.27, 2.271)",0.029976481158823533,2.271
"[2.271, 2.2720000000000002)",0.0251248621631579,2.272
"[2.2720000000000002, 2.273)",0.04029906877222223,2.273
"[2.273, 2.274)",0.027417358664444436,2.274
"[2.274, 2.275)",0.012795117077017545,2.275
"[2.275, 2.2760000000000002)",0.04085530935087721,2.276
"[2.2760000000000002, 2.277)",0.023643350650980395,2.277
"[2.277, 2.278)",0.013795355800000002,2.278
"[2.278, 2.279)",0.018700705975833332,2.279
"[2.279, 2.2800000000000002)",0.025602877287931047,2.28
"[2.2800000000000002, 2.281)",0.027988221855223882,2.281
"[2.281, 2.282)",0.012453784305,2.282
"[2.282, 2.283)",0.04901371797674419,2.283
"[2.283, 2.2840000000000003)",0.016045566871186436,2.284
"[2.2840000000000003, 2.285)",0.01755669082380952,2.285
"[2.285, 2.286)",0.047399898433962265,2.286
"[2.286, 2.287)",0.0287644425412766,2.287
"[2.287, 2.2880000000000003)",0.028271041425531915,2.288
"[2.2880000000000003, 2.289)",0.02460180685,2.289
"[2.289, 2.29)",0.021009706517499994,2.29
"[2.29, 2.291)",0.015426169790697676,2.291
"[2.291, 2.2920000000000003)",0.035229792844444455,2.292
"[2.2920000000000003, 2.293)",0.04278460509807692,2.293
"[2.293, 2.294)",0.023699236568965523,2.294
"[2.294, 2.295)",0.03560290944444445,2.295
"[2.295, 2.2960000000000003)",0.021743515875757582,2.296
"[2.2960000000000003, 2.297)",0.04194487446792453,2.297
"[2.297, 2.298)",0.018159454104166667,2.298
"[2.298, 2.299)",0.04178929232380951,2.299
"[2.299, 2.3000000000000003)",0.02543398704545454,2.3
"[2.3000000000000003, 2.301)",0.03672155766101697,2.301
"[2.301, 2.302)",0.032422517967241375,2.302
"[2.302, 2.303)",0.02336200777,2.303
"[2.303, 2.3040000000000003)",0.016646777961016948,2.304
"[2.3040000000000003, 2.305)",0.021166194781250005,2.305
"[2.305, 2.306)",0.030576489405405423,2.306
"[2.306, 2.307)",0.024395314686885248,2.307
"[2.307, 2.308)",0.05578675667241379,2.308
"[2.308, 2.309)",0.035438913493220356,2.309
"[2.309, 2.31)",0.03067493016071431,2.31
"[2.31, 2.311)",0.04561261574603176,2.311
"[2.311, 2.312)",0.044349072652459014,2.312
"[2.312, 2.313)",0.04668191557153845,2.313
"[2.313, 2.314)",0.02793623832142858,2.314
"[2.314, 2.315)",0.029405197566129034,2.315
"[2.315, 2.316)",0.03877731741509434,2.316
"[2.316, 2.317)",0.01680579904255319,2.317
"[2.317, 2.318)",0.027903005750000005,2.318
"[2.318, 2.319)",0.030622590290196088,2.319
"[2.319, 2.32)",0.0334311343220339,2.32
"[2.32, 2.321)",0.039544460616279094,2.321
"[2.321, 2.322)",0.023665850842857158,2.322
"[2.322, 2.323)",0.017522957739130433,2.323
"[2.323, 2.324)",0.03197840688679246,2.324
"[2.324, 2.325)",0.050650585743589764,2.325
"[2.325, 2.326)",0.01889838035877551,2.326
"[2.326, 2.327)",0.03835126545833333,2.327
"[2.327, 2.328)",0.040474480760000014,2.328
"[2.328, 2.329)",0.029348293452380953,2.329
"[2.329, 2.33)",0.028424481614285717,2.33
"[2.33, 2.331)",0.009824643026976748,2.331
"[2.331, 2.332)",0.023097025020000005,2.332
"[2.332, 2.333)",0.01952397659555555,2.333
"[2.333, 2.334)",0.09051369689743592,2.334
"[2.334, 2.335)",0.02218055515365853,2.335
"[2.335, 2.336)",0.0319357515548387,2.336
"[2.336, 2.337)",0.022568206074074077,2.337
"[2.337, 2.338)",0.02561399676744186,2.338
"[2.338, 2.339)",0.01766095733333333,2.339
"[2.339, 2.34)",0.026063521697959176,2.34
"[2.34, 2.341)",0.02287366486415094,2.341
"[2.341, 2.342)",0.02152964416,2.342
"[2.342, 2.343)",0.036519075756097565,2.343
"[2.343, 2.344)",0.03413775819642858,2.344
"[2.344, 2.345)",0.024860771371578945,2.345
"[2.345, 2.346)",0.08048029895918367,2.346
"[2.346, 2.347)",0.038197473085416676,2.347
"[2.347, 2.348)",0.04373222333333335,2.348
"[2.348, 2.349)",0.02622530581818182,2.349
"[2.349, 2.35)",0.021427391568181825,2.35
"[2.35, 2.351)",0.02140368782142858,2.351
"[2.351, 2.352)",0.039324842382222225,2.352
"[2.352, 2.353)",0.02716061477714285,2.353
"[2.353, 2.354)",0.02486578840000001,2.354
"[2.354, 2.355)",0.02185321736530613,2.355
"[2.355, 2.356)",0.019074748637777774,2.356
"[2.356, 2.357)",0.0180974882704,2.357
"[2.357, 2.358)",0.019116313459183673,2.358
"[2.358, 2.359)",0.02193779265535714,2.359
"[2.359, 2.36)",0.023627887693478258,2.36
"[2.36, 2.361)",0.0381634543596154,2.361
"[2.361, 2.362)",0.02184295939622642,2.362
"[2.362, 2.363)",0.02267318898,2.363
"[2.363, 2.364)",0.03335361759361703,2.364
"[2.364, 2.365)",0.01343864621914894,2.365
"[2.365, 2.366)",0.03935114116363636,2.366
"[2.366, 2.367)",0.014629474740476192,2.367
"[2.367, 2.368)",0.03162302110638298,2.368
"[2.368, 2.369)",0.04310972661590908,2.369
"[2.369, 2.37)",0.028811666632653058,2.37
"[2.37, 2.371)",0.023366621288888886,2.371
"[2.371, 2.372)",0.026304422254901958,2.372
"[2.372, 2.373)",0.02667378004444445,2.373
"[2.373, 2.374)",0.046163891079545466,2.374
"[2.374, 2.375)",0.019790103309999994,2.375
"[2.375, 2.376)",0.02797406648717949,2.376
"[2.376, 2.3770000000000002)",0.013848914258064518,2.377
"[2.3770000000000002, 2.378)",0.027061353409090917,2.378
"[2.378, 2.379)",0.02329675760869565,2.379
"[2.379, 2.38)",0.0333855348612245,2.38
"[2.38, 2.3810000000000002)",0.0323314458367347,2.381
"[2.3810000000000002, 2.382)",0.030950117416216213,2.382
"[2.382, 2.383)",0.06155367621363632,2.383
"[2.383, 2.384)",0.04265120238095238,2.384
"[2.384, 2.3850000000000002)",0.026974178878571432,2.385
"[2.3850000000000002, 2.386)",0.03362564489130435,2.386
"[2.386, 2.387)",0.022663487573809527,2.387
"[2.387, 2.388)",0.029247912119999997,2.388
"[2.388, 2.3890000000000002)",0.028601091918918912,2.389
"[2.3890000000000002, 2.39)",0.026926727801666668,2.39
"[2.39, 2.391)",0.043200717588,2.391
"[2.391, 2.392)",0.014428807689361705,2.392
"[2.392, 2.3930000000000002)",0.028728449711111114,2.393
"[2.3930000000000002, 2.394)",0.05091976670888888,2.394
"[2.394, 2.395)",0.01263287196428571,2.395
"[2.395, 2.396)",0.023441160021276598,2.396
"[2.396, 2.3970000000000002)",0.02648994449423077,2.397
"[2.3970000000000002, 2.398)",0.023430780531914903,2.398
"[2.398, 2.399)",0.027806611538297877,2.399
"[2.399, 2.4)",0.017506331972500004,2.4
"[2.4, 2.4010000000000002)",0.03398849074193549,2.401
"[2.4010000000000002, 2.402)",0.012255849690476191,2.402
"[2.402, 2.403)",0.024316165060000002,2.403
"[2.403, 2.404)",0.02242811661702128,2.404
"[2.404, 2.4050000000000002)",0.020029231278,2.405
"[2.4050000000000002, 2.406)",0.028303490673913044,2.406
"[2.406, 2.407)",0.03405270168571428,2.407
"[2.407, 2.408)",0.0320634835,2.408
"[2.408, 2.4090000000000003)",0.028922394651162794,2.409
"[2.4090000000000003, 2.41)",0.03020605860526316,2.41
"[2.41, 2.411)",0.04526932503489796,2.411
"[2.411, 2.412)",0.019761932936734696,2.412
"[2.412, 2.4130000000000003)",0.02710333819607844,2.413
"[2.4130000000000003, 2.414)",0.01735281236585366,2.414
"[2.414, 2.415)",0.025496534909090908,2.415
"[2.415, 2.416)",0.02166716595217391,2.416
"[2.416, 2.4170000000000003)",0.014748102475,2.417
"[2.4170000000000003, 2.418)",0.021454576440000008,2.418
"[2.418, 2.419)",0.027574087146808514,2.419
"[2.419, 2.42)",0.02389002840749999,2.42
"[2.42, 2.4210000000000003)",0.02749162328653846,2.421
"[2.4210000000000003, 2.422)",0.023812516375,2.422
"[2.422, 2.423)",0.01985644237291667,2.423
"[2.423, 2.424)",0.01592400147346939,2.424
"[2.424, 2.4250000000000003)",0.039516905615384616,2.425
"[2.4250000000000003, 2.426)",0.031987142468085115,2.426
"[2.426, 2.427)",0.016587008146808507,2.427
"[2.427, 2.428)",0.0421724792888889,2.428
"[2.428, 2.4290000000000003)",0.024557575829787234,2.429
"[2.4290000000000003, 2.43)",0.018201794024390247,2.43
"[2.43, 2.431)",0.0183366414,2.431
"[2.431, 2.432)",0.06964206369444444,2.432
"[2.432, 2.433)",0.07976363588235294,2.433
"[2.433, 2.434)",0.030678877468750008,2.434
"[2.434, 2.435)",0.05930627520000001,2.435
"[2.435, 2.436)",0.02748099272222222,2.436
"[2.436, 2.437)",0.02180304165714285,2.437
"[2.437, 2.438)",0.019429958794117647,2.438
"[2.438, 2.439)",0.013375138821428574,2.439
"[2.439, 2.44)",0.03071977746875,2.44
"[2.44, 2.441)",0.07242845112903225,2.441
"[2.441, 2.442)",0.027292648349999993,2.442
"[2.442, 2.443)",0.02630581785,2.443
"[2.443, 2.444)",0.03616518936666666,2.444
"[2.444, 2.445)",0.036699170057142856,2.445
"[2.445, 2.446)",0.022694348708333336,2.446
"[2.446, 2.447)",0.02740208724642857,2.447
"[2.447, 2.448)",0.02203697205714286,2.448
"[2.448, 2.449)",0.028059520192857144,2.449
"[2.449, 2.45)",0.014650517461538467,2.45
"[2.45, 2.451)",0.018656587,2.451
"[2.451, 2.452)",0.025986014002857147,2.452
"[2.452, 2.453)",0.060906625902439004,2.453
"[2.453, 2.454)",0.060951643003030305,2.454
"[2.454, 2.455)",0.038181247487179486,2.455
"[2.455, 2.456)",0.04398085227777779,2.456
"[2.456, 2.457)",0.06127313044000001,2.457
"[2.457, 2.458)",0.014023032536585366,2.458
"[2.458, 2.459)",0.022242633384615372,2.459
"[2.459, 2.46)",0.02489674305882353,2.46
"[2.46, 2.461)",0.02872188633333333,2.461
"[2.461, 2.462)",0.052144608937777795,2.462
"[2.462, 2.463)",0.0718725341967742,2.463
"[2.463, 2.464)",0.038640256642857154,2.464
"[2.464, 2.465)",0.03979067330434781,2.465
"[2.465, 2.466)",0.01207669872,2.466
"[2.466, 2.467)",0.021379671382352933,2.467
"[2.467, 2.468)",0.027733363351612896,2.468
"[2.468, 2.469)",0.027621683583333334,2.469
"[2.469, 2.47)",0.03327403451515151,2.47
"[2.47, 2.471)",0.024893821362857144,2.471
"[2.471, 2.472)",0.015422722833333338,2.472
"[2.472, 2.473)",0.027722394066666673,2.473
"[2.473, 2.474)",0.012829124666666667,2.474
"[2.474, 2.475)",0.02776617067741936,2.475
"[2.475, 2.476)",0.04856534303448276,2.476
"[2.476, 2.477)",0.03510553062903226,2.477
"[2.477, 2.478)",0.03339328977142858,2.478
"[2.478, 2.479)",0.020174227480000004,2.479
"[2.479, 2.48)",0.026805827605555544,2.48
"[2.48, 2.481)",0.0184438541,2.481
"[2.481, 2.482)",0.012147047485714288,2.482
"[2.482, 2.483)",0.021392858928571425,2.483
"[2.483, 2.484)",0.048116550277777774,2.484
"[2.484, 2.485)",0.05931265217391305,2.485
"[2.485, 2.486)",0.01969265552380952,2.486
"[2.486, 2.487)",0.028036430950000003,2.487
"[2.487, 2.488)",0.02400424960869565,2.488
"[2.488, 2.489)",0.012915210884615388,2.489
"[2.489, 2.49)",0.018310238571428567,2.49
"[2.49, 2.491)",0.03462734486071428,2.491
"[2.491, 2.492)",0.011735726633333334,2.492
"[2.492, 2.493)",0.07260422708695653,2.493
"[2.493, 2.494)",0.024805827055555556,2.494
"[2.494, 2.495)",0.016035229133333332,2.495
"[2.495, 2.496)",0.036522551892857136,2.496
"[2.496, 2.497)",0.013190123999999998,2.497
"[2.497, 2.498)",0.013970619461538462,2.498
"[2.498, 2.499)",0.016142233842105263,2.499
"[2.499, 2.5)",0.06321847336666667,2.5
"[2.5, 2.501)",0.029314480260869556,2.501
"[2.501, 2.5020000000000002)",0.042695244684210515,2.502
"[2.5020000000000002, 2.503)",0.03841761859090908,2.503
"[2.503, 2.504)",0.008779647347826085,2.504
"[2.504, 2.505)",0.07251259592857141,2.505
"[2.505, 2.5060000000000002)",0.04212620129999999,2.506
"[2.5060000000000002, 2.507)",0.07075921008333336,2.507
"[2.507, 2.508)",0.0240176468,2.508
"[2.508, 2.509)",0.023597121812499993,2.509
"[2.509, 2.5100000000000002)",0.029303110150000006,2.51
"[2.5100000000000002, 2.511)",0.034784958250000005,2.511
"[2.511, 2.512)",0.07779404672000002,2.512
"[2.512, 2.513)",0.041497798896551745,2.513
"[2.513, 2.5140000000000002)",0.024312218240000006,2.514
"[2.5140000000000002, 2.515)",0.020094510666666666,2.515
"[2.515, 2.516)",0.008773669549999998,2.516
"[2.516, 2.517)",0.06243619860869567,2.517
"[2.517, 2.5180000000000002)",0.013266418714285712,2.518
"[2.5180000000000002, 2.519)",0.010704040204166666,2.519
"[2.519, 2.52)",0.03685121365384615,2.52
"[2.52, 2.521)",0.02411631815,2.521
"[2.521, 2.5220000000000002)",0.10202940000000002,2.522
"[2.5220000000000002, 2.523)",0.013692678347058826,2.523
"[2.523, 2.524)",0.036408125625,2.524
"[2.524, 2.525)",0.015635636833333334,2.525
"[2.525, 2.5260000000000002)",0.03935458521739131,2.526
"[2.5260000000000002, 2.527)",0.07000509027272726,2.527
"[2.527, 2.528)",0.027437824952380955,2.528
"[2.528, 2.529)",0.010064549761904759,2.529
"[2.529, 2.5300000000000002)",0.020390751722222225,2.53
"[2.5300000000000002, 2.531)",0.03210120040740741,2.531
"[2.531, 2.532)",0.02085969344444444,2.532
"[2.532, 2.533)",0.017324602699999993,2.533
"[2.533, 2.5340000000000003)",0.03972701207407408,2.534
"[2.5340000000000003, 2.535)",0.018874834551428573,2.535
"[2.535, 2.536)",0.025457356730769227,2.536
"[2.536, 2.537)",0.028701003333333332,2.537
"[2.537, 2.5380000000000003)",0.015829702832142863,2.538
"[2.5380000000000003, 2.539)",0.022782245137931045,2.539
"[2.539, 2.54)",0.032196895962962956,2.54
"[2.54, 2.541)",0.005094146809523811,2.541
"[2.541, 2.5420000000000003)",0.038119344519999994,2.542
"[2.5420000000000003, 2.543)",0.028178597281249995,2.543
"[2.543, 2.544)",0.013690544846153842,2.544
"[2.544, 2.545)",0.03226913791304347,2.545
"[2.545, 2.5460000000000003)",0.01591323908695652,2.546
"[2.5460000000000003, 2.547)",0.05288659213793104,2.547
"[2.547, 2.548)",0.04180278171999999,2.548
"[2.548, 2.549)",0.035682430546666664,2.549
"[2.549, 2.5500000000000003)",0.014387399170833336,2.55
"[2.5500000000000003, 2.551)",0.016437465,2.551
"[2.551, 2.552)",0.035241577842105264,2.552
"[2.552, 2.553)",0.015348652000000008,2.553
"[2.553, 2.5540000000000003)",0.024513975299999997,2.554
"[2.5540000000000003, 2.555)",0.020406169766666662,2.555
"[2.555, 2.556)",0.028310205823529416,2.556
"[2.556, 2.557)",0.01596121232,2.557
"[2.557, 2.5580000000000003)",0.02130214736842105,2.558
"[2.5580000000000003, 2.559)",0.02129456820689655,2.559
"[2.559, 2.56)",0.024833744,2.56
"[2.56, 2.561)",0.026114163865,2.561
"[2.561, 2.562)",0.024945928186956522,2.562
"[2.562, 2.563)",0.023537689055555554,2.563
"[2.563, 2.564)",0.024263273451612898,2.564
"[2.564, 2.565)",0.03559333110357143,2.565
"[2.565, 2.566)",0.02073110740826087,2.566
"[2.566, 2.567)",0.010909045909090913,2.567
"[2.567, 2.568)",0.0313951388037037,2.568
"[2.568, 2.569)",0.0230441474,2.569
"[2.569, 2.57)",0.034218886714285704,2.57
"[2.57, 2.571)",0.01386021122222222,2.571
"[2.571, 2.572)",0.030115272199999998,2.572
"[2.572, 2.573)",0.024587368399999997,2.573
"[2.573, 2.574)",0.01259531214285714,2.574
"[2.574, 2.575)",0.02323064288888889,2.575
"[2.575, 2.576)",0.0207620785,2.576
"[2.576, 2.577)",0.036314229956521726,2.577
"[2.577, 2.578)",0.012783089473684209,2.578
"[2.578, 2.579)",0.018760047119999998,2.579
"[2.579, 2.58)",0.06311281,2.58
"[2.58, 2.581)",0.01574484883043478,2.581
"[2.581, 2.582)",0.0356034031,2.582
"[2.582, 2.583)",0.009274183949999999,2.583
"[2.583, 2.584)",0.0785303540625,2.584
"[2.584, 2.585)",0.03586495248,2.585
"[2.585, 2.586)",0.01947774926086956,2.586
"[2.586, 2.587)",0.03372767756,2.587
"[2.587, 2.588)",0.04035205532173913,2.588
"[2.588, 2.589)",0.016052235776666667,2.589
"[2.589, 2.59)",0.025388107307142853,2.59
"[2.59, 2.591)",0.04393634633333333,2.591
"[2.591, 2.592)",0.03247465265217392,2.592
"[2.592, 2.593)",0.03390690000666667,2.593
"[2.593, 2.594)",0.02845696995652174,2.594
"[2.594, 2.595)",0.036725047049999994,2.595
"[2.595, 2.596)",0.021860660285714286,2.596
"[2.596, 2.597)",0.03315341150625,2.597
"[2.597, 2.598)",0.036618953275862065,2.598
"[2.598, 2.599)",0.021607345433333324,2.599
"[2.599, 2.6)",0.02122929515,2.6
"[2.6, 2.601)",0.033071351087999995,2.601
"[2.601, 2.602)",0.012503234312499998,2.602
"[2.602, 2.603)",0.020948560791666664,2.603
"[2.603, 2.604)",0.020798744470588236,2.604
"[2.604, 2.605)",0.0359733933,2.605
"[2.605, 2.606)",0.04172370286956522,2.606
"[2.606, 2.607)",0.03665076947826087,2.607
"[2.607, 2.608)",0.015730906379166666,2.608
"[2.608, 2.609)",0.019735520172413788,2.609
"[2.609, 2.61)",0.05272596490909092,2.61
"[2.61, 2.611)",0.04788236900000001,2.611
"[2.611, 2.612)",0.014982670999999998,2.612
"[2.612, 2.613)",0.02104458448947369,2.613
"[2.613, 2.614)",0.023820735158823526,2.614
"[2.614, 2.615)",0.02158627416666667,2.615
"[2.615, 2.616)",0.02007597994117647,2.616
"[2.616, 2.617)",0.0225028931875,2.617
"[2.617, 2.618)",0.02073898635,2.618
"[2.618, 2.619)",0.07144061364705884,2.619
"[2.619, 2.62)",0.02470917385714286,2.62
"[2.62, 2.621)",0.03931968571249999,2.621
"[2.621, 2.622)",0.02180005919473685,2.622
"[2.622, 2.623)",0.021481979999999998,2.623
"[2.623, 2.624)",0.021987898666666665,2.624
"[2.624, 2.625)",0.020120400833333333,2.625
"[2.625, 2.626)",0.025066342411764708,2.626
"[2.626, 2.6270000000000002)",0.006859035958333332,2.627
"[2.6270000000000002, 2.628)",0.014558620199999999,2.628
"[2.628, 2.629)",0.04494216894736842,2.629
"[2.629, 2.63)",0.01670212466666666,2.63
"[2.63, 2.6310000000000002)",0.025942940083333327,2.631
"[2.6310000000000002, 2.632)",0.035097008625,2.632
"[2.632, 2.633)",0.024372886437500005,2.633
"[2.633, 2.634)",0.024746041850000004,2.634
"[2.634, 2.6350000000000002)",0.022807302477777777,2.635
"[2.6350000000000002, 2.636)",0.024209870333333338,2.636
"[2.636, 2.637)",0.020679626200000002,2.637
"[2.637, 2.638)",0.018522231,2.638
"[2.638, 2.6390000000000002)",0.021235734,2.639
"[2.6390000000000002, 2.64)",0.011862400666666667,2.64
"[2.64, 2.641)",0.023365290250000004,2.641
"[2.641, 2.642)",0.024682100583333335,2.642
"[2.642, 2.6430000000000002)",0.013679634333333338,2.643
"[2.6430000000000002, 2.644)",0.0322180212631579,2.644
"[2.644, 2.645)",0.020427262000000005,2.645
"[2.645, 2.646)",0.011999253533333332,2.646
"[2.646, 2.6470000000000002)",0.03235875924107143,2.647
"[2.6470000000000002, 2.648)",0.029662408866666667,2.648
"[2.648, 2.649)",0.036122164872222216,2.649
"[2.649, 2.65)",0.059712793425,2.65
"[2.65, 2.6510000000000002)",0.02210330170588236,2.651
"[2.6510000000000002, 2.652)",0.05731156153333332,2.652
"[2.652, 2.653)",0.04684342673913044,2.653
"[2.653, 2.654)",0.013617922315789475,2.654
"[2.654, 2.6550000000000002)",0.0185806177625,2.655
"[2.6550000000000002, 2.656)",0.125784266875,2.656
"[2.656, 2.657)",0.07662026097499999,2.657
"[2.657, 2.658)",0.03046295110526316,2.658
"[2.658, 2.6590000000000003)",0.0351429033,2.659
"[2.6590000000000003, 2.66)",0.01526148513636364,2.66
"[2.66, 2.661)",0.016666390412500003,2.661
"[2.661, 2.662)",0.03322532745833332,2.662
"[2.662, 2.6630000000000003)",0.007092921421052633,2.663
"[2.6630000000000003, 2.664)",0.022015667000000003,2.664
"[2.664, 2.665)",0.0642863235,2.665
"[2.665, 2.666)",0.016372077721052637,2.666
"[2.666, 2.6670000000000003)",0.01889083970833334,2.667
"[2.6670000000000003, 2.668)",0.015676389714285713,2.668
"[2.668, 2.669)",0.05121415829999999,2.669
"[2.669, 2.67)",0.01864472595652174,2.67
"[2.67, 2.6710000000000003)",0.0164784755,2.671
"[2.6710000000000003, 2.672)",0.022926281272727275,2.672
"[2.672, 2.673)",0.039337380000000005,2.673
"[2.673, 2.674)",0.02978995823076923,2.674
"[2.674, 2.6750000000000003)",0.059334460625,2.675
"[2.6750000000000003, 2.676)",0.029415869875000004,2.676
"[2.676, 2.677)",0.0150719842,2.677
"[2.677, 2.678)",0.011627553055555555,2.678
"[2.678, 2.6790000000000003)",0.024370715210526323,2.679
"[2.6790000000000003, 2.68)",0.03659927037499999,2.68
"[2.68, 2.681)",0.014508791857142858,2.681
"[2.681, 2.682)",0.023498933599999997,2.682
"[2.682, 2.6830000000000003)",0.027706221666666666,2.683
"[2.6830000000000003, 2.684)",0.06165650046153845,2.684
"[2.684, 2.685)",0.02182326156521739,2.685
"[2.685, 2.686)",0.08729029516666668,2.686
"[2.686, 2.6870000000000003)",0.032841311630769233,2.687
"[2.6870000000000003, 2.688)",0.020283909752941177,2.688
"[2.688, 2.689)",0.018702744750000003,2.689
"[2.689, 2.69)",0.05347785425,2.69
"[2.69, 2.691)",0.03494898885714286,2.691
"[2.691, 2.692)",0.026508721705882355,2.692
"[2.692, 2.693)",0.05637853625,2.693
"[2.693, 2.694)",0.014513513499999998,2.694
"[2.694, 2.695)",0.0493381958888889,2.695
"[2.695, 2.696)",0.08681074506666667,2.696
"[2.696, 2.697)",0.0207693333,2.697
"[2.697, 2.698)",0.011994470916666665,2.698
"[2.698, 2.699)",0.02462927052941176,2.699
"[2.699, 2.7)",0.06272642,2.7
"[2.7, 2.701)",0.02079417366666667,2.701
"[2.701, 2.702)",0.014007157646666664,2.702
"[2.702, 2.703)",0.06166572429411765,2.703
"[2.703, 2.704)",0.017026439615384616,2.704
"[2.704, 2.705)",0.028674293833333333,2.705
"[2.705, 2.706)",0.019270272374999998,2.706
"[2.706, 2.707)",0.007241653600000001,2.707
"[2.707, 2.708)",0.015269856599999998,2.708
"[2.708, 2.709)",0.022712698611111113,2.709
"[2.709, 2.71)",0.02441915193529412,2.71
"[2.71, 2.711)",0.016076156384615382,2.711
"[2.711, 2.712)",0.024056596384615384,2.712
"[2.712, 2.713)",0.014637762928571428,2.713
"[2.713, 2.714)",0.027662471333333338,2.714
"[2.714, 2.715)",0.01132837342857143,2.715
"[2.715, 2.716)",0.013770671511764705,2.716
"[2.716, 2.717)",0.016862687999999997,2.717
"[2.717, 2.718)",0.012245185384615383,2.718
"[2.718, 2.719)",0.036258831000000005,2.719
"[2.719, 2.72)",0.027477809071428577,2.72
"[2.72, 2.721)",0.02548459533333334,2.721
"[2.721, 2.722)",0.13353448146153846,2.722
"[2.722, 2.723)",0.03276054838461539,2.723
"[2.723, 2.724)",0.021621362374999998,2.724
"[2.724, 2.725)",0.009139351727272725,2.725
"[2.725, 2.726)",0.037380983274999995,2.726
"[2.726, 2.727)",0.0189197324375,2.727
"[2.727, 2.728)",0.0083468424,2.728
"[2.728, 2.729)",0.014467650555555557,2.729
"[2.729, 2.73)",0.04796317569230769,2.73
"[2.73, 2.731)",0.01925744757142857,2.731
"[2.731, 2.732)",0.021951944,2.732
"[2.732, 2.733)",0.0204074805,2.733
"[2.733, 2.734)",0.10045934100000001,2.734
"[2.734, 2.735)",0.01772199592857143,2.735
"[2.735, 2.736)",0.018102595733333334,2.736
"[2.736, 2.737)",0.021878834300000004,2.737
"[2.737, 2.738)",0.016327982722222228,2.738
"[2.738, 2.739)",0.01802716018181818,2.739
"[2.739, 2.74)",0.010407218999999999,2.74
"[2.74, 2.741)",0.025402580200000007,2.741
"[2.741, 2.742)",0.07343831604347828,2.742
"[2.742, 2.743)",0.036793062,2.743
"[2.743, 2.744)",0.019466222874999998,2.744
"[2.744, 2.745)",0.010250040357142855,2.745
"[2.745, 2.746)",0.09532735100000002,2.746
"[2.746, 2.747)",0.05316263311111111,2.747
"[2.747, 2.748)",0.1301425670909091,2.748
"[2.748, 2.749)",0.031314825846153846,2.749
"[2.749, 2.75)",0.010823802875,2.75
"[2.75, 2.751)",0.03060199916666667,2.751
"[2.751, 2.7520000000000002)",0.028973418877777782,2.752
"[2.7520000000000002, 2.753)",0.021262146555555552,2.753
"[2.753, 2.754)",0.007075087025,2.754
"[2.754, 2.755)",0.03435324605555556,2.755
"[2.755, 2.7560000000000002)",0.004707435909090909,2.756
"[2.7560000000000002, 2.757)",0.013589184312499997,2.757
"[2.757, 2.758)",0.0726664196,2.758
"[2.758, 2.759)",0.014664044333333329,2.759
"[2.759, 2.7600000000000002)",0.016974576888888884,2.76
"[2.7600000000000002, 2.761)",0.03309173691666667,2.761
"[2.761, 2.762)",0.02660329467,2.762
"[2.762, 2.763)",0.012783265631578944,2.763
"[2.763, 2.7640000000000002)",0.03914853671428571,2.764
"[2.7640000000000002, 2.765)",0.033089984666666676,2.765
"[2.765, 2.766)",0.027455882,2.766
"[2.766, 2.767)",0.010865267000000001,2.767
"[2.767, 2.7680000000000002)",0.013325763499999999,2.768
"[2.7680000000000002, 2.769)",0.015531728,2.769
"[2.769, 2.77)",0.039603497875000004,2.77
"[2.77, 2.771)",0.018409397166666668,2.771
"[2.771, 2.7720000000000002)",0.028083590050000003,2.772
"[2.7720000000000002, 2.773)",0.020013893666666668,2.773
"[2.773, 2.774)",0.005980697166666667,2.774
"[2.774, 2.775)",0.020006477416666665,2.775
"[2.775, 2.7760000000000002)",0.014313693458333339,2.776
"[2.7760000000000002, 2.777)",0.1332439408181818,2.777
"[2.777, 2.778)",0.0647851262,2.778
"[2.778, 2.779)",0.019777249461538464,2.779
"[2.779, 2.7800000000000002)",0.013069533178947365,2.78
"[2.7800000000000002, 2.781)",0.04944211328571429,2.781
"[2.781, 2.782)",0.06453752955555556,2.782
"[2.782, 2.783)",0.06110412164285715,2.783
"[2.783, 2.7840000000000003)",0.08213373488124999,2.784
"[2.7840000000000003, 2.785)",0.028306426909090913,2.785
"[2.785, 2.786)",0.021201430285714286,2.786
"[2.786, 2.787)",0.013611731105882352,2.787
"[2.787, 2.7880000000000003)",0.055623363,2.788
"[2.7880000000000003, 2.789)",0.022287337178947368,2.789
"[2.789, 2.79)",0.01955166996470589,2.79
"[2.79, 2.791)",0.04298965428571428,2.791
"[2.791, 2.7920000000000003)",0.023730922608695658,2.792
"[2.7920000000000003, 2.793)",0.11678622663157895,2.793
"[2.793, 2.794)",0.021133774846153846,2.794
"[2.794, 2.795)",0.01321803690909091,2.795
"[2.795, 2.7960000000000003)",0.02996437430769231,2.796
"[2.7960000000000003, 2.797)",0.025488521263636366,2.797
"[2.797, 2.798)",0.05067347973333333,2.798
"[2.798, 2.799)",0.020399092750000004,2.799
"[2.799, 2.8000000000000003)",0.00830773338352941,2.8
"[2.8000000000000003, 2.801)",0.010077459499999998,2.801
"[2.801, 2.802)",0.018011080333333332,2.802
"[2.802, 2.803)",0.009628518874999999,2.803
"[2.803, 2.8040000000000003)",0.0173309660952381,2.804
"[2.8040000000000003, 2.805)",0.03677020757727273,2.805
"[2.805, 2.806)",0.01919013309090909,2.806
"[2.806, 2.807)",0.05204820291055556,2.807
"[2.807, 2.8080000000000003)",0.027804146199999998,2.808
"[2.8080000000000003, 2.809)",0.018101138009090908,2.809
"[2.809, 2.81)",0.018347348999999995,2.81
"[2.81, 2.811)",0.038086772,2.811
"[2.811, 2.8120000000000003)",0.023779775964285717,2.812
"[2.8120000000000003, 2.813)",0.013970840750000003,2.813
"[2.813, 2.814)",0.009045221428571431,2.814
"[2.814, 2.815)",0.018679963106666666,2.815
"[2.815, 2.816)",0.029692308900000002,2.816
"[2.816, 2.817)",0.016213158655555556,2.817
"[2.817, 2.818)",0.022478829238095237,2.818
"[2.818, 2.819)",0.04990178266666665,2.819
"[2.819, 2.82)",0.0144423371,2.82
"[2.82, 2.821)",0.012525177480000002,2.821
"[2.821, 2.822)",0.019727895555555555,2.822
"[2.822, 2.823)",0.022760962,2.823
"[2.823, 2.824)",0.007403624992307691,2.824
"[2.824, 2.825)",0.02714298976470588,2.825
"[2.825, 2.826)",0.01811500123846154,2.826
"[2.826, 2.827)",0.05497923045454545,2.827
"[2.827, 2.828)",0.049091246611111104,2.828
"[2.828, 2.829)",0.02289782914285714,2.829
"[2.829, 2.83)",0.016568086783333335,2.83
"[2.83, 2.831)",0.038160732105263155,2.831
"[2.831, 2.832)",0.005276136793333333,2.832
"[2.832, 2.833)",0.023283678461538462,2.833
"[2.833, 2.834)",0.018064745124999997,2.834
"[2.834, 2.835)",0.11076993783333333,2.835
"[2.835, 2.836)",0.01892878233333333,2.836
"[2.836, 2.837)",0.016476019204761903,2.837
"[2.837, 2.838)",0.0394058922,2.838
"[2.838, 2.839)",0.05691651,2.839
"[2.839, 2.84)",0.01266190358823529,2.84
"[2.84, 2.841)",0.027043745466666665,2.841
"[2.841, 2.842)",0.015533990272727272,2.842
"[2.842, 2.843)",0.03200682994444445,2.843
"[2.843, 2.844)",0.027270138411764705,2.844
"[2.844, 2.845)",0.027605812812500005,2.845
"[2.845, 2.846)",0.030085262774999996,2.846
"[2.846, 2.847)",0.020139752000000004,2.847
"[2.847, 2.848)",0.024092679533333328,2.848
"[2.848, 2.849)",0.011599420047619045,2.849
"[2.849, 2.85)",0.05678550238888888,2.85
"[2.85, 2.851)",0.0245145994,2.851
"[2.851, 2.852)",0.02867894481818182,2.852
"[2.852, 2.853)",0.031194737704347827,2.853
"[2.853, 2.854)",0.04223710516666667,2.854
"[2.854, 2.855)",0.011871653863636365,2.855
"[2.855, 2.856)",0.021711113459999994,2.856
"[2.856, 2.857)",0.01941106153846154,2.857
"[2.857, 2.858)",0.033287400041666665,2.858
"[2.858, 2.859)",0.040092244374999995,2.859
"[2.859, 2.86)",0.012504409529411764,2.86
"[2.86, 2.861)",0.01872861856,2.861
"[2.861, 2.862)",0.022086273142857143,2.862
"[2.862, 2.863)",0.04856551333333334,2.863
"[2.863, 2.864)",0.009804021722222219,2.864
"[2.864, 2.865)",0.013928934299999998,2.865
"[2.865, 2.866)",0.0451561809,2.866
"[2.866, 2.867)",0.03455186505882353,2.867
"[2.867, 2.868)",0.04355471779999998,2.868
"[2.868, 2.869)",0.04795318054545454,2.869
"[2.869, 2.87)",0.0026769640142857145,2.87
"[2.87, 2.871)",0.08400917529999999,2.871
"[2.871, 2.872)",0.01073567261,2.872
"[2.872, 2.873)",0.007113546499999999,2.873
"[2.873, 2.874)",0.020219054214285718,2.874
"[2.874, 2.875)",0.003005350375,2.875
"[2.875, 2.876)",0.014934199000000002,2.876
"[2.876, 2.8770000000000002)",0.04727828954545455,2.877
"[2.8770000000000002, 2.878)",0.03755528584615385,2.878
"[2.878, 2.879)",0.015692290739999996,2.879
"[2.879, 2.88)",0.008990635583333335,2.88
"[2.88, 2.8810000000000002)",0.0907528311111111,2.881
"[2.8810000000000002, 2.882)",0.02199155835294118,2.882
"[2.882, 2.883)",0.009120890666666666,2.883
"[2.883, 2.884)",0.04283496933333332,2.884
"[2.884, 2.8850000000000002)",0.030098742785714287,2.885
"[2.8850000000000002, 2.886)",0.011987506399999999,2.886
"[2.886, 2.887)",0.00960877946153846,2.887
"[2.887, 2.888)",0.021062498400000004,2.888
"[2.888, 2.8890000000000002)",0.010271406,2.889
"[2.8890000000000002, 2.89)",0.015347605533333333,2.89
"[2.89, 2.891)",0.0077417426666666666,2.891
"[2.891, 2.892)",0.05629575891999999,2.892
"[2.892, 2.8930000000000002)",0.04576803994117646,2.893
"[2.8930000000000002, 2.894)",0.00868013485,2.894
"[2.894, 2.895)",0.022804955823529417,2.895
"[2.895, 2.896)",0.011005458588235293,2.896
"[2.896, 2.8970000000000002)",0.033687734076923076,2.897
"[2.8970000000000002, 2.898)",0.01946107465,2.898
"[2.898, 2.899)",0.05960907086666665,2.899
"[2.899, 2.9)",0.033982488384615386,2.9
"[2.9, 2.9010000000000002)",0.0057668666,2.901
"[2.9010000000000002, 2.902)",0.010314179555555556,2.902
"[2.902, 2.903)",0.03059300461904762,2.903
"[2.903, 2.904)",0.019614887395000006,2.904
"[2.904, 2.9050000000000002)",0.01371052046153846,2.905
"[2.9050000000000002, 2.906)",0.0226165173,2.906
"[2.906, 2.907)",0.011821170045,2.907
"[2.907, 2.908)",0.08049046072222223,2.908
"[2.908, 2.9090000000000003)",0.02270090594444445,2.909
"[2.9090000000000003, 2.91)",0.03730336499999999,2.91
"[2.91, 2.911)",0.033207960128571426,2.911
"[2.911, 2.912)",0.024362386333333336,2.912
"[2.912, 2.9130000000000003)",0.029501660631578955,2.913
"[2.9130000000000003, 2.914)",0.06511512552631579,2.914
"[2.914, 2.915)",0.013857264058823529,2.915
"[2.915, 2.916)",0.018019332368421057,2.916
"[2.916, 2.9170000000000003)",0.012833974727272728,2.917
"[2.9170000000000003, 2.918)",0.013650160190476194,2.918
"[2.918, 2.919)",0.05143204019411764,2.919
"[2.919, 2.92)",0.012292037235294116,2.92
"[2.92, 2.9210000000000003)",0.010007402555555555,2.921
"[2.9210000000000003, 2.922)",0.026847574826086955,2.922
"[2.922, 2.923)",0.011337691941176469,2.923
"[2.923, 2.924)",0.01011578497857143,2.924
"[2.924, 2.9250000000000003)",0.010352149714285715,2.925
"[2.9250000000000003, 2.926)",0.023865601444444443,2.926
"[2.926, 2.927)",0.11415650373333334,2.927
"[2.927, 2.928)",0.017241175384615386,2.928
"[2.928, 2.9290000000000003)",0.009852033494999999,2.929
"[2.9290000000000003, 2.93)",0.0570065109090909,2.93
"[2.93, 2.931)",0.0454646482,2.931
"[2.931, 2.932)",0.017776140642857142,2.932
"[2.932, 2.9330000000000003)",0.01693335257142857,2.933
"[2.9330000000000003, 2.934)",0.010442545957142857,2.934
"[2.934, 2.935)",0.028873521000000003,2.935
"[2.935, 2.936)",0.019555717411764706,2.936
"[2.936, 2.9370000000000003)",0.017397322042105267,2.937
"[2.9370000000000003, 2.938)",0.0173577213,2.938
"[2.938, 2.939)",0.021152670391304352,2.939
"[2.939, 2.94)",0.029452425799999998,2.94
"[2.94, 2.9410000000000003)",0.024616952846153853,2.941
"[2.9410000000000003, 2.942)",0.007127818681818183,2.942
"[2.942, 2.943)",0.027015603476190482,2.943
"[2.943, 2.944)",0.05923685888888889,2.944
"[2.944, 2.945)",0.012700143583333335,2.945
"[2.945, 2.946)",0.08876760875,2.946
"[2.946, 2.947)",0.062490832352941186,2.947
"[2.947, 2.948)",0.009085581235294116,2.948
"[2.948, 2.949)",0.022460518928571427,2.949
"[2.949, 2.95)",0.030310799999999995,2.95
"[2.95, 2.951)",0.010395055428571429,2.951
"[2.951, 2.952)",0.007202845306666665,2.952
"[2.952, 2.953)",0.01937493700000001,2.953
"[2.953, 2.954)",0.018304713937499998,2.954
"[2.954, 2.955)",0.004403910919999999,2.955
"[2.955, 2.956)",0.008393760214285713,2.956
"[2.956, 2.957)",0.027986081066666668,2.957
"[2.957, 2.958)",0.05852451197999999,2.958
"[2.958, 2.959)",0.026832884500000004,2.959
"[2.959, 2.96)",0.05801990518181817,2.96
"[2.96, 2.961)",0.0040150603499999995,2.961
"[2.961, 2.962)",0.005406771299999999,2.962
"[2.962, 2.963)",0.01673475666666667,2.963
"[2.963, 2.964)",0.006799620583333332,2.964
"[2.964, 2.965)",0.03912774946153846,2.965
"[2.965, 2.966)",0.01864257806,2.966
"[2.966, 2.967)",0.047332576999999994,2.967
"[2.967, 2.968)",0.04023529481818182,2.968
"[2.968, 2.969)",0.011024116381818182,2.969
"[2.969, 2.97)",0.030266376949999996,2.97
"[2.97, 2.971)",0.027061129636363635,2.971
"[2.971, 2.972)",0.009753686176666668,2.972
"[2.972, 2.973)",0.0392221134117647,2.973
"[2.973, 2.974)",0.015367662125,2.974
"[2.974, 2.975)",0.011033138533333334,2.975
"[2.975, 2.976)",0.03389210424076923,2.976
"[2.976, 2.977)",0.021913639588235296,2.977
"[2.977, 2.978)",0.026993788411764707,2.978
"[2.978, 2.979)",0.025760036666666666,2.979
"[2.979, 2.98)",0.015955048454545453,2.98
"[2.98, 2.981)",0.024426980999999997,2.981
"[2.981, 2.982)",0.024779282727272735,2.982
"[2.982, 2.983)",0.017741427466666668,2.983
"[2.983, 2.984)",0.1368116686923077,2.984
"[2.984, 2.985)",0.019626691636363634,2.985
"[2.985, 2.986)",0.0207055306,2.986
"[2.986, 2.987)",0.035355378666666666,2.987
"[2.987, 2.988)",0.010482544733333331,2.988
"[2.988, 2.989)",0.06509755419999999,2.989
"[2.989, 2.99)",0.030044024181818178,2.99
"[2.99, 2.991)",0.008382820954545456,2.991
"[2.991, 2.992)",0.01715373475,2.992
"[2.992, 2.993)",0.016596810050000004,2.993
"[2.993, 2.994)",0.023800275213333336,2.994
"[2.994, 2.995)",0.03611187461538462,2.995
"[2.995, 2.996)",0.0033767669071428563,2.996
"[2.996, 2.997)",0.01162311,2.997
"[2.997, 2.998)",0.04787391235714285,2.998
"[2.998, 2.999)",0.03345062994117647,2.999
"[2.999, 3.0)",0.0084737526,3.0
"[3.0, 3.001)",0.03402507844444445,3.001
"[3.001, 3.0020000000000002)",0.009415314,3.002
"[3.0020000000000002, 3.003)",0.032982439,3.003
"[3.003, 3.004)",0.01538451664285714,3.004
"[3.004, 3.005)",0.009952296666666667,3.005
"[3.005, 3.0060000000000002)",0.09333559,3.006
"[3.0060000000000002, 3.007)",0.014183355714285714,3.007
"[3.007, 3.008)",0.01307893017647059,3.008
"[3.008, 3.009)",0.025183553833333334,3.009
"[3.009, 3.0100000000000002)",0.030589962299999995,3.01
"[3.0100000000000002, 3.011)",0.0401316854,3.011
"[3.011, 3.012)",0.008548786624999999,3.012
"[3.012, 3.013)",0.0070263769999999994,3.013
"[3.013, 3.0140000000000002)",0.028164214666666666,3.014
"[3.0140000000000002, 3.015)",0.0142435543875,3.015
"[3.015, 3.016)",0.012766973300000001,3.016
"[3.016, 3.017)",0.011133289636363636,3.017
"[3.017, 3.0180000000000002)",0.0118570063,3.018
"[3.0180000000000002, 3.019)",0.03736873500000001,3.019
"[3.019, 3.02)",0.01732021833333334,3.02
"[3.02, 3.021)",0.12384629475,3.021
"[3.021, 3.0220000000000002)",0.009668227866666667,3.022
"[3.0220000000000002, 3.023)",0.0243850025,3.023
"[3.023, 3.024)",0.010744037333333333,3.024
"[3.024, 3.025)",0.0041492425,3.025
"[3.025, 3.0260000000000002)",0.05679320215384615,3.026
"[3.0260000000000002, 3.027)",0.0074552826,3.027
"[3.027, 3.028)",0.029566158888888885,3.028
"[3.028, 3.029)",0.02448407666666667,3.029
"[3.029, 3.0300000000000002)",0.03196188444444445,3.03
"[3.0300000000000002, 3.031)",0.02585543833333333,3.031
"[3.031, 3.032)",0.03973828,3.032
"[3.032, 3.033)",0.011733552555555556,3.033
"[3.033, 3.0340000000000003)",0.012409803285714286,3.034
"[3.0340000000000003, 3.035)",0.01974776275,3.035
"[3.035, 3.036)",0.020319813,3.036
"[3.036, 3.037)",0.021529030499999994,3.037
"[3.037, 3.0380000000000003)",0.0033845792,3.038
"[3.0380000000000003, 3.039)",0.13052176314444447,3.039
"[3.039, 3.04)",0.12572134345454547,3.04
"[3.04, 3.041)",0.022438964,3.041
"[3.041, 3.0420000000000003)",0.02355212514285714,3.042
"[3.0420000000000003, 3.043)",0.02062482066666667,3.043
"[3.043, 3.044)",0.018851534357142857,3.044
"[3.044, 3.045)",0.0391227586,3.045
"[3.045, 3.0460000000000003)",0.0081220956,3.046
"[3.0460000000000003, 3.047)",0.008933128600000001,3.047
"[3.047, 3.048)",0.03056789625,3.048
"[3.048, 3.049)",0.015650669909090913,3.049
"[3.049, 3.0500000000000003)",0.007975443066666667,3.05
"[3.0500000000000003, 3.051)",0.044704397025,3.051
"[3.051, 3.052)",0.024881647181818182,3.052
"[3.052, 3.053)",0.031924075,3.053
"[3.053, 3.0540000000000003)",0.009749061750000001,3.054
"[3.0540000000000003, 3.055)",0.05840175999999998,3.055
"[3.055, 3.056)",0.0055788225,3.056
"[3.056, 3.057)",0.014376123266666667,3.057
"[3.057, 3.0580000000000003)",0.05473238125,3.058
"[3.0580000000000003, 3.059)",0.07660498936363637,3.059
"[3.059, 3.06)",0.07516408436875002,3.06
"[3.06, 3.061)",0.02481838878571429,3.061
"[3.061, 3.0620000000000003)",0.011636106563636367,3.062
"[3.0620000000000003, 3.063)",0.018404803562500006,3.063
"[3.063, 3.064)",0.015153037814285716,3.064
"[3.064, 3.065)",0.029948895555555553,3.065
"[3.065, 3.0660000000000003)",0.027741718076923074,3.066
"[3.0660000000000003, 3.067)",0.020211199500000002,3.067
"[3.067, 3.068)",0.021250200375,3.068
"[3.068, 3.069)",0.0157528775,3.069
"[3.069, 3.0700000000000003)",0.036904995749999996,3.07
"[3.0700000000000003, 3.071)",0.0044936193,3.071
"[3.071, 3.072)",0.029556485249999997,3.072
"[3.072, 3.073)",0.030492260272727275,3.073
"[3.073, 3.074)",0.0426816052625,3.074
"[3.074, 3.075)",0.017672921678571426,3.075
"[3.075, 3.076)",0.029951893384615385,3.076
"[3.076, 3.077)",0.0167188306,3.077
"[3.077, 3.078)",0.021955349750000002,3.078
"[3.078, 3.079)",0.03966337279999999,3.079
"[3.079, 3.08)",0.007086249461538461,3.08
"[3.08, 3.081)",0.0091550305,3.081
"[3.081, 3.082)",0.04026217386666667,3.082
"[3.082, 3.083)",0.1435442047777778,3.083
"[3.083, 3.084)",0.01751159366666667,3.084
"[3.084, 3.085)",0.005940033,3.085
"[3.085, 3.086)",0.011670317888888889,3.086
"[3.086, 3.087)",0.03207826584615385,3.087
"[3.087, 3.088)",0.021743477384615385,3.088
"[3.088, 3.089)",0.026478188599999997,3.089
"[3.089, 3.09)",0.09721290168571428,3.09
"[3.09, 3.091)",0.024133588625000004,3.091
"[3.091, 3.092)",0.008902408833333335,3.092
"[3.092, 3.093)",0.027969862166666668,3.093
"[3.093, 3.094)",0.025328397142857145,3.094
"[3.094, 3.095)",0.01755408470909091,3.095
"[3.095, 3.096)",0.01198723915,3.096
"[3.096, 3.097)",0.10587021328571429,3.097
"[3.097, 3.098)",0.010529496666666666,3.098
"[3.098, 3.099)",0.03926684215555556,3.099
"[3.099, 3.1)",0.017545709124999996,3.1
"[3.1, 3.101)",0.011780319999999999,3.101
"[3.101, 3.102)",0.0288949725,3.102
"[3.102, 3.103)",0.012319590333333333,3.103
"[3.103, 3.104)",0.015687274875,3.104
"[3.104, 3.105)",0.024252579285714282,3.105
"[3.105, 3.106)",0.015804399153846158,3.106
"[3.106, 3.107)",0.020319646833333333,3.107
"[3.107, 3.108)",0.1505116237142857,3.108
"[3.108, 3.109)",0.011601265727272726,3.109
"[3.109, 3.11)",0.12675072853333333,3.11
"[3.11, 3.111)",0.01027397,3.111
"[3.111, 3.112)",0.006500231,3.112
"[3.112, 3.113)",0.009929060075,3.113
"[3.113, 3.114)",0.01668207356190476,3.114
"[3.114, 3.115)",0.009181646900000002,3.115
"[3.115, 3.116)",0.04152381514285715,3.116
"[3.116, 3.117)",0.0753993936,3.117
"[3.117, 3.118)",0.011982798571428572,3.118
"[3.118, 3.119)",0.017826524166666666,3.119
"[3.119, 3.12)",0.016877575000000002,3.12
"[3.12, 3.121)",0.018133033214285717,3.121
"[3.121, 3.122)",0.06450329844444444,3.122
"[3.122, 3.123)",0.13766451899999999,3.123
"[3.123, 3.124)",0.009315357142857144,3.124
"[3.124, 3.125)",0.09516753049999999,3.125
"[3.125, 3.126)",0.015536706071428572,3.126
"[3.126, 3.1270000000000002)",0.01915141775,3.127
"[3.1270000000000002, 3.128)",0.009161693583333333,3.128
"[3.128, 3.129)",0.007454842899999999,3.129
"[3.129, 3.13)",0.01721065390909091,3.13
"[3.13, 3.1310000000000002)",0.03267087925,3.131
"[3.1310000000000002, 3.132)",0.02510065424,3.132
"[3.132, 3.133)",0.015783135575000006,3.133
"[3.133, 3.134)",0.044931502000000005,3.134
"[3.134, 3.1350000000000002)",0.02516582,3.135
"[3.1350000000000002, 3.136)",0.023150607488235296,3.136
"[3.136, 3.137)",0.098593812875,3.137
"[3.137, 3.138)",0.030933631753846162,3.138
"[3.138, 3.1390000000000002)",0.03469115245,3.139
"[3.1390000000000002, 3.14)",0.019025722384615383,3.14
"[3.14, 3.141)",0.019443463,3.141
"[3.141, 3.142)",0.023102722,3.142
"[3.142, 3.1430000000000002)",0.0759456685,3.143
"[3.1430000000000002, 3.144)",0.0645780045,3.144
"[3.144, 3.145)",0.013065502811764704,3.145
"[3.145, 3.146)",0.01533757575,3.146
"[3.146, 3.1470000000000002)",0.0123597428,3.147
"[3.1470000000000002, 3.148)",0.03110557888888889,3.148
"[3.148, 3.149)",0.071990473125,3.149
"[3.149, 3.15)",0.1487776801125,3.15
"[3.15, 3.1510000000000002)",0.015654456142857143,3.151
"[3.1510000000000002, 3.152)",0.004010097660000001,3.152
"[3.152, 3.153)",0.019983669941176476,3.153
"[3.153, 3.154)",0.02446076875,3.154
"[3.154, 3.1550000000000002)",0.06253912766666667,3.155
"[3.1550000000000002, 3.156)",0.04316063935294118,3.156
"[3.156, 3.157)",0.023578477166666664,3.157
"[3.157, 3.158)",0.026428576571428573,3.158
"[3.158, 3.1590000000000003)",0.00742051325,3.159
"[3.1590000000000003, 3.16)",0.00647597636,3.16
"[3.16, 3.161)",0.004407366222222222,3.161
"[3.161, 3.162)",0.028402165376923076,3.162
"[3.162, 3.1630000000000003)",0.013828103590000002,3.163
"[3.1630000000000003, 3.164)",0.033043446250000004,3.164
"[3.164, 3.165)",0.15589819042857142,3.165
"[3.165, 3.166)",0.017398107875,3.166
"[3.166, 3.1670000000000003)",0.02141142885833333,3.167
"[3.1670000000000003, 3.168)",0.026331600700000003,3.168
"[3.168, 3.169)",0.059261006,3.169
"[3.169, 3.17)",0.0015177163749999997,3.17
"[3.17, 3.1710000000000003)",0.01405371,3.171
"[3.1710000000000003, 3.172)",0.038354414999999996,3.172
"[3.172, 3.173)",0.029624966222222222,3.173
"[3.173, 3.174)",0.003926134566666666,3.174
"[3.174, 3.1750000000000003)",0.03330280118181818,3.175
"[3.1750000000000003, 3.176)",0.004308853672727273,3.176
"[3.176, 3.177)",0.010028460179999999,3.177
"[3.177, 3.178)",0.051415024,3.178
"[3.178, 3.1790000000000003)",0.01002111575,3.179
"[3.1790000000000003, 3.18)",0.03652683307142857,3.18
"[3.18, 3.181)",0.014184022300000002,3.181
"[3.181, 3.182)",0.029244872299999995,3.182
"[3.182, 3.1830000000000003)",0.04052257663636363,3.183
"[3.1830000000000003, 3.184)",0.027051360599999998,3.184
"[3.184, 3.185)",0.004278632214285714,3.185
"[3.185, 3.186)",0.021079934,3.186
"[3.186, 3.1870000000000003)",0.022240963666666665,3.187
"[3.1870000000000003, 3.188)",0.017224278333333336,3.188
"[3.188, 3.189)",0.05192675180999999,3.189
"[3.189, 3.19)",0.03423095799999999,3.19
"[3.19, 3.1910000000000003)",0.03079015196000001,3.191
"[3.1910000000000003, 3.192)",0.01698072427142857,3.192
"[3.192, 3.193)",0.004082106,3.193
"[3.193, 3.194)",0.006475090900000001,3.194
"[3.194, 3.1950000000000003)",0.012898834000000001,3.195
"[3.1950000000000003, 3.196)",0.011275143285714285,3.196
"[3.196, 3.197)",0.0105178592,3.197
"[3.197, 3.198)",0.017011181664285713,3.198
"[3.198, 3.1990000000000003)",0.06375739,3.199
"[3.1990000000000003, 3.2)",0.0005855835500000001,3.2
"[3.2, 3.201)",0.001320395,3.201
"[3.201, 3.202)",0.01847504657142857,3.202
"[3.202, 3.203)",0.062055258822222216,3.203
"[3.203, 3.204)",0.0600658,3.204
"[3.204, 3.205)",0.0074898546,3.205
"[3.205, 3.206)",0.0670770886,3.206
"[3.206, 3.207)",0.012052713833333333,3.207
"[3.207, 3.208)",0.019381664,3.208
"[3.208, 3.209)",0.005295925428571428,3.209
"[3.209, 3.21)",0.016825384333333332,3.21
"[3.21, 3.211)",0.012790972500000001,3.211
"[3.211, 3.212)",0.02054684716666667,3.212
"[3.212, 3.213)",0.08148089142857143,3.213
"[3.213, 3.214)",0.01553849322222222,3.214
"[3.214, 3.215)",0.006463633799999998,3.215
"[3.215, 3.216)",0.02808314216666667,3.216
"[3.216, 3.217)",0.013378840428571428,3.217
"[3.217, 3.218)",0.09852309719999999,3.218
"[3.218, 3.219)",0.007256160833333334,3.219
"[3.219, 3.22)",0.002340559,3.22
"[3.22, 3.221)",0.02185370757142857,3.221
"[3.221, 3.222)",0.08808204333333333,3.222
"[3.222, 3.223)",0.006699395571428571,3.223
"[3.223, 3.224)",0.046584775142857145,3.224
"[3.224, 3.225)",0.08672864659999999,3.225
"[3.225, 3.226)",0.023870628333333335,3.226
"[3.226, 3.227)",0.0033654093999999995,3.227
"[3.227, 3.228)",0.0145573605,3.228
"[3.228, 3.229)",0.029749715300000003,3.229
"[3.229, 3.23)",0.05683380016666667,3.23
"[3.23, 3.231)",0.03761440900000001,3.231
"[3.231, 3.232)",0.02488497216666667,3.232
"[3.232, 3.233)",0.02325233328571429,3.233
"[3.233, 3.234)",0.188552665,3.234
"[3.234, 3.235)",0.0040836503333333335,3.235
"[3.235, 3.236)",0.010208928599999998,3.236
"[3.236, 3.237)",0.11634836400000001,3.237
"[3.237, 3.238)",0.01613230083333333,3.238
"[3.238, 3.239)",0.02862630355555556,3.239
"[3.239, 3.24)",0.045568270000000015,3.24
"[3.24, 3.241)",0.03240059226666667,3.241
"[3.241, 3.242)",0.08831648225,3.242
"[3.242, 3.243)",0.0168702172,3.243
"[3.243, 3.244)",0.17324775216666669,3.244
"[3.244, 3.245)",0.0029681621625,3.245
"[3.245, 3.246)",0.19299050830000003,3.246
"[3.246, 3.247)",0.0037843833333333333,3.247
"[3.247, 3.248)",0.009756864999999998,3.248
"[3.248, 3.249)",0.08401129189999999,3.249
"[3.249, 3.25)",0.008352489999999999,3.25
"[3.25, 3.251)",0.004299261285714286,3.251
"[3.251, 3.2520000000000002)",0.027096753333333334,3.252
"[3.2520000000000002, 3.253)",0.040551294,3.253
"[3.253, 3.254)",0.011522609666666668,3.254
"[3.254, 3.255)",0.017453263166666667,3.255
"[3.255, 3.2560000000000002)",0.012170120666666666,3.256
"[3.2560000000000002, 3.257)",0.0241511375,3.257
"[3.257, 3.258)",0.0063413191428571426,3.258
"[3.258, 3.259)",0.021482223222222225,3.259
"[3.259, 3.2600000000000002)",0.0282728026,3.26
"[3.2600000000000002, 3.261)",0.014743893833333332,3.261
"[3.261, 3.262)",0.010595413333333331,3.262
"[3.262, 3.263)",0.08589161203333334,3.263
"[3.263, 3.2640000000000002)",0.040283081,3.264
"[3.2640000000000002, 3.265)",0.01900843555555555,3.265
"[3.265, 3.266)",0.13935332222222224,3.266
"[3.266, 3.267)",0.0207465083,3.267
"[3.267, 3.2680000000000002)",0.02846550088,3.268
"[3.2680000000000002, 3.269)",0.08949834288888889,3.269
"[3.269, 3.27)",0.05524437255555556,3.27
"[3.27, 3.271)",0.04774966792307692,3.271
"[3.271, 3.2720000000000002)",0.008622777166666666,3.272
"[3.2720000000000002, 3.273)",0.03516230583333334,3.273
"[3.273, 3.274)",0.035239264285714285,3.274
"[3.274, 3.275)",0.007933684600000001,3.275
"[3.275, 3.2760000000000002)",0.01963015869090909,3.276
"[3.2760000000000002, 3.277)",0.015107916428571427,3.277
"[3.277, 3.278)",0.015779696109999998,3.278
"[3.278, 3.279)",0.0176351939,3.279
"[3.279, 3.2800000000000002)",0.102786424,3.28
"[3.2800000000000002, 3.281)",0.00515133125,3.281
"[3.281, 3.282)",0.034655453333333336,3.282
"[3.282, 3.283)",0.0031634999999999996,3.283
"[3.283, 3.2840000000000003)",0.0375562106,3.284
"[3.2840000000000003, 3.285)",0.02150051444444444,3.285
"[3.285, 3.286)",0.012206370333333334,3.286
"[3.286, 3.287)",0.007004063333333334,3.287
"[3.287, 3.2880000000000003)",0.02309581303333333,3.288
"[3.2880000000000003, 3.289)",0.0158323975,3.289
"[3.289, 3.29)",0.007585837,3.29
"[3.29, 3.291)",0.0214292,3.291
"[3.291, 3.2920000000000003)",0.03217159,3.292
"[3.2920000000000003, 3.293)",0.021240906599999998,3.293
"[3.293, 3.294)",0.006936961999999999,3.294
"[3.294, 3.295)",0.040637580000000006,3.295
"[3.295, 3.2960000000000003)",0.030708430666666665,3.296
"[3.2960000000000003, 3.297)",0.0201485665,3.297
"[3.297, 3.298)",0.024310839999999997,3.298
"[3.298, 3.299)",0.08111356,3.299
"[3.299, 3.3000000000000003)",0.00129776,3.3
"[3.3000000000000003, 3.301)",0.08710440825000001,3.301
"[3.301, 3.302)",0.03677350000000001,3.302
"[3.302, 3.303)",0.0258701205,3.303
"[3.303, 3.3040000000000003)",0.030392477199999997,3.304
"[3.3040000000000003, 3.305)",0.00089961882,3.305
"[3.305, 3.306)",0.0024788682500000003,3.306
"[3.306, 3.307)",0.01857725,3.307
"[3.307, 3.3080000000000003)",0.0025854056000000005,3.308
"[3.3080000000000003, 3.309)",0.0042946332,3.309
"[3.309, 3.31)",0.0011714286666666667,3.31
"[3.31, 3.311)",0.013961124600000003,3.311
"[3.311, 3.3120000000000003)",0.043853513999999996,3.312
"[3.3120000000000003, 3.313)",0.0104088125,3.313
"[3.313, 3.314)",0.007399124125,3.314
"[3.314, 3.315)",0.0137935526,3.315
"[3.315, 3.3160000000000003)",0.0036352999999999997,3.316
"[3.3160000000000003, 3.317)",0.0222794173,3.317
"[3.317, 3.318)",0.0153052,3.318
"[3.318, 3.319)",0.0116872812,3.319
"[3.319, 3.3200000000000003)",0.05810836,3.32
"[3.3200000000000003, 3.321)",0.011587046571428573,3.321
"[3.321, 3.322)",0.022048822555555556,3.322
"[3.322, 3.323)",0.010455748833333334,3.323
"[3.323, 3.3240000000000003)",0.005742586142857143,3.324
"[3.3240000000000003, 3.325)",0.012953885375,3.325
"[3.325, 3.326)",0.031770264444444446,3.326
"[3.326, 3.327)",0.013682914125,3.327
"[3.327, 3.3280000000000003)",0.004170860666666666,3.328
"[3.3280000000000003, 3.329)",0.0047576339,3.329
"[3.329, 3.33)",0.04531586,3.33
"[3.33, 3.331)",0.027143501,3.331
"[3.331, 3.332)",0.09262577075,3.332
"[3.332, 3.333)",0.011378023545454547,3.333
"[3.333, 3.334)",0.019200144,3.334
"[3.334, 3.335)",0.013478697181818183,3.335
"[3.335, 3.336)",0.024888391625,3.336
"[3.336, 3.337)",0.001690909,3.337
"[3.337, 3.338)",0.009686343333333333,3.338
"[3.338, 3.339)",0.008621901714285715,3.339
"[3.339, 3.34)",0.0222685546,3.34
"[3.34, 3.341)",0.0219207966,3.341
"[3.341, 3.342)",0.025821466650000003,3.342
"[3.342, 3.343)",0.020831528000000005,3.343
"[3.343, 3.344)",0.016538876666666667,3.344
"[3.344, 3.345)",0.009913547424999999,3.345
"[3.345, 3.346)",0.025587654999999997,3.346
"[3.346, 3.347)",0.013308521249999998,3.347
"[3.347, 3.348)",0.022221238600000002,3.348
"[3.348, 3.349)",0.019968331625000002,3.349
"[3.349, 3.35)",0.09097524,3.35
"[3.35, 3.351)",0.0011446543333333333,3.351
"[3.351, 3.352)",0.004647524333333332,3.352
"[3.352, 3.353)",0.027149470000000002,3.353
"[3.353, 3.354)",0.0960570825,3.354
"[3.354, 3.355)",0.01543763625,3.355
"[3.355, 3.356)",0.004146577375,3.356
"[3.356, 3.357)",0.014688955500000002,3.357
"[3.357, 3.358)",0.02360068,3.358
"[3.358, 3.359)",0.03870665538461538,3.359
"[3.36, 3.361)",0.012845172333333335,3.36
"[3.361, 3.362)",0.00681602,3.361
"[3.362, 3.363)",0.10755536,3.362
"[3.363, 3.364)",0.0910271766,3.363
"[3.364, 3.365)",0.03579554,3.364
"[3.365, 3.366)",0.03235243575,3.365
"[3.366, 3.367)",0.010211831142857144,3.366
"[3.367, 3.368)",0.008557701625,3.367
"[3.368, 3.369)",0.047396008,3.368
"[3.369, 3.37)",0.03856895,3.369
"[3.37, 3.371)",0.11747218,3.37
"[3.371, 3.372)",0.21278175666666668,3.371
"[3.372, 3.373)",0.017025671857142856,3.372
"[3.373, 3.374)",0.0008800690000000001,3.373
"[3.374, 3.375)",0.01260231,3.374
"[3.375, 3.376)",0.018238386666666665,3.375
"[3.376, 3.3770000000000002)",0.026164281666666667,3.376
"[3.3770000000000002, 3.378)",0.2650725475,3.377
"[3.378, 3.379)",0.02147054,3.378
"[3.379, 3.38)",0.0116421165,3.379
"[3.38, 3.3810000000000002)",0.02191547,3.38
"[3.3810000000000002, 3.382)",0.006586526666666666,3.381
"[3.382, 3.383)",0.0411851925,3.382
"[3.383, 3.384)",0.030144596000000003,3.383
"[3.384, 3.3850000000000002)",0.021080573333333335,3.384
"[3.3850000000000002, 3.386)",0.018653600000000003,3.385
"[3.386, 3.387)",0.0035600286666666666,3.386
"[3.387, 3.388)",0.012299347499999998,3.387
"[3.388, 3.3890000000000002)",0.007509576000000001,3.388
"[3.3890000000000002, 3.39)",0.0034342249999999995,3.389
"[3.39, 3.391)",0.0135519,3.39
"[3.391, 3.392)",0.01222607,3.391
"[3.392, 3.3930000000000002)",0.006300759333333332,3.392
"[3.3930000000000002, 3.394)",0.12539515233333334,3.393
"[3.394, 3.395)",0.00549425,3.394
"[3.395, 3.396)",0.0076931125,3.395
"[3.396, 3.3970000000000002)",0.029336748000000003,3.396
"[3.3970000000000002, 3.398)",0.02110217,3.397
"[3.398, 3.399)",0.05345139166666666,3.398
"[3.399, 3.4)",0.00954764325,3.399
"[3.4, 3.4010000000000002)",0.08175452166666665,3.4
"[3.4010000000000002, 3.402)",0.015048816000000001,3.401
"[3.402, 3.403)",0.02071326,3.402
"[3.403, 3.404)",0.0026859582500000003,3.403
"[3.404, 3.4050000000000002)",0.057768549999999995,3.404
"[3.4050000000000002, 3.406)",0.007502567666666667,3.405
"[3.406, 3.407)",0.014026938833333334,3.406
"[3.407, 3.408)",0.010184146,3.407
"[3.408, 3.4090000000000003)",0.000540833,3.408
"[3.4090000000000003, 3.41)",0.013666856,3.409
"[3.41, 3.411)",0.00411871,3.41
"[3.411, 3.412)",0.015758105,3.411
"[3.412, 3.4130000000000003)",0.11344320428571428,3.412
"[3.4130000000000003, 3.414)",0.04185005875,3.413
"[3.414, 3.415)",0.03217315,3.414
"[3.415, 3.416)",0.0614304866,3.415
"[3.416, 3.4170000000000003)",0.004436908000000001,3.416
"[3.4170000000000003, 3.418)",0.012108613333333332,3.417
"[3.418, 3.419)",0.059183033333333336,3.418
"[3.419, 3.42)",0.0162062005,3.419
"[3.42, 3.4210000000000003)",0.00110742,3.42
"[3.4210000000000003, 3.422)",6.40164e-5,3.421
"[3.422, 3.423)",0.014715482166666667,3.422
"[3.423, 3.424)",0.009947792750000002,3.423
"[3.424, 3.4250000000000003)",0.00345441,3.424
"[3.4250000000000003, 3.426)",0.06354570000000001,3.425
"[3.426, 3.427)",0.0034631182499999997,3.426
"[3.427, 3.428)",0.020050292,3.427
"[3.428, 3.4290000000000003)",0.01253287,3.428
"[3.4290000000000003, 3.43)",0.1600349165,3.429
"[3.43, 3.431)",0.005463922600000001,3.43
"[3.431, 3.432)",0.0012942643333333334,3.431
"[3.432, 3.4330000000000003)",0.010695894333333332,3.432
"[3.4330000000000003, 3.434)",0.02870389,3.433
"[3.434, 3.435)",0.004606317,3.434
"[3.435, 3.436)",0.0030097759999999996,3.435
"[3.436, 3.4370000000000003)",0.0933947165,3.436
"[3.4370000000000003, 3.438)",0.034777761,3.437
"[3.438, 3.439)",0.0036733900000000003,3.438
"[3.439, 3.44)",0.026229391,3.439
"[3.44, 3.4410000000000003)",0.014357704600000002,3.44
"[3.4410000000000003, 3.442)",0.04710780325,3.441
"[3.442, 3.443)",0.09285998333333334,3.442
"[3.443, 3.444)",0.041492611166666665,3.443
"[3.444, 3.4450000000000003)",0.062740981,3.444
"[3.4450000000000003, 3.446)",0.015690578975,3.445
"[3.446, 3.447)",0.0239897868,3.446
"[3.447, 3.448)",0.04765177383333335,3.447
"[3.448, 3.4490000000000003)",0.002363284333333333,3.448
"[3.4490000000000003, 3.45)",0.121583,3.449
"[3.45, 3.451)",0.254318401,3.45
"[3.451, 3.452)",0.012675206549999998,3.451
"[3.452, 3.4530000000000003)",0.009377590000000002,3.452
"[3.4530000000000003, 3.454)",0.06115583285714286,3.453
"[3.454, 3.455)",0.06333989536,3.454
"[3.455, 3.456)",0.0510590225,3.455
"[3.456, 3.457)",0.07465248000000001,3.456
"[3.457, 3.458)",0.012202787199999999,3.457
"[3.458, 3.459)",0.01067849295,3.458
"[3.459, 3.46)",0.000540833,3.459
"[3.46, 3.461)",0.00703949,3.46
"[3.461, 3.462)",0.074063477,3.461
"[3.462, 3.463)",0.015265036,3.462
"[3.463, 3.464)",0.01494575198,3.463
"[3.464, 3.465)",0.00805842,3.464
"[3.465, 3.466)",0.00259298,3.465
"[3.466, 3.467)",0.07339267383333334,3.466
"[3.467, 3.468)",0.00535396,3.467
"[3.468, 3.469)",0.0859163,3.468
"[3.469, 3.47)",0.0040393825999999996,3.469
"[3.47, 3.471)",0.030221510300000004,3.47
"[3.471, 3.472)",0.00748578,3.471
"[3.472, 3.473)",0.011555653333333332,3.472
"[3.474, 3.475)",0.007742305,3.473
"[3.475, 3.476)",0.03005315,3.474
"[3.476, 3.477)",0.04319694766666667,3.475
"[3.477, 3.478)",0.009102467666666668,3.476
"[3.478, 3.479)",0.039423054285714285,3.477
"[3.479, 3.48)",0.00330984075,3.478
"[3.48, 3.481)",0.00250087275,3.479
"[3.481, 3.482)",0.004126182,3.48
"[3.482, 3.483)",0.0032270750000000003,3.481
"[3.483, 3.484)",0.013110745000000002,3.482
"[3.484, 3.485)",0.08825585624999999,3.483
"[3.485, 3.486)",0.001779136,3.484
"[3.486, 3.487)",0.011039150749999999,3.485
"[3.487, 3.488)",0.013550223333333333,3.486
"[3.488, 3.489)",0.03855695,3.487
"[3.49, 3.491)",0.0074512145,3.488
"[3.491, 3.492)",0.04449795333333333,3.489
"[3.492, 3.493)",0.01870664,3.49
"[3.493, 3.494)",0.012993210000000002,3.491
"[3.494, 3.495)",0.00162005,3.492
"[3.495, 3.496)",0.00516796,3.493
"[3.496, 3.497)",0.02912089875,3.494
"[3.497, 3.498)",0.06934577666666666,3.495
"[3.498, 3.499)",0.32597273,3.496
"[3.499, 3.5)",0.012249873333333333,3.497
"[3.5, 3.501)",0.0790698,3.498
"[3.501, 3.5020000000000002)",0.0719354,3.499
"[3.5020000000000002, 3.503)",0.000396825,3.5
"[3.503, 3.504)",0.020199744,3.501
"[3.504, 3.505)",0.001984605,3.502
"[3.505, 3.5060000000000002)",0.07923372000000001,3.503
"[3.5060000000000002, 3.507)",0.009667709,3.504
"[3.507, 3.508)",0.0075202233333333335,3.505
"[3.508, 3.509)",0.026960534285714287,3.506
"[3.509, 3.5100000000000002)",0.014223916500000001,3.507
"[3.5100000000000002, 3.511)",0.009235996666666668,3.508
"[3.511, 3.512)",0.03578602333333333,3.509
"[3.512, 3.513)",0.25721632099999997,3.51
"[3.513, 3.5140000000000002)",0.0710203,3.511
"[3.5140000000000002, 3.515)",0.030724856000000002,3.512
"[3.515, 3.516)",0.00348432,3.513
"[3.516, 3.517)",0.0036700565000000007,3.514
"[3.517, 3.5180000000000002)",0.00738180325,3.515
"[3.5180000000000002, 3.519)",0.011837548333333335,3.516
"[3.519, 3.52)",0.0042518782500000005,3.517
"[3.52, 3.521)",0.04249300549999999,3.518
"[3.521, 3.5220000000000002)",0.0040973365,3.519
"[3.5220000000000002, 3.523)",0.022976666499999996,3.52
"[3.523, 3.524)",0.046239840000000004,3.521
"[3.524, 3.525)",0.012473161000000002,3.522
"[3.525, 3.5260000000000002)",0.0050758,3.523
"[3.5260000000000002, 3.527)",0.046449504333333336,3.524
"[3.528, 3.529)",0.0024569776666666667,3.525
"[3.529, 3.5300000000000002)",0.008314437000000001,3.526
"[3.5300000000000002, 3.531)",0.0905120206,3.527
"[3.531, 3.532)",0.04596687766666666,3.528
"[3.532, 3.533)",0.0008241265000000001,3.529
"[3.533, 3.5340000000000003)",0.026543716499999998,3.53
"[3.5340000000000003, 3.535)",0.0123524,3.531
"[3.535, 3.536)",0.0115338765,3.532
"[3.536, 3.537)",0.0041995706,3.533
"[3.537, 3.5380000000000003)",0.013390292166666665,3.534
"[3.5380000000000003, 3.539)",0.06105180075,3.535
"[3.539, 3.54)",0.0019092523333333333,3.536
"[3.54, 3.541)",0.0379273372,3.537
"[3.541, 3.5420000000000003)",0.015099511833333334,3.538
"[3.5420000000000003, 3.543)",0.002703301,3.539
"[3.543, 3.544)",0.025470508166666666,3.54
"[3.544, 3.545)",0.013636095,3.541
"[3.545, 3.5460000000000003)",0.027448066555555553,3.542
"[3.547, 3.548)",0.0088828846,3.543
"[3.548, 3.549)",0.039117337875000005,3.544
"[3.549, 3.5500000000000003)",0.02257175686,3.545
"[3.5500000000000003, 3.551)",0.020214327499999997,3.546
"[3.551, 3.552)",0.018370902666666664,3.547
"[3.552, 3.553)",0.007803957633333334,3.548
"[3.553, 3.5540000000000003)",0.000540833,3.549
"[3.5540000000000003, 3.555)",0.006394575333333334,3.55
"[3.555, 3.556)",0.022420846142857144,3.551
"[3.556, 3.557)",0.0113147647,3.552
"[3.557, 3.5580000000000003)",0.000947015,3.553
"[3.5580000000000003, 3.559)",0.11596965,3.554
"[3.559, 3.56)",0.00393701,3.555
"[3.56, 3.561)",0.007182027666666667,3.556
"[3.561, 3.5620000000000003)",0.028352205,3.557
"[3.5620000000000003, 3.563)",0.0036337365,3.558
"[3.563, 3.564)",0.030571646666666664,3.559
"[3.564, 3.565)",0.11346218666666665,3.56
"[3.565, 3.5660000000000003)",0.028824680000000002,3.561
"[3.5660000000000003, 3.567)",0.15414101100000002,3.562
"[3.567, 3.568)",0.002337125,3.563
"[3.568, 3.569)",0.10777443333333332,3.564
"[3.569, 3.5700000000000003)",0.00232558,3.565
"[3.5700000000000003, 3.571)",0.0062856432499999995,3.566
"[3.571, 3.572)",0.00249235,3.567
"[3.572, 3.573)",0.031071725,3.568
"[3.573, 3.5740000000000003)",0.022773625,3.569
"[3.5740000000000003, 3.575)",0.043515495,3.57
"[3.575, 3.576)",0.0748314,3.571
"[3.576, 3.577)",0.12110391,3.572
"[3.577, 3.5780000000000003)",0.001479195,3.573
"[3.5780000000000003, 3.579)",0.021252032,3.574
"[3.579, 3.58)",0.0037903299999999997,3.575
"[3.58, 3.581)",0.013044416500000001,3.576
"[3.581, 3.5820000000000003)",0.003220462,3.577
"[3.5820000000000003, 3.583)",0.035491844125,3.578
"[3.583, 3.584)",0.08270535333333333,3.579
"[3.584, 3.585)",0.025158596666666668,3.58
"[3.585, 3.586)",0.02081647675,3.581
"[3.586, 3.587)",0.01850668325,3.582
"[3.587, 3.588)",0.03153223,3.583
"[3.588, 3.589)",0.025782079624999996,3.584
"[3.589, 3.59)",0.0235528,3.585
"[3.59, 3.591)",0.09591748325,3.586
"[3.591, 3.592)",0.02986991,3.587
"[3.592, 3.593)",0.0005604987,3.588
"[3.593, 3.594)",0.0448581,3.589
"[3.594, 3.595)",0.0035864866666666666,3.59
"[3.595, 3.596)",0.0037097765,3.591
"[3.596, 3.597)",0.010507647500000002,3.592
"[3.597, 3.598)",0.01951973,3.593
"[3.598, 3.599)",0.050026,3.594
"[3.599, 3.6)",0.026219623333333334,3.595
"[3.601, 3.602)",0.030384522166666664,3.596
"[3.602, 3.603)",0.04938331166666667,3.597
"[3.603, 3.604)",0.0173092,3.598
"[3.604, 3.605)",0.010422775,3.599
"[3.605, 3.606)",0.00218124,3.6
"[3.606, 3.607)",0.010657353999999999,3.601
"[3.607, 3.608)",0.502205435,3.602
"[3.608, 3.609)",0.03060819,3.603
"[3.609, 3.61)",0.005463055,3.604
"[3.61, 3.611)",0.00623936,3.605
"[3.611, 3.612)",0.0151701575,3.606
"[3.612, 3.613)",0.026304925000000003,3.607
"[3.613, 3.614)",0.13345616500000002,3.608
"[3.614, 3.615)",0.025531841428571428,3.609
"[3.615, 3.616)",0.0020544,3.61
"[3.616, 3.617)",0.0146425,3.611
"[3.617, 3.618)",0.0005538629999999999,3.612
"[3.618, 3.619)",0.003469975,3.613
"[3.619, 3.62)",0.00110742,3.614
"[3.62, 3.621)",0.001466265,3.615
"[3.621, 3.622)",0.014102486666666665,3.616
"[3.622, 3.623)",0.021761438333333338,3.617
"[3.623, 3.624)",0.025024022000000003,3.618
"[3.624, 3.625)",0.01706673825,3.619
"[3.625, 3.626)",0.0389503,3.62
"[3.626, 3.6270000000000002)",0.262257,3.621
"[3.6270000000000002, 3.628)",0.028059133333333333,3.622
"[3.629, 3.63)",0.00361545,3.623
"[3.63, 3.6310000000000002)",0.001185471,3.624
"[3.6310000000000002, 3.632)",0.0333402,3.625
"[3.632, 3.633)",0.00110742,3.626
"[3.633, 3.634)",0.000540833,3.627
"[3.634, 3.6350000000000002)",0.0377553,3.628
"[3.6350000000000002, 3.636)",0.0507089165,3.629
"[3.636, 3.637)",0.00328396,3.63
"[3.637, 3.638)",0.00230768325,3.631
"[3.638, 3.6390000000000002)",0.007456266499999999,3.632
"[3.6390000000000002, 3.64)",0.036253443333333336,3.633
"[3.64, 3.641)",0.00170164,3.634
"[3.641, 3.642)",0.00206713,3.635
"[3.642, 3.6430000000000002)",0.0097373925,3.636
"[3.6430000000000002, 3.644)",0.008721177666666666,3.637
"[3.644, 3.645)",0.05043485,3.638
"[3.645, 3.646)",0.011451276666666668,3.639
"[3.646, 3.6470000000000002)",0.06846871,3.64
"[3.6470000000000002, 3.648)",0.0028732215,3.641
"[3.648, 3.649)",0.0028896643333333333,3.642
"[3.649, 3.65)",0.00134953,3.643
"[3.65, 3.6510000000000002)",0.00555512,3.644
"[3.6510000000000002, 3.652)",0.013129906666666668,3.645
"[3.653, 3.654)",0.02712763,3.646
"[3.654, 3.6550000000000002)",0.05746491766666667,3.647
"[3.6550000000000002, 3.656)",0.0009943915,3.648
"[3.656, 3.657)",0.0128205,3.649
"[3.657, 3.658)",0.03391886325,3.65
"[3.658, 3.6590000000000003)",0.002608815,3.651
"[3.6590000000000003, 3.66)",0.000540833,3.652
"[3.66, 3.661)",0.0414389235,3.653
"[3.661, 3.662)",0.0088338846,3.654
"[3.662, 3.6630000000000003)",0.00232558,3.655
"[3.6630000000000003, 3.664)",0.047531615,3.656
"[3.664, 3.665)",0.04622490325,3.657
"[3.665, 3.666)",0.0069261033333333335,3.658
"[3.666, 3.6670000000000003)",0.0227312,3.659
"[3.6670000000000003, 3.668)",0.012161363333333333,3.66
"[3.668, 3.669)",0.0002704165,3.661
"[3.669, 3.67)",0.00420663,3.662
"[3.67, 3.6710000000000003)",0.0019140865000000001,3.663
"[3.6710000000000003, 3.672)",0.003123102,3.664
"[3.672, 3.673)",0.010832937499999999,3.665
"[3.673, 3.674)",0.0035922802,3.666
"[3.674, 3.6750000000000003)",0.0065156450000000005,3.667
"[3.6750000000000003, 3.676)",0.040169819999999995,3.668
"[3.676, 3.677)",0.040282849999999995,3.669
"[3.677, 3.678)",0.0021064015,3.67
"[3.678, 3.6790000000000003)",0.045948750000000003,3.671
"[3.6790000000000003, 3.68)",0.0005008975,3.672
"[3.68, 3.681)",0.00504007,3.673
"[3.681, 3.682)",0.012177721,3.674
"[3.682, 3.6830000000000003)",0.006274374,3.675
"[3.6830000000000003, 3.684)",0.02489049,3.676
"[3.684, 3.685)",0.0009053365,3.677
"[3.686, 3.6870000000000003)",0.00546482,3.678
"[3.6870000000000003, 3.688)",0.008165166500000001,3.679
"[3.688, 3.689)",0.00086949415,3.68
"[3.689, 3.69)",0.010599147666666668,3.681
"[3.69, 3.6910000000000003)",0.000540833,3.682
"[3.6910000000000003, 3.692)",0.044296925650000006,3.683
"[3.692, 3.693)",0.0043863037333333335,3.684
"[3.693, 3.694)",0.011050289999999999,3.685
"[3.694, 3.6950000000000003)",0.0341687165,3.686
"[3.6950000000000003, 3.696)",0.0075385,3.687
"[3.697, 3.698)",0.024038876666666664,3.688
"[3.698, 3.6990000000000003)",0.021929676666666665,3.689
"[3.6990000000000003, 3.7)",0.0577778,3.69
"[3.7, 3.701)",0.000540833,3.691
"[3.701, 3.702)",0.01208714075,3.692
"[3.702, 3.7030000000000003)",0.00298151,3.693
"[3.7030000000000003, 3.704)",0.02175318,3.694
"[3.704, 3.705)",0.024908865,3.695
"[3.705, 3.706)",0.0008241265000000001,3.696
"[3.706, 3.7070000000000003)",0.219463,3.697
"[3.7070000000000003, 3.708)",0.00164643,3.698
"[3.709, 3.71)",0.01006010175,3.699
"[3.71, 3.7110000000000003)",0.01462893125,3.7
"[3.7110000000000003, 3.712)",0.041182833333333335,3.701
"[3.712, 3.713)",0.0235834,3.702
"[3.713, 3.714)",0.000540833,3.703
"[3.714, 3.715)",0.09602125,3.704
"[3.715, 3.716)",0.0205821,3.705
"[3.716, 3.717)",0.0500159,3.706
"[3.717, 3.718)",0.03854565,3.707
"[3.718, 3.719)",0.00414797,3.708
"[3.719, 3.72)",0.0223522,3.709
"[3.72, 3.721)",0.00655502,3.71
"[3.721, 3.722)",0.011651636666666665,3.711
"[3.722, 3.723)",0.11590414,3.712
"[3.723, 3.724)",0.0008241265000000001,3.713
"[3.724, 3.725)",0.009520862985714288,3.714
"[3.725, 3.726)",0.024038889999999997,3.715
"[3.727, 3.728)",0.004920393166666667,3.716
"[3.728, 3.729)",0.09757547166666668,3.717
"[3.729, 3.73)",0.011994251,3.718
"[3.73, 3.731)",0.0019005422857142852,3.719
"[3.731, 3.732)",0.028616259428571426,3.72
"[3.732, 3.733)",0.03820595471428572,3.721
"[3.733, 3.734)",0.0050725206,3.722
"[3.734, 3.735)",0.00748578,3.723
"[3.735, 3.736)",0.14799797371428572,3.724
"[3.736, 3.737)",0.041998603333333336,3.725
"[3.737, 3.738)",0.24215962199999996,3.726
"[3.738, 3.739)",0.008992416666666668,3.727
"[3.739, 3.74)",0.004449450999999999,3.728
"[3.74, 3.741)",0.006067722000000001,3.729
"[3.741, 3.742)",0.0008241265000000001,3.73
"[3.742, 3.743)",0.034275277666666666,3.731
"[3.743, 3.744)",0.027932353333333337,3.732
"[3.744, 3.745)",0.0044512365,3.733
"[3.745, 3.746)",0.00367197,3.734
"[3.746, 3.747)",0.018044910600000002,3.735
"[3.747, 3.748)",0.013851360599999998,3.736
"[3.748, 3.749)",0.009914678599999999,3.737
"[3.75, 3.751)",0.00616806325,3.738
"[3.751, 3.7520000000000002)",0.059775626666666665,3.739
"[3.7520000000000002, 3.753)",0.0319658165,3.74
"[3.753, 3.754)",0.0206917426,3.741
"[3.754, 3.755)",0.09563894433333332,3.742
"[3.755, 3.7560000000000002)",0.0102321686,3.743
"[3.7560000000000002, 3.757)",0.0190955175,3.744
"[3.757, 3.758)",0.060857916500000005,3.745
"[3.758, 3.759)",0.032540840599999996,3.746
"[3.759, 3.7600000000000002)",0.04825935,3.747
"[3.7600000000000002, 3.761)",0.00284068035,3.748
"[3.761, 3.762)",0.012861317666666665,3.749
"[3.762, 3.763)",0.010317161,3.75
"[3.763, 3.7640000000000002)",0.00110742,3.751
"[3.7640000000000002, 3.765)",0.01629103745,3.752
"[3.765, 3.766)",0.03079873433333333,3.753
"[3.766, 3.767)",0.0148255,3.754
"[3.767, 3.7680000000000002)",0.0739074146,3.755
"[3.7680000000000002, 3.769)",0.002586175,3.756
"[3.769, 3.77)",0.02382211,3.757
"[3.77, 3.771)",0.00828721,3.758
"[3.771, 3.7720000000000002)",0.128692985,3.759
"[3.7720000000000002, 3.773)",0.0008241265000000001,3.76
"[3.773, 3.774)",0.00636841,3.761
"[3.774, 3.775)",0.0236099,3.762
"[3.775, 3.7760000000000002)",0.037383944333333335,3.763
"[3.7760000000000002, 3.777)",0.0008241265000000001,3.764
"[3.777, 3.778)",0.021745334999999998,3.765
"[3.779, 3.7800000000000002)",0.0270389115,3.766
"[3.7800000000000002, 3.781)",0.5002704165,3.767
"[3.781, 3.782)",0.266627255,3.768
"[3.783, 3.7840000000000003)",0.00110742,3.769
"[3.7840000000000003, 3.785)",0.007944146666666667,3.77
"[3.785, 3.786)",0.00170164,3.771
"[3.786, 3.787)",0.0008511364999999999,3.772
"[3.787, 3.7880000000000003)",0.0112994,3.773
"[3.7880000000000003, 3.789)",0.001249895,3.774
"[3.789, 3.79)",0.09255305,3.775
"[3.79, 3.791)",0.000540833,3.776
"[3.791, 3.7920000000000003)",0.002542774333333333,3.777
"[3.7920000000000003, 3.793)",0.02085446,3.778
"[3.793, 3.794)",0.0054336,3.779
"[3.795, 3.7960000000000003)",0.0015248965000000001,3.78
"[3.797, 3.798)",0.1935,3.781
"[3.799, 3.8000000000000003)",0.0134639,3.782
"[3.8000000000000003, 3.801)",0.00516796,3.783
"[3.802, 3.803)",0.103982,3.784
"[3.803, 3.8040000000000003)",0.0596892,3.785
"[3.806, 3.807)",0.00582524,3.786
"[3.807, 3.8080000000000003)",0.1536,3.787
"[3.8080000000000003, 3.809)",0.00235256,3.788
"[3.81, 3.811)",0.002266638,3.789
"[3.8120000000000003, 3.813)",0.00110742,3.79
"[3.815, 3.8160000000000003)",0.00971644,3.791
"[3.8160000000000003, 3.817)",0.0944998,3.792
"[3.817, 3.818)",0.027182427999999998,3.793
"[3.819, 3.8200000000000003)",0.003543745,3.794
"[3.8200000000000003, 3.821)",0.0211763165,3.795
"[3.8240000000000003, 3.825)",0.000540833,3.796
"[3.827, 3.8280000000000003)",0.023309033333333336,3.797
"[3.829, 3.83)",0.00116144,3.798
"[3.8320000000000003, 3.833)",0.00836164,3.799
"[3.834, 3.835)",0.0369357,3.8
"[3.835, 3.8360000000000003)",0.01137168,3.801
"[3.837, 3.838)",0.00312103,3.802
"[3.838, 3.839)",0.043176000000000006,3.803
"[3.839, 3.84)",0.00836164,3.804
"[3.84, 3.841)",0.1075926405,3.805
"[3.841, 3.842)",0.00348432,3.806
"[3.842, 3.843)",0.000540833,3.807
"[3.845, 3.846)",0.00367197,3.808
"[3.846, 3.847)",0.00110742,3.809
"[3.847, 3.848)",0.2542962,3.81
"[3.848, 3.849)",0.042826249999999996,3.811
"[3.85, 3.851)",0.02871272,3.812
"[3.852, 3.853)",0.0027909575,3.813
"[3.853, 3.854)",0.00232558,3.814
"[3.854, 3.855)",0.00170164,3.815
"[3.855, 3.856)",0.000540833,3.816
"[3.857, 3.858)",0.008526246666666666,3.817
"[3.858, 3.859)",0.290078,3.818
"[3.86, 3.861)",0.0087425705,3.819
"[3.861, 3.862)",0.00917524,3.82
"[3.862, 3.863)",0.00170164,3.821
"[3.864, 3.865)",0.010582,3.822
"[3.865, 3.866)",0.029159316499999997,3.823
"[3.866, 3.867)",0.0136760165,3.824
"[3.867, 3.868)",0.0335589703,3.825
"[3.871, 3.872)",0.284091,3.826
"[3.872, 3.873)",0.0277492,3.827
"[3.873, 3.874)",0.0115533,3.828
"[3.875, 3.876)",0.02367802,3.829
"[3.876, 3.8770000000000002)",0.00170164,3.83
"[3.8770000000000002, 3.878)",0.012907126666666666,3.831
"[3.878, 3.879)",0.0107914,3.832
"[3.88, 3.8810000000000002)",0.0101516,3.833
"[3.8810000000000002, 3.882)",0.0427112,3.834
"[3.883, 3.884)",0.13169,3.835
"[3.884, 3.8850000000000002)",0.04951213333333334,3.836
"[3.8850000000000002, 3.886)",0.00516796,3.837
"[3.886, 3.887)",0.000176523,3.838
"[3.887, 3.888)",0.00110742,3.839
"[3.888, 3.8890000000000002)",0.00232558,3.84
"[3.89, 3.891)",0.00917524,3.841
"[3.891, 3.892)",0.0135519,3.842
"[3.8930000000000002, 3.894)",0.0964286,3.843
"[3.894, 3.895)",0.000540833,3.844
"[3.896, 3.8970000000000002)",0.0350877,3.845
"[3.8970000000000002, 3.898)",0.00226757,3.846
"[3.899, 3.9)",0.000540833,3.847
"[3.9, 3.9010000000000002)",0.0011430306000000002,3.848
"[3.9010000000000002, 3.902)",0.00725624,3.849
"[3.903, 3.904)",0.0178571,3.85
"[3.907, 3.908)",0.061741845,3.851
"[3.9090000000000003, 3.91)",0.0103245,3.852
"[3.912, 3.9130000000000003)",0.00110742,3.853
"[3.9130000000000003, 3.914)",0.305499,3.854
"[3.915, 3.916)",0.0008241265000000001,3.855
"[3.9170000000000003, 3.918)",0.00110742,3.856
"[3.919, 3.92)",0.0303156,3.857
"[3.92, 3.9210000000000003)",0.0075188,3.858
"[3.924, 3.9250000000000003)",0.00872093,3.859
"[3.928, 3.9290000000000003)",0.0075188,3.86
"[3.931, 3.932)",0.00127153,3.861
"[3.936, 3.9370000000000003)",0.00673485,3.862
"[3.946, 3.947)",0.0194126,3.863
"[3.951, 3.952)",0.143853,3.864
"[3.954, 3.955)",0.05027642,3.865
"[3.956, 3.9570000000000003)",0.192982,3.866
"[3.9570000000000003, 3.958)",0.00296485,3.867
"[3.959, 3.96)",0.13297971,3.868
"[3.96, 3.9610000000000003)",0.0404539,3.869
"[3.962, 3.963)",0.00156896,3.87
"[3.963, 3.964)",0.0029473965,3.871
"[3.9650000000000003, 3.966)",0.00170164,3.872
"[3.966, 3.967)",0.00883818,3.873
"[3.969, 3.97)",0.00245125,3.874
"[3.973, 3.974)",0.00348432,3.875
"[3.975, 3.976)",0.26725,3.876
"[3.978, 3.979)",0.322442,3.877
"[3.982, 3.983)",0.00170164,3.878
"[3.984, 3.985)",0.00312103,3.879
"[4.001, 4.002)",0.00110742,3.88
"[4.002, 4.003)",0.00312103,3.881
"[4.015, 4.016)",0.025548,3.882
"[4.023, 4.024)",0.009346835,3.883
"[4.026, 4.027)",1.03305e-5,3.884
"[4.046, 4.047)",0.00110742,3.885
"[4.056, 4.057)",0.0209671,3.886
"[4.057, 4.058)",0.0196312,3.887
"[4.059, 4.0600000000000005)",0.00623936,3.888
"[4.0600000000000005, 4.061)",0.0304709,3.889
"[4.062, 4.063)",0.174725,3.89
"[4.064, 4.065)",0.00367197,3.891
"[4.067, 4.0680000000000005)",0.0127758,3.892
"[4.07, 4.071)",0.000540833,3.893
"[4.071, 4.072)",0.00273518,3.894
"[4.072, 4.073)",0.0040730805,3.895
"[4.074, 4.075)",0.0105841,3.896
"[4.0760000000000005, 4.077)",0.00623936,3.897
"[4.079, 4.08)",0.005230585,3.898
"[4.081, 4.082)",0.003578145,3.899
"[4.082, 4.083)",0.001491095,3.9
"[4.083, 4.0840000000000005)",0.0056263549999999996,3.901
"[4.085, 4.086)",0.1591849165,3.902
"[4.089, 4.09)",0.00170164,3.903
"[4.09, 4.091)",0.0175754,3.904
"[4.091, 4.0920000000000005)",0.006425835,3.905
"[4.0920000000000005, 4.093)",0.000820793,3.906
"[4.093, 4.094)",0.0194126,3.907
"[4.096, 4.097)",0.00535396,3.908
"[4.097, 4.098)",0.0083877,3.909
"[4.098, 4.099)",0.00348432,3.91
"[4.1, 4.101)",0.00110742,3.911
"[4.102, 4.103)",0.00720582,3.912
"[4.103, 4.104)",0.000540833,3.913
"[4.122, 4.123)",0.00170164,3.914
"[4.127, 4.128)",0.00156896,3.915
"[4.128, 4.1290000000000004)",0.0188153,3.916
"[4.1290000000000004, 4.13)",0.0809703,3.917
"[4.13, 4.131)",0.00170164,3.918
"[4.139, 4.14)",0.00348432,3.919
"[4.148, 4.149)",0.00170164,3.92
"[4.149, 4.15)",0.00348432,3.921
"[4.15, 4.151)",0.00312103,3.922
"[4.151, 4.152)",0.000991954,3.923
"[4.152, 4.1530000000000005)",0.00636609,3.924
"[4.16, 4.1610000000000005)",0.00110742,3.925
"[4.165, 4.166)",0.00170164,3.926
"[4.171, 4.172)",0.00522069,3.927
"[4.174, 4.175)",0.00664874,3.928
"[4.176, 4.1770000000000005)",0.0350636,3.929
"[4.179, 4.18)",0.00623936,3.93
"[4.183, 4.184)",0.029913135,3.931
"[4.187, 4.188)",0.147287,3.932
"[4.19, 4.191)",0.054531,3.933
"[4.192, 4.1930000000000005)",0.0127758,3.934
"[4.194, 4.195)",0.0254017,3.935
"[4.196, 4.197)",0.00746086,3.936
"[4.197, 4.198)",0.0075188,3.937
"[4.198, 4.199)",0.0105841,3.938
"[4.2010000000000005, 4.202)",0.267139,3.939
"[4.202, 4.203)",0.00110742,3.94
"[4.205, 4.206)",0.000627361,3.941
"[4.206, 4.207)",0.00110742,3.942
"[4.207, 4.208)",0.0546682,3.943
"[4.211, 4.212)",0.0200555,3.944
"[4.213, 4.214)",0.00348432,3.945
"[4.216, 4.2170000000000005)",0.029210935,3.946
"[4.22, 4.221)",0.00132422,3.947
"[4.221, 4.222)",0.147287,3.948
"[4.222, 4.223)",0.0,3.949
"[4.223, 4.224)",0.00514003,3.95
"[4.226, 4.227)",0.436216,3.951
"[4.231, 4.232)",0.0105841,3.952
"[4.237, 4.238)",0.0145782,3.953
"[4.24, 4.241)",0.00110742,3.954
"[4.243, 4.244)",0.0066583165,3.955
"[4.244, 4.245)",0.00516796,3.956
"[4.245, 4.246)",0.0085034,3.957
"[4.246, 4.247)",0.02546822,3.958
"[4.248, 4.249)",0.0075188,3.959
"[4.25, 4.251)",0.0010863715,3.96
"[4.2540000000000004, 4.255)",0.00170164,3.961
"[4.258, 4.259)",0.00187477,3.962
"[4.259, 4.26)",0.0561543,3.963
"[4.261, 4.2620000000000005)",0.022475329999999998,3.964
"[4.2620000000000005, 4.263)",0.00775194,3.965
"[4.263, 4.264)",0.00367197,3.966
"[4.264, 4.265)",0.00348432,3.967
"[4.267, 4.268)",0.00226757,3.968
"[4.268, 4.269)",0.0123805,3.969
"[4.269, 4.2700000000000005)",0.00864406,3.97
"[4.2700000000000005, 4.271)",0.0674171,3.971
"[4.274, 4.275)",0.007496280000000001,3.972
"[4.276, 4.277)",0.00448796,3.973
"[4.277, 4.2780000000000005)",0.00170164,3.974
"[4.279, 4.28)",0.000540833,3.975
"[4.282, 4.283)",0.00110742,3.976
"[4.285, 4.2860000000000005)",7.26832e-5,3.977
"[4.2860000000000005, 4.287)",0.00110742,3.978
"[4.287, 4.288)",0.00110742,3.979
"[4.288, 4.289)",0.00170164,3.98
"[4.292, 4.293)",0.0114572,3.981
"[4.293, 4.2940000000000005)",0.003517081,3.982
"[4.296, 4.297)",0.000540833,3.983
"[4.298, 4.299)",0.796319,3.984
"[4.3020000000000005, 4.303)",0.00348432,3.985
"[4.303, 4.304)",0.00229587,3.986
"[4.305, 4.306)",0.00900901,3.987
"[4.308, 4.309)",0.00639267,3.988
"[4.315, 4.316)",0.00348432,3.989
"[4.317, 4.3180000000000005)",0.004693063333333333,3.99
"[4.322, 4.323)",0.000276523,3.991
"[4.3260000000000005, 4.327)",0.00692746,3.992
"[4.33, 4.331)",0.00170164,3.993
"[4.332, 4.333)",0.02643591,3.994
"[4.3340000000000005, 4.335)",0.000540833,3.995
"[4.336, 4.337)",0.000540833,3.996
"[4.337, 4.338)",0.00170164,3.997
"[4.341, 4.3420000000000005)",0.012084805300000001,3.998
"[4.348, 4.349)",0.00542495,3.999
"[4.352, 4.353)",0.0705739,4.0
"[4.381, 4.382)",0.0289254,4.001
"[4.389, 4.39)",0.00514003,4.002
"[4.3950000000000005, 4.396)",0.000902256,4.003
"[4.396, 4.397)",0.0127758,4.004
"[4.397, 4.398)",0.0127758,4.005
"[4.399, 4.4)",0.0008241265000000001,4.006
"[4.401, 4.402)",0.05102626666666666,4.007
"[4.402, 4.4030000000000005)",0.00623936,4.008
"[4.4030000000000005, 4.404)",0.0014042015,4.009
"[4.404, 4.405)",0.0329647,4.01
"[4.406, 4.407)",0.00367197,4.011
"[4.407, 4.408)",0.000991954,4.012
"[4.41, 4.4110000000000005)",0.317829,4.013
"[4.4110000000000005, 4.412)",0.0216723,4.014
"[4.412, 4.413)",0.001491095,4.015
"[4.416, 4.417)",0.00747601,4.016
"[4.417, 4.418)",0.013902910000000001,4.017
"[4.4190000000000005, 4.42)",0.00226757,4.018
"[4.42, 4.421)",0.005748035,4.019
"[4.421, 4.422)",0.0133195,4.02
"[4.424, 4.425)",0.005786977,4.021
"[4.425, 4.426)",0.00802806,4.022
"[4.428, 4.429)",0.0469862,4.023
"[4.431, 4.432)",0.015545429999999999,4.024
"[4.433, 4.434)",0.000991954,4.025
"[4.434, 4.4350000000000005)",0.0634189,4.026
"[4.4350000000000005, 4.436)",0.0115278,4.027
"[4.436, 4.437)",0.0739139165,4.028
"[4.441, 4.442)",0.00598007,4.029
"[4.444, 4.445)",0.003213425,4.03
"[4.446, 4.447)",0.0105841,4.031
"[4.447, 4.448)",0.00664874,4.032
"[4.448, 4.449)",0.00110742,4.033
"[4.453, 4.454)",0.00522069,4.034
"[4.455, 4.456)",0.00110742,4.035
"[4.456, 4.457)",0.00664874,4.036
"[4.458, 4.4590000000000005)",0.00535396,4.037
"[4.462, 4.463)",0.00110742,4.038
"[4.463, 4.464)",0.00110742,4.039
"[4.466, 4.4670000000000005)",0.0305998,4.04
"[4.4670000000000005, 4.468)",0.13976,4.041
"[4.468, 4.469)",0.00348432,4.042
"[4.47, 4.471)",0.00226757,4.043
"[4.472, 4.473)",0.0113925,4.044
"[4.473, 4.474)",0.00170164,4.045
"[4.474, 4.4750000000000005)",0.00348432,4.046
"[4.476, 4.477)",0.016128165,4.047
"[4.478, 4.479)",0.00226757,4.048
"[4.479, 4.48)",0.09085341649999999,4.049
"[4.489, 4.49)",0.00448096,4.05
"[4.49, 4.491)",0.00298151,4.051
"[4.492, 4.493)",0.00185336,4.052
"[4.495, 4.496)",0.000991954,4.053
"[4.496, 4.497)",0.03590395,4.054
"[4.497, 4.498)",0.045628,4.055
"[4.498, 4.499)",0.003735075,4.056
"[4.499, 4.5)",0.0325078,4.057
"[4.5, 4.501)",0.03897564666666667,4.058
"[4.503, 4.5040000000000004)",0.12809807666666664,4.059
"[4.506, 4.507)",0.0648062,4.06
"[4.507, 4.508)",0.0103536,4.061
"[4.509, 4.51)",0.0804976,4.062
"[4.51, 4.511)",1.22333e-5,4.063
"[4.5120000000000005, 4.513)",0.00348432,4.064
"[4.513, 4.514)",0.00242482,4.065
"[4.514, 4.515)",0.0283404,4.066
"[4.515, 4.516)",0.00522069,4.067
"[4.517, 4.518)",0.0128018,4.068
"[4.518, 4.519)",0.006366696666666667,4.069
"[4.519, 4.5200000000000005)",0.00664874,4.07
"[4.521, 4.522)",0.000991954,4.071
"[4.522, 4.523)",0.016785750000000002,4.072
"[4.524, 4.525)",0.000991954,4.073
"[4.525, 4.526)",0.007565071333333334,4.074
"[4.526, 4.527)",0.00625203,4.075
"[4.5280000000000005, 4.529)",0.011467,4.076
"[4.529, 4.53)",0.070877,4.077
"[4.532, 4.533)",0.00448796,4.078
"[4.534, 4.535)",0.0009839695,4.079
"[4.535, 4.5360000000000005)",0.000540833,4.08
"[4.537, 4.538)",0.0107793828,4.081
"[4.538, 4.539)",0.01069,4.082
"[4.54, 4.541)",0.0159953,4.083
"[4.541, 4.542)",0.00522069,4.084
"[4.542, 4.543)",0.0016155745,4.085
"[4.543, 4.5440000000000005)",0.0125453,4.086
"[4.5440000000000005, 4.545)",0.004325616666666666,4.087
"[4.545, 4.546)",0.0005027598,4.088
"[4.546, 4.547)",0.00522069,4.089
"[4.548, 4.549)",0.11327936999999999,4.09
"[4.549, 4.55)",0.05388637,4.091
"[4.55, 4.551)",0.003862415,4.092
"[4.551, 4.5520000000000005)",0.000540833,4.093
"[4.5520000000000005, 4.553)",0.08660262,4.094
"[4.553, 4.554)",0.000540833,4.095
"[4.555, 4.556)",0.002847892666666667,4.096
"[4.556, 4.557)",0.174725,4.097
"[4.557, 4.558)",0.00448796,4.098
"[4.558, 4.559)",0.000107031,4.099
"[4.559, 4.5600000000000005)",0.00170164,4.1
"[4.5600000000000005, 4.561)",0.0005494176666666667,4.101
"[4.563, 4.564)",0.0237695,4.102
"[4.564, 4.565)",5.29437e-5,4.103
"[4.566, 4.567)",0.030676,4.104
"[4.567, 4.5680000000000005)",0.0333013,4.105
"[4.569, 4.57)",0.05304008433333333,4.106
"[4.57, 4.571)",0.0161736,4.107
"[4.571, 4.572)",0.000991954,4.108
"[4.573, 4.574)",0.0184592,4.109
"[4.575, 4.5760000000000005)",0.01891076,4.11
"[4.5760000000000005, 4.577)",0.0469862,4.111
"[4.578, 4.579)",0.11038947766666667,4.112
"[4.579, 4.58)",0.0248515,4.113
"[4.58, 4.581)",0.000991954,4.114
"[4.581, 4.582)",0.065201515,4.115
"[4.587, 4.588)",0.000991954,4.116
"[4.59, 4.591)",0.00103588,4.117
"[4.5920000000000005, 4.593)",0.000875353,4.118
"[4.594, 4.595)",0.00623936,4.119
"[4.595, 4.596)",0.005601218450000001,4.12
"[4.597, 4.598)",0.000851723,4.121
"[4.598, 4.599)",0.002331962,4.122
"[4.6000000000000005, 4.601)",0.03688405,4.123
"[4.601, 4.602)",0.00797291,4.124
"[4.602, 4.603)",0.004965590000000001,4.125
"[4.603, 4.604)",0.00535396,4.126
"[4.604, 4.605)",0.038193552625,4.127
"[4.605, 4.606)",0.00584319,4.128
"[4.606, 4.607)",0.0189804,4.129
"[4.607, 4.6080000000000005)",0.025368845,4.13
"[4.609, 4.61)",0.0266984,4.131
"[4.61, 4.611)",0.053467,4.132
"[4.611, 4.612)",0.0248515,4.133
"[4.612, 4.613)",0.0072787093333333336,4.134
"[4.613, 4.614)",0.009477909999999999,4.135
"[4.614, 4.615)",0.016305536666666665,4.136
"[4.616, 4.617)",0.013081006000000001,4.137
"[4.617, 4.618)",0.0011717988750000001,4.138
"[4.618, 4.619)",0.00522069,4.139
"[4.619, 4.62)",0.0111226,4.14
"[4.62, 4.621)",0.012493399666666667,4.141
"[4.621, 4.622)",0.012435294999999999,4.142
"[4.622, 4.623)",0.0013147043333333332,4.143
"[4.623, 4.624)",0.02904381216666667,4.144
"[4.624, 4.625)",0.007136119999999999,4.145
"[4.625, 4.626)",0.08117585,4.146
"[4.626, 4.627)",0.0032732150000000003,4.147
"[4.627, 4.628)",0.0146813,4.148
"[4.6290000000000004, 4.63)",0.009019135,4.149
"[4.631, 4.632)",0.00110742,4.15
"[4.632, 4.633)",0.0804976,4.151
"[4.634, 4.635)",0.0187567925,4.152
"[4.635, 4.636)",0.002442,4.153
"[4.636, 4.6370000000000005)",0.00403874,4.154
"[4.6370000000000005, 4.638)",0.135455,4.155
"[4.639, 4.64)",0.00206031,4.156
"[4.64, 4.641)",0.00988414825,4.157
"[4.642, 4.643)",0.0548921,4.158
"[4.643, 4.644)",0.0075226545374999995,4.159
"[4.644, 4.6450000000000005)",0.0229263,4.16
"[4.6450000000000005, 4.646)",0.005077513333333333,4.161
"[4.646, 4.647)",0.04607528079999999,4.162
"[4.647, 4.648)",0.001880975,4.163
"[4.648, 4.649)",0.00278718,4.164
"[4.649, 4.65)",0.0025143965,4.165
"[4.65, 4.651)",0.0231295285,4.166
"[4.651, 4.652)",0.0011212365,4.167
"[4.652, 4.6530000000000005)",0.0011212365,4.168
"[4.6530000000000005, 4.654)",0.0721214165,4.169
"[4.654, 4.655)",0.00226757,4.17
"[4.655, 4.656)",0.029555961000000002,4.171
"[4.656, 4.657)",0.00390417,4.172
"[4.657, 4.658)",0.013488110000000001,4.173
"[4.658, 4.659)",0.0095464,4.174
"[4.659, 4.66)",0.000992796475,4.175
"[4.66, 4.6610000000000005)",0.11393220999999999,4.176
"[4.6610000000000005, 4.662)",0.08540160666666667,4.177
"[4.662, 4.663)",0.0166055,4.178
"[4.663, 4.664)",0.03410291,4.179
"[4.664, 4.665)",0.023549138666666667,4.18
"[4.665, 4.666)",0.007958605980000002,4.181
"[4.666, 4.667)",0.0328166505,4.182
"[4.667, 4.668)",0.03509873086666667,4.183
"[4.668, 4.6690000000000005)",0.138709986,4.184
"[4.6690000000000005, 4.67)",0.008426886599999999,4.185
"[4.67, 4.671)",0.0238567975,4.186
"[4.671, 4.672)",0.011327051499999997,4.187
"[4.672, 4.673)",0.0013467969999999998,4.188
"[4.673, 4.674)",0.00675993175,4.189
"[4.674, 4.675)",0.02655995,4.19
"[4.675, 4.676)",0.028650251,4.191
"[4.676, 4.6770000000000005)",0.04276831666666667,4.192
"[4.6770000000000005, 4.678)",0.00348432,4.193
"[4.678, 4.679)",0.00165312605,4.194
"[4.679, 4.68)",0.0280163,4.195
"[4.68, 4.681)",0.0025143965,4.196
"[4.681, 4.682)",0.06734112466666665,4.197
"[4.682, 4.683)",0.00170164,4.198
"[4.683, 4.684)",0.0387100165,4.199
"[4.684, 4.6850000000000005)",0.032030616500000005,4.2
"[4.6850000000000005, 4.686)",0.13472108249999998,4.201
"[4.686, 4.687)",0.09570967500000001,4.202
"[4.688, 4.689)",0.04022255,4.203
"[4.689, 4.69)",0.048979220000000004,4.204
"[4.69, 4.691)",0.0125453,4.205
"[4.691, 4.692)",0.0054195332500000006,4.206
"[4.692, 4.6930000000000005)",0.00110742,4.207
"[4.6930000000000005, 4.694)",0.011275062333333334,4.208
"[4.694, 4.695)",0.00418859,4.209
"[4.695, 4.696)",0.00698698,4.21
"[4.696, 4.697)",0.0233897,4.211
"[4.697, 4.698)",0.0072251,4.212
"[4.698, 4.699)",0.012817456666666666,4.213
"[4.7, 4.7010000000000005)",0.00655977,4.214
"[4.7010000000000005, 4.702)",0.000540833,4.215
"[4.702, 4.703)",0.050806395,4.216
"[4.703, 4.704)",0.010590327,4.217
"[4.705, 4.706)",0.01312568,4.218
"[4.706, 4.707)",0.0141207,4.219
"[4.707, 4.708)",0.03032613,4.22
"[4.708, 4.7090000000000005)",0.041169,4.221
"[4.7090000000000005, 4.71)",0.027580024333333338,4.222
"[4.712, 4.713)",0.00448796,4.223
"[4.714, 4.715)",0.161904535,4.224
"[4.715, 4.716)",0.000540833,4.225
"[4.7170000000000005, 4.718)",0.006909459999999999,4.226
"[4.718, 4.719)",0.0151924665,4.227
"[4.719, 4.72)",0.04998,4.228
"[4.72, 4.721)",0.013904143999999998,4.229
"[4.722, 4.723)",0.00853743,4.23
"[4.723, 4.724)",0.0074053325,4.231
"[4.724, 4.7250000000000005)",0.005251393333333333,4.232
"[4.726, 4.727)",0.008075391,4.233
"[4.727, 4.728)",0.054440775,4.234
"[4.728, 4.729)",0.06607772,4.235
"[4.729, 4.73)",0.0921823,4.236
"[4.731, 4.732)",0.00800455,4.237
"[4.732, 4.7330000000000005)",0.025713616499999998,4.238
"[4.734, 4.735)",0.01498796,4.239
"[4.735, 4.736)",0.027501029,4.24
"[4.736, 4.737)",0.024934659999999997,4.241
"[4.737, 4.738)",0.008472239999999999,4.242
"[4.738, 4.739)",0.031333676666666664,4.243
"[4.74, 4.741)",0.017203663333333334,4.244
"[4.741, 4.742)",0.028108215,4.245
"[4.742, 4.743)",0.048175300000000004,4.246
"[4.743, 4.744)",0.004425421999999999,4.247
"[4.745, 4.746)",0.0023536528,4.248
"[4.746, 4.747)",0.00317598,4.249
"[4.747, 4.748)",0.014651944333333333,4.25
"[4.748, 4.749)",0.292521,4.251
"[4.75, 4.751)",0.010420083333333335,4.252
"[4.751, 4.752)",0.000540833,4.253
"[4.7540000000000004, 4.755)",0.00170164,4.254
"[4.755, 4.756)",0.024882244999999997,4.255
"[4.756, 4.757)",0.00110742,4.256
"[4.757, 4.758)",0.06962166,4.257
"[4.759, 4.76)",0.0071461795,4.258
"[4.76, 4.761)",0.01653497766666667,4.259
"[4.761, 4.7620000000000005)",0.06394985,4.26
"[4.7620000000000005, 4.763)",0.011351347500000001,4.261
"[4.763, 4.764)",0.0008388040000000001,4.262
"[4.764, 4.765)",0.0145602,4.263
"[4.765, 4.766)",0.053161883333333326,4.264
"[4.766, 4.767)",0.013864453333333332,4.265
"[4.767, 4.768)",0.1258415,4.266
"[4.768, 4.769)",0.03582281293333334,4.267
"[4.769, 4.7700000000000005)",0.027383523333333337,4.268
"[4.7700000000000005, 4.771)",0.04731419626666666,4.269
"[4.771, 4.772)",0.010145417266666667,4.27
"[4.772, 4.773)",0.0726726932,4.271
"[4.773, 4.774)",0.00330788825,4.272
"[4.774, 4.775)",0.002421111,4.273
"[4.775, 4.776)",0.03581965,4.274
"[4.776, 4.777)",0.009370424333333334,4.275
"[4.777, 4.7780000000000005)",0.0020125765,4.276
"[4.7780000000000005, 4.779)",0.000540833,4.277
"[4.779, 4.78)",0.026330275555555557,4.278
"[4.78, 4.781)",0.024208478333333328,4.279
"[4.781, 4.782)",0.014211874600000002,4.28
"[4.782, 4.783)",0.24473971,4.281
"[4.783, 4.784)",0.02092962375,4.282
"[4.784, 4.785)",0.00170164,4.283
"[4.785, 4.7860000000000005)",0.00110742,4.284
"[4.7860000000000005, 4.787)",0.013053937499999998,4.285
"[4.787, 4.788)",0.016963585719999997,4.286
"[4.788, 4.789)",0.0142144375,4.287
"[4.789, 4.79)",0.011555469941176469,4.288
"[4.79, 4.791)",0.010820897500000001,4.289
"[4.791, 4.792)",0.015235640277777776,4.29
"[4.792, 4.793)",0.0314949375,4.291
"[4.793, 4.7940000000000005)",0.000540833,4.292
"[4.7940000000000005, 4.795)",0.017243897,4.293
"[4.795, 4.796)",0.000540833,4.294
"[4.797, 4.798)",0.0016055823333333333,4.295
"[4.798, 4.799)",0.0105841,4.296
"[4.799, 4.8)",0.03746011333333333,4.297
"[4.8, 4.801)",0.00367197,4.298
"[4.801, 4.8020000000000005)",0.014493163333333335,4.299
"[4.8020000000000005, 4.803)",0.009527415000000001,4.3
"[4.803, 4.804)",0.0008241265000000001,4.301
"[4.804, 4.805)",0.050526006314285714,4.302
"[4.805, 4.806)",0.03967605,4.303
"[4.806, 4.807)",0.0056653505,4.304
"[4.807, 4.808)",0.0067112486,4.305
"[4.808, 4.809)",0.014334613333333331,4.306
"[4.809, 4.8100000000000005)",0.004522116499999999,4.307
"[4.8100000000000005, 4.811)",0.021583316199999997,4.308
"[4.811, 4.812)",0.009157593285714286,4.309
"[4.812, 4.813)",4.21899e-5,4.31
"[4.813, 4.814)",0.0179545455,4.311
"[4.814, 4.815)",0.01378522,4.312
"[4.815, 4.816)",0.01046501075,4.313
"[4.816, 4.817)",0.0116899975,4.314
"[4.817, 4.8180000000000005)",0.031021635333333335,4.315
"[4.8180000000000005, 4.819)",0.0033162549999999997,4.316
"[4.819, 4.82)",0.010782086666666668,4.317
"[4.82, 4.821)",0.001191465,4.318
"[4.821, 4.822)",0.05050935,4.319
"[4.822, 4.823)",0.00203114,4.32
"[4.823, 4.824)",0.0012878065,4.321
"[4.824, 4.825)",0.0207865,4.322
"[4.825, 4.8260000000000005)",0.488372,4.323
"[4.8260000000000005, 4.827)",0.04410674,4.324
"[4.827, 4.828)",0.000540833,4.325
"[4.828, 4.829)",0.008679675,4.326
"[4.829, 4.83)",0.0009186759000000001,4.327
"[4.83, 4.831)",0.002296575,4.328
"[4.831, 4.832)",0.000605238,4.329
"[4.832, 4.833)",0.17109,4.33
"[4.833, 4.8340000000000005)",0.00192709325,4.331
"[4.8340000000000005, 4.835)",0.036089405000000005,4.332
"[4.835, 4.836)",0.0019123965,4.333
"[4.836, 4.837)",0.028875264999999997,4.334
"[4.837, 4.838)",0.007467430925,4.335
"[4.838, 4.839)",0.00110742,4.336
"[4.839, 4.84)",0.0024128043333333333,4.337
"[4.84, 4.841)",0.040636722,4.338
"[4.841, 4.8420000000000005)",0.0029414709999999998,4.339
"[4.8420000000000005, 4.843)",0.0022291193333333335,4.34
"[4.843, 4.844)",0.0225201,4.341
"[4.844, 4.845)",0.007840135,4.342
"[4.845, 4.846)",0.0072365376666666675,4.343
"[4.846, 4.847)",0.013992696000000002,4.344
"[4.847, 4.848)",0.026985966666666666,4.345
"[4.848, 4.849)",0.01067116,4.346
"[4.849, 4.8500000000000005)",0.5002704165,4.347
"[4.8500000000000005, 4.851)",0.00223454,4.348
"[4.851, 4.852)",0.013641983333333331,4.349
"[4.852, 4.853)",0.0108868886,4.35
"[4.853, 4.854)",0.3372387946666666,4.351
"[4.854, 4.855)",0.014671390166666666,4.352
"[4.855, 4.856)",0.0127314,4.353
"[4.856, 4.857)",0.00170164,4.354
"[4.857, 4.8580000000000005)",0.023403021599999997,4.355
"[4.8580000000000005, 4.859)",0.001999645,4.356
"[4.859, 4.86)",0.00156928,4.357
"[4.86, 4.861)",0.091709165,4.358
"[4.861, 4.862)",0.0076255065,4.359
"[4.862, 4.863)",0.09401370000000002,4.36
"[4.863, 4.864)",0.010246219999999999,4.361
"[4.864, 4.865)",0.181395,4.362
"[4.865, 4.866)",0.00666115,4.363
"[4.866, 4.867)",0.02189977,4.364
"[4.867, 4.868)",0.00854486,4.365
"[4.868, 4.869)",0.021252247666666668,4.366
"[4.869, 4.87)",0.010915515,4.367
"[4.87, 4.871)",0.0406816125,4.368
"[4.871, 4.872)",0.043307564,4.369
"[4.872, 4.873)",0.06024424,4.37
"[4.873, 4.874)",0.0017042432000000003,4.371
"[4.875, 4.876)",0.050263322199999995,4.372
"[4.877, 4.878)",0.00917524,4.373
"[4.878, 4.8790000000000004)",0.04493854433333333,4.374
"[4.8790000000000004, 4.88)",0.039816541999999996,4.375
"[4.881, 4.882)",0.029790123333333335,4.376
"[4.882, 4.883)",0.0047623100000000005,4.377
"[4.883, 4.884)",0.004117499,4.378
"[4.884, 4.885)",0.04072492118,4.379
"[4.885, 4.886)",0.023814,4.38
"[4.886, 4.8870000000000005)",0.01365055,4.381
"[4.8870000000000005, 4.888)",0.0331278,4.382
"[4.888, 4.889)",0.0035885699999999997,4.383
"[4.889, 4.89)",0.00110742,4.384
"[4.89, 4.891)",0.0007092915,4.385
"[4.891, 4.892)",0.0849060296923077,4.386
"[4.892, 4.893)",0.041144745,4.387
"[4.893, 4.894)",0.037780006666666664,4.388
"[4.894, 4.8950000000000005)",0.0461847365,4.389
"[4.8950000000000005, 4.896)",0.013129405533333334,4.39
"[4.896, 4.897)",0.002785646666666667,4.391
"[4.897, 4.898)",0.006071099000000001,4.392
"[4.898, 4.899)",0.0009185576666666667,4.393
"[4.899, 4.9)",0.015727873333333333,4.394
"[4.9, 4.901)",0.112784,4.395
"[4.901, 4.902)",0.0021662415,4.396
"[4.902, 4.9030000000000005)",0.027132038666666667,4.397
"[4.9030000000000005, 4.904)",0.0064977164999999995,4.398
"[4.904, 4.905)",0.03669276613333334,4.399
"[4.905, 4.906)",0.01060854,4.4
"[4.906, 4.907)",0.00588867,4.401
"[4.907, 4.908)",0.014191002500000001,4.402
"[4.908, 4.909)",0.024919374166666664,4.403
"[4.909, 4.91)",0.017436063846153847,4.404
"[4.91, 4.9110000000000005)",0.007044715,4.405
"[4.9110000000000005, 4.912)",0.010042876666666667,4.406
"[4.912, 4.913)",0.023323399999999998,4.407
"[4.913, 4.914)",0.00822059575,4.408
"[4.914, 4.915)",0.132624,4.409
"[4.915, 4.916)",0.025100740599999997,4.41
"[4.916, 4.917)",0.0270497,4.411
"[4.917, 4.918)",0.01369571,4.412
"[4.92, 4.921)",0.022453566666666664,4.413
"[4.921, 4.922)",0.0262067,4.414
"[4.922, 4.923)",0.01847271,4.415
"[4.923, 4.924)",0.06269265,4.416
"[4.924, 4.925)",0.000540833,4.417
"[4.926, 4.9270000000000005)",0.018906824842857144,4.418
"[4.928, 4.929)",0.019158349999999998,4.419
"[4.929, 4.93)",0.013374428466666666,4.42
"[4.93, 4.931)",0.035541619999999996,4.421
"[4.931, 4.932)",0.04130743325,4.422
"[4.932, 4.933)",0.01649635,4.423
"[4.933, 4.934)",0.0017228915,4.424
"[4.934, 4.9350000000000005)",0.03747292017142857,4.425
"[4.9350000000000005, 4.936)",0.025943946000000002,4.426
"[4.936, 4.937)",0.007605926666666666,4.427
"[4.937, 4.938)",0.015214576666666667,4.428
"[4.938, 4.939)",0.0184615,4.429
"[4.94, 4.941)",0.006665420000000001,4.43
"[4.941, 4.942)",0.00156628275,4.431
"[4.942, 4.9430000000000005)",0.014679387999999998,4.432
"[4.944, 4.945)",0.10477674666666666,4.433
"[4.945, 4.946)",0.009197655,4.434
"[4.946, 4.947)",0.0181935,4.435
"[4.947, 4.948)",0.009911693333333332,4.436
"[4.948, 4.949)",0.000207039,4.437
"[4.95, 4.9510000000000005)",0.0264651375,4.438
"[4.952, 4.953)",0.0228528,4.439
"[4.953, 4.954)",0.00348432,4.44
"[4.954, 4.955)",0.037727964999999995,4.441
"[4.955, 4.956)",0.023774943333333336,4.442
"[4.956, 4.957)",0.03821796333333334,4.443
"[4.957, 4.958)",0.0248227,4.444
"[4.958, 4.9590000000000005)",0.029256681538461542,4.445
"[4.9590000000000005, 4.96)",0.041766700000000004,4.446
"[4.96, 4.961)",0.0015522800000000003,4.447
"[4.961, 4.962)",0.03937125,4.448
"[4.962, 4.963)",0.00110742,4.449
"[4.963, 4.964)",0.01844439,4.45
"[4.964, 4.965)",0.00385329,4.451
"[4.965, 4.966)",0.026106,4.452
"[4.966, 4.9670000000000005)",0.0011970965,4.453
"[4.9670000000000005, 4.968)",0.030974150750000002,4.454
"[4.969, 4.97)",0.014049868000000002,4.455
"[4.97, 4.971)",0.0062385900000000005,4.456
"[4.971, 4.972)",0.011868210749999998,4.457
"[4.972, 4.973)",0.02939759,4.458
"[4.973, 4.974)",0.0215452,4.459
"[4.974, 4.9750000000000005)",0.010623911,4.46
"[4.9750000000000005, 4.976)",0.0178571,4.461
"[4.976, 4.977)",0.012807659999999998,4.462
"[4.977, 4.978)",0.0249164,4.463
"[4.978, 4.979)",0.0145165866,4.464
"[4.979, 4.98)",0.017170018999999998,4.465
"[4.98, 4.981)",0.0691973,4.466
"[4.982, 4.9830000000000005)",0.03155072022000001,4.467
"[4.9830000000000005, 4.984)",0.014293703333333333,4.468
"[4.984, 4.985)",0.00696255,4.469
"[4.985, 4.986)",0.008976902666666666,4.47
"[4.986, 4.987)",0.0006798045,4.471
"[4.987, 4.988)",0.04221166833333334,4.472
"[4.988, 4.989)",0.072860781,4.473
"[4.989, 4.99)",0.006091526666666667,4.474
"[4.99, 4.9910000000000005)",0.021267445,4.475
"[4.9910000000000005, 4.992)",0.00110742,4.476
"[4.992, 4.993)",0.0005750919333333333,4.477
"[4.993, 4.994)",0.05472874999999999,4.478
"[4.994, 4.995)",0.00349646,4.479
"[4.995, 4.996)",0.002308684,4.48
"[4.996, 4.997)",0.00924408075,4.481
"[4.997, 4.998)",0.11456945,4.482
"[4.998, 4.999)",0.0032732150000000003,4.483
"[4.999, 5.0)",0.014633740000000001,4.484
"[5.0, 5.001)",0.014079873333333333,4.485
"[5.002, 5.003)",0.008341575,4.486
"[5.003, 5.0040000000000004)",0.052593994600000006,4.487
"[5.0040000000000004, 5.005)",0.00110742,4.488
"[5.005, 5.006)",0.0178571,4.489
"[5.006, 5.007)",0.033902713333333334,4.49
"[5.007, 5.008)",0.000228746,4.491
"[5.008, 5.009)",0.0139848,4.492
"[5.009, 5.01)",0.000540833,4.493
"[5.01, 5.011)",0.01352041825,4.494
"[5.011, 5.0120000000000005)",0.01649001657142857,4.495
"[5.013, 5.014)",0.00509018,4.496
"[5.014, 5.015)",0.034816,4.497
"[5.015, 5.016)",0.0157329765,4.498
"[5.016, 5.017)",0.0942049165,4.499
"[5.018, 5.019)",0.0172314105,4.5
"[5.0200000000000005, 5.021)",0.01607383675,4.501
"[5.021, 5.022)",0.005345078250000001,4.502
"[5.022, 5.023)",0.014765963333333331,4.503
"[5.023, 5.024)",0.004263085,4.504
"[5.024, 5.025)",0.01409107575,4.505
"[5.025, 5.026)",0.0035503015000000002,4.506
"[5.026, 5.027)",0.037015266500000005,4.507
"[5.0280000000000005, 5.029)",0.00170164,4.508
"[5.029, 5.03)",0.0209368075,4.509
"[5.03, 5.031)",0.022814558000000002,4.51
"[5.031, 5.032)",0.053458950000000005,4.511
"[5.032, 5.033)",0.02411287333333333,4.512
"[5.035, 5.0360000000000005)",0.0434965375,4.513
"[5.0360000000000005, 5.037)",0.0215452,4.514
"[5.038, 5.039)",0.00215666,4.515
"[5.039, 5.04)",0.011311125,4.516
"[5.04, 5.041)",0.029791015,4.517
"[5.041, 5.042)",0.007524535,4.518
"[5.042, 5.043)",0.000681917,4.519
"[5.043, 5.0440000000000005)",0.011305325,4.52
"[5.0440000000000005, 5.045)",0.023451529999999998,4.521
"[5.045, 5.046)",0.0015360924,4.522
"[5.046, 5.047)",0.021455520000000002,4.523
"[5.047, 5.048)",0.036286106666666665,4.524
"[5.048, 5.049)",0.00900901,4.525
"[5.049, 5.05)",1.60842e-5,4.526
"[5.05, 5.051)",0.004280545,4.527
"[5.051, 5.0520000000000005)",0.0685992,4.528
"[5.0520000000000005, 5.053)",0.02259492,4.529
"[5.053, 5.054)",0.0023385633333333333,4.53
"[5.055, 5.056)",0.005813687666666667,4.531
"[5.056, 5.057)",0.00542495,4.532
"[5.057, 5.058)",0.01745312,4.533
"[5.058, 5.059)",0.02388960825,4.534
"[5.0600000000000005, 5.061)",0.00325224,4.535
"[5.061, 5.062)",0.0013467333,4.536
"[5.062, 5.063)",0.0020544,4.537
"[5.063, 5.064)",0.0051413299999999995,4.538
"[5.064, 5.065)",0.00110742,4.539
"[5.065, 5.066)",0.00531258,4.54
"[5.066, 5.067)",0.014806699999999999,4.541
"[5.067, 5.0680000000000005)",0.00439975,4.542
"[5.0680000000000005, 5.069)",0.047475700749999995,4.543
"[5.069, 5.07)",0.014208227,4.544
"[5.07, 5.071)",0.022750210999999996,4.545
"[5.071, 5.072)",0.033478010333333336,4.546
"[5.073, 5.074)",0.02259106333333333,4.547
"[5.074, 5.075)",0.011011208000000001,4.548
"[5.075, 5.0760000000000005)",0.0215702,4.549
"[5.0760000000000005, 5.077)",0.0075188,4.55
"[5.077, 5.078)",0.019052785000000003,4.551
"[5.078, 5.079)",0.0935768,4.552
"[5.079, 5.08)",0.146082,4.553
"[5.08, 5.081)",0.0251497,4.554
"[5.081, 5.082)",0.003461165,4.555
"[5.082, 5.083)",0.00199374,4.556
"[5.083, 5.0840000000000005)",0.009402495,4.557
"[5.0840000000000005, 5.085)",0.005967248,4.558
"[5.085, 5.086)",0.007258476666666667,4.559
"[5.086, 5.087)",1.0,4.56
"[5.087, 5.088)",0.009428749750000001,4.561
"[5.088, 5.089)",0.013060485,4.562
"[5.089, 5.09)",0.004246846666666667,4.563
"[5.09, 5.091)",0.06091602333333334,4.564
"[5.091, 5.0920000000000005)",0.012919704999999998,4.565
"[5.0920000000000005, 5.093)",0.008977863333333334,4.566
"[5.093, 5.094)",0.035848643666666666,4.567
"[5.094, 5.095)",0.00966213,4.568
"[5.095, 5.096)",0.0008241265000000001,4.569
"[5.096, 5.097)",0.01946475,4.57
"[5.097, 5.098)",0.0043700399999999995,4.571
"[5.098, 5.099)",0.01066026325,4.572
"[5.099, 5.1000000000000005)",0.0075618575,4.573
"[5.1000000000000005, 5.101)",0.014266919999999999,4.574
"[5.101, 5.102)",0.0237667718,4.575
"[5.102, 5.103)",0.01161446,4.576
"[5.103, 5.104)",0.13688944133333333,4.577
"[5.104, 5.105)",0.0225667,4.578
"[5.106, 5.107)",0.0038888160000000002,4.579
"[5.107, 5.1080000000000005)",0.01042658,4.58
"[5.1080000000000005, 5.109)",0.03952708461538461,4.581
"[5.109, 5.11)",0.034145353076923075,4.582
"[5.11, 5.111)",0.0215512325,4.583
"[5.111, 5.112)",0.00110742,4.584
"[5.112, 5.113)",0.0062078524999999996,4.585
"[5.114, 5.115)",0.05712469707142857,4.586
"[5.115, 5.1160000000000005)",0.0031552033333333332,4.587
"[5.1160000000000005, 5.117)",0.00517753,4.588
"[5.117, 5.118)",0.000540833,4.589
"[5.118, 5.119)",0.00348432,4.59
"[5.119, 5.12)",0.014088695666666666,4.591
"[5.12, 5.121)",0.0226472326,4.592
"[5.121, 5.122)",0.00417311,4.593
"[5.123, 5.124)",0.00395844,4.594
"[5.124, 5.125)",0.015308,4.595
"[5.125, 5.126)",0.058220984999999996,4.596
"[5.126, 5.127)",0.0016038,4.597
"[5.127, 5.128)",0.2317696,4.598
"[5.128, 5.1290000000000004)",0.0101516,4.599
"[5.1290000000000004, 5.13)",0.0104813,4.6
"[5.13, 5.131)",0.012481750449999999,4.601
"[5.131, 5.132)",0.026833799999999998,4.602
"[5.132, 5.133)",0.14637215,4.603
"[5.133, 5.134)",0.03516181271538461,4.604
"[5.134, 5.135)",0.009331485,4.605
"[5.135, 5.136)",0.016457333226666666,4.606
"[5.136, 5.1370000000000005)",0.075021695,4.607
"[5.138, 5.139)",0.006293315,4.608
"[5.139, 5.14)",0.008398888833333333,4.609
"[5.14, 5.141)",0.07861354999999999,4.61
"[5.141, 5.142)",0.00192915,4.611
"[5.142, 5.143)",0.005823249999999999,4.612
"[5.143, 5.144)",0.05270010658333332,4.613
"[5.144, 5.1450000000000005)",0.027953044999999996,4.614
"[5.1450000000000005, 5.146)",0.009003353333333334,4.615
"[5.146, 5.147)",0.001116631,4.616
"[5.147, 5.148)",0.001663765,4.617
"[5.149, 5.15)",0.029987595,4.618
"[5.15, 5.151)",0.02626510825,4.619
"[5.151, 5.152)",0.0041972325,4.62
"[5.152, 5.1530000000000005)",0.00452805575,4.621
"[5.154, 5.155)",0.013775845,4.622
"[5.155, 5.156)",0.019248336666666668,4.623
"[5.156, 5.157)",0.02993939,4.624
"[5.157, 5.158)",0.006191643,4.625
"[5.158, 5.159)",0.0180585165,4.626
"[5.159, 5.16)",0.00198863,4.627
"[5.16, 5.1610000000000005)",0.395844,4.628
"[5.1610000000000005, 5.162)",0.0034703775,4.629
"[5.162, 5.163)",0.0385775,4.63
"[5.163, 5.164)",0.015545935,4.631
"[5.164, 5.165)",0.0369288,4.632
"[5.165, 5.166)",0.0055947342666666676,4.633
"[5.166, 5.167)",0.0029793403333333336,4.634
"[5.168, 5.1690000000000005)",0.0175921,4.635
"[5.1690000000000005, 5.17)",0.0063722,4.636
"[5.17, 5.171)",0.0071971733333333334,4.637
"[5.171, 5.172)",0.001835341,4.638
"[5.172, 5.173)",0.0508864,4.639
"[5.173, 5.174)",0.068702266,4.64
"[5.174, 5.175)",0.03315201,4.641
"[5.175, 5.176)",0.014445529999999998,4.642
"[5.176, 5.1770000000000005)",0.019885346666666665,4.643
"[5.1770000000000005, 5.178)",0.04,4.644
"[5.178, 5.179)",0.00832675,4.645
"[5.179, 5.18)",0.05091796666666667,4.646
"[5.18, 5.181)",0.061554263000000005,4.647
"[5.181, 5.182)",0.004594737166666667,4.648
"[5.182, 5.183)",0.0086826,4.649
"[5.183, 5.184)",0.020258077666666666,4.65
"[5.184, 5.1850000000000005)",0.005810930000000001,4.651
"[5.1850000000000005, 5.186)",0.040882885,4.652
"[5.186, 5.187)",0.00806968,4.653
"[5.187, 5.188)",0.019196409125,4.654
"[5.188, 5.189)",0.011969122399999999,4.655
"[5.19, 5.191)",0.03752675666666667,4.656
"[5.191, 5.192)",0.032629703333333336,4.657
"[5.1930000000000005, 5.194)",0.006850815,4.658
"[5.194, 5.195)",0.00731707,4.659
"[5.195, 5.196)",0.0010671423333333332,4.66
"[5.196, 5.197)",0.004169058,4.661
"[5.197, 5.198)",0.01485429325,4.662
"[5.198, 5.199)",0.005296485,4.663
"[5.199, 5.2)",0.00846028,4.664
"[5.2, 5.2010000000000005)",0.0016812,4.665
"[5.202, 5.203)",0.025036842599999998,4.666
"[5.203, 5.204)",0.0194311392,4.667
"[5.204, 5.205)",0.0047619,4.668
"[5.205, 5.206)",0.126007555,4.669
"[5.206, 5.207)",0.0017732927333333334,4.67
"[5.207, 5.208)",0.02734861333333333,4.671
"[5.208, 5.2090000000000005)",0.014679765399999998,4.672
"[5.2090000000000005, 5.21)",0.00823654,4.673
"[5.21, 5.211)",0.019006139999999998,4.674
"[5.211, 5.212)",0.004179805,4.675
"[5.212, 5.213)",0.00328396,4.676
"[5.213, 5.214)",0.0051766500000000005,4.677
"[5.214, 5.215)",0.04364271383333334,4.678
"[5.215, 5.216)",0.00598733,4.679
"[5.216, 5.2170000000000005)",0.010009259,4.68
"[5.2170000000000005, 5.218)",0.012952488000000002,4.681
"[5.218, 5.219)",0.027904657666666666,4.682
"[5.219, 5.22)",0.0035947865,4.683
"[5.22, 5.221)",0.00888049,4.684
"[5.221, 5.222)",0.019774871000000003,4.685
"[5.224, 5.2250000000000005)",0.008358883499999999,4.686
"[5.2250000000000005, 5.226)",0.0187874,4.687
"[5.226, 5.227)",0.037230599999999996,4.688
"[5.228, 5.229)",0.0175364,4.689
"[5.229, 5.23)",0.16687990333333336,4.69
"[5.23, 5.231)",0.0131622165,4.691
"[5.231, 5.232)",0.00728782,4.692
"[5.232, 5.2330000000000005)",0.01775363182,4.693
"[5.2330000000000005, 5.234)",0.0157707,4.694
"[5.234, 5.235)",0.02160225,4.695
"[5.237, 5.238)",0.00417621,4.696
"[5.238, 5.239)",0.0283822,4.697
"[5.24, 5.2410000000000005)",0.0166055,4.698
"[5.2410000000000005, 5.242)",0.007477016499999999,4.699
"[5.243, 5.244)",0.01998347,4.7
"[5.244, 5.245)",0.00467425,4.701
"[5.245, 5.246)",0.0118631175,4.702
"[5.246, 5.247)",0.003142445,4.703
"[5.247, 5.248)",0.00745903,4.704
"[5.249, 5.25)",0.03420317,4.705
"[5.25, 5.251)",0.0028543965,4.706
"[5.251, 5.252)",0.052183740000000006,4.707
"[5.252, 5.253)",0.036581705,4.708
"[5.253, 5.2540000000000004)",0.006157800000000001,4.709
"[5.255, 5.256)",0.0544423025,4.71
"[5.256, 5.257)",0.020185313333333333,4.711
"[5.257, 5.258)",0.0024702915,4.712
"[5.258, 5.259)",0.035783162599999994,4.713
"[5.259, 5.26)",0.0088176538,4.714
"[5.26, 5.261)",0.000540833,4.715
"[5.261, 5.2620000000000005)",0.0125946,4.716
"[5.2620000000000005, 5.263)",0.19823536666666666,4.717
"[5.263, 5.264)",0.00108424,4.718
"[5.264, 5.265)",0.024077001428571426,4.719
"[5.265, 5.266)",0.0124546,4.72
"[5.266, 5.267)",0.0011847015,4.721
"[5.267, 5.268)",0.017114169999999998,4.722
"[5.268, 5.269)",0.0881295,4.723
"[5.269, 5.2700000000000005)",0.0147068,4.724
"[5.2700000000000005, 5.271)",0.006242376666666667,4.725
"[5.272, 5.273)",0.0056509099999999994,4.726
"[5.273, 5.274)",0.012642819999999999,4.727
"[5.274, 5.275)",0.02570565,4.728
"[5.275, 5.276)",0.005192817666666666,4.729
"[5.276, 5.277)",0.013069616666666667,4.73
"[5.277, 5.2780000000000005)",0.012689512,4.731
"[5.2780000000000005, 5.279)",0.0026494,4.732
"[5.279, 5.28)",0.02156,4.733
"[5.28, 5.281)",0.0076381899999999996,4.734
"[5.281, 5.282)",6.77975e-5,4.735
"[5.282, 5.283)",0.0584228,4.736
"[5.284, 5.285)",0.0002846049,4.737
"[5.285, 5.2860000000000005)",0.009455793333333334,4.738
"[5.2860000000000005, 5.287)",0.00467425,4.739
"[5.287, 5.288)",0.040469525,4.74
"[5.288, 5.289)",0.0005247924,4.741
"[5.291, 5.292)",0.0490137,4.742
"[5.293, 5.2940000000000005)",0.01137168,4.743
"[5.2940000000000005, 5.295)",0.00110742,4.744
"[5.295, 5.296)",0.00446165,4.745
"[5.296, 5.297)",0.00203114,4.746
"[5.297, 5.298)",0.02102217,4.747
"[5.298, 5.299)",0.005906420000000001,4.748
"[5.3020000000000005, 5.303)",0.011333480785714287,4.749
"[5.303, 5.304)",0.005749166299999999,4.75
"[5.304, 5.305)",0.010169837666666667,4.751
"[5.305, 5.306)",0.00439975,4.752
"[5.306, 5.307)",0.027736767266666674,4.753
"[5.307, 5.308)",0.012974013333333333,4.754
"[5.308, 5.309)",0.0182643165,4.755
"[5.309, 5.3100000000000005)",0.007390027780000001,4.756
"[5.3100000000000005, 5.311)",0.089432439175,4.757
"[5.311, 5.312)",0.0110363,4.758
"[5.312, 5.313)",0.03050698866666667,4.759
"[5.313, 5.314)",0.0220098875,4.76
"[5.314, 5.315)",0.061495868450000005,4.761
"[5.316, 5.317)",0.006678256599999999,4.762
"[5.317, 5.3180000000000005)",0.00589114,4.763
"[5.3180000000000005, 5.319)",0.05292430538461538,4.764
"[5.319, 5.32)",0.019880757500000002,4.765
"[5.32, 5.321)",0.011522537666666666,4.766
"[5.321, 5.322)",0.014533938250000001,4.767
"[5.322, 5.323)",0.0024944366666666664,4.768
"[5.323, 5.324)",0.02631775,4.769
"[5.324, 5.325)",0.04952471679999999,4.77
"[5.325, 5.3260000000000005)",0.0030159209999999995,4.771
"[5.3260000000000005, 5.327)",0.0039224745,4.772
"[5.327, 5.328)",0.021911423333333332,4.773
"[5.328, 5.329)",0.0020758166666666666,4.774
"[5.329, 5.33)",0.004273844333333333,4.775
"[5.33, 5.331)",0.0029101999999999995,4.776
"[5.331, 5.332)",0.0221725075,4.777
"[5.332, 5.333)",0.024072559342222223,4.778
"[5.333, 5.3340000000000005)",0.01682503,4.779
"[5.3340000000000005, 5.335)",0.03287580666666667,4.78
"[5.335, 5.336)",0.0028908349999999996,4.781
"[5.336, 5.337)",0.0009325265000000001,4.782
"[5.337, 5.338)",0.00110742,4.783
"[5.338, 5.339)",0.0050496,4.784
"[5.339, 5.34)",0.0482509025,4.785
"[5.34, 5.341)",0.02843836666666667,4.786
"[5.341, 5.3420000000000005)",0.01147025042857143,4.787
"[5.3420000000000005, 5.343)",0.0101516,4.788
"[5.343, 5.344)",0.016363827,4.789
"[5.344, 5.345)",0.030476747666666668,4.79
"[5.345, 5.346)",0.0247077,4.791
"[5.346, 5.347)",0.014108218249999999,4.792
"[5.347, 5.348)",0.00540557075,4.793
"[5.348, 5.349)",0.00808887,4.794
"[5.349, 5.3500000000000005)",0.0052631633333333335,4.795
"[5.3500000000000005, 5.351)",0.026788743333333337,4.796
"[5.351, 5.352)",0.011672211999999998,4.797
"[5.352, 5.353)",0.00110742,4.798
"[5.353, 5.354)",0.00882174,4.799
"[5.354, 5.355)",0.25607815825,4.8
"[5.356, 5.357)",0.0014831266666666667,4.801
"[5.3580000000000005, 5.359)",0.002022257666666667,4.802
"[5.359, 5.36)",0.14705725162500002,4.803
"[5.362, 5.363)",0.01332949,4.804
"[5.363, 5.364)",0.02275865,4.805
"[5.364, 5.365)",0.004068365,4.806
"[5.365, 5.3660000000000005)",0.008181777500000001,4.807
"[5.3660000000000005, 5.367)",0.00223454,4.808
"[5.367, 5.368)",0.0045755,4.809
"[5.368, 5.369)",0.0048895019999999996,4.81
"[5.369, 5.37)",6.24337e-5,4.811
"[5.37, 5.371)",0.0026830799999999996,4.812
"[5.371, 5.372)",0.00623936,4.813
"[5.372, 5.373)",0.0007663934999999999,4.814
"[5.373, 5.3740000000000006)",0.001049988,4.815
"[5.3740000000000006, 5.375)",0.02178582,4.816
"[5.375, 5.376)",0.012743403333333334,4.817
"[5.376, 5.377)",0.0036903915,4.818
"[5.377, 5.378)",0.000540833,4.819
"[5.3790000000000004, 5.38)",0.000540833,4.82
"[5.38, 5.381)",0.0284235525,4.821
"[5.381, 5.382)",0.00110742,4.822
"[5.382, 5.383)",0.019000315,4.823
"[5.383, 5.384)",0.05725530166666667,4.824
"[5.384, 5.385)",0.037319615,4.825
"[5.386, 5.3870000000000005)",0.0266984,4.826
"[5.3870000000000005, 5.388)",0.000991954,4.827
"[5.388, 5.389)",0.00748537575,4.828
"[5.389, 5.39)",0.000540833,4.829
"[5.39, 5.391)",0.00170164,4.83
"[5.391, 5.392)",0.01517015,4.831
"[5.392, 5.393)",0.0218815045,4.832
"[5.393, 5.394)",0.02410048,4.833
"[5.394, 5.3950000000000005)",0.12857319749999999,4.834
"[5.3950000000000005, 5.396)",0.0101516,4.835
"[5.396, 5.397)",0.08010472,4.836
"[5.397, 5.398)",0.0051153514999999995,4.837
"[5.399, 5.4)",0.024121536666666665,4.838
"[5.4, 5.401)",0.00110742,4.839
"[5.401, 5.402)",0.00328396,4.84
"[5.404, 5.405)",0.00791035,4.841
"[5.405, 5.406)",0.000991954,4.842
"[5.406, 5.407)",0.00655977,4.843
"[5.407, 5.408)",0.014263652600000001,4.844
"[5.408, 5.409)",0.06805416,4.845
"[5.41, 5.4110000000000005)",0.021421479999999996,4.846
"[5.4110000000000005, 5.412)",0.010357506666666667,4.847
"[5.412, 5.413)",0.010229134,4.848
"[5.414, 5.415)",0.00132422,4.849
"[5.415, 5.416)",0.007916073000000001,4.85
"[5.418, 5.4190000000000005)",0.002638,4.851
"[5.4190000000000005, 5.42)",0.03710932,4.852
"[5.42, 5.421)",0.0616408,4.853
"[5.421, 5.422)",0.000540833,4.854
"[5.422, 5.423)",0.000228746,4.855
"[5.423, 5.424)",0.021903660000000002,4.856
"[5.424, 5.425)",0.0934989,4.857
"[5.425, 5.426)",0.005458326666666667,4.858
"[5.426, 5.4270000000000005)",0.0242059,4.859
"[5.4270000000000005, 5.428)",0.02289326,4.86
"[5.428, 5.429)",0.003722518,4.861
"[5.429, 5.43)",0.059626649999999996,4.862
"[5.43, 5.431)",0.037559300000000004,4.863
"[5.431, 5.432)",0.005561416499999999,4.864
"[5.432, 5.433)",0.0186809,4.865
"[5.433, 5.434)",0.01186508,4.866
"[5.434, 5.4350000000000005)",0.006779685000000001,4.867
"[5.436, 5.437)",0.00516796,4.868
"[5.437, 5.438)",0.00110742,4.869
"[5.438, 5.439)",0.122924,4.87
"[5.439, 5.44)",0.004682454333333333,4.871
"[5.441, 5.442)",0.043679,4.872
"[5.442, 5.4430000000000005)",0.00529372,4.873
"[5.444, 5.445)",0.03782774433333334,4.874
"[5.445, 5.446)",0.036631739999999996,4.875
"[5.446, 5.447)",0.005612692,4.876
"[5.447, 5.448)",0.0175347525,4.877
"[5.448, 5.449)",0.008998903799999998,4.878
"[5.449, 5.45)",0.000540833,4.879
"[5.45, 5.4510000000000005)",0.00287464,4.88
"[5.4510000000000005, 5.452)",0.012737704999999998,4.881
"[5.453, 5.454)",0.000608867,4.882
"[5.455, 5.456)",0.00170164,4.883
"[5.457, 5.458)",0.00562951,4.884
"[5.462, 5.463)",0.02076536,4.885
"[5.463, 5.464)",0.0047638216,4.886
"[5.464, 5.465)",0.0691973,4.887
"[5.465, 5.466)",0.035955350000000004,4.888
"[5.466, 5.4670000000000005)",0.00134953,4.889
"[5.468, 5.469)",0.009921485,4.89
"[5.469, 5.47)",0.0145602,4.891
"[5.47, 5.471)",0.120745,4.892
"[5.471, 5.472)",0.00110742,4.893
"[5.472, 5.473)",0.07213220000000001,4.894
"[5.474, 5.4750000000000005)",0.00110742,4.895
"[5.4750000000000005, 5.476)",0.058174983333333326,4.896
"[5.476, 5.477)",0.0019373366666666665,4.897
"[5.477, 5.478)",0.018737137785714283,4.898
"[5.478, 5.479)",0.0801583,4.899
"[5.479, 5.48)",0.03100525,4.9
"[5.48, 5.481)",0.0020125765,4.901
"[5.4830000000000005, 5.484)",0.000540833,4.902
"[5.484, 5.485)",0.03912673,4.903
"[5.487, 5.488)",0.0145602,4.904
"[5.488, 5.489)",0.147287,4.905
"[5.489, 5.49)",0.016120435000000002,4.906
"[5.49, 5.4910000000000005)",0.0178571,4.907
"[5.4910000000000005, 5.492)",0.00542495,4.908
"[5.492, 5.493)",0.00542495,4.909
"[5.493, 5.494)",0.0140056,4.91
"[5.495, 5.496)",0.012184186599999999,4.911
"[5.496, 5.497)",0.04626222,4.912
"[5.497, 5.498)",0.0403917,4.913
"[5.498, 5.4990000000000006)",0.028788175160000002,4.914
"[5.4990000000000006, 5.5)",0.0105841,4.915
"[5.5, 5.501)",0.0942049165,4.916
"[5.501, 5.502)",0.0045866165,4.917
"[5.505, 5.506)",0.00826248,4.918
"[5.506, 5.507)",0.0408316975,4.919
"[5.508, 5.509)",0.010775533999999998,4.92
"[5.509, 5.51)",0.0163903,4.921
"[5.51, 5.511)",0.0456135,4.922
"[5.511, 5.5120000000000005)",0.00448796,4.923
"[5.513, 5.514)",0.017020457591538463,4.924
"[5.514, 5.515)",0.017680906000000003,4.925
"[5.515, 5.516)",0.000540833,4.926
"[5.516, 5.517)",0.10933453426666666,4.927
"[5.517, 5.518)",0.029677644333333333,4.928
"[5.518, 5.519)",0.003003384,4.929
"[5.519, 5.5200000000000005)",0.03915096,4.93
"[5.5200000000000005, 5.521)",0.0099940135,4.931
"[5.521, 5.522)",0.00184496,4.932
"[5.522, 5.523)",0.0229229,4.933
"[5.523, 5.524)",0.00110742,4.934
"[5.524, 5.525)",0.044088833333333334,4.935
"[5.525, 5.526)",0.00989416,4.936
"[5.526, 5.527)",0.25482885,4.937
"[5.527, 5.5280000000000005)",0.0870871,4.938
"[5.5280000000000005, 5.529)",0.11442422000000001,4.939
"[5.53, 5.531)",0.003084315,4.94
"[5.531, 5.532)",0.00259298,4.941
"[5.532, 5.533)",0.0025226665,4.942
"[5.533, 5.534)",0.0009277686666666667,4.943
"[5.534, 5.535)",0.028719121,4.944
"[5.535, 5.5360000000000005)",0.0189456,4.945
"[5.537, 5.538)",0.0070028,4.946
"[5.538, 5.539)",0.00366514,4.947
"[5.539, 5.54)",0.0322355,4.948
"[5.54, 5.541)",0.06265275000000001,4.949
"[5.541, 5.542)",0.0062047149999999995,4.95
"[5.542, 5.543)",0.0565549,4.951
"[5.5440000000000005, 5.545)",0.004493807999999999,4.952
"[5.545, 5.546)",0.029104129000000003,4.953
"[5.546, 5.547)",0.00296485,4.954
"[5.547, 5.548)",0.016955155,4.955
"[5.548, 5.549)",0.0024911399999999998,4.956
"[5.549, 5.55)",0.0682194,4.957
"[5.55, 5.551)",0.0047619,4.958
"[5.551, 5.5520000000000005)",0.009341410000000001,4.959
"[5.5520000000000005, 5.553)",0.0045755,4.96
"[5.553, 5.554)",0.0136792,4.961
"[5.554, 5.555)",0.01912591,4.962
"[5.555, 5.556)",0.099684424,4.963
"[5.556, 5.557)",0.004186624999999999,4.964
"[5.557, 5.558)",0.00925556,4.965
"[5.559, 5.5600000000000005)",0.0059327849999999994,4.966
"[5.5600000000000005, 5.561)",0.000540833,4.967
"[5.561, 5.562)",0.00277008,4.968
"[5.562, 5.563)",0.00170164,4.969
"[5.564, 5.565)",0.015346436666666666,4.97
"[5.565, 5.566)",0.00522069,4.971
"[5.566, 5.567)",0.0804976,4.972
"[5.567, 5.5680000000000005)",0.0049762166666666675,4.973
"[5.569, 5.57)",0.033282969999999995,4.974
"[5.57, 5.571)",0.008459330000000001,4.975
"[5.571, 5.572)",0.031215169999999997,4.976
"[5.572, 5.573)",0.030948879999999998,4.977
"[5.575, 5.5760000000000005)",0.00110742,4.978
"[5.5760000000000005, 5.577)",0.000540833,4.979
"[5.578, 5.579)",0.00116144,4.98
"[5.579, 5.58)",0.00833591,4.981
"[5.58, 5.581)",0.010404904999999999,4.982
"[5.582, 5.583)",0.00938086,4.983
"[5.583, 5.5840000000000005)",0.0152801,4.984
"[5.5840000000000005, 5.585)",0.040694835000000006,4.985
"[5.585, 5.586)",0.004935384333333333,4.986
"[5.586, 5.587)",0.000207039,4.987
"[5.587, 5.588)",0.0186809,4.988
"[5.588, 5.589)",0.004309645,4.989
"[5.591, 5.5920000000000005)",0.000540833,4.99
"[5.5920000000000005, 5.593)",0.009307914333333332,4.991
"[5.593, 5.594)",0.05623205571428571,4.992
"[5.594, 5.595)",0.016414224285714287,4.993
"[5.595, 5.596)",0.02057685,4.994
"[5.596, 5.597)",0.0011507266666666667,4.995
"[5.597, 5.598)",0.046526165,4.996
"[5.598, 5.599)",0.006960465,4.997
"[5.599, 5.6000000000000005)",0.0137869,4.998
"[5.6000000000000005, 5.601)",0.02358001,4.999
"[5.605, 5.606)",0.0581397,5.0
"[5.607, 5.6080000000000005)",0.0125714,5.001
"[5.609, 5.61)",0.000540833,5.002
"[5.61, 5.611)",0.00623936,5.003
"[5.611, 5.612)",0.00348432,5.004
"[5.613, 5.614)",0.128811,5.005
"[5.615, 5.6160000000000005)",0.014294185,5.006
"[5.6160000000000005, 5.617)",0.0645516,5.007
"[5.617, 5.618)",0.00110742,5.008
"[5.618, 5.619)",0.000540833,5.009
"[5.62, 5.621)",0.000540833,5.01
"[5.621, 5.622)",0.0053423,5.011
"[5.622, 5.623)",0.000468384,5.012
"[5.623, 5.6240000000000006)",0.015308576666666665,5.013
"[5.6240000000000006, 5.625)",0.0029473965,5.014
"[5.625, 5.626)",0.08547341666666668,5.015
"[5.626, 5.627)",0.0028926,5.016
"[5.627, 5.628)",0.01571218,5.017
"[5.628, 5.6290000000000004)",0.00110742,5.018
"[5.6290000000000004, 5.63)",0.005081065,5.019
"[5.63, 5.631)",0.0047619,5.02
"[5.631, 5.632)",0.109502,5.021
"[5.632, 5.633)",0.053402323333333335,5.022
"[5.633, 5.634)",0.13976,5.023
"[5.634, 5.635)",0.3436598066666667,5.024
"[5.635, 5.636)",0.009484714,5.025
"[5.636, 5.6370000000000005)",0.001771487,5.026
"[5.6370000000000005, 5.638)",0.004753595,5.027
"[5.638, 5.639)",0.0021395,5.028
"[5.64, 5.641)",0.018218615,5.029
"[5.641, 5.642)",0.00024236,5.03
"[5.642, 5.643)",0.011407213333333333,5.031
"[5.643, 5.644)",0.0751946042857143,5.032
"[5.644, 5.6450000000000005)",0.041433529999999996,5.033
"[5.646, 5.647)",0.04400902575,5.034
"[5.647, 5.648)",0.03343297,5.035
"[5.648, 5.649)",0.0014194915000000001,5.036
"[5.649, 5.65)",0.01157348,5.037
"[5.65, 5.651)",0.018147032999999996,5.038
"[5.651, 5.652)",0.0022923363333333334,5.039
"[5.652, 5.6530000000000005)",0.0995891,5.04
"[5.6530000000000005, 5.654)",0.0413679,5.041
"[5.654, 5.655)",0.028471014700000002,5.042
"[5.656, 5.657)",0.03517067,5.043
"[5.6610000000000005, 5.662)",0.0157913375,5.044
"[5.662, 5.663)",0.0316216,5.045
"[5.664, 5.665)",0.044104857,5.046
"[5.665, 5.666)",0.00726976,5.047
"[5.666, 5.667)",0.033675993333333334,5.048
"[5.667, 5.668)",0.00223454,5.049
"[5.668, 5.6690000000000005)",0.017381019999999997,5.05
"[5.6690000000000005, 5.67)",0.0486165,5.051
"[5.67, 5.671)",0.024365009999999996,5.052
"[5.671, 5.672)",0.01737552,5.053
"[5.672, 5.673)",0.00170164,5.054
"[5.673, 5.674)",0.06828858944444444,5.055
"[5.674, 5.675)",0.0371329166,5.056
"[5.675, 5.676)",0.001865885,5.057
"[5.676, 5.6770000000000005)",0.01324843,5.058
"[5.6770000000000005, 5.678)",0.000714565,5.059
"[5.678, 5.679)",0.012480357666666666,5.06
"[5.679, 5.68)",0.00110742,5.061
"[5.68, 5.681)",0.000540833,5.062
"[5.681, 5.682)",0.09451323,5.063
"[5.682, 5.683)",0.0022879750000000003,5.064
"[5.683, 5.684)",0.0032732150000000003,5.065
"[5.684, 5.6850000000000005)",0.04153885,5.066
"[5.6850000000000005, 5.686)",0.0290795,5.067
"[5.686, 5.687)",0.016111092727272725,5.068
"[5.687, 5.688)",0.0286004,5.069
"[5.688, 5.689)",0.02016988925,5.07
"[5.689, 5.69)",0.00110742,5.071
"[5.69, 5.691)",0.08044,5.072
"[5.691, 5.692)",0.030385739999999998,5.073
"[5.6930000000000005, 5.694)",0.007837986,5.074
"[5.694, 5.695)",0.0249164,5.075
"[5.695, 5.696)",0.04737921666666667,5.076
"[5.696, 5.697)",0.005136715,5.077
"[5.697, 5.698)",0.026395006666666665,5.078
"[5.698, 5.699)",0.001141931,5.079
"[5.699, 5.7)",0.0450316,5.08
"[5.7, 5.7010000000000005)",0.035520054999999995,5.081
"[5.7010000000000005, 5.702)",0.019060439999999998,5.082
"[5.702, 5.703)",0.085777065,5.083
"[5.703, 5.704)",0.05063335333333333,5.084
"[5.704, 5.705)",0.0035357782499999997,5.085
"[5.705, 5.706)",0.0176335,5.086
"[5.706, 5.707)",0.000540833,5.087
"[5.707, 5.708)",0.0388660635,5.088
"[5.708, 5.7090000000000005)",0.000540833,5.089
"[5.7090000000000005, 5.71)",0.0020125765,5.09
"[5.71, 5.711)",0.000540833,5.091
"[5.711, 5.712)",0.0201887,5.092
"[5.713, 5.714)",0.016779215,5.093
"[5.714, 5.715)",0.0258688,5.094
"[5.715, 5.716)",0.007306418333333333,5.095
"[5.7170000000000005, 5.718)",0.0019911,5.096
"[5.718, 5.719)",0.04144715,5.097
"[5.72, 5.721)",0.008827419999999999,5.098
"[5.722, 5.723)",0.00718516,5.099
"[5.723, 5.724)",0.0561543,5.1
"[5.724, 5.7250000000000005)",0.014223095000000002,5.101
"[5.7250000000000005, 5.726)",0.0620155,5.102
"[5.727, 5.728)",0.011290614000000001,5.103
"[5.728, 5.729)",0.030289032499999997,5.104
"[5.729, 5.73)",0.026455,5.105
"[5.73, 5.731)",0.052664411,5.106
"[5.732, 5.7330000000000005)",0.034149,5.107
"[5.734, 5.735)",0.00170164,5.108
"[5.735, 5.736)",0.11292685333333331,5.109
"[5.737, 5.738)",0.00170164,5.11
"[5.738, 5.739)",0.0105841,5.111
"[5.74, 5.7410000000000005)",0.017020555333333333,5.112
"[5.7410000000000005, 5.742)",0.0721419,5.113
"[5.742, 5.743)",0.00187477,5.114
"[5.743, 5.744)",0.020220016666666667,5.115
"[5.744, 5.745)",0.013527005000000002,5.116
"[5.745, 5.746)",0.005438439999999999,5.117
"[5.746, 5.747)",0.00367197,5.118
"[5.747, 5.748)",0.0008138724999999999,5.119
"[5.748, 5.7490000000000006)",0.011410786666666665,5.12
"[5.7490000000000006, 5.75)",0.0305998,5.121
"[5.751, 5.752)",0.11364891649999999,5.122
"[5.753, 5.7540000000000004)",0.017301206666666666,5.123
"[5.755, 5.756)",0.0251363,5.124
"[5.756, 5.757000000000001)",0.0105841,5.125
"[5.758, 5.759)",0.00123637,5.126
"[5.759, 5.76)",0.101093,5.127
"[5.76, 5.761)",0.00118332,5.128
"[5.761, 5.7620000000000005)",0.00608539,5.129
"[5.763, 5.764)",0.05254926,5.13
"[5.765, 5.766)",0.03980321,5.131
"[5.766, 5.767)",0.04241757,5.132
"[5.767, 5.768)",0.009206605,5.133
"[5.768, 5.769)",0.0077442933333333325,5.134
"[5.7700000000000005, 5.771)",0.007078313333333333,5.135
"[5.771, 5.772)",0.0946007,5.136
"[5.772, 5.773)",0.00703519825,5.137
"[5.773, 5.774)",0.00261983,5.138
"[5.774, 5.775)",0.07111125,5.139
"[5.775, 5.776)",0.0157707,5.14
"[5.777, 5.7780000000000005)",0.009778535,5.141
"[5.78, 5.781)",0.00664874,5.142
"[5.782, 5.783)",0.00548607,5.143
"[5.783, 5.784)",0.0480611665,5.144
"[5.784, 5.785)",0.0190007,5.145
"[5.785, 5.7860000000000005)",0.00334884,5.146
"[5.7860000000000005, 5.787)",0.00432904,5.147
"[5.787, 5.788)",0.0333692,5.148
"[5.788, 5.789)",0.0127075,5.149
"[5.789, 5.79)",0.17152,5.15
"[5.79, 5.791)",0.0282416,5.151
"[5.791, 5.792)",0.05730904,5.152
"[5.792, 5.793)",0.0124546,5.153
"[5.793, 5.7940000000000005)",0.032987670000000004,5.154
"[5.795, 5.796)",0.05834232,5.155
"[5.796, 5.797)",0.0037739023636363636,5.156
"[5.797, 5.798)",0.029466159999999998,5.157
"[5.798, 5.799)",0.0196312,5.158
"[5.799, 5.8)",0.008578806666666666,5.159
"[5.801, 5.8020000000000005)",0.00592795,5.16
"[5.8020000000000005, 5.803)",0.00855788325,5.161
"[5.803, 5.804)",0.0127758,5.162
"[5.807, 5.808)",0.005595385,5.163
"[5.808, 5.809)",0.0072238,5.164
"[5.809, 5.8100000000000005)",0.0249562,5.165
"[5.8100000000000005, 5.811)",0.009375763333333334,5.166
"[5.811, 5.812)",0.000841839,5.167
"[5.812, 5.813)",7.23746e-5,5.168
"[5.813, 5.814)",0.01408639333333333,5.169
"[5.815, 5.816)",0.0498339,5.17
"[5.816, 5.817)",0.024335921333333333,5.171
"[5.817, 5.8180000000000005)",0.028499450000000003,5.172
"[5.8180000000000005, 5.819)",0.021344978699999996,5.173
"[5.819, 5.82)",0.09254283333333334,5.174
"[5.82, 5.821)",0.023718266666666665,5.175
"[5.821, 5.822)",0.0771601,5.176
"[5.822, 5.823)",0.00348432,5.177
"[5.823, 5.824)",0.00114226,5.178
"[5.8260000000000005, 5.827)",0.00226757,5.179
"[5.827, 5.828)",0.003761844333333333,5.18
"[5.828, 5.829)",0.005616559428571428,5.181
"[5.829, 5.83)",0.10478944999999999,5.182
"[5.83, 5.831)",0.012002657666666666,5.183
"[5.832, 5.833)",0.0066485699999999995,5.184
"[5.835, 5.836)",0.000396825,5.185
"[5.836, 5.837)",0.0171359,5.186
"[5.837, 5.838)",0.0015598645,5.187
"[5.838, 5.839)",0.00232558,5.188
"[5.839, 5.84)",0.06022321,5.189
"[5.84, 5.841)",0.026752935,5.19
"[5.841, 5.8420000000000005)",0.00598007,5.191
"[5.844, 5.845)",0.0011938965,5.192
"[5.847, 5.848)",0.004069188666666667,5.193
"[5.848, 5.849)",0.00110742,5.194
"[5.849, 5.8500000000000005)",0.04223326,5.195
"[5.8500000000000005, 5.851)",0.046183,5.196
"[5.852, 5.853)",0.019284914650000002,5.197
"[5.854, 5.855)",0.146199,5.198
"[5.857, 5.8580000000000005)",0.0336449,5.199
"[5.8580000000000005, 5.859)",0.00170164,5.2
"[5.859, 5.86)",0.000330579,5.201
"[5.86, 5.861)",0.00110742,5.202
"[5.861, 5.862)",0.0590114,5.203
"[5.863, 5.864)",0.000540833,5.204
"[5.864, 5.865)",0.151706,5.205
"[5.8660000000000005, 5.867)",0.00348432,5.206
"[5.868, 5.869)",0.0113925,5.207
"[5.869, 5.87)",0.0809703,5.208
"[5.87, 5.871)",0.00910534,5.209
"[5.871, 5.872)",0.00170164,5.21
"[5.872, 5.873)",0.000540833,5.211
"[5.873, 5.8740000000000006)",0.015873,5.212
"[5.8740000000000006, 5.875)",0.005744434999999999,5.213
"[5.875, 5.876)",7.74293e-5,5.214
"[5.876, 5.877)",0.000540833,5.215
"[5.882000000000001, 5.883)",0.0108527,5.216
"[5.884, 5.885)",0.11759,5.217
"[5.885, 5.886)",0.0960382,5.218
"[5.886, 5.8870000000000005)",0.000540833,5.219
"[5.8870000000000005, 5.888)",0.0439761,5.22
"[5.888, 5.889)",0.02999893,5.221
"[5.889, 5.89)",0.0011212365,5.222
"[5.89, 5.891)",0.01094526,5.223
"[5.891, 5.892)",0.00348432,5.224
"[5.892, 5.893)",0.0042703668,5.225
"[5.893, 5.894)",0.0026494,5.226
"[5.894, 5.8950000000000005)",0.0152381,5.227
"[5.8950000000000005, 5.896)",0.0163903,5.228
"[5.896, 5.897)",0.00298151,5.229
"[5.898, 5.899)",0.0523714,5.23
"[5.899, 5.9)",0.00170164,5.231
"[5.9030000000000005, 5.904)",0.00598007,5.232
"[5.905, 5.906)",0.00500313,5.233
"[5.906, 5.907)",0.04740605,5.234
"[5.908, 5.909)",0.0317302,5.235
"[5.9110000000000005, 5.912)",0.00110742,5.236
"[5.913, 5.914)",0.00110742,5.237
"[5.914, 5.915)",0.006715935,5.238
"[5.915, 5.916)",0.004858036499999999,5.239
"[5.916, 5.917)",0.17581149999999998,5.24
"[5.9190000000000005, 5.92)",0.004272691499999999,5.241
"[5.92, 5.921)",0.000540833,5.242
"[5.921, 5.922)",0.0677507,5.243
"[5.922, 5.923)",0.170852,5.244
"[5.923, 5.924)",0.0258688,5.245
"[5.9270000000000005, 5.928)",0.0122449,5.246
"[5.929, 5.93)",0.004211035,5.247
"[5.93, 5.931)",0.060353642000000006,5.248
"[5.933, 5.934)",0.00598007,5.249
"[5.934, 5.9350000000000005)",0.00580515,5.25
"[5.9350000000000005, 5.936)",0.000540833,5.251
"[5.937, 5.938)",0.03207662333333333,5.252
"[5.938, 5.939)",0.04687818333333333,5.253
"[5.939, 5.94)",0.0884509,5.254
"[5.94, 5.941)",0.0008241265000000001,5.255
"[5.941, 5.942)",0.00110742,5.256
"[5.9430000000000005, 5.944)",0.000540833,5.257
"[5.944, 5.945)",0.439716,5.258
"[5.945, 5.946)",0.0529695,5.259
"[5.947, 5.948)",0.00110742,5.26
"[5.948, 5.949)",0.0382275,5.261
"[5.949, 5.95)",0.09985488499999999,5.262
"[5.95, 5.9510000000000005)",0.000540833,5.263
"[5.9510000000000005, 5.952)",0.0164706,5.264
"[5.952, 5.953)",0.0201887,5.265
"[5.954, 5.955)",0.062116649999999995,5.266
"[5.956, 5.957)",0.0178571,5.267
"[5.958, 5.9590000000000005)",0.0061385699999999994,5.268
"[5.9590000000000005, 5.96)",0.000461589,5.269
"[5.96, 5.961)",0.000540833,5.27
"[5.961, 5.962)",0.0007296953333333333,5.271
"[5.962, 5.963)",0.033794,5.272
"[5.963, 5.964)",0.439256,5.273
"[5.964, 5.965)",0.0036759476666666665,5.274
"[5.965, 5.966)",0.000540833,5.275
"[5.966, 5.9670000000000005)",0.0157610725,5.276
"[5.968, 5.969)",0.0652599,5.277
"[5.969, 5.97)",0.0222222,5.278
"[5.97, 5.971)",0.0273054,5.279
"[5.971, 5.972)",0.00110742,5.28
"[5.974, 5.9750000000000005)",0.0413387,5.281
"[5.9750000000000005, 5.976)",0.00170164,5.282
"[5.977, 5.978)",0.000540833,5.283
"[5.978, 5.979)",0.00267924,5.284
"[5.979, 5.98)",0.0466667,5.285
"[5.98, 5.981)",0.00872093,5.286
"[5.981, 5.982)",0.000540833,5.287
"[5.982, 5.9830000000000005)",0.00683995,5.288
"[5.9830000000000005, 5.984)",0.00623936,5.289
"[5.984, 5.985)",0.0127758,5.29
"[5.985, 5.986)",0.3402292966666667,5.291
"[5.986, 5.987)",0.0082129665,5.292
"[5.988, 5.989)",0.00367197,5.293
"[5.989, 5.99)",0.02518875333333333,5.294
"[5.99, 5.9910000000000005)",0.03915925,5.295
"[5.992, 5.993)",0.000540833,5.296
"[5.993, 5.994)",0.00623936,5.297
"[5.994, 5.995)",0.06010305,5.298
"[5.995, 5.996)",0.0454900665,5.299
"[5.997, 5.998)",0.07538566000000001,5.3
"[5.998, 5.9990000000000006)",0.02344355,5.301
"[5.9990000000000006, 6.0)",0.0216723,5.302
"[6.0, 6.001)",0.015001299999999999,5.303
"[6.001, 6.002)",0.0858441,5.304
"[6.003, 6.0040000000000004)",0.00110742,5.305
"[6.0040000000000004, 6.005)",0.00678082,5.306
"[6.006, 6.007000000000001)",0.00598007,5.307
"[6.007000000000001, 6.008)",0.0008241265000000001,5.308
"[6.008, 6.009)",0.012434623333333334,5.309
"[6.009, 6.01)",0.0423022,5.31
"[6.011, 6.0120000000000005)",0.0136141,5.311
"[6.014, 6.015000000000001)",0.00110742,5.312
"[6.015000000000001, 6.016)",0.00110742,5.313
"[6.016, 6.017)",0.020568406666666667,5.314
"[6.018, 6.019)",0.00170164,5.315
"[6.021, 6.022)",0.00170164,5.316
"[6.022, 6.023)",0.01124661,5.317
"[6.027, 6.0280000000000005)",0.000540833,5.318
"[6.029, 6.03)",0.0158851,5.319
"[6.03, 6.031)",0.04391494666666667,5.32
"[6.032, 6.033)",0.0158851,5.321
"[6.033, 6.034)",0.0439096,5.322
"[6.035, 6.0360000000000005)",0.00664874,5.323
"[6.037, 6.038)",0.0075217665,5.324
"[6.038, 6.039)",0.012452865,5.325
"[6.039, 6.04)",0.041753570000000004,5.326
"[6.043, 6.0440000000000005)",0.002442,5.327
"[6.0440000000000005, 6.045)",0.0292063,5.328
"[6.049, 6.05)",0.0739139165,5.329
"[6.051, 6.0520000000000005)",0.017954104999999998,5.33
"[6.0520000000000005, 6.053)",0.04320026666666666,5.331
"[6.053, 6.054)",0.008447365,5.332
"[6.055, 6.056)",0.00170164,5.333
"[6.056, 6.057)",0.13976,5.334
"[6.059, 6.0600000000000005)",0.023331592,5.335
"[6.0600000000000005, 6.061)",0.015550316666666666,5.336
"[6.063, 6.064)",0.00139237,5.337
"[6.064, 6.065)",0.00170164,5.338
"[6.066, 6.067)",0.087302,5.339
"[6.067, 6.0680000000000005)",0.00223454,5.34
"[6.069, 6.07)",0.00442968,5.341
"[6.071, 6.072)",0.053467,5.342
"[6.072, 6.073)",0.00110742,5.343
"[6.073, 6.074)",0.0624276,5.344
"[6.074, 6.075)",0.000540833,5.345
"[6.075, 6.0760000000000005)",0.008397370000000001,5.346
"[6.077, 6.078)",0.0157707,5.347
"[6.078, 6.079)",0.000540833,5.348
"[6.079, 6.08)",0.011024431,5.349
"[6.08, 6.081)",0.0953794,5.35
"[6.082, 6.083)",0.07187655000000001,5.351
"[6.083, 6.0840000000000005)",0.012759843333333333,5.352
"[6.0840000000000005, 6.085)",0.00256816,5.353
"[6.087, 6.088)",0.000540833,5.354
"[6.091, 6.0920000000000005)",0.000444528,5.355
"[6.093, 6.094)",0.0171359,5.356
"[6.094, 6.095)",0.004184108666666667,5.357
"[6.096, 6.097)",0.00683995,5.358
"[6.099, 6.1000000000000005)",0.000540833,5.359
"[6.103, 6.104)",0.0030694289999999994,5.36
"[6.106, 6.107)",0.010085225,5.361
"[6.1080000000000005, 6.109)",0.00655977,5.362
"[6.109, 6.11)",0.014876204333333332,5.363
"[6.111, 6.112)",0.0682549,5.364
"[6.112, 6.113)",0.000540833,5.365
"[6.1160000000000005, 6.117)",0.00625203,5.366
"[6.118, 6.119)",0.02143535,5.367
"[6.12, 6.121)",0.000540833,5.368
"[6.122, 6.123)",0.017513375,5.369
"[6.125, 6.126)",0.000267308,5.37
"[6.126, 6.127)",0.0344663,5.371
"[6.1290000000000004, 6.13)",0.000540833,5.372
"[6.131, 6.132000000000001)",0.00439975,5.373
"[6.132000000000001, 6.133)",0.000540833,5.374
"[6.134, 6.135)",0.013965226666666665,5.375
"[6.141, 6.142)",0.000540833,5.376
"[6.142, 6.143)",0.000540833,5.377
"[6.143, 6.144)",0.0590114,5.378
"[6.146, 6.147)",0.100877,5.379
"[6.147, 6.148)",0.0921823,5.38
"[6.148, 6.149)",0.000540833,5.381
"[6.149, 6.15)",0.06556075,5.382
"[6.151, 6.152)",0.0070766165,5.383
"[6.1530000000000005, 6.154)",0.01205879,5.384
"[6.155, 6.156)",0.100877,5.385
"[6.156, 6.157)",0.00170164,5.386
"[6.157, 6.158)",0.000540833,5.387
"[6.158, 6.159)",0.000540833,5.388
"[6.159, 6.16)",0.00800455,5.389
"[6.1610000000000005, 6.162)",0.0479231,5.39
"[6.162, 6.163)",0.0539153,5.391
"[6.165, 6.166)",0.0068528,5.392
"[6.167, 6.168)",0.0064116165,5.393
"[6.1690000000000005, 6.17)",0.0019547153333333337,5.394
"[6.172, 6.173)",0.00879337,5.395
"[6.173, 6.174)",0.0804976,5.396
"[6.174, 6.175)",0.03560501756,5.397
"[6.175, 6.176)",0.058369449999999996,5.398
"[6.1770000000000005, 6.178)",0.04655796999999999,5.399
"[6.178, 6.179)",0.034049805,5.4
"[6.18, 6.181)",0.131681,5.401
"[6.181, 6.182)",0.00559538,5.402
"[6.183, 6.184)",0.05005005,5.403
"[6.1850000000000005, 6.186)",0.002442,5.404
"[6.186, 6.187)",0.027666979999999997,5.405
"[6.188, 6.189)",0.00572344,5.406
"[6.189, 6.19)",0.0580816,5.407
"[6.19, 6.191)",0.0464986,5.408
"[6.191, 6.192)",0.0405192165,5.409
"[6.1930000000000005, 6.194)",0.019096875,5.41
"[6.194, 6.195)",0.0036844566666666668,5.411
"[6.196, 6.197)",0.033304962,5.412
"[6.197, 6.198)",0.031206665,5.413
"[6.198, 6.199)",0.08158721,5.414
"[6.199, 6.2)",0.0419462,5.415
"[6.2, 6.2010000000000005)",0.000540833,5.416
"[6.2010000000000005, 6.202)",0.01712691333333333,5.417
"[6.203, 6.204)",0.000540833,5.418
"[6.204, 6.205)",0.0024742785999999997,5.419
"[6.205, 6.206)",0.009127684333333334,5.42
"[6.206, 6.207)",0.0171359,5.421
"[6.207, 6.208)",0.0600077,5.422
"[6.208, 6.2090000000000005)",0.07805755,5.423
"[6.21, 6.211)",0.04278806666666666,5.424
"[6.211, 6.212)",0.00941877,5.425
"[6.212, 6.213)",0.017648777666666667,5.426
"[6.214, 6.215)",0.035034205,5.427
"[6.215, 6.216)",0.00785372,5.428
"[6.216, 6.2170000000000005)",0.000540833,5.429
"[6.2170000000000005, 6.218)",0.018165647666666663,5.43
"[6.218, 6.219)",0.017242344333333333,5.431
"[6.219, 6.22)",0.061828948333333335,5.432
"[6.22, 6.221)",0.0059986965,5.433
"[6.221, 6.222)",0.015026859600000001,5.434
"[6.222, 6.223)",0.03567844,5.435
"[6.223, 6.224)",0.004699975,5.436
"[6.224, 6.2250000000000005)",0.0350512425,5.437
"[6.2250000000000005, 6.226)",0.0116574492,5.438
"[6.226, 6.227)",0.019559483000000003,5.439
"[6.227, 6.228)",0.000477203,5.44
"[6.228, 6.229)",0.00890711,5.441
"[6.229, 6.23)",0.00219569,5.442
"[6.23, 6.231)",0.5859485,5.443
"[6.231, 6.232)",0.01027518,5.444
"[6.232, 6.2330000000000005)",0.00967101,5.445
"[6.2330000000000005, 6.234)",0.0032732150000000003,5.446
"[6.234, 6.235)",0.0131378165,5.447
"[6.235, 6.236)",0.0366955226,5.448
"[6.236, 6.237)",0.00872093,5.449
"[6.237, 6.238)",0.0066193475,5.45
"[6.238, 6.239)",0.0160875,5.451
"[6.239, 6.24)",0.06449398333333334,5.452
"[6.24, 6.2410000000000005)",0.0212670305,5.453
"[6.2410000000000005, 6.242)",0.0129583112,5.454
"[6.243, 6.244)",0.03466981325,5.455
"[6.244, 6.245)",0.131259625,5.456
"[6.246, 6.247)",0.0969506866,5.457
"[6.247, 6.248)",0.01758493,5.458
"[6.248, 6.2490000000000006)",0.0425894,5.459
"[6.2490000000000006, 6.25)",0.0021210415,5.46
"[6.25, 6.251)",0.0007409075,5.461
"[6.251, 6.252)",0.016482600750000003,5.462
"[6.252, 6.253)",0.01835043,5.463
"[6.253, 6.2540000000000004)",0.011483782533333334,5.464
"[6.2540000000000004, 6.255)",0.03214878333333333,5.465
"[6.255, 6.256)",0.0011212365,5.466
"[6.256, 6.257000000000001)",0.0419319325,5.467
"[6.257000000000001, 6.258)",0.00223454,5.468
"[6.259, 6.26)",0.04427694433333334,5.469
"[6.26, 6.261)",0.0341564346,5.47
"[6.2620000000000005, 6.263)",0.08230925,5.471
"[6.263, 6.264)",0.0017075715000000001,5.472
"[6.264, 6.265000000000001)",0.024870846666666665,5.473
"[6.265000000000001, 6.266)",0.039187472599999995,5.474
"[6.266, 6.267)",0.004599360750000001,5.475
"[6.267, 6.268)",0.05376521666666667,5.476
"[6.268, 6.269)",0.04216741333333333,5.477
"[6.269, 6.2700000000000005)",0.317829,5.478
"[6.2700000000000005, 6.271)",0.014211614333333332,5.479
"[6.271, 6.272)",0.1427756625,5.48
"[6.272, 6.273)",0.014309776666666664,5.481
"[6.273, 6.274)",0.07966807333333334,5.482
"[6.274, 6.275)",0.0009587653333333334,5.483
"[6.275, 6.276)",0.023982733333333336,5.484
"[6.276, 6.277)",0.0163903,5.485
"[6.277, 6.2780000000000005)",0.045324993249999994,5.486
"[6.2780000000000005, 6.279)",0.00140576,5.487
"[6.279, 6.28)",0.0413741205,5.488
"[6.28, 6.281)",0.000540833,5.489
"[6.281, 6.282)",0.0139294,5.49
"[6.282, 6.283)",0.00907299,5.491
"[6.283, 6.284)",0.04916027766666666,5.492
"[6.284, 6.285)",0.02246362,5.493
"[6.285, 6.2860000000000005)",0.004635965000000001,5.494
"[6.2860000000000005, 6.287)",0.022936269999999998,5.495
"[6.287, 6.288)",0.06419613316666668,5.496
"[6.288, 6.289)",0.029527810249999998,5.497
"[6.289, 6.29)",0.0029826655,5.498
"[6.29, 6.291)",0.016324790500000002,5.499
"[6.291, 6.292)",0.0808220525,5.5
"[6.292, 6.293)",0.01297946,5.501
"[6.293, 6.2940000000000005)",0.028416554999999996,5.502
"[6.2940000000000005, 6.295)",0.0958181406,5.503
"[6.295, 6.296)",0.00960566,5.504
"[6.296, 6.297)",0.00697881464,5.505
"[6.297, 6.298)",0.046497199999999995,5.506
"[6.298, 6.299)",0.005863905,5.507
"[6.299, 6.3)",0.033640354,5.508
"[6.3, 6.301)",0.0535495,5.509
"[6.301, 6.3020000000000005)",0.00149650215,5.51
"[6.3020000000000005, 6.303)",0.06285610000000001,5.511
"[6.303, 6.304)",0.10477921999999999,5.512
"[6.304, 6.305)",0.0047686149999999995,5.513
"[6.306, 6.307)",0.04639056883333333,5.514
"[6.307, 6.308)",0.027831573333333335,5.515
"[6.308, 6.309)",0.02631414,5.516
"[6.309, 6.3100000000000005)",0.01057936,5.517
"[6.3100000000000005, 6.311)",0.00988833125,5.518
"[6.311, 6.312)",0.018816406666666667,5.519
"[6.312, 6.313)",0.003199181,5.52
"[6.313, 6.314)",0.5152999,5.521
"[6.314, 6.315)",0.005828055,5.522
"[6.315, 6.316)",0.06162654428571429,5.523
"[6.316, 6.317)",0.00170164,5.524
"[6.317, 6.3180000000000005)",0.01564788471428571,5.525
"[6.3180000000000005, 6.319)",0.26338755999999997,5.526
"[6.319, 6.32)",0.00643259,5.527
"[6.32, 6.321)",0.102863,5.528
"[6.321, 6.322)",0.06196251200000001,5.529
"[6.322, 6.323)",0.0047075482500000005,5.53
"[6.323, 6.324)",0.0131380186,5.531
"[6.324, 6.325)",0.03906462,5.532
"[6.325, 6.3260000000000005)",0.040430568,5.533
"[6.3260000000000005, 6.327)",0.0085664,5.534
"[6.327, 6.328)",0.011529846666666668,5.535
"[6.328, 6.329)",0.0699304,5.536
"[6.329, 6.33)",0.053226485,5.537
"[6.33, 6.331)",0.0248515,5.538
"[6.331, 6.332)",0.18614774999999997,5.539
"[6.332, 6.333)",0.0162105426,5.54
"[6.333, 6.3340000000000005)",0.181395,5.541
"[6.3340000000000005, 6.335)",0.006417944,5.542
"[6.335, 6.336)",0.011812505499999999,5.543
"[6.336, 6.337)",1.0,5.544
"[6.337, 6.338)",0.018862290599999998,5.545
"[6.338, 6.339)",0.004555231599999999,5.546
"[6.339, 6.34)",0.022894153636363636,5.547
"[6.34, 6.341)",0.01361661,5.548
"[6.341, 6.3420000000000005)",0.0060299825,5.549
"[6.3420000000000005, 6.343)",0.01986547542857143,5.55
"[6.343, 6.344)",0.0077978000000000006,5.551
"[6.344, 6.345)",0.1177354,5.552
"[6.345, 6.346)",0.001530619,5.553
"[6.346, 6.347)",0.006215309166666666,5.554
"[6.347, 6.348)",0.019543235,5.555
"[6.348, 6.349)",0.002234797666666667,5.556
"[6.349, 6.3500000000000005)",0.0028918,5.557
"[6.3500000000000005, 6.351)",0.0201887,5.558
"[6.351, 6.352)",0.10118793325,5.559
"[6.352, 6.353)",0.00189333,5.56
"[6.353, 6.354)",0.029793329999999996,5.561
"[6.354, 6.355)",0.02122306,5.562
"[6.355, 6.356)",0.040310845,5.563
"[6.356, 6.357)",0.05485535824999999,5.564
"[6.357, 6.3580000000000005)",0.0117188,5.565
"[6.3580000000000005, 6.359)",0.00450694,5.566
"[6.359, 6.36)",0.0008805074999999999,5.567
"[6.36, 6.361)",0.04642866,5.568
"[6.361, 6.362)",0.005276665,5.569
"[6.362, 6.363)",0.0041684606,5.57
"[6.363, 6.364)",0.0524291,5.571
"[6.364, 6.365)",0.009057595,5.572
"[6.365, 6.3660000000000005)",0.00804103,5.573
"[6.3660000000000005, 6.367)",0.000540833,5.574
"[6.367, 6.368)",0.012589363249999999,5.575
"[6.368, 6.369)",0.0269623,5.576
"[6.369, 6.37)",0.05039212,5.577
"[6.37, 6.371)",0.025941994000000003,5.578
"[6.371, 6.372)",0.05629315,5.579
"[6.372, 6.373)",0.00516796,5.58
"[6.373, 6.3740000000000006)",0.00219044,5.581
"[6.3740000000000006, 6.375)",0.00110742,5.582
"[6.376, 6.377)",0.0155703165,5.583
"[6.377, 6.378)",0.00812341,5.584
"[6.378, 6.3790000000000004)",0.01918475,5.585
"[6.3790000000000004, 6.38)",0.000745966,5.586
"[6.38, 6.381)",0.0019684715,5.587
"[6.381, 6.382000000000001)",0.014126924333333334,5.588
"[6.382000000000001, 6.383)",0.032151825,5.589
"[6.383, 6.384)",0.00110742,5.59
"[6.384, 6.385)",0.00934788,5.591
"[6.385, 6.386)",0.02888446,5.592
"[6.386, 6.3870000000000005)",0.00506285,5.593
"[6.3870000000000005, 6.388)",0.001064524,5.594
"[6.388, 6.389)",0.00110742,5.595
"[6.389, 6.390000000000001)",0.00406903,5.596
"[6.390000000000001, 6.391)",0.003908885,5.597
"[6.391, 6.392)",0.0030593599999999997,5.598
"[6.392, 6.393)",0.018592853333333336,5.599
"[6.393, 6.394)",0.319396,5.6
"[6.394, 6.3950000000000005)",0.026519120000000004,5.601
"[6.3950000000000005, 6.396)",0.0343637385,5.602
"[6.396, 6.397)",0.004914175,5.603
"[6.397, 6.398000000000001)",0.0208362,5.604
"[6.398000000000001, 6.399)",0.00683995,5.605
"[6.4, 6.401)",0.042362,5.606
"[6.401, 6.402)",0.319396,5.607
"[6.402, 6.4030000000000005)",0.408602,5.608
"[6.4030000000000005, 6.404)",0.009100375,5.609
"[6.404, 6.405)",0.0178571,5.61
"[6.405, 6.406)",0.0249307,5.611
"[6.406, 6.407)",0.0194392,5.612
"[6.407, 6.408)",0.16685555,5.613
"[6.408, 6.409)",0.0216723,5.614
"[6.409, 6.41)",0.010132045,5.615
"[6.4110000000000005, 6.412)",0.00623936,5.616
"[6.412, 6.413)",0.0293625,5.617
"[6.413, 6.414)",0.06707461920000002,5.618
"[6.414, 6.415)",0.00367197,5.619
"[6.415, 6.416)",0.020747435,5.62
"[6.416, 6.417)",0.03808737399999999,5.621
"[6.417, 6.418)",0.0075188,5.622
"[6.418, 6.4190000000000005)",0.06832765,5.623
"[6.4190000000000005, 6.42)",0.0561543,5.624
"[6.42, 6.421)",0.00367197,5.625
"[6.421, 6.422)",0.0030722,5.626
"[6.422, 6.423)",0.0075188,5.627
"[6.423, 6.424)",0.10565820000000001,5.628
"[6.424, 6.425)",0.0231653925,5.629
"[6.426, 6.4270000000000005)",0.014482985,5.63
"[6.428, 6.429)",0.00187477,5.631
"[6.43, 6.431)",0.0105841,5.632
"[6.432, 6.433)",0.10012833400000001,5.633
"[6.433, 6.434)",0.0157707,5.634
"[6.434, 6.4350000000000005)",0.2603322,5.635
"[6.4350000000000005, 6.436)",0.0322924,5.636
"[6.436, 6.437)",0.009070285,5.637
"[6.439, 6.44)",0.035437409999999996,5.638
"[6.44, 6.441)",0.00355872,5.639
"[6.442, 6.4430000000000005)",0.007001985,5.64
"[6.4510000000000005, 6.452)",0.0173922,5.641
"[6.46, 6.461)",0.000540833,5.642
"[6.461, 6.462)",0.00110742,5.643
"[6.464, 6.465)",0.00348432,5.644
"[6.4670000000000005, 6.468)",0.00298151,5.645
"[6.469, 6.47)",0.0170551165,5.646
"[6.472, 6.473)",0.01379466,5.647
"[6.474, 6.4750000000000005)",0.00348432,5.648
"[6.476, 6.477)",0.000540833,5.649
"[6.477, 6.478)",0.00110742,5.65
"[6.478, 6.479)",0.00110742,5.651
"[6.48, 6.481)",0.0021311125,5.652
"[6.482, 6.4830000000000005)",0.00170164,5.653
"[6.484, 6.485)",0.00348432,5.654
"[6.485, 6.486)",0.000540833,5.655
"[6.486, 6.487)",0.00110742,5.656
"[6.487, 6.488)",0.00110742,5.657
"[6.494, 6.495)",0.000540833,5.658
"[6.5280000000000005, 6.529)",0.00917524,5.659
"[6.529, 6.53)",0.02743937466666667,5.66
"[6.53, 6.531)",0.002479008,5.661
"[6.532, 6.533)",0.00800455,5.662
"[6.533, 6.534)",0.0163903,5.663
"[6.537, 6.538)",0.00917524,5.664
"[6.538, 6.539)",0.00170164,5.665
"[6.541, 6.542)",0.0052232749999999994,5.666
"[6.543, 6.5440000000000005)",0.00500313,5.667
"[6.547, 6.548)",0.000540833,5.668
"[6.548, 6.549)",0.00110742,5.669
"[6.549, 6.55)",0.00110742,5.67
"[6.55, 6.551)",0.0032732150000000003,5.671
"[6.551, 6.5520000000000005)",0.014404990000000001,5.672
"[6.5520000000000005, 6.553)",0.020386485000000003,5.673
"[6.556, 6.557)",0.102671,5.674
"[6.557, 6.558)",0.000540833,5.675
"[6.5600000000000005, 6.561)",0.246905505,5.676
"[6.566, 6.567)",0.033794,5.677
"[6.567, 6.5680000000000005)",0.0095464,5.678
"[6.5680000000000005, 6.569)",0.0095464,5.679
"[6.57, 6.571)",0.00110742,5.68
"[6.572, 6.573)",0.002793763333333333,5.681
"[6.573, 6.574)",0.000540833,5.682
"[6.581, 6.582)",0.00384615,5.683
"[6.6000000000000005, 6.601)",0.0026494,5.684
"[6.613, 6.614)",0.00110742,5.685
"[6.617, 6.618)",0.00150038,5.686
"[6.62, 6.621)",0.00367197,5.687
"[6.621, 6.622)",0.00110742,5.688
"[6.622, 6.623)",0.00110742,5.689
"[6.6240000000000006, 6.625)",0.0166772,5.69
"[6.625, 6.626)",0.00791209,5.691
"[6.628, 6.6290000000000004)",0.0005884756666666666,5.692
"[6.6290000000000004, 6.63)",0.0035184715,5.693
"[6.638, 6.639)",0.00840336,5.694
"[6.647, 6.648000000000001)",0.00791209,5.695
"[6.697, 6.698)",0.0105379,5.696
"[6.724, 6.7250000000000005)",0.00298151,5.697
"[6.74, 6.7410000000000005)",0.00298151,5.698
"[6.7490000000000006, 6.75)",0.00298151,5.699
"[6.792, 6.793)",0.00767269,5.7
"[6.793, 6.7940000000000005)",0.00938086,5.701
"[6.796, 6.797)",0.00460598,5.702
"[6.806, 6.807)",0.0105194,5.703
"[6.811, 6.812)",0.00298151,5.704
"[6.83, 6.831)",0.00057698,5.705
"[6.8420000000000005, 6.843)",0.164828,5.706
"[6.847, 6.848)",0.0912828,5.707
"[6.8500000000000005, 6.851)",0.0223419,5.708
"[6.851, 6.852)",0.164828,5.709
"[6.852, 6.853)",0.0673754,5.71
"[6.856, 6.857)",0.0026494,5.711
"[6.8580000000000005, 6.859)",0.0157707,5.712
"[6.859, 6.86)",0.0385102,5.713
"[6.869, 6.87)",0.488372,5.714
"[6.872, 6.873)",0.0026494,5.715
"[6.8740000000000006, 6.875)",0.00150038,5.716
"[6.877, 6.878)",0.246021985,5.717
"[6.8790000000000004, 6.88)",0.00110742,5.718
"[6.881, 6.882000000000001)",0.0026494,5.719
"[6.885, 6.886)",0.0008241265000000001,5.72
"[6.890000000000001, 6.891)",0.00150038,5.721
"[6.893, 6.894)",0.147287,5.722
"[6.894, 6.8950000000000005)",0.00110742,5.723
"[6.8950000000000005, 6.896)",0.00110742,5.724
"[6.899, 6.9)",0.00150038,5.725
"[6.902, 6.9030000000000005)",0.00367197,5.726
"[6.9030000000000005, 6.904)",0.00110742,5.727
"[6.904, 6.905)",0.00110742,5.728
"[6.925, 6.926)",0.023598005000000002,5.729
"[6.928, 6.929)",0.018794,5.73
"[6.937, 6.938)",0.0874837,5.731
"[6.938, 6.939)",0.075874,5.732
"[6.941, 6.942)",0.0163903,5.733
"[6.942, 6.9430000000000005)",0.0254539,5.734
"[6.9430000000000005, 6.944)",0.00472069,5.735
