bin,R2_mean,dist
,0.045555475420639376,0.0
"[0.0, 0.001)",0.08596142573394663,0.001
"[0.001, 0.002)",0.06618116818089557,0.002
"[0.002, 0.003)",0.07017408693731714,0.003
"[0.003, 0.004)",0.0650771053443842,0.004
"[0.004, 0.005)",0.0609470090891124,0.005
"[0.005, 0.006)",0.05664110135555452,0.006
"[0.006, 0.007)",0.05507570574922186,0.007
"[0.007, 0.008)",0.05953524626585931,0.008
"[0.008, 0.009000000000000001)",0.05083365903266658,0.009000000000000001
"[0.009000000000000001, 0.01)",0.050256301217953464,0.01
"[0.01, 0.011)",0.05305205335627169,0.011
"[0.011, 0.012)",0.0504928125051964,0.012
"[0.012, 0.013000000000000001)",0.056261041348183514,0.013000000000000001
"[0.013000000000000001, 0.014)",0.04855320374725685,0.014
"[0.014, 0.015)",0.049221271546646565,0.015
"[0.015, 0.016)",0.061068056909604866,0.016
"[0.016, 0.017)",0.04136028722202035,0.017
"[0.017, 0.018000000000000002)",0.04910073123459709,0.018000000000000002
"[0.018000000000000002, 0.019)",0.04263564408305685,0.019
"[0.019, 0.02)",0.04979118984691926,0.02
"[0.02, 0.021)",0.05491100628510786,0.021
"[0.021, 0.022)",0.04860276627481081,0.022
"[0.022, 0.023)",0.0562884853862888,0.023
"[0.023, 0.024)",0.0502065743004347,0.024
"[0.024, 0.025)",0.045538595083599295,0.025
"[0.025, 0.026000000000000002)",0.05378141321548111,0.026000000000000002
"[0.026000000000000002, 0.027)",0.054691741659039485,0.027
"[0.027, 0.028)",0.04180051146318923,0.028
"[0.028, 0.029)",0.037839512605780265,0.029
"[0.029, 0.03)",0.06241547065036389,0.03
"[0.03, 0.031)",0.05820168870954536,0.031
"[0.031, 0.032)",0.04611147179185117,0.032
"[0.032, 0.033)",0.04028191985051727,0.033
"[0.033, 0.034)",0.03793613832646507,0.034
"[0.034, 0.035)",0.04541939938956043,0.035
"[0.035, 0.036000000000000004)",0.0367654144156729,0.036000000000000004
"[0.036000000000000004, 0.037)",0.030921420398681787,0.037
"[0.037, 0.038)",0.03986648894518372,0.038
"[0.038, 0.039)",0.048411057463223106,0.039
"[0.039, 0.04)",0.0536635278688056,0.04
"[0.04, 0.041)",0.0426305123243295,0.041
"[0.041, 0.042)",0.04304561283771426,0.042
"[0.042, 0.043000000000000003)",0.035961921941821545,0.043000000000000003
"[0.043000000000000003, 0.044)",0.0472880647927667,0.044
"[0.044, 0.045)",0.05361745220783969,0.045
"[0.045, 0.046)",0.04319106989333919,0.046
"[0.046, 0.047)",0.052728346904307014,0.047
"[0.047, 0.048)",0.044684661328888896,0.048
"[0.048, 0.049)",0.056003140182967724,0.049
"[0.049, 0.05)",0.0470598722314711,0.05
"[0.05, 0.051000000000000004)",0.05316618505368413,0.051000000000000004
"[0.051000000000000004, 0.052000000000000005)",0.04123839637242829,0.052000000000000005
"[0.052000000000000005, 0.053)",0.042301316458058215,0.053
"[0.053, 0.054)",0.038071610589098616,0.054
"[0.054, 0.055)",0.0433395398726939,0.055
"[0.055, 0.056)",0.037108935532804393,0.056
"[0.056, 0.057)",0.030604466822670973,0.057
"[0.057, 0.058)",0.04148339218607755,0.058
"[0.058, 0.059000000000000004)",0.03567158998922764,0.059000000000000004
"[0.059000000000000004, 0.06)",0.04555333323049797,0.06
"[0.06, 0.061)",0.046251254655870405,0.061
"[0.061, 0.062)",0.03596665789861439,0.062
"[0.062, 0.063)",0.037499610041701305,0.063
"[0.063, 0.064)",0.03742206197914901,0.064
"[0.064, 0.065)",0.04267951227022225,0.065
"[0.065, 0.066)",0.041444997593851264,0.066
"[0.066, 0.067)",0.039642560936235374,0.067
"[0.067, 0.068)",0.05375896874433733,0.068
"[0.068, 0.069)",0.04438332118772723,0.069
"[0.069, 0.07)",0.052195144592369465,0.07
"[0.07, 0.07100000000000001)",0.05223878592882884,0.07100000000000001
"[0.07100000000000001, 0.07200000000000001)",0.04296170816169728,0.07200000000000001
"[0.07200000000000001, 0.073)",0.04031651446461863,0.073
"[0.073, 0.074)",0.054475865844866043,0.074
"[0.074, 0.075)",0.049817431384684696,0.075
"[0.075, 0.076)",0.03512592247813856,0.076
"[0.076, 0.077)",0.0369131515965987,0.077
"[0.077, 0.078)",0.04604908864179112,0.078
"[0.078, 0.079)",0.04250447725106378,0.079
"[0.079, 0.08)",0.03804502472167424,0.08
"[0.08, 0.081)",0.047074650641037774,0.081
"[0.081, 0.082)",0.04354045421597376,0.082
"[0.082, 0.083)",0.033731726545,0.083
"[0.083, 0.084)",0.041467910758718,0.084
"[0.084, 0.085)",0.035571838871018314,0.085
"[0.085, 0.08600000000000001)",0.036338810344576714,0.08600000000000001
"[0.08600000000000001, 0.08700000000000001)",0.03888558739289222,0.08700000000000001
"[0.08700000000000001, 0.088)",0.045905994161650435,0.088
"[0.088, 0.089)",0.04847468041213819,0.089
"[0.089, 0.09)",0.05844544335327099,0.09
"[0.09, 0.091)",0.05124054875514866,0.091
"[0.091, 0.092)",0.03523349261590363,0.092
"[0.092, 0.093)",0.03370223432165783,0.093
"[0.093, 0.094)",0.047530484393632104,0.094
"[0.094, 0.095)",0.04059980495744132,0.095
"[0.095, 0.096)",0.03960014830940879,0.096
"[0.096, 0.097)",0.04428801888662958,0.097
"[0.097, 0.098)",0.056645813851994825,0.098
"[0.098, 0.099)",0.04317749718087863,0.099
"[0.099, 0.1)",0.04607102872976192,0.1
"[0.1, 0.101)",0.05617961561927712,0.101
"[0.101, 0.10200000000000001)",0.042785137733167125,0.10200000000000001
"[0.10200000000000001, 0.10300000000000001)",0.04426213505430626,0.10300000000000001
"[0.10300000000000001, 0.10400000000000001)",0.05670117336307689,0.10400000000000001
"[0.10400000000000001, 0.105)",0.03678712001561859,0.105
"[0.105, 0.106)",0.04342463360401787,0.106
"[0.106, 0.107)",0.04000531959457207,0.107
"[0.107, 0.108)",0.029537052066153882,0.108
"[0.108, 0.109)",0.029633549303134707,0.109
"[0.109, 0.11)",0.046701107603022714,0.11
"[0.11, 0.111)",0.03925802475047852,0.111
"[0.111, 0.112)",0.039048345575930614,0.112
"[0.112, 0.113)",0.0421629931486216,0.113
"[0.113, 0.114)",0.04408750547548546,0.114
"[0.114, 0.115)",0.03458756626519726,0.115
"[0.115, 0.116)",0.045439960608564846,0.116
"[0.116, 0.117)",0.04187782472970447,0.117
"[0.117, 0.11800000000000001)",0.04343879849039413,0.11800000000000001
"[0.11800000000000001, 0.11900000000000001)",0.0343259241444724,0.11900000000000001
"[0.11900000000000001, 0.12)",0.06479806636226797,0.12
"[0.12, 0.121)",0.03927201880751171,0.121
"[0.121, 0.122)",0.04500935327422681,0.122
"[0.122, 0.123)",0.05179678913164529,0.123
"[0.123, 0.124)",0.03722609858827937,0.124
"[0.124, 0.125)",0.03855921505722633,0.125
"[0.125, 0.126)",0.034770615292926896,0.126
"[0.126, 0.127)",0.03154120200820901,0.127
"[0.127, 0.128)",0.041532390724874434,0.128
"[0.128, 0.129)",0.04825131374837843,0.129
"[0.129, 0.13)",0.0366019236046117,0.13
"[0.13, 0.131)",0.035510824853961086,0.131
"[0.131, 0.132)",0.037823074707333364,0.132
"[0.132, 0.133)",0.030660192823653468,0.133
"[0.133, 0.134)",0.0372301962296512,0.134
"[0.134, 0.135)",0.04671388183520835,0.135
"[0.135, 0.136)",0.04004659177917815,0.136
"[0.136, 0.137)",0.03652175534447371,0.137
"[0.137, 0.138)",0.03221775834524356,0.138
"[0.138, 0.139)",0.030124419255231162,0.139
"[0.139, 0.14)",0.04234053723041476,0.14
"[0.14, 0.14100000000000001)",0.045268899860465096,0.14100000000000001
"[0.14100000000000001, 0.14200000000000002)",0.02769022459353101,0.14200000000000002
"[0.14200000000000002, 0.14300000000000002)",0.03104647722864453,0.14300000000000002
"[0.14300000000000002, 0.14400000000000002)",0.04146524840261631,0.14400000000000002
"[0.14400000000000002, 0.145)",0.035711860114164246,0.145
"[0.145, 0.146)",0.029849637627763496,0.146
"[0.146, 0.147)",0.033476898025071276,0.147
"[0.147, 0.148)",0.032663811291197636,0.148
"[0.148, 0.149)",0.03294870538823529,0.149
"[0.149, 0.15)",0.04222487304045586,0.15
"[0.15, 0.151)",0.036869082700617305,0.151
"[0.151, 0.152)",0.03423837137232556,0.152
"[0.152, 0.153)",0.04333142890687289,0.153
"[0.153, 0.154)",0.031316801623750015,0.154
"[0.154, 0.155)",0.03429792547655677,0.155
"[0.155, 0.156)",0.036390592270847524,0.156
"[0.156, 0.157)",0.03472010521487342,0.157
"[0.157, 0.158)",0.04004941046953644,0.158
"[0.158, 0.159)",0.03415440207444092,0.159
"[0.159, 0.16)",0.034735177759161504,0.16
"[0.16, 0.161)",0.03846155152507839,0.161
"[0.161, 0.162)",0.034289382189003396,0.162
"[0.162, 0.163)",0.04209162445551022,0.163
"[0.163, 0.164)",0.029911685562135967,0.164
"[0.164, 0.165)",0.03483044719641639,0.165
"[0.165, 0.166)",0.03603613508154493,0.166
"[0.166, 0.167)",0.037836090540165034,0.167
"[0.167, 0.168)",0.0291380929498233,0.168
"[0.168, 0.169)",0.04014685443785494,0.169
"[0.169, 0.17)",0.04580159960070424,0.17
"[0.17, 0.171)",0.03777986667246839,0.171
"[0.171, 0.17200000000000001)",0.03578531145415287,0.17200000000000001
"[0.17200000000000001, 0.17300000000000001)",0.034622704580555566,0.17300000000000001
"[0.17300000000000001, 0.17400000000000002)",0.03225185398104573,0.17400000000000002
"[0.17400000000000002, 0.17500000000000002)",0.03163006678821659,0.17500000000000002
"[0.17500000000000002, 0.176)",0.04538355059507044,0.176
"[0.176, 0.177)",0.02953810106236934,0.177
"[0.177, 0.178)",0.03408744774238248,0.178
"[0.178, 0.179)",0.0362364060024243,0.179
"[0.179, 0.18)",0.040506945375814764,0.18
"[0.18, 0.181)",0.03545108792296927,0.181
"[0.181, 0.182)",0.035923291708437534,0.182
"[0.182, 0.183)",0.03386654304057509,0.183
"[0.183, 0.184)",0.03206352009255813,0.184
"[0.184, 0.185)",0.042625437750000036,0.185
"[0.185, 0.186)",0.030667718913554232,0.186
"[0.186, 0.187)",0.03948370648647801,0.187
"[0.187, 0.188)",0.032578192613081404,0.188
"[0.188, 0.189)",0.02846605179770775,0.189
"[0.189, 0.19)",0.036246228943943685,0.19
"[0.19, 0.191)",0.042702276606250034,0.191
"[0.191, 0.192)",0.03929716244166674,0.192
"[0.192, 0.193)",0.038494940499118585,0.193
"[0.193, 0.194)",0.037925425881019874,0.194
"[0.194, 0.195)",0.04067039285287013,0.195
"[0.195, 0.196)",0.04629287837064521,0.196
"[0.196, 0.197)",0.03775274631766384,0.197
"[0.197, 0.198)",0.03738511290000005,0.198
"[0.198, 0.199)",0.03191256520750003,0.199
"[0.199, 0.2)",0.032907539890823866,0.2
"[0.2, 0.201)",0.03819225516568368,0.201
"[0.201, 0.202)",0.025852142211647753,0.202
"[0.202, 0.203)",0.0309351559149123,0.203
"[0.203, 0.20400000000000001)",0.03968654997463562,0.20400000000000001
"[0.20400000000000001, 0.20500000000000002)",0.041481331766921176,0.20500000000000002
"[0.20500000000000002, 0.20600000000000002)",0.03592303676307495,0.20600000000000002
"[0.20600000000000002, 0.20700000000000002)",0.037855884354312405,0.20700000000000002
"[0.20700000000000002, 0.20800000000000002)",0.0387607787568966,0.20800000000000002
"[0.20800000000000002, 0.209)",0.026423103443699754,0.209
"[0.209, 0.21)",0.032380764811083165,0.21
"[0.21, 0.211)",0.04040217387397964,0.211
"[0.211, 0.212)",0.02948653336189258,0.212
"[0.212, 0.213)",0.03206233716325302,0.213
"[0.213, 0.214)",0.035888031208857196,0.214
"[0.214, 0.215)",0.034951791424844794,0.215
"[0.215, 0.216)",0.033431533522255225,0.216
"[0.216, 0.217)",0.029941724259415624,0.217
"[0.217, 0.218)",0.031866047683962284,0.218
"[0.218, 0.219)",0.03591647813817697,0.219
"[0.219, 0.22)",0.03680177236945952,0.22
"[0.22, 0.221)",0.022862099019794333,0.221
"[0.221, 0.222)",0.03106282481813333,0.222
"[0.222, 0.223)",0.028620484023140512,0.223
"[0.223, 0.224)",0.033770175879896384,0.224
"[0.224, 0.225)",0.02998067577855229,0.225
"[0.225, 0.226)",0.031565329449715934,0.226
"[0.226, 0.227)",0.027713856525531915,0.227
"[0.227, 0.228)",0.036858165284910954,0.228
"[0.228, 0.229)",0.02545970014417554,0.229
"[0.229, 0.23)",0.03230426178359136,0.23
"[0.23, 0.231)",0.028209956029137083,0.231
"[0.231, 0.232)",0.029214604201063855,0.232
"[0.232, 0.233)",0.04102021833826087,0.233
"[0.233, 0.234)",0.03424658026351354,0.234
"[0.234, 0.23500000000000001)",0.028571715959587036,0.23500000000000001
"[0.23500000000000001, 0.23600000000000002)",0.028672471527687298,0.23600000000000002
"[0.23600000000000002, 0.23700000000000002)",0.029702056485396835,0.23700000000000002
"[0.23700000000000002, 0.23800000000000002)",0.032331141497452226,0.23800000000000002
"[0.23800000000000002, 0.23900000000000002)",0.03152373010233921,0.23900000000000002
"[0.23900000000000002, 0.24)",0.030101507747456683,0.24
"[0.24, 0.241)",0.03590465121282053,0.241
"[0.241, 0.242)",0.02430896574582212,0.242
"[0.242, 0.243)",0.038794861161250055,0.243
"[0.243, 0.244)",0.03178508828797472,0.244
"[0.244, 0.245)",0.028061826560693687,0.245
"[0.245, 0.246)",0.028793277505970164,0.246
"[0.246, 0.247)",0.04012850591227785,0.247
"[0.247, 0.248)",0.024979678656695162,0.248
"[0.248, 0.249)",0.028720981807821257,0.249
"[0.249, 0.25)",0.028508973423772628,0.25
"[0.25, 0.251)",0.030338014921176465,0.251
"[0.251, 0.252)",0.022730697041642222,0.252
"[0.252, 0.253)",0.024216808483086053,0.253
"[0.253, 0.254)",0.02557685879997103,0.254
"[0.254, 0.255)",0.04029006409267062,0.255
"[0.255, 0.256)",0.02646075867320446,0.256
"[0.256, 0.257)",0.042094803715531426,0.257
"[0.257, 0.258)",0.031429088811363685,0.258
"[0.258, 0.259)",0.02632304212309592,0.259
"[0.259, 0.26)",0.03918212982580651,0.26
"[0.26, 0.261)",0.02477491674949364,0.261
"[0.261, 0.262)",0.027839071793732958,0.262
"[0.262, 0.263)",0.03157017419115284,0.263
"[0.263, 0.264)",0.02647678876155737,0.264
"[0.264, 0.265)",0.03506407535685133,0.265
"[0.265, 0.266)",0.02758509196462769,0.266
"[0.266, 0.267)",0.025686779867183488,0.267
"[0.267, 0.268)",0.03726997276581201,0.268
"[0.268, 0.269)",0.026453615689974334,0.269
"[0.269, 0.27)",0.027461440374168797,0.27
"[0.27, 0.271)",0.036334607319203995,0.271
"[0.271, 0.272)",0.03315402504872524,0.272
"[0.272, 0.273)",0.029589144527131805,0.273
"[0.273, 0.274)",0.03735944588229429,0.274
"[0.274, 0.275)",0.03341808920460363,0.275
"[0.275, 0.276)",0.03408291493002483,0.276
"[0.276, 0.277)",0.03680012411961631,0.277
"[0.277, 0.278)",0.03504489843079627,0.278
"[0.278, 0.279)",0.030638943681858214,0.279
"[0.279, 0.28)",0.03144258492138748,0.28
"[0.28, 0.281)",0.03115722889921261,0.281
"[0.281, 0.28200000000000003)",0.03558712279597633,0.28200000000000003
"[0.28200000000000003, 0.28300000000000003)",0.030637073619945197,0.28300000000000003
"[0.28300000000000003, 0.28400000000000003)",0.026129888154488624,0.28400000000000003
"[0.28400000000000003, 0.28500000000000003)",0.022926453312424235,0.28500000000000003
"[0.28500000000000003, 0.28600000000000003)",0.02597795584885058,0.28600000000000003
"[0.28600000000000003, 0.28700000000000003)",0.026411433894877278,0.28700000000000003
"[0.28700000000000003, 0.28800000000000003)",0.03482585478584077,0.28800000000000003
"[0.28800000000000003, 0.289)",0.026916270509909898,0.289
"[0.289, 0.29)",0.03200863914753623,0.29
"[0.29, 0.291)",0.023797631084124287,0.291
"[0.291, 0.292)",0.03586409737696483,0.292
"[0.292, 0.293)",0.03641709900414204,0.293
"[0.293, 0.294)",0.04024006315072469,0.294
"[0.294, 0.295)",0.03308557733010755,0.295
"[0.295, 0.296)",0.03675576652653063,0.296
"[0.296, 0.297)",0.032726439092987815,0.297
"[0.297, 0.298)",0.027084400728520728,0.298
"[0.298, 0.299)",0.03746606561747575,0.299
"[0.299, 0.3)",0.030748353850511178,0.3
"[0.3, 0.301)",0.03399691902214988,0.301
"[0.301, 0.302)",0.043203702777346316,0.302
"[0.302, 0.303)",0.047083216881918834,0.303
"[0.303, 0.304)",0.033310045436196346,0.304
"[0.304, 0.305)",0.03685792938866665,0.305
"[0.305, 0.306)",0.027349131998333345,0.306
"[0.306, 0.307)",0.03195123206692559,0.307
"[0.307, 0.308)",0.0323748098895899,0.308
"[0.308, 0.309)",0.027671222760251572,0.309
"[0.309, 0.31)",0.02921019942005653,0.31
"[0.31, 0.311)",0.03260273865705334,0.311
"[0.311, 0.312)",0.03901924302547771,0.312
"[0.312, 0.313)",0.02674115022560976,0.313
"[0.313, 0.314)",0.029448165586217954,0.314
"[0.314, 0.315)",0.029992627801149405,0.315
"[0.315, 0.316)",0.02884219973074534,0.316
"[0.316, 0.317)",0.03378062717514453,0.317
"[0.317, 0.318)",0.03678567053483153,0.318
"[0.318, 0.319)",0.02953403262716051,0.319
"[0.319, 0.32)",0.03362916118452977,0.32
"[0.32, 0.321)",0.031918639403878124,0.321
"[0.321, 0.322)",0.030810797723858276,0.322
"[0.322, 0.323)",0.02772525806353117,0.323
"[0.323, 0.324)",0.025984113494202914,0.324
"[0.324, 0.325)",0.031775887477835635,0.325
"[0.325, 0.326)",0.026867858268979,0.326
"[0.326, 0.327)",0.02084955543650944,0.327
"[0.327, 0.328)",0.03311682588222896,0.328
"[0.328, 0.329)",0.03516647648724636,0.329
"[0.329, 0.33)",0.03177356743842112,0.33
"[0.33, 0.331)",0.02820840298455498,0.331
"[0.331, 0.332)",0.033643162433509254,0.332
"[0.332, 0.333)",0.023611916005699493,0.333
"[0.333, 0.334)",0.033327742550485484,0.334
"[0.334, 0.335)",0.029921181220178606,0.335
"[0.335, 0.336)",0.02982892754175537,0.336
"[0.336, 0.337)",0.025818382537844617,0.337
"[0.337, 0.338)",0.033445771918911224,0.338
"[0.338, 0.339)",0.026707939561495864,0.339
"[0.339, 0.34)",0.028263224617223755,0.34
"[0.34, 0.341)",0.047156857342261584,0.341
"[0.341, 0.342)",0.023852957633467724,0.342
"[0.342, 0.343)",0.02731569060642675,0.343
"[0.343, 0.34400000000000003)",0.02660517052184616,0.34400000000000003
"[0.34400000000000003, 0.34500000000000003)",0.032122471960566654,0.34500000000000003
"[0.34500000000000003, 0.34600000000000003)",0.027556998852924005,0.34600000000000003
"[0.34600000000000003, 0.34700000000000003)",0.04108622819127724,0.34700000000000003
"[0.34700000000000003, 0.34800000000000003)",0.03596966710000005,0.34800000000000003
"[0.34800000000000003, 0.34900000000000003)",0.02908087492257144,0.34900000000000003
"[0.34900000000000003, 0.35000000000000003)",0.03224331676595094,0.35000000000000003
"[0.35000000000000003, 0.35100000000000003)",0.03363737729187677,0.35100000000000003
"[0.35100000000000003, 0.352)",0.022837002719298245,0.352
"[0.352, 0.353)",0.033677826689261246,0.353
"[0.353, 0.354)",0.03318807630568183,0.354
"[0.354, 0.355)",0.03525606142337279,0.355
"[0.355, 0.356)",0.0312532355128247,0.356
"[0.356, 0.357)",0.031037900982507312,0.357
"[0.357, 0.358)",0.023541355465650688,0.358
"[0.358, 0.359)",0.026474122740065775,0.359
"[0.359, 0.36)",0.035039919298210896,0.36
"[0.36, 0.361)",0.03698392060157236,0.361
"[0.361, 0.362)",0.03297501907777778,0.362
"[0.362, 0.363)",0.031130922482413784,0.363
"[0.363, 0.364)",0.04004328647017541,0.364
"[0.364, 0.365)",0.020734635441496594,0.365
"[0.365, 0.366)",0.02522148992382978,0.366
"[0.366, 0.367)",0.02853929193355706,0.367
"[0.367, 0.368)",0.029879814801346164,0.368
"[0.368, 0.369)",0.02650772178169489,0.369
"[0.369, 0.37)",0.03724368461491532,0.37
"[0.37, 0.371)",0.029036006717968747,0.371
"[0.371, 0.372)",0.040379863530468775,0.372
"[0.372, 0.373)",0.03484401500792455,0.373
"[0.373, 0.374)",0.03642785304907473,0.374
"[0.374, 0.375)",0.031186264583405024,0.375
"[0.375, 0.376)",0.034686695722433464,0.376
"[0.376, 0.377)",0.03598258329061304,0.377
"[0.377, 0.378)",0.025696900566666663,0.378
"[0.378, 0.379)",0.03299817565142856,0.379
"[0.379, 0.38)",0.03525652451410659,0.38
"[0.38, 0.381)",0.03661632894929717,0.381
"[0.381, 0.382)",0.034497474853531614,0.382
"[0.382, 0.383)",0.0296073672018018,0.383
"[0.383, 0.384)",0.025307638290591905,0.384
"[0.384, 0.385)",0.037574679792310245,0.385
"[0.385, 0.386)",0.03049711677973158,0.386
"[0.386, 0.387)",0.02831470059832215,0.387
"[0.387, 0.388)",0.020367913355517242,0.388
"[0.388, 0.389)",0.037027615409309315,0.389
"[0.389, 0.39)",0.030855100130272133,0.39
"[0.39, 0.391)",0.033259708096148644,0.391
"[0.391, 0.392)",0.037056778055033573,0.392
"[0.392, 0.393)",0.032564465083950646,0.393
"[0.393, 0.394)",0.037507872201504706,0.394
"[0.394, 0.395)",0.027830712184911222,0.395
"[0.395, 0.396)",0.02868211852532546,0.396
"[0.396, 0.397)",0.029962042049201262,0.397
"[0.397, 0.398)",0.031671385942946696,0.398
"[0.398, 0.399)",0.029462351910511345,0.399
"[0.399, 0.4)",0.026746563978402357,0.4
"[0.4, 0.401)",0.036237563073297036,0.401
"[0.401, 0.402)",0.03302415527781351,0.402
"[0.402, 0.403)",0.02877480413356163,0.403
"[0.403, 0.404)",0.020524448500308625,0.404
"[0.404, 0.405)",0.024643139982142865,0.405
"[0.405, 0.406)",0.02915975236475643,0.406
"[0.406, 0.40700000000000003)",0.024332356712312316,0.40700000000000003
"[0.40700000000000003, 0.40800000000000003)",0.027046215217094792,0.40800000000000003
"[0.40800000000000003, 0.40900000000000003)",0.03394859774177217,0.40900000000000003
"[0.40900000000000003, 0.41000000000000003)",0.026549488965146587,0.41000000000000003
"[0.41000000000000003, 0.41100000000000003)",0.03312524952208203,0.41100000000000003
"[0.41100000000000003, 0.41200000000000003)",0.03033292676228189,0.41200000000000003
"[0.41200000000000003, 0.41300000000000003)",0.03477764506234574,0.41300000000000003
"[0.41300000000000003, 0.41400000000000003)",0.02863124857474047,0.41400000000000003
"[0.41400000000000003, 0.41500000000000004)",0.02977545622983051,0.41500000000000004
"[0.41500000000000004, 0.41600000000000004)",0.03964719301250003,0.41600000000000004
"[0.41600000000000004, 0.417)",0.027422790701371224,0.417
"[0.417, 0.418)",0.025971534184639506,0.418
"[0.418, 0.419)",0.027308409044610387,0.419
"[0.419, 0.42)",0.028962103271559667,0.42
"[0.42, 0.421)",0.030835924263239868,0.421
"[0.421, 0.422)",0.02471665970917721,0.422
"[0.422, 0.423)",0.030747540001360547,0.423
"[0.423, 0.424)",0.028967051244964005,0.424
"[0.424, 0.425)",0.03127775412352943,0.425
"[0.425, 0.426)",0.02347231580327868,0.426
"[0.426, 0.427)",0.03388154859093962,0.427
"[0.427, 0.428)",0.029193105225396827,0.428
"[0.428, 0.429)",0.023652967201223236,0.429
"[0.429, 0.43)",0.025731403106451597,0.43
"[0.43, 0.431)",0.027999576324441094,0.431
"[0.431, 0.432)",0.023312106517073928,0.432
"[0.432, 0.433)",0.027728402590034347,0.433
"[0.433, 0.434)",0.035752786825714304,0.434
"[0.434, 0.435)",0.029540247504804818,0.435
"[0.435, 0.436)",0.026646899406369426,0.436
"[0.436, 0.437)",0.03275389254292065,0.437
"[0.437, 0.438)",0.028096566855363336,0.438
"[0.438, 0.439)",0.031826230029025175,0.439
"[0.439, 0.44)",0.036521943306579,0.44
"[0.44, 0.441)",0.023427559565714295,0.441
"[0.441, 0.442)",0.020938873488659793,0.442
"[0.442, 0.443)",0.039129799487935504,0.443
"[0.443, 0.444)",0.029743517350133353,0.444
"[0.444, 0.445)",0.026393919889716302,0.445
"[0.445, 0.446)",0.031503253042013894,0.446
"[0.446, 0.447)",0.031753176365594854,0.447
"[0.447, 0.448)",0.031348449943309875,0.448
"[0.448, 0.449)",0.026180585453616345,0.449
"[0.449, 0.45)",0.02831469937307691,0.45
"[0.45, 0.451)",0.033350988646815335,0.451
"[0.451, 0.452)",0.027496773588076912,0.452
"[0.452, 0.453)",0.0228703344866013,0.453
"[0.453, 0.454)",0.0367297172652353,0.454
"[0.454, 0.455)",0.03447901123492066,0.455
"[0.455, 0.456)",0.022150368690729477,0.456
"[0.456, 0.457)",0.03594989011566954,0.457
"[0.457, 0.458)",0.0350349369771141,0.458
"[0.458, 0.459)",0.026219528849671023,0.459
"[0.459, 0.46)",0.032661141906948646,0.46
"[0.46, 0.461)",0.02734132355382262,0.461
"[0.461, 0.462)",0.03289272259799999,0.462
"[0.462, 0.463)",0.029352593777379532,0.463
"[0.463, 0.464)",0.026413668247648896,0.464
"[0.464, 0.465)",0.02724420227070121,0.465
"[0.465, 0.466)",0.023855910916768693,0.466
"[0.466, 0.467)",0.02957793118496503,0.467
"[0.467, 0.468)",0.03430779926096774,0.468
"[0.468, 0.46900000000000003)",0.029686060124507516,0.46900000000000003
"[0.46900000000000003, 0.47000000000000003)",0.03932560922970299,0.47000000000000003
"[0.47000000000000003, 0.47100000000000003)",0.032152886837383224,0.47100000000000003
"[0.47100000000000003, 0.47200000000000003)",0.04233031878233439,0.47200000000000003
"[0.47200000000000003, 0.47300000000000003)",0.044774729038997214,0.47300000000000003
"[0.47300000000000003, 0.47400000000000003)",0.03890454970914828,0.47400000000000003
"[0.47400000000000003, 0.47500000000000003)",0.032148318217737046,0.47500000000000003
"[0.47500000000000003, 0.47600000000000003)",0.02885317065477615,0.47600000000000003
"[0.47600000000000003, 0.47700000000000004)",0.04254565380960491,0.47700000000000004
"[0.47700000000000004, 0.47800000000000004)",0.0258741711097561,0.47800000000000004
"[0.47800000000000004, 0.47900000000000004)",0.03237372377160123,0.47900000000000004
"[0.47900000000000004, 0.48)",0.02347111209356911,0.48
"[0.48, 0.481)",0.03945767737217126,0.481
"[0.481, 0.482)",0.02516979492920635,0.482
"[0.482, 0.483)",0.032749817896000046,0.483
"[0.483, 0.484)",0.030878504203470047,0.484
"[0.484, 0.485)",0.027052758120905893,0.485
"[0.485, 0.486)",0.026790618495548955,0.486
"[0.486, 0.487)",0.03089938200598802,0.487
"[0.487, 0.488)",0.025415709707964574,0.488
"[0.488, 0.489)",0.04486729186407187,0.489
"[0.489, 0.49)",0.02939663086802509,0.49
"[0.49, 0.491)",0.03405802910859873,0.491
"[0.491, 0.492)",0.02469040423731776,0.492
"[0.492, 0.493)",0.031205672709611963,0.493
"[0.493, 0.494)",0.031580073110163955,0.494
"[0.494, 0.495)",0.029201415309090924,0.495
"[0.495, 0.496)",0.035980299903960386,0.496
"[0.496, 0.497)",0.02240934910376176,0.497
"[0.497, 0.498)",0.02342546052977346,0.498
"[0.498, 0.499)",0.02808985056246059,0.499
"[0.499, 0.5)",0.026800376934110786,0.5
"[0.5, 0.501)",0.036740712877491984,0.501
"[0.501, 0.502)",0.0292391468678808,0.502
"[0.502, 0.503)",0.03612921828906755,0.503
"[0.503, 0.504)",0.026899787419937708,0.504
"[0.504, 0.505)",0.02506359692172725,0.505
"[0.505, 0.506)",0.03078002269195405,0.506
"[0.506, 0.507)",0.026846852687187495,0.507
"[0.507, 0.508)",0.025199107235080908,0.508
"[0.508, 0.509)",0.02712949646086957,0.509
"[0.509, 0.51)",0.027414996371475403,0.51
"[0.51, 0.511)",0.03277287341045294,0.511
"[0.511, 0.512)",0.033512032395744705,0.512
"[0.512, 0.513)",0.03299065365851064,0.513
"[0.513, 0.514)",0.01954359749657533,0.514
"[0.514, 0.515)",0.0254309479570397,0.515
"[0.515, 0.516)",0.03807832223344265,0.516
"[0.516, 0.517)",0.026528591834285718,0.517
"[0.517, 0.518)",0.025793019180612227,0.518
"[0.518, 0.519)",0.02141860298447654,0.519
"[0.519, 0.52)",0.031078334700370382,0.52
"[0.52, 0.521)",0.02059750756006667,0.521
"[0.521, 0.522)",0.03394666080743495,0.522
"[0.522, 0.523)",0.033687617572284646,0.523
"[0.523, 0.524)",0.030107902811724145,0.524
"[0.524, 0.525)",0.02538702874807691,0.525
"[0.525, 0.526)",0.039043442085661774,0.526
"[0.526, 0.527)",0.026965992173239427,0.527
"[0.527, 0.528)",0.02366654125985018,0.528
"[0.528, 0.529)",0.027352361566666657,0.529
"[0.529, 0.53)",0.028732191097509588,0.53
"[0.53, 0.531)",0.03696662082045456,0.531
"[0.531, 0.532)",0.03097937505147057,0.532
"[0.532, 0.533)",0.030389470762302643,0.533
"[0.533, 0.534)",0.03427008902107144,0.534
"[0.534, 0.535)",0.027798448415298504,0.535
"[0.535, 0.536)",0.03227206879999998,0.536
"[0.536, 0.537)",0.036441372917491034,0.537
"[0.537, 0.538)",0.030892400297348487,0.538
"[0.538, 0.539)",0.033688334171379314,0.539
"[0.539, 0.54)",0.024267441527137536,0.54
"[0.54, 0.541)",0.026858820456857124,0.541
"[0.541, 0.542)",0.03958426570129497,0.542
"[0.542, 0.543)",0.02554960748634687,0.543
"[0.543, 0.544)",0.03036350281061821,0.544
"[0.544, 0.545)",0.02919821519335792,0.545
"[0.545, 0.546)",0.025819346535074623,0.546
"[0.546, 0.547)",0.028540491892086316,0.547
"[0.547, 0.548)",0.02006394136319444,0.548
"[0.548, 0.549)",0.031012067581541215,0.549
"[0.549, 0.55)",0.033495114883612016,0.55
"[0.55, 0.551)",0.02673074902767528,0.551
"[0.551, 0.552)",0.03384606396421407,0.552
"[0.552, 0.553)",0.02395538156678831,0.553
"[0.553, 0.554)",0.03267520191444443,0.554
"[0.554, 0.555)",0.02701464943359375,0.555
"[0.555, 0.556)",0.032299230989716335,0.556
"[0.556, 0.557)",0.03052010575846153,0.557
"[0.557, 0.558)",0.027642403581343265,0.558
"[0.558, 0.559)",0.03128542694606742,0.559
"[0.559, 0.56)",0.02413895387796296,0.56
"[0.56, 0.561)",0.024662502521232855,0.561
"[0.561, 0.562)",0.02750811637916664,0.562
"[0.562, 0.5630000000000001)",0.027082818089056604,0.5630000000000001
"[0.5630000000000001, 0.5640000000000001)",0.022980786200716828,0.5640000000000001
"[0.5640000000000001, 0.5650000000000001)",0.03697441539927272,0.5650000000000001
"[0.5650000000000001, 0.5660000000000001)",0.025525371007446798,0.5660000000000001
"[0.5660000000000001, 0.5670000000000001)",0.02871679639999997,0.5670000000000001
"[0.5670000000000001, 0.5680000000000001)",0.03778347960365671,0.5680000000000001
"[0.5680000000000001, 0.5690000000000001)",0.0214933974597701,0.5690000000000001
"[0.5690000000000001, 0.5700000000000001)",0.029197236569936693,0.5700000000000001
"[0.5700000000000001, 0.5710000000000001)",0.02772316870037878,0.5710000000000001
"[0.5710000000000001, 0.5720000000000001)",0.02977967796996513,0.5720000000000001
"[0.5720000000000001, 0.5730000000000001)",0.027953089456410247,0.5730000000000001
"[0.5730000000000001, 0.5740000000000001)",0.02394053140721609,0.5740000000000001
"[0.5740000000000001, 0.5750000000000001)",0.020260167000754704,0.5750000000000001
"[0.5750000000000001, 0.5760000000000001)",0.029666193530894294,0.5760000000000001
"[0.5760000000000001, 0.577)",0.03255259109745762,0.577
"[0.577, 0.578)",0.027744334392799982,0.578
"[0.578, 0.579)",0.027797460224028275,0.579
"[0.579, 0.58)",0.026536463807462687,0.58
"[0.58, 0.581)",0.024010419665594838,0.581
"[0.581, 0.582)",0.025271223674647868,0.582
"[0.582, 0.583)",0.03284394433079849,0.583
"[0.583, 0.584)",0.047847250289219365,0.584
"[0.584, 0.585)",0.02991941350175439,0.585
"[0.585, 0.586)",0.03198457813076922,0.586
"[0.586, 0.587)",0.025634086295833344,0.587
"[0.587, 0.588)",0.024565460237956187,0.588
"[0.588, 0.589)",0.02942677670570342,0.589
"[0.589, 0.59)",0.029358116889642863,0.59
"[0.59, 0.591)",0.025861966222909087,0.591
"[0.591, 0.592)",0.029182021910079688,0.592
"[0.592, 0.593)",0.02609101693769841,0.593
"[0.593, 0.594)",0.024430055604545448,0.594
"[0.594, 0.595)",0.03729044451047434,0.595
"[0.595, 0.596)",0.02601831527391302,0.596
"[0.596, 0.597)",0.03235792157546469,0.597
"[0.597, 0.598)",0.03573436640281124,0.598
"[0.598, 0.599)",0.026678884547547153,0.599
"[0.599, 0.6)",0.03564738983394836,0.6
"[0.6, 0.601)",0.03480459921229508,0.601
"[0.601, 0.602)",0.028065469447058823,0.602
"[0.602, 0.603)",0.02875824573333333,0.603
"[0.603, 0.604)",0.030549297138910483,0.604
"[0.604, 0.605)",0.03161781143510203,0.605
"[0.605, 0.606)",0.029167474928193843,0.606
"[0.606, 0.607)",0.03233450928506073,0.607
"[0.607, 0.608)",0.030398949804785955,0.608
"[0.608, 0.609)",0.024390034995967057,0.609
"[0.609, 0.61)",0.03767837449590163,0.61
"[0.61, 0.611)",0.038140268817557235,0.611
"[0.611, 0.612)",0.03584720956148408,0.612
"[0.612, 0.613)",0.025397574666296274,0.613
"[0.613, 0.614)",0.030422773457243823,0.614
"[0.614, 0.615)",0.03258093508165136,0.615
"[0.615, 0.616)",0.023627021548014437,0.616
"[0.616, 0.617)",0.032732363240969,0.617
"[0.617, 0.618)",0.03247075797254903,0.618
"[0.618, 0.619)",0.03556667084014869,0.619
"[0.619, 0.62)",0.03493407407591837,0.62
"[0.62, 0.621)",0.03443910111773588,0.621
"[0.621, 0.622)",0.02641919816361538,0.622
"[0.622, 0.623)",0.02739435194624999,0.623
"[0.623, 0.624)",0.029697021551953102,0.624
"[0.624, 0.625)",0.02386295120516604,0.625
"[0.625, 0.626)",0.029671454491459096,0.626
"[0.626, 0.627)",0.030021460368421057,0.627
"[0.627, 0.628)",0.031041539889510462,0.628
"[0.628, 0.629)",0.027429249942906575,0.629
"[0.629, 0.63)",0.02758735887216216,0.63
"[0.63, 0.631)",0.03583845892099644,0.631
"[0.631, 0.632)",0.018877886979411763,0.632
"[0.632, 0.633)",0.03589652751007141,0.633
"[0.633, 0.634)",0.032277029805349786,0.634
"[0.634, 0.635)",0.03335363734948456,0.635
"[0.635, 0.636)",0.02945035591883268,0.636
"[0.636, 0.637)",0.022911105020209058,0.637
"[0.637, 0.638)",0.01772741211620555,0.638
"[0.638, 0.639)",0.026074955980451096,0.639
"[0.639, 0.64)",0.030267523498986443,0.64
"[0.64, 0.641)",0.028684031626515144,0.641
"[0.641, 0.642)",0.03391141314904214,0.642
"[0.642, 0.643)",0.027130627832692294,0.643
"[0.643, 0.644)",0.030741357000384627,0.644
"[0.644, 0.645)",0.031730829255109484,0.645
"[0.645, 0.646)",0.02291521805411765,0.646
"[0.646, 0.647)",0.03043185122744361,0.647
"[0.647, 0.648)",0.03376088873834511,0.648
"[0.648, 0.649)",0.032385783133999986,0.649
"[0.649, 0.65)",0.039107840644709936,0.65
"[0.65, 0.651)",0.026605236986891382,0.651
"[0.651, 0.652)",0.022783788412653064,0.652
"[0.652, 0.653)",0.01804401009059828,0.653
"[0.653, 0.654)",0.022219313962705895,0.654
"[0.654, 0.655)",0.03213890015617019,0.655
"[0.655, 0.656)",0.03770319169809523,0.656
"[0.656, 0.657)",0.027248709172764226,0.657
"[0.657, 0.658)",0.03915124219930232,0.658
"[0.658, 0.659)",0.026559172031275717,0.659
"[0.659, 0.66)",0.02611282716666666,0.66
"[0.66, 0.661)",0.03647264714333333,0.661
"[0.661, 0.662)",0.02383024086979593,0.662
"[0.662, 0.663)",0.03279999027164748,0.663
"[0.663, 0.664)",0.030593163430249082,0.664
"[0.664, 0.665)",0.03144091327581965,0.665
"[0.665, 0.666)",0.03271785965086468,0.666
"[0.666, 0.667)",0.04270743075491804,0.667
"[0.667, 0.668)",0.02996298542313431,0.668
"[0.668, 0.669)",0.028370807674708166,0.669
"[0.669, 0.67)",0.027973326648070167,0.67
"[0.67, 0.671)",0.02627303384907062,0.671
"[0.671, 0.672)",0.03406249186694213,0.672
"[0.672, 0.673)",0.02615324197565381,0.673
"[0.673, 0.674)",0.0351625242227413,0.674
"[0.674, 0.675)",0.023469793654385975,0.675
"[0.675, 0.676)",0.03275534348076923,0.676
"[0.676, 0.677)",0.03671510276116937,0.677
"[0.677, 0.678)",0.03546840383857664,0.678
"[0.678, 0.679)",0.018972275751304356,0.679
"[0.679, 0.68)",0.03574196914466405,0.68
"[0.68, 0.681)",0.03867623182707427,0.681
"[0.681, 0.682)",0.0386601520381526,0.682
"[0.682, 0.683)",0.021740953496862742,0.683
"[0.683, 0.684)",0.022765090443157884,0.684
"[0.684, 0.685)",0.022625519896326534,0.685
"[0.685, 0.686)",0.0308812658106599,0.686
"[0.686, 0.687)",0.04150900308550186,0.687
"[0.687, 0.6880000000000001)",0.023106647367965378,0.6880000000000001
"[0.6880000000000001, 0.6890000000000001)",0.03700843541242798,0.6890000000000001
"[0.6890000000000001, 0.6900000000000001)",0.02683648846273108,0.6900000000000001
"[0.6900000000000001, 0.6910000000000001)",0.0287247345804,0.6910000000000001
"[0.6910000000000001, 0.6920000000000001)",0.029548196254918026,0.6920000000000001
"[0.6920000000000001, 0.6930000000000001)",0.027687416929910728,0.6930000000000001
"[0.6930000000000001, 0.6940000000000001)",0.022589231032110094,0.6940000000000001
"[0.6940000000000001, 0.6950000000000001)",0.0266295667522124,0.6950000000000001
"[0.6950000000000001, 0.6960000000000001)",0.03290248480256412,0.6960000000000001
"[0.6960000000000001, 0.6970000000000001)",0.030403612158849565,0.6970000000000001
"[0.6970000000000001, 0.6980000000000001)",0.02941348860506172,0.6980000000000001
"[0.6980000000000001, 0.6990000000000001)",0.030207681923456783,0.6990000000000001
"[0.6990000000000001, 0.7000000000000001)",0.03334744770295359,0.7000000000000001
"[0.7000000000000001, 0.7010000000000001)",0.02953988595206611,0.7010000000000001
"[0.7010000000000001, 0.7020000000000001)",0.02776623001794872,0.7020000000000001
"[0.7020000000000001, 0.7030000000000001)",0.026337513270967745,0.7030000000000001
"[0.7030000000000001, 0.704)",0.031197276052831846,0.704
"[0.704, 0.705)",0.038093115338709696,0.705
"[0.705, 0.706)",0.027779984357466054,0.706
"[0.706, 0.707)",0.0211586426325,0.707
"[0.707, 0.708)",0.035233064614427864,0.708
"[0.708, 0.709)",0.03243343869567103,0.709
"[0.709, 0.71)",0.03657345564405288,0.71
"[0.71, 0.711)",0.023322905266517837,0.711
"[0.711, 0.712)",0.03381590516131688,0.712
"[0.712, 0.713)",0.04445779387701151,0.713
"[0.713, 0.714)",0.025720863731999985,0.714
"[0.714, 0.715)",0.02533203642543102,0.715
"[0.715, 0.716)",0.020374718797674416,0.716
"[0.716, 0.717)",0.03379183930795239,0.717
"[0.717, 0.718)",0.025215422541632646,0.718
"[0.718, 0.719)",0.03344721477732794,0.719
"[0.719, 0.72)",0.028122866635510193,0.72
"[0.72, 0.721)",0.033207165675757586,0.721
"[0.721, 0.722)",0.019563495597863256,0.722
"[0.722, 0.723)",0.030047349938056668,0.723
"[0.723, 0.724)",0.0342129157433071,0.724
"[0.724, 0.725)",0.02269025194638296,0.725
"[0.725, 0.726)",0.023859207257251904,0.726
"[0.726, 0.727)",0.030525954106294825,0.727
"[0.727, 0.728)",0.0297176257018248,0.728
"[0.728, 0.729)",0.025594278843103443,0.729
"[0.729, 0.73)",0.03525755785803279,0.73
"[0.73, 0.731)",0.03273246786224897,0.731
"[0.731, 0.732)",0.034769748558267734,0.732
"[0.732, 0.733)",0.02871360564297522,0.733
"[0.733, 0.734)",0.03334336335564853,0.734
"[0.734, 0.735)",0.03331616851634239,0.735
"[0.735, 0.736)",0.0267717530556391,0.736
"[0.736, 0.737)",0.0307839420356589,0.737
"[0.737, 0.738)",0.02820189061290322,0.738
"[0.738, 0.739)",0.02877366602044443,0.739
"[0.739, 0.74)",0.020185003973122527,0.74
"[0.74, 0.741)",0.028879962335897416,0.741
"[0.741, 0.742)",0.03382067000149252,0.742
"[0.742, 0.743)",0.02722197293253588,0.743
"[0.743, 0.744)",0.028652541281779655,0.744
"[0.744, 0.745)",0.022082206930622003,0.745
"[0.745, 0.746)",0.017360471858441563,0.746
"[0.746, 0.747)",0.024071965146973684,0.747
"[0.747, 0.748)",0.03377255897808216,0.748
"[0.748, 0.749)",0.030804434246096645,0.749
"[0.749, 0.75)",0.03415167469272727,0.75
"[0.75, 0.751)",0.03048127063555554,0.751
"[0.751, 0.752)",0.036522540533495136,0.752
"[0.752, 0.753)",0.03185712266339287,0.753
"[0.753, 0.754)",0.029584594847863233,0.754
"[0.754, 0.755)",0.026021735556640623,0.755
"[0.755, 0.756)",0.02306132959603173,0.756
"[0.756, 0.757)",0.027161056401666658,0.757
"[0.757, 0.758)",0.031092724085542135,0.758
"[0.758, 0.759)",0.02766619437489539,0.759
"[0.759, 0.76)",0.030507621349166646,0.76
"[0.76, 0.761)",0.02424295231484375,0.761
"[0.761, 0.762)",0.02437970693461537,0.762
"[0.762, 0.763)",0.024951838739484974,0.763
"[0.763, 0.764)",0.031854831191703056,0.764
"[0.764, 0.765)",0.036095541166269875,0.765
"[0.765, 0.766)",0.03330881162111552,0.766
"[0.766, 0.767)",0.03631332360650408,0.767
"[0.767, 0.768)",0.017758718054128434,0.768
"[0.768, 0.769)",0.03377823703613141,0.769
"[0.769, 0.77)",0.027860432340663918,0.77
"[0.77, 0.771)",0.028383175804633187,0.771
"[0.771, 0.772)",0.02599594780745616,0.772
"[0.772, 0.773)",0.03209971961168832,0.773
"[0.773, 0.774)",0.029240201293392068,0.774
"[0.774, 0.775)",0.040625103082969426,0.775
"[0.775, 0.776)",0.029319115728448288,0.776
"[0.776, 0.777)",0.037387381821074386,0.777
"[0.777, 0.778)",0.028341210696832576,0.778
"[0.778, 0.779)",0.0268136432917808,0.779
"[0.779, 0.78)",0.029592717085398217,0.78
"[0.78, 0.781)",0.05051649156056917,0.781
"[0.781, 0.782)",0.03033590402840634,0.782
"[0.782, 0.783)",0.02311951298427984,0.783
"[0.783, 0.784)",0.01743198129833334,0.784
"[0.784, 0.785)",0.032921425962735854,0.785
"[0.785, 0.786)",0.0304627091045532,0.786
"[0.786, 0.787)",0.03532275029205021,0.787
"[0.787, 0.788)",0.03303139223485479,0.788
"[0.788, 0.789)",0.022810669289516135,0.789
"[0.789, 0.79)",0.0319072063722656,0.79
"[0.79, 0.791)",0.04551938185948278,0.791
"[0.791, 0.792)",0.02835575583954373,0.792
"[0.792, 0.793)",0.03232635541422413,0.793
"[0.793, 0.794)",0.02499980674669423,0.794
"[0.794, 0.795)",0.02685978395603863,0.795
"[0.795, 0.796)",0.025214899441574064,0.796
"[0.796, 0.797)",0.032301230574537036,0.797
"[0.797, 0.798)",0.022241179533809528,0.798
"[0.798, 0.799)",0.024322104006829274,0.799
"[0.799, 0.8)",0.04050034652944161,0.8
"[0.8, 0.801)",0.026608180493888873,0.801
"[0.801, 0.802)",0.0295540512619658,0.802
"[0.802, 0.803)",0.03535447165191487,0.803
"[0.803, 0.804)",0.03830103769173554,0.804
"[0.804, 0.805)",0.05937176755844158,0.805
"[0.805, 0.806)",0.0358561947988362,0.806
"[0.806, 0.807)",0.019648516246534645,0.807
"[0.807, 0.808)",0.03069443325023923,0.808
"[0.808, 0.809)",0.030178684308436,0.809
"[0.809, 0.81)",0.03225672484798204,0.81
"[0.81, 0.811)",0.03430139757455355,0.811
"[0.811, 0.812)",0.032445640185567004,0.812
"[0.812, 0.8130000000000001)",0.02715026310549107,0.8130000000000001
"[0.8130000000000001, 0.8140000000000001)",0.02559175221569507,0.8140000000000001
"[0.8140000000000001, 0.8150000000000001)",0.026922098193069316,0.8150000000000001
"[0.8150000000000001, 0.8160000000000001)",0.023293309150222225,0.8160000000000001
"[0.8160000000000001, 0.8170000000000001)",0.026128526487464783,0.8170000000000001
"[0.8170000000000001, 0.8180000000000001)",0.042657755962561585,0.8180000000000001
"[0.8180000000000001, 0.8190000000000001)",0.021475812592996125,0.8190000000000001
"[0.8190000000000001, 0.8200000000000001)",0.028467574342156878,0.8200000000000001
"[0.8200000000000001, 0.8210000000000001)",0.025921017717821772,0.8210000000000001
"[0.8210000000000001, 0.8220000000000001)",0.020891066984403666,0.8220000000000001
"[0.8220000000000001, 0.8230000000000001)",0.03129069638604651,0.8230000000000001
"[0.8230000000000001, 0.8240000000000001)",0.03236180188307087,0.8240000000000001
"[0.8240000000000001, 0.8250000000000001)",0.03446178998613443,0.8250000000000001
"[0.8250000000000001, 0.8260000000000001)",0.04141187363761469,0.8260000000000001
"[0.8260000000000001, 0.8270000000000001)",0.02646977368348622,0.8270000000000001
"[0.8270000000000001, 0.8280000000000001)",0.025536004403205134,0.8280000000000001
"[0.8280000000000001, 0.8290000000000001)",0.029113241357207203,0.8290000000000001
"[0.8290000000000001, 0.8300000000000001)",0.030893284657692307,0.8300000000000001
"[0.8300000000000001, 0.8310000000000001)",0.0355630190412371,0.8310000000000001
"[0.8310000000000001, 0.8320000000000001)",0.032232389742439006,0.8320000000000001
"[0.8320000000000001, 0.833)",0.030948311496629195,0.833
"[0.833, 0.834)",0.04352530198527921,0.834
"[0.834, 0.835)",0.031966825961650465,0.835
"[0.835, 0.836)",0.027993848534574452,0.836
"[0.836, 0.837)",0.025071097429326908,0.837
"[0.837, 0.838)",0.02391882496129031,0.838
"[0.838, 0.839)",0.029857688415320188,0.839
"[0.839, 0.84)",0.02797037733765433,0.84
"[0.84, 0.841)",0.03131890454791665,0.841
"[0.841, 0.842)",0.03530018053963414,0.842
"[0.842, 0.843)",0.035578888721596244,0.843
"[0.843, 0.844)",0.031699830252834196,0.844
"[0.844, 0.845)",0.032494189306285726,0.845
"[0.845, 0.846)",0.03573370426476191,0.846
"[0.846, 0.847)",0.03889742162694301,0.847
"[0.847, 0.848)",0.03009196928173516,0.848
"[0.848, 0.849)",0.04001688815616442,0.849
"[0.849, 0.85)",0.03213495459634703,0.85
"[0.85, 0.851)",0.03133026891179106,0.851
"[0.851, 0.852)",0.03032080311057692,0.852
"[0.852, 0.853)",0.026133835115577896,0.853
"[0.853, 0.854)",0.033876738925000004,0.854
"[0.854, 0.855)",0.028649210920083674,0.855
"[0.855, 0.856)",0.020545588770813944,0.856
"[0.856, 0.857)",0.042221739808443605,0.857
"[0.857, 0.858)",0.037488996399586784,0.858
"[0.858, 0.859)",0.030637210524193544,0.859
"[0.859, 0.86)",0.036727724232136764,0.86
"[0.86, 0.861)",0.02998603390679011,0.861
"[0.861, 0.862)",0.02946112780753247,0.862
"[0.862, 0.863)",0.04572192398803831,0.863
"[0.863, 0.864)",0.035050210069721095,0.864
"[0.864, 0.865)",0.02326472800613205,0.865
"[0.865, 0.866)",0.03095434060978723,0.866
"[0.866, 0.867)",0.024718726234883737,0.867
"[0.867, 0.868)",0.02424554653054394,0.868
"[0.868, 0.869)",0.03134266510912037,0.869
"[0.869, 0.87)",0.027112592851528373,0.87
"[0.87, 0.871)",0.0302981665998305,0.871
"[0.871, 0.872)",0.033807186306808505,0.872
"[0.872, 0.873)",0.027937463612217182,0.873
"[0.873, 0.874)",0.027723669389211614,0.874
"[0.874, 0.875)",0.029340512628936166,0.875
"[0.875, 0.876)",0.03169852043639998,0.876
"[0.876, 0.877)",0.020125919694144158,0.877
"[0.877, 0.878)",0.027755729241358006,0.878
"[0.878, 0.879)",0.03354239195084743,0.879
"[0.879, 0.88)",0.029558963616487587,0.88
"[0.88, 0.881)",0.03754249756177777,0.881
"[0.881, 0.882)",0.03551835770859375,0.882
"[0.882, 0.883)",0.020878650228400002,0.883
"[0.883, 0.884)",0.022614393286343612,0.884
"[0.884, 0.885)",0.03254235996036036,0.885
"[0.885, 0.886)",0.03241178967644443,0.886
"[0.886, 0.887)",0.025356337443203886,0.887
"[0.887, 0.888)",0.022926059056118147,0.888
"[0.888, 0.889)",0.031911775723983744,0.889
"[0.889, 0.89)",0.01839018777370892,0.89
"[0.89, 0.891)",0.02596857574681817,0.891
"[0.891, 0.892)",0.028854796205701763,0.892
"[0.892, 0.893)",0.025839734374770645,0.893
"[0.893, 0.894)",0.026591969646902656,0.894
"[0.894, 0.895)",0.02789490850038024,0.895
"[0.895, 0.896)",0.027971012016587672,0.896
"[0.896, 0.897)",0.030757463428870285,0.897
"[0.897, 0.898)",0.031000954909500014,0.898
"[0.898, 0.899)",0.03130784836805558,0.899
"[0.899, 0.9)",0.025786707451091684,0.9
"[0.9, 0.901)",0.028157832114410475,0.901
"[0.901, 0.902)",0.03498131753317308,0.902
"[0.902, 0.903)",0.03784622878266663,0.903
"[0.903, 0.904)",0.02772502396517858,0.904
"[0.904, 0.905)",0.027217417032376658,0.905
"[0.905, 0.906)",0.027318287488429762,0.906
"[0.906, 0.907)",0.03981010558278691,0.907
"[0.907, 0.908)",0.027232647663485456,0.908
"[0.908, 0.909)",0.023155652525659567,0.909
"[0.909, 0.91)",0.027926673442317605,0.91
"[0.91, 0.911)",0.025678525794805188,0.911
"[0.911, 0.912)",0.029916960518446604,0.912
"[0.912, 0.913)",0.031704338828103446,0.913
"[0.913, 0.914)",0.03721027514678901,0.914
"[0.914, 0.915)",0.04630331429665073,0.915
"[0.915, 0.916)",0.027342960883720926,0.916
"[0.916, 0.917)",0.023000375152968044,0.917
"[0.917, 0.918)",0.03135210952617225,0.918
"[0.918, 0.919)",0.03322349267228214,0.919
"[0.919, 0.92)",0.02410093580128204,0.92
"[0.92, 0.921)",0.037752767874206054,0.921
"[0.921, 0.922)",0.03192438147493212,0.922
"[0.922, 0.923)",0.041599310590821274,0.923
"[0.923, 0.924)",0.03435200730097166,0.924
"[0.924, 0.925)",0.031816363313677674,0.925
"[0.925, 0.926)",0.02681435298056679,0.926
"[0.926, 0.927)",0.027102849236776833,0.927
"[0.927, 0.928)",0.02234162185728156,0.928
"[0.928, 0.929)",0.032851821047844815,0.929
"[0.929, 0.93)",0.015342731121658989,0.93
"[0.93, 0.931)",0.03247606769703388,0.931
"[0.931, 0.932)",0.03863615108122064,0.932
"[0.932, 0.933)",0.03020313575357143,0.933
"[0.933, 0.934)",0.030314479813549997,0.934
"[0.934, 0.935)",0.018277784082272736,0.935
"[0.935, 0.936)",0.034206883018181825,0.936
"[0.936, 0.937)",0.03240548722680411,0.937
"[0.937, 0.9380000000000001)",0.03175573555565606,0.9380000000000001
"[0.9380000000000001, 0.9390000000000001)",0.030955603946236563,0.9390000000000001
"[0.9390000000000001, 0.9400000000000001)",0.030992289623893766,0.9400000000000001
"[0.9400000000000001, 0.9410000000000001)",0.03416696581940927,0.9410000000000001
"[0.9410000000000001, 0.9420000000000001)",0.032527645422369675,0.9420000000000001
"[0.9420000000000001, 0.9430000000000001)",0.0357927191421801,0.9430000000000001
"[0.9430000000000001, 0.9440000000000001)",0.024435619218145164,0.9440000000000001
"[0.9440000000000001, 0.9450000000000001)",0.02657270086877828,0.9450000000000001
"[0.9450000000000001, 0.9460000000000001)",0.0241884788736111,0.9460000000000001
"[0.9460000000000001, 0.9470000000000001)",0.027741061889427317,0.9470000000000001
"[0.9470000000000001, 0.9480000000000001)",0.02845739250970873,0.9480000000000001
"[0.9480000000000001, 0.9490000000000001)",0.029736037730985907,0.9490000000000001
"[0.9490000000000001, 0.9500000000000001)",0.032985396442410705,0.9500000000000001
"[0.9500000000000001, 0.9510000000000001)",0.024648641445673095,0.9510000000000001
"[0.9510000000000001, 0.9520000000000001)",0.023350006450097088,0.9520000000000001
"[0.9520000000000001, 0.9530000000000001)",0.021817883025339373,0.9530000000000001
"[0.9530000000000001, 0.9540000000000001)",0.021745957386255916,0.9540000000000001
"[0.9540000000000001, 0.9550000000000001)",0.020354451206896565,0.9550000000000001
"[0.9550000000000001, 0.9560000000000001)",0.026950991765000012,0.9560000000000001
"[0.9560000000000001, 0.9570000000000001)",0.030556472601345284,0.9570000000000001
"[0.9570000000000001, 0.9580000000000001)",0.02672349750649349,0.9580000000000001
"[0.9580000000000001, 0.9590000000000001)",0.03429988002245761,0.9590000000000001
"[0.9590000000000001, 0.96)",0.026913898851999987,0.96
"[0.96, 0.961)",0.03225610329830507,0.961
"[0.961, 0.962)",0.034567037936453195,0.962
"[0.962, 0.963)",0.02903954678097558,0.963
"[0.963, 0.964)",0.024018328114130443,0.964
"[0.964, 0.965)",0.03387249307735846,0.965
"[0.965, 0.966)",0.035990998679896906,0.966
"[0.966, 0.967)",0.019898721960301506,0.967
"[0.967, 0.968)",0.026442074310499983,0.968
"[0.968, 0.969)",0.02309109673267327,0.969
"[0.969, 0.97)",0.01747261139282051,0.97
"[0.97, 0.971)",0.03555501017216492,0.971
"[0.971, 0.972)",0.016827734187845313,0.972
"[0.972, 0.973)",0.021271437447524744,0.973
"[0.973, 0.974)",0.037926571475977645,0.974
"[0.974, 0.975)",0.02030720500533981,0.975
"[0.975, 0.976)",0.04031767770882681,0.976
"[0.976, 0.977)",0.03273526940764705,0.977
"[0.977, 0.978)",0.034532919005851044,0.978
"[0.978, 0.979)",0.023853343608947367,0.979
"[0.979, 0.98)",0.03492478137999999,0.98
"[0.98, 0.981)",0.030446914526262647,0.981
"[0.981, 0.982)",0.02005070077056603,0.982
"[0.982, 0.983)",0.031524760332105266,0.983
"[0.983, 0.984)",0.02499044398253969,0.984
"[0.984, 0.985)",0.023335977031736524,0.985
"[0.985, 0.986)",0.036148014863681306,0.986
"[0.986, 0.987)",0.019540515430622005,0.987
"[0.987, 0.988)",0.022923021303723413,0.988
"[0.988, 0.989)",0.04089047169462365,0.989
"[0.989, 0.99)",0.025605128756218898,0.99
"[0.99, 0.991)",0.024338814708415826,0.991
"[0.991, 0.992)",0.029384648309483546,0.992
"[0.992, 0.993)",0.03443359303587677,0.993
"[0.993, 0.994)",0.030634995613756582,0.994
"[0.994, 0.995)",0.028535931486432162,0.995
"[0.995, 0.996)",0.03482474647512194,0.996
"[0.996, 0.997)",0.027380608892307683,0.997
"[0.997, 0.998)",0.03172200061122449,0.998
"[0.998, 0.999)",0.028467287900523542,0.999
"[0.999, 1.0)",0.028631815898930456,1.0
"[1.0, 1.0010000000000001)",0.03525283586794256,1.0010000000000001
"[1.0010000000000001, 1.002)",0.020193266163163276,1.002
"[1.002, 1.0030000000000001)",0.04136068003366336,1.0030000000000001
"[1.0030000000000001, 1.004)",0.03415020012583732,1.004
"[1.004, 1.0050000000000001)",0.03230422384306928,1.0050000000000001
"[1.0050000000000001, 1.006)",0.02564420369384615,1.006
"[1.006, 1.0070000000000001)",0.028691483084710735,1.0070000000000001
"[1.0070000000000001, 1.008)",0.028622910360999995,1.008
"[1.008, 1.0090000000000001)",0.024039589364397897,1.0090000000000001
"[1.0090000000000001, 1.01)",0.02467146397860697,1.01
"[1.01, 1.0110000000000001)",0.028927285707853394,1.0110000000000001
"[1.0110000000000001, 1.012)",0.02937058339519229,1.012
"[1.012, 1.0130000000000001)",0.037825699163775504,1.0130000000000001
"[1.0130000000000001, 1.014)",0.029780431884413133,1.014
"[1.014, 1.0150000000000001)",0.031102328493867945,1.0150000000000001
"[1.0150000000000001, 1.016)",0.027625357509178064,1.016
"[1.016, 1.0170000000000001)",0.03183047092009346,1.0170000000000001
"[1.0170000000000001, 1.018)",0.036118792227227726,1.018
"[1.018, 1.0190000000000001)",0.029428950523350247,1.0190000000000001
"[1.0190000000000001, 1.02)",0.028938831254950486,1.02
"[1.02, 1.0210000000000001)",0.028426203252216745,1.0210000000000001
"[1.0210000000000001, 1.022)",0.041910720408854164,1.022
"[1.022, 1.0230000000000001)",0.03603896548365384,1.0230000000000001
"[1.0230000000000001, 1.024)",0.03697538897794872,1.024
"[1.024, 1.025)",0.030219335816494844,1.025
"[1.025, 1.026)",0.030004638520105806,1.026
"[1.026, 1.027)",0.030034354262801908,1.027
"[1.027, 1.028)",0.028714285127884594,1.028
"[1.028, 1.029)",0.03511132327102798,1.029
"[1.029, 1.03)",0.02535006528069306,1.03
"[1.03, 1.031)",0.031216684873626385,1.031
"[1.031, 1.032)",0.02339491076213592,1.032
"[1.032, 1.033)",0.029589363237899544,1.033
"[1.033, 1.034)",0.029498864126829245,1.034
"[1.034, 1.035)",0.03645006990862944,1.035
"[1.035, 1.036)",0.025393153309090886,1.036
"[1.036, 1.037)",0.035460122232701397,1.037
"[1.037, 1.038)",0.0256909419114035,1.038
"[1.038, 1.039)",0.019624956350761433,1.039
"[1.039, 1.04)",0.024162051642788472,1.04
"[1.04, 1.041)",0.04535187009511113,1.041
"[1.041, 1.042)",0.04227859801780822,1.042
"[1.042, 1.043)",0.040062919789041085,1.043
"[1.043, 1.044)",0.03144132091237112,1.044
"[1.044, 1.045)",0.03889023606532661,1.045
"[1.045, 1.046)",0.03417927522518863,1.046
"[1.046, 1.047)",0.03877902028394494,1.047
"[1.047, 1.048)",0.03175668984207919,1.048
"[1.048, 1.049)",0.022106498890045245,1.049
"[1.049, 1.05)",0.03302100115172412,1.05
"[1.05, 1.051)",0.026075486764350023,1.051
"[1.051, 1.052)",0.03651025214356431,1.052
"[1.052, 1.053)",0.020168963341696426,1.053
"[1.053, 1.054)",0.031401848294871804,1.054
"[1.054, 1.055)",0.029793732691324185,1.055
"[1.055, 1.056)",0.02278519919829493,1.056
"[1.056, 1.057)",0.024534438712918657,1.057
"[1.057, 1.058)",0.03520615133499998,1.058
"[1.058, 1.059)",0.026954036194736842,1.059
"[1.059, 1.06)",0.03150698716862743,1.06
"[1.06, 1.061)",0.0399813754723577,1.061
"[1.061, 1.062)",0.025804210999999983,1.062
"[1.062, 1.063)",0.0342835074057971,1.063
"[1.063, 1.064)",0.03346427361506273,1.064
"[1.064, 1.065)",0.0249832659591111,1.065
"[1.065, 1.066)",0.02791217293673268,1.066
"[1.066, 1.067)",0.02895094502290504,1.067
"[1.067, 1.068)",0.03177857112795456,1.068
"[1.068, 1.069)",0.026740052285885725,1.069
"[1.069, 1.07)",0.029863513464210508,1.07
"[1.07, 1.071)",0.030011109897604776,1.071
"[1.071, 1.072)",0.03482821890174419,1.072
"[1.072, 1.073)",0.03490783123532994,1.073
"[1.073, 1.074)",0.024561389451412428,1.074
"[1.074, 1.075)",0.03752780813749998,1.075
"[1.075, 1.076)",0.025857183030143553,1.076
"[1.076, 1.077)",0.027502843672341456,1.077
"[1.077, 1.078)",0.027374823986754986,1.078
"[1.078, 1.079)",0.043121021316969696,1.079
"[1.079, 1.08)",0.03006218407119563,1.08
"[1.08, 1.081)",0.03225367542201257,1.081
"[1.081, 1.082)",0.034641719789617484,1.082
"[1.082, 1.083)",0.03128126496569767,1.083
"[1.083, 1.084)",0.03445416999620254,1.084
"[1.084, 1.085)",0.03124280225423727,1.085
"[1.085, 1.086)",0.03289266513905881,1.086
"[1.086, 1.087)",0.03840254712513658,1.087
"[1.087, 1.088)",0.02493607977461141,1.088
"[1.088, 1.089)",0.03303886901597633,1.089
"[1.089, 1.09)",0.034626412872625696,1.09
"[1.09, 1.091)",0.03091086356241135,1.091
"[1.091, 1.092)",0.033701471216867486,1.092
"[1.092, 1.093)",0.023320240587116577,1.093
"[1.093, 1.094)",0.025427449898101265,1.094
"[1.094, 1.095)",0.04080728040231212,1.095
"[1.095, 1.096)",0.045860461930978244,1.096
"[1.096, 1.097)",0.02857491569318181,1.097
"[1.097, 1.098)",0.029755943072121212,1.098
"[1.098, 1.099)",0.026076824626966297,1.099
"[1.099, 1.1)",0.02521937936938777,1.1
"[1.1, 1.101)",0.03257933044195403,1.101
"[1.101, 1.102)",0.027083610011494248,1.102
"[1.102, 1.103)",0.03055084985253164,1.103
"[1.103, 1.104)",0.025345629302445657,1.104
"[1.104, 1.105)",0.03465435831460674,1.105
"[1.105, 1.106)",0.029536678182608696,1.106
"[1.106, 1.107)",0.03284506675762711,1.107
"[1.107, 1.108)",0.026972488617857133,1.108
"[1.108, 1.109)",0.02381003637222223,1.109
"[1.109, 1.11)",0.028698466967025625,1.11
"[1.11, 1.111)",0.026022358895705512,1.111
"[1.111, 1.112)",0.030040885781564244,1.112
"[1.112, 1.113)",0.035307513115934025,1.113
"[1.113, 1.114)",0.023377294026737962,1.114
"[1.114, 1.115)",0.03195317643225807,1.115
"[1.115, 1.116)",0.02652107620299402,1.116
"[1.116, 1.117)",0.018806947541899443,1.117
"[1.117, 1.118)",0.022230231228823522,1.118
"[1.118, 1.119)",0.020186073672955985,1.119
"[1.119, 1.12)",0.019948993207142853,1.12
"[1.12, 1.121)",0.040107590401226974,1.121
"[1.121, 1.122)",0.044540815286746964,1.122
"[1.122, 1.123)",0.0286564055245283,1.123
"[1.123, 1.124)",0.04412846899233129,1.124
"[1.124, 1.125)",0.025015211657565792,1.125
"[1.125, 1.1260000000000001)",0.017300288723749998,1.1260000000000001
"[1.1260000000000001, 1.127)",0.025565215578378375,1.127
"[1.127, 1.1280000000000001)",0.02557490614154929,1.1280000000000001
"[1.1280000000000001, 1.129)",0.024306008474999995,1.129
"[1.129, 1.1300000000000001)",0.02710833036111111,1.1300000000000001
"[1.1300000000000001, 1.131)",0.028277469036604955,1.131
"[1.131, 1.1320000000000001)",0.023465544265760866,1.1320000000000001
"[1.1320000000000001, 1.133)",0.03224355315074999,1.133
"[1.133, 1.1340000000000001)",0.040606978493567245,1.1340000000000001
"[1.1340000000000001, 1.135)",0.02813252468325843,1.135
"[1.135, 1.1360000000000001)",0.038409716245355184,1.1360000000000001
"[1.1360000000000001, 1.137)",0.03267659319467455,1.137
"[1.137, 1.1380000000000001)",0.04985088462222222,1.1380000000000001
"[1.1380000000000001, 1.139)",0.022473829679746832,1.139
"[1.139, 1.1400000000000001)",0.027588483102688164,1.1400000000000001
"[1.1400000000000001, 1.141)",0.024433650060989017,1.141
"[1.141, 1.1420000000000001)",0.03285823078555557,1.1420000000000001
"[1.1420000000000001, 1.143)",0.034537084350549446,1.143
"[1.143, 1.1440000000000001)",0.028827008682209936,1.1440000000000001
"[1.1440000000000001, 1.145)",0.03806129168870057,1.145
"[1.145, 1.1460000000000001)",0.035019207278142055,1.1460000000000001
"[1.1460000000000001, 1.147)",0.022635804384699462,1.147
"[1.147, 1.1480000000000001)",0.020691514379141105,1.1480000000000001
"[1.1480000000000001, 1.149)",0.03254931098167597,1.149
"[1.149, 1.1500000000000001)",0.024494150012499997,1.1500000000000001
"[1.1500000000000001, 1.151)",0.01889951760588236,1.151
"[1.151, 1.1520000000000001)",0.026042561791787426,1.1520000000000001
"[1.1520000000000001, 1.153)",0.031385284715668205,1.153
"[1.153, 1.154)",0.029045120047965133,1.154
"[1.154, 1.155)",0.02452075919607842,1.155
"[1.155, 1.156)",0.019700754749431833,1.156
"[1.156, 1.157)",0.044141598986067405,1.157
"[1.157, 1.158)",0.023103411914371267,1.158
"[1.158, 1.159)",0.031721803800000004,1.159
"[1.159, 1.16)",0.020992921405529413,1.16
"[1.16, 1.161)",0.022530475335904247,1.161
"[1.161, 1.162)",0.029278868871499997,1.162
"[1.162, 1.163)",0.03697653779444443,1.163
"[1.163, 1.164)",0.03399650750924854,1.164
"[1.164, 1.165)",0.029343740779670353,1.165
"[1.165, 1.166)",0.023655467176878626,1.166
"[1.166, 1.167)",0.020798512068556697,1.167
"[1.167, 1.168)",0.024977235242281893,1.168
"[1.168, 1.169)",0.026097891935955055,1.169
"[1.169, 1.17)",0.01856012645050505,1.17
"[1.17, 1.171)",0.035940852649494946,1.171
"[1.171, 1.172)",0.045865092036559627,1.172
"[1.172, 1.173)",0.029745631303333336,1.173
"[1.173, 1.174)",0.026562297423076923,1.174
"[1.174, 1.175)",0.03199507178121827,1.175
"[1.175, 1.176)",0.020730078161818172,1.176
"[1.176, 1.177)",0.032741248590821254,1.177
"[1.177, 1.178)",0.026436036550837986,1.178
"[1.178, 1.179)",0.03391597206403941,1.179
"[1.179, 1.18)",0.03341006119138757,1.18
"[1.18, 1.181)",0.02265182903532995,1.181
"[1.181, 1.182)",0.028076984136714965,1.182
"[1.182, 1.183)",0.027593161739664796,1.183
"[1.183, 1.184)",0.040712745650526294,1.184
"[1.184, 1.185)",0.027622030413846137,1.185
"[1.185, 1.186)",0.027518102774129347,1.186
"[1.186, 1.187)",0.026333537593630576,1.187
"[1.187, 1.188)",0.036984272443298966,1.188
"[1.188, 1.189)",0.02178139997080745,1.189
"[1.189, 1.19)",0.0401813774114689,1.19
"[1.19, 1.191)",0.026174361131515136,1.191
"[1.191, 1.192)",0.040747252002424246,1.192
"[1.192, 1.193)",0.028327443265405393,1.193
"[1.193, 1.194)",0.028780820033333345,1.194
"[1.194, 1.195)",0.040164923164,1.195
"[1.195, 1.196)",0.036313493634114305,1.196
"[1.196, 1.197)",0.02072827603898306,1.197
"[1.197, 1.198)",0.036461196697530875,1.198
"[1.198, 1.199)",0.03214387165548781,1.199
"[1.199, 1.2)",0.01906754856158192,1.2
"[1.2, 1.201)",0.038275546277670464,1.201
"[1.201, 1.202)",0.02638965352500001,1.202
"[1.202, 1.203)",0.022752447625128198,1.203
"[1.203, 1.204)",0.03906724216982758,1.204
"[1.204, 1.205)",0.019270204896135266,1.205
"[1.205, 1.206)",0.021280983423333327,1.206
"[1.206, 1.207)",0.03368867322784091,1.207
"[1.207, 1.208)",0.020865818563529426,1.208
"[1.208, 1.209)",0.02854098318105262,1.209
"[1.209, 1.21)",0.022774999047126442,1.21
"[1.21, 1.211)",0.03807388073163265,1.211
"[1.211, 1.212)",0.024481804226630436,1.212
"[1.212, 1.213)",0.04893793069719101,1.213
"[1.213, 1.214)",0.04033417236168229,1.214
"[1.214, 1.215)",0.031243379072826066,1.215
"[1.215, 1.216)",0.02441302202244899,1.216
"[1.216, 1.217)",0.03365146340746268,1.217
"[1.217, 1.218)",0.033777002677595626,1.218
"[1.218, 1.219)",0.031180567186458327,1.219
"[1.219, 1.22)",0.02282314527722222,1.22
"[1.22, 1.221)",0.024161852106842106,1.221
"[1.221, 1.222)",0.026935922416571424,1.222
"[1.222, 1.223)",0.030859846167977538,1.223
"[1.223, 1.224)",0.025701607848823534,1.224
"[1.224, 1.225)",0.036907622397790045,1.225
"[1.225, 1.226)",0.025175329186874994,1.226
"[1.226, 1.227)",0.02952510583780488,1.227
"[1.227, 1.228)",0.019144224673125012,1.228
"[1.228, 1.229)",0.047669271204046224,1.229
"[1.229, 1.23)",0.03745627238407642,1.23
"[1.23, 1.231)",0.026706137997368415,1.231
"[1.231, 1.232)",0.03678462896625764,1.232
"[1.232, 1.233)",0.025298302098258434,1.233
"[1.233, 1.234)",0.03388462859772725,1.234
"[1.234, 1.235)",0.02867665954938272,1.235
"[1.235, 1.236)",0.02426288859012346,1.236
"[1.236, 1.237)",0.020724960992903232,1.237
"[1.237, 1.238)",0.028616187426890264,1.238
"[1.238, 1.239)",0.02357223235670733,1.239
"[1.239, 1.24)",0.02696388266636363,1.24
"[1.24, 1.241)",0.021750291157978722,1.241
"[1.241, 1.242)",0.023778225154794528,1.242
"[1.242, 1.243)",0.024589653259615395,1.243
"[1.243, 1.244)",0.03184489123491125,1.244
"[1.244, 1.245)",0.02352603295061729,1.245
"[1.245, 1.246)",0.01950431249024391,1.246
"[1.246, 1.247)",0.03530822854478525,1.247
"[1.247, 1.248)",0.027074854911333334,1.248
"[1.248, 1.249)",0.024163497136903217,1.249
"[1.249, 1.25)",0.023323962487058827,1.25
"[1.25, 1.2510000000000001)",0.03402330948595237,1.2510000000000001
"[1.2510000000000001, 1.252)",0.02039974091250001,1.252
"[1.252, 1.2530000000000001)",0.02592508172674417,1.2530000000000001
"[1.2530000000000001, 1.254)",0.026521362304022987,1.254
"[1.254, 1.2550000000000001)",0.02522693225828401,1.2550000000000001
"[1.2550000000000001, 1.256)",0.034548603872670815,1.256
"[1.256, 1.2570000000000001)",0.04365702234425288,1.2570000000000001
"[1.2570000000000001, 1.258)",0.030995614275449095,1.258
"[1.258, 1.2590000000000001)",0.02308736170555556,1.2590000000000001
"[1.2590000000000001, 1.26)",0.031245519676000002,1.26
"[1.26, 1.2610000000000001)",0.02263207699776536,1.2610000000000001
"[1.2610000000000001, 1.262)",0.03357309515842695,1.262
"[1.262, 1.2630000000000001)",0.02046225522258064,1.2630000000000001
"[1.2630000000000001, 1.264)",0.020459514692553193,1.264
"[1.264, 1.2650000000000001)",0.03289648155170456,1.2650000000000001
"[1.2650000000000001, 1.266)",0.03601887823273743,1.266
"[1.266, 1.2670000000000001)",0.02018283237932961,1.2670000000000001
"[1.2670000000000001, 1.268)",0.019025335741891896,1.268
"[1.268, 1.2690000000000001)",0.03623661915402296,1.2690000000000001
"[1.2690000000000001, 1.27)",0.02573155145904253,1.27
"[1.27, 1.2710000000000001)",0.024216823744252877,1.2710000000000001
"[1.2710000000000001, 1.272)",0.02405770982114285,1.272
"[1.272, 1.2730000000000001)",0.035190032950279324,1.2730000000000001
"[1.2730000000000001, 1.274)",0.03269162969135801,1.274
"[1.274, 1.2750000000000001)",0.04183185096618357,1.2750000000000001
"[1.2750000000000001, 1.276)",0.031707788362,1.276
"[1.276, 1.2770000000000001)",0.036398243802450984,1.2770000000000001
"[1.2770000000000001, 1.278)",0.02268186004545454,1.278
"[1.278, 1.2790000000000001)",0.024436552768862283,1.2790000000000001
"[1.2790000000000001, 1.28)",0.034725446638418075,1.28
"[1.28, 1.281)",0.024395879587431675,1.281
"[1.281, 1.282)",0.02314876723554219,1.282
"[1.282, 1.283)",0.025628884801136374,1.283
"[1.283, 1.284)",0.02386341206648937,1.284
"[1.284, 1.285)",0.031683952456521725,1.285
"[1.285, 1.286)",0.02855298475561498,1.286
"[1.286, 1.287)",0.028744529645707288,1.287
"[1.287, 1.288)",0.02089216918567709,1.288
"[1.288, 1.289)",0.03268735335344827,1.289
"[1.289, 1.29)",0.03364641147692308,1.29
"[1.29, 1.291)",0.029805865061509448,1.291
"[1.291, 1.292)",0.03403589567683617,1.292
"[1.292, 1.293)",0.035074051840490804,1.293
"[1.293, 1.294)",0.027714963406770838,1.294
"[1.294, 1.295)",0.036745562416417916,1.295
"[1.295, 1.296)",0.023958630893413185,1.296
"[1.296, 1.297)",0.029023999195294112,1.297
"[1.297, 1.298)",0.028358500718232045,1.298
"[1.298, 1.299)",0.013957343193793121,1.299
"[1.299, 1.3)",0.028062708691954034,1.3
"[1.3, 1.301)",0.021553504736627916,1.301
"[1.301, 1.302)",0.04576464378488369,1.302
"[1.302, 1.303)",0.04044256151533742,1.303
"[1.303, 1.304)",0.023602479427922075,1.304
"[1.304, 1.305)",0.027802017247252744,1.305
"[1.305, 1.306)",0.025324689230952376,1.306
"[1.306, 1.307)",0.028978313631216963,1.307
"[1.307, 1.308)",0.039863459598901085,1.308
"[1.308, 1.309)",0.029137549917441878,1.309
"[1.309, 1.31)",0.030636399942343743,1.31
"[1.31, 1.311)",0.025944975936021485,1.311
"[1.311, 1.312)",0.023393918062871263,1.312
"[1.312, 1.313)",0.027007139246745575,1.313
"[1.313, 1.314)",0.02629661202216217,1.314
"[1.314, 1.315)",0.02748518927811829,1.315
"[1.315, 1.316)",0.026973390775568182,1.316
"[1.316, 1.317)",0.030149128249390228,1.317
"[1.317, 1.318)",0.02497157654382717,1.318
"[1.318, 1.319)",0.034540756094237283,1.319
"[1.319, 1.32)",0.02185604851560694,1.32
"[1.32, 1.321)",0.043483263658959506,1.321
"[1.321, 1.322)",0.03202939492340425,1.322
"[1.322, 1.323)",0.021029069627167635,1.323
"[1.323, 1.324)",0.021896527564084507,1.324
"[1.324, 1.325)",0.02902858228481015,1.325
"[1.325, 1.326)",0.029739312683783783,1.326
"[1.326, 1.327)",0.03820266927816093,1.327
"[1.327, 1.328)",0.02125957406849318,1.328
"[1.328, 1.329)",0.019921675839506176,1.329
"[1.329, 1.33)",0.03190904225157234,1.33
"[1.33, 1.331)",0.028359474150847473,1.331
"[1.331, 1.332)",0.025021539204371585,1.332
"[1.332, 1.333)",0.02462027035789472,1.333
"[1.333, 1.334)",0.02875801314999999,1.334
"[1.334, 1.335)",0.04402804407499997,1.335
"[1.335, 1.336)",0.029210207164179103,1.336
"[1.336, 1.337)",0.023870389306547612,1.337
"[1.337, 1.338)",0.025571172723926377,1.338
"[1.338, 1.339)",0.03155922056290323,1.339
"[1.339, 1.34)",0.032118284800675655,1.34
"[1.34, 1.341)",0.029745448034444417,1.341
"[1.341, 1.342)",0.01842107092742858,1.342
"[1.342, 1.343)",0.02880593062894736,1.343
"[1.343, 1.344)",0.029350888964606723,1.344
"[1.344, 1.345)",0.018850878179005527,1.345
"[1.345, 1.346)",0.019174678112000017,1.346
"[1.346, 1.347)",0.023392874157396455,1.347
"[1.347, 1.348)",0.02183882764719101,1.348
"[1.348, 1.349)",0.031738105082098754,1.349
"[1.349, 1.35)",0.02156410761445782,1.35
"[1.35, 1.351)",0.04246879980981596,1.351
"[1.351, 1.352)",0.029132140739010978,1.352
"[1.352, 1.353)",0.03844328791719748,1.353
"[1.353, 1.354)",0.029295153745054942,1.354
"[1.354, 1.355)",0.02632227851753247,1.355
"[1.355, 1.356)",0.031876737076923074,1.356
"[1.356, 1.357)",0.024105383853023254,1.357
"[1.357, 1.358)",0.02762537385464482,1.358
"[1.358, 1.359)",0.03704115595394732,1.359
"[1.359, 1.36)",0.028324090279888258,1.36
"[1.36, 1.361)",0.026642386391256823,1.361
"[1.361, 1.362)",0.023323744883529427,1.362
"[1.362, 1.363)",0.038739320373515136,1.363
"[1.363, 1.364)",0.03265368283333333,1.364
"[1.364, 1.365)",0.033119576257013,1.365
"[1.365, 1.366)",0.0331874032542857,1.366
"[1.366, 1.367)",0.020756179563758408,1.367
"[1.367, 1.368)",0.039974107357668716,1.368
"[1.368, 1.369)",0.035326284675977614,1.369
"[1.369, 1.37)",0.03637553666081872,1.37
"[1.37, 1.371)",0.021306252358666667,1.371
"[1.371, 1.372)",0.026642320178832127,1.372
"[1.372, 1.373)",0.023373992052702703,1.373
"[1.373, 1.374)",0.024439916980225993,1.374
"[1.374, 1.375)",0.022927976314787872,1.375
"[1.375, 1.3760000000000001)",0.03218820464619565,1.3760000000000001
"[1.3760000000000001, 1.377)",0.03200622434638555,1.377
"[1.377, 1.3780000000000001)",0.024406182003867384,1.3780000000000001
"[1.3780000000000001, 1.379)",0.029760658708724845,1.379
"[1.379, 1.3800000000000001)",0.03446068864968151,1.3800000000000001
"[1.3800000000000001, 1.381)",0.022267958598089183,1.381
"[1.381, 1.3820000000000001)",0.019054122594705885,1.3820000000000001
"[1.3820000000000001, 1.383)",0.029025600012352933,1.383
"[1.383, 1.3840000000000001)",0.02044599653441559,1.3840000000000001
"[1.3840000000000001, 1.385)",0.037243763435119044,1.385
"[1.385, 1.3860000000000001)",0.026940921250602427,1.3860000000000001
"[1.3860000000000001, 1.387)",0.03920887630921051,1.387
"[1.387, 1.3880000000000001)",0.029235738039473692,1.3880000000000001
"[1.3880000000000001, 1.389)",0.026032462805624997,1.389
"[1.389, 1.3900000000000001)",0.027819902671333344,1.3900000000000001
"[1.3900000000000001, 1.391)",0.02458417084225165,1.391
"[1.391, 1.3920000000000001)",0.034459024741388886,1.3920000000000001
"[1.3920000000000001, 1.393)",0.025593821282784077,1.393
"[1.393, 1.3940000000000001)",0.031823867237399994,1.3940000000000001
"[1.3940000000000001, 1.395)",0.02526891067105263,1.395
"[1.395, 1.3960000000000001)",0.027831955401273884,1.3960000000000001
"[1.3960000000000001, 1.397)",0.030519354214875016,1.397
"[1.397, 1.3980000000000001)",0.021919896322981372,1.3980000000000001
"[1.3980000000000001, 1.399)",0.03412864971333333,1.399
"[1.399, 1.4000000000000001)",0.024487473342446036,1.4000000000000001
"[1.4000000000000001, 1.401)",0.026725817955844156,1.401
"[1.401, 1.4020000000000001)",0.022588676335374144,1.4020000000000001
"[1.4020000000000001, 1.403)",0.025450742854304636,1.403
"[1.403, 1.4040000000000001)",0.024827912860000006,1.4040000000000001
"[1.4040000000000001, 1.405)",0.03496604297847221,1.405
"[1.405, 1.4060000000000001)",0.029443234754285702,1.4060000000000001
"[1.4060000000000001, 1.407)",0.04098128579183673,1.407
"[1.407, 1.408)",0.041596858280672264,1.408
"[1.408, 1.409)",0.032260999113333313,1.409
"[1.409, 1.41)",0.04043713876666665,1.41
"[1.41, 1.411)",0.02975242902857142,1.411
"[1.411, 1.412)",0.01906100814054055,1.412
"[1.412, 1.413)",0.02008006375985915,1.413
"[1.413, 1.414)",0.027802523082068972,1.414
"[1.414, 1.415)",0.04039099940064101,1.415
"[1.415, 1.416)",0.042247647495945964,1.416
"[1.416, 1.417)",0.030316539697740102,1.417
"[1.417, 1.418)",0.0357559827668639,1.418
"[1.418, 1.419)",0.024201401843506495,1.419
"[1.419, 1.42)",0.022202970650326802,1.42
"[1.42, 1.421)",0.038981470270063705,1.421
"[1.421, 1.422)",0.04797904826455694,1.422
"[1.422, 1.423)",0.028126758895138864,1.423
"[1.423, 1.424)",0.026380282496407177,1.424
"[1.424, 1.425)",0.03573597071712328,1.425
"[1.425, 1.426)",0.02922736222113335,1.426
"[1.426, 1.427)",0.031453502565240966,1.427
"[1.427, 1.428)",0.02043925889542483,1.428
"[1.428, 1.429)",0.04251352671724136,1.429
"[1.429, 1.43)",0.028054853890000012,1.43
"[1.43, 1.431)",0.019147154437179494,1.431
"[1.431, 1.432)",0.0218586786836527,1.432
"[1.432, 1.433)",0.036536680066433555,1.433
"[1.433, 1.434)",0.03556407004184397,1.434
"[1.434, 1.435)",0.0401589662606135,1.435
"[1.435, 1.436)",0.03529096749626505,1.436
"[1.436, 1.437)",0.0302554410943662,1.437
"[1.437, 1.438)",0.03082566465185186,1.438
"[1.438, 1.439)",0.0233081554275148,1.439
"[1.439, 1.44)",0.032568559561088437,1.44
"[1.44, 1.441)",0.031904092134146335,1.441
"[1.441, 1.442)",0.03088001539880951,1.442
"[1.442, 1.443)",0.02902300179378532,1.443
"[1.443, 1.444)",0.03780133050855262,1.444
"[1.444, 1.445)",0.03785528824886364,1.445
"[1.445, 1.446)",0.019316943641095895,1.446
"[1.446, 1.447)",0.02186932264255319,1.447
"[1.447, 1.448)",0.028643492828205136,1.448
"[1.448, 1.449)",0.03489693656896549,1.449
"[1.449, 1.45)",0.03503418356081871,1.45
"[1.45, 1.451)",0.03572763946202531,1.451
"[1.451, 1.452)",0.02373195109254659,1.452
"[1.452, 1.453)",0.04889560711320754,1.453
"[1.453, 1.454)",0.04826409540555557,1.454
"[1.454, 1.455)",0.030675924423243236,1.455
"[1.455, 1.456)",0.029420335228930828,1.456
"[1.456, 1.457)",0.03161740065030676,1.457
"[1.457, 1.458)",0.039779568611464956,1.458
"[1.458, 1.459)",0.035821595117283965,1.459
"[1.459, 1.46)",0.03560954540054945,1.46
"[1.46, 1.461)",0.037238933344808725,1.461
"[1.461, 1.462)",0.04633522689773005,1.462
"[1.462, 1.463)",0.02477396086527777,1.463
"[1.463, 1.464)",0.03251797976618706,1.464
"[1.464, 1.465)",0.03290803529577465,1.465
"[1.465, 1.466)",0.023816213150344823,1.466
"[1.466, 1.467)",0.035064046237575766,1.467
"[1.467, 1.468)",0.03630825439794521,1.468
"[1.468, 1.469)",0.04245365131558443,1.469
"[1.469, 1.47)",0.024379719957552445,1.47
"[1.47, 1.471)",0.022636164487421385,1.471
"[1.471, 1.472)",0.03289343669744966,1.472
"[1.472, 1.473)",0.03360402967172415,1.473
"[1.473, 1.474)",0.029845647194086035,1.474
"[1.474, 1.475)",0.03412041259454544,1.475
"[1.475, 1.476)",0.030231821239310352,1.476
"[1.476, 1.477)",0.029019902222758614,1.477
"[1.477, 1.478)",0.04010961932413792,1.478
"[1.478, 1.479)",0.05562295306711409,1.479
"[1.479, 1.48)",0.023572789394736858,1.48
"[1.48, 1.481)",0.02538319133157895,1.481
"[1.481, 1.482)",0.020345711775172408,1.482
"[1.482, 1.483)",0.025804399575572505,1.483
"[1.483, 1.484)",0.04488274635114502,1.484
"[1.484, 1.485)",0.027744837498620695,1.485
"[1.485, 1.486)",0.0334972645060606,1.486
"[1.486, 1.487)",0.023059744172535215,1.487
"[1.487, 1.488)",0.02705623362978722,1.488
"[1.488, 1.489)",0.02634517659285715,1.489
"[1.489, 1.49)",0.03237233804897958,1.49
"[1.49, 1.491)",0.03240937305396826,1.491
"[1.491, 1.492)",0.05087144977042254,1.492
"[1.492, 1.493)",0.028511019985714262,1.493
"[1.493, 1.494)",0.04145423307238807,1.494
"[1.494, 1.495)",0.032202341031782926,1.495
"[1.495, 1.496)",0.03116430999430379,1.496
"[1.496, 1.497)",0.024346753208053695,1.497
"[1.497, 1.498)",0.024772370533333345,1.498
"[1.498, 1.499)",0.0213384932744203,1.499
"[1.499, 1.5)",0.0310473999016129,1.5
"[1.5, 1.5010000000000001)",0.02952893451448275,1.5010000000000001
"[1.5010000000000001, 1.502)",0.027634792486231886,1.502
"[1.502, 1.5030000000000001)",0.022105762857251913,1.5030000000000001
"[1.5030000000000001, 1.504)",0.024629617435849068,1.504
"[1.504, 1.5050000000000001)",0.02967354787655174,1.5050000000000001
"[1.5050000000000001, 1.506)",0.03009545178389262,1.506
"[1.506, 1.5070000000000001)",0.03364513137401575,1.5070000000000001
"[1.5070000000000001, 1.508)",0.04224969787723579,1.508
"[1.508, 1.5090000000000001)",0.030343459245112787,1.5090000000000001
"[1.5090000000000001, 1.51)",0.02162371957214286,1.51
"[1.51, 1.5110000000000001)",0.0305981148803876,1.5110000000000001
"[1.5110000000000001, 1.512)",0.01573325204141667,1.512
"[1.512, 1.5130000000000001)",0.04798873985217393,1.5130000000000001
"[1.5130000000000001, 1.514)",0.032711435991379316,1.514
"[1.514, 1.5150000000000001)",0.032726073862096756,1.5150000000000001
"[1.5150000000000001, 1.516)",0.02810523873992064,1.516
"[1.516, 1.5170000000000001)",0.02524929784802632,1.5170000000000001
"[1.5170000000000001, 1.518)",0.019175867862096775,1.518
"[1.518, 1.5190000000000001)",0.021702039370992368,1.5190000000000001
"[1.5190000000000001, 1.52)",0.029055076589928053,1.52
"[1.52, 1.5210000000000001)",0.01993132447600001,1.5210000000000001
"[1.5210000000000001, 1.522)",0.0267872386046875,1.522
"[1.522, 1.5230000000000001)",0.026476460036129027,1.5230000000000001
"[1.5230000000000001, 1.524)",0.024157831228873244,1.524
"[1.524, 1.5250000000000001)",0.032460756216911774,1.5250000000000001
"[1.5250000000000001, 1.526)",0.02205599454696969,1.526
"[1.526, 1.5270000000000001)",0.028792349165957444,1.5270000000000001
"[1.5270000000000001, 1.528)",0.024540119561016944,1.528
"[1.528, 1.5290000000000001)",0.030235706329687497,1.5290000000000001
"[1.5290000000000001, 1.53)",0.02933616362318841,1.53
"[1.53, 1.5310000000000001)",0.018954526520491805,1.5310000000000001
"[1.5310000000000001, 1.532)",0.031125659776428578,1.532
"[1.532, 1.5330000000000001)",0.030750252220800002,1.5330000000000001
"[1.5330000000000001, 1.534)",0.02722312059316239,1.534
"[1.534, 1.5350000000000001)",0.020465835016800004,1.5350000000000001
"[1.5350000000000001, 1.536)",0.03659659817062938,1.536
"[1.536, 1.537)",0.04091251113247862,1.537
"[1.537, 1.538)",0.025505877571428567,1.538
"[1.538, 1.539)",0.034952277434814806,1.539
"[1.539, 1.54)",0.027118561141447377,1.54
"[1.54, 1.541)",0.02663065018768116,1.541
"[1.541, 1.542)",0.021854481680327876,1.542
"[1.542, 1.543)",0.022661283080147063,1.543
"[1.543, 1.544)",0.03127605857209302,1.544
"[1.544, 1.545)",0.04645116669428572,1.545
"[1.545, 1.546)",0.03257277652482269,1.546
"[1.546, 1.547)",0.04236297417480918,1.547
"[1.547, 1.548)",0.029486863355072463,1.548
"[1.548, 1.549)",0.034150380794852955,1.549
"[1.549, 1.55)",0.026066367616296302,1.55
"[1.55, 1.551)",0.019576150988303582,1.551
"[1.551, 1.552)",0.0349480713488372,1.552
"[1.552, 1.553)",0.03061700105163935,1.553
"[1.553, 1.554)",0.027026163996212115,1.554
"[1.554, 1.555)",0.02244622189999999,1.555
"[1.555, 1.556)",0.02620501551301371,1.556
"[1.556, 1.557)",0.02243362264871795,1.557
"[1.557, 1.558)",0.0288102735406015,1.558
"[1.558, 1.559)",0.022468026312213743,1.559
"[1.559, 1.56)",0.03582038009411347,1.56
"[1.56, 1.561)",0.020298969076800007,1.561
"[1.561, 1.562)",0.02321311024107143,1.562
"[1.562, 1.563)",0.04290037902290075,1.563
"[1.563, 1.564)",0.02776254956925621,1.564
"[1.564, 1.565)",0.021765597855319157,1.565
"[1.565, 1.566)",0.033120161012195115,1.566
"[1.566, 1.567)",0.02439601014912281,1.567
"[1.567, 1.568)",0.04603719620686153,1.568
"[1.568, 1.569)",0.028080077089430885,1.569
"[1.569, 1.57)",0.026437761197058835,1.57
"[1.57, 1.571)",0.021705494311111115,1.571
"[1.571, 1.572)",0.042388797068148146,1.572
"[1.572, 1.573)",0.03885778229632352,1.573
"[1.573, 1.574)",0.02982042967460318,1.574
"[1.574, 1.575)",0.039057121938281245,1.575
"[1.575, 1.576)",0.03815151893777779,1.576
"[1.576, 1.577)",0.03230808179674797,1.577
"[1.577, 1.578)",0.052040355397894714,1.578
"[1.578, 1.579)",0.024866906795774645,1.579
"[1.579, 1.58)",0.03728273685403226,1.58
"[1.58, 1.581)",0.02887471595403226,1.581
"[1.581, 1.582)",0.031066386189393943,1.582
"[1.582, 1.583)",0.02656344251503761,1.583
"[1.583, 1.584)",0.024901097851127825,1.584
"[1.584, 1.585)",0.03147253705594406,1.585
"[1.585, 1.586)",0.02910575073949582,1.586
"[1.586, 1.587)",0.021848369504000004,1.587
"[1.587, 1.588)",0.028049265578532108,1.588
"[1.588, 1.589)",0.029641805603623193,1.589
"[1.589, 1.59)",0.0335540158034188,1.59
"[1.59, 1.591)",0.03130572116870229,1.591
"[1.591, 1.592)",0.03182601296153846,1.592
"[1.592, 1.593)",0.035000578387323934,1.593
"[1.593, 1.594)",0.025499174728125,1.594
"[1.594, 1.595)",0.031954636260869564,1.595
"[1.595, 1.596)",0.022418374678225817,1.596
"[1.596, 1.597)",0.03016539402,1.597
"[1.597, 1.598)",0.021023576183823528,1.598
"[1.598, 1.599)",0.036627724244094495,1.599
"[1.599, 1.6)",0.032004609809459475,1.6
"[1.6, 1.601)",0.025780494903007524,1.601
"[1.601, 1.602)",0.023904353986614175,1.602
"[1.602, 1.603)",0.02794321563125001,1.603
"[1.603, 1.604)",0.0317212343232558,1.604
"[1.604, 1.605)",0.02559145720616438,1.605
"[1.605, 1.606)",0.022597192699248127,1.606
"[1.606, 1.607)",0.042117510906992985,1.607
"[1.607, 1.608)",0.025522377806,1.608
"[1.608, 1.609)",0.026771941635766423,1.609
"[1.609, 1.61)",0.03299540223273973,1.61
"[1.61, 1.611)",0.03359754892015036,1.611
"[1.611, 1.612)",0.03453178952121211,1.612
"[1.612, 1.613)",0.01649467875483871,1.613
"[1.613, 1.614)",0.029067988643154356,1.614
"[1.614, 1.615)",0.03368801324299066,1.615
"[1.615, 1.616)",0.03410347473261261,1.616
"[1.616, 1.617)",0.030438504758045104,1.617
"[1.617, 1.618)",0.03549072527804877,1.618
"[1.618, 1.619)",0.034386032574774794,1.619
"[1.619, 1.62)",0.051191392559633016,1.62
"[1.62, 1.621)",0.018606126833333344,1.621
"[1.621, 1.622)",0.04087962626574074,1.622
"[1.622, 1.623)",0.037879548242962954,1.623
"[1.623, 1.624)",0.026173888342105264,1.624
"[1.624, 1.625)",0.028493916813821133,1.625
"[1.625, 1.6260000000000001)",0.01246175665691057,1.6260000000000001
"[1.6260000000000001, 1.627)",0.034865473275,1.627
"[1.627, 1.6280000000000001)",0.03314043087040817,1.6280000000000001
"[1.6280000000000001, 1.629)",0.043051228007339445,1.629
"[1.629, 1.6300000000000001)",0.027519967724409435,1.6300000000000001
"[1.6300000000000001, 1.631)",0.019115896429523816,1.631
"[1.631, 1.6320000000000001)",0.033037784420370385,1.6320000000000001
"[1.6320000000000001, 1.633)",0.026247367737168157,1.633
"[1.633, 1.6340000000000001)",0.02393411265221239,1.6340000000000001
"[1.6340000000000001, 1.635)",0.028676611192307685,1.635
"[1.635, 1.6360000000000001)",0.036413199552941165,1.6360000000000001
"[1.6360000000000001, 1.637)",0.025574564087096772,1.637
"[1.637, 1.6380000000000001)",0.031685176268224306,1.6380000000000001
"[1.6380000000000001, 1.639)",0.026534376735593234,1.639
"[1.639, 1.6400000000000001)",0.03748475387685185,1.6400000000000001
"[1.6400000000000001, 1.641)",0.035185592589908256,1.641
"[1.641, 1.6420000000000001)",0.034759834476791054,1.6420000000000001
"[1.6420000000000001, 1.643)",0.04502711487952756,1.643
"[1.643, 1.6440000000000001)",0.02565338510238096,1.6440000000000001
"[1.6440000000000001, 1.645)",0.03094781765648149,1.645
"[1.645, 1.6460000000000001)",0.026014437536458334,1.6460000000000001
"[1.6460000000000001, 1.647)",0.03297107690000001,1.647
"[1.647, 1.6480000000000001)",0.0314951410090909,1.6480000000000001
"[1.6480000000000001, 1.649)",0.022305801889690724,1.649
"[1.649, 1.6500000000000001)",0.039581876970000006,1.6500000000000001
"[1.6500000000000001, 1.651)",0.024851086540000004,1.651
"[1.651, 1.6520000000000001)",0.02769282228861788,1.6520000000000001
"[1.6520000000000001, 1.653)",0.017241849977272745,1.653
"[1.653, 1.6540000000000001)",0.03030817177745098,1.6540000000000001
"[1.6540000000000001, 1.655)",0.025228490146281004,1.655
"[1.655, 1.6560000000000001)",0.021015903640909096,1.6560000000000001
"[1.6560000000000001, 1.657)",0.027393928682399996,1.657
"[1.657, 1.6580000000000001)",0.03657221288144329,1.6580000000000001
"[1.6580000000000001, 1.659)",0.018804063146551732,1.659
"[1.659, 1.6600000000000001)",0.029115648053000025,1.6600000000000001
"[1.6600000000000001, 1.661)",0.030954177876033058,1.661
"[1.661, 1.6620000000000001)",0.024467008169298237,1.6620000000000001
"[1.6620000000000001, 1.663)",0.03310102664298246,1.663
"[1.663, 1.6640000000000001)",0.023830853087961172,1.6640000000000001
"[1.6640000000000001, 1.665)",0.037960145790454515,1.665
"[1.665, 1.666)",0.020050830918691608,1.666
"[1.666, 1.667)",0.03907374987757009,1.667
"[1.667, 1.668)",0.029383684170588235,1.668
"[1.668, 1.669)",0.027458306884848488,1.669
"[1.669, 1.67)",0.03543714728960001,1.67
"[1.67, 1.671)",0.04472154714927536,1.671
"[1.671, 1.672)",0.04066455663728263,1.672
"[1.672, 1.673)",0.03319959150254236,1.673
"[1.673, 1.674)",0.02939311020000001,1.674
"[1.674, 1.675)",0.029573354028148143,1.675
"[1.675, 1.676)",0.02277570199734513,1.676
"[1.676, 1.677)",0.03178891843220339,1.677
"[1.677, 1.678)",0.022218731454237292,1.678
"[1.678, 1.679)",0.02681124301718751,1.679
"[1.679, 1.68)",0.0350747523815126,1.68
"[1.68, 1.681)",0.030455169541228067,1.681
"[1.681, 1.682)",0.02553616815175574,1.682
"[1.682, 1.683)",0.01906226666942149,1.683
"[1.683, 1.684)",0.03300241297115386,1.684
"[1.684, 1.685)",0.04753034325179858,1.685
"[1.685, 1.686)",0.020432406587962963,1.686
"[1.686, 1.687)",0.03534061123405796,1.687
"[1.687, 1.688)",0.029289103790298514,1.688
"[1.688, 1.689)",0.03919856349661016,1.689
"[1.689, 1.69)",0.026772632337326737,1.69
"[1.69, 1.691)",0.02825500452678571,1.691
"[1.691, 1.692)",0.021379036313599997,1.692
"[1.692, 1.693)",0.03641590492660551,1.693
"[1.693, 1.694)",0.029282268157500006,1.694
"[1.694, 1.695)",0.021176711311475416,1.695
"[1.695, 1.696)",0.046836333535398234,1.696
"[1.696, 1.697)",0.035679869423478276,1.697
"[1.697, 1.698)",0.02857975695363637,1.698
"[1.698, 1.699)",0.03384531885826771,1.699
"[1.699, 1.7)",0.022918912439327737,1.7
"[1.7, 1.701)",0.03186997546936511,1.701
"[1.701, 1.702)",0.020887660453043487,1.702
"[1.702, 1.703)",0.032903180684375005,1.703
"[1.703, 1.704)",0.029659718941860477,1.704
"[1.704, 1.705)",0.03255210678115943,1.705
"[1.705, 1.706)",0.02401526954263566,1.706
"[1.706, 1.707)",0.018551321326515144,1.707
"[1.707, 1.708)",0.02418212272027972,1.708
"[1.708, 1.709)",0.029482660048062027,1.709
"[1.709, 1.71)",0.03138447784320988,1.71
"[1.71, 1.711)",0.030046750686,1.711
"[1.711, 1.712)",0.023801824237190076,1.712
"[1.712, 1.713)",0.033404995212605045,1.713
"[1.713, 1.714)",0.03029719499137932,1.714
"[1.714, 1.715)",0.020219559691304363,1.715
"[1.715, 1.716)",0.030620260164750005,1.716
"[1.716, 1.717)",0.02034845064761905,1.717
"[1.717, 1.718)",0.02482759378778627,1.718
"[1.718, 1.719)",0.0372553405815534,1.719
"[1.719, 1.72)",0.018034076400970888,1.72
"[1.72, 1.721)",0.029446114794174767,1.721
"[1.721, 1.722)",0.028810296783620706,1.722
"[1.722, 1.723)",0.027045300970873796,1.723
"[1.723, 1.724)",0.04744523300943396,1.724
"[1.724, 1.725)",0.043405915634,1.725
"[1.725, 1.726)",0.016705254681415937,1.726
"[1.726, 1.727)",0.0201256509311828,1.727
"[1.727, 1.728)",0.02333650465178572,1.728
"[1.728, 1.729)",0.03718968216697248,1.729
"[1.729, 1.73)",0.014662414663063074,1.73
"[1.73, 1.731)",0.028128110475247527,1.731
"[1.731, 1.732)",0.022026867665979392,1.732
"[1.732, 1.733)",0.017280345206847833,1.733
"[1.733, 1.734)",0.027525912961538463,1.734
"[1.734, 1.735)",0.031025531241666685,1.735
"[1.735, 1.736)",0.020902861342857147,1.736
"[1.736, 1.737)",0.027952296220168055,1.737
"[1.737, 1.738)",0.022640000106521747,1.738
"[1.738, 1.739)",0.041736074589915954,1.739
"[1.739, 1.74)",0.04189874891208792,1.74
"[1.74, 1.741)",0.021583791346078435,1.741
"[1.741, 1.742)",0.022334331330275244,1.742
"[1.742, 1.743)",0.025384336920353995,1.743
"[1.743, 1.744)",0.030973504820560757,1.744
"[1.744, 1.745)",0.03837219294615385,1.745
"[1.745, 1.746)",0.022688232806071434,1.746
"[1.746, 1.747)",0.018753052391964294,1.747
"[1.747, 1.748)",0.028037093010526322,1.748
"[1.748, 1.749)",0.026405066074545454,1.749
"[1.749, 1.75)",0.04060707046746029,1.75
"[1.75, 1.7510000000000001)",0.030985748194845356,1.7510000000000001
"[1.7510000000000001, 1.752)",0.030231013196078432,1.752
"[1.752, 1.7530000000000001)",0.03770873528571428,1.7530000000000001
"[1.7530000000000001, 1.754)",0.027082862410810822,1.754
"[1.754, 1.7550000000000001)",0.04740988748857144,1.7550000000000001
"[1.7550000000000001, 1.756)",0.02477023121238939,1.756
"[1.756, 1.7570000000000001)",0.028763362672440968,1.7570000000000001
"[1.7570000000000001, 1.758)",0.03298545361515149,1.758
"[1.758, 1.7590000000000001)",0.04723187732095236,1.7590000000000001
"[1.7590000000000001, 1.76)",0.02663878946009175,1.76
"[1.76, 1.7610000000000001)",0.02047587312500001,1.7610000000000001
"[1.7610000000000001, 1.762)",0.025920648495161284,1.762
"[1.762, 1.7630000000000001)",0.03208252875979381,1.7630000000000001
"[1.7630000000000001, 1.764)",0.026046734951515153,1.764
"[1.764, 1.7650000000000001)",0.029091739656190482,1.7650000000000001
"[1.7650000000000001, 1.766)",0.020547648750000008,1.766
"[1.766, 1.7670000000000001)",0.024779225711473694,1.7670000000000001
"[1.7670000000000001, 1.768)",0.019815930032456144,1.768
"[1.768, 1.7690000000000001)",0.017712689683168324,1.7690000000000001
"[1.7690000000000001, 1.77)",0.02890790082478632,1.77
"[1.77, 1.7710000000000001)",0.03975744931727272,1.7710000000000001
"[1.7710000000000001, 1.772)",0.033824241484848486,1.772
"[1.772, 1.7730000000000001)",0.027738007399137933,1.7730000000000001
"[1.7730000000000001, 1.774)",0.0318472863219469,1.774
"[1.774, 1.7750000000000001)",0.02986078497368422,1.7750000000000001
"[1.7750000000000001, 1.776)",0.02725970880210527,1.776
"[1.776, 1.7770000000000001)",0.020947879571875008,1.7770000000000001
"[1.7770000000000001, 1.778)",0.021742578520000003,1.778
"[1.778, 1.7790000000000001)",0.031523722309259254,1.7790000000000001
"[1.7790000000000001, 1.78)",0.027807699824074078,1.78
"[1.78, 1.7810000000000001)",0.021812140154690268,1.7810000000000001
"[1.7810000000000001, 1.782)",0.03090814366037735,1.782
"[1.782, 1.7830000000000001)",0.035860490034375005,1.7830000000000001
"[1.7830000000000001, 1.784)",0.017602674835164835,1.784
"[1.784, 1.7850000000000001)",0.029499584772033897,1.7850000000000001
"[1.7850000000000001, 1.786)",0.027756802233214296,1.786
"[1.786, 1.7870000000000001)",0.0264194216728972,1.7870000000000001
"[1.7870000000000001, 1.788)",0.02999441173173076,1.788
"[1.788, 1.7890000000000001)",0.03739139310280375,1.7890000000000001
"[1.7890000000000001, 1.79)",0.022580135333333334,1.79
"[1.79, 1.7910000000000001)",0.01664817934867257,1.7910000000000001
"[1.7910000000000001, 1.792)",0.026451743144954142,1.792
"[1.792, 1.793)",0.0304811998173077,1.793
"[1.793, 1.794)",0.03799981660747662,1.794
"[1.794, 1.795)",0.03462812609032001,1.795
"[1.795, 1.796)",0.0298120285372549,1.796
"[1.796, 1.797)",0.028472556612244893,1.797
"[1.797, 1.798)",0.03160678188349515,1.798
"[1.798, 1.799)",0.03393547866415094,1.799
"[1.799, 1.8)",0.018986919117647067,1.8
"[1.8, 1.801)",0.03754481580310077,1.801
"[1.801, 1.802)",0.028838254147058817,1.802
"[1.802, 1.803)",0.03409973898453608,1.803
"[1.803, 1.804)",0.016674640166315792,1.804
"[1.804, 1.805)",0.022962442876699025,1.805
"[1.805, 1.806)",0.06015650849247311,1.806
"[1.806, 1.807)",0.02427616960192662,1.807
"[1.807, 1.808)",0.019976426782242998,1.808
"[1.808, 1.809)",0.02195042481,1.809
"[1.809, 1.81)",0.021790439722222235,1.81
"[1.81, 1.811)",0.034407078344827584,1.811
"[1.811, 1.812)",0.030720179984070808,1.812
"[1.812, 1.813)",0.02505252129684212,1.813
"[1.813, 1.814)",0.028025670888073385,1.814
"[1.814, 1.815)",0.02933023430520836,1.815
"[1.815, 1.816)",0.019890272129629644,1.816
"[1.816, 1.817)",0.03321731462380953,1.817
"[1.817, 1.818)",0.026193045766952385,1.818
"[1.818, 1.819)",0.030130344777391314,1.819
"[1.819, 1.82)",0.022504455076415096,1.82
"[1.82, 1.821)",0.02039764563991379,1.821
"[1.821, 1.822)",0.02141047890075471,1.822
"[1.822, 1.823)",0.016905288934234243,1.823
"[1.823, 1.824)",0.019955319511111107,1.824
"[1.824, 1.825)",0.019918701141228082,1.825
"[1.825, 1.826)",0.031587495816326534,1.826
"[1.826, 1.827)",0.027838632960769234,1.827
"[1.827, 1.828)",0.03142401567563027,1.828
"[1.828, 1.829)",0.025986472074380165,1.829
"[1.829, 1.83)",0.02174426482936508,1.83
"[1.83, 1.831)",0.030492328703225796,1.831
"[1.831, 1.832)",0.024701035995192307,1.832
"[1.832, 1.833)",0.030464372403508782,1.833
"[1.833, 1.834)",0.03156373623097343,1.834
"[1.834, 1.835)",0.02756979798857143,1.835
"[1.835, 1.836)",0.022079036997196266,1.836
"[1.836, 1.837)",0.015231347054736848,1.837
"[1.837, 1.838)",0.022669580368421056,1.838
"[1.838, 1.839)",0.019639693911414145,1.839
"[1.839, 1.84)",0.02779189814326923,1.84
"[1.84, 1.841)",0.023468873994488187,1.841
"[1.841, 1.842)",0.04051571493861385,1.842
"[1.842, 1.843)",0.019177409166666673,1.843
"[1.843, 1.844)",0.02745401492448981,1.844
"[1.844, 1.845)",0.025417237505263153,1.845
"[1.845, 1.846)",0.025858448078723405,1.846
"[1.846, 1.847)",0.035859382957894745,1.847
"[1.847, 1.848)",0.0438063168446602,1.848
"[1.848, 1.849)",0.02973126123488372,1.849
"[1.849, 1.85)",0.01973632977684212,1.85
"[1.85, 1.851)",0.021243035336190486,1.851
"[1.851, 1.852)",0.025463367179655184,1.852
"[1.852, 1.853)",0.026132279939655174,1.853
"[1.853, 1.854)",0.011672683653846147,1.854
"[1.854, 1.855)",0.03052154687804878,1.855
"[1.855, 1.856)",0.027916020698795188,1.856
"[1.856, 1.857)",0.020229864941052632,1.857
"[1.857, 1.858)",0.02734340185714287,1.858
"[1.858, 1.859)",0.014725065732183905,1.859
"[1.859, 1.86)",0.033382021482187496,1.86
"[1.86, 1.861)",0.03365102023738318,1.861
"[1.861, 1.862)",0.03640960447117116,1.862
"[1.862, 1.863)",0.02557282370526316,1.863
"[1.863, 1.864)",0.023948947990476196,1.864
"[1.864, 1.865)",0.023591534398809535,1.865
"[1.865, 1.866)",0.024148489273750004,1.866
"[1.866, 1.867)",0.026388809849074078,1.867
"[1.867, 1.868)",0.02430533286842106,1.868
"[1.868, 1.869)",0.02443304825394737,1.869
"[1.869, 1.87)",0.028331489969906535,1.87
"[1.87, 1.871)",0.04063088376296298,1.871
"[1.871, 1.872)",0.026781872677000006,1.872
"[1.872, 1.873)",0.03921478908965518,1.873
"[1.873, 1.874)",0.027220749983333337,1.874
"[1.874, 1.875)",0.029573574848648653,1.875
"[1.875, 1.8760000000000001)",0.04007882639166667,1.8760000000000001
"[1.8760000000000001, 1.877)",0.029314418126851864,1.877
"[1.877, 1.8780000000000001)",0.04436158460280373,1.8780000000000001
"[1.8780000000000001, 1.879)",0.017762043243750004,1.879
"[1.879, 1.8800000000000001)",0.034046035306000005,1.8800000000000001
"[1.8800000000000001, 1.881)",0.04425857896078433,1.881
"[1.881, 1.8820000000000001)",0.019234886689795925,1.8820000000000001
"[1.8820000000000001, 1.883)",0.029122748334,1.883
"[1.883, 1.8840000000000001)",0.01855125599375,1.8840000000000001
"[1.8840000000000001, 1.885)",0.01761358283971155,1.885
"[1.885, 1.8860000000000001)",0.04494791881698112,1.8860000000000001
"[1.8860000000000001, 1.887)",0.030570074352941193,1.887
"[1.887, 1.8880000000000001)",0.022841164955140193,1.8880000000000001
"[1.8880000000000001, 1.889)",0.02234109588118812,1.889
"[1.889, 1.8900000000000001)",0.03512212523978494,1.8900000000000001
"[1.8900000000000001, 1.891)",0.04831491053541665,1.891
"[1.891, 1.8920000000000001)",0.01649539303398059,1.8920000000000001
"[1.8920000000000001, 1.893)",0.024820793269892477,1.893
"[1.893, 1.8940000000000001)",0.028251120525000003,1.8940000000000001
"[1.8940000000000001, 1.895)",0.030175812934313723,1.895
"[1.895, 1.8960000000000001)",0.031184879065217396,1.8960000000000001
"[1.8960000000000001, 1.897)",0.017062439546153857,1.897
"[1.897, 1.8980000000000001)",0.0303664039556701,1.8980000000000001
"[1.8980000000000001, 1.899)",0.043291323085106394,1.899
"[1.899, 1.9000000000000001)",0.02214752676386793,1.9000000000000001
"[1.9000000000000001, 1.901)",0.020389513009433955,1.901
"[1.901, 1.9020000000000001)",0.03271818960091743,1.9020000000000001
"[1.9020000000000001, 1.903)",0.03800898813900002,1.903
"[1.903, 1.9040000000000001)",0.02890793514216869,1.9040000000000001
"[1.9040000000000001, 1.905)",0.034239489643689315,1.905
"[1.905, 1.9060000000000001)",0.025398613414130446,1.9060000000000001
"[1.9060000000000001, 1.907)",0.031882890297872335,1.907
"[1.907, 1.9080000000000001)",0.037681462840000006,1.9080000000000001
"[1.9080000000000001, 1.909)",0.04784702328409091,1.909
"[1.909, 1.9100000000000001)",0.019266700012195128,1.9100000000000001
"[1.9100000000000001, 1.911)",0.023694176944444454,1.911
"[1.911, 1.9120000000000001)",0.019800276619047617,1.9120000000000001
"[1.9120000000000001, 1.913)",0.025320995732954543,1.913
"[1.913, 1.9140000000000001)",0.02251125941213484,1.9140000000000001
"[1.9140000000000001, 1.915)",0.033649815612244886,1.915
"[1.915, 1.9160000000000001)",0.03634185672962963,1.9160000000000001
"[1.9160000000000001, 1.917)",0.02977572317757009,1.917
"[1.917, 1.9180000000000001)",0.01834387627659575,1.9180000000000001
"[1.9180000000000001, 1.919)",0.01710721477142857,1.919
"[1.919, 1.92)",0.018404250136781607,1.92
"[1.92, 1.921)",0.01981640198837211,1.921
"[1.921, 1.922)",0.017937782203448275,1.922
"[1.922, 1.923)",0.03865155805913043,1.923
"[1.923, 1.924)",0.032371576322891574,1.924
"[1.924, 1.925)",0.029776529401882346,1.925
"[1.925, 1.926)",0.03354979427578948,1.926
"[1.926, 1.927)",0.020114766847706425,1.927
"[1.927, 1.928)",0.02534576555975611,1.928
"[1.928, 1.929)",0.026209510372115385,1.929
"[1.929, 1.93)",0.03106919599784947,1.93
"[1.93, 1.931)",0.030150389030769224,1.931
"[1.931, 1.932)",0.025795388090476202,1.932
"[1.932, 1.933)",0.029332300125510198,1.933
"[1.933, 1.934)",0.023879970840666665,1.934
"[1.934, 1.935)",0.030268138494623665,1.935
"[1.935, 1.936)",0.01899050664302326,1.936
"[1.936, 1.937)",0.040418031224074065,1.937
"[1.937, 1.938)",0.027111928543564357,1.938
"[1.938, 1.939)",0.02776606245737705,1.939
"[1.939, 1.94)",0.027524467198113207,1.94
"[1.94, 1.941)",0.02280644215353535,1.941
"[1.941, 1.942)",0.036418824674157295,1.942
"[1.942, 1.943)",0.04292961907263156,1.943
"[1.943, 1.944)",0.03026677272141304,1.944
"[1.944, 1.945)",0.02822534183833335,1.945
"[1.945, 1.946)",0.018772128789000007,1.946
"[1.946, 1.947)",0.025090510062604172,1.947
"[1.947, 1.948)",0.028285555921212124,1.948
"[1.948, 1.949)",0.03729063344134617,1.949
"[1.949, 1.95)",0.03077000868478261,1.95
"[1.95, 1.951)",0.03393388403370787,1.951
"[1.951, 1.952)",0.023497739880512826,1.952
"[1.952, 1.953)",0.04689662935545453,1.953
"[1.953, 1.954)",0.03048879353658538,1.954
"[1.954, 1.955)",0.028164950783333333,1.955
"[1.955, 1.956)",0.027395574995959588,1.956
"[1.956, 1.957)",0.02957413870000001,1.957
"[1.957, 1.958)",0.027521371938461554,1.958
"[1.958, 1.959)",0.030392344298936183,1.959
"[1.959, 1.96)",0.02354338286603774,1.96
"[1.96, 1.961)",0.021992709287234066,1.961
"[1.961, 1.962)",0.03530963958666667,1.962
"[1.962, 1.963)",0.02448598179512195,1.963
"[1.963, 1.964)",0.03520836604597703,1.964
"[1.964, 1.965)",0.03396403169638555,1.965
"[1.965, 1.966)",0.021637918130952387,1.966
"[1.966, 1.967)",0.04317899824382022,1.967
"[1.967, 1.968)",0.0557496768,1.968
"[1.968, 1.969)",0.02029941857142858,1.969
"[1.969, 1.97)",0.027909248500000008,1.97
"[1.97, 1.971)",0.047636674319999996,1.971
"[1.971, 1.972)",0.02765262573670885,1.972
"[1.972, 1.973)",0.03304870574719102,1.973
"[1.973, 1.974)",0.029613169500000005,1.974
"[1.974, 1.975)",0.025109828915189876,1.975
"[1.975, 1.976)",0.024656065884269666,1.976
"[1.976, 1.977)",0.025044657120430115,1.977
"[1.977, 1.978)",0.04555087713580248,1.978
"[1.978, 1.979)",0.02317815931948053,1.979
"[1.979, 1.98)",0.02751502653152174,1.98
"[1.98, 1.981)",0.019570166069230767,1.981
"[1.981, 1.982)",0.01815257924637681,1.982
"[1.982, 1.983)",0.022556257117551038,1.983
"[1.983, 1.984)",0.02682977932967034,1.984
"[1.984, 1.985)",0.02068431077638889,1.985
"[1.985, 1.986)",0.016938187311627908,1.986
"[1.986, 1.987)",0.042563369974999994,1.987
"[1.987, 1.988)",0.02060091896065574,1.988
"[1.988, 1.989)",0.018386075157142863,1.989
"[1.989, 1.99)",0.02370738557647059,1.99
"[1.99, 1.991)",0.03195922580000001,1.991
"[1.991, 1.992)",0.02265590256,1.992
"[1.992, 1.993)",0.05079041793000001,1.993
"[1.993, 1.994)",0.0397528745542169,1.994
"[1.994, 1.995)",0.03665962442159091,1.995
"[1.995, 1.996)",0.03445440492500001,1.996
"[1.996, 1.997)",0.03264647034250002,1.997
"[1.997, 1.998)",0.018770496916049387,1.998
"[1.998, 1.999)",0.02885471937837838,1.999
"[1.999, 2.0)",0.06432226425487804,2.0
"[2.0, 2.001)",0.024873700996739134,2.001
"[2.001, 2.0020000000000002)",0.03276880047746478,2.0020000000000002
"[2.0020000000000002, 2.003)",0.04133588959124999,2.003
"[2.003, 2.004)",0.03428251227674419,2.004
"[2.004, 2.005)",0.01630525493037974,2.005
"[2.005, 2.0060000000000002)",0.02116442089292931,2.0060000000000002
"[2.0060000000000002, 2.007)",0.0191578304825,2.007
"[2.007, 2.008)",0.04362346520543478,2.008
"[2.008, 2.009)",0.031807185255263166,2.009
"[2.009, 2.0100000000000002)",0.039234209328985505,2.0100000000000002
"[2.0100000000000002, 2.011)",0.026181661166666672,2.011
"[2.011, 2.012)",0.03346222596904761,2.012
"[2.012, 2.013)",0.03955131438064518,2.013
"[2.013, 2.0140000000000002)",0.022175147996629216,2.0140000000000002
"[2.0140000000000002, 2.015)",0.036439902290322575,2.015
"[2.015, 2.016)",0.028337239332394373,2.016
"[2.016, 2.017)",0.02336486773118279,2.017
"[2.017, 2.0180000000000002)",0.03638801046835446,2.0180000000000002
"[2.0180000000000002, 2.019)",0.03134795786521739,2.019
"[2.019, 2.02)",0.02847440056818182,2.02
"[2.02, 2.021)",0.031039409815662673,2.021
"[2.021, 2.0220000000000002)",0.02726054099032258,2.0220000000000002
"[2.0220000000000002, 2.023)",0.014835921618421052,2.023
"[2.023, 2.024)",0.016573957378651683,2.024
"[2.024, 2.025)",0.034392670782499996,2.025
"[2.025, 2.0260000000000002)",0.022208178860256413,2.0260000000000002
"[2.0260000000000002, 2.027)",0.036178260769230766,2.027
"[2.027, 2.028)",0.02877883665822785,2.028
"[2.028, 2.029)",0.01678574901568628,2.029
"[2.029, 2.0300000000000002)",0.031680794715909094,2.0300000000000002
"[2.0300000000000002, 2.031)",0.03538293459010989,2.031
"[2.031, 2.032)",0.022548522531250007,2.032
"[2.032, 2.033)",0.01918813223111112,2.033
"[2.033, 2.0340000000000003)",0.017892482459550562,2.0340000000000003
"[2.0340000000000003, 2.035)",0.045105428988888904,2.035
"[2.035, 2.036)",0.03975541625111111,2.036
"[2.036, 2.037)",0.02995804540860215,2.037
"[2.037, 2.0380000000000003)",0.037715436379687516,2.0380000000000003
"[2.0380000000000003, 2.039)",0.026787681609876542,2.039
"[2.039, 2.04)",0.019028808253164563,2.04
"[2.04, 2.041)",0.031777792013571435,2.041
"[2.041, 2.0420000000000003)",0.01818607919101124,2.0420000000000003
"[2.0420000000000003, 2.043)",0.01954119163736264,2.043
"[2.043, 2.044)",0.041398452681578955,2.044
"[2.044, 2.045)",0.017396051225000014,2.045
"[2.045, 2.0460000000000003)",0.03691053037078652,2.0460000000000003
"[2.0460000000000003, 2.047)",0.04707329795555556,2.047
"[2.047, 2.048)",0.02212401497142857,2.048
"[2.048, 2.049)",0.023952562491549315,2.049
"[2.049, 2.05)",0.029452742358666666,2.05
"[2.05, 2.051)",0.030750076592553202,2.051
"[2.051, 2.052)",0.03629119611688311,2.052
"[2.052, 2.053)",0.04614858165454545,2.053
"[2.053, 2.054)",0.04046980197558139,2.054
"[2.054, 2.055)",0.027839104889156623,2.055
"[2.055, 2.056)",0.022123826775,2.056
"[2.056, 2.057)",0.0379623218517347,2.057
"[2.057, 2.058)",0.01998456319247313,2.058
"[2.058, 2.059)",0.030840764762376238,2.059
"[2.059, 2.06)",0.03959040584047619,2.06
"[2.06, 2.061)",0.02792796156333334,2.061
"[2.061, 2.062)",0.01821585307662338,2.062
"[2.062, 2.063)",0.020480489549895845,2.063
"[2.063, 2.064)",0.026860990529411755,2.064
"[2.064, 2.065)",0.017610012618478256,2.065
"[2.065, 2.066)",0.03764365921562498,2.066
"[2.066, 2.067)",0.03055238659026315,2.067
"[2.067, 2.068)",0.03164042406363636,2.068
"[2.068, 2.069)",0.036556484091666674,2.069
"[2.069, 2.07)",0.027669101443673478,2.07
"[2.07, 2.071)",0.02439919593720929,2.071
"[2.071, 2.072)",0.03621862220897437,2.072
"[2.072, 2.073)",0.04805023752467532,2.073
"[2.073, 2.074)",0.02835895642500001,2.074
"[2.074, 2.075)",0.019737368767948727,2.075
"[2.075, 2.076)",0.02402991139183673,2.076
"[2.076, 2.077)",0.02715945992988765,2.077
"[2.077, 2.078)",0.015323484054285713,2.078
"[2.078, 2.079)",0.028123762369729747,2.079
"[2.079, 2.08)",0.04203188589610388,2.08
"[2.08, 2.081)",0.039044079716216235,2.081
"[2.081, 2.082)",0.03449746556790124,2.082
"[2.082, 2.083)",0.019649332472368417,2.083
"[2.083, 2.084)",0.016600467255421695,2.084
"[2.084, 2.085)",0.025056034953846153,2.085
"[2.085, 2.086)",0.019526524443209882,2.086
"[2.086, 2.087)",0.019944757785245907,2.087
"[2.087, 2.088)",0.014791668264705878,2.088
"[2.088, 2.089)",0.02068666711492538,2.089
"[2.089, 2.09)",0.03471591025365855,2.09
"[2.09, 2.091)",0.02724416262786885,2.091
"[2.091, 2.092)",0.024589518426744193,2.092
"[2.092, 2.093)",0.023621112746835458,2.093
"[2.093, 2.094)",0.04035456079425287,2.094
"[2.094, 2.095)",0.02844921615063292,2.095
"[2.095, 2.096)",0.027076661484375004,2.096
"[2.096, 2.097)",0.03149941246666667,2.097
"[2.097, 2.098)",0.0217997664556962,2.098
"[2.098, 2.099)",0.047238035761,2.099
"[2.099, 2.1)",0.02382411693552632,2.1
"[2.1, 2.101)",0.02707816104285716,2.101
"[2.101, 2.102)",0.030095485255263153,2.102
"[2.102, 2.103)",0.02827415138709678,2.103
"[2.103, 2.104)",0.042352545841463425,2.104
"[2.104, 2.105)",0.030230525273972596,2.105
"[2.105, 2.106)",0.016979532215662653,2.106
"[2.106, 2.107)",0.04002946625000002,2.107
"[2.107, 2.108)",0.027522557146506022,2.108
"[2.108, 2.109)",0.026902502324657542,2.109
"[2.109, 2.11)",0.02629778438507463,2.11
"[2.11, 2.111)",0.041792733232911404,2.111
"[2.111, 2.112)",0.020838036202898553,2.112
"[2.112, 2.113)",0.027104625886363646,2.113
"[2.113, 2.114)",0.03980219109090908,2.114
"[2.114, 2.115)",0.04616602495454546,2.115
"[2.115, 2.116)",0.03184810067738096,2.116
"[2.116, 2.117)",0.025351935624000007,2.117
"[2.117, 2.118)",0.01717360140843374,2.118
"[2.118, 2.119)",0.019545495305263158,2.119
"[2.119, 2.12)",0.03271242130253165,2.12
"[2.12, 2.121)",0.02575675514027779,2.121
"[2.121, 2.122)",0.04782655377042254,2.122
"[2.122, 2.123)",0.027700257406849334,2.123
"[2.123, 2.124)",0.04345187691428571,2.124
"[2.124, 2.125)",0.03267658182826089,2.125
"[2.125, 2.126)",0.027635534598717947,2.126
"[2.126, 2.1270000000000002)",0.04354181012345679,2.1270000000000002
"[2.1270000000000002, 2.128)",0.03127483940540541,2.128
"[2.128, 2.129)",0.051274154711428585,2.129
"[2.129, 2.13)",0.05154892402739727,2.13
"[2.13, 2.1310000000000002)",0.03469995779032259,2.1310000000000002
"[2.1310000000000002, 2.132)",0.020488165105333335,2.132
"[2.132, 2.133)",0.021211795383750003,2.133
"[2.133, 2.134)",0.022433879658490568,2.134
"[2.134, 2.1350000000000002)",0.026995344391044784,2.1350000000000002
"[2.1350000000000002, 2.136)",0.03719012857750002,2.136
"[2.136, 2.137)",0.01957446735949367,2.137
"[2.137, 2.138)",0.03268922348333332,2.138
"[2.138, 2.1390000000000002)",0.02080572291708334,2.1390000000000002
"[2.1390000000000002, 2.14)",0.03199454881971832,2.14
"[2.14, 2.141)",0.028419813406410272,2.141
"[2.141, 2.142)",0.04451568120000001,2.142
"[2.142, 2.1430000000000002)",0.07462649672153843,2.1430000000000002
"[2.1430000000000002, 2.144)",0.03505243498571428,2.144
"[2.144, 2.145)",0.058447241657971015,2.145
"[2.145, 2.146)",0.01483342351506849,2.146
"[2.146, 2.1470000000000002)",0.01873304267898552,2.1470000000000002
"[2.1470000000000002, 2.148)",0.029031610808823542,2.148
"[2.148, 2.149)",0.02927942635612501,2.149
"[2.149, 2.15)",0.02546883306102564,2.15
"[2.15, 2.1510000000000002)",0.023319720491666675,2.1510000000000002
"[2.1510000000000002, 2.152)",0.021478911010256427,2.152
"[2.152, 2.153)",0.037288493454929586,2.153
"[2.153, 2.154)",0.032052040600000005,2.154
"[2.154, 2.1550000000000002)",0.019859191656060607,2.1550000000000002
"[2.1550000000000002, 2.156)",0.017225582000000003,2.156
"[2.156, 2.157)",0.028393360560256414,2.157
"[2.157, 2.158)",0.024142995482894735,2.158
"[2.158, 2.1590000000000003)",0.030526681982857143,2.1590000000000003
"[2.1590000000000003, 2.16)",0.027626908500000002,2.16
"[2.16, 2.161)",0.04543322297142857,2.161
"[2.161, 2.162)",0.03534301757831326,2.162
"[2.162, 2.1630000000000003)",0.02539446352000001,2.1630000000000003
"[2.1630000000000003, 2.164)",0.03799413552500001,2.164
"[2.164, 2.165)",0.037511367600000026,2.165
"[2.165, 2.166)",0.05570620813513511,2.166
"[2.166, 2.1670000000000003)",0.020936281891780817,2.1670000000000003
"[2.1670000000000003, 2.168)",0.024318903405405417,2.168
"[2.168, 2.169)",0.02637997814324324,2.169
"[2.169, 2.17)",0.031505235382716046,2.17
"[2.17, 2.1710000000000003)",0.04139674613289474,2.1710000000000003
"[2.1710000000000003, 2.172)",0.02542286615897436,2.172
"[2.172, 2.173)",0.03936581117567569,2.173
"[2.173, 2.174)",0.05024337094494381,2.174
"[2.174, 2.1750000000000003)",0.045405627424,2.1750000000000003
"[2.1750000000000003, 2.176)",0.023448601778461534,2.176
"[2.176, 2.177)",0.020055217101333334,2.177
"[2.177, 2.178)",0.020139578113333334,2.178
"[2.178, 2.179)",0.026685404633802808,2.179
"[2.179, 2.18)",0.018779207384615384,2.18
"[2.18, 2.181)",0.042047365605479455,2.181
"[2.181, 2.182)",0.020444261338709684,2.182
"[2.182, 2.183)",0.021291988426470586,2.183
"[2.183, 2.184)",0.021458525583018865,2.184
"[2.184, 2.185)",0.013987569610606064,2.185
"[2.185, 2.186)",0.023668472822580645,2.186
"[2.186, 2.187)",0.03879762374477611,2.187
"[2.187, 2.188)",0.03749425203050846,2.188
"[2.188, 2.189)",0.024725581246835462,2.189
"[2.189, 2.19)",0.024545020076119417,2.19
"[2.19, 2.191)",0.042834755043661986,2.191
"[2.191, 2.192)",0.03349671948703706,2.192
"[2.192, 2.193)",0.055862714970588215,2.193
"[2.193, 2.194)",0.017521879834426227,2.194
"[2.194, 2.195)",0.02895376444057972,2.195
"[2.195, 2.196)",0.027861909966153852,2.196
"[2.196, 2.197)",0.026847991999999998,2.197
"[2.197, 2.198)",0.03511129633870967,2.198
"[2.198, 2.199)",0.026765549719696972,2.199
"[2.199, 2.2)",0.046583900986956535,2.2
"[2.2, 2.201)",0.018504434356603778,2.201
"[2.201, 2.202)",0.057772361033823535,2.202
"[2.202, 2.203)",0.019330110815254237,2.203
"[2.203, 2.204)",0.03243709028169015,2.204
"[2.204, 2.205)",0.01987553373283583,2.205
"[2.205, 2.206)",0.019582843142857145,2.206
"[2.206, 2.207)",0.01894623473181818,2.207
"[2.207, 2.208)",0.045871836107142856,2.208
"[2.208, 2.209)",0.029300706413793117,2.209
"[2.209, 2.21)",0.027682216405063294,2.21
"[2.21, 2.211)",0.06258771556093752,2.211
"[2.211, 2.212)",0.04140896916621622,2.212
"[2.212, 2.213)",0.02608600726666668,2.213
"[2.213, 2.214)",0.01974505637931035,2.214
"[2.214, 2.215)",0.03125758064615386,2.215
"[2.215, 2.216)",0.037720151076923086,2.216
"[2.216, 2.217)",0.02444118045571429,2.217
"[2.217, 2.218)",0.041232873265625004,2.218
"[2.218, 2.219)",0.021736662038666678,2.219
"[2.219, 2.22)",0.016330531450000005,2.22
"[2.22, 2.221)",0.04000607145844156,2.221
"[2.221, 2.222)",0.026199379852830187,2.222
"[2.222, 2.223)",0.025494642026315784,2.223
"[2.223, 2.224)",0.0216660375164706,2.224
"[2.224, 2.225)",0.022241135985074628,2.225
"[2.225, 2.226)",0.019882206760563383,2.226
"[2.226, 2.227)",0.017133731350000004,2.227
"[2.227, 2.228)",0.021714405389333336,2.228
"[2.228, 2.229)",0.020097608803225805,2.229
"[2.229, 2.23)",0.018384635658974358,2.23
"[2.23, 2.231)",0.03427455973174604,2.231
"[2.231, 2.232)",0.03279532431746032,2.232
"[2.232, 2.233)",0.02893497282361112,2.233
"[2.233, 2.234)",0.031094206043278696,2.234
"[2.234, 2.235)",0.016743118287878788,2.235
"[2.235, 2.236)",0.05654938996969696,2.236
"[2.236, 2.237)",0.03615780061643837,2.237
"[2.237, 2.238)",0.04026569477049181,2.238
"[2.238, 2.239)",0.07180056768085107,2.239
"[2.239, 2.24)",0.019421719332258076,2.24
"[2.24, 2.241)",0.030585710897183104,2.241
"[2.241, 2.242)",0.022083265287301587,2.242
"[2.242, 2.243)",0.02227477382978724,2.243
"[2.243, 2.244)",0.018050004713924046,2.244
"[2.244, 2.245)",0.024928159169014082,2.245
"[2.245, 2.246)",0.02018924635932203,2.246
"[2.246, 2.247)",0.02380502887499999,2.247
"[2.247, 2.248)",0.024478764074074084,2.248
"[2.248, 2.249)",0.027029457689090913,2.249
"[2.249, 2.25)",0.021619487360784315,2.25
"[2.25, 2.251)",0.022429292462500004,2.251
"[2.251, 2.2520000000000002)",0.022463965064516124,2.2520000000000002
"[2.2520000000000002, 2.253)",0.021677648803278687,2.253
"[2.253, 2.254)",0.028160371999999993,2.254
"[2.254, 2.255)",0.026432877645833335,2.255
"[2.255, 2.2560000000000002)",0.013272809644444442,2.2560000000000002
"[2.2560000000000002, 2.257)",0.03320125178846155,2.257
"[2.257, 2.258)",0.034168743962264166,2.258
"[2.258, 2.259)",0.022527423022916663,2.259
"[2.259, 2.2600000000000002)",0.015898459234042556,2.2600000000000002
"[2.2600000000000002, 2.261)",0.05273416140701754,2.261
"[2.261, 2.262)",0.0182266867254902,2.262
"[2.262, 2.263)",0.02002925709818181,2.263
"[2.263, 2.2640000000000002)",0.034469668061224486,2.2640000000000002
"[2.2640000000000002, 2.265)",0.024648450265151518,2.265
"[2.265, 2.266)",0.02549293961186441,2.266
"[2.266, 2.267)",0.03834153188392859,2.267
"[2.267, 2.2680000000000002)",0.026006104113636366,2.2680000000000002
"[2.2680000000000002, 2.269)",0.022910189929577475,2.269
"[2.269, 2.27)",0.01528836246037735,2.27
"[2.27, 2.271)",0.022578906150943403,2.271
"[2.271, 2.2720000000000002)",0.026407379407812494,2.2720000000000002
"[2.2720000000000002, 2.273)",0.026638223543396226,2.273
"[2.273, 2.274)",0.02580511824821428,2.274
"[2.274, 2.275)",0.009731717183673471,2.275
"[2.275, 2.2760000000000002)",0.042609854611111136,2.2760000000000002
"[2.2760000000000002, 2.277)",0.03461767708450703,2.277
"[2.277, 2.278)",0.02575380768095238,2.278
"[2.278, 2.279)",0.021599577173333342,2.279
"[2.279, 2.2800000000000002)",0.018253558560975616,2.2800000000000002
"[2.2800000000000002, 2.281)",0.017317035305882352,2.281
"[2.281, 2.282)",0.027546568330158727,2.282
"[2.282, 2.283)",0.018183977767796605,2.283
"[2.283, 2.2840000000000003)",0.013193856653030302,2.2840000000000003
"[2.2840000000000003, 2.285)",0.046476304229508186,2.285
"[2.285, 2.286)",0.02413122144444444,2.286
"[2.286, 2.287)",0.0292915008,2.287
"[2.287, 2.2880000000000003)",0.018104647545333336,2.2880000000000003
"[2.2880000000000003, 2.289)",0.022768553970149267,2.289
"[2.289, 2.29)",0.043977826668253964,2.29
"[2.29, 2.291)",0.05066928115454545,2.291
"[2.291, 2.2920000000000003)",0.01833353595142857,2.2920000000000003
"[2.2920000000000003, 2.293)",0.01736212124769232,2.293
"[2.293, 2.294)",0.02064303321694915,2.294
"[2.294, 2.295)",0.021975483575714282,2.295
"[2.295, 2.2960000000000003)",0.03022980937142858,2.2960000000000003
"[2.2960000000000003, 2.297)",0.05604834486491227,2.297
"[2.297, 2.298)",0.021538834666666673,2.298
"[2.298, 2.299)",0.025128355107017546,2.299
"[2.299, 2.3000000000000003)",0.026726229380281703,2.3000000000000003
"[2.3000000000000003, 2.301)",0.042777288072413815,2.301
"[2.301, 2.302)",0.027806380746268657,2.302
"[2.302, 2.303)",0.022004240762857157,2.303
"[2.303, 2.3040000000000003)",0.04201762785714286,2.3040000000000003
"[2.3040000000000003, 2.305)",0.02179469035428571,2.305
"[2.305, 2.306)",0.01389332860714286,2.306
"[2.306, 2.307)",0.050261690807692314,2.307
"[2.307, 2.308)",0.022734346258620697,2.308
"[2.308, 2.309)",0.016826730690909092,2.309
"[2.309, 2.31)",0.01913249086,2.31
"[2.31, 2.311)",0.021942446449152556,2.311
"[2.311, 2.312)",0.03735064147543861,2.312
"[2.312, 2.313)",0.043597914396923065,2.313
"[2.313, 2.314)",0.03977889992592592,2.314
"[2.314, 2.315)",0.03310345908281248,2.315
"[2.315, 2.316)",0.018856310551724143,2.316
"[2.316, 2.317)",0.024431886999999996,2.317
"[2.317, 2.318)",0.026402316881034487,2.318
"[2.318, 2.319)",0.024287588490410954,2.319
"[2.319, 2.32)",0.030914557684745762,2.32
"[2.32, 2.321)",0.014403219686440673,2.321
"[2.321, 2.322)",0.023826200649122813,2.322
"[2.322, 2.323)",0.01453724891355932,2.323
"[2.323, 2.324)",0.03342674620416666,2.324
"[2.324, 2.325)",0.02656358186885246,2.325
"[2.325, 2.326)",0.030871483937288148,2.326
"[2.326, 2.327)",0.038129168189999986,2.327
"[2.327, 2.328)",0.026746484186000005,2.328
"[2.328, 2.329)",0.026287961041749998,2.329
"[2.329, 2.33)",0.02574834377580647,2.33
"[2.33, 2.331)",0.025558341220833346,2.331
"[2.331, 2.332)",0.020216578273818186,2.332
"[2.332, 2.333)",0.016294531325352107,2.333
"[2.333, 2.334)",0.03743284097317073,2.334
"[2.334, 2.335)",0.02397001781739131,2.335
"[2.335, 2.336)",0.03428249809375,2.336
"[2.336, 2.337)",0.017908193930882353,2.337
"[2.337, 2.338)",0.06411958948970586,2.338
"[2.338, 2.339)",0.03750435295797101,2.339
"[2.339, 2.34)",0.022662456912333335,2.34
"[2.34, 2.341)",0.018810163116071428,2.341
"[2.341, 2.342)",0.025099679865151516,2.342
"[2.342, 2.343)",0.017499636711538463,2.343
"[2.343, 2.344)",0.02916888870422537,2.344
"[2.344, 2.345)",0.02199234885121951,2.345
"[2.345, 2.346)",0.023534769748214283,2.346
"[2.346, 2.347)",0.024296104036363637,2.347
"[2.347, 2.348)",0.027391031466666677,2.348
"[2.348, 2.349)",0.05444273862083334,2.349
"[2.349, 2.35)",0.03182180337288135,2.35
"[2.35, 2.351)",0.029248727530612244,2.351
"[2.351, 2.352)",0.023565386452830194,2.352
"[2.352, 2.353)",0.03774381286666668,2.353
"[2.353, 2.354)",0.03258009340909092,2.354
"[2.354, 2.355)",0.02167229698,2.355
"[2.355, 2.356)",0.027500839882352954,2.356
"[2.356, 2.357)",0.03055641978431373,2.357
"[2.357, 2.358)",0.019288040849056602,2.358
"[2.358, 2.359)",0.035030590744444444,2.359
"[2.359, 2.36)",0.027703991378000007,2.36
"[2.36, 2.361)",0.022438798328125002,2.361
"[2.361, 2.362)",0.02403727393469388,2.362
"[2.362, 2.363)",0.015253622691228074,2.363
"[2.363, 2.364)",0.0257728464075,2.364
"[2.364, 2.365)",0.038681106098039215,2.365
"[2.365, 2.366)",0.017319945283018865,2.366
"[2.366, 2.367)",0.017282794557692303,2.367
"[2.367, 2.368)",0.039336177655172416,2.368
"[2.368, 2.369)",0.037421593150000015,2.369
"[2.369, 2.37)",0.032170861947500004,2.37
"[2.37, 2.371)",0.03705767673333335,2.371
"[2.371, 2.372)",0.020477036724285715,2.372
"[2.372, 2.373)",0.018661625079310344,2.373
"[2.373, 2.374)",0.03921933360384617,2.374
"[2.374, 2.375)",0.01528562,2.375
"[2.375, 2.376)",0.018515210743999994,2.376
"[2.376, 2.3770000000000002)",0.02187411567929825,2.3770000000000002
"[2.3770000000000002, 2.378)",0.015398756553333332,2.378
"[2.378, 2.379)",0.039304814787499996,2.379
"[2.379, 2.38)",0.04761021790606059,2.38
"[2.38, 2.3810000000000002)",0.012363641586274513,2.3810000000000002
"[2.3810000000000002, 2.382)",0.02439267478947369,2.382
"[2.382, 2.383)",0.04127935818000004,2.383
"[2.383, 2.384)",0.046165915946938786,2.384
"[2.384, 2.3850000000000002)",0.029740552423076917,2.3850000000000002
"[2.3850000000000002, 2.386)",0.024792930483333333,2.386
"[2.386, 2.387)",0.022920353772413797,2.387
"[2.387, 2.388)",0.03407803717391304,2.388
"[2.388, 2.3890000000000002)",0.019909712909090906,2.3890000000000002
"[2.3890000000000002, 2.39)",0.03737323041320756,2.39
"[2.39, 2.391)",0.042157447943636385,2.391
"[2.391, 2.392)",0.036220948380952384,2.392
"[2.392, 2.3930000000000002)",0.03404392506458335,2.3930000000000002
"[2.3930000000000002, 2.394)",0.03581134952857142,2.394
"[2.394, 2.395)",0.02013997445925926,2.395
"[2.395, 2.396)",0.04026753265957448,2.396
"[2.396, 2.3970000000000002)",0.016169612142857143,2.3970000000000002
"[2.3970000000000002, 2.398)",0.024331025872727275,2.398
"[2.398, 2.399)",0.04162208979814815,2.399
"[2.399, 2.4)",0.053618373113636375,2.4
"[2.4, 2.4010000000000002)",0.04223961539352941,2.4010000000000002
"[2.4010000000000002, 2.402)",0.024055971,2.402
"[2.402, 2.403)",0.03233209090384618,2.403
"[2.403, 2.404)",0.02387435778181817,2.404
"[2.404, 2.4050000000000002)",0.024251242259259263,2.4050000000000002
"[2.4050000000000002, 2.406)",0.014529538763999999,2.406
"[2.406, 2.407)",0.02310817571568627,2.407
"[2.407, 2.408)",0.016043368260416673,2.408
"[2.408, 2.4090000000000003)",0.05367962212765956,2.4090000000000003
"[2.4090000000000003, 2.41)",0.019586812555555555,2.41
"[2.41, 2.411)",0.03701934585714287,2.411
"[2.411, 2.412)",0.016641421003773586,2.412
"[2.412, 2.4130000000000003)",0.04451220541860465,2.4130000000000003
"[2.4130000000000003, 2.414)",0.012677194885714288,2.414
"[2.414, 2.415)",0.0385491542797436,2.415
"[2.415, 2.416)",0.014898463708333332,2.416
"[2.416, 2.4170000000000003)",0.014010269236538465,2.4170000000000003
"[2.4170000000000003, 2.418)",0.024895516256410247,2.418
"[2.418, 2.419)",0.024686360909090908,2.419
"[2.419, 2.42)",0.044144630046666675,2.42
"[2.42, 2.4210000000000003)",0.046455577968749995,2.4210000000000003
"[2.4210000000000003, 2.422)",0.05972492883636364,2.422
"[2.422, 2.423)",0.019686585735714284,2.423
"[2.423, 2.424)",0.03307887817391305,2.424
"[2.424, 2.4250000000000003)",0.025766232124999993,2.4250000000000003
"[2.4250000000000003, 2.426)",0.025643967582926832,2.426
"[2.426, 2.427)",0.018829308975609756,2.427
"[2.427, 2.428)",0.03216318638636363,2.428
"[2.428, 2.4290000000000003)",0.041042582645833346,2.4290000000000003
"[2.4290000000000003, 2.43)",0.02533953856756756,2.43
"[2.43, 2.431)",0.03599673872,2.431
"[2.431, 2.432)",0.025495545575000007,2.432
"[2.432, 2.433)",0.029476961346153845,2.433
"[2.433, 2.434)",0.023410403986538462,2.434
"[2.434, 2.435)",0.026167782629629637,2.435
"[2.435, 2.436)",0.02973170062631578,2.436
"[2.436, 2.437)",0.03131824555636365,2.437
"[2.437, 2.438)",0.03187193173278689,2.438
"[2.438, 2.439)",0.018366726825000006,2.439
"[2.439, 2.44)",0.02122272267391304,2.44
"[2.44, 2.441)",0.023757433659574473,2.441
"[2.441, 2.442)",0.04479507028500001,2.442
"[2.442, 2.443)",0.048720052039215686,2.443
"[2.443, 2.444)",0.04716682619799999,2.444
"[2.444, 2.445)",0.02932829134545455,2.445
"[2.445, 2.446)",0.02759183351999999,2.446
"[2.446, 2.447)",0.029289328459999996,2.447
"[2.447, 2.448)",0.04740550866923078,2.448
"[2.448, 2.449)",0.0445218902413793,2.449
"[2.449, 2.45)",0.027285538696226415,2.45
"[2.45, 2.451)",0.020068360986792447,2.451
"[2.451, 2.452)",0.033026141659574466,2.452
"[2.452, 2.453)",0.02866384526415095,2.453
"[2.453, 2.454)",0.027699526316981127,2.454
"[2.454, 2.455)",0.049490504448979594,2.455
"[2.455, 2.456)",0.01652999339180328,2.456
"[2.456, 2.457)",0.021066146333333327,2.457
"[2.457, 2.458)",0.03839638325581397,2.458
"[2.458, 2.459)",0.02293902201454546,2.459
"[2.459, 2.46)",0.03325501431111111,2.46
"[2.46, 2.461)",0.03141911419402986,2.461
"[2.461, 2.462)",0.012148892325416667,2.462
"[2.462, 2.463)",0.018263451356122447,2.463
"[2.463, 2.464)",0.0281084209409091,2.464
"[2.464, 2.465)",0.0237617735,2.465
"[2.465, 2.466)",0.024669630859259262,2.466
"[2.466, 2.467)",0.034614860434782624,2.467
"[2.467, 2.468)",0.027021868870909085,2.468
"[2.468, 2.469)",0.024518170657142853,2.469
"[2.469, 2.47)",0.034887564387096774,2.47
"[2.47, 2.471)",0.024944223247916664,2.471
"[2.471, 2.472)",0.03241314233684211,2.472
"[2.472, 2.473)",0.01907190220967743,2.473
"[2.473, 2.474)",0.038029312126666666,2.474
"[2.474, 2.475)",0.022286626538235297,2.475
"[2.475, 2.476)",0.026804463944897966,2.476
"[2.476, 2.477)",0.025551541510204077,2.477
"[2.477, 2.478)",0.031386773437954534,2.478
"[2.478, 2.479)",0.02641745131921569,2.479
"[2.479, 2.48)",0.038341216571428596,2.48
"[2.48, 2.481)",0.030065688312500005,2.481
"[2.481, 2.482)",0.024093432659090898,2.482
"[2.482, 2.483)",0.025946720153846144,2.483
"[2.483, 2.484)",0.0495802155939394,2.484
"[2.484, 2.485)",0.019714330599999993,2.485
"[2.485, 2.486)",0.04137682608510638,2.486
"[2.486, 2.487)",0.04197007818695652,2.487
"[2.487, 2.488)",0.03285249350217392,2.488
"[2.488, 2.489)",0.049875026402807034,2.489
"[2.489, 2.49)",0.019820000929999994,2.49
"[2.49, 2.491)",0.021173335210204074,2.491
"[2.491, 2.492)",0.031020362771428573,2.492
"[2.492, 2.493)",0.01980119736799999,2.493
"[2.493, 2.494)",0.01515639986486487,2.494
"[2.494, 2.495)",0.05235257200000001,2.495
"[2.495, 2.496)",0.027633713279069765,2.496
"[2.496, 2.497)",0.02848720673584906,2.497
"[2.497, 2.498)",0.01823323251162791,2.498
"[2.498, 2.499)",0.021945066580645163,2.499
"[2.499, 2.5)",0.04515749042857143,2.5
"[2.5, 2.501)",0.0199699988893617,2.501
"[2.501, 2.5020000000000002)",0.012400323136363632,2.5020000000000002
"[2.5020000000000002, 2.503)",0.015063371554054055,2.503
"[2.503, 2.504)",0.02900613919512195,2.504
"[2.504, 2.505)",0.011192330874193548,2.505
"[2.505, 2.5060000000000002)",0.02975260669767443,2.5060000000000002
"[2.5060000000000002, 2.507)",0.031578718231111115,2.507
"[2.507, 2.508)",0.02163983640740741,2.508
"[2.508, 2.509)",0.036399901972972964,2.509
"[2.509, 2.5100000000000002)",0.05849987452608695,2.5100000000000002
"[2.5100000000000002, 2.511)",0.023939653783783786,2.511
"[2.511, 2.512)",0.011625388204545456,2.512
"[2.512, 2.513)",0.05075563692499999,2.513
"[2.513, 2.5140000000000002)",0.028910097864864863,2.5140000000000002
"[2.5140000000000002, 2.515)",0.020602966510204084,2.515
"[2.515, 2.516)",0.01677714525348837,2.516
"[2.516, 2.517)",0.023860363680851072,2.517
"[2.517, 2.5180000000000002)",0.03663977915555556,2.5180000000000002
"[2.5180000000000002, 2.519)",0.011025357512195124,2.519
"[2.519, 2.52)",0.04078992530303029,2.52
"[2.52, 2.521)",0.02609729025576923,2.521
"[2.521, 2.5220000000000002)",0.018952590687499996,2.5220000000000002
"[2.5220000000000002, 2.523)",0.04453683155454546,2.523
"[2.523, 2.524)",0.0633562384707317,2.524
"[2.524, 2.525)",0.017736960358974357,2.525
"[2.525, 2.5260000000000002)",0.013429671459459464,2.5260000000000002
"[2.5260000000000002, 2.527)",0.022777070102040817,2.527
"[2.527, 2.528)",0.029899900942857143,2.528
"[2.528, 2.529)",0.017678307075,2.529
"[2.529, 2.5300000000000002)",0.034562489725,2.5300000000000002
"[2.5300000000000002, 2.531)",0.06152087373170731,2.531
"[2.531, 2.532)",0.02606197471428572,2.532
"[2.532, 2.533)",0.03509175294117648,2.533
"[2.533, 2.5340000000000003)",0.018875372386363633,2.5340000000000003
"[2.5340000000000003, 2.535)",0.030310941331111098,2.535
"[2.535, 2.536)",0.024652321050000005,2.536
"[2.536, 2.537)",0.02125678911395348,2.537
"[2.537, 2.5380000000000003)",0.025645969947826086,2.5380000000000003
"[2.5380000000000003, 2.539)",0.031726454055555554,2.539
"[2.539, 2.54)",0.026392827152941174,2.54
"[2.54, 2.541)",0.01720104175,2.541
"[2.541, 2.5420000000000003)",0.014901298747058825,2.5420000000000003
"[2.5420000000000003, 2.543)",0.044142752214285715,2.543
"[2.543, 2.544)",0.02834860317234045,2.544
"[2.544, 2.545)",0.053161446756756756,2.545
"[2.545, 2.5460000000000003)",0.02264610486346154,2.5460000000000003
"[2.5460000000000003, 2.547)",0.01686374138787879,2.547
"[2.547, 2.548)",0.04781450038157895,2.548
"[2.548, 2.549)",0.041715801237209325,2.549
"[2.549, 2.5500000000000003)",0.019746439251111112,2.5500000000000003
"[2.5500000000000003, 2.551)",0.03458229905405406,2.551
"[2.551, 2.552)",0.01779071870270271,2.552
"[2.552, 2.553)",0.02707663993103449,2.553
"[2.553, 2.5540000000000003)",0.017026280153846152,2.5540000000000003
"[2.5540000000000003, 2.555)",0.03821554912564104,2.555
"[2.555, 2.556)",0.018163117971052627,2.556
"[2.556, 2.557)",0.021362797938775508,2.557
"[2.557, 2.5580000000000003)",0.01733817635,2.5580000000000003
"[2.5580000000000003, 2.559)",0.019262909621621624,2.559
"[2.559, 2.56)",0.019792441627906967,2.56
"[2.56, 2.561)",0.01958143327317074,2.561
"[2.561, 2.562)",0.024940068374999996,2.562
"[2.562, 2.563)",0.01251374703571429,2.563
"[2.563, 2.564)",0.016010462342857145,2.564
"[2.564, 2.565)",0.020639956615384612,2.565
"[2.565, 2.566)",0.0321641165531915,2.566
"[2.566, 2.567)",0.018115187153846152,2.567
"[2.567, 2.568)",0.023941373669696966,2.568
"[2.568, 2.569)",0.03733992882702704,2.569
"[2.569, 2.57)",0.026194019363829788,2.57
"[2.57, 2.571)",0.023258396964705882,2.571
"[2.571, 2.572)",0.03909609236842105,2.572
"[2.572, 2.573)",0.01757965520930233,2.573
"[2.573, 2.574)",0.023541611591836736,2.574
"[2.574, 2.575)",0.034808399063829785,2.575
"[2.575, 2.576)",0.024608654509302327,2.576
"[2.576, 2.577)",0.05222262394489798,2.577
"[2.577, 2.578)",0.026755309324324315,2.578
"[2.578, 2.579)",0.03303625171739132,2.579
"[2.579, 2.58)",0.021360401457142856,2.58
"[2.58, 2.581)",0.022602917360000002,2.581
"[2.581, 2.582)",0.026610298688888888,2.582
"[2.582, 2.583)",0.015424364515151511,2.583
"[2.583, 2.584)",0.014031956168181816,2.584
"[2.584, 2.585)",0.010633606774074078,2.585
"[2.585, 2.586)",0.04312254102666666,2.586
"[2.586, 2.587)",0.021549087499999998,2.587
"[2.587, 2.588)",0.018920723259999998,2.588
"[2.588, 2.589)",0.05259584518750001,2.589
"[2.589, 2.59)",0.0186897329275,2.59
"[2.59, 2.591)",0.013201825202631582,2.591
"[2.591, 2.592)",0.03616798406969697,2.592
"[2.592, 2.593)",0.017547673669444444,2.593
"[2.593, 2.594)",0.016875087333333334,2.594
"[2.594, 2.595)",0.020867682026315785,2.595
"[2.595, 2.596)",0.02199721184358974,2.596
"[2.596, 2.597)",0.03517396829166667,2.597
"[2.597, 2.598)",0.017242771972222223,2.598
"[2.598, 2.599)",0.0398653843255814,2.599
"[2.599, 2.6)",0.03136428740624999,2.6
"[2.6, 2.601)",0.022379924222916663,2.601
"[2.601, 2.602)",0.018683993492307687,2.602
"[2.602, 2.603)",0.025917455474545454,2.603
"[2.603, 2.604)",0.06292382432205129,2.604
"[2.604, 2.605)",0.041785785951351344,2.605
"[2.605, 2.606)",0.024793448657142853,2.606
"[2.606, 2.607)",0.012621019277777779,2.607
"[2.607, 2.608)",0.014750913808333333,2.608
"[2.608, 2.609)",0.04398555819723404,2.609
"[2.609, 2.61)",0.038305554956818186,2.61
"[2.61, 2.611)",0.018714368842105266,2.611
"[2.611, 2.612)",0.02729138559999999,2.612
"[2.612, 2.613)",0.025904564915217386,2.613
"[2.613, 2.614)",0.01627734242571429,2.614
"[2.614, 2.615)",0.015135313960000002,2.615
"[2.615, 2.616)",0.015739340981395355,2.616
"[2.616, 2.617)",0.04531076827954546,2.617
"[2.617, 2.618)",0.029072751428571436,2.618
"[2.618, 2.619)",0.03500626965853659,2.619
"[2.619, 2.62)",0.016018150335897437,2.62
"[2.62, 2.621)",0.024103915075000003,2.621
"[2.621, 2.622)",0.032448223309523815,2.622
"[2.622, 2.623)",0.02224507046216215,2.623
"[2.623, 2.624)",0.031480566880434775,2.624
"[2.624, 2.625)",0.04195880340000001,2.625
"[2.625, 2.626)",0.046147585250000005,2.626
"[2.626, 2.6270000000000002)",0.02440352963695653,2.6270000000000002
"[2.6270000000000002, 2.628)",0.028445619500000015,2.628
"[2.628, 2.629)",0.024471255027027034,2.629
"[2.629, 2.63)",0.06208507388888889,2.63
"[2.63, 2.6310000000000002)",0.04193753504651163,2.6310000000000002
"[2.6310000000000002, 2.632)",0.015673043484848492,2.632
"[2.632, 2.633)",0.02118709072222222,2.633
"[2.633, 2.634)",0.014179651166666671,2.634
"[2.634, 2.6350000000000002)",0.025596785062499995,2.6350000000000002
"[2.6350000000000002, 2.636)",0.018616928619999994,2.636
"[2.636, 2.637)",0.020693862615,2.637
"[2.637, 2.638)",0.026983668088235296,2.638
"[2.638, 2.6390000000000002)",0.03785758417894738,2.6390000000000002
"[2.6390000000000002, 2.64)",0.027908293,2.64
"[2.64, 2.641)",0.049672511710526314,2.641
"[2.641, 2.642)",0.03321249740740741,2.642
"[2.642, 2.6430000000000002)",0.010182399233333334,2.6430000000000002
"[2.6430000000000002, 2.644)",0.05654095485714285,2.644
"[2.644, 2.645)",0.009604289567567568,2.645
"[2.645, 2.646)",0.025132061125,2.646
"[2.646, 2.6470000000000002)",0.015349026571428578,2.6470000000000002
"[2.6470000000000002, 2.648)",0.04329488673333334,2.648
"[2.648, 2.649)",0.02769607563157895,2.649
"[2.649, 2.65)",0.01713113042666666,2.65
"[2.65, 2.6510000000000002)",0.01846015262222222,2.6510000000000002
"[2.6510000000000002, 2.652)",0.008728787363636362,2.652
"[2.652, 2.653)",0.027269038612903217,2.653
"[2.653, 2.654)",0.02536275688888889,2.654
"[2.654, 2.6550000000000002)",0.02071055076571428,2.6550000000000002
"[2.6550000000000002, 2.656)",0.010537488861111112,2.656
"[2.656, 2.657)",0.015355210999999999,2.657
"[2.657, 2.658)",0.02921528237037037,2.658
"[2.658, 2.6590000000000003)",0.033541926240000006,2.6590000000000003
"[2.6590000000000003, 2.66)",0.02884533270370371,2.66
"[2.66, 2.661)",0.01997992544827586,2.661
"[2.661, 2.662)",0.016569217793103448,2.662
"[2.662, 2.6630000000000003)",0.023622735960000002,2.6630000000000003
"[2.6630000000000003, 2.664)",0.019032322593749987,2.664
"[2.664, 2.665)",0.03795150636666667,2.665
"[2.665, 2.666)",0.027540199967741937,2.666
"[2.666, 2.6670000000000003)",0.02720660775,2.6670000000000003
"[2.6670000000000003, 2.668)",0.018783923933333335,2.668
"[2.668, 2.669)",0.008888494571428573,2.669
"[2.669, 2.67)",0.015709072711111112,2.67
"[2.67, 2.6710000000000003)",0.018484882417241378,2.6710000000000003
"[2.6710000000000003, 2.672)",0.031433411192307685,2.672
"[2.672, 2.673)",0.019247012733333332,2.673
"[2.673, 2.674)",0.03573932431034483,2.674
"[2.674, 2.6750000000000003)",0.037365831447878785,2.6750000000000003
"[2.6750000000000003, 2.676)",0.022100809219512192,2.676
"[2.676, 2.677)",0.043886062653125,2.677
"[2.677, 2.678)",0.02381799792857142,2.678
"[2.678, 2.6790000000000003)",0.015729357321428574,2.6790000000000003
"[2.6790000000000003, 2.68)",0.021172235839285708,2.68
"[2.68, 2.681)",0.020760920686206902,2.681
"[2.681, 2.682)",0.0139001153125,2.682
"[2.682, 2.6830000000000003)",0.01994951042777778,2.6830000000000003
"[2.6830000000000003, 2.684)",0.024297140037931035,2.684
"[2.684, 2.685)",0.0305424076,2.685
"[2.685, 2.686)",0.030045011964285717,2.686
"[2.686, 2.6870000000000003)",0.017824362624999993,2.6870000000000003
"[2.6870000000000003, 2.688)",0.019551054910810807,2.688
"[2.688, 2.689)",0.012880644928571428,2.689
"[2.689, 2.69)",0.04047649837931034,2.69
"[2.69, 2.691)",0.03455167380769231,2.691
"[2.691, 2.692)",0.013790910370370375,2.692
"[2.692, 2.693)",0.015538276579166668,2.693
"[2.693, 2.694)",0.01500850575757576,2.694
"[2.694, 2.695)",0.05115780640740742,2.695
"[2.695, 2.696)",0.009059006465454546,2.696
"[2.696, 2.697)",0.032027182259259254,2.697
"[2.697, 2.698)",0.025815223710526313,2.698
"[2.698, 2.699)",0.012051901653846156,2.699
"[2.699, 2.7)",0.026837504858064513,2.7
"[2.7, 2.701)",0.02391858500384616,2.701
"[2.701, 2.702)",0.06576394678571429,2.702
"[2.702, 2.703)",0.03250087874193548,2.703
"[2.703, 2.704)",0.03460988824242426,2.704
"[2.704, 2.705)",0.018072040194444444,2.705
"[2.705, 2.706)",0.025931455584374995,2.706
"[2.706, 2.707)",0.02046413521212121,2.707
"[2.707, 2.708)",0.0156073357,2.708
"[2.708, 2.709)",0.022561763699999998,2.709
"[2.709, 2.71)",0.02133717235897436,2.71
"[2.71, 2.711)",0.021551504548484847,2.711
"[2.711, 2.712)",0.051490145511428574,2.712
"[2.712, 2.713)",0.026270571931034485,2.713
"[2.713, 2.714)",0.03205943888095239,2.714
"[2.714, 2.715)",0.011020381468965518,2.715
"[2.715, 2.716)",0.04063055442619048,2.716
"[2.716, 2.717)",0.011323609405882357,2.717
"[2.717, 2.718)",0.04407491809090909,2.718
"[2.718, 2.719)",0.03618130851428572,2.719
"[2.719, 2.72)",0.03245567380555555,2.72
"[2.72, 2.721)",0.022199881933333335,2.721
"[2.721, 2.722)",0.01998670086956522,2.722
"[2.722, 2.723)",0.024055298590322582,2.723
"[2.723, 2.724)",0.0389713774625,2.724
"[2.724, 2.725)",0.04762903701379311,2.725
"[2.725, 2.726)",0.021738650033333338,2.726
"[2.726, 2.727)",0.01674329383333334,2.727
"[2.727, 2.728)",0.020386789804347823,2.728
"[2.728, 2.729)",0.036747271826086954,2.729
"[2.729, 2.73)",0.020007386212121208,2.73
"[2.73, 2.731)",0.03199246842857144,2.731
"[2.731, 2.732)",0.04765724929705882,2.732
"[2.732, 2.733)",0.02545157724242424,2.733
"[2.733, 2.734)",0.03816763565625,2.734
"[2.734, 2.735)",0.031854653838709675,2.735
"[2.735, 2.736)",0.06532332848974359,2.736
"[2.736, 2.737)",0.054519809125000006,2.737
"[2.737, 2.738)",0.024065359667297295,2.738
"[2.738, 2.739)",0.026361886478260873,2.739
"[2.739, 2.74)",0.04929855582424243,2.74
"[2.74, 2.741)",0.04272496236363636,2.741
"[2.741, 2.742)",0.0806095805151515,2.742
"[2.742, 2.743)",0.0674750492,2.743
"[2.743, 2.744)",0.025998526424242427,2.744
"[2.744, 2.745)",0.04579422908378379,2.745
"[2.745, 2.746)",0.037360825842105275,2.746
"[2.746, 2.747)",0.05042299665675676,2.747
"[2.747, 2.748)",0.04221499572580645,2.748
"[2.748, 2.749)",0.03042974619148936,2.749
"[2.749, 2.75)",0.026068824853658537,2.75
"[2.75, 2.751)",0.03680919573913043,2.751
"[2.751, 2.7520000000000002)",0.026462084149999992,2.7520000000000002
"[2.7520000000000002, 2.753)",0.04647212644047618,2.753
"[2.753, 2.754)",0.021808494256410255,2.754
"[2.754, 2.755)",0.03133410023333333,2.755
"[2.755, 2.7560000000000002)",0.04282499874999999,2.7560000000000002
"[2.7560000000000002, 2.757)",0.018590415115384614,2.757
"[2.757, 2.758)",0.055605176374999996,2.758
"[2.758, 2.759)",0.03135357669047619,2.759
"[2.759, 2.7600000000000002)",0.016302740928571428,2.7600000000000002
"[2.7600000000000002, 2.761)",0.018470089827777775,2.761
"[2.761, 2.762)",0.027709222374074072,2.762
"[2.762, 2.763)",0.037462991519999995,2.763
"[2.763, 2.7640000000000002)",0.01567363423809524,2.7640000000000002
"[2.7640000000000002, 2.765)",0.010887229350000001,2.765
"[2.765, 2.766)",0.03401525767567568,2.766
"[2.766, 2.767)",0.02926724560588236,2.767
"[2.767, 2.7680000000000002)",0.020295257628571435,2.7680000000000002
"[2.7680000000000002, 2.769)",0.04218563718333333,2.769
"[2.769, 2.77)",0.022758781791666672,2.77
"[2.77, 2.771)",0.020511706003448277,2.771
"[2.771, 2.7720000000000002)",0.038402787777777773,2.7720000000000002
"[2.7720000000000002, 2.773)",0.03352414718285716,2.773
"[2.773, 2.774)",0.021698706835294124,2.774
"[2.774, 2.775)",0.04633716357037037,2.775
"[2.775, 2.7760000000000002)",0.03574196920000001,2.7760000000000002
"[2.7760000000000002, 2.777)",0.02642267296774193,2.777
"[2.777, 2.778)",0.03839159497368421,2.778
"[2.778, 2.779)",0.08317262553571428,2.779
"[2.779, 2.7800000000000002)",0.03147544532,2.7800000000000002
"[2.7800000000000002, 2.781)",0.045687936714285705,2.781
"[2.781, 2.782)",0.04746512796551725,2.782
"[2.782, 2.783)",0.040328769055555554,2.783
"[2.783, 2.7840000000000003)",0.10408789651851853,2.7840000000000003
"[2.7840000000000003, 2.785)",0.03985391330769231,2.785
"[2.785, 2.786)",0.045063677605714295,2.786
"[2.786, 2.787)",0.04236579588000001,2.787
"[2.787, 2.7880000000000003)",0.008653543603703705,2.7880000000000003
"[2.7880000000000003, 2.789)",0.0174175105,2.789
"[2.789, 2.79)",0.02535150934210526,2.79
"[2.79, 2.791)",0.0347796662,2.791
"[2.791, 2.7920000000000003)",0.03989832545999999,2.7920000000000003
"[2.7920000000000003, 2.793)",0.022304803161904765,2.793
"[2.793, 2.794)",0.02009546618181818,2.794
"[2.794, 2.795)",0.02480331985714286,2.795
"[2.795, 2.7960000000000003)",0.03488120301578947,2.7960000000000003
"[2.7960000000000003, 2.797)",0.052583270075862075,2.797
"[2.797, 2.798)",0.021605659000000003,2.798
"[2.798, 2.799)",0.07222762852173913,2.799
"[2.799, 2.8000000000000003)",0.051672726566666674,2.8000000000000003
"[2.8000000000000003, 2.801)",0.014610647400000001,2.801
"[2.801, 2.802)",0.04341339821,2.802
"[2.802, 2.803)",0.035841947575,2.803
"[2.803, 2.8040000000000003)",0.020357979371428574,2.8040000000000003
"[2.8040000000000003, 2.805)",0.026315718406249994,2.805
"[2.805, 2.806)",0.01855666585294118,2.806
"[2.806, 2.807)",0.013591627684210529,2.807
"[2.807, 2.8080000000000003)",0.04919229172,2.8080000000000003
"[2.8080000000000003, 2.809)",0.01652976863636364,2.809
"[2.809, 2.81)",0.026369007213043482,2.81
"[2.81, 2.811)",0.030401887249999992,2.811
"[2.811, 2.8120000000000003)",0.06363898479310348,2.8120000000000003
"[2.8120000000000003, 2.813)",0.011722121638461537,2.813
"[2.813, 2.814)",0.08495396339230768,2.814
"[2.814, 2.815)",0.017293437217391305,2.815
"[2.815, 2.816)",0.027073270757575756,2.816
"[2.816, 2.817)",0.029460138347826088,2.817
"[2.817, 2.818)",0.024383747111999993,2.818
"[2.818, 2.819)",0.039421861555555555,2.819
"[2.819, 2.82)",0.02074617752903226,2.82
"[2.82, 2.821)",0.016817408600000007,2.821
"[2.821, 2.822)",0.023902857687499997,2.822
"[2.822, 2.823)",0.031872026753125,2.823
"[2.823, 2.824)",0.014007827593750003,2.824
"[2.824, 2.825)",0.014850892694444444,2.825
"[2.825, 2.826)",0.024452136222222223,2.826
"[2.826, 2.827)",0.018643828974444443,2.827
"[2.827, 2.828)",0.028964178600000005,2.828
"[2.828, 2.829)",0.03728447918181819,2.829
"[2.829, 2.83)",0.022157283707894736,2.83
"[2.83, 2.831)",0.022643032583333327,2.831
"[2.831, 2.832)",0.024023202241379313,2.832
"[2.832, 2.833)",0.011116959681250002,2.833
"[2.833, 2.834)",0.021331436596774195,2.834
"[2.834, 2.835)",0.029591405423076936,2.835
"[2.835, 2.836)",0.05488252217241379,2.836
"[2.836, 2.837)",0.011420594257575757,2.837
"[2.837, 2.838)",0.02902812210714285,2.838
"[2.838, 2.839)",0.010591730324,2.839
"[2.839, 2.84)",0.035022973737931035,2.84
"[2.84, 2.841)",0.02990615974999999,2.841
"[2.841, 2.842)",0.030473223184848488,2.842
"[2.842, 2.843)",0.03603080181,2.843
"[2.843, 2.844)",0.041950290375000004,2.844
"[2.844, 2.845)",0.02533014826666667,2.845
"[2.845, 2.846)",0.02629208861481481,2.846
"[2.846, 2.847)",0.03744139721428571,2.847
"[2.847, 2.848)",0.07990742788947372,2.848
"[2.848, 2.849)",0.026481844135135137,2.849
"[2.849, 2.85)",0.01516126891176471,2.85
"[2.85, 2.851)",0.013774459800000003,2.851
"[2.851, 2.852)",0.02264319933913044,2.852
"[2.852, 2.853)",0.023788589906249998,2.853
"[2.853, 2.854)",0.039178925749999996,2.854
"[2.854, 2.855)",0.0094529535,2.855
"[2.855, 2.856)",0.027504937806451614,2.856
"[2.856, 2.857)",0.02388009430769231,2.857
"[2.857, 2.858)",0.025177062994444437,2.858
"[2.858, 2.859)",0.06367287614642857,2.859
"[2.859, 2.86)",0.014142794291666665,2.86
"[2.86, 2.861)",0.020551982552857145,2.861
"[2.861, 2.862)",0.05769970662903227,2.862
"[2.862, 2.863)",0.013621890366666665,2.863
"[2.863, 2.864)",0.057422573419354826,2.864
"[2.864, 2.865)",0.03417507549999999,2.865
"[2.865, 2.866)",0.018213739555555556,2.866
"[2.866, 2.867)",0.04231721512916666,2.867
"[2.867, 2.868)",0.07191309544079999,2.868
"[2.868, 2.869)",0.021762271206896555,2.869
"[2.869, 2.87)",0.05905313331428573,2.87
"[2.87, 2.871)",0.010252992227272727,2.871
"[2.871, 2.872)",0.01658345857878788,2.872
"[2.872, 2.873)",0.022105858999999995,2.873
"[2.873, 2.874)",0.033312428285714284,2.874
"[2.874, 2.875)",0.014172439496296298,2.875
"[2.875, 2.876)",0.03956254593939393,2.876
"[2.876, 2.8770000000000002)",0.03517850648148148,2.8770000000000002
"[2.8770000000000002, 2.878)",0.026020302781481486,2.878
"[2.878, 2.879)",0.013678815764705884,2.879
"[2.879, 2.88)",0.04968348037037037,2.88
"[2.88, 2.8810000000000002)",0.04356617362857144,2.8810000000000002
"[2.8810000000000002, 2.882)",0.06778365541428572,2.882
"[2.882, 2.883)",0.019387992906250002,2.883
"[2.883, 2.884)",0.015803571035714288,2.884
"[2.884, 2.8850000000000002)",0.026856352936666664,2.8850000000000002
"[2.8850000000000002, 2.886)",0.018591086473684213,2.886
"[2.886, 2.887)",0.05189729225714286,2.887
"[2.887, 2.888)",0.034624108137931035,2.888
"[2.888, 2.8890000000000002)",0.015528189096666674,2.8890000000000002
"[2.8890000000000002, 2.89)",0.01545455538846154,2.89
"[2.89, 2.891)",0.02403074403703704,2.891
"[2.891, 2.892)",0.017567307163157898,2.892
"[2.892, 2.8930000000000002)",0.03196496121515151,2.8930000000000002
"[2.8930000000000002, 2.894)",0.024913528928571425,2.894
"[2.894, 2.895)",0.03364093670384615,2.895
"[2.895, 2.896)",0.05754423360000001,2.896
"[2.896, 2.8970000000000002)",0.053028802285714285,2.8970000000000002
"[2.8970000000000002, 2.898)",0.08255910921739132,2.898
"[2.898, 2.899)",0.023129946761904763,2.899
"[2.899, 2.9)",0.016516009624999998,2.9
"[2.9, 2.9010000000000002)",0.045301380839999995,2.9010000000000002
"[2.9010000000000002, 2.902)",0.038936021484615384,2.902
"[2.902, 2.903)",0.029170734772413793,2.903
"[2.903, 2.904)",0.05617384986206896,2.904
"[2.904, 2.9050000000000002)",0.04092582842857143,2.9050000000000002
"[2.9050000000000002, 2.906)",0.06393093547826087,2.906
"[2.906, 2.907)",0.03875294991875001,2.907
"[2.907, 2.908)",0.009099955741666667,2.908
"[2.908, 2.9090000000000003)",0.033674550666666664,2.9090000000000003
"[2.9090000000000003, 2.91)",0.01121597759090909,2.91
"[2.91, 2.911)",0.05610111356521738,2.911
"[2.911, 2.912)",0.048789199666666665,2.912
"[2.912, 2.9130000000000003)",0.018029471772727273,2.9130000000000003
"[2.9130000000000003, 2.914)",0.04199063353846154,2.914
"[2.914, 2.915)",0.020054189695652175,2.915
"[2.915, 2.916)",0.01585090457142857,2.916
"[2.916, 2.9170000000000003)",0.027783331583333334,2.9170000000000003
"[2.9170000000000003, 2.918)",0.02556025742307692,2.918
"[2.918, 2.919)",0.029193730604545456,2.919
"[2.919, 2.92)",0.04712140352692308,2.92
"[2.92, 2.9210000000000003)",0.0197895538,2.9210000000000003
"[2.9210000000000003, 2.922)",0.02093955034642857,2.922
"[2.922, 2.923)",0.022625640156249998,2.923
"[2.923, 2.924)",0.028490849599999996,2.924
"[2.924, 2.9250000000000003)",0.018572686142857144,2.9250000000000003
"[2.9250000000000003, 2.926)",0.041540734827586204,2.926
"[2.926, 2.927)",0.013722737595454547,2.927
"[2.927, 2.928)",0.05312436012500001,2.928
"[2.928, 2.9290000000000003)",0.028876598565217394,2.9290000000000003
"[2.9290000000000003, 2.93)",0.023598207625000003,2.93
"[2.93, 2.931)",0.015428663593750004,2.931
"[2.931, 2.932)",0.02613049026896552,2.932
"[2.932, 2.9330000000000003)",0.024533491705882354,2.9330000000000003
"[2.9330000000000003, 2.934)",0.008965265172413793,2.934
"[2.934, 2.935)",0.017930228439130436,2.935
"[2.935, 2.936)",0.012400499206896553,2.936
"[2.936, 2.9370000000000003)",0.028840549851851846,2.9370000000000003
"[2.9370000000000003, 2.938)",0.032584931478260866,2.938
"[2.938, 2.939)",0.014638483714285716,2.939
"[2.939, 2.94)",0.05975766535909091,2.94
"[2.94, 2.9410000000000003)",0.014070835470588237,2.9410000000000003
"[2.9410000000000003, 2.942)",0.0142268855,2.942
"[2.942, 2.943)",0.027064018187500004,2.943
"[2.943, 2.944)",0.06611527483333336,2.944
"[2.944, 2.945)",0.04885040184210525,2.945
"[2.945, 2.946)",0.028290503533333337,2.946
"[2.946, 2.947)",0.012664419300000002,2.947
"[2.947, 2.948)",0.046381072595238104,2.948
"[2.948, 2.949)",0.019419143225806443,2.949
"[2.949, 2.95)",0.02780766565,2.95
"[2.95, 2.951)",0.04091497878260869,2.951
"[2.951, 2.952)",0.03906953614814815,2.952
"[2.952, 2.953)",0.010387474353333334,2.953
"[2.953, 2.954)",0.0291234988,2.954
"[2.954, 2.955)",0.04722570868749999,2.955
"[2.955, 2.956)",0.021228081920000003,2.956
"[2.956, 2.957)",0.01902965279310345,2.957
"[2.957, 2.958)",0.03097321938095238,2.958
"[2.958, 2.959)",0.03512082738709677,2.959
"[2.959, 2.96)",0.007320102652173912,2.96
"[2.96, 2.961)",0.01068533740909091,2.961
"[2.961, 2.962)",0.02827413617967742,2.962
"[2.962, 2.963)",0.03253520772,2.963
"[2.963, 2.964)",0.08749774160869564,2.964
"[2.964, 2.965)",0.026315665272727273,2.965
"[2.965, 2.966)",0.028448235833333335,2.966
"[2.966, 2.967)",0.01730189784375,2.967
"[2.967, 2.968)",0.033396829045454546,2.968
"[2.968, 2.969)",0.027998416306451616,2.969
"[2.969, 2.97)",0.01594144638928571,2.97
"[2.97, 2.971)",0.018059729250000003,2.971
"[2.971, 2.972)",0.015575940971428571,2.972
"[2.972, 2.973)",0.007825735625,2.973
"[2.973, 2.974)",0.01809379125,2.974
"[2.974, 2.975)",0.023474948212000003,2.975
"[2.975, 2.976)",0.013786527355000003,2.976
"[2.976, 2.977)",0.015388205352173912,2.977
"[2.977, 2.978)",0.02352608465,2.978
"[2.978, 2.979)",0.025246493700000004,2.979
"[2.979, 2.98)",0.0326462109375,2.98
"[2.98, 2.981)",0.025468479695652173,2.981
"[2.981, 2.982)",0.09908931847999998,2.982
"[2.982, 2.983)",0.03986577242857143,2.983
"[2.983, 2.984)",0.022598963666666666,2.984
"[2.984, 2.985)",0.014365407044827586,2.985
"[2.985, 2.986)",0.08376508441481481,2.986
"[2.986, 2.987)",0.053175609544799995,2.987
"[2.987, 2.988)",0.028296135818181814,2.988
"[2.988, 2.989)",0.03313949570344827,2.989
"[2.989, 2.99)",0.05330757,2.99
"[2.99, 2.991)",0.0492269542,2.991
"[2.991, 2.992)",0.03354942384210526,2.992
"[2.992, 2.993)",0.03280901404545455,2.993
"[2.993, 2.994)",0.0328425230631579,2.994
"[2.994, 2.995)",0.031291925666666665,2.995
"[2.995, 2.996)",0.012149197715384615,2.996
"[2.996, 2.997)",0.04336288991666668,2.997
"[2.997, 2.998)",0.018060369264999997,2.998
"[2.998, 2.999)",0.04344950785185187,2.999
"[2.999, 3.0)",0.036118331415999995,3.0
"[3.0, 3.001)",0.022233995949999998,3.001
"[3.001, 3.0020000000000002)",0.009453082357142857,3.0020000000000002
"[3.0020000000000002, 3.003)",0.027538026153846155,3.003
"[3.003, 3.004)",0.04199346085384616,3.004
"[3.004, 3.005)",0.005535595849999999,3.005
"[3.005, 3.0060000000000002)",0.031731017217391314,3.0060000000000002
"[3.0060000000000002, 3.007)",0.0660142219047619,3.007
"[3.007, 3.008)",0.015237792190476189,3.008
"[3.008, 3.009)",0.014853127124999999,3.009
"[3.009, 3.0100000000000002)",0.027317266460000007,3.0100000000000002
"[3.0100000000000002, 3.011)",0.04170355845454545,3.011
"[3.011, 3.012)",0.014071931944444442,3.012
"[3.012, 3.013)",0.022485023051999998,3.013
"[3.013, 3.0140000000000002)",0.0158955645625,3.0140000000000002
"[3.0140000000000002, 3.015)",0.0099671717,3.015
"[3.015, 3.016)",0.07154879742857145,3.016
"[3.016, 3.017)",0.018846111444444442,3.017
"[3.017, 3.0180000000000002)",0.02647691148333334,3.0180000000000002
"[3.0180000000000002, 3.019)",0.01972188899666667,3.019
"[3.019, 3.02)",0.026010517249999997,3.02
"[3.02, 3.021)",0.026850893476190477,3.021
"[3.021, 3.0220000000000002)",0.017313228090909086,3.0220000000000002
"[3.0220000000000002, 3.023)",0.02577152584210526,3.023
"[3.023, 3.024)",0.021753017173913047,3.024
"[3.024, 3.025)",0.026302131263157894,3.025
"[3.025, 3.0260000000000002)",0.019785895243636362,3.0260000000000002
"[3.0260000000000002, 3.027)",0.01423469303846154,3.027
"[3.027, 3.028)",0.020936508250000003,3.028
"[3.028, 3.029)",0.05305461599999999,3.029
"[3.029, 3.0300000000000002)",0.012533311038461538,3.0300000000000002
"[3.0300000000000002, 3.031)",0.017554488150000002,3.031
"[3.031, 3.032)",0.013445514411764704,3.032
"[3.032, 3.033)",0.010564196882352942,3.033
"[3.033, 3.0340000000000003)",0.036192447578947365,3.0340000000000003
"[3.0340000000000003, 3.035)",0.03977317002222222,3.035
"[3.035, 3.036)",0.05890310127777777,3.036
"[3.036, 3.037)",0.050273564142857156,3.037
"[3.037, 3.0380000000000003)",0.0199032414,3.0380000000000003
"[3.0380000000000003, 3.039)",0.030687076270000002,3.039
"[3.039, 3.04)",0.02800909454545454,3.04
"[3.04, 3.041)",0.01950867134117647,3.041
"[3.041, 3.0420000000000003)",0.019426474714285713,3.0420000000000003
"[3.0420000000000003, 3.043)",0.02955868779999999,3.043
"[3.043, 3.044)",0.04331269401,3.044
"[3.044, 3.045)",0.036194798318181814,3.045
"[3.045, 3.0460000000000003)",0.02294598616363637,3.0460000000000003
"[3.0460000000000003, 3.047)",0.016909379888888895,3.047
"[3.047, 3.048)",0.01857335865,3.048
"[3.048, 3.049)",0.020030144186206893,3.049
"[3.049, 3.0500000000000003)",0.027476588347368425,3.0500000000000003
"[3.0500000000000003, 3.051)",0.020837059599999996,3.051
"[3.051, 3.052)",0.034745805974074076,3.052
"[3.052, 3.053)",0.044996212821875006,3.053
"[3.053, 3.0540000000000003)",0.026053970136363635,3.0540000000000003
"[3.0540000000000003, 3.055)",0.04598196531034482,3.055
"[3.055, 3.056)",0.03384740523076923,3.056
"[3.056, 3.057)",0.024890568892000003,3.057
"[3.057, 3.0580000000000003)",0.016068565266666664,3.0580000000000003
"[3.0580000000000003, 3.059)",0.06508811752413793,3.059
"[3.059, 3.06)",0.018980738416666667,3.06
"[3.06, 3.061)",0.015463263666666664,3.061
"[3.061, 3.0620000000000003)",0.026682996769230766,3.0620000000000003
"[3.0620000000000003, 3.063)",0.027173350086363637,3.063
"[3.063, 3.064)",0.059800184814814826,3.064
"[3.064, 3.065)",0.01865037323076923,3.065
"[3.065, 3.0660000000000003)",0.027059481625000003,3.0660000000000003
"[3.0660000000000003, 3.067)",0.04223322473913043,3.067
"[3.067, 3.068)",0.007664170409090908,3.068
"[3.068, 3.069)",0.02870308859545454,3.069
"[3.069, 3.0700000000000003)",0.04240618451111112,3.0700000000000003
"[3.0700000000000003, 3.071)",0.009337927333333332,3.071
"[3.071, 3.072)",0.017806011272000002,3.072
"[3.072, 3.073)",0.03742591171428571,3.073
"[3.073, 3.074)",0.03380117991333333,3.074
"[3.074, 3.075)",0.04141151461904762,3.075
"[3.075, 3.076)",0.02525810519047619,3.076
"[3.076, 3.077)",0.026674750565217394,3.077
"[3.077, 3.078)",0.026295694388888888,3.078
"[3.078, 3.079)",0.021212649619047626,3.079
"[3.079, 3.08)",0.024409294650000003,3.08
"[3.08, 3.081)",0.04932848365,3.081
"[3.081, 3.082)",0.01465400415,3.082
"[3.082, 3.083)",0.0596671673857143,3.083
"[3.083, 3.084)",0.011054510420833335,3.084
"[3.084, 3.085)",0.031959876146153844,3.085
"[3.085, 3.086)",0.0269055469047619,3.086
"[3.086, 3.087)",0.06064855460000001,3.087
"[3.087, 3.088)",0.026042752917391297,3.088
"[3.088, 3.089)",0.025213413335,3.089
"[3.089, 3.09)",0.047374580566666664,3.09
"[3.09, 3.091)",0.011851357187500001,3.091
"[3.091, 3.092)",0.017279808666666667,3.092
"[3.092, 3.093)",0.022429718968421053,3.093
"[3.093, 3.094)",0.027108447916666667,3.094
"[3.094, 3.095)",0.02319156075,3.095
"[3.095, 3.096)",0.013671883600000004,3.096
"[3.096, 3.097)",0.02083356531818182,3.097
"[3.097, 3.098)",0.028337113789473685,3.098
"[3.098, 3.099)",0.034644017352941175,3.099
"[3.099, 3.1)",0.012213865446153844,3.1
"[3.1, 3.101)",0.015952130320277775,3.101
"[3.101, 3.102)",0.012589167482758623,3.102
"[3.102, 3.103)",0.01376587991304348,3.103
"[3.103, 3.104)",0.014555568937500001,3.104
"[3.104, 3.105)",0.015324830666666666,3.105
"[3.105, 3.106)",0.019120140903703706,3.106
"[3.106, 3.107)",0.0259797254,3.107
"[3.107, 3.108)",0.03334460517647059,3.108
"[3.108, 3.109)",0.033127738206896545,3.109
"[3.109, 3.11)",0.028289877250000005,3.11
"[3.11, 3.111)",0.12071654490000001,3.111
"[3.111, 3.112)",0.02729773151363636,3.112
"[3.112, 3.113)",0.011620293269230768,3.113
"[3.113, 3.114)",0.011702887950000001,3.114
"[3.114, 3.115)",0.014128873562500002,3.115
"[3.115, 3.116)",0.014838202600000003,3.116
"[3.116, 3.117)",0.0078707788,3.117
"[3.117, 3.118)",0.03447386963636364,3.118
"[3.118, 3.119)",0.012974257638888887,3.119
"[3.119, 3.12)",0.03453807872777778,3.12
"[3.12, 3.121)",0.012022419369374999,3.121
"[3.121, 3.122)",0.024482191312000003,3.122
"[3.122, 3.123)",0.029161044095238092,3.123
"[3.123, 3.124)",0.021788560629629625,3.124
"[3.124, 3.125)",0.010121260761904763,3.125
"[3.125, 3.126)",0.015750917812499998,3.126
"[3.126, 3.1270000000000002)",0.026322329904761903,3.1270000000000002
"[3.1270000000000002, 3.128)",0.05458906109090909,3.128
"[3.128, 3.129)",0.013224551523809525,3.129
"[3.129, 3.13)",0.010343116,3.13
"[3.13, 3.1310000000000002)",0.009340284077777778,3.1310000000000002
"[3.1310000000000002, 3.132)",0.011977803300000001,3.132
"[3.132, 3.133)",0.043803917954545454,3.133
"[3.133, 3.134)",0.011826781791666671,3.134
"[3.134, 3.1350000000000002)",0.0099872295,3.1350000000000002
"[3.1350000000000002, 3.136)",0.031075962750000005,3.136
"[3.136, 3.137)",0.0208508612,3.137
"[3.137, 3.138)",0.03515276826315789,3.138
"[3.138, 3.1390000000000002)",0.03431590051249999,3.1390000000000002
"[3.1390000000000002, 3.14)",0.006308540578947369,3.14
"[3.14, 3.141)",0.015250979999999999,3.141
"[3.141, 3.142)",0.023819966594736845,3.142
"[3.142, 3.1430000000000002)",0.047433260250000005,3.1430000000000002
"[3.1430000000000002, 3.144)",0.030085759173913033,3.144
"[3.144, 3.145)",0.021396051705882352,3.145
"[3.145, 3.146)",0.016827649680000004,3.146
"[3.146, 3.1470000000000002)",0.016472021000000003,3.1470000000000002
"[3.1470000000000002, 3.148)",0.032687595113333336,3.148
"[3.148, 3.149)",0.014145836916666666,3.149
"[3.149, 3.15)",0.029519302235294125,3.15
"[3.15, 3.1510000000000002)",0.023949583714285714,3.1510000000000002
"[3.1510000000000002, 3.152)",0.06428903445833332,3.152
"[3.152, 3.153)",0.015758460058823528,3.153
"[3.153, 3.154)",0.021949589652173914,3.154
"[3.154, 3.1550000000000002)",0.07125644136363636,3.1550000000000002
"[3.1550000000000002, 3.156)",0.029979555375,3.156
"[3.156, 3.157)",0.020910997904761905,3.157
"[3.157, 3.158)",0.018639310923076923,3.158
"[3.158, 3.1590000000000003)",0.021163770235294123,3.1590000000000003
"[3.1590000000000003, 3.16)",0.025641450818181814,3.16
"[3.16, 3.161)",0.0285366353125,3.161
"[3.161, 3.162)",0.018260411294117644,3.162
"[3.162, 3.1630000000000003)",0.03325116046153846,3.1630000000000003
"[3.1630000000000003, 3.164)",0.02946781996111111,3.164
"[3.164, 3.165)",0.01283861586,3.165
"[3.165, 3.166)",0.026211482578947377,3.166
"[3.166, 3.1670000000000003)",0.03921805195454546,3.1670000000000003
"[3.1670000000000003, 3.168)",0.034863591513043475,3.168
"[3.168, 3.169)",0.024457584,3.169
"[3.169, 3.17)",0.0486451379047619,3.17
"[3.17, 3.1710000000000003)",0.005432487599999999,3.1710000000000003
"[3.1710000000000003, 3.172)",0.01699502983333333,3.172
"[3.172, 3.173)",0.04197153593333334,3.173
"[3.173, 3.174)",0.02758919845454546,3.174
"[3.174, 3.1750000000000003)",0.06676905757142856,3.1750000000000003
"[3.1750000000000003, 3.176)",0.017439594433333337,3.176
"[3.176, 3.177)",0.012246035764705884,3.177
"[3.177, 3.178)",0.050272058076923073,3.178
"[3.178, 3.1790000000000003)",0.022176706433333332,3.1790000000000003
"[3.1790000000000003, 3.18)",0.02396137111764706,3.18
"[3.18, 3.181)",0.02728600528571429,3.181
"[3.181, 3.182)",0.01924967424,3.182
"[3.182, 3.1830000000000003)",0.031023222851851853,3.1830000000000003
"[3.1830000000000003, 3.184)",0.035155840714285715,3.184
"[3.184, 3.185)",0.06940123459090909,3.185
"[3.185, 3.186)",0.02169997282758621,3.186
"[3.186, 3.1870000000000003)",0.018162730928571423,3.1870000000000003
"[3.1870000000000003, 3.188)",0.061179098105263154,3.188
"[3.188, 3.189)",0.04482979023846152,3.189
"[3.189, 3.19)",0.007845108623809525,3.19
"[3.19, 3.1910000000000003)",0.02078385394117647,3.1910000000000003
"[3.1910000000000003, 3.192)",0.029597722877272734,3.192
"[3.192, 3.193)",0.027833008096774185,3.193
"[3.193, 3.194)",0.03776554699090909,3.194
"[3.194, 3.1950000000000003)",0.008963036649999999,3.1950000000000003
"[3.1950000000000003, 3.196)",0.04643245897500001,3.196
"[3.196, 3.197)",0.0333209584,3.197
"[3.197, 3.198)",0.03523367685217391,3.198
"[3.198, 3.1990000000000003)",0.004896302666666667,3.1990000000000003
"[3.1990000000000003, 3.2)",0.025379067304347823,3.2
"[3.2, 3.201)",0.048172137999999996,3.201
"[3.201, 3.202)",0.09809904471428572,3.202
"[3.202, 3.203)",0.03803907741666667,3.203
"[3.203, 3.204)",0.045983541823529414,3.204
"[3.204, 3.205)",0.022927009944444448,3.205
"[3.205, 3.206)",0.07211652230434784,3.206
"[3.206, 3.207)",0.02214628772222222,3.207
"[3.207, 3.208)",0.09049009176923077,3.208
"[3.208, 3.209)",0.025533291624999996,3.209
"[3.209, 3.21)",0.042368550714285705,3.21
"[3.21, 3.211)",0.02764504584615385,3.211
"[3.211, 3.212)",0.01787780656111111,3.212
"[3.212, 3.213)",0.01365534722727273,3.213
"[3.213, 3.214)",0.02829095872727273,3.214
"[3.214, 3.215)",0.0871025421818182,3.215
"[3.215, 3.216)",0.015515015222222222,3.216
"[3.216, 3.217)",0.008505571299999999,3.217
"[3.217, 3.218)",0.08595225076923077,3.218
"[3.218, 3.219)",0.057676155894736826,3.219
"[3.219, 3.22)",0.04926763140740743,3.22
"[3.22, 3.221)",0.017137385684210523,3.221
"[3.221, 3.222)",0.047998746153846146,3.222
"[3.222, 3.223)",0.03716257042857143,3.223
"[3.223, 3.224)",0.03915348889285715,3.224
"[3.224, 3.225)",0.010475301305263156,3.225
"[3.225, 3.226)",0.0152894952,3.226
"[3.226, 3.227)",0.026560478071428573,3.227
"[3.227, 3.228)",0.02432623875263159,3.228
"[3.228, 3.229)",0.015643635846153844,3.229
"[3.229, 3.23)",0.05556528225,3.23
"[3.23, 3.231)",0.022523121315,3.231
"[3.231, 3.232)",0.03034806257894737,3.232
"[3.232, 3.233)",0.022283666133333335,3.233
"[3.233, 3.234)",0.11030662300833334,3.234
"[3.234, 3.235)",0.023474768377272724,3.235
"[3.235, 3.236)",0.03878755188461539,3.236
"[3.236, 3.237)",0.030000175699999992,3.237
"[3.237, 3.238)",0.008992679777777778,3.238
"[3.238, 3.239)",0.025411209411764703,3.239
"[3.239, 3.24)",0.007339052826086956,3.24
"[3.24, 3.241)",0.008686643083333332,3.241
"[3.241, 3.242)",0.035761386777777765,3.242
"[3.242, 3.243)",0.024633486950000002,3.243
"[3.243, 3.244)",0.01827768324285715,3.244
"[3.244, 3.245)",0.03351871047619047,3.245
"[3.245, 3.246)",0.030851312569565213,3.246
"[3.246, 3.247)",0.035075753111111115,3.247
"[3.247, 3.248)",0.053093404695652165,3.248
"[3.248, 3.249)",0.023904038066666675,3.249
"[3.249, 3.25)",0.02658507216666667,3.25
"[3.25, 3.251)",0.05671374594736842,3.251
"[3.251, 3.2520000000000002)",0.02681509695,3.2520000000000002
"[3.2520000000000002, 3.253)",0.05466738288235292,3.253
"[3.253, 3.254)",0.012684378315789474,3.254
"[3.254, 3.255)",0.06443750399999999,3.255
"[3.255, 3.2560000000000002)",0.04226519921052632,3.2560000000000002
"[3.2560000000000002, 3.257)",0.007616603066666668,3.257
"[3.257, 3.258)",0.04419224123809523,3.258
"[3.258, 3.259)",0.019464303733333337,3.259
"[3.259, 3.2600000000000002)",0.018094182661538463,3.2600000000000002
"[3.2600000000000002, 3.261)",0.0092441969125,3.261
"[3.261, 3.262)",0.0711561773125,3.262
"[3.262, 3.263)",0.012421284704761906,3.263
"[3.263, 3.2640000000000002)",0.007939995076923076,3.2640000000000002
"[3.2640000000000002, 3.265)",0.014450405374999998,3.265
"[3.265, 3.266)",0.034161349823529405,3.266
"[3.266, 3.267)",0.043985095187499997,3.267
"[3.267, 3.2680000000000002)",0.040309318260000004,3.2680000000000002
"[3.2680000000000002, 3.269)",0.024220579647058822,3.269
"[3.269, 3.27)",0.03840130968421052,3.27
"[3.27, 3.271)",0.019602339200000006,3.271
"[3.271, 3.2720000000000002)",0.018493971031578946,3.2720000000000002
"[3.2720000000000002, 3.273)",0.023783575642857147,3.273
"[3.273, 3.274)",0.01808745526666667,3.274
"[3.274, 3.275)",0.009092966499999999,3.275
"[3.275, 3.2760000000000002)",0.033548319252173914,3.2760000000000002
"[3.2760000000000002, 3.277)",0.03910355907777777,3.277
"[3.277, 3.278)",0.026848910187500005,3.278
"[3.278, 3.279)",0.09863584775,3.279
"[3.279, 3.2800000000000002)",0.012496343599999998,3.2800000000000002
"[3.2800000000000002, 3.281)",0.06579417154545454,3.281
"[3.281, 3.282)",0.021206259461538462,3.282
"[3.282, 3.283)",0.006717205916666667,3.283
"[3.283, 3.2840000000000003)",0.08507643911111112,3.2840000000000003
"[3.2840000000000003, 3.285)",0.10090167661538466,3.285
"[3.285, 3.286)",0.016407495333333334,3.286
"[3.286, 3.287)",0.028796925299999998,3.287
"[3.287, 3.2880000000000003)",0.0851060098125,3.2880000000000003
"[3.2880000000000003, 3.289)",0.01153263275,3.289
"[3.289, 3.29)",0.09605164159999997,3.29
"[3.29, 3.291)",0.012361009416666667,3.291
"[3.291, 3.2920000000000003)",0.014882114384615385,3.2920000000000003
"[3.2920000000000003, 3.293)",0.02835801922222222,3.293
"[3.293, 3.294)",0.018048073909090908,3.294
"[3.294, 3.295)",0.015055837533333333,3.295
"[3.295, 3.2960000000000003)",0.034445806948148146,3.2960000000000003
"[3.2960000000000003, 3.297)",0.02189400188,3.297
"[3.297, 3.298)",0.018035899777777784,3.298
"[3.298, 3.299)",0.02887722169375,3.299
"[3.299, 3.3000000000000003)",0.0571628897142857,3.3000000000000003
"[3.3000000000000003, 3.301)",0.02542007790909091,3.301
"[3.301, 3.302)",0.007605379285714288,3.302
"[3.302, 3.303)",0.041012548157894735,3.303
"[3.303, 3.3040000000000003)",0.03134034660588234,3.3040000000000003
"[3.3040000000000003, 3.305)",0.010801396615384614,3.305
"[3.305, 3.306)",0.019654575006666668,3.306
"[3.306, 3.307)",0.03068688852631579,3.307
"[3.307, 3.3080000000000003)",0.02582809141666667,3.3080000000000003
"[3.3080000000000003, 3.309)",0.021084530124999997,3.309
"[3.309, 3.31)",0.027618583473684212,3.31
"[3.31, 3.311)",0.005302637333333334,3.311
"[3.311, 3.3120000000000003)",0.046025193772727284,3.3120000000000003
"[3.3120000000000003, 3.313)",0.0258699126,3.313
"[3.313, 3.314)",0.020358306900000005,3.314
"[3.314, 3.315)",0.024805441111111114,3.315
"[3.315, 3.3160000000000003)",0.036950533047058816,3.3160000000000003
"[3.3160000000000003, 3.317)",0.008080514555555552,3.317
"[3.317, 3.318)",0.0240757245625,3.318
"[3.318, 3.319)",0.024233969315789472,3.319
"[3.319, 3.3200000000000003)",0.0146183328,3.3200000000000003
"[3.3200000000000003, 3.321)",0.030261409554999997,3.321
"[3.321, 3.322)",0.014435618673333333,3.322
"[3.322, 3.323)",0.029333230888888888,3.323
"[3.323, 3.3240000000000003)",0.007705843300000001,3.3240000000000003
"[3.3240000000000003, 3.325)",0.027571624846153848,3.325
"[3.325, 3.326)",0.027876331190476188,3.326
"[3.326, 3.327)",0.008972576166666668,3.327
"[3.327, 3.3280000000000003)",0.0411753592,3.3280000000000003
"[3.3280000000000003, 3.329)",0.050955647625,3.329
"[3.329, 3.33)",0.0427562180952381,3.33
"[3.33, 3.331)",0.02170231266666666,3.331
"[3.331, 3.332)",0.019381134416666664,3.332
"[3.332, 3.333)",0.017580736599999997,3.333
"[3.333, 3.334)",0.02239693511111111,3.334
"[3.334, 3.335)",0.032795693833333334,3.335
"[3.335, 3.336)",0.026231408923076925,3.336
"[3.336, 3.337)",0.015336867199999998,3.337
"[3.337, 3.338)",0.017250056207142858,3.338
"[3.338, 3.339)",0.03839238105,3.339
"[3.339, 3.34)",0.010413280410526317,3.34
"[3.34, 3.341)",0.014237187457142858,3.341
"[3.341, 3.342)",0.07092434115789473,3.342
"[3.342, 3.343)",0.01993177975,3.343
"[3.343, 3.344)",0.026460818459999997,3.344
"[3.344, 3.345)",0.01739121589,3.345
"[3.345, 3.346)",0.06372341899999998,3.346
"[3.346, 3.347)",0.02054444146153846,3.347
"[3.347, 3.348)",0.00878581612,3.348
"[3.348, 3.349)",0.018322132499999998,3.349
"[3.349, 3.35)",0.0132375935,3.35
"[3.35, 3.351)",0.0312174977,3.351
"[3.351, 3.352)",0.01320764915,3.352
"[3.352, 3.353)",0.010701282666666666,3.353
"[3.353, 3.354)",0.03619778477777778,3.354
"[3.354, 3.355)",0.017604858125,3.355
"[3.355, 3.356)",0.10931461129473687,3.356
"[3.356, 3.357)",0.003644328545454545,3.357
"[3.357, 3.358)",0.012818874307692307,3.358
"[3.358, 3.359)",0.01847325045,3.359
"[3.359, 3.36)",0.026919992625000003,3.36
"[3.36, 3.361)",0.01259262716111111,3.361
"[3.361, 3.362)",0.008553104846153847,3.362
"[3.362, 3.363)",0.013014020078571428,3.363
"[3.363, 3.364)",0.015380373999999999,3.364
"[3.364, 3.365)",0.05163244170714286,3.365
"[3.365, 3.366)",0.03183404725,3.366
"[3.366, 3.367)",0.020629166333333334,3.367
"[3.367, 3.368)",0.013302720181818179,3.368
"[3.368, 3.369)",0.028036661181818186,3.369
"[3.369, 3.37)",0.08903052973333334,3.37
"[3.37, 3.371)",0.003875685857142857,3.371
"[3.371, 3.372)",0.06837126850000001,3.372
"[3.372, 3.373)",0.05176542157142857,3.373
"[3.373, 3.374)",0.017907706583333332,3.374
"[3.374, 3.375)",0.0155468095625,3.375
"[3.375, 3.376)",0.04300081505882353,3.376
"[3.376, 3.3770000000000002)",0.006822556142857142,3.3770000000000002
"[3.3770000000000002, 3.378)",0.0164921886,3.378
"[3.378, 3.379)",0.025364745555555554,3.379
"[3.379, 3.38)",0.024472481551666665,3.38
"[3.38, 3.3810000000000002)",0.01425574487142857,3.3810000000000002
"[3.3810000000000002, 3.382)",0.029871917333333338,3.382
"[3.382, 3.383)",0.013378097714285714,3.383
"[3.383, 3.384)",0.01519061113076923,3.384
"[3.384, 3.3850000000000002)",0.018928823273684208,3.3850000000000002
"[3.3850000000000002, 3.386)",0.09098989757142859,3.386
"[3.386, 3.387)",0.033719953272727275,3.387
"[3.387, 3.388)",0.036931346666666656,3.388
"[3.388, 3.3890000000000002)",0.037320086363636366,3.3890000000000002
"[3.3890000000000002, 3.39)",0.02879966659411765,3.39
"[3.39, 3.391)",0.08419488969416666,3.391
"[3.391, 3.392)",0.033340860300000004,3.392
"[3.392, 3.3930000000000002)",0.012587004727272725,3.3930000000000002
"[3.3930000000000002, 3.394)",0.02703928625,3.394
"[3.394, 3.395)",0.06405445025,3.395
"[3.395, 3.396)",0.022386975000000003,3.396
"[3.396, 3.3970000000000002)",0.10889859959999999,3.3970000000000002
"[3.3970000000000002, 3.398)",0.012116589058823526,3.398
"[3.398, 3.399)",0.06977497782352943,3.399
"[3.399, 3.4)",0.025462244400000004,3.4
"[3.4, 3.4010000000000002)",0.02841055525,3.4010000000000002
"[3.4010000000000002, 3.402)",0.0341501495,3.402
"[3.402, 3.403)",0.024707667333333336,3.403
"[3.403, 3.404)",0.026799321181818183,3.404
"[3.404, 3.4050000000000002)",0.022062256341176475,3.4050000000000002
"[3.4050000000000002, 3.406)",0.06454744302999998,3.406
"[3.406, 3.407)",0.01485323088888889,3.407
"[3.407, 3.408)",0.008689288800000002,3.408
"[3.408, 3.4090000000000003)",0.014068181111111112,3.4090000000000003
"[3.4090000000000003, 3.41)",0.07772559552941176,3.41
"[3.41, 3.411)",0.019023420176470598,3.411
"[3.411, 3.412)",0.018085307545454548,3.412
"[3.412, 3.4130000000000003)",0.015350329064285715,3.4130000000000003
"[3.4130000000000003, 3.414)",0.04489242507777777,3.414
"[3.414, 3.415)",0.02598578454545455,3.415
"[3.415, 3.416)",0.03338772461538461,3.416
"[3.416, 3.4170000000000003)",0.02315539261538461,3.4170000000000003
"[3.4170000000000003, 3.418)",0.029862001882352936,3.418
"[3.418, 3.419)",0.017768772986666667,3.419
"[3.419, 3.42)",0.025890282812500005,3.42
"[3.42, 3.4210000000000003)",0.027494258000000004,3.4210000000000003
"[3.4210000000000003, 3.422)",0.012630702636363638,3.422
"[3.422, 3.423)",0.011911436949999998,3.423
"[3.423, 3.424)",0.03979538314285714,3.424
"[3.424, 3.4250000000000003)",0.01796218023076923,3.4250000000000003
"[3.4250000000000003, 3.426)",0.04413509858333333,3.426
"[3.426, 3.427)",0.020384454818181817,3.427
"[3.427, 3.428)",0.010022723166666666,3.428
"[3.428, 3.4290000000000003)",0.0403760778,3.4290000000000003
"[3.4290000000000003, 3.43)",0.021100784181818186,3.43
"[3.43, 3.431)",0.0479777,3.431
"[3.431, 3.432)",0.0187702768125,3.432
"[3.432, 3.4330000000000003)",0.03359249814285714,3.4330000000000003
"[3.4330000000000003, 3.434)",0.02378445016666667,3.434
"[3.434, 3.435)",0.018564867704615386,3.435
"[3.435, 3.436)",0.07792120888888893,3.436
"[3.436, 3.4370000000000003)",0.042710520764705884,3.4370000000000003
"[3.4370000000000003, 3.438)",0.030102533705882353,3.438
"[3.438, 3.439)",0.0112996566,3.439
"[3.439, 3.44)",0.029950973703703712,3.44
"[3.44, 3.4410000000000003)",0.07184195144444444,3.4410000000000003
"[3.4410000000000003, 3.442)",0.026011225133333336,3.442
"[3.442, 3.443)",0.010056818947368418,3.443
"[3.443, 3.444)",0.017103038071428572,3.444
"[3.444, 3.4450000000000003)",0.012098927615384617,3.4450000000000003
"[3.4450000000000003, 3.446)",0.011424084307692308,3.446
"[3.446, 3.447)",0.04440094090909091,3.447
"[3.447, 3.448)",0.014850121411111115,3.448
"[3.448, 3.4490000000000003)",0.025877027133333327,3.4490000000000003
"[3.4490000000000003, 3.45)",0.01088360075,3.45
"[3.45, 3.451)",0.02783347147368421,3.451
"[3.451, 3.452)",0.031016484400000002,3.452
"[3.452, 3.4530000000000003)",0.010718547005882354,3.4530000000000003
"[3.4530000000000003, 3.454)",0.018394125636363636,3.454
"[3.454, 3.455)",0.03308216869230769,3.455
"[3.455, 3.456)",0.10170451416666669,3.456
"[3.456, 3.457)",0.043627027874999995,3.457
"[3.457, 3.458)",0.025159538006250003,3.458
"[3.458, 3.459)",0.022558374769230775,3.459
"[3.459, 3.46)",0.0237224194,3.46
"[3.46, 3.461)",0.007979280952380952,3.461
"[3.461, 3.462)",0.022668015000000003,3.462
"[3.462, 3.463)",0.023531389555555553,3.463
"[3.463, 3.464)",0.011062372647058822,3.464
"[3.464, 3.465)",0.007985978624999997,3.465
"[3.465, 3.466)",0.028620756384615385,3.466
"[3.466, 3.467)",0.02242511718333334,3.467
"[3.467, 3.468)",0.00818214707142857,3.468
"[3.468, 3.469)",0.048200712999999985,3.469
"[3.469, 3.47)",0.02508848911764706,3.47
"[3.47, 3.471)",0.014988900111111111,3.471
"[3.471, 3.472)",0.0055993182999999995,3.472
"[3.472, 3.473)",0.018384335249999998,3.473
"[3.473, 3.474)",0.084121594,3.474
"[3.474, 3.475)",0.0368012368125,3.475
"[3.475, 3.476)",0.010383472727272726,3.476
"[3.476, 3.477)",0.09719178183913046,3.477
"[3.477, 3.478)",0.011535022261538462,3.478
"[3.478, 3.479)",0.018304385349999997,3.479
"[3.479, 3.48)",0.02774064828571429,3.48
"[3.48, 3.481)",0.014316586571428572,3.481
"[3.481, 3.482)",0.04029674114285714,3.482
"[3.482, 3.483)",0.009411114125,3.483
"[3.483, 3.484)",0.023747138181818183,3.484
"[3.484, 3.485)",0.005704898999999999,3.485
"[3.485, 3.486)",0.046135361733333324,3.486
"[3.486, 3.487)",0.0044073200166666665,3.487
"[3.487, 3.488)",0.020234075736842105,3.488
"[3.488, 3.489)",0.04267009058888889,3.489
"[3.489, 3.49)",0.03685127046153846,3.49
"[3.49, 3.491)",0.024069396,3.491
"[3.491, 3.492)",0.05686135875,3.492
"[3.492, 3.493)",0.026213763499999997,3.493
"[3.493, 3.494)",0.026817709083333335,3.494
"[3.494, 3.495)",0.024194802052631578,3.495
"[3.495, 3.496)",0.013647257444444442,3.496
"[3.496, 3.497)",0.03935355246666667,3.497
"[3.497, 3.498)",0.01954019802105263,3.498
"[3.498, 3.499)",0.03510843295789474,3.499
"[3.499, 3.5)",0.02136529605555556,3.5
"[3.5, 3.501)",0.02272719892857143,3.501
"[3.501, 3.5020000000000002)",0.045333993749999996,3.5020000000000002
"[3.5020000000000002, 3.503)",0.0175644609,3.503
"[3.503, 3.504)",0.007689264533333333,3.504
"[3.504, 3.505)",0.03235312430769231,3.505
"[3.505, 3.5060000000000002)",0.011314102352941176,3.5060000000000002
"[3.5060000000000002, 3.507)",0.017032573916666665,3.507
"[3.507, 3.508)",0.0337853421111111,3.508
"[3.508, 3.509)",0.046359129921428564,3.509
"[3.509, 3.5100000000000002)",0.014459367571428572,3.5100000000000002
"[3.5100000000000002, 3.511)",0.020661368485714288,3.511
"[3.511, 3.512)",0.01051204076923077,3.512
"[3.512, 3.513)",0.02498501555555556,3.513
"[3.513, 3.5140000000000002)",0.015617014111111112,3.5140000000000002
"[3.5140000000000002, 3.515)",0.03192393716666667,3.515
"[3.515, 3.516)",0.059497037,3.516
"[3.516, 3.517)",0.017564032749999996,3.517
"[3.517, 3.5180000000000002)",0.017090984444444443,3.5180000000000002
"[3.5180000000000002, 3.519)",0.040912157222222224,3.519
"[3.519, 3.52)",0.052828240261538456,3.52
"[3.52, 3.521)",0.019650088785714285,3.521
"[3.521, 3.5220000000000002)",0.024726033846153846,3.5220000000000002
"[3.5220000000000002, 3.523)",0.014379291307692306,3.523
"[3.523, 3.524)",0.01540778368666667,3.524
"[3.524, 3.525)",0.006716260374999999,3.525
"[3.525, 3.5260000000000002)",0.011119427000000001,3.5260000000000002
"[3.5260000000000002, 3.527)",0.011482241372727272,3.527
"[3.527, 3.528)",0.008919740153846153,3.528
"[3.528, 3.529)",0.01820155118181818,3.529
"[3.529, 3.5300000000000002)",0.05087211141176471,3.5300000000000002
"[3.5300000000000002, 3.531)",0.019807284125,3.531
"[3.531, 3.532)",0.022072109333333333,3.532
"[3.532, 3.533)",0.1162542052,3.533
"[3.533, 3.5340000000000003)",0.0411586769,3.5340000000000003
"[3.5340000000000003, 3.535)",0.022411929533333336,3.535
"[3.535, 3.536)",0.020558090416666668,3.536
"[3.536, 3.537)",0.0384424235,3.537
"[3.537, 3.5380000000000003)",0.024636314916666666,3.5380000000000003
"[3.5380000000000003, 3.539)",0.01516637166666667,3.539
"[3.539, 3.54)",0.05300657145833331,3.54
"[3.54, 3.541)",0.028386981,3.541
"[3.541, 3.5420000000000003)",0.026451255730000005,3.5420000000000003
"[3.5420000000000003, 3.543)",0.0229154526,3.543
"[3.543, 3.544)",0.0120483313625,3.544
"[3.544, 3.545)",0.025630400583333338,3.545
"[3.545, 3.5460000000000003)",0.024655571318181822,3.5460000000000003
"[3.5460000000000003, 3.547)",0.050753930466666666,3.547
"[3.547, 3.548)",0.007433006000000001,3.548
"[3.548, 3.549)",0.03440989690909091,3.549
"[3.549, 3.5500000000000003)",0.014670129066666666,3.5500000000000003
"[3.5500000000000003, 3.551)",0.02608978811111111,3.551
"[3.551, 3.552)",0.013637101785714284,3.552
"[3.552, 3.553)",0.012068243888888887,3.553
"[3.553, 3.5540000000000003)",0.009328747357142857,3.5540000000000003
"[3.5540000000000003, 3.555)",0.010550829714285715,3.555
"[3.555, 3.556)",0.03566862897352941,3.556
"[3.556, 3.557)",0.014399200545454549,3.557
"[3.557, 3.5580000000000003)",0.033220542000000006,3.5580000000000003
"[3.5580000000000003, 3.559)",0.01113602039909091,3.559
"[3.559, 3.56)",0.0098162421,3.56
"[3.56, 3.561)",0.0197328118825,3.561
"[3.561, 3.5620000000000003)",0.03141565416666666,3.5620000000000003
"[3.5620000000000003, 3.563)",0.01974691610769231,3.563
"[3.563, 3.564)",0.011405358,3.564
"[3.564, 3.565)",0.02307456360769231,3.565
"[3.565, 3.5660000000000003)",0.02718255293333333,3.5660000000000003
"[3.5660000000000003, 3.567)",0.017365321,3.567
"[3.567, 3.568)",0.017720470272727273,3.568
"[3.568, 3.569)",0.014530297749999999,3.569
"[3.569, 3.5700000000000003)",0.029150758083333336,3.5700000000000003
"[3.5700000000000003, 3.571)",0.014981410507142856,3.571
"[3.571, 3.572)",0.008629003,3.572
"[3.572, 3.573)",0.011347157545454544,3.573
"[3.573, 3.5740000000000003)",0.018741322857142854,3.5740000000000003
"[3.5740000000000003, 3.575)",0.0101212768,3.575
"[3.575, 3.576)",0.04482431253846154,3.576
"[3.576, 3.577)",0.01125367025,3.577
"[3.577, 3.5780000000000003)",0.033105902760909085,3.5780000000000003
"[3.5780000000000003, 3.579)",0.014467673500000002,3.579
"[3.579, 3.58)",0.03279490779999999,3.58
"[3.58, 3.581)",0.0124377263,3.581
"[3.581, 3.5820000000000003)",0.014925358526315786,3.5820000000000003
"[3.5820000000000003, 3.583)",0.039330746400000005,3.583
"[3.583, 3.584)",0.02220592444444445,3.584
"[3.584, 3.585)",0.007339531857142857,3.585
"[3.585, 3.586)",0.020625876875000004,3.586
"[3.586, 3.587)",0.019106004727272728,3.587
"[3.587, 3.588)",0.019605689636363638,3.588
"[3.588, 3.589)",0.021031816999999998,3.589
"[3.589, 3.59)",0.02148405816666667,3.59
"[3.59, 3.591)",0.014776192999999998,3.591
"[3.591, 3.592)",0.02279856592857143,3.592
"[3.592, 3.593)",0.07671169966666666,3.593
"[3.593, 3.594)",0.030129183636363636,3.594
"[3.594, 3.595)",0.020652064470588236,3.595
"[3.595, 3.596)",0.010233730666666666,3.596
"[3.596, 3.597)",0.018528001963636364,3.597
"[3.597, 3.598)",0.006736225142857142,3.598
"[3.598, 3.599)",0.04875213285714285,3.599
"[3.599, 3.6)",0.030959012692307695,3.6
"[3.6, 3.601)",0.02011188370588235,3.601
"[3.601, 3.602)",0.041012372,3.602
"[3.602, 3.603)",0.013646495230769228,3.603
"[3.603, 3.604)",0.006413779928571429,3.604
"[3.604, 3.605)",0.013560749066666667,3.605
"[3.605, 3.606)",0.02491714605263158,3.606
"[3.606, 3.607)",0.019059114181818188,3.607
"[3.607, 3.608)",0.015986608894736843,3.608
"[3.608, 3.609)",0.011965334599999999,3.609
"[3.609, 3.61)",0.02825358077777778,3.61
"[3.61, 3.611)",0.0383715446,3.611
"[3.611, 3.612)",0.026329760425000005,3.612
"[3.612, 3.613)",0.013601149128000001,3.613
"[3.613, 3.614)",0.028743783177777774,3.614
"[3.614, 3.615)",0.014632832470588235,3.615
"[3.615, 3.616)",0.006662782666666666,3.616
"[3.616, 3.617)",0.04622058222222222,3.617
"[3.617, 3.618)",0.024356248999999996,3.618
"[3.618, 3.619)",0.021226450133333335,3.619
"[3.619, 3.62)",0.08243309107142857,3.62
"[3.62, 3.621)",0.008809093000000002,3.621
"[3.621, 3.622)",0.011124133285714285,3.622
"[3.622, 3.623)",0.011162495400000002,3.623
"[3.623, 3.624)",0.023128496642857144,3.624
"[3.624, 3.625)",0.02420679484615384,3.625
"[3.625, 3.626)",0.030420605214285718,3.626
"[3.626, 3.6270000000000002)",0.023946569125000004,3.6270000000000002
"[3.6270000000000002, 3.628)",0.03885091957142857,3.628
"[3.628, 3.629)",0.02141153642857143,3.629
"[3.629, 3.63)",0.023197073399999997,3.63
"[3.63, 3.6310000000000002)",0.048300395,3.6310000000000002
"[3.6310000000000002, 3.632)",0.027731798764705884,3.632
"[3.632, 3.633)",0.012809942409090906,3.633
"[3.633, 3.634)",0.04070018775,3.634
"[3.634, 3.6350000000000002)",0.07212072016666667,3.6350000000000002
"[3.6350000000000002, 3.636)",0.06930734790526316,3.636
"[3.636, 3.637)",0.02074060393333333,3.637
"[3.637, 3.638)",0.012631546000000002,3.638
"[3.638, 3.6390000000000002)",0.04637429944444445,3.6390000000000002
"[3.6390000000000002, 3.64)",0.04596708866666666,3.64
"[3.64, 3.641)",0.014299872533333334,3.641
"[3.641, 3.642)",0.01368853672,3.642
"[3.642, 3.6430000000000002)",0.01912509775,3.6430000000000002
"[3.6430000000000002, 3.644)",0.0090226795,3.644
"[3.644, 3.645)",0.051263531111111114,3.645
"[3.645, 3.646)",0.019892004905555555,3.646
"[3.646, 3.6470000000000002)",0.006996719375000001,3.6470000000000002
"[3.6470000000000002, 3.648)",0.022951085499999996,3.648
"[3.648, 3.649)",0.012576744625,3.649
"[3.649, 3.65)",0.026475616000000004,3.65
"[3.65, 3.6510000000000002)",0.007990341818181819,3.6510000000000002
"[3.6510000000000002, 3.652)",0.029564732363636367,3.652
"[3.652, 3.653)",0.016189848181818182,3.653
"[3.653, 3.654)",0.01701510261,3.654
"[3.654, 3.6550000000000002)",0.019900753500000003,3.6550000000000002
"[3.6550000000000002, 3.656)",0.020997649999999996,3.656
"[3.656, 3.657)",0.015398766833333336,3.657
"[3.657, 3.658)",0.011503418384615383,3.658
"[3.658, 3.6590000000000003)",0.013709074888888888,3.6590000000000003
"[3.6590000000000003, 3.66)",0.010165230142857144,3.66
"[3.66, 3.661)",0.047031265153846154,3.661
"[3.661, 3.662)",0.021499916916666667,3.662
"[3.662, 3.6630000000000003)",0.056243813285714296,3.6630000000000003
"[3.6630000000000003, 3.664)",0.022197662750000003,3.664
"[3.664, 3.665)",0.03928971292857143,3.665
"[3.665, 3.666)",0.022503074285714287,3.666
"[3.666, 3.6670000000000003)",0.049072787999999985,3.6670000000000003
"[3.6670000000000003, 3.668)",0.040190880278333334,3.668
"[3.668, 3.669)",0.03498070535000001,3.669
"[3.669, 3.67)",0.020400855,3.67
"[3.67, 3.6710000000000003)",0.01302502025,3.6710000000000003
"[3.6710000000000003, 3.672)",0.06729327447058824,3.672
"[3.672, 3.673)",0.011482185555555555,3.673
"[3.673, 3.674)",0.011998413076923077,3.674
"[3.674, 3.6750000000000003)",0.017880692166666667,3.6750000000000003
"[3.6750000000000003, 3.676)",0.026050555454545453,3.676
"[3.676, 3.677)",0.0236863117,3.677
"[3.677, 3.678)",0.02727435240909091,3.678
"[3.678, 3.6790000000000003)",0.022269063307692308,3.6790000000000003
"[3.6790000000000003, 3.68)",0.033380658285714286,3.68
"[3.68, 3.681)",0.03572736477777778,3.681
"[3.681, 3.682)",0.020964437309090908,3.682
"[3.682, 3.6830000000000003)",0.020639652571428576,3.6830000000000003
"[3.6830000000000003, 3.684)",0.010256952,3.684
"[3.684, 3.685)",0.028759851066666668,3.685
"[3.685, 3.686)",0.031566131000000004,3.686
"[3.686, 3.6870000000000003)",0.0429330717,3.6870000000000003
"[3.6870000000000003, 3.688)",0.019608239166666666,3.688
"[3.688, 3.689)",0.0089767208,3.689
"[3.689, 3.69)",0.021775301249999997,3.69
"[3.69, 3.6910000000000003)",0.04020086430769231,3.6910000000000003
"[3.6910000000000003, 3.692)",0.0313490950909091,3.692
"[3.692, 3.693)",0.012832221722222223,3.693
"[3.693, 3.694)",0.01325621990909091,3.694
"[3.694, 3.6950000000000003)",0.03846745010909091,3.6950000000000003
"[3.6950000000000003, 3.696)",0.011535909999999996,3.696
"[3.696, 3.697)",0.02475825716666667,3.697
"[3.697, 3.698)",0.0235047992,3.698
"[3.698, 3.6990000000000003)",0.017534408666666668,3.6990000000000003
"[3.6990000000000003, 3.7)",0.022144642363636367,3.7
"[3.7, 3.701)",0.012634692516666665,3.701
"[3.701, 3.702)",0.007073615374999999,3.702
"[3.702, 3.7030000000000003)",0.01275707118181818,3.7030000000000003
"[3.7030000000000003, 3.704)",0.023997971454545453,3.704
"[3.704, 3.705)",0.013088170599999999,3.705
"[3.705, 3.706)",0.08710397208750001,3.706
"[3.706, 3.7070000000000003)",0.012052573533333333,3.7070000000000003
"[3.7070000000000003, 3.708)",0.01663277146153846,3.708
"[3.708, 3.709)",0.03198938603333333,3.709
"[3.709, 3.71)",0.03302550004444445,3.71
"[3.71, 3.7110000000000003)",0.0026610832499999997,3.7110000000000003
"[3.7110000000000003, 3.712)",0.019171275692307692,3.712
"[3.712, 3.713)",0.013806583833333332,3.713
"[3.713, 3.714)",0.019158480699999998,3.714
"[3.714, 3.715)",0.041980553,3.715
"[3.715, 3.716)",0.021471550499999995,3.716
"[3.716, 3.717)",0.0374293862,3.717
"[3.717, 3.718)",0.016117629363636362,3.718
"[3.718, 3.719)",0.030739018000000003,3.719
"[3.719, 3.72)",0.040234367068750006,3.72
"[3.72, 3.721)",0.08704834250000001,3.721
"[3.721, 3.722)",0.010528160375000001,3.722
"[3.722, 3.723)",0.018976758833333333,3.723
"[3.723, 3.724)",0.009857173666666667,3.724
"[3.724, 3.725)",0.05421738757142857,3.725
"[3.725, 3.726)",0.030218377249999994,3.726
"[3.726, 3.727)",0.007734427666666666,3.727
"[3.727, 3.728)",0.0208715,3.728
"[3.728, 3.729)",0.009232919873333334,3.729
"[3.729, 3.73)",0.023383211999999997,3.73
"[3.73, 3.731)",0.010656103174999999,3.731
"[3.731, 3.732)",0.03009348973,3.732
"[3.732, 3.733)",0.039028656625,3.733
"[3.733, 3.734)",0.017227826812000004,3.734
"[3.734, 3.735)",0.010054567875,3.735
"[3.735, 3.736)",0.014886743428571431,3.736
"[3.736, 3.737)",0.020417182,3.737
"[3.737, 3.738)",0.015903705499999997,3.738
"[3.738, 3.739)",0.0114528996,3.739
"[3.739, 3.74)",0.009335091818181818,3.74
"[3.74, 3.741)",0.01232090025,3.741
"[3.741, 3.742)",0.0394939824,3.742
"[3.742, 3.743)",0.016800002142857144,3.743
"[3.743, 3.744)",0.011345308357142855,3.744
"[3.744, 3.745)",0.03625127572727272,3.745
"[3.745, 3.746)",0.0152643175,3.746
"[3.746, 3.747)",0.04628055666666667,3.747
"[3.747, 3.748)",0.03577041413,3.748
"[3.748, 3.749)",0.0247494938,3.749
"[3.749, 3.75)",0.045067402961538466,3.75
"[3.75, 3.751)",0.016193177875,3.751
"[3.751, 3.7520000000000002)",0.012394187,3.7520000000000002
"[3.7520000000000002, 3.753)",0.0219267875,3.753
"[3.753, 3.754)",0.030536228714285716,3.754
"[3.754, 3.755)",0.043567646769230764,3.755
"[3.755, 3.7560000000000002)",0.06866143330769232,3.7560000000000002
"[3.7560000000000002, 3.757)",0.02190841491538462,3.757
"[3.757, 3.758)",0.029336296600000006,3.758
"[3.758, 3.759)",0.05477630227272727,3.759
"[3.759, 3.7600000000000002)",0.015899381062999998,3.7600000000000002
"[3.7600000000000002, 3.761)",0.019062810666666666,3.761
"[3.761, 3.762)",0.014448222,3.762
"[3.762, 3.763)",0.015521403454545453,3.763
"[3.763, 3.7640000000000002)",0.04822671176923077,3.7640000000000002
"[3.7640000000000002, 3.765)",0.0132224233,3.765
"[3.765, 3.766)",0.0369662232,3.766
"[3.766, 3.767)",0.039660462875000004,3.767
"[3.767, 3.7680000000000002)",0.01895172614285714,3.7680000000000002
"[3.7680000000000002, 3.769)",0.01634680946153846,3.769
"[3.769, 3.77)",0.053296219857142856,3.77
"[3.77, 3.771)",0.0067231111999999996,3.771
"[3.771, 3.7720000000000002)",0.042230540600000005,3.7720000000000002
"[3.7720000000000002, 3.773)",0.02615578118181818,3.773
"[3.773, 3.774)",0.031922381625,3.774
"[3.774, 3.775)",0.035114121444444445,3.775
"[3.775, 3.7760000000000002)",0.02134844586,3.7760000000000002
"[3.7760000000000002, 3.777)",0.003696365,3.777
"[3.777, 3.778)",0.006912256714285714,3.778
"[3.778, 3.779)",0.050047501375,3.779
"[3.779, 3.7800000000000002)",0.010266848374999998,3.7800000000000002
"[3.7800000000000002, 3.781)",0.03666343416666667,3.781
"[3.781, 3.782)",0.01223967,3.782
"[3.782, 3.783)",0.07183699614285713,3.783
"[3.783, 3.7840000000000003)",0.0024167732857142857,3.7840000000000003
"[3.7840000000000003, 3.785)",0.04497004814545455,3.785
"[3.785, 3.786)",0.013248125111111113,3.786
"[3.786, 3.787)",0.025919852875,3.787
"[3.787, 3.7880000000000003)",0.016545437,3.7880000000000003
"[3.7880000000000003, 3.789)",0.01105364,3.789
"[3.789, 3.79)",0.023796381666666665,3.79
"[3.79, 3.791)",0.014781222874999998,3.791
"[3.791, 3.7920000000000003)",0.03249769272727274,3.7920000000000003
"[3.7920000000000003, 3.793)",0.03146665853846154,3.793
"[3.793, 3.794)",0.010722053066666666,3.794
"[3.794, 3.795)",0.018786115428571427,3.795
"[3.795, 3.7960000000000003)",0.019962153125,3.7960000000000003
"[3.7960000000000003, 3.797)",0.009023157,3.797
"[3.797, 3.798)",0.017616925416666665,3.798
"[3.798, 3.799)",0.008231598454545455,3.799
"[3.799, 3.8000000000000003)",0.04915168075000001,3.8000000000000003
"[3.8000000000000003, 3.801)",0.03790027376875,3.801
"[3.801, 3.802)",0.0019716859555555556,3.802
"[3.802, 3.803)",0.0260970105,3.803
"[3.803, 3.8040000000000003)",0.02888017545454546,3.8040000000000003
"[3.8040000000000003, 3.805)",0.0006271136666666666,3.805
"[3.805, 3.806)",0.014297546157142857,3.806
"[3.806, 3.807)",0.01825032311764706,3.807
"[3.807, 3.8080000000000003)",0.033659251111111115,3.8080000000000003
"[3.8080000000000003, 3.809)",0.09812578499999998,3.809
"[3.809, 3.81)",0.00134278,3.81
"[3.81, 3.811)",0.025039332874999997,3.811
"[3.811, 3.8120000000000003)",0.03189297042857143,3.8120000000000003
"[3.8120000000000003, 3.813)",0.018939242583333335,3.813
"[3.813, 3.814)",0.04487322111111111,3.814
"[3.814, 3.815)",0.08976886185714285,3.815
"[3.815, 3.8160000000000003)",0.023115857625,3.8160000000000003
"[3.8160000000000003, 3.817)",0.0356637513,3.817
"[3.817, 3.818)",0.0030987412,3.818
"[3.818, 3.819)",0.03570233166666667,3.819
"[3.819, 3.8200000000000003)",0.035258004818181816,3.8200000000000003
"[3.8200000000000003, 3.821)",0.016234580999999998,3.821
"[3.821, 3.822)",0.01568104575,3.822
"[3.822, 3.823)",0.007007186714285714,3.823
"[3.823, 3.8240000000000003)",0.14595382428571432,3.8240000000000003
"[3.8240000000000003, 3.825)",0.0592899289,3.825
"[3.825, 3.826)",0.003232602666666667,3.826
"[3.826, 3.827)",0.05903704302222222,3.827
"[3.827, 3.8280000000000003)",0.0025280233333333335,3.8280000000000003
"[3.8280000000000003, 3.829)",0.05888452488333334,3.829
"[3.829, 3.83)",0.019661430918999998,3.83
"[3.83, 3.831)",0.07202743904285715,3.831
"[3.831, 3.8320000000000003)",0.05378666922222222,3.8320000000000003
"[3.8320000000000003, 3.833)",0.0399186483,3.833
"[3.833, 3.834)",0.029473422292857147,3.834
"[3.834, 3.835)",0.08204277533333332,3.835
"[3.835, 3.8360000000000003)",0.016827408923076926,3.8360000000000003
"[3.8360000000000003, 3.837)",0.055616758555555555,3.837
"[3.837, 3.838)",0.016538896666666667,3.838
"[3.838, 3.839)",0.0024033665,3.839
"[3.839, 3.84)",0.12360806663000001,3.84
"[3.84, 3.841)",0.017441958,3.841
"[3.841, 3.842)",0.02979590444444444,3.842
"[3.842, 3.843)",0.013556799666666666,3.843
"[3.843, 3.844)",0.004644529333333332,3.844
"[3.844, 3.845)",0.011363995714285714,3.845
"[3.845, 3.846)",0.0817632841846154,3.846
"[3.846, 3.847)",0.03188057544444444,3.847
"[3.847, 3.848)",0.012635889818181822,3.848
"[3.848, 3.849)",0.0190011081,3.849
"[3.849, 3.85)",0.008025987000000002,3.85
"[3.85, 3.851)",0.027084809363636365,3.851
"[3.851, 3.852)",0.03253521,3.852
"[3.852, 3.853)",0.008144450000000001,3.853
"[3.853, 3.854)",0.01671986741666667,3.854
"[3.854, 3.855)",0.03998172530000001,3.855
"[3.855, 3.856)",0.01711484294,3.856
"[3.856, 3.857)",0.012520917874999999,3.857
"[3.857, 3.858)",0.0576423213,3.858
"[3.858, 3.859)",0.022132135009090906,3.859
"[3.859, 3.86)",0.024304105,3.86
"[3.86, 3.861)",0.0276590964,3.861
"[3.861, 3.862)",0.020241102875,3.862
"[3.862, 3.863)",0.021771476916666668,3.863
"[3.863, 3.864)",0.03001294481818182,3.864
"[3.864, 3.865)",0.011459515000000002,3.865
"[3.865, 3.866)",0.007176455,3.866
"[3.866, 3.867)",0.040533017500000004,3.867
"[3.867, 3.868)",0.0168719398,3.868
"[3.868, 3.869)",0.0021217755,3.869
"[3.869, 3.87)",0.012379688666666668,3.87
"[3.87, 3.871)",0.05962831500000001,3.871
"[3.871, 3.872)",0.018255244500000004,3.872
"[3.872, 3.873)",0.013176965375,3.873
"[3.873, 3.874)",0.008448860975,3.874
"[3.874, 3.875)",0.01618144325,3.875
"[3.875, 3.876)",0.013633357600000002,3.876
"[3.876, 3.8770000000000002)",0.0224605823,3.8770000000000002
"[3.8770000000000002, 3.878)",0.10919425181818182,3.878
"[3.878, 3.879)",0.029013604545454545,3.879
"[3.879, 3.88)",0.010008369999999999,3.88
"[3.88, 3.8810000000000002)",0.003895944285714286,3.8810000000000002
"[3.8810000000000002, 3.882)",0.06044581216666667,3.882
"[3.882, 3.883)",0.0047347983,3.883
"[3.883, 3.884)",0.07139801783636363,3.884
"[3.884, 3.8850000000000002)",0.0101265267,3.8850000000000002
"[3.8850000000000002, 3.886)",0.05009310033333333,3.886
"[3.886, 3.887)",0.16215411153846154,3.887
"[3.887, 3.888)",0.0027279255,3.888
"[3.888, 3.8890000000000002)",0.09841898145454545,3.8890000000000002
"[3.8890000000000002, 3.89)",0.13982906666666664,3.89
"[3.89, 3.891)",0.0026986986,3.891
"[3.891, 3.892)",0.009947290428571428,3.892
"[3.892, 3.8930000000000002)",0.012683308027272728,3.8930000000000002
"[3.8930000000000002, 3.894)",0.049205265857142855,3.894
"[3.894, 3.895)",0.0161543405,3.895
"[3.895, 3.896)",0.004973356666666666,3.896
"[3.896, 3.8970000000000002)",0.035456454285714284,3.8970000000000002
"[3.8970000000000002, 3.898)",0.018220540875000003,3.898
"[3.898, 3.899)",0.014228146916666665,3.899
"[3.899, 3.9)",0.005255394166666667,3.9
"[3.9, 3.9010000000000002)",0.022990874166666665,3.9010000000000002
"[3.9010000000000002, 3.902)",0.0212232533,3.902
"[3.902, 3.903)",0.023223351740000002,3.903
"[3.903, 3.904)",0.007578714285714285,3.904
"[3.904, 3.9050000000000002)",0.010072437857142858,3.9050000000000002
"[3.9050000000000002, 3.906)",0.01802514325,3.906
"[3.906, 3.907)",0.014991198833333335,3.907
"[3.907, 3.908)",0.027126694999999996,3.908
"[3.908, 3.9090000000000003)",0.01352792075,3.9090000000000003
"[3.9090000000000003, 3.91)",0.006437043176666665,3.91
"[3.91, 3.911)",0.02613453490909091,3.911
"[3.911, 3.912)",0.06869877226000001,3.912
"[3.912, 3.9130000000000003)",0.020815574777777776,3.9130000000000003
"[3.9130000000000003, 3.914)",0.019977310749999998,3.914
"[3.914, 3.915)",0.017603213727272728,3.915
"[3.915, 3.916)",0.009846035937499999,3.916
"[3.916, 3.9170000000000003)",0.043712043,3.9170000000000003
"[3.9170000000000003, 3.918)",0.01622388057142857,3.918
"[3.918, 3.919)",0.014632275750000001,3.919
"[3.919, 3.92)",0.019992576511111113,3.92
"[3.92, 3.9210000000000003)",0.0113935138,3.9210000000000003
"[3.9210000000000003, 3.922)",0.015492325555555556,3.922
"[3.922, 3.923)",0.0727175378235294,3.923
"[3.923, 3.924)",0.00651721,3.924
"[3.924, 3.9250000000000003)",0.03682589875,3.9250000000000003
"[3.9250000000000003, 3.926)",0.03490620333333334,3.926
"[3.926, 3.927)",0.04660247941666667,3.927
"[3.927, 3.928)",0.005213894164285714,3.928
"[3.928, 3.9290000000000003)",0.010862333833333335,3.9290000000000003
"[3.9290000000000003, 3.93)",0.00574456325,3.93
"[3.93, 3.931)",0.10188373871428572,3.931
"[3.931, 3.932)",0.1271286117777778,3.932
"[3.932, 3.9330000000000003)",0.037281715818181814,3.9330000000000003
"[3.9330000000000003, 3.934)",0.03168313363636363,3.934
"[3.934, 3.935)",0.05012777375000001,3.935
"[3.935, 3.936)",0.025532206340000002,3.936
"[3.936, 3.9370000000000003)",0.0077414606,3.9370000000000003
"[3.9370000000000003, 3.938)",0.032482966442857135,3.938
"[3.938, 3.939)",0.045852551444444445,3.939
"[3.939, 3.94)",0.15169793412500002,3.94
"[3.94, 3.9410000000000003)",0.009556356625,3.9410000000000003
"[3.9410000000000003, 3.942)",0.020477883533333338,3.942
"[3.942, 3.943)",0.044968198888888894,3.943
"[3.943, 3.944)",0.011478664144444446,3.944
"[3.944, 3.9450000000000003)",0.008743277124999999,3.9450000000000003
"[3.9450000000000003, 3.946)",0.020913128745454545,3.946
"[3.946, 3.947)",0.022012782166666665,3.947
"[3.947, 3.948)",0.018688367571428572,3.948
"[3.948, 3.9490000000000003)",0.0037915363333333335,3.9490000000000003
"[3.9490000000000003, 3.95)",0.02121976715384616,3.95
"[3.95, 3.951)",0.013122579928571427,3.951
"[3.951, 3.952)",0.006575028833333333,3.952
"[3.952, 3.9530000000000003)",0.010223062875000001,3.9530000000000003
"[3.9530000000000003, 3.954)",0.059876537,3.954
"[3.954, 3.955)",0.0010177852142857142,3.955
"[3.955, 3.956)",0.014499013285714285,3.956
"[3.956, 3.9570000000000003)",0.021515524777777777,3.9570000000000003
"[3.9570000000000003, 3.958)",0.010981418600000003,3.958
"[3.958, 3.959)",0.02075272072727273,3.959
"[3.959, 3.96)",0.019904929266666666,3.96
"[3.96, 3.9610000000000003)",0.08488879371428572,3.9610000000000003
"[3.9610000000000003, 3.962)",0.008006543666666666,3.962
"[3.962, 3.963)",0.05477993839999999,3.963
"[3.963, 3.964)",0.01048249390909091,3.964
"[3.964, 3.9650000000000003)",0.0038545256857142854,3.9650000000000003
"[3.9650000000000003, 3.966)",0.012240350333333332,3.966
"[3.966, 3.967)",0.028159237285714286,3.967
"[3.967, 3.968)",0.0023013944999999997,3.968
"[3.968, 3.969)",0.035549736900000004,3.969
"[3.969, 3.97)",0.009833182999999999,3.97
"[3.97, 3.971)",0.03724935358333333,3.971
"[3.971, 3.972)",0.07936570000000001,3.972
"[3.972, 3.973)",0.010886245666666664,3.973
"[3.973, 3.974)",0.013640406936363637,3.974
"[3.974, 3.975)",0.0045831005,3.975
"[3.975, 3.976)",0.0115911305,3.976
"[3.976, 3.977)",0.016720062554545452,3.977
"[3.977, 3.978)",0.03995198042857143,3.978
"[3.978, 3.979)",0.03449695883333334,3.979
"[3.979, 3.98)",0.019726197857142854,3.98
"[3.98, 3.981)",0.014308620749999999,3.981
"[3.981, 3.982)",0.026120677500000005,3.982
"[3.982, 3.983)",0.0091995672,3.983
"[3.983, 3.984)",0.034044304600000005,3.984
"[3.984, 3.985)",0.00674483394625,3.985
"[3.985, 3.986)",0.0187612788,3.986
"[3.986, 3.987)",0.0260437925,3.987
"[3.987, 3.988)",0.01019559825,3.988
"[3.988, 3.989)",0.010162879545454544,3.989
"[3.989, 3.99)",0.011889911999999999,3.99
"[3.99, 3.991)",0.007927274000000002,3.991
"[3.991, 3.992)",0.06694122058333334,3.992
"[3.992, 3.993)",0.009638633777777777,3.993
"[3.993, 3.994)",0.009737814923076923,3.994
"[3.994, 3.995)",0.01388155,3.995
"[3.995, 3.996)",0.007988922666666667,3.996
"[3.996, 3.997)",0.012060984499999998,3.997
"[3.997, 3.998)",0.014243260200000002,3.998
"[3.998, 3.999)",0.012168471666666666,3.999
"[3.999, 4.0)",0.0242659962,4.0
"[4.0, 4.001)",0.08006677029999999,4.001
"[4.001, 4.002)",0.076734095,4.002
"[4.002, 4.003)",0.01606346625,4.003
"[4.003, 4.0040000000000004)",0.0193804156,4.0040000000000004
"[4.0040000000000004, 4.005)",0.0060163528,4.005
"[4.005, 4.006)",0.029655129000000002,4.006
"[4.006, 4.007)",0.009820751249999999,4.007
"[4.007, 4.008)",0.008354761938461538,4.008
"[4.008, 4.009)",0.06658739842857143,4.009
"[4.009, 4.01)",0.01674087888888889,4.01
"[4.01, 4.011)",0.019026908,4.011
"[4.011, 4.0120000000000005)",0.02998921266666667,4.0120000000000005
"[4.0120000000000005, 4.013)",0.028507732857142858,4.013
"[4.013, 4.014)",0.03404761725,4.014
"[4.014, 4.015)",0.01408000942857143,4.015
"[4.015, 4.016)",0.06956485757142856,4.016
"[4.016, 4.017)",0.01820738403846154,4.017
"[4.017, 4.018)",0.02338748288888889,4.018
"[4.018, 4.019)",0.007084156666666667,4.019
"[4.019, 4.0200000000000005)",0.042348918,4.0200000000000005
"[4.0200000000000005, 4.021)",0.026725034875,4.021
"[4.021, 4.022)",0.036756337900000005,4.022
"[4.022, 4.023)",0.020504452444444446,4.023
"[4.023, 4.024)",0.012378669624999998,4.024
"[4.024, 4.025)",0.0250841975,4.025
"[4.025, 4.026)",0.0042035904285714285,4.026
"[4.026, 4.027)",0.018518177,4.027
"[4.027, 4.0280000000000005)",0.1044852753,4.0280000000000005
"[4.0280000000000005, 4.029)",0.012054925888888887,4.029
"[4.029, 4.03)",0.03728329142857143,4.03
"[4.03, 4.031)",0.0179661682,4.031
"[4.031, 4.032)",0.014696610749999998,4.032
"[4.032, 4.033)",0.004407490428571429,4.033
"[4.033, 4.034)",0.026852189999999998,4.034
"[4.034, 4.035)",0.015830313250000002,4.035
"[4.035, 4.0360000000000005)",0.028268576846153845,4.0360000000000005
"[4.0360000000000005, 4.037)",0.029354364125000004,4.037
"[4.037, 4.038)",0.005657083615384616,4.038
"[4.038, 4.039)",0.024325384285714288,4.039
"[4.039, 4.04)",0.006054306999999999,4.04
"[4.04, 4.041)",0.037180559,4.041
"[4.041, 4.042)",0.008098200125,4.042
"[4.042, 4.043)",0.09875821072727274,4.043
"[4.043, 4.0440000000000005)",0.007362034142857142,4.0440000000000005
"[4.0440000000000005, 4.045)",0.020681861875,4.045
"[4.045, 4.046)",0.01904768625,4.046
"[4.046, 4.047)",0.124996185,4.047
"[4.047, 4.048)",0.0053671383,4.048
"[4.048, 4.049)",0.002075059333333333,4.049
"[4.049, 4.05)",0.01322964325,4.05
"[4.05, 4.051)",0.0554602125,4.051
"[4.051, 4.0520000000000005)",0.012199745,4.0520000000000005
"[4.0520000000000005, 4.053)",0.05189623191818182,4.053
"[4.053, 4.054)",0.015210748999999999,4.054
"[4.054, 4.055)",0.04952398166666667,4.055
"[4.055, 4.056)",0.010043491333333333,4.056
"[4.056, 4.057)",0.024094043433333334,4.057
"[4.057, 4.058)",0.03573185,4.058
"[4.058, 4.059)",0.02000662571428571,4.059
"[4.059, 4.0600000000000005)",0.0093862868,4.0600000000000005
"[4.061, 4.062)",0.0385585186,4.061
"[4.062, 4.063)",0.04736633,4.062
"[4.063, 4.064)",0.03029929575,4.063
"[4.064, 4.065)",0.0113078825,4.064
"[4.065, 4.066)",0.005317384714285714,4.065
"[4.066, 4.067)",0.023660046666666667,4.066
"[4.067, 4.0680000000000005)",0.0200383225,4.067
"[4.0680000000000005, 4.069)",0.012215923222222222,4.0680000000000005
"[4.069, 4.07)",0.0961569586,4.069
"[4.07, 4.071)",0.0099158575,4.07
"[4.071, 4.072)",0.0312664225,4.071
"[4.072, 4.073)",0.012759582805,4.072
"[4.073, 4.074)",0.01664982375,4.073
"[4.074, 4.075)",0.04436624,4.074
"[4.075, 4.0760000000000005)",0.0014299879999999999,4.075
"[4.0760000000000005, 4.077)",0.00846744875,4.0760000000000005
"[4.077, 4.078)",0.009524138,4.077
"[4.078, 4.079)",0.017859052866666666,4.078
"[4.079, 4.08)",0.012459987624999998,4.079
"[4.08, 4.081)",0.0149604965,4.08
"[4.081, 4.082)",0.014707103285714288,4.081
"[4.082, 4.083)",0.010388956999999999,4.082
"[4.083, 4.0840000000000005)",0.00494937525,4.083
"[4.0840000000000005, 4.085)",0.000860982,4.0840000000000005
"[4.085, 4.086)",0.0238375305,4.085
"[4.086, 4.087)",0.005937246457142858,4.086
"[4.087, 4.088)",0.0069383392,4.087
"[4.088, 4.089)",0.00807687042,4.088
"[4.089, 4.09)",0.03327392666666667,4.089
"[4.09, 4.091)",0.018187973200000002,4.09
"[4.091, 4.0920000000000005)",0.035934880200000005,4.091
"[4.0920000000000005, 4.093)",0.012617209375,4.0920000000000005
"[4.093, 4.094)",0.022882092666666663,4.093
"[4.094, 4.095)",0.1004192047142857,4.094
"[4.095, 4.096)",0.030420170285714285,4.095
"[4.096, 4.097)",0.010096609749999999,4.096
"[4.097, 4.098)",0.02194730825,4.097
"[4.098, 4.099)",0.00110742,4.098
"[4.099, 4.1)",0.005248914208571429,4.099
"[4.1, 4.101)",0.0290543129,4.1
"[4.101, 4.102)",0.004550815800000001,4.101
"[4.102, 4.103)",0.0073279745999999995,4.102
"[4.103, 4.104)",0.006817068833333333,4.103
"[4.105, 4.106)",0.024994900545454547,4.104
"[4.106, 4.107)",0.0329096028888889,4.105
"[4.107, 4.108)",0.0025143965,4.106
"[4.108, 4.109)",0.008745570000000001,4.107
"[4.109, 4.11)",0.09223690071428571,4.108
"[4.11, 4.111)",0.0043677152,4.109
"[4.111, 4.112)",0.05338693060000001,4.11
"[4.112, 4.113)",0.0008241265000000001,4.111
"[4.113, 4.114)",0.0735102975,4.112
"[4.114, 4.115)",0.004380882142857143,4.113
"[4.115, 4.116)",0.0083942475,4.114
"[4.116, 4.117)",0.0646472,4.115
"[4.117, 4.118)",0.029396446000000003,4.116
"[4.118, 4.119)",0.016009154,4.117
"[4.119, 4.12)",0.18775893383333334,4.118
"[4.12, 4.121)",0.019857624,4.119
"[4.121, 4.122)",0.007033738,4.12
"[4.122, 4.123)",0.04050076037500001,4.121
"[4.123, 4.124)",0.02893590575,4.122
"[4.124, 4.125)",0.024013255375,4.123
"[4.125, 4.126)",0.009492801999999998,4.124
"[4.126, 4.127)",0.014003072000000002,4.125
"[4.127, 4.128)",0.00957305,4.126
"[4.128, 4.1290000000000004)",0.02769137,4.127
"[4.1290000000000004, 4.13)",0.06873588500000001,4.128
"[4.13, 4.131)",0.061185843285714296,4.1290000000000004
"[4.131, 4.132)",0.004259886142857143,4.13
"[4.132, 4.133)",0.0018638678333333335,4.131
"[4.133, 4.134)",0.0060065663,4.132
"[4.134, 4.135)",0.038699830750000004,4.133
"[4.135, 4.136)",0.0076918392,4.134
"[4.136, 4.1370000000000005)",0.026045384333333334,4.135
"[4.1370000000000005, 4.138)",0.33508611,4.136
"[4.138, 4.139)",0.014853152457142858,4.1370000000000005
"[4.139, 4.14)",0.0192761026,4.138
"[4.14, 4.141)",0.050041685000000016,4.139
"[4.141, 4.142)",0.0051316682500000006,4.14
"[4.142, 4.143)",0.018741370833333333,4.141
"[4.143, 4.144)",0.020907651333333336,4.142
"[4.144, 4.1450000000000005)",0.03831279328571429,4.143
"[4.1450000000000005, 4.146)",0.0257010165,4.144
"[4.146, 4.147)",0.10840102033333332,4.1450000000000005
"[4.147, 4.148)",0.005561867199999999,4.146
"[4.148, 4.149)",0.0032290766666666667,4.147
"[4.149, 4.15)",0.0034569338333333335,4.148
"[4.15, 4.151)",0.0464124175,4.149
"[4.151, 4.152)",0.00289107826,4.15
"[4.152, 4.1530000000000005)",0.029406055000000004,4.151
"[4.1530000000000005, 4.154)",0.09058430583333332,4.152
"[4.154, 4.155)",0.02345914405,4.1530000000000005
"[4.155, 4.156)",0.010758107999999999,4.154
"[4.156, 4.157)",0.013113594000000001,4.155
"[4.157, 4.158)",0.059014718,4.156
"[4.158, 4.159)",0.04263565549999999,4.157
"[4.159, 4.16)",0.021961788333333333,4.158
"[4.16, 4.1610000000000005)",0.015332485333333333,4.159
"[4.1610000000000005, 4.162)",0.005237984499999998,4.16
"[4.162, 4.163)",0.063254782375,4.1610000000000005
"[4.163, 4.164)",0.011690560142857144,4.162
"[4.164, 4.165)",0.0540441,4.163
"[4.165, 4.166)",0.017250795,4.164
"[4.166, 4.167)",0.012397583333333333,4.165
"[4.167, 4.168)",0.00137174,4.166
"[4.168, 4.1690000000000005)",0.0021971432,4.167
"[4.1690000000000005, 4.17)",0.0008482366666666667,4.168
"[4.171, 4.172)",0.010065339614285714,4.1690000000000005
"[4.172, 4.173)",0.051072916249999996,4.17
"[4.173, 4.174)",0.028237825,4.171
"[4.174, 4.175)",0.04222728,4.172
"[4.175, 4.176)",0.08381050999999998,4.173
"[4.176, 4.1770000000000005)",0.03208024,4.174
"[4.1770000000000005, 4.178)",0.006836035666666666,4.175
"[4.178, 4.179)",0.0105096406,4.176
"[4.179, 4.18)",0.048269971625000005,4.1770000000000005
"[4.18, 4.181)",0.0017382843333333335,4.178
"[4.181, 4.182)",0.006327474499999999,4.179
"[4.182, 4.183)",0.03380079925,4.18
"[4.183, 4.184)",0.03443546716666667,4.181
"[4.184, 4.1850000000000005)",0.01319609775,4.182
"[4.1850000000000005, 4.186)",0.04048668,4.183
"[4.186, 4.187)",0.03490111351111111,4.184
"[4.187, 4.188)",0.06624048,4.1850000000000005
"[4.188, 4.189)",0.1478874025,4.186
"[4.189, 4.19)",0.04051943,4.187
"[4.19, 4.191)",0.01721854,4.188
"[4.191, 4.192)",0.04471235216666667,4.189
"[4.192, 4.1930000000000005)",0.044326799124999997,4.19
"[4.1930000000000005, 4.194)",0.015816713666666666,4.191
"[4.194, 4.195)",0.0240461,4.192
"[4.195, 4.196)",0.011993742499999998,4.1930000000000005
"[4.196, 4.197)",0.1211215143,4.194
"[4.197, 4.198)",0.00646186325,4.195
"[4.198, 4.199)",0.0030792598333333338,4.196
"[4.199, 4.2)",0.0075959805,4.197
"[4.2, 4.2010000000000005)",0.02201871,4.198
"[4.2010000000000005, 4.202)",0.13940522666666666,4.199
"[4.202, 4.203)",0.018663536,4.2
"[4.203, 4.204)",0.006520336,4.2010000000000005
"[4.204, 4.205)",0.008223374928571428,4.202
"[4.205, 4.206)",0.01928375,4.203
"[4.206, 4.207)",0.004677992000000001,4.204
"[4.207, 4.208)",0.010120820666666667,4.205
"[4.208, 4.2090000000000005)",0.032666415000000004,4.206
"[4.2090000000000005, 4.21)",0.02924716216666667,4.207
"[4.21, 4.211)",0.03146085,4.208
"[4.211, 4.212)",0.038022762,4.2090000000000005
"[4.212, 4.213)",0.0281681359,4.21
"[4.213, 4.214)",0.03416383,4.211
"[4.214, 4.215)",0.011908944333333333,4.212
"[4.215, 4.216)",0.003983584,4.213
"[4.216, 4.2170000000000005)",0.07381633342857141,4.214
"[4.2170000000000005, 4.218)",0.0072516559999999996,4.215
"[4.218, 4.219)",0.10718534666666667,4.216
"[4.219, 4.22)",0.19481847833333332,4.2170000000000005
"[4.22, 4.221)",0.031650041625,4.218
"[4.221, 4.222)",0.009444552,4.219
"[4.222, 4.223)",0.005337553125,4.22
"[4.223, 4.224)",0.06547635666666667,4.221
"[4.224, 4.225)",0.021895815,4.222
"[4.225, 4.226)",0.015196109999999999,4.223
"[4.226, 4.227)",0.01174063075,4.224
"[4.227, 4.228)",0.041714724999999994,4.225
"[4.228, 4.229)",0.11559370399999999,4.226
"[4.229, 4.23)",0.010831718666666665,4.227
"[4.23, 4.231)",0.27835895,4.228
"[4.231, 4.232)",0.0408821726,4.229
"[4.232, 4.233)",0.00164643,4.23
"[4.233, 4.234)",0.003944717666666667,4.231
"[4.234, 4.235)",0.176007584,4.232
"[4.235, 4.236)",0.01223367857142857,4.233
"[4.236, 4.237)",0.005827601,4.234
"[4.237, 4.238)",0.04812405825,4.235
"[4.238, 4.239)",0.021928153333333335,4.236
"[4.239, 4.24)",0.00995162,4.237
"[4.24, 4.241)",0.005149684999999999,4.238
"[4.241, 4.242)",0.016830398333333333,4.239
"[4.242, 4.243)",0.009474367144444445,4.24
"[4.243, 4.244)",0.030344799,4.241
"[4.244, 4.245)",0.010992078249999999,4.242
"[4.245, 4.246)",0.028021246,4.243
"[4.246, 4.247)",0.0094150446,4.244
"[4.247, 4.248)",0.048484777875,4.245
"[4.248, 4.249)",0.11718281750000001,4.246
"[4.249, 4.25)",0.032958060000000004,4.247
"[4.25, 4.251)",0.08972437000000001,4.248
"[4.251, 4.252)",0.06637444166666667,4.249
"[4.252, 4.253)",0.008148794000000001,4.25
"[4.253, 4.2540000000000004)",0.004185937666666667,4.251
"[4.2540000000000004, 4.255)",0.013902284285714285,4.252
"[4.255, 4.256)",0.028811583333333335,4.253
"[4.256, 4.257)",0.017795170000000003,4.2540000000000004
"[4.257, 4.258)",0.01023318,4.255
"[4.258, 4.259)",0.03615282,4.256
"[4.259, 4.26)",0.0503537,4.257
"[4.26, 4.261)",0.04653282922222222,4.258
"[4.261, 4.2620000000000005)",0.02479372,4.259
"[4.2620000000000005, 4.263)",0.005596254285714286,4.26
"[4.263, 4.264)",0.0112745283,4.261
"[4.264, 4.265)",0.1512208674571429,4.2620000000000005
"[4.265, 4.266)",0.005613032628571428,4.263
"[4.266, 4.267)",0.005430014999999999,4.264
"[4.267, 4.268)",0.022133237875,4.265
"[4.268, 4.269)",0.054646529374999996,4.266
"[4.269, 4.2700000000000005)",0.046900900120000005,4.267
"[4.2700000000000005, 4.271)",0.084184565,4.268
"[4.271, 4.272)",0.038672317500000004,4.269
"[4.272, 4.273)",0.029514186777777784,4.2700000000000005
"[4.273, 4.274)",0.018255717714285715,4.271
"[4.274, 4.275)",0.26500774325000004,4.272
"[4.275, 4.276)",0.02579351,4.273
"[4.276, 4.277)",0.012535584333333336,4.274
"[4.277, 4.2780000000000005)",0.039330636571428566,4.275
"[4.2780000000000005, 4.279)",0.0025204992000000003,4.276
"[4.279, 4.28)",0.0181592705,4.277
"[4.28, 4.281)",0.027009568,4.2780000000000005
"[4.281, 4.282)",0.035700988571428574,4.279
"[4.282, 4.283)",0.007366648000000001,4.28
"[4.283, 4.284)",0.06582707400000001,4.281
"[4.284, 4.285)",0.02661457,4.282
"[4.285, 4.2860000000000005)",0.17273020383333335,4.283
"[4.2860000000000005, 4.287)",0.011552970000000001,4.284
"[4.287, 4.288)",0.004042133999999999,4.285
"[4.288, 4.289)",0.0046146582500000005,4.2860000000000005
"[4.289, 4.29)",0.02873276666666667,4.287
"[4.29, 4.291)",0.00028043715,4.288
"[4.291, 4.292)",0.0051852750000000005,4.289
"[4.292, 4.293)",0.0009419731999999999,4.29
"[4.293, 4.2940000000000005)",0.0168258,4.291
"[4.2940000000000005, 4.295)",0.020062368199999996,4.292
"[4.295, 4.296)",0.05422841363636364,4.293
"[4.296, 4.297)",0.0010002140000000001,4.2940000000000005
"[4.297, 4.298)",0.05976809825,4.295
"[4.298, 4.299)",0.018507003333333334,4.296
"[4.299, 4.3)",0.032413025825000004,4.297
"[4.3, 4.301)",0.024541336571428568,4.298
"[4.3020000000000005, 4.303)",0.0024799755,4.299
"[4.303, 4.304)",0.014787068,4.3
"[4.304, 4.305)",0.040666808,4.301
"[4.305, 4.306)",0.034096177500000005,4.3020000000000005
"[4.306, 4.307)",0.05310691816666666,4.303
"[4.307, 4.308)",0.0395156,4.304
"[4.308, 4.309)",0.02175887,4.305
"[4.309, 4.3100000000000005)",0.023380946666666666,4.306
"[4.3100000000000005, 4.311)",0.08449341460000001,4.307
"[4.311, 4.312)",0.031066516500000002,4.308
"[4.312, 4.313)",0.010186798,4.309
"[4.313, 4.314)",0.00683995,4.3100000000000005
"[4.314, 4.315)",0.012145959816666664,4.311
"[4.315, 4.316)",0.03420813614285714,4.312
"[4.316, 4.317)",0.036798478571428574,4.313
"[4.317, 4.3180000000000005)",0.00705645,4.314
"[4.3180000000000005, 4.319)",0.01264077,4.315
"[4.319, 4.32)",0.02359439825,4.316
"[4.32, 4.321)",0.0016334285,4.317
"[4.321, 4.322)",0.00497082,4.3180000000000005
"[4.322, 4.323)",0.137317994125,4.319
"[4.323, 4.324)",0.00765761825,4.32
"[4.324, 4.325)",0.0033119346,4.321
"[4.325, 4.3260000000000005)",0.0185710665,4.322
"[4.3260000000000005, 4.327)",0.059123144499999995,4.323
"[4.327, 4.328)",0.0099021146,4.324
"[4.328, 4.329)",0.056159624000000005,4.325
"[4.329, 4.33)",0.0211553935,4.3260000000000005
"[4.33, 4.331)",0.05403470333333333,4.327
"[4.331, 4.332)",0.21325615999999997,4.328
"[4.332, 4.333)",0.017729917666666668,4.329
"[4.333, 4.3340000000000005)",0.041137066666666666,4.33
"[4.3340000000000005, 4.335)",0.05783654433333332,4.331
"[4.335, 4.336)",0.01789900575,4.332
"[4.336, 4.337)",0.04499027825,4.333
"[4.337, 4.338)",0.005186545,4.3340000000000005
"[4.338, 4.339)",0.0395653386,4.335
"[4.339, 4.34)",0.02694989433333333,4.336
"[4.34, 4.341)",0.006909195000000001,4.337
"[4.341, 4.3420000000000005)",0.0039306775,4.338
"[4.3420000000000005, 4.343)",0.0232256,4.339
"[4.343, 4.344)",0.034515146000000003,4.34
"[4.344, 4.345)",0.0025816665,4.341
"[4.345, 4.346)",0.0541636,4.3420000000000005
"[4.346, 4.347)",0.004812741475000001,4.343
"[4.347, 4.348)",0.03354244,4.344
"[4.348, 4.349)",0.00170164,4.345
"[4.349, 4.3500000000000005)",0.004141888,4.346
"[4.3500000000000005, 4.351)",0.3634712033333334,4.347
"[4.351, 4.352)",0.009124676000000002,4.348
"[4.352, 4.353)",0.070169085,4.349
"[4.353, 4.354)",0.048637214285714284,4.3500000000000005
"[4.354, 4.355)",0.010120876499999999,4.351
"[4.355, 4.356)",0.00231768575,4.352
"[4.356, 4.357)",0.03330723643333334,4.353
"[4.357, 4.358)",0.006879270142857143,4.354
"[4.358, 4.359)",0.006294543333333333,4.355
"[4.359, 4.36)",0.008787683333333332,4.356
"[4.36, 4.361)",0.0533752125,4.357
"[4.361, 4.362)",0.07079315325,4.358
"[4.362, 4.363)",0.012728626666666666,4.359
"[4.363, 4.364)",0.019612874,4.36
"[4.364, 4.365)",0.003866986,4.361
"[4.365, 4.366)",0.057723824666666666,4.362
"[4.366, 4.367)",0.03366127766666667,4.363
"[4.367, 4.368)",0.0149222925,4.364
"[4.368, 4.369)",0.036995396599999994,4.365
"[4.369, 4.37)",0.03426485333333333,4.366
"[4.37, 4.371)",0.13221731499999997,4.367
"[4.371, 4.372)",0.02516492816666667,4.368
"[4.372, 4.373)",0.03357887456666667,4.369
"[4.373, 4.374)",0.020193586666666666,4.37
"[4.374, 4.375)",0.03344780600000001,4.371
"[4.375, 4.376)",0.0499409004,4.372
"[4.376, 4.377)",0.017509323585714286,4.373
"[4.377, 4.378)",0.00680443,4.374
"[4.3790000000000004, 4.38)",0.0015565102000000002,4.375
"[4.38, 4.381)",0.007344192799999999,4.376
"[4.381, 4.382)",0.005773693,4.377
"[4.382, 4.383)",0.05392051383333333,4.378
"[4.383, 4.384)",0.008653075333333333,4.3790000000000004
"[4.384, 4.385)",0.00170164,4.38
"[4.385, 4.386)",0.016384985,4.381
"[4.386, 4.3870000000000005)",0.03631845,4.382
"[4.3870000000000005, 4.388)",0.15909255,4.383
"[4.388, 4.389)",0.014490032550000002,4.384
"[4.389, 4.39)",0.011325463999999999,4.385
"[4.39, 4.391)",0.0031318723333333335,4.386
"[4.391, 4.392)",0.03422827333333333,4.3870000000000005
"[4.392, 4.393)",0.0053710904375,4.388
"[4.393, 4.394)",0.0028316264999999996,4.389
"[4.394, 4.3950000000000005)",0.0822051462,4.39
"[4.3950000000000005, 4.396)",0.017500457466666664,4.391
"[4.396, 4.397)",0.0067496200000000004,4.392
"[4.397, 4.398)",0.14546239944,4.393
"[4.398, 4.399)",0.0025231404499999996,4.394
"[4.399, 4.4)",0.03198266,4.3950000000000005
"[4.4, 4.401)",0.33388275100000003,4.396
"[4.401, 4.402)",0.02571194833333333,4.397
"[4.402, 4.4030000000000005)",0.02868623,4.398
"[4.4030000000000005, 4.404)",0.000807299,4.399
"[4.404, 4.405)",0.05993532399999999,4.4
"[4.405, 4.406)",0.022881433333333336,4.401
"[4.406, 4.407)",0.01057173042857143,4.402
"[4.407, 4.408)",0.0011212365,4.4030000000000005
"[4.408, 4.409)",0.022828269125,4.404
"[4.409, 4.41)",0.026242308888888885,4.405
"[4.41, 4.4110000000000005)",0.003632583333333333,4.406
"[4.4110000000000005, 4.412)",0.0043000765,4.407
"[4.412, 4.413)",0.04471047,4.408
"[4.413, 4.414)",0.0070486279999999995,4.409
"[4.414, 4.415)",0.02591910925,4.41
"[4.415, 4.416)",0.039404325999999996,4.4110000000000005
"[4.416, 4.417)",0.00439975,4.412
"[4.417, 4.418)",0.020499634333333332,4.413
"[4.418, 4.4190000000000005)",0.066768985,4.414
"[4.4190000000000005, 4.42)",0.0010842316666666667,4.415
"[4.42, 4.421)",0.06500551333333333,4.416
"[4.421, 4.422)",0.02690635825,4.417
"[4.422, 4.423)",0.014649800749999997,4.418
"[4.423, 4.424)",0.02997767675,4.4190000000000005
"[4.425, 4.426)",0.0011359,4.42
"[4.426, 4.4270000000000005)",0.015705474,4.421
"[4.428, 4.429)",0.0046431933333333335,4.422
"[4.429, 4.43)",0.016741646,4.423
"[4.43, 4.431)",0.02239163825,4.424
"[4.431, 4.432)",0.053814362500000004,4.425
"[4.432, 4.433)",0.00706345825,4.426
"[4.433, 4.434)",0.0073184600000000015,4.4270000000000005
"[4.434, 4.4350000000000005)",0.02301875,4.428
"[4.4350000000000005, 4.436)",0.07178393000000001,4.429
"[4.436, 4.437)",0.0034024650000000004,4.43
"[4.437, 4.438)",0.029267416625,4.431
"[4.438, 4.439)",0.07775453666666668,4.432
"[4.439, 4.44)",0.0040133949999999995,4.433
"[4.44, 4.441)",0.000540833,4.434
"[4.441, 4.442)",0.0189189,4.4350000000000005
"[4.442, 4.4430000000000005)",0.01725170666666667,4.436
"[4.4430000000000005, 4.444)",0.0058890131999999994,4.437
"[4.445, 4.446)",0.028698500000000002,4.438
"[4.446, 4.447)",0.03940694,4.439
"[4.447, 4.448)",0.03424114,4.44
"[4.448, 4.449)",0.00718447,4.441
"[4.449, 4.45)",0.007345559999999999,4.442
"[4.45, 4.4510000000000005)",0.008386020999999999,4.4430000000000005
"[4.4510000000000005, 4.452)",0.0232556475,4.444
"[4.452, 4.453)",0.008931380000000001,4.445
"[4.453, 4.454)",0.0125042655375,4.446
"[4.454, 4.455)",0.025579945,4.447
"[4.455, 4.456)",0.00526316,4.448
"[4.457, 4.458)",0.0195555105,4.449
"[4.458, 4.4590000000000005)",0.011981069999999998,4.45
"[4.4590000000000005, 4.46)",0.00773881,4.4510000000000005
"[4.46, 4.461)",0.07817280825,4.452
"[4.461, 4.462)",0.045494879999999994,4.453
"[4.462, 4.463)",0.002755312666666667,4.454
"[4.463, 4.464)",0.052357789999999994,4.455
"[4.464, 4.465)",0.06744037333333333,4.456
"[4.465, 4.466)",0.02241895,4.457
"[4.466, 4.4670000000000005)",0.008633842499999999,4.458
"[4.4670000000000005, 4.468)",0.033657224666666666,4.4590000000000005
"[4.468, 4.469)",0.0035947865,4.46
"[4.47, 4.471)",0.0009198905,4.461
"[4.471, 4.472)",0.00678797,4.462
"[4.472, 4.473)",0.10992737999999998,4.463
"[4.473, 4.474)",0.0156242032,4.464
"[4.474, 4.4750000000000005)",0.0205719826,4.465
"[4.4750000000000005, 4.476)",0.0112889875,4.466
"[4.476, 4.477)",0.00298151,4.4670000000000005
"[4.477, 4.478)",0.007802661999999999,4.468
"[4.478, 4.479)",0.0207715,4.469
"[4.479, 4.48)",0.0020544,4.47
"[4.48, 4.481)",0.010099414999999999,4.471
"[4.481, 4.482)",0.013953055666666667,4.472
"[4.482, 4.483)",0.00116144,4.473
"[4.483, 4.484)",0.042269100000000004,4.474
"[4.484, 4.485)",0.014597537,4.4750000000000005
"[4.485, 4.486)",0.0101074063,4.476
"[4.487, 4.488)",0.035126715,4.477
"[4.488, 4.489)",0.0295858,4.478
"[4.489, 4.49)",0.04964508433333333,4.479
"[4.49, 4.491)",0.014480122666666666,4.48
"[4.491, 4.492)",0.03169148,4.481
"[4.492, 4.493)",0.0083498575,4.482
"[4.493, 4.494)",0.014683585,4.483
"[4.494, 4.495)",0.014600627500000001,4.484
"[4.495, 4.496)",0.0162269041925,4.485
"[4.496, 4.497)",0.001491095,4.486
"[4.497, 4.498)",0.008367575,4.487
"[4.498, 4.499)",0.005348292,4.488
"[4.499, 4.5)",0.014230595750000002,4.489
"[4.5, 4.501)",0.04423287333333333,4.49
"[4.501, 4.502)",0.00110742,4.491
"[4.502, 4.503)",0.004762584,4.492
"[4.503, 4.5040000000000004)",0.004678684600000001,4.493
"[4.5040000000000004, 4.505)",0.0060220588,4.494
"[4.505, 4.506)",0.023346647428571426,4.495
"[4.506, 4.507)",0.005180855,4.496
"[4.507, 4.508)",0.006103844,4.497
"[4.508, 4.509)",0.015461153333333331,4.498
"[4.509, 4.51)",0.0197111605,4.499
"[4.51, 4.511)",0.011614003333333333,4.5
"[4.511, 4.5120000000000005)",0.010394229000000001,4.501
"[4.5120000000000005, 4.513)",0.029840195,4.502
"[4.513, 4.514)",0.01739533,4.503
"[4.514, 4.515)",0.000540833,4.5040000000000004
"[4.515, 4.516)",0.00803076,4.505
"[4.516, 4.517)",0.029443282499999997,4.506
"[4.517, 4.518)",0.010762455749999999,4.507
"[4.518, 4.519)",0.0026494,4.508
"[4.519, 4.5200000000000005)",0.00384615,4.509
"[4.5200000000000005, 4.521)",0.009288953249999999,4.51
"[4.521, 4.522)",0.00170164,4.511
"[4.522, 4.523)",0.0528879,4.5120000000000005
"[4.523, 4.524)",0.021986469999999998,4.513
"[4.524, 4.525)",0.01658133575,4.514
"[4.525, 4.526)",0.0173419566,4.515
"[4.526, 4.527)",0.009171645249999999,4.516
"[4.527, 4.5280000000000005)",0.07198331499999999,4.517
"[4.5280000000000005, 4.529)",0.0259867,4.518
"[4.529, 4.53)",0.14170656999999998,4.519
"[4.53, 4.531)",0.009890989999999999,4.5200000000000005
"[4.531, 4.532)",0.11590251333333335,4.521
"[4.532, 4.533)",0.258842906275,4.522
"[4.533, 4.534)",0.0248515,4.523
"[4.535, 4.5360000000000005)",0.000566893,4.524
"[4.5360000000000005, 4.537)",0.0018194860000000002,4.525
"[4.537, 4.538)",0.00121951,4.526
"[4.538, 4.539)",0.06637395,4.527
"[4.539, 4.54)",0.0124893175,4.5280000000000005
"[4.54, 4.541)",0.013016729999999999,4.529
"[4.541, 4.542)",0.0161002,4.53
"[4.542, 4.543)",0.021266711000000004,4.531
"[4.543, 4.5440000000000005)",0.037435355,4.532
"[4.5440000000000005, 4.545)",0.004540206666666667,4.533
"[4.545, 4.546)",0.05904863666666666,4.534
"[4.546, 4.547)",0.005673298,4.535
"[4.547, 4.548)",0.01913349,4.5360000000000005
"[4.548, 4.549)",0.035411349999999994,4.537
"[4.549, 4.55)",0.00434809,4.538
"[4.55, 4.551)",0.17014737766666665,4.539
"[4.551, 4.5520000000000005)",0.02917595,4.54
"[4.553, 4.554)",0.042205057500000004,4.541
"[4.554, 4.555)",0.009015925,4.542
"[4.555, 4.556)",0.0561543,4.543
"[4.556, 4.557)",0.01930525,4.5440000000000005
"[4.557, 4.558)",0.025078711,4.545
"[4.558, 4.559)",0.00298151,4.546
"[4.559, 4.5600000000000005)",0.00406504,4.547
"[4.5600000000000005, 4.561)",0.0056694833333333335,4.548
"[4.561, 4.562)",0.032889299999999996,4.549
"[4.562, 4.563)",0.0462821,4.55
"[4.563, 4.564)",0.005922087500000001,4.551
"[4.564, 4.565)",0.00110742,4.5520000000000005
"[4.565, 4.566)",0.0188435975,4.553
"[4.566, 4.567)",0.0694944,4.554
"[4.567, 4.5680000000000005)",0.01001316,4.555
"[4.5680000000000005, 4.569)",0.009885554599999999,4.556
"[4.569, 4.57)",0.02312316,4.557
"[4.57, 4.571)",0.00631563,4.558
"[4.571, 4.572)",0.017482731,4.559
"[4.572, 4.573)",0.07484144059999999,4.5600000000000005
"[4.573, 4.574)",0.015919822857142857,4.561
"[4.574, 4.575)",0.1229253,4.562
"[4.5760000000000005, 4.577)",0.020379875,4.563
"[4.577, 4.578)",0.0236688252,4.564
"[4.578, 4.579)",0.00860381,4.565
"[4.579, 4.58)",0.048354625,4.566
"[4.58, 4.581)",0.024126399066666665,4.567
"[4.581, 4.582)",0.003412667666666667,4.5680000000000005
"[4.582, 4.583)",0.03632003,4.569
"[4.583, 4.5840000000000005)",0.010588722,4.57
"[4.5840000000000005, 4.585)",0.013505646666666668,4.571
"[4.585, 4.586)",0.02379723325,4.572
"[4.586, 4.587)",0.0954052786,4.573
"[4.587, 4.588)",0.00343375,4.574
"[4.588, 4.589)",0.011353980500000001,4.575
"[4.589, 4.59)",0.00111111,4.5760000000000005
"[4.59, 4.591)",0.222181,4.577
"[4.591, 4.5920000000000005)",0.00187617,4.578
"[4.5920000000000005, 4.593)",0.06951425,4.579
"[4.593, 4.594)",0.017988,4.58
"[4.594, 4.595)",0.014160435,4.581
"[4.595, 4.596)",0.03201,4.582
"[4.596, 4.597)",0.000540833,4.583
"[4.597, 4.598)",0.0049532759,4.5840000000000005
"[4.598, 4.599)",0.02203814575,4.585
"[4.599, 4.6000000000000005)",0.02418124075,4.586
"[4.6000000000000005, 4.601)",0.06362596,4.587
"[4.601, 4.602)",0.02637347,4.588
"[4.602, 4.603)",0.00439975,4.589
"[4.603, 4.604)",0.01634174,4.59
"[4.604, 4.605)",0.000562923,4.591
"[4.605, 4.606)",0.00505819,4.5920000000000005
"[4.606, 4.607)",0.01831953325,4.593
"[4.607, 4.6080000000000005)",0.0054336,4.594
"[4.6080000000000005, 4.609)",0.025636165,4.595
"[4.609, 4.61)",0.01641404575,4.596
"[4.61, 4.611)",0.002134440857142857,4.597
"[4.611, 4.612)",0.040931949999999995,4.598
"[4.612, 4.613)",0.016632,4.599
"[4.614, 4.615)",0.102911475,4.6000000000000005
"[4.615, 4.616)",0.018160013333333332,4.601
"[4.617, 4.618)",0.09635555,4.602
"[4.618, 4.619)",0.020407516666666667,4.603
"[4.619, 4.62)",0.0350877,4.604
"[4.62, 4.621)",0.065539,4.605
"[4.621, 4.622)",0.02141199,4.606
"[4.622, 4.623)",0.009641844333333333,4.607
"[4.623, 4.624)",0.023552566666666667,4.6080000000000005
"[4.624, 4.625)",0.0024138,4.609
"[4.625, 4.626)",0.03876918,4.61
"[4.626, 4.627)",0.018257251,4.611
"[4.627, 4.628)",0.010185324333333334,4.612
"[4.628, 4.6290000000000004)",0.0058512569999999995,4.613
"[4.6290000000000004, 4.63)",0.055611233333333336,4.614
"[4.63, 4.631)",0.06897404,4.615
"[4.631, 4.632)",0.00769231,4.616
"[4.632, 4.633)",0.011944923333333335,4.617
"[4.633, 4.634)",0.0107780175,4.618
"[4.634, 4.635)",0.00807382,4.619
"[4.635, 4.636)",0.009580575,4.62
"[4.636, 4.6370000000000005)",0.04476937366666667,4.621
"[4.6370000000000005, 4.638)",0.006665155000000001,4.622
"[4.638, 4.639)",0.003730253333333333,4.623
"[4.639, 4.64)",0.0134500226,4.624
"[4.64, 4.641)",0.002399107,4.625
"[4.641, 4.642)",0.003145526666666667,4.626
"[4.642, 4.643)",0.0356016,4.627
"[4.643, 4.644)",0.024105,4.628
"[4.644, 4.6450000000000005)",0.234008,4.6290000000000004
"[4.6450000000000005, 4.646)",1.47898e-5,4.63
"[4.646, 4.647)",0.0753341,4.631
"[4.647, 4.648)",0.0530303,4.632
"[4.648, 4.649)",0.02144735,4.633
"[4.65, 4.651)",0.00883035,4.634
"[4.651, 4.652)",0.021740841,4.635
"[4.652, 4.6530000000000005)",0.047945650000000006,4.636
"[4.6530000000000005, 4.654)",0.0021064015,4.6370000000000005
"[4.654, 4.655)",0.023011560000000004,4.638
"[4.655, 4.656)",0.027177606666666663,4.639
"[4.656, 4.657)",0.032967,4.64
"[4.657, 4.658)",0.01111184,4.641
"[4.658, 4.659)",0.000167084,4.642
"[4.659, 4.66)",0.030655273333333333,4.643
"[4.66, 4.6610000000000005)",0.00991345,4.644
"[4.6610000000000005, 4.662)",0.012222,4.6450000000000005
"[4.663, 4.664)",0.00110742,4.646
"[4.665, 4.666)",0.028860106666666666,4.647
"[4.667, 4.668)",0.0520325,4.648
"[4.668, 4.6690000000000005)",0.0213925,4.649
"[4.6690000000000005, 4.67)",0.01784173,4.65
"[4.67, 4.671)",0.00170164,4.651
"[4.671, 4.672)",0.05317073800000001,4.652
"[4.672, 4.673)",0.04211916666666667,4.6530000000000005
"[4.673, 4.674)",0.0007926493333333334,4.654
"[4.674, 4.675)",0.00110742,4.655
"[4.675, 4.676)",0.03201,4.656
"[4.676, 4.6770000000000005)",0.0157472,4.657
"[4.678, 4.679)",0.00170164,4.658
"[4.679, 4.68)",0.02296240333333333,4.659
"[4.68, 4.681)",0.08104620666666666,4.66
"[4.681, 4.682)",0.00110742,4.6610000000000005
"[4.682, 4.683)",0.019868893333333332,4.662
"[4.683, 4.684)",0.0029578666666666663,4.663
"[4.684, 4.6850000000000005)",0.022435354999999997,4.664
"[4.6850000000000005, 4.686)",0.00405595,4.665
"[4.686, 4.687)",0.147287,4.666
"[4.687, 4.688)",0.020574875,4.667
"[4.688, 4.689)",0.043944680599999994,4.668
"[4.689, 4.69)",0.025919956666666664,4.6690000000000005
"[4.69, 4.691)",0.055939749999999996,4.67
"[4.691, 4.692)",0.00126984,4.671
"[4.692, 4.6930000000000005)",0.0010938666666666667,4.672
"[4.6930000000000005, 4.694)",0.0426455175,4.673
"[4.694, 4.695)",0.040079675,4.674
"[4.696, 4.697)",0.00247831,4.675
"[4.698, 4.699)",0.00579807,4.676
"[4.699, 4.7)",0.11356192,4.6770000000000005
"[4.7010000000000005, 4.702)",0.00268295,4.678
"[4.702, 4.703)",0.00535396,4.679
"[4.703, 4.704)",0.0313725,4.68
"[4.704, 4.705)",0.07989505,4.681
"[4.706, 4.707)",0.006635242500000001,4.682
"[4.707, 4.708)",0.00227596,4.683
"[4.708, 4.7090000000000005)",0.000540833,4.684
"[4.7090000000000005, 4.71)",0.0194159,4.6850000000000005
"[4.71, 4.711)",0.0030303783333333334,4.686
"[4.711, 4.712)",0.007899729999999999,4.687
"[4.712, 4.713)",0.014143013333333334,4.688
"[4.713, 4.714)",0.11330824,4.689
"[4.714, 4.715)",0.017534933333333336,4.69
"[4.715, 4.716)",0.0316256605,4.691
"[4.716, 4.7170000000000005)",0.00015782195000000002,4.692
"[4.7170000000000005, 4.718)",0.07430928666666665,4.6930000000000005
"[4.718, 4.719)",0.009435185,4.694
"[4.719, 4.72)",0.00516796,4.695
"[4.72, 4.721)",0.00100047,4.696
"[4.721, 4.722)",0.008735966500000001,4.697
"[4.722, 4.723)",0.12880124666666667,4.698
"[4.723, 4.724)",0.000566893,4.699
"[4.724, 4.7250000000000005)",0.0689275,4.7
"[4.7250000000000005, 4.726)",0.00847715,4.7010000000000005
"[4.726, 4.727)",0.00218124,4.702
"[4.727, 4.728)",0.071510011,4.703
"[4.728, 4.729)",0.0366533,4.704
"[4.729, 4.73)",0.01525413,4.705
"[4.73, 4.731)",0.01834048,4.706
"[4.732, 4.7330000000000005)",0.011830837,4.707
"[4.7330000000000005, 4.734)",0.000540833,4.708
"[4.734, 4.735)",0.0519947,4.7090000000000005
"[4.735, 4.736)",0.0159115,4.71
"[4.736, 4.737)",0.0950431,4.711
"[4.737, 4.738)",0.006078304999999999,4.712
"[4.739, 4.74)",0.043886259999999996,4.713
"[4.742, 4.743)",0.013405799999999999,4.714
"[4.743, 4.744)",0.0008330555,4.715
"[4.744, 4.745)",0.04899656566666666,4.716
"[4.745, 4.746)",0.00427134,4.7170000000000005
"[4.746, 4.747)",0.00328731,4.718
"[4.747, 4.748)",0.006351283,4.719
"[4.748, 4.749)",0.01766765,4.72
"[4.749, 4.75)",0.0105841,4.721
"[4.75, 4.751)",0.006235416666666667,4.722
"[4.751, 4.752)",0.039080422,4.723
"[4.752, 4.753)",0.0053425165,4.724
"[4.753, 4.7540000000000004)",0.0456968,4.7250000000000005
"[4.7540000000000004, 4.755)",0.011660013833333331,4.726
"[4.755, 4.756)",0.0066659833333333335,4.727
"[4.756, 4.757)",0.0016,4.728
"[4.757, 4.758)",0.0023068489999999997,4.729
"[4.758, 4.759)",0.003729831,4.73
"[4.76, 4.761)",0.011567737666666666,4.731
"[4.761, 4.7620000000000005)",0.0048783085,4.732
"[4.7620000000000005, 4.763)",0.00201361,4.7330000000000005
"[4.764, 4.765)",0.025403746666666668,4.734
"[4.765, 4.766)",0.000594884,4.735
"[4.766, 4.767)",0.065331,4.736
"[4.767, 4.768)",0.0133412,4.737
"[4.768, 4.769)",0.021713234999999997,4.738
"[4.771, 4.772)",0.024038097433333332,4.739
"[4.772, 4.773)",0.01918832,4.74
"[4.774, 4.775)",0.0058924,4.741
"[4.775, 4.776)",0.00509335,4.742
"[4.776, 4.777)",0.01733432,4.743
"[4.777, 4.7780000000000005)",0.0019560465,4.744
"[4.7780000000000005, 4.779)",0.03361223333333333,4.745
"[4.779, 4.78)",0.1422656,4.746
"[4.78, 4.781)",0.00702811,4.747
"[4.782, 4.783)",0.014147075549999999,4.748
"[4.784, 4.785)",0.24801435,4.749
"[4.785, 4.7860000000000005)",0.05270522749999999,4.75
"[4.7860000000000005, 4.787)",0.010561525,4.751
"[4.787, 4.788)",0.028927969999999997,4.752
"[4.788, 4.789)",0.0510719,4.753
"[4.789, 4.79)",0.0139342,4.7540000000000004
"[4.791, 4.792)",0.00543901,4.755
"[4.792, 4.793)",0.0520325,4.756
"[4.793, 4.7940000000000005)",0.002479507,4.757
"[4.7940000000000005, 4.795)",0.017585481,4.758
"[4.795, 4.796)",0.00232558,4.759
"[4.796, 4.797)",0.005273615,4.76
"[4.797, 4.798)",0.010212872666666666,4.761
"[4.799, 4.8)",0.0150794,4.7620000000000005
"[4.803, 4.804)",0.00170164,4.763
"[4.805, 4.806)",0.06793328,4.764
"[4.806, 4.807)",0.00226757,4.765
"[4.807, 4.808)",0.0350636,4.766
"[4.808, 4.809)",0.016588613333333332,4.767
"[4.809, 4.8100000000000005)",0.0337222,4.768
"[4.8100000000000005, 4.811)",0.01683778,4.769
"[4.811, 4.812)",0.0069853599999999995,4.7700000000000005
"[4.812, 4.813)",0.007650147500000001,4.771
"[4.813, 4.814)",0.0168539,4.772
"[4.815, 4.816)",0.01432258,4.773
"[4.816, 4.817)",0.0047619,4.774
"[4.817, 4.8180000000000005)",0.0607287,4.775
"[4.8180000000000005, 4.819)",0.0424107,4.776
"[4.82, 4.821)",0.04359757,4.777
"[4.821, 4.822)",0.010074046666666668,4.7780000000000005
"[4.824, 4.825)",0.02171035,4.779
"[4.825, 4.8260000000000005)",0.0005202892,4.78
"[4.8260000000000005, 4.827)",0.0048924,4.781
"[4.827, 4.828)",0.09325792499999999,4.782
"[4.828, 4.829)",0.00938086,4.783
"[4.829, 4.83)",0.0189104035,4.784
"[4.833, 4.8340000000000005)",0.0285846,4.785
"[4.8340000000000005, 4.835)",0.00348432,4.7860000000000005
"[4.835, 4.836)",0.0029923799999999998,4.787
"[4.836, 4.837)",0.0180045,4.788
"[4.837, 4.838)",0.00358845,4.789
"[4.839, 4.84)",0.012605505,4.79
"[4.84, 4.841)",0.013352468999999999,4.791
"[4.841, 4.8420000000000005)",0.07105181666666667,4.792
"[4.8420000000000005, 4.843)",0.00931756,4.793
"[4.843, 4.844)",0.00218069,4.7940000000000005
"[4.845, 4.846)",0.0216723,4.795
"[4.846, 4.847)",0.019913,4.796
"[4.847, 4.848)",0.0444627,4.797
"[4.848, 4.849)",0.008866743333333335,4.798
"[4.852, 4.853)",2.71987e-6,4.799
"[4.853, 4.854)",0.017561833333333332,4.8
"[4.855, 4.856)",0.0216937925,4.801
"[4.857, 4.8580000000000005)",0.002625098733333333,4.8020000000000005
"[4.8580000000000005, 4.859)",0.00959092,4.803
"[4.859, 4.86)",0.0115942,4.804
"[4.86, 4.861)",0.0036623100000000002,4.805
"[4.861, 4.862)",0.108437,4.806
"[4.863, 4.864)",0.00917524,4.807
"[4.864, 4.865)",0.0165615,4.808
"[4.865, 4.866)",0.005064450000000001,4.809
"[4.866, 4.867)",0.50273224,4.8100000000000005
"[4.867, 4.868)",0.010440660000000001,4.811
"[4.869, 4.87)",0.013488459999999999,4.812
"[4.87, 4.871)",0.051817,4.813
"[4.872, 4.873)",0.000918274,4.814
"[4.875, 4.876)",0.0174996,4.815
"[4.878, 4.8790000000000004)",0.0170493,4.816
"[4.8790000000000004, 4.88)",0.00731707,4.817
"[4.881, 4.882)",0.0125031,4.8180000000000005
"[4.882, 4.883)",0.00451469,4.819
"[4.885, 4.886)",0.02753267333333333,4.82
"[4.8870000000000005, 4.888)",0.0336656,4.821
"[4.888, 4.889)",0.00627341,4.822
"[4.889, 4.89)",0.0125031,4.823
"[4.89, 4.891)",0.0528553,4.824
"[4.891, 4.892)",0.003234753333333333,4.825
"[4.892, 4.893)",0.0388689,4.8260000000000005
"[4.893, 4.894)",0.0202341,4.827
"[4.8950000000000005, 4.896)",0.0306328025,4.828
"[4.897, 4.898)",0.0320924,4.829
"[4.899, 4.9)",0.01669015,4.83
"[4.9, 4.901)",0.006949995,4.831
"[4.901, 4.902)",0.044238639999999996,4.832
"[4.904, 4.905)",0.00232558,4.833
"[4.905, 4.906)",0.08915875000000001,4.8340000000000005
"[4.906, 4.907)",0.196123,4.835
"[4.91, 4.9110000000000005)",0.0324838,4.836
"[4.9110000000000005, 4.912)",0.023350183333333333,4.837
"[4.913, 4.914)",0.00170164,4.838
"[4.914, 4.915)",0.016952835,4.839
"[4.915, 4.916)",0.0207829,4.84
"[4.916, 4.917)",0.0118128,4.841
"[4.918, 4.9190000000000005)",0.0289707,4.8420000000000005
"[4.9190000000000005, 4.92)",0.109118338,4.843
"[4.921, 4.922)",0.13976,4.844
"[4.923, 4.924)",0.007922354999999999,4.845
"[4.924, 4.925)",0.157895,4.846
"[4.925, 4.926)",1.96616e-5,4.847
"[4.9270000000000005, 4.928)",0.00558036,4.848
"[4.928, 4.929)",0.025129979,4.849
"[4.929, 4.93)",0.00341139,4.8500000000000005
"[4.93, 4.931)",0.011585459999999999,4.851
"[4.931, 4.932)",0.10798065,4.852
"[4.932, 4.933)",0.0150794,4.853
"[4.934, 4.9350000000000005)",0.00110742,4.854
"[4.9350000000000005, 4.936)",0.000116201,4.855
"[4.936, 4.937)",0.008147083333333334,4.856
"[4.937, 4.938)",0.006190865,4.857
"[4.938, 4.939)",0.005999935,4.8580000000000005
"[4.939, 4.94)",0.029419916499999997,4.859
"[4.94, 4.941)",0.018905719999999997,4.86
"[4.941, 4.942)",0.128987925,4.861
"[4.942, 4.9430000000000005)",0.016699883366666664,4.862
"[4.944, 4.945)",0.008586145,4.863
"[4.945, 4.946)",0.0117931605,4.864
"[4.946, 4.947)",0.00954344,4.865
"[4.947, 4.948)",0.013794961666666668,4.866
"[4.948, 4.949)",0.294425,4.867
"[4.949, 4.95)",0.008922656266666667,4.868
"[4.95, 4.9510000000000005)",0.050601095,4.869
"[4.9510000000000005, 4.952)",0.04862785,4.87
"[4.952, 4.953)",0.00946613,4.871
"[4.953, 4.954)",0.0032833800000000002,4.872
"[4.954, 4.955)",0.0100087,4.873
"[4.955, 4.956)",0.013774826666666665,4.874
"[4.956, 4.957)",0.0112192,4.875
"[4.957, 4.958)",0.005527845,4.876
"[4.9590000000000005, 4.96)",0.0032924605,4.877
"[4.96, 4.961)",0.0339309,4.878
"[4.961, 4.962)",0.00516796,4.8790000000000004
"[4.962, 4.963)",0.0412882,4.88
"[4.963, 4.964)",0.0612245,4.881
"[4.964, 4.965)",0.00170164,4.882
"[4.965, 4.966)",0.018620133333333334,4.883
"[4.966, 4.9670000000000005)",6.40164e-5,4.884
"[4.9670000000000005, 4.968)",0.009292015,4.885
"[4.968, 4.969)",0.0037983825,4.886
"[4.97, 4.971)",0.0022359526666666666,4.8870000000000005
"[4.971, 4.972)",9.57088e-5,4.888
"[4.972, 4.973)",0.001148262,4.889
"[4.973, 4.974)",0.0161002,4.89
"[4.974, 4.9750000000000005)",0.014684069999999999,4.891
"[4.976, 4.977)",0.000540833,4.892
"[4.977, 4.978)",0.055175636666666666,4.893
"[4.978, 4.979)",0.0064994449999999995,4.894
"[4.981, 4.982)",0.0234488,4.8950000000000005
"[4.982, 4.9830000000000005)",0.030149529999999997,4.896
"[4.9830000000000005, 4.984)",0.005625,4.897
"[4.984, 4.985)",0.009952880266666667,4.898
"[4.985, 4.986)",0.005045733333333333,4.899
"[4.986, 4.987)",0.000657462,4.9
"[4.988, 4.989)",0.014269352,4.901
"[4.992, 4.993)",0.00683995,4.902
"[4.993, 4.994)",0.0017611715000000001,4.9030000000000005
"[4.994, 4.995)",0.02493075,4.904
"[4.995, 4.996)",0.000540833,4.905
"[4.996, 4.997)",0.002442,4.906
"[4.997, 4.998)",0.000468384,4.907
"[4.999, 5.0)",0.173333,4.908
"[5.001, 5.002)",0.0006126383,4.909
"[5.002, 5.003)",0.00111111,4.91
"[5.0040000000000004, 5.005)",0.01033474,4.9110000000000005
"[5.009, 5.01)",0.00367197,4.912
"[5.01, 5.011)",0.0360111,4.913
"[5.0120000000000005, 5.013)",0.0349336,4.914
"[5.015, 5.016)",0.00900901,4.915
"[5.016, 5.017)",0.0057791150000000005,4.916
"[5.019, 5.0200000000000005)",0.0295858,4.917
"[5.021, 5.022)",0.000228938,4.918
"[5.023, 5.024)",0.00835089,4.9190000000000005
"[5.024, 5.025)",0.03188705,4.92
"[5.025, 5.026)",0.00683995,4.921
"[5.027, 5.0280000000000005)",0.146341,4.922
"[5.029, 5.03)",0.0190344,4.923
"[5.03, 5.031)",0.0465285,4.924
"[5.031, 5.032)",0.00328736,4.925
"[5.032, 5.033)",0.00340384,4.926
"[5.034, 5.035)",0.028612,4.9270000000000005
"[5.035, 5.0360000000000005)",0.00922635,4.928
"[5.039, 5.04)",0.00136612,4.929
"[5.041, 5.042)",0.00702811,4.93
"[5.043, 5.0440000000000005)",0.00406504,4.931
"[5.045, 5.046)",0.038852300000000006,4.932
"[5.047, 5.048)",0.1133,4.933
"[5.048, 5.049)",0.0088596155,4.934
"[5.049, 5.05)",0.0346433,4.9350000000000005
"[5.05, 5.051)",0.00136013,4.936
"[5.051, 5.0520000000000005)",0.0330789,4.937
"[5.0520000000000005, 5.053)",0.0376333,4.938
"[5.054, 5.055)",0.018609223333333334,4.939
"[5.057, 5.058)",0.00583026,4.94
"[5.058, 5.059)",6.4433e-5,4.941
"[5.062, 5.063)",0.0386881,4.942
"[5.064, 5.065)",0.00170164,4.9430000000000005
"[5.065, 5.066)",0.0231514,4.944
"[5.067, 5.0680000000000005)",0.0668315,4.945
"[5.069, 5.07)",0.00918784,4.946
"[5.07, 5.071)",0.0780488,4.947
"[5.072, 5.073)",0.0374076,4.948
"[5.073, 5.074)",0.00111111,4.949
"[5.079, 5.08)",2.93703e-5,4.95
"[5.081, 5.082)",0.0179824,4.9510000000000005
"[5.082, 5.083)",0.0158851,4.952
"[5.0840000000000005, 5.085)",0.0059826133333333335,4.953
"[5.086, 5.087)",0.0021575125,4.954
"[5.087, 5.088)",0.00329329,4.955
"[5.088, 5.089)",0.00838706,4.956
"[5.09, 5.091)",0.0112179,4.957
"[5.091, 5.0920000000000005)",0.21875,4.958
"[5.0920000000000005, 5.093)",0.00136612,4.9590000000000005
"[5.094, 5.095)",2.51959e-5,4.96
"[5.099, 5.1000000000000005)",0.0174572,4.961
"[5.1000000000000005, 5.101)",0.00439975,4.962
"[5.102, 5.103)",0.0444833,4.963
"[5.104, 5.105)",0.00146224,4.964
"[5.106, 5.107)",0.0161002,4.965
"[5.107, 5.1080000000000005)",0.00769231,4.966
"[5.1080000000000005, 5.109)",0.00136612,4.9670000000000005
"[5.11, 5.111)",0.0164261,4.968
"[5.111, 5.112)",2.2169e-5,4.969
"[5.112, 5.113)",0.026835349999999997,4.97
"[5.114, 5.115)",0.01787,4.971
"[5.115, 5.1160000000000005)",0.0162602,4.972
"[5.1160000000000005, 5.117)",0.00929023,4.973
"[5.118, 5.119)",0.00807382,4.974
"[5.119, 5.12)",0.00795201,4.9750000000000005
"[5.121, 5.122)",0.00365854,4.976
"[5.122, 5.123)",0.018017699999999998,4.977
"[5.123, 5.124)",0.00170164,4.978
"[5.125, 5.126)",0.00105226,4.979
"[5.127, 5.128)",0.00150038,4.98
"[5.128, 5.1290000000000004)",0.002482811,4.981
"[5.1290000000000004, 5.13)",0.00170164,4.982
"[5.13, 5.131)",0.00441775,4.9830000000000005
"[5.134, 5.135)",0.009745086666666666,4.984
"[5.135, 5.136)",0.00237954,4.985
"[5.136, 5.1370000000000005)",0.213234,4.986
"[5.138, 5.139)",0.000566893,4.987
"[5.139, 5.14)",0.014024370000000001,4.988
"[5.14, 5.141)",0.008273665,4.989
"[5.142, 5.143)",0.01767847,4.99
"[5.146, 5.147)",0.00303763,4.9910000000000005
"[5.147, 5.148)",0.27439,4.992
"[5.149, 5.15)",0.0037843,4.993
"[5.15, 5.151)",0.129224,4.994
"[5.1530000000000005, 5.154)",0.0328947,4.995
"[5.154, 5.155)",0.144031,4.996
"[5.155, 5.156)",0.000882818,4.997
"[5.159, 5.16)",0.0593407,4.998
"[5.16, 5.1610000000000005)",0.00230263,4.999
"[5.162, 5.163)",0.0163868,5.0
"[5.164, 5.165)",0.0564763,5.001
"[5.165, 5.166)",0.0187526,5.002
"[5.166, 5.167)",0.000235834,5.003
"[5.167, 5.168)",0.0140056,5.0040000000000004
"[5.168, 5.1690000000000005)",0.040831,5.005
"[5.1690000000000005, 5.17)",0.000274842,5.006
"[5.175, 5.176)",0.0027094415,5.007
"[5.1770000000000005, 5.178)",0.000594884,5.008
"[5.179, 5.18)",0.0571429,5.009
"[5.1850000000000005, 5.186)",0.0427765,5.01
"[5.186, 5.187)",0.000174825,5.011
"[5.187, 5.188)",0.00908164,5.0120000000000005
"[5.19, 5.191)",0.0695287,5.013
"[5.191, 5.192)",0.000566893,5.014
"[5.192, 5.1930000000000005)",0.0137586,5.015
"[5.194, 5.195)",0.0941176,5.016
"[5.195, 5.196)",0.062227865,5.017
"[5.196, 5.197)",0.185886,5.018
"[5.197, 5.198)",0.0352361,5.019
"[5.199, 5.2)",0.0231514,5.0200000000000005
"[5.2010000000000005, 5.202)",0.06841115,5.021
"[5.202, 5.203)",0.043649284999999996,5.022
"[5.204, 5.205)",0.00883392,5.023
"[5.206, 5.207)",0.00163938,5.024
"[5.207, 5.208)",0.000566893,5.025
"[5.2090000000000005, 5.21)",0.126482,5.026
"[5.214, 5.215)",0.0243902,5.027
"[5.215, 5.216)",0.0123741,5.0280000000000005
"[5.218, 5.219)",0.00645161,5.029
"[5.219, 5.22)",0.00170164,5.03
"[5.221, 5.222)",0.00883392,5.031
"[5.222, 5.223)",0.010861045,5.032
"[5.228, 5.229)",0.015625,5.033
"[5.23, 5.231)",0.0333333,5.034
"[5.2330000000000005, 5.234)",0.02552877,5.035
"[5.244, 5.245)",0.0163773,5.0360000000000005
"[5.246, 5.247)",0.025216875,5.037
"[5.248, 5.249)",0.0025726014749999997,5.038
"[5.249, 5.25)",0.487805,5.039
"[5.25, 5.251)",0.0211931,5.04
"[5.252, 5.253)",0.0472617,5.041
"[5.2540000000000004, 5.255)",0.012486816500000001,5.042
"[5.255, 5.256)",0.0100796,5.043
"[5.257, 5.258)",0.002442,5.0440000000000005
"[5.26, 5.261)",0.00790709,5.045
"[5.2620000000000005, 5.263)",0.022958573333333333,5.046
"[5.265, 5.266)",0.00702811,5.047
"[5.266, 5.267)",0.0020544,5.048
"[5.268, 5.269)",0.0218442,5.049
"[5.269, 5.2700000000000005)",0.00367197,5.05
"[5.2700000000000005, 5.271)",0.0559433,5.051
"[5.271, 5.272)",0.00170164,5.0520000000000005
"[5.272, 5.273)",0.16,5.053
"[5.273, 5.274)",0.00668896,5.054
"[5.274, 5.275)",0.0137293,5.055
"[5.277, 5.2780000000000005)",0.1398476,5.056
"[5.279, 5.28)",0.000540833,5.057
"[5.282, 5.283)",1.69377e-5,5.058
"[5.2860000000000005, 5.287)",0.0016981851500000001,5.059
"[5.287, 5.288)",0.00170164,5.0600000000000005
"[5.289, 5.29)",0.0692641,5.061
"[5.29, 5.291)",0.000211372,5.062
"[5.2940000000000005, 5.295)",0.0282751,5.063
"[5.295, 5.296)",0.00016728,5.064
"[5.297, 5.298)",0.05176385,5.065
"[5.298, 5.299)",0.00136612,5.066
"[5.3, 5.301)",0.00522069,5.067
"[5.301, 5.3020000000000005)",0.0510217,5.0680000000000005
"[5.3020000000000005, 5.303)",0.014758035150000001,5.069
"[5.303, 5.304)",0.07692299999999999,5.07
"[5.304, 5.305)",0.048359515,5.071
"[5.305, 5.306)",0.0375954,5.072
"[5.308, 5.309)",0.00966901,5.073
"[5.3100000000000005, 5.311)",0.0989524,5.074
"[5.312, 5.313)",0.0067370665,5.075
"[5.316, 5.317)",0.04576971,5.0760000000000005
"[5.317, 5.3180000000000005)",0.02221799795,5.077
"[5.319, 5.32)",0.100423,5.078
"[5.324, 5.325)",0.02074222,5.079
"[5.325, 5.3260000000000005)",0.0222293,5.08
"[5.3260000000000005, 5.327)",0.0108382,5.081
"[5.328, 5.329)",0.00426718,5.082
"[5.33, 5.331)",0.0519416,5.083
"[5.331, 5.332)",0.00897272,5.0840000000000005
"[5.332, 5.333)",0.163268,5.085
"[5.3340000000000005, 5.335)",1.03305e-5,5.086
"[5.335, 5.336)",0.0297535,5.087
"[5.337, 5.338)",0.0419355,5.088
"[5.338, 5.339)",0.00783929,5.089
"[5.34, 5.341)",0.000186637,5.09
"[5.344, 5.345)",0.00686642,5.091
"[5.345, 5.346)",0.00232558,5.0920000000000005
"[5.346, 5.347)",0.00374042,5.093
"[5.347, 5.348)",0.00152139,5.094
"[5.348, 5.349)",0.0742471,5.095
"[5.349, 5.3500000000000005)",0.0142188,5.096
"[5.364, 5.365)",0.0760255,5.097
"[5.365, 5.3660000000000005)",0.000133869,5.098
"[5.3660000000000005, 5.367)",0.092020975,5.099
"[5.369, 5.37)",0.0463957,5.1000000000000005
"[5.37, 5.371)",0.000183606,5.101
"[5.3790000000000004, 5.38)",0.0235834,5.102
"[5.381, 5.382)",0.0003820805,5.103
"[5.382, 5.383)",0.018789274999999998,5.104
"[5.385, 5.386)",0.006474313333333333,5.105
"[5.389, 5.39)",0.000540833,5.106
"[5.39, 5.391)",4.54194e-5,5.107
"[5.394, 5.3950000000000005)",0.122449,5.1080000000000005
"[5.396, 5.397)",0.0109564,5.109
"[5.397, 5.398)",0.000566893,5.11
"[5.399, 5.4)",0.026997999999999998,5.111
"[5.408, 5.409)",0.000540833,5.112
"[5.409, 5.41)",0.016469,5.113
"[5.412, 5.413)",0.002442,5.114
"[5.413, 5.414)",0.00150038,5.115
"[5.416, 5.417)",0.00116144,5.1160000000000005
"[5.417, 5.418)",0.0020544,5.117
"[5.423, 5.424)",0.0611579,5.118
"[5.432, 5.433)",0.0020544,5.119
"[5.434, 5.4350000000000005)",0.054878,5.12
"[5.437, 5.438)",0.044665,5.121
"[5.441, 5.442)",0.0611579,5.122
"[5.446, 5.447)",0.00150038,5.123
"[5.447, 5.448)",0.0375,5.124
"[5.449, 5.45)",0.0020544,5.125
"[5.4510000000000005, 5.452)",0.00225369,5.126
"[5.452, 5.453)",0.0327261,5.127
"[5.453, 5.454)",0.00110742,5.128
"[5.461, 5.462)",0.000540833,5.1290000000000004
"[5.462, 5.463)",0.146341,5.13
"[5.465, 5.466)",0.00812802,5.131
"[5.469, 5.47)",0.00225369,5.132
"[5.473, 5.474)",0.002442,5.133
"[5.477, 5.478)",0.000540833,5.134
"[5.48, 5.481)",0.00516796,5.135
"[5.487, 5.488)",0.0054336,5.136
"[5.489, 5.49)",0.000540833,5.1370000000000005
"[5.531, 5.532)",0.0163773,5.138
"[5.533, 5.534)",0.00467425,5.139
"[5.554, 5.555)",0.0391387,5.14
"[5.573, 5.574)",0.00420663,5.141
"[5.587, 5.588)",0.0030722,5.142
"[5.593, 5.594)",0.536603,5.143
"[5.6000000000000005, 5.601)",0.000196309,5.144
"[5.603, 5.604)",0.878049,5.1450000000000005
